{
  "event": "World Blitz Championship",
  "site": "Riyadh KSA",
  "date": "2017.12.29",
  "eventDate": "2017.12.29",
  "dateMillis": 1514476800000,
  "eventDateMillis": 1514476800000,
  "round": "2.1",
  "result": "1-0",
  "white": "Sanan Sjugirov",
  "black": "Magnus Carlsen",
  "isDingWin": false,
  "isDraw": false,
  "isDingBlack": true,
  "moves": [
    "Rd2",
    "Kf5",
    "Kf7",
    "g4",
    "Rd3",
    "b4",
    "Ra3",
    "c5",
    "bxc5",
    "bxc5",
    "Ra5",
    "Nb3",
    "Ra2",
    "Ned4",
    "Rf2+",
    "Ke4",
    "Rg2",
    "Kf3",
    "Ra2",
    "c6",
    "Ra4",
    "Ke4",
    "Ke7",
    "Kd5",
    "Ra8",
    "Nf5+"
  ],
  "statePieceCount": 11,
  "endPieceCount": 9,
  "boardState": [
    {
      "square": "g8",
      "type": "k",
      "color": "b"
    },
    {
      "square": "b6",
      "type": "p",
      "color": "b"
    },
    {
      "square": "f6",
      "type": "p",
      "color": "b"
    },
    {
      "square": "h5",
      "type": "p",
      "color": "w"
    },
    {
      "square": "c4",
      "type": "p",
      "color": "w"
    },
    {
      "square": "d4",
      "type": "n",
      "color": "w"
    },
    {
      "square": "g4",
      "type": "k",
      "color": "w"
    },
    {
      "square": "b3",
      "type": "p",
      "color": "w"
    },
    {
      "square": "g3",
      "type": "p",
      "color": "w"
    },
    {
      "square": "a2",
      "type": "r",
      "color": "b"
    },
    {
      "square": "e2",
      "type": "n",
      "color": "w"
    }
  ]
}