{
  "event": "World Blitz Championship",
  "site": "Riyadh KSA",
  "date": "2017.12.29",
  "eventDate": "2017.12.29",
  "dateMillis": 1514476800000,
  "eventDateMillis": 1514476800000,
  "round": "8.1",
  "result": "1/2-1/2",
  "white": "Viswanathan Anand",
  "black": "Magnus Carlsen",
  "isCarlsenWin": false,
  "isDraw": true,
  "isCarlsenBlack": true,
  "moves": [
    "Kxh4"
  ],
  "statePieceCount": 11,
  "endPieceCount": 10,
  "boardState": [
    {
      "square": "f7",
      "type": "k",
      "color": "b"
    },
    {
      "square": "g6",
      "type": "p",
      "color": "b"
    },
    {
      "square": "a5",
      "type": "p",
      "color": "b"
    },
    {
      "square": "f5",
      "type": "p",
      "color": "b"
    },
    {
      "square": "g5",
      "type": "k",
      "color": "w"
    },
    {
      "square": "a4",
      "type": "p",
      "color": "w"
    },
    {
      "square": "f4",
      "type": "p",
      "color": "w"
    },
    {
      "square": "h4",
      "type": "p",
      "color": "b"
    },
    {
      "square": "c3",
      "type": "r",
      "color": "w"
    },
    {
      "square": "h3",
      "type": "p",
      "color": "w"
    },
    {
      "square": "g2",
      "type": "r",
      "color": "b"
    }
  ],
  "nextTurn": "w"
}