{
  "event": "Chess.com Speed Chess Championship 2017/18",
  "site": "chess.com INT",
  "date": "2018.01.03",
  "eventDate": "2017.05.03",
  "dateMillis": 1514908800000,
  "eventDateMillis": 1493740800000,
  "round": "4.12",
  "result": "0-1",
  "white": "Magnus Carlsen",
  "black": "Hikaru Nakamura",
  "isDingWin": false,
  "isDraw": false,
  "isDingBlack": false,
  "moves": [
    "Kxf2",
    "Qd3",
    "Qa5+",
    "Kb3"
  ],
  "statePieceCount": 11,
  "endPieceCount": 10,
  "boardState": [
    {
      "square": "g6",
      "type": "p",
      "color": "b"
    },
    {
      "square": "f5",
      "type": "p",
      "color": "b"
    },
    {
      "square": "e4",
      "type": "p",
      "color": "b"
    },
    {
      "square": "b3",
      "type": "q",
      "color": "b"
    },
    {
      "square": "e3",
      "type": "p",
      "color": "w"
    },
    {
      "square": "h3",
      "type": "p",
      "color": "w"
    },
    {
      "square": "a2",
      "type": "k",
      "color": "b"
    },
    {
      "square": "b2",
      "type": "p",
      "color": "b"
    },
    {
      "square": "d2",
      "type": "q",
      "color": "w"
    },
    {
      "square": "f2",
      "type": "p",
      "color": "b"
    },
    {
      "square": "g2",
      "type": "k",
      "color": "w"
    }
  ]
}