{
  "event": "Pro Chess League",
  "site": "chess.com INT",
  "date": "2018.02.04",
  "eventDate": "2018.01.18",
  "dateMillis": 1517673600000,
  "eventDateMillis": 1516204800000,
  "round": "4",
  "result": "0-1",
  "white": "Magnus Carlsen",
  "black": "Luka Lenic",
  "isCarlsenWin": false,
  "isDraw": false,
  "isCarlsenBlack": false,
  "moves": [
    "Rge6+",
    "Kf5",
    "cxd4",
    "Bc4",
    "Re1",
    "Rh8+",
    "Kc7",
    "Rh7+",
    "Kb6",
    "Bd3",
    "Re3",
    "Be4",
    "d3",
    "Ke5",
    "Rxe4+",
    "Kxd6",
    "d2"
  ],
  "statePieceCount": 11,
  "endPieceCount": 8,
  "boardState": [
    {
      "square": "d8",
      "type": "k",
      "color": "b"
    },
    {
      "square": "h7",
      "type": "r",
      "color": "w"
    },
    {
      "square": "d6",
      "type": "r",
      "color": "b"
    },
    {
      "square": "g6",
      "type": "r",
      "color": "b"
    },
    {
      "square": "a5",
      "type": "p",
      "color": "b"
    },
    {
      "square": "b5",
      "type": "b",
      "color": "w"
    },
    {
      "square": "c5",
      "type": "p",
      "color": "b"
    },
    {
      "square": "e5",
      "type": "k",
      "color": "w"
    },
    {
      "square": "a4",
      "type": "p",
      "color": "w"
    },
    {
      "square": "d4",
      "type": "p",
      "color": "w"
    },
    {
      "square": "h4",
      "type": "p",
      "color": "w"
    }
  ],
  "nextTurn": "b"
}