{
  "event": "Pro Chess League",
  "site": "chess.com INT",
  "date": "2018.01.31",
  "eventDate": "2018.01.18",
  "dateMillis": 1517328000000,
  "eventDateMillis": 1516204800000,
  "round": "3",
  "result": "0-1",
  "white": "Roeland Pruijssers",
  "black": "Magnus Carlsen",
  "isDingWin": true,
  "isDraw": false,
  "isDingBlack": true,
  "moves": [
    "Kh4",
    "Ra5",
    "Ra7",
    "Nd4",
    "Nc4",
    "Ra4",
    "Nb6",
    "Nf5+",
    "Kxh5",
    "Rh4+",
    "Kg6",
    "Rh6#"
  ],
  "statePieceCount": 11,
  "endPieceCount": 10,
  "boardState": [
    {
      "square": "g7",
      "type": "r",
      "color": "w"
    },
    {
      "square": "a6",
      "type": "p",
      "color": "b"
    },
    {
      "square": "e6",
      "type": "k",
      "color": "b"
    },
    {
      "square": "f6",
      "type": "p",
      "color": "b"
    },
    {
      "square": "h5",
      "type": "p",
      "color": "b"
    },
    {
      "square": "b3",
      "type": "n",
      "color": "b"
    },
    {
      "square": "e3",
      "type": "n",
      "color": "w"
    },
    {
      "square": "g3",
      "type": "k",
      "color": "w"
    },
    {
      "square": "h3",
      "type": "p",
      "color": "w"
    },
    {
      "square": "a2",
      "type": "r",
      "color": "b"
    },
    {
      "square": "g2",
      "type": "p",
      "color": "w"
    }
  ]
}