{
  "event": "Norway Chess",
  "site": "Stavanger NOR",
  "date": "2018.05.28",
  "eventDate": "2018.05.27",
  "dateMillis": 1527436800000,
  "eventDateMillis": 1527350400000,
  "round": "1",
  "result": "1-0",
  "white": "Magnus Carlsen",
  "black": "Fabiano Caruana",
  "isDingWin": true,
  "isDraw": false,
  "isDingBlack": false,
  "moves": [
    "Kf2",
    "Qc2+",
    "Kg3",
    "g5",
    "Qe5+",
    "Kh7",
    "Kh2",
    "f4",
    "Qd5",
    "Qa4",
    "Qf7+",
    "Kh8",
    "Qg6",
    "Qxb4",
    "Qxh6+",
    "Kg8",
    "Qxg5+",
    "Kh7",
    "Qh5+",
    "Kg7",
    "Qg5+",
    "Kh7",
    "h4",
    "Qd6",
    "Qh5+",
    "Kg7",
    "Qg5+",
    "Kh7",
    "h5",
    "f3+",
    "g3",
    "f2",
    "Qg6+",
    "Kh8",
    "Qxd6",
    "f1=Q",
    "Qh6+",
    "Kg8",
    "Qe6+",
    "Kh8",
    "Qe3",
    "Qb5",
    "Qc3+",
    "Kh7",
    "g4",
    "Qd5",
    "Qc7+",
    "Kg8",
    "Kg3",
    "Qe6",
    "Qd8+",
    "Kh7",
    "Qd3+",
    "Kh8",
    "a6",
    "Qe5+",
    "Kh3",
    "Qa1",
    "Qd8+",
    "Kh7",
    "Qe7+",
    "Kh6",
    "Qe3+",
    "Kh7",
    "a7"
  ],
  "statePieceCount": 11,
  "endPieceCount": 7,
  "boardState": [
    {
      "square": "h8",
      "type": "k",
      "color": "b"
    },
    {
      "square": "g7",
      "type": "p",
      "color": "b"
    },
    {
      "square": "h6",
      "type": "p",
      "color": "b"
    },
    {
      "square": "a5",
      "type": "p",
      "color": "w"
    },
    {
      "square": "f5",
      "type": "p",
      "color": "b"
    },
    {
      "square": "b4",
      "type": "p",
      "color": "w"
    },
    {
      "square": "e3",
      "type": "q",
      "color": "w"
    },
    {
      "square": "h3",
      "type": "p",
      "color": "w"
    },
    {
      "square": "g2",
      "type": "p",
      "color": "w"
    },
    {
      "square": "d1",
      "type": "q",
      "color": "b"
    },
    {
      "square": "f1",
      "type": "k",
      "color": "w"
    }
  ]
}