{
  "event": "Biel",
  "site": "0:14:33-0:08:33",
  "date": "2018.07.23",
  "eventDate": "2018.07.21",
  "dateMillis": 1532275200000,
  "eventDateMillis": 1532102400000,
  "round": "2",
  "result": "0-1",
  "white": "Maxime Vachier-Lagrave",
  "black": "Magnus Carlsen",
  "isDingWin": true,
  "isDraw": false,
  "isDingBlack": true,
  "moves": [
    "Rb8+",
    "Ka6",
    "Rc6+",
    "Ka7",
    "Rg8",
    "Rf7",
    "Rg6",
    "Re1+",
    "Kg2",
    "d3",
    "Rd6",
    "Re2+",
    "Kh3",
    "d2",
    "Rg8",
    "Kb7",
    "Rgd8",
    "d1=Q",
    "Rxd1",
    "Rxb2",
    "Re1",
    "Rf6",
    "Rd6",
    "Rxa2",
    "Kg3",
    "Rb2",
    "Re5",
    "Rb3+",
    "Kg2",
    "a4",
    "Ra5",
    "a3",
    "Rda6",
    "Rff3",
    "Ra7+",
    "Kc6",
    "R7a6+",
    "Kd7",
    "Ra7+",
    "Kd6",
    "R7a6+",
    "Ke7",
    "Re5",
    "Rfc3",
    "Rexe6+",
    "Kd7",
    "Kf2",
    "Rb2+",
    "Re2",
    "Rh3",
    "Kg2",
    "Rxe2+",
    "Kxh3",
    "a2",
    "Kg3",
    "Kc7",
    "Kf3",
    "Kb7",
    "Ra4",
    "Rh2",
    "Ke3",
    "Kb6",
    "Kd3",
    "Kb5",
    "Ra8",
    "Kb4",
    "Kd4"
  ],
  "statePieceCount": 11,
  "endPieceCount": 5,
  "boardState": [
    {
      "square": "g8",
      "type": "r",
      "color": "w"
    },
    {
      "square": "c7",
      "type": "r",
      "color": "w"
    },
    {
      "square": "e6",
      "type": "p",
      "color": "b"
    },
    {
      "square": "f6",
      "type": "r",
      "color": "b"
    },
    {
      "square": "a5",
      "type": "p",
      "color": "b"
    },
    {
      "square": "b5",
      "type": "k",
      "color": "b"
    },
    {
      "square": "e5",
      "type": "r",
      "color": "b"
    },
    {
      "square": "d4",
      "type": "p",
      "color": "b"
    },
    {
      "square": "a2",
      "type": "p",
      "color": "w"
    },
    {
      "square": "b2",
      "type": "p",
      "color": "w"
    },
    {
      "square": "g1",
      "type": "k",
      "color": "w"
    }
  ]
}