{
  "event": "European Club Cup",
  "site": "Porto Carras GRE",
  "date": "2018.10.13",
  "eventDate": "2018.10.12",
  "dateMillis": 1539360000000,
  "eventDateMillis": 1539273600000,
  "round": "2.9",
  "result": "1-0",
  "white": "Magnus Carlsen",
  "black": "Vladimir Potkin",
  "isCarlsenWin": true,
  "isDraw": false,
  "isCarlsenBlack": false,
  "moves": [
    "g5",
    "c6",
    "g4",
    "c7",
    "Rc2",
    "Kd3",
    "Rc1",
    "Kd2",
    "Rc6",
    "a6",
    "gxh3",
    "a7",
    "h2",
    "Rb1"
  ],
  "statePieceCount": 11,
  "endPieceCount": 10,
  "boardState": [
    {
      "square": "b7",
      "type": "r",
      "color": "w"
    },
    {
      "square": "f7",
      "type": "p",
      "color": "b"
    },
    {
      "square": "g7",
      "type": "k",
      "color": "b"
    },
    {
      "square": "g6",
      "type": "p",
      "color": "b"
    },
    {
      "square": "a5",
      "type": "p",
      "color": "w"
    },
    {
      "square": "c5",
      "type": "p",
      "color": "w"
    },
    {
      "square": "e4",
      "type": "k",
      "color": "w"
    },
    {
      "square": "h4",
      "type": "p",
      "color": "b"
    },
    {
      "square": "e3",
      "type": "p",
      "color": "w"
    },
    {
      "square": "h3",
      "type": "p",
      "color": "w"
    },
    {
      "square": "g2",
      "type": "r",
      "color": "b"
    }
  ],
  "nextTurn": "b"
}