{
  "event": "Carlsen - Caruana World Championship Match",
  "site": "London ENG",
  "date": "2018.11.16",
  "eventDate": "2018.11.09",
  "dateMillis": 1542297600000,
  "eventDateMillis": 1541692800000,
  "round": "6",
  "result": "1/2-1/2",
  "white": "Magnus Carlsen",
  "black": "Fabiano Caruana",
  "isDingWin": false,
  "isDraw": true,
  "isDingBlack": false,
  "moves": [
    "Kf3",
    "Na4",
    "Bb5",
    "Nc5",
    "a4",
    "f6",
    "Kg4",
    "Ne4",
    "Kh5",
    "Be1",
    "Bd3",
    "Nd6",
    "a5",
    "Bxa5",
    "gxf6",
    "gxf6",
    "Kg6",
    "Bd8",
    "Kh7",
    "Nf7",
    "Bc4",
    "Ne5",
    "Bd5",
    "Ba5",
    "h5",
    "Bd2",
    "Ba2",
    "Nf3",
    "Bd5",
    "Nd4",
    "Kg6",
    "Bg5",
    "Bc4",
    "Nf3",
    "Kh7",
    "Ne5",
    "Bb3",
    "Ng4",
    "Bc4",
    "Ne3",
    "Bd3",
    "Ng4",
    "Bc4",
    "Nh6",
    "Kg6",
    "Ke7",
    "Bb3",
    "Kd6",
    "Bc2",
    "Ke5",
    "Bd3",
    "Kf4",
    "Bc2",
    "Ng4",
    "Bb3",
    "Ne3",
    "h6",
    "Bxh6"
  ],
  "statePieceCount": 11,
  "endPieceCount": 7,
  "boardState": [
    {
      "square": "f8",
      "type": "k",
      "color": "b"
    },
    {
      "square": "f7",
      "type": "p",
      "color": "b"
    },
    {
      "square": "g7",
      "type": "p",
      "color": "b"
    },
    {
      "square": "f5",
      "type": "p",
      "color": "w"
    },
    {
      "square": "g5",
      "type": "p",
      "color": "w"
    },
    {
      "square": "b4",
      "type": "b",
      "color": "b"
    },
    {
      "square": "c4",
      "type": "b",
      "color": "w"
    },
    {
      "square": "h4",
      "type": "p",
      "color": "w"
    },
    {
      "square": "c3",
      "type": "n",
      "color": "b"
    },
    {
      "square": "a2",
      "type": "p",
      "color": "w"
    },
    {
      "square": "g2",
      "type": "k",
      "color": "w"
    }
  ]
}