{
  "event": "World Rapid Championship",
  "site": "St Petersburg RUS",
  "date": "2018.12.27",
  "eventDate": "2018.12.26",
  "dateMillis": 1545840000000,
  "eventDateMillis": 1545753600000,
  "round": "8.1",
  "result": "1-0",
  "white": "Magnus Carlsen",
  "black": "Nikita Petrov",
  "isDingWin": true,
  "isDraw": false,
  "isDingBlack": false,
  "moves": [
    "Kxc6",
    "Kd8",
    "Kb5",
    "Ke7",
    "Kb4",
    "Kxf6",
    "Kxb3",
    "Kxe5",
    "c4",
    "f6",
    "c3",
    "f7",
    "c2",
    "f8=Q",
    "c1=Q",
    "Qf7+",
    "Kb2",
    "Qf5",
    "Qc7+",
    "Kf6",
    "Qd8+",
    "Kg6",
    "Qg8+",
    "Kh6",
    "Kc3",
    "Qc5+",
    "Kb2",
    "Qb6+",
    "Ka1",
    "Qf6+",
    "Kb1",
    "e5",
    "Qc4",
    "Kxg5"
  ],
  "statePieceCount": 11,
  "endPieceCount": 6,
  "boardState": [
    {
      "square": "c8",
      "type": "k",
      "color": "w"
    },
    {
      "square": "c6",
      "type": "p",
      "color": "w"
    },
    {
      "square": "d6",
      "type": "k",
      "color": "b"
    },
    {
      "square": "f6",
      "type": "p",
      "color": "b"
    },
    {
      "square": "c5",
      "type": "p",
      "color": "b"
    },
    {
      "square": "e5",
      "type": "p",
      "color": "b"
    },
    {
      "square": "f5",
      "type": "p",
      "color": "w"
    },
    {
      "square": "g5",
      "type": "p",
      "color": "b"
    },
    {
      "square": "e4",
      "type": "p",
      "color": "w"
    },
    {
      "square": "g4",
      "type": "p",
      "color": "w"
    },
    {
      "square": "b3",
      "type": "p",
      "color": "w"
    }
  ]
}