{
  "event": "World Blitz Championship",
  "site": "St Petersburg RUS",
  "date": "2018.12.29",
  "dateMillis": 1546012800000,
  "eventDateMillis": null,
  "round": "3",
  "result": "1-0",
  "white": "Magnus Carlsen",
  "black": "Vitaly Teterev",
  "isDingWin": true,
  "isDraw": false,
  "isDingBlack": false,
  "moves": [
    "g7",
    "Nf6",
    "Kxa5",
    "Kd5",
    "Kb6",
    "Ke4",
    "Ng6"
  ],
  "statePieceCount": 11,
  "endPieceCount": 10,
  "boardState": [
    {
      "square": "b7",
      "type": "p",
      "color": "b"
    },
    {
      "square": "e6",
      "type": "k",
      "color": "b"
    },
    {
      "square": "g6",
      "type": "p",
      "color": "w"
    },
    {
      "square": "a5",
      "type": "p",
      "color": "b"
    },
    {
      "square": "b5",
      "type": "k",
      "color": "w"
    },
    {
      "square": "e5",
      "type": "n",
      "color": "w"
    },
    {
      "square": "f5",
      "type": "p",
      "color": "b"
    },
    {
      "square": "a4",
      "type": "p",
      "color": "w"
    },
    {
      "square": "e4",
      "type": "n",
      "color": "b"
    },
    {
      "square": "f4",
      "type": "p",
      "color": "w"
    },
    {
      "square": "b2",
      "type": "p",
      "color": "w"
    }
  ]
}