{
  "event": "World Blitz Championship",
  "site": "St Petersburg RUS",
  "date": "2018.12.29",
  "eventDate": "2018.12.29",
  "dateMillis": 1546012800000,
  "eventDateMillis": 1546012800000,
  "round": "12",
  "result": "1/2-1/2",
  "white": "Vladislav Artemiev",
  "black": "Magnus Carlsen",
  "isDingWin": false,
  "isDraw": true,
  "isDingBlack": true,
  "moves": [
    "axb4",
    "a4",
    "b5",
    "Bb3",
    "b6",
    "a3",
    "Rb1",
    "a2",
    "Ra1",
    "Bxc4",
    "b7",
    "Nc6",
    "Kf2",
    "Kg6",
    "Ke3",
    "Kf5",
    "Kd2",
    "Ke5",
    "Kc3",
    "Kd5",
    "Kb2",
    "Kc5",
    "Rg1",
    "Kb6",
    "Rc1",
    "Kb5",
    "Rg1",
    "Kb6",
    "Rc1"
  ],
  "statePieceCount": 11,
  "endPieceCount": 9,
  "boardState": [
    {
      "square": "h7",
      "type": "k",
      "color": "b"
    },
    {
      "square": "a5",
      "type": "p",
      "color": "b"
    },
    {
      "square": "h5",
      "type": "p",
      "color": "b"
    },
    {
      "square": "b4",
      "type": "p",
      "color": "b"
    },
    {
      "square": "c4",
      "type": "p",
      "color": "w"
    },
    {
      "square": "d4",
      "type": "n",
      "color": "b"
    },
    {
      "square": "h4",
      "type": "p",
      "color": "w"
    },
    {
      "square": "a3",
      "type": "p",
      "color": "w"
    },
    {
      "square": "b2",
      "type": "r",
      "color": "w"
    },
    {
      "square": "d1",
      "type": "b",
      "color": "b"
    },
    {
      "square": "g1",
      "type": "k",
      "color": "w"
    }
  ]
}