{
  "event": "World Blitz Championship",
  "site": "St Petersburg RUS",
  "date": "2018.12.30",
  "eventDate": "2018.12.29",
  "dateMillis": 1546099200000,
  "eventDateMillis": 1546012800000,
  "round": "16.1",
  "result": "0-1",
  "white": "Saveliy Golubov",
  "black": "Magnus Carlsen",
  "isCarlsenWin": true,
  "isDraw": false,
  "isCarlsenBlack": true,
  "moves": [
    "Nc5",
    "Bxf5",
    "a4",
    "Bb1",
    "a3",
    "Ba2",
    "Kc3",
    "f5",
    "Kb2",
    "Bd5",
    "Nb3"
  ],
  "statePieceCount": 11,
  "endPieceCount": 10,
  "boardState": [
    {
      "square": "g7",
      "type": "p",
      "color": "b"
    },
    {
      "square": "e6",
      "type": "b",
      "color": "w"
    },
    {
      "square": "h6",
      "type": "p",
      "color": "b"
    },
    {
      "square": "a5",
      "type": "p",
      "color": "b"
    },
    {
      "square": "f5",
      "type": "p",
      "color": "b"
    },
    {
      "square": "a4",
      "type": "n",
      "color": "b"
    },
    {
      "square": "b4",
      "type": "k",
      "color": "b"
    },
    {
      "square": "f4",
      "type": "p",
      "color": "w"
    },
    {
      "square": "h4",
      "type": "p",
      "color": "w"
    },
    {
      "square": "f3",
      "type": "k",
      "color": "w"
    },
    {
      "square": "f2",
      "type": "p",
      "color": "w"
    }
  ],
  "nextTurn": "b"
}