{
  "event": "Tata Steel Masters",
  "site": "Leiden NED",
  "date": "2019.01.23",
  "dateMillis": 1548172800000,
  "eventDateMillis": null,
  "round": "10",
  "result": "1-0",
  "white": "Magnus Carlsen",
  "black": "Viswanathan Anand",
  "isDingWin": true,
  "isDraw": false,
  "isDingBlack": false,
  "moves": [
    "Re4",
    "Kb2",
    "Re2",
    "Ng4",
    "Nd3+",
    "Kc3",
    "Nb4",
    "Rh2",
    "Rxh2",
    "Nxh2",
    "Kf5",
    "Nf3",
    "Ke4",
    "Ne1",
    "Kd5",
    "Nd3",
    "Nc6",
    "Nf4+",
    "Kd6",
    "Kc4",
    "Na7",
    "Nd5",
    "Kc6",
    "Ne7+",
    "Kd6",
    "Nf5+",
    "Kc6",
    "Kd3",
    "Kc7",
    "Ke4",
    "Nc6",
    "Ne3",
    "Kd6",
    "Nc4+",
    "Kc7",
    "c3",
    "Ne7",
    "Ke5",
    "Ng6+",
    "Kf5",
    "Ne7+",
    "Ke6",
    "Ng6",
    "a5",
    "b5",
    "Ne3",
    "Nf4+",
    "Ke5",
    "Ne2",
    "Nd5+",
    "Kc6",
    "b4",
    "Nxc3",
    "Nxc3",
    "cxb4",
    "Ne2"
  ],
  "statePieceCount": 11,
  "endPieceCount": 6,
  "boardState": [
    {
      "square": "b6",
      "type": "p",
      "color": "b"
    },
    {
      "square": "e6",
      "type": "r",
      "color": "b"
    },
    {
      "square": "g6",
      "type": "k",
      "color": "b"
    },
    {
      "square": "h6",
      "type": "n",
      "color": "w"
    },
    {
      "square": "c5",
      "type": "p",
      "color": "b"
    },
    {
      "square": "a4",
      "type": "p",
      "color": "w"
    },
    {
      "square": "f4",
      "type": "n",
      "color": "b"
    },
    {
      "square": "b3",
      "type": "p",
      "color": "w"
    },
    {
      "square": "c3",
      "type": "k",
      "color": "w"
    },
    {
      "square": "c2",
      "type": "p",
      "color": "w"
    },
    {
      "square": "h1",
      "type": "r",
      "color": "w"
    }
  ]
}