{
  "event": "Grand Chess Tour Cote d�Ivoire (Rapid & Blitz)",
  "site": "Abidjan CIV",
  "date": "2019.05.12",
  "eventDate": "2019.05.11",
  "dateMillis": 1557590400000,
  "eventDateMillis": 1557504000000,
  "round": "14.3",
  "result": "1-0",
  "white": "Magnus Carlsen",
  "black": "Sergey Karjakin",
  "isDingWin": true,
  "isDraw": false,
  "isDingBlack": false,
  "moves": [
    "Be4",
    "Rg7+",
    "Kd6",
    "Kd2",
    "c5",
    "Kc1",
    "Kc6",
    "Kb2",
    "Bd3",
    "Rg4",
    "Be2",
    "Rf4",
    "Bd3",
    "Rh4",
    "Be2",
    "Kc2",
    "Bf3",
    "Rf4",
    "Bh5",
    "Rf6+",
    "Kc7",
    "b4",
    "Bg4",
    "bxc5",
    "bxc5",
    "Kd3",
    "Bd1",
    "Ke4",
    "Bxa4",
    "Kd5",
    "Bb3",
    "Kxc5",
    "a4",
    "Kb4",
    "Kb7",
    "c5",
    "Kc7",
    "Ra6",
    "Kb7",
    "Rxa4"
  ],
  "statePieceCount": 11,
  "endPieceCount": 6,
  "boardState": [
    {
      "square": "a8",
      "type": "b",
      "color": "b"
    },
    {
      "square": "c7",
      "type": "p",
      "color": "b"
    },
    {
      "square": "d7",
      "type": "k",
      "color": "b"
    },
    {
      "square": "b6",
      "type": "p",
      "color": "b"
    },
    {
      "square": "g6",
      "type": "r",
      "color": "w"
    },
    {
      "square": "a5",
      "type": "p",
      "color": "b"
    },
    {
      "square": "a4",
      "type": "p",
      "color": "w"
    },
    {
      "square": "c4",
      "type": "p",
      "color": "w"
    },
    {
      "square": "b3",
      "type": "p",
      "color": "w"
    },
    {
      "square": "c3",
      "type": "p",
      "color": "w"
    },
    {
      "square": "e1",
      "type": "k",
      "color": "w"
    }
  ]
}