{
  "event": "GCT St. Louis Rapid & Blitz",
  "site": "St Louis, MO USA",
  "date": "2019.08.13",
  "eventDate": "2019.08.13",
  "dateMillis": 1565625600000,
  "eventDateMillis": 1565625600000,
  "round": "1.1",
  "result": "1-0",
  "white": "Magnus Carlsen",
  "black": "Maxime Vachier-Lagrave",
  "isCarlsenWin": true,
  "isDraw": false,
  "isCarlsenBlack": false,
  "moves": [
    "Bxd6",
    "Rxd6",
    "Rxc4+",
    "Kd3",
    "Rc1",
    "Rf6",
    "c4+",
    "Kd2",
    "Ra1",
    "d6",
    "Ra3",
    "e4",
    "Rd3+",
    "Kc2",
    "Kh3",
    "e5",
    "g4",
    "Rh6+",
    "Kg2",
    "Rh7",
    "g3",
    "d7",
    "Kf2",
    "e6",
    "g2",
    "Rf7+",
    "Ke2",
    "Rg7",
    "Kf2",
    "Rxg2+",
    "Kxg2",
    "e7",
    "Rxd7",
    "e8=Q",
    "Rd3",
    "Qe4+",
    "Kf2",
    "Qxc4",
    "Rf3",
    "Kd2",
    "Kg3",
    "Qe4",
    "Rf4",
    "Qg6+",
    "Kf2",
    "Qg5",
    "Rf3",
    "Qg4",
    "Ra3",
    "Qd4+",
    "Kf1",
    "Qf6+",
    "Kg2",
    "Ke2",
    "Rg3",
    "Qf5",
    "Kh2",
    "Qh5+",
    "Kg1",
    "Qh4",
    "Kg2",
    "Qe4+",
    "Kg1",
    "Qd5",
    "Rg6",
    "Qd4+",
    "Kh2",
    "Qh4+",
    "Kg1",
    "Kf3",
    "Rg2",
    "Qe1+",
    "Kh2",
    "Qe5+",
    "Kh1",
    "Qh8+",
    "Kg1",
    "Qh4",
    "Rg8",
    "Qd4+",
    "Kh1",
    "Qh4+",
    "Kg1",
    "Qe1+",
    "Kh2",
    "Qd2+",
    "Kh1",
    "Qc1+",
    "Kh2",
    "Qc2+",
    "Kh1",
    "Qh7+"
  ],
  "statePieceCount": 11,
  "endPieceCount": 4,
  "boardState": [
    {
      "square": "d6",
      "type": "r",
      "color": "w"
    },
    {
      "square": "e6",
      "type": "r",
      "color": "w"
    },
    {
      "square": "c5",
      "type": "p",
      "color": "b"
    },
    {
      "square": "d5",
      "type": "p",
      "color": "w"
    },
    {
      "square": "g5",
      "type": "p",
      "color": "b"
    },
    {
      "square": "c4",
      "type": "p",
      "color": "w"
    },
    {
      "square": "e4",
      "type": "k",
      "color": "w"
    },
    {
      "square": "g4",
      "type": "k",
      "color": "b"
    },
    {
      "square": "e3",
      "type": "p",
      "color": "w"
    },
    {
      "square": "g3",
      "type": "b",
      "color": "b"
    },
    {
      "square": "c1",
      "type": "r",
      "color": "b"
    }
  ],
  "nextTurn": "b"
}