{
  "event": "Sinquefield Cup Tiebreaks",
  "site": "St Louis, MO USA",
  "date": "2019.08.29",
  "eventDate": "2019.08.29",
  "dateMillis": 1567008000000,
  "eventDateMillis": 1567008000000,
  "round": "3",
  "result": "1-0",
  "white": "Ding Liren",
  "black": "Magnus Carlsen",
  "isDingWin": false,
  "isDraw": false,
  "isDingBlack": true,
  "moves": [
    "Rd5+",
    "Kf4",
    "Rd1",
    "Rf8+",
    "Ke6",
    "Re8+",
    "Kf7",
    "Rf8+",
    "Ke6",
    "Kg5",
    "Bc2",
    "Re8+",
    "Kf7",
    "Re7+",
    "Kg8",
    "Rb7",
    "Rd5+",
    "Kh4",
    "Bd3",
    "g5",
    "Rd8",
    "g6",
    "Bc4",
    "Kg5",
    "Rd5+",
    "Kf4",
    "Rd8",
    "Bd6",
    "Be2",
    "Be5",
    "Bxh5",
    "Kg5",
    "Be2",
    "Rxg7+",
    "Kf8",
    "Rf7+",
    "Ke8",
    "Kf6",
    "Bc4",
    "Rh7",
    "Rd1",
    "Re7+",
    "Kd8",
    "Ra7",
    "Rf1+",
    "Kg7",
    "Ke8",
    "Bf6",
    "Re1",
    "Kh8",
    "Rh1+",
    "Kg7",
    "Re1",
    "Rb7",
    "Re2",
    "Ra7",
    "Re1",
    "Rc7",
    "Re2",
    "Ra7",
    "Re1",
    "Ra3",
    "Re2",
    "Ra8+",
    "Kd7",
    "Kf8",
    "Rf2",
    "Kg7",
    "Rg2",
    "Rd8+",
    "Ke6",
    "Re8+",
    "Kd7",
    "Re5",
    "Kd6",
    "Re3",
    "Kd7",
    "Re7+",
    "Kd6",
    "Re3",
    "Kd7",
    "Kh6",
    "Rh2+",
    "Kg7",
    "Rg2",
    "Bd4",
    "Rg4",
    "Bc5",
    "Rg2"
  ],
  "statePieceCount": 11,
  "endPieceCount": 9,
  "boardState": [
    {
      "square": "h8",
      "type": "r",
      "color": "w"
    },
    {
      "square": "d7",
      "type": "r",
      "color": "b"
    },
    {
      "square": "f7",
      "type": "k",
      "color": "b"
    },
    {
      "square": "g7",
      "type": "p",
      "color": "b"
    },
    {
      "square": "b5",
      "type": "p",
      "color": "b"
    },
    {
      "square": "c5",
      "type": "b",
      "color": "w"
    },
    {
      "square": "e5",
      "type": "k",
      "color": "w"
    },
    {
      "square": "h5",
      "type": "p",
      "color": "w"
    },
    {
      "square": "b4",
      "type": "p",
      "color": "w"
    },
    {
      "square": "g4",
      "type": "p",
      "color": "w"
    },
    {
      "square": "b3",
      "type": "b",
      "color": "b"
    }
  ]
}