{
  "event": "Sinquefield Cup",
  "site": "St Louis, MO USA",
  "date": "2019.08.20",
  "eventDate": "2019.08.17",
  "dateMillis": 1566230400000,
  "eventDateMillis": 1565971200000,
  "round": "4.2",
  "result": "1/2-1/2",
  "white": "Shakhriyar Mamedyarov",
  "black": "Magnus Carlsen",
  "isDingWin": false,
  "isDraw": true,
  "isDingBlack": true,
  "moves": [
    "Bxd5",
    "Bxe7",
    "Kf3",
    "Kf6",
    "Ke4",
    "Kg5",
    "Kf3",
    "Kh4",
    "Be6",
    "Bg5",
    "Kg2",
    "Bf4",
    "h3",
    "Kg5",
    "Kf3",
    "Kf6",
    "Bg8",
    "Ke5",
    "h4",
    "g5",
    "hxg5",
    "hxg5",
    "Ke2",
    "Kd4",
    "Kd1",
    "Kc3",
    "Bf7",
    "b3",
    "Be6",
    "Be3",
    "Bf7",
    "Bf4",
    "Be6",
    "Be3",
    "Bf7",
    "Bf4",
    "Be6"
  ],
  "statePieceCount": 11,
  "endPieceCount": 7,
  "boardState": [
    {
      "square": "e7",
      "type": "p",
      "color": "w"
    },
    {
      "square": "g7",
      "type": "p",
      "color": "b"
    },
    {
      "square": "c6",
      "type": "b",
      "color": "w"
    },
    {
      "square": "d6",
      "type": "b",
      "color": "b"
    },
    {
      "square": "g6",
      "type": "k",
      "color": "b"
    },
    {
      "square": "h6",
      "type": "p",
      "color": "b"
    },
    {
      "square": "d5",
      "type": "b",
      "color": "b"
    },
    {
      "square": "b4",
      "type": "p",
      "color": "b"
    },
    {
      "square": "g4",
      "type": "p",
      "color": "w"
    },
    {
      "square": "g2",
      "type": "k",
      "color": "w"
    },
    {
      "square": "h2",
      "type": "p",
      "color": "w"
    }
  ]
}