{
  "event": "London Chess Classic GCT Finals",
  "site": "London ENG",
  "date": "2019.12.04",
  "eventDate": "2019.12.02",
  "dateMillis": 1575388800000,
  "eventDateMillis": 1575216000000,
  "round": "1.10",
  "result": "1/2-1/2",
  "white": "Maxime Vachier-Lagrave",
  "black": "Magnus Carlsen",
  "isCarlsenWin": false,
  "isDraw": true,
  "isCarlsenBlack": true,
  "moves": [
    "Rxd3",
    "Re1",
    "Rd6",
    "Rf1",
    "Rd7",
    "Re1",
    "Rd8",
    "g4",
    "Rd7",
    "Kg2",
    "Rd8",
    "Kg1",
    "Rd7",
    "Kg2",
    "Rd8",
    "Kg1"
  ],
  "statePieceCount": 11,
  "endPieceCount": 10,
  "boardState": [
    {
      "square": "f7",
      "type": "p",
      "color": "b"
    },
    {
      "square": "g7",
      "type": "k",
      "color": "b"
    },
    {
      "square": "f6",
      "type": "p",
      "color": "b"
    },
    {
      "square": "d5",
      "type": "r",
      "color": "b"
    },
    {
      "square": "g5",
      "type": "p",
      "color": "b"
    },
    {
      "square": "d3",
      "type": "q",
      "color": "w"
    },
    {
      "square": "h3",
      "type": "p",
      "color": "w"
    },
    {
      "square": "f2",
      "type": "p",
      "color": "w"
    },
    {
      "square": "g2",
      "type": "p",
      "color": "w"
    },
    {
      "square": "f1",
      "type": "r",
      "color": "w"
    },
    {
      "square": "g1",
      "type": "k",
      "color": "w"
    }
  ],
  "nextTurn": "b"
}