{
  "event": "London Chess Classic GCT Finals",
  "site": "London ENG",
  "date": "2019.12.04",
  "eventDate": "2019.12.02",
  "dateMillis": 1575388800000,
  "eventDateMillis": 1575216000000,
  "round": "1.4",
  "result": "1/2-1/2",
  "white": "Magnus Carlsen",
  "black": "Maxime Vachier-Lagrave",
  "isCarlsenWin": false,
  "isDraw": true,
  "isCarlsenBlack": false,
  "moves": [
    "Bf4",
    "Bxf4",
    "Nxf4",
    "Kg7",
    "Nd5",
    "Rb5",
    "Rd1",
    "Be6",
    "Ne3",
    "Rg5+",
    "Kh2",
    "Kf6",
    "Rd6",
    "Ke7",
    "Rb6",
    "Kf7",
    "f4",
    "Rc5",
    "Kg3",
    "g5",
    "fxg5",
    "Rxg5+",
    "Kf4",
    "Ra5",
    "f3",
    "Ra4+",
    "Kg3",
    "Ra3",
    "Nc2",
    "Ra4",
    "Nb4",
    "Ra3",
    "Nc6",
    "Bd5",
    "Ne5+",
    "Ke7",
    "Kg4",
    "Bxf3+",
    "Nxf3",
    "Ra5",
    "Kf4",
    "Ra1",
    "Nd4",
    "Rf1+",
    "Ke5",
    "Re1+",
    "Kd5",
    "Rd1",
    "Re6+",
    "Kf7",
    "Re4",
    "Kf6",
    "Kd6",
    "Rf1",
    "Re6+",
    "Kf7",
    "Rh6",
    "Rf6+",
    "Rxf6+",
    "Kxf6"
  ],
  "statePieceCount": 11,
  "endPieceCount": 3,
  "boardState": [
    {
      "square": "g8",
      "type": "k",
      "color": "b"
    },
    {
      "square": "g6",
      "type": "p",
      "color": "b"
    },
    {
      "square": "d5",
      "type": "n",
      "color": "w"
    },
    {
      "square": "e5",
      "type": "b",
      "color": "b"
    },
    {
      "square": "f5",
      "type": "b",
      "color": "b"
    },
    {
      "square": "b3",
      "type": "r",
      "color": "b"
    },
    {
      "square": "e3",
      "type": "b",
      "color": "w"
    },
    {
      "square": "f3",
      "type": "p",
      "color": "w"
    },
    {
      "square": "f2",
      "type": "p",
      "color": "w"
    },
    {
      "square": "g2",
      "type": "k",
      "color": "w"
    },
    {
      "square": "h1",
      "type": "r",
      "color": "w"
    }
  ],
  "nextTurn": "w"
}