{
  "event": "London Chess Classic GCT Finals",
  "site": "London ENG",
  "date": "2019.12.04",
  "eventDate": "2019.12.02",
  "dateMillis": 1575388800000,
  "eventDateMillis": 1575216000000,
  "round": "1.9",
  "result": "0-1",
  "white": "Magnus Carlsen",
  "black": "Maxime Vachier-Lagrave",
  "isCarlsenWin": false,
  "isDraw": false,
  "isCarlsenBlack": false,
  "moves": [
    "Nc5",
    "Nd4",
    "Re4",
    "a5",
    "Ka2",
    "Rxb4",
    "Nd3",
    "Nb5",
    "Rxb4",
    "axb4",
    "Nxb4",
    "f5",
    "Kb2",
    "Kf6",
    "Kc2",
    "Nd4+",
    "Kd3",
    "Nf3",
    "h3",
    "e5",
    "Ke3",
    "Nh4",
    "Nd5+",
    "Kg5",
    "Ne7",
    "Ng6",
    "Nc8",
    "Nf4",
    "h4+",
    "Kxh4",
    "Ne7",
    "Kg5",
    "Kf3",
    "Ng6",
    "Nd5",
    "e4+",
    "Ke3",
    "Ne5",
    "Kd4",
    "Ng4",
    "Nc7",
    "Nh2",
    "Ke3",
    "Nf1+",
    "Kf2",
    "Nd2",
    "Ke3",
    "Nc4+",
    "Kd4",
    "Nd6",
    "Ne6+",
    "Kg4",
    "Ke3",
    "Kg3",
    "Nd4",
    "f4+",
    "Ke2",
    "Kg2",
    "Ne6",
    "f3+",
    "Ke3",
    "Kg3",
    "Nf4",
    "Nc4+",
    "Kxe4",
    "f2",
    "Ne2+",
    "Kg4",
    "Kd4"
  ],
  "statePieceCount": 11,
  "endPieceCount": 5,
  "boardState": [
    {
      "square": "e7",
      "type": "k",
      "color": "b"
    },
    {
      "square": "a6",
      "type": "p",
      "color": "b"
    },
    {
      "square": "e6",
      "type": "p",
      "color": "b"
    },
    {
      "square": "f6",
      "type": "p",
      "color": "b"
    },
    {
      "square": "f5",
      "type": "n",
      "color": "b"
    },
    {
      "square": "b4",
      "type": "p",
      "color": "w"
    },
    {
      "square": "c4",
      "type": "r",
      "color": "b"
    },
    {
      "square": "a3",
      "type": "k",
      "color": "w"
    },
    {
      "square": "d3",
      "type": "n",
      "color": "w"
    },
    {
      "square": "e2",
      "type": "r",
      "color": "w"
    },
    {
      "square": "h2",
      "type": "p",
      "color": "w"
    }
  ],
  "nextTurn": "w"
}