{
  "event": "London Chess Classic GCT Finals",
  "site": "London ENG",
  "date": "2019.12.04",
  "eventDate": "2019.12.02",
  "dateMillis": 1575388800000,
  "eventDateMillis": 1575216000000,
  "round": "1.6",
  "result": "0-1",
  "white": "Magnus Carlsen",
  "black": "Maxime Vachier-Lagrave",
  "isDingWin": false,
  "isDraw": false,
  "isDingBlack": false,
  "moves": [
    "fxg6",
    "e5",
    "Re2",
    "Rb6",
    "Kc2",
    "Rc6+",
    "Kd1",
    "Rd6+",
    "Kc1",
    "Rc6+",
    "Rc2",
    "Rb6",
    "Rc4+"
  ],
  "statePieceCount": 11,
  "endPieceCount": 10,
  "boardState": [
    {
      "square": "b8",
      "type": "r",
      "color": "w"
    },
    {
      "square": "f7",
      "type": "p",
      "color": "b"
    },
    {
      "square": "g6",
      "type": "p",
      "color": "w"
    },
    {
      "square": "g5",
      "type": "p",
      "color": "w"
    },
    {
      "square": "e4",
      "type": "p",
      "color": "w"
    },
    {
      "square": "f4",
      "type": "k",
      "color": "w"
    },
    {
      "square": "h4",
      "type": "p",
      "color": "b"
    },
    {
      "square": "c3",
      "type": "k",
      "color": "b"
    },
    {
      "square": "h3",
      "type": "p",
      "color": "w"
    },
    {
      "square": "b2",
      "type": "p",
      "color": "b"
    },
    {
      "square": "g2",
      "type": "r",
      "color": "b"
    }
  ]
}