{
  "event": "London Chess Classic GCT Finals",
  "site": "London ENG",
  "date": "2019.12.08",
  "eventDate": "2019.12.02",
  "dateMillis": 1575734400000,
  "eventDateMillis": 1575216000000,
  "round": "2.8",
  "result": "0-1",
  "white": "Magnus Carlsen",
  "black": "Levon Aronian",
  "isDingWin": false,
  "isDraw": false,
  "isDingBlack": false,
  "moves": [
    "d5",
    "Rh1",
    "Kd6",
    "Rh5",
    "Rb2",
    "Rxg5",
    "Bd2",
    "Rg6+",
    "Ke5",
    "Bd3",
    "Kd4",
    "Bf5",
    "Bxb4",
    "Kc6",
    "Ra2",
    "Rg4",
    "Bd2",
    "Rg1",
    "Ra6+",
    "Kb5",
    "Ra3",
    "Bg4",
    "Rc3",
    "Rh1",
    "Ke3",
    "Rh8",
    "d4",
    "Rd8",
    "d3",
    "Bf5",
    "Be1",
    "Re8+",
    "Kf2"
  ],
  "statePieceCount": 11,
  "endPieceCount": 9,
  "boardState": [
    {
      "square": "c7",
      "type": "k",
      "color": "b"
    },
    {
      "square": "d6",
      "type": "p",
      "color": "b"
    },
    {
      "square": "b5",
      "type": "k",
      "color": "w"
    },
    {
      "square": "f5",
      "type": "b",
      "color": "w"
    },
    {
      "square": "g5",
      "type": "p",
      "color": "b"
    },
    {
      "square": "b4",
      "type": "p",
      "color": "w"
    },
    {
      "square": "f4",
      "type": "p",
      "color": "b"
    },
    {
      "square": "e3",
      "type": "b",
      "color": "b"
    },
    {
      "square": "f3",
      "type": "p",
      "color": "w"
    },
    {
      "square": "a2",
      "type": "r",
      "color": "b"
    },
    {
      "square": "f1",
      "type": "r",
      "color": "w"
    }
  ]
}