{
  "event": "World Rapid Championship",
  "site": "Moscow RUS",
  "date": "2019.12.27",
  "eventDate": "2019.12.26",
  "dateMillis": 1577376000000,
  "eventDateMillis": 1577289600000,
  "round": "6.1",
  "result": "1/2-1/2",
  "white": "Magnus Carlsen",
  "black": "Hao Wang",
  "isDingWin": false,
  "isDraw": true,
  "isDingBlack": false,
  "moves": [
    "g4",
    "Ra3",
    "Ke2",
    "Rf3",
    "Rxa4",
    "Rf4",
    "Ke3",
    "Rf3+",
    "Ke2",
    "Rf4"
  ],
  "statePieceCount": 11,
  "endPieceCount": 10,
  "boardState": [
    {
      "square": "g8",
      "type": "k",
      "color": "b"
    },
    {
      "square": "a7",
      "type": "r",
      "color": "w"
    },
    {
      "square": "f6",
      "type": "p",
      "color": "b"
    },
    {
      "square": "g5",
      "type": "p",
      "color": "b"
    },
    {
      "square": "h5",
      "type": "p",
      "color": "w"
    },
    {
      "square": "a4",
      "type": "p",
      "color": "b"
    },
    {
      "square": "e4",
      "type": "p",
      "color": "b"
    },
    {
      "square": "g3",
      "type": "p",
      "color": "w"
    },
    {
      "square": "a2",
      "type": "r",
      "color": "b"
    },
    {
      "square": "f2",
      "type": "p",
      "color": "w"
    },
    {
      "square": "f1",
      "type": "k",
      "color": "w"
    }
  ]
}