{
  "event": "World Blitz Championship",
  "site": "Moscow RUS",
  "date": "2019.12.29",
  "eventDate": "2019.12.29",
  "dateMillis": 1577548800000,
  "eventDateMillis": 1577548800000,
  "round": "9.2",
  "result": "0-1",
  "white": "Baadur Jobava",
  "black": "Magnus Carlsen",
  "isCarlsenWin": true,
  "isDraw": false,
  "isCarlsenBlack": true,
  "moves": [
    "e4",
    "fxe4+",
    "Kxe4",
    "Bg3",
    "f5",
    "h4",
    "Nd5",
    "h3"
  ],
  "statePieceCount": 11,
  "endPieceCount": 9,
  "boardState": [
    {
      "square": "d6",
      "type": "k",
      "color": "b"
    },
    {
      "square": "f6",
      "type": "p",
      "color": "b"
    },
    {
      "square": "f5",
      "type": "p",
      "color": "b"
    },
    {
      "square": "h5",
      "type": "p",
      "color": "b"
    },
    {
      "square": "b4",
      "type": "n",
      "color": "w"
    },
    {
      "square": "d4",
      "type": "p",
      "color": "w"
    },
    {
      "square": "f4",
      "type": "p",
      "color": "w"
    },
    {
      "square": "g4",
      "type": "p",
      "color": "b"
    },
    {
      "square": "h4",
      "type": "b",
      "color": "b"
    },
    {
      "square": "d3",
      "type": "k",
      "color": "w"
    },
    {
      "square": "e3",
      "type": "p",
      "color": "w"
    }
  ],
  "nextTurn": "w"
}