{
  "event": "World Blitz Championship",
  "site": "Moscow RUS",
  "date": "2019.12.30",
  "eventDate": "2019.12.29",
  "dateMillis": 1577635200000,
  "eventDateMillis": 1577548800000,
  "round": "19.1",
  "result": "0-1",
  "white": "Alireza Firouzja",
  "black": "Magnus Carlsen",
  "isCarlsenWin": true,
  "isDraw": false,
  "isCarlsenBlack": true,
  "moves": [
    "axb4",
    "Be7",
    "b5",
    "Bd8",
    "Kg6",
    "Kc5",
    "Kf5",
    "Kxb5",
    "Kxe5",
    "Kc5",
    "Ke6",
    "Ba5",
    "e5",
    "Bd2",
    "e4",
    "Bc3",
    "Kf5",
    "Kb6",
    "e6",
    "Kc7",
    "Kg6",
    "Kd8",
    "Kxg5",
    "Ke7",
    "Kh5",
    "Bd2",
    "g5",
    "Bf4",
    "Kg4",
    "Bd2"
  ],
  "statePieceCount": 11,
  "endPieceCount": 7,
  "boardState": [
    {
      "square": "d8",
      "type": "b",
      "color": "b"
    },
    {
      "square": "d6",
      "type": "k",
      "color": "b"
    },
    {
      "square": "d5",
      "type": "b",
      "color": "w"
    },
    {
      "square": "e5",
      "type": "p",
      "color": "b"
    },
    {
      "square": "f5",
      "type": "k",
      "color": "w"
    },
    {
      "square": "g5",
      "type": "p",
      "color": "b"
    },
    {
      "square": "b4",
      "type": "p",
      "color": "b"
    },
    {
      "square": "e4",
      "type": "p",
      "color": "w"
    },
    {
      "square": "g4",
      "type": "p",
      "color": "w"
    },
    {
      "square": "a3",
      "type": "p",
      "color": "w"
    },
    {
      "square": "e3",
      "type": "p",
      "color": "w"
    }
  ],
  "nextTurn": "w"
}