{
  "event": "Magnus Carlsen Invitational",
  "site": "chess24.com INT",
  "date": "2020.04.24",
  "eventDate": "2020.04.18",
  "dateMillis": 1587657600000,
  "eventDateMillis": 1587139200000,
  "round": "4.4",
  "result": "1/2-1/2",
  "white": "Maxime Vachier-Lagrave",
  "black": "Magnus Carlsen",
  "isDingWin": false,
  "isDraw": true,
  "isDingBlack": true,
  "moves": [
    "Rd6",
    "a5",
    "Ra6",
    "Rh5",
    "a4",
    "Rc5",
    "Ra8",
    "h5",
    "Ra6",
    "Kg6",
    "Kg2",
    "Kf5",
    "Ra7",
    "f6",
    "Kh3",
    "Rd5",
    "Ra8",
    "e5",
    "fxe5",
    "fxe5",
    "Rh8",
    "Kg5",
    "Ra8",
    "e4",
    "Kg2",
    "Kg4",
    "Rg8+",
    "Kf5",
    "Ra8",
    "Ke5",
    "Kf2",
    "Kd4",
    "Ke2",
    "Rg5",
    "Rd8+",
    "Kc3",
    "Re8",
    "Rxg3",
    "Rxe4",
    "Rg4",
    "Re5",
    "Rxa4",
    "Kf3",
    "Ra2",
    "Kg3",
    "a4",
    "Re4",
    "Kd3",
    "Rf4",
    "Ke3",
    "Rf3+",
    "Ke4",
    "Rf4+",
    "Ke5",
    "Rb4",
    "Ra1",
    "Kh2",
    "a3",
    "Rb3",
    "Kd4",
    "Rf3",
    "Kc4",
    "Rf4+",
    "Kd3",
    "Rf3+",
    "Ke4",
    "Rb3",
    "h4",
    "Rc3",
    "Ra2+",
    "Kh1",
    "Ra1+",
    "Kh2",
    "Ra2+",
    "Kh1",
    "Ra1+",
    "Kh2"
  ],
  "statePieceCount": 11,
  "endPieceCount": 6,
  "boardState": [
    {
      "square": "f7",
      "type": "p",
      "color": "b"
    },
    {
      "square": "g7",
      "type": "k",
      "color": "b"
    },
    {
      "square": "h7",
      "type": "p",
      "color": "b"
    },
    {
      "square": "a6",
      "type": "p",
      "color": "b"
    },
    {
      "square": "e6",
      "type": "p",
      "color": "b"
    },
    {
      "square": "f4",
      "type": "p",
      "color": "w"
    },
    {
      "square": "a3",
      "type": "p",
      "color": "w"
    },
    {
      "square": "d3",
      "type": "r",
      "color": "w"
    },
    {
      "square": "f3",
      "type": "k",
      "color": "w"
    },
    {
      "square": "g3",
      "type": "p",
      "color": "w"
    },
    {
      "square": "h2",
      "type": "r",
      "color": "b"
    }
  ]
}