{
  "event": "Magnus Carlsen Invitational",
  "site": "chess24.com INT",
  "date": "2020.04.28",
  "eventDate": "2020.04.18",
  "dateMillis": 1588003200000,
  "eventDateMillis": 1587139200000,
  "round": "6.2",
  "result": "1/2-1/2",
  "white": "Ian Nepomniachtchi",
  "black": "Magnus Carlsen",
  "isCarlsenWin": false,
  "isDraw": true,
  "isCarlsenBlack": true,
  "moves": [
    "Kxf4",
    "Rf8",
    "Kg5",
    "Qe3+",
    "Kg6",
    "Qe6+",
    "Kh7",
    "Qg8+",
    "Kg6",
    "Qe6+",
    "Kh7",
    "Qg8+",
    "Kg6",
    "Qe6+"
  ],
  "statePieceCount": 11,
  "endPieceCount": 10,
  "boardState": [
    {
      "square": "e8",
      "type": "q",
      "color": "w"
    },
    {
      "square": "h8",
      "type": "r",
      "color": "w"
    },
    {
      "square": "d7",
      "type": "r",
      "color": "b"
    },
    {
      "square": "g7",
      "type": "p",
      "color": "b"
    },
    {
      "square": "h6",
      "type": "p",
      "color": "b"
    },
    {
      "square": "f5",
      "type": "p",
      "color": "b"
    },
    {
      "square": "g5",
      "type": "k",
      "color": "b"
    },
    {
      "square": "f4",
      "type": "p",
      "color": "w"
    },
    {
      "square": "f2",
      "type": "p",
      "color": "w"
    },
    {
      "square": "h2",
      "type": "k",
      "color": "w"
    },
    {
      "square": "d1",
      "type": "q",
      "color": "b"
    }
  ],
  "nextTurn": "b"
}