{
  "event": "Magnus Carlsen Invitational",
  "site": "chess24.com INT",
  "date": "2020.04.22",
  "eventDate": "2020.04.18",
  "dateMillis": 1587484800000,
  "eventDateMillis": 1587139200000,
  "round": "3.3",
  "result": "1/2-1/2",
  "white": "Fabiano Caruana",
  "black": "Magnus Carlsen",
  "isCarlsenWin": false,
  "isDraw": true,
  "isCarlsenBlack": true,
  "moves": [
    "Qxf3+",
    "Kh2",
    "Qf4+",
    "Kg2",
    "Qe4+",
    "Kf1",
    "Qf3+",
    "Bf2",
    "Qxh3+",
    "Kg1",
    "Qg4+",
    "Kf1",
    "Qh3+",
    "Kg1",
    "Qg4+",
    "Kf1",
    "Qh3+"
  ],
  "statePieceCount": 11,
  "endPieceCount": 9,
  "boardState": [
    {
      "square": "d8",
      "type": "q",
      "color": "w"
    },
    {
      "square": "f7",
      "type": "p",
      "color": "b"
    },
    {
      "square": "g7",
      "type": "p",
      "color": "b"
    },
    {
      "square": "h7",
      "type": "k",
      "color": "b"
    },
    {
      "square": "h6",
      "type": "p",
      "color": "b"
    },
    {
      "square": "e5",
      "type": "p",
      "color": "w"
    },
    {
      "square": "e4",
      "type": "q",
      "color": "b"
    },
    {
      "square": "f3",
      "type": "p",
      "color": "w"
    },
    {
      "square": "h3",
      "type": "p",
      "color": "w"
    },
    {
      "square": "g1",
      "type": "b",
      "color": "w"
    },
    {
      "square": "h1",
      "type": "k",
      "color": "w"
    }
  ],
  "nextTurn": "b"
}