{
  "event": "Magnus Carlsen Invitational",
  "site": "chess24.com INT",
  "date": "2020.05.03",
  "eventDate": "2020.04.18",
  "dateMillis": 1588435200000,
  "eventDateMillis": 1587139200000,
  "round": "2.3",
  "result": "1-0",
  "white": "Magnus Carlsen",
  "black": "Hikaru Nakamura",
  "isCarlsenWin": true,
  "isDraw": false,
  "isCarlsenBlack": false,
  "moves": [
    "Nxf4",
    "Kxf4",
    "Ba6",
    "Kg5",
    "Bd3",
    "Kg6",
    "Bb5",
    "f4",
    "Be8+",
    "Kg5",
    "Bc6",
    "e5",
    "Bd5",
    "f5",
    "Kh7",
    "e6",
    "Bc4",
    "Kf6",
    "Be2",
    "Ke7"
  ],
  "statePieceCount": 11,
  "endPieceCount": 9,
  "boardState": [
    {
      "square": "c8",
      "type": "b",
      "color": "b"
    },
    {
      "square": "g8",
      "type": "k",
      "color": "b"
    },
    {
      "square": "e6",
      "type": "n",
      "color": "b"
    },
    {
      "square": "h5",
      "type": "p",
      "color": "w"
    },
    {
      "square": "b4",
      "type": "p",
      "color": "b"
    },
    {
      "square": "e4",
      "type": "p",
      "color": "w"
    },
    {
      "square": "f4",
      "type": "r",
      "color": "w"
    },
    {
      "square": "b3",
      "type": "p",
      "color": "b"
    },
    {
      "square": "e3",
      "type": "k",
      "color": "w"
    },
    {
      "square": "f3",
      "type": "p",
      "color": "w"
    },
    {
      "square": "b2",
      "type": "b",
      "color": "w"
    }
  ],
  "nextTurn": "b"
}