{
  "event": "Lindores Abbey Rapid Challenge",
  "site": "chess24.com INT",
  "date": "2020.05.24",
  "eventDate": "2020.05.23",
  "dateMillis": 1590249600000,
  "eventDateMillis": 1590163200000,
  "round": "1.12",
  "result": "0-1",
  "white": "Wesley So",
  "black": "Magnus Carlsen",
  "isDingWin": true,
  "isDraw": false,
  "isDingBlack": true,
  "moves": [
    "Bxa2",
    "Rxa2",
    "Kd6"
  ],
  "statePieceCount": 11,
  "endPieceCount": 9,
  "boardState": [
    {
      "square": "a8",
      "type": "r",
      "color": "w"
    },
    {
      "square": "c7",
      "type": "k",
      "color": "b"
    },
    {
      "square": "f6",
      "type": "k",
      "color": "w"
    },
    {
      "square": "g6",
      "type": "p",
      "color": "b"
    },
    {
      "square": "h5",
      "type": "p",
      "color": "b"
    },
    {
      "square": "c4",
      "type": "b",
      "color": "b"
    },
    {
      "square": "d4",
      "type": "p",
      "color": "w"
    },
    {
      "square": "h4",
      "type": "p",
      "color": "w"
    },
    {
      "square": "f3",
      "type": "p",
      "color": "b"
    },
    {
      "square": "a2",
      "type": "r",
      "color": "w"
    },
    {
      "square": "g1",
      "type": "r",
      "color": "b"
    }
  ]
}