{
  "event": "Clutch International",
  "site": "lichess.org INT",
  "date": "2020.06.06",
  "eventDate": "2020.06.06",
  "dateMillis": 1591372800000,
  "eventDateMillis": 1591372800000,
  "round": "1.5",
  "result": "0-1",
  "white": "Magnus Carlsen",
  "black": "Jeffery Xiong",
  "isDingWin": false,
  "isDraw": false,
  "isDingBlack": false,
  "moves": [
    "b5",
    "g6",
    "b6",
    "Ke8",
    "b7",
    "Kd7",
    "Bb4",
    "Bb8",
    "Kf2",
    "h5",
    "gxh5",
    "gxh5",
    "Be1",
    "h4",
    "Kg2",
    "Kc6",
    "Kh3",
    "Kxb7",
    "Kg4",
    "Bg3"
  ],
  "statePieceCount": 11,
  "endPieceCount": 8,
  "boardState": [
    {
      "square": "f8",
      "type": "k",
      "color": "b"
    },
    {
      "square": "f7",
      "type": "p",
      "color": "b"
    },
    {
      "square": "g7",
      "type": "p",
      "color": "b"
    },
    {
      "square": "h7",
      "type": "p",
      "color": "b"
    },
    {
      "square": "d6",
      "type": "b",
      "color": "b"
    },
    {
      "square": "a5",
      "type": "b",
      "color": "w"
    },
    {
      "square": "b4",
      "type": "p",
      "color": "w"
    },
    {
      "square": "g4",
      "type": "p",
      "color": "w"
    },
    {
      "square": "d3",
      "type": "p",
      "color": "b"
    },
    {
      "square": "f3",
      "type": "p",
      "color": "w"
    },
    {
      "square": "f1",
      "type": "k",
      "color": "w"
    }
  ]
}