{
  "event": "Chessable Masters",
  "site": "chess24.com INT",
  "date": "2020.06.20",
  "eventDate": "2020.06.20",
  "dateMillis": 1592582400000,
  "eventDateMillis": 1592582400000,
  "round": "5.2",
  "result": "1/2-1/2",
  "white": "Vladislav Artemiev",
  "black": "Magnus Carlsen",
  "isDingWin": false,
  "isDraw": true,
  "isDingBlack": true,
  "moves": [
    "Bf5",
    "Kh4",
    "Kd3",
    "Bc5",
    "Ke4",
    "f6",
    "Kf3",
    "b4",
    "Kg2",
    "b3",
    "Kf1",
    "b2",
    "Kg2",
    "Bd6",
    "f3",
    "Kh5",
    "Kf1",
    "Bc5",
    "Be4",
    "Kh6",
    "Ke2",
    "Kg7",
    "Kd2",
    "Kf7",
    "Kc3",
    "Bd4+",
    "Kc4",
    "Ke7",
    "Bf5",
    "Kd6",
    "Be4",
    "Kc7",
    "Kb5",
    "Bf2",
    "Bf5",
    "Kd6",
    "Kc4",
    "e4",
    "Bxe4",
    "Ke5",
    "Kb3",
    "Bd4",
    "Kc2",
    "Kd6",
    "Kb1"
  ],
  "statePieceCount": 11,
  "endPieceCount": 10,
  "boardState": [
    {
      "square": "f7",
      "type": "p",
      "color": "b"
    },
    {
      "square": "d6",
      "type": "b",
      "color": "b"
    },
    {
      "square": "b5",
      "type": "p",
      "color": "b"
    },
    {
      "square": "d5",
      "type": "p",
      "color": "w"
    },
    {
      "square": "e5",
      "type": "p",
      "color": "b"
    },
    {
      "square": "g5",
      "type": "p",
      "color": "b"
    },
    {
      "square": "h5",
      "type": "k",
      "color": "b"
    },
    {
      "square": "h3",
      "type": "p",
      "color": "w"
    },
    {
      "square": "e2",
      "type": "k",
      "color": "w"
    },
    {
      "square": "f2",
      "type": "p",
      "color": "w"
    },
    {
      "square": "b1",
      "type": "b",
      "color": "w"
    }
  ]
}