{
  "event": "Chessable Masters",
  "site": "chess24.com INT",
  "date": "2020.06.20",
  "eventDate": "2020.06.20",
  "dateMillis": 1592582400000,
  "eventDateMillis": 1592582400000,
  "round": "1.3",
  "result": "1/2-1/2",
  "white": "Hikaru Nakamura",
  "black": "Magnus Carlsen",
  "isCarlsenWin": false,
  "isDraw": true,
  "isCarlsenBlack": true,
  "moves": [
    "Qxa3",
    "Qxf7+",
    "Kh6",
    "Qg8",
    "Qb2+",
    "Kh3",
    "Qg7",
    "Qe8",
    "Qd4",
    "Qe7",
    "Qd5",
    "Kh2",
    "Qa2+",
    "Kh3",
    "Qd5",
    "Kh2",
    "Qd4",
    "Kh3",
    "Qa1",
    "Kh2",
    "Qa2+",
    "Kh3",
    "Qc4",
    "Kh2",
    "Qc2+",
    "Kh3",
    "Qf5+",
    "Kh2",
    "Qc8",
    "Qe3+",
    "Kh7",
    "Qa7+"
  ],
  "statePieceCount": 11,
  "endPieceCount": 9,
  "boardState": [
    {
      "square": "f7",
      "type": "p",
      "color": "b"
    },
    {
      "square": "h7",
      "type": "k",
      "color": "b"
    },
    {
      "square": "g6",
      "type": "p",
      "color": "b"
    },
    {
      "square": "c5",
      "type": "q",
      "color": "b"
    },
    {
      "square": "h5",
      "type": "p",
      "color": "b"
    },
    {
      "square": "a4",
      "type": "p",
      "color": "b"
    },
    {
      "square": "h4",
      "type": "p",
      "color": "w"
    },
    {
      "square": "a3",
      "type": "r",
      "color": "w"
    },
    {
      "square": "g3",
      "type": "p",
      "color": "w"
    },
    {
      "square": "f2",
      "type": "q",
      "color": "w"
    },
    {
      "square": "g2",
      "type": "k",
      "color": "w"
    }
  ],
  "nextTurn": "b"
}