{
  "event": "Chessable Masters",
  "site": "chess24.com INT",
  "date": "2020.06.24",
  "eventDate": "2020.06.25",
  "dateMillis": 1592928000000,
  "eventDateMillis": 1593014400000,
  "round": "1.13",
  "result": "1/2-1/2",
  "white": "Magnus Carlsen",
  "black": "Fabiano Caruana",
  "isDingWin": false,
  "isDraw": true,
  "isDingBlack": false,
  "moves": [
    "Rxb7",
    "Rxd5",
    "Kg7",
    "Re5",
    "Rb4",
    "g4",
    "Kf6",
    "Rh5",
    "Rb7",
    "Kg2",
    "Re7",
    "Kf1",
    "Kg6",
    "Ke2",
    "Rf7",
    "Re5",
    "Rf4",
    "Re6+",
    "Kg5",
    "Re5+",
    "Kg6",
    "Re6+",
    "Kg5",
    "Re5+",
    "Kg6"
  ],
  "statePieceCount": 11,
  "endPieceCount": 9,
  "boardState": [
    {
      "square": "h8",
      "type": "k",
      "color": "b"
    },
    {
      "square": "b7",
      "type": "r",
      "color": "w"
    },
    {
      "square": "h7",
      "type": "p",
      "color": "b"
    },
    {
      "square": "b5",
      "type": "r",
      "color": "b"
    },
    {
      "square": "d5",
      "type": "p",
      "color": "b"
    },
    {
      "square": "e4",
      "type": "p",
      "color": "b"
    },
    {
      "square": "h3",
      "type": "p",
      "color": "w"
    },
    {
      "square": "f2",
      "type": "p",
      "color": "w"
    },
    {
      "square": "g2",
      "type": "p",
      "color": "w"
    },
    {
      "square": "d1",
      "type": "r",
      "color": "w"
    },
    {
      "square": "g1",
      "type": "k",
      "color": "w"
    }
  ]
}