{
  "event": "Chessable Masters",
  "site": "chess24.com INT",
  "date": "2020.07.03",
  "eventDate": "2020.06.25",
  "dateMillis": 1593705600000,
  "eventDateMillis": 1593014400000,
  "round": "3.15",
  "result": "1/2-1/2",
  "white": "Anish Giri",
  "black": "Magnus Carlsen",
  "isCarlsenWin": false,
  "isDraw": true,
  "isCarlsenBlack": true,
  "moves": [
    "Rd7",
    "Rb5",
    "Ra7",
    "Rxb4",
    "Rxa2+",
    "Ke3",
    "Ke6",
    "Rb6+",
    "Ke5",
    "Rb5+",
    "Ke6",
    "b4",
    "Ra1",
    "Rb8",
    "Ra3+",
    "Ke4",
    "Rb3",
    "f4",
    "gxf4",
    "Kxf4",
    "Rb1",
    "Rb6+",
    "Kf7",
    "b5",
    "Kg6",
    "Rb8",
    "Rb4+",
    "Kf3",
    "f5",
    "gxf5+",
    "Kxf5",
    "b6",
    "Ke6",
    "Rh8",
    "Kd7",
    "Rh6",
    "Kc8",
    "Ke3",
    "Kb7",
    "Kd3",
    "Rxb6",
    "Rxb6+",
    "Kxb6"
  ],
  "statePieceCount": 11,
  "endPieceCount": 2,
  "boardState": [
    {
      "square": "f7",
      "type": "k",
      "color": "b"
    },
    {
      "square": "f6",
      "type": "p",
      "color": "b"
    },
    {
      "square": "a5",
      "type": "r",
      "color": "w"
    },
    {
      "square": "g5",
      "type": "p",
      "color": "b"
    },
    {
      "square": "b4",
      "type": "p",
      "color": "b"
    },
    {
      "square": "d4",
      "type": "r",
      "color": "b"
    },
    {
      "square": "g4",
      "type": "p",
      "color": "w"
    },
    {
      "square": "b3",
      "type": "p",
      "color": "w"
    },
    {
      "square": "f3",
      "type": "p",
      "color": "w"
    },
    {
      "square": "a2",
      "type": "p",
      "color": "w"
    },
    {
      "square": "e2",
      "type": "k",
      "color": "w"
    }
  ],
  "nextTurn": "b"
}