{
  "event": "Legends of Chess",
  "site": "chess24.com INT",
  "date": "2020.07.25",
  "eventDate": "2020.07.21",
  "dateMillis": 1595606400000,
  "eventDateMillis": 1595260800000,
  "round": "5.2",
  "result": "1/2-1/2",
  "white": "Vassily Ivanchuk",
  "black": "Magnus Carlsen",
  "isCarlsenWin": false,
  "isDraw": true,
  "isCarlsenBlack": true,
  "moves": [
    "Kxf4",
    "Nf5",
    "Ke5",
    "Ne7",
    "Nc4",
    "Nc6+",
    "Ke4",
    "Kc7",
    "Ne3",
    "Kd6",
    "Nc4+",
    "Kc7",
    "d5",
    "exd5+",
    "Kxd5",
    "b6",
    "Ke4",
    "Nb4",
    "Kd4",
    "Nc6+",
    "Kc3",
    "Nb4",
    "Kd4",
    "Nc6+",
    "Kc3",
    "Nb4",
    "Kd4"
  ],
  "statePieceCount": 11,
  "endPieceCount": 8,
  "boardState": [
    {
      "square": "b7",
      "type": "p",
      "color": "b"
    },
    {
      "square": "d7",
      "type": "k",
      "color": "b"
    },
    {
      "square": "e6",
      "type": "p",
      "color": "b"
    },
    {
      "square": "h6",
      "type": "n",
      "color": "b"
    },
    {
      "square": "a5",
      "type": "p",
      "color": "b"
    },
    {
      "square": "a4",
      "type": "p",
      "color": "w"
    },
    {
      "square": "d4",
      "type": "p",
      "color": "w"
    },
    {
      "square": "f4",
      "type": "p",
      "color": "b"
    },
    {
      "square": "a3",
      "type": "n",
      "color": "w"
    },
    {
      "square": "b3",
      "type": "p",
      "color": "w"
    },
    {
      "square": "f3",
      "type": "k",
      "color": "w"
    }
  ],
  "nextTurn": "w"
}