{
  "event": "Legends of Chess",
  "site": "chess24.com INT",
  "date": "2020.07.27",
  "eventDate": "2020.07.21",
  "dateMillis": 1595779200000,
  "eventDateMillis": 1595260800000,
  "round": "7.1",
  "result": "1/2-1/2",
  "white": "Peter Svidler",
  "black": "Magnus Carlsen",
  "isDingWin": false,
  "isDraw": true,
  "isDingBlack": true,
  "moves": [
    "Nxh2",
    "Nc6",
    "h5",
    "Nd4",
    "Nf1",
    "Ne2",
    "g6",
    "e5",
    "Ne3",
    "Nd4",
    "Nf1",
    "Ne2",
    "Ne3",
    "Nd4",
    "Nf1",
    "Ne2"
  ],
  "statePieceCount": 11,
  "endPieceCount": 10,
  "boardState": [
    {
      "square": "b8",
      "type": "n",
      "color": "w"
    },
    {
      "square": "e8",
      "type": "k",
      "color": "b"
    },
    {
      "square": "f7",
      "type": "p",
      "color": "b"
    },
    {
      "square": "g7",
      "type": "p",
      "color": "b"
    },
    {
      "square": "h7",
      "type": "p",
      "color": "b"
    },
    {
      "square": "d6",
      "type": "k",
      "color": "w"
    },
    {
      "square": "e4",
      "type": "p",
      "color": "w"
    },
    {
      "square": "f4",
      "type": "p",
      "color": "w"
    },
    {
      "square": "g3",
      "type": "p",
      "color": "w"
    },
    {
      "square": "h2",
      "type": "p",
      "color": "w"
    },
    {
      "square": "f1",
      "type": "n",
      "color": "b"
    }
  ]
}