{
  "event": "Legends of Chess",
  "site": "chess24.com INT",
  "date": "2020.07.28",
  "eventDate": "2020.07.21",
  "dateMillis": 1595865600000,
  "eventDateMillis": 1595260800000,
  "round": "8.4",
  "result": "0-1",
  "white": "Magnus Carlsen",
  "black": "Ian Nepomniachtchi",
  "isCarlsenWin": false,
  "isDraw": false,
  "isCarlsenBlack": false,
  "moves": [
    "Bxe3",
    "Rc7",
    "Bd4",
    "Bc4",
    "d5",
    "Bb3",
    "Kg7",
    "Rd7",
    "Kf6",
    "Kf3",
    "Be5",
    "Bxd5",
    "Nxd5",
    "Rxd5",
    "Kf5",
    "Rd7",
    "Ke6",
    "Ra7",
    "h5",
    "Ra6+",
    "Kf5",
    "Ra7",
    "f6",
    "Rh7",
    "Bc3",
    "Rh8",
    "Be1",
    "Re8",
    "Bc3",
    "Rh8",
    "Kg5",
    "Rc8",
    "Be5",
    "Rh8",
    "Kh4",
    "Kg2",
    "g5",
    "Ra8",
    "Kg4",
    "Ra4+",
    "Bf4",
    "Ra3",
    "h4",
    "Rb3",
    "f5",
    "Rb4",
    "h3+",
    "Kf2",
    "Kh5",
    "Rb5",
    "Kg6",
    "Rb6+",
    "Kf7",
    "Kf3",
    "Be5"
  ],
  "statePieceCount": 11,
  "endPieceCount": 7,
  "boardState": [
    {
      "square": "g8",
      "type": "k",
      "color": "b"
    },
    {
      "square": "a7",
      "type": "r",
      "color": "w"
    },
    {
      "square": "f7",
      "type": "p",
      "color": "b"
    },
    {
      "square": "h7",
      "type": "p",
      "color": "b"
    },
    {
      "square": "a6",
      "type": "b",
      "color": "w"
    },
    {
      "square": "d6",
      "type": "p",
      "color": "b"
    },
    {
      "square": "g6",
      "type": "p",
      "color": "b"
    },
    {
      "square": "g5",
      "type": "b",
      "color": "b"
    },
    {
      "square": "c3",
      "type": "n",
      "color": "b"
    },
    {
      "square": "e3",
      "type": "p",
      "color": "w"
    },
    {
      "square": "g2",
      "type": "k",
      "color": "w"
    }
  ],
  "nextTurn": "b"
}