{
  "event": "Legends of Chess",
  "site": "chess24.com INT",
  "date": "2020.07.28",
  "eventDate": "2020.07.21",
  "dateMillis": 1595865600000,
  "eventDateMillis": 1595260800000,
  "round": "8.1",
  "result": "1/2-1/2",
  "white": "Ian Nepomniachtchi",
  "black": "Magnus Carlsen",
  "isDingWin": false,
  "isDraw": true,
  "isDingBlack": true,
  "moves": [
    "Kxe5",
    "Nd4",
    "Rg6",
    "Nf3+",
    "Ke6",
    "Nd4+",
    "Ke5",
    "Nf3+",
    "Ke6",
    "Nd4+",
    "Ke5"
  ],
  "statePieceCount": 11,
  "endPieceCount": 10,
  "boardState": [
    {
      "square": "a6",
      "type": "p",
      "color": "b"
    },
    {
      "square": "c6",
      "type": "p",
      "color": "b"
    },
    {
      "square": "e6",
      "type": "k",
      "color": "b"
    },
    {
      "square": "c5",
      "type": "p",
      "color": "w"
    },
    {
      "square": "e5",
      "type": "b",
      "color": "w"
    },
    {
      "square": "f5",
      "type": "n",
      "color": "w"
    },
    {
      "square": "b4",
      "type": "p",
      "color": "w"
    },
    {
      "square": "e4",
      "type": "p",
      "color": "w"
    },
    {
      "square": "b3",
      "type": "p",
      "color": "w"
    },
    {
      "square": "e3",
      "type": "k",
      "color": "w"
    },
    {
      "square": "g2",
      "type": "r",
      "color": "b"
    }
  ]
}