{
  "event": "Magnus Carlsen Chess Tour Finals",
  "site": "chess24.com INT",
  "date": "2020.08.20",
  "eventDate": "2020.08.09",
  "dateMillis": 1597852800000,
  "eventDateMillis": 1596902400000,
  "round": "2.77",
  "result": "1/2-1/2",
  "white": "Hikaru Nakamura",
  "black": "Magnus Carlsen",
  "isDingWin": false,
  "isDraw": true,
  "isDingBlack": true,
  "moves": [
    "Rg7",
    "Qf4",
    "Rg2",
    "Qe5",
    "Rg6",
    "c3",
    "Rg2+",
    "Kc1",
    "Rg4",
    "Qe6",
    "Re4",
    "Qf7",
    "Re1+",
    "Kd2",
    "Re4",
    "b4",
    "axb4",
    "cxb4",
    "b5",
    "cxb5",
    "Bxb5",
    "Qd5+",
    "Bc6",
    "Qc5",
    "Re6",
    "Kc3",
    "Rd6",
    "b5",
    "Bd7",
    "Qe5",
    "Bc8",
    "Kc4",
    "Rb6",
    "Kc5",
    "Kb8",
    "Qe8",
    "Rd6",
    "Qf8",
    "Rb6"
  ],
  "statePieceCount": 11,
  "endPieceCount": 7,
  "boardState": [
    {
      "square": "b7",
      "type": "k",
      "color": "b"
    },
    {
      "square": "c7",
      "type": "p",
      "color": "b"
    },
    {
      "square": "e7",
      "type": "r",
      "color": "b"
    },
    {
      "square": "b6",
      "type": "p",
      "color": "b"
    },
    {
      "square": "c6",
      "type": "b",
      "color": "b"
    },
    {
      "square": "a5",
      "type": "p",
      "color": "b"
    },
    {
      "square": "c4",
      "type": "p",
      "color": "w"
    },
    {
      "square": "b3",
      "type": "p",
      "color": "w"
    },
    {
      "square": "b2",
      "type": "k",
      "color": "w"
    },
    {
      "square": "c2",
      "type": "p",
      "color": "w"
    },
    {
      "square": "f2",
      "type": "q",
      "color": "w"
    }
  ]
}