{
  "event": "Norway Chess",
  "site": "Stavanger NOR",
  "date": "2020.10.12",
  "eventDate": "2020.10.05",
  "dateMillis": 1602432000000,
  "eventDateMillis": 1601827200000,
  "round": "7.1",
  "result": "0-1",
  "white": "Fabiano Caruana",
  "black": "Magnus Carlsen",
  "isCarlsenWin": true,
  "isDraw": false,
  "isCarlsenBlack": true,
  "moves": [
    "Qc5",
    "Qf5",
    "Qxa7",
    "Qe5+",
    "g3",
    "Qxh5+",
    "Kg1",
    "Qf5"
  ],
  "statePieceCount": 11,
  "endPieceCount": 9,
  "boardState": [
    {
      "square": "a7",
      "type": "p",
      "color": "b"
    },
    {
      "square": "g7",
      "type": "p",
      "color": "b"
    },
    {
      "square": "h7",
      "type": "k",
      "color": "b"
    },
    {
      "square": "e6",
      "type": "p",
      "color": "b"
    },
    {
      "square": "f6",
      "type": "q",
      "color": "b"
    },
    {
      "square": "h5",
      "type": "p",
      "color": "w"
    },
    {
      "square": "g4",
      "type": "p",
      "color": "b"
    },
    {
      "square": "f2",
      "type": "p",
      "color": "w"
    },
    {
      "square": "g2",
      "type": "p",
      "color": "w"
    },
    {
      "square": "h2",
      "type": "k",
      "color": "w"
    },
    {
      "square": "c1",
      "type": "q",
      "color": "w"
    }
  ],
  "nextTurn": "w"
}