{
  "event": "St. Louis Rapid & Blitz",
  "site": "lichess.org INT",
  "date": "2020.09.18",
  "eventDate": "2020.09.18",
  "dateMillis": 1600358400000,
  "eventDateMillis": 1600358400000,
  "round": "5.3",
  "result": "1-0",
  "white": "Ian Nepomniachtchi",
  "black": "Magnus Carlsen",
  "isDingWin": false,
  "isDraw": false,
  "isDingBlack": true,
  "moves": [
    "Rxd6",
    "Rxc4",
    "Rh6+",
    "Kg4",
    "Rh4+"
  ],
  "statePieceCount": 11,
  "endPieceCount": 9,
  "boardState": [
    {
      "square": "b6",
      "type": "r",
      "color": "w"
    },
    {
      "square": "d6",
      "type": "p",
      "color": "b"
    },
    {
      "square": "e5",
      "type": "p",
      "color": "b"
    },
    {
      "square": "g5",
      "type": "p",
      "color": "w"
    },
    {
      "square": "h5",
      "type": "k",
      "color": "b"
    },
    {
      "square": "b4",
      "type": "p",
      "color": "w"
    },
    {
      "square": "c4",
      "type": "p",
      "color": "w"
    },
    {
      "square": "f4",
      "type": "r",
      "color": "b"
    },
    {
      "square": "c3",
      "type": "n",
      "color": "b"
    },
    {
      "square": "e3",
      "type": "k",
      "color": "w"
    },
    {
      "square": "f3",
      "type": "n",
      "color": "w"
    }
  ]
}