{
  "event": "St. Louis Rapid & Blitz",
  "site": "lichess.org INT",
  "date": "2020.09.18",
  "eventDate": "2020.09.18",
  "dateMillis": 1600358400000,
  "eventDateMillis": 1600358400000,
  "round": "7.4",
  "result": "0-1",
  "white": "Alireza Firouzja",
  "black": "Magnus Carlsen",
  "isCarlsenWin": true,
  "isDraw": false,
  "isCarlsenBlack": true,
  "moves": [
    "Qxb4",
    "Kg6",
    "a5",
    "Re3",
    "a6",
    "Rexf3+",
    "Kg2",
    "Rf2+",
    "Kg1",
    "Rf1+",
    "Kg2",
    "Bc6+",
    "Kg3",
    "R7f3+",
    "Kh2",
    "R3f2+",
    "Kg3",
    "Rg2+"
  ],
  "statePieceCount": 11,
  "endPieceCount": 9,
  "boardState": [
    {
      "square": "d7",
      "type": "b",
      "color": "b"
    },
    {
      "square": "f7",
      "type": "r",
      "color": "b"
    },
    {
      "square": "d6",
      "type": "p",
      "color": "w"
    },
    {
      "square": "f6",
      "type": "k",
      "color": "b"
    },
    {
      "square": "e5",
      "type": "r",
      "color": "b"
    },
    {
      "square": "g5",
      "type": "p",
      "color": "b"
    },
    {
      "square": "a4",
      "type": "p",
      "color": "w"
    },
    {
      "square": "b4",
      "type": "p",
      "color": "b"
    },
    {
      "square": "d4",
      "type": "q",
      "color": "w"
    },
    {
      "square": "f3",
      "type": "p",
      "color": "w"
    },
    {
      "square": "g3",
      "type": "k",
      "color": "w"
    }
  ],
  "nextTurn": "w"
}