{
  "event": "Norway Chess",
  "site": "Stavanger NOR",
  "date": "2020.10.10",
  "eventDate": "2020.10.05",
  "dateMillis": 1602259200000,
  "eventDateMillis": 1601827200000,
  "round": "5.1",
  "result": "1-0",
  "white": "Jan-Krzysztof Duda",
  "black": "Magnus Carlsen",
  "isCarlsenWin": false,
  "isDraw": false,
  "isCarlsenBlack": true,
  "moves": [
    "Qg3+",
    "Kb2",
    "Qxh3",
    "Rxe4",
    "Qg3",
    "Qd4",
    "Qg2+",
    "Kc3",
    "Qf3+",
    "Kb4",
    "Qf8+",
    "Ka5",
    "Qf5+",
    "Kxa6",
    "g5",
    "a5",
    "h3",
    "Re7+",
    "Kg6",
    "Qg7+",
    "Kh5",
    "Qh7+",
    "Kg4",
    "Re4+"
  ],
  "statePieceCount": 11,
  "endPieceCount": 8,
  "boardState": [
    {
      "square": "g7",
      "type": "p",
      "color": "b"
    },
    {
      "square": "h7",
      "type": "k",
      "color": "b"
    },
    {
      "square": "a6",
      "type": "p",
      "color": "b"
    },
    {
      "square": "a4",
      "type": "p",
      "color": "w"
    },
    {
      "square": "d4",
      "type": "r",
      "color": "w"
    },
    {
      "square": "e4",
      "type": "p",
      "color": "b"
    },
    {
      "square": "h4",
      "type": "p",
      "color": "b"
    },
    {
      "square": "c3",
      "type": "k",
      "color": "w"
    },
    {
      "square": "h3",
      "type": "p",
      "color": "w"
    },
    {
      "square": "d2",
      "type": "q",
      "color": "w"
    },
    {
      "square": "f2",
      "type": "q",
      "color": "b"
    }
  ],
  "nextTurn": "b"
}