{
  "event": "chess.com Speed Chess",
  "site": "chess.com INT",
  "date": "2020.11.02",
  "eventDate": "2020.11.01",
  "dateMillis": 1604246400000,
  "eventDateMillis": 1604160000000,
  "round": "1.28",
  "result": "1/2-1/2",
  "white": "Magnus Carlsen",
  "black": "Parham Maghsoodloo",
  "isCarlsenWin": false,
  "isDraw": true,
  "isCarlsenBlack": false,
  "moves": [
    "Nxb4",
    "Bxb3",
    "Kg3",
    "Kf7",
    "h4",
    "g5",
    "hxg5",
    "fxg5",
    "Nc6",
    "Be6",
    "Nd4",
    "Kf6",
    "Kf3",
    "h6",
    "Nxe6",
    "Kxe6",
    "Ke2",
    "Kd7",
    "Kd3",
    "Kc6",
    "Ke4",
    "Kc5",
    "Kf5",
    "Kd6",
    "Kg6",
    "Ke6",
    "Kxh6",
    "Kf7",
    "Kh5",
    "Kf8",
    "Kxg5",
    "Kg7",
    "Kh5",
    "Kh7",
    "g5",
    "Kg7",
    "g6",
    "Kg8",
    "Kh6",
    "Kh8",
    "g7+",
    "Kg8",
    "Kg6"
  ],
  "statePieceCount": 11,
  "endPieceCount": 3,
  "boardState": [
    {
      "square": "g8",
      "type": "k",
      "color": "b"
    },
    {
      "square": "g7",
      "type": "p",
      "color": "b"
    },
    {
      "square": "h7",
      "type": "p",
      "color": "b"
    },
    {
      "square": "c6",
      "type": "n",
      "color": "w"
    },
    {
      "square": "f6",
      "type": "p",
      "color": "b"
    },
    {
      "square": "b4",
      "type": "p",
      "color": "b"
    },
    {
      "square": "g4",
      "type": "p",
      "color": "w"
    },
    {
      "square": "b3",
      "type": "p",
      "color": "w"
    },
    {
      "square": "h3",
      "type": "p",
      "color": "w"
    },
    {
      "square": "a2",
      "type": "b",
      "color": "b"
    },
    {
      "square": "h2",
      "type": "k",
      "color": "w"
    }
  ],
  "nextTurn": "w"
}