{
  "event": "Skilling Open",
  "site": "chess24.com INT",
  "date": "2020.11.25",
  "eventDate": "2020.11.25",
  "dateMillis": 1606233600000,
  "eventDateMillis": 1606233600000,
  "round": "1.14",
  "result": "0-1",
  "white": "Anish Giri",
  "black": "Magnus Carlsen",
  "isDingWin": true,
  "isDraw": false,
  "isDingBlack": true,
  "moves": [
    "Rb6",
    "c4",
    "Kd4",
    "Rc7",
    "a4",
    "c5",
    "Ra6",
    "Rxb7",
    "Kxc5",
    "Rc7+",
    "Kb6",
    "Rc1",
    "a3",
    "h4",
    "a2",
    "Ra1",
    "Ra4",
    "f4",
    "h5",
    "Kf3",
    "Kc5",
    "Ke3",
    "Kd5",
    "Kf3",
    "Ke6"
  ],
  "statePieceCount": 11,
  "endPieceCount": 9,
  "boardState": [
    {
      "square": "b7",
      "type": "p",
      "color": "b"
    },
    {
      "square": "g7",
      "type": "r",
      "color": "w"
    },
    {
      "square": "g6",
      "type": "p",
      "color": "b"
    },
    {
      "square": "h6",
      "type": "p",
      "color": "b"
    },
    {
      "square": "a5",
      "type": "p",
      "color": "b"
    },
    {
      "square": "c3",
      "type": "p",
      "color": "w"
    },
    {
      "square": "e3",
      "type": "k",
      "color": "b"
    },
    {
      "square": "f3",
      "type": "p",
      "color": "w"
    },
    {
      "square": "g3",
      "type": "k",
      "color": "w"
    },
    {
      "square": "h3",
      "type": "p",
      "color": "w"
    },
    {
      "square": "b2",
      "type": "r",
      "color": "b"
    }
  ]
}