{
  "event": "Skilling Open",
  "site": "chess24.com INT",
  "date": "2020.11.29",
  "eventDate": "2020.11.25",
  "dateMillis": 1606579200000,
  "eventDateMillis": 1606233600000,
  "round": "3.12",
  "result": "1-0",
  "white": "Wesley So",
  "black": "Magnus Carlsen",
  "isDingWin": false,
  "isDraw": false,
  "isDingBlack": true,
  "moves": [
    "Qc6+",
    "Kd8",
    "Qd5+",
    "Ke8",
    "Bg6+",
    "Ke7",
    "Qxc5+",
    "Qd6",
    "Qe3+",
    "Kf8",
    "Qe8+",
    "Kg7",
    "Qf7+",
    "Kh6",
    "Qh7+",
    "Kg5",
    "Qh5+"
  ],
  "statePieceCount": 11,
  "endPieceCount": 10,
  "boardState": [
    {
      "square": "a8",
      "type": "q",
      "color": "w"
    },
    {
      "square": "c7",
      "type": "k",
      "color": "b"
    },
    {
      "square": "f6",
      "type": "b",
      "color": "b"
    },
    {
      "square": "c5",
      "type": "p",
      "color": "b"
    },
    {
      "square": "e4",
      "type": "b",
      "color": "w"
    },
    {
      "square": "f4",
      "type": "q",
      "color": "b"
    },
    {
      "square": "h4",
      "type": "p",
      "color": "b"
    },
    {
      "square": "b3",
      "type": "p",
      "color": "w"
    },
    {
      "square": "c3",
      "type": "p",
      "color": "b"
    },
    {
      "square": "f2",
      "type": "p",
      "color": "w"
    },
    {
      "square": "g2",
      "type": "k",
      "color": "w"
    }
  ]
}