{
  "event": "Skilling Open",
  "site": "chess24.com INT",
  "date": "2020.11.30",
  "eventDate": "2020.11.25",
  "dateMillis": 1606665600000,
  "eventDateMillis": 1606233600000,
  "round": "3.22",
  "result": "0-1",
  "white": "Magnus Carlsen",
  "black": "Wesley So",
  "isDingWin": false,
  "isDraw": false,
  "isDingBlack": false,
  "moves": [
    "Kd4",
    "h4",
    "Nb1",
    "Kd1",
    "Nc3+",
    "Kc2",
    "g5",
    "hxg5",
    "hxg5",
    "g4",
    "Kc4",
    "Bc8",
    "Kxb4",
    "Kd3",
    "e2",
    "Kd2",
    "Ka3",
    "Bf5",
    "b4",
    "Bd3",
    "b3"
  ],
  "statePieceCount": 11,
  "endPieceCount": 8,
  "boardState": [
    {
      "square": "a6",
      "type": "b",
      "color": "w"
    },
    {
      "square": "g6",
      "type": "p",
      "color": "b"
    },
    {
      "square": "h6",
      "type": "p",
      "color": "b"
    },
    {
      "square": "b5",
      "type": "p",
      "color": "b"
    },
    {
      "square": "b4",
      "type": "p",
      "color": "w"
    },
    {
      "square": "a3",
      "type": "n",
      "color": "b"
    },
    {
      "square": "c3",
      "type": "k",
      "color": "b"
    },
    {
      "square": "e3",
      "type": "p",
      "color": "b"
    },
    {
      "square": "g3",
      "type": "p",
      "color": "w"
    },
    {
      "square": "e2",
      "type": "k",
      "color": "w"
    },
    {
      "square": "h2",
      "type": "p",
      "color": "w"
    }
  ]
}