{
  "event": "Skilling Open",
  "site": "chess24.com INT",
  "date": "2020.11.29",
  "eventDate": "2020.11.25",
  "dateMillis": 1606579200000,
  "eventDateMillis": 1606233600000,
  "round": "3.11",
  "result": "1-0",
  "white": "Magnus Carlsen",
  "black": "Wesley So",
  "isCarlsenWin": true,
  "isDraw": false,
  "isCarlsenBlack": false,
  "moves": [
    "axb3",
    "e7",
    "bxa2",
    "e8=Q",
    "a1=Q",
    "Qe7+",
    "Kh6",
    "Rh4+",
    "Rh5",
    "Qf8+",
    "Qg7",
    "Qf4+",
    "g5",
    "Qd6+",
    "Qg6",
    "Qf8+",
    "Qg7",
    "Rxh5+"
  ],
  "statePieceCount": 11,
  "endPieceCount": 8,
  "boardState": [
    {
      "square": "h7",
      "type": "p",
      "color": "b"
    },
    {
      "square": "e6",
      "type": "p",
      "color": "w"
    },
    {
      "square": "g6",
      "type": "p",
      "color": "b"
    },
    {
      "square": "f5",
      "type": "r",
      "color": "b"
    },
    {
      "square": "g5",
      "type": "k",
      "color": "b"
    },
    {
      "square": "a4",
      "type": "p",
      "color": "b"
    },
    {
      "square": "b4",
      "type": "r",
      "color": "w"
    },
    {
      "square": "b3",
      "type": "b",
      "color": "w"
    },
    {
      "square": "a2",
      "type": "p",
      "color": "w"
    },
    {
      "square": "g2",
      "type": "k",
      "color": "w"
    },
    {
      "square": "h2",
      "type": "p",
      "color": "w"
    }
  ],
  "nextTurn": "b"
}