{
  "event": "Airthings Masters",
  "site": "chess24.com INT",
  "date": "2020.12.26",
  "eventDate": "2020.12.26",
  "dateMillis": 1608912000000,
  "eventDateMillis": 1608912000000,
  "round": "1.4",
  "result": "1/2-1/2",
  "white": "Magnus Carlsen",
  "black": "Levon Aronian",
  "isCarlsenWin": false,
  "isDraw": true,
  "isCarlsenBlack": false,
  "moves": [
    "Rf8",
    "Rdd3",
    "Rf4",
    "Kc2",
    "Ke5",
    "Rb5",
    "Rd4",
    "Rxd4",
    "Kxd4",
    "Rb3",
    "Rh2+",
    "Kb1",
    "Rh3",
    "Ka2",
    "Kc4",
    "Rc3+",
    "Kb5",
    "Kb3",
    "d4",
    "Rd3",
    "Kc5",
    "Kc2",
    "Rg3",
    "a4",
    "Rg2+",
    "Rd2",
    "Rg3",
    "Rf2",
    "Kb4",
    "b3",
    "g4",
    "fxg4",
    "d3+",
    "Kd2",
    "Rxg4",
    "Kxd3",
    "Rg3+",
    "Kc2",
    "Rc3+",
    "Kb1",
    "Rxb3+",
    "Rb2",
    "Rxb2+",
    "Kxb2",
    "Kxa4"
  ],
  "statePieceCount": 11,
  "endPieceCount": 2,
  "boardState": [
    {
      "square": "d8",
      "type": "r",
      "color": "b"
    },
    {
      "square": "d6",
      "type": "k",
      "color": "b"
    },
    {
      "square": "d5",
      "type": "p",
      "color": "b"
    },
    {
      "square": "g5",
      "type": "p",
      "color": "b"
    },
    {
      "square": "a3",
      "type": "p",
      "color": "w"
    },
    {
      "square": "b3",
      "type": "r",
      "color": "w"
    },
    {
      "square": "f3",
      "type": "p",
      "color": "w"
    },
    {
      "square": "h3",
      "type": "r",
      "color": "b"
    },
    {
      "square": "b2",
      "type": "p",
      "color": "w"
    },
    {
      "square": "b1",
      "type": "k",
      "color": "w"
    },
    {
      "square": "d1",
      "type": "r",
      "color": "w"
    }
  ],
  "nextTurn": "b"
}