{
  "event": "Airthings Masters",
  "site": "chess24.com INT",
  "date": "2020.12.28",
  "eventDate": "2020.12.26",
  "dateMillis": 1609084800000,
  "eventDateMillis": 1608912000000,
  "round": "9.2",
  "result": "1/2-1/2",
  "white": "Alexander Grischuk",
  "black": "Magnus Carlsen",
  "isCarlsenWin": false,
  "isDraw": true,
  "isCarlsenBlack": true,
  "moves": [
    "Kxd2",
    "Re7",
    "h4",
    "Kxd7",
    "g3",
    "Ke6",
    "Ra4",
    "Kf7",
    "h5",
    "Re5",
    "g4",
    "f5",
    "gxf5",
    "Rxf5",
    "Rh4",
    "Re5",
    "Rh1",
    "Kf6",
    "Kd3",
    "Re7",
    "Rg1",
    "Ra7",
    "Ke3",
    "Ra4",
    "Rf1+",
    "Ke5",
    "Rg1",
    "Ra3+",
    "Kf2",
    "Kf6",
    "Kg2",
    "Ra5",
    "Rh1",
    "Kg5",
    "Kf3",
    "Rf5+",
    "Ke3",
    "Rf4",
    "Rg1+",
    "Rg4",
    "Rh1",
    "Rh4",
    "Rg1+",
    "Kf6",
    "Rf1+",
    "Ke5",
    "Rg1",
    "Rh3+",
    "Ke2",
    "Kf6",
    "Rf1+",
    "Ke7",
    "Rg1",
    "Kf7",
    "Rf1+",
    "Kg8",
    "Rf5",
    "Rg3",
    "Rf1",
    "Rg5",
    "Rh1",
    "Kf7",
    "Ke3",
    "Kf6",
    "Kf4",
    "Ra5",
    "Kf3",
    "Ra4",
    "Ke3",
    "Kg5",
    "Rg1+",
    "Rg4",
    "Rh1",
    "Rg3+",
    "Ke2",
    "Kg4",
    "Kf2",
    "Rf3+",
    "Ke2",
    "Rf7",
    "Ke3",
    "Ra7",
    "Kf2",
    "Re7",
    "Rh2",
    "Rf7+",
    "Ke2",
    "Kg3",
    "Rh1",
    "Re7+",
    "Kd3",
    "Kg2",
    "Rh4",
    "Kf3",
    "Rh3+",
    "Kg2",
    "Rh4",
    "Ra7",
    "Ke2",
    "Ra2+",
    "Ke3",
    "Ra3+",
    "Ke2",
    "Rg3",
    "Kd2",
    "Kf3",
    "Rh1",
    "Rg5",
    "Rh3+",
    "Kg4",
    "Rh1",
    "Rxh5",
    "Rg1+",
    "Kf3",
    "Rxg7",
    "Re5",
    "Rf7+",
    "Kg2",
    "Rg7+",
    "Rg5",
    "Rh7",
    "h5",
    "Ke3",
    "Kg3",
    "Ke2",
    "h4",
    "Kf1",
    "h3",
    "Kg1",
    "Rg4",
    "Kh1",
    "h2",
    "Rxh2",
    "Rh4",
    "Rxh4",
    "Kxh4"
  ],
  "statePieceCount": 11,
  "endPieceCount": 2,
  "boardState": [
    {
      "square": "d8",
      "type": "k",
      "color": "b"
    },
    {
      "square": "d7",
      "type": "p",
      "color": "w"
    },
    {
      "square": "g7",
      "type": "p",
      "color": "b"
    },
    {
      "square": "f6",
      "type": "p",
      "color": "b"
    },
    {
      "square": "h6",
      "type": "p",
      "color": "b"
    },
    {
      "square": "g4",
      "type": "r",
      "color": "w"
    },
    {
      "square": "e3",
      "type": "r",
      "color": "b"
    },
    {
      "square": "d2",
      "type": "r",
      "color": "b"
    },
    {
      "square": "g2",
      "type": "p",
      "color": "w"
    },
    {
      "square": "h2",
      "type": "p",
      "color": "w"
    },
    {
      "square": "d1",
      "type": "k",
      "color": "w"
    }
  ],
  "nextTurn": "w"
}