{
  "event": "Opera Euro Rapid",
  "site": "chess24.com INT",
  "date": "2021.02.12",
  "eventDate": "2021.02.09",
  "dateMillis": 1613059200000,
  "eventDateMillis": 1612800000000,
  "round": "2.21",
  "result": "1/2-1/2",
  "white": "Maxime Vachier-Lagrave",
  "black": "Magnus Carlsen",
  "isCarlsenWin": false,
  "isDraw": true,
  "isCarlsenBlack": true,
  "moves": [
    "Rxb5",
    "Nd5",
    "Rb7",
    "Rc7",
    "Rxc7",
    "Nxc7",
    "Kh2",
    "Kf7",
    "Kg3",
    "Kg6",
    "Bf4",
    "Nd5",
    "Kxg4",
    "Nf6+",
    "Kf3",
    "Kf5",
    "Bg3",
    "e5",
    "Bh4",
    "e4+",
    "Ke2",
    "Ng4",
    "Bd8",
    "Ne5",
    "Bc7",
    "Ng4",
    "Bb6",
    "Ne5",
    "Be3",
    "Ng4",
    "Kf1",
    "Nh2+",
    "Kg1",
    "Ng4",
    "g3",
    "Ne5",
    "Kg2",
    "Ng4",
    "Kh3",
    "Ne5",
    "Kh4",
    "Ng4",
    "Kh3",
    "Ne5",
    "Kh4"
  ],
  "statePieceCount": 11,
  "endPieceCount": 7,
  "boardState": [
    {
      "square": "g8",
      "type": "k",
      "color": "b"
    },
    {
      "square": "b7",
      "type": "r",
      "color": "w"
    },
    {
      "square": "e6",
      "type": "p",
      "color": "b"
    },
    {
      "square": "h6",
      "type": "b",
      "color": "w"
    },
    {
      "square": "b5",
      "type": "p",
      "color": "b"
    },
    {
      "square": "b4",
      "type": "n",
      "color": "b"
    },
    {
      "square": "c4",
      "type": "r",
      "color": "b"
    },
    {
      "square": "g4",
      "type": "p",
      "color": "b"
    },
    {
      "square": "f2",
      "type": "p",
      "color": "w"
    },
    {
      "square": "g2",
      "type": "p",
      "color": "w"
    },
    {
      "square": "g1",
      "type": "k",
      "color": "w"
    }
  ],
  "nextTurn": "w"
}