{
  "event": "Opera Euro Rapid",
  "site": "chess24.com INT",
  "date": "2021.02.12",
  "eventDate": "2021.02.09",
  "dateMillis": 1613059200000,
  "eventDateMillis": 1612800000000,
  "round": "2.22",
  "result": "1/2-1/2",
  "white": "Magnus Carlsen",
  "black": "Maxime Vachier-Lagrave",
  "isCarlsenWin": false,
  "isDraw": true,
  "isCarlsenBlack": false,
  "moves": [
    "Kd7",
    "Nxf7",
    "Ke6",
    "Ng5+",
    "Kf6",
    "Kf3",
    "Kf5",
    "Ne4",
    "Ke6",
    "Ke2",
    "Bd8",
    "Kd3",
    "Kd5",
    "f3",
    "Ba5",
    "Nf6+",
    "Ke6",
    "Ne4",
    "Kd5",
    "Nf6+",
    "Ke6",
    "Ne4",
    "Kd5"
  ],
  "statePieceCount": 11,
  "endPieceCount": 10,
  "boardState": [
    {
      "square": "c8",
      "type": "k",
      "color": "b"
    },
    {
      "square": "f7",
      "type": "p",
      "color": "b"
    },
    {
      "square": "b6",
      "type": "b",
      "color": "b"
    },
    {
      "square": "d6",
      "type": "n",
      "color": "w"
    },
    {
      "square": "g6",
      "type": "p",
      "color": "b"
    },
    {
      "square": "e5",
      "type": "p",
      "color": "b"
    },
    {
      "square": "h5",
      "type": "p",
      "color": "b"
    },
    {
      "square": "h4",
      "type": "p",
      "color": "w"
    },
    {
      "square": "g3",
      "type": "p",
      "color": "w"
    },
    {
      "square": "f2",
      "type": "p",
      "color": "w"
    },
    {
      "square": "g2",
      "type": "k",
      "color": "w"
    }
  ],
  "nextTurn": "b"
}