{
  "event": "Magnus Carlsen Invitational",
  "site": "chess24.com INT",
  "date": "2021.03.15",
  "eventDate": "2021.03.13",
  "dateMillis": 1615737600000,
  "eventDateMillis": 1615564800000,
  "round": "14.6",
  "result": "1/2-1/2",
  "white": "Daniil Dubov",
  "black": "Magnus Carlsen",
  "isDingWin": false,
  "isDraw": true,
  "isDingBlack": true,
  "moves": [
    "e6",
    "fxe6",
    "fxe6",
    "Rh1",
    "Rxa2",
    "Re1",
    "Ra6",
    "Kg6",
    "g4",
    "Kf6",
    "Kg3",
    "Re3+",
    "Kf2",
    "Rxe6",
    "g5+",
    "hxg5",
    "Ra2",
    "Kf5",
    "Kf3",
    "g4+",
    "Kg3",
    "Re3+",
    "Kf2",
    "Rf3+",
    "Kg2",
    "Kg5",
    "Ra8",
    "Rb3",
    "Ra2",
    "Kh4",
    "Rc2",
    "Rb8",
    "Ra2",
    "Rc8",
    "Rb2",
    "Ra8",
    "Rc2",
    "Ra4",
    "Rb2",
    "g3",
    "Rc2",
    "Rf4",
    "Rc7",
    "Rf2+",
    "Kg1",
    "g6",
    "Rc6",
    "g5",
    "Rh6+",
    "Kg4",
    "Rh8",
    "Re2",
    "Ra8",
    "Re4",
    "Kg2",
    "Rf4",
    "Kg1",
    "Rf2",
    "Ra7",
    "Re2",
    "Ra8",
    "g2",
    "Ra3",
    "Kf4",
    "Rb3",
    "Re3",
    "Rxe3",
    "Kxe3",
    "Kxg2",
    "Kf4",
    "Kf2",
    "g4",
    "Kg2",
    "g3",
    "Kg1",
    "Kg4",
    "Kg2",
    "Kh4",
    "Kg1",
    "Kh3",
    "Kh1",
    "g2+",
    "Kg1",
    "Kg3"
  ],
  "statePieceCount": 11,
  "endPieceCount": 3,
  "boardState": [
    {
      "square": "a8",
      "type": "r",
      "color": "w"
    },
    {
      "square": "f7",
      "type": "p",
      "color": "b"
    },
    {
      "square": "g7",
      "type": "p",
      "color": "b"
    },
    {
      "square": "h7",
      "type": "k",
      "color": "b"
    },
    {
      "square": "h6",
      "type": "p",
      "color": "b"
    },
    {
      "square": "e5",
      "type": "p",
      "color": "w"
    },
    {
      "square": "f5",
      "type": "p",
      "color": "w"
    },
    {
      "square": "f3",
      "type": "k",
      "color": "w"
    },
    {
      "square": "g3",
      "type": "p",
      "color": "w"
    },
    {
      "square": "a2",
      "type": "p",
      "color": "b"
    },
    {
      "square": "h2",
      "type": "r",
      "color": "b"
    }
  ]
}