{
  "event": "Magnus Carlsen Invitational",
  "site": "chess24.com INT",
  "date": "2021.03.19",
  "eventDate": "2021.03.13",
  "dateMillis": 1616083200000,
  "eventDateMillis": 1615564800000,
  "round": "2.22",
  "result": "0-1",
  "white": "Magnus Carlsen",
  "black": "Ian Nepomniachtchi",
  "isCarlsenWin": false,
  "isDraw": false,
  "isCarlsenBlack": false,
  "moves": [
    "Rc5",
    "g6+",
    "Kg4",
    "Rfxf3"
  ],
  "statePieceCount": 11,
  "endPieceCount": 10,
  "boardState": [
    {
      "square": "a7",
      "type": "r",
      "color": "w"
    },
    {
      "square": "c7",
      "type": "r",
      "color": "w"
    },
    {
      "square": "g7",
      "type": "p",
      "color": "b"
    },
    {
      "square": "f6",
      "type": "p",
      "color": "b"
    },
    {
      "square": "h6",
      "type": "k",
      "color": "b"
    },
    {
      "square": "a5",
      "type": "p",
      "color": "w"
    },
    {
      "square": "f5",
      "type": "k",
      "color": "w"
    },
    {
      "square": "e3",
      "type": "r",
      "color": "b"
    },
    {
      "square": "f3",
      "type": "b",
      "color": "w"
    },
    {
      "square": "f2",
      "type": "r",
      "color": "b"
    },
    {
      "square": "h2",
      "type": "p",
      "color": "w"
    }
  ],
  "nextTurn": "w"
}