{
  "event": "New In Chess Classic",
  "site": "chess24.com INT",
  "date": "2021.04.24",
  "eventDate": "2021.04.24",
  "dateMillis": 1619193600000,
  "eventDateMillis": 1619193600000,
  "round": "5.3",
  "result": "1/2-1/2",
  "white": "Magnus Carlsen",
  "black": "Teimour Radjabov",
  "isDingWin": false,
  "isDraw": true,
  "isDingBlack": false,
  "moves": [
    "Rxb7"
  ],
  "statePieceCount": 11,
  "endPieceCount": 10,
  "boardState": [
    {
      "square": "b7",
      "type": "n",
      "color": "w"
    },
    {
      "square": "c7",
      "type": "r",
      "color": "b"
    },
    {
      "square": "f7",
      "type": "p",
      "color": "b"
    },
    {
      "square": "g7",
      "type": "p",
      "color": "b"
    },
    {
      "square": "h7",
      "type": "k",
      "color": "b"
    },
    {
      "square": "g6",
      "type": "p",
      "color": "b"
    },
    {
      "square": "d4",
      "type": "r",
      "color": "w"
    },
    {
      "square": "g4",
      "type": "p",
      "color": "w"
    },
    {
      "square": "h3",
      "type": "p",
      "color": "w"
    },
    {
      "square": "f2",
      "type": "p",
      "color": "w"
    },
    {
      "square": "g2",
      "type": "k",
      "color": "w"
    }
  ]
}