{
  "event": "Goldmoney Asian Rapid",
  "site": "chess24.com INT",
  "date": "2021.06.27",
  "eventDate": "2021.06.26",
  "dateMillis": 1624723200000,
  "eventDateMillis": 1624636800000,
  "round": "6.1",
  "result": "1-0",
  "white": "Levon Aronian",
  "black": "Magnus Carlsen",
  "isCarlsenWin": false,
  "isDraw": false,
  "isCarlsenBlack": true,
  "moves": [
    "Ke6",
    "Kf3",
    "Bd6",
    "Rb7",
    "Ke5",
    "Bh2+",
    "Kd4",
    "Bxd6",
    "exd6",
    "Kf4",
    "Rf8+",
    "Kg5",
    "Ra8",
    "Re7"
  ],
  "statePieceCount": 11,
  "endPieceCount": 9,
  "boardState": [
    {
      "square": "a8",
      "type": "r",
      "color": "b"
    },
    {
      "square": "a7",
      "type": "p",
      "color": "w"
    },
    {
      "square": "e7",
      "type": "p",
      "color": "b"
    },
    {
      "square": "f7",
      "type": "k",
      "color": "b"
    },
    {
      "square": "g6",
      "type": "p",
      "color": "b"
    },
    {
      "square": "e4",
      "type": "p",
      "color": "w"
    },
    {
      "square": "f4",
      "type": "b",
      "color": "b"
    },
    {
      "square": "g4",
      "type": "p",
      "color": "w"
    },
    {
      "square": "b2",
      "type": "r",
      "color": "w"
    },
    {
      "square": "g2",
      "type": "k",
      "color": "w"
    },
    {
      "square": "g1",
      "type": "b",
      "color": "w"
    }
  ],
  "nextTurn": "b"
}