{
  "event": "Goldmoney Asian Rapid",
  "site": "chess24.com INT",
  "date": "2021.07.03",
  "eventDate": "2021.06.26",
  "dateMillis": 1625241600000,
  "eventDateMillis": 1624636800000,
  "round": "3.12",
  "result": "1/2-1/2",
  "white": "Liren Ding",
  "black": "Magnus Carlsen",
  "isCarlsenWin": false,
  "isDraw": true,
  "isCarlsenBlack": true,
  "moves": [
    "hxg5",
    "g4",
    "Kf8",
    "b4",
    "Ke7",
    "b5",
    "Bc7",
    "Nf2",
    "Ba5",
    "Nh3",
    "Bd2",
    "b6",
    "Kd6",
    "b7",
    "Kc7",
    "Ke2",
    "Bc1",
    "Bf3",
    "Nd7",
    "Kd3",
    "Ne5+",
    "Ke4",
    "Nxf3",
    "Kxf3",
    "Kxb7",
    "Ke4",
    "Kc6",
    "Ke5",
    "Bb2+",
    "Kf5",
    "f6",
    "Nxg5",
    "fxg5",
    "Kxg5",
    "Bc1+",
    "Kf5",
    "Kd5",
    "g5",
    "Bxg5"
  ],
  "statePieceCount": 11,
  "endPieceCount": 3,
  "boardState": [
    {
      "square": "g8",
      "type": "k",
      "color": "b"
    },
    {
      "square": "f7",
      "type": "p",
      "color": "b"
    },
    {
      "square": "c6",
      "type": "b",
      "color": "w"
    },
    {
      "square": "d6",
      "type": "b",
      "color": "b"
    },
    {
      "square": "f6",
      "type": "n",
      "color": "b"
    },
    {
      "square": "h6",
      "type": "p",
      "color": "b"
    },
    {
      "square": "g5",
      "type": "p",
      "color": "w"
    },
    {
      "square": "b3",
      "type": "p",
      "color": "w"
    },
    {
      "square": "d3",
      "type": "n",
      "color": "w"
    },
    {
      "square": "f3",
      "type": "k",
      "color": "w"
    },
    {
      "square": "g3",
      "type": "p",
      "color": "w"
    }
  ],
  "nextTurn": "b"
}