{
  "event": "Goldmoney Asian Rapid",
  "site": "chess24.com INT",
  "date": "2021.06.29",
  "eventDate": "2021.06.26",
  "dateMillis": 1624896000000,
  "eventDateMillis": 1624636800000,
  "round": "1.14",
  "result": "1/2-1/2",
  "white": "Wesley So",
  "black": "Magnus Carlsen",
  "isDingWin": false,
  "isDraw": true,
  "isDingBlack": true,
  "moves": [
    "Bxf4",
    "Be7",
    "Bg3",
    "Kg6",
    "Bf2",
    "Bd6",
    "Be1",
    "Be7",
    "Bf2",
    "Bd6",
    "Bh4",
    "Bf8",
    "Bg3",
    "Be7",
    "Bh2",
    "Bf8",
    "Bg1",
    "Bd6",
    "Bf2",
    "Be7",
    "Nc1",
    "Nd2+",
    "Ke2",
    "Ne4",
    "Nd3",
    "Nxf2",
    "Kxf2",
    "Bf6",
    "Ke3",
    "Kg5",
    "Nb4",
    "Bxd4+",
    "Kxd4",
    "c5+",
    "Kxc5",
    "d4",
    "Nd3",
    "Kxg4",
    "Nf4",
    "Kxf4",
    "Kxd4"
  ],
  "statePieceCount": 11,
  "endPieceCount": 2,
  "boardState": [
    {
      "square": "c6",
      "type": "p",
      "color": "b"
    },
    {
      "square": "d6",
      "type": "b",
      "color": "b"
    },
    {
      "square": "f6",
      "type": "k",
      "color": "b"
    },
    {
      "square": "d5",
      "type": "p",
      "color": "b"
    },
    {
      "square": "c4",
      "type": "n",
      "color": "b"
    },
    {
      "square": "d4",
      "type": "p",
      "color": "w"
    },
    {
      "square": "f4",
      "type": "p",
      "color": "b"
    },
    {
      "square": "g4",
      "type": "p",
      "color": "w"
    },
    {
      "square": "b3",
      "type": "n",
      "color": "w"
    },
    {
      "square": "f3",
      "type": "k",
      "color": "w"
    },
    {
      "square": "c1",
      "type": "b",
      "color": "w"
    }
  ]
}