{
  "event": "Goldmoney Asian Rapid",
  "site": "chess24.com INT",
  "date": "2021.06.30",
  "eventDate": "2021.06.26",
  "dateMillis": 1624982400000,
  "eventDateMillis": 1624636800000,
  "round": "1.32",
  "result": "1/2-1/2",
  "white": "Wesley So",
  "black": "Magnus Carlsen",
  "isDingWin": false,
  "isDraw": true,
  "isDingBlack": true,
  "moves": [
    "Re3",
    "Rg7",
    "Ne6",
    "Rg6",
    "Kd7",
    "Nf6+",
    "Ke7",
    "Nh5",
    "Re5",
    "Rh6",
    "Rxc5+",
    "Kb2",
    "Re5",
    "Ng3",
    "Nd4",
    "Rh7+",
    "Kd6",
    "Rh6+",
    "Kd5",
    "Rh5",
    "Rxh5",
    "gxh5",
    "Ke5",
    "Kc3",
    "Nf5",
    "Ne2",
    "c5",
    "Nc1",
    "Kf6",
    "Nd3",
    "Kg5",
    "Nxc5",
    "Kxh5",
    "Nxa6",
    "b4+",
    "Nxb4",
    "Nd4",
    "Nc6",
    "Nxc6"
  ],
  "statePieceCount": 11,
  "endPieceCount": 3,
  "boardState": [
    {
      "square": "c8",
      "type": "k",
      "color": "b"
    },
    {
      "square": "d8",
      "type": "n",
      "color": "b"
    },
    {
      "square": "g8",
      "type": "n",
      "color": "w"
    },
    {
      "square": "a6",
      "type": "p",
      "color": "b"
    },
    {
      "square": "c6",
      "type": "p",
      "color": "b"
    },
    {
      "square": "g6",
      "type": "r",
      "color": "w"
    },
    {
      "square": "b5",
      "type": "p",
      "color": "b"
    },
    {
      "square": "c5",
      "type": "p",
      "color": "w"
    },
    {
      "square": "g4",
      "type": "p",
      "color": "w"
    },
    {
      "square": "a3",
      "type": "r",
      "color": "b"
    },
    {
      "square": "c2",
      "type": "k",
      "color": "w"
    }
  ]
}