{
  "event": "FIDE World Cup",
  "site": "Krasnaya Polyana (Sochi) RUS",
  "date": "2021.08.03",
  "eventDate": "2021.07.12",
  "dateMillis": 1627920000000,
  "eventDateMillis": 1626019200000,
  "round": "7.4",
  "result": "0-1",
  "white": "Magnus Carlsen",
  "black": "Jan-Krzysztof Duda",
  "isCarlsenWin": false,
  "isDraw": false,
  "isCarlsenBlack": false,
  "moves": [
    "Bxb6",
    "Kb4",
    "Bf2"
  ],
  "statePieceCount": 11,
  "endPieceCount": 10,
  "boardState": [
    {
      "square": "b7",
      "type": "p",
      "color": "b"
    },
    {
      "square": "f7",
      "type": "p",
      "color": "b"
    },
    {
      "square": "b6",
      "type": "p",
      "color": "w"
    },
    {
      "square": "g6",
      "type": "p",
      "color": "b"
    },
    {
      "square": "e5",
      "type": "p",
      "color": "w"
    },
    {
      "square": "g5",
      "type": "p",
      "color": "w"
    },
    {
      "square": "d4",
      "type": "b",
      "color": "b"
    },
    {
      "square": "e4",
      "type": "k",
      "color": "b"
    },
    {
      "square": "f4",
      "type": "p",
      "color": "w"
    },
    {
      "square": "a3",
      "type": "k",
      "color": "w"
    },
    {
      "square": "d2",
      "type": "b",
      "color": "w"
    }
  ],
  "nextTurn": "b"
}