{
  "event": "FIDE World Cup 2021",
  "site": "Krasnaya Polyana (Sochi) RUS",
  "date": "2021.07.27",
  "eventDate": "2021.07.12",
  "dateMillis": 1627315200000,
  "eventDateMillis": 1626019200000,
  "round": "5.3",
  "result": "1/2-1/2",
  "white": "Magnus Carlsen",
  "black": "Andrey Esipenko",
  "isCarlsenWin": false,
  "isDraw": true,
  "isCarlsenBlack": false,
  "moves": [
    "gxf4",
    "h4",
    "Kf7",
    "Nh2",
    "Kg6",
    "Nf3",
    "Kf5",
    "Ra6",
    "Bf6",
    "h5",
    "Rd5",
    "Kh3",
    "Rd3",
    "Kg2",
    "Rd5",
    "Kh3",
    "Rd3"
  ],
  "statePieceCount": 11,
  "endPieceCount": 10,
  "boardState": [
    {
      "square": "g8",
      "type": "k",
      "color": "b"
    },
    {
      "square": "h6",
      "type": "p",
      "color": "b"
    },
    {
      "square": "g5",
      "type": "p",
      "color": "b"
    },
    {
      "square": "f4",
      "type": "p",
      "color": "w"
    },
    {
      "square": "a3",
      "type": "r",
      "color": "w"
    },
    {
      "square": "c3",
      "type": "b",
      "color": "b"
    },
    {
      "square": "d3",
      "type": "r",
      "color": "b"
    },
    {
      "square": "f2",
      "type": "p",
      "color": "w"
    },
    {
      "square": "g2",
      "type": "k",
      "color": "w"
    },
    {
      "square": "h2",
      "type": "p",
      "color": "w"
    },
    {
      "square": "f1",
      "type": "n",
      "color": "w"
    }
  ],
  "nextTurn": "b"
}