{
  "event": "FIDE World Cup 2021",
  "site": "Krasnaya Polyana (Sochi) RUS",
  "date": "2021.07.27",
  "eventDate": "2021.07.12",
  "dateMillis": 1627315200000,
  "eventDateMillis": 1626019200000,
  "round": "5.4",
  "result": "1/2-1/2",
  "white": "Andrey Esipenko",
  "black": "Magnus Carlsen",
  "isDingWin": false,
  "isDraw": true,
  "isDingBlack": true,
  "moves": [
    "Kxg4",
    "Kg6",
    "Kh4",
    "Ne6",
    "Kg4",
    "Nf4",
    "Bd1",
    "Kf6",
    "Kh4",
    "Ng2+",
    "Kh5",
    "Ne1",
    "Be2",
    "Ng2",
    "Bd1",
    "Nf4+",
    "Kh6",
    "Nd3",
    "Kh5",
    "Nc1",
    "Kh6",
    "Na2",
    "c4",
    "Nc3",
    "Bc2",
    "Ne2",
    "Kh5",
    "Ng3+",
    "Kh4",
    "Nf1",
    "Kh5",
    "Nd2",
    "Bd3",
    "Nb3",
    "Bc2",
    "Nc5",
    "Kh6",
    "Nd7",
    "Kh5",
    "Nc5",
    "Kh6",
    "Ne6",
    "Kh5",
    "Kg7",
    "Bd1",
    "Kf7",
    "Bc2",
    "Kf6",
    "Bd1",
    "Nf4+",
    "Kh6",
    "Ne6",
    "Kh5",
    "Ng7+"
  ],
  "statePieceCount": 11,
  "endPieceCount": 10,
  "boardState": [
    {
      "square": "c6",
      "type": "p",
      "color": "b"
    },
    {
      "square": "f6",
      "type": "k",
      "color": "b"
    },
    {
      "square": "a5",
      "type": "p",
      "color": "b"
    },
    {
      "square": "c5",
      "type": "n",
      "color": "b"
    },
    {
      "square": "e5",
      "type": "p",
      "color": "b"
    },
    {
      "square": "a4",
      "type": "p",
      "color": "w"
    },
    {
      "square": "e4",
      "type": "p",
      "color": "w"
    },
    {
      "square": "g4",
      "type": "b",
      "color": "b"
    },
    {
      "square": "c3",
      "type": "p",
      "color": "w"
    },
    {
      "square": "g3",
      "type": "k",
      "color": "w"
    },
    {
      "square": "c2",
      "type": "b",
      "color": "w"
    }
  ]
}