{
  "event": "Aimchess US Rapid",
  "site": "chess24.com INT",
  "date": "2021.09.01",
  "eventDate": "2021.08.28",
  "dateMillis": 1630425600000,
  "eventDateMillis": 1630080000000,
  "round": "1.23",
  "result": "0-1",
  "white": "Jan-Krzysztof Duda",
  "black": "Magnus Carlsen",
  "isCarlsenWin": true,
  "isDraw": false,
  "isCarlsenBlack": true,
  "moves": [
    "Bh3",
    "Ne3",
    "Bg4",
    "Ra7",
    "Ke1",
    "Ra1+",
    "Kd2",
    "Nxg4",
    "fxg4",
    "Rg1",
    "Kd3",
    "Rxg4",
    "Ke4",
    "Rg3",
    "Kf5",
    "Re3",
    "Ra6",
    "Rxe2",
    "Kf6",
    "Re8",
    "Ra7+",
    "Kg8",
    "Rg7+",
    "Kh8",
    "Rf7",
    "Rg8",
    "Kf5",
    "g4",
    "Rf6",
    "g3",
    "Rxh6+",
    "Kg7",
    "Rh1",
    "g2",
    "Rg1",
    "f3",
    "Kf4",
    "Rf8+",
    "Ke3",
    "Kg6",
    "Kf2",
    "Kg5",
    "Ra1",
    "Kg4",
    "Ra7",
    "Rh8",
    "Rg7+",
    "Kh3",
    "Kg1",
    "f2+",
    "Kxf2",
    "Rf8+"
  ],
  "statePieceCount": 11,
  "endPieceCount": 5,
  "boardState": [
    {
      "square": "f7",
      "type": "r",
      "color": "b"
    },
    {
      "square": "h7",
      "type": "k",
      "color": "b"
    },
    {
      "square": "e6",
      "type": "r",
      "color": "w"
    },
    {
      "square": "h6",
      "type": "p",
      "color": "b"
    },
    {
      "square": "g5",
      "type": "p",
      "color": "b"
    },
    {
      "square": "c4",
      "type": "n",
      "color": "b"
    },
    {
      "square": "f4",
      "type": "p",
      "color": "b"
    },
    {
      "square": "f3",
      "type": "p",
      "color": "w"
    },
    {
      "square": "e2",
      "type": "p",
      "color": "w"
    },
    {
      "square": "f2",
      "type": "k",
      "color": "w"
    },
    {
      "square": "g2",
      "type": "b",
      "color": "w"
    }
  ],
  "nextTurn": "w"
}