{
  "event": "Aimchess US Rapid",
  "site": "chess24.com INT",
  "date": "2021.09.03",
  "eventDate": "2021.08.28",
  "dateMillis": 1630598400000,
  "eventDateMillis": 1630080000000,
  "round": "2.23",
  "result": "1/2-1/2",
  "white": "Levon Aronian",
  "black": "Magnus Carlsen",
  "isDingWin": false,
  "isDraw": true,
  "isDingBlack": true,
  "moves": [
    "Rxd4",
    "Rxa5",
    "Kg2",
    "Ra2+",
    "Kh3",
    "g6",
    "g4",
    "Kg7",
    "Kg3",
    "Ra5",
    "Rc4",
    "h5",
    "gxh5",
    "gxh5",
    "Rc6",
    "f6",
    "Rc8",
    "Ra4",
    "Rc5",
    "Kg6",
    "Rb5",
    "h4+",
    "Kh3",
    "f5",
    "Rc5",
    "Kg5",
    "Rb5",
    "Ra3",
    "Kg2",
    "Ra2+",
    "Kh3",
    "Rf2",
    "Rb3",
    "Kf4",
    "Rb4+",
    "Kxf3",
    "Kxh4",
    "f4",
    "Rb3+",
    "Kg2",
    "Kg4",
    "f3",
    "Ra3",
    "Rb2",
    "Rxf3",
    "Rb4+",
    "Rf4",
    "Rxf4+",
    "Kxf4"
  ],
  "statePieceCount": 11,
  "endPieceCount": 2,
  "boardState": [
    {
      "square": "g8",
      "type": "k",
      "color": "b"
    },
    {
      "square": "f7",
      "type": "p",
      "color": "b"
    },
    {
      "square": "g7",
      "type": "p",
      "color": "b"
    },
    {
      "square": "h6",
      "type": "p",
      "color": "b"
    },
    {
      "square": "a5",
      "type": "p",
      "color": "w"
    },
    {
      "square": "c5",
      "type": "r",
      "color": "b"
    },
    {
      "square": "d4",
      "type": "r",
      "color": "b"
    },
    {
      "square": "f3",
      "type": "p",
      "color": "w"
    },
    {
      "square": "g3",
      "type": "p",
      "color": "w"
    },
    {
      "square": "d2",
      "type": "r",
      "color": "w"
    },
    {
      "square": "g1",
      "type": "k",
      "color": "w"
    }
  ]
}