{
  "event": "Aimchess US Rapid",
  "site": "chess24.com INT",
  "date": "2021.09.04",
  "eventDate": "2021.08.28",
  "dateMillis": 1630684800000,
  "eventDateMillis": 1630080000000,
  "round": "3.14",
  "result": "1/2-1/2",
  "white": "Magnus Carlsen",
  "black": "Vladislav Artemiev",
  "isDingWin": false,
  "isDraw": true,
  "isDingBlack": false,
  "moves": [
    "Rxd5",
    "Kg7",
    "Kf1",
    "Kf6",
    "Rd7",
    "h5",
    "h4",
    "Ke6",
    "Ra7",
    "f6",
    "Rg7",
    "Kf5",
    "e4+",
    "Kxe4",
    "Rxg6",
    "Kf5",
    "Rh6",
    "Kg4",
    "Rxf6",
    "Kxh4",
    "Rf4+",
    "Kg5",
    "Rf3",
    "Rc4",
    "Kf2",
    "Rf4",
    "Rxf4",
    "Kxf4",
    "g3+",
    "Kg4",
    "Kg2",
    "h4",
    "gxh4",
    "Kxh4"
  ],
  "statePieceCount": 11,
  "endPieceCount": 2,
  "boardState": [
    {
      "square": "g8",
      "type": "k",
      "color": "b"
    },
    {
      "square": "f7",
      "type": "p",
      "color": "b"
    },
    {
      "square": "h7",
      "type": "p",
      "color": "b"
    },
    {
      "square": "g6",
      "type": "p",
      "color": "b"
    },
    {
      "square": "b5",
      "type": "r",
      "color": "w"
    },
    {
      "square": "d5",
      "type": "p",
      "color": "b"
    },
    {
      "square": "e3",
      "type": "p",
      "color": "w"
    },
    {
      "square": "c2",
      "type": "r",
      "color": "b"
    },
    {
      "square": "g2",
      "type": "p",
      "color": "w"
    },
    {
      "square": "h2",
      "type": "p",
      "color": "w"
    },
    {
      "square": "g1",
      "type": "k",
      "color": "w"
    }
  ]
}