{
  "event": "Aimchess US Rapid",
  "site": "chess24.com INT",
  "date": "2021.09.02",
  "eventDate": "2021.08.28",
  "dateMillis": 1630512000000,
  "eventDateMillis": 1630080000000,
  "round": "2.14",
  "result": "1/2-1/2",
  "white": "Levon Aronian",
  "black": "Magnus Carlsen",
  "isCarlsenWin": false,
  "isDraw": true,
  "isCarlsenBlack": true,
  "moves": [
    "h5",
    "Kf2",
    "g6",
    "Ke3",
    "Bc4",
    "g4",
    "hxg4",
    "fxg4",
    "Bb3",
    "h5",
    "gxh5",
    "gxh5",
    "Bd1",
    "h6",
    "Kg6",
    "Bg7",
    "Kh7",
    "Bf8",
    "Bb3",
    "Bg7",
    "Bd1",
    "Bf8",
    "Bb3",
    "Bg7",
    "Bd1"
  ],
  "statePieceCount": 11,
  "endPieceCount": 7,
  "boardState": [
    {
      "square": "f7",
      "type": "k",
      "color": "b"
    },
    {
      "square": "g7",
      "type": "p",
      "color": "b"
    },
    {
      "square": "h7",
      "type": "p",
      "color": "b"
    },
    {
      "square": "b5",
      "type": "p",
      "color": "b"
    },
    {
      "square": "d5",
      "type": "b",
      "color": "b"
    },
    {
      "square": "e5",
      "type": "b",
      "color": "w"
    },
    {
      "square": "h4",
      "type": "p",
      "color": "w"
    },
    {
      "square": "f3",
      "type": "p",
      "color": "w"
    },
    {
      "square": "b2",
      "type": "p",
      "color": "w"
    },
    {
      "square": "g2",
      "type": "p",
      "color": "w"
    },
    {
      "square": "f1",
      "type": "k",
      "color": "w"
    }
  ],
  "nextTurn": "b"
}