{
  "event": "Norway Chess",
  "site": "Stavanger NOR",
  "date": "2021.09.13",
  "eventDate": "2021.09.07",
  "dateMillis": 1631462400000,
  "eventDateMillis": 1630944000000,
  "round": "6",
  "result": "1-0",
  "white": "Magnus Carlsen",
  "black": "Alireza Firouzja",
  "isDingWin": true,
  "isDraw": false,
  "isDingBlack": false,
  "moves": [
    "Bxh5",
    "Kf5",
    "Bf3",
    "Bc8",
    "Kd4",
    "Kxg5",
    "Ke5",
    "f5",
    "Kd6",
    "f4",
    "Ke5",
    "Kg6",
    "Kxf4",
    "Kf6",
    "Bd5",
    "Bd7",
    "Bb7",
    "Ke6",
    "Ke4",
    "Kd6",
    "Bxa6",
    "Bc6+",
    "Kd4",
    "Be8",
    "Bb7",
    "Bd7",
    "Bf3",
    "Bc8",
    "Be2",
    "Bd7",
    "Bd3",
    "Bc6",
    "Be4"
  ],
  "statePieceCount": 11,
  "endPieceCount": 7,
  "boardState": [
    {
      "square": "f7",
      "type": "p",
      "color": "b"
    },
    {
      "square": "a6",
      "type": "p",
      "color": "b"
    },
    {
      "square": "e6",
      "type": "b",
      "color": "b"
    },
    {
      "square": "a5",
      "type": "p",
      "color": "w"
    },
    {
      "square": "b5",
      "type": "p",
      "color": "b"
    },
    {
      "square": "e5",
      "type": "k",
      "color": "b"
    },
    {
      "square": "g5",
      "type": "p",
      "color": "w"
    },
    {
      "square": "h5",
      "type": "p",
      "color": "b"
    },
    {
      "square": "b4",
      "type": "p",
      "color": "w"
    },
    {
      "square": "g4",
      "type": "b",
      "color": "w"
    },
    {
      "square": "e3",
      "type": "k",
      "color": "w"
    }
  ]
}