{
  "event": "Meltwater Tour Final 2021",
  "site": "Chess24 INT",
  "date": "2021.09.29",
  "eventDate": "2021.09.23",
  "dateMillis": 1632844800000,
  "eventDateMillis": 1632326400000,
  "round": "5.1",
  "result": "1-0",
  "white": "Magnus Carlsen",
  "black": "Hikaru Nakamura",
  "isDingWin": true,
  "isDraw": false,
  "isDingBlack": false,
  "moves": [
    "Kxh7",
    "Kd6",
    "Rh6+",
    "Kc7",
    "Rf6",
    "Kb7",
    "Rf7+",
    "Ka6",
    "Rc7",
    "Rd3",
    "Kg6",
    "Rd8",
    "Re7",
    "Rb8",
    "Kf5",
    "Rb7",
    "Re3",
    "Kxa7",
    "Rxb3",
    "a5",
    "Rb4",
    "a6",
    "Ke5",
    "Rxb6",
    "Rxc4",
    "Kb7",
    "Ra4",
    "a7",
    "Rxa7+",
    "Kxa7",
    "c4",
    "Rc6"
  ],
  "statePieceCount": 11,
  "endPieceCount": 4,
  "boardState": [
    {
      "square": "h8",
      "type": "k",
      "color": "b"
    },
    {
      "square": "a7",
      "type": "p",
      "color": "b"
    },
    {
      "square": "h7",
      "type": "n",
      "color": "w"
    },
    {
      "square": "b6",
      "type": "p",
      "color": "b"
    },
    {
      "square": "c5",
      "type": "p",
      "color": "b"
    },
    {
      "square": "e5",
      "type": "k",
      "color": "w"
    },
    {
      "square": "a4",
      "type": "p",
      "color": "w"
    },
    {
      "square": "c4",
      "type": "p",
      "color": "w"
    },
    {
      "square": "h4",
      "type": "r",
      "color": "b"
    },
    {
      "square": "b3",
      "type": "p",
      "color": "w"
    },
    {
      "square": "g3",
      "type": "r",
      "color": "w"
    }
  ]
}