{
  "event": "Meltwater Tour Final 2021",
  "site": "Chess24 INT",
  "date": "2021.10.01",
  "eventDate": "2021.09.23",
  "dateMillis": 1633017600000,
  "eventDateMillis": 1632326400000,
  "round": "6.2",
  "result": "1/2-1/2",
  "white": "Magnus Carlsen",
  "black": "Anish Giri",
  "isCarlsenWin": false,
  "isDraw": true,
  "isCarlsenBlack": false,
  "moves": [
    "Bxa4",
    "Bd6",
    "Bb3",
    "Kxd7",
    "Bxf7",
    "Ke7",
    "Bg8",
    "h6",
    "Kf3",
    "Kf6",
    "Bc4",
    "h5",
    "h4",
    "g5",
    "hxg5+",
    "Kxg5",
    "Be2",
    "Bxg3",
    "Kxg3",
    "h4+",
    "Kh3",
    "Kf4",
    "Kxh4"
  ],
  "statePieceCount": 11,
  "endPieceCount": 3,
  "boardState": [
    {
      "square": "d7",
      "type": "p",
      "color": "w"
    },
    {
      "square": "e7",
      "type": "k",
      "color": "b"
    },
    {
      "square": "f7",
      "type": "p",
      "color": "b"
    },
    {
      "square": "h7",
      "type": "p",
      "color": "b"
    },
    {
      "square": "c6",
      "type": "b",
      "color": "w"
    },
    {
      "square": "g6",
      "type": "p",
      "color": "b"
    },
    {
      "square": "a4",
      "type": "p",
      "color": "b"
    },
    {
      "square": "a3",
      "type": "b",
      "color": "b"
    },
    {
      "square": "g3",
      "type": "p",
      "color": "w"
    },
    {
      "square": "g2",
      "type": "k",
      "color": "w"
    },
    {
      "square": "h2",
      "type": "p",
      "color": "w"
    }
  ],
  "nextTurn": "w"
}