{
  "event": "Meltwater Tour Final 2021",
  "site": "chess24.com INT",
  "date": "2021.10.01",
  "eventDate": "2021.09.25",
  "dateMillis": 1633017600000,
  "eventDateMillis": 1632499200000,
  "round": "6.5",
  "result": "0-1",
  "white": "Anish Giri",
  "black": "Magnus Carlsen",
  "isCarlsenWin": true,
  "isDraw": false,
  "isCarlsenBlack": true,
  "moves": [
    "Re2",
    "Rc6",
    "Qe3",
    "N5g6",
    "Kh2",
    "Bc4",
    "Rb2",
    "Re6",
    "Qf3",
    "Re4",
    "Rb7",
    "Be6",
    "Kg1",
    "Rg4+",
    "Kh2",
    "Rxg5",
    "Rb6",
    "Bd5",
    "Qe3",
    "Rg2+",
    "Kh3",
    "Rg4",
    "Kh2",
    "f4",
    "Qd4",
    "Rg5",
    "Rd6",
    "f3",
    "Rd7",
    "Rf5",
    "Qg4",
    "Be6",
    "Rd1",
    "Ne5",
    "Qh4",
    "f2",
    "Kg2",
    "Bd5+",
    "Kf1",
    "Bc4+",
    "Kg2",
    "f1=Q+"
  ],
  "statePieceCount": 11,
  "endPieceCount": 10,
  "boardState": [
    {
      "square": "e7",
      "type": "n",
      "color": "b"
    },
    {
      "square": "f7",
      "type": "k",
      "color": "b"
    },
    {
      "square": "g7",
      "type": "p",
      "color": "b"
    },
    {
      "square": "b6",
      "type": "q",
      "color": "w"
    },
    {
      "square": "e6",
      "type": "b",
      "color": "b"
    },
    {
      "square": "e5",
      "type": "n",
      "color": "b"
    },
    {
      "square": "f5",
      "type": "p",
      "color": "b"
    },
    {
      "square": "g5",
      "type": "p",
      "color": "w"
    },
    {
      "square": "c4",
      "type": "r",
      "color": "b"
    },
    {
      "square": "f2",
      "type": "r",
      "color": "w"
    },
    {
      "square": "g1",
      "type": "k",
      "color": "w"
    }
  ],
  "nextTurn": "w"
}