{
  "event": "Meltwater Tour Final 2021",
  "site": "Chess24 INT",
  "date": "2021.10.03",
  "eventDate": "2021.09.23",
  "dateMillis": 1633190400000,
  "eventDateMillis": 1632326400000,
  "round": "8.2",
  "result": "1/2-1/2",
  "white": "Magnus Carlsen",
  "black": "Levon Aronian",
  "isCarlsenWin": false,
  "isDraw": true,
  "isCarlsenBlack": false,
  "moves": [
    "Kxg7",
    "Rc1",
    "h5",
    "Rxc7+",
    "Kg6",
    "Rc6+",
    "Kg7",
    "Rc4",
    "Kg6",
    "Kg2",
    "Rb2",
    "Rc8",
    "Kg7",
    "Re8",
    "Ra2",
    "Kf1",
    "h4",
    "g4",
    "h3",
    "Re1",
    "fxg4",
    "fxg4",
    "Kf6",
    "Kg1",
    "Kg5",
    "Re4",
    "h2+",
    "Kxh2",
    "Rxf2+",
    "Kg3",
    "Rf1",
    "Re5+",
    "Kg6",
    "Rf5",
    "Rxf5",
    "gxf5+",
    "Kxf5"
  ],
  "statePieceCount": 11,
  "endPieceCount": 2,
  "boardState": [
    {
      "square": "g8",
      "type": "k",
      "color": "b"
    },
    {
      "square": "c7",
      "type": "p",
      "color": "b"
    },
    {
      "square": "g7",
      "type": "b",
      "color": "w"
    },
    {
      "square": "h7",
      "type": "p",
      "color": "b"
    },
    {
      "square": "f5",
      "type": "p",
      "color": "b"
    },
    {
      "square": "f3",
      "type": "p",
      "color": "w"
    },
    {
      "square": "g3",
      "type": "p",
      "color": "w"
    },
    {
      "square": "a2",
      "type": "r",
      "color": "b"
    },
    {
      "square": "f2",
      "type": "p",
      "color": "w"
    },
    {
      "square": "e1",
      "type": "r",
      "color": "w"
    },
    {
      "square": "g1",
      "type": "k",
      "color": "w"
    }
  ],
  "nextTurn": "b"
}