{
  "event": "World Rapid 2021",
  "site": "Warsaw",
  "date": "2021.12.26",
  "eventDate": "2021.12.26",
  "dateMillis": 1640448000000,
  "eventDateMillis": 1640448000000,
  "round": "3.11",
  "result": "1-0",
  "white": "Magnus Carlsen",
  "black": "Aleksey Dreev",
  "isCarlsenWin": true,
  "isDraw": false,
  "isCarlsenBlack": false,
  "moves": [
    "Rb8",
    "Kg6",
    "b7",
    "Kg7",
    "e3",
    "e5",
    "f3",
    "Rb1",
    "e4",
    "fxe4",
    "fxe4",
    "Rb3",
    "Kf2"
  ],
  "statePieceCount": 11,
  "endPieceCount": 9,
  "boardState": [
    {
      "square": "b7",
      "type": "r",
      "color": "w"
    },
    {
      "square": "b6",
      "type": "p",
      "color": "w"
    },
    {
      "square": "e6",
      "type": "p",
      "color": "b"
    },
    {
      "square": "f5",
      "type": "p",
      "color": "b"
    },
    {
      "square": "g5",
      "type": "p",
      "color": "b"
    },
    {
      "square": "h5",
      "type": "k",
      "color": "b"
    },
    {
      "square": "b3",
      "type": "r",
      "color": "b"
    },
    {
      "square": "h3",
      "type": "p",
      "color": "w"
    },
    {
      "square": "e2",
      "type": "p",
      "color": "w"
    },
    {
      "square": "f2",
      "type": "p",
      "color": "w"
    },
    {
      "square": "g2",
      "type": "k",
      "color": "w"
    }
  ],
  "nextTurn": "w"
}