{
  "event": "World Blitz 2021",
  "site": "Warsaw POL",
  "date": "2021.12.29",
  "eventDate": "2021.12.29",
  "dateMillis": 1640707200000,
  "eventDateMillis": 1640707200000,
  "round": "2.1",
  "result": "1-0",
  "white": "Magnus Carlsen",
  "black": "Sanan Sjugirov",
  "isDingWin": true,
  "isDraw": false,
  "isDingBlack": false,
  "moves": [
    "Qd8+",
    "Kc6",
    "Qc8+",
    "Kb5",
    "Qb7+",
    "Kc4",
    "Qa6+",
    "Kc3",
    "Qa3+",
    "Kd2",
    "Qb4+",
    "Ke2",
    "Qb2+",
    "Kf1",
    "Qc1+",
    "Kg2",
    "Qd2+",
    "Kh3",
    "Qd1",
    "Qf5",
    "Kf7",
    "Qe6+",
    "Kg6",
    "Qg4+",
    "Kf7",
    "Qg2",
    "f5",
    "h5",
    "Kf8",
    "Kh4",
    "Qd2",
    "Qxd2"
  ],
  "statePieceCount": 11,
  "endPieceCount": 10,
  "boardState": [
    {
      "square": "c8",
      "type": "q",
      "color": "b"
    },
    {
      "square": "g8",
      "type": "k",
      "color": "b"
    },
    {
      "square": "g7",
      "type": "p",
      "color": "b"
    },
    {
      "square": "d6",
      "type": "k",
      "color": "w"
    },
    {
      "square": "f6",
      "type": "p",
      "color": "b"
    },
    {
      "square": "d5",
      "type": "p",
      "color": "w"
    },
    {
      "square": "e5",
      "type": "p",
      "color": "b"
    },
    {
      "square": "h5",
      "type": "q",
      "color": "w"
    },
    {
      "square": "e4",
      "type": "p",
      "color": "w"
    },
    {
      "square": "h4",
      "type": "p",
      "color": "w"
    },
    {
      "square": "f3",
      "type": "p",
      "color": "w"
    }
  ]
}