{
  "event": "World Blitz 2021",
  "site": "Warsaw POL",
  "date": "2021.12.30",
  "eventDate": "2021.12.29",
  "dateMillis": 1640793600000,
  "eventDateMillis": 1640707200000,
  "round": "16.1",
  "result": "1-0",
  "white": "Alexander Grischuk",
  "black": "Magnus Carlsen",
  "isDingWin": false,
  "isDraw": false,
  "isDingBlack": true,
  "moves": [
    "Rc2",
    "Rb6",
    "b2",
    "Rb7",
    "Rd2",
    "d5",
    "Kf8",
    "e4",
    "Ke8",
    "d6",
    "Rxd6",
    "Rxb2",
    "Rd4",
    "f3",
    "Kf7",
    "Re2",
    "gxf3+",
    "Kxf3",
    "Kf6",
    "Kf4",
    "g5+",
    "Kg4",
    "Kg6",
    "Re3",
    "Ra4",
    "Kf3",
    "Kf6",
    "Rb3",
    "Ra1",
    "Rb6+",
    "Ke5",
    "Rb5+",
    "Kf6",
    "Rf5+",
    "Kg6",
    "Kg4",
    "Re1",
    "Rxg5+",
    "Kf6",
    "Rf5+",
    "Ke6",
    "Kf4",
    "Rf1+",
    "Kg5",
    "Re1",
    "g4",
    "Rxe4",
    "Rf1",
    "Ra4",
    "Kh5",
    "Ra8",
    "g5",
    "Rh8+",
    "Kg6"
  ],
  "statePieceCount": 11,
  "endPieceCount": 5,
  "boardState": [
    {
      "square": "g8",
      "type": "k",
      "color": "b"
    },
    {
      "square": "g7",
      "type": "p",
      "color": "b"
    },
    {
      "square": "e6",
      "type": "r",
      "color": "w"
    },
    {
      "square": "d4",
      "type": "p",
      "color": "w"
    },
    {
      "square": "g4",
      "type": "p",
      "color": "b"
    },
    {
      "square": "b3",
      "type": "p",
      "color": "b"
    },
    {
      "square": "e3",
      "type": "p",
      "color": "w"
    },
    {
      "square": "g3",
      "type": "p",
      "color": "w"
    },
    {
      "square": "b2",
      "type": "r",
      "color": "b"
    },
    {
      "square": "f2",
      "type": "p",
      "color": "w"
    },
    {
      "square": "g2",
      "type": "k",
      "color": "w"
    }
  ]
}