{
  "event": "World Blitz 2021",
  "site": "Warsaw POL",
  "date": "2021.12.29",
  "eventDate": "2021.12.29",
  "dateMillis": 1640707200000,
  "eventDateMillis": 1640707200000,
  "round": "11.1",
  "result": "0-1",
  "white": "Vahap Sanal",
  "black": "Magnus Carlsen",
  "isDingWin": true,
  "isDraw": false,
  "isDingBlack": true,
  "moves": [
    "Ke3",
    "R2f3+",
    "Kd4",
    "R3f4+",
    "Kd5",
    "Rd8+",
    "Kc5",
    "Rc8+",
    "Kb5",
    "Rcxc4"
  ],
  "statePieceCount": 11,
  "endPieceCount": 10,
  "boardState": [
    {
      "square": "f8",
      "type": "r",
      "color": "b"
    },
    {
      "square": "h8",
      "type": "k",
      "color": "b"
    },
    {
      "square": "b7",
      "type": "r",
      "color": "w"
    },
    {
      "square": "h7",
      "type": "p",
      "color": "b"
    },
    {
      "square": "a5",
      "type": "p",
      "color": "b"
    },
    {
      "square": "a4",
      "type": "p",
      "color": "w"
    },
    {
      "square": "c4",
      "type": "b",
      "color": "w"
    },
    {
      "square": "c3",
      "type": "p",
      "color": "w"
    },
    {
      "square": "b2",
      "type": "p",
      "color": "w"
    },
    {
      "square": "e2",
      "type": "k",
      "color": "w"
    },
    {
      "square": "f2",
      "type": "r",
      "color": "b"
    }
  ]
}