{
  "event": "Airthings Masters",
  "site": "Chess24",
  "date": "2022.02.20",
  "eventDate": "2022.02.13",
  "dateMillis": 1645286400000,
  "eventDateMillis": 1644681600000,
  "round": "7.4",
  "result": "0-1",
  "white": "Hans Moke Niemann",
  "black": "Magnus Carlsen",
  "isCarlsenWin": true,
  "isDraw": false,
  "isCarlsenBlack": true,
  "moves": [
    "Nf6",
    "g5",
    "h5",
    "Bc2",
    "Kg2",
    "Bc3",
    "Ng8+",
    "Kxh5",
    "Ra6",
    "Be4+",
    "Kg3",
    "Be5+",
    "Kf2",
    "g3+",
    "Ke3",
    "g2"
  ],
  "statePieceCount": 11,
  "endPieceCount": 10,
  "boardState": [
    {
      "square": "a7",
      "type": "r",
      "color": "w"
    },
    {
      "square": "g6",
      "type": "p",
      "color": "b"
    },
    {
      "square": "h6",
      "type": "k",
      "color": "b"
    },
    {
      "square": "b5",
      "type": "p",
      "color": "b"
    },
    {
      "square": "a4",
      "type": "p",
      "color": "b"
    },
    {
      "square": "b4",
      "type": "b",
      "color": "b"
    },
    {
      "square": "e4",
      "type": "n",
      "color": "w"
    },
    {
      "square": "g4",
      "type": "p",
      "color": "b"
    },
    {
      "square": "h4",
      "type": "p",
      "color": "w"
    },
    {
      "square": "b3",
      "type": "b",
      "color": "b"
    },
    {
      "square": "h1",
      "type": "k",
      "color": "w"
    }
  ],
  "nextTurn": "w"
}