{
  "event": "Airthings Masters",
  "site": "Chess24",
  "eventDate": "2022.02.13",
  "dateMillis": null,
  "eventDateMillis": 1644681600000,
  "round": "4.7",
  "result": "0-1",
  "white": "Magnus Carlsen",
  "black": "Ian Nepomniachtchi",
  "isCarlsenWin": false,
  "isDraw": false,
  "isCarlsenBlack": false,
  "moves": [
    "Rb1",
    "Ra2+",
    "Rb2",
    "Ra7",
    "Rb1",
    "Kf5",
    "Ra1",
    "Rd7",
    "Rg1",
    "Bg2+",
    "Ke3",
    "h3",
    "Bd4",
    "Rb7",
    "Rc1",
    "Bd5",
    "Rg1",
    "Rb3+",
    "Kd2",
    "g6",
    "Rg5+",
    "Ke4",
    "Be5",
    "Rf3",
    "Ke1",
    "Bc4",
    "Rxg6",
    "Rf1+",
    "Kd2",
    "Rf2+",
    "Kc3",
    "Bd5",
    "Rh6",
    "Rxh2",
    "Kb4",
    "Kf5",
    "Kc5",
    "Rc2+",
    "Kd6",
    "h2"
  ],
  "statePieceCount": 11,
  "endPieceCount": 9,
  "boardState": [
    {
      "square": "g7",
      "type": "p",
      "color": "b"
    },
    {
      "square": "e6",
      "type": "p",
      "color": "b"
    },
    {
      "square": "g6",
      "type": "k",
      "color": "b"
    },
    {
      "square": "d5",
      "type": "b",
      "color": "b"
    },
    {
      "square": "e5",
      "type": "b",
      "color": "w"
    },
    {
      "square": "a4",
      "type": "r",
      "color": "b"
    },
    {
      "square": "f4",
      "type": "p",
      "color": "w"
    },
    {
      "square": "h4",
      "type": "p",
      "color": "b"
    },
    {
      "square": "b2",
      "type": "r",
      "color": "w"
    },
    {
      "square": "d2",
      "type": "k",
      "color": "w"
    },
    {
      "square": "h2",
      "type": "p",
      "color": "w"
    }
  ],
  "nextTurn": "w"
}