{
  "event": "Charity Cup",
  "site": "Chess24",
  "date": "2022.03.23",
  "eventDate": "2022.03.19",
  "dateMillis": 1647964800000,
  "eventDateMillis": 1647619200000,
  "round": "1.12",
  "result": "0-1",
  "white": "Hans Moke Niemann",
  "black": "Magnus Carlsen",
  "isCarlsenWin": true,
  "isDraw": false,
  "isCarlsenBlack": true,
  "moves": [
    "Rg3+",
    "Kxh5",
    "Rxg7",
    "Nxb6",
    "Kg3",
    "Nc4",
    "Kf4",
    "Nd6",
    "Re7",
    "Ne4",
    "Re5+",
    "Ng5",
    "Re7",
    "Kg6",
    "Re5",
    "Kf6",
    "Rf5+",
    "Ke6",
    "Re5+",
    "Kd6",
    "Rf5",
    "Ne6+",
    "Ke3",
    "Be8",
    "Kd2",
    "h5",
    "e4",
    "h4",
    "Ke3",
    "h3",
    "Rf3",
    "Ng5",
    "Rf6+",
    "Ke7",
    "Rh6",
    "Bd7",
    "Kf4",
    "Nf7",
    "Rb6",
    "Bc6",
    "Rb3",
    "h2",
    "Rh3",
    "Bxe4",
    "Rxh2",
    "Bd5",
    "Ke3",
    "Kd6",
    "Kd4",
    "Nd8",
    "Rh6+",
    "Ne6+",
    "Kc3",
    "Kc5",
    "Rh8",
    "Nd4",
    "Rh4",
    "Nc6",
    "Rh5",
    "b5",
    "Rg5",
    "b4+",
    "Kb2",
    "Na5",
    "Kc2",
    "Nc4",
    "Kb3",
    "Nb6+",
    "Kc2",
    "b3+",
    "Kc1",
    "Kb4",
    "Rh5",
    "Ka3",
    "Rh3",
    "Ka2",
    "Rh2+",
    "Ka1",
    "Rd2",
    "Bc4",
    "Rd1",
    "b2+",
    "Kc2+",
    "Ka2",
    "Kc3",
    "b1=Q",
    "Rxb1",
    "Kxb1",
    "Kb4",
    "Bf7",
    "Kc5",
    "Nd5"
  ],
  "statePieceCount": 11,
  "endPieceCount": 4,
  "boardState": [
    {
      "square": "b7",
      "type": "p",
      "color": "b"
    },
    {
      "square": "g7",
      "type": "p",
      "color": "b"
    },
    {
      "square": "b6",
      "type": "p",
      "color": "w"
    },
    {
      "square": "c6",
      "type": "b",
      "color": "b"
    },
    {
      "square": "h6",
      "type": "p",
      "color": "b"
    },
    {
      "square": "d5",
      "type": "n",
      "color": "b"
    },
    {
      "square": "h5",
      "type": "p",
      "color": "w"
    },
    {
      "square": "g4",
      "type": "k",
      "color": "b"
    },
    {
      "square": "f3",
      "type": "r",
      "color": "w"
    },
    {
      "square": "e2",
      "type": "p",
      "color": "w"
    },
    {
      "square": "f2",
      "type": "k",
      "color": "w"
    }
  ],
  "nextTurn": "w"
}