{
  "event": "Charity Cup",
  "site": "chess24.com INT",
  "date": "2022.03.26",
  "eventDate": "2022.03.19",
  "dateMillis": 1648224000000,
  "eventDateMillis": 1647619200000,
  "round": "3.22",
  "result": "0-1",
  "white": "Magnus Carlsen",
  "black": "Jan-Krzysztof Duda",
  "isCarlsenWin": false,
  "isDraw": false,
  "isCarlsenBlack": false,
  "moves": [
    "Ke2",
    "Nh5",
    "Kd3",
    "Nf4+",
    "Kc4",
    "Re7",
    "Rg1",
    "Rc7+",
    "Kb3",
    "Ne2",
    "Re1",
    "Nxc3",
    "Rc1",
    "Nd5",
    "Rxc7+",
    "Nxc7",
    "Kc4",
    "Ke6",
    "Kc5",
    "Ke5",
    "Kc4"
  ],
  "statePieceCount": 11,
  "endPieceCount": 8,
  "boardState": [
    {
      "square": "b7",
      "type": "r",
      "color": "b"
    },
    {
      "square": "f7",
      "type": "k",
      "color": "b"
    },
    {
      "square": "g7",
      "type": "n",
      "color": "b"
    },
    {
      "square": "g6",
      "type": "p",
      "color": "b"
    },
    {
      "square": "b4",
      "type": "p",
      "color": "w"
    },
    {
      "square": "c3",
      "type": "p",
      "color": "w"
    },
    {
      "square": "f3",
      "type": "p",
      "color": "w"
    },
    {
      "square": "g3",
      "type": "p",
      "color": "b"
    },
    {
      "square": "g2",
      "type": "p",
      "color": "w"
    },
    {
      "square": "e1",
      "type": "r",
      "color": "w"
    },
    {
      "square": "f1",
      "type": "k",
      "color": "w"
    }
  ],
  "nextTurn": "w"
}