{
  "event": "Solidarity NOR-UKR Match",
  "site": "Tornelo INT",
  "date": "2022.04.23",
  "eventDate": "2022.04.23",
  "dateMillis": 1650643200000,
  "eventDateMillis": 1650643200000,
  "round": "1.1",
  "result": "0-1",
  "white": "Vasyl Ivanchuk",
  "black": "Magnus Carlsen",
  "isCarlsenWin": true,
  "isDraw": false,
  "isCarlsenBlack": true,
  "moves": [
    "a5",
    "Qf7",
    "Qa1",
    "Qf3+",
    "Kh2",
    "Qxe3",
    "a6",
    "Qf2+",
    "Kh3",
    "Qf5+",
    "Kh2",
    "e3"
  ],
  "statePieceCount": 11,
  "endPieceCount": 10,
  "boardState": [
    {
      "square": "g7",
      "type": "p",
      "color": "b"
    },
    {
      "square": "h7",
      "type": "k",
      "color": "b"
    },
    {
      "square": "h6",
      "type": "p",
      "color": "b"
    },
    {
      "square": "c5",
      "type": "p",
      "color": "b"
    },
    {
      "square": "h5",
      "type": "q",
      "color": "b"
    },
    {
      "square": "a4",
      "type": "p",
      "color": "w"
    },
    {
      "square": "e4",
      "type": "p",
      "color": "b"
    },
    {
      "square": "e3",
      "type": "p",
      "color": "w"
    },
    {
      "square": "g3",
      "type": "p",
      "color": "w"
    },
    {
      "square": "g2",
      "type": "k",
      "color": "w"
    },
    {
      "square": "e1",
      "type": "q",
      "color": "w"
    }
  ],
  "nextTurn": "w"
}