{
  "event": "Chessable Masters",
  "site": "chess24.com INT",
  "date": "2022.05.20",
  "eventDate": "2022.05.19",
  "dateMillis": 1652976000000,
  "eventDateMillis": 1652889600000,
  "round": "7.1",
  "result": "1/2-1/2",
  "white": "Pentala Harikrishna",
  "black": "Magnus Carlsen",
  "isDingWin": false,
  "isDraw": true,
  "isDingBlack": true,
  "moves": [
    "Bxd5+",
    "Kf6",
    "Bxe4",
    "Rb3",
    "Kh2",
    "Ra3",
    "Bc6",
    "Ke5",
    "Be8",
    "g5",
    "Bc6",
    "Kd4",
    "Kg1",
    "Ke3",
    "Kh2",
    "Kf2",
    "Bd5",
    "Rxa4",
    "Bc6",
    "Rd4",
    "Bb7"
  ],
  "statePieceCount": 11,
  "endPieceCount": 8,
  "boardState": [
    {
      "square": "b8",
      "type": "r",
      "color": "b"
    },
    {
      "square": "f7",
      "type": "k",
      "color": "b"
    },
    {
      "square": "c6",
      "type": "b",
      "color": "w"
    },
    {
      "square": "g6",
      "type": "p",
      "color": "b"
    },
    {
      "square": "d5",
      "type": "p",
      "color": "b"
    },
    {
      "square": "a4",
      "type": "p",
      "color": "w"
    },
    {
      "square": "e4",
      "type": "n",
      "color": "b"
    },
    {
      "square": "h4",
      "type": "p",
      "color": "b"
    },
    {
      "square": "h3",
      "type": "p",
      "color": "w"
    },
    {
      "square": "g2",
      "type": "p",
      "color": "w"
    },
    {
      "square": "g1",
      "type": "k",
      "color": "w"
    }
  ]
}