{
  "event": "Chessable Masters",
  "site": "chess24.com INT",
  "date": "2022.05.19",
  "eventDate": "2022.05.19",
  "dateMillis": 1652889600000,
  "eventDateMillis": 1652889600000,
  "round": "4.1",
  "result": "1-0",
  "white": "Magnus Carlsen",
  "black": "Van Foreest, Jorden",
  "isCarlsenWin": true,
  "isDraw": false,
  "isCarlsenBlack": false,
  "moves": [
    "e5",
    "f5",
    "Kd6",
    "Ne6",
    "e4",
    "Kxg7",
    "Rf3",
    "f6",
    "e3",
    "Nd4"
  ],
  "statePieceCount": 11,
  "endPieceCount": 10,
  "boardState": [
    {
      "square": "a7",
      "type": "p",
      "color": "b"
    },
    {
      "square": "e7",
      "type": "k",
      "color": "b"
    },
    {
      "square": "g7",
      "type": "p",
      "color": "b"
    },
    {
      "square": "e6",
      "type": "p",
      "color": "b"
    },
    {
      "square": "g6",
      "type": "k",
      "color": "w"
    },
    {
      "square": "c5",
      "type": "n",
      "color": "w"
    },
    {
      "square": "g5",
      "type": "p",
      "color": "w"
    },
    {
      "square": "f4",
      "type": "p",
      "color": "w"
    },
    {
      "square": "b3",
      "type": "b",
      "color": "w"
    },
    {
      "square": "e3",
      "type": "r",
      "color": "b"
    },
    {
      "square": "a2",
      "type": "p",
      "color": "w"
    }
  ],
  "nextTurn": "b"
}