{
  "event": "Chessable Masters",
  "site": "chess24.com INT",
  "date": "2022.05.23",
  "eventDate": "2022.05.19",
  "dateMillis": 1653235200000,
  "eventDateMillis": 1652889600000,
  "round": "1.4",
  "result": "1-0",
  "white": "Magnus Carlsen",
  "black": "Anton Guijarro, David",
  "isDingWin": true,
  "isDraw": false,
  "isDingBlack": false,
  "moves": [
    "Kf2",
    "Rb2+",
    "Kg3",
    "Ra2",
    "Rxa5",
    "Kf6",
    "Ra7",
    "Ra1",
    "a5",
    "Ra2",
    "a6",
    "Ra1",
    "Kf2",
    "Ra3",
    "Ra8",
    "Kf7",
    "a7",
    "Kg7",
    "Ke2"
  ],
  "statePieceCount": 11,
  "endPieceCount": 10,
  "boardState": [
    {
      "square": "e6",
      "type": "k",
      "color": "b"
    },
    {
      "square": "a5",
      "type": "p",
      "color": "b"
    },
    {
      "square": "d5",
      "type": "r",
      "color": "w"
    },
    {
      "square": "e5",
      "type": "p",
      "color": "b"
    },
    {
      "square": "g5",
      "type": "p",
      "color": "b"
    },
    {
      "square": "a4",
      "type": "p",
      "color": "w"
    },
    {
      "square": "e4",
      "type": "p",
      "color": "w"
    },
    {
      "square": "g4",
      "type": "p",
      "color": "w"
    },
    {
      "square": "b3",
      "type": "r",
      "color": "b"
    },
    {
      "square": "e3",
      "type": "k",
      "color": "w"
    },
    {
      "square": "f3",
      "type": "p",
      "color": "w"
    }
  ]
}