{
  "event": "SuperUnited Croatia",
  "site": "Zagreb CRO",
  "dateMillis": null,
  "eventDateMillis": null,
  "round": "2.5",
  "result": "0-1",
  "white": "Topalov, Veselin",
  "black": "Magnus Carlsen",
  "isDingWin": true,
  "isDraw": false,
  "isDingBlack": true,
  "moves": [
    "Kh3",
    "a4",
    "Ra7",
    "a3",
    "Ra5",
    "Ra1",
    "Kg2",
    "a2",
    "g5",
    "h5",
    "Kh2",
    "h4",
    "g4",
    "Kg7",
    "Ra7",
    "Kg6",
    "Ra5",
    "Rf1",
    "Rxa2",
    "Rxf4",
    "Kh3",
    "Kxg5",
    "Ra5+",
    "f5",
    "gxf5",
    "Rf3+",
    "Kh2",
    "Rxf5",
    "Ra8",
    "Rf4",
    "Kh3",
    "Kf5",
    "Ra5+",
    "e5",
    "Rb5",
    "Ra4",
    "Rb8",
    "Kf4",
    "Kxh4",
    "e4",
    "Kh3",
    "Kf3",
    "Rf8+",
    "Ke2",
    "Kg2",
    "e3"
  ],
  "statePieceCount": 11,
  "endPieceCount": 5,
  "boardState": [
    {
      "square": "e7",
      "type": "r",
      "color": "w"
    },
    {
      "square": "f7",
      "type": "p",
      "color": "b"
    },
    {
      "square": "e6",
      "type": "p",
      "color": "b"
    },
    {
      "square": "g6",
      "type": "k",
      "color": "b"
    },
    {
      "square": "h6",
      "type": "p",
      "color": "b"
    },
    {
      "square": "a5",
      "type": "p",
      "color": "b"
    },
    {
      "square": "f4",
      "type": "p",
      "color": "w"
    },
    {
      "square": "g4",
      "type": "p",
      "color": "w"
    },
    {
      "square": "g3",
      "type": "p",
      "color": "w"
    },
    {
      "square": "a2",
      "type": "r",
      "color": "b"
    },
    {
      "square": "g2",
      "type": "k",
      "color": "w"
    }
  ]
}