{
  "event": "SuperUnited Croatia",
  "site": "Zagreb CRO",
  "date": "2022.07.23",
  "dateMillis": 1658505600000,
  "eventDateMillis": null,
  "round": "6.4",
  "result": "0-1",
  "white": "Ian Nepomniachtchi",
  "black": "Magnus Carlsen",
  "isDingWin": true,
  "isDraw": false,
  "isDingBlack": true,
  "moves": [
    "f4",
    "h4",
    "gxh4",
    "gxh4",
    "Kf2",
    "Kg6",
    "Kg1",
    "Kf5",
    "Kh2",
    "Kg4",
    "f5",
    "Rd2+",
    "Kg1",
    "h3"
  ],
  "statePieceCount": 11,
  "endPieceCount": 9,
  "boardState": [
    {
      "square": "f7",
      "type": "k",
      "color": "b"
    },
    {
      "square": "a6",
      "type": "p",
      "color": "b"
    },
    {
      "square": "c6",
      "type": "b",
      "color": "b"
    },
    {
      "square": "a5",
      "type": "r",
      "color": "w"
    },
    {
      "square": "c5",
      "type": "n",
      "color": "w"
    },
    {
      "square": "d5",
      "type": "r",
      "color": "b"
    },
    {
      "square": "g5",
      "type": "p",
      "color": "b"
    },
    {
      "square": "h5",
      "type": "p",
      "color": "b"
    },
    {
      "square": "e3",
      "type": "k",
      "color": "w"
    },
    {
      "square": "f3",
      "type": "p",
      "color": "w"
    },
    {
      "square": "g3",
      "type": "p",
      "color": "w"
    }
  ]
}