{
  "event": "SuperUnited Croatia",
  "site": "Zagreb CRO",
  "date": "2022.07.24",
  "dateMillis": 1658592000000,
  "eventDateMillis": null,
  "round": "17.4",
  "result": "0-1",
  "white": "Magnus Carlsen",
  "black": "Alireza Firouzja",
  "isDingWin": false,
  "isDraw": false,
  "isDingBlack": false,
  "moves": [
    "g3",
    "Rd4",
    "Kf5",
    "Rf4+",
    "Ke5",
    "Bxh3",
    "Nxh3",
    "Rg4",
    "Nf2",
    "Rg7",
    "Kf6",
    "Rxg3",
    "Ne4+",
    "Kc4",
    "Nxg3",
    "b4",
    "Ne4",
    "Kd5",
    "Rxb4",
    "Kc6",
    "Ra4",
    "Kb6",
    "Nd6"
  ],
  "statePieceCount": 11,
  "endPieceCount": 6,
  "boardState": [
    {
      "square": "b8",
      "type": "r",
      "color": "b"
    },
    {
      "square": "a6",
      "type": "p",
      "color": "w"
    },
    {
      "square": "f6",
      "type": "k",
      "color": "b"
    },
    {
      "square": "d5",
      "type": "r",
      "color": "w"
    },
    {
      "square": "g5",
      "type": "n",
      "color": "b"
    },
    {
      "square": "g4",
      "type": "p",
      "color": "b"
    },
    {
      "square": "b3",
      "type": "p",
      "color": "w"
    },
    {
      "square": "c3",
      "type": "k",
      "color": "w"
    },
    {
      "square": "e3",
      "type": "p",
      "color": "w"
    },
    {
      "square": "h3",
      "type": "p",
      "color": "b"
    },
    {
      "square": "f1",
      "type": "b",
      "color": "w"
    }
  ]
}