{
  "event": "8th Asian Continental Chess Championship",
  "site": "Subic Bay Free Port",
  "date": "2009.05.21",
  "eventDate": "2009.05.13",
  "dateMillis": 1242835200000,
  "eventDateMillis": 1242144000000,
  "round": "9.5",
  "result": "1-0",
  "white": "Krishnan Sasikiran",
  "black": "Ding Liren",
  "isDingWin": false,
  "isDraw": false,
  "isDingBlack": true,
  "moves": [
    "Qxd8+",
    "Kg6",
    "Qd6+",
    "Kg7",
    "Qg3+",
    "Kf8",
    "Qb8+",
    "Kg7",
    "Qxb7",
    "a5",
    "Qb6",
    "Qg4",
    "Qd4+",
    "f6",
    "a4",
    "Qh4",
    "Qd2",
    "Qg3",
    "Qd7+"
  ],
  "statePieceCount": 14,
  "endPieceCount": 12,
  "boardState": [
    {
      "square": "b8",
      "type": "q",
      "color": "w"
    },
    {
      "square": "d8",
      "type": "r",
      "color": "b"
    },
    {
      "square": "a7",
      "type": "p",
      "color": "b"
    },
    {
      "square": "b7",
      "type": "p",
      "color": "b"
    },
    {
      "square": "f7",
      "type": "p",
      "color": "b"
    },
    {
      "square": "f6",
      "type": "k",
      "color": "b"
    },
    {
      "square": "f5",
      "type": "q",
      "color": "b"
    },
    {
      "square": "e4",
      "type": "p",
      "color": "b"
    },
    {
      "square": "c3",
      "type": "p",
      "color": "w"
    },
    {
      "square": "e3",
      "type": "p",
      "color": "w"
    },
    {
      "square": "a2",
      "type": "p",
      "color": "w"
    },
    {
      "square": "b2",
      "type": "p",
      "color": "w"
    },
    {
      "square": "g2",
      "type": "p",
      "color": "w"
    },
    {
      "square": "g1",
      "type": "k",
      "color": "w"
    }
  ]
}