{
  "event": "Chinese Championship",
  "site": "Xinghua Jiangsu CHN",
  "date": "2009.06.02",
  "eventDate": "2009.05.26",
  "dateMillis": 1243872000000,
  "eventDateMillis": 1243267200000,
  "round": "7",
  "result": "0-1",
  "white": "Yifan Hou",
  "black": "Ding Liren",
  "isDingWin": true,
  "isDraw": false,
  "isDingBlack": true,
  "moves": [
    "Rc5",
    "h4",
    "Rxb5",
    "Rf2+",
    "Kg4",
    "Rg2+",
    "Kh3",
    "Rg3+",
    "Kh2",
    "Bf2",
    "Rb8+",
    "Kg7",
    "Rd8",
    "Be3",
    "f5",
    "exf5",
    "Rd7",
    "Bf4",
    "e6",
    "Re3+",
    "Kg2",
    "h3+",
    "Kf2",
    "h2",
    "Rxf7+",
    "Kg8",
    "Kg2",
    "Re1"
  ],
  "statePieceCount": 14,
  "endPieceCount": 11,
  "boardState": [
    {
      "square": "g8",
      "type": "k",
      "color": "b"
    },
    {
      "square": "f7",
      "type": "p",
      "color": "b"
    },
    {
      "square": "e6",
      "type": "p",
      "color": "b"
    },
    {
      "square": "b5",
      "type": "p",
      "color": "b"
    },
    {
      "square": "e5",
      "type": "p",
      "color": "w"
    },
    {
      "square": "h5",
      "type": "p",
      "color": "b"
    },
    {
      "square": "b4",
      "type": "p",
      "color": "w"
    },
    {
      "square": "f4",
      "type": "p",
      "color": "w"
    },
    {
      "square": "f3",
      "type": "k",
      "color": "w"
    },
    {
      "square": "c2",
      "type": "r",
      "color": "w"
    },
    {
      "square": "d2",
      "type": "p",
      "color": "b"
    },
    {
      "square": "h2",
      "type": "r",
      "color": "b"
    },
    {
      "square": "d1",
      "type": "b",
      "color": "w"
    },
    {
      "square": "e1",
      "type": "b",
      "color": "b"
    }
  ]
}