{
  "event": "Russia vs China (Blitz)",
  "site": "Sochi RUS",
  "date": "2009.08.23",
  "eventDate": "2009.08.23",
  "dateMillis": 1250956800000,
  "eventDateMillis": 1250956800000,
  "round": "10",
  "result": "1/2-1/2",
  "white": "Vladimir Malakhov",
  "black": "Ding Liren",
  "isDingWin": false,
  "isDraw": true,
  "isDingBlack": true,
  "moves": [
    "Bc5",
    "Kg3",
    "Bg6",
    "Kf4",
    "e3",
    "Bd8",
    "h6",
    "h4",
    "Bc2",
    "h5",
    "Bb1",
    "g5",
    "hxg5+",
    "Kxg5",
    "Kh7",
    "Bf6",
    "Bc2",
    "Bb2",
    "Bb1",
    "Kf4",
    "Kh6",
    "Bc1",
    "Bc2",
    "Bxe3",
    "Bxe3+",
    "Kxe3",
    "Kg5",
    "Kd4",
    "Ba4",
    "Kc3",
    "Bd7",
    "Kb4",
    "Be8",
    "Bd1",
    "Bd7",
    "Ba4",
    "Bc8",
    "Be8",
    "Ba6",
    "Kc3",
    "Kh6",
    "Kd4",
    "Kg5",
    "Kc3",
    "Kh6",
    "Kb4",
    "Kg5",
    "Bb5",
    "Bc8",
    "Ka4",
    "Bb7",
    "Be8",
    "Ba6",
    "Kb4",
    "Kh6",
    "Bg6",
    "Kg5",
    "Kc3",
    "Kh6",
    "Kd4",
    "Kg5",
    "Be8",
    "Bb7",
    "Ke4",
    "Ba6",
    "Bb5",
    "Bc8",
    "Be8",
    "Bf5+",
    "Kd4",
    "Bc8",
    "Kc3",
    "Ba6",
    "Kb4",
    "Kh6",
    "Bb5",
    "Bc8",
    "Bc6",
    "Ba6",
    "Bb7",
    "Bxb7",
    "Kb5",
    "Kxh5",
    "Kxb6",
    "Bc8",
    "Kc7",
    "Ba6",
    "Kxd6",
    "Bxc4",
    "Kc5",
    "Bxd5",
    "Kxd5"
  ],
  "statePieceCount": 14,
  "endPieceCount": 2,
  "boardState": [
    {
      "square": "e8",
      "type": "b",
      "color": "b"
    },
    {
      "square": "c7",
      "type": "b",
      "color": "w"
    },
    {
      "square": "g7",
      "type": "k",
      "color": "b"
    },
    {
      "square": "h7",
      "type": "p",
      "color": "b"
    },
    {
      "square": "b6",
      "type": "p",
      "color": "b"
    },
    {
      "square": "d6",
      "type": "p",
      "color": "b"
    },
    {
      "square": "d5",
      "type": "p",
      "color": "w"
    },
    {
      "square": "c4",
      "type": "p",
      "color": "w"
    },
    {
      "square": "d4",
      "type": "b",
      "color": "b"
    },
    {
      "square": "e4",
      "type": "p",
      "color": "b"
    },
    {
      "square": "g4",
      "type": "p",
      "color": "w"
    },
    {
      "square": "h3",
      "type": "p",
      "color": "w"
    },
    {
      "square": "e2",
      "type": "b",
      "color": "w"
    },
    {
      "square": "g2",
      "type": "k",
      "color": "w"
    }
  ]
}