{
  "event": "Russia vs China (Rapid)",
  "site": "Sochi RUS",
  "date": "2009.08.22",
  "eventDate": "2009.08.21",
  "dateMillis": 1250870400000,
  "eventDateMillis": 1250784000000,
  "round": "10",
  "result": "1-0",
  "white": "Ding Liren",
  "black": "Vladimir Malakhov",
  "isDingWin": true,
  "isDraw": false,
  "isDingBlack": false,
  "moves": [
    "Kd7",
    "Rf6",
    "Ra2+",
    "Kf3",
    "Ra3+",
    "Ke2",
    "Ng3+",
    "Kd1",
    "Ne4",
    "Rh6",
    "Rd3+",
    "Ke2",
    "Rc3",
    "f5",
    "Rc2+",
    "Kd1",
    "Rc4",
    "Rh7+",
    "Ke8",
    "f6",
    "Rxb4",
    "c6",
    "Rc4",
    "c7"
  ],
  "statePieceCount": 14,
  "endPieceCount": 13,
  "boardState": [
    {
      "square": "a7",
      "type": "r",
      "color": "b"
    },
    {
      "square": "c6",
      "type": "r",
      "color": "w"
    },
    {
      "square": "e6",
      "type": "k",
      "color": "b"
    },
    {
      "square": "b5",
      "type": "p",
      "color": "b"
    },
    {
      "square": "c5",
      "type": "p",
      "color": "w"
    },
    {
      "square": "d5",
      "type": "p",
      "color": "b"
    },
    {
      "square": "e5",
      "type": "b",
      "color": "w"
    },
    {
      "square": "f5",
      "type": "n",
      "color": "b"
    },
    {
      "square": "h5",
      "type": "p",
      "color": "b"
    },
    {
      "square": "b4",
      "type": "p",
      "color": "w"
    },
    {
      "square": "d4",
      "type": "p",
      "color": "w"
    },
    {
      "square": "f4",
      "type": "p",
      "color": "w"
    },
    {
      "square": "h4",
      "type": "p",
      "color": "w"
    },
    {
      "square": "f2",
      "type": "k",
      "color": "w"
    }
  ]
}