{
  "event": "9th Asian Continental",
  "site": "Olongapo City PHI",
  "date": "2010.04.29",
  "eventDate": "2010.04.21",
  "dateMillis": 1272470400000,
  "eventDateMillis": 1271779200000,
  "round": "9",
  "result": "1-0",
  "white": "Le Quang Liem",
  "black": "Ding Liren",
  "isDingWin": false,
  "isDraw": false,
  "isDingBlack": true,
  "moves": [
    "Bxc8",
    "Rxc8",
    "Nxd6",
    "Rxb2",
    "Nd3",
    "Rcc2",
    "Nxb2",
    "Rxb2",
    "Ra1",
    "Kg5",
    "Nc4",
    "Rc2",
    "Ne5",
    "Kf5",
    "Nd3",
    "Ke4",
    "Ne1",
    "Rc4",
    "Kg2",
    "a4",
    "Ra2",
    "Kf5",
    "Nf3",
    "Rb4",
    "Re2",
    "a3",
    "Re5+",
    "Kf6",
    "Ra5",
    "Rb3",
    "Ra4",
    "Rb2+",
    "Kh3",
    "a2",
    "Kg4",
    "Ke6",
    "h4",
    "Kd5",
    "h5",
    "Kc5",
    "h6",
    "Kb5",
    "Ra8",
    "Rg2+",
    "Kf5"
  ],
  "statePieceCount": 14,
  "endPieceCount": 8,
  "boardState": [
    {
      "square": "c8",
      "type": "n",
      "color": "b"
    },
    {
      "square": "f8",
      "type": "r",
      "color": "b"
    },
    {
      "square": "d6",
      "type": "p",
      "color": "b"
    },
    {
      "square": "h6",
      "type": "k",
      "color": "b"
    },
    {
      "square": "a5",
      "type": "p",
      "color": "b"
    },
    {
      "square": "b5",
      "type": "r",
      "color": "b"
    },
    {
      "square": "e4",
      "type": "n",
      "color": "w"
    },
    {
      "square": "f4",
      "type": "p",
      "color": "b"
    },
    {
      "square": "g4",
      "type": "b",
      "color": "w"
    },
    {
      "square": "b2",
      "type": "p",
      "color": "w"
    },
    {
      "square": "f2",
      "type": "n",
      "color": "w"
    },
    {
      "square": "h2",
      "type": "p",
      "color": "w"
    },
    {
      "square": "d1",
      "type": "r",
      "color": "w"
    },
    {
      "square": "h1",
      "type": "k",
      "color": "w"
    }
  ]
}