{
  "event": "Chinese Championship",
  "site": "Xinghua CHN",
  "date": "2010.06.04",
  "eventDate": "2010.05.24",
  "dateMillis": 1275580800000,
  "eventDateMillis": 1274630400000,
  "round": "11",
  "result": "1/2-1/2",
  "white": "Ding Liren",
  "black": "Zhou Weiqi",
  "isDingWin": false,
  "isDraw": true,
  "isDingBlack": false,
  "moves": [
    "a5",
    "Bxe3",
    "a6",
    "Ba7",
    "Ra5",
    "f6",
    "Rd5",
    "Rc8",
    "Rd6",
    "Bd4",
    "Rxf6",
    "Kg7",
    "Rf3",
    "Kg6",
    "Ra3",
    "Rc7",
    "Ra2",
    "e4",
    "Ra4",
    "Rd7"
  ],
  "statePieceCount": 14,
  "endPieceCount": 12,
  "boardState": [
    {
      "square": "g8",
      "type": "k",
      "color": "b"
    },
    {
      "square": "f7",
      "type": "p",
      "color": "b"
    },
    {
      "square": "c5",
      "type": "b",
      "color": "b"
    },
    {
      "square": "e5",
      "type": "p",
      "color": "b"
    },
    {
      "square": "g5",
      "type": "p",
      "color": "b"
    },
    {
      "square": "a4",
      "type": "p",
      "color": "w"
    },
    {
      "square": "h4",
      "type": "p",
      "color": "b"
    },
    {
      "square": "e3",
      "type": "p",
      "color": "w"
    },
    {
      "square": "c2",
      "type": "r",
      "color": "b"
    },
    {
      "square": "g2",
      "type": "p",
      "color": "w"
    },
    {
      "square": "h2",
      "type": "p",
      "color": "w"
    },
    {
      "square": "a1",
      "type": "r",
      "color": "w"
    },
    {
      "square": "e1",
      "type": "b",
      "color": "w"
    },
    {
      "square": "f1",
      "type": "k",
      "color": "w"
    }
  ]
}