{
  "event": "Chinese Championship",
  "site": "Xinghua CHN",
  "date": "2010.05.28",
  "eventDate": "2010.05.24",
  "dateMillis": 1274976000000,
  "eventDateMillis": 1274630400000,
  "round": "5",
  "result": "1-0",
  "white": "Ding Liren",
  "black": "Yifan Hou",
  "isDingWin": true,
  "isDraw": false,
  "isDingBlack": false,
  "moves": [
    "Rf1",
    "Ke3",
    "Rfxf2",
    "Nd4",
    "Rf1",
    "Nf5",
    "Re1+",
    "Kd4",
    "Kd8",
    "e6"
  ],
  "statePieceCount": 14,
  "endPieceCount": 13,
  "boardState": [
    {
      "square": "e8",
      "type": "k",
      "color": "b"
    },
    {
      "square": "b7",
      "type": "r",
      "color": "w"
    },
    {
      "square": "a6",
      "type": "p",
      "color": "b"
    },
    {
      "square": "b5",
      "type": "p",
      "color": "b"
    },
    {
      "square": "d5",
      "type": "p",
      "color": "w"
    },
    {
      "square": "e5",
      "type": "p",
      "color": "w"
    },
    {
      "square": "b4",
      "type": "p",
      "color": "w"
    },
    {
      "square": "e4",
      "type": "p",
      "color": "w"
    },
    {
      "square": "a3",
      "type": "p",
      "color": "w"
    },
    {
      "square": "f3",
      "type": "k",
      "color": "w"
    },
    {
      "square": "e2",
      "type": "n",
      "color": "w"
    },
    {
      "square": "f2",
      "type": "p",
      "color": "w"
    },
    {
      "square": "h2",
      "type": "r",
      "color": "b"
    },
    {
      "square": "h1",
      "type": "r",
      "color": "b"
    }
  ]
}