{
  "event": "Chinese Championship",
  "site": "Xinghua Jiangsu CHN",
  "date": "2011.04.02",
  "eventDate": "2011.03.30",
  "dateMillis": 1301673600000,
  "eventDateMillis": 1301414400000,
  "round": "4",
  "result": "1/2-1/2",
  "white": "Ding Liren",
  "black": "Yu Yangyi",
  "isDingWin": false,
  "isDraw": true,
  "isDingBlack": false,
  "moves": [
    "Kxh4",
    "g6",
    "g4",
    "Rxd6",
    "Rc7",
    "g5+",
    "Kg3",
    "Rd7",
    "Rxd7",
    "Bxd7",
    "Bxb7",
    "Be6",
    "Bxa6",
    "Bxa2",
    "c4",
    "Kg7",
    "Kf3",
    "Kf6",
    "Ke4",
    "Ke6",
    "c5",
    "Bd5+",
    "Kd4",
    "Bf3",
    "Bc8+",
    "Ke7",
    "Ke3",
    "Bd1",
    "Kd2",
    "Bf3",
    "Ke3",
    "Bd1",
    "Ke4",
    "Kd8",
    "Bf5",
    "Kc7",
    "Ke3",
    "Kc6",
    "Kd4",
    "Be2",
    "Be6",
    "Bd1"
  ],
  "statePieceCount": 14,
  "endPieceCount": 7,
  "boardState": [
    {
      "square": "d8",
      "type": "r",
      "color": "b"
    },
    {
      "square": "b7",
      "type": "p",
      "color": "b"
    },
    {
      "square": "g7",
      "type": "p",
      "color": "b"
    },
    {
      "square": "a6",
      "type": "p",
      "color": "b"
    },
    {
      "square": "d6",
      "type": "p",
      "color": "w"
    },
    {
      "square": "e6",
      "type": "b",
      "color": "b"
    },
    {
      "square": "h6",
      "type": "k",
      "color": "b"
    },
    {
      "square": "c5",
      "type": "r",
      "color": "w"
    },
    {
      "square": "e4",
      "type": "b",
      "color": "w"
    },
    {
      "square": "h4",
      "type": "p",
      "color": "b"
    },
    {
      "square": "c3",
      "type": "p",
      "color": "w"
    },
    {
      "square": "g3",
      "type": "k",
      "color": "w"
    },
    {
      "square": "a2",
      "type": "p",
      "color": "w"
    },
    {
      "square": "g2",
      "type": "p",
      "color": "w"
    }
  ]
}