{
  "event": "Chinese Championship",
  "site": "Xinghua Jiangsu CHN",
  "date": "2011.03.31",
  "eventDate": "2011.03.30",
  "dateMillis": 1301500800000,
  "eventDateMillis": 1301414400000,
  "round": "2",
  "result": "1-0",
  "white": "Ding Liren",
  "black": "Zhang Ziyang",
  "isDingWin": true,
  "isDraw": false,
  "isDingBlack": false,
  "moves": [
    "Kf3",
    "Ne7",
    "Kg3",
    "Ng6",
    "h4",
    "Ne7",
    "Be2",
    "Nc6",
    "Bxh5",
    "d4",
    "Be1",
    "d3",
    "Bf3",
    "Nd4",
    "Bc3",
    "Nxf3",
    "Kxf3",
    "d2",
    "Ke2",
    "d1=Q+",
    "Kxd1",
    "Ne3+",
    "Kd2",
    "Ng2",
    "h5"
  ],
  "statePieceCount": 14,
  "endPieceCount": 10,
  "boardState": [
    {
      "square": "c6",
      "type": "n",
      "color": "b"
    },
    {
      "square": "e6",
      "type": "k",
      "color": "b"
    },
    {
      "square": "b5",
      "type": "p",
      "color": "b"
    },
    {
      "square": "c5",
      "type": "p",
      "color": "w"
    },
    {
      "square": "d5",
      "type": "p",
      "color": "b"
    },
    {
      "square": "f5",
      "type": "p",
      "color": "b"
    },
    {
      "square": "h5",
      "type": "p",
      "color": "b"
    },
    {
      "square": "b4",
      "type": "p",
      "color": "w"
    },
    {
      "square": "c4",
      "type": "n",
      "color": "b"
    },
    {
      "square": "f4",
      "type": "p",
      "color": "w"
    },
    {
      "square": "c3",
      "type": "b",
      "color": "w"
    },
    {
      "square": "d3",
      "type": "b",
      "color": "w"
    },
    {
      "square": "h3",
      "type": "p",
      "color": "w"
    },
    {
      "square": "e2",
      "type": "k",
      "color": "w"
    }
  ]
}