{
  "event": "Hainan Danzhou GM",
  "site": "Danzhou CHN",
  "date": "2011.05.17",
  "eventDate": "2011.05.17",
  "dateMillis": 1305561600000,
  "eventDateMillis": 1305561600000,
  "round": "3",
  "result": "1/2-1/2",
  "white": "Zhou Jianchao",
  "black": "Ding Liren",
  "isDingWin": false,
  "isDraw": true,
  "isDingBlack": true,
  "moves": [
    "h3",
    "Kh2",
    "Kg7",
    "e5",
    "d5",
    "Nf2",
    "Nf4",
    "Ng4",
    "Kf7",
    "Nf6",
    "Ke6",
    "Ne8",
    "Kxe5",
    "Nxc7",
    "Kd6",
    "Nxa6",
    "Kxc6",
    "a4",
    "Kb6",
    "Nb4",
    "Kc5",
    "Na6+",
    "Kd6",
    "Nb4",
    "Rb3",
    "Nxd5",
    "Nxd5",
    "a5",
    "Ke5",
    "a6",
    "Nf6",
    "Re2+",
    "Kd6",
    "a7",
    "Ng4+",
    "Kh1",
    "Rf3",
    "Re1",
    "Rf8",
    "Ra1",
    "Ra8",
    "Ra4",
    "Ne5",
    "Kh2",
    "Nc6",
    "Kxh3",
    "Nxa7",
    "Kg3",
    "Rg8+",
    "Kf3",
    "Nc6",
    "Rh4",
    "Kd5",
    "Ke3",
    "Rg2",
    "b4",
    "Rb2",
    "Rh5+",
    "Ne5",
    "Rh4",
    "Rb3+",
    "Kd2",
    "Nf3+",
    "Kc2",
    "Re3",
    "Rh5+",
    "Kc4",
    "Rc5+",
    "Kxb4",
    "Rc8",
    "Ne5",
    "Kd2",
    "Rh3",
    "Ke2",
    "Nd3",
    "Kd2",
    "Nc5",
    "Ke2",
    "Kc4",
    "Kd2",
    "Rh7",
    "Ke3",
    "Re7+",
    "Kf4",
    "Kd4",
    "Rd8+",
    "Nd7",
    "Kf5",
    "Kd5"
  ],
  "statePieceCount": 14,
  "endPieceCount": 5,
  "boardState": [
    {
      "square": "g8",
      "type": "k",
      "color": "b"
    },
    {
      "square": "c7",
      "type": "p",
      "color": "b"
    },
    {
      "square": "a6",
      "type": "p",
      "color": "b"
    },
    {
      "square": "c6",
      "type": "p",
      "color": "w"
    },
    {
      "square": "d6",
      "type": "p",
      "color": "b"
    },
    {
      "square": "g6",
      "type": "n",
      "color": "b"
    },
    {
      "square": "e4",
      "type": "p",
      "color": "w"
    },
    {
      "square": "h4",
      "type": "p",
      "color": "b"
    },
    {
      "square": "d3",
      "type": "n",
      "color": "w"
    },
    {
      "square": "f3",
      "type": "r",
      "color": "b"
    },
    {
      "square": "a2",
      "type": "p",
      "color": "w"
    },
    {
      "square": "b2",
      "type": "p",
      "color": "w"
    },
    {
      "square": "d2",
      "type": "r",
      "color": "w"
    },
    {
      "square": "g1",
      "type": "k",
      "color": "w"
    }
  ]
}