{
  "event": "Chinese League",
  "site": "Chengdu CHN",
  "date": "2011.05.28",
  "eventDate": "2011.04.12",
  "dateMillis": 1306512000000,
  "eventDateMillis": 1302537600000,
  "round": "6",
  "result": "1/2-1/2",
  "white": "Ding Liren",
  "black": "Ni Hua",
  "isDingWin": false,
  "isDraw": true,
  "isDingBlack": false,
  "moves": [
    "Rh4",
    "Ke5",
    "Kd2",
    "Kf5",
    "Ke1",
    "Kg5",
    "Rc4",
    "h4",
    "Kf1",
    "Nd7",
    "Re4",
    "Kf6",
    "Bg4",
    "h3",
    "Kg1",
    "Ne5",
    "Rf4+",
    "Ke7",
    "Bf5",
    "Rf8",
    "Kh2",
    "b5",
    "Kxh3",
    "bxa4",
    "Re4",
    "Rxf5",
    "f4",
    "Kd6",
    "fxe5+",
    "Rxe5",
    "Rxa4",
    "Rxe2",
    "Rxa5",
    "Re3+",
    "Kg4",
    "Rxc3",
    "Kf4",
    "Rd3",
    "Ke4",
    "Rd1",
    "Ra2",
    "Kc5",
    "Rc2+",
    "Kb6",
    "Rb2+",
    "Kc7",
    "Ke3",
    "c5",
    "Rd2"
  ],
  "statePieceCount": 14,
  "endPieceCount": 5,
  "boardState": [
    {
      "square": "h8",
      "type": "r",
      "color": "b"
    },
    {
      "square": "b7",
      "type": "p",
      "color": "b"
    },
    {
      "square": "c6",
      "type": "p",
      "color": "b"
    },
    {
      "square": "d6",
      "type": "k",
      "color": "b"
    },
    {
      "square": "f6",
      "type": "n",
      "color": "b"
    },
    {
      "square": "a5",
      "type": "p",
      "color": "b"
    },
    {
      "square": "h5",
      "type": "p",
      "color": "b"
    },
    {
      "square": "a4",
      "type": "p",
      "color": "w"
    },
    {
      "square": "c3",
      "type": "p",
      "color": "w"
    },
    {
      "square": "f3",
      "type": "b",
      "color": "w"
    },
    {
      "square": "c2",
      "type": "k",
      "color": "w"
    },
    {
      "square": "e2",
      "type": "p",
      "color": "w"
    },
    {
      "square": "f2",
      "type": "p",
      "color": "w"
    },
    {
      "square": "h1",
      "type": "r",
      "color": "w"
    }
  ]
}