{
  "event": "Chinese Chess Championship",
  "site": "Xinghua CHN",
  "date": "2012.03.28",
  "eventDate": "2012.03.27",
  "dateMillis": 1332864000000,
  "eventDateMillis": 1332777600000,
  "round": "2",
  "result": "1/2-1/2",
  "white": "Yifan Hou",
  "black": "Ding Liren",
  "isDingWin": false,
  "isDraw": true,
  "isDingBlack": true,
  "moves": [
    "Re3",
    "b3",
    "Ne4+",
    "Kg2",
    "Ncd2",
    "Rb7+",
    "Kg8",
    "Rxd2",
    "Nxd2",
    "bxa4",
    "Rxc3",
    "f5",
    "Ne4",
    "a5",
    "Rg3+",
    "Kh2",
    "Rxa3",
    "Ra7",
    "Ra2+",
    "Kg1",
    "Ng5",
    "f6",
    "Nxh3+",
    "Kh1",
    "Nf2+",
    "Kg1",
    "Ne4",
    "Rg7+",
    "Kf8",
    "Rxh7",
    "Rxa5",
    "Rh4",
    "Nxf6",
    "Kg2",
    "Kf7",
    "Rd4",
    "Ke6",
    "Kf3",
    "Ra3+",
    "Ke2",
    "Nd5",
    "Rh4",
    "Ke5",
    "Rh8",
    "Ke4",
    "Re8+",
    "Kd4",
    "Rd8"
  ],
  "statePieceCount": 14,
  "endPieceCount": 5,
  "boardState": [
    {
      "square": "e8",
      "type": "r",
      "color": "b"
    },
    {
      "square": "f7",
      "type": "k",
      "color": "b"
    },
    {
      "square": "h7",
      "type": "p",
      "color": "b"
    },
    {
      "square": "f6",
      "type": "n",
      "color": "b"
    },
    {
      "square": "b5",
      "type": "r",
      "color": "w"
    },
    {
      "square": "a4",
      "type": "p",
      "color": "b"
    },
    {
      "square": "c4",
      "type": "n",
      "color": "b"
    },
    {
      "square": "f4",
      "type": "p",
      "color": "w"
    },
    {
      "square": "a3",
      "type": "p",
      "color": "w"
    },
    {
      "square": "c3",
      "type": "p",
      "color": "w"
    },
    {
      "square": "h3",
      "type": "p",
      "color": "w"
    },
    {
      "square": "a2",
      "type": "r",
      "color": "w"
    },
    {
      "square": "b2",
      "type": "p",
      "color": "w"
    },
    {
      "square": "f2",
      "type": "k",
      "color": "w"
    }
  ]
}