{
  "event": "Chinese Chess Championship",
  "site": "Xinghua CHN",
  "date": "2012.04.03",
  "eventDate": "2012.03.27",
  "dateMillis": 1333382400000,
  "eventDateMillis": 1332777600000,
  "round": "7",
  "result": "0-1",
  "white": "Zhou Jianchao",
  "black": "Ding Liren",
  "isDingWin": true,
  "isDraw": false,
  "isDingBlack": true,
  "moves": [
    "c7",
    "Bxc7",
    "Rxc7",
    "Ra6",
    "Rc2",
    "a3",
    "Ra2",
    "Kd7",
    "Ke2",
    "Kc6",
    "Kd2",
    "Kd5",
    "Kd3",
    "Ra8",
    "Kc2",
    "Ke4",
    "Kb1",
    "Kf3",
    "Rd2",
    "Kxg3",
    "Rd6",
    "Re8"
  ],
  "statePieceCount": 14,
  "endPieceCount": 11,
  "boardState": [
    {
      "square": "d8",
      "type": "b",
      "color": "b"
    },
    {
      "square": "e8",
      "type": "k",
      "color": "b"
    },
    {
      "square": "b6",
      "type": "r",
      "color": "b"
    },
    {
      "square": "c6",
      "type": "p",
      "color": "w"
    },
    {
      "square": "e6",
      "type": "p",
      "color": "b"
    },
    {
      "square": "c5",
      "type": "r",
      "color": "w"
    },
    {
      "square": "e5",
      "type": "p",
      "color": "w"
    },
    {
      "square": "f5",
      "type": "p",
      "color": "b"
    },
    {
      "square": "h5",
      "type": "p",
      "color": "b"
    },
    {
      "square": "a4",
      "type": "p",
      "color": "b"
    },
    {
      "square": "f4",
      "type": "p",
      "color": "w"
    },
    {
      "square": "h4",
      "type": "p",
      "color": "w"
    },
    {
      "square": "g3",
      "type": "p",
      "color": "w"
    },
    {
      "square": "f1",
      "type": "k",
      "color": "w"
    }
  ]
}