{
  "event": "Chinese Chess Championship",
  "site": "Xinghua CHN",
  "date": "2012.04.07",
  "eventDate": "2012.03.27",
  "dateMillis": 1333728000000,
  "eventDateMillis": 1332777600000,
  "round": "11",
  "result": "1/2-1/2",
  "white": "Ni Hua",
  "black": "Ding Liren",
  "isDingWin": false,
  "isDraw": true,
  "isDingBlack": true,
  "moves": [
    "Rxc3",
    "Rxc3"
  ],
  "statePieceCount": 14,
  "endPieceCount": 12,
  "boardState": [
    {
      "square": "h8",
      "type": "k",
      "color": "b"
    },
    {
      "square": "g7",
      "type": "p",
      "color": "b"
    },
    {
      "square": "h6",
      "type": "p",
      "color": "b"
    },
    {
      "square": "a5",
      "type": "p",
      "color": "b"
    },
    {
      "square": "b5",
      "type": "p",
      "color": "b"
    },
    {
      "square": "c5",
      "type": "r",
      "color": "b"
    },
    {
      "square": "a3",
      "type": "p",
      "color": "w"
    },
    {
      "square": "c3",
      "type": "r",
      "color": "b"
    },
    {
      "square": "e3",
      "type": "r",
      "color": "w"
    },
    {
      "square": "e2",
      "type": "k",
      "color": "w"
    },
    {
      "square": "f2",
      "type": "p",
      "color": "w"
    },
    {
      "square": "g2",
      "type": "p",
      "color": "w"
    },
    {
      "square": "h2",
      "type": "p",
      "color": "w"
    },
    {
      "square": "b1",
      "type": "r",
      "color": "w"
    }
  ]
}