{
  "event": "Hainan Danzhou GM",
  "site": "Danzhou CHN",
  "date": "2012.05.30",
  "eventDate": "2012.05.29",
  "dateMillis": 1338307200000,
  "eventDateMillis": 1338220800000,
  "round": "2",
  "result": "1/2-1/2",
  "white": "Ding Liren",
  "black": "Wen Yang",
  "isDingWin": false,
  "isDraw": true,
  "isDingBlack": false,
  "moves": [
    "cxb7",
    "Rxh4",
    "fxe3",
    "Rxh2+",
    "Kf1",
    "Rh1+",
    "Kg2",
    "Rh2+",
    "Kf1",
    "Rh1+",
    "Kg2"
  ],
  "statePieceCount": 14,
  "endPieceCount": 10,
  "boardState": [
    {
      "square": "b7",
      "type": "r",
      "color": "b"
    },
    {
      "square": "h7",
      "type": "k",
      "color": "b"
    },
    {
      "square": "c6",
      "type": "p",
      "color": "w"
    },
    {
      "square": "d6",
      "type": "b",
      "color": "b"
    },
    {
      "square": "h5",
      "type": "r",
      "color": "b"
    },
    {
      "square": "d4",
      "type": "p",
      "color": "b"
    },
    {
      "square": "g4",
      "type": "p",
      "color": "b"
    },
    {
      "square": "h4",
      "type": "p",
      "color": "w"
    },
    {
      "square": "d3",
      "type": "n",
      "color": "w"
    },
    {
      "square": "e3",
      "type": "p",
      "color": "b"
    },
    {
      "square": "e2",
      "type": "r",
      "color": "w"
    },
    {
      "square": "f2",
      "type": "p",
      "color": "w"
    },
    {
      "square": "g2",
      "type": "k",
      "color": "w"
    },
    {
      "square": "h2",
      "type": "p",
      "color": "w"
    }
  ]
}