{
  "event": "World Junior Championship",
  "site": "Athens GRE",
  "date": "2012.08.03",
  "eventDate": "2012.08.02",
  "dateMillis": 1343923200000,
  "eventDateMillis": 1343836800000,
  "round": "2",
  "result": "1/2-1/2",
  "white": "Gao Rui",
  "black": "Ding Liren",
  "isDingWin": false,
  "isDraw": true,
  "isDingBlack": true,
  "moves": [
    "Qd4+",
    "Nf2",
    "e4",
    "Kf1",
    "Nf6",
    "Ke2",
    "g5",
    "Ng4",
    "Kg6",
    "a4",
    "Nxg4",
    "hxg4",
    "Qd7",
    "a5",
    "Qxg4+",
    "Kf2",
    "Qf4+",
    "Ke2",
    "Qh2",
    "Kf2",
    "Qe5",
    "Ke2",
    "Qa1",
    "Qc2",
    "Kf5",
    "Qd2",
    "Kg6",
    "Qc2",
    "Kf5",
    "Qd2",
    "Kg6"
  ],
  "statePieceCount": 14,
  "endPieceCount": 11,
  "boardState": [
    {
      "square": "d7",
      "type": "n",
      "color": "b"
    },
    {
      "square": "g7",
      "type": "k",
      "color": "b"
    },
    {
      "square": "d6",
      "type": "q",
      "color": "b"
    },
    {
      "square": "g6",
      "type": "p",
      "color": "b"
    },
    {
      "square": "c5",
      "type": "p",
      "color": "b"
    },
    {
      "square": "e5",
      "type": "p",
      "color": "b"
    },
    {
      "square": "c4",
      "type": "p",
      "color": "w"
    },
    {
      "square": "h4",
      "type": "p",
      "color": "b"
    },
    {
      "square": "a3",
      "type": "p",
      "color": "w"
    },
    {
      "square": "b3",
      "type": "q",
      "color": "w"
    },
    {
      "square": "d3",
      "type": "n",
      "color": "w"
    },
    {
      "square": "h3",
      "type": "p",
      "color": "w"
    },
    {
      "square": "g2",
      "type": "p",
      "color": "w"
    },
    {
      "square": "g1",
      "type": "k",
      "color": "w"
    }
  ]
}