{
  "event": "SPICE Cup",
  "site": "St Louis USA",
  "date": "2012.10.16",
  "eventDate": "2012.10.13",
  "dateMillis": 1350316800000,
  "eventDateMillis": 1350057600000,
  "round": "4",
  "result": "1/2-1/2",
  "white": "Maxime Vachier-Lagrave",
  "black": "Ding Liren",
  "isDingWin": false,
  "isDraw": true,
  "isDingBlack": true,
  "moves": [
    "Rxe3",
    "Nc3",
    "Kg7",
    "Rd6",
    "b4",
    "Nd5",
    "Rg3+",
    "Kh2",
    "Rd3",
    "Rd7+",
    "Kh6",
    "Kg2",
    "Rd2+",
    "Kg3",
    "Rd3+",
    "Kg2",
    "Rd2+",
    "Kg3",
    "Rxb2",
    "c7",
    "Rc2",
    "Nxb4",
    "Rc3+",
    "Kg2",
    "Rf5",
    "Nd5",
    "Rxd5",
    "Rxd5",
    "Rxc7",
    "Ra5",
    "Rc2+",
    "Kg3",
    "Rc3+",
    "Kg2",
    "Rc2+",
    "Kg3",
    "Rc3+"
  ],
  "statePieceCount": 14,
  "endPieceCount": 8,
  "boardState": [
    {
      "square": "e8",
      "type": "r",
      "color": "b"
    },
    {
      "square": "f8",
      "type": "r",
      "color": "b"
    },
    {
      "square": "a6",
      "type": "p",
      "color": "b"
    },
    {
      "square": "c6",
      "type": "p",
      "color": "w"
    },
    {
      "square": "g6",
      "type": "p",
      "color": "b"
    },
    {
      "square": "h6",
      "type": "k",
      "color": "b"
    },
    {
      "square": "b5",
      "type": "p",
      "color": "b"
    },
    {
      "square": "e3",
      "type": "q",
      "color": "w"
    },
    {
      "square": "h3",
      "type": "p",
      "color": "w"
    },
    {
      "square": "a2",
      "type": "p",
      "color": "w"
    },
    {
      "square": "b2",
      "type": "p",
      "color": "w"
    },
    {
      "square": "e2",
      "type": "n",
      "color": "w"
    },
    {
      "square": "d1",
      "type": "r",
      "color": "w"
    },
    {
      "square": "g1",
      "type": "k",
      "color": "w"
    }
  ]
}