{
  "event": "SPICE Cup",
  "site": "St Louis USA",
  "date": "2012.10.16",
  "eventDate": "2012.10.12",
  "dateMillis": 1350316800000,
  "eventDateMillis": 1349971200000,
  "round": "5",
  "result": "1-0",
  "white": "Ding Liren",
  "black": "Csaba Balogh",
  "isDingWin": true,
  "isDraw": false,
  "isDingBlack": false,
  "moves": [
    "Qf5",
    "Rd1",
    "bxa3",
    "d5",
    "Bf7",
    "Qe5",
    "Qc2",
    "d6",
    "a2",
    "Qe7+",
    "Kc6",
    "Qe4+"
  ],
  "statePieceCount": 14,
  "endPieceCount": 13,
  "boardState": [
    {
      "square": "h8",
      "type": "q",
      "color": "w"
    },
    {
      "square": "d7",
      "type": "k",
      "color": "b"
    },
    {
      "square": "e6",
      "type": "b",
      "color": "b"
    },
    {
      "square": "a5",
      "type": "p",
      "color": "b"
    },
    {
      "square": "b5",
      "type": "q",
      "color": "b"
    },
    {
      "square": "b4",
      "type": "p",
      "color": "b"
    },
    {
      "square": "c4",
      "type": "p",
      "color": "b"
    },
    {
      "square": "d4",
      "type": "p",
      "color": "w"
    },
    {
      "square": "f4",
      "type": "p",
      "color": "w"
    },
    {
      "square": "a3",
      "type": "b",
      "color": "w"
    },
    {
      "square": "c3",
      "type": "p",
      "color": "w"
    },
    {
      "square": "f3",
      "type": "p",
      "color": "w"
    },
    {
      "square": "b1",
      "type": "r",
      "color": "w"
    },
    {
      "square": "e1",
      "type": "k",
      "color": "w"
    }
  ]
}