{
  "event": "SportAccord World Mind Games (Men's Blitz)",
  "site": "Beijing CHN",
  "date": "2012.12.16",
  "eventDate": "2012.12.16",
  "dateMillis": 1355587200000,
  "eventDateMillis": 1355587200000,
  "round": "6.8",
  "result": "0-1",
  "white": "Ding Liren",
  "black": "Shakhriyar Mamedyarov",
  "isDingWin": false,
  "isDraw": false,
  "isDingBlack": false,
  "moves": [
    "Rxc7",
    "Nc5",
    "g2",
    "Ra1",
    "Rxb7",
    "Nxb7",
    "Nxh3",
    "Ke3",
    "g1=Q+",
    "Rxg1",
    "Nxg1",
    "Nd8+",
    "Kf6",
    "Nc6",
    "h3",
    "Kf2",
    "Ne2",
    "Kf3",
    "f4",
    "Ne5",
    "Kf5",
    "Nc6",
    "Ng3"
  ],
  "statePieceCount": 14,
  "endPieceCount": 8,
  "boardState": [
    {
      "square": "c8",
      "type": "r",
      "color": "b"
    },
    {
      "square": "a7",
      "type": "r",
      "color": "w"
    },
    {
      "square": "b7",
      "type": "b",
      "color": "w"
    },
    {
      "square": "c7",
      "type": "p",
      "color": "w"
    },
    {
      "square": "f7",
      "type": "k",
      "color": "b"
    },
    {
      "square": "e6",
      "type": "p",
      "color": "b"
    },
    {
      "square": "f5",
      "type": "p",
      "color": "b"
    },
    {
      "square": "d4",
      "type": "p",
      "color": "w"
    },
    {
      "square": "f4",
      "type": "n",
      "color": "b"
    },
    {
      "square": "h4",
      "type": "p",
      "color": "b"
    },
    {
      "square": "b3",
      "type": "n",
      "color": "w"
    },
    {
      "square": "g3",
      "type": "p",
      "color": "b"
    },
    {
      "square": "h3",
      "type": "p",
      "color": "w"
    },
    {
      "square": "d2",
      "type": "k",
      "color": "w"
    }
  ]
}