{
  "event": "Alekhine Memorial",
  "site": "Paris/St Petersburg FRA/RUS",
  "date": "2013.05.01",
  "eventDate": "2013.04.21",
  "dateMillis": 1367337600000,
  "eventDateMillis": 1366473600000,
  "round": "9",
  "result": "1/2-1/2",
  "white": "Nikita Vitiugov",
  "black": "Ding Liren",
  "isDingWin": false,
  "isDraw": true,
  "isDingBlack": true,
  "moves": [
    "Kf1",
    "Reb2",
    "Rd1",
    "Kf6",
    "Rg8",
    "Rxb5",
    "Re1",
    "Rbb2"
  ],
  "statePieceCount": 14,
  "endPieceCount": 13,
  "boardState": [
    {
      "square": "d7",
      "type": "r",
      "color": "w"
    },
    {
      "square": "g7",
      "type": "r",
      "color": "w"
    },
    {
      "square": "h7",
      "type": "p",
      "color": "b"
    },
    {
      "square": "e6",
      "type": "p",
      "color": "b"
    },
    {
      "square": "b5",
      "type": "p",
      "color": "w"
    },
    {
      "square": "e5",
      "type": "k",
      "color": "b"
    },
    {
      "square": "f5",
      "type": "p",
      "color": "b"
    },
    {
      "square": "a3",
      "type": "p",
      "color": "w"
    },
    {
      "square": "f3",
      "type": "p",
      "color": "w"
    },
    {
      "square": "a2",
      "type": "r",
      "color": "b"
    },
    {
      "square": "e2",
      "type": "r",
      "color": "b"
    },
    {
      "square": "f2",
      "type": "k",
      "color": "w"
    },
    {
      "square": "g2",
      "type": "p",
      "color": "w"
    },
    {
      "square": "h2",
      "type": "p",
      "color": "w"
    }
  ]
}