{
  "event": "Hainan Danzhou GM",
  "site": "Danzhou CHN",
  "date": "2013.05.28",
  "eventDate": "2013.05.20",
  "dateMillis": 1369670400000,
  "eventDateMillis": 1368979200000,
  "round": "8.2",
  "result": "1/2-1/2",
  "white": "Yu Yangyi",
  "black": "Ding Liren",
  "isDingWin": false,
  "isDraw": true,
  "isDingBlack": true,
  "moves": [
    "Kc3",
    "Kg7",
    "Kd3",
    "Kf6",
    "b3",
    "Rxe2",
    "Kxe2",
    "Ra2+",
    "Ke3",
    "Rb2",
    "Rb5",
    "e5",
    "f4",
    "exf4+",
    "Kxf4",
    "Rf2+",
    "Ke3",
    "Rg2",
    "Kf4",
    "Rf2+",
    "Ke3",
    "Rg2",
    "Kf4",
    "Rf2+",
    "Ke3",
    "Rg2",
    "Kf4"
  ],
  "statePieceCount": 14,
  "endPieceCount": 10,
  "boardState": [
    {
      "square": "g8",
      "type": "k",
      "color": "b"
    },
    {
      "square": "a7",
      "type": "r",
      "color": "b"
    },
    {
      "square": "f7",
      "type": "p",
      "color": "b"
    },
    {
      "square": "e6",
      "type": "p",
      "color": "b"
    },
    {
      "square": "g6",
      "type": "p",
      "color": "b"
    },
    {
      "square": "h5",
      "type": "p",
      "color": "b"
    },
    {
      "square": "b4",
      "type": "r",
      "color": "w"
    },
    {
      "square": "h4",
      "type": "p",
      "color": "w"
    },
    {
      "square": "b3",
      "type": "k",
      "color": "w"
    },
    {
      "square": "g3",
      "type": "p",
      "color": "w"
    },
    {
      "square": "a2",
      "type": "r",
      "color": "b"
    },
    {
      "square": "b2",
      "type": "p",
      "color": "w"
    },
    {
      "square": "e2",
      "type": "r",
      "color": "w"
    },
    {
      "square": "f2",
      "type": "p",
      "color": "w"
    }
  ]
}