{
  "event": "Biel",
  "site": "Biel SUI",
  "date": "2013.07.30",
  "eventDate": "2012.07.22",
  "dateMillis": 1375113600000,
  "eventDateMillis": 1342886400000,
  "round": "8.3",
  "result": "0-1",
  "white": "Richard Rapport",
  "black": "Ding Liren",
  "isDingWin": true,
  "isDraw": false,
  "isDingBlack": true,
  "moves": [
    "Rf7+",
    "Ke3",
    "Re1+",
    "Kd2",
    "Rxe4",
    "Qxc5",
    "Rff4",
    "d6",
    "Rd4+",
    "Ke3",
    "Rfe4+",
    "Kf2",
    "Rd2+",
    "Kf3",
    "Red4",
    "Qxb4",
    "Rxd6",
    "Qb8",
    "Rf6+",
    "Ke3",
    "Rd3+",
    "Ke2",
    "Re6+",
    "Kf2",
    "Bh5",
    "Kf1",
    "Rf3+",
    "Kg2",
    "Rg6+",
    "Kh2",
    "Rf7",
    "Qe5",
    "Rfg7",
    "Qf5",
    "Bg4",
    "Qe4",
    "Bd7",
    "b4",
    "Kh8",
    "Qa8+",
    "Rg8"
  ],
  "statePieceCount": 14,
  "endPieceCount": 10,
  "boardState": [
    {
      "square": "c8",
      "type": "q",
      "color": "w"
    },
    {
      "square": "a7",
      "type": "r",
      "color": "b"
    },
    {
      "square": "h7",
      "type": "k",
      "color": "b"
    },
    {
      "square": "a6",
      "type": "p",
      "color": "b"
    },
    {
      "square": "g6",
      "type": "b",
      "color": "b"
    },
    {
      "square": "c5",
      "type": "p",
      "color": "b"
    },
    {
      "square": "d5",
      "type": "p",
      "color": "w"
    },
    {
      "square": "b4",
      "type": "p",
      "color": "b"
    },
    {
      "square": "c4",
      "type": "p",
      "color": "w"
    },
    {
      "square": "e4",
      "type": "p",
      "color": "w"
    },
    {
      "square": "b3",
      "type": "p",
      "color": "w"
    },
    {
      "square": "a2",
      "type": "p",
      "color": "w"
    },
    {
      "square": "f2",
      "type": "k",
      "color": "w"
    },
    {
      "square": "h1",
      "type": "r",
      "color": "b"
    }
  ]
}