{
  "event": "India-China Summit Match",
  "site": "Hyderabad IND",
  "date": "2015.03.03",
  "eventDate": "2015.03.02",
  "dateMillis": 1425312000000,
  "eventDateMillis": 1425225600000,
  "round": "2.1",
  "result": "1/2-1/2",
  "white": "Baskaran Adhiban",
  "black": "Ding Liren",
  "isDingWin": false,
  "isDraw": true,
  "isDingBlack": true,
  "moves": [
    "Rd1",
    "h5",
    "Rd2",
    "Kf8",
    "f3",
    "Ke7",
    "Kf2",
    "Ke6",
    "Ke3",
    "g5",
    "g3",
    "Kd5",
    "h3",
    "h4",
    "g4",
    "Bg6",
    "Rf2",
    "Rb4",
    "Rd2",
    "Kc4",
    "e6",
    "Rb6",
    "e7",
    "Re6+",
    "Kf2",
    "f6",
    "Ba1",
    "Be8",
    "Bb2",
    "Bc6",
    "Kg1",
    "Re1+",
    "Kg2",
    "f5",
    "Kf2",
    "Rxe7",
    "gxf5",
    "Rb7",
    "f6",
    "Bd5",
    "Ke3",
    "Be6",
    "Rh2",
    "Bxh3",
    "f7",
    "Rxf7",
    "Rxh3",
    "Re7+",
    "Kd2",
    "Re2+",
    "Kc1",
    "Rc2+",
    "Kb1",
    "Rg2",
    "Kc1",
    "d2+",
    "Kc2",
    "d1=Q+",
    "Kxd1",
    "Rxb2",
    "f4",
    "Rb3",
    "Rh2",
    "Ra3",
    "Kc1",
    "g4",
    "Rxh4",
    "g3",
    "Rg4",
    "Kd4",
    "f5+",
    "Ke5",
    "Kd2",
    "Kxf5",
    "Rg8",
    "Kf4",
    "Ke2",
    "Ra1",
    "Rg7",
    "Rh1",
    "Rg8",
    "Rg1",
    "Rg7",
    "Ra1"
  ],
  "statePieceCount": 14,
  "endPieceCount": 5,
  "boardState": [
    {
      "square": "g8",
      "type": "k",
      "color": "b"
    },
    {
      "square": "f7",
      "type": "p",
      "color": "b"
    },
    {
      "square": "g7",
      "type": "p",
      "color": "b"
    },
    {
      "square": "h6",
      "type": "p",
      "color": "b"
    },
    {
      "square": "e5",
      "type": "p",
      "color": "w"
    },
    {
      "square": "f5",
      "type": "b",
      "color": "b"
    },
    {
      "square": "c4",
      "type": "r",
      "color": "b"
    },
    {
      "square": "d3",
      "type": "p",
      "color": "b"
    },
    {
      "square": "b2",
      "type": "b",
      "color": "w"
    },
    {
      "square": "f2",
      "type": "p",
      "color": "w"
    },
    {
      "square": "g2",
      "type": "p",
      "color": "w"
    },
    {
      "square": "h2",
      "type": "p",
      "color": "w"
    },
    {
      "square": "f1",
      "type": "r",
      "color": "w"
    },
    {
      "square": "g1",
      "type": "k",
      "color": "w"
    }
  ]
}