{
  "event": "Chinese Championship",
  "site": "Xinghua CHN",
  "date": "2015.05.27",
  "eventDate": "2015.05.18",
  "dateMillis": 1432656000000,
  "eventDateMillis": 1431878400000,
  "round": "9.4",
  "result": "1/2-1/2",
  "white": "Ding Liren",
  "black": "Zhou Jianchao",
  "isDingWin": false,
  "isDraw": true,
  "isDingBlack": false,
  "moves": [
    "Rxb6",
    "Rc3",
    "Rb2+",
    "Kh3",
    "Rxa2",
    "Rxc4",
    "Ra3"
  ],
  "statePieceCount": 14,
  "endPieceCount": 11,
  "boardState": [
    {
      "square": "f7",
      "type": "p",
      "color": "b"
    },
    {
      "square": "g7",
      "type": "k",
      "color": "b"
    },
    {
      "square": "h7",
      "type": "p",
      "color": "b"
    },
    {
      "square": "b6",
      "type": "r",
      "color": "w"
    },
    {
      "square": "c6",
      "type": "r",
      "color": "b"
    },
    {
      "square": "g6",
      "type": "p",
      "color": "b"
    },
    {
      "square": "c4",
      "type": "p",
      "color": "b"
    },
    {
      "square": "f4",
      "type": "p",
      "color": "w"
    },
    {
      "square": "a3",
      "type": "r",
      "color": "w"
    },
    {
      "square": "f3",
      "type": "p",
      "color": "w"
    },
    {
      "square": "g3",
      "type": "p",
      "color": "w"
    },
    {
      "square": "a2",
      "type": "p",
      "color": "w"
    },
    {
      "square": "g2",
      "type": "k",
      "color": "w"
    },
    {
      "square": "h2",
      "type": "p",
      "color": "w"
    }
  ]
}