{
  "event": "Hainan Danzhou GM",
  "site": "Danzhou CHN",
  "date": "2015.07.05",
  "eventDate": "2015.07.02",
  "dateMillis": 1436025600000,
  "eventDateMillis": 1435766400000,
  "round": "4",
  "result": "1/2-1/2",
  "white": "Ding Liren",
  "black": "Lazaro Bruzon Batista",
  "isDingWin": false,
  "isDraw": true,
  "isDingBlack": false,
  "moves": [
    "Bb3",
    "Ne3",
    "e6",
    "Kf8",
    "Kf2",
    "Nxf5",
    "exf7",
    "Ke7",
    "a4",
    "g5",
    "g4",
    "Nd6",
    "Ke3",
    "a5",
    "Kd3",
    "Kf8",
    "Bd5",
    "Ke7"
  ],
  "statePieceCount": 14,
  "endPieceCount": 12,
  "boardState": [
    {
      "square": "g8",
      "type": "k",
      "color": "b"
    },
    {
      "square": "a7",
      "type": "p",
      "color": "b"
    },
    {
      "square": "f7",
      "type": "p",
      "color": "b"
    },
    {
      "square": "g7",
      "type": "p",
      "color": "b"
    },
    {
      "square": "h6",
      "type": "p",
      "color": "b"
    },
    {
      "square": "c5",
      "type": "p",
      "color": "b"
    },
    {
      "square": "d5",
      "type": "n",
      "color": "b"
    },
    {
      "square": "e5",
      "type": "p",
      "color": "w"
    },
    {
      "square": "f5",
      "type": "p",
      "color": "w"
    },
    {
      "square": "g3",
      "type": "p",
      "color": "w"
    },
    {
      "square": "a2",
      "type": "p",
      "color": "w"
    },
    {
      "square": "h2",
      "type": "p",
      "color": "w"
    },
    {
      "square": "d1",
      "type": "b",
      "color": "w"
    },
    {
      "square": "g1",
      "type": "k",
      "color": "w"
    }
  ]
}