{
  "event": "Ding Liren - Gelfand",
  "site": "Wenzhou CHN",
  "date": "2015.07.19",
  "eventDate": "2015.07.16",
  "dateMillis": 1437235200000,
  "eventDateMillis": 1436976000000,
  "round": "4",
  "result": "1-0",
  "white": "Ding Liren",
  "black": "Boris Gelfand",
  "isDingWin": true,
  "isDraw": false,
  "isDingBlack": false,
  "moves": [
    "Nd6",
    "Be6",
    "Bc8",
    "Bxc8",
    "Nxc8",
    "Bc5",
    "Kg6",
    "g4",
    "Kf7",
    "f5",
    "Kf6",
    "h4",
    "Ke5",
    "h5",
    "d4",
    "Kg3"
  ],
  "statePieceCount": 14,
  "endPieceCount": 12,
  "boardState": [
    {
      "square": "b7",
      "type": "b",
      "color": "b"
    },
    {
      "square": "f7",
      "type": "b",
      "color": "w"
    },
    {
      "square": "g7",
      "type": "p",
      "color": "b"
    },
    {
      "square": "h7",
      "type": "k",
      "color": "b"
    },
    {
      "square": "c6",
      "type": "p",
      "color": "b"
    },
    {
      "square": "b5",
      "type": "p",
      "color": "b"
    },
    {
      "square": "d5",
      "type": "p",
      "color": "b"
    },
    {
      "square": "b4",
      "type": "p",
      "color": "w"
    },
    {
      "square": "d4",
      "type": "b",
      "color": "w"
    },
    {
      "square": "e4",
      "type": "n",
      "color": "b"
    },
    {
      "square": "f4",
      "type": "p",
      "color": "w"
    },
    {
      "square": "h3",
      "type": "p",
      "color": "w"
    },
    {
      "square": "g2",
      "type": "p",
      "color": "w"
    },
    {
      "square": "h2",
      "type": "k",
      "color": "w"
    }
  ]
}