{
  "event": "Ding Liren - Gelfand",
  "site": "Wenzhou CHN",
  "date": "2015.07.16",
  "eventDate": "2015.07.16",
  "dateMillis": 1436976000000,
  "eventDateMillis": 1436976000000,
  "round": "1",
  "result": "1/2-1/2",
  "white": "Boris Gelfand",
  "black": "Ding Liren",
  "isDingWin": false,
  "isDraw": true,
  "isDingBlack": true,
  "moves": [
    "Rb1+",
    "Ke2",
    "Rb2+",
    "Ke1",
    "Bd4",
    "d6+",
    "Ke6",
    "Rd5",
    "Bxf2+",
    "Kd1",
    "Bb6",
    "d7",
    "Ke7",
    "Kc1",
    "Ra2",
    "Rb5",
    "Bd8",
    "Rb4",
    "Kxd7",
    "Rxf4",
    "f5",
    "Rd4+",
    "Ke7",
    "Kb1",
    "Ra6",
    "Rc4",
    "Ra5",
    "Rc6",
    "Kf7",
    "Kc2",
    "Kg7",
    "Kd3",
    "Kh6",
    "Rc8",
    "Be7",
    "Ra8",
    "Re5",
    "Ra2",
    "Re1",
    "Be2",
    "Bc5",
    "Ra5",
    "Bf2",
    "g4",
    "f4",
    "g5+",
    "Kg7",
    "Kd2",
    "Rh1",
    "Rb5",
    "Be1+",
    "Kd1",
    "Bf2+",
    "Kd2",
    "Rxh3",
    "Bc4",
    "Bh4",
    "Kc2",
    "h5",
    "Rb7+",
    "Kf8",
    "Rf7+",
    "Ke8",
    "Rxf4",
    "Bxg5",
    "Rf1",
    "Rh2+",
    "Kb3",
    "Ke7",
    "Bd3",
    "h4",
    "Bxg6",
    "Re2",
    "Rf3",
    "Re3+"
  ],
  "statePieceCount": 14,
  "endPieceCount": 7,
  "boardState": [
    {
      "square": "b8",
      "type": "r",
      "color": "b"
    },
    {
      "square": "e7",
      "type": "k",
      "color": "b"
    },
    {
      "square": "f7",
      "type": "p",
      "color": "b"
    },
    {
      "square": "h7",
      "type": "p",
      "color": "b"
    },
    {
      "square": "g6",
      "type": "p",
      "color": "b"
    },
    {
      "square": "c5",
      "type": "r",
      "color": "w"
    },
    {
      "square": "d5",
      "type": "p",
      "color": "w"
    },
    {
      "square": "e5",
      "type": "b",
      "color": "b"
    },
    {
      "square": "f4",
      "type": "p",
      "color": "b"
    },
    {
      "square": "f3",
      "type": "b",
      "color": "w"
    },
    {
      "square": "h3",
      "type": "p",
      "color": "w"
    },
    {
      "square": "f2",
      "type": "p",
      "color": "w"
    },
    {
      "square": "g2",
      "type": "p",
      "color": "w"
    },
    {
      "square": "f1",
      "type": "k",
      "color": "w"
    }
  ]
}