{
  "event": "Hainan Danzhou GM",
  "site": "Danzhou CHN",
  "date": "2015.07.06",
  "eventDate": "2015.07.02",
  "dateMillis": 1436112000000,
  "eventDateMillis": 1435766400000,
  "round": "5",
  "result": "1-0",
  "white": "Wang Yue",
  "black": "Ding Liren",
  "isDingWin": false,
  "isDraw": false,
  "isDingBlack": true,
  "moves": [
    "Bxf6",
    "Kf2",
    "Bh4+",
    "Kf3",
    "Kg5",
    "Be2",
    "Be1",
    "Ke4",
    "Bc3",
    "Bf3",
    "Bb4",
    "Kxe5",
    "Bc3+",
    "Kd5",
    "Bd2",
    "Kc6",
    "Ba5",
    "Bd1",
    "Kh6",
    "b4",
    "cxb4",
    "Bb3",
    "Kg5",
    "Kd5"
  ],
  "statePieceCount": 14,
  "endPieceCount": 11,
  "boardState": [
    {
      "square": "g7",
      "type": "b",
      "color": "b"
    },
    {
      "square": "b6",
      "type": "p",
      "color": "b"
    },
    {
      "square": "f6",
      "type": "q",
      "color": "w"
    },
    {
      "square": "h6",
      "type": "k",
      "color": "b"
    },
    {
      "square": "c5",
      "type": "p",
      "color": "b"
    },
    {
      "square": "e5",
      "type": "p",
      "color": "b"
    },
    {
      "square": "h5",
      "type": "p",
      "color": "w"
    },
    {
      "square": "a4",
      "type": "p",
      "color": "w"
    },
    {
      "square": "f4",
      "type": "p",
      "color": "b"
    },
    {
      "square": "g4",
      "type": "p",
      "color": "w"
    },
    {
      "square": "b3",
      "type": "p",
      "color": "w"
    },
    {
      "square": "d3",
      "type": "b",
      "color": "w"
    },
    {
      "square": "g2",
      "type": "p",
      "color": "w"
    },
    {
      "square": "g1",
      "type": "k",
      "color": "w"
    }
  ]
}