{
  "event": "Chinese Team Championship",
  "site": "China CHN",
  "date": "2015.07.25",
  "eventDate": "2015.04.10",
  "dateMillis": 1437753600000,
  "eventDateMillis": 1428595200000,
  "round": "9.5",
  "result": "0-1",
  "white": "Vladimir Malakhov",
  "black": "Ding Liren",
  "isDingWin": true,
  "isDraw": false,
  "isDingBlack": true,
  "moves": [
    "Qf4",
    "g3",
    "Qxd4",
    "Ne3",
    "a3",
    "Nf5",
    "Qe5"
  ],
  "statePieceCount": 14,
  "endPieceCount": 13,
  "boardState": [
    {
      "square": "h8",
      "type": "k",
      "color": "b"
    },
    {
      "square": "c7",
      "type": "b",
      "color": "b"
    },
    {
      "square": "g7",
      "type": "p",
      "color": "b"
    },
    {
      "square": "e6",
      "type": "q",
      "color": "w"
    },
    {
      "square": "h6",
      "type": "p",
      "color": "b"
    },
    {
      "square": "a4",
      "type": "p",
      "color": "b"
    },
    {
      "square": "d4",
      "type": "p",
      "color": "w"
    },
    {
      "square": "c3",
      "type": "n",
      "color": "b"
    },
    {
      "square": "h3",
      "type": "p",
      "color": "w"
    },
    {
      "square": "f2",
      "type": "p",
      "color": "w"
    },
    {
      "square": "g2",
      "type": "p",
      "color": "w"
    },
    {
      "square": "c1",
      "type": "q",
      "color": "b"
    },
    {
      "square": "f1",
      "type": "n",
      "color": "w"
    },
    {
      "square": "g1",
      "type": "k",
      "color": "w"
    }
  ]
}