{
  "event": "Tata Steel Masters",
  "site": "Amsterdam  NED",
  "date": "2016.01.21",
  "eventDate": "2016.01.15",
  "dateMillis": 1453305600000,
  "eventDateMillis": 1452787200000,
  "round": "5",
  "result": "1-0",
  "white": "Ding Liren",
  "black": "Sergey Karjakin",
  "isDingWin": true,
  "isDraw": false,
  "isDingBlack": false,
  "moves": [
    "Bb6",
    "Kd6",
    "Bxa5",
    "Kc5",
    "Bd8",
    "Nf5",
    "Kc2",
    "Nd4+",
    "Kd3",
    "Nf5",
    "Bc7",
    "Kc6",
    "Bf4",
    "Kc5",
    "Be3+",
    "Kb5",
    "Ke2",
    "Nh4",
    "Bd2",
    "Nf5",
    "Kf3",
    "Nd4+",
    "Kf4",
    "Nc6",
    "Be3",
    "Ka6",
    "Bc5",
    "Kb5",
    "Bd6",
    "Ka5",
    "Ke3"
  ],
  "statePieceCount": 14,
  "endPieceCount": 13,
  "boardState": [
    {
      "square": "e7",
      "type": "k",
      "color": "b"
    },
    {
      "square": "g7",
      "type": "n",
      "color": "b"
    },
    {
      "square": "h7",
      "type": "p",
      "color": "b"
    },
    {
      "square": "g6",
      "type": "p",
      "color": "b"
    },
    {
      "square": "a5",
      "type": "p",
      "color": "b"
    },
    {
      "square": "d5",
      "type": "p",
      "color": "b"
    },
    {
      "square": "g5",
      "type": "p",
      "color": "w"
    },
    {
      "square": "b4",
      "type": "p",
      "color": "b"
    },
    {
      "square": "b3",
      "type": "p",
      "color": "w"
    },
    {
      "square": "e3",
      "type": "b",
      "color": "w"
    },
    {
      "square": "a2",
      "type": "p",
      "color": "w"
    },
    {
      "square": "f2",
      "type": "p",
      "color": "w"
    },
    {
      "square": "h2",
      "type": "p",
      "color": "w"
    },
    {
      "square": "b1",
      "type": "k",
      "color": "w"
    }
  ]
}