{
  "event": "Tata Steel Masters",
  "site": "Utrecht NED",
  "date": "2016.01.27",
  "eventDate": "2016.01.15",
  "dateMillis": 1453824000000,
  "eventDateMillis": 1452787200000,
  "round": "10",
  "result": "1/2-1/2",
  "white": "Ding Liren",
  "black": "Loek van Wely",
  "isDingWin": false,
  "isDraw": true,
  "isDingBlack": false,
  "moves": [
    "Rxb7",
    "h5",
    "Rd7",
    "h4",
    "h3",
    "Qe6",
    "Kh1",
    "Qe4",
    "Rc7",
    "Kf8",
    "Rc3",
    "Kg7",
    "Rf3",
    "Qe1",
    "Kh2",
    "Qe5+",
    "Kg1",
    "Qe1",
    "Rf2",
    "Qb1",
    "Rd2",
    "f5",
    "Kf2",
    "g4",
    "Ne3",
    "Qe4",
    "hxg4",
    "fxg4",
    "Rd5",
    "Kf6",
    "Rf5+",
    "Ke7",
    "Ke2",
    "h3",
    "gxh3",
    "gxh3",
    "Rh5",
    "Qh1",
    "Rh7+",
    "Kf8",
    "Bc4",
    "h2"
  ],
  "statePieceCount": 14,
  "endPieceCount": 9,
  "boardState": [
    {
      "square": "b7",
      "type": "p",
      "color": "b"
    },
    {
      "square": "d7",
      "type": "r",
      "color": "w"
    },
    {
      "square": "f7",
      "type": "p",
      "color": "b"
    },
    {
      "square": "g7",
      "type": "k",
      "color": "b"
    },
    {
      "square": "h6",
      "type": "p",
      "color": "b"
    },
    {
      "square": "a5",
      "type": "p",
      "color": "b"
    },
    {
      "square": "b5",
      "type": "b",
      "color": "w"
    },
    {
      "square": "g5",
      "type": "p",
      "color": "b"
    },
    {
      "square": "a4",
      "type": "p",
      "color": "w"
    },
    {
      "square": "b3",
      "type": "q",
      "color": "b"
    },
    {
      "square": "g2",
      "type": "p",
      "color": "w"
    },
    {
      "square": "h2",
      "type": "p",
      "color": "w"
    },
    {
      "square": "f1",
      "type": "n",
      "color": "w"
    },
    {
      "square": "g1",
      "type": "k",
      "color": "w"
    }
  ]
}