{
  "event": "Chinese Chess League",
  "site": "CHN",
  "date": "2016.04.14",
  "eventDate": "2016.04.12",
  "dateMillis": 1460563200000,
  "eventDateMillis": 1460390400000,
  "round": "3.6",
  "result": "1-0",
  "white": "Ding Liren",
  "black": "Di Li",
  "isDingWin": true,
  "isDraw": false,
  "isDingBlack": false,
  "moves": [
    "Kxe3",
    "Bg7"
  ],
  "statePieceCount": 14,
  "endPieceCount": 13,
  "boardState": [
    {
      "square": "c8",
      "type": "b",
      "color": "w"
    },
    {
      "square": "d7",
      "type": "n",
      "color": "b"
    },
    {
      "square": "h7",
      "type": "p",
      "color": "b"
    },
    {
      "square": "c6",
      "type": "b",
      "color": "b"
    },
    {
      "square": "b5",
      "type": "p",
      "color": "b"
    },
    {
      "square": "d5",
      "type": "p",
      "color": "b"
    },
    {
      "square": "e5",
      "type": "b",
      "color": "w"
    },
    {
      "square": "b4",
      "type": "k",
      "color": "w"
    },
    {
      "square": "d4",
      "type": "p",
      "color": "w"
    },
    {
      "square": "e4",
      "type": "k",
      "color": "b"
    },
    {
      "square": "b3",
      "type": "p",
      "color": "w"
    },
    {
      "square": "e3",
      "type": "p",
      "color": "w"
    },
    {
      "square": "a2",
      "type": "p",
      "color": "w"
    },
    {
      "square": "h2",
      "type": "p",
      "color": "w"
    }
  ]
}