{
  "event": "Chinese Chess League",
  "site": "CHN",
  "date": "2016.04.13",
  "eventDate": "2016.04.12",
  "dateMillis": 1460476800000,
  "eventDateMillis": 1460390400000,
  "round": "2.1",
  "result": "0-1",
  "white": "Chang Liu",
  "black": "Ding Liren",
  "isDingWin": true,
  "isDraw": false,
  "isDingBlack": true,
  "moves": [
    "Rb2+",
    "Ne2",
    "Nf6",
    "h4+",
    "Kh6",
    "Ke3",
    "g5",
    "hxg5+",
    "Kxg5",
    "Rd2",
    "Ng4+",
    "Bxg4",
    "Rxd2",
    "Kxd2",
    "Kxg4",
    "Ke3",
    "Bxg3",
    "Nd4",
    "Be5",
    "Nf3",
    "Bf6",
    "Ng1",
    "Bd8",
    "Ne2",
    "Bb6+",
    "Kd3",
    "f4",
    "Nc3",
    "f3",
    "Ne4",
    "Kh3"
  ],
  "statePieceCount": 14,
  "endPieceCount": 7,
  "boardState": [
    {
      "square": "g8",
      "type": "n",
      "color": "b"
    },
    {
      "square": "d6",
      "type": "p",
      "color": "b"
    },
    {
      "square": "g6",
      "type": "p",
      "color": "b"
    },
    {
      "square": "d5",
      "type": "p",
      "color": "w"
    },
    {
      "square": "e5",
      "type": "b",
      "color": "b"
    },
    {
      "square": "f5",
      "type": "p",
      "color": "b"
    },
    {
      "square": "g5",
      "type": "k",
      "color": "b"
    },
    {
      "square": "b4",
      "type": "r",
      "color": "b"
    },
    {
      "square": "d3",
      "type": "r",
      "color": "w"
    },
    {
      "square": "f3",
      "type": "b",
      "color": "w"
    },
    {
      "square": "g3",
      "type": "p",
      "color": "w"
    },
    {
      "square": "h3",
      "type": "p",
      "color": "w"
    },
    {
      "square": "f2",
      "type": "k",
      "color": "w"
    },
    {
      "square": "c1",
      "type": "n",
      "color": "w"
    }
  ]
}