{
  "event": "Hainan Danzhou GM",
  "site": "Danzhou CHN",
  "date": "2016.07.15",
  "eventDate": "2016.07.06",
  "dateMillis": 1468512000000,
  "eventDateMillis": 1467734400000,
  "round": "7",
  "result": "1-0",
  "white": "Ding Liren",
  "black": "Yu Yangyi",
  "isDingWin": true,
  "isDraw": false,
  "isDingBlack": false,
  "moves": [
    "Qd4",
    "Qc3",
    "Qf4+",
    "Ka8",
    "Qe4+",
    "Kb8",
    "Rd4",
    "Qc1+",
    "Kg2",
    "Qb2+",
    "Kf3",
    "Qc3+",
    "Kg4",
    "Rg8+",
    "Kh4",
    "Rh8+",
    "Kg5",
    "Qc1+",
    "Qf4+",
    "Qxf4+",
    "Kxf4",
    "Rxh2",
    "Rxb4+",
    "Kc7",
    "Kg5",
    "Rh8",
    "g4",
    "Rg8+",
    "Kf4",
    "Rd8",
    "Ra4",
    "Kb6",
    "Ra1",
    "a5",
    "Rh1",
    "Kc5",
    "Rh7",
    "Rd7",
    "g5",
    "Kd6",
    "Rh3",
    "e5+",
    "Kf5",
    "e4",
    "Kxe4",
    "Ke6",
    "Rh8",
    "Rb7",
    "Re8+",
    "Kd6",
    "Kf5",
    "Rb5+",
    "Kg4",
    "Rb4+",
    "Kh5",
    "Rxb3",
    "Re7",
    "Rh3+",
    "Kg4",
    "Rh7",
    "Ra7",
    "Ke6",
    "Ra6+",
    "Kd7",
    "g6"
  ],
  "statePieceCount": 14,
  "endPieceCount": 8,
  "boardState": [
    {
      "square": "b8",
      "type": "k",
      "color": "b"
    },
    {
      "square": "h8",
      "type": "r",
      "color": "b"
    },
    {
      "square": "a7",
      "type": "p",
      "color": "b"
    },
    {
      "square": "f7",
      "type": "p",
      "color": "b"
    },
    {
      "square": "e6",
      "type": "p",
      "color": "b"
    },
    {
      "square": "f6",
      "type": "p",
      "color": "w"
    },
    {
      "square": "c5",
      "type": "q",
      "color": "b"
    },
    {
      "square": "b4",
      "type": "p",
      "color": "b"
    },
    {
      "square": "b3",
      "type": "p",
      "color": "w"
    },
    {
      "square": "d3",
      "type": "q",
      "color": "w"
    },
    {
      "square": "g3",
      "type": "p",
      "color": "w"
    },
    {
      "square": "h2",
      "type": "p",
      "color": "w"
    },
    {
      "square": "d1",
      "type": "r",
      "color": "w"
    },
    {
      "square": "g1",
      "type": "k",
      "color": "w"
    }
  ]
}