{
  "event": "Sinquefield Cup",
  "site": "Saint Louis, MO USA",
  "date": "2016.08.09",
  "eventDate": "2016.08.04",
  "dateMillis": 1470672000000,
  "eventDateMillis": 1470240000000,
  "round": "5",
  "result": "1-0",
  "white": "Veselin Topalov",
  "black": "Ding Liren",
  "isDingWin": false,
  "isDraw": false,
  "isDingBlack": true,
  "moves": [
    "Rxb6",
    "Bf5",
    "Rd6",
    "Bg6",
    "Rd8",
    "Bf5",
    "Rd6",
    "Bg6",
    "Rc8",
    "Rb7",
    "Rdd8",
    "Bd3",
    "Ne6",
    "Bf1",
    "Nf8+",
    "Kg8",
    "Ng6+",
    "Kh7",
    "Nf8+",
    "Kg8",
    "Ne6+",
    "Kh7",
    "Rh8+",
    "Kg6",
    "Nf4+",
    "Kg5",
    "Rhf8",
    "Rbb2",
    "Rc7",
    "g6",
    "g3"
  ],
  "statePieceCount": 14,
  "endPieceCount": 13,
  "boardState": [
    {
      "square": "b8",
      "type": "r",
      "color": "w"
    },
    {
      "square": "f7",
      "type": "r",
      "color": "b"
    },
    {
      "square": "g7",
      "type": "p",
      "color": "b"
    },
    {
      "square": "h7",
      "type": "k",
      "color": "b"
    },
    {
      "square": "b6",
      "type": "b",
      "color": "b"
    },
    {
      "square": "e6",
      "type": "b",
      "color": "b"
    },
    {
      "square": "h6",
      "type": "p",
      "color": "b"
    },
    {
      "square": "d4",
      "type": "n",
      "color": "w"
    },
    {
      "square": "f3",
      "type": "p",
      "color": "w"
    },
    {
      "square": "h3",
      "type": "p",
      "color": "w"
    },
    {
      "square": "a2",
      "type": "r",
      "color": "b"
    },
    {
      "square": "g2",
      "type": "p",
      "color": "w"
    },
    {
      "square": "c1",
      "type": "r",
      "color": "w"
    },
    {
      "square": "h1",
      "type": "k",
      "color": "w"
    }
  ]
}