{
  "event": "Chess Olympiad",
  "site": "Baku AZE",
  "date": "2016.09.02",
  "dateMillis": 1472745600000,
  "eventDateMillis": null,
  "round": "1",
  "result": "0-1",
  "white": "Nderim Saraci",
  "black": "Ding Liren",
  "isDingWin": true,
  "isDraw": false,
  "isDingBlack": true,
  "moves": [
    "Rxa4",
    "Rxg2",
    "Kf1",
    "Rg8",
    "Ra7",
    "Rc8",
    "Ra6",
    "f3",
    "Rc6",
    "Ra8",
    "Ra6",
    "Rh8",
    "Kg1",
    "Kf4",
    "Ra4",
    "Ke5",
    "Ra7",
    "Rc8",
    "Ra6",
    "Kd4",
    "Ra4",
    "Kd3",
    "Kf1",
    "Rh8",
    "Kg1",
    "Rh5",
    "Rb4",
    "Kc3",
    "Ra4",
    "Kb3",
    "Ra7",
    "Kxc4",
    "Rxc7+",
    "Kxb5",
    "Re7",
    "Re5"
  ],
  "statePieceCount": 14,
  "endPieceCount": 9,
  "boardState": [
    {
      "square": "c7",
      "type": "p",
      "color": "b"
    },
    {
      "square": "d6",
      "type": "p",
      "color": "b"
    },
    {
      "square": "b5",
      "type": "p",
      "color": "w"
    },
    {
      "square": "d5",
      "type": "p",
      "color": "w"
    },
    {
      "square": "e5",
      "type": "k",
      "color": "b"
    },
    {
      "square": "a4",
      "type": "r",
      "color": "b"
    },
    {
      "square": "c4",
      "type": "p",
      "color": "w"
    },
    {
      "square": "e4",
      "type": "p",
      "color": "b"
    },
    {
      "square": "f4",
      "type": "p",
      "color": "b"
    },
    {
      "square": "g4",
      "type": "r",
      "color": "b"
    },
    {
      "square": "a2",
      "type": "r",
      "color": "w"
    },
    {
      "square": "e2",
      "type": "k",
      "color": "w"
    },
    {
      "square": "f2",
      "type": "p",
      "color": "w"
    },
    {
      "square": "g2",
      "type": "p",
      "color": "w"
    }
  ]
}