{
  "event": "Chess Olympiad",
  "site": "Baku AZE",
  "date": "2016.09.05",
  "eventDate": "2016.09.02",
  "dateMillis": 1473004800000,
  "eventDateMillis": 1472745600000,
  "round": "4.5",
  "result": "0-1",
  "white": "Axel Rombaldoni",
  "black": "Ding Liren",
  "isDingWin": true,
  "isDraw": false,
  "isDingBlack": true,
  "moves": [
    "Kg8",
    "Rxc5",
    "Nh7",
    "Rc8+",
    "Nf8",
    "Rc4",
    "h3",
    "Rh4",
    "Nh7",
    "f7+",
    "Kg7",
    "Kf2",
    "Rg2+",
    "Kf1",
    "Rxb2",
    "Rxh3",
    "Rxa2",
    "Rg3+",
    "Ng5",
    "Rd3",
    "Rh2"
  ],
  "statePieceCount": 14,
  "endPieceCount": 10,
  "boardState": [
    {
      "square": "g7",
      "type": "k",
      "color": "b"
    },
    {
      "square": "f6",
      "type": "p",
      "color": "w"
    },
    {
      "square": "h6",
      "type": "p",
      "color": "b"
    },
    {
      "square": "a5",
      "type": "p",
      "color": "b"
    },
    {
      "square": "c5",
      "type": "p",
      "color": "b"
    },
    {
      "square": "f5",
      "type": "r",
      "color": "w"
    },
    {
      "square": "g5",
      "type": "n",
      "color": "b"
    },
    {
      "square": "h5",
      "type": "b",
      "color": "w"
    },
    {
      "square": "b4",
      "type": "p",
      "color": "b"
    },
    {
      "square": "h4",
      "type": "p",
      "color": "b"
    },
    {
      "square": "g3",
      "type": "r",
      "color": "b"
    },
    {
      "square": "a2",
      "type": "p",
      "color": "w"
    },
    {
      "square": "b2",
      "type": "p",
      "color": "w"
    },
    {
      "square": "f1",
      "type": "k",
      "color": "w"
    }
  ]
}