{
  "event": "Chess Olympiad",
  "site": "Baku AZE",
  "date": "2016.09.12",
  "eventDate": "2016.09.02",
  "dateMillis": 1473609600000,
  "eventDateMillis": 1472745600000,
  "round": "10.11",
  "result": "1/2-1/2",
  "white": "Andrey Zhigalko",
  "black": "Ding Liren",
  "isDingWin": false,
  "isDraw": true,
  "isDingBlack": true,
  "moves": [
    "Kg1",
    "Rg2+",
    "Kh1",
    "Rh2+",
    "Kg1",
    "Rg2+",
    "Kh1",
    "Rxb2",
    "Rc1+",
    "Kd7",
    "Nf6+",
    "Nxf6",
    "Bxf6",
    "Rxa2",
    "Ra1"
  ],
  "statePieceCount": 14,
  "endPieceCount": 10,
  "boardState": [
    {
      "square": "a7",
      "type": "p",
      "color": "b"
    },
    {
      "square": "h7",
      "type": "p",
      "color": "b"
    },
    {
      "square": "c6",
      "type": "k",
      "color": "b"
    },
    {
      "square": "g5",
      "type": "b",
      "color": "w"
    },
    {
      "square": "e4",
      "type": "n",
      "color": "w"
    },
    {
      "square": "g4",
      "type": "n",
      "color": "b"
    },
    {
      "square": "d3",
      "type": "p",
      "color": "w"
    },
    {
      "square": "g3",
      "type": "p",
      "color": "w"
    },
    {
      "square": "h3",
      "type": "b",
      "color": "b"
    },
    {
      "square": "a2",
      "type": "p",
      "color": "w"
    },
    {
      "square": "b2",
      "type": "p",
      "color": "w"
    },
    {
      "square": "h2",
      "type": "r",
      "color": "b"
    },
    {
      "square": "a1",
      "type": "r",
      "color": "w"
    },
    {
      "square": "h1",
      "type": "k",
      "color": "w"
    }
  ]
}