{
  "event": "European Club Cup",
  "site": "Novi Sad SRB",
  "date": "2016.11.06",
  "eventDate": "2016.11.06",
  "dateMillis": 1478361600000,
  "eventDateMillis": 1478361600000,
  "round": "1.2",
  "result": "1-0",
  "white": "Ding Liren",
  "black": "Arnd Lauber",
  "isDingWin": true,
  "isDraw": false,
  "isDingBlack": false,
  "moves": [
    "Kxf7",
    "b4",
    "Re6",
    "b5",
    "Kg8",
    "Ba7",
    "Be5",
    "Qf5",
    "Re7",
    "Bc5",
    "Bd6",
    "Bd4",
    "Bb8",
    "b6",
    "h6",
    "f4",
    "Rf7",
    "Qe6",
    "Rd6",
    "Qc8+",
    "Rf8",
    "Qb7"
  ],
  "statePieceCount": 14,
  "endPieceCount": 13,
  "boardState": [
    {
      "square": "d8",
      "type": "r",
      "color": "b"
    },
    {
      "square": "e8",
      "type": "r",
      "color": "b"
    },
    {
      "square": "g8",
      "type": "k",
      "color": "b"
    },
    {
      "square": "f7",
      "type": "r",
      "color": "w"
    },
    {
      "square": "g7",
      "type": "p",
      "color": "b"
    },
    {
      "square": "h7",
      "type": "p",
      "color": "b"
    },
    {
      "square": "f6",
      "type": "b",
      "color": "b"
    },
    {
      "square": "d4",
      "type": "b",
      "color": "w"
    },
    {
      "square": "b3",
      "type": "p",
      "color": "w"
    },
    {
      "square": "e3",
      "type": "p",
      "color": "w"
    },
    {
      "square": "f3",
      "type": "q",
      "color": "w"
    },
    {
      "square": "g3",
      "type": "p",
      "color": "w"
    },
    {
      "square": "f2",
      "type": "p",
      "color": "w"
    },
    {
      "square": "g2",
      "type": "k",
      "color": "w"
    }
  ]
}