{
  "event": "6th Chinese Master Rapid",
  "site": "Shenzhen CHN",
  "date": "2016.11.28",
  "eventDate": "2016.11.27",
  "dateMillis": 1480262400000,
  "eventDateMillis": 1480176000000,
  "round": "5.3",
  "result": "1/2-1/2",
  "white": "Ding Liren",
  "black": "Yinglun Xu",
  "isDingWin": false,
  "isDraw": true,
  "isDingBlack": false,
  "moves": [
    "Qxc5",
    "Rxc5",
    "Bxb7",
    "Bd5",
    "Bxd5+",
    "Rxd5",
    "Kg2",
    "Kf7",
    "Kf3",
    "Ra5",
    "Kg4",
    "Rg5+",
    "Kh4",
    "Ra5",
    "f4",
    "Ra4",
    "Kh5",
    "Ra5+",
    "Kg4",
    "g6",
    "Rb7+",
    "Kf6",
    "Rh7",
    "h5+",
    "Kh4",
    "Ra2",
    "h3",
    "Ra1",
    "Rb7",
    "Ra5",
    "Rb6+",
    "Kg7",
    "Rb7+",
    "Kh6",
    "g4",
    "hxg4",
    "hxg4",
    "g5+",
    "fxg5+",
    "Rxg5",
    "Rh7+",
    "Kxh7",
    "Kxg5",
    "Kg7"
  ],
  "statePieceCount": 14,
  "endPieceCount": 3,
  "boardState": [
    {
      "square": "c8",
      "type": "r",
      "color": "b"
    },
    {
      "square": "g8",
      "type": "k",
      "color": "b"
    },
    {
      "square": "b7",
      "type": "p",
      "color": "b"
    },
    {
      "square": "f7",
      "type": "b",
      "color": "b"
    },
    {
      "square": "g7",
      "type": "p",
      "color": "b"
    },
    {
      "square": "h6",
      "type": "p",
      "color": "b"
    },
    {
      "square": "c5",
      "type": "q",
      "color": "b"
    },
    {
      "square": "d4",
      "type": "q",
      "color": "w"
    },
    {
      "square": "g3",
      "type": "p",
      "color": "w"
    },
    {
      "square": "b2",
      "type": "r",
      "color": "w"
    },
    {
      "square": "f2",
      "type": "p",
      "color": "w"
    },
    {
      "square": "g2",
      "type": "b",
      "color": "w"
    },
    {
      "square": "h2",
      "type": "p",
      "color": "w"
    },
    {
      "square": "g1",
      "type": "k",
      "color": "w"
    }
  ]
}