{
  "event": "FIDE Grand Prix Sharjah",
  "site": "Sharjah UAE",
  "date": "2017.02.20",
  "eventDate": "2017.02.18",
  "dateMillis": 1487520000000,
  "eventDateMillis": 1487347200000,
  "round": "3.5",
  "result": "1/2-1/2",
  "white": "Ding Liren",
  "black": "Jon Ludvig Hammer",
  "isDingWin": false,
  "isDraw": true,
  "isDingBlack": false,
  "moves": [
    "Re1",
    "Kg2",
    "Bg7",
    "b7",
    "Rb1",
    "Ba6",
    "fxg3",
    "hxg3",
    "Rb6",
    "Kf3",
    "g5",
    "Ke3",
    "Bf8",
    "Kd4",
    "Bd6",
    "Rh6+",
    "Ke7",
    "Rh7+",
    "Kf6",
    "Rh6+",
    "Ke7",
    "Rh7+"
  ],
  "statePieceCount": 14,
  "endPieceCount": 12,
  "boardState": [
    {
      "square": "h7",
      "type": "r",
      "color": "w"
    },
    {
      "square": "b6",
      "type": "p",
      "color": "w"
    },
    {
      "square": "c6",
      "type": "p",
      "color": "b"
    },
    {
      "square": "f6",
      "type": "k",
      "color": "b"
    },
    {
      "square": "g6",
      "type": "p",
      "color": "b"
    },
    {
      "square": "h6",
      "type": "b",
      "color": "b"
    },
    {
      "square": "f5",
      "type": "p",
      "color": "b"
    },
    {
      "square": "e4",
      "type": "r",
      "color": "b"
    },
    {
      "square": "f4",
      "type": "p",
      "color": "b"
    },
    {
      "square": "c3",
      "type": "p",
      "color": "w"
    },
    {
      "square": "g3",
      "type": "p",
      "color": "w"
    },
    {
      "square": "h2",
      "type": "p",
      "color": "w"
    },
    {
      "square": "f1",
      "type": "b",
      "color": "w"
    },
    {
      "square": "h1",
      "type": "k",
      "color": "w"
    }
  ]
}