{
  "event": "FIDE Grand Prix Sharjah",
  "site": "Sharjah UAE",
  "date": "2017.02.24",
  "eventDate": "2017.02.18",
  "dateMillis": 1487865600000,
  "eventDateMillis": 1487347200000,
  "round": "6.5",
  "result": "1/2-1/2",
  "white": "Yifan Hou",
  "black": "Ding Liren",
  "isDingWin": false,
  "isDraw": true,
  "isDingBlack": true,
  "moves": [
    "Rb4",
    "Re8+",
    "Kg7",
    "Ra8",
    "Ra4",
    "g4",
    "a5",
    "Kh2",
    "Rxa2",
    "Rc8",
    "a4",
    "Rxc5",
    "Rc2",
    "Rc8",
    "a3",
    "Ra8",
    "a2",
    "c5",
    "Rxc5"
  ],
  "statePieceCount": 14,
  "endPieceCount": 11,
  "boardState": [
    {
      "square": "g8",
      "type": "k",
      "color": "b"
    },
    {
      "square": "a7",
      "type": "p",
      "color": "b"
    },
    {
      "square": "f7",
      "type": "p",
      "color": "b"
    },
    {
      "square": "b6",
      "type": "r",
      "color": "b"
    },
    {
      "square": "f6",
      "type": "p",
      "color": "b"
    },
    {
      "square": "h6",
      "type": "p",
      "color": "b"
    },
    {
      "square": "c5",
      "type": "p",
      "color": "b"
    },
    {
      "square": "c4",
      "type": "p",
      "color": "w"
    },
    {
      "square": "g3",
      "type": "p",
      "color": "w"
    },
    {
      "square": "h3",
      "type": "p",
      "color": "w"
    },
    {
      "square": "a2",
      "type": "p",
      "color": "w"
    },
    {
      "square": "g2",
      "type": "p",
      "color": "w"
    },
    {
      "square": "e1",
      "type": "r",
      "color": "w"
    },
    {
      "square": "g1",
      "type": "k",
      "color": "w"
    }
  ]
}