{
  "event": "World Team Chess Championship",
  "site": "Khanty-Mansiysk RUS",
  "date": "2017.06.21",
  "eventDate": "2017.06.17",
  "dateMillis": 1497974400000,
  "eventDateMillis": 1497628800000,
  "round": "5.3",
  "result": "1/2-1/2",
  "white": "Dragan Solak",
  "black": "Ding Liren",
  "isDingWin": false,
  "isDraw": true,
  "isDingBlack": true,
  "moves": [
    "b5",
    "Ke2",
    "c5",
    "f3",
    "Kc6",
    "Be5",
    "g6",
    "Kd2",
    "b4",
    "Ke2",
    "Bd6",
    "Bg7",
    "Kd7",
    "Bh6",
    "Be5",
    "Be3",
    "Kc6",
    "Kd1",
    "Kb5",
    "Ke2",
    "Bd4",
    "Bh6",
    "f6",
    "Bf4",
    "c4",
    "dxc4+",
    "Kxc4"
  ],
  "statePieceCount": 14,
  "endPieceCount": 12,
  "boardState": [
    {
      "square": "c7",
      "type": "p",
      "color": "b"
    },
    {
      "square": "d7",
      "type": "k",
      "color": "b"
    },
    {
      "square": "e7",
      "type": "b",
      "color": "b"
    },
    {
      "square": "f7",
      "type": "p",
      "color": "b"
    },
    {
      "square": "g7",
      "type": "p",
      "color": "b"
    },
    {
      "square": "b6",
      "type": "p",
      "color": "b"
    },
    {
      "square": "h5",
      "type": "p",
      "color": "b"
    },
    {
      "square": "e4",
      "type": "p",
      "color": "w"
    },
    {
      "square": "f4",
      "type": "b",
      "color": "w"
    },
    {
      "square": "d3",
      "type": "p",
      "color": "w"
    },
    {
      "square": "h3",
      "type": "p",
      "color": "w"
    },
    {
      "square": "c2",
      "type": "p",
      "color": "w"
    },
    {
      "square": "f2",
      "type": "p",
      "color": "w"
    },
    {
      "square": "f1",
      "type": "k",
      "color": "w"
    }
  ]
}