{
  "event": "Hainan Danzhou GM",
  "site": "Danzhou CHN",
  "date": "2017.07.15",
  "eventDate": "2017.07.09",
  "dateMillis": 1500048000000,
  "eventDateMillis": 1499529600000,
  "round": "6.1",
  "result": "1-0",
  "white": "Vassily Ivanchuk",
  "black": "Ding Liren",
  "isDingWin": false,
  "isDraw": false,
  "isDingBlack": true,
  "moves": [
    "Qb4",
    "Re4",
    "g6",
    "Kg2",
    "h5",
    "c4",
    "Qc3",
    "Qg3",
    "Rd8",
    "Re5",
    "Kf8",
    "Qf3",
    "Rd6",
    "c5",
    "Ra6",
    "Qe4",
    "Rf6",
    "Re8+",
    "Kg7",
    "Qe7",
    "Rf5",
    "Qf8+",
    "Kf6",
    "Qe7+",
    "Kg7",
    "Qf8+",
    "Kf6",
    "Qh8+",
    "Kg5",
    "Re4",
    "Rxc5",
    "f4+",
    "Kf5",
    "Re5+"
  ],
  "statePieceCount": 14,
  "endPieceCount": 13,
  "boardState": [
    {
      "square": "f8",
      "type": "r",
      "color": "b"
    },
    {
      "square": "g8",
      "type": "k",
      "color": "b"
    },
    {
      "square": "c7",
      "type": "q",
      "color": "w"
    },
    {
      "square": "f7",
      "type": "p",
      "color": "b"
    },
    {
      "square": "g7",
      "type": "p",
      "color": "b"
    },
    {
      "square": "h7",
      "type": "p",
      "color": "b"
    },
    {
      "square": "d4",
      "type": "p",
      "color": "b"
    },
    {
      "square": "d3",
      "type": "p",
      "color": "w"
    },
    {
      "square": "h3",
      "type": "p",
      "color": "w"
    },
    {
      "square": "b2",
      "type": "q",
      "color": "b"
    },
    {
      "square": "c2",
      "type": "p",
      "color": "w"
    },
    {
      "square": "f2",
      "type": "p",
      "color": "w"
    },
    {
      "square": "h2",
      "type": "k",
      "color": "w"
    },
    {
      "square": "e1",
      "type": "r",
      "color": "w"
    }
  ]
}