{
  "event": "Chinese Chess League",
  "site": "China CHN",
  "date": "2017.08.18",
  "eventDate": "2017.04.18",
  "dateMillis": 1502985600000,
  "eventDateMillis": 1492444800000,
  "round": "12.6",
  "result": "1-0",
  "white": "Ding Liren",
  "black": "Di Li",
  "isDingWin": true,
  "isDraw": false,
  "isDingBlack": false,
  "moves": [
    "Kf3",
    "Kf6",
    "Ke2",
    "Ke7",
    "f3",
    "Nh6",
    "e4",
    "dxe4",
    "fxe4",
    "Ng4",
    "Kd3",
    "Nf2+",
    "Ke3",
    "Ng4+",
    "Kf4",
    "f6",
    "Nf3",
    "Kd6",
    "Nd2",
    "c5",
    "Nc4+",
    "Kc6",
    "d5+",
    "Kb5",
    "e5",
    "fxe5+",
    "Nxe5",
    "Nf6",
    "d6",
    "Kb6",
    "Kg5",
    "Ne4+",
    "Kxg6",
    "Nxd6",
    "Kxh5",
    "c4",
    "Nxc4+",
    "Nxc4",
    "Kg6",
    "Kc6",
    "h5",
    "Ne5+",
    "Kg7",
    "Kd6",
    "h6",
    "Ke7",
    "h7",
    "Nf7",
    "g4"
  ],
  "statePieceCount": 14,
  "endPieceCount": 5,
  "boardState": [
    {
      "square": "f7",
      "type": "p",
      "color": "b"
    },
    {
      "square": "g7",
      "type": "k",
      "color": "b"
    },
    {
      "square": "c6",
      "type": "p",
      "color": "b"
    },
    {
      "square": "g6",
      "type": "p",
      "color": "b"
    },
    {
      "square": "d5",
      "type": "p",
      "color": "b"
    },
    {
      "square": "g5",
      "type": "n",
      "color": "w"
    },
    {
      "square": "h5",
      "type": "p",
      "color": "b"
    },
    {
      "square": "d4",
      "type": "p",
      "color": "w"
    },
    {
      "square": "g4",
      "type": "n",
      "color": "b"
    },
    {
      "square": "h4",
      "type": "p",
      "color": "w"
    },
    {
      "square": "e3",
      "type": "p",
      "color": "w"
    },
    {
      "square": "g3",
      "type": "k",
      "color": "w"
    },
    {
      "square": "f2",
      "type": "p",
      "color": "w"
    },
    {
      "square": "g2",
      "type": "p",
      "color": "w"
    }
  ]
}