{
  "event": "Chinese Chess League",
  "site": "China CHN",
  "date": "2017.08.21",
  "eventDate": "2017.04.18",
  "dateMillis": 1503244800000,
  "eventDateMillis": 1492444800000,
  "round": "15.2",
  "result": "1/2-1/2",
  "white": "Ding Liren",
  "black": "Zhihang Xu",
  "isDingWin": false,
  "isDraw": true,
  "isDingBlack": false,
  "moves": [
    "Rxf1",
    "Kf7",
    "Rc1",
    "Rg8+",
    "Kf3",
    "e5",
    "Rc7+",
    "Kf6",
    "Rxb7",
    "Kxf5",
    "Rxh7",
    "Rb8",
    "Rh6",
    "Rxb4",
    "Rxd6",
    "Rb2",
    "h4",
    "Rxa2",
    "Ra6",
    "e4+",
    "Kg3",
    "e3",
    "h5",
    "e2",
    "Kf2",
    "Ra1",
    "Kxe2",
    "a2",
    "h6",
    "Rh1",
    "h7",
    "Rxh7",
    "Kd3",
    "Ke5"
  ],
  "statePieceCount": 14,
  "endPieceCount": 5,
  "boardState": [
    {
      "square": "a8",
      "type": "r",
      "color": "b"
    },
    {
      "square": "g8",
      "type": "k",
      "color": "b"
    },
    {
      "square": "b7",
      "type": "p",
      "color": "b"
    },
    {
      "square": "h7",
      "type": "p",
      "color": "b"
    },
    {
      "square": "d6",
      "type": "p",
      "color": "b"
    },
    {
      "square": "e6",
      "type": "p",
      "color": "b"
    },
    {
      "square": "f5",
      "type": "p",
      "color": "w"
    },
    {
      "square": "b4",
      "type": "p",
      "color": "w"
    },
    {
      "square": "a3",
      "type": "p",
      "color": "b"
    },
    {
      "square": "g3",
      "type": "k",
      "color": "w"
    },
    {
      "square": "a2",
      "type": "p",
      "color": "w"
    },
    {
      "square": "h2",
      "type": "p",
      "color": "w"
    },
    {
      "square": "c1",
      "type": "r",
      "color": "w"
    },
    {
      "square": "f1",
      "type": "n",
      "color": "b"
    }
  ]
}