{
  "event": "World Cup",
  "site": "Tbilisi GEO",
  "date": "2017.09.07",
  "eventDate": "2017.09.03",
  "dateMillis": 1504713600000,
  "eventDateMillis": 1504368000000,
  "round": "2.2",
  "result": "1/2-1/2",
  "white": "Ding Liren",
  "black": "Martyn Kravtsiv",
  "isDingWin": false,
  "isDraw": true,
  "isDingBlack": false,
  "moves": [
    "Kf4",
    "Bd5",
    "a3",
    "Rd7",
    "h4",
    "Rd8",
    "h5",
    "Bb7",
    "Re6",
    "Kf7",
    "a4",
    "Rd5",
    "Re1",
    "Bc8",
    "Be5",
    "Rd2",
    "Bd4",
    "Rh2",
    "f6",
    "Be6",
    "Kg5",
    "Ra2",
    "Rg1",
    "Rxa4",
    "Kf4",
    "Kf8",
    "Rg7",
    "h6",
    "Rb7",
    "Ra1",
    "Be3",
    "Ra5",
    "Bd4",
    "Rf5+",
    "Ke3",
    "Rxh5",
    "Rxa7",
    "b5",
    "Rc7",
    "Rg5",
    "Kf4",
    "Kg8",
    "Rb7",
    "Rf5+",
    "Ke4",
    "Rg5",
    "Kf4",
    "Rf5+"
  ],
  "statePieceCount": 14,
  "endPieceCount": 11,
  "boardState": [
    {
      "square": "d8",
      "type": "r",
      "color": "b"
    },
    {
      "square": "g8",
      "type": "k",
      "color": "b"
    },
    {
      "square": "a7",
      "type": "p",
      "color": "b"
    },
    {
      "square": "h7",
      "type": "p",
      "color": "b"
    },
    {
      "square": "b6",
      "type": "p",
      "color": "b"
    },
    {
      "square": "f6",
      "type": "r",
      "color": "w"
    },
    {
      "square": "f5",
      "type": "p",
      "color": "w"
    },
    {
      "square": "c4",
      "type": "p",
      "color": "b"
    },
    {
      "square": "d4",
      "type": "b",
      "color": "w"
    },
    {
      "square": "e4",
      "type": "b",
      "color": "b"
    },
    {
      "square": "c3",
      "type": "p",
      "color": "w"
    },
    {
      "square": "g3",
      "type": "k",
      "color": "w"
    },
    {
      "square": "a2",
      "type": "p",
      "color": "w"
    },
    {
      "square": "h2",
      "type": "p",
      "color": "w"
    }
  ]
}