{
  "event": "World Cup",
  "site": "Tbilisi GEO",
  "date": "2017.09.24",
  "eventDate": "2017.09.03",
  "dateMillis": 1506182400000,
  "eventDateMillis": 1504368000000,
  "round": "7.2",
  "result": "1/2-1/2",
  "white": "Ding Liren",
  "black": "Levon Aronian",
  "isDingWin": false,
  "isDraw": true,
  "isDingBlack": false,
  "moves": [
    "Bc4",
    "a4",
    "Kf1",
    "a3",
    "Nb3",
    "Ba4",
    "Nc1",
    "Bc2",
    "Ke2",
    "Bxe4",
    "Bxe6+",
    "Kf8",
    "Kd2",
    "Ke7",
    "Bb3",
    "Nd5",
    "Ne2",
    "Kd6",
    "f3",
    "Bb1",
    "Kc1",
    "Bg6",
    "Nd4",
    "Nc7",
    "Ne2",
    "Kc5",
    "Nf4",
    "Bf5",
    "g4",
    "Bd7",
    "g5",
    "Nb5",
    "Bg8",
    "Bf5",
    "Nh5",
    "g6",
    "Ng3",
    "Bd3",
    "Bxh7",
    "Nd4",
    "Ne4+",
    "Kb4",
    "Bg8",
    "Nxf3",
    "Nf6",
    "Kc5",
    "h3",
    "Kd4",
    "Ba2",
    "Nxg5",
    "h4",
    "Ne4",
    "Nd7",
    "Nc5",
    "Nf6",
    "Ke5",
    "Nd5",
    "Bf5",
    "Ne3",
    "Nd3+",
    "Kc2",
    "Nb4+",
    "Kb3",
    "Nxa2",
    "Kxa2",
    "Ke4",
    "Nc2",
    "Kf4",
    "Nd4",
    "Kg4",
    "Kxa3",
    "Kxh4",
    "Kb2",
    "Kg3",
    "Kc3",
    "Kf2",
    "Kd2",
    "Bg4",
    "Nc2",
    "g5",
    "Ne3",
    "Be2",
    "Nd5",
    "Bg4",
    "Nf6",
    "Bf5",
    "Kd1"
  ],
  "statePieceCount": 14,
  "endPieceCount": 5,
  "boardState": [
    {
      "square": "e8",
      "type": "b",
      "color": "b"
    },
    {
      "square": "g8",
      "type": "k",
      "color": "b"
    },
    {
      "square": "g7",
      "type": "p",
      "color": "b"
    },
    {
      "square": "h7",
      "type": "p",
      "color": "b"
    },
    {
      "square": "e6",
      "type": "p",
      "color": "b"
    },
    {
      "square": "a5",
      "type": "p",
      "color": "b"
    },
    {
      "square": "c5",
      "type": "n",
      "color": "w"
    },
    {
      "square": "b4",
      "type": "n",
      "color": "b"
    },
    {
      "square": "e4",
      "type": "p",
      "color": "w"
    },
    {
      "square": "g3",
      "type": "p",
      "color": "w"
    },
    {
      "square": "f2",
      "type": "p",
      "color": "w"
    },
    {
      "square": "h2",
      "type": "p",
      "color": "w"
    },
    {
      "square": "f1",
      "type": "b",
      "color": "w"
    },
    {
      "square": "g1",
      "type": "k",
      "color": "w"
    }
  ]
}