{
  "event": "Champions Showdown: Carlsen - Ding (Rapid G/20)",
  "site": "St Louis, MO USA",
  "date": "2017.11.12",
  "eventDate": "2017.10.21",
  "dateMillis": 1510416000000,
  "eventDateMillis": 1508515200000,
  "round": "3.1",
  "result": "1/2-1/2",
  "white": "Magnus Carlsen",
  "black": "Ding Liren",
  "isDingWin": false,
  "isDraw": true,
  "isDingBlack": true,
  "moves": [
    "g4",
    "g5",
    "Rc8",
    "Rxd4",
    "Rxc7",
    "Rd7",
    "Rxd7",
    "Nxd7",
    "Nd6",
    "Kg6",
    "Kg2",
    "Ne5",
    "Kg3",
    "Nd3",
    "f3",
    "h5",
    "h4",
    "hxg4",
    "fxg4",
    "gxh4+",
    "Kxh4",
    "Ne5",
    "Kg3"
  ],
  "statePieceCount": 14,
  "endPieceCount": 6,
  "boardState": [
    {
      "square": "a8",
      "type": "r",
      "color": "w"
    },
    {
      "square": "c7",
      "type": "p",
      "color": "b"
    },
    {
      "square": "f7",
      "type": "n",
      "color": "w"
    },
    {
      "square": "g7",
      "type": "p",
      "color": "b"
    },
    {
      "square": "h7",
      "type": "k",
      "color": "b"
    },
    {
      "square": "b6",
      "type": "p",
      "color": "b"
    },
    {
      "square": "f6",
      "type": "n",
      "color": "b"
    },
    {
      "square": "h6",
      "type": "p",
      "color": "b"
    },
    {
      "square": "d5",
      "type": "r",
      "color": "b"
    },
    {
      "square": "d4",
      "type": "p",
      "color": "w"
    },
    {
      "square": "g3",
      "type": "p",
      "color": "w"
    },
    {
      "square": "h3",
      "type": "p",
      "color": "w"
    },
    {
      "square": "f2",
      "type": "p",
      "color": "w"
    },
    {
      "square": "g1",
      "type": "k",
      "color": "w"
    }
  ]
}