{
  "event": "Chinese Chess League",
  "site": "China CHN",
  "date": "2017.11.03",
  "eventDate": "2017.04.18",
  "dateMillis": 1509638400000,
  "eventDateMillis": 1492444800000,
  "round": "17.3",
  "result": "1-0",
  "white": "Ding Liren",
  "black": "Zeng Chongsheng",
  "isDingWin": true,
  "isDraw": false,
  "isDingBlack": false,
  "moves": [
    "e5",
    "Bd2",
    "e4",
    "f4",
    "Rc2",
    "Be3",
    "g6",
    "b6",
    "Bc8",
    "a5",
    "Ba6",
    "Rb3",
    "Bf1",
    "Bf2",
    "h5",
    "b7",
    "g5",
    "fxg5",
    "h4+",
    "Kxh4",
    "Rxf2",
    "b8=Q"
  ],
  "statePieceCount": 14,
  "endPieceCount": 11,
  "boardState": [
    {
      "square": "d7",
      "type": "b",
      "color": "b"
    },
    {
      "square": "f7",
      "type": "k",
      "color": "b"
    },
    {
      "square": "g7",
      "type": "p",
      "color": "b"
    },
    {
      "square": "h7",
      "type": "p",
      "color": "b"
    },
    {
      "square": "e6",
      "type": "p",
      "color": "b"
    },
    {
      "square": "a5",
      "type": "b",
      "color": "w"
    },
    {
      "square": "b5",
      "type": "p",
      "color": "w"
    },
    {
      "square": "a4",
      "type": "p",
      "color": "w"
    },
    {
      "square": "c4",
      "type": "r",
      "color": "b"
    },
    {
      "square": "g4",
      "type": "p",
      "color": "w"
    },
    {
      "square": "a3",
      "type": "r",
      "color": "w"
    },
    {
      "square": "f3",
      "type": "p",
      "color": "w"
    },
    {
      "square": "g3",
      "type": "k",
      "color": "w"
    },
    {
      "square": "h2",
      "type": "p",
      "color": "w"
    }
  ]
}