{
  "event": "FIDE Grand Prix Mallorca",
  "site": "Palma de Mallorca ESP",
  "date": "2017.11.23",
  "eventDate": "2017.11.16",
  "dateMillis": 1511366400000,
  "eventDateMillis": 1510761600000,
  "round": "7.5",
  "result": "1/2-1/2",
  "white": "Ding Liren",
  "black": "Anish Giri",
  "isDingWin": false,
  "isDraw": true,
  "isDingBlack": false,
  "moves": [
    "Nxe5",
    "Nxe4+",
    "Kf5",
    "Nd6+",
    "Kf6",
    "Bd5",
    "g5",
    "Ne4+",
    "Kf5",
    "Nd6+",
    "Kf6",
    "Ne4+"
  ],
  "statePieceCount": 14,
  "endPieceCount": 12,
  "boardState": [
    {
      "square": "d7",
      "type": "b",
      "color": "b"
    },
    {
      "square": "f7",
      "type": "n",
      "color": "b"
    },
    {
      "square": "b6",
      "type": "p",
      "color": "b"
    },
    {
      "square": "f6",
      "type": "k",
      "color": "b"
    },
    {
      "square": "g6",
      "type": "p",
      "color": "b"
    },
    {
      "square": "h6",
      "type": "p",
      "color": "b"
    },
    {
      "square": "e5",
      "type": "p",
      "color": "w"
    },
    {
      "square": "b4",
      "type": "p",
      "color": "w"
    },
    {
      "square": "d4",
      "type": "k",
      "color": "w"
    },
    {
      "square": "e4",
      "type": "p",
      "color": "b"
    },
    {
      "square": "b3",
      "type": "b",
      "color": "w"
    },
    {
      "square": "g3",
      "type": "p",
      "color": "w"
    },
    {
      "square": "d2",
      "type": "n",
      "color": "w"
    },
    {
      "square": "h2",
      "type": "p",
      "color": "w"
    }
  ]
}