{
  "event": "Champions Showdown: Carlsen - Ding (Blitz G/10)",
  "site": "St. Louis, MO USA",
  "date": "2017.11.13",
  "eventDate": "2017.11.13",
  "dateMillis": 1510502400000,
  "eventDateMillis": 1510502400000,
  "round": "8",
  "result": "0-1",
  "white": "Ding Liren",
  "black": "Magnus Carlsen",
  "isDingWin": false,
  "isDraw": false,
  "isDingBlack": false,
  "moves": [
    "Ra3",
    "c5",
    "Rd3",
    "h3+",
    "Kg1",
    "Rd6",
    "Rd1",
    "Kf5",
    "Rb2",
    "c4",
    "Rb8",
    "c3",
    "Rf8+",
    "Ke5",
    "Re8+",
    "Re6",
    "Rd8",
    "Rd6",
    "Re8+",
    "Kf5",
    "Rf8+",
    "Ke6",
    "Re8+",
    "Kd7",
    "Ra8",
    "Nd2",
    "Rc1",
    "Rc6",
    "Ra3",
    "Ne4",
    "Rd1",
    "Ke6",
    "Rc1",
    "Rb6",
    "Raxc3",
    "Nxc3",
    "Rxc3",
    "Rb1+",
    "Kh2",
    "Rf1",
    "Rc2",
    "Kf5",
    "Rb2",
    "Ke4",
    "Ra2",
    "Kf3",
    "e4",
    "Kxe4",
    "Re2+",
    "Kd3",
    "Re3+",
    "Kc4"
  ],
  "statePieceCount": 14,
  "endPieceCount": 10,
  "boardState": [
    {
      "square": "c6",
      "type": "p",
      "color": "b"
    },
    {
      "square": "f6",
      "type": "r",
      "color": "b"
    },
    {
      "square": "g6",
      "type": "k",
      "color": "b"
    },
    {
      "square": "d5",
      "type": "p",
      "color": "b"
    },
    {
      "square": "g5",
      "type": "p",
      "color": "b"
    },
    {
      "square": "e4",
      "type": "n",
      "color": "b"
    },
    {
      "square": "g4",
      "type": "p",
      "color": "b"
    },
    {
      "square": "h4",
      "type": "p",
      "color": "b"
    },
    {
      "square": "d3",
      "type": "r",
      "color": "w"
    },
    {
      "square": "e3",
      "type": "p",
      "color": "w"
    },
    {
      "square": "g3",
      "type": "p",
      "color": "w"
    },
    {
      "square": "c2",
      "type": "r",
      "color": "w"
    },
    {
      "square": "f2",
      "type": "p",
      "color": "w"
    },
    {
      "square": "g2",
      "type": "k",
      "color": "w"
    }
  ]
}