{
  "event": "FIDE Grand Prix Mallorca",
  "site": "Palma de Mallorca ESP",
  "date": "2017.11.17",
  "eventDate": "2017.11.16",
  "dateMillis": 1510848000000,
  "eventDateMillis": 1510761600000,
  "round": "2.4",
  "result": "1/2-1/2",
  "white": "Alexander Riazantsev",
  "black": "Ding Liren",
  "isDingWin": false,
  "isDraw": true,
  "isDingBlack": true,
  "moves": [
    "Rd2+",
    "Kg1",
    "Kh6",
    "Nd5",
    "f5",
    "gxf5",
    "Bxf5",
    "Rh8+",
    "Kg5",
    "Rg8+",
    "Kh6",
    "Rh8+",
    "Kg5",
    "Rg8+",
    "Kh6"
  ],
  "statePieceCount": 14,
  "endPieceCount": 12,
  "boardState": [
    {
      "square": "b8",
      "type": "r",
      "color": "w"
    },
    {
      "square": "f7",
      "type": "p",
      "color": "b"
    },
    {
      "square": "g7",
      "type": "k",
      "color": "b"
    },
    {
      "square": "f6",
      "type": "p",
      "color": "b"
    },
    {
      "square": "g6",
      "type": "b",
      "color": "b"
    },
    {
      "square": "e5",
      "type": "p",
      "color": "b"
    },
    {
      "square": "b4",
      "type": "n",
      "color": "w"
    },
    {
      "square": "e4",
      "type": "p",
      "color": "w"
    },
    {
      "square": "g4",
      "type": "p",
      "color": "w"
    },
    {
      "square": "h4",
      "type": "p",
      "color": "b"
    },
    {
      "square": "f3",
      "type": "p",
      "color": "w"
    },
    {
      "square": "h3",
      "type": "p",
      "color": "w"
    },
    {
      "square": "f2",
      "type": "k",
      "color": "w"
    },
    {
      "square": "d1",
      "type": "r",
      "color": "b"
    }
  ]
}