{
  "event": "Chinese Chess League",
  "site": "China CHN",
  "date": "2017.12.04",
  "eventDate": "2017.04.18",
  "dateMillis": 1512316800000,
  "eventDateMillis": 1492444800000,
  "round": "21.5",
  "result": "1/2-1/2",
  "white": "Ding Liren",
  "black": "Zhao Zong-Yuan",
  "isDingWin": false,
  "isDraw": true,
  "isDingBlack": false,
  "moves": [
    "hxg4",
    "Kh7",
    "Rd4",
    "Bc8",
    "Rf4",
    "Kg6",
    "Ra4",
    "Rc2+",
    "Kg3",
    "Rc3",
    "Kf2",
    "Rc2+",
    "Ke3",
    "Rc3+",
    "Ke2",
    "Rb3",
    "e6",
    "Bxe6",
    "Rxa5",
    "f5",
    "gxf5+",
    "Bxf5",
    "Be5",
    "Be6",
    "f4",
    "Kf5",
    "Bd6+",
    "Kf6",
    "a4",
    "g6",
    "Rc5",
    "Bf5",
    "a5",
    "Ke6",
    "Be5",
    "Ra3",
    "Bc3",
    "Kd7",
    "Kd2",
    "Ra4",
    "Be5",
    "Ra2+",
    "Ke3",
    "Ra4",
    "Bc3",
    "Kd6",
    "Rb5",
    "Kc6",
    "Rb6+",
    "Kc5",
    "Bd2",
    "Ra3+",
    "Ke2",
    "Ra2",
    "Rb8",
    "Kc6",
    "Rd8",
    "Kb7",
    "Kf2",
    "Ra3",
    "Rd6",
    "Kc7",
    "Rf6",
    "Ra4",
    "Be3",
    "Kb7",
    "Rb6+",
    "Ka8",
    "Rb5",
    "Bd3",
    "Rd5",
    "Bf5",
    "Kg3",
    "Ra3",
    "Re5",
    "Kb7",
    "Kh4",
    "Ka6",
    "Bd2",
    "Ra2",
    "Rd5",
    "Ra3",
    "Rd6+",
    "Kb7",
    "Bb4",
    "Ra4",
    "Rb6+",
    "Ka8",
    "Kg5",
    "Ra2",
    "Kf6",
    "Ka7",
    "Ke5",
    "Ra1",
    "Kd5",
    "Ka8",
    "Rf6",
    "Kb7",
    "Kc4",
    "Rd1",
    "a6+",
    "Ka8",
    "Kb5",
    "Rd8",
    "Bd6",
    "Ka7",
    "Rf7+",
    "Ka8",
    "Be5",
    "Re8",
    "Bd6",
    "Rd8",
    "Rf6",
    "Rc8",
    "Kb6",
    "Rd8",
    "Be5",
    "Re8",
    "Rf7",
    "Re6+",
    "Ka5",
    "Re8",
    "Bc7",
    "Be4",
    "Bd6",
    "Rd8",
    "Rf6",
    "Bd3",
    "Bc5",
    "Bf5",
    "Rf7",
    "Re8",
    "Rg7",
    "Be4",
    "Ra7+",
    "Kb8",
    "Rd7",
    "Ka8",
    "Bd6",
    "Bf5",
    "Rf7",
    "Rd8",
    "Be5",
    "Re8",
    "Rg7",
    "Be4",
    "Rd7",
    "Bf5",
    "Rf7",
    "Be4",
    "Bd6",
    "Rd8",
    "Rf6",
    "Bd3",
    "Kb6",
    "Bf5",
    "Kc6",
    "Rc8+",
    "Kb5",
    "Rd8",
    "Kb6",
    "Be4",
    "Kc7",
    "Re8",
    "Kd7",
    "Rh8",
    "Bc5",
    "Bf5+",
    "Kc6",
    "Rc8+",
    "Kb6",
    "Rb8+",
    "Ka5",
    "Rd8",
    "Rf7",
    "Re8",
    "Bd6",
    "Rd8",
    "Be5",
    "Re8",
    "Rc7",
    "Be4",
    "Bd6",
    "Rd8",
    "Be7",
    "Re8",
    "Kb6",
    "Rb8+",
    "Ka5",
    "Re8",
    "Bf6",
    "Bf5",
    "Rc6",
    "Rc8",
    "Rd6",
    "Rc5+",
    "Kb6",
    "Rc8",
    "a7",
    "Re8",
    "Be7",
    "Bc8",
    "Rxg6",
    "Rxe7",
    "Rg8",
    "Re6+",
    "Kb5",
    "Kxa7",
    "Rxc8",
    "Kb7",
    "Rc5",
    "Re4",
    "f5",
    "Rf4",
    "Ka5",
    "Ka7",
    "Kb5",
    "Kb7",
    "Rd5",
    "Kc7",
    "Kc5",
    "Ra4",
    "Re5",
    "Kd7",
    "f6",
    "Ra6",
    "f7",
    "Rf6"
  ],
  "statePieceCount": 14,
  "endPieceCount": 5,
  "boardState": [
    {
      "square": "h8",
      "type": "k",
      "color": "b"
    },
    {
      "square": "f7",
      "type": "p",
      "color": "b"
    },
    {
      "square": "g7",
      "type": "p",
      "color": "b"
    },
    {
      "square": "d6",
      "type": "b",
      "color": "w"
    },
    {
      "square": "e6",
      "type": "b",
      "color": "b"
    },
    {
      "square": "a5",
      "type": "p",
      "color": "b"
    },
    {
      "square": "e5",
      "type": "p",
      "color": "w"
    },
    {
      "square": "g4",
      "type": "p",
      "color": "b"
    },
    {
      "square": "a3",
      "type": "p",
      "color": "w"
    },
    {
      "square": "c3",
      "type": "r",
      "color": "b"
    },
    {
      "square": "f3",
      "type": "p",
      "color": "w"
    },
    {
      "square": "h3",
      "type": "p",
      "color": "w"
    },
    {
      "square": "d2",
      "type": "r",
      "color": "w"
    },
    {
      "square": "f2",
      "type": "k",
      "color": "w"
    }
  ]
}