{
  "event": "Chinese Chess League",
  "site": "China CHN",
  "date": "2017.12.05",
  "eventDate": "2017.04.18",
  "dateMillis": 1512403200000,
  "eventDateMillis": 1492444800000,
  "round": "22.2",
  "result": "1/2-1/2",
  "white": "Zhao Jun",
  "black": "Ding Liren",
  "isDingWin": false,
  "isDraw": true,
  "isDingBlack": true,
  "moves": [
    "Qc4",
    "Kg1",
    "Qh4",
    "Bd4",
    "Qg3",
    "Bxe5",
    "Qe3+",
    "Kh2",
    "Qxb6",
    "b4",
    "Kh7",
    "Qd5",
    "Rf5",
    "Qd3",
    "Qg6",
    "Bg3",
    "Rf7",
    "Qxg6+",
    "Kxg6",
    "b5",
    "Rb7",
    "c4",
    "Kf5",
    "Bf2",
    "Ke6",
    "Kg3",
    "Rc7",
    "c5",
    "Rb7",
    "b6",
    "Kd5",
    "Be3",
    "Kc6"
  ],
  "statePieceCount": 14,
  "endPieceCount": 10,
  "boardState": [
    {
      "square": "f8",
      "type": "r",
      "color": "b"
    },
    {
      "square": "h8",
      "type": "k",
      "color": "b"
    },
    {
      "square": "c7",
      "type": "q",
      "color": "b"
    },
    {
      "square": "g7",
      "type": "p",
      "color": "b"
    },
    {
      "square": "b6",
      "type": "r",
      "color": "w"
    },
    {
      "square": "h6",
      "type": "p",
      "color": "b"
    },
    {
      "square": "e5",
      "type": "b",
      "color": "b"
    },
    {
      "square": "c3",
      "type": "p",
      "color": "w"
    },
    {
      "square": "e3",
      "type": "b",
      "color": "w"
    },
    {
      "square": "h3",
      "type": "p",
      "color": "w"
    },
    {
      "square": "b2",
      "type": "p",
      "color": "w"
    },
    {
      "square": "g2",
      "type": "p",
      "color": "w"
    },
    {
      "square": "d1",
      "type": "q",
      "color": "w"
    },
    {
      "square": "h1",
      "type": "k",
      "color": "w"
    }
  ]
}