{
  "event": "IMSA Elite Mind Games (Blitz)",
  "site": "?",
  "date": "2017.12.13",
  "dateMillis": 1513094400000,
  "eventDateMillis": null,
  "round": "13.4",
  "result": "1/2-1/2",
  "white": "Ding Liren",
  "black": "Vladislav Artemiev",
  "isDingWin": false,
  "isDraw": true,
  "isDingBlack": false,
  "moves": [
    "Rb1",
    "b6",
    "a4",
    "Rd5",
    "Kf1",
    "Rc5",
    "Rb3",
    "Kf7",
    "Ke2",
    "Ke7",
    "Kd3",
    "Rd5+",
    "Ke2",
    "Re5+",
    "Kd3",
    "Rd5+",
    "Ke2",
    "Kd6",
    "Rb4",
    "g5",
    "h4",
    "Kc6",
    "hxg5",
    "hxg5",
    "Re4",
    "Kd6",
    "Rb4",
    "Kc6",
    "Re4",
    "Kd6",
    "Rb4",
    "Kc6",
    "Re4",
    "Kd6"
  ],
  "statePieceCount": 14,
  "endPieceCount": 12,
  "boardState": [
    {
      "square": "g8",
      "type": "k",
      "color": "b"
    },
    {
      "square": "a7",
      "type": "p",
      "color": "b"
    },
    {
      "square": "b7",
      "type": "p",
      "color": "b"
    },
    {
      "square": "d7",
      "type": "r",
      "color": "b"
    },
    {
      "square": "e6",
      "type": "p",
      "color": "b"
    },
    {
      "square": "g6",
      "type": "p",
      "color": "b"
    },
    {
      "square": "h6",
      "type": "p",
      "color": "b"
    },
    {
      "square": "c3",
      "type": "p",
      "color": "w"
    },
    {
      "square": "g3",
      "type": "p",
      "color": "w"
    },
    {
      "square": "a2",
      "type": "p",
      "color": "w"
    },
    {
      "square": "f2",
      "type": "p",
      "color": "w"
    },
    {
      "square": "h2",
      "type": "p",
      "color": "w"
    },
    {
      "square": "a1",
      "type": "r",
      "color": "w"
    },
    {
      "square": "g1",
      "type": "k",
      "color": "w"
    }
  ]
}