{
  "event": "World Rapid Championship",
  "site": "Riyadh KSA",
  "date": "2017.12.27",
  "eventDate": "2017.12.26",
  "dateMillis": 1514304000000,
  "eventDateMillis": 1514217600000,
  "round": "6.10",
  "result": "1/2-1/2",
  "white": "Ding Liren",
  "black": "Peter Leko",
  "isDingWin": false,
  "isDraw": true,
  "isDingBlack": false,
  "moves": [
    "Nd4",
    "Kf2",
    "Ne6",
    "Nd7+",
    "Ke8",
    "Ne5",
    "Nd8",
    "Rb6",
    "f6",
    "Nd3",
    "a5",
    "bxa5"
  ],
  "statePieceCount": 14,
  "endPieceCount": 13,
  "boardState": [
    {
      "square": "a8",
      "type": "r",
      "color": "b"
    },
    {
      "square": "f8",
      "type": "k",
      "color": "b"
    },
    {
      "square": "b7",
      "type": "r",
      "color": "w"
    },
    {
      "square": "f7",
      "type": "p",
      "color": "b"
    },
    {
      "square": "g7",
      "type": "p",
      "color": "b"
    },
    {
      "square": "h7",
      "type": "p",
      "color": "b"
    },
    {
      "square": "a6",
      "type": "p",
      "color": "b"
    },
    {
      "square": "c6",
      "type": "n",
      "color": "b"
    },
    {
      "square": "c5",
      "type": "n",
      "color": "w"
    },
    {
      "square": "b4",
      "type": "p",
      "color": "w"
    },
    {
      "square": "f3",
      "type": "p",
      "color": "w"
    },
    {
      "square": "g3",
      "type": "p",
      "color": "w"
    },
    {
      "square": "h2",
      "type": "p",
      "color": "w"
    },
    {
      "square": "g1",
      "type": "k",
      "color": "w"
    }
  ]
}