{
  "event": "World Blitz Championship",
  "site": "Riyadh KSA",
  "date": "2017.12.29",
  "eventDate": "2017.12.29",
  "dateMillis": 1514476800000,
  "eventDateMillis": 1514476800000,
  "round": "5.7",
  "result": "0-1",
  "white": "Ding Liren",
  "black": "Georg Meier",
  "isDingWin": false,
  "isDraw": false,
  "isDingBlack": false,
  "moves": [
    "Rxe2",
    "Kf3",
    "Rb2",
    "Rd3",
    "Kf7",
    "Be1",
    "Rb1",
    "Bd2",
    "Ke6",
    "Re3+",
    "Kd7",
    "Ke2",
    "Bg7",
    "Bc3",
    "Bxc3",
    "Rxc3",
    "Rb2+",
    "Kf3",
    "Rh2",
    "Kg3",
    "Rd2",
    "Kf3",
    "Kc6",
    "Re3",
    "Kd5",
    "Re8",
    "Rd3+",
    "Ke2",
    "Rxb3",
    "Rg8",
    "Ke4",
    "Rxg6",
    "d5",
    "Rc6",
    "c4",
    "g6",
    "Rg3",
    "Kf2",
    "Rg4",
    "Rd6",
    "Rxf4+",
    "Ke2",
    "Rg4",
    "Re6+",
    "Kd4",
    "Rf6",
    "c3",
    "Rxf5",
    "Rg2+",
    "Kd1",
    "Rxg6",
    "Rf4+",
    "Kd3",
    "Rf3+",
    "Kc4"
  ],
  "statePieceCount": 14,
  "endPieceCount": 6,
  "boardState": [
    {
      "square": "f8",
      "type": "b",
      "color": "b"
    },
    {
      "square": "g8",
      "type": "k",
      "color": "b"
    },
    {
      "square": "d6",
      "type": "p",
      "color": "b"
    },
    {
      "square": "g6",
      "type": "p",
      "color": "b"
    },
    {
      "square": "c5",
      "type": "p",
      "color": "b"
    },
    {
      "square": "d5",
      "type": "r",
      "color": "w"
    },
    {
      "square": "f5",
      "type": "p",
      "color": "b"
    },
    {
      "square": "g5",
      "type": "p",
      "color": "w"
    },
    {
      "square": "e4",
      "type": "r",
      "color": "b"
    },
    {
      "square": "f4",
      "type": "p",
      "color": "w"
    },
    {
      "square": "b3",
      "type": "p",
      "color": "w"
    },
    {
      "square": "e2",
      "type": "q",
      "color": "w"
    },
    {
      "square": "f2",
      "type": "b",
      "color": "w"
    },
    {
      "square": "g2",
      "type": "k",
      "color": "w"
    }
  ]
}