{
  "event": "World Blitz Championship",
  "site": "Riyadh KSA",
  "date": "2017.12.30",
  "eventDate": "2017.12.29",
  "dateMillis": 1514563200000,
  "eventDateMillis": 1514476800000,
  "round": "17.4",
  "result": "0-1",
  "white": "Alexander Grischuk",
  "black": "Ding Liren",
  "isDingWin": true,
  "isDraw": false,
  "isDingBlack": true,
  "moves": [
    "hxg5",
    "g6",
    "f6",
    "Qc6",
    "Qc3",
    "a4",
    "Kg1",
    "Qe4",
    "Ne5",
    "a3",
    "f3",
    "Qd4+"
  ],
  "statePieceCount": 14,
  "endPieceCount": 13,
  "boardState": [
    {
      "square": "f8",
      "type": "b",
      "color": "b"
    },
    {
      "square": "g8",
      "type": "k",
      "color": "b"
    },
    {
      "square": "f7",
      "type": "p",
      "color": "b"
    },
    {
      "square": "g7",
      "type": "p",
      "color": "b"
    },
    {
      "square": "d6",
      "type": "q",
      "color": "b"
    },
    {
      "square": "a5",
      "type": "p",
      "color": "b"
    },
    {
      "square": "c5",
      "type": "p",
      "color": "b"
    },
    {
      "square": "f5",
      "type": "p",
      "color": "w"
    },
    {
      "square": "g5",
      "type": "p",
      "color": "b"
    },
    {
      "square": "c4",
      "type": "q",
      "color": "w"
    },
    {
      "square": "h4",
      "type": "p",
      "color": "w"
    },
    {
      "square": "f3",
      "type": "n",
      "color": "w"
    },
    {
      "square": "f2",
      "type": "p",
      "color": "w"
    },
    {
      "square": "g2",
      "type": "k",
      "color": "w"
    }
  ]
}