{
  "event": "Gashimov Memorial",
  "site": "Shamkir AZE",
  "date": "2018.04.22",
  "eventDate": "2018.04.19",
  "dateMillis": 1524326400000,
  "eventDateMillis": 1524067200000,
  "round": "4.1",
  "result": "1/2-1/2",
  "white": "Anish Giri",
  "black": "Ding Liren",
  "isDingWin": false,
  "isDraw": true,
  "isDingBlack": true,
  "moves": [
    "Kg2",
    "Qxd2+",
    "Kh3",
    "Qc2",
    "Qd5+",
    "Ka6",
    "Bd6",
    "Qc8+",
    "Kg2",
    "Qc2+",
    "Kh3",
    "Qc1",
    "Kg4",
    "Qg1+",
    "Kxf4",
    "Qh2+",
    "Kg4",
    "Qh5+",
    "Qxh5",
    "gxh5+",
    "Kxh5",
    "d3",
    "Bf4",
    "Ba5",
    "Kg4",
    "Kb5",
    "Kf5",
    "d2",
    "Bxd2",
    "Bxd2",
    "f4",
    "Kb4",
    "Ke4",
    "Kc5",
    "Ke5",
    "Kc6",
    "f5",
    "Bb4",
    "Ke6",
    "Ba3",
    "f6",
    "a5",
    "Kf7",
    "Kd7"
  ],
  "statePieceCount": 14,
  "endPieceCount": 7,
  "boardState": [
    {
      "square": "a7",
      "type": "p",
      "color": "b"
    },
    {
      "square": "b7",
      "type": "q",
      "color": "w"
    },
    {
      "square": "b6",
      "type": "b",
      "color": "b"
    },
    {
      "square": "g6",
      "type": "p",
      "color": "b"
    },
    {
      "square": "b5",
      "type": "k",
      "color": "b"
    },
    {
      "square": "d4",
      "type": "p",
      "color": "b"
    },
    {
      "square": "f4",
      "type": "p",
      "color": "b"
    },
    {
      "square": "a3",
      "type": "b",
      "color": "w"
    },
    {
      "square": "b3",
      "type": "p",
      "color": "w"
    },
    {
      "square": "f3",
      "type": "p",
      "color": "w"
    },
    {
      "square": "a2",
      "type": "p",
      "color": "w"
    },
    {
      "square": "d2",
      "type": "p",
      "color": "w"
    },
    {
      "square": "e1",
      "type": "q",
      "color": "b"
    },
    {
      "square": "g1",
      "type": "k",
      "color": "w"
    }
  ]
}