{
  "event": "Norway Chess",
  "site": "Stavanger NOR",
  "date": "2018.05.29",
  "eventDate": "2018.05.28",
  "dateMillis": 1527523200000,
  "eventDateMillis": 1527436800000,
  "round": "2.3",
  "result": "1/2-1/2",
  "white": "Ding Liren",
  "black": "Maxime Vachier-Lagrave",
  "isDingWin": false,
  "isDraw": true,
  "isDingBlack": false,
  "moves": [
    "Nf4",
    "a4",
    "h4",
    "axb3",
    "axb3",
    "b6",
    "h5",
    "gxh5",
    "Qd8+",
    "Kg7",
    "Qg5+",
    "Kf8",
    "Qd8+",
    "Kg7",
    "Qg5+",
    "Kf8",
    "Qd8+"
  ],
  "statePieceCount": 14,
  "endPieceCount": 11,
  "boardState": [
    {
      "square": "g8",
      "type": "k",
      "color": "b"
    },
    {
      "square": "b7",
      "type": "p",
      "color": "b"
    },
    {
      "square": "f7",
      "type": "q",
      "color": "b"
    },
    {
      "square": "h7",
      "type": "p",
      "color": "b"
    },
    {
      "square": "g6",
      "type": "p",
      "color": "b"
    },
    {
      "square": "a5",
      "type": "p",
      "color": "b"
    },
    {
      "square": "c5",
      "type": "b",
      "color": "b"
    },
    {
      "square": "b3",
      "type": "p",
      "color": "w"
    },
    {
      "square": "d3",
      "type": "q",
      "color": "w"
    },
    {
      "square": "g3",
      "type": "p",
      "color": "w"
    },
    {
      "square": "a2",
      "type": "p",
      "color": "w"
    },
    {
      "square": "e2",
      "type": "n",
      "color": "w"
    },
    {
      "square": "g2",
      "type": "k",
      "color": "w"
    },
    {
      "square": "h2",
      "type": "p",
      "color": "w"
    }
  ]
}