{
  "event": "Shenzhen Masters",
  "site": "Shenzhen CHN",
  "date": "2018.11.05",
  "eventDate": "2018.11.04",
  "dateMillis": 1541347200000,
  "eventDateMillis": 1541260800000,
  "round": "2.3",
  "result": "1/2-1/2",
  "white": "Ding Liren",
  "black": "Maxime Vachier-Lagrave",
  "isDingWin": false,
  "isDraw": true,
  "isDingBlack": false,
  "moves": [
    "Rc1",
    "Ra6",
    "Rcc7",
    "Rf6",
    "Rxa7",
    "Rxa7",
    "Rxa7",
    "h5",
    "Kg2",
    "Re6",
    "e3",
    "Re5",
    "h3",
    "Kg7",
    "Ra3",
    "Rb5",
    "h4",
    "Rb4",
    "Kf3",
    "Rb5",
    "Ra4",
    "Rf5+",
    "Ke2",
    "Rb5",
    "Rd4",
    "Rb2+",
    "Kf3",
    "Rb3",
    "Kf4",
    "Rb2",
    "f3",
    "Rb6",
    "e4",
    "Rb3",
    "Rd5",
    "Ra3",
    "g4",
    "hxg4",
    "Kxg4",
    "Ra1",
    "h5",
    "gxh5+",
    "Rxh5",
    "f6",
    "Rd5",
    "Kg6",
    "Rd6",
    "Ra4",
    "Kf4",
    "Rb4",
    "Ke3",
    "Rb3+",
    "Rd3",
    "Rb1",
    "f4",
    "Re1+",
    "Kd4",
    "Rf1",
    "f5+",
    "Kf7",
    "Ra3",
    "Rd1+",
    "Ke3",
    "Re1+",
    "Kf3",
    "Rf1+",
    "Ke2",
    "Rb1",
    "Ra7+",
    "Kf8",
    "Kd3",
    "Rd1+",
    "Kc4",
    "Rd2",
    "Kc5",
    "Rd1",
    "Rb7",
    "Ke8",
    "Ra7"
  ],
  "statePieceCount": 14,
  "endPieceCount": 7,
  "boardState": [
    {
      "square": "a8",
      "type": "r",
      "color": "b"
    },
    {
      "square": "g8",
      "type": "k",
      "color": "b"
    },
    {
      "square": "a7",
      "type": "p",
      "color": "b"
    },
    {
      "square": "b7",
      "type": "r",
      "color": "w"
    },
    {
      "square": "f7",
      "type": "p",
      "color": "b"
    },
    {
      "square": "h7",
      "type": "p",
      "color": "b"
    },
    {
      "square": "g6",
      "type": "p",
      "color": "b"
    },
    {
      "square": "a4",
      "type": "r",
      "color": "b"
    },
    {
      "square": "g3",
      "type": "p",
      "color": "w"
    },
    {
      "square": "e2",
      "type": "p",
      "color": "w"
    },
    {
      "square": "f2",
      "type": "p",
      "color": "w"
    },
    {
      "square": "h2",
      "type": "p",
      "color": "w"
    },
    {
      "square": "f1",
      "type": "r",
      "color": "w"
    },
    {
      "square": "g1",
      "type": "k",
      "color": "w"
    }
  ]
}