{
  "event": "PRO League Group Stage",
  "site": "chess.com INT",
  "date": "2019.02.20",
  "eventDate": "2019.01.08",
  "dateMillis": 1550592000000,
  "eventDateMillis": 1546876800000,
  "round": "7",
  "result": "1/2-1/2",
  "white": "Ding Liren",
  "black": "Fabiano Caruana",
  "isDingWin": false,
  "isDraw": true,
  "isDingBlack": false,
  "moves": [
    "d5",
    "Rf8",
    "dxe6",
    "Rxf2+",
    "Kg1",
    "Rc2",
    "Rb1",
    "Ra8",
    "e7",
    "Re8",
    "Rxb7",
    "Kf7",
    "Rf5+",
    "Ke6",
    "Rf1",
    "Re2",
    "Rb6+",
    "Kxe7",
    "Rb7+",
    "Ke6",
    "Rxg7",
    "Re7",
    "Rxe7+",
    "Kxe7",
    "Rf2",
    "Re5",
    "Kf1",
    "Ra5",
    "Kg2",
    "h5",
    "g4",
    "hxg4",
    "hxg4",
    "Ra3",
    "Rf3",
    "Rxf3",
    "Kxf3",
    "Kf6",
    "Kf4",
    "Kg6",
    "g5",
    "Kg7",
    "g6",
    "Kxg6"
  ],
  "statePieceCount": 14,
  "endPieceCount": 2,
  "boardState": [
    {
      "square": "e8",
      "type": "r",
      "color": "b"
    },
    {
      "square": "g8",
      "type": "k",
      "color": "b"
    },
    {
      "square": "b7",
      "type": "p",
      "color": "b"
    },
    {
      "square": "g7",
      "type": "p",
      "color": "b"
    },
    {
      "square": "h7",
      "type": "p",
      "color": "b"
    },
    {
      "square": "e6",
      "type": "p",
      "color": "b"
    },
    {
      "square": "b5",
      "type": "r",
      "color": "w"
    },
    {
      "square": "e5",
      "type": "r",
      "color": "w"
    },
    {
      "square": "a4",
      "type": "r",
      "color": "b"
    },
    {
      "square": "d4",
      "type": "p",
      "color": "w"
    },
    {
      "square": "g3",
      "type": "p",
      "color": "w"
    },
    {
      "square": "h3",
      "type": "p",
      "color": "w"
    },
    {
      "square": "f2",
      "type": "p",
      "color": "w"
    },
    {
      "square": "h2",
      "type": "k",
      "color": "w"
    }
  ]
}