{
  "event": "Norway Chess (Blitz)",
  "site": "Stavanger NOR",
  "date": "2019.06.03",
  "eventDate": "2019.06.03",
  "dateMillis": 1559491200000,
  "eventDateMillis": 1559491200000,
  "round": "5.3",
  "result": "1/2-1/2",
  "white": "Ding Liren",
  "black": "Alexander Grischuk",
  "isDingWin": false,
  "isDraw": true,
  "isDingBlack": false,
  "moves": [
    "Rxa6",
    "Ne7",
    "Bd7",
    "Nd5",
    "Ra2",
    "Nb4",
    "Rd2",
    "Nd5",
    "Be6",
    "Rb1",
    "Kg7",
    "h3",
    "Bf5",
    "Re1",
    "Be6",
    "Rb1",
    "Bf5",
    "Re1",
    "Be6"
  ],
  "statePieceCount": 14,
  "endPieceCount": 13,
  "boardState": [
    {
      "square": "c8",
      "type": "n",
      "color": "w"
    },
    {
      "square": "f8",
      "type": "k",
      "color": "b"
    },
    {
      "square": "f7",
      "type": "p",
      "color": "b"
    },
    {
      "square": "a6",
      "type": "p",
      "color": "w"
    },
    {
      "square": "c6",
      "type": "b",
      "color": "b"
    },
    {
      "square": "g6",
      "type": "p",
      "color": "b"
    },
    {
      "square": "c4",
      "type": "p",
      "color": "w"
    },
    {
      "square": "d4",
      "type": "b",
      "color": "b"
    },
    {
      "square": "a2",
      "type": "r",
      "color": "b"
    },
    {
      "square": "g2",
      "type": "p",
      "color": "w"
    },
    {
      "square": "h2",
      "type": "p",
      "color": "w"
    },
    {
      "square": "e1",
      "type": "r",
      "color": "w"
    },
    {
      "square": "f1",
      "type": "b",
      "color": "w"
    },
    {
      "square": "h1",
      "type": "k",
      "color": "w"
    }
  ]
}