{
  "event": "Navara - Ding Match",
  "site": "Prague CZE",
  "date": "2019.06.17",
  "eventDate": "2019.06.17",
  "dateMillis": 1560700800000,
  "eventDateMillis": 1560700800000,
  "round": "1",
  "result": "1/2-1/2",
  "white": "David Navara",
  "black": "Ding Liren",
  "isDingWin": false,
  "isDraw": true,
  "isDingBlack": true,
  "moves": [
    "Qb4",
    "Qc2",
    "Ne6+",
    "fxe6",
    "Qe7+",
    "Kh6",
    "Qh4+",
    "Kg7",
    "Qe7+",
    "Kh6",
    "Qh4+",
    "Kg7",
    "Qe7+"
  ],
  "statePieceCount": 14,
  "endPieceCount": 13,
  "boardState": [
    {
      "square": "f7",
      "type": "p",
      "color": "b"
    },
    {
      "square": "g7",
      "type": "k",
      "color": "b"
    },
    {
      "square": "h7",
      "type": "p",
      "color": "b"
    },
    {
      "square": "a6",
      "type": "b",
      "color": "b"
    },
    {
      "square": "b6",
      "type": "q",
      "color": "w"
    },
    {
      "square": "g6",
      "type": "p",
      "color": "b"
    },
    {
      "square": "f4",
      "type": "n",
      "color": "w"
    },
    {
      "square": "f3",
      "type": "p",
      "color": "w"
    },
    {
      "square": "a2",
      "type": "q",
      "color": "b"
    },
    {
      "square": "d2",
      "type": "r",
      "color": "b"
    },
    {
      "square": "g2",
      "type": "p",
      "color": "w"
    },
    {
      "square": "h2",
      "type": "p",
      "color": "w"
    },
    {
      "square": "b1",
      "type": "r",
      "color": "w"
    },
    {
      "square": "g1",
      "type": "k",
      "color": "w"
    }
  ]
}