{
  "event": "Navara - Ding Match",
  "site": "Prague CZE",
  "date": "2019.06.18",
  "eventDate": "2019.06.17",
  "dateMillis": 1560787200000,
  "eventDateMillis": 1560700800000,
  "round": "6",
  "result": "1/2-1/2",
  "white": "Ding Liren",
  "black": "David Navara",
  "isDingWin": false,
  "isDraw": true,
  "isDingBlack": false,
  "moves": [
    "Rxa7",
    "Rxa7",
    "Rc2",
    "Kg7",
    "Ke2",
    "Ra3",
    "Kd1",
    "Kg6",
    "Kc1",
    "Kf5",
    "Kb2",
    "Ra8",
    "f3",
    "Rb8+",
    "Kc1",
    "Ra8",
    "Kb2",
    "Rb8+",
    "Kc1",
    "Ra8"
  ],
  "statePieceCount": 14,
  "endPieceCount": 12,
  "boardState": [
    {
      "square": "a8",
      "type": "r",
      "color": "b"
    },
    {
      "square": "g8",
      "type": "k",
      "color": "b"
    },
    {
      "square": "a7",
      "type": "r",
      "color": "b"
    },
    {
      "square": "f7",
      "type": "p",
      "color": "b"
    },
    {
      "square": "f6",
      "type": "p",
      "color": "b"
    },
    {
      "square": "h6",
      "type": "p",
      "color": "b"
    },
    {
      "square": "d4",
      "type": "p",
      "color": "b"
    },
    {
      "square": "a3",
      "type": "r",
      "color": "w"
    },
    {
      "square": "g3",
      "type": "p",
      "color": "w"
    },
    {
      "square": "a2",
      "type": "p",
      "color": "w"
    },
    {
      "square": "f2",
      "type": "p",
      "color": "w"
    },
    {
      "square": "h2",
      "type": "p",
      "color": "w"
    },
    {
      "square": "c1",
      "type": "r",
      "color": "w"
    },
    {
      "square": "f1",
      "type": "k",
      "color": "w"
    }
  ]
}