{
  "event": "Navara - Ding Match",
  "site": "Prague CZE",
  "date": "2019.06.19",
  "dateMillis": 1560873600000,
  "eventDateMillis": null,
  "round": "10",
  "result": "1-0",
  "white": "Ding Liren",
  "black": "David Navara",
  "isDingWin": true,
  "isDraw": false,
  "isDingBlack": false,
  "moves": [
    "Kf8",
    "Bxd4",
    "b5",
    "f3",
    "b4",
    "Rb1",
    "Ra4",
    "Rb3",
    "Rc4",
    "Bb2",
    "Ke7",
    "Kg3",
    "Kd6",
    "Kf2",
    "Kc5",
    "Ke3",
    "Ra7",
    "Bd3",
    "Re7+",
    "Kf2",
    "Rf4",
    "Bc1",
    "Rc4",
    "Bxc4",
    "Kxc4",
    "Re3",
    "Ra7",
    "Bd2",
    "Ra2",
    "Ke2",
    "b3",
    "Rc3+",
    "Kb4",
    "Rc2+",
    "Ka3",
    "Rxa2+"
  ],
  "statePieceCount": 14,
  "endPieceCount": 10,
  "boardState": [
    {
      "square": "c8",
      "type": "r",
      "color": "b"
    },
    {
      "square": "g7",
      "type": "k",
      "color": "b"
    },
    {
      "square": "h7",
      "type": "p",
      "color": "b"
    },
    {
      "square": "b6",
      "type": "p",
      "color": "b"
    },
    {
      "square": "g6",
      "type": "p",
      "color": "b"
    },
    {
      "square": "e5",
      "type": "b",
      "color": "w"
    },
    {
      "square": "d4",
      "type": "n",
      "color": "b"
    },
    {
      "square": "e4",
      "type": "b",
      "color": "w"
    },
    {
      "square": "h3",
      "type": "p",
      "color": "w"
    },
    {
      "square": "a2",
      "type": "r",
      "color": "b"
    },
    {
      "square": "f2",
      "type": "p",
      "color": "w"
    },
    {
      "square": "g2",
      "type": "p",
      "color": "w"
    },
    {
      "square": "h2",
      "type": "k",
      "color": "w"
    },
    {
      "square": "e1",
      "type": "r",
      "color": "w"
    }
  ]
}