{
  "event": "GCT Croatia",
  "site": "Zagreb CRO",
  "date": "2019.06.30",
  "eventDate": "2019.06.26",
  "dateMillis": 1561824000000,
  "eventDateMillis": 1561478400000,
  "round": "5",
  "result": "0-1",
  "white": "Anish Giri",
  "black": "Ding Liren",
  "isDingWin": true,
  "isDraw": false,
  "isDingBlack": true,
  "moves": [
    "Rxd5",
    "a4",
    "Kd6",
    "h4",
    "Re5+",
    "Kd3",
    "Rh5",
    "Rd8+",
    "Ke7",
    "Rg8",
    "Kf7",
    "Ra8",
    "a5",
    "Ra6",
    "axb4",
    "Rxb6",
    "Rxh4",
    "a5",
    "Rg4",
    "a6",
    "Rxg2",
    "Kc4",
    "Ra2",
    "Kxb4",
    "h5",
    "Kb5",
    "h4",
    "Rc6",
    "h3",
    "Rc3",
    "h2",
    "Rf3+",
    "Ke7",
    "Rh3",
    "g5"
  ],
  "statePieceCount": 14,
  "endPieceCount": 8,
  "boardState": [
    {
      "square": "c8",
      "type": "r",
      "color": "w"
    },
    {
      "square": "a7",
      "type": "p",
      "color": "b"
    },
    {
      "square": "d7",
      "type": "r",
      "color": "b"
    },
    {
      "square": "e7",
      "type": "k",
      "color": "b"
    },
    {
      "square": "g7",
      "type": "p",
      "color": "b"
    },
    {
      "square": "b6",
      "type": "p",
      "color": "b"
    },
    {
      "square": "e6",
      "type": "p",
      "color": "b"
    },
    {
      "square": "h6",
      "type": "p",
      "color": "b"
    },
    {
      "square": "d5",
      "type": "b",
      "color": "w"
    },
    {
      "square": "b4",
      "type": "p",
      "color": "w"
    },
    {
      "square": "a3",
      "type": "p",
      "color": "w"
    },
    {
      "square": "e3",
      "type": "k",
      "color": "w"
    },
    {
      "square": "g2",
      "type": "p",
      "color": "w"
    },
    {
      "square": "h2",
      "type": "p",
      "color": "w"
    }
  ]
}