{
  "event": "Sinquefield Cup",
  "site": "St Louis, MO USA",
  "date": "2019.08.28",
  "eventDate": "2019.08.17",
  "dateMillis": 1566921600000,
  "eventDateMillis": 1565971200000,
  "round": "11",
  "result": "1/2-1/2",
  "white": "Ding Liren",
  "black": "Shakhriyar Mamedyarov",
  "isDingWin": false,
  "isDraw": true,
  "isDingBlack": false,
  "moves": [
    "e3+",
    "fxe3",
    "Rxa6",
    "h4",
    "h6",
    "hxg5+",
    "Kxg5",
    "Re4",
    "Kf6",
    "Rh4",
    "Kf5",
    "Rf4+",
    "Ke5",
    "g4",
    "e6",
    "Rf7",
    "Ra2+",
    "Kd3",
    "Ra3+",
    "Kd2",
    "Ra2+",
    "Kd3",
    "Ra3+",
    "Kd2",
    "Ra2+"
  ],
  "statePieceCount": 14,
  "endPieceCount": 10,
  "boardState": [
    {
      "square": "a7",
      "type": "p",
      "color": "b"
    },
    {
      "square": "e7",
      "type": "p",
      "color": "b"
    },
    {
      "square": "h7",
      "type": "p",
      "color": "b"
    },
    {
      "square": "a6",
      "type": "p",
      "color": "w"
    },
    {
      "square": "f6",
      "type": "k",
      "color": "b"
    },
    {
      "square": "g5",
      "type": "p",
      "color": "b"
    },
    {
      "square": "b4",
      "type": "r",
      "color": "w"
    },
    {
      "square": "e4",
      "type": "p",
      "color": "b"
    },
    {
      "square": "a3",
      "type": "r",
      "color": "b"
    },
    {
      "square": "g3",
      "type": "p",
      "color": "w"
    },
    {
      "square": "d2",
      "type": "k",
      "color": "w"
    },
    {
      "square": "e2",
      "type": "p",
      "color": "w"
    },
    {
      "square": "f2",
      "type": "p",
      "color": "w"
    },
    {
      "square": "h2",
      "type": "p",
      "color": "w"
    }
  ]
}