{
  "event": "Sinquefield Cup",
  "site": "St Louis, MO USA",
  "date": "2019.08.26",
  "eventDate": "2019.08.17",
  "dateMillis": 1566748800000,
  "eventDateMillis": 1565971200000,
  "round": "9",
  "result": "1-0",
  "white": "Ding Liren",
  "black": "Fabiano Caruana",
  "isDingWin": true,
  "isDraw": false,
  "isDingBlack": false,
  "moves": [
    "Qb1+",
    "Qf5",
    "Qb7",
    "Nc6",
    "Nd6",
    "Qc5",
    "Ne4",
    "Qc2",
    "Nf6+",
    "Kg6",
    "Ne8",
    "Qc3",
    "e4",
    "a5",
    "Qd7",
    "a4",
    "Qxe6+",
    "Kh7",
    "e5",
    "Nd4",
    "Qd7",
    "Kg6",
    "Qxg7+",
    "Kf5",
    "Nd6+",
    "Kxf4",
    "Qf6+",
    "Ke3",
    "e6",
    "Kd3",
    "e7"
  ],
  "statePieceCount": 14,
  "endPieceCount": 11,
  "boardState": [
    {
      "square": "b8",
      "type": "n",
      "color": "b"
    },
    {
      "square": "a7",
      "type": "p",
      "color": "b"
    },
    {
      "square": "f7",
      "type": "n",
      "color": "w"
    },
    {
      "square": "g7",
      "type": "p",
      "color": "b"
    },
    {
      "square": "h7",
      "type": "k",
      "color": "b"
    },
    {
      "square": "e6",
      "type": "p",
      "color": "b"
    },
    {
      "square": "h6",
      "type": "p",
      "color": "b"
    },
    {
      "square": "d5",
      "type": "q",
      "color": "b"
    },
    {
      "square": "f4",
      "type": "p",
      "color": "w"
    },
    {
      "square": "e3",
      "type": "p",
      "color": "w"
    },
    {
      "square": "h3",
      "type": "p",
      "color": "w"
    },
    {
      "square": "g2",
      "type": "p",
      "color": "w"
    },
    {
      "square": "h2",
      "type": "k",
      "color": "w"
    },
    {
      "square": "f1",
      "type": "q",
      "color": "w"
    }
  ]
}