{
  "event": "World Cup",
  "site": "Khanty-Mansiysk RUS",
  "date": "2019.09.15",
  "eventDate": "2019.09.10",
  "dateMillis": 1568476800000,
  "eventDateMillis": 1568044800000,
  "round": "2.4",
  "result": "1/2-1/2",
  "white": "Sergei Movsesian",
  "black": "Ding Liren",
  "isDingWin": false,
  "isDraw": true,
  "isDingBlack": true,
  "moves": [
    "Bb6",
    "Bd6",
    "Bd8",
    "Kg6",
    "Be4+",
    "Kf7",
    "Bg5",
    "Ke6",
    "Bd5+",
    "Kf5",
    "Bh4",
    "Kg6",
    "Be4+",
    "Kf7",
    "Bg5",
    "Ke6",
    "Kf1",
    "Be5",
    "Bd5+",
    "Kd6",
    "Ke2",
    "Bc6",
    "Bf7",
    "Bf3+",
    "Kd2",
    "g3",
    "fxg3",
    "Bxg3",
    "Be8",
    "Bc6",
    "Bh5",
    "Kc7",
    "Ke2",
    "Bd6",
    "Kf2",
    "Kd7",
    "Bg4+",
    "Kc7",
    "Ke2",
    "Be5",
    "Kf2",
    "Bd6",
    "Bd2",
    "Be5",
    "Bf3",
    "Bxf3",
    "Kxf3",
    "Kc6",
    "Ke4",
    "Bc7",
    "Kf5",
    "Kd7",
    "Be1",
    "Kc6",
    "Ke4",
    "Bd6",
    "Ba5",
    "Bg3",
    "Bd2",
    "Bc7"
  ],
  "statePieceCount": 14,
  "endPieceCount": 10,
  "boardState": [
    {
      "square": "d7",
      "type": "b",
      "color": "b"
    },
    {
      "square": "g7",
      "type": "k",
      "color": "b"
    },
    {
      "square": "a5",
      "type": "b",
      "color": "w"
    },
    {
      "square": "c5",
      "type": "p",
      "color": "b"
    },
    {
      "square": "d5",
      "type": "b",
      "color": "w"
    },
    {
      "square": "a4",
      "type": "p",
      "color": "b"
    },
    {
      "square": "c4",
      "type": "p",
      "color": "w"
    },
    {
      "square": "d4",
      "type": "p",
      "color": "b"
    },
    {
      "square": "f4",
      "type": "b",
      "color": "b"
    },
    {
      "square": "g4",
      "type": "p",
      "color": "b"
    },
    {
      "square": "a3",
      "type": "p",
      "color": "w"
    },
    {
      "square": "d3",
      "type": "p",
      "color": "w"
    },
    {
      "square": "e2",
      "type": "k",
      "color": "w"
    },
    {
      "square": "f2",
      "type": "p",
      "color": "w"
    }
  ]
}