{
  "event": "World Cup",
  "site": "Khanty-Mansiysk RUS",
  "date": "2019.09.23",
  "eventDate": "2019.09.10",
  "dateMillis": 1569168000000,
  "eventDateMillis": 1568044800000,
  "round": "5.1",
  "result": "1/2-1/2",
  "white": "Alexander Grischuk",
  "black": "Ding Liren",
  "isDingWin": false,
  "isDraw": true,
  "isDingBlack": true,
  "moves": [
    "Bxb6",
    "Be5",
    "Bd4",
    "Be4"
  ],
  "statePieceCount": 14,
  "endPieceCount": 13,
  "boardState": [
    {
      "square": "g8",
      "type": "k",
      "color": "b"
    },
    {
      "square": "c7",
      "type": "b",
      "color": "w"
    },
    {
      "square": "a6",
      "type": "p",
      "color": "b"
    },
    {
      "square": "b6",
      "type": "p",
      "color": "b"
    },
    {
      "square": "c6",
      "type": "p",
      "color": "b"
    },
    {
      "square": "f6",
      "type": "b",
      "color": "b"
    },
    {
      "square": "d5",
      "type": "b",
      "color": "b"
    },
    {
      "square": "h5",
      "type": "p",
      "color": "b"
    },
    {
      "square": "b3",
      "type": "p",
      "color": "w"
    },
    {
      "square": "d3",
      "type": "r",
      "color": "w"
    },
    {
      "square": "f3",
      "type": "p",
      "color": "b"
    },
    {
      "square": "g3",
      "type": "p",
      "color": "w"
    },
    {
      "square": "a2",
      "type": "p",
      "color": "w"
    },
    {
      "square": "h2",
      "type": "k",
      "color": "w"
    }
  ]
}