{
  "event": "World Blitz Championship",
  "site": "Riyadh KSA",
  "date": "2017.12.29",
  "eventDate": "2017.12.29",
  "dateMillis": 1514476800000,
  "eventDateMillis": 1514476800000,
  "round": "6.1",
  "result": "1/2-1/2",
  "white": "Olexandr Bortnyk",
  "black": "Magnus Carlsen",
  "isCarlsenWin": false,
  "isDraw": true,
  "isCarlsenBlack": true,
  "moves": [
    "hxg5",
    "Ra4",
    "Ke4",
    "Rb4",
    "Ke5",
    "Rb6",
    "Rc7",
    "Kg8",
    "Re7",
    "Kg7",
    "Rd7",
    "Kg8",
    "Rd6",
    "Rb2",
    "Rd8+",
    "Kg7",
    "Rd7",
    "Rb6",
    "Rc7",
    "Kf8",
    "Kd5",
    "Kg8",
    "Rd7",
    "Rb1",
    "Ke4",
    "Re1+",
    "Kf4",
    "Rb1",
    "Nf3",
    "Kg7",
    "Ne5",
    "Rf1+",
    "Kg4",
    "Rg1+",
    "Kh4",
    "Rh1+",
    "Kg3",
    "Rg1+",
    "Kf4",
    "Rf1+",
    "Nf3",
    "Rb1",
    "Rc7",
    "Rb4+",
    "Ke3",
    "Rb3+",
    "Ke4",
    "Rb5",
    "Nd4",
    "Rb6",
    "Kd5",
    "Kg8",
    "Nf3",
    "Rb5+",
    "Ke4",
    "Rb4+",
    "Nd4",
    "Rb1",
    "Nf3",
    "Rb4+",
    "Ke5",
    "Rb5+",
    "Ke4",
    "Rb4+",
    "Nd4",
    "Rb1",
    "Ke5",
    "Re1+",
    "Kf4",
    "Rf1+",
    "Nf3",
    "Rb1",
    "Ne5",
    "Rf1+",
    "Ke4",
    "Rf5",
    "Nf3",
    "b5",
    "Re7",
    "Kg7",
    "Rb7",
    "Kg8",
    "Rc7",
    "Kg7",
    "Nd4",
    "Rf1",
    "Rb7",
    "Kg8",
    "Rxb5",
    "f6",
    "Rb8+",
    "Kf7",
    "Rb7+",
    "Kg8",
    "gxf6",
    "Rxf6",
    "Ke5",
    "Rf7",
    "Rb6",
    "Kh7",
    "Ne6",
    "Rf5+",
    "Ke4",
    "Kh6",
    "Nf4",
    "Rg5",
    "Ra6",
    "Rg1",
    "Ra8",
    "Re1+",
    "Kf3",
    "Rf1+",
    "Kg3",
    "Rg1+",
    "Kf2",
    "Rg4",
    "Kf3",
    "Rg1",
    "Ne6",
    "g5",
    "Nd4",
    "Kg6",
    "Kf2"
  ],
  "statePieceCount": 10,
  "endPieceCount": 6,
  "boardState": [
    {
      "square": "b7",
      "type": "p",
      "color": "b"
    },
    {
      "square": "d7",
      "type": "r",
      "color": "w"
    },
    {
      "square": "f7",
      "type": "p",
      "color": "b"
    },
    {
      "square": "g7",
      "type": "k",
      "color": "b"
    },
    {
      "square": "g6",
      "type": "p",
      "color": "b"
    },
    {
      "square": "g5",
      "type": "p",
      "color": "b"
    },
    {
      "square": "b4",
      "type": "r",
      "color": "b"
    },
    {
      "square": "d4",
      "type": "n",
      "color": "w"
    },
    {
      "square": "f4",
      "type": "k",
      "color": "w"
    },
    {
      "square": "h4",
      "type": "p",
      "color": "w"
    }
  ],
  "nextTurn": "w"
}