{
  "event": "Chess.com Speed Chess Championship 2017/18",
  "site": "chess.com INT",
  "date": "2018.01.03",
  "eventDate": "2017.05.03",
  "dateMillis": 1514908800000,
  "eventDateMillis": 1493740800000,
  "round": "4.16",
  "result": "1/2-1/2",
  "white": "Magnus Carlsen",
  "black": "Hikaru Nakamura",
  "isDingWin": false,
  "isDraw": true,
  "isDingBlack": false,
  "moves": [
    "f3",
    "gxf3",
    "gxf3",
    "b5",
    "Kxc7",
    "Ka7",
    "c3",
    "b6+",
    "Kd7",
    "b7",
    "c2",
    "b8=Q",
    "c1=Q",
    "Qd6+",
    "Ke8",
    "Qe6+",
    "Kf8",
    "Bb4+",
    "Kg7",
    "Qf6+",
    "Kh7",
    "Qe7+",
    "Kg6",
    "Bc5",
    "Kf5",
    "e6",
    "Qa1+",
    "Kb7",
    "Qb2+",
    "Kc8",
    "Qc3",
    "Kd7",
    "Qd3+",
    "Ke8",
    "Qd5",
    "Kf7",
    "Qe5",
    "Bd6",
    "Qh8",
    "Bg3",
    "Qh7+",
    "Ke8",
    "Qg8+",
    "Qf8+",
    "Qxf8+",
    "Kxf8",
    "Kxe6",
    "Bf2",
    "Kd7",
    "Kf7",
    "Kc6"
  ],
  "statePieceCount": 10,
  "endPieceCount": 4,
  "boardState": [
    {
      "square": "a8",
      "type": "k",
      "color": "w"
    },
    {
      "square": "c8",
      "type": "k",
      "color": "b"
    },
    {
      "square": "c7",
      "type": "p",
      "color": "w"
    },
    {
      "square": "e5",
      "type": "p",
      "color": "w"
    },
    {
      "square": "b4",
      "type": "p",
      "color": "w"
    },
    {
      "square": "c4",
      "type": "p",
      "color": "b"
    },
    {
      "square": "f4",
      "type": "p",
      "color": "b"
    },
    {
      "square": "g4",
      "type": "p",
      "color": "b"
    },
    {
      "square": "g2",
      "type": "p",
      "color": "w"
    },
    {
      "square": "e1",
      "type": "b",
      "color": "w"
    }
  ]
}