{
  "event": "Pro Chess League",
  "site": "chess.com INT",
  "date": "2018.02.28",
  "eventDate": "2018.01.18",
  "dateMillis": 1519747200000,
  "eventDateMillis": 1516204800000,
  "round": "8",
  "result": "0-1",
  "white": "Magnus Carlsen",
  "black": "Babu M R Lalith",
  "isCarlsenWin": false,
  "isDraw": false,
  "isCarlsenBlack": false,
  "moves": [
    "dxc4",
    "Qf3+",
    "Kb4",
    "Kb8",
    "Rc3",
    "Qd1",
    "a4",
    "Kc7",
    "c5",
    "Kc6",
    "Ka3",
    "a5",
    "Rc4",
    "Kd5",
    "Rc3",
    "Qd4",
    "c6",
    "Qb4+",
    "Ka2",
    "Qxa4+",
    "Kb1",
    "bxc6",
    "Rh3",
    "Kc5",
    "Rc3+",
    "Kb5",
    "Re3",
    "Qd4",
    "Rb3+",
    "Kc4",
    "Ra3",
    "Kb4",
    "Ka1",
    "a4",
    "Kb1",
    "Qd1+",
    "Ka2",
    "Qd5+",
    "Kb1",
    "Qb3",
    "Rxb3+",
    "Kxb3",
    "Ka1",
    "Kc4",
    "Ka2",
    "Kb4",
    "Ka1",
    "a3",
    "bxa3+",
    "Kxa3",
    "Kb1",
    "Kb3"
  ],
  "statePieceCount": 10,
  "endPieceCount": 3,
  "boardState": [
    {
      "square": "a8",
      "type": "k",
      "color": "b"
    },
    {
      "square": "b7",
      "type": "p",
      "color": "b"
    },
    {
      "square": "a6",
      "type": "p",
      "color": "b"
    },
    {
      "square": "c4",
      "type": "r",
      "color": "b"
    },
    {
      "square": "g4",
      "type": "q",
      "color": "b"
    },
    {
      "square": "a3",
      "type": "p",
      "color": "w"
    },
    {
      "square": "c3",
      "type": "k",
      "color": "w"
    },
    {
      "square": "d3",
      "type": "p",
      "color": "w"
    },
    {
      "square": "b2",
      "type": "p",
      "color": "w"
    },
    {
      "square": "c2",
      "type": "r",
      "color": "w"
    }
  ],
  "nextTurn": "w"
}