{
  "event": "Gashimov Memorial",
  "site": "Shamkir AZE",
  "date": "2018.04.19",
  "eventDate": "2018.04.18",
  "dateMillis": 1524067200000,
  "eventDateMillis": 1523980800000,
  "round": "1",
  "result": "1/2-1/2",
  "white": "Shakhriyar Mamedyarov",
  "black": "Magnus Carlsen",
  "isCarlsenWin": false,
  "isDraw": true,
  "isCarlsenBlack": true,
  "moves": [
    "h6",
    "gxh6+",
    "Rxh6",
    "Rg3",
    "Rh8",
    "Rb3",
    "Re8+",
    "Kd4",
    "Ra8",
    "Ke3",
    "Ra7",
    "Kf3",
    "Ra8",
    "Kg4",
    "Ra7",
    "Rc3"
  ],
  "statePieceCount": 10,
  "endPieceCount": 8,
  "boardState": [
    {
      "square": "f7",
      "type": "p",
      "color": "b"
    },
    {
      "square": "g7",
      "type": "k",
      "color": "b"
    },
    {
      "square": "h7",
      "type": "p",
      "color": "b"
    },
    {
      "square": "g6",
      "type": "p",
      "color": "b"
    },
    {
      "square": "e5",
      "type": "k",
      "color": "w"
    },
    {
      "square": "g5",
      "type": "p",
      "color": "w"
    },
    {
      "square": "e4",
      "type": "p",
      "color": "w"
    },
    {
      "square": "f4",
      "type": "p",
      "color": "w"
    },
    {
      "square": "b3",
      "type": "r",
      "color": "w"
    },
    {
      "square": "h2",
      "type": "r",
      "color": "b"
    }
  ],
  "nextTurn": "b"
}