{
  "event": "Gashimov Memorial",
  "site": "Shamkir AZE",
  "date": "2018.04.20",
  "eventDate": "2018.04.18",
  "dateMillis": 1524153600000,
  "eventDateMillis": 1523980800000,
  "round": "2",
  "result": "1/2-1/2",
  "white": "Magnus Carlsen",
  "black": "David Navara",
  "isCarlsenWin": false,
  "isDraw": true,
  "isCarlsenBlack": false,
  "moves": [
    "Rc6",
    "Kf3",
    "Kf5",
    "Be3",
    "Rc3",
    "Rf4+",
    "Ke5",
    "Rxh4",
    "Nc4",
    "Re4+",
    "Kd5",
    "Kf4",
    "Nxe3",
    "Rxe3",
    "Rxe3",
    "Kxe3",
    "Kc4",
    "a3",
    "Kb3",
    "Kd4",
    "Kxa3",
    "Kc5",
    "Kb3",
    "b5",
    "axb5",
    "Kxb5"
  ],
  "statePieceCount": 10,
  "endPieceCount": 2,
  "boardState": [
    {
      "square": "a6",
      "type": "p",
      "color": "b"
    },
    {
      "square": "b6",
      "type": "n",
      "color": "b"
    },
    {
      "square": "f6",
      "type": "r",
      "color": "b"
    },
    {
      "square": "g6",
      "type": "k",
      "color": "b"
    },
    {
      "square": "b4",
      "type": "p",
      "color": "w"
    },
    {
      "square": "d4",
      "type": "r",
      "color": "w"
    },
    {
      "square": "f4",
      "type": "b",
      "color": "w"
    },
    {
      "square": "h4",
      "type": "p",
      "color": "b"
    },
    {
      "square": "a2",
      "type": "p",
      "color": "w"
    },
    {
      "square": "g2",
      "type": "k",
      "color": "w"
    }
  ],
  "nextTurn": "b"
}