{
  "event": "Sinquefield Cup",
  "site": "St Louis, MO USA",
  "date": "2018.08.19",
  "eventDate": "2018.08.18",
  "dateMillis": 1534608000000,
  "eventDateMillis": 1534521600000,
  "round": "2.3",
  "result": "1-0",
  "white": "Magnus Carlsen",
  "black": "Sergey Karjakin",
  "isDingWin": true,
  "isDraw": false,
  "isDingBlack": false,
  "moves": [
    "Rh1",
    "Rf7",
    "Ke3",
    "Ke6",
    "Rh4",
    "Rf6",
    "Rh7",
    "Rf7",
    "Rh5",
    "Kd7",
    "e5",
    "Rf1",
    "Ke4",
    "Kc6",
    "Rh6+",
    "Kb5",
    "Rb6+",
    "Kc4",
    "e6",
    "Re1+",
    "Kf5",
    "Rf1+",
    "Ke5",
    "Re1+",
    "Kf6",
    "Rf1+",
    "Kg7",
    "Ra8",
    "e7",
    "Re1",
    "Kf7",
    "Re4",
    "Rd6",
    "Rh8",
    "Rxa6"
  ],
  "statePieceCount": 10,
  "endPieceCount": 9,
  "boardState": [
    {
      "square": "e8",
      "type": "r",
      "color": "b"
    },
    {
      "square": "d7",
      "type": "r",
      "color": "b"
    },
    {
      "square": "a6",
      "type": "p",
      "color": "b"
    },
    {
      "square": "f6",
      "type": "k",
      "color": "b"
    },
    {
      "square": "a5",
      "type": "p",
      "color": "w"
    },
    {
      "square": "c5",
      "type": "b",
      "color": "w"
    },
    {
      "square": "b4",
      "type": "p",
      "color": "w"
    },
    {
      "square": "e4",
      "type": "p",
      "color": "w"
    },
    {
      "square": "f4",
      "type": "k",
      "color": "w"
    },
    {
      "square": "e1",
      "type": "r",
      "color": "w"
    }
  ]
}