{
  "event": "World Rapid Championship",
  "site": "St Petersburg RUS",
  "date": "2018.12.28",
  "eventDate": "2018.12.26",
  "dateMillis": 1545926400000,
  "eventDateMillis": 1545753600000,
  "round": "15.1",
  "result": "1/2-1/2",
  "white": "Hikaru Nakamura",
  "black": "Magnus Carlsen",
  "isDingWin": false,
  "isDraw": true,
  "isDingBlack": true,
  "moves": [
    "gxf5",
    "gxf5",
    "Rf7",
    "Kb3",
    "h5",
    "Kxb4",
    "Rxf5",
    "Re3",
    "Kd4",
    "Rh3",
    "Re5",
    "Kb3",
    "Re3+",
    "Rxe3",
    "Kxe3",
    "h4",
    "Kf3",
    "Kc2",
    "Kg3",
    "Kd2",
    "Kxh4",
    "Ke1",
    "Kg3",
    "Kf1",
    "h4",
    "Kg1",
    "h3",
    "Kh1",
    "h2"
  ],
  "statePieceCount": 10,
  "endPieceCount": 3,
  "boardState": [
    {
      "square": "a7",
      "type": "r",
      "color": "b"
    },
    {
      "square": "h7",
      "type": "p",
      "color": "b"
    },
    {
      "square": "e6",
      "type": "r",
      "color": "w"
    },
    {
      "square": "g6",
      "type": "p",
      "color": "b"
    },
    {
      "square": "d5",
      "type": "k",
      "color": "b"
    },
    {
      "square": "f5",
      "type": "p",
      "color": "w"
    },
    {
      "square": "b4",
      "type": "p",
      "color": "b"
    },
    {
      "square": "g4",
      "type": "p",
      "color": "w"
    },
    {
      "square": "b2",
      "type": "k",
      "color": "w"
    },
    {
      "square": "h2",
      "type": "p",
      "color": "w"
    }
  ]
}