{
  "event": "World Rapid Championship",
  "site": "St Petersburg RUS",
  "date": "2018.12.28",
  "eventDate": "2018.12.26",
  "dateMillis": 1545926400000,
  "eventDateMillis": 1545753600000,
  "round": "14.1",
  "result": "1-0",
  "white": "Magnus Carlsen",
  "black": "Dmitry Andreikin",
  "isDingWin": true,
  "isDraw": false,
  "isDingBlack": false,
  "moves": [
    "Kxh4",
    "a4",
    "Kg4",
    "a5",
    "Ne3",
    "a6",
    "Nd5",
    "a7",
    "h4",
    "Kc6",
    "h3",
    "a8=Q"
  ],
  "statePieceCount": 10,
  "endPieceCount": 9,
  "boardState": [
    {
      "square": "b5",
      "type": "k",
      "color": "w"
    },
    {
      "square": "h5",
      "type": "p",
      "color": "b"
    },
    {
      "square": "b4",
      "type": "p",
      "color": "w"
    },
    {
      "square": "c4",
      "type": "p",
      "color": "b"
    },
    {
      "square": "g4",
      "type": "k",
      "color": "b"
    },
    {
      "square": "h4",
      "type": "p",
      "color": "w"
    },
    {
      "square": "a3",
      "type": "p",
      "color": "w"
    },
    {
      "square": "c3",
      "type": "p",
      "color": "w"
    },
    {
      "square": "e2",
      "type": "n",
      "color": "w"
    },
    {
      "square": "d1",
      "type": "n",
      "color": "b"
    }
  ]
}