{
  "event": "Tata Steel Masters",
  "site": "Wijk aan Zee NED",
  "date": "2019.01.26",
  "dateMillis": 1548432000000,
  "eventDateMillis": null,
  "round": "12",
  "result": "1-0",
  "white": "Magnus Carlsen",
  "black": "Jan-Krzysztof Duda",
  "isCarlsenWin": true,
  "isDraw": false,
  "isCarlsenBlack": false,
  "moves": [
    "Rxg3+",
    "Kd4",
    "Rg1",
    "Rb6+",
    "Ke7",
    "Ng6+",
    "Kf7",
    "Ne5+",
    "Kg8",
    "Nxc4",
    "Ra8",
    "a5",
    "Ra1",
    "Rb5",
    "Ra7",
    "Be4",
    "Rc7",
    "Rf5",
    "Kg7",
    "Bc2",
    "Rc1",
    "Kc3",
    "Rf7",
    "Rxf7+",
    "Kxf7",
    "Na3"
  ],
  "statePieceCount": 10,
  "endPieceCount": 6,
  "boardState": [
    {
      "square": "e8",
      "type": "r",
      "color": "b"
    },
    {
      "square": "d6",
      "type": "k",
      "color": "b"
    },
    {
      "square": "b5",
      "type": "r",
      "color": "w"
    },
    {
      "square": "f5",
      "type": "b",
      "color": "w"
    },
    {
      "square": "g5",
      "type": "r",
      "color": "b"
    },
    {
      "square": "a4",
      "type": "p",
      "color": "w"
    },
    {
      "square": "c4",
      "type": "p",
      "color": "b"
    },
    {
      "square": "f4",
      "type": "n",
      "color": "w"
    },
    {
      "square": "c3",
      "type": "k",
      "color": "w"
    },
    {
      "square": "g3",
      "type": "p",
      "color": "w"
    }
  ],
  "nextTurn": "b"
}