{
  "event": "Grand Chess Tour Cote d�Ivoire (Rapid & Blitz)",
  "site": "Abidjan CIV",
  "date": "2019.05.11",
  "eventDate": "2019.05.11",
  "dateMillis": 1557504000000,
  "eventDateMillis": 1557504000000,
  "round": "6.4",
  "result": "1/2-1/2",
  "white": "Magnus Carlsen",
  "black": "Ian Nepomniachtchi",
  "isCarlsenWin": false,
  "isDraw": true,
  "isCarlsenBlack": false,
  "moves": [
    "Rxc3+",
    "Kxc3",
    "Kf5",
    "f3",
    "g5",
    "Kd4",
    "Ke6",
    "Ke4",
    "f6",
    "h4",
    "f5+",
    "Ke3",
    "f4+",
    "gxf4",
    "gxh4"
  ],
  "statePieceCount": 10,
  "endPieceCount": 6,
  "boardState": [
    {
      "square": "f7",
      "type": "p",
      "color": "b"
    },
    {
      "square": "c6",
      "type": "r",
      "color": "b"
    },
    {
      "square": "e6",
      "type": "k",
      "color": "b"
    },
    {
      "square": "g6",
      "type": "p",
      "color": "b"
    },
    {
      "square": "h5",
      "type": "p",
      "color": "b"
    },
    {
      "square": "c3",
      "type": "r",
      "color": "w"
    },
    {
      "square": "d3",
      "type": "k",
      "color": "w"
    },
    {
      "square": "g3",
      "type": "p",
      "color": "w"
    },
    {
      "square": "f2",
      "type": "p",
      "color": "w"
    },
    {
      "square": "h2",
      "type": "p",
      "color": "w"
    }
  ],
  "nextTurn": "b"
}