{
  "event": "Lindores Abbey Stars",
  "site": "Newburgh SCO",
  "date": "2019.05.26",
  "eventDate": "2019.05.25",
  "dateMillis": 1558800000000,
  "eventDateMillis": 1558713600000,
  "round": "5.2",
  "result": "1/2-1/2",
  "white": "Magnus Carlsen",
  "black": "Sergey Karjakin",
  "isCarlsenWin": false,
  "isDraw": true,
  "isCarlsenBlack": false,
  "moves": [
    "Be4",
    "Qf6",
    "Nxh5",
    "Qxh4",
    "Ng3"
  ],
  "statePieceCount": 10,
  "endPieceCount": 8,
  "boardState": [
    {
      "square": "b8",
      "type": "k",
      "color": "b"
    },
    {
      "square": "b7",
      "type": "p",
      "color": "w"
    },
    {
      "square": "e7",
      "type": "p",
      "color": "b"
    },
    {
      "square": "c6",
      "type": "q",
      "color": "b"
    },
    {
      "square": "f5",
      "type": "b",
      "color": "w"
    },
    {
      "square": "h5",
      "type": "p",
      "color": "b"
    },
    {
      "square": "h4",
      "type": "p",
      "color": "w"
    },
    {
      "square": "g3",
      "type": "n",
      "color": "w"
    },
    {
      "square": "f2",
      "type": "p",
      "color": "w"
    },
    {
      "square": "g2",
      "type": "k",
      "color": "w"
    }
  ],
  "nextTurn": "w"
}