{
  "event": "Norway Chess (Blitz)",
  "site": "Stavanger NOR",
  "date": "2019.06.03",
  "eventDate": "2019.06.03",
  "dateMillis": 1559491200000,
  "eventDateMillis": 1559491200000,
  "round": "2.1",
  "result": "1/2-1/2",
  "white": "Magnus Carlsen",
  "black": "Ding Liren",
  "isCarlsenWin": false,
  "isDraw": true,
  "isCarlsenBlack": false,
  "moves": [
    "Kg4",
    "Rb4",
    "h4",
    "Rxb5",
    "Rg8+",
    "Kf7",
    "Ra8",
    "a5",
    "h5",
    "Rb1",
    "Ra7+",
    "Kf6",
    "h6",
    "Rg1+",
    "Kf3",
    "Rh1",
    "h7",
    "Kg6",
    "Re7",
    "Kf6",
    "Ra7",
    "Rh2",
    "Ke4",
    "Rh1",
    "Kf3",
    "a4",
    "Rxa4",
    "Rxh7",
    "Rb4",
    "Rb7",
    "Rb5",
    "Ke7",
    "Ke4",
    "Kd6",
    "Kd4",
    "Kc6",
    "Re5",
    "Rd7+",
    "Kc4",
    "Rd6",
    "f5",
    "exf5",
    "Rxf5"
  ],
  "statePieceCount": 10,
  "endPieceCount": 5,
  "boardState": [
    {
      "square": "f8",
      "type": "r",
      "color": "w"
    },
    {
      "square": "a7",
      "type": "p",
      "color": "b"
    },
    {
      "square": "b6",
      "type": "p",
      "color": "b"
    },
    {
      "square": "e6",
      "type": "p",
      "color": "b"
    },
    {
      "square": "g6",
      "type": "k",
      "color": "b"
    },
    {
      "square": "b5",
      "type": "p",
      "color": "w"
    },
    {
      "square": "a4",
      "type": "r",
      "color": "b"
    },
    {
      "square": "f4",
      "type": "p",
      "color": "w"
    },
    {
      "square": "h4",
      "type": "k",
      "color": "w"
    },
    {
      "square": "h3",
      "type": "p",
      "color": "w"
    }
  ],
  "nextTurn": "w"
}