{
  "event": "GCT St. Louis Rapid & Blitz",
  "site": "St Louis, MO USA",
  "date": "2019.08.13",
  "eventDate": "2019.08.13",
  "dateMillis": 1565625600000,
  "eventDateMillis": 1565625600000,
  "round": "7.3",
  "result": "1/2-1/2",
  "white": "Magnus Carlsen",
  "black": "Leinier Dominguez Perez",
  "isCarlsenWin": false,
  "isDraw": true,
  "isCarlsenBlack": false,
  "moves": [
    "c6",
    "Be5",
    "b5+",
    "Kb4",
    "Kb6",
    "Bd6",
    "Be1+",
    "Kb3",
    "cxd5",
    "exd5",
    "Kb7",
    "Kc2",
    "Kc8",
    "Kd3",
    "Kd7",
    "Bc5",
    "Bg3",
    "Ke4",
    "Bd6",
    "Bd4",
    "Ke7",
    "Be3",
    "Kd7",
    "Kd4",
    "Kc7",
    "Bd2",
    "Kb7",
    "Kd3",
    "Kb6",
    "Kd4",
    "Kb7"
  ],
  "statePieceCount": 10,
  "endPieceCount": 8,
  "boardState": [
    {
      "square": "b7",
      "type": "k",
      "color": "b"
    },
    {
      "square": "c7",
      "type": "p",
      "color": "b"
    },
    {
      "square": "b6",
      "type": "p",
      "color": "b"
    },
    {
      "square": "f6",
      "type": "b",
      "color": "w"
    },
    {
      "square": "g6",
      "type": "p",
      "color": "b"
    },
    {
      "square": "d5",
      "type": "p",
      "color": "w"
    },
    {
      "square": "c4",
      "type": "k",
      "color": "w"
    },
    {
      "square": "e4",
      "type": "p",
      "color": "w"
    },
    {
      "square": "g4",
      "type": "p",
      "color": "w"
    },
    {
      "square": "f2",
      "type": "b",
      "color": "b"
    }
  ],
  "nextTurn": "b"
}