{
  "event": "Isle of Man Grand Swiss",
  "site": "Douglas IMN",
  "date": "2019.10.17",
  "eventDate": "2019.10.10",
  "dateMillis": 1571241600000,
  "eventDateMillis": 1570636800000,
  "round": "7.3",
  "result": "1/2-1/2",
  "white": "Kirill Alekseenko",
  "black": "Magnus Carlsen",
  "isCarlsenWin": false,
  "isDraw": true,
  "isCarlsenBlack": true,
  "moves": [
    "Kxe1",
    "Rxf5",
    "e6",
    "Re5+",
    "Kf2",
    "Rxe6",
    "Kg3",
    "g5",
    "Ra8",
    "Rd6",
    "Rb8",
    "Kg7",
    "Ra8",
    "Kf6",
    "Rf8+",
    "Ke5",
    "Re8+",
    "Kf5",
    "Rf8+",
    "Rf6",
    "Ra8",
    "h4+",
    "Kg2",
    "Rb6"
  ],
  "statePieceCount": 10,
  "endPieceCount": 7,
  "boardState": [
    {
      "square": "g7",
      "type": "p",
      "color": "b"
    },
    {
      "square": "h7",
      "type": "k",
      "color": "b"
    },
    {
      "square": "e5",
      "type": "p",
      "color": "w"
    },
    {
      "square": "f5",
      "type": "p",
      "color": "w"
    },
    {
      "square": "g5",
      "type": "r",
      "color": "b"
    },
    {
      "square": "h5",
      "type": "p",
      "color": "b"
    },
    {
      "square": "a3",
      "type": "r",
      "color": "w"
    },
    {
      "square": "h3",
      "type": "p",
      "color": "w"
    },
    {
      "square": "e2",
      "type": "k",
      "color": "w"
    },
    {
      "square": "e1",
      "type": "r",
      "color": "b"
    }
  ],
  "nextTurn": "w"
}