{
  "event": "GCT Kolkata Rapid & Blitz",
  "site": "Kolkata IND",
  "date": "2019.11.26",
  "eventDate": "2019.11.25",
  "dateMillis": 1574697600000,
  "eventDateMillis": 1574611200000,
  "round": "13.2",
  "result": "1-0",
  "white": "Magnus Carlsen",
  "black": "Pentala Harikrishna",
  "isCarlsenWin": true,
  "isDraw": false,
  "isCarlsenBlack": false,
  "moves": [
    "Bxd7",
    "Kf8",
    "Kg2",
    "Ke7",
    "Ba4",
    "Kd6",
    "Kf3",
    "g5",
    "Kg4",
    "f6",
    "Kh5",
    "Ke5",
    "Kg6",
    "g4",
    "Bd7",
    "f5",
    "Kf7",
    "Ke4",
    "Kxe6",
    "b5",
    "Bxb5",
    "Kf3",
    "Kxf5"
  ],
  "statePieceCount": 10,
  "endPieceCount": 6,
  "boardState": [
    {
      "square": "e8",
      "type": "b",
      "color": "w"
    },
    {
      "square": "g8",
      "type": "k",
      "color": "b"
    },
    {
      "square": "d7",
      "type": "q",
      "color": "b"
    },
    {
      "square": "f7",
      "type": "p",
      "color": "b"
    },
    {
      "square": "b6",
      "type": "p",
      "color": "b"
    },
    {
      "square": "e6",
      "type": "p",
      "color": "b"
    },
    {
      "square": "g6",
      "type": "p",
      "color": "b"
    },
    {
      "square": "g3",
      "type": "p",
      "color": "w"
    },
    {
      "square": "f2",
      "type": "p",
      "color": "w"
    },
    {
      "square": "h2",
      "type": "k",
      "color": "w"
    }
  ],
  "nextTurn": "w"
}