{
  "event": "World Rapid Championship",
  "site": "Moscow RUS",
  "date": "2019.12.26",
  "eventDate": "2019.12.26",
  "dateMillis": 1577289600000,
  "eventDateMillis": 1577289600000,
  "round": "3.1",
  "result": "1-0",
  "white": "Magnus Carlsen",
  "black": "Boris Savchenko",
  "isDingWin": true,
  "isDraw": false,
  "isDingBlack": false,
  "moves": [
    "Kb6",
    "Ra3",
    "Ka7",
    "h5",
    "Re4",
    "Rf3",
    "Kxa6",
    "Kh4",
    "Kb6",
    "Kg5",
    "Re6",
    "Rc3",
    "Rd6",
    "h6",
    "Rc6",
    "Re3",
    "Rc4",
    "Re7",
    "Rc7",
    "Rg7",
    "Kc6",
    "Kf6",
    "Rd7",
    "Ke6",
    "Rd4",
    "Rxh7",
    "Rxf4",
    "Rh8",
    "Rh4",
    "h7",
    "Kb7",
    "Kf6",
    "f4",
    "Kxg6",
    "Rg4+",
    "Kh5",
    "Rg1",
    "Rf8"
  ],
  "statePieceCount": 10,
  "endPieceCount": 6,
  "boardState": [
    {
      "square": "c7",
      "type": "k",
      "color": "b"
    },
    {
      "square": "e7",
      "type": "r",
      "color": "b"
    },
    {
      "square": "h7",
      "type": "p",
      "color": "b"
    },
    {
      "square": "a6",
      "type": "p",
      "color": "w"
    },
    {
      "square": "g6",
      "type": "p",
      "color": "b"
    },
    {
      "square": "f5",
      "type": "p",
      "color": "b"
    },
    {
      "square": "f4",
      "type": "p",
      "color": "w"
    },
    {
      "square": "h4",
      "type": "p",
      "color": "w"
    },
    {
      "square": "d3",
      "type": "r",
      "color": "w"
    },
    {
      "square": "h3",
      "type": "k",
      "color": "w"
    }
  ]
}