{
  "event": "Magnus Carlsen Invitational",
  "site": "chess24.com INT",
  "date": "2020.04.24",
  "eventDate": "2020.04.18",
  "dateMillis": 1587657600000,
  "eventDateMillis": 1587139200000,
  "round": "4.2",
  "result": "1/2-1/2",
  "white": "Maxime Vachier-Lagrave",
  "black": "Magnus Carlsen",
  "isDingWin": false,
  "isDraw": true,
  "isDingBlack": true,
  "moves": [
    "Kxe4",
    "Rf5",
    "Rh2+",
    "Rf2",
    "Rh3",
    "Kd2",
    "Rxe3",
    "Rxf6",
    "Rg3",
    "c5",
    "Rxg4",
    "c6",
    "Kd5",
    "c7",
    "Rc4",
    "Rf5+",
    "Ke4",
    "Rxg5",
    "Rxc7"
  ],
  "statePieceCount": 10,
  "endPieceCount": 4,
  "boardState": [
    {
      "square": "h8",
      "type": "r",
      "color": "b"
    },
    {
      "square": "f6",
      "type": "p",
      "color": "b"
    },
    {
      "square": "c5",
      "type": "r",
      "color": "w"
    },
    {
      "square": "e5",
      "type": "k",
      "color": "b"
    },
    {
      "square": "g5",
      "type": "p",
      "color": "b"
    },
    {
      "square": "c4",
      "type": "p",
      "color": "w"
    },
    {
      "square": "e4",
      "type": "p",
      "color": "w"
    },
    {
      "square": "g4",
      "type": "p",
      "color": "w"
    },
    {
      "square": "e3",
      "type": "p",
      "color": "w"
    },
    {
      "square": "e2",
      "type": "k",
      "color": "w"
    }
  ]
}