{
  "event": "Magnus Carlsen Invitational",
  "site": "chess24.com INT",
  "date": "2020.05.03",
  "eventDate": "2020.04.18",
  "dateMillis": 1588435200000,
  "eventDateMillis": 1587139200000,
  "round": "2.1",
  "result": "1-0",
  "white": "Magnus Carlsen",
  "black": "Hikaru Nakamura",
  "isDingWin": true,
  "isDraw": false,
  "isDingBlack": false,
  "moves": [
    "Rxh5+",
    "Kf4",
    "Rh8",
    "Re1+",
    "Kd2",
    "Re3",
    "h5",
    "Be1+",
    "Kc2",
    "Rh3",
    "h6",
    "Kf5",
    "h7",
    "Kg6",
    "Rg8+",
    "Kxh7",
    "Nf6+",
    "Kh6",
    "Rh8+",
    "Kg6",
    "Rxh3",
    "Kxf6",
    "Kb3",
    "Ke5",
    "Kc4",
    "Bf2",
    "Rf3",
    "Be3",
    "Rf8",
    "Ke6",
    "Kc5",
    "Bg1",
    "Kc6",
    "Be3",
    "Re8+"
  ],
  "statePieceCount": 10,
  "endPieceCount": 6,
  "boardState": [
    {
      "square": "h6",
      "type": "r",
      "color": "w"
    },
    {
      "square": "f5",
      "type": "k",
      "color": "b"
    },
    {
      "square": "h5",
      "type": "p",
      "color": "b"
    },
    {
      "square": "d4",
      "type": "p",
      "color": "b"
    },
    {
      "square": "e4",
      "type": "n",
      "color": "w"
    },
    {
      "square": "h4",
      "type": "p",
      "color": "w"
    },
    {
      "square": "d3",
      "type": "p",
      "color": "w"
    },
    {
      "square": "g3",
      "type": "b",
      "color": "b"
    },
    {
      "square": "e2",
      "type": "k",
      "color": "w"
    },
    {
      "square": "g1",
      "type": "r",
      "color": "b"
    }
  ]
}