{
  "event": "FIDE Online Steinitz Memorial",
  "site": "chess24.com INT",
  "date": "2020.05.15",
  "eventDate": "2020.05.15",
  "dateMillis": 1589472000000,
  "eventDateMillis": 1589472000000,
  "round": "2",
  "result": "0-1",
  "white": "Le Quang Liem",
  "black": "Magnus Carlsen",
  "isCarlsenWin": true,
  "isDraw": false,
  "isCarlsenBlack": true,
  "moves": [
    "fxe5",
    "Bg3",
    "d4",
    "Bf2",
    "Rb3",
    "Re1",
    "e4+",
    "Kg2",
    "d3",
    "Rc1",
    "d2",
    "Rd1",
    "Kg4"
  ],
  "statePieceCount": 10,
  "endPieceCount": 9,
  "boardState": [
    {
      "square": "f6",
      "type": "p",
      "color": "b"
    },
    {
      "square": "d5",
      "type": "p",
      "color": "b"
    },
    {
      "square": "e5",
      "type": "p",
      "color": "w"
    },
    {
      "square": "f5",
      "type": "k",
      "color": "b"
    },
    {
      "square": "c4",
      "type": "n",
      "color": "b"
    },
    {
      "square": "f4",
      "type": "b",
      "color": "w"
    },
    {
      "square": "d3",
      "type": "r",
      "color": "b"
    },
    {
      "square": "e3",
      "type": "p",
      "color": "w"
    },
    {
      "square": "f3",
      "type": "k",
      "color": "w"
    },
    {
      "square": "e2",
      "type": "r",
      "color": "w"
    }
  ],
  "nextTurn": "b"
}