{
  "event": "Clutch International",
  "site": "lichess.org INT",
  "date": "2020.06.06",
  "eventDate": "2020.06.06",
  "dateMillis": 1591372800000,
  "eventDateMillis": 1591372800000,
  "round": "1.6",
  "result": "1/2-1/2",
  "white": "Jeffery Xiong",
  "black": "Magnus Carlsen",
  "isDingWin": false,
  "isDraw": true,
  "isDingBlack": true,
  "moves": [
    "Rxg6",
    "Rxh2",
    "c5",
    "Rh3+",
    "Kc4",
    "bxc5",
    "Kxc5",
    "Rxa3",
    "Kb5",
    "a4",
    "Rg7+",
    "Kc8",
    "Rg4",
    "Kc7",
    "Rxa4",
    "Rxa4",
    "Kxa4"
  ],
  "statePieceCount": 10,
  "endPieceCount": 2,
  "boardState": [
    {
      "square": "b7",
      "type": "k",
      "color": "b"
    },
    {
      "square": "b6",
      "type": "p",
      "color": "b"
    },
    {
      "square": "f6",
      "type": "r",
      "color": "w"
    },
    {
      "square": "g6",
      "type": "p",
      "color": "b"
    },
    {
      "square": "a5",
      "type": "p",
      "color": "b"
    },
    {
      "square": "c4",
      "type": "p",
      "color": "w"
    },
    {
      "square": "h4",
      "type": "r",
      "color": "b"
    },
    {
      "square": "a3",
      "type": "p",
      "color": "w"
    },
    {
      "square": "c3",
      "type": "k",
      "color": "w"
    },
    {
      "square": "h2",
      "type": "p",
      "color": "w"
    }
  ]
}