{
  "event": "Clutch International",
  "site": "lichess.org INT",
  "date": "2020.06.06",
  "eventDate": "2020.06.06",
  "dateMillis": 1591372800000,
  "eventDateMillis": 1591372800000,
  "round": "1.4",
  "result": "1/2-1/2",
  "white": "Jeffery Xiong",
  "black": "Magnus Carlsen",
  "isCarlsenWin": false,
  "isDraw": true,
  "isCarlsenBlack": true,
  "moves": [
    "Rxf7+",
    "Ke6",
    "Rf6+",
    "Kd7",
    "Rf7+",
    "Ke8",
    "Ra7",
    "Be2+",
    "Kf4",
    "Rxa7",
    "Bxa7",
    "Bb5",
    "Ke5",
    "Kd7",
    "Bc5",
    "Bc4",
    "Bd4",
    "Bb5",
    "Bc5",
    "Bc4",
    "Bd4",
    "Bb5",
    "Bc5"
  ],
  "statePieceCount": 10,
  "endPieceCount": 7,
  "boardState": [
    {
      "square": "b7",
      "type": "r",
      "color": "w"
    },
    {
      "square": "f7",
      "type": "p",
      "color": "b"
    },
    {
      "square": "a6",
      "type": "b",
      "color": "b"
    },
    {
      "square": "c6",
      "type": "p",
      "color": "b"
    },
    {
      "square": "d5",
      "type": "p",
      "color": "b"
    },
    {
      "square": "f5",
      "type": "k",
      "color": "b"
    },
    {
      "square": "d4",
      "type": "b",
      "color": "w"
    },
    {
      "square": "c3",
      "type": "p",
      "color": "w"
    },
    {
      "square": "f3",
      "type": "k",
      "color": "w"
    },
    {
      "square": "a2",
      "type": "r",
      "color": "b"
    }
  ],
  "nextTurn": "w"
}