{
  "event": "Clutch International",
  "site": "lichess.org INT",
  "date": "2020.06.06",
  "eventDate": "2020.06.06",
  "dateMillis": 1591372800000,
  "eventDateMillis": 1591372800000,
  "round": "1.1",
  "result": "1-0",
  "white": "Magnus Carlsen",
  "black": "Jeffery Xiong",
  "isDingWin": true,
  "isDraw": false,
  "isDingBlack": false,
  "moves": [
    "h7",
    "Rb3+",
    "Kh4",
    "Rb1",
    "g5",
    "b3",
    "Ng3",
    "Nf4",
    "Kg4",
    "Ng6",
    "Rg8",
    "b2",
    "Rxg6",
    "Rh1",
    "Rb6"
  ],
  "statePieceCount": 10,
  "endPieceCount": 9,
  "boardState": [
    {
      "square": "h8",
      "type": "r",
      "color": "w"
    },
    {
      "square": "d7",
      "type": "k",
      "color": "b"
    },
    {
      "square": "f7",
      "type": "p",
      "color": "b"
    },
    {
      "square": "e6",
      "type": "n",
      "color": "b"
    },
    {
      "square": "h6",
      "type": "p",
      "color": "w"
    },
    {
      "square": "f5",
      "type": "n",
      "color": "w"
    },
    {
      "square": "b4",
      "type": "p",
      "color": "b"
    },
    {
      "square": "g4",
      "type": "p",
      "color": "w"
    },
    {
      "square": "g3",
      "type": "k",
      "color": "w"
    },
    {
      "square": "b2",
      "type": "r",
      "color": "b"
    }
  ]
}