{
  "event": "Clutch International",
  "site": "lichess.org INT",
  "date": "2020.06.06",
  "eventDate": "2020.06.06",
  "dateMillis": 1591372800000,
  "eventDateMillis": 1591372800000,
  "round": "1.2",
  "result": "0-1",
  "white": "Jeffery Xiong",
  "black": "Magnus Carlsen",
  "isCarlsenWin": true,
  "isDraw": false,
  "isCarlsenBlack": true,
  "moves": [
    "c4+",
    "Kd4",
    "Kf3",
    "Nd2+",
    "Kxg3",
    "g5",
    "c5",
    "Kxc5",
    "Kf2",
    "Kd4",
    "Ke2",
    "Ne4",
    "Kf3",
    "Nc5",
    "Ke2",
    "Kc3",
    "Bd1",
    "Kb4",
    "Ke3",
    "Nxa4",
    "Kd4",
    "Nc5",
    "Bc2",
    "Nb3+",
    "Ke5",
    "a4"
  ],
  "statePieceCount": 10,
  "endPieceCount": 7,
  "boardState": [
    {
      "square": "g6",
      "type": "p",
      "color": "b"
    },
    {
      "square": "a5",
      "type": "p",
      "color": "b"
    },
    {
      "square": "d5",
      "type": "k",
      "color": "b"
    },
    {
      "square": "a4",
      "type": "p",
      "color": "w"
    },
    {
      "square": "e4",
      "type": "n",
      "color": "b"
    },
    {
      "square": "g4",
      "type": "p",
      "color": "w"
    },
    {
      "square": "c3",
      "type": "p",
      "color": "w"
    },
    {
      "square": "g3",
      "type": "b",
      "color": "b"
    },
    {
      "square": "c2",
      "type": "b",
      "color": "w"
    },
    {
      "square": "e2",
      "type": "k",
      "color": "w"
    }
  ],
  "nextTurn": "w"
}