{
  "event": "Chessable Masters",
  "site": "chess24.com INT",
  "date": "2020.06.27",
  "eventDate": "2020.06.25",
  "dateMillis": 1593187200000,
  "eventDateMillis": 1593014400000,
  "round": "1.21",
  "result": "1/2-1/2",
  "white": "Fabiano Caruana",
  "black": "Magnus Carlsen",
  "isCarlsenWin": false,
  "isDraw": true,
  "isCarlsenBlack": true,
  "moves": [
    "Rf1",
    "Ra7",
    "Rxf2+",
    "Kg3",
    "Ra2",
    "Rxh7",
    "Ra1",
    "Ra7",
    "a2",
    "Kg2",
    "Ke8",
    "Kh2",
    "Kf8",
    "Kg2",
    "Kg8",
    "Kh2",
    "Kh8",
    "Kg2",
    "Kg8",
    "Kh2",
    "Kh8",
    "Kg2",
    "Kg8"
  ],
  "statePieceCount": 10,
  "endPieceCount": 8,
  "boardState": [
    {
      "square": "d8",
      "type": "k",
      "color": "b"
    },
    {
      "square": "f7",
      "type": "r",
      "color": "w"
    },
    {
      "square": "h7",
      "type": "p",
      "color": "b"
    },
    {
      "square": "g6",
      "type": "p",
      "color": "b"
    },
    {
      "square": "g5",
      "type": "p",
      "color": "w"
    },
    {
      "square": "h4",
      "type": "p",
      "color": "w"
    },
    {
      "square": "a3",
      "type": "p",
      "color": "b"
    },
    {
      "square": "f2",
      "type": "p",
      "color": "w"
    },
    {
      "square": "h2",
      "type": "k",
      "color": "w"
    },
    {
      "square": "a1",
      "type": "r",
      "color": "b"
    }
  ],
  "nextTurn": "b"
}