{
  "event": "Clutch International",
  "site": "lichess.org INT",
  "date": "2020.06.13",
  "eventDate": "2020.06.06",
  "dateMillis": 1591977600000,
  "eventDateMillis": 1591372800000,
  "round": "3.1",
  "result": "1/2-1/2",
  "white": "Magnus Carlsen",
  "black": "Fabiano Caruana",
  "isDingWin": false,
  "isDraw": true,
  "isDingBlack": false,
  "moves": [
    "Nd6+",
    "Ke7",
    "Nxb7",
    "Rh4",
    "Ra3",
    "Rh6",
    "Nc5",
    "Rh5+",
    "Kd4",
    "a5",
    "Rxa5",
    "Ne6+",
    "Kc4",
    "Nxc5",
    "Rxc5",
    "Rxh3",
    "Kd4",
    "Kf6",
    "Ke4",
    "Kg6",
    "Kf4",
    "Rh5",
    "Rxh5",
    "Kxh5",
    "Kg3",
    "Kg5",
    "Kh2",
    "Kh5",
    "Kh1",
    "Kg5",
    "Kg1",
    "Kh5",
    "Kh1"
  ],
  "statePieceCount": 10,
  "endPieceCount": 3,
  "boardState": [
    {
      "square": "e8",
      "type": "k",
      "color": "b"
    },
    {
      "square": "b7",
      "type": "p",
      "color": "b"
    },
    {
      "square": "g7",
      "type": "n",
      "color": "b"
    },
    {
      "square": "h7",
      "type": "p",
      "color": "b"
    },
    {
      "square": "a6",
      "type": "p",
      "color": "b"
    },
    {
      "square": "e5",
      "type": "k",
      "color": "w"
    },
    {
      "square": "a4",
      "type": "r",
      "color": "b"
    },
    {
      "square": "e4",
      "type": "n",
      "color": "w"
    },
    {
      "square": "d3",
      "type": "r",
      "color": "w"
    },
    {
      "square": "h3",
      "type": "p",
      "color": "w"
    }
  ]
}