{
  "event": "Clutch International",
  "site": "lichess.org INT",
  "date": "2020.06.14",
  "eventDate": "2020.06.06",
  "dateMillis": 1592064000000,
  "eventDateMillis": 1591372800000,
  "round": "3.10",
  "result": "1-0",
  "white": "Magnus Carlsen",
  "black": "Fabiano Caruana",
  "isDingWin": true,
  "isDraw": false,
  "isDingBlack": false,
  "moves": [
    "Kc5",
    "Ka5",
    "Be6",
    "d4",
    "Kxd4",
    "Bc6",
    "Ke5",
    "Bb5",
    "Kf6",
    "Bf1",
    "Kxg5",
    "Bxg2",
    "f4",
    "Kb6",
    "Kxh4",
    "Kc5",
    "Kg5",
    "Kd6",
    "Kf6"
  ],
  "statePieceCount": 10,
  "endPieceCount": 6,
  "boardState": [
    {
      "square": "a8",
      "type": "b",
      "color": "b"
    },
    {
      "square": "a6",
      "type": "k",
      "color": "b"
    },
    {
      "square": "d5",
      "type": "p",
      "color": "b"
    },
    {
      "square": "f5",
      "type": "b",
      "color": "w"
    },
    {
      "square": "g5",
      "type": "p",
      "color": "b"
    },
    {
      "square": "b4",
      "type": "k",
      "color": "w"
    },
    {
      "square": "h4",
      "type": "p",
      "color": "b"
    },
    {
      "square": "f3",
      "type": "p",
      "color": "w"
    },
    {
      "square": "h3",
      "type": "p",
      "color": "w"
    },
    {
      "square": "g2",
      "type": "p",
      "color": "w"
    }
  ]
}