{
  "event": "Clutch International",
  "site": "lichess.org INT",
  "date": "2020.06.13",
  "eventDate": "2020.06.06",
  "dateMillis": 1591977600000,
  "eventDateMillis": 1591372800000,
  "round": "3.6",
  "result": "1-0",
  "white": "Fabiano Caruana",
  "black": "Magnus Carlsen",
  "isDingWin": false,
  "isDraw": false,
  "isDingBlack": true,
  "moves": [
    "Bxd6",
    "Kc6",
    "Be7",
    "Nb6",
    "a5",
    "Nd5",
    "Bf8",
    "Kb5",
    "Kh2",
    "f5",
    "Kg3",
    "h5",
    "Bc5",
    "Ka6",
    "Kh4",
    "Nf4",
    "g3",
    "Ne2",
    "Bd6",
    "Kb5",
    "Kxh5",
    "Nc3",
    "Kg6",
    "Ne4",
    "Bf4"
  ],
  "statePieceCount": 10,
  "endPieceCount": 8,
  "boardState": [
    {
      "square": "b7",
      "type": "k",
      "color": "b"
    },
    {
      "square": "d7",
      "type": "n",
      "color": "b"
    },
    {
      "square": "f7",
      "type": "p",
      "color": "b"
    },
    {
      "square": "h7",
      "type": "p",
      "color": "b"
    },
    {
      "square": "d6",
      "type": "q",
      "color": "b"
    },
    {
      "square": "a4",
      "type": "p",
      "color": "w"
    },
    {
      "square": "b4",
      "type": "p",
      "color": "w"
    },
    {
      "square": "f4",
      "type": "b",
      "color": "w"
    },
    {
      "square": "g2",
      "type": "p",
      "color": "w"
    },
    {
      "square": "h1",
      "type": "k",
      "color": "w"
    }
  ]
}