{
  "event": "Chessable Masters",
  "site": "chess24.com INT",
  "date": "2020.06.24",
  "eventDate": "2020.06.25",
  "dateMillis": 1592928000000,
  "eventDateMillis": 1593014400000,
  "round": "1.12",
  "result": "0-1",
  "white": "Fabiano Caruana",
  "black": "Magnus Carlsen",
  "isCarlsenWin": true,
  "isDraw": false,
  "isCarlsenBlack": true,
  "moves": [
    "Rh2",
    "Ra4+",
    "Ke3",
    "Kg4",
    "h5",
    "Kg3",
    "Rh1",
    "Kg2",
    "Rd1",
    "Rh4",
    "Rd2+",
    "Kg3",
    "Rd8",
    "Rxh5",
    "Rg8+",
    "Kh3",
    "Kd2",
    "Rf5",
    "Bd4",
    "Rf3",
    "Be3",
    "f5",
    "Re8",
    "f4",
    "Bd4",
    "Bc4",
    "Kc1",
    "Rd3",
    "Ba7",
    "Rc3+",
    "Kb1",
    "Rc2",
    "Rc8",
    "Kg4",
    "Rc6",
    "Bd3",
    "Rxc2",
    "bxc2+",
    "Kc1",
    "Kf5",
    "Bb8",
    "f3",
    "Ba7",
    "Kxe5",
    "Kd2",
    "Kf4",
    "Be3+",
    "Kg3"
  ],
  "statePieceCount": 10,
  "endPieceCount": 6,
  "boardState": [
    {
      "square": "f7",
      "type": "p",
      "color": "b"
    },
    {
      "square": "e6",
      "type": "b",
      "color": "b"
    },
    {
      "square": "e5",
      "type": "p",
      "color": "w"
    },
    {
      "square": "h5",
      "type": "k",
      "color": "b"
    },
    {
      "square": "f4",
      "type": "k",
      "color": "w"
    },
    {
      "square": "h4",
      "type": "p",
      "color": "w"
    },
    {
      "square": "b3",
      "type": "p",
      "color": "b"
    },
    {
      "square": "a2",
      "type": "r",
      "color": "b"
    },
    {
      "square": "b2",
      "type": "b",
      "color": "w"
    },
    {
      "square": "d2",
      "type": "r",
      "color": "w"
    }
  ],
  "nextTurn": "w"
}