{
  "event": "Clutch International",
  "site": "lichess.org INT",
  "date": "2020.06.12",
  "eventDate": "2020.06.06",
  "dateMillis": 1591891200000,
  "eventDateMillis": 1591372800000,
  "round": "2.7",
  "result": "0-1",
  "white": "Levon Aronian",
  "black": "Magnus Carlsen",
  "isDingWin": true,
  "isDraw": false,
  "isDingBlack": true,
  "moves": [
    "Rg6",
    "d5",
    "Rxh6",
    "Kxe3",
    "h5",
    "d4",
    "Re6",
    "e4",
    "f6",
    "d3",
    "Kg2",
    "d2"
  ],
  "statePieceCount": 10,
  "endPieceCount": 8,
  "boardState": [
    {
      "square": "d6",
      "type": "p",
      "color": "b"
    },
    {
      "square": "h6",
      "type": "p",
      "color": "b"
    },
    {
      "square": "e5",
      "type": "p",
      "color": "b"
    },
    {
      "square": "f5",
      "type": "p",
      "color": "w"
    },
    {
      "square": "h4",
      "type": "p",
      "color": "w"
    },
    {
      "square": "d3",
      "type": "k",
      "color": "b"
    },
    {
      "square": "e3",
      "type": "p",
      "color": "w"
    },
    {
      "square": "g2",
      "type": "r",
      "color": "w"
    },
    {
      "square": "h2",
      "type": "k",
      "color": "w"
    },
    {
      "square": "a1",
      "type": "r",
      "color": "b"
    }
  ]
}