{
  "event": "Magnus Carlsen Chess Tour Finals",
  "site": "chess24.com INT",
  "date": "2020.08.12",
  "eventDate": "2020.08.09",
  "dateMillis": 1597161600000,
  "eventDateMillis": 1596902400000,
  "round": "1.43",
  "result": "1/2-1/2",
  "white": "Magnus Carlsen",
  "black": "Ding Liren",
  "isDingWin": false,
  "isDraw": true,
  "isDingBlack": false,
  "moves": [
    "Kf2",
    "Kd6",
    "Ke2",
    "Kc5",
    "Bb7",
    "a4",
    "Kd2",
    "Nc4+",
    "Kc3",
    "Nxe3",
    "g3",
    "Nf5",
    "g4",
    "Ne3",
    "Bf3",
    "f6",
    "Kd3",
    "Nc4",
    "Kc3",
    "Nd6",
    "Bg2",
    "Nb5+",
    "Kd3",
    "Kb4",
    "Bc6",
    "Nd6",
    "Kd4",
    "Nf7",
    "Bf3",
    "Nh6",
    "Bd1",
    "f5",
    "gxf5",
    "Nxf5+",
    "Ke5",
    "Ne3",
    "Bxa4",
    "Kxa4",
    "Ke4",
    "Nc4",
    "Kf5",
    "Nxb2",
    "Kxg5"
  ],
  "statePieceCount": 10,
  "endPieceCount": 3,
  "boardState": [
    {
      "square": "e7",
      "type": "k",
      "color": "b"
    },
    {
      "square": "f7",
      "type": "p",
      "color": "b"
    },
    {
      "square": "a6",
      "type": "b",
      "color": "w"
    },
    {
      "square": "a5",
      "type": "p",
      "color": "b"
    },
    {
      "square": "e5",
      "type": "n",
      "color": "b"
    },
    {
      "square": "g5",
      "type": "p",
      "color": "b"
    },
    {
      "square": "e3",
      "type": "p",
      "color": "w"
    },
    {
      "square": "g3",
      "type": "k",
      "color": "w"
    },
    {
      "square": "b2",
      "type": "p",
      "color": "w"
    },
    {
      "square": "g2",
      "type": "p",
      "color": "w"
    }
  ]
}