{
  "event": "Magnus Carlsen Chess Tour Finals",
  "site": "chess24.com INT",
  "date": "2020.08.15",
  "eventDate": "2020.08.09",
  "dateMillis": 1597420800000,
  "eventDateMillis": 1596902400000,
  "round": "2.23",
  "result": "1-0",
  "white": "Magnus Carlsen",
  "black": "Hikaru Nakamura",
  "isDingWin": true,
  "isDraw": false,
  "isDingBlack": false,
  "moves": [
    "Kxb4",
    "Qxh7",
    "Qd5+",
    "Kh2",
    "Ka3",
    "Qa7+",
    "Kb2",
    "Qg7+",
    "Ka2",
    "Qg5",
    "Qd3",
    "Qc5",
    "Qe2",
    "h5",
    "Qb2",
    "h6",
    "b4",
    "h7",
    "Qf6",
    "Kg2",
    "b3",
    "Qa7+"
  ],
  "statePieceCount": 10,
  "endPieceCount": 8,
  "boardState": [
    {
      "square": "h7",
      "type": "p",
      "color": "b"
    },
    {
      "square": "b5",
      "type": "p",
      "color": "b"
    },
    {
      "square": "f5",
      "type": "q",
      "color": "w"
    },
    {
      "square": "b4",
      "type": "b",
      "color": "w"
    },
    {
      "square": "c4",
      "type": "q",
      "color": "b"
    },
    {
      "square": "h4",
      "type": "p",
      "color": "w"
    },
    {
      "square": "b3",
      "type": "k",
      "color": "b"
    },
    {
      "square": "g3",
      "type": "p",
      "color": "w"
    },
    {
      "square": "f2",
      "type": "p",
      "color": "w"
    },
    {
      "square": "g2",
      "type": "k",
      "color": "w"
    }
  ]
}