{
  "event": "Magnus Carlsen Chess Tour Finals",
  "site": "chess24.com INT",
  "date": "2020.08.17",
  "eventDate": "2020.08.09",
  "dateMillis": 1597593600000,
  "eventDateMillis": 1596902400000,
  "round": "2.41",
  "result": "1/2-1/2",
  "white": "Magnus Carlsen",
  "black": "Hikaru Nakamura",
  "isCarlsenWin": false,
  "isDraw": true,
  "isCarlsenBlack": false,
  "moves": [
    "Rg8+",
    "Kh2",
    "Qxf1",
    "Qf3",
    "Kb8",
    "Qf4+",
    "Ka8",
    "Qf3",
    "Kb8",
    "Rh6",
    "Qg1+",
    "Kh3",
    "Qf1+",
    "Kh4",
    "Qg1",
    "Qf4+",
    "Ka8",
    "Qe4+",
    "Kb8",
    "Qe5+",
    "Ka8",
    "Qd5+",
    "Kb8",
    "Qb5+",
    "Ka8",
    "Qc6+",
    "Kb8",
    "Qd6+",
    "Ka8",
    "Qd5+",
    "Kb8",
    "Qe5+",
    "Ka8",
    "Qe4+",
    "Kb8",
    "Qf4+",
    "Ka8",
    "Qf3+",
    "Kb8",
    "Qf4+"
  ],
  "statePieceCount": 10,
  "endPieceCount": 9,
  "boardState": [
    {
      "square": "a8",
      "type": "k",
      "color": "b"
    },
    {
      "square": "d8",
      "type": "r",
      "color": "b"
    },
    {
      "square": "a7",
      "type": "p",
      "color": "b"
    },
    {
      "square": "c6",
      "type": "r",
      "color": "w"
    },
    {
      "square": "f4",
      "type": "q",
      "color": "w"
    },
    {
      "square": "b3",
      "type": "p",
      "color": "w"
    },
    {
      "square": "f2",
      "type": "p",
      "color": "w"
    },
    {
      "square": "d1",
      "type": "q",
      "color": "b"
    },
    {
      "square": "f1",
      "type": "b",
      "color": "w"
    },
    {
      "square": "g1",
      "type": "k",
      "color": "w"
    }
  ],
  "nextTurn": "b"
}