{
  "event": "Magnus Carlsen Chess Tour Finals",
  "site": "chess24.com INT",
  "date": "2020.08.18",
  "eventDate": "2020.08.09",
  "dateMillis": 1597680000000,
  "eventDateMillis": 1596902400000,
  "round": "2.56",
  "result": "0-1",
  "white": "Magnus Carlsen",
  "black": "Hikaru Nakamura",
  "isDingWin": false,
  "isDraw": false,
  "isDingBlack": false,
  "moves": [
    "Rxa7",
    "Ra5",
    "Ra8",
    "Ra3+",
    "Kg4",
    "Ra4+",
    "Kf3",
    "Kg5",
    "a7",
    "Ra1",
    "Ke3",
    "Ra3+",
    "Ke4",
    "Ra2",
    "Kf3",
    "Ra6",
    "Ke4",
    "Ra3",
    "Kd5",
    "Kf4",
    "Rh8",
    "Rxa7",
    "Rxh4+",
    "Kf5",
    "Rh8",
    "Rd7+",
    "Kc5",
    "g5",
    "Rh6",
    "Ke5",
    "h4",
    "gxh4",
    "Rxh4",
    "Rc7+",
    "Kb6",
    "Rc2",
    "Rh1",
    "f5",
    "Re1+",
    "Kf4",
    "Rf1+",
    "Ke4",
    "Re1+",
    "Kf3",
    "Rf1+",
    "Rf2",
    "Rd1",
    "f4",
    "Kc5",
    "Kg2",
    "Kd4",
    "f3"
  ],
  "statePieceCount": 10,
  "endPieceCount": 5,
  "boardState": [
    {
      "square": "a7",
      "type": "p",
      "color": "b"
    },
    {
      "square": "d7",
      "type": "r",
      "color": "w"
    },
    {
      "square": "a6",
      "type": "p",
      "color": "w"
    },
    {
      "square": "f6",
      "type": "p",
      "color": "b"
    },
    {
      "square": "g6",
      "type": "p",
      "color": "b"
    },
    {
      "square": "h6",
      "type": "k",
      "color": "b"
    },
    {
      "square": "e5",
      "type": "r",
      "color": "b"
    },
    {
      "square": "h4",
      "type": "p",
      "color": "b"
    },
    {
      "square": "f3",
      "type": "k",
      "color": "w"
    },
    {
      "square": "h3",
      "type": "p",
      "color": "w"
    }
  ]
}