{
  "event": "Norway Chess",
  "site": "Stavanger NOR",
  "date": "2020.10.16",
  "eventDate": "2020.10.05",
  "dateMillis": 1602777600000,
  "eventDateMillis": 1601827200000,
  "round": "10.1",
  "result": "0-1",
  "white": "Magnus Carlsen",
  "black": "Levon Aronian",
  "isCarlsenWin": false,
  "isDraw": false,
  "isCarlsenBlack": false,
  "moves": [
    "b4",
    "Rxf6",
    "b3",
    "Rf7+",
    "Kb6",
    "Rf8",
    "Ra7",
    "Rb8+",
    "Rb7",
    "Rd8",
    "c5",
    "Ke3",
    "c4",
    "Rd1",
    "c3",
    "Rb1",
    "Kc5",
    "Kd3"
  ],
  "statePieceCount": 10,
  "endPieceCount": 9,
  "boardState": [
    {
      "square": "b7",
      "type": "k",
      "color": "b"
    },
    {
      "square": "c6",
      "type": "p",
      "color": "b"
    },
    {
      "square": "f6",
      "type": "p",
      "color": "b"
    },
    {
      "square": "g6",
      "type": "r",
      "color": "w"
    },
    {
      "square": "b5",
      "type": "p",
      "color": "b"
    },
    {
      "square": "e4",
      "type": "p",
      "color": "w"
    },
    {
      "square": "f4",
      "type": "k",
      "color": "w"
    },
    {
      "square": "g4",
      "type": "p",
      "color": "w"
    },
    {
      "square": "h4",
      "type": "p",
      "color": "w"
    },
    {
      "square": "a3",
      "type": "r",
      "color": "b"
    }
  ],
  "nextTurn": "b"
}