{
  "event": "chess.com Speed Chess",
  "site": "chess.com INT",
  "date": "2020.11.02",
  "eventDate": "2020.11.01",
  "dateMillis": 1604246400000,
  "eventDateMillis": 1604160000000,
  "round": "1.24",
  "result": "1-0",
  "white": "Magnus Carlsen",
  "black": "Parham Maghsoodloo",
  "isDingWin": true,
  "isDraw": false,
  "isDingBlack": false,
  "moves": [
    "Rxe4",
    "Rxh6",
    "Re5+",
    "Kb4",
    "Rxg5"
  ],
  "statePieceCount": 10,
  "endPieceCount": 7,
  "boardState": [
    {
      "square": "e6",
      "type": "r",
      "color": "b"
    },
    {
      "square": "h6",
      "type": "n",
      "color": "w"
    },
    {
      "square": "a5",
      "type": "k",
      "color": "b"
    },
    {
      "square": "g5",
      "type": "p",
      "color": "b"
    },
    {
      "square": "d4",
      "type": "r",
      "color": "w"
    },
    {
      "square": "e4",
      "type": "n",
      "color": "b"
    },
    {
      "square": "f4",
      "type": "p",
      "color": "b"
    },
    {
      "square": "f3",
      "type": "k",
      "color": "w"
    },
    {
      "square": "h3",
      "type": "p",
      "color": "w"
    },
    {
      "square": "g2",
      "type": "p",
      "color": "w"
    }
  ]
}