{
  "event": "Skilling Open",
  "site": "chess24.com INT",
  "date": "2020.11.25",
  "eventDate": "2020.11.25",
  "dateMillis": 1606233600000,
  "eventDateMillis": 1606233600000,
  "round": "1.11",
  "result": "1/2-1/2",
  "white": "Magnus Carlsen",
  "black": "Anish Giri",
  "isDingWin": false,
  "isDraw": true,
  "isDingBlack": false,
  "moves": [
    "Bxg2",
    "b4",
    "a5",
    "Kc3",
    "axb4+",
    "axb4",
    "Kb6",
    "Kd4",
    "Bh3",
    "Nd3",
    "Kc6",
    "Ke5",
    "Bg4",
    "Nc5",
    "Bh3",
    "Nb3",
    "Kb6",
    "Nc5",
    "Kc6",
    "Nb3",
    "Kb6",
    "Nc5",
    "Kc6"
  ],
  "statePieceCount": 10,
  "endPieceCount": 7,
  "boardState": [
    {
      "square": "b7",
      "type": "k",
      "color": "b"
    },
    {
      "square": "c7",
      "type": "p",
      "color": "b"
    },
    {
      "square": "a6",
      "type": "p",
      "color": "b"
    },
    {
      "square": "b5",
      "type": "p",
      "color": "b"
    },
    {
      "square": "d5",
      "type": "b",
      "color": "b"
    },
    {
      "square": "e5",
      "type": "n",
      "color": "w"
    },
    {
      "square": "a3",
      "type": "p",
      "color": "w"
    },
    {
      "square": "b2",
      "type": "p",
      "color": "w"
    },
    {
      "square": "d2",
      "type": "k",
      "color": "w"
    },
    {
      "square": "g2",
      "type": "r",
      "color": "w"
    }
  ]
}