{
  "event": "Skilling Open",
  "site": "chess24.com INT",
  "date": "2020.11.24",
  "eventDate": "2020.11.22",
  "dateMillis": 1606147200000,
  "eventDateMillis": 1605974400000,
  "round": "13.3",
  "result": "1-0",
  "white": "Magnus Carlsen",
  "black": "Vidit Santosh Gujrathi",
  "isDingWin": true,
  "isDraw": false,
  "isDingBlack": false,
  "moves": [
    "a6",
    "Qd2+",
    "Kc8",
    "c4",
    "a7",
    "Qxg2",
    "Qb8",
    "Qc6+",
    "Kd8",
    "Qd5+",
    "Ke7+",
    "Kh7",
    "a8=Q",
    "Qg5+",
    "Kd7",
    "Qf5+",
    "Kc6",
    "Qe4+",
    "Kc5",
    "Qe3+",
    "Kxc4",
    "Qe2+",
    "Kb3",
    "Qd3+",
    "Kb2",
    "Qd2+",
    "Ka1",
    "Qd4+",
    "Qb2"
  ],
  "statePieceCount": 10,
  "endPieceCount": 8,
  "boardState": [
    {
      "square": "h8",
      "type": "k",
      "color": "b"
    },
    {
      "square": "d7",
      "type": "k",
      "color": "w"
    },
    {
      "square": "g7",
      "type": "p",
      "color": "b"
    },
    {
      "square": "b6",
      "type": "q",
      "color": "w"
    },
    {
      "square": "h6",
      "type": "p",
      "color": "b"
    },
    {
      "square": "a5",
      "type": "p",
      "color": "w"
    },
    {
      "square": "c5",
      "type": "p",
      "color": "b"
    },
    {
      "square": "c3",
      "type": "q",
      "color": "b"
    },
    {
      "square": "g2",
      "type": "p",
      "color": "w"
    },
    {
      "square": "h2",
      "type": "p",
      "color": "w"
    }
  ]
}