{
  "event": "Skilling Open",
  "site": "chess24.com INT",
  "date": "2020.11.26",
  "eventDate": "2020.11.25",
  "dateMillis": 1606320000000,
  "eventDateMillis": 1606233600000,
  "round": "1.24",
  "result": "1/2-1/2",
  "white": "Magnus Carlsen",
  "black": "Anish Giri",
  "isDingWin": false,
  "isDraw": true,
  "isDingBlack": false,
  "moves": [
    "Bxf4",
    "Kxf4",
    "Kf2",
    "h6",
    "h4",
    "Bb5",
    "Ne6+",
    "Ke5",
    "Nc5",
    "Kd4",
    "Ne6+",
    "Ke5",
    "Nc5",
    "Kd5",
    "Ne4",
    "Ke5",
    "Kg3",
    "Bd7",
    "Nf2",
    "Bf5",
    "Nd1",
    "Be6",
    "Ne3",
    "Bf5",
    "h5",
    "gxh5",
    "Nxf5",
    "Kxf5",
    "Kh4",
    "Kf4",
    "Kxh5",
    "Kxf3",
    "Kxh6"
  ],
  "statePieceCount": 10,
  "endPieceCount": 2,
  "boardState": [
    {
      "square": "h7",
      "type": "p",
      "color": "b"
    },
    {
      "square": "g6",
      "type": "p",
      "color": "b"
    },
    {
      "square": "c5",
      "type": "n",
      "color": "w"
    },
    {
      "square": "e5",
      "type": "b",
      "color": "w"
    },
    {
      "square": "f5",
      "type": "k",
      "color": "b"
    },
    {
      "square": "c4",
      "type": "b",
      "color": "b"
    },
    {
      "square": "f4",
      "type": "b",
      "color": "b"
    },
    {
      "square": "f3",
      "type": "p",
      "color": "w"
    },
    {
      "square": "h2",
      "type": "p",
      "color": "w"
    },
    {
      "square": "g1",
      "type": "k",
      "color": "w"
    }
  ]
}