{
  "event": "Airthings Masters",
  "site": "chess24.com INT",
  "date": "2020.12.26",
  "eventDate": "2020.12.26",
  "dateMillis": 1608912000000,
  "eventDateMillis": 1608912000000,
  "round": "3.3",
  "result": "1/2-1/2",
  "white": "Magnus Carlsen",
  "black": "Teimour Radjabov",
  "isDingWin": false,
  "isDraw": true,
  "isDingBlack": false,
  "moves": [
    "g3",
    "g4",
    "Kd3",
    "Ng7",
    "Kc3",
    "Nf5",
    "Nxf5",
    "exf5",
    "Kd3",
    "Ke7",
    "Ke3",
    "Kf7",
    "Kd3",
    "Ke7",
    "Ke3",
    "Kf7",
    "Kd3"
  ],
  "statePieceCount": 10,
  "endPieceCount": 8,
  "boardState": [
    {
      "square": "f7",
      "type": "k",
      "color": "b"
    },
    {
      "square": "e6",
      "type": "p",
      "color": "b"
    },
    {
      "square": "d5",
      "type": "p",
      "color": "b"
    },
    {
      "square": "e5",
      "type": "p",
      "color": "w"
    },
    {
      "square": "g5",
      "type": "p",
      "color": "b"
    },
    {
      "square": "h5",
      "type": "n",
      "color": "b"
    },
    {
      "square": "d4",
      "type": "n",
      "color": "w"
    },
    {
      "square": "e3",
      "type": "k",
      "color": "w"
    },
    {
      "square": "f2",
      "type": "p",
      "color": "w"
    },
    {
      "square": "g2",
      "type": "p",
      "color": "w"
    }
  ]
}