{
  "event": "Airthings Masters",
  "site": "chess24.com INT",
  "date": "2020.12.29",
  "eventDate": "2020.12.29",
  "dateMillis": 1609171200000,
  "eventDateMillis": 1609171200000,
  "round": "1.11",
  "result": "1-0",
  "white": "Magnus Carlsen",
  "black": "Daniil Dubov",
  "isDingWin": true,
  "isDraw": false,
  "isDingBlack": false,
  "moves": [
    "f4",
    "Kd7",
    "Re1",
    "g4",
    "Rh1",
    "Kc6",
    "Ka5",
    "Kc5",
    "Ka4",
    "Rb4+",
    "Ka3",
    "Rxf4",
    "Rxh2",
    "Rf7",
    "Kb3",
    "f4",
    "Kc3",
    "f5",
    "gxf5",
    "gxf5",
    "Ra2",
    "Kd5",
    "Ra5+",
    "Ke4",
    "Ra4+",
    "Ke5",
    "h5",
    "Rh7",
    "h4",
    "f6",
    "Ra5+",
    "Ke6",
    "Ra6+",
    "Kf5",
    "Ra5+",
    "Kg6",
    "Ra4",
    "f7",
    "Rg4+",
    "Kf5",
    "Rg1",
    "Rxh4"
  ],
  "statePieceCount": 10,
  "endPieceCount": 5,
  "boardState": [
    {
      "square": "c7",
      "type": "k",
      "color": "w"
    },
    {
      "square": "h7",
      "type": "p",
      "color": "b"
    },
    {
      "square": "a6",
      "type": "k",
      "color": "b"
    },
    {
      "square": "e6",
      "type": "r",
      "color": "b"
    },
    {
      "square": "g6",
      "type": "p",
      "color": "b"
    },
    {
      "square": "f5",
      "type": "p",
      "color": "b"
    },
    {
      "square": "g3",
      "type": "p",
      "color": "w"
    },
    {
      "square": "b2",
      "type": "r",
      "color": "w"
    },
    {
      "square": "f2",
      "type": "p",
      "color": "w"
    },
    {
      "square": "h2",
      "type": "p",
      "color": "w"
    }
  ]
}