{
  "event": "Tata Steel",
  "site": "Wijk aan Zee NED",
  "date": "2021.01.18",
  "eventDate": "2021.01.15",
  "dateMillis": 1610899200000,
  "eventDateMillis": 1610640000000,
  "round": "3",
  "result": "1/2-1/2",
  "white": "Magnus Carlsen",
  "black": "Aryan Tari",
  "isDingWin": false,
  "isDraw": true,
  "isDingBlack": false,
  "moves": [
    "Rxg4+",
    "Kf5",
    "Rb4",
    "Kxe6",
    "Rb6+",
    "Kf7",
    "Kb4",
    "Ke8",
    "Rd6",
    "Rd7",
    "Kc5",
    "Rxd6",
    "Kxd6",
    "Kd8",
    "b4",
    "Kc8",
    "a4",
    "Kd8",
    "b5",
    "axb5",
    "axb5",
    "Kc8",
    "b6",
    "Kb8",
    "Kd7",
    "Ka8",
    "Kc7"
  ],
  "statePieceCount": 10,
  "endPieceCount": 4,
  "boardState": [
    {
      "square": "b7",
      "type": "p",
      "color": "b"
    },
    {
      "square": "e7",
      "type": "r",
      "color": "b"
    },
    {
      "square": "a6",
      "type": "p",
      "color": "b"
    },
    {
      "square": "e6",
      "type": "p",
      "color": "w"
    },
    {
      "square": "g6",
      "type": "k",
      "color": "b"
    },
    {
      "square": "f4",
      "type": "r",
      "color": "w"
    },
    {
      "square": "g4",
      "type": "p",
      "color": "b"
    },
    {
      "square": "a3",
      "type": "p",
      "color": "w"
    },
    {
      "square": "b3",
      "type": "k",
      "color": "w"
    },
    {
      "square": "b2",
      "type": "p",
      "color": "w"
    }
  ]
}