{
  "event": "Opera Euro Rapid",
  "site": "chess24.com INT",
  "date": "2021.02.08",
  "eventDate": "2021.02.06",
  "dateMillis": 1612713600000,
  "eventDateMillis": 1612540800000,
  "round": "14.1",
  "result": "1/2-1/2",
  "white": "Daniil Dubov",
  "black": "Magnus Carlsen",
  "isDingWin": false,
  "isDraw": true,
  "isDingBlack": true,
  "moves": [
    "hxg4",
    "Rd3",
    "Bg5",
    "Rd1",
    "Bf6+",
    "Kf8",
    "Kd6",
    "Rd2",
    "f3",
    "Rd1",
    "Bc3",
    "Rd3",
    "Be5",
    "Rd1",
    "f4",
    "Rg1",
    "g5",
    "Rd1",
    "Kc6",
    "Rd2",
    "Bd6+",
    "Kg7",
    "Bb3",
    "Rd3",
    "Bc4",
    "Rd1",
    "Kd7",
    "Rd4",
    "Bb5",
    "f6",
    "Ke6",
    "Re4+",
    "Kd5",
    "Re1",
    "gxf6+",
    "Kxf6",
    "Be5+",
    "Ke7",
    "Bd3",
    "Kf7",
    "Bc4",
    "Ke7",
    "Kd4",
    "Ra1",
    "Bd3",
    "Kf7",
    "Kd5",
    "Rd1",
    "Ke4",
    "Re1+",
    "Kd4",
    "Rd1",
    "Bc7",
    "Ke7",
    "Ke3",
    "Rc1",
    "Bb6",
    "Rg1",
    "Kf3",
    "Rc1",
    "Kg4",
    "Rc3",
    "Be4",
    "Kf7",
    "Bd5+",
    "Ke7",
    "Ba5",
    "Rc1",
    "Bb6",
    "Rd1",
    "Bf3",
    "Rf1",
    "Bg2",
    "Rb1",
    "Bc5+",
    "Kf7",
    "Be4",
    "Re1",
    "Bd5+",
    "Kg7",
    "Bf3",
    "Rc1",
    "Be3",
    "Rb1",
    "Bd4+",
    "Kh6",
    "Bc5",
    "Kg7",
    "Be2",
    "Rc1",
    "Be3",
    "Re1",
    "Bd4+",
    "Kh6",
    "Bf3",
    "Rb1",
    "Bf6",
    "Rg1+",
    "Kh4",
    "Rb1",
    "Bg5+",
    "Kg7",
    "Kg3",
    "Rb3",
    "Kf2",
    "Ra3",
    "Ke2",
    "Rb3",
    "Be4",
    "Ra3",
    "Bd3",
    "Rb3",
    "Ke3",
    "Rb4",
    "Be4",
    "Ra4",
    "Bd5",
    "Rb4",
    "Kd3",
    "Ra4",
    "Bc4",
    "Ra1",
    "Kd4",
    "Re1",
    "Kd5",
    "Rd1+",
    "Ke5",
    "Re1+",
    "Kd6",
    "Rd1+",
    "Ke7",
    "Re1+",
    "Be6",
    "Re4",
    "Kd6",
    "Re1"
  ],
  "statePieceCount": 10,
  "endPieceCount": 7,
  "boardState": [
    {
      "square": "f7",
      "type": "p",
      "color": "b"
    },
    {
      "square": "g7",
      "type": "k",
      "color": "b"
    },
    {
      "square": "g6",
      "type": "p",
      "color": "b"
    },
    {
      "square": "d5",
      "type": "b",
      "color": "w"
    },
    {
      "square": "e5",
      "type": "k",
      "color": "w"
    },
    {
      "square": "g4",
      "type": "p",
      "color": "b"
    },
    {
      "square": "e3",
      "type": "b",
      "color": "w"
    },
    {
      "square": "h3",
      "type": "p",
      "color": "w"
    },
    {
      "square": "f2",
      "type": "p",
      "color": "w"
    },
    {
      "square": "d1",
      "type": "r",
      "color": "b"
    }
  ]
}