{
  "event": "Opera Euro Rapid",
  "site": "chess24.com INT",
  "date": "2021.02.14",
  "eventDate": "2021.02.09",
  "dateMillis": 1613232000000,
  "eventDateMillis": 1612800000000,
  "round": "3.23",
  "result": "1/2-1/2",
  "white": "Wesley So",
  "black": "Magnus Carlsen",
  "isDingWin": false,
  "isDraw": true,
  "isDingBlack": true,
  "moves": [
    "Rxc6",
    "Kf4",
    "Rf6+",
    "Ke5",
    "Rf8",
    "Rh2+",
    "Ke3",
    "Rxb2",
    "b4",
    "Rh2",
    "Re8+",
    "Kd5",
    "Rd8+",
    "Ke5",
    "Re8+",
    "Kd5",
    "Rd8+",
    "Ke5",
    "Re8+"
  ],
  "statePieceCount": 10,
  "endPieceCount": 8,
  "boardState": [
    {
      "square": "c6",
      "type": "p",
      "color": "b"
    },
    {
      "square": "f6",
      "type": "r",
      "color": "w"
    },
    {
      "square": "b5",
      "type": "p",
      "color": "b"
    },
    {
      "square": "e4",
      "type": "p",
      "color": "b"
    },
    {
      "square": "g4",
      "type": "k",
      "color": "b"
    },
    {
      "square": "b3",
      "type": "p",
      "color": "w"
    },
    {
      "square": "c3",
      "type": "p",
      "color": "w"
    },
    {
      "square": "b2",
      "type": "p",
      "color": "w"
    },
    {
      "square": "f2",
      "type": "k",
      "color": "w"
    },
    {
      "square": "h1",
      "type": "r",
      "color": "b"
    }
  ]
}