{
  "event": "Opera Euro Rapid",
  "site": "chess24.com INT",
  "date": "2021.02.10",
  "eventDate": "2021.02.09",
  "dateMillis": 1612886400000,
  "eventDateMillis": 1612800000000,
  "round": "1.32",
  "result": "1-0",
  "white": "Daniil Dubov",
  "black": "Magnus Carlsen",
  "isDingWin": false,
  "isDraw": false,
  "isDingBlack": true,
  "moves": [
    "h5",
    "Bf7",
    "h4",
    "Kg4",
    "Be1",
    "Bc4",
    "Ke7",
    "e5",
    "fxe5",
    "fxe5",
    "Bg3",
    "Kf5",
    "Be1",
    "Ke4",
    "Kd7",
    "Kd5",
    "Ke7",
    "Kc5",
    "Bg3",
    "e6",
    "Bf2+",
    "Kb5",
    "Be1",
    "Kc5",
    "Bf2+",
    "Kb5",
    "Be1",
    "b4",
    "Kd6",
    "Bd5",
    "Bd2",
    "Kc4",
    "Be1",
    "Kb5",
    "Bd2",
    "Bb3",
    "Be1",
    "Ka4",
    "Bf2",
    "Bc4",
    "Ke7",
    "Ka5",
    "Be1",
    "Kb5",
    "Kd6",
    "Ka4",
    "Bf2",
    "Kb3",
    "Be1",
    "b5",
    "Bf2",
    "Kc2",
    "Bb6",
    "Kd3",
    "Ke7",
    "Ke4",
    "Bf2",
    "Kd5",
    "Kd8",
    "Kc6",
    "Be3",
    "Kd5",
    "Ke7",
    "Ke5",
    "Bb6",
    "Kf5",
    "Bf2",
    "Bd5",
    "Bb6",
    "Kg5",
    "Bf2",
    "Bc4",
    "Ke8",
    "Kf6",
    "Bd4+",
    "Kf5",
    "Ke7",
    "Ke4",
    "Bf2",
    "Kd5",
    "Be3",
    "Kc6",
    "Kd8",
    "b6",
    "Bf2",
    "b7",
    "Bg3",
    "Bd5",
    "Ke7",
    "Kb6",
    "Bb8",
    "Kc5",
    "Kf6",
    "Kd4",
    "Ke7",
    "Ke4",
    "Kf6",
    "Kf3",
    "Bd6",
    "Kg4",
    "Bg3",
    "Bc4",
    "Ke7",
    "Kg5",
    "Kd8",
    "Kf6",
    "Bd6",
    "b8=Q+"
  ],
  "statePieceCount": 10,
  "endPieceCount": 8,
  "boardState": [
    {
      "square": "d6",
      "type": "k",
      "color": "b"
    },
    {
      "square": "f6",
      "type": "p",
      "color": "b"
    },
    {
      "square": "h6",
      "type": "p",
      "color": "b"
    },
    {
      "square": "c4",
      "type": "b",
      "color": "w"
    },
    {
      "square": "e4",
      "type": "p",
      "color": "w"
    },
    {
      "square": "f4",
      "type": "p",
      "color": "w"
    },
    {
      "square": "b3",
      "type": "p",
      "color": "w"
    },
    {
      "square": "f3",
      "type": "k",
      "color": "w"
    },
    {
      "square": "h3",
      "type": "p",
      "color": "w"
    },
    {
      "square": "d2",
      "type": "b",
      "color": "b"
    }
  ]
}