{
  "event": "Magnus Carlsen Invitational",
  "site": "chess24.com INT",
  "date": "2021.03.15",
  "eventDate": "2021.03.13",
  "dateMillis": 1615737600000,
  "eventDateMillis": 1615564800000,
  "round": "13.4",
  "result": "1/2-1/2",
  "white": "Magnus Carlsen",
  "black": "Levon Aronian",
  "isCarlsenWin": false,
  "isDraw": true,
  "isCarlsenBlack": false,
  "moves": [
    "Kd1",
    "b3",
    "e7",
    "b2",
    "Kc2",
    "b1=Q+",
    "Kxb1",
    "Re2",
    "Rf7",
    "Kf2",
    "Kc1",
    "Ke1",
    "Rh7",
    "Re6",
    "Kc2",
    "Ke2",
    "Rf7",
    "Re3",
    "Kc1",
    "Ke1",
    "Kb1",
    "Ke2",
    "Kc2",
    "Ke1",
    "Rh7",
    "Ke2",
    "Rxh6",
    "Rxe7",
    "Rf6",
    "Re3",
    "Rf5",
    "Rxf3",
    "Rxg5",
    "Rg3",
    "Re5+",
    "Kf3",
    "g5",
    "Kf4",
    "Rc5",
    "Rxg5",
    "Rxg5",
    "Kxg5"
  ],
  "statePieceCount": 10,
  "endPieceCount": 2,
  "boardState": [
    {
      "square": "e6",
      "type": "p",
      "color": "w"
    },
    {
      "square": "f6",
      "type": "r",
      "color": "w"
    },
    {
      "square": "h6",
      "type": "p",
      "color": "b"
    },
    {
      "square": "g5",
      "type": "p",
      "color": "b"
    },
    {
      "square": "b4",
      "type": "p",
      "color": "b"
    },
    {
      "square": "g4",
      "type": "p",
      "color": "w"
    },
    {
      "square": "f3",
      "type": "p",
      "color": "w"
    },
    {
      "square": "a2",
      "type": "r",
      "color": "b"
    },
    {
      "square": "g2",
      "type": "k",
      "color": "b"
    },
    {
      "square": "c1",
      "type": "k",
      "color": "w"
    }
  ],
  "nextTurn": "w"
}