{
  "event": "Magnus Carlsen Invitational",
  "site": "chess24.com INT",
  "date": "2021.03.14",
  "eventDate": "2021.03.13",
  "dateMillis": 1615651200000,
  "eventDateMillis": 1615564800000,
  "round": "6.2",
  "result": "1/2-1/2",
  "white": "Nils Grandelius",
  "black": "Magnus Carlsen",
  "isCarlsenWin": false,
  "isDraw": true,
  "isCarlsenBlack": true,
  "moves": [
    "Kf5",
    "Nd3",
    "a5",
    "Kd2",
    "Ke4",
    "Kc3",
    "Ke3",
    "Nc1",
    "Nf6",
    "a4",
    "Ne4+",
    "Kb2",
    "Kd4",
    "Nb3+",
    "Kxc4",
    "Nxa5+",
    "Kb4",
    "Nxc6+",
    "Kxa4",
    "Ne5",
    "Kb4",
    "Nd3+",
    "Kc4",
    "Nxc5",
    "Kxc5",
    "c4",
    "Kc6",
    "c5",
    "Nc3",
    "Kxc3",
    "Kxc5"
  ],
  "statePieceCount": 10,
  "endPieceCount": 2,
  "boardState": [
    {
      "square": "a7",
      "type": "p",
      "color": "b"
    },
    {
      "square": "d7",
      "type": "n",
      "color": "b"
    },
    {
      "square": "c6",
      "type": "p",
      "color": "b"
    },
    {
      "square": "c5",
      "type": "p",
      "color": "b"
    },
    {
      "square": "c4",
      "type": "p",
      "color": "w"
    },
    {
      "square": "f4",
      "type": "n",
      "color": "w"
    },
    {
      "square": "g4",
      "type": "k",
      "color": "b"
    },
    {
      "square": "e3",
      "type": "k",
      "color": "w"
    },
    {
      "square": "a2",
      "type": "p",
      "color": "w"
    },
    {
      "square": "c2",
      "type": "p",
      "color": "w"
    }
  ],
  "nextTurn": "b"
}