{
  "event": "Magnus Carlsen Invitational",
  "site": "chess24.com INT",
  "date": "2021.03.13",
  "eventDate": "2021.03.13",
  "dateMillis": 1615564800000,
  "eventDateMillis": 1615564800000,
  "round": "4.1",
  "result": "1-0",
  "white": "Anish Giri",
  "black": "Magnus Carlsen",
  "isDingWin": false,
  "isDraw": false,
  "isDingBlack": true,
  "moves": [
    "Nxg5",
    "Bb3",
    "e5",
    "Ra4",
    "Rc5",
    "Rc4",
    "Ra5",
    "h4",
    "Ne6",
    "Ra4",
    "Nf4+",
    "Kf3",
    "Rc5",
    "Rc4",
    "Ra5",
    "Rc7+",
    "Kh6",
    "Bc2",
    "Ra3+",
    "Kg4",
    "Nd3",
    "Kf5",
    "Nb4",
    "Be4",
    "Rxa2",
    "Kg4"
  ],
  "statePieceCount": 10,
  "endPieceCount": 8,
  "boardState": [
    {
      "square": "e7",
      "type": "p",
      "color": "b"
    },
    {
      "square": "g7",
      "type": "k",
      "color": "b"
    },
    {
      "square": "a5",
      "type": "r",
      "color": "b"
    },
    {
      "square": "d5",
      "type": "b",
      "color": "w"
    },
    {
      "square": "g5",
      "type": "p",
      "color": "w"
    },
    {
      "square": "e4",
      "type": "n",
      "color": "b"
    },
    {
      "square": "f4",
      "type": "r",
      "color": "w"
    },
    {
      "square": "h3",
      "type": "p",
      "color": "w"
    },
    {
      "square": "a2",
      "type": "p",
      "color": "w"
    },
    {
      "square": "g2",
      "type": "k",
      "color": "w"
    }
  ]
}