{
  "event": "Magnus Carlsen Invitational",
  "site": "chess24.com INT",
  "date": "2021.03.18",
  "eventDate": "2021.03.13",
  "dateMillis": 1615996800000,
  "eventDateMillis": 1615564800000,
  "round": "2.14",
  "result": "1/2-1/2",
  "white": "Ian Nepomniachtchi",
  "black": "Magnus Carlsen",
  "isCarlsenWin": false,
  "isDraw": true,
  "isCarlsenBlack": true,
  "moves": [
    "Qh3+",
    "Ke1",
    "Qh4+",
    "Kd2",
    "Qxh5",
    "Qxe6",
    "Nxf7",
    "Qf6+",
    "Kg8",
    "e6",
    "Qh2+",
    "Kc3",
    "Qc7+",
    "Kb2",
    "Qb6+",
    "Ka1",
    "Qa5+",
    "Kb1",
    "Qb5+",
    "Ka1",
    "Nd6",
    "Qd8+",
    "Ne8",
    "Qd7",
    "Qe5+",
    "Ka2"
  ],
  "statePieceCount": 10,
  "endPieceCount": 7,
  "boardState": [
    {
      "square": "d7",
      "type": "q",
      "color": "w"
    },
    {
      "square": "f7",
      "type": "p",
      "color": "w"
    },
    {
      "square": "g7",
      "type": "k",
      "color": "b"
    },
    {
      "square": "e6",
      "type": "p",
      "color": "b"
    },
    {
      "square": "h6",
      "type": "n",
      "color": "b"
    },
    {
      "square": "e5",
      "type": "p",
      "color": "w"
    },
    {
      "square": "h5",
      "type": "b",
      "color": "w"
    },
    {
      "square": "e4",
      "type": "p",
      "color": "w"
    },
    {
      "square": "e3",
      "type": "q",
      "color": "b"
    },
    {
      "square": "f1",
      "type": "k",
      "color": "w"
    }
  ],
  "nextTurn": "b"
}