{
  "event": "Magnus Carlsen Invitational",
  "site": "chess24.com INT",
  "date": "2021.03.19",
  "eventDate": "2021.03.13",
  "dateMillis": 1616083200000,
  "eventDateMillis": 1615564800000,
  "round": "2.23",
  "result": "0-1",
  "white": "Ian Nepomniachtchi",
  "black": "Magnus Carlsen",
  "isCarlsenWin": true,
  "isDraw": false,
  "isCarlsenBlack": true,
  "moves": [
    "Rxf3",
    "d1=Q",
    "Rf5+",
    "Ke4",
    "a5",
    "Qd6",
    "Kh4",
    "g6"
  ],
  "statePieceCount": 10,
  "endPieceCount": 9,
  "boardState": [
    {
      "square": "g7",
      "type": "p",
      "color": "b"
    },
    {
      "square": "a6",
      "type": "p",
      "color": "b"
    },
    {
      "square": "e5",
      "type": "k",
      "color": "b"
    },
    {
      "square": "g5",
      "type": "k",
      "color": "w"
    },
    {
      "square": "a4",
      "type": "p",
      "color": "w"
    },
    {
      "square": "g4",
      "type": "p",
      "color": "w"
    },
    {
      "square": "c3",
      "type": "r",
      "color": "w"
    },
    {
      "square": "f3",
      "type": "r",
      "color": "b"
    },
    {
      "square": "h3",
      "type": "p",
      "color": "w"
    },
    {
      "square": "d2",
      "type": "p",
      "color": "b"
    }
  ],
  "nextTurn": "w"
}