{
  "event": "New In Chess Classic",
  "site": "chess24.com INT",
  "date": "2021.04.29",
  "eventDate": "2021.04.24",
  "dateMillis": 1619625600000,
  "eventDateMillis": 1619193600000,
  "round": "2.13",
  "result": "1-0",
  "white": "Magnus Carlsen",
  "black": "Levon Aronian",
  "isDingWin": true,
  "isDraw": false,
  "isDingBlack": false,
  "moves": [
    "Qd2",
    "Qxd2+",
    "Kxd2",
    "f6",
    "Kc3",
    "e5",
    "fxe5",
    "fxe5",
    "Kb4"
  ],
  "statePieceCount": 10,
  "endPieceCount": 6,
  "boardState": [
    {
      "square": "g8",
      "type": "k",
      "color": "b"
    },
    {
      "square": "f7",
      "type": "p",
      "color": "b"
    },
    {
      "square": "e6",
      "type": "p",
      "color": "b"
    },
    {
      "square": "b5",
      "type": "p",
      "color": "b"
    },
    {
      "square": "f4",
      "type": "p",
      "color": "w"
    },
    {
      "square": "c3",
      "type": "q",
      "color": "w"
    },
    {
      "square": "g3",
      "type": "p",
      "color": "w"
    },
    {
      "square": "c2",
      "type": "k",
      "color": "w"
    },
    {
      "square": "f2",
      "type": "q",
      "color": "b"
    },
    {
      "square": "h2",
      "type": "p",
      "color": "w"
    }
  ]
}