{
  "event": "New In Chess Classic",
  "site": "chess24.com INT",
  "date": "2021.04.26",
  "eventDate": "2021.04.24",
  "dateMillis": 1619366400000,
  "eventDateMillis": 1619193600000,
  "round": "12.7",
  "result": "1-0",
  "white": "Magnus Carlsen",
  "black": "Jan-Krzysztof Duda",
  "isCarlsenWin": true,
  "isDraw": false,
  "isCarlsenBlack": false,
  "moves": [
    "Kb2",
    "Re8",
    "Nd4",
    "f4",
    "Rxd6",
    "Nb4",
    "Kc3",
    "Na2+",
    "Kc4",
    "Re3",
    "Rf6",
    "Rc3+",
    "Kb5",
    "Nc1",
    "Rxf4",
    "Nxb3",
    "Nxb3",
    "Rxb3+",
    "Rb4",
    "Ra3",
    "a5",
    "Kg7",
    "a6",
    "Kf6",
    "Ra4",
    "Rb3+",
    "Kc4"
  ],
  "statePieceCount": 10,
  "endPieceCount": 5,
  "boardState": [
    {
      "square": "b8",
      "type": "r",
      "color": "b"
    },
    {
      "square": "h8",
      "type": "k",
      "color": "b"
    },
    {
      "square": "d6",
      "type": "p",
      "color": "b"
    },
    {
      "square": "e6",
      "type": "n",
      "color": "w"
    },
    {
      "square": "g6",
      "type": "r",
      "color": "w"
    },
    {
      "square": "d5",
      "type": "n",
      "color": "b"
    },
    {
      "square": "f5",
      "type": "p",
      "color": "b"
    },
    {
      "square": "a4",
      "type": "p",
      "color": "w"
    },
    {
      "square": "b3",
      "type": "p",
      "color": "w"
    },
    {
      "square": "c3",
      "type": "k",
      "color": "w"
    }
  ],
  "nextTurn": "w"
}