{
  "event": "New In Chess Classic",
  "site": "chess24.com INT",
  "date": "2021.04.26",
  "eventDate": "2021.04.24",
  "dateMillis": 1619366400000,
  "eventDateMillis": 1619193600000,
  "round": "13.3",
  "result": "1/2-1/2",
  "white": "Rameshbabu Praggnanandhaa",
  "black": "Magnus Carlsen",
  "isCarlsenWin": false,
  "isDraw": true,
  "isCarlsenBlack": true,
  "moves": [
    "Kd5",
    "e4",
    "c6",
    "e3",
    "Rb1",
    "e2",
    "Re1",
    "Rd8+",
    "Kc5",
    "Rd2",
    "c7",
    "Rc2+",
    "Kb6",
    "Rb2+",
    "Ka7",
    "Rc2",
    "Kb7",
    "Rb2+",
    "Kc6",
    "Rc2+",
    "Kd6",
    "Rd2+",
    "Ke7",
    "Rc2",
    "Kd7",
    "Rd2+",
    "Kc6",
    "Rc2+",
    "Kb6",
    "Rb2+",
    "Ka7",
    "Rc2",
    "Rxe2",
    "Rxc7+",
    "Kxa6",
    "Rc3",
    "Rh2",
    "Kf4",
    "a4",
    "Kg3",
    "Rh1",
    "h5",
    "h4",
    "Rb3",
    "a5",
    "Rb2",
    "Ka7",
    "Rb5",
    "a6",
    "Rb2",
    "Ka8",
    "Rb5",
    "a7",
    "Rb2",
    "Rc1",
    "Kxh4",
    "Rc7",
    "Kg3",
    "Rb7",
    "Ra2",
    "Kb8",
    "h4",
    "Rg7+",
    "Kf3",
    "a8=Q+",
    "Rxa8+",
    "Kxa8",
    "h3",
    "Rh7",
    "Kg2",
    "Rxh3",
    "Kxh3"
  ],
  "statePieceCount": 10,
  "endPieceCount": 2,
  "boardState": [
    {
      "square": "c8",
      "type": "r",
      "color": "b"
    },
    {
      "square": "a6",
      "type": "p",
      "color": "b"
    },
    {
      "square": "b6",
      "type": "r",
      "color": "w"
    },
    {
      "square": "h6",
      "type": "p",
      "color": "b"
    },
    {
      "square": "c5",
      "type": "p",
      "color": "w"
    },
    {
      "square": "e5",
      "type": "p",
      "color": "b"
    },
    {
      "square": "f5",
      "type": "k",
      "color": "b"
    },
    {
      "square": "d4",
      "type": "k",
      "color": "w"
    },
    {
      "square": "h3",
      "type": "p",
      "color": "w"
    },
    {
      "square": "a2",
      "type": "p",
      "color": "w"
    }
  ],
  "nextTurn": "w"
}