{
  "event": "New In Chess Classic",
  "site": "chess24.com INT",
  "date": "2021.04.27",
  "eventDate": "2021.04.24",
  "dateMillis": 1619452800000,
  "eventDateMillis": 1619193600000,
  "round": "1.12",
  "result": "1/2-1/2",
  "white": "Teimour Radjabov",
  "black": "Magnus Carlsen",
  "isCarlsenWin": false,
  "isDraw": true,
  "isCarlsenBlack": true,
  "moves": [
    "Bh5",
    "Bxf4",
    "Bf3",
    "Bxh2",
    "Be2",
    "Bg3",
    "h5",
    "Be1",
    "Bf3",
    "Bb4",
    "Bd1",
    "Bd2",
    "Bf3",
    "Bb4",
    "Bd1",
    "Bd2",
    "Bf3",
    "Bb4"
  ],
  "statePieceCount": 10,
  "endPieceCount": 8,
  "boardState": [
    {
      "square": "e8",
      "type": "b",
      "color": "w"
    },
    {
      "square": "f6",
      "type": "k",
      "color": "b"
    },
    {
      "square": "a5",
      "type": "p",
      "color": "b"
    },
    {
      "square": "d5",
      "type": "k",
      "color": "w"
    },
    {
      "square": "f5",
      "type": "p",
      "color": "b"
    },
    {
      "square": "a4",
      "type": "p",
      "color": "w"
    },
    {
      "square": "f4",
      "type": "p",
      "color": "w"
    },
    {
      "square": "h4",
      "type": "p",
      "color": "w"
    },
    {
      "square": "d2",
      "type": "b",
      "color": "b"
    },
    {
      "square": "h2",
      "type": "p",
      "color": "w"
    }
  ],
  "nextTurn": "w"
}