{
  "event": "New In Chess Classic",
  "site": "chess24.com INT",
  "date": "2021.04.24",
  "eventDate": "2021.04.24",
  "dateMillis": 1619193600000,
  "eventDateMillis": 1619193600000,
  "round": "3.4",
  "result": "1-0",
  "white": "Magnus Carlsen",
  "black": "Leinier Dominguez Perez",
  "isCarlsenWin": true,
  "isDraw": false,
  "isCarlsenBlack": false,
  "moves": [
    "Kxe5",
    "Kh4",
    "Nc5",
    "Bd5",
    "Kf6",
    "g4",
    "Nd7",
    "Kh5",
    "Ne5",
    "g5+",
    "Kg7",
    "Bb3",
    "b5",
    "a3",
    "Kh7",
    "Bd1",
    "Nc4",
    "e5",
    "Kg7",
    "e6",
    "Nxa3",
    "e7",
    "Kf7",
    "g6+",
    "Kxe7",
    "g7",
    "Kf7",
    "Kh6"
  ],
  "statePieceCount": 10,
  "endPieceCount": 7,
  "boardState": [
    {
      "square": "b6",
      "type": "p",
      "color": "b"
    },
    {
      "square": "d6",
      "type": "k",
      "color": "b"
    },
    {
      "square": "e5",
      "type": "n",
      "color": "w"
    },
    {
      "square": "e4",
      "type": "p",
      "color": "w"
    },
    {
      "square": "b3",
      "type": "b",
      "color": "w"
    },
    {
      "square": "d3",
      "type": "n",
      "color": "b"
    },
    {
      "square": "e3",
      "type": "p",
      "color": "w"
    },
    {
      "square": "g3",
      "type": "k",
      "color": "w"
    },
    {
      "square": "a2",
      "type": "p",
      "color": "w"
    },
    {
      "square": "g2",
      "type": "p",
      "color": "w"
    }
  ],
  "nextTurn": "b"
}