{
  "event": "FTX Crypto Cup",
  "site": "chess24.com INT",
  "date": "2021.05.29",
  "eventDate": "2021.05.23",
  "dateMillis": 1622217600000,
  "eventDateMillis": 1621699200000,
  "round": "2.23",
  "result": "1/2-1/2",
  "white": "Teimour Radjabov",
  "black": "Magnus Carlsen",
  "isCarlsenWin": false,
  "isDraw": true,
  "isCarlsenBlack": true,
  "moves": [
    "Re4",
    "Ka3",
    "Rxf4",
    "Rg8+",
    "Kf7",
    "Rb8",
    "Rh4",
    "b3",
    "Ke6",
    "Re8+",
    "Kd6",
    "Re2",
    "a5",
    "Rd2+",
    "Kc5",
    "Rc2+",
    "Kd5"
  ],
  "statePieceCount": 10,
  "endPieceCount": 9,
  "boardState": [
    {
      "square": "h8",
      "type": "r",
      "color": "w"
    },
    {
      "square": "a7",
      "type": "p",
      "color": "b"
    },
    {
      "square": "b6",
      "type": "p",
      "color": "b"
    },
    {
      "square": "g6",
      "type": "k",
      "color": "b"
    },
    {
      "square": "a4",
      "type": "p",
      "color": "w"
    },
    {
      "square": "f4",
      "type": "p",
      "color": "w"
    },
    {
      "square": "e3",
      "type": "r",
      "color": "b"
    },
    {
      "square": "a2",
      "type": "k",
      "color": "w"
    },
    {
      "square": "b2",
      "type": "p",
      "color": "w"
    },
    {
      "square": "h2",
      "type": "p",
      "color": "w"
    }
  ],
  "nextTurn": "b"
}