{
  "event": "FTX Crypto Cup",
  "site": "chess24.com INT",
  "date": "2021.05.26",
  "eventDate": "2021.05.23",
  "dateMillis": 1621958400000,
  "eventDateMillis": 1621699200000,
  "round": "1.13",
  "result": "1-0",
  "white": "Hikaru Nakamura",
  "black": "Magnus Carlsen",
  "isCarlsenWin": false,
  "isDraw": false,
  "isCarlsenBlack": true,
  "moves": [
    "Rxd5",
    "Rb6",
    "Kd4",
    "Rb8",
    "Rd6+",
    "Kg5",
    "Rg6+",
    "Kh4",
    "Kc5",
    "Kg3",
    "Rxh6",
    "Kxg4",
    "Rb6",
    "Rc8+",
    "Kxb5"
  ],
  "statePieceCount": 10,
  "endPieceCount": 6,
  "boardState": [
    {
      "square": "d6",
      "type": "r",
      "color": "b"
    },
    {
      "square": "f6",
      "type": "k",
      "color": "b"
    },
    {
      "square": "h6",
      "type": "p",
      "color": "b"
    },
    {
      "square": "b5",
      "type": "p",
      "color": "b"
    },
    {
      "square": "d5",
      "type": "p",
      "color": "b"
    },
    {
      "square": "e5",
      "type": "r",
      "color": "w"
    },
    {
      "square": "h5",
      "type": "p",
      "color": "w"
    },
    {
      "square": "b4",
      "type": "p",
      "color": "w"
    },
    {
      "square": "e4",
      "type": "k",
      "color": "w"
    },
    {
      "square": "g4",
      "type": "p",
      "color": "w"
    }
  ],
  "nextTurn": "w"
}