{
  "event": "FTX Crypto Cup",
  "site": "chess24.com INT",
  "date": "2021.05.28",
  "eventDate": "2021.05.23",
  "dateMillis": 1622131200000,
  "eventDateMillis": 1621699200000,
  "round": "2.14",
  "result": "1-0",
  "white": "Teimour Radjabov",
  "black": "Magnus Carlsen",
  "isDingWin": false,
  "isDraw": false,
  "isDingBlack": true,
  "moves": [
    "Ne4",
    "Nf5",
    "Ng5+",
    "Kg2",
    "Rb8",
    "Nd4",
    "Kf7",
    "Ra5",
    "Ne4",
    "Re5",
    "Nf6",
    "f3",
    "g6",
    "Kg3",
    "Rb1",
    "Rb5",
    "Rxb5",
    "Nxb5",
    "g5",
    "Nc3",
    "Kg6",
    "f4"
  ],
  "statePieceCount": 10,
  "endPieceCount": 8,
  "boardState": [
    {
      "square": "e8",
      "type": "r",
      "color": "b"
    },
    {
      "square": "f8",
      "type": "k",
      "color": "b"
    },
    {
      "square": "g7",
      "type": "p",
      "color": "b"
    },
    {
      "square": "a6",
      "type": "r",
      "color": "w"
    },
    {
      "square": "f6",
      "type": "n",
      "color": "b"
    },
    {
      "square": "h6",
      "type": "n",
      "color": "w"
    },
    {
      "square": "g4",
      "type": "p",
      "color": "w"
    },
    {
      "square": "e3",
      "type": "p",
      "color": "w"
    },
    {
      "square": "f3",
      "type": "k",
      "color": "w"
    },
    {
      "square": "f2",
      "type": "p",
      "color": "w"
    }
  ]
}