{
  "event": "Goldmoney Asian Rapid",
  "site": "chess24.com INT",
  "date": "2021.06.27",
  "eventDate": "2021.06.26",
  "dateMillis": 1624723200000,
  "eventDateMillis": 1624636800000,
  "round": "9.7",
  "result": "1-0",
  "white": "Magnus Carlsen",
  "black": "Daniil Dubov",
  "isDingWin": true,
  "isDraw": false,
  "isDingBlack": false,
  "moves": [
    "Re1+",
    "Kh2",
    "Rh6+",
    "Rh3",
    "Ra1",
    "Ra7",
    "Ra2",
    "f3",
    "Rxh3+",
    "Kxh3",
    "Kh6",
    "g3",
    "g6",
    "Kg4",
    "Rc2",
    "a4",
    "Rc4+",
    "f4",
    "Rc3",
    "a5",
    "Rc5",
    "a6",
    "g5",
    "Ra8"
  ],
  "statePieceCount": 10,
  "endPieceCount": 8,
  "boardState": [
    {
      "square": "e8",
      "type": "r",
      "color": "b"
    },
    {
      "square": "f7",
      "type": "r",
      "color": "w"
    },
    {
      "square": "g7",
      "type": "p",
      "color": "b"
    },
    {
      "square": "h7",
      "type": "k",
      "color": "b"
    },
    {
      "square": "b6",
      "type": "r",
      "color": "b"
    },
    {
      "square": "a3",
      "type": "p",
      "color": "w"
    },
    {
      "square": "g3",
      "type": "r",
      "color": "w"
    },
    {
      "square": "f2",
      "type": "p",
      "color": "w"
    },
    {
      "square": "g2",
      "type": "p",
      "color": "w"
    },
    {
      "square": "g1",
      "type": "k",
      "color": "w"
    }
  ]
}