{
  "event": "Goldmoney Asian Rapid",
  "site": "chess24.com INT",
  "date": "2021.06.28",
  "eventDate": "2021.06.26",
  "dateMillis": 1624809600000,
  "eventDateMillis": 1624636800000,
  "round": "13.5",
  "result": "1/2-1/2",
  "white": "Magnus Carlsen",
  "black": "D Gukesh",
  "isDingWin": false,
  "isDraw": true,
  "isDingBlack": false,
  "moves": [
    "Kxd2",
    "Ke6",
    "Ke2",
    "Ke5",
    "Rf8",
    "Ke4",
    "Re8+",
    "Kf5",
    "Kf3",
    "Rb3",
    "g4+",
    "hxg4+",
    "hxg4+",
    "Kf6",
    "Rd8",
    "Ra3",
    "Rd6+",
    "Kf7",
    "Ke4",
    "Ra4+",
    "Rd4",
    "Ra3",
    "Rb4",
    "Kf6",
    "Kd4",
    "Ra1",
    "Rc4",
    "Ra2",
    "Kd5",
    "Rd2+",
    "Rd4",
    "Ra2",
    "Ke4",
    "Ra3",
    "Rd6+",
    "Kf7",
    "Rd3",
    "Ra4+",
    "Kf3",
    "Kf6",
    "Rd6+",
    "Kf7",
    "Rc6",
    "Rb4",
    "Rd6",
    "Ra4",
    "Rd3",
    "Kf6",
    "Rb3",
    "Kf7",
    "e4",
    "Kf6",
    "Ke3",
    "Ra1",
    "Rb6+",
    "Ke5",
    "Rb5+",
    "Kf6",
    "Rf5+",
    "Kg6",
    "Rf2",
    "Ra3+",
    "Kd4",
    "Rg3",
    "e5",
    "Rxg4+",
    "Kd5",
    "Rg1",
    "e6",
    "Rd1+",
    "Kc6",
    "Re1",
    "Kd7",
    "g4",
    "e7",
    "Kg5",
    "Rf1",
    "Re2",
    "e8=Q",
    "Rxe8",
    "Kxe8",
    "g3",
    "Rg1",
    "Kg4",
    "Kf7",
    "Kf3",
    "Kf6",
    "g2",
    "Kf5",
    "Kf2",
    "Rxg2+",
    "Kxg2"
  ],
  "statePieceCount": 10,
  "endPieceCount": 2,
  "boardState": [
    {
      "square": "d7",
      "type": "k",
      "color": "b"
    },
    {
      "square": "g5",
      "type": "p",
      "color": "b"
    },
    {
      "square": "h5",
      "type": "p",
      "color": "b"
    },
    {
      "square": "a3",
      "type": "r",
      "color": "b"
    },
    {
      "square": "d3",
      "type": "k",
      "color": "w"
    },
    {
      "square": "e3",
      "type": "p",
      "color": "w"
    },
    {
      "square": "h3",
      "type": "p",
      "color": "w"
    },
    {
      "square": "d2",
      "type": "n",
      "color": "b"
    },
    {
      "square": "f2",
      "type": "r",
      "color": "w"
    },
    {
      "square": "g2",
      "type": "p",
      "color": "w"
    }
  ]
}