{
  "event": "Goldmoney Asian Rapid",
  "site": "chess24.com INT",
  "date": "2021.07.02",
  "eventDate": "2021.06.26",
  "dateMillis": 1625155200000,
  "eventDateMillis": 1624636800000,
  "round": "2.22",
  "result": "1/2-1/2",
  "white": "Levon Aronian",
  "black": "Magnus Carlsen",
  "isDingWin": false,
  "isDraw": true,
  "isDingBlack": true,
  "moves": [
    "Bxc4",
    "Ke3",
    "f4+",
    "Ke4",
    "Bd5+",
    "Ke5",
    "c4",
    "Bf2",
    "Kg4",
    "b6",
    "Kf3",
    "Bh4",
    "Kg4",
    "Bf2",
    "f3",
    "Be1",
    "Kh3",
    "Kf4",
    "Kg2",
    "Ke3",
    "e5",
    "Bh4",
    "Bb7",
    "Be1",
    "Bd5",
    "Bh4",
    "Bb7",
    "Be1",
    "Bd5"
  ],
  "statePieceCount": 10,
  "endPieceCount": 9,
  "boardState": [
    {
      "square": "b6",
      "type": "b",
      "color": "w"
    },
    {
      "square": "e6",
      "type": "p",
      "color": "b"
    },
    {
      "square": "b5",
      "type": "p",
      "color": "w"
    },
    {
      "square": "c5",
      "type": "p",
      "color": "b"
    },
    {
      "square": "f5",
      "type": "p",
      "color": "b"
    },
    {
      "square": "g5",
      "type": "k",
      "color": "b"
    },
    {
      "square": "c4",
      "type": "p",
      "color": "w"
    },
    {
      "square": "c3",
      "type": "p",
      "color": "w"
    },
    {
      "square": "a2",
      "type": "b",
      "color": "b"
    },
    {
      "square": "d2",
      "type": "k",
      "color": "w"
    }
  ]
}