{
  "event": "Goldmoney Asian Rapid",
  "site": "chess24.com INT",
  "date": "2021.06.30",
  "eventDate": "2021.06.26",
  "dateMillis": 1624982400000,
  "eventDateMillis": 1624636800000,
  "round": "1.24",
  "result": "0-1",
  "white": "Magnus Carlsen",
  "black": "Wesley So",
  "isDingWin": false,
  "isDraw": false,
  "isDingBlack": false,
  "moves": [
    "Rxe4",
    "Kh3",
    "Rd4",
    "Ra7+",
    "Kg6",
    "Re7",
    "Re4",
    "Kg3",
    "Rg4+",
    "Kh3",
    "e4",
    "Ra7",
    "Rf4",
    "Re7",
    "Rg4",
    "Ra7",
    "Kf5",
    "Rxg7",
    "e3",
    "Rf7+",
    "Ke4",
    "Re7+",
    "Kd3",
    "Rd7+",
    "Kc2",
    "Re7",
    "Kd2",
    "Rd7+",
    "Ke1",
    "Rh7",
    "Kf2",
    "Rf7+",
    "Ke1",
    "Rh7",
    "e2",
    "Rxh5",
    "Re4",
    "g6",
    "Kd2",
    "Rd5+",
    "Ke3"
  ],
  "statePieceCount": 10,
  "endPieceCount": 7,
  "boardState": [
    {
      "square": "f7",
      "type": "k",
      "color": "b"
    },
    {
      "square": "g7",
      "type": "p",
      "color": "b"
    },
    {
      "square": "e5",
      "type": "p",
      "color": "b"
    },
    {
      "square": "g5",
      "type": "p",
      "color": "w"
    },
    {
      "square": "h5",
      "type": "p",
      "color": "b"
    },
    {
      "square": "e4",
      "type": "p",
      "color": "w"
    },
    {
      "square": "h4",
      "type": "p",
      "color": "w"
    },
    {
      "square": "a2",
      "type": "r",
      "color": "w"
    },
    {
      "square": "g2",
      "type": "k",
      "color": "w"
    },
    {
      "square": "e1",
      "type": "r",
      "color": "b"
    }
  ]
}