{
  "event": "FIDE World Cup 2021",
  "site": "Krasnaya Polyana (Sochi) RUS",
  "date": "2021.07.16",
  "eventDate": "2021.07.12",
  "dateMillis": 1626364800000,
  "eventDateMillis": 1626019200000,
  "round": "2.2",
  "result": "1-0",
  "white": "Magnus Carlsen",
  "black": "Sasa Martinovic",
  "isDingWin": true,
  "isDraw": false,
  "isDingBlack": false,
  "moves": [
    "Nf3",
    "Bd6",
    "Kc2",
    "Kf7",
    "Kd3",
    "Ke6",
    "Ke4",
    "a6",
    "Ne1",
    "Bc7",
    "Nd3",
    "Bd6",
    "b3",
    "Be7",
    "b4",
    "Bd6",
    "c4",
    "Bf8",
    "c5",
    "Bh6",
    "b5",
    "axb5",
    "c6",
    "Kd6",
    "cxb7",
    "Kc7",
    "a6",
    "Bf8",
    "Nxe5",
    "Bd6",
    "Nd7",
    "Kc6",
    "Kd4",
    "Bc7",
    "Kd3",
    "Bd6",
    "Ke4",
    "Bc7",
    "Kf5",
    "Bg3",
    "Ne5+",
    "Kc7",
    "Ke4",
    "b4",
    "Nd7",
    "Kc6",
    "Kd3",
    "Bc7",
    "Kc4",
    "Bd6",
    "Kb3",
    "Bc7",
    "Kxb4",
    "Bd6+",
    "Kc4",
    "Bc7",
    "Kd3",
    "Bd6",
    "Ke4",
    "Bc7",
    "Kf5",
    "Bd6",
    "Ne5+",
    "Kc7",
    "Ke6",
    "Bc5",
    "Nc6"
  ],
  "statePieceCount": 10,
  "endPieceCount": 6,
  "boardState": [
    {
      "square": "f8",
      "type": "b",
      "color": "b"
    },
    {
      "square": "g8",
      "type": "k",
      "color": "b"
    },
    {
      "square": "a7",
      "type": "p",
      "color": "b"
    },
    {
      "square": "b7",
      "type": "p",
      "color": "b"
    },
    {
      "square": "a5",
      "type": "p",
      "color": "w"
    },
    {
      "square": "e5",
      "type": "p",
      "color": "b"
    },
    {
      "square": "d4",
      "type": "n",
      "color": "w"
    },
    {
      "square": "c3",
      "type": "p",
      "color": "w"
    },
    {
      "square": "b2",
      "type": "p",
      "color": "w"
    },
    {
      "square": "b1",
      "type": "k",
      "color": "w"
    }
  ]
}