{
  "event": "FIDE World Cup 2021",
  "site": "Krasnaya Polyana (Sochi) RUS",
  "date": "2021.08.02",
  "eventDate": "2021.07.12",
  "dateMillis": 1627833600000,
  "eventDateMillis": 1626019200000,
  "round": "7.2",
  "result": "1/2-1/2",
  "white": "Jan-Krzysztof Duda",
  "black": "Magnus Carlsen",
  "isDingWin": false,
  "isDraw": true,
  "isDingBlack": true,
  "moves": [
    "Kh3",
    "Rf7",
    "Rc8+",
    "Ke7",
    "Nf4",
    "Kd6",
    "h5",
    "Rd2",
    "Kg4",
    "Rg7+",
    "Kf3",
    "Rxd4",
    "h6",
    "Rh7",
    "Rd8+",
    "Ke5",
    "Re8+",
    "Kd6",
    "Rd8+",
    "Ke5",
    "Re8+",
    "Kd6",
    "Re6+",
    "Kd7",
    "Rg6",
    "Ke7",
    "Rxc6",
    "Rd6",
    "Ng6+",
    "Kd7",
    "Ne5+",
    "Ke6",
    "Rxd6+",
    "Kxd6",
    "Kf4",
    "Ke6",
    "Ng4",
    "Ra7",
    "Kg5",
    "Kf7",
    "Ne3",
    "Kg8",
    "g4",
    "Kh7",
    "Kh5",
    "Ra3",
    "Nf5",
    "Ra5",
    "Kg5"
  ],
  "statePieceCount": 10,
  "endPieceCount": 6,
  "boardState": [
    {
      "square": "f8",
      "type": "k",
      "color": "b"
    },
    {
      "square": "c7",
      "type": "r",
      "color": "w"
    },
    {
      "square": "c6",
      "type": "p",
      "color": "b"
    },
    {
      "square": "h5",
      "type": "n",
      "color": "w"
    },
    {
      "square": "d4",
      "type": "p",
      "color": "w"
    },
    {
      "square": "h4",
      "type": "p",
      "color": "w"
    },
    {
      "square": "g3",
      "type": "p",
      "color": "w"
    },
    {
      "square": "c2",
      "type": "r",
      "color": "b"
    },
    {
      "square": "f2",
      "type": "r",
      "color": "b"
    },
    {
      "square": "g2",
      "type": "k",
      "color": "w"
    }
  ]
}