{
  "event": "Aimchess US Rapid",
  "site": "chess24.com INT",
  "date": "2021.08.30",
  "eventDate": "2021.08.28",
  "dateMillis": 1630252800000,
  "eventDateMillis": 1630080000000,
  "round": "15.1",
  "result": "1/2-1/2",
  "white": "Magnus Carlsen",
  "black": "Jan-Krzysztof Duda",
  "isCarlsenWin": false,
  "isDraw": true,
  "isCarlsenBlack": false,
  "moves": [
    "Qxh5",
    "Kg7",
    "Qe2",
    "Qc5",
    "Kxg2",
    "Qxa7",
    "Qe5+",
    "Kg8",
    "Qxf5",
    "Qb7+",
    "Kh2",
    "Kh8",
    "Qe5+",
    "Kh7",
    "g4",
    "Qb3",
    "h5",
    "Kg8",
    "Qf6",
    "Qd3",
    "Kg2",
    "Qe3",
    "Qf3",
    "Qe5",
    "Kh3",
    "Qg5",
    "Qe4",
    "Kh8",
    "Kg3",
    "Qf6",
    "Qf4",
    "Qe7",
    "Qd4+",
    "Kg8",
    "Kf4",
    "Qf7+",
    "Kg5",
    "Qe7+",
    "Qf6",
    "Qe3+",
    "Kg6",
    "Qe4+",
    "Qf5",
    "Qc6+",
    "Kg5",
    "Qc1+",
    "Qf4",
    "Qc5+",
    "Kh4",
    "Qc6",
    "Qg5+",
    "Kh8",
    "Qe5+",
    "Kh7",
    "Kg5",
    "Qh6+",
    "Kf5",
    "Qf8+",
    "Ke4",
    "Qb4+",
    "Kf3",
    "Qa3+",
    "Kg2",
    "Qa6",
    "Qe4+",
    "Kh8",
    "g5",
    "Qd6",
    "Kh3",
    "Qd7+",
    "Kh4",
    "Qf7",
    "Qd4+",
    "Kg8",
    "Qd8+",
    "Kg7",
    "h6+",
    "Kh7",
    "Qd3+",
    "Kh8",
    "Qd4+",
    "Kh7",
    "Qe4+",
    "Kh8",
    "Kg3",
    "Qc7+",
    "Qf4",
    "Qd7",
    "Kh4",
    "Qb7",
    "Qf8+",
    "Kh7",
    "Qf5+",
    "Kh8",
    "Kh5",
    "Qf7+",
    "Kg4",
    "Qc4+",
    "Kg3",
    "Qc3+",
    "Qf3",
    "Qe5+",
    "Kh4",
    "Qh2+",
    "Kg4",
    "Qc7",
    "Qe4",
    "Qd7+",
    "Kh4",
    "Qf7",
    "Qd4+",
    "Kh7",
    "Qd3+",
    "Kh8",
    "Qc3+",
    "Kh7",
    "Qc2+",
    "Kh8",
    "Kg3",
    "Qd7",
    "Qe2",
    "Qd6+",
    "Kg4",
    "Qd7+",
    "Kh4",
    "Qf7",
    "Qe5+",
    "Kh7",
    "Qe4+",
    "Kh8"
  ],
  "statePieceCount": 10,
  "endPieceCount": 6,
  "boardState": [
    {
      "square": "f8",
      "type": "k",
      "color": "b"
    },
    {
      "square": "a7",
      "type": "p",
      "color": "w"
    },
    {
      "square": "d5",
      "type": "q",
      "color": "b"
    },
    {
      "square": "f5",
      "type": "p",
      "color": "b"
    },
    {
      "square": "g5",
      "type": "q",
      "color": "w"
    },
    {
      "square": "h5",
      "type": "p",
      "color": "b"
    },
    {
      "square": "h4",
      "type": "p",
      "color": "w"
    },
    {
      "square": "g3",
      "type": "p",
      "color": "w"
    },
    {
      "square": "g2",
      "type": "p",
      "color": "b"
    },
    {
      "square": "h2",
      "type": "k",
      "color": "w"
    }
  ],
  "nextTurn": "w"
}