{
  "event": "Aimchess US Rapid",
  "site": "chess24.com INT",
  "date": "2021.08.29",
  "eventDate": "2021.08.28",
  "dateMillis": 1630166400000,
  "eventDateMillis": 1630080000000,
  "round": "9.4",
  "result": "1/2-1/2",
  "white": "Magnus Carlsen",
  "black": "Shakhriyar Mamedyarov",
  "isDingWin": false,
  "isDraw": true,
  "isDingBlack": false,
  "moves": [
    "Kxf3",
    "Nd5",
    "Ke2",
    "Ne7",
    "Ke3",
    "Nd5+",
    "Kd4",
    "Nf6",
    "Ke5",
    "Ne4",
    "Rd7",
    "Kg8",
    "g4",
    "hxg4",
    "h5",
    "g3",
    "h6",
    "Kh8",
    "Rg7",
    "g5",
    "Ra7",
    "g2",
    "Ra1",
    "Kh7",
    "Rg1",
    "Kxh6",
    "Kxf5",
    "Ng3+",
    "Kg4",
    "Nh5",
    "Rxg2",
    "Kg6",
    "Kf3",
    "Nf6",
    "Rxg5+",
    "Kxg5"
  ],
  "statePieceCount": 10,
  "endPieceCount": 3,
  "boardState": [
    {
      "square": "f8",
      "type": "k",
      "color": "b"
    },
    {
      "square": "a7",
      "type": "r",
      "color": "w"
    },
    {
      "square": "f6",
      "type": "n",
      "color": "b"
    },
    {
      "square": "g6",
      "type": "p",
      "color": "b"
    },
    {
      "square": "f5",
      "type": "p",
      "color": "b"
    },
    {
      "square": "h5",
      "type": "p",
      "color": "b"
    },
    {
      "square": "h4",
      "type": "p",
      "color": "w"
    },
    {
      "square": "e3",
      "type": "k",
      "color": "w"
    },
    {
      "square": "f3",
      "type": "p",
      "color": "b"
    },
    {
      "square": "g3",
      "type": "p",
      "color": "w"
    }
  ]
}