{
  "event": "Aimchess US Rapid",
  "site": "chess24.com INT",
  "date": "2021.09.01",
  "eventDate": "2021.08.28",
  "dateMillis": 1630425600000,
  "eventDateMillis": 1630080000000,
  "round": "1.22",
  "result": "1/2-1/2",
  "white": "Magnus Carlsen",
  "black": "Jan-Krzysztof Duda",
  "isCarlsenWin": false,
  "isDraw": true,
  "isCarlsenBlack": false,
  "moves": [
    "Ng4",
    "Re2",
    "Nxf6+",
    "Kf7",
    "Nxd5",
    "Rxf2+",
    "Kg3",
    "Rxa2",
    "Rxh6",
    "Ra5",
    "Rd6",
    "Ra4",
    "Kf3",
    "Rd4",
    "Ke3",
    "Rd1",
    "Ke4",
    "Re1+",
    "Kf5",
    "Rf1+",
    "Nf4",
    "Ke7",
    "Rd2",
    "Rf3",
    "Rd1",
    "Rf2",
    "Ke5",
    "Rf3",
    "Nd5+",
    "Kf7",
    "Ra1",
    "Rb3",
    "Ra7+",
    "Kg6",
    "Nf4+",
    "Kg5",
    "Rg7+",
    "Kh4",
    "Ng2+",
    "Kh3",
    "Kf4",
    "Rb8",
    "Ne3",
    "Rb4+",
    "Kf3",
    "Kh4",
    "Nf5+",
    "Kh5",
    "Rg8",
    "Rf4+",
    "Kxf4"
  ],
  "statePieceCount": 10,
  "endPieceCount": 4,
  "boardState": [
    {
      "square": "e8",
      "type": "k",
      "color": "b"
    },
    {
      "square": "b6",
      "type": "r",
      "color": "w"
    },
    {
      "square": "f6",
      "type": "p",
      "color": "b"
    },
    {
      "square": "h6",
      "type": "p",
      "color": "b"
    },
    {
      "square": "d5",
      "type": "b",
      "color": "b"
    },
    {
      "square": "e5",
      "type": "r",
      "color": "b"
    },
    {
      "square": "e3",
      "type": "n",
      "color": "w"
    },
    {
      "square": "a2",
      "type": "p",
      "color": "w"
    },
    {
      "square": "f2",
      "type": "p",
      "color": "w"
    },
    {
      "square": "h2",
      "type": "k",
      "color": "w"
    }
  ],
  "nextTurn": "w"
}