{
  "event": "Aimchess US Rapid",
  "site": "chess24.com INT",
  "date": "2021.09.02",
  "eventDate": "2021.08.28",
  "dateMillis": 1630512000000,
  "eventDateMillis": 1630080000000,
  "round": "2.14",
  "result": "1/2-1/2",
  "white": "Levon Aronian",
  "black": "Magnus Carlsen",
  "isCarlsenWin": false,
  "isDraw": true,
  "isCarlsenBlack": true,
  "moves": [
    "fxg4",
    "Bb3",
    "h5",
    "gxh5",
    "gxh5",
    "Bd1",
    "h6",
    "Kg6",
    "Bg7",
    "Kh7",
    "Bf8",
    "Bb3",
    "Bg7",
    "Bd1",
    "Bf8",
    "Bb3",
    "Bg7",
    "Bd1"
  ],
  "statePieceCount": 10,
  "endPieceCount": 7,
  "boardState": [
    {
      "square": "f7",
      "type": "k",
      "color": "b"
    },
    {
      "square": "g6",
      "type": "p",
      "color": "b"
    },
    {
      "square": "b5",
      "type": "p",
      "color": "b"
    },
    {
      "square": "e5",
      "type": "b",
      "color": "w"
    },
    {
      "square": "c4",
      "type": "b",
      "color": "b"
    },
    {
      "square": "g4",
      "type": "p",
      "color": "b"
    },
    {
      "square": "h4",
      "type": "p",
      "color": "w"
    },
    {
      "square": "e3",
      "type": "k",
      "color": "w"
    },
    {
      "square": "f3",
      "type": "p",
      "color": "w"
    },
    {
      "square": "b2",
      "type": "p",
      "color": "w"
    }
  ],
  "nextTurn": "w"
}