{
  "event": "9th Norway Armageddon",
  "site": "Stavanger NOR",
  "date": "2021.09.07",
  "eventDate": "2021.09.07",
  "dateMillis": 1630944000000,
  "eventDateMillis": 1630944000000,
  "round": "1.1",
  "result": "1/2-1/2",
  "white": "Alireza Firouzja",
  "black": "Magnus Carlsen",
  "isCarlsenWin": false,
  "isDraw": true,
  "isCarlsenBlack": true,
  "moves": [
    "Nd6",
    "Bd7",
    "Kc7",
    "Be6",
    "Bb7",
    "Ke3",
    "h3",
    "Rxg5",
    "h2",
    "Rh5",
    "h1=Q",
    "Rxh1",
    "Bxh1",
    "g5",
    "Be4",
    "Kd4",
    "Bh7",
    "Ke5",
    "Ne4"
  ],
  "statePieceCount": 10,
  "endPieceCount": 7,
  "boardState": [
    {
      "square": "c8",
      "type": "n",
      "color": "b"
    },
    {
      "square": "e8",
      "type": "b",
      "color": "w"
    },
    {
      "square": "b7",
      "type": "k",
      "color": "b"
    },
    {
      "square": "b5",
      "type": "p",
      "color": "w"
    },
    {
      "square": "e5",
      "type": "r",
      "color": "w"
    },
    {
      "square": "g5",
      "type": "p",
      "color": "b"
    },
    {
      "square": "e4",
      "type": "b",
      "color": "b"
    },
    {
      "square": "g4",
      "type": "p",
      "color": "w"
    },
    {
      "square": "h4",
      "type": "p",
      "color": "b"
    },
    {
      "square": "f2",
      "type": "k",
      "color": "w"
    }
  ],
  "nextTurn": "b"
}