{
  "event": "Norway Chess",
  "site": "Stavanger NOR",
  "date": "2021.09.17",
  "eventDate": "2021.09.07",
  "dateMillis": 1631808000000,
  "eventDateMillis": 1630944000000,
  "round": "10.2",
  "result": "0-1",
  "white": "Ian Nepomniachtchi",
  "black": "Magnus Carlsen",
  "isDingWin": true,
  "isDraw": false,
  "isDingBlack": true,
  "moves": [
    "Bd4",
    "Rb1+",
    "Kf2",
    "Ke4",
    "Bg7",
    "Rh1",
    "Rc3",
    "Rh2+",
    "Kf1",
    "Be3",
    "c5",
    "dxc5",
    "Rc4+",
    "Kf3"
  ],
  "statePieceCount": 10,
  "endPieceCount": 9,
  "boardState": [
    {
      "square": "b6",
      "type": "b",
      "color": "w"
    },
    {
      "square": "d6",
      "type": "p",
      "color": "b"
    },
    {
      "square": "a5",
      "type": "p",
      "color": "b"
    },
    {
      "square": "f5",
      "type": "k",
      "color": "b"
    },
    {
      "square": "c4",
      "type": "p",
      "color": "w"
    },
    {
      "square": "f4",
      "type": "b",
      "color": "b"
    },
    {
      "square": "b3",
      "type": "p",
      "color": "w"
    },
    {
      "square": "f3",
      "type": "r",
      "color": "w"
    },
    {
      "square": "b2",
      "type": "r",
      "color": "b"
    },
    {
      "square": "g1",
      "type": "k",
      "color": "w"
    }
  ]
}