{
  "event": "Meltwater Tour Final 2021",
  "site": "Chess24 INT",
  "date": "2021.10.02",
  "eventDate": "2021.09.23",
  "dateMillis": 1633104000000,
  "eventDateMillis": 1632326400000,
  "round": "7.1",
  "result": "1/2-1/2",
  "white": "Magnus Carlsen",
  "black": "Teimour Radjabov",
  "isDingWin": false,
  "isDraw": true,
  "isDingBlack": false,
  "moves": [
    "Qxf4",
    "Rfe8",
    "Qf5",
    "Kg7",
    "f4",
    "Re7",
    "Qg4+",
    "Kf8",
    "Qh4",
    "Kg7",
    "e5",
    "Rf8",
    "b4",
    "Kg8",
    "Qg3+",
    "Rg7",
    "Qb3+",
    "Kh8",
    "e6",
    "f5",
    "b5",
    "Re7",
    "b6",
    "Kg7",
    "Qd5",
    "Kg6",
    "b7",
    "Rb8",
    "Qg2+",
    "Kf6",
    "Qg5+",
    "Kxe6",
    "Qg6+",
    "Kd7",
    "Qxf5+",
    "Kd6",
    "Qd3+",
    "Kc7",
    "Qc4+",
    "Kd7",
    "Qd5+",
    "Kc7",
    "Qc5+",
    "Kd7",
    "Qd4+",
    "Kc7",
    "Qc4+",
    "Kd7",
    "f5",
    "Rxb7",
    "f6",
    "Re5",
    "Qg4+",
    "Kd6",
    "Qg6",
    "Rb8",
    "Qd3+",
    "Ke6",
    "Qa6+",
    "Kf5",
    "Qd3+",
    "Ke6",
    "Qa6+",
    "Kf5",
    "Qd3+",
    "Ke6"
  ],
  "statePieceCount": 10,
  "endPieceCount": 6,
  "boardState": [
    {
      "square": "a8",
      "type": "r",
      "color": "b"
    },
    {
      "square": "f8",
      "type": "r",
      "color": "b"
    },
    {
      "square": "f7",
      "type": "k",
      "color": "b"
    },
    {
      "square": "f6",
      "type": "p",
      "color": "b"
    },
    {
      "square": "e4",
      "type": "p",
      "color": "w"
    },
    {
      "square": "f4",
      "type": "n",
      "color": "b"
    },
    {
      "square": "g4",
      "type": "q",
      "color": "w"
    },
    {
      "square": "b2",
      "type": "p",
      "color": "w"
    },
    {
      "square": "f2",
      "type": "p",
      "color": "w"
    },
    {
      "square": "f1",
      "type": "k",
      "color": "w"
    }
  ]
}