{
  "event": "Meltwater Tour Final 2021",
  "site": "Chess24 INT",
  "date": "2021.10.03",
  "eventDate": "2021.09.23",
  "dateMillis": 1633190400000,
  "eventDateMillis": 1632326400000,
  "round": "8.3",
  "result": "1/2-1/2",
  "white": "Levon Aronian",
  "black": "Magnus Carlsen",
  "isCarlsenWin": false,
  "isDraw": true,
  "isCarlsenBlack": true,
  "moves": [
    "Rb7+",
    "Kd6",
    "Kg3",
    "Bg5",
    "Rf7",
    "Ke5",
    "f4+",
    "Rxf4",
    "Rxf4",
    "Bxf4+",
    "Kg4",
    "Bg5",
    "Kh5",
    "Bf4",
    "Kg4",
    "Bg5",
    "Kh5",
    "Bf4",
    "Kg4"
  ],
  "statePieceCount": 10,
  "endPieceCount": 7,
  "boardState": [
    {
      "square": "b8",
      "type": "r",
      "color": "w"
    },
    {
      "square": "d8",
      "type": "b",
      "color": "b"
    },
    {
      "square": "e7",
      "type": "k",
      "color": "b"
    },
    {
      "square": "h6",
      "type": "p",
      "color": "b"
    },
    {
      "square": "c5",
      "type": "p",
      "color": "b"
    },
    {
      "square": "d5",
      "type": "b",
      "color": "w"
    },
    {
      "square": "c4",
      "type": "p",
      "color": "w"
    },
    {
      "square": "h4",
      "type": "r",
      "color": "b"
    },
    {
      "square": "f2",
      "type": "p",
      "color": "w"
    },
    {
      "square": "g2",
      "type": "k",
      "color": "w"
    }
  ],
  "nextTurn": "w"
}