{
  "event": "World Blitz 2021",
  "site": "Warsaw POL",
  "date": "2021.12.29",
  "eventDate": "2021.12.29",
  "dateMillis": 1640707200000,
  "eventDateMillis": 1640707200000,
  "round": "3.1",
  "result": "0-1",
  "white": "Aleksandar Indjic",
  "black": "Magnus Carlsen",
  "isCarlsenWin": true,
  "isDraw": false,
  "isCarlsenBlack": true,
  "moves": [
    "Rxg2+",
    "Kf1",
    "Rf2+",
    "Kg1",
    "Ra2",
    "h4",
    "Kg4",
    "h5",
    "Kxh5",
    "Rb5",
    "Kg4"
  ],
  "statePieceCount": 10,
  "endPieceCount": 8,
  "boardState": [
    {
      "square": "b6",
      "type": "r",
      "color": "w"
    },
    {
      "square": "a5",
      "type": "p",
      "color": "b"
    },
    {
      "square": "f5",
      "type": "p",
      "color": "b"
    },
    {
      "square": "a4",
      "type": "p",
      "color": "w"
    },
    {
      "square": "f4",
      "type": "k",
      "color": "b"
    },
    {
      "square": "g3",
      "type": "p",
      "color": "b"
    },
    {
      "square": "h3",
      "type": "p",
      "color": "w"
    },
    {
      "square": "e2",
      "type": "k",
      "color": "w"
    },
    {
      "square": "g2",
      "type": "p",
      "color": "w"
    },
    {
      "square": "g1",
      "type": "r",
      "color": "b"
    }
  ],
  "nextTurn": "b"
}