{
  "event": "World Blitz 2021",
  "site": "Warsaw POL",
  "date": "2021.12.30",
  "eventDate": "2021.12.29",
  "dateMillis": 1640793600000,
  "eventDateMillis": 1640707200000,
  "round": "14.1",
  "result": "1/2-1/2",
  "white": "Haik M Martirosyan",
  "black": "Magnus Carlsen",
  "isCarlsenWin": false,
  "isDraw": true,
  "isCarlsenBlack": true,
  "moves": [
    "Ne5",
    "gxf4",
    "Nxc4"
  ],
  "statePieceCount": 10,
  "endPieceCount": 8,
  "boardState": [
    {
      "square": "b7",
      "type": "n",
      "color": "b"
    },
    {
      "square": "c7",
      "type": "k",
      "color": "b"
    },
    {
      "square": "a5",
      "type": "p",
      "color": "b"
    },
    {
      "square": "g5",
      "type": "p",
      "color": "b"
    },
    {
      "square": "a4",
      "type": "p",
      "color": "w"
    },
    {
      "square": "c4",
      "type": "p",
      "color": "b"
    },
    {
      "square": "f4",
      "type": "p",
      "color": "w"
    },
    {
      "square": "d3",
      "type": "n",
      "color": "w"
    },
    {
      "square": "e3",
      "type": "p",
      "color": "w"
    },
    {
      "square": "f2",
      "type": "k",
      "color": "w"
    }
  ],
  "nextTurn": "w"
}