{
  "event": "Airthings Masters",
  "site": "Chess24",
  "eventDate": "2022.02.13",
  "dateMillis": null,
  "eventDateMillis": 1644681600000,
  "round": "4.7",
  "result": "0-1",
  "white": "Magnus Carlsen",
  "black": "Ian Nepomniachtchi",
  "isDingWin": false,
  "isDraw": false,
  "isDingBlack": false,
  "moves": [
    "Rf1+",
    "Kd2",
    "Rf2+",
    "Kc3",
    "Bd5",
    "Rh6",
    "Rxh2",
    "Kb4",
    "Kf5",
    "Kc5",
    "Rc2+",
    "Kd6",
    "h2"
  ],
  "statePieceCount": 10,
  "endPieceCount": 9,
  "boardState": [
    {
      "square": "e6",
      "type": "p",
      "color": "b"
    },
    {
      "square": "g6",
      "type": "r",
      "color": "w"
    },
    {
      "square": "e5",
      "type": "b",
      "color": "w"
    },
    {
      "square": "c4",
      "type": "b",
      "color": "b"
    },
    {
      "square": "e4",
      "type": "k",
      "color": "b"
    },
    {
      "square": "f4",
      "type": "p",
      "color": "w"
    },
    {
      "square": "f3",
      "type": "r",
      "color": "b"
    },
    {
      "square": "h3",
      "type": "p",
      "color": "b"
    },
    {
      "square": "h2",
      "type": "p",
      "color": "w"
    },
    {
      "square": "e1",
      "type": "k",
      "color": "w"
    }
  ]
}