{
  "event": "Airthings Masters",
  "site": "Chess24",
  "date": "2022.02.24",
  "dateMillis": 1645632000000,
  "eventDateMillis": null,
  "round": "9.2",
  "result": "0-1",
  "white": "Vladislav Artemiev",
  "black": "Magnus Carlsen",
  "isCarlsenWin": true,
  "isDraw": false,
  "isCarlsenBlack": true,
  "moves": [
    "Nxe4",
    "Bf4",
    "h5",
    "Kf3",
    "Nc5",
    "Be3",
    "Nd3",
    "Bg5",
    "Ne5+",
    "Kg3",
    "Nf7",
    "Bf4",
    "Bf6",
    "Bb8",
    "Nh6",
    "Kh3",
    "Nf5",
    "Bg3",
    "Kd4",
    "Bf2+",
    "Kd3",
    "Nf3",
    "Ke4",
    "Nd2+",
    "Kf4",
    "Nc4",
    "Kf3",
    "Be1",
    "Bd4",
    "Bd2",
    "Ng3",
    "Bg5",
    "Nf5",
    "Nd2+",
    "Ke2",
    "Ne4",
    "Be5",
    "Nc5",
    "Kf3",
    "Ne6",
    "Ng3",
    "Bd8",
    "Ne2",
    "Ng5+",
    "Kf4",
    "Nf7",
    "Kf5",
    "Kg2",
    "Bf4",
    "Kh3",
    "Nd4",
    "Bg5",
    "Bxg5",
    "Nxg5",
    "Kf4",
    "Nf7",
    "Nc6",
    "Ng5",
    "Nd8",
    "Kg2",
    "Kg4",
    "Nf3",
    "Nf7",
    "Kf2",
    "Kf4",
    "Kg2",
    "Nd6",
    "Kf2",
    "Nc4",
    "Kg2",
    "Kg4",
    "Kf2",
    "Kh3",
    "Kf1",
    "Ne3+",
    "Kf2",
    "Ng4+",
    "Ke1",
    "Kg2",
    "Ng5",
    "Kg3",
    "Ke2",
    "Kxh4",
    "Ne4",
    "g5",
    "Kf3",
    "Ne5+",
    "Kg2",
    "g4",
    "Kh2",
    "Nf7",
    "Kg2",
    "Nh6",
    "Kh2",
    "Nf5",
    "Kg2",
    "g3",
    "Kf3",
    "Kh3",
    "Kf4",
    "h4",
    "Ng5+",
    "Kg2",
    "Kg4",
    "h3",
    "Nxh3",
    "Ne3+",
    "Kh4",
    "Kh2",
    "Ng5",
    "g2",
    "Nf3+",
    "Kh1",
    "Kg3",
    "Nf5+",
    "Kf2",
    "Nd4",
    "Ng1",
    "Kh2"
  ],
  "statePieceCount": 10,
  "endPieceCount": 5,
  "boardState": [
    {
      "square": "g7",
      "type": "b",
      "color": "b"
    },
    {
      "square": "g6",
      "type": "p",
      "color": "b"
    },
    {
      "square": "h6",
      "type": "p",
      "color": "b"
    },
    {
      "square": "c5",
      "type": "n",
      "color": "b"
    },
    {
      "square": "d5",
      "type": "k",
      "color": "b"
    },
    {
      "square": "e4",
      "type": "p",
      "color": "w"
    },
    {
      "square": "h4",
      "type": "p",
      "color": "w"
    },
    {
      "square": "g3",
      "type": "b",
      "color": "w"
    },
    {
      "square": "d2",
      "type": "n",
      "color": "w"
    },
    {
      "square": "e2",
      "type": "k",
      "color": "w"
    }
  ],
  "nextTurn": "b"
}