{
  "event": "Charity Cup",
  "site": "Chess24",
  "date": "2022.03.19",
  "eventDate": "2022.03.19",
  "dateMillis": 1647619200000,
  "eventDateMillis": 1647619200000,
  "round": "3.2",
  "result": "1-0",
  "white": "Magnus Carlsen",
  "black": "Eric Hansen",
  "isCarlsenWin": true,
  "isDraw": false,
  "isCarlsenBlack": false,
  "moves": [
    "Nf4",
    "Be5",
    "Nxg6",
    "Bg3",
    "Nf4",
    "Bxh4",
    "g6",
    "Bf6",
    "Nxh5"
  ],
  "statePieceCount": 10,
  "endPieceCount": 7,
  "boardState": [
    {
      "square": "g7",
      "type": "b",
      "color": "b"
    },
    {
      "square": "g6",
      "type": "p",
      "color": "b"
    },
    {
      "square": "d5",
      "type": "n",
      "color": "w"
    },
    {
      "square": "g5",
      "type": "p",
      "color": "w"
    },
    {
      "square": "h5",
      "type": "p",
      "color": "b"
    },
    {
      "square": "c4",
      "type": "k",
      "color": "b"
    },
    {
      "square": "e4",
      "type": "p",
      "color": "b"
    },
    {
      "square": "h4",
      "type": "p",
      "color": "w"
    },
    {
      "square": "e3",
      "type": "p",
      "color": "w"
    },
    {
      "square": "e2",
      "type": "k",
      "color": "w"
    }
  ],
  "nextTurn": "w"
}