{
  "event": "Charity Cup",
  "site": "Chess24",
  "date": "2022.03.22",
  "eventDate": "2022.03.19",
  "dateMillis": 1647878400000,
  "eventDateMillis": 1647619200000,
  "round": "15.6",
  "result": "1/2-1/2",
  "white": "Santosh Gujrathi Vidit",
  "black": "Magnus Carlsen",
  "isCarlsenWin": false,
  "isDraw": true,
  "isCarlsenBlack": true,
  "moves": [
    "Kf4",
    "Kf6",
    "Bg8",
    "Ng6+",
    "Ke3",
    "Nf8",
    "Nd4",
    "Kg6",
    "Kxd3",
    "Kxh6",
    "Ke3",
    "Kg5",
    "Be6",
    "Nxe6",
    "Nxe6+",
    "Kg4",
    "Kf2",
    "h5",
    "Nd4",
    "h4",
    "gxh4",
    "Kxh4",
    "Nxf5+"
  ],
  "statePieceCount": 10,
  "endPieceCount": 3,
  "boardState": [
    {
      "square": "h7",
      "type": "p",
      "color": "b"
    },
    {
      "square": "g6",
      "type": "k",
      "color": "b"
    },
    {
      "square": "h6",
      "type": "p",
      "color": "w"
    },
    {
      "square": "d5",
      "type": "b",
      "color": "w"
    },
    {
      "square": "e5",
      "type": "n",
      "color": "b"
    },
    {
      "square": "f5",
      "type": "p",
      "color": "b"
    },
    {
      "square": "b3",
      "type": "n",
      "color": "w"
    },
    {
      "square": "d3",
      "type": "p",
      "color": "b"
    },
    {
      "square": "f3",
      "type": "k",
      "color": "w"
    },
    {
      "square": "g3",
      "type": "p",
      "color": "w"
    }
  ],
  "nextTurn": "w"
}