{
  "event": "Oslo Esports Cup",
  "site": "Oslo NOR",
  "date": "2022.04.24",
  "eventDate": "2022.04.22",
  "dateMillis": 1650729600000,
  "eventDateMillis": 1650556800000,
  "round": "3.2",
  "result": "1-0",
  "white": "Magnus Carlsen",
  "black": "Anish Giri",
  "isDingWin": true,
  "isDraw": false,
  "isDingBlack": false,
  "moves": [
    "a8=Q",
    "d2",
    "Qg8+",
    "Kh6",
    "Qd8",
    "Rb3+",
    "Kc5",
    "Rc3+",
    "Kb4",
    "Rc6",
    "Qxd2+",
    "Kg6",
    "Qd8",
    "Rc2",
    "Qg8+",
    "Kh6",
    "Qf7",
    "Rxh2",
    "Qxf6+",
    "Kh7",
    "Qxf5+",
    "Kh6",
    "g4"
  ],
  "statePieceCount": 10,
  "endPieceCount": 6,
  "boardState": [
    {
      "square": "a7",
      "type": "p",
      "color": "w"
    },
    {
      "square": "b6",
      "type": "k",
      "color": "w"
    },
    {
      "square": "f6",
      "type": "p",
      "color": "b"
    },
    {
      "square": "f5",
      "type": "p",
      "color": "b"
    },
    {
      "square": "g5",
      "type": "k",
      "color": "b"
    },
    {
      "square": "h5",
      "type": "p",
      "color": "b"
    },
    {
      "square": "c3",
      "type": "r",
      "color": "b"
    },
    {
      "square": "d3",
      "type": "p",
      "color": "b"
    },
    {
      "square": "g3",
      "type": "p",
      "color": "w"
    },
    {
      "square": "h2",
      "type": "p",
      "color": "w"
    }
  ]
}