{
  "event": "Oslo Esports Cup",
  "site": "Oslo NOR",
  "date": "2022.04.26",
  "eventDate": "2022.04.22",
  "dateMillis": 1650902400000,
  "eventDateMillis": 1650556800000,
  "round": "5.3",
  "result": "1/2-1/2",
  "white": "Van Foreest, Jorden",
  "black": "Magnus Carlsen",
  "isCarlsenWin": false,
  "isDraw": true,
  "isCarlsenBlack": true,
  "moves": [
    "Bxc7",
    "Bd2",
    "Ke2",
    "Nxe4",
    "Kd3",
    "Bxa5",
    "Kxe4",
    "Bxc7",
    "Nxc7",
    "a5",
    "Nb5",
    "a4",
    "Kd4",
    "a3",
    "Nxa3"
  ],
  "statePieceCount": 10,
  "endPieceCount": 3,
  "boardState": [
    {
      "square": "c7",
      "type": "p",
      "color": "b"
    },
    {
      "square": "a6",
      "type": "p",
      "color": "b"
    },
    {
      "square": "a5",
      "type": "p",
      "color": "w"
    },
    {
      "square": "c5",
      "type": "n",
      "color": "b"
    },
    {
      "square": "d5",
      "type": "n",
      "color": "w"
    },
    {
      "square": "e5",
      "type": "b",
      "color": "w"
    },
    {
      "square": "h5",
      "type": "k",
      "color": "b"
    },
    {
      "square": "e4",
      "type": "p",
      "color": "w"
    },
    {
      "square": "f3",
      "type": "k",
      "color": "w"
    },
    {
      "square": "c1",
      "type": "b",
      "color": "b"
    }
  ],
  "nextTurn": "w"
}