{
  "event": "Oslo Esports Cup",
  "site": "Oslo NOR",
  "date": "2022.04.26",
  "eventDate": "2022.04.22",
  "dateMillis": 1650902400000,
  "eventDateMillis": 1650556800000,
  "round": "5.4",
  "result": "1/2-1/2",
  "white": "Magnus Carlsen",
  "black": "Van Foreest, Jorden",
  "isCarlsenWin": false,
  "isDraw": true,
  "isCarlsenBlack": false,
  "moves": [
    "Rc7",
    "Bd3",
    "Bc8",
    "Ke3",
    "f6",
    "Rd8",
    "Kf7",
    "Be4",
    "Ke7",
    "Rh8",
    "Bd7",
    "Rh7+",
    "Kd6",
    "Rf7",
    "Bxb5",
    "Rxf6+",
    "Kc5",
    "Rf8",
    "a5",
    "Ra8",
    "a4",
    "Kf4",
    "Kb4",
    "Rb8",
    "Kc5",
    "Ra8",
    "Kb4",
    "f6",
    "Bc4",
    "Rb8+",
    "Kc3",
    "Ra8",
    "Kb4",
    "Ke5",
    "a3",
    "Bb1",
    "Rc5+",
    "Kd6",
    "Rd5+",
    "Kc6",
    "Ra5",
    "Rxa5",
    "Kxa5",
    "Kc5",
    "a2",
    "Bxa2",
    "Bxa2",
    "f7",
    "Bxf7"
  ],
  "statePieceCount": 10,
  "endPieceCount": 3,
  "boardState": [
    {
      "square": "a7",
      "type": "p",
      "color": "b"
    },
    {
      "square": "b7",
      "type": "b",
      "color": "b"
    },
    {
      "square": "e7",
      "type": "r",
      "color": "b"
    },
    {
      "square": "f7",
      "type": "p",
      "color": "b"
    },
    {
      "square": "g7",
      "type": "k",
      "color": "b"
    },
    {
      "square": "d6",
      "type": "r",
      "color": "w"
    },
    {
      "square": "b5",
      "type": "p",
      "color": "w"
    },
    {
      "square": "f5",
      "type": "p",
      "color": "w"
    },
    {
      "square": "c4",
      "type": "b",
      "color": "w"
    },
    {
      "square": "f2",
      "type": "k",
      "color": "w"
    }
  ],
  "nextTurn": "b"
}