{
  "event": "Oslo Esports Cup",
  "site": "Oslo NOR",
  "date": "2022.04.28",
  "eventDate": "2022.04.22",
  "dateMillis": 1651075200000,
  "eventDateMillis": 1650556800000,
  "round": "7.2",
  "result": "0-1",
  "white": "Magnus Carlsen",
  "black": "Shakhriyar Mamedyarov",
  "isCarlsenWin": false,
  "isDraw": false,
  "isCarlsenBlack": false,
  "moves": [
    "Ke6",
    "Nf4+",
    "Kxe5",
    "Nd3+",
    "Kxf6",
    "Kb3",
    "a4+",
    "Ka2",
    "Kg6",
    "Nc5",
    "Kh5",
    "Nxa4",
    "f5",
    "Nc3",
    "f4",
    "Kb3",
    "f3"
  ],
  "statePieceCount": 10,
  "endPieceCount": 7,
  "boardState": [
    {
      "square": "d7",
      "type": "k",
      "color": "b"
    },
    {
      "square": "f7",
      "type": "p",
      "color": "b"
    },
    {
      "square": "f6",
      "type": "p",
      "color": "w"
    },
    {
      "square": "a5",
      "type": "p",
      "color": "b"
    },
    {
      "square": "e5",
      "type": "p",
      "color": "w"
    },
    {
      "square": "h5",
      "type": "n",
      "color": "w"
    },
    {
      "square": "c4",
      "type": "n",
      "color": "b"
    },
    {
      "square": "h4",
      "type": "p",
      "color": "w"
    },
    {
      "square": "a3",
      "type": "p",
      "color": "b"
    },
    {
      "square": "a2",
      "type": "k",
      "color": "w"
    }
  ],
  "nextTurn": "b"
}