{
  "event": "Chessable Masters",
  "site": "chess24.com INT",
  "date": "2022.05.21",
  "eventDate": "2022.05.19",
  "dateMillis": 1653062400000,
  "eventDateMillis": 1652889600000,
  "round": "10.1",
  "result": "1-0",
  "white": "Magnus Carlsen",
  "black": "Santosh Gujrathi Vidit",
  "isCarlsenWin": true,
  "isDraw": false,
  "isCarlsenBlack": false,
  "moves": [
    "f6",
    "Rb7+",
    "Kh6",
    "Bf3",
    "fxe5",
    "Rb6",
    "e4",
    "Rxe6+",
    "Kg7",
    "Bh5",
    "Ra5",
    "Kf4",
    "Rc5",
    "Bg6",
    "e3",
    "Bxf5",
    "Rc4+",
    "Kg5",
    "Rc7",
    "Rxe3",
    "Kf8",
    "Kh6",
    "Kg8",
    "Re8+",
    "Kf7",
    "Bg6+",
    "Kf6",
    "h5"
  ],
  "statePieceCount": 10,
  "endPieceCount": 6,
  "boardState": [
    {
      "square": "f7",
      "type": "p",
      "color": "b"
    },
    {
      "square": "g7",
      "type": "k",
      "color": "b"
    },
    {
      "square": "e6",
      "type": "p",
      "color": "b"
    },
    {
      "square": "e5",
      "type": "p",
      "color": "w"
    },
    {
      "square": "f5",
      "type": "p",
      "color": "b"
    },
    {
      "square": "h5",
      "type": "b",
      "color": "w"
    },
    {
      "square": "h4",
      "type": "p",
      "color": "w"
    },
    {
      "square": "b3",
      "type": "r",
      "color": "w"
    },
    {
      "square": "g3",
      "type": "k",
      "color": "w"
    },
    {
      "square": "a2",
      "type": "r",
      "color": "b"
    }
  ],
  "nextTurn": "b"
}