{
  "event": "SuperUnited Croatia",
  "site": "Zagreb CRO",
  "date": "2022.07.24",
  "dateMillis": 1658592000000,
  "eventDateMillis": null,
  "round": "11.4",
  "result": "1/2-1/2",
  "white": "Magnus Carlsen",
  "black": "Veselin Topalov",
  "isCarlsenWin": false,
  "isDraw": true,
  "isCarlsenBlack": false,
  "moves": [
    "Be3",
    "Nc7",
    "Kf4",
    "Nd5+",
    "Ke4",
    "Nc7",
    "Kf4",
    "Kd3",
    "Ba7",
    "Ke2",
    "g4",
    "hxg4",
    "Kxg4",
    "Nxa6",
    "Kg3",
    "Kf1",
    "h3",
    "gxh3",
    "Kxh3",
    "Ke2",
    "Kg4",
    "Kd3",
    "Kf5",
    "Kc4",
    "Ke6",
    "Nc7+",
    "Kd7"
  ],
  "statePieceCount": 10,
  "endPieceCount": 5,
  "boardState": [
    {
      "square": "a6",
      "type": "p",
      "color": "b"
    },
    {
      "square": "e6",
      "type": "n",
      "color": "w"
    },
    {
      "square": "g5",
      "type": "p",
      "color": "b"
    },
    {
      "square": "b4",
      "type": "p",
      "color": "w"
    },
    {
      "square": "c4",
      "type": "k",
      "color": "w"
    },
    {
      "square": "e4",
      "type": "k",
      "color": "b"
    },
    {
      "square": "h4",
      "type": "p",
      "color": "b"
    },
    {
      "square": "h3",
      "type": "p",
      "color": "w"
    },
    {
      "square": "g2",
      "type": "p",
      "color": "w"
    },
    {
      "square": "c1",
      "type": "b",
      "color": "b"
    }
  ],
  "nextTurn": "b"
}