{
  "event": "FTX Crypto Cup",
  "site": "Miami, FL USA",
  "date": "2022.08.17",
  "eventDate": "2022.08.15",
  "dateMillis": 1660665600000,
  "eventDateMillis": 1660492800000,
  "round": "3.3",
  "result": "1/2-1/2",
  "white": "Levon Aronian",
  "black": "Magnus Carlsen",
  "isCarlsenWin": false,
  "isDraw": true,
  "isCarlsenBlack": true,
  "moves": [
    "Kd8",
    "Qe4",
    "Re2",
    "Qd5+",
    "Ke7",
    "Kh3",
    "Rd2",
    "Qe5+",
    "Kd7",
    "Qe4",
    "Kd6",
    "Qf3",
    "Ke6",
    "Qb7",
    "Kf6",
    "Qc6+",
    "Ke7",
    "Qf3",
    "Kf6",
    "Qe4",
    "Qc5",
    "Kh2",
    "Qb5",
    "Qa8",
    "Qe2",
    "Qb7",
    "Ke6",
    "Qc6+",
    "Ke7",
    "f5",
    "Qxg2+",
    "Qxg2",
    "Rxg2+",
    "Kxg2",
    "Kf6",
    "Kf3",
    "Kxf5",
    "g4+",
    "hxg4+",
    "Kg3",
    "Kg6",
    "Kxg4",
    "Kh6",
    "h5",
    "Kh7",
    "Kg5",
    "Kg7",
    "h6+",
    "Kh7",
    "Kh5",
    "Kh8",
    "Kg6",
    "Kg8",
    "h7+",
    "Kh8",
    "Kh6"
  ],
  "statePieceCount": 10,
  "endPieceCount": 3,
  "boardState": [
    {
      "square": "e8",
      "type": "k",
      "color": "b"
    },
    {
      "square": "e6",
      "type": "q",
      "color": "w"
    },
    {
      "square": "h5",
      "type": "p",
      "color": "b"
    },
    {
      "square": "f4",
      "type": "p",
      "color": "w"
    },
    {
      "square": "h4",
      "type": "p",
      "color": "w"
    },
    {
      "square": "g3",
      "type": "p",
      "color": "w"
    },
    {
      "square": "d2",
      "type": "r",
      "color": "b"
    },
    {
      "square": "f2",
      "type": "q",
      "color": "b"
    },
    {
      "square": "g2",
      "type": "b",
      "color": "w"
    },
    {
      "square": "h2",
      "type": "k",
      "color": "w"
    }
  ],
  "nextTurn": "b"
}