{
  "event": "FTX Crypto Cup",
  "site": "Miami, FL USA",
  "date": "2022.08.17",
  "eventDate": "2022.08.15",
  "dateMillis": 1660665600000,
  "eventDateMillis": 1660492800000,
  "round": "3.2",
  "result": "1/2-1/2",
  "white": "Magnus Carlsen",
  "black": "Levon Aronian",
  "isCarlsenWin": false,
  "isDraw": true,
  "isCarlsenBlack": false,
  "moves": [
    "cxd6",
    "Bc2",
    "Qf3+",
    "Kb2",
    "Qxg4",
    "Qxg4+",
    "Nxg4",
    "Kc3",
    "Ne3",
    "Be4",
    "Kf6",
    "Kd4",
    "Nf5+",
    "Bxf5",
    "Kxf5",
    "Kd3",
    "Ke5",
    "Ke3",
    "Kxd5",
    "Kd3",
    "Ke5",
    "Ke3",
    "d5",
    "Kd3",
    "d4",
    "Kd2",
    "Ke4",
    "Ke2",
    "d3+",
    "Kd2",
    "Kd4",
    "Kd1",
    "Ke3",
    "Ke1",
    "d2+",
    "Kd1",
    "Kd3"
  ],
  "statePieceCount": 10,
  "endPieceCount": 3,
  "boardState": [
    {
      "square": "c7",
      "type": "p",
      "color": "b"
    },
    {
      "square": "g7",
      "type": "k",
      "color": "b"
    },
    {
      "square": "d6",
      "type": "p",
      "color": "w"
    },
    {
      "square": "f6",
      "type": "q",
      "color": "b"
    },
    {
      "square": "d5",
      "type": "p",
      "color": "w"
    },
    {
      "square": "e5",
      "type": "n",
      "color": "b"
    },
    {
      "square": "d4",
      "type": "q",
      "color": "w"
    },
    {
      "square": "g4",
      "type": "p",
      "color": "w"
    },
    {
      "square": "c3",
      "type": "k",
      "color": "w"
    },
    {
      "square": "d1",
      "type": "b",
      "color": "w"
    }
  ],
  "nextTurn": "b"
}