{
  "event": "FTX Crypto Cup",
  "site": "Miami, FL USA",
  "date": "2022.08.20",
  "eventDate": "2022.08.15",
  "dateMillis": 1660924800000,
  "eventDateMillis": 1660492800000,
  "round": "6.6",
  "result": "1/2-1/2",
  "white": "Alireza Firouzja",
  "black": "Magnus Carlsen",
  "isCarlsenWin": false,
  "isDraw": true,
  "isCarlsenBlack": true,
  "moves": [
    "Nd7",
    "Rg5",
    "Kh6",
    "Rg4",
    "Rxg4+",
    "hxg4",
    "Kg5",
    "Kf3",
    "Kf6",
    "Ra2",
    "Ne5+",
    "Kf4",
    "g5+",
    "Ke4",
    "Nxg4",
    "Ra6+",
    "Kg7",
    "Kf5",
    "Nxf2",
    "Ra2",
    "Nh3",
    "Ra7+",
    "Kh6",
    "Ra6+",
    "Kh5",
    "Ra8",
    "Kh6",
    "Rh8+",
    "Kg7",
    "Rh5",
    "Kf7",
    "Rh7+",
    "Ke8",
    "Rh6",
    "Nf4",
    "Kxg5",
    "Nd5",
    "Kf5",
    "Kd7",
    "Ke5",
    "Nc7",
    "Rxh4",
    "Kc6",
    "Rc4+",
    "Kd7",
    "Rc1",
    "Nb5",
    "Rb1",
    "Kc6",
    "Rh1",
    "Nc7",
    "Rh8",
    "Kd7",
    "Rh7+",
    "Kc6",
    "Rh6+",
    "Kd7",
    "Rb6",
    "Ne8",
    "Rb7+",
    "Nc7"
  ],
  "statePieceCount": 10,
  "endPieceCount": 4,
  "boardState": [
    {
      "square": "g7",
      "type": "p",
      "color": "b"
    },
    {
      "square": "h7",
      "type": "k",
      "color": "b"
    },
    {
      "square": "c5",
      "type": "r",
      "color": "w"
    },
    {
      "square": "e5",
      "type": "n",
      "color": "b"
    },
    {
      "square": "f4",
      "type": "r",
      "color": "b"
    },
    {
      "square": "h4",
      "type": "p",
      "color": "b"
    },
    {
      "square": "h3",
      "type": "p",
      "color": "w"
    },
    {
      "square": "e2",
      "type": "r",
      "color": "w"
    },
    {
      "square": "f2",
      "type": "p",
      "color": "w"
    },
    {
      "square": "g2",
      "type": "k",
      "color": "w"
    }
  ],
  "nextTurn": "b"
}