{
  "event": "FTX Crypto Cup",
  "site": "Miami, FL USA",
  "date": "2022.08.21",
  "eventDate": "2022.08.15",
  "dateMillis": 1661011200000,
  "eventDateMillis": 1660492800000,
  "round": "7.1",
  "result": "1/2-1/2",
  "white": "Magnus Carlsen",
  "black": "R Praggnanandhaa",
  "isCarlsenWin": false,
  "isDraw": true,
  "isCarlsenBlack": false,
  "moves": [
    "Kxf4",
    "Rxh5",
    "Rd6+",
    "Ke7",
    "Ra6",
    "Rh4+",
    "Ke5",
    "Rh5+",
    "Kd4",
    "Rb5",
    "e5",
    "h5",
    "Rh6",
    "Rb3",
    "a4",
    "h4",
    "Kd5",
    "Rd3+",
    "Ke4",
    "Ra3",
    "Kf5",
    "Rf3+",
    "Ke4",
    "Ra3",
    "Kf5",
    "Rf3+",
    "Ke4",
    "Ra3"
  ],
  "statePieceCount": 10,
  "endPieceCount": 8,
  "boardState": [
    {
      "square": "d7",
      "type": "r",
      "color": "w"
    },
    {
      "square": "f6",
      "type": "k",
      "color": "b"
    },
    {
      "square": "h6",
      "type": "p",
      "color": "b"
    },
    {
      "square": "a5",
      "type": "p",
      "color": "b"
    },
    {
      "square": "c5",
      "type": "r",
      "color": "b"
    },
    {
      "square": "h5",
      "type": "p",
      "color": "w"
    },
    {
      "square": "e4",
      "type": "p",
      "color": "w"
    },
    {
      "square": "f4",
      "type": "n",
      "color": "b"
    },
    {
      "square": "g4",
      "type": "k",
      "color": "w"
    },
    {
      "square": "a3",
      "type": "p",
      "color": "w"
    }
  ],
  "nextTurn": "w"
}