{
  "event": "Chinese Championship",
  "site": "Xinghua CHN",
  "date": "2010.06.02",
  "eventDate": "2010.05.24",
  "dateMillis": 1275408000000,
  "eventDateMillis": 1274630400000,
  "round": "9",
  "result": "0-1",
  "white": "Ding Liren",
  "black": "Zhou Jianchao",
  "isDingWin": false,
  "isDraw": false,
  "isDingBlack": false,
  "moves": [
    "Re6",
    "Rd1",
    "Kc7",
    "Ra1",
    "Ra6",
    "h6",
    "Rxh6",
    "Rxa3",
    "Rf6",
    "Rc3+",
    "Kd6",
    "Rb3",
    "Kc6",
    "Rc3+",
    "Kd5",
    "Rb3",
    "b6",
    "Rb1",
    "Kc6",
    "Rc1+",
    "Kb7",
    "Rb1",
    "Rf8",
    "Kg4",
    "Kc6",
    "Rc1+",
    "Kd5",
    "Rb1",
    "Kc5",
    "Rc1+",
    "Kd4",
    "Rb1",
    "Rb8",
    "Kf3",
    "b5",
    "Ke2",
    "Kc3",
    "Rc1+",
    "Kb2",
    "Rc7",
    "Rd8",
    "Rb7",
    "Rd5",
    "Ke3",
    "Kc3",
    "Rc7+",
    "Kb3"
  ],
  "statePieceCount": 7,
  "endPieceCount": 5,
  "boardState": [
    {
      "square": "b8",
      "type": "k",
      "color": "b"
    },
    {
      "square": "b7",
      "type": "p",
      "color": "b"
    },
    {
      "square": "d7",
      "type": "r",
      "color": "w"
    },
    {
      "square": "h5",
      "type": "p",
      "color": "w"
    },
    {
      "square": "e4",
      "type": "r",
      "color": "b"
    },
    {
      "square": "a3",
      "type": "p",
      "color": "b"
    },
    {
      "square": "g3",
      "type": "k",
      "color": "w"
    }
  ],
  "nextTurn": "b"
}