{
  "event": "Hainan Danzhou GM",
  "site": "Danzhou CHN",
  "date": "2011.05.16",
  "eventDate": "2011.05.17",
  "dateMillis": 1305475200000,
  "eventDateMillis": 1305561600000,
  "round": "2",
  "result": "1/2-1/2",
  "white": "Ding Liren",
  "black": "Bu Xiangzhi",
  "isDingWin": false,
  "isDraw": true,
  "isDingBlack": false,
  "moves": [
    "Kc5",
    "Ke6",
    "Rd1",
    "f5",
    "Re1+",
    "Kd7",
    "Rd1+",
    "Kc7",
    "Kxb5",
    "Rf3",
    "Rc1+",
    "Kd7",
    "Rd1+",
    "Kc7",
    "Rc1+",
    "Kd7",
    "Rd1+",
    "Kc7"
  ],
  "statePieceCount": 7,
  "endPieceCount": 6,
  "boardState": [
    {
      "square": "d7",
      "type": "r",
      "color": "b"
    },
    {
      "square": "d6",
      "type": "k",
      "color": "b"
    },
    {
      "square": "a5",
      "type": "p",
      "color": "b"
    },
    {
      "square": "b5",
      "type": "p",
      "color": "w"
    },
    {
      "square": "f5",
      "type": "k",
      "color": "w"
    },
    {
      "square": "f4",
      "type": "p",
      "color": "w"
    },
    {
      "square": "h3",
      "type": "r",
      "color": "w"
    }
  ],
  "nextTurn": "b"
}