{
  "event": "Chinese Chess Championship",
  "site": "Xinghua CHN",
  "date": "2012.03.27",
  "eventDate": "2012.03.27",
  "dateMillis": 1332777600000,
  "eventDateMillis": 1332777600000,
  "round": "1",
  "result": "1-0",
  "white": "Ding Liren",
  "black": "Wang Yue",
  "isDingWin": true,
  "isDraw": false,
  "isDingBlack": false,
  "moves": [
    "f2",
    "Ra1",
    "Kd7",
    "Rf1",
    "Nf4+",
    "Kc4",
    "Nh3",
    "Kc5",
    "Kc7",
    "b6+",
    "Kb7",
    "Kb5",
    "f5",
    "Ka5",
    "f4",
    "Kb5",
    "Ng5",
    "Rxf2",
    "Ne6",
    "Rd2",
    "f3",
    "Rd7+",
    "Kc8",
    "Rf7",
    "Kb8",
    "Rf6",
    "Nd4+",
    "Ka6"
  ],
  "statePieceCount": 7,
  "endPieceCount": 6,
  "boardState": [
    {
      "square": "e8",
      "type": "k",
      "color": "b"
    },
    {
      "square": "a7",
      "type": "r",
      "color": "w"
    },
    {
      "square": "f6",
      "type": "p",
      "color": "b"
    },
    {
      "square": "b5",
      "type": "p",
      "color": "w"
    },
    {
      "square": "d5",
      "type": "n",
      "color": "b"
    },
    {
      "square": "d3",
      "type": "k",
      "color": "w"
    },
    {
      "square": "f3",
      "type": "p",
      "color": "b"
    }
  ]
}