{
  "event": "Chess Olympiad",
  "site": "Istanbul TUR",
  "date": "2012.09.09",
  "eventDate": "2012.08.28",
  "dateMillis": 1347120000000,
  "eventDateMillis": 1346083200000,
  "round": "11.1",
  "result": "1/2-1/2",
  "white": "Andrei Volokitin",
  "black": "Ding Liren",
  "isDingWin": false,
  "isDraw": true,
  "isDingBlack": true,
  "moves": [
    "Rxb3",
    "Rh8",
    "Rb2+",
    "Kf1",
    "Ke3",
    "h5",
    "Rf2+",
    "Ke1",
    "Rg2",
    "Kf1",
    "Rf2+"
  ],
  "statePieceCount": 7,
  "endPieceCount": 6,
  "boardState": [
    {
      "square": "h5",
      "type": "r",
      "color": "w"
    },
    {
      "square": "e4",
      "type": "p",
      "color": "b"
    },
    {
      "square": "f4",
      "type": "k",
      "color": "b"
    },
    {
      "square": "h4",
      "type": "p",
      "color": "w"
    },
    {
      "square": "b3",
      "type": "p",
      "color": "w"
    },
    {
      "square": "h3",
      "type": "r",
      "color": "b"
    },
    {
      "square": "f2",
      "type": "k",
      "color": "w"
    }
  ],
  "nextTurn": "b"
}