{
  "event": "SPICE Cup",
  "site": "St Louis, MO USA",
  "date": "2012.10.13",
  "eventDate": "2012.10.12",
  "dateMillis": 1350057600000,
  "eventDateMillis": 1349971200000,
  "round": "2",
  "result": "1-0",
  "white": "Georg Meier",
  "black": "Ding Liren",
  "isDingWin": false,
  "isDraw": false,
  "isDingBlack": true,
  "moves": [
    "Ka5",
    "Kb3",
    "Nh5",
    "Nc2",
    "Nf6",
    "Ne1",
    "Kb6",
    "Nd3",
    "Kc6",
    "Nf4",
    "Kd6",
    "Kb4",
    "Ke5",
    "Ne2",
    "Kf5",
    "Kxb5",
    "Kg4",
    "a4",
    "Nd5",
    "Kc5",
    "Nc7",
    "Nc3",
    "Kxh4",
    "Nd5",
    "Na6+",
    "Kb5",
    "Nb8",
    "Nb4"
  ],
  "statePieceCount": 7,
  "endPieceCount": 5,
  "boardState": [
    {
      "square": "b6",
      "type": "k",
      "color": "b"
    },
    {
      "square": "b5",
      "type": "p",
      "color": "b"
    },
    {
      "square": "b4",
      "type": "n",
      "color": "w"
    },
    {
      "square": "h4",
      "type": "p",
      "color": "w"
    },
    {
      "square": "g3",
      "type": "n",
      "color": "b"
    },
    {
      "square": "a2",
      "type": "p",
      "color": "w"
    },
    {
      "square": "c2",
      "type": "k",
      "color": "w"
    }
  ]
}