{
  "event": "SportAccord World Mind Games (Men's Rapid)",
  "site": "Beijing CHN",
  "date": "2012.12.14",
  "eventDate": "2012.12.14",
  "dateMillis": 1355414400000,
  "eventDateMillis": 1355414400000,
  "round": "1.8",
  "result": "1-0",
  "white": "Ding Liren",
  "black": "Vassily Ivanchuk",
  "isDingWin": true,
  "isDraw": false,
  "isDingBlack": false,
  "moves": [
    "Rh4",
    "Rg2",
    "Rxh6+",
    "Kd5",
    "Rg6",
    "Kc5",
    "b6",
    "Rg1",
    "Kc2",
    "Rg2+",
    "Kd3",
    "Rb2",
    "Ke4",
    "Re2+",
    "Kf5",
    "Rf2+"
  ],
  "statePieceCount": 7,
  "endPieceCount": 6,
  "boardState": [
    {
      "square": "e6",
      "type": "k",
      "color": "b"
    },
    {
      "square": "h6",
      "type": "p",
      "color": "b"
    },
    {
      "square": "b5",
      "type": "p",
      "color": "w"
    },
    {
      "square": "g4",
      "type": "r",
      "color": "w"
    },
    {
      "square": "b3",
      "type": "k",
      "color": "w"
    },
    {
      "square": "g3",
      "type": "p",
      "color": "w"
    },
    {
      "square": "h2",
      "type": "r",
      "color": "b"
    }
  ],
  "nextTurn": "w"
}