{
  "event": "Biel",
  "site": "Biel SUI",
  "date": "2013.07.29",
  "eventDate": "2013.07.22",
  "dateMillis": 1375027200000,
  "eventDateMillis": 1374422400000,
  "round": "7",
  "result": "1/2-1/2",
  "white": "Ding Liren",
  "black": "Etienne Bacrot",
  "isDingWin": false,
  "isDraw": true,
  "isDingBlack": false,
  "moves": [
    "Rxg3",
    "h5",
    "Rh3",
    "h6",
    "Rf3",
    "Rg8+",
    "Kf7",
    "Ra8",
    "Rf1",
    "Ra7+"
  ],
  "statePieceCount": 7,
  "endPieceCount": 6,
  "boardState": [
    {
      "square": "f8",
      "type": "k",
      "color": "b"
    },
    {
      "square": "g7",
      "type": "r",
      "color": "w"
    },
    {
      "square": "h7",
      "type": "k",
      "color": "w"
    },
    {
      "square": "g6",
      "type": "p",
      "color": "b"
    },
    {
      "square": "h4",
      "type": "p",
      "color": "w"
    },
    {
      "square": "c3",
      "type": "r",
      "color": "b"
    },
    {
      "square": "g3",
      "type": "p",
      "color": "w"
    }
  ]
}