{
  "event": "FIDE World Team Championship",
  "site": "Antalya TUR",
  "date": "2013.12.03",
  "eventDate": "2013.11.26",
  "dateMillis": 1386000000000,
  "eventDateMillis": 1385395200000,
  "round": "7",
  "result": "1/2-1/2",
  "white": "Eltaj Safarli",
  "black": "Ding Liren",
  "isDingWin": false,
  "isDraw": true,
  "isDingBlack": true,
  "moves": [
    "Bxc3"
  ],
  "statePieceCount": 7,
  "endPieceCount": 6,
  "boardState": [
    {
      "square": "h6",
      "type": "p",
      "color": "b"
    },
    {
      "square": "c4",
      "type": "n",
      "color": "w"
    },
    {
      "square": "f4",
      "type": "k",
      "color": "w"
    },
    {
      "square": "g4",
      "type": "p",
      "color": "w"
    },
    {
      "square": "c3",
      "type": "p",
      "color": "w"
    },
    {
      "square": "h3",
      "type": "k",
      "color": "b"
    },
    {
      "square": "b2",
      "type": "b",
      "color": "b"
    }
  ]
}