{
  "event": "India-China Summit Match",
  "site": "Hyderabad IND",
  "date": "2015.03.04",
  "eventDate": "2015.03.02",
  "dateMillis": 1425398400000,
  "eventDateMillis": 1425225600000,
  "round": "3.4",
  "result": "0-1",
  "white": "Ding Liren",
  "black": "Babu M R Lalith",
  "isDingWin": false,
  "isDraw": false,
  "isDingBlack": false,
  "moves": [
    "fxg4",
    "Rf8+",
    "Kg5",
    "Rg8+",
    "Kf6",
    "Rf8+",
    "Kg7",
    "Ra8",
    "Rd2+",
    "Kg1",
    "Kf6",
    "Ra4",
    "Kf5",
    "Ra5+",
    "Ke4",
    "Ra4+",
    "Rd4",
    "Ra2",
    "Kf4",
    "Kg2",
    "h3+",
    "Kh2"
  ],
  "statePieceCount": 7,
  "endPieceCount": 6,
  "boardState": [
    {
      "square": "g8",
      "type": "r",
      "color": "w"
    },
    {
      "square": "f5",
      "type": "p",
      "color": "b"
    },
    {
      "square": "d4",
      "type": "r",
      "color": "b"
    },
    {
      "square": "f4",
      "type": "k",
      "color": "b"
    },
    {
      "square": "g4",
      "type": "p",
      "color": "w"
    },
    {
      "square": "h4",
      "type": "p",
      "color": "b"
    },
    {
      "square": "g2",
      "type": "k",
      "color": "w"
    }
  ]
}