{
  "event": "Bilbao Masters",
  "site": "Bilbao ESP",
  "date": "2015.11.01",
  "eventDate": "2015.10.26",
  "dateMillis": 1446307200000,
  "eventDateMillis": 1445788800000,
  "round": "6",
  "result": "1/2-1/2",
  "white": "Ding Liren",
  "black": "Viswanathan Anand",
  "isDingWin": false,
  "isDraw": true,
  "isDingBlack": false,
  "moves": [
    "Nxa3",
    "f5",
    "Nc4",
    "f6",
    "Ne5+",
    "Kg7",
    "Kf5",
    "Bb2",
    "Nd7",
    "f7",
    "b4",
    "f8=Q"
  ],
  "statePieceCount": 7,
  "endPieceCount": 6,
  "boardState": [
    {
      "square": "g6",
      "type": "k",
      "color": "w"
    },
    {
      "square": "b5",
      "type": "p",
      "color": "b"
    },
    {
      "square": "c4",
      "type": "n",
      "color": "b"
    },
    {
      "square": "f4",
      "type": "p",
      "color": "w"
    },
    {
      "square": "g4",
      "type": "k",
      "color": "b"
    },
    {
      "square": "a3",
      "type": "p",
      "color": "w"
    },
    {
      "square": "c1",
      "type": "b",
      "color": "w"
    }
  ]
}