{
  "event": "Tata Steel Masters",
  "site": "Wijk aan Zee NED",
  "date": "2016.01.31",
  "eventDate": "2016.01.15",
  "dateMillis": 1454169600000,
  "eventDateMillis": 1452787200000,
  "round": "13",
  "result": "1/2-1/2",
  "white": "Magnus Carlsen",
  "black": "Ding Liren",
  "isDingWin": false,
  "isDraw": true,
  "isDingBlack": true,
  "moves": [
    "a5",
    "Ra6",
    "a4",
    "Rxa4",
    "Kc6",
    "Ra5",
    "Ra3",
    "Rf5",
    "b3",
    "Bf6",
    "Ra2",
    "Bd4",
    "b2",
    "Rc5+",
    "Kb6",
    "Rc3+",
    "Kb5",
    "Rb3+",
    "Kc4",
    "Rb8",
    "b1=Q+",
    "Rxb1",
    "Re2+",
    "Be3",
    "Rc2",
    "Rb8",
    "Kc3",
    "Rc8+",
    "Kb3",
    "Bc5",
    "Kc4",
    "Rc7",
    "Kc3",
    "Kd5",
    "Kd3",
    "Rh7",
    "Re2",
    "Rh3+",
    "Kc2",
    "Kc4",
    "Re4+",
    "Bd4",
    "Kd2",
    "Rh2+",
    "Re2",
    "Rh4",
    "Rg2",
    "Re4",
    "Re2",
    "Bc3+",
    "Kd1",
    "Rf4",
    "Kc2",
    "Rd4",
    "Rf2",
    "Rd3",
    "Re2",
    "Bd4",
    "Re4",
    "Ra3",
    "Re2",
    "Be3",
    "Kd1",
    "Rd3+",
    "Ke1",
    "Rc3",
    "Kf1",
    "Kd3",
    "Ra2",
    "Rc1+",
    "Kg2",
    "Ke4",
    "Kg3",
    "Rc8",
    "Rg2",
    "Rf8",
    "Kg4",
    "Bf2",
    "Kh3",
    "Kf3",
    "Rg3+",
    "Kf4",
    "Rg4+",
    "Kf5",
    "Rg7",
    "Bd4",
    "Rg3",
    "Be5",
    "Rf3+",
    "Bf4",
    "Kg2",
    "Kg4",
    "Rf2",
    "Rh8",
    "Re2",
    "Rh3",
    "Kf2",
    "Rf3+",
    "Kg2",
    "Be3",
    "Rc2",
    "Rg3+",
    "Kf1",
    "Kf3",
    "Rf2+",
    "Bxf2"
  ],
  "statePieceCount": 7,
  "endPieceCount": 4,
  "boardState": [
    {
      "square": "d7",
      "type": "k",
      "color": "b"
    },
    {
      "square": "a6",
      "type": "p",
      "color": "b"
    },
    {
      "square": "b6",
      "type": "r",
      "color": "w"
    },
    {
      "square": "g5",
      "type": "b",
      "color": "w"
    },
    {
      "square": "b4",
      "type": "p",
      "color": "b"
    },
    {
      "square": "e4",
      "type": "k",
      "color": "w"
    },
    {
      "square": "b3",
      "type": "r",
      "color": "b"
    }
  ]
}