{
  "event": "IMSA Elite Mind Games (Rapid)",
  "site": "Huai'an CHN",
  "date": "2016.02.27",
  "eventDate": "2016.02.26",
  "dateMillis": 1456502400000,
  "eventDateMillis": 1456416000000,
  "round": "7.2",
  "result": "1/2-1/2",
  "white": "Ruslan Ponomariov",
  "black": "Ding Liren",
  "isDingWin": false,
  "isDraw": true,
  "isDingBlack": true,
  "moves": [
    "Kxf5",
    "a5",
    "g4",
    "a6",
    "g3",
    "a7",
    "Re8",
    "Rc2",
    "Ra8",
    "Kb6",
    "Kg4",
    "Kb7",
    "Rxa7+",
    "Kxa7",
    "Kf3",
    "Kb6",
    "g2",
    "Rxg2",
    "Kxg2"
  ],
  "statePieceCount": 7,
  "endPieceCount": 2,
  "boardState": [
    {
      "square": "e6",
      "type": "r",
      "color": "b"
    },
    {
      "square": "g6",
      "type": "k",
      "color": "b"
    },
    {
      "square": "b5",
      "type": "k",
      "color": "w"
    },
    {
      "square": "f5",
      "type": "p",
      "color": "w"
    },
    {
      "square": "g5",
      "type": "p",
      "color": "b"
    },
    {
      "square": "a4",
      "type": "p",
      "color": "w"
    },
    {
      "square": "c4",
      "type": "r",
      "color": "w"
    }
  ],
  "nextTurn": "b"
}