{
  "event": "Chinese Chess League",
  "site": "CHN",
  "date": "2016.06.24",
  "eventDate": "2016.04.12",
  "dateMillis": 1466697600000,
  "eventDateMillis": 1460390400000,
  "round": "6.3",
  "result": "1/2-1/2",
  "white": "Lin Chen",
  "black": "Ding Liren",
  "isDingWin": false,
  "isDraw": true,
  "isDingBlack": true,
  "moves": [
    "Rxd7",
    "Kc4"
  ],
  "statePieceCount": 7,
  "endPieceCount": 6,
  "boardState": [
    {
      "square": "c7",
      "type": "r",
      "color": "b"
    },
    {
      "square": "d7",
      "type": "n",
      "color": "w"
    },
    {
      "square": "a5",
      "type": "p",
      "color": "w"
    },
    {
      "square": "f5",
      "type": "p",
      "color": "b"
    },
    {
      "square": "g5",
      "type": "k",
      "color": "b"
    },
    {
      "square": "b3",
      "type": "k",
      "color": "w"
    },
    {
      "square": "e3",
      "type": "r",
      "color": "w"
    }
  ],
  "nextTurn": "b"
}