{
  "event": "Shenzhen Masters",
  "site": "Shenzhen CHN",
  "date": "2017.03.23",
  "eventDate": "2017.03.23",
  "dateMillis": 1490198400000,
  "eventDateMillis": 1490198400000,
  "round": "1.3",
  "result": "1/2-1/2",
  "white": "Yu Yangyi",
  "black": "Ding Liren",
  "isDingWin": false,
  "isDraw": true,
  "isDingBlack": true,
  "moves": [
    "Qg1+",
    "Ke2",
    "Kg5",
    "Qh5+",
    "Kf6",
    "Kf3",
    "Qf1+",
    "Kg3",
    "Qc1",
    "Qg4",
    "Ke5",
    "Qf3",
    "Qg1+",
    "Qg2",
    "Qe1+",
    "Qf2",
    "Qc1",
    "Kg4",
    "Qd1+",
    "Kh3",
    "Qh1+",
    "Kg3",
    "Qc1",
    "Qb6",
    "Qe1+",
    "Kg2",
    "Qc1",
    "Kh2",
    "Qd2+",
    "Kh3",
    "Qc1",
    "Qb5+",
    "Kf6",
    "Kg4",
    "Kxg6",
    "Qb6+",
    "Kf7",
    "Qd4",
    "Ke6",
    "Qxf4",
    "Qg1+",
    "Kh4",
    "Qg6"
  ],
  "statePieceCount": 7,
  "endPieceCount": 5,
  "boardState": [
    {
      "square": "b6",
      "type": "q",
      "color": "w"
    },
    {
      "square": "g6",
      "type": "p",
      "color": "b"
    },
    {
      "square": "f5",
      "type": "p",
      "color": "b"
    },
    {
      "square": "f4",
      "type": "p",
      "color": "w"
    },
    {
      "square": "h4",
      "type": "k",
      "color": "w"
    },
    {
      "square": "f3",
      "type": "q",
      "color": "b"
    },
    {
      "square": "e1",
      "type": "k",
      "color": "b"
    }
  ]
}