{
  "event": "FIDE Grand Prix Moscow",
  "site": "Moscow RUS",
  "date": "2017.05.13",
  "eventDate": "2017.05.12",
  "dateMillis": 1494604800000,
  "eventDateMillis": 1494518400000,
  "round": "2.4",
  "result": "1-0",
  "white": "Ding Liren",
  "black": "Ernesto Inarkiev",
  "isDingWin": true,
  "isDraw": false,
  "isDingBlack": false,
  "moves": [
    "Ra5",
    "Rh6+",
    "Kd7",
    "Kf4",
    "a3",
    "Rh1",
    "a2",
    "Ra1",
    "Kc6",
    "Ke4",
    "Kb5",
    "Kd3",
    "Ra8",
    "Kc2",
    "Kc4",
    "Kb2",
    "Rb8+",
    "Kxa2",
    "Kd3",
    "Rh1",
    "Kc2",
    "Ka3",
    "Kd3",
    "Rh5",
    "Rb1",
    "Ka4",
    "Rb8",
    "Rb5",
    "Ra8+",
    "Kb4",
    "Rc8",
    "Rb7",
    "Rc4+",
    "Kb5",
    "Rc8",
    "Bg7",
    "Rd8",
    "c4"
  ],
  "statePieceCount": 7,
  "endPieceCount": 6,
  "boardState": [
    {
      "square": "h7",
      "type": "r",
      "color": "w"
    },
    {
      "square": "c6",
      "type": "k",
      "color": "b"
    },
    {
      "square": "d5",
      "type": "r",
      "color": "b"
    },
    {
      "square": "a4",
      "type": "p",
      "color": "b"
    },
    {
      "square": "d4",
      "type": "b",
      "color": "w"
    },
    {
      "square": "g4",
      "type": "k",
      "color": "w"
    },
    {
      "square": "c3",
      "type": "p",
      "color": "w"
    }
  ]
}