{
  "event": "Hainan Danzhou GM",
  "site": "Danzhou CHN",
  "date": "2017.07.12",
  "eventDate": "2017.07.09",
  "dateMillis": 1499788800000,
  "eventDateMillis": 1499529600000,
  "round": "4",
  "result": "1/2-1/2",
  "white": "Ding Liren",
  "black": "Wei Yi",
  "isDingWin": false,
  "isDraw": true,
  "isDingBlack": false,
  "moves": [
    "gxh4",
    "Ka6",
    "Kc7",
    "Ka7",
    "Kc6",
    "Ka6",
    "Kc7",
    "Ka7",
    "Kc6",
    "Ka6"
  ],
  "statePieceCount": 7,
  "endPieceCount": 6,
  "boardState": [
    {
      "square": "f7",
      "type": "p",
      "color": "b"
    },
    {
      "square": "d6",
      "type": "k",
      "color": "b"
    },
    {
      "square": "b5",
      "type": "k",
      "color": "w"
    },
    {
      "square": "g5",
      "type": "p",
      "color": "b"
    },
    {
      "square": "b4",
      "type": "p",
      "color": "w"
    },
    {
      "square": "h4",
      "type": "r",
      "color": "w"
    },
    {
      "square": "h2",
      "type": "p",
      "color": "w"
    }
  ]
}