{
  "event": "Maotai Prince Cup Kings",
  "site": "Jinzhou",
  "date": "2009.09.22",
  "dateMillis": 1253548800000,
  "eventDateMillis": null,
  "round": "5",
  "result": "0-1",
  "white": "Ding Liren",
  "black": "Zhang Pengxiang",
  "isDingWin": false,
  "isDraw": false,
  "isDingBlack": false,
  "moves": [
    "Rxa6",
    "g5",
    "Rf6+",
    "Ke4",
    "Rg6",
    "g4",
    "Rf6",
    "Ke3",
    "Rf8",
    "e4",
    "Kg1",
    "Rd2",
    "Rf7",
    "Kd3",
    "Rd7+",
    "Ke2",
    "Rf7",
    "e3",
    "Rf4",
    "Kd3"
  ],
  "statePieceCount": 7,
  "endPieceCount": 6,
  "boardState": [
    {
      "square": "a6",
      "type": "p",
      "color": "b"
    },
    {
      "square": "g6",
      "type": "p",
      "color": "b"
    },
    {
      "square": "e5",
      "type": "p",
      "color": "b"
    },
    {
      "square": "f4",
      "type": "k",
      "color": "b"
    },
    {
      "square": "a3",
      "type": "r",
      "color": "w"
    },
    {
      "square": "b2",
      "type": "r",
      "color": "b"
    },
    {
      "square": "f1",
      "type": "k",
      "color": "w"
    }
  ]
}