{
  "event": "Chinese Chess League",
  "site": "China CHN",
  "date": "2017.08.21",
  "eventDate": "2017.04.18",
  "dateMillis": 1503244800000,
  "eventDateMillis": 1492444800000,
  "round": "15.2",
  "result": "1/2-1/2",
  "white": "Ding Liren",
  "black": "Zhihang Xu",
  "isDingWin": false,
  "isDraw": true,
  "isDingBlack": false,
  "moves": [
    "Ra6",
    "e4+",
    "Kg3",
    "e3",
    "h5",
    "e2",
    "Kf2",
    "Ra1",
    "Kxe2",
    "a2",
    "h6",
    "Rh1",
    "h7",
    "Rxh7",
    "Kd3",
    "Ke5"
  ],
  "statePieceCount": 7,
  "endPieceCount": 5,
  "boardState": [
    {
      "square": "d6",
      "type": "r",
      "color": "w"
    },
    {
      "square": "e5",
      "type": "p",
      "color": "b"
    },
    {
      "square": "f5",
      "type": "k",
      "color": "b"
    },
    {
      "square": "h4",
      "type": "p",
      "color": "w"
    },
    {
      "square": "a3",
      "type": "p",
      "color": "b"
    },
    {
      "square": "f3",
      "type": "k",
      "color": "w"
    },
    {
      "square": "a2",
      "type": "r",
      "color": "b"
    }
  ],
  "nextTurn": "w"
}