{
  "event": "World Cup",
  "site": "Tbilisi GEO",
  "date": "2017.09.21",
  "eventDate": "2017.09.03",
  "dateMillis": 1505923200000,
  "eventDateMillis": 1504368000000,
  "round": "6.3",
  "result": "1/2-1/2",
  "white": "Wesley So",
  "black": "Ding Liren",
  "isDingWin": false,
  "isDraw": true,
  "isDingBlack": true,
  "moves": [
    "Re3",
    "Kf2",
    "Rxf3+",
    "Rxf3",
    "Ke5"
  ],
  "statePieceCount": 7,
  "endPieceCount": 5,
  "boardState": [
    {
      "square": "h7",
      "type": "p",
      "color": "b"
    },
    {
      "square": "e6",
      "type": "k",
      "color": "b"
    },
    {
      "square": "d5",
      "type": "b",
      "color": "b"
    },
    {
      "square": "f4",
      "type": "r",
      "color": "w"
    },
    {
      "square": "f3",
      "type": "n",
      "color": "w"
    },
    {
      "square": "g3",
      "type": "k",
      "color": "w"
    },
    {
      "square": "e2",
      "type": "r",
      "color": "b"
    }
  ],
  "nextTurn": "b"
}