{
  "event": "Champions Showdown: Carlsen - Ding (Rapid G/20)",
  "site": "St Louis, MO USA",
  "date": "2017.11.12",
  "eventDate": "2017.10.21",
  "dateMillis": 1510416000000,
  "eventDateMillis": 1508515200000,
  "round": "3.1",
  "result": "1/2-1/2",
  "white": "Magnus Carlsen",
  "black": "Ding Liren",
  "isDingWin": false,
  "isDraw": true,
  "isDingBlack": true,
  "moves": [
    "Kxh4",
    "Ne5",
    "Kg3"
  ],
  "statePieceCount": 7,
  "endPieceCount": 6,
  "boardState": [
    {
      "square": "b6",
      "type": "p",
      "color": "b"
    },
    {
      "square": "d6",
      "type": "n",
      "color": "w"
    },
    {
      "square": "g6",
      "type": "k",
      "color": "b"
    },
    {
      "square": "g4",
      "type": "p",
      "color": "w"
    },
    {
      "square": "h4",
      "type": "p",
      "color": "b"
    },
    {
      "square": "d3",
      "type": "n",
      "color": "b"
    },
    {
      "square": "g3",
      "type": "k",
      "color": "w"
    }
  ]
}