{
  "event": "Champions Showdown: Carlsen - Ding (Rapid G/20)",
  "site": "St Louis, MO USA",
  "date": "2017.11.12",
  "eventDate": "2017.10.21",
  "dateMillis": 1510416000000,
  "eventDateMillis": 1508515200000,
  "round": "2.1",
  "result": "0-1",
  "white": "Ding Liren",
  "black": "Magnus Carlsen",
  "isDingWin": false,
  "isDraw": false,
  "isDingBlack": false,
  "moves": [
    "Kxf4",
    "Kc5",
    "Ke4",
    "Ba4",
    "f4",
    "Bc6+",
    "Kd3",
    "Kd6",
    "Nf5+",
    "Kd7",
    "Nd4",
    "Bb7",
    "Ke3",
    "Ke7",
    "f5",
    "Kf6",
    "f3",
    "Kg5",
    "f2",
    "Bg2",
    "Nf3+",
    "Kf6",
    "f4"
  ],
  "statePieceCount": 7,
  "endPieceCount": 6,
  "boardState": [
    {
      "square": "b6",
      "type": "k",
      "color": "w"
    },
    {
      "square": "f6",
      "type": "p",
      "color": "b"
    },
    {
      "square": "f5",
      "type": "p",
      "color": "b"
    },
    {
      "square": "f4",
      "type": "q",
      "color": "w"
    },
    {
      "square": "b3",
      "type": "b",
      "color": "w"
    },
    {
      "square": "e3",
      "type": "n",
      "color": "b"
    },
    {
      "square": "g3",
      "type": "k",
      "color": "b"
    }
  ]
}