{
  "event": "World Championship Candidates",
  "site": "Berlin GER",
  "date": "2018.03.23",
  "eventDate": "2018.03.10",
  "dateMillis": 1521734400000,
  "eventDateMillis": 1520611200000,
  "round": "11",
  "result": "1/2-1/2",
  "white": "Ding Liren",
  "black": "Alexander Grischuk",
  "isDingWin": false,
  "isDraw": true,
  "isDingBlack": false,
  "moves": [
    "Rxg7",
    "Nc3",
    "Re7",
    "Bd4",
    "Rd7",
    "Be5",
    "Kh6",
    "Kc2",
    "Kg5",
    "Kb3",
    "Kf5",
    "Bh8",
    "Rb7+",
    "Kc2",
    "Rh7",
    "Bd4",
    "Ke6",
    "Kb3",
    "Rd7",
    "Bh8",
    "Rd8",
    "Bg7",
    "Kf7",
    "Be5",
    "Re8",
    "Bd4",
    "Rb8+",
    "Kc2",
    "Rb7",
    "Be5",
    "Rb6",
    "Bd4",
    "Rf6",
    "Bxf6",
    "Kxf6",
    "Nd5+",
    "Kf7",
    "Ne3",
    "Kf6",
    "Nd5+",
    "Kf7",
    "Ne3",
    "g7",
    "Nf5"
  ],
  "statePieceCount": 7,
  "endPieceCount": 4,
  "boardState": [
    {
      "square": "b7",
      "type": "r",
      "color": "w"
    },
    {
      "square": "g7",
      "type": "p",
      "color": "b"
    },
    {
      "square": "h7",
      "type": "k",
      "color": "w"
    },
    {
      "square": "g6",
      "type": "p",
      "color": "w"
    },
    {
      "square": "e5",
      "type": "b",
      "color": "b"
    },
    {
      "square": "b1",
      "type": "n",
      "color": "b"
    },
    {
      "square": "c1",
      "type": "k",
      "color": "b"
    }
  ],
  "nextTurn": "w"
}