{
  "event": "Norway Chess (Blitz)",
  "site": "Stavanger NOR",
  "date": "2018.05.27",
  "eventDate": "2018.05.27",
  "dateMillis": 1527350400000,
  "eventDateMillis": 1527350400000,
  "round": "7.2",
  "result": "1/2-1/2",
  "white": "Hikaru Nakamura",
  "black": "Ding Liren",
  "isDingWin": false,
  "isDraw": true,
  "isDingBlack": true,
  "moves": [
    "Rxa4"
  ],
  "statePieceCount": 7,
  "endPieceCount": 6,
  "boardState": [
    {
      "square": "a7",
      "type": "r",
      "color": "w"
    },
    {
      "square": "d6",
      "type": "k",
      "color": "b"
    },
    {
      "square": "g6",
      "type": "p",
      "color": "b"
    },
    {
      "square": "d5",
      "type": "r",
      "color": "b"
    },
    {
      "square": "a4",
      "type": "b",
      "color": "b"
    },
    {
      "square": "e3",
      "type": "k",
      "color": "w"
    },
    {
      "square": "h3",
      "type": "p",
      "color": "w"
    }
  ],
  "nextTurn": "w"
}