{
  "event": "European Club Cup",
  "site": "Porto Carras GRE",
  "date": "2018.10.13",
  "eventDate": "2018.10.12",
  "dateMillis": 1539360000000,
  "eventDateMillis": 1539273600000,
  "round": "2.1",
  "result": "0-1",
  "white": "David Gorodetzky",
  "black": "Ding Liren",
  "isDingWin": true,
  "isDraw": false,
  "isDingBlack": true,
  "moves": [
    "Kxb1",
    "e4",
    "Kc2",
    "e5",
    "Kd3",
    "e6",
    "Kd4"
  ],
  "statePieceCount": 7,
  "endPieceCount": 6,
  "boardState": [
    {
      "square": "g7",
      "type": "p",
      "color": "b"
    },
    {
      "square": "f5",
      "type": "k",
      "color": "w"
    },
    {
      "square": "h5",
      "type": "p",
      "color": "w"
    },
    {
      "square": "e3",
      "type": "p",
      "color": "w"
    },
    {
      "square": "c2",
      "type": "k",
      "color": "b"
    },
    {
      "square": "g2",
      "type": "r",
      "color": "b"
    },
    {
      "square": "b1",
      "type": "r",
      "color": "w"
    }
  ]
}