{
  "event": "Grand Chess Tour Cote d�Ivoire (Rapid & Blitz)",
  "site": "Abidjan CIV",
  "date": "2019.05.12",
  "eventDate": "2019.05.11",
  "dateMillis": 1557590400000,
  "eventDateMillis": 1557504000000,
  "round": "14.4",
  "result": "1-0",
  "white": "Bassem Amin",
  "black": "Ding Liren",
  "isDingWin": false,
  "isDraw": false,
  "isDingBlack": true,
  "moves": [
    "Rc1",
    "Ra7+",
    "Kf6",
    "Ra6+",
    "Kg7",
    "Kg3",
    "Rg1+",
    "Kf3",
    "Rf1+",
    "Ke4",
    "Re1+",
    "Kf4",
    "Rf1+",
    "Ke3",
    "Re1+",
    "Kf2",
    "Rb1",
    "Re6",
    "Ra1",
    "Rg6+",
    "Kh7",
    "Kg3",
    "Rg1+",
    "Kf4",
    "Ra1",
    "Re6",
    "Kg7",
    "Rg6+",
    "Kh7",
    "Rd6",
    "Kg7",
    "Rd7+",
    "Kf6",
    "Rh7",
    "Rf1+",
    "Kg3",
    "Rh1",
    "Rh8",
    "Kg7",
    "Re8",
    "Ra1",
    "Re7+",
    "Kf6",
    "Rh7",
    "Rh1",
    "Kg2",
    "Rh4",
    "Kf3",
    "Rh2",
    "Kf4",
    "Rh1",
    "Kg3",
    "Ke5",
    "Rf7",
    "Rg1+",
    "Kf3",
    "Rf1+",
    "Kg2",
    "Ra1",
    "Kg3",
    "Rg1+",
    "Kf3",
    "Rf1+",
    "Kg2",
    "Ra1",
    "Rh7",
    "Kf4",
    "Rg7",
    "h5",
    "f6",
    "hxg4",
    "f7",
    "Ra2+",
    "Kf1",
    "Ra1+",
    "Ke2",
    "Ra2+",
    "Kd3",
    "Ra3+",
    "Kd4",
    "Ra4+",
    "Kc3",
    "Ra8",
    "Rg8",
    "Ra3+",
    "Kb2"
  ],
  "statePieceCount": 7,
  "endPieceCount": 6,
  "boardState": [
    {
      "square": "c7",
      "type": "r",
      "color": "b"
    },
    {
      "square": "g7",
      "type": "k",
      "color": "b"
    },
    {
      "square": "h6",
      "type": "p",
      "color": "b"
    },
    {
      "square": "f5",
      "type": "p",
      "color": "w"
    },
    {
      "square": "g4",
      "type": "p",
      "color": "w"
    },
    {
      "square": "h4",
      "type": "k",
      "color": "w"
    },
    {
      "square": "a2",
      "type": "r",
      "color": "w"
    }
  ],
  "nextTurn": "b"
}