{
  "event": "Norway Chess",
  "site": "Stavanger NOR",
  "date": "2019.06.09",
  "eventDate": "2019.06.04",
  "dateMillis": 1560009600000,
  "eventDateMillis": 1559577600000,
  "round": "5.4",
  "result": "1/2-1/2",
  "white": "Ding Liren",
  "black": "Levon Aronian",
  "isDingWin": false,
  "isDraw": true,
  "isDingBlack": false,
  "moves": [
    "Qb8",
    "Ka4",
    "Qxc7",
    "Kb3",
    "Qb6+",
    "Kc2",
    "Qf2+",
    "Kb3",
    "Qb6+",
    "Kc2",
    "Qf2+",
    "Kd1",
    "Qf5",
    "Kd2",
    "Qf4+",
    "Kd1",
    "Qg4+",
    "Kd2",
    "Qg2+",
    "Kd1",
    "Qg1+",
    "Kd2",
    "Qf2+",
    "Kd1",
    "Qg1+",
    "Kd2",
    "Qh2+",
    "Kd1",
    "Qh5+",
    "Kd2",
    "Qh6+",
    "Kd1",
    "Qa6",
    "Kd2",
    "Qa2+",
    "Kd1",
    "Qb1+",
    "Kd2",
    "Qb2+",
    "Kd1",
    "Qa1+",
    "Kd2",
    "Qb2+",
    "Kd1",
    "Qb1+",
    "Kd2",
    "Qb2+",
    "Kd1",
    "Kd6",
    "c3",
    "Qb3+",
    "Kd2",
    "Qb4",
    "Kd1",
    "Qg4+",
    "Kd2",
    "Qg2+",
    "Kd1",
    "Qf1+",
    "Kd2",
    "Qf2+",
    "Kd1",
    "Qf5",
    "Kd2",
    "Qf4+",
    "Kd1",
    "Qg4+",
    "Kd2",
    "Qb4",
    "Kd1",
    "Qb1+",
    "Kd2",
    "Qb4",
    "Kd1",
    "Qb5",
    "Kd2",
    "Qa5",
    "Kd1",
    "Qb5",
    "Kd2"
  ],
  "statePieceCount": 7,
  "endPieceCount": 6,
  "boardState": [
    {
      "square": "g8",
      "type": "q",
      "color": "w"
    },
    {
      "square": "c7",
      "type": "p",
      "color": "b"
    },
    {
      "square": "a5",
      "type": "k",
      "color": "b"
    },
    {
      "square": "d5",
      "type": "p",
      "color": "b"
    },
    {
      "square": "e5",
      "type": "k",
      "color": "w"
    },
    {
      "square": "c4",
      "type": "p",
      "color": "b"
    },
    {
      "square": "d3",
      "type": "r",
      "color": "b"
    }
  ],
  "nextTurn": "w"
}