{
  "event": "GCT St. Louis Rapid & Blitz",
  "site": "St Louis, MO USA",
  "date": "2019.08.11",
  "eventDate": "2019.08.10",
  "dateMillis": 1565452800000,
  "eventDateMillis": 1565366400000,
  "round": "6.5",
  "result": "1-0",
  "white": "Maxime Vachier-Lagrave",
  "black": "Ding Liren",
  "isDingWin": false,
  "isDraw": false,
  "isDingBlack": true,
  "moves": [
    "Qf4+",
    "Kd7",
    "Qa4+",
    "Ke7",
    "Qb4+",
    "Ke8",
    "Qa4+",
    "Kf8",
    "Qa8+",
    "Kf7",
    "Qd5+",
    "Kg6",
    "Qe6+",
    "Kh5",
    "Ke2",
    "Qxh6",
    "Qe8+",
    "Qg6",
    "Qh8+",
    "Kg5"
  ],
  "statePieceCount": 7,
  "endPieceCount": 6,
  "boardState": [
    {
      "square": "g7",
      "type": "q",
      "color": "w"
    },
    {
      "square": "d6",
      "type": "k",
      "color": "w"
    },
    {
      "square": "h6",
      "type": "p",
      "color": "b"
    },
    {
      "square": "g4",
      "type": "p",
      "color": "w"
    },
    {
      "square": "h4",
      "type": "p",
      "color": "w"
    },
    {
      "square": "d3",
      "type": "k",
      "color": "b"
    },
    {
      "square": "c1",
      "type": "q",
      "color": "b"
    }
  ]
}