{
  "event": "World Cup",
  "site": "Khanty-Mansiysk RUS",
  "date": "2019.10.04",
  "eventDate": "2019.09.10",
  "dateMillis": 1570118400000,
  "eventDateMillis": 1568044800000,
  "round": "7.9",
  "result": "0-1",
  "white": "Ding Liren",
  "black": "Teimour Radjabov",
  "isDingWin": false,
  "isDraw": false,
  "isDingBlack": false,
  "moves": [
    "e4",
    "Nf4",
    "e5",
    "h3",
    "Bc6",
    "h2",
    "Bb7",
    "g4",
    "Bc6",
    "Kh3",
    "Bb7",
    "g3",
    "Bc8+",
    "Kh4",
    "Bb7",
    "Kg5",
    "Be4",
    "Kg4",
    "e6",
    "Nxe6",
    "Kg2",
    "Nf4+",
    "Kh1",
    "Nh3",
    "Bf3+",
    "Kf4",
    "Kg2",
    "Nf2",
    "Kf1",
    "Kxf3"
  ],
  "statePieceCount": 7,
  "endPieceCount": 5,
  "boardState": [
    {
      "square": "d7",
      "type": "b",
      "color": "w"
    },
    {
      "square": "g5",
      "type": "p",
      "color": "b"
    },
    {
      "square": "h4",
      "type": "p",
      "color": "b"
    },
    {
      "square": "e3",
      "type": "p",
      "color": "w"
    },
    {
      "square": "g3",
      "type": "k",
      "color": "b"
    },
    {
      "square": "h3",
      "type": "n",
      "color": "b"
    },
    {
      "square": "f1",
      "type": "k",
      "color": "w"
    }
  ],
  "nextTurn": "w"
}