{
  "event": "GCT Kolkata Rapid & Blitz",
  "site": "Kolkata IND",
  "date": "2019.11.25",
  "eventDate": "2019.11.25",
  "dateMillis": 1574611200000,
  "eventDateMillis": 1574611200000,
  "round": "2.1",
  "result": "0-1",
  "white": "Ding Liren",
  "black": "Vidit Santosh Gujrathi",
  "isDingWin": false,
  "isDraw": false,
  "isDingBlack": false,
  "moves": [
    "Rxf5",
    "c4"
  ],
  "statePieceCount": 7,
  "endPieceCount": 6,
  "boardState": [
    {
      "square": "f8",
      "type": "r",
      "color": "w"
    },
    {
      "square": "g6",
      "type": "k",
      "color": "w"
    },
    {
      "square": "c5",
      "type": "p",
      "color": "b"
    },
    {
      "square": "f5",
      "type": "n",
      "color": "b"
    },
    {
      "square": "g5",
      "type": "p",
      "color": "b"
    },
    {
      "square": "d4",
      "type": "k",
      "color": "b"
    },
    {
      "square": "g1",
      "type": "r",
      "color": "b"
    }
  ]
}