{
  "event": "Yinzhou Cup Men (Tiebreaks)",
  "site": "Ningbo CHN",
  "date": "2019.12.23",
  "eventDate": "2019.12.23",
  "dateMillis": 1577030400000,
  "eventDateMillis": 1577030400000,
  "round": "1",
  "result": "1/2-1/2",
  "white": "Ding Liren",
  "black": "Bu Xiangzhi",
  "isDingWin": false,
  "isDraw": true,
  "isDingBlack": false,
  "moves": [
    "Rxa3"
  ],
  "statePieceCount": 7,
  "endPieceCount": 6,
  "boardState": [
    {
      "square": "c7",
      "type": "r",
      "color": "w"
    },
    {
      "square": "d7",
      "type": "b",
      "color": "b"
    },
    {
      "square": "d6",
      "type": "p",
      "color": "w"
    },
    {
      "square": "e6",
      "type": "k",
      "color": "b"
    },
    {
      "square": "c4",
      "type": "k",
      "color": "w"
    },
    {
      "square": "a3",
      "type": "b",
      "color": "w"
    },
    {
      "square": "h3",
      "type": "r",
      "color": "b"
    }
  ],
  "nextTurn": "b"
}