{
  "event": "Yinzhou Cup",
  "site": "Ningbo CHN",
  "date": "2019.12.23",
  "eventDate": "2019.12.22",
  "dateMillis": 1577030400000,
  "eventDateMillis": 1576944000000,
  "round": "5.3",
  "result": "1/2-1/2",
  "white": "Ding Liren",
  "black": "Yu Yangyi",
  "isDingWin": false,
  "isDraw": true,
  "isDingBlack": false,
  "moves": [
    "Bxh5",
    "f4",
    "gxf4+",
    "Kxf4"
  ],
  "statePieceCount": 7,
  "endPieceCount": 4,
  "boardState": [
    {
      "square": "b7",
      "type": "b",
      "color": "w"
    },
    {
      "square": "f7",
      "type": "b",
      "color": "b"
    },
    {
      "square": "g7",
      "type": "k",
      "color": "b"
    },
    {
      "square": "g5",
      "type": "p",
      "color": "b"
    },
    {
      "square": "h5",
      "type": "p",
      "color": "w"
    },
    {
      "square": "f3",
      "type": "p",
      "color": "w"
    },
    {
      "square": "g3",
      "type": "k",
      "color": "w"
    }
  ],
  "nextTurn": "b"
}