{
  "event": "Yinzhou Cup",
  "site": "Ningbo CHN",
  "date": "2019.12.22",
  "eventDate": "2019.12.22",
  "dateMillis": 1576944000000,
  "eventDateMillis": 1576944000000,
  "round": "1.2",
  "result": "1/2-1/2",
  "white": "Bu Xiangzhi",
  "black": "Ding Liren",
  "isDingWin": false,
  "isDraw": true,
  "isDingBlack": true,
  "moves": [
    "Kd3",
    "Ne4",
    "Kc4",
    "Kd6",
    "Be2",
    "Nc5",
    "Kd4",
    "e5+",
    "Ke3",
    "Kc6",
    "Bf1",
    "Kb6",
    "Be2",
    "Kc6",
    "Bc4",
    "Kd6",
    "Kf3",
    "Ke7",
    "Ke3",
    "Kf6",
    "Kf3",
    "Kf5",
    "Ke3",
    "e4",
    "Kd4",
    "Nd7",
    "Bf1",
    "Kf4",
    "Kd5",
    "Nb8",
    "Kd6",
    "e3",
    "Kc7",
    "Nxa6+",
    "Bxa6",
    "Kf3",
    "Kb7",
    "e2",
    "Bxe2+",
    "Kxe2",
    "Kxa7"
  ],
  "statePieceCount": 7,
  "endPieceCount": 2,
  "boardState": [
    {
      "square": "a7",
      "type": "p",
      "color": "b"
    },
    {
      "square": "a6",
      "type": "p",
      "color": "w"
    },
    {
      "square": "e6",
      "type": "p",
      "color": "b"
    },
    {
      "square": "e5",
      "type": "k",
      "color": "b"
    },
    {
      "square": "g4",
      "type": "b",
      "color": "w"
    },
    {
      "square": "e3",
      "type": "k",
      "color": "w"
    },
    {
      "square": "g3",
      "type": "n",
      "color": "b"
    }
  ],
  "nextTurn": "w"
}