{
  "event": "FIDE Chess.com Online Nations Cup",
  "site": "chess.com INT",
  "date": "2020.05.09",
  "eventDate": "2020.05.05",
  "dateMillis": 1588953600000,
  "eventDateMillis": 1588608000000,
  "round": "10.2",
  "result": "1-0",
  "white": "Ding Liren",
  "black": "Hikaru Nakamura",
  "isDingWin": true,
  "isDraw": false,
  "isDingBlack": false,
  "moves": [
    "Kxa6",
    "Kd7",
    "Kb6",
    "Kc8",
    "c6",
    "Bh5",
    "Kc5",
    "Bg4",
    "Kd6",
    "Kd8",
    "c7+",
    "Ke8",
    "h5"
  ],
  "statePieceCount": 7,
  "endPieceCount": 6,
  "boardState": [
    {
      "square": "c8",
      "type": "k",
      "color": "b"
    },
    {
      "square": "a6",
      "type": "p",
      "color": "b"
    },
    {
      "square": "b6",
      "type": "k",
      "color": "w"
    },
    {
      "square": "c5",
      "type": "p",
      "color": "w"
    },
    {
      "square": "f4",
      "type": "b",
      "color": "w"
    },
    {
      "square": "h4",
      "type": "p",
      "color": "w"
    },
    {
      "square": "f3",
      "type": "b",
      "color": "b"
    }
  ],
  "nextTurn": "w"
}