{
  "event": "Lindores Abbey Rapid Challenge",
  "site": "chess24.com INT",
  "date": "2020.05.19",
  "eventDate": "2020.05.19",
  "dateMillis": 1589817600000,
  "eventDateMillis": 1589817600000,
  "round": "2.5",
  "result": "1/2-1/2",
  "white": "Alireza Firouzja",
  "black": "Ding Liren",
  "isDingWin": false,
  "isDraw": true,
  "isDingBlack": true,
  "moves": [
    "Rg8",
    "Kd3",
    "g5",
    "c3",
    "Rd8+",
    "Kc2",
    "Kf3",
    "Re7",
    "Kxf4",
    "Rg7",
    "Rc8",
    "Kb2"
  ],
  "statePieceCount": 7,
  "endPieceCount": 6,
  "boardState": [
    {
      "square": "g5",
      "type": "r",
      "color": "w"
    },
    {
      "square": "c4",
      "type": "p",
      "color": "b"
    },
    {
      "square": "e4",
      "type": "r",
      "color": "b"
    },
    {
      "square": "f4",
      "type": "p",
      "color": "b"
    },
    {
      "square": "g4",
      "type": "p",
      "color": "w"
    },
    {
      "square": "c3",
      "type": "k",
      "color": "b"
    },
    {
      "square": "f2",
      "type": "k",
      "color": "w"
    }
  ],
  "nextTurn": "w"
}