{
  "event": "Lindores Abbey Rapid Challenge",
  "site": "chess24.com INT",
  "date": "2020.05.28",
  "eventDate": "2020.05.23",
  "dateMillis": 1590595200000,
  "eventDateMillis": 1590163200000,
  "round": "2.14",
  "result": "0-1",
  "white": "Ding Liren",
  "black": "Daniil Dubov",
  "isDingWin": false,
  "isDraw": false,
  "isDingBlack": false,
  "moves": [
    "Rxb1",
    "f6",
    "Rf1",
    "Ke6",
    "Kd3",
    "f7",
    "Ke4",
    "Ke7",
    "Ke5",
    "Ke8",
    "Ke6",
    "f8=Q",
    "Rxf8+",
    "Kxf8",
    "Kf6",
    "Ke8",
    "Kg5",
    "Kf7",
    "Kxh5",
    "Kf6",
    "Kg4"
  ],
  "statePieceCount": 7,
  "endPieceCount": 3,
  "boardState": [
    {
      "square": "b6",
      "type": "r",
      "color": "b"
    },
    {
      "square": "h6",
      "type": "p",
      "color": "b"
    },
    {
      "square": "e5",
      "type": "k",
      "color": "w"
    },
    {
      "square": "f5",
      "type": "p",
      "color": "w"
    },
    {
      "square": "h5",
      "type": "p",
      "color": "w"
    },
    {
      "square": "c2",
      "type": "k",
      "color": "b"
    },
    {
      "square": "b1",
      "type": "r",
      "color": "w"
    }
  ],
  "nextTurn": "b"
}