{
  "event": "Chessable Masters",
  "site": "chess24.com INT",
  "date": "2020.06.21",
  "eventDate": "2020.06.21",
  "dateMillis": 1592668800000,
  "eventDateMillis": 1592668800000,
  "round": "4.1",
  "result": "1/2-1/2",
  "white": "Maxime Vachier-Lagrave",
  "black": "Ding Liren",
  "isDingWin": false,
  "isDraw": true,
  "isDingBlack": true,
  "moves": [
    "Kf3",
    "Kh5",
    "Rc6",
    "Kg5",
    "Ke4",
    "Ra4+",
    "Kd5",
    "Rf4",
    "Kxc5",
    "Rxf2",
    "Rxa6",
    "Rf6",
    "Rxf6",
    "Kxf6"
  ],
  "statePieceCount": 7,
  "endPieceCount": 2,
  "boardState": [
    {
      "square": "a6",
      "type": "p",
      "color": "b"
    },
    {
      "square": "g6",
      "type": "r",
      "color": "w"
    },
    {
      "square": "a5",
      "type": "r",
      "color": "b"
    },
    {
      "square": "c5",
      "type": "p",
      "color": "b"
    },
    {
      "square": "h4",
      "type": "k",
      "color": "b"
    },
    {
      "square": "f2",
      "type": "p",
      "color": "w"
    },
    {
      "square": "g2",
      "type": "k",
      "color": "w"
    }
  ]
}