{
  "event": "Legends of Chess",
  "site": "chess24.com INT",
  "date": "2020.07.26",
  "eventDate": "2020.07.21",
  "dateMillis": 1595692800000,
  "eventDateMillis": 1595260800000,
  "round": "6.3",
  "result": "1/2-1/2",
  "white": "Ding Liren",
  "black": "Magnus Carlsen",
  "isDingWin": false,
  "isDraw": true,
  "isDingBlack": false,
  "moves": [
    "Kxf4",
    "Kf6",
    "e5+",
    "Kg6",
    "Kg4",
    "Kh6",
    "Kh4",
    "Kg6",
    "Kg4",
    "Kh6",
    "Kh4",
    "Kg6",
    "Kg4"
  ],
  "statePieceCount": 7,
  "endPieceCount": 6,
  "boardState": [
    {
      "square": "e6",
      "type": "p",
      "color": "b"
    },
    {
      "square": "g6",
      "type": "k",
      "color": "b"
    },
    {
      "square": "a5",
      "type": "p",
      "color": "b"
    },
    {
      "square": "a4",
      "type": "p",
      "color": "w"
    },
    {
      "square": "e4",
      "type": "p",
      "color": "w"
    },
    {
      "square": "f4",
      "type": "p",
      "color": "b"
    },
    {
      "square": "g4",
      "type": "k",
      "color": "w"
    }
  ],
  "nextTurn": "w"
}