{
  "event": "Legends of Chess",
  "site": "chess24.com INT",
  "date": "2020.07.21",
  "eventDate": "2020.07.21",
  "dateMillis": 1595260800000,
  "eventDateMillis": 1595260800000,
  "round": "1.2",
  "result": "0-1",
  "white": "Ding Liren",
  "black": "Boris Gelfand",
  "isDingWin": false,
  "isDraw": false,
  "isDingBlack": false,
  "moves": [
    "Kf4",
    "Rh3",
    "Rc3",
    "Kxa2",
    "g4"
  ],
  "statePieceCount": 7,
  "endPieceCount": 6,
  "boardState": [
    {
      "square": "c5",
      "type": "r",
      "color": "b"
    },
    {
      "square": "g5",
      "type": "p",
      "color": "b"
    },
    {
      "square": "e3",
      "type": "k",
      "color": "b"
    },
    {
      "square": "f3",
      "type": "p",
      "color": "w"
    },
    {
      "square": "g3",
      "type": "r",
      "color": "w"
    },
    {
      "square": "a2",
      "type": "p",
      "color": "b"
    },
    {
      "square": "a1",
      "type": "k",
      "color": "w"
    }
  ]
}