{
  "event": "Goldmoney Asian Rapid",
  "site": "chess24.com INT",
  "date": "2021.07.01",
  "eventDate": "2021.06.26",
  "dateMillis": 1625068800000,
  "eventDateMillis": 1624636800000,
  "round": "2.11",
  "result": "1/2-1/2",
  "white": "Vladislav Artemiev",
  "black": "Ding Liren",
  "isDingWin": false,
  "isDraw": true,
  "isDingBlack": true,
  "moves": [
    "Ra6+",
    "Kf7",
    "Ra8",
    "Re7",
    "Rb8",
    "Re1",
    "Rb7+",
    "Kf8",
    "Rb8+",
    "Kf7",
    "Rb7+",
    "Re7",
    "Rb8",
    "Ra7",
    "Rc8",
    "f6",
    "gxf6",
    "gxf6",
    "Rb8",
    "Re7",
    "Ra8",
    "Re1",
    "Ra7+",
    "Re7",
    "Ra8",
    "Re8",
    "Ra7+",
    "Ke6",
    "Ra6+",
    "Kf5",
    "Ra5+",
    "Ke6",
    "Ra6+",
    "Kf7",
    "Ra7+",
    "Re7",
    "Ra8"
  ],
  "statePieceCount": 7,
  "endPieceCount": 5,
  "boardState": [
    {
      "square": "d7",
      "type": "r",
      "color": "w"
    },
    {
      "square": "g7",
      "type": "p",
      "color": "b"
    },
    {
      "square": "h7",
      "type": "k",
      "color": "b"
    },
    {
      "square": "e6",
      "type": "k",
      "color": "w"
    },
    {
      "square": "f5",
      "type": "p",
      "color": "w"
    },
    {
      "square": "g5",
      "type": "p",
      "color": "w"
    },
    {
      "square": "a1",
      "type": "r",
      "color": "b"
    }
  ],
  "nextTurn": "b"
}