{
  "event": "Goldmoney Asian Rapid",
  "site": "chess24.com INT",
  "date": "2021.06.29",
  "eventDate": "2021.06.26",
  "dateMillis": 1624896000000,
  "eventDateMillis": 1624636800000,
  "round": "1.12",
  "result": "1/2-1/2",
  "white": "Ding Liren",
  "black": "Jan-Krzysztof Duda",
  "isDingWin": false,
  "isDraw": true,
  "isDingBlack": false,
  "moves": [
    "Kf7",
    "Rh6",
    "c5",
    "Kf4",
    "c4",
    "Ke5",
    "c3",
    "Rf6+",
    "Ke7",
    "Rf3",
    "Rc1",
    "Kf4",
    "Kd6",
    "Kf5",
    "c2",
    "Rf2",
    "Rg1",
    "e5+",
    "Ke7",
    "Rxc2",
    "Rxg3",
    "Rc7+",
    "Kf8",
    "Kf6",
    "Rf3+",
    "Ke6",
    "Re3",
    "Rf7+",
    "Ke8",
    "Ra7",
    "Kf8",
    "Ra8+",
    "Kg7",
    "Re8",
    "Re1",
    "Kd7",
    "Rd1+",
    "Ke7",
    "Ra1",
    "Rd8",
    "Ra7+",
    "Ke8",
    "Ra6",
    "Rd7+",
    "Kg8",
    "Rd6",
    "Ra8+",
    "Ke7",
    "Kg7",
    "e6",
    "Kg6",
    "Rd8",
    "Ra7+",
    "Rd7",
    "Ra8",
    "Rc7",
    "Kg7",
    "Rd7",
    "Kg6",
    "Rb7",
    "Kg7",
    "Rc7",
    "Kg6",
    "Rc1",
    "Ra7+",
    "Kd6",
    "Ra6+",
    "Kd7",
    "Ra7+",
    "Rc7",
    "Ra8",
    "Rc8",
    "Ra7+",
    "Kd6",
    "Ra6+",
    "Ke7",
    "Ra7+",
    "Kd6",
    "Ra6+",
    "Kd7",
    "Ra7+",
    "Rc7",
    "Ra8",
    "Ke7",
    "Kg7",
    "Rc6",
    "Kg6",
    "Rd6",
    "Kg7",
    "Rd1",
    "Ra7+",
    "Rd7",
    "Ra8",
    "Rb7",
    "Kg6",
    "Rc7"
  ],
  "statePieceCount": 7,
  "endPieceCount": 5,
  "boardState": [
    {
      "square": "g8",
      "type": "k",
      "color": "b"
    },
    {
      "square": "c6",
      "type": "p",
      "color": "b"
    },
    {
      "square": "g6",
      "type": "r",
      "color": "w"
    },
    {
      "square": "e4",
      "type": "p",
      "color": "w"
    },
    {
      "square": "f3",
      "type": "k",
      "color": "w"
    },
    {
      "square": "g3",
      "type": "p",
      "color": "w"
    },
    {
      "square": "c2",
      "type": "r",
      "color": "b"
    }
  ],
  "nextTurn": "b"
}