{
  "event": "Charity Cup",
  "site": "Chess24",
  "date": "2022.03.23",
  "eventDate": "2022.03.19",
  "dateMillis": 1647964800000,
  "eventDateMillis": 1647619200000,
  "round": "1.13",
  "result": "1-0",
  "white": "Ding Liren",
  "black": "Van Foreest, Jorden",
  "isDingWin": true,
  "isDraw": false,
  "isDingBlack": false,
  "moves": [
    "Nd7",
    "Nf4",
    "Nf6+",
    "Ke5",
    "Nd7+",
    "Kf5",
    "Kd6",
    "Ke4",
    "Kc5",
    "Ne6+",
    "Kc4",
    "Nxd4",
    "Nf6+",
    "Kf5",
    "Nd5",
    "Ke5",
    "Nb4",
    "Nf5",
    "Nd3+",
    "Kf6",
    "Nf4",
    "h4"
  ],
  "statePieceCount": 7,
  "endPieceCount": 6,
  "boardState": [
    {
      "square": "b8",
      "type": "n",
      "color": "b"
    },
    {
      "square": "g6",
      "type": "n",
      "color": "w"
    },
    {
      "square": "c5",
      "type": "k",
      "color": "b"
    },
    {
      "square": "d4",
      "type": "p",
      "color": "b"
    },
    {
      "square": "e4",
      "type": "k",
      "color": "w"
    },
    {
      "square": "h3",
      "type": "p",
      "color": "w"
    },
    {
      "square": "g2",
      "type": "p",
      "color": "w"
    }
  ],
  "nextTurn": "b"
}