{
  "event": "World Rapid Championship",
  "site": "Riyadh KSA",
  "date": "2017.12.28",
  "eventDate": "2017.12.26",
  "dateMillis": 1514390400000,
  "eventDateMillis": 1514217600000,
  "round": "12.1",
  "result": "0-1",
  "white": "Vladimir Fedoseev",
  "black": "Magnus Carlsen",
  "isCarlsenWin": true,
  "isDraw": false,
  "isCarlsenBlack": true,
  "moves": [
    "fxg5",
    "Nf3",
    "Bd5",
    "Nd4+",
    "Kf6",
    "Nf3",
    "Bb7",
    "Kf2",
    "Kf5",
    "g3",
    "hxg3+",
    "Kxg3",
    "Bc8",
    "Nd2",
    "Bb7",
    "Nf3",
    "Bd5",
    "Nd2",
    "Bf7",
    "Nf3",
    "Be8",
    "Nd2",
    "Bf7",
    "Nf3",
    "Bh5",
    "Nd4+",
    "Ke5",
    "Nf3+",
    "Kd5",
    "Nxg5",
    "Kc4",
    "Ne4",
    "Kxb4",
    "Kf4",
    "a5",
    "Nd2",
    "a4",
    "Ke4",
    "Kc5",
    "Ke3",
    "b4",
    "Ne4+",
    "Kd5",
    "Nd2",
    "Bg6",
    "Ke2",
    "a3",
    "bxa3",
    "bxa3",
    "Kd1",
    "a2",
    "Nb3",
    "Kc4",
    "Na1",
    "Kc3",
    "Kc1",
    "Bf5",
    "h4",
    "Bg6",
    "h5",
    "Bxh5",
    "Nc2",
    "Be8",
    "Na1",
    "Ba4",
    "Nc2",
    "Kb3"
  ],
  "statePieceCount": 13,
  "endPieceCount": 5,
  "boardState": [
    {
      "square": "a6",
      "type": "p",
      "color": "b"
    },
    {
      "square": "f6",
      "type": "p",
      "color": "b"
    },
    {
      "square": "b5",
      "type": "p",
      "color": "b"
    },
    {
      "square": "f5",
      "type": "k",
      "color": "b"
    },
    {
      "square": "g5",
      "type": "p",
      "color": "w"
    },
    {
      "square": "b4",
      "type": "p",
      "color": "w"
    },
    {
      "square": "c4",
      "type": "b",
      "color": "b"
    },
    {
      "square": "h4",
      "type": "p",
      "color": "b"
    },
    {
      "square": "e3",
      "type": "k",
      "color": "w"
    },
    {
      "square": "h3",
      "type": "p",
      "color": "w"
    },
    {
      "square": "b2",
      "type": "p",
      "color": "w"
    },
    {
      "square": "g2",
      "type": "p",
      "color": "w"
    },
    {
      "square": "e1",
      "type": "n",
      "color": "w"
    }
  ],
  "nextTurn": "b"
}