{
  "event": "World Rapid Championship",
  "site": "Riyadh KSA",
  "date": "2017.12.28",
  "eventDate": "2017.12.26",
  "dateMillis": 1514390400000,
  "eventDateMillis": 1514217600000,
  "round": "14.1",
  "result": "1/2-1/2",
  "white": "Vladislav Artemiev",
  "black": "Magnus Carlsen",
  "isCarlsenWin": false,
  "isDraw": true,
  "isCarlsenBlack": true,
  "moves": [
    "Re1+",
    "Kh2",
    "Bxa3",
    "Nd5",
    "Re6",
    "Rxe6",
    "fxe6",
    "Nf6+",
    "Kf7",
    "Ne4",
    "g4",
    "Kg1",
    "Kg6",
    "Kf1",
    "Kf5",
    "Nd2",
    "h5",
    "Ke2",
    "Bc5",
    "f3",
    "Ke5"
  ],
  "statePieceCount": 13,
  "endPieceCount": 10,
  "boardState": [
    {
      "square": "e8",
      "type": "r",
      "color": "b"
    },
    {
      "square": "f8",
      "type": "b",
      "color": "b"
    },
    {
      "square": "g8",
      "type": "k",
      "color": "b"
    },
    {
      "square": "f7",
      "type": "p",
      "color": "b"
    },
    {
      "square": "b6",
      "type": "n",
      "color": "w"
    },
    {
      "square": "c6",
      "type": "r",
      "color": "w"
    },
    {
      "square": "h6",
      "type": "p",
      "color": "b"
    },
    {
      "square": "g5",
      "type": "p",
      "color": "b"
    },
    {
      "square": "a3",
      "type": "r",
      "color": "w"
    },
    {
      "square": "g3",
      "type": "p",
      "color": "w"
    },
    {
      "square": "f2",
      "type": "p",
      "color": "w"
    },
    {
      "square": "g2",
      "type": "p",
      "color": "w"
    },
    {
      "square": "g1",
      "type": "k",
      "color": "w"
    }
  ],
  "nextTurn": "b"
}