{
  "event": "World Blitz Championship",
  "site": "Riyadh KSA",
  "date": "2017.12.29",
  "eventDate": "2017.12.29",
  "dateMillis": 1514476800000,
  "eventDateMillis": 1514476800000,
  "round": "10.1",
  "result": "0-1",
  "white": "Hrant Melkumyan",
  "black": "Magnus Carlsen",
  "isDingWin": true,
  "isDraw": false,
  "isDingBlack": true,
  "moves": [
    "Ra5",
    "Bxg5",
    "d5",
    "Be3+",
    "Kf1",
    "Ra2",
    "d6",
    "a3",
    "Ra8+",
    "Kd7",
    "Ra6",
    "Rf2+",
    "Ke1",
    "a2",
    "Ra3",
    "Bc5",
    "Ra5",
    "Bb4+",
    "Kxf2",
    "Bxa5",
    "Ke2",
    "Bb4",
    "Kd3",
    "Bxd6",
    "Ba1",
    "Ke6",
    "Kc2",
    "Be5",
    "Bxe5",
    "Kxe5",
    "Kb2",
    "Kf4"
  ],
  "statePieceCount": 13,
  "endPieceCount": 7,
  "boardState": [
    {
      "square": "c8",
      "type": "k",
      "color": "b"
    },
    {
      "square": "e7",
      "type": "b",
      "color": "b"
    },
    {
      "square": "h7",
      "type": "p",
      "color": "b"
    },
    {
      "square": "d5",
      "type": "r",
      "color": "w"
    },
    {
      "square": "e5",
      "type": "b",
      "color": "w"
    },
    {
      "square": "f5",
      "type": "p",
      "color": "b"
    },
    {
      "square": "g5",
      "type": "p",
      "color": "w"
    },
    {
      "square": "a4",
      "type": "p",
      "color": "b"
    },
    {
      "square": "d4",
      "type": "p",
      "color": "w"
    },
    {
      "square": "a3",
      "type": "r",
      "color": "b"
    },
    {
      "square": "h3",
      "type": "p",
      "color": "w"
    },
    {
      "square": "g2",
      "type": "p",
      "color": "w"
    },
    {
      "square": "g1",
      "type": "k",
      "color": "w"
    }
  ]
}