{
  "event": "Chess.com Speed Chess Championship 2017/18",
  "site": "chess.com INT",
  "date": "2018.01.03",
  "eventDate": "2017.05.03",
  "dateMillis": 1514908800000,
  "eventDateMillis": 1493740800000,
  "round": "4.16",
  "result": "1/2-1/2",
  "white": "Magnus Carlsen",
  "black": "Hikaru Nakamura",
  "isCarlsenWin": false,
  "isDraw": true,
  "isCarlsenBlack": false,
  "moves": [
    "Ke6",
    "Ka3",
    "f4",
    "Kb4",
    "Nb7",
    "b6",
    "Kf5",
    "Bh4",
    "g5",
    "Be1",
    "Ke6",
    "Kb5",
    "e4",
    "Kc6",
    "Na5+",
    "Kb5",
    "Nb7",
    "b4",
    "Kd7",
    "Ka6",
    "Kc8",
    "Ka7",
    "Nd6",
    "c4",
    "dxc4",
    "fxe4",
    "g4",
    "e5",
    "Nb5+",
    "Ka8",
    "Nc7+",
    "bxc7",
    "f3",
    "gxf3",
    "gxf3",
    "b5",
    "Kxc7",
    "Ka7",
    "c3",
    "b6+",
    "Kd7",
    "b7",
    "c2",
    "b8=Q",
    "c1=Q",
    "Qd6+",
    "Ke8",
    "Qe6+",
    "Kf8",
    "Bb4+",
    "Kg7",
    "Qf6+",
    "Kh7",
    "Qe7+",
    "Kg6",
    "Bc5",
    "Kf5",
    "e6",
    "Qa1+",
    "Kb7",
    "Qb2+",
    "Kc8",
    "Qc3",
    "Kd7",
    "Qd3+",
    "Ke8",
    "Qd5",
    "Kf7",
    "Qe5",
    "Bd6",
    "Qh8",
    "Bg3",
    "Qh7+",
    "Ke8",
    "Qg8+",
    "Qf8+",
    "Qxf8+",
    "Kxf8",
    "Kxe6",
    "Bf2",
    "Kd7",
    "Kf7",
    "Kc6"
  ],
  "statePieceCount": 13,
  "endPieceCount": 4,
  "boardState": [
    {
      "square": "f7",
      "type": "k",
      "color": "b"
    },
    {
      "square": "g6",
      "type": "p",
      "color": "b"
    },
    {
      "square": "a5",
      "type": "n",
      "color": "b"
    },
    {
      "square": "b5",
      "type": "p",
      "color": "w"
    },
    {
      "square": "d5",
      "type": "p",
      "color": "b"
    },
    {
      "square": "e5",
      "type": "p",
      "color": "b"
    },
    {
      "square": "f5",
      "type": "p",
      "color": "b"
    },
    {
      "square": "g5",
      "type": "b",
      "color": "w"
    },
    {
      "square": "b3",
      "type": "p",
      "color": "w"
    },
    {
      "square": "c3",
      "type": "p",
      "color": "w"
    },
    {
      "square": "f3",
      "type": "p",
      "color": "w"
    },
    {
      "square": "b2",
      "type": "k",
      "color": "w"
    },
    {
      "square": "g2",
      "type": "p",
      "color": "w"
    }
  ],
  "nextTurn": "b"
}