{
  "event": "Tata Steel Masters",
  "site": "Wijk aan Zee NED",
  "date": "2018.01.15",
  "eventDate": "2018.01.12",
  "dateMillis": 1515945600000,
  "eventDateMillis": 1515686400000,
  "round": "3",
  "result": "1/2-1/2",
  "white": "Magnus Carlsen",
  "black": "Wei Yi",
  "isCarlsenWin": false,
  "isDraw": true,
  "isCarlsenBlack": false,
  "moves": [
    "hxg4",
    "Rc5",
    "g5",
    "Rb5",
    "Kh3",
    "Rc5",
    "Ne7",
    "Rc2",
    "Kg2",
    "Rc7",
    "Rg8+",
    "Kh7",
    "Re8",
    "Rc5",
    "Rc8",
    "Rb5",
    "Rf8",
    "Kg7",
    "Rg8+",
    "Kh7",
    "Rf8",
    "Kg7",
    "Rg8+",
    "Kh7"
  ],
  "statePieceCount": 13,
  "endPieceCount": 12,
  "boardState": [
    {
      "square": "d8",
      "type": "r",
      "color": "w"
    },
    {
      "square": "f7",
      "type": "p",
      "color": "b"
    },
    {
      "square": "g7",
      "type": "k",
      "color": "b"
    },
    {
      "square": "g6",
      "type": "p",
      "color": "b"
    },
    {
      "square": "d5",
      "type": "n",
      "color": "w"
    },
    {
      "square": "e5",
      "type": "b",
      "color": "b"
    },
    {
      "square": "c4",
      "type": "r",
      "color": "b"
    },
    {
      "square": "e4",
      "type": "p",
      "color": "b"
    },
    {
      "square": "g4",
      "type": "p",
      "color": "b"
    },
    {
      "square": "e3",
      "type": "p",
      "color": "w"
    },
    {
      "square": "h3",
      "type": "p",
      "color": "w"
    },
    {
      "square": "f2",
      "type": "p",
      "color": "w"
    },
    {
      "square": "g2",
      "type": "k",
      "color": "w"
    }
  ],
  "nextTurn": "w"
}