{
  "event": "GRENKE Chess Classic",
  "site": "Baden-Baden GER",
  "date": "2018.04.08",
  "eventDate": "2018.03.31",
  "dateMillis": 1523116800000,
  "eventDateMillis": 1522425600000,
  "round": "8",
  "result": "1/2-1/2",
  "white": "Magnus Carlsen",
  "black": "Nikita Vitiugov",
  "isDingWin": false,
  "isDraw": true,
  "isDingBlack": false,
  "moves": [
    "Bxg7",
    "Bc5",
    "Kd7",
    "Be3"
  ],
  "statePieceCount": 13,
  "endPieceCount": 12,
  "boardState": [
    {
      "square": "c7",
      "type": "p",
      "color": "b"
    },
    {
      "square": "g7",
      "type": "r",
      "color": "w"
    },
    {
      "square": "e6",
      "type": "k",
      "color": "b"
    },
    {
      "square": "f6",
      "type": "b",
      "color": "b"
    },
    {
      "square": "e5",
      "type": "p",
      "color": "b"
    },
    {
      "square": "c4",
      "type": "p",
      "color": "b"
    },
    {
      "square": "e4",
      "type": "p",
      "color": "w"
    },
    {
      "square": "g4",
      "type": "p",
      "color": "b"
    },
    {
      "square": "a3",
      "type": "b",
      "color": "w"
    },
    {
      "square": "c3",
      "type": "p",
      "color": "w"
    },
    {
      "square": "g3",
      "type": "p",
      "color": "w"
    },
    {
      "square": "b2",
      "type": "p",
      "color": "w"
    },
    {
      "square": "d2",
      "type": "k",
      "color": "w"
    }
  ]
}