{
  "event": "Biel",
  "site": "Biel SUI",
  "date": "2018.07.25",
  "eventDate": "2018.07.22",
  "dateMillis": 1532448000000,
  "eventDateMillis": 1532188800000,
  "round": "4.1",
  "result": "1/2-1/2",
  "white": "Nico Georgiadis",
  "black": "Magnus Carlsen",
  "isCarlsenWin": false,
  "isDraw": true,
  "isCarlsenBlack": true,
  "moves": [
    "Rh6",
    "Kc1",
    "Rh3",
    "Rd2",
    "Rxf3",
    "Bd4+",
    "Ke4",
    "Kb2",
    "Rd3",
    "Rxd3",
    "Kxd3",
    "Bxb6",
    "Ba4",
    "Ba7",
    "f3",
    "Bg1",
    "Kd2",
    "Ba7",
    "Bd1",
    "Bc5",
    "Ba4",
    "Ba7",
    "Ke2",
    "c4",
    "d4",
    "Bxd4",
    "Kd3",
    "Ba7",
    "Kxc4"
  ],
  "statePieceCount": 13,
  "endPieceCount": 7,
  "boardState": [
    {
      "square": "b6",
      "type": "p",
      "color": "b"
    },
    {
      "square": "c6",
      "type": "r",
      "color": "b"
    },
    {
      "square": "b5",
      "type": "b",
      "color": "b"
    },
    {
      "square": "d5",
      "type": "p",
      "color": "b"
    },
    {
      "square": "e5",
      "type": "k",
      "color": "b"
    },
    {
      "square": "b4",
      "type": "p",
      "color": "w"
    },
    {
      "square": "d4",
      "type": "r",
      "color": "w"
    },
    {
      "square": "f4",
      "type": "p",
      "color": "b"
    },
    {
      "square": "a3",
      "type": "p",
      "color": "w"
    },
    {
      "square": "c3",
      "type": "p",
      "color": "w"
    },
    {
      "square": "f3",
      "type": "p",
      "color": "w"
    },
    {
      "square": "d2",
      "type": "k",
      "color": "w"
    },
    {
      "square": "f2",
      "type": "b",
      "color": "w"
    }
  ],
  "nextTurn": "b"
}