{
  "event": "Biel",
  "site": "Biel SUI",
  "date": "2018.07.31",
  "eventDate": "2018.07.22",
  "dateMillis": 1532966400000,
  "eventDateMillis": 1532188800000,
  "round": "9",
  "result": "1-0",
  "white": "Shakhriyar Mamedyarov",
  "black": "Magnus Carlsen",
  "isDingWin": false,
  "isDraw": false,
  "isDingBlack": true,
  "moves": [
    "Rxd7",
    "Ra5",
    "Bc6",
    "Ba3",
    "Rf7",
    "Re5",
    "Kh4",
    "Bc1",
    "e7"
  ],
  "statePieceCount": 13,
  "endPieceCount": 12,
  "boardState": [
    {
      "square": "b7",
      "type": "r",
      "color": "w"
    },
    {
      "square": "d7",
      "type": "r",
      "color": "b"
    },
    {
      "square": "e7",
      "type": "b",
      "color": "b"
    },
    {
      "square": "h7",
      "type": "p",
      "color": "b"
    },
    {
      "square": "e6",
      "type": "p",
      "color": "w"
    },
    {
      "square": "f6",
      "type": "p",
      "color": "b"
    },
    {
      "square": "h6",
      "type": "k",
      "color": "b"
    },
    {
      "square": "c5",
      "type": "r",
      "color": "b"
    },
    {
      "square": "d5",
      "type": "b",
      "color": "w"
    },
    {
      "square": "f5",
      "type": "p",
      "color": "w"
    },
    {
      "square": "h5",
      "type": "p",
      "color": "b"
    },
    {
      "square": "g3",
      "type": "p",
      "color": "w"
    },
    {
      "square": "h3",
      "type": "k",
      "color": "w"
    }
  ]
}