{
  "event": "European Club Cup",
  "site": "Porto Carras GRE",
  "date": "2018.10.13",
  "eventDate": "2018.10.12",
  "dateMillis": 1539360000000,
  "eventDateMillis": 1539273600000,
  "round": "2.9",
  "result": "1-0",
  "white": "Magnus Carlsen",
  "black": "Vladimir Potkin",
  "isCarlsenWin": true,
  "isDraw": false,
  "isCarlsenBlack": false,
  "moves": [
    "Rd1+",
    "Kf2",
    "Ra1",
    "Rb5",
    "Ra2+",
    "Kf3",
    "g6",
    "c5",
    "Kg7",
    "Ke4",
    "Rxg2",
    "Rxb7",
    "g5",
    "c6",
    "g4",
    "c7",
    "Rc2",
    "Kd3",
    "Rc1",
    "Kd2",
    "Rc6",
    "a6",
    "gxh3",
    "a7",
    "h2",
    "Rb1"
  ],
  "statePieceCount": 13,
  "endPieceCount": 10,
  "boardState": [
    {
      "square": "d8",
      "type": "r",
      "color": "b"
    },
    {
      "square": "g8",
      "type": "k",
      "color": "b"
    },
    {
      "square": "b7",
      "type": "p",
      "color": "b"
    },
    {
      "square": "f7",
      "type": "p",
      "color": "b"
    },
    {
      "square": "g7",
      "type": "p",
      "color": "b"
    },
    {
      "square": "a5",
      "type": "p",
      "color": "w"
    },
    {
      "square": "b4",
      "type": "r",
      "color": "w"
    },
    {
      "square": "c4",
      "type": "p",
      "color": "w"
    },
    {
      "square": "h4",
      "type": "p",
      "color": "b"
    },
    {
      "square": "e3",
      "type": "p",
      "color": "w"
    },
    {
      "square": "h3",
      "type": "p",
      "color": "w"
    },
    {
      "square": "g2",
      "type": "p",
      "color": "w"
    },
    {
      "square": "g1",
      "type": "k",
      "color": "w"
    }
  ],
  "nextTurn": "b"
}