{
  "event": "European Club Cup",
  "site": "Porto Carras GRE",
  "date": "2018.10.17",
  "eventDate": "2018.10.12",
  "dateMillis": 1539705600000,
  "eventDateMillis": 1539273600000,
  "round": "6.2",
  "result": "1/2-1/2",
  "white": "Magnus Carlsen",
  "black": "Ding Liren",
  "isCarlsenWin": false,
  "isDraw": true,
  "isCarlsenBlack": false,
  "moves": [
    "Bf1",
    "Kg7",
    "a4",
    "Ng6",
    "Rc5",
    "d3",
    "a5",
    "dxc2",
    "Rxc2",
    "Ra4",
    "a6",
    "h5",
    "Rc5",
    "Kf6",
    "Rc6+",
    "Kg7",
    "Rc5",
    "Kf6",
    "Rc6+",
    "Kg7"
  ],
  "statePieceCount": 13,
  "endPieceCount": 11,
  "boardState": [
    {
      "square": "g8",
      "type": "k",
      "color": "b"
    },
    {
      "square": "f7",
      "type": "p",
      "color": "b"
    },
    {
      "square": "h6",
      "type": "p",
      "color": "b"
    },
    {
      "square": "a5",
      "type": "r",
      "color": "w"
    },
    {
      "square": "g5",
      "type": "p",
      "color": "b"
    },
    {
      "square": "d4",
      "type": "p",
      "color": "b"
    },
    {
      "square": "f4",
      "type": "n",
      "color": "b"
    },
    {
      "square": "h4",
      "type": "r",
      "color": "b"
    },
    {
      "square": "d3",
      "type": "b",
      "color": "w"
    },
    {
      "square": "f3",
      "type": "p",
      "color": "w"
    },
    {
      "square": "a2",
      "type": "p",
      "color": "w"
    },
    {
      "square": "c2",
      "type": "p",
      "color": "w"
    },
    {
      "square": "g1",
      "type": "k",
      "color": "w"
    }
  ],
  "nextTurn": "w"
}