{
  "event": "Carlsen - Caruana World Championship Match",
  "site": "London ENG",
  "date": "2018.11.09",
  "eventDate": "2018.11.09",
  "dateMillis": 1541692800000,
  "eventDateMillis": 1541692800000,
  "round": "1",
  "result": "1/2-1/2",
  "white": "Fabiano Caruana",
  "black": "Magnus Carlsen",
  "isCarlsenWin": false,
  "isDraw": true,
  "isCarlsenBlack": true,
  "moves": [
    "Bxe7",
    "Nxe7",
    "h2",
    "Rxh2",
    "Rxe7",
    "Rh6",
    "Kb6",
    "Kc3",
    "Rd7",
    "Rg6",
    "Kc7",
    "Rh6",
    "Rd6",
    "Rh8",
    "Rg6",
    "Ra8",
    "Kb7",
    "Rh8",
    "Rg5",
    "Rh7+",
    "Kb6",
    "Rh6",
    "Rg1",
    "Kc2",
    "Rf1",
    "Rg6",
    "Rh1",
    "Rf6",
    "Rh8",
    "Kc3",
    "Ra8",
    "d4",
    "Rd8",
    "Rh6",
    "Rd7",
    "Rg6",
    "Kc7",
    "Rg5",
    "Rd6",
    "Rg8",
    "Rh6",
    "Ra8",
    "Rh3+",
    "Kc2",
    "Ra3",
    "Kb2",
    "Ra4",
    "Kc3",
    "a6",
    "Rh8",
    "Ra3+",
    "Kb2",
    "Rg3",
    "Kc2",
    "Rg5",
    "Rh6",
    "Rd5",
    "Kc3",
    "Rd6",
    "Rh8",
    "Rg6",
    "Kc2",
    "Kb7",
    "Kc3",
    "Rg3+",
    "Kc2",
    "Rg1",
    "Rh5",
    "Rg2+",
    "Kc3",
    "Rg3+",
    "Kc2",
    "Rg4",
    "Kc3",
    "Kb6",
    "Rh6",
    "Rg5",
    "Rf6",
    "Rh5",
    "Rg6",
    "Rh3+",
    "Kc2",
    "Rh5",
    "Kc3",
    "Rd5",
    "Rh6",
    "Kc7",
    "Rh7+",
    "Rd7",
    "Rh5",
    "Rd6",
    "Rh8",
    "Rg6",
    "Rf8",
    "Rg3+",
    "Kc2",
    "Ra3",
    "Rf7+",
    "Kd6",
    "Ra7",
    "Kd5",
    "Kb2",
    "Rd3",
    "Rxa6",
    "Rxd4",
    "Kb3",
    "Re4",
    "Kc3",
    "Rc4+",
    "Kb3",
    "Kd4",
    "Rb6",
    "Kd3",
    "Ra6",
    "Rc2",
    "Rb6",
    "Rc3+",
    "Kb2",
    "Rc4",
    "Kb3",
    "Kd4",
    "Ra6",
    "Kd5",
    "Ra8"
  ],
  "statePieceCount": 13,
  "endPieceCount": 7,
  "boardState": [
    {
      "square": "e8",
      "type": "r",
      "color": "b"
    },
    {
      "square": "a7",
      "type": "p",
      "color": "b"
    },
    {
      "square": "e7",
      "type": "p",
      "color": "w"
    },
    {
      "square": "a6",
      "type": "k",
      "color": "b"
    },
    {
      "square": "c6",
      "type": "p",
      "color": "b"
    },
    {
      "square": "f6",
      "type": "b",
      "color": "b"
    },
    {
      "square": "b5",
      "type": "p",
      "color": "b"
    },
    {
      "square": "f5",
      "type": "n",
      "color": "w"
    },
    {
      "square": "b4",
      "type": "p",
      "color": "w"
    },
    {
      "square": "d3",
      "type": "p",
      "color": "w"
    },
    {
      "square": "h3",
      "type": "p",
      "color": "b"
    },
    {
      "square": "c2",
      "type": "k",
      "color": "w"
    },
    {
      "square": "e2",
      "type": "r",
      "color": "w"
    }
  ],
  "nextTurn": "b"
}