{
  "event": "Carlsen - Caruana World Championship Match",
  "site": "London ENG",
  "date": "2018.11.10",
  "eventDate": "2018.11.09",
  "dateMillis": 1541779200000,
  "eventDateMillis": 1541692800000,
  "round": "2",
  "result": "1/2-1/2",
  "white": "Magnus Carlsen",
  "black": "Fabiano Caruana",
  "isDingWin": false,
  "isDraw": true,
  "isDingBlack": false,
  "moves": [
    "Rxa7",
    "Kg2",
    "e5",
    "Rb4",
    "f5",
    "Rb6",
    "Ke6",
    "d7+",
    "Kxd7",
    "Rb5",
    "Ke6",
    "Rb6+",
    "Kf7",
    "Rb5",
    "Kf6",
    "Rb6+",
    "Kg5",
    "Rb5",
    "Kf4",
    "Rb4+",
    "e4",
    "fxe4",
    "fxe4",
    "h3",
    "Ra5",
    "Rb7",
    "Rg5+",
    "Kf1",
    "Rg6",
    "Rb4",
    "Rg5",
    "Rb7",
    "Rg6",
    "Rb4"
  ],
  "statePieceCount": 13,
  "endPieceCount": 9,
  "boardState": [
    {
      "square": "a8",
      "type": "r",
      "color": "b"
    },
    {
      "square": "a7",
      "type": "p",
      "color": "w"
    },
    {
      "square": "d7",
      "type": "k",
      "color": "b"
    },
    {
      "square": "f7",
      "type": "p",
      "color": "b"
    },
    {
      "square": "g7",
      "type": "p",
      "color": "b"
    },
    {
      "square": "b6",
      "type": "r",
      "color": "w"
    },
    {
      "square": "d6",
      "type": "p",
      "color": "w"
    },
    {
      "square": "e6",
      "type": "p",
      "color": "b"
    },
    {
      "square": "h6",
      "type": "p",
      "color": "b"
    },
    {
      "square": "f3",
      "type": "p",
      "color": "w"
    },
    {
      "square": "f2",
      "type": "p",
      "color": "w"
    },
    {
      "square": "h2",
      "type": "p",
      "color": "w"
    },
    {
      "square": "g1",
      "type": "k",
      "color": "w"
    }
  ]
}