{
  "event": "Carlsen - Caruana World Championship Match",
  "site": "London ENG",
  "date": "2018.11.24",
  "eventDate": "2018.11.09",
  "dateMillis": 1542988800000,
  "eventDateMillis": 1541692800000,
  "round": "11",
  "result": "1/2-1/2",
  "white": "Magnus Carlsen",
  "black": "Fabiano Caruana",
  "isDingWin": false,
  "isDraw": true,
  "isDingBlack": false,
  "moves": [
    "Bg4",
    "c5",
    "Be6",
    "Bh6",
    "Bd5",
    "Be3",
    "Be6",
    "Ke5",
    "Bd5",
    "Kf4",
    "Be6",
    "Kg5",
    "Bd5",
    "g4",
    "hxg4",
    "Kxg4",
    "Ba2",
    "Kg5",
    "Bb3",
    "Kf6",
    "Ba2",
    "h4",
    "Bb3",
    "f4",
    "Ba2",
    "Ke7",
    "Bb3",
    "Kf6",
    "Ba2",
    "f5",
    "Bb1",
    "Bf2",
    "Bc2"
  ],
  "statePieceCount": 13,
  "endPieceCount": 11,
  "boardState": [
    {
      "square": "f8",
      "type": "b",
      "color": "w"
    },
    {
      "square": "f7",
      "type": "p",
      "color": "b"
    },
    {
      "square": "a6",
      "type": "p",
      "color": "b"
    },
    {
      "square": "c6",
      "type": "k",
      "color": "b"
    },
    {
      "square": "e6",
      "type": "b",
      "color": "b"
    },
    {
      "square": "g6",
      "type": "p",
      "color": "b"
    },
    {
      "square": "h5",
      "type": "p",
      "color": "b"
    },
    {
      "square": "c4",
      "type": "p",
      "color": "w"
    },
    {
      "square": "d4",
      "type": "k",
      "color": "w"
    },
    {
      "square": "a3",
      "type": "p",
      "color": "w"
    },
    {
      "square": "g3",
      "type": "p",
      "color": "w"
    },
    {
      "square": "f2",
      "type": "p",
      "color": "w"
    },
    {
      "square": "h2",
      "type": "p",
      "color": "w"
    }
  ]
}