{
  "event": "World Rapid Championship",
  "site": "St Petersburg RUS",
  "date": "2018.12.28",
  "eventDate": "2018.12.26",
  "dateMillis": 1545926400000,
  "eventDateMillis": 1545753600000,
  "round": "14.1",
  "result": "1-0",
  "white": "Magnus Carlsen",
  "black": "Dmitry Andreikin",
  "isCarlsenWin": true,
  "isDraw": false,
  "isCarlsenBlack": false,
  "moves": [
    "Kxe6",
    "Nf5",
    "Kf6",
    "Ng3",
    "Kg6",
    "b3",
    "Nh6",
    "Ke5",
    "Ng4+",
    "Kd6",
    "Ne3",
    "Kc7",
    "c5",
    "Kxb7",
    "c4",
    "b4",
    "Nd1",
    "Ne2",
    "Kf5",
    "Kc6",
    "Kg4",
    "Kxb5",
    "Kxh4",
    "a4",
    "Kg4",
    "a5",
    "Ne3",
    "a6",
    "Nd5",
    "a7",
    "h4",
    "Kc6",
    "h3",
    "a8=Q"
  ],
  "statePieceCount": 13,
  "endPieceCount": 9,
  "boardState": [
    {
      "square": "b7",
      "type": "p",
      "color": "b"
    },
    {
      "square": "f7",
      "type": "n",
      "color": "b"
    },
    {
      "square": "c6",
      "type": "p",
      "color": "b"
    },
    {
      "square": "e6",
      "type": "b",
      "color": "w"
    },
    {
      "square": "f6",
      "type": "k",
      "color": "b"
    },
    {
      "square": "b5",
      "type": "p",
      "color": "b"
    },
    {
      "square": "h5",
      "type": "p",
      "color": "b"
    },
    {
      "square": "f4",
      "type": "k",
      "color": "w"
    },
    {
      "square": "h4",
      "type": "p",
      "color": "w"
    },
    {
      "square": "a3",
      "type": "p",
      "color": "w"
    },
    {
      "square": "c3",
      "type": "p",
      "color": "w"
    },
    {
      "square": "e3",
      "type": "n",
      "color": "w"
    },
    {
      "square": "b2",
      "type": "p",
      "color": "w"
    }
  ],
  "nextTurn": "b"
}