{
  "event": "World Rapid Championship",
  "site": "St Petersburg RUS",
  "date": "2018.12.28",
  "eventDate": "2018.12.26",
  "dateMillis": 1545926400000,
  "eventDateMillis": 1545753600000,
  "round": "13.1",
  "result": "0-1",
  "white": "Grigoriy Oparin",
  "black": "Magnus Carlsen",
  "isCarlsenWin": true,
  "isDraw": false,
  "isCarlsenBlack": true,
  "moves": [
    "Qd8+",
    "Be8",
    "Qxb6",
    "Bc6",
    "Qd8+",
    "Kf7",
    "Qc7+",
    "Kg6",
    "Qd6+",
    "Kh5"
  ],
  "statePieceCount": 13,
  "endPieceCount": 12,
  "boardState": [
    {
      "square": "g8",
      "type": "k",
      "color": "b"
    },
    {
      "square": "b7",
      "type": "p",
      "color": "b"
    },
    {
      "square": "b6",
      "type": "p",
      "color": "b"
    },
    {
      "square": "h6",
      "type": "p",
      "color": "b"
    },
    {
      "square": "a5",
      "type": "n",
      "color": "b"
    },
    {
      "square": "b5",
      "type": "b",
      "color": "b"
    },
    {
      "square": "g5",
      "type": "p",
      "color": "b"
    },
    {
      "square": "d4",
      "type": "q",
      "color": "w"
    },
    {
      "square": "a3",
      "type": "p",
      "color": "w"
    },
    {
      "square": "g3",
      "type": "p",
      "color": "w"
    },
    {
      "square": "e2",
      "type": "q",
      "color": "b"
    },
    {
      "square": "g2",
      "type": "b",
      "color": "w"
    },
    {
      "square": "h2",
      "type": "k",
      "color": "w"
    }
  ],
  "nextTurn": "w"
}