{
  "event": "World Blitz Championship",
  "site": "St Petersburg RUS",
  "date": "2018.12.29",
  "eventDate": "2018.??.??",
  "dateMillis": 1546012800000,
  "eventDateMillis": null,
  "round": "1.1",
  "result": "1-0",
  "white": "Magnus Carlsen",
  "black": "Ivan Popov",
  "isCarlsenWin": true,
  "isDraw": false,
  "isCarlsenBlack": false,
  "moves": [
    "fxe6",
    "Kh3",
    "Kf7",
    "Kg4",
    "g6",
    "Bf4",
    "g5",
    "Be3",
    "Be7",
    "f4",
    "gxf4",
    "Bxf4",
    "Bf8",
    "Be3",
    "Ke8",
    "Kf3",
    "Kd7",
    "Ke4",
    "Kc6",
    "Kd3",
    "Kb6",
    "Kc3",
    "Bg7",
    "Kb3",
    "Bf8",
    "Ka4",
    "Bg7",
    "Bd2",
    "Ka6",
    "Bc3",
    "Kb6",
    "Ba5+",
    "Kc6",
    "Bc3",
    "Kb6",
    "Kb3",
    "Bf8",
    "Kc2",
    "Bg7",
    "Kd3",
    "Bf8",
    "Ke4",
    "Bg7",
    "Be1",
    "Kc6",
    "Bh4",
    "Kd7",
    "Kf4",
    "Ke8",
    "Bf6",
    "Bxf6",
    "exf6",
    "Kf8",
    "Ke5",
    "Kf7",
    "Kd6",
    "Kxf6",
    "Kxc5",
    "Ke7",
    "Kc6",
    "e5",
    "Kd5",
    "Kf6",
    "c5"
  ],
  "statePieceCount": 13,
  "endPieceCount": 6,
  "boardState": [
    {
      "square": "d8",
      "type": "b",
      "color": "b"
    },
    {
      "square": "g8",
      "type": "k",
      "color": "b"
    },
    {
      "square": "f7",
      "type": "p",
      "color": "b"
    },
    {
      "square": "g7",
      "type": "p",
      "color": "b"
    },
    {
      "square": "e6",
      "type": "p",
      "color": "w"
    },
    {
      "square": "h6",
      "type": "p",
      "color": "b"
    },
    {
      "square": "c5",
      "type": "p",
      "color": "b"
    },
    {
      "square": "e5",
      "type": "p",
      "color": "w"
    },
    {
      "square": "h5",
      "type": "p",
      "color": "w"
    },
    {
      "square": "c4",
      "type": "p",
      "color": "w"
    },
    {
      "square": "g3",
      "type": "b",
      "color": "w"
    },
    {
      "square": "f2",
      "type": "p",
      "color": "w"
    },
    {
      "square": "h2",
      "type": "k",
      "color": "w"
    }
  ],
  "nextTurn": "b"
}