{
  "event": "World Blitz Championship",
  "site": "St Petersburg RUS",
  "date": "2018.12.29",
  "dateMillis": 1546012800000,
  "eventDateMillis": null,
  "round": "3",
  "result": "1-0",
  "white": "Magnus Carlsen",
  "black": "Vitaly Teterev",
  "isDingWin": true,
  "isDraw": false,
  "isDingBlack": false,
  "moves": [
    "Nc2+",
    "Kd2",
    "Nd4",
    "Ne5",
    "Na6",
    "Kd3",
    "Nb3",
    "Kc4",
    "Nd2+",
    "Kb5",
    "Ne4",
    "g6",
    "Nac5",
    "Nxe4",
    "Nxe4",
    "g7",
    "Nf6",
    "Kxa5",
    "Kd5",
    "Kb6",
    "Ke4",
    "Ng6"
  ],
  "statePieceCount": 13,
  "endPieceCount": 10,
  "boardState": [
    {
      "square": "b7",
      "type": "p",
      "color": "b"
    },
    {
      "square": "e6",
      "type": "k",
      "color": "b"
    },
    {
      "square": "g6",
      "type": "n",
      "color": "w"
    },
    {
      "square": "a5",
      "type": "p",
      "color": "b"
    },
    {
      "square": "c5",
      "type": "n",
      "color": "b"
    },
    {
      "square": "f5",
      "type": "p",
      "color": "b"
    },
    {
      "square": "g5",
      "type": "p",
      "color": "w"
    },
    {
      "square": "a4",
      "type": "p",
      "color": "w"
    },
    {
      "square": "f4",
      "type": "p",
      "color": "w"
    },
    {
      "square": "c3",
      "type": "n",
      "color": "w"
    },
    {
      "square": "e3",
      "type": "k",
      "color": "w"
    },
    {
      "square": "b2",
      "type": "p",
      "color": "w"
    },
    {
      "square": "a1",
      "type": "n",
      "color": "b"
    }
  ]
}