{
  "event": "World Blitz Championship",
  "site": "St Petersburg RUS",
  "date": "2018.12.30",
  "eventDate": "2018.12.29",
  "dateMillis": 1546099200000,
  "eventDateMillis": 1546012800000,
  "round": "14.1",
  "result": "0-1",
  "white": "Hao Wang",
  "black": "Magnus Carlsen",
  "isCarlsenWin": true,
  "isDraw": false,
  "isCarlsenBlack": true,
  "moves": [
    "Rd8",
    "Ke2",
    "Rd5",
    "Nb7",
    "Bf8",
    "Rd2",
    "Rb3",
    "Nbc5",
    "Bxc5"
  ],
  "statePieceCount": 13,
  "endPieceCount": 12,
  "boardState": [
    {
      "square": "f8",
      "type": "r",
      "color": "b"
    },
    {
      "square": "g8",
      "type": "k",
      "color": "b"
    },
    {
      "square": "g7",
      "type": "b",
      "color": "b"
    },
    {
      "square": "h6",
      "type": "p",
      "color": "b"
    },
    {
      "square": "a5",
      "type": "n",
      "color": "w"
    },
    {
      "square": "f4",
      "type": "p",
      "color": "b"
    },
    {
      "square": "c3",
      "type": "r",
      "color": "b"
    },
    {
      "square": "d3",
      "type": "n",
      "color": "w"
    },
    {
      "square": "f3",
      "type": "k",
      "color": "w"
    },
    {
      "square": "h3",
      "type": "p",
      "color": "w"
    },
    {
      "square": "f2",
      "type": "p",
      "color": "w"
    },
    {
      "square": "g2",
      "type": "p",
      "color": "w"
    },
    {
      "square": "d1",
      "type": "r",
      "color": "w"
    }
  ],
  "nextTurn": "b"
}