{
  "event": "Gashimov Memorial",
  "site": "Shamkir AZE",
  "date": "2019.04.02",
  "eventDate": "2019.03.31",
  "dateMillis": 1554134400000,
  "eventDateMillis": 1553961600000,
  "round": "3",
  "result": "0-1",
  "white": "David Navara",
  "black": "Magnus Carlsen",
  "isCarlsenWin": true,
  "isDraw": false,
  "isCarlsenBlack": true,
  "moves": [
    "Kg5",
    "Rd8",
    "Rh6",
    "Rg8+",
    "Kf6",
    "Rb8",
    "Rxh2",
    "Rxb6",
    "Kg5",
    "f6",
    "Rf4+",
    "Kg3",
    "Rhf2",
    "Rb5+",
    "Kxf6",
    "Bg4",
    "a4",
    "c4",
    "Kg6",
    "c5",
    "a3",
    "bxa3",
    "h5",
    "Rb4",
    "Rf8",
    "Bd1",
    "Rd2",
    "Bf3",
    "Rd3",
    "Rf4",
    "h4+",
    "Kg4",
    "Rxf4+",
    "Kxf4",
    "Rxa3",
    "c6",
    "Rc3",
    "Bd5",
    "h3",
    "Ke5",
    "Rc5",
    "Kd6",
    "Rxd5+",
    "Kxd5",
    "h2"
  ],
  "statePieceCount": 13,
  "endPieceCount": 4,
  "boardState": [
    {
      "square": "h7",
      "type": "p",
      "color": "b"
    },
    {
      "square": "b6",
      "type": "p",
      "color": "b"
    },
    {
      "square": "d6",
      "type": "r",
      "color": "w"
    },
    {
      "square": "e6",
      "type": "b",
      "color": "w"
    },
    {
      "square": "f6",
      "type": "r",
      "color": "b"
    },
    {
      "square": "h6",
      "type": "k",
      "color": "b"
    },
    {
      "square": "a5",
      "type": "p",
      "color": "b"
    },
    {
      "square": "f5",
      "type": "p",
      "color": "w"
    },
    {
      "square": "a4",
      "type": "r",
      "color": "b"
    },
    {
      "square": "c3",
      "type": "p",
      "color": "w"
    },
    {
      "square": "f3",
      "type": "k",
      "color": "w"
    },
    {
      "square": "b2",
      "type": "p",
      "color": "w"
    },
    {
      "square": "h2",
      "type": "p",
      "color": "w"
    }
  ],
  "nextTurn": "b"
}