{
  "event": "Gashimov Memorial",
  "site": "Shamkir AZE",
  "date": "2019.04.04",
  "eventDate": "2019.03.31",
  "dateMillis": 1554307200000,
  "eventDateMillis": 1553961600000,
  "round": "5",
  "result": "1/2-1/2",
  "white": "Magnus Carlsen",
  "black": "Shakhriyar Mamedyarov",
  "isCarlsenWin": false,
  "isDraw": true,
  "isCarlsenBlack": false,
  "moves": [
    "Qxc5",
    "Qd1",
    "Qc3",
    "Qd5",
    "Kf6",
    "Qd6+",
    "Kg7",
    "Qd5",
    "Kf6",
    "Qd6+",
    "Kg7",
    "Qd5",
    "Kf6"
  ],
  "statePieceCount": 13,
  "endPieceCount": 12,
  "boardState": [
    {
      "square": "f7",
      "type": "p",
      "color": "b"
    },
    {
      "square": "g7",
      "type": "k",
      "color": "b"
    },
    {
      "square": "d6",
      "type": "q",
      "color": "b"
    },
    {
      "square": "c5",
      "type": "p",
      "color": "w"
    },
    {
      "square": "h5",
      "type": "p",
      "color": "b"
    },
    {
      "square": "b4",
      "type": "p",
      "color": "b"
    },
    {
      "square": "e4",
      "type": "p",
      "color": "b"
    },
    {
      "square": "b3",
      "type": "p",
      "color": "w"
    },
    {
      "square": "e3",
      "type": "p",
      "color": "w"
    },
    {
      "square": "g3",
      "type": "p",
      "color": "w"
    },
    {
      "square": "f2",
      "type": "p",
      "color": "w"
    },
    {
      "square": "g2",
      "type": "k",
      "color": "w"
    },
    {
      "square": "e1",
      "type": "q",
      "color": "w"
    }
  ],
  "nextTurn": "b"
}