{
  "event": "Gashimov Memorial",
  "site": "Shamkir AZE",
  "date": "2019.04.03",
  "eventDate": "2019.03.31",
  "dateMillis": 1554220800000,
  "eventDateMillis": 1553961600000,
  "round": "4",
  "result": "1/2-1/2",
  "white": "Veselin Topalov",
  "black": "Magnus Carlsen",
  "isCarlsenWin": false,
  "isDraw": true,
  "isCarlsenBlack": true,
  "moves": [
    "Red2",
    "h4",
    "Ra4",
    "Kg2",
    "Raxd4",
    "Rxd4",
    "Rxd4",
    "Kf3",
    "h5",
    "Kg2",
    "g6",
    "Kf3",
    "Kg7",
    "Kg2",
    "Rd5",
    "Kf3",
    "Rf5+",
    "Kg2",
    "Rd5",
    "Kf3",
    "Rf5+",
    "Kg2",
    "Rd5",
    "Kf3"
  ],
  "statePieceCount": 13,
  "endPieceCount": 10,
  "boardState": [
    {
      "square": "g8",
      "type": "k",
      "color": "b"
    },
    {
      "square": "f7",
      "type": "p",
      "color": "b"
    },
    {
      "square": "g7",
      "type": "p",
      "color": "b"
    },
    {
      "square": "h6",
      "type": "p",
      "color": "b"
    },
    {
      "square": "d5",
      "type": "r",
      "color": "w"
    },
    {
      "square": "d4",
      "type": "p",
      "color": "w"
    },
    {
      "square": "g3",
      "type": "p",
      "color": "w"
    },
    {
      "square": "a2",
      "type": "r",
      "color": "b"
    },
    {
      "square": "e2",
      "type": "r",
      "color": "b"
    },
    {
      "square": "f2",
      "type": "p",
      "color": "w"
    },
    {
      "square": "h2",
      "type": "p",
      "color": "w"
    },
    {
      "square": "f1",
      "type": "r",
      "color": "w"
    },
    {
      "square": "g1",
      "type": "k",
      "color": "w"
    }
  ],
  "nextTurn": "b"
}