{
  "event": "Lindores Abbey Stars",
  "site": "Newburgh SCO",
  "date": "2019.05.26",
  "eventDate": "2019.05.25",
  "dateMillis": 1558800000000,
  "eventDateMillis": 1558713600000,
  "round": "5.2",
  "result": "1/2-1/2",
  "white": "Magnus Carlsen",
  "black": "Sergey Karjakin",
  "isDingWin": false,
  "isDraw": true,
  "isDingBlack": false,
  "moves": [
    "gxh5",
    "Ng3",
    "e5",
    "Ne4",
    "Qc4",
    "Ng5",
    "Kb8",
    "Be4",
    "Qe2",
    "Bf5",
    "e4",
    "Nxe4",
    "Qc4",
    "Ng3",
    "Qxc6+",
    "Be4",
    "Qf6",
    "Nxh5",
    "Qxh4",
    "Ng3"
  ],
  "statePieceCount": 13,
  "endPieceCount": 8,
  "boardState": [
    {
      "square": "b7",
      "type": "p",
      "color": "w"
    },
    {
      "square": "c7",
      "type": "k",
      "color": "b"
    },
    {
      "square": "e7",
      "type": "p",
      "color": "b"
    },
    {
      "square": "c6",
      "type": "p",
      "color": "w"
    },
    {
      "square": "e6",
      "type": "p",
      "color": "b"
    },
    {
      "square": "g6",
      "type": "p",
      "color": "b"
    },
    {
      "square": "h5",
      "type": "p",
      "color": "w"
    },
    {
      "square": "d4",
      "type": "q",
      "color": "b"
    },
    {
      "square": "h4",
      "type": "p",
      "color": "w"
    },
    {
      "square": "f3",
      "type": "b",
      "color": "w"
    },
    {
      "square": "f2",
      "type": "p",
      "color": "w"
    },
    {
      "square": "g2",
      "type": "k",
      "color": "w"
    },
    {
      "square": "f1",
      "type": "n",
      "color": "w"
    }
  ]
}