{
  "event": "GCT St. Louis Rapid & Blitz",
  "site": "St Louis, MO USA",
  "date": "2019.08.14",
  "eventDate": "2019.08.13",
  "dateMillis": 1565712000000,
  "eventDateMillis": 1565625600000,
  "round": "12.4",
  "result": "0-1",
  "white": "Shakhriyar Mamedyarov",
  "black": "Magnus Carlsen",
  "isDingWin": true,
  "isDraw": false,
  "isDingBlack": true,
  "moves": [
    "bxc5",
    "Rh5",
    "Rc2",
    "Rg5+",
    "Kf1",
    "Rb5",
    "c6",
    "bxc6",
    "Rxc6",
    "Rgf5",
    "Rxf5",
    "Rxf5+",
    "Ke2",
    "Kf7",
    "Kd3",
    "Rb5",
    "Rc7+",
    "Kg6",
    "Rc8",
    "Bd6",
    "Rc6",
    "Be5",
    "Bc5",
    "Kf5",
    "Be3"
  ],
  "statePieceCount": 13,
  "endPieceCount": 8,
  "boardState": [
    {
      "square": "f8",
      "type": "b",
      "color": "b"
    },
    {
      "square": "g8",
      "type": "k",
      "color": "b"
    },
    {
      "square": "b7",
      "type": "p",
      "color": "b"
    },
    {
      "square": "g7",
      "type": "p",
      "color": "b"
    },
    {
      "square": "f6",
      "type": "p",
      "color": "b"
    },
    {
      "square": "h6",
      "type": "r",
      "color": "b"
    },
    {
      "square": "c5",
      "type": "p",
      "color": "b"
    },
    {
      "square": "b4",
      "type": "p",
      "color": "w"
    },
    {
      "square": "d4",
      "type": "b",
      "color": "w"
    },
    {
      "square": "f4",
      "type": "r",
      "color": "w"
    },
    {
      "square": "b3",
      "type": "r",
      "color": "b"
    },
    {
      "square": "f2",
      "type": "r",
      "color": "w"
    },
    {
      "square": "g2",
      "type": "k",
      "color": "w"
    }
  ]
}