{
  "event": "Isle of Man Grand Swiss",
  "site": "Douglas IMN",
  "date": "2019.10.11",
  "eventDate": "2019.10.10",
  "dateMillis": 1570723200000,
  "eventDateMillis": 1570636800000,
  "round": "2",
  "result": "1/2-1/2",
  "white": "Alexey Sarana",
  "black": "Magnus Carlsen",
  "isCarlsenWin": false,
  "isDraw": true,
  "isCarlsenBlack": true,
  "moves": [
    "Rxa2",
    "Rd8+",
    "Bf8",
    "Nf6+",
    "Kg7",
    "Nh5+",
    "Kg8",
    "g4",
    "a5",
    "g5",
    "a4",
    "h4",
    "Rb2",
    "Nf6+",
    "Kg7",
    "h5",
    "Rb5",
    "f4",
    "h6",
    "Ng4",
    "Ba3",
    "Nxh6",
    "Be7",
    "Rd7",
    "Bxg5",
    "Nxf7",
    "Rb2+",
    "Kf3",
    "Bxf4",
    "Ne5+",
    "Kh6",
    "Kxf4",
    "a3",
    "Rd5",
    "Rb4+",
    "Kg3",
    "a2",
    "Ra5",
    "a1=Q",
    "Rxa1",
    "Kxh5",
    "Ra5",
    "Rb1",
    "Kf4",
    "Rf1+",
    "Nf3+"
  ],
  "statePieceCount": 13,
  "endPieceCount": 5,
  "boardState": [
    {
      "square": "g8",
      "type": "k",
      "color": "b"
    },
    {
      "square": "d7",
      "type": "r",
      "color": "w"
    },
    {
      "square": "f7",
      "type": "p",
      "color": "b"
    },
    {
      "square": "g7",
      "type": "b",
      "color": "b"
    },
    {
      "square": "h7",
      "type": "p",
      "color": "b"
    },
    {
      "square": "a6",
      "type": "p",
      "color": "b"
    },
    {
      "square": "e4",
      "type": "n",
      "color": "w"
    },
    {
      "square": "g3",
      "type": "p",
      "color": "w"
    },
    {
      "square": "a2",
      "type": "p",
      "color": "w"
    },
    {
      "square": "c2",
      "type": "r",
      "color": "b"
    },
    {
      "square": "f2",
      "type": "p",
      "color": "w"
    },
    {
      "square": "g2",
      "type": "k",
      "color": "w"
    },
    {
      "square": "h2",
      "type": "p",
      "color": "w"
    }
  ],
  "nextTurn": "b"
}