{
  "event": "Isle of Man Grand Swiss",
  "site": "Douglas IMN",
  "date": "2019.10.17",
  "eventDate": "2019.10.10",
  "dateMillis": 1571241600000,
  "eventDateMillis": 1570636800000,
  "round": "7.3",
  "result": "1/2-1/2",
  "white": "Kirill Alekseenko",
  "black": "Magnus Carlsen",
  "isCarlsenWin": false,
  "isDraw": true,
  "isCarlsenBlack": true,
  "moves": [
    "Rf2",
    "Rc1",
    "Kh7",
    "Re1",
    "Raa2",
    "f5",
    "Rxg2",
    "Rxa6",
    "Rh2+",
    "Kg1",
    "Rag2+",
    "Kf1",
    "Rf2+",
    "Kg1",
    "Rfg2+",
    "Kf1",
    "Rg5",
    "Ra3",
    "Rh1+",
    "Ke2",
    "Rxe1+",
    "Kxe1",
    "Rxf5",
    "e6",
    "Re5+",
    "Kf2",
    "Rxe6",
    "Kg3",
    "g5",
    "Ra8",
    "Rd6",
    "Rb8",
    "Kg7",
    "Ra8",
    "Kf6",
    "Rf8+",
    "Ke5",
    "Re8+",
    "Kf5",
    "Rf8+",
    "Rf6",
    "Ra8",
    "h4+",
    "Kg2",
    "Rb6"
  ],
  "statePieceCount": 13,
  "endPieceCount": 7,
  "boardState": [
    {
      "square": "g8",
      "type": "k",
      "color": "b"
    },
    {
      "square": "g7",
      "type": "p",
      "color": "b"
    },
    {
      "square": "a6",
      "type": "p",
      "color": "b"
    },
    {
      "square": "e6",
      "type": "r",
      "color": "w"
    },
    {
      "square": "a5",
      "type": "r",
      "color": "b"
    },
    {
      "square": "e5",
      "type": "p",
      "color": "w"
    },
    {
      "square": "h5",
      "type": "p",
      "color": "b"
    },
    {
      "square": "f4",
      "type": "p",
      "color": "w"
    },
    {
      "square": "h3",
      "type": "p",
      "color": "w"
    },
    {
      "square": "c2",
      "type": "r",
      "color": "b"
    },
    {
      "square": "g2",
      "type": "p",
      "color": "w"
    },
    {
      "square": "g1",
      "type": "r",
      "color": "w"
    },
    {
      "square": "h1",
      "type": "k",
      "color": "w"
    }
  ],
  "nextTurn": "b"
}