{
  "event": "GCT Kolkata Rapid & Blitz",
  "site": "Kolkata IND",
  "date": "2019.11.25",
  "eventDate": "2019.11.25",
  "dateMillis": 1574611200000,
  "eventDateMillis": 1574611200000,
  "round": "4.3",
  "result": "0-1",
  "white": "Pentala Harikrishna",
  "black": "Magnus Carlsen",
  "isCarlsenWin": true,
  "isDraw": false,
  "isCarlsenBlack": true,
  "moves": [
    "c6",
    "Rc3",
    "Ke2",
    "Ke7",
    "Kd2",
    "Rc5",
    "Kd3",
    "a5",
    "Kd4",
    "Rc1",
    "Kd5",
    "a4",
    "Ra7",
    "Rd1+",
    "Kc5",
    "R8xd7",
    "cxd7",
    "Rxd7",
    "Rxa4",
    "Rd2",
    "Rf4",
    "g5",
    "Rf3",
    "h5",
    "Kc4",
    "Ke6",
    "Kc3",
    "Ra2",
    "Re3+",
    "Kf5",
    "Rf3+",
    "Kg6",
    "Kd4",
    "f5",
    "g3",
    "Re2",
    "Kd3",
    "Re4",
    "Kd2",
    "h4",
    "gxh4",
    "gxh4",
    "Ra3",
    "Kg5",
    "f3",
    "Re8",
    "Ra7",
    "Kf4",
    "Rh7",
    "Kg3"
  ],
  "statePieceCount": 13,
  "endPieceCount": 7,
  "boardState": [
    {
      "square": "d8",
      "type": "r",
      "color": "b"
    },
    {
      "square": "c7",
      "type": "r",
      "color": "w"
    },
    {
      "square": "d7",
      "type": "p",
      "color": "w"
    },
    {
      "square": "f7",
      "type": "k",
      "color": "b"
    },
    {
      "square": "g7",
      "type": "p",
      "color": "b"
    },
    {
      "square": "a6",
      "type": "p",
      "color": "b"
    },
    {
      "square": "f6",
      "type": "p",
      "color": "b"
    },
    {
      "square": "h6",
      "type": "p",
      "color": "b"
    },
    {
      "square": "c5",
      "type": "p",
      "color": "w"
    },
    {
      "square": "a3",
      "type": "r",
      "color": "b"
    },
    {
      "square": "f2",
      "type": "p",
      "color": "w"
    },
    {
      "square": "g2",
      "type": "p",
      "color": "w"
    },
    {
      "square": "f1",
      "type": "k",
      "color": "w"
    }
  ],
  "nextTurn": "w"
}