{
  "event": "GCT Kolkata Rapid & Blitz",
  "site": "Kolkata IND",
  "date": "2019.11.24",
  "eventDate": "2019.11.22",
  "dateMillis": 1574524800000,
  "eventDateMillis": 1574352000000,
  "round": "8.3",
  "result": "1/2-1/2",
  "white": "Pentala Harikrishna",
  "black": "Magnus Carlsen",
  "isCarlsenWin": false,
  "isDraw": true,
  "isCarlsenBlack": true,
  "moves": [
    "Rxb7",
    "Ra3",
    "Rb4",
    "e3",
    "Rb2",
    "Kd5",
    "Kg2",
    "Rxa4",
    "Kxg3",
    "Ke4",
    "Rb6",
    "Ra1",
    "Rxe6+",
    "Kd3",
    "a6",
    "e2",
    "a7",
    "Rxa7",
    "Kf2",
    "Rh7",
    "Re3+",
    "Kxd4",
    "Rxe2",
    "Rh2+",
    "Ke1",
    "Rxe2+",
    "Kxe2",
    "Ke4",
    "Kf1",
    "Kxf4",
    "Kf2"
  ],
  "statePieceCount": 13,
  "endPieceCount": 3,
  "boardState": [
    {
      "square": "b8",
      "type": "r",
      "color": "w"
    },
    {
      "square": "b7",
      "type": "p",
      "color": "b"
    },
    {
      "square": "d6",
      "type": "k",
      "color": "b"
    },
    {
      "square": "e6",
      "type": "p",
      "color": "b"
    },
    {
      "square": "a5",
      "type": "p",
      "color": "w"
    },
    {
      "square": "f5",
      "type": "p",
      "color": "b"
    },
    {
      "square": "a4",
      "type": "p",
      "color": "w"
    },
    {
      "square": "d4",
      "type": "p",
      "color": "w"
    },
    {
      "square": "e4",
      "type": "p",
      "color": "b"
    },
    {
      "square": "f4",
      "type": "p",
      "color": "w"
    },
    {
      "square": "e3",
      "type": "r",
      "color": "b"
    },
    {
      "square": "g3",
      "type": "p",
      "color": "b"
    },
    {
      "square": "f1",
      "type": "k",
      "color": "w"
    }
  ],
  "nextTurn": "w"
}