{
  "event": "GCT Kolkata Rapid & Blitz",
  "site": "Kolkata IND",
  "date": "2019.11.23",
  "eventDate": "2019.11.22",
  "dateMillis": 1574438400000,
  "eventDateMillis": 1574352000000,
  "round": "5",
  "result": "0-1",
  "white": "Anish Giri",
  "black": "Magnus Carlsen",
  "isDingWin": true,
  "isDraw": false,
  "isDingBlack": true,
  "moves": [
    "Ke1",
    "Kd5",
    "b3",
    "Kd4",
    "Kd2",
    "e5",
    "a3",
    "h6",
    "b4",
    "a4",
    "Kd1",
    "Kc4",
    "Kd2",
    "h5",
    "Kd1",
    "Kd4",
    "Kd2",
    "h4",
    "b5",
    "Kc5",
    "Kxd3",
    "Kxb5",
    "Ke4",
    "Kc4",
    "Kxe5",
    "Kb3",
    "Kd4",
    "Kxa3",
    "Kc3",
    "Ka2",
    "Kc2",
    "a3"
  ],
  "statePieceCount": 13,
  "endPieceCount": 9,
  "boardState": [
    {
      "square": "e7",
      "type": "p",
      "color": "b"
    },
    {
      "square": "h7",
      "type": "p",
      "color": "b"
    },
    {
      "square": "e6",
      "type": "k",
      "color": "b"
    },
    {
      "square": "a5",
      "type": "p",
      "color": "b"
    },
    {
      "square": "g5",
      "type": "p",
      "color": "b"
    },
    {
      "square": "f4",
      "type": "p",
      "color": "b"
    },
    {
      "square": "d3",
      "type": "p",
      "color": "b"
    },
    {
      "square": "f3",
      "type": "p",
      "color": "w"
    },
    {
      "square": "h3",
      "type": "p",
      "color": "w"
    },
    {
      "square": "a2",
      "type": "p",
      "color": "w"
    },
    {
      "square": "b2",
      "type": "p",
      "color": "w"
    },
    {
      "square": "f2",
      "type": "k",
      "color": "w"
    },
    {
      "square": "g2",
      "type": "p",
      "color": "w"
    }
  ]
}