{
  "event": "London Chess Classic GCT Finals",
  "site": "London ENG",
  "date": "2019.12.04",
  "eventDate": "2019.12.02",
  "dateMillis": 1575388800000,
  "eventDateMillis": 1575216000000,
  "round": "1.8",
  "result": "1/2-1/2",
  "white": "Magnus Carlsen",
  "black": "Maxime Vachier-Lagrave",
  "isDingWin": false,
  "isDraw": true,
  "isDingBlack": false,
  "moves": [
    "Kg6",
    "Rb7",
    "Kxg5",
    "Rxc7",
    "Bxc7",
    "Bf3",
    "Bd6",
    "Bd1",
    "Kf4",
    "Kg2",
    "e5",
    "Kf1",
    "e4",
    "Ke2",
    "Bc7",
    "Bb3",
    "Bd6",
    "Be6",
    "Bc7",
    "Bd7",
    "Bd6",
    "Be6",
    "Bc7",
    "Bd7",
    "Bd6"
  ],
  "statePieceCount": 13,
  "endPieceCount": 10,
  "boardState": [
    {
      "square": "c7",
      "type": "r",
      "color": "b"
    },
    {
      "square": "g7",
      "type": "k",
      "color": "b"
    },
    {
      "square": "c6",
      "type": "p",
      "color": "w"
    },
    {
      "square": "d6",
      "type": "b",
      "color": "b"
    },
    {
      "square": "e6",
      "type": "p",
      "color": "b"
    },
    {
      "square": "b5",
      "type": "r",
      "color": "w"
    },
    {
      "square": "f5",
      "type": "p",
      "color": "b"
    },
    {
      "square": "g5",
      "type": "p",
      "color": "w"
    },
    {
      "square": "d4",
      "type": "p",
      "color": "b"
    },
    {
      "square": "d3",
      "type": "p",
      "color": "w"
    },
    {
      "square": "h3",
      "type": "k",
      "color": "w"
    },
    {
      "square": "f2",
      "type": "p",
      "color": "w"
    },
    {
      "square": "g2",
      "type": "b",
      "color": "w"
    }
  ]
}