{
  "event": "London Chess Classic GCT Finals",
  "site": "London ENG",
  "date": "2019.12.06",
  "eventDate": "2019.12.02",
  "dateMillis": 1575561600000,
  "eventDateMillis": 1575216000000,
  "round": "2.1",
  "result": "1-0",
  "white": "Magnus Carlsen",
  "black": "Levon Aronian",
  "isDingWin": true,
  "isDraw": false,
  "isDingBlack": false,
  "moves": [
    "c5",
    "Be5",
    "c6",
    "Ra7",
    "h4",
    "Kf6",
    "Rd2",
    "Bc3",
    "Rd3",
    "Bb4",
    "Kh3",
    "Be7",
    "f3",
    "e5",
    "Rc3",
    "Bd6",
    "Rc1",
    "h6",
    "Rd1",
    "Be7",
    "Kg4",
    "Kf7",
    "Rb1",
    "Bd6",
    "h5",
    "gxh5+",
    "Kxh5",
    "Kg7",
    "Rd1",
    "Bb4",
    "Rd5",
    "Re7",
    "Bf5"
  ],
  "statePieceCount": 13,
  "endPieceCount": 11,
  "boardState": [
    {
      "square": "f7",
      "type": "k",
      "color": "b"
    },
    {
      "square": "h7",
      "type": "p",
      "color": "b"
    },
    {
      "square": "a6",
      "type": "r",
      "color": "b"
    },
    {
      "square": "d6",
      "type": "b",
      "color": "b"
    },
    {
      "square": "e6",
      "type": "p",
      "color": "b"
    },
    {
      "square": "g6",
      "type": "p",
      "color": "b"
    },
    {
      "square": "c4",
      "type": "p",
      "color": "w"
    },
    {
      "square": "e4",
      "type": "b",
      "color": "w"
    },
    {
      "square": "g3",
      "type": "p",
      "color": "w"
    },
    {
      "square": "h3",
      "type": "p",
      "color": "w"
    },
    {
      "square": "c2",
      "type": "r",
      "color": "w"
    },
    {
      "square": "f2",
      "type": "p",
      "color": "w"
    },
    {
      "square": "g2",
      "type": "k",
      "color": "w"
    }
  ]
}