{
  "event": "World Blitz Championship",
  "site": "Moscow RUS",
  "date": "2019.12.29",
  "eventDate": "2019.12.29",
  "dateMillis": 1577548800000,
  "eventDateMillis": 1577548800000,
  "round": "7.2",
  "result": "1-0",
  "white": "Dmitry Andreikin",
  "black": "Magnus Carlsen",
  "isCarlsenWin": false,
  "isDraw": false,
  "isCarlsenBlack": true,
  "moves": [
    "Qxf7+",
    "Kh8",
    "Qf6+",
    "Qxf6",
    "Rxf6",
    "Rd8",
    "g3",
    "Kg7",
    "Rf2",
    "a4",
    "Kg2",
    "a3",
    "bxa3",
    "Rd3",
    "Kf1",
    "Rxa3",
    "Ke1",
    "h5",
    "Kd1",
    "h4",
    "gxh4",
    "Kg6",
    "Kc1",
    "Ra8",
    "Kb2",
    "Rb8+",
    "Kc3",
    "Rc8+",
    "Kd4",
    "Ra8",
    "Kc4",
    "Rc8+",
    "Kb3",
    "Rb8+",
    "Kc3",
    "Ra8",
    "Kb2",
    "Rb8+",
    "Ka1",
    "Ra8",
    "Rf4",
    "Ra3",
    "Kb2",
    "Rh3",
    "a4",
    "Rxh2+",
    "Kb3",
    "Rh3+",
    "Kb4"
  ],
  "statePieceCount": 13,
  "endPieceCount": 6,
  "boardState": [
    {
      "square": "a8",
      "type": "r",
      "color": "b"
    },
    {
      "square": "g8",
      "type": "k",
      "color": "b"
    },
    {
      "square": "f7",
      "type": "r",
      "color": "b"
    },
    {
      "square": "h7",
      "type": "p",
      "color": "b"
    },
    {
      "square": "a5",
      "type": "p",
      "color": "b"
    },
    {
      "square": "g5",
      "type": "q",
      "color": "b"
    },
    {
      "square": "a2",
      "type": "p",
      "color": "w"
    },
    {
      "square": "b2",
      "type": "p",
      "color": "w"
    },
    {
      "square": "f2",
      "type": "q",
      "color": "w"
    },
    {
      "square": "g2",
      "type": "p",
      "color": "w"
    },
    {
      "square": "h2",
      "type": "p",
      "color": "w"
    },
    {
      "square": "f1",
      "type": "r",
      "color": "w"
    },
    {
      "square": "g1",
      "type": "k",
      "color": "w"
    }
  ],
  "nextTurn": "w"
}