{
  "event": "Tata Steel Masters",
  "site": "Eindhoven NED",
  "date": "2020.01.16",
  "eventDate": "2020.01.10",
  "dateMillis": 1579104000000,
  "eventDateMillis": 1578585600000,
  "round": "5",
  "result": "1/2-1/2",
  "white": "Magnus Carlsen",
  "black": "Daniil Dubov",
  "isDingWin": false,
  "isDraw": true,
  "isDingBlack": false,
  "moves": [
    "cxb5",
    "Nc5",
    "Nxc5",
    "Bxc5",
    "Kg8",
    "Kf1",
    "Kf7",
    "Ke2",
    "Ke6",
    "Kd3",
    "Kd5",
    "Bb4",
    "Bd4",
    "f4",
    "Bc5",
    "Bd2",
    "Bf8",
    "g4",
    "b4",
    "h4",
    "h5",
    "gxh5",
    "gxh5",
    "Bxb4",
    "Bxb4",
    "Ke3"
  ],
  "statePieceCount": 13,
  "endPieceCount": 6,
  "boardState": [
    {
      "square": "g7",
      "type": "b",
      "color": "b"
    },
    {
      "square": "h7",
      "type": "k",
      "color": "b"
    },
    {
      "square": "c6",
      "type": "p",
      "color": "b"
    },
    {
      "square": "g6",
      "type": "p",
      "color": "b"
    },
    {
      "square": "h6",
      "type": "p",
      "color": "b"
    },
    {
      "square": "b5",
      "type": "p",
      "color": "w"
    },
    {
      "square": "a4",
      "type": "n",
      "color": "w"
    },
    {
      "square": "d3",
      "type": "n",
      "color": "b"
    },
    {
      "square": "e3",
      "type": "b",
      "color": "w"
    },
    {
      "square": "h3",
      "type": "p",
      "color": "w"
    },
    {
      "square": "f2",
      "type": "p",
      "color": "w"
    },
    {
      "square": "g2",
      "type": "p",
      "color": "w"
    },
    {
      "square": "g1",
      "type": "k",
      "color": "w"
    }
  ]
}