{
  "event": "Magnus Carlsen Invitational",
  "site": "chess24.com INT",
  "date": "2020.04.20",
  "eventDate": "2020.04.18",
  "dateMillis": 1587312000000,
  "eventDateMillis": 1587139200000,
  "round": "2.4",
  "result": "1/2-1/2",
  "white": "Alireza Firouzja",
  "black": "Magnus Carlsen",
  "isCarlsenWin": false,
  "isDraw": true,
  "isCarlsenBlack": true,
  "moves": [
    "Rc8",
    "b4",
    "Ke2",
    "b3",
    "Rb1",
    "b2",
    "Rc5",
    "Nd4+",
    "Kf1",
    "Nf3",
    "Rc2",
    "Rb3",
    "Nc5",
    "Nd4",
    "Nxb3",
    "Nxc2",
    "Rxb2",
    "Ne3+",
    "Ke2",
    "Rxf2+",
    "Kxf2",
    "Nd1+",
    "Kf3",
    "Nxb2",
    "Ke4",
    "g5",
    "d4",
    "exd4",
    "Nxd4",
    "g4",
    "Nf3",
    "g3",
    "Kf4",
    "g2",
    "Kg3",
    "Nd3",
    "Kxg2"
  ],
  "statePieceCount": 13,
  "endPieceCount": 4,
  "boardState": [
    {
      "square": "g7",
      "type": "p",
      "color": "b"
    },
    {
      "square": "b6",
      "type": "r",
      "color": "b"
    },
    {
      "square": "b5",
      "type": "p",
      "color": "b"
    },
    {
      "square": "e5",
      "type": "p",
      "color": "b"
    },
    {
      "square": "h5",
      "type": "k",
      "color": "b"
    },
    {
      "square": "e4",
      "type": "n",
      "color": "w"
    },
    {
      "square": "f4",
      "type": "r",
      "color": "b"
    },
    {
      "square": "d3",
      "type": "p",
      "color": "w"
    },
    {
      "square": "f3",
      "type": "n",
      "color": "b"
    },
    {
      "square": "c2",
      "type": "r",
      "color": "w"
    },
    {
      "square": "f2",
      "type": "p",
      "color": "w"
    },
    {
      "square": "d1",
      "type": "r",
      "color": "w"
    },
    {
      "square": "f1",
      "type": "k",
      "color": "w"
    }
  ],
  "nextTurn": "w"
}