{
  "event": "Magnus Carlsen Invitational",
  "site": "chess24.com INT",
  "date": "2020.04.24",
  "eventDate": "2020.04.18",
  "dateMillis": 1587657600000,
  "eventDateMillis": 1587139200000,
  "round": "4.2",
  "result": "1/2-1/2",
  "white": "Maxime Vachier-Lagrave",
  "black": "Magnus Carlsen",
  "isCarlsenWin": false,
  "isDraw": true,
  "isCarlsenBlack": true,
  "moves": [
    "Kd6",
    "a4",
    "bxa4",
    "c4",
    "Re5",
    "Kd4",
    "a3",
    "Rxa3",
    "c5+",
    "Kd3",
    "Re8",
    "Ra6+",
    "Ke5",
    "Rc6",
    "Rd8+",
    "Ke2",
    "Rh8",
    "Rxc5+",
    "Kxe4",
    "Rf5",
    "Rh2+",
    "Rf2",
    "Rh3",
    "Kd2",
    "Rxe3",
    "Rxf6",
    "Rg3",
    "c5",
    "Rxg4",
    "c6",
    "Kd5",
    "c7",
    "Rc4",
    "Rf5+",
    "Ke4",
    "Rxg5",
    "Rxc7"
  ],
  "statePieceCount": 13,
  "endPieceCount": 4,
  "boardState": [
    {
      "square": "a6",
      "type": "r",
      "color": "w"
    },
    {
      "square": "c6",
      "type": "p",
      "color": "b"
    },
    {
      "square": "e6",
      "type": "k",
      "color": "b"
    },
    {
      "square": "f6",
      "type": "p",
      "color": "b"
    },
    {
      "square": "b5",
      "type": "p",
      "color": "b"
    },
    {
      "square": "c5",
      "type": "r",
      "color": "b"
    },
    {
      "square": "g5",
      "type": "p",
      "color": "b"
    },
    {
      "square": "e4",
      "type": "p",
      "color": "w"
    },
    {
      "square": "g4",
      "type": "p",
      "color": "w"
    },
    {
      "square": "c3",
      "type": "p",
      "color": "w"
    },
    {
      "square": "d3",
      "type": "k",
      "color": "w"
    },
    {
      "square": "e3",
      "type": "p",
      "color": "w"
    },
    {
      "square": "a2",
      "type": "p",
      "color": "w"
    }
  ],
  "nextTurn": "b"
}