{
  "event": "FIDE Online Steinitz Memorial",
  "site": "chess24.com INT",
  "date": "2020.05.17",
  "eventDate": "2020.05.15",
  "dateMillis": 1589644800000,
  "eventDateMillis": 1589472000000,
  "round": "14",
  "result": "1/2-1/2",
  "white": "David Anton Guijarro",
  "black": "Magnus Carlsen",
  "isCarlsenWin": false,
  "isDraw": true,
  "isCarlsenBlack": true,
  "moves": [
    "e4",
    "Bg4",
    "Rb2",
    "Kf1",
    "e3",
    "fxe3",
    "Rxh2",
    "Rc5",
    "Ra2",
    "a5",
    "Be4",
    "Be2",
    "Ra3",
    "Kf2",
    "Ra2",
    "Ke1",
    "Ra1+",
    "Kd2",
    "Ra2+",
    "Kd1",
    "Ra1+",
    "Kd2",
    "Ra2+",
    "Ke1",
    "Ra1+",
    "Kf2",
    "Ra2",
    "Ke1"
  ],
  "statePieceCount": 13,
  "endPieceCount": 11,
  "boardState": [
    {
      "square": "b8",
      "type": "r",
      "color": "b"
    },
    {
      "square": "f7",
      "type": "p",
      "color": "b"
    },
    {
      "square": "f6",
      "type": "k",
      "color": "b"
    },
    {
      "square": "g6",
      "type": "b",
      "color": "b"
    },
    {
      "square": "h6",
      "type": "p",
      "color": "b"
    },
    {
      "square": "a5",
      "type": "r",
      "color": "w"
    },
    {
      "square": "e5",
      "type": "p",
      "color": "b"
    },
    {
      "square": "a4",
      "type": "p",
      "color": "w"
    },
    {
      "square": "f3",
      "type": "b",
      "color": "w"
    },
    {
      "square": "g3",
      "type": "p",
      "color": "w"
    },
    {
      "square": "f2",
      "type": "p",
      "color": "w"
    },
    {
      "square": "g2",
      "type": "k",
      "color": "w"
    },
    {
      "square": "h2",
      "type": "p",
      "color": "w"
    }
  ],
  "nextTurn": "b"
}