{
  "event": "Clutch International",
  "site": "lichess.org INT",
  "date": "2020.06.13",
  "eventDate": "2020.06.06",
  "dateMillis": 1591977600000,
  "eventDateMillis": 1591372800000,
  "round": "3.4",
  "result": "1-0",
  "white": "Fabiano Caruana",
  "black": "Magnus Carlsen",
  "isCarlsenWin": false,
  "isDraw": false,
  "isCarlsenBlack": true,
  "moves": [
    "Re1",
    "Rd8",
    "Re4",
    "Kc7",
    "g3",
    "Rf8",
    "Kg2",
    "Rf5",
    "Nf4",
    "Kd6",
    "Nxh5",
    "Rxh5",
    "Rxg4",
    "Kc5",
    "a3",
    "a4",
    "Re4",
    "Rh8",
    "g4",
    "Rd8",
    "g5",
    "Rd2+",
    "Kf3",
    "Rxc2",
    "g6",
    "Rc3+"
  ],
  "statePieceCount": 13,
  "endPieceCount": 9,
  "boardState": [
    {
      "square": "c8",
      "type": "k",
      "color": "b"
    },
    {
      "square": "f8",
      "type": "r",
      "color": "b"
    },
    {
      "square": "c6",
      "type": "p",
      "color": "b"
    },
    {
      "square": "a5",
      "type": "p",
      "color": "b"
    },
    {
      "square": "e5",
      "type": "r",
      "color": "w"
    },
    {
      "square": "h5",
      "type": "p",
      "color": "b"
    },
    {
      "square": "c4",
      "type": "p",
      "color": "w"
    },
    {
      "square": "g4",
      "type": "n",
      "color": "b"
    },
    {
      "square": "d3",
      "type": "n",
      "color": "w"
    },
    {
      "square": "a2",
      "type": "p",
      "color": "w"
    },
    {
      "square": "c2",
      "type": "p",
      "color": "w"
    },
    {
      "square": "g2",
      "type": "p",
      "color": "w"
    },
    {
      "square": "h1",
      "type": "k",
      "color": "w"
    }
  ],
  "nextTurn": "w"
}