{
  "event": "Clutch International",
  "site": "lichess.org INT",
  "date": "2020.06.08",
  "eventDate": "2020.06.06",
  "dateMillis": 1591545600000,
  "eventDateMillis": 1591372800000,
  "round": "1.8",
  "result": "1/2-1/2",
  "white": "Magnus Carlsen",
  "black": "Jeffery Xiong",
  "isCarlsenWin": false,
  "isDraw": true,
  "isCarlsenBlack": false,
  "moves": [
    "Nxe3",
    "dxe3",
    "Rg1+",
    "Kh6",
    "Rf6+",
    "Kh7",
    "e7",
    "Re8",
    "Rf7+",
    "Kh6",
    "Rf6+",
    "Kh7",
    "Re6",
    "Nf2+",
    "Kg2",
    "Ng4",
    "Rf1",
    "Kg7",
    "Rf5",
    "b4",
    "Kf3",
    "b3",
    "Rxh5",
    "Kf7",
    "Rb6",
    "e2",
    "Kxe2",
    "Rxe7+",
    "Kd2",
    "Nf6",
    "Rh1",
    "Ne4+",
    "Kc1",
    "Nc5",
    "Rh7+",
    "Ke8",
    "Rh5",
    "b2+",
    "Kd2",
    "Rb7",
    "Rxb7",
    "Nxb7",
    "Kc2",
    "Kd7",
    "Kxb2",
    "Kc6",
    "Kb3",
    "Kb6",
    "Kb4",
    "a5+",
    "Kc4",
    "Nd6+",
    "Kd5",
    "Nb7",
    "Rh8",
    "Kb5",
    "Ra8",
    "Kb6",
    "Rb8",
    "Kc7",
    "Rh8",
    "Kb6",
    "Kd4",
    "Kc6",
    "Rh5",
    "Kb6",
    "Kd5",
    "Kb5",
    "Rh1",
    "Kb6",
    "Rb1+",
    "Kc7",
    "Rb5",
    "a4",
    "Rb4",
    "Nd6",
    "Rxa4",
    "Nb7",
    "Ra6",
    "Nd8",
    "Rh6",
    "Nb7",
    "Rh7+",
    "Kb6",
    "Rg7",
    "Na5",
    "Rg1",
    "Nb7",
    "Rc1",
    "Na5",
    "Rb1+",
    "Kc7",
    "Ke6",
    "Nb7",
    "Rc1+",
    "Kb6",
    "Rc2",
    "Nc5+",
    "Kd6",
    "Nb7+",
    "Kd5",
    "Na5",
    "Rb2+",
    "Kc7",
    "Kc5",
    "Nb7+",
    "Kb5",
    "Nd6+",
    "Ka6",
    "Kc6",
    "Rc2+",
    "Kd5",
    "Rc1",
    "Nc4",
    "Rxc4",
    "Kxc4"
  ],
  "statePieceCount": 13,
  "endPieceCount": 2,
  "boardState": [
    {
      "square": "a8",
      "type": "r",
      "color": "b"
    },
    {
      "square": "f7",
      "type": "r",
      "color": "w"
    },
    {
      "square": "a6",
      "type": "p",
      "color": "b"
    },
    {
      "square": "e6",
      "type": "p",
      "color": "w"
    },
    {
      "square": "g6",
      "type": "k",
      "color": "b"
    },
    {
      "square": "b5",
      "type": "p",
      "color": "b"
    },
    {
      "square": "h5",
      "type": "p",
      "color": "b"
    },
    {
      "square": "d4",
      "type": "p",
      "color": "b"
    },
    {
      "square": "d3",
      "type": "n",
      "color": "b"
    },
    {
      "square": "e3",
      "type": "b",
      "color": "b"
    },
    {
      "square": "g2",
      "type": "n",
      "color": "w"
    },
    {
      "square": "a1",
      "type": "r",
      "color": "w"
    },
    {
      "square": "h1",
      "type": "k",
      "color": "w"
    }
  ],
  "nextTurn": "w"
}