{
  "event": "Clutch International",
  "site": "lichess.org INT",
  "date": "2020.06.08",
  "eventDate": "2020.06.06",
  "dateMillis": 1591545600000,
  "eventDateMillis": 1591372800000,
  "round": "1.9",
  "result": "0-1",
  "white": "Jeffery Xiong",
  "black": "Magnus Carlsen",
  "isCarlsenWin": true,
  "isDraw": false,
  "isCarlsenBlack": true,
  "moves": [
    "Re4",
    "f6",
    "Ke3",
    "Kf7",
    "Kf4",
    "Ra8",
    "Rexe5",
    "fxe5+",
    "Kxe5",
    "Re8+",
    "Kf4",
    "Re6",
    "c4",
    "Rf6+",
    "Ke4",
    "Kg7",
    "Re5",
    "Rf1",
    "Kd4",
    "Rf4+",
    "Re4",
    "Rxe4+",
    "Kxe4",
    "Kf6",
    "Kf4",
    "c5",
    "c3",
    "g5+",
    "hxg5+",
    "Kg6"
  ],
  "statePieceCount": 13,
  "endPieceCount": 7,
  "boardState": [
    {
      "square": "e8",
      "type": "r",
      "color": "b"
    },
    {
      "square": "f8",
      "type": "k",
      "color": "b"
    },
    {
      "square": "f7",
      "type": "p",
      "color": "b"
    },
    {
      "square": "c6",
      "type": "p",
      "color": "b"
    },
    {
      "square": "g6",
      "type": "p",
      "color": "b"
    },
    {
      "square": "c5",
      "type": "r",
      "color": "w"
    },
    {
      "square": "e5",
      "type": "n",
      "color": "b"
    },
    {
      "square": "h5",
      "type": "p",
      "color": "b"
    },
    {
      "square": "d4",
      "type": "r",
      "color": "w"
    },
    {
      "square": "h4",
      "type": "p",
      "color": "w"
    },
    {
      "square": "c3",
      "type": "p",
      "color": "w"
    },
    {
      "square": "c2",
      "type": "p",
      "color": "w"
    },
    {
      "square": "d2",
      "type": "k",
      "color": "w"
    }
  ],
  "nextTurn": "w"
}