{
  "event": "Clutch International",
  "site": "lichess.org INT",
  "date": "2020.06.13",
  "eventDate": "2020.06.06",
  "dateMillis": 1591977600000,
  "eventDateMillis": 1591372800000,
  "round": "3.6",
  "result": "1-0",
  "white": "Fabiano Caruana",
  "black": "Magnus Carlsen",
  "isCarlsenWin": false,
  "isDraw": false,
  "isCarlsenBlack": true,
  "moves": [
    "Kb8",
    "Re7",
    "Rd7",
    "Bf4+",
    "Kb7",
    "Rxd7+",
    "Nxd7",
    "b4",
    "Nb6",
    "Qe7+",
    "Nd7",
    "Qd6",
    "Qxd6",
    "Bxd6",
    "Kc6",
    "Be7",
    "Nb6",
    "a5",
    "Nd5",
    "Bf8",
    "Kb5",
    "Kh2",
    "f5",
    "Kg3",
    "h5",
    "Bc5",
    "Ka6",
    "Kh4",
    "Nf4",
    "g3",
    "Ne2",
    "Bd6",
    "Kb5",
    "Kxh5",
    "Nc3",
    "Kg6",
    "Ne4",
    "Bf4"
  ],
  "statePieceCount": 13,
  "endPieceCount": 8,
  "boardState": [
    {
      "square": "a8",
      "type": "k",
      "color": "b"
    },
    {
      "square": "d8",
      "type": "r",
      "color": "b"
    },
    {
      "square": "a7",
      "type": "r",
      "color": "w"
    },
    {
      "square": "f7",
      "type": "p",
      "color": "b"
    },
    {
      "square": "h7",
      "type": "p",
      "color": "b"
    },
    {
      "square": "f6",
      "type": "n",
      "color": "b"
    },
    {
      "square": "d5",
      "type": "q",
      "color": "b"
    },
    {
      "square": "a4",
      "type": "p",
      "color": "w"
    },
    {
      "square": "b3",
      "type": "p",
      "color": "w"
    },
    {
      "square": "e3",
      "type": "b",
      "color": "w"
    },
    {
      "square": "e2",
      "type": "q",
      "color": "w"
    },
    {
      "square": "g2",
      "type": "p",
      "color": "w"
    },
    {
      "square": "h1",
      "type": "k",
      "color": "w"
    }
  ],
  "nextTurn": "b"
}