{
  "event": "Clutch International",
  "site": "lichess.org INT",
  "date": "2020.06.14",
  "eventDate": "2020.06.06",
  "dateMillis": 1592064000000,
  "eventDateMillis": 1591372800000,
  "round": "3.7",
  "result": "0-1",
  "white": "Fabiano Caruana",
  "black": "Magnus Carlsen",
  "isDingWin": true,
  "isDraw": false,
  "isDingBlack": true,
  "moves": [
    "Kxd3",
    "b2",
    "Rxg6+",
    "Rxg6",
    "Kc2",
    "Rb6",
    "Kb1",
    "Kf6",
    "Bh7",
    "dxe4",
    "Bxe4",
    "a5",
    "Bc2",
    "Ke6",
    "c4",
    "Kd6",
    "f5",
    "Kc5",
    "f6",
    "Rxf6",
    "Kxb2",
    "Kxc4",
    "Bh7",
    "Rf8",
    "Be4",
    "Re8",
    "Bg6",
    "Re7",
    "Bh5",
    "Kb4",
    "Bf3",
    "Rd7",
    "Bg4",
    "Rd2+",
    "Kb1",
    "Rd6",
    "Kb2",
    "a4",
    "Bh5",
    "a3+",
    "Kb1",
    "Rd7",
    "Bg6",
    "Rd1+",
    "Ka2",
    "Rd2+",
    "Kb1",
    "a2+",
    "Ka1",
    "Ka3",
    "Bc2",
    "Re2",
    "Bd1",
    "Rg2"
  ],
  "statePieceCount": 13,
  "endPieceCount": 5,
  "boardState": [
    {
      "square": "g7",
      "type": "k",
      "color": "b"
    },
    {
      "square": "a6",
      "type": "p",
      "color": "b"
    },
    {
      "square": "b6",
      "type": "r",
      "color": "b"
    },
    {
      "square": "g6",
      "type": "p",
      "color": "b"
    },
    {
      "square": "d5",
      "type": "p",
      "color": "b"
    },
    {
      "square": "f5",
      "type": "b",
      "color": "w"
    },
    {
      "square": "e4",
      "type": "p",
      "color": "w"
    },
    {
      "square": "f4",
      "type": "p",
      "color": "w"
    },
    {
      "square": "g4",
      "type": "r",
      "color": "w"
    },
    {
      "square": "b3",
      "type": "p",
      "color": "b"
    },
    {
      "square": "c3",
      "type": "p",
      "color": "w"
    },
    {
      "square": "d3",
      "type": "r",
      "color": "b"
    },
    {
      "square": "e2",
      "type": "k",
      "color": "w"
    }
  ]
}