{
  "event": "Clutch International",
  "site": "lichess.org INT",
  "date": "2020.06.11",
  "eventDate": "2020.06.06",
  "dateMillis": 1591804800000,
  "eventDateMillis": 1591372800000,
  "round": "2.3",
  "result": "1/2-1/2",
  "white": "Magnus Carlsen",
  "black": "Levon Aronian",
  "isDingWin": false,
  "isDraw": true,
  "isDingBlack": false,
  "moves": [
    "Bxd4",
    "Rc4",
    "Be3",
    "Nc3",
    "Kf1",
    "Kh7",
    "Ke1",
    "Kg6",
    "Ra7",
    "Rb4",
    "Kd2",
    "Nd5",
    "Bc5",
    "Rb2+",
    "Kd3",
    "Rxh2",
    "Rd7",
    "Rh5",
    "Bf8",
    "Re5",
    "Kd4",
    "Nb6",
    "Rxg7+",
    "Kf5",
    "Ra7",
    "Re4+",
    "Kd3",
    "Nc4",
    "Bh6",
    "Ne5+",
    "Kc3",
    "Rc4+",
    "Kb3",
    "Rd4",
    "Rc7",
    "Ke4",
    "a4",
    "Rd3+",
    "Rc3",
    "Rxc3+",
    "Kxc3",
    "Kd5",
    "Bg7",
    "Nf3",
    "Bxf6",
    "Nh2",
    "Kb4",
    "Kc6",
    "Bd4",
    "Kb7",
    "Bg1",
    "Nf3",
    "Bf2",
    "Nh2",
    "Kb5",
    "Ka8",
    "a5",
    "Kb7",
    "a6+",
    "Ka8",
    "Kc6",
    "Nf1",
    "Kd5",
    "Nxg3",
    "Bxg3",
    "Ka7",
    "Ke4",
    "Kxa6",
    "Kf4",
    "Kb5",
    "Kxg4"
  ],
  "statePieceCount": 13,
  "endPieceCount": 3,
  "boardState": [
    {
      "square": "g8",
      "type": "k",
      "color": "b"
    },
    {
      "square": "c7",
      "type": "r",
      "color": "b"
    },
    {
      "square": "g7",
      "type": "p",
      "color": "b"
    },
    {
      "square": "f6",
      "type": "p",
      "color": "b"
    },
    {
      "square": "a4",
      "type": "n",
      "color": "b"
    },
    {
      "square": "d4",
      "type": "p",
      "color": "b"
    },
    {
      "square": "g4",
      "type": "p",
      "color": "b"
    },
    {
      "square": "a3",
      "type": "r",
      "color": "w"
    },
    {
      "square": "g3",
      "type": "p",
      "color": "w"
    },
    {
      "square": "a2",
      "type": "p",
      "color": "w"
    },
    {
      "square": "h2",
      "type": "p",
      "color": "w"
    },
    {
      "square": "a1",
      "type": "b",
      "color": "w"
    },
    {
      "square": "g1",
      "type": "k",
      "color": "w"
    }
  ]
}