{
  "event": "Chessable Masters",
  "site": "chess24.com INT",
  "date": "2020.06.27",
  "eventDate": "2020.06.25",
  "dateMillis": 1593187200000,
  "eventDateMillis": 1593014400000,
  "round": "1.22",
  "result": "1-0",
  "white": "Magnus Carlsen",
  "black": "Fabiano Caruana",
  "isCarlsenWin": true,
  "isDraw": false,
  "isCarlsenBlack": false,
  "moves": [
    "h4",
    "Rf4",
    "Rxf4",
    "gxf4",
    "Ra8",
    "Kg2",
    "a5",
    "Kh3",
    "a4",
    "Kxh4",
    "axb3",
    "axb3",
    "Ra5",
    "Kg4",
    "Rd5",
    "b4",
    "Kf8",
    "b5",
    "Ke8",
    "f5",
    "Kf8",
    "b6",
    "Rb5",
    "f3",
    "Ke8",
    "f4",
    "Kf8",
    "Kh5",
    "Rxf5+",
    "Kg6",
    "Rxf4",
    "Rc7"
  ],
  "statePieceCount": 13,
  "endPieceCount": 6,
  "boardState": [
    {
      "square": "e8",
      "type": "r",
      "color": "b"
    },
    {
      "square": "g8",
      "type": "k",
      "color": "b"
    },
    {
      "square": "a7",
      "type": "p",
      "color": "b"
    },
    {
      "square": "b7",
      "type": "r",
      "color": "w"
    },
    {
      "square": "f6",
      "type": "p",
      "color": "b"
    },
    {
      "square": "f5",
      "type": "r",
      "color": "w"
    },
    {
      "square": "h5",
      "type": "p",
      "color": "b"
    },
    {
      "square": "g4",
      "type": "r",
      "color": "b"
    },
    {
      "square": "b3",
      "type": "p",
      "color": "w"
    },
    {
      "square": "g3",
      "type": "p",
      "color": "w"
    },
    {
      "square": "a2",
      "type": "p",
      "color": "w"
    },
    {
      "square": "f2",
      "type": "p",
      "color": "w"
    },
    {
      "square": "g1",
      "type": "k",
      "color": "w"
    }
  ],
  "nextTurn": "b"
}