{
  "event": "Legends of Chess",
  "site": "chess24.com INT",
  "date": "2020.07.23",
  "eventDate": "2020.07.21",
  "dateMillis": 1595433600000,
  "eventDateMillis": 1595260800000,
  "round": "3.4",
  "result": "1-0",
  "white": "Magnus Carlsen",
  "black": "Peter Leko",
  "isDingWin": true,
  "isDraw": false,
  "isDingBlack": false,
  "moves": [
    "hxg5",
    "fxg5+",
    "Kxg5",
    "Kf3",
    "Kg6",
    "Kf4",
    "Kf6",
    "g5+",
    "Kg6",
    "Ke5",
    "Kxg5",
    "Kxe6",
    "Kf4",
    "Kd6",
    "Ke4",
    "Kxc6",
    "Kxd4",
    "b5"
  ],
  "statePieceCount": 13,
  "endPieceCount": 6,
  "boardState": [
    {
      "square": "a7",
      "type": "p",
      "color": "b"
    },
    {
      "square": "a6",
      "type": "p",
      "color": "w"
    },
    {
      "square": "c6",
      "type": "p",
      "color": "b"
    },
    {
      "square": "e6",
      "type": "p",
      "color": "b"
    },
    {
      "square": "f6",
      "type": "k",
      "color": "b"
    },
    {
      "square": "h6",
      "type": "p",
      "color": "b"
    },
    {
      "square": "d5",
      "type": "p",
      "color": "b"
    },
    {
      "square": "g5",
      "type": "p",
      "color": "w"
    },
    {
      "square": "b4",
      "type": "p",
      "color": "w"
    },
    {
      "square": "d4",
      "type": "p",
      "color": "w"
    },
    {
      "square": "f4",
      "type": "p",
      "color": "w"
    },
    {
      "square": "g4",
      "type": "p",
      "color": "w"
    },
    {
      "square": "g3",
      "type": "k",
      "color": "w"
    }
  ]
}