{
  "event": "Legends of Chess",
  "site": "chess24.com INT",
  "date": "2020.07.21",
  "eventDate": "2020.07.21",
  "dateMillis": 1595260800000,
  "eventDateMillis": 1595260800000,
  "round": "1.3",
  "result": "1/2-1/2",
  "white": "Anish Giri",
  "black": "Magnus Carlsen",
  "isDingWin": false,
  "isDraw": true,
  "isDingBlack": true,
  "moves": [
    "Rxc5",
    "Kg2",
    "Kf6",
    "Rd7",
    "Ke6",
    "Rd8",
    "Rc2",
    "Kf3",
    "Ra2",
    "Re8+",
    "Kf6",
    "Rb8",
    "Ke6",
    "Rb6+",
    "Ke7",
    "Rb4",
    "Ke6",
    "Rb6+",
    "Ke7",
    "Rb4",
    "Ke6",
    "Rb6+"
  ],
  "statePieceCount": 13,
  "endPieceCount": 12,
  "boardState": [
    {
      "square": "b7",
      "type": "r",
      "color": "w"
    },
    {
      "square": "f7",
      "type": "p",
      "color": "b"
    },
    {
      "square": "g7",
      "type": "k",
      "color": "b"
    },
    {
      "square": "g6",
      "type": "p",
      "color": "b"
    },
    {
      "square": "a5",
      "type": "r",
      "color": "b"
    },
    {
      "square": "c5",
      "type": "p",
      "color": "w"
    },
    {
      "square": "d5",
      "type": "p",
      "color": "b"
    },
    {
      "square": "h5",
      "type": "p",
      "color": "b"
    },
    {
      "square": "h4",
      "type": "p",
      "color": "w"
    },
    {
      "square": "e3",
      "type": "p",
      "color": "w"
    },
    {
      "square": "g3",
      "type": "p",
      "color": "w"
    },
    {
      "square": "f2",
      "type": "p",
      "color": "w"
    },
    {
      "square": "g1",
      "type": "k",
      "color": "w"
    }
  ]
}