{
  "event": "Legends of Chess",
  "site": "chess24.com INT",
  "date": "2020.07.28",
  "eventDate": "2020.07.21",
  "dateMillis": 1595865600000,
  "eventDateMillis": 1595260800000,
  "round": "8.3",
  "result": "1/2-1/2",
  "white": "Ian Nepomniachtchi",
  "black": "Magnus Carlsen",
  "isDingWin": false,
  "isDraw": true,
  "isDingBlack": true,
  "moves": [
    "Re1",
    "h4",
    "h6",
    "Rd7",
    "Rb8",
    "Raa7",
    "Nxg3",
    "Kxg3",
    "Rb3+",
    "f3",
    "Rg1+",
    "Kf2",
    "Rg6",
    "Rxf7",
    "Rb5",
    "Rf4",
    "Kh7",
    "Rg4",
    "Rxg4",
    "fxg4",
    "Rb2+",
    "Kg3",
    "Rb3+",
    "Kf4",
    "Rb4+",
    "Kg3",
    "Rb3+",
    "Kf4",
    "Rb4+",
    "Kg3",
    "Rb3+"
  ],
  "statePieceCount": 13,
  "endPieceCount": 8,
  "boardState": [
    {
      "square": "f8",
      "type": "r",
      "color": "b"
    },
    {
      "square": "g8",
      "type": "k",
      "color": "b"
    },
    {
      "square": "f7",
      "type": "p",
      "color": "b"
    },
    {
      "square": "g7",
      "type": "p",
      "color": "b"
    },
    {
      "square": "h7",
      "type": "p",
      "color": "b"
    },
    {
      "square": "d6",
      "type": "r",
      "color": "w"
    },
    {
      "square": "a5",
      "type": "r",
      "color": "w"
    },
    {
      "square": "g3",
      "type": "p",
      "color": "w"
    },
    {
      "square": "f2",
      "type": "p",
      "color": "w"
    },
    {
      "square": "g2",
      "type": "k",
      "color": "w"
    },
    {
      "square": "h2",
      "type": "p",
      "color": "w"
    },
    {
      "square": "b1",
      "type": "r",
      "color": "b"
    },
    {
      "square": "f1",
      "type": "n",
      "color": "b"
    }
  ]
}