{
  "event": "Legends of Chess",
  "site": "chess24.com INT",
  "date": "2020.08.04",
  "eventDate": "2020.07.31",
  "dateMillis": 1596470400000,
  "eventDateMillis": 1596124800000,
  "round": "2.22",
  "result": "0-1",
  "white": "Ian Nepomniachtchi",
  "black": "Magnus Carlsen",
  "isDingWin": true,
  "isDraw": false,
  "isDingBlack": true,
  "moves": [
    "Bxd4",
    "exd4",
    "Qf4",
    "Qd7",
    "Qe5",
    "Rb7",
    "Qe4",
    "Rb8",
    "Qe5",
    "Rb4",
    "Qe4",
    "Qd5",
    "Qg4",
    "Rc4",
    "Qf4",
    "Rb4",
    "Qg4",
    "Qf5",
    "Qh4",
    "Rc4",
    "Qd8+",
    "Kh7",
    "Qh4+",
    "Kg6",
    "Nxd4",
    "Qe5",
    "Qg4+",
    "Kh7",
    "Qh4+",
    "Kg8",
    "Qd8+",
    "Kf7",
    "Qd7+",
    "Kf6",
    "c3",
    "Rxc5",
    "Qd8+",
    "Kg6",
    "Qe8+",
    "Kh7",
    "Qd8",
    "Rd5",
    "Qh4+",
    "Kg8",
    "Qg4",
    "Rd6",
    "Qh4",
    "Qf6",
    "Qe4",
    "Rb6+",
    "Kc2",
    "Kf7",
    "Qa8",
    "Qg6+",
    "Kd2",
    "Rb2+",
    "Ke3",
    "Qg1+",
    "Kd3",
    "Qf1+",
    "Ke3",
    "Qf2+",
    "Kd3",
    "Qg2",
    "Nf3",
    "Qe2+",
    "Kd4",
    "Qd1+",
    "Ke3",
    "Re2+",
    "Kf4",
    "Qd6+",
    "Kg4",
    "Rg2+",
    "Kh5",
    "g6+"
  ],
  "statePieceCount": 13,
  "endPieceCount": 9,
  "boardState": [
    {
      "square": "g8",
      "type": "k",
      "color": "b"
    },
    {
      "square": "c7",
      "type": "r",
      "color": "b"
    },
    {
      "square": "g7",
      "type": "p",
      "color": "b"
    },
    {
      "square": "e6",
      "type": "p",
      "color": "b"
    },
    {
      "square": "c5",
      "type": "p",
      "color": "w"
    },
    {
      "square": "e5",
      "type": "p",
      "color": "b"
    },
    {
      "square": "a4",
      "type": "q",
      "color": "b"
    },
    {
      "square": "d4",
      "type": "n",
      "color": "b"
    },
    {
      "square": "b3",
      "type": "n",
      "color": "w"
    },
    {
      "square": "e3",
      "type": "b",
      "color": "w"
    },
    {
      "square": "b2",
      "type": "k",
      "color": "w"
    },
    {
      "square": "c2",
      "type": "p",
      "color": "w"
    },
    {
      "square": "f1",
      "type": "q",
      "color": "w"
    }
  ]
}