{
  "event": "Magnus Carlsen Chess Tour Finals",
  "site": "chess24.com INT",
  "date": "2020.08.18",
  "eventDate": "2020.08.09",
  "dateMillis": 1597680000000,
  "eventDateMillis": 1596902400000,
  "round": "2.55",
  "result": "0-1",
  "white": "Hikaru Nakamura",
  "black": "Magnus Carlsen",
  "isCarlsenWin": true,
  "isDraw": false,
  "isCarlsenBlack": true,
  "moves": [
    "gxf6",
    "Qxc2",
    "Qxh4+",
    "Kg1",
    "Qe1+",
    "Kh2",
    "Qe5+",
    "Kh1",
    "Kg7",
    "Qc6",
    "d4",
    "Qb7+",
    "Kh6",
    "Qxa7",
    "d3",
    "Qd7",
    "Qe1+",
    "Kh2",
    "d2",
    "Qd8",
    "Qh4+",
    "Kg1",
    "Qf4",
    "Qh8+",
    "Kg5",
    "Qg8+",
    "Kh4",
    "Qd5",
    "Qe3+",
    "Kh2",
    "Qe5+",
    "g3+",
    "Qxg3+",
    "Kh1",
    "Qe1+",
    "Kg2",
    "Qe2+"
  ],
  "statePieceCount": 13,
  "endPieceCount": 8,
  "boardState": [
    {
      "square": "g8",
      "type": "k",
      "color": "b"
    },
    {
      "square": "a7",
      "type": "p",
      "color": "b"
    },
    {
      "square": "g7",
      "type": "p",
      "color": "b"
    },
    {
      "square": "b6",
      "type": "p",
      "color": "b"
    },
    {
      "square": "f6",
      "type": "b",
      "color": "w"
    },
    {
      "square": "d5",
      "type": "p",
      "color": "b"
    },
    {
      "square": "h5",
      "type": "p",
      "color": "b"
    },
    {
      "square": "g4",
      "type": "q",
      "color": "b"
    },
    {
      "square": "h4",
      "type": "p",
      "color": "w"
    },
    {
      "square": "c2",
      "type": "b",
      "color": "b"
    },
    {
      "square": "f2",
      "type": "q",
      "color": "w"
    },
    {
      "square": "g2",
      "type": "p",
      "color": "w"
    },
    {
      "square": "h2",
      "type": "k",
      "color": "w"
    }
  ],
  "nextTurn": "b"
}