{
  "event": "St. Louis Rapid & Blitz",
  "site": "lichess.org INT",
  "date": "2020.09.19",
  "eventDate": "2020.09.18",
  "dateMillis": 1600444800000,
  "eventDateMillis": 1600358400000,
  "round": "11.1",
  "result": "1/2-1/2",
  "white": "Magnus Carlsen",
  "black": "Ian Nepomniachtchi",
  "isCarlsenWin": false,
  "isDraw": true,
  "isCarlsenBlack": false,
  "moves": [
    "g6",
    "Kf3+",
    "Kd6",
    "h3",
    "Ra4",
    "g4",
    "hxg4+",
    "hxg4",
    "Ne7",
    "Ke4",
    "Nc6",
    "Rh2",
    "Ra1",
    "Rh6",
    "Re1+",
    "Kf3",
    "Rf1+",
    "Kg3",
    "Rg1+",
    "Kh4",
    "Rh1+",
    "Kg5",
    "Rxh6",
    "Kxh6",
    "Kd5",
    "Kxg6",
    "Ke4",
    "Rd1",
    "Kxf4",
    "g5",
    "Ne5+",
    "Kh5",
    "Ke4",
    "Re1+",
    "Kf5",
    "Rf1+",
    "Ke4",
    "Re1+",
    "Kf5",
    "Kh6",
    "Nf7+",
    "Kh5",
    "Ne5"
  ],
  "statePieceCount": 13,
  "endPieceCount": 7,
  "boardState": [
    {
      "square": "a7",
      "type": "p",
      "color": "b"
    },
    {
      "square": "g7",
      "type": "p",
      "color": "b"
    },
    {
      "square": "e6",
      "type": "k",
      "color": "b"
    },
    {
      "square": "a5",
      "type": "r",
      "color": "b"
    },
    {
      "square": "f5",
      "type": "n",
      "color": "b"
    },
    {
      "square": "h5",
      "type": "p",
      "color": "b"
    },
    {
      "square": "d4",
      "type": "p",
      "color": "b"
    },
    {
      "square": "e4",
      "type": "k",
      "color": "w"
    },
    {
      "square": "f4",
      "type": "p",
      "color": "w"
    },
    {
      "square": "d3",
      "type": "r",
      "color": "w"
    },
    {
      "square": "g3",
      "type": "p",
      "color": "w"
    },
    {
      "square": "e2",
      "type": "r",
      "color": "w"
    },
    {
      "square": "h2",
      "type": "p",
      "color": "w"
    }
  ],
  "nextTurn": "b"
}