{
  "event": "Norway Chess",
  "site": "Stavanger NOR",
  "date": "2020.10.15",
  "eventDate": "2020.10.05",
  "dateMillis": 1602691200000,
  "eventDateMillis": 1601827200000,
  "round": "9.1",
  "result": "0-1",
  "white": "Alireza Firouzja",
  "black": "Magnus Carlsen",
  "isCarlsenWin": true,
  "isDraw": false,
  "isCarlsenBlack": true,
  "moves": [
    "Kf3",
    "Bd4",
    "g4",
    "hxg4+",
    "Kxg4",
    "Nf2+",
    "Kf3",
    "Kh6",
    "Ng3",
    "Nd3",
    "Be8",
    "Nf4",
    "Ne2",
    "Ne6",
    "Bf7",
    "Nc5",
    "Ng3",
    "Bc3",
    "h5",
    "Be1",
    "Bxg6",
    "Bxg3",
    "Kxg3",
    "Kg5",
    "Kf3",
    "Nb3",
    "Bf7",
    "Nd4+",
    "Kg3",
    "Ne2+",
    "Kf3",
    "Nf4",
    "Kg3",
    "Nxh5+",
    "Bxh5",
    "Kxh5",
    "Kh3",
    "Kh6",
    "Kh4",
    "Kg7",
    "Kg3",
    "Kf8",
    "Kf2",
    "Ke7",
    "Ke2",
    "Ke8",
    "Ke3",
    "Kd7",
    "Kd3",
    "Kd6",
    "Kc3",
    "Kc5"
  ],
  "statePieceCount": 13,
  "endPieceCount": 5,
  "boardState": [
    {
      "square": "g7",
      "type": "k",
      "color": "b"
    },
    {
      "square": "f6",
      "type": "p",
      "color": "b"
    },
    {
      "square": "g6",
      "type": "p",
      "color": "b"
    },
    {
      "square": "e5",
      "type": "p",
      "color": "b"
    },
    {
      "square": "h5",
      "type": "p",
      "color": "b"
    },
    {
      "square": "a4",
      "type": "b",
      "color": "w"
    },
    {
      "square": "e4",
      "type": "p",
      "color": "w"
    },
    {
      "square": "h4",
      "type": "p",
      "color": "w"
    },
    {
      "square": "c3",
      "type": "b",
      "color": "b"
    },
    {
      "square": "g3",
      "type": "p",
      "color": "w"
    },
    {
      "square": "e2",
      "type": "k",
      "color": "w"
    },
    {
      "square": "f1",
      "type": "n",
      "color": "w"
    },
    {
      "square": "h1",
      "type": "n",
      "color": "b"
    }
  ],
  "nextTurn": "w"
}