{
  "event": "Skilling Open",
  "site": "chess24.com INT",
  "date": "2020.11.26",
  "eventDate": "2020.11.25",
  "dateMillis": 1606320000000,
  "eventDateMillis": 1606233600000,
  "round": "1.22",
  "result": "1/2-1/2",
  "white": "Magnus Carlsen",
  "black": "Anish Giri",
  "isCarlsenWin": false,
  "isDraw": true,
  "isCarlsenBlack": false,
  "moves": [
    "h5",
    "gxh5",
    "Qe3",
    "Qa5",
    "Qg5+",
    "Kf8",
    "Qh6+",
    "Kg8",
    "Qg5+",
    "Kf8",
    "Qh6+",
    "Kg8",
    "Qg5+",
    "Kf8"
  ],
  "statePieceCount": 13,
  "endPieceCount": 12,
  "boardState": [
    {
      "square": "a7",
      "type": "p",
      "color": "w"
    },
    {
      "square": "f7",
      "type": "p",
      "color": "b"
    },
    {
      "square": "g7",
      "type": "k",
      "color": "b"
    },
    {
      "square": "e6",
      "type": "p",
      "color": "b"
    },
    {
      "square": "g6",
      "type": "p",
      "color": "b"
    },
    {
      "square": "c5",
      "type": "q",
      "color": "w"
    },
    {
      "square": "e5",
      "type": "p",
      "color": "w"
    },
    {
      "square": "b4",
      "type": "p",
      "color": "b"
    },
    {
      "square": "g4",
      "type": "p",
      "color": "b"
    },
    {
      "square": "h4",
      "type": "p",
      "color": "w"
    },
    {
      "square": "a2",
      "type": "q",
      "color": "b"
    },
    {
      "square": "f2",
      "type": "p",
      "color": "w"
    },
    {
      "square": "h2",
      "type": "k",
      "color": "w"
    }
  ],
  "nextTurn": "w"
}