{
  "event": "Skilling Open",
  "site": "chess24.com INT",
  "date": "2020.11.25",
  "eventDate": "2020.11.25",
  "dateMillis": 1606233600000,
  "eventDateMillis": 1606233600000,
  "round": "1.11",
  "result": "1/2-1/2",
  "white": "Magnus Carlsen",
  "black": "Anish Giri",
  "isCarlsenWin": false,
  "isDraw": true,
  "isCarlsenBlack": false,
  "moves": [
    "Rxf6",
    "Rg4",
    "Rf2",
    "Bc6",
    "Nf3",
    "Bd5",
    "a3",
    "b5",
    "Kd2",
    "Kb7",
    "Ne5",
    "Rxg2",
    "Rxg2",
    "Bxg2",
    "b4",
    "a5",
    "Kc3",
    "axb4+",
    "axb4",
    "Kb6",
    "Kd4",
    "Bh3",
    "Nd3",
    "Kc6",
    "Ke5",
    "Bg4",
    "Nc5",
    "Bh3",
    "Nb3",
    "Kb6",
    "Nc5",
    "Kc6",
    "Nb3",
    "Kb6",
    "Nc5",
    "Kc6"
  ],
  "statePieceCount": 13,
  "endPieceCount": 7,
  "boardState": [
    {
      "square": "b8",
      "type": "k",
      "color": "b"
    },
    {
      "square": "b7",
      "type": "p",
      "color": "b"
    },
    {
      "square": "c7",
      "type": "p",
      "color": "b"
    },
    {
      "square": "a6",
      "type": "p",
      "color": "b"
    },
    {
      "square": "f6",
      "type": "p",
      "color": "b"
    },
    {
      "square": "b5",
      "type": "b",
      "color": "b"
    },
    {
      "square": "f5",
      "type": "r",
      "color": "w"
    },
    {
      "square": "d4",
      "type": "r",
      "color": "b"
    },
    {
      "square": "a2",
      "type": "p",
      "color": "w"
    },
    {
      "square": "b2",
      "type": "p",
      "color": "w"
    },
    {
      "square": "g2",
      "type": "p",
      "color": "w"
    },
    {
      "square": "c1",
      "type": "k",
      "color": "w"
    },
    {
      "square": "e1",
      "type": "n",
      "color": "w"
    }
  ],
  "nextTurn": "w"
}