{
  "event": "Skilling Open",
  "site": "chess24.com INT",
  "date": "2020.11.22",
  "eventDate": "2020.11.22",
  "dateMillis": 1605974400000,
  "eventDateMillis": 1605974400000,
  "round": "2",
  "result": "1/2-1/2",
  "white": "Maxime Vachier-Lagrave",
  "black": "Magnus Carlsen",
  "isCarlsenWin": false,
  "isDraw": true,
  "isCarlsenBlack": true,
  "moves": [
    "Rxa1",
    "Kxa1",
    "Bf2",
    "e6",
    "fxe6",
    "Kb2",
    "Bxh4",
    "Bf6",
    "Bf2",
    "Kc2",
    "Bc5",
    "Kd3",
    "Bd6",
    "Ke4",
    "Kd7",
    "Kd4",
    "Kc6",
    "Kd3",
    "Kc5",
    "Bd4+",
    "Kb4",
    "Bc3+",
    "Kb3",
    "Bd4",
    "c5",
    "Bf6",
    "e5",
    "Bd8",
    "e4+",
    "Kxe4",
    "Kxc4",
    "Bf6",
    "Bg3",
    "Be7",
    "Kb5",
    "Kd5",
    "c4",
    "Bf6",
    "Bf2",
    "Ke6",
    "Kc5",
    "Kf7",
    "Bd4",
    "Be7+",
    "Kb5",
    "Bf6",
    "Kc5",
    "Be7+",
    "Kd5",
    "Bb4",
    "Be3",
    "Kxg6",
    "c3",
    "Bxc3",
    "Bxg5"
  ],
  "statePieceCount": 13,
  "endPieceCount": 4,
  "boardState": [
    {
      "square": "e8",
      "type": "k",
      "color": "b"
    },
    {
      "square": "c7",
      "type": "p",
      "color": "b"
    },
    {
      "square": "f7",
      "type": "p",
      "color": "b"
    },
    {
      "square": "g6",
      "type": "p",
      "color": "b"
    },
    {
      "square": "c5",
      "type": "b",
      "color": "b"
    },
    {
      "square": "e5",
      "type": "p",
      "color": "w"
    },
    {
      "square": "g5",
      "type": "p",
      "color": "w"
    },
    {
      "square": "c4",
      "type": "p",
      "color": "w"
    },
    {
      "square": "h4",
      "type": "p",
      "color": "w"
    },
    {
      "square": "a3",
      "type": "r",
      "color": "b"
    },
    {
      "square": "c3",
      "type": "b",
      "color": "w"
    },
    {
      "square": "b2",
      "type": "k",
      "color": "w"
    },
    {
      "square": "a1",
      "type": "r",
      "color": "w"
    }
  ],
  "nextTurn": "b"
}