{
  "event": "Skilling Open",
  "site": "chess24.com INT",
  "date": "2020.11.29",
  "eventDate": "2020.11.25",
  "dateMillis": 1606579200000,
  "eventDateMillis": 1606233600000,
  "round": "3.12",
  "result": "1-0",
  "white": "Wesley So",
  "black": "Magnus Carlsen",
  "isCarlsenWin": false,
  "isDraw": false,
  "isCarlsenBlack": true,
  "moves": [
    "Qf5",
    "Qd4",
    "Qc2",
    "Qg7+",
    "Kh1",
    "Qe5",
    "Bd3",
    "Bc7",
    "Kg2",
    "Qh2+",
    "Kf1",
    "Qxh3+",
    "Ke2",
    "Qe6+",
    "Be4",
    "Be5",
    "Qa2",
    "Qd6",
    "Qa7+",
    "Kf6",
    "Qh7",
    "Qd2+",
    "Kf1",
    "Bd4",
    "Qg6+",
    "Ke7",
    "Qg3",
    "Bf6",
    "Qc7+",
    "Qd7",
    "Qf4",
    "h5",
    "Qe3",
    "Qd4",
    "Qf4",
    "Qd6",
    "Qe3",
    "c5",
    "Bg6+",
    "Kd8",
    "Qe8+",
    "Kc7",
    "Be4",
    "h4",
    "Kg2",
    "Qd7",
    "Qh5",
    "Kb6",
    "f4",
    "Qe6",
    "Qg6",
    "Ka5",
    "Bf5",
    "Qd6",
    "Qe8",
    "Kb6",
    "Be4",
    "Kc7",
    "Qa8",
    "Qxf4",
    "Qc6+",
    "Kd8",
    "Qd5+",
    "Ke8",
    "Bg6+",
    "Ke7",
    "Qxc5+",
    "Qd6",
    "Qe3+",
    "Kf8",
    "Qe8+",
    "Kg7",
    "Qf7+",
    "Kh6",
    "Qh7+",
    "Kg5",
    "Qh5+"
  ],
  "statePieceCount": 13,
  "endPieceCount": 10,
  "boardState": [
    {
      "square": "c8",
      "type": "q",
      "color": "w"
    },
    {
      "square": "e7",
      "type": "k",
      "color": "b"
    },
    {
      "square": "b6",
      "type": "b",
      "color": "b"
    },
    {
      "square": "c6",
      "type": "p",
      "color": "b"
    },
    {
      "square": "d6",
      "type": "q",
      "color": "b"
    },
    {
      "square": "h6",
      "type": "p",
      "color": "b"
    },
    {
      "square": "b3",
      "type": "p",
      "color": "w"
    },
    {
      "square": "c3",
      "type": "p",
      "color": "b"
    },
    {
      "square": "f3",
      "type": "p",
      "color": "w"
    },
    {
      "square": "h3",
      "type": "p",
      "color": "w"
    },
    {
      "square": "f2",
      "type": "p",
      "color": "w"
    },
    {
      "square": "g2",
      "type": "k",
      "color": "w"
    },
    {
      "square": "f1",
      "type": "b",
      "color": "w"
    }
  ],
  "nextTurn": "w"
}