{
  "event": "Skilling Open",
  "site": "chess24.com INT",
  "date": "2020.11.30",
  "eventDate": "2020.11.25",
  "dateMillis": 1606665600000,
  "eventDateMillis": 1606233600000,
  "round": "3.31",
  "result": "1-0",
  "white": "Wesley So",
  "black": "Magnus Carlsen",
  "isCarlsenWin": false,
  "isDraw": false,
  "isCarlsenBlack": true,
  "moves": [
    "Bxf1",
    "Bxc6",
    "b5",
    "Bd7",
    "a6",
    "bxa6",
    "bxa6",
    "d3",
    "Bxd3",
    "Ke5",
    "a7",
    "Bc6",
    "Bf1"
  ],
  "statePieceCount": 13,
  "endPieceCount": 8,
  "boardState": [
    {
      "square": "b7",
      "type": "p",
      "color": "b"
    },
    {
      "square": "c6",
      "type": "p",
      "color": "w"
    },
    {
      "square": "e6",
      "type": "p",
      "color": "b"
    },
    {
      "square": "f6",
      "type": "k",
      "color": "b"
    },
    {
      "square": "a5",
      "type": "p",
      "color": "w"
    },
    {
      "square": "b5",
      "type": "b",
      "color": "w"
    },
    {
      "square": "g5",
      "type": "p",
      "color": "b"
    },
    {
      "square": "b4",
      "type": "p",
      "color": "w"
    },
    {
      "square": "d4",
      "type": "p",
      "color": "b"
    },
    {
      "square": "f3",
      "type": "b",
      "color": "b"
    },
    {
      "square": "g3",
      "type": "p",
      "color": "w"
    },
    {
      "square": "f2",
      "type": "k",
      "color": "w"
    },
    {
      "square": "f1",
      "type": "r",
      "color": "b"
    }
  ],
  "nextTurn": "w"
}