{
  "event": "Skilling Open",
  "site": "chess24.com INT",
  "date": "2020.11.27",
  "eventDate": "2020.11.25",
  "dateMillis": 1606406400000,
  "eventDateMillis": 1606233600000,
  "round": "2.12",
  "result": "1/2-1/2",
  "white": "Ian Nepomniachtchi",
  "black": "Magnus Carlsen",
  "isCarlsenWin": false,
  "isDraw": true,
  "isCarlsenBlack": true,
  "moves": [
    "Kxg4",
    "Nxe4",
    "Ne7+",
    "Kd6",
    "Ng6",
    "Nf6+",
    "Kf5",
    "Nd5",
    "Nxe5",
    "bxa4",
    "bxa4",
    "Nxb4",
    "Ng6",
    "Nd5",
    "Nxf4",
    "Ne3+",
    "Ke4",
    "Nxg2",
    "Nxg2",
    "Kc5"
  ],
  "statePieceCount": 13,
  "endPieceCount": 4,
  "boardState": [
    {
      "square": "c6",
      "type": "k",
      "color": "b"
    },
    {
      "square": "d6",
      "type": "n",
      "color": "b"
    },
    {
      "square": "b5",
      "type": "p",
      "color": "b"
    },
    {
      "square": "d5",
      "type": "n",
      "color": "w"
    },
    {
      "square": "e5",
      "type": "p",
      "color": "b"
    },
    {
      "square": "a4",
      "type": "p",
      "color": "w"
    },
    {
      "square": "b4",
      "type": "p",
      "color": "w"
    },
    {
      "square": "e4",
      "type": "p",
      "color": "w"
    },
    {
      "square": "f4",
      "type": "p",
      "color": "b"
    },
    {
      "square": "g4",
      "type": "p",
      "color": "b"
    },
    {
      "square": "b3",
      "type": "p",
      "color": "w"
    },
    {
      "square": "f3",
      "type": "k",
      "color": "w"
    },
    {
      "square": "g2",
      "type": "p",
      "color": "w"
    }
  ],
  "nextTurn": "w"
}