{
  "event": "Airthings Masters",
  "site": "chess24.com INT",
  "date": "2020.12.29",
  "eventDate": "2020.12.29",
  "dateMillis": 1609171200000,
  "eventDateMillis": 1609171200000,
  "round": "1.13",
  "result": "0-1",
  "white": "Magnus Carlsen",
  "black": "Daniil Dubov",
  "isCarlsenWin": false,
  "isDraw": false,
  "isCarlsenBlack": false,
  "moves": [
    "Qb5",
    "Re6",
    "Re2",
    "Rg6+",
    "Kf2",
    "Qf4",
    "Qb1",
    "Kh6",
    "Qd3",
    "Qxh2+",
    "Ke3",
    "Re6+"
  ],
  "statePieceCount": 13,
  "endPieceCount": 12,
  "boardState": [
    {
      "square": "g7",
      "type": "p",
      "color": "b"
    },
    {
      "square": "h7",
      "type": "k",
      "color": "b"
    },
    {
      "square": "a5",
      "type": "q",
      "color": "w"
    },
    {
      "square": "d5",
      "type": "p",
      "color": "b"
    },
    {
      "square": "f5",
      "type": "q",
      "color": "b"
    },
    {
      "square": "d4",
      "type": "p",
      "color": "w"
    },
    {
      "square": "e3",
      "type": "r",
      "color": "b"
    },
    {
      "square": "f3",
      "type": "p",
      "color": "w"
    },
    {
      "square": "g3",
      "type": "k",
      "color": "w"
    },
    {
      "square": "h3",
      "type": "p",
      "color": "b"
    },
    {
      "square": "a2",
      "type": "p",
      "color": "w"
    },
    {
      "square": "f2",
      "type": "r",
      "color": "w"
    },
    {
      "square": "h2",
      "type": "p",
      "color": "w"
    }
  ],
  "nextTurn": "w"
}