{
  "event": "Airthings Masters",
  "site": "chess24.com INT",
  "date": "2020.12.29",
  "eventDate": "2020.12.29",
  "dateMillis": 1609171200000,
  "eventDateMillis": 1609171200000,
  "round": "1.11",
  "result": "1-0",
  "white": "Magnus Carlsen",
  "black": "Daniil Dubov",
  "isDingWin": true,
  "isDraw": false,
  "isDingBlack": false,
  "moves": [
    "Rc6",
    "a5",
    "Rxc3",
    "Ra4",
    "Rb3",
    "a6",
    "Rb8",
    "Kf1",
    "Kf6",
    "Ke2",
    "Ke6",
    "Kd3",
    "Kd5",
    "Rd4+",
    "Kc6",
    "Rc4+",
    "Kd6",
    "Rf4",
    "f5",
    "Rd4+",
    "Kc6",
    "Rc4+",
    "Kd6",
    "Kd4",
    "Ra8",
    "Ra4",
    "Kc6",
    "Ra2",
    "Kb6",
    "Kd5",
    "Rd8+",
    "Ke6",
    "Ra8",
    "Rb2+",
    "Kxa6",
    "Kd5",
    "Re8",
    "Kc6",
    "Re6+",
    "Kxc7",
    "f4",
    "Kd7",
    "Re1",
    "g4",
    "Rh1",
    "Kc6",
    "Ka5",
    "Kc5",
    "Ka4",
    "Rb4+",
    "Ka3",
    "Rxf4",
    "Rxh2",
    "Rf7",
    "Kb3",
    "f4",
    "Kc3",
    "f5",
    "gxf5",
    "gxf5",
    "Ra2",
    "Kd5",
    "Ra5+",
    "Ke4",
    "Ra4+",
    "Ke5",
    "h5",
    "Rh7",
    "h4",
    "f6",
    "Ra5+",
    "Ke6",
    "Ra6+",
    "Kf5",
    "Ra5+",
    "Kg6",
    "Ra4",
    "f7",
    "Rg4+",
    "Kf5",
    "Rg1",
    "Rxh4"
  ],
  "statePieceCount": 13,
  "endPieceCount": 5,
  "boardState": [
    {
      "square": "c7",
      "type": "p",
      "color": "b"
    },
    {
      "square": "f7",
      "type": "p",
      "color": "b"
    },
    {
      "square": "g7",
      "type": "k",
      "color": "b"
    },
    {
      "square": "h7",
      "type": "p",
      "color": "b"
    },
    {
      "square": "d6",
      "type": "r",
      "color": "b"
    },
    {
      "square": "g6",
      "type": "p",
      "color": "b"
    },
    {
      "square": "a4",
      "type": "p",
      "color": "w"
    },
    {
      "square": "e4",
      "type": "r",
      "color": "w"
    },
    {
      "square": "c3",
      "type": "p",
      "color": "w"
    },
    {
      "square": "g3",
      "type": "p",
      "color": "w"
    },
    {
      "square": "f2",
      "type": "p",
      "color": "w"
    },
    {
      "square": "h2",
      "type": "p",
      "color": "w"
    },
    {
      "square": "g1",
      "type": "k",
      "color": "w"
    }
  ]
}