{
  "event": "Airthings Masters",
  "site": "chess24.com INT",
  "date": "2020.12.28",
  "eventDate": "2020.12.26",
  "dateMillis": 1609084800000,
  "eventDateMillis": 1608912000000,
  "round": "10.5",
  "result": "1-0",
  "white": "Magnus Carlsen",
  "black": "Hikaru Nakamura",
  "isDingWin": true,
  "isDraw": false,
  "isDingBlack": false,
  "moves": [
    "Rxd6",
    "Rc7",
    "Rd2+",
    "Kg1",
    "Bd5",
    "Rd7",
    "Ke6",
    "Rd8",
    "c4",
    "a6",
    "c3",
    "Rxd5"
  ],
  "statePieceCount": 13,
  "endPieceCount": 11,
  "boardState": [
    {
      "square": "d8",
      "type": "r",
      "color": "b"
    },
    {
      "square": "a7",
      "type": "r",
      "color": "w"
    },
    {
      "square": "d6",
      "type": "p",
      "color": "w"
    },
    {
      "square": "f6",
      "type": "k",
      "color": "b"
    },
    {
      "square": "a5",
      "type": "p",
      "color": "w"
    },
    {
      "square": "c5",
      "type": "p",
      "color": "b"
    },
    {
      "square": "g5",
      "type": "p",
      "color": "b"
    },
    {
      "square": "c4",
      "type": "b",
      "color": "b"
    },
    {
      "square": "e4",
      "type": "b",
      "color": "w"
    },
    {
      "square": "h4",
      "type": "p",
      "color": "b"
    },
    {
      "square": "f3",
      "type": "p",
      "color": "w"
    },
    {
      "square": "f2",
      "type": "k",
      "color": "w"
    },
    {
      "square": "g2",
      "type": "p",
      "color": "w"
    }
  ]
}