{
  "event": "Airthings Masters",
  "site": "chess24.com INT",
  "date": "2020.12.27",
  "eventDate": "2020.12.26",
  "dateMillis": 1608998400000,
  "eventDateMillis": 1608912000000,
  "round": "6.6",
  "result": "1/2-1/2",
  "white": "David Anton Guijarro",
  "black": "Magnus Carlsen",
  "isDingWin": false,
  "isDraw": true,
  "isDingBlack": true,
  "moves": [
    "Rc5",
    "g4",
    "h5",
    "Kg2",
    "hxg4",
    "hxg4",
    "g6",
    "Rb2",
    "Rc4",
    "f3",
    "Ba3",
    "Re2",
    "Rc5",
    "Kg3",
    "Kg7",
    "Kf4",
    "Kf6",
    "Ke4",
    "Kg5",
    "Rg2",
    "Rc4+",
    "Kd5",
    "Rc5+",
    "Ke4",
    "Rc4+",
    "Kd5",
    "Rc5+",
    "Ke4"
  ],
  "statePieceCount": 13,
  "endPieceCount": 11,
  "boardState": [
    {
      "square": "c8",
      "type": "r",
      "color": "b"
    },
    {
      "square": "f8",
      "type": "b",
      "color": "b"
    },
    {
      "square": "g8",
      "type": "k",
      "color": "b"
    },
    {
      "square": "a7",
      "type": "n",
      "color": "w"
    },
    {
      "square": "f7",
      "type": "p",
      "color": "b"
    },
    {
      "square": "g7",
      "type": "p",
      "color": "b"
    },
    {
      "square": "h6",
      "type": "p",
      "color": "b"
    },
    {
      "square": "h3",
      "type": "p",
      "color": "w"
    },
    {
      "square": "a2",
      "type": "p",
      "color": "w"
    },
    {
      "square": "d2",
      "type": "r",
      "color": "w"
    },
    {
      "square": "f2",
      "type": "p",
      "color": "w"
    },
    {
      "square": "g2",
      "type": "p",
      "color": "w"
    },
    {
      "square": "h2",
      "type": "k",
      "color": "w"
    }
  ]
}