{
  "event": "Tata Steel",
  "site": "Wijk aan Zee NED",
  "date": "2021.01.21",
  "eventDate": "2021.01.15",
  "dateMillis": 1611158400000,
  "eventDateMillis": 1610640000000,
  "round": "5",
  "result": "1/2-1/2",
  "white": "Magnus Carlsen",
  "black": "Alexander Donchenko",
  "isCarlsenWin": false,
  "isDraw": true,
  "isCarlsenBlack": false,
  "moves": [
    "Ra2+",
    "Kb3",
    "Rxg2",
    "Nc3",
    "Rg3",
    "d6+",
    "Kd7",
    "Ne4",
    "Rxh3",
    "Kc4",
    "Rh1",
    "Kd5",
    "Rc1",
    "Nc5+",
    "Ke8",
    "Ke6",
    "Rxc5",
    "Ra3",
    "Rc8",
    "d7+",
    "Kd8",
    "dxc8=Q+",
    "Kxc8",
    "Ra1",
    "h3",
    "Rh1",
    "h2",
    "Kf5",
    "g5",
    "Kg4",
    "Kd7",
    "Kh3",
    "Ke6",
    "Kg2",
    "Kf5",
    "Kh3",
    "e4",
    "fxe4+",
    "Kxe4",
    "Kg4",
    "Ke3",
    "Rxh2",
    "Bxh2",
    "Kxg5"
  ],
  "statePieceCount": 13,
  "endPieceCount": 3,
  "boardState": [
    {
      "square": "e7",
      "type": "k",
      "color": "b"
    },
    {
      "square": "g7",
      "type": "p",
      "color": "b"
    },
    {
      "square": "a6",
      "type": "r",
      "color": "b"
    },
    {
      "square": "d5",
      "type": "p",
      "color": "w"
    },
    {
      "square": "e5",
      "type": "p",
      "color": "b"
    },
    {
      "square": "f4",
      "type": "b",
      "color": "b"
    },
    {
      "square": "h4",
      "type": "p",
      "color": "b"
    },
    {
      "square": "d3",
      "type": "r",
      "color": "w"
    },
    {
      "square": "f3",
      "type": "p",
      "color": "w"
    },
    {
      "square": "h3",
      "type": "p",
      "color": "w"
    },
    {
      "square": "c2",
      "type": "k",
      "color": "w"
    },
    {
      "square": "g2",
      "type": "p",
      "color": "w"
    },
    {
      "square": "b1",
      "type": "n",
      "color": "w"
    }
  ],
  "nextTurn": "b"
}