{
  "event": "Opera Euro Rapid",
  "site": "chess24.com INT",
  "date": "2021.02.08",
  "eventDate": "2021.02.06",
  "dateMillis": 1612713600000,
  "eventDateMillis": 1612540800000,
  "round": "12.2",
  "result": "1/2-1/2",
  "white": "Magnus Carlsen",
  "black": "Teimour Radjabov",
  "isCarlsenWin": false,
  "isDraw": true,
  "isCarlsenBlack": false,
  "moves": [
    "gxf5",
    "b4+",
    "axb4",
    "axb4+",
    "Kd2",
    "Bh5",
    "Bb2",
    "Kd6",
    "f6",
    "Ke6",
    "Nc2",
    "Ne4+",
    "Ke3",
    "Nxf6",
    "Bxf6",
    "b3",
    "Nd4+",
    "Kxf6",
    "Nxb3",
    "Bf7",
    "Nd4",
    "Ke5",
    "Nf3+",
    "Kf5",
    "Nd4+",
    "Ke5",
    "Nf3+",
    "Kf5",
    "Nd4+",
    "Ke5"
  ],
  "statePieceCount": 13,
  "endPieceCount": 6,
  "boardState": [
    {
      "square": "h7",
      "type": "p",
      "color": "b"
    },
    {
      "square": "c6",
      "type": "k",
      "color": "b"
    },
    {
      "square": "a5",
      "type": "p",
      "color": "b"
    },
    {
      "square": "b5",
      "type": "p",
      "color": "b"
    },
    {
      "square": "c5",
      "type": "n",
      "color": "b"
    },
    {
      "square": "e5",
      "type": "b",
      "color": "w"
    },
    {
      "square": "f5",
      "type": "p",
      "color": "b"
    },
    {
      "square": "g4",
      "type": "p",
      "color": "w"
    },
    {
      "square": "a3",
      "type": "p",
      "color": "w"
    },
    {
      "square": "c3",
      "type": "k",
      "color": "w"
    },
    {
      "square": "e3",
      "type": "n",
      "color": "w"
    },
    {
      "square": "e2",
      "type": "b",
      "color": "b"
    },
    {
      "square": "h2",
      "type": "p",
      "color": "w"
    }
  ],
  "nextTurn": "w"
}