{
  "event": "Opera Euro Rapid",
  "site": "chess24.com INT",
  "date": "2021.02.07",
  "eventDate": "2021.02.06",
  "dateMillis": 1612627200000,
  "eventDateMillis": 1612540800000,
  "round": "7.5",
  "result": "1/2-1/2",
  "white": "Alexander Grischuk",
  "black": "Magnus Carlsen",
  "isDingWin": false,
  "isDraw": true,
  "isDingBlack": true,
  "moves": [
    "R1xd2",
    "Rxa4",
    "Rd8",
    "Re4",
    "Rg8+",
    "Kh5",
    "Ra8",
    "Rf5",
    "Kh2",
    "g4",
    "Ra2",
    "Ree5",
    "Ra4",
    "Rg5",
    "hxg4+",
    "Rxg4",
    "R4xa5",
    "Rxa5",
    "Rxa5+",
    "Rg5",
    "Ra3",
    "Kg6",
    "Ra6+",
    "Kh5",
    "Ra3",
    "Kg6",
    "Ra6+",
    "Kh5",
    "Ra3"
  ],
  "statePieceCount": 13,
  "endPieceCount": 6,
  "boardState": [
    {
      "square": "f6",
      "type": "r",
      "color": "b"
    },
    {
      "square": "g6",
      "type": "k",
      "color": "b"
    },
    {
      "square": "h6",
      "type": "p",
      "color": "b"
    },
    {
      "square": "a5",
      "type": "p",
      "color": "b"
    },
    {
      "square": "d5",
      "type": "r",
      "color": "w"
    },
    {
      "square": "g5",
      "type": "p",
      "color": "b"
    },
    {
      "square": "a4",
      "type": "p",
      "color": "w"
    },
    {
      "square": "c4",
      "type": "r",
      "color": "b"
    },
    {
      "square": "g3",
      "type": "k",
      "color": "w"
    },
    {
      "square": "h3",
      "type": "p",
      "color": "w"
    },
    {
      "square": "d2",
      "type": "p",
      "color": "b"
    },
    {
      "square": "g2",
      "type": "p",
      "color": "w"
    },
    {
      "square": "d1",
      "type": "r",
      "color": "w"
    }
  ]
}