{
  "event": "Opera Euro Rapid",
  "site": "chess24.com INT",
  "date": "2021.02.06",
  "eventDate": "2021.02.06",
  "dateMillis": 1612540800000,
  "eventDateMillis": 1612540800000,
  "round": "5.4",
  "result": "0-1",
  "white": "Leinier Dominguez Perez",
  "black": "Magnus Carlsen",
  "isCarlsenWin": true,
  "isDraw": false,
  "isCarlsenBlack": true,
  "moves": [
    "Kd1",
    "Kf6",
    "Ke1",
    "Bd5",
    "a3",
    "bxa3",
    "bxa3",
    "Be4",
    "Rxe3",
    "Bxc2",
    "Kd2",
    "Rxe3",
    "Kxe3",
    "Ke5",
    "Bf3",
    "Bf5",
    "Bc6",
    "Kd6",
    "Bf3",
    "Kc5",
    "Be2",
    "Bg6",
    "Bf1",
    "Bh5",
    "Ke4",
    "Bd1",
    "Ke3",
    "g4",
    "Ba6",
    "Bf3",
    "Bf1",
    "Bc6",
    "Kf4",
    "Kd4",
    "Kxg4",
    "Kc3",
    "Kf5",
    "Kb2",
    "Ke5",
    "Kxa3",
    "Kd6",
    "Be8",
    "Kc5",
    "a4",
    "Bc4",
    "Kb2",
    "Kb4",
    "a3",
    "Bd5",
    "Bg6",
    "Be6",
    "Bb1",
    "Bd5",
    "Ba2",
    "Be4",
    "Bf7",
    "Bb1",
    "Bb3"
  ],
  "statePieceCount": 13,
  "endPieceCount": 5,
  "boardState": [
    {
      "square": "b7",
      "type": "b",
      "color": "b"
    },
    {
      "square": "f7",
      "type": "k",
      "color": "b"
    },
    {
      "square": "a5",
      "type": "p",
      "color": "b"
    },
    {
      "square": "e5",
      "type": "r",
      "color": "b"
    },
    {
      "square": "g5",
      "type": "p",
      "color": "b"
    },
    {
      "square": "b4",
      "type": "p",
      "color": "b"
    },
    {
      "square": "g4",
      "type": "b",
      "color": "w"
    },
    {
      "square": "e3",
      "type": "p",
      "color": "b"
    },
    {
      "square": "g3",
      "type": "r",
      "color": "w"
    },
    {
      "square": "a2",
      "type": "p",
      "color": "w"
    },
    {
      "square": "b2",
      "type": "p",
      "color": "w"
    },
    {
      "square": "c2",
      "type": "p",
      "color": "w"
    },
    {
      "square": "c1",
      "type": "k",
      "color": "w"
    }
  ],
  "nextTurn": "w"
}