{
  "event": "Opera Euro Rapid",
  "site": "chess24.com INT",
  "date": "2021.02.11",
  "eventDate": "2021.02.09",
  "dateMillis": 1612972800000,
  "eventDateMillis": 1612800000000,
  "round": "2.13",
  "result": "1-0",
  "white": "Magnus Carlsen",
  "black": "Maxime Vachier-Lagrave",
  "isDingWin": true,
  "isDraw": false,
  "isDingBlack": false,
  "moves": [
    "Kh8",
    "Bd4+",
    "Rxd4",
    "cxd4",
    "Bxd4",
    "Bf5",
    "Ra7",
    "Rxc4",
    "Bf6",
    "h4",
    "Kg7",
    "Kg4",
    "Be7",
    "Kh5",
    "Ra5",
    "g4",
    "Ra7",
    "Rc6",
    "Bf8",
    "g5",
    "Rb7",
    "Bc2",
    "Bb4",
    "Kg4",
    "Bd2",
    "Rh6",
    "Kg8",
    "Rd6",
    "Bc1",
    "Be4",
    "Rc7",
    "Rd8+",
    "Kf7",
    "Bxh7"
  ],
  "statePieceCount": 13,
  "endPieceCount": 8,
  "boardState": [
    {
      "square": "d8",
      "type": "r",
      "color": "b"
    },
    {
      "square": "g8",
      "type": "k",
      "color": "b"
    },
    {
      "square": "c7",
      "type": "r",
      "color": "w"
    },
    {
      "square": "h7",
      "type": "p",
      "color": "b"
    },
    {
      "square": "e6",
      "type": "b",
      "color": "w"
    },
    {
      "square": "a4",
      "type": "r",
      "color": "b"
    },
    {
      "square": "c4",
      "type": "p",
      "color": "b"
    },
    {
      "square": "c3",
      "type": "p",
      "color": "w"
    },
    {
      "square": "e3",
      "type": "b",
      "color": "w"
    },
    {
      "square": "f3",
      "type": "k",
      "color": "w"
    },
    {
      "square": "b2",
      "type": "b",
      "color": "b"
    },
    {
      "square": "g2",
      "type": "p",
      "color": "w"
    },
    {
      "square": "h2",
      "type": "p",
      "color": "w"
    }
  ]
}