{
  "event": "Opera Euro Rapid",
  "site": "chess24.com INT",
  "date": "2021.02.09",
  "eventDate": "2021.02.09",
  "dateMillis": 1612800000000,
  "eventDateMillis": 1612800000000,
  "round": "1.12",
  "result": "1/2-1/2",
  "white": "Daniil Dubov",
  "black": "Magnus Carlsen",
  "isDingWin": false,
  "isDraw": true,
  "isDingBlack": true,
  "moves": [
    "Kg7",
    "Kf2",
    "Kh6",
    "g4",
    "f5",
    "gxf5",
    "Kxh5",
    "Rd1",
    "Kg5",
    "Be4",
    "Kf4",
    "Bb1",
    "Ke5",
    "Rd3",
    "Rf8",
    "Re3+",
    "Kd6",
    "Rd3",
    "Ke5",
    "Re3+",
    "Kd6",
    "Rd3",
    "Ke5"
  ],
  "statePieceCount": 13,
  "endPieceCount": 11,
  "boardState": [
    {
      "square": "d8",
      "type": "r",
      "color": "b"
    },
    {
      "square": "g8",
      "type": "k",
      "color": "b"
    },
    {
      "square": "a7",
      "type": "p",
      "color": "b"
    },
    {
      "square": "b7",
      "type": "b",
      "color": "w"
    },
    {
      "square": "b6",
      "type": "p",
      "color": "b"
    },
    {
      "square": "f6",
      "type": "p",
      "color": "b"
    },
    {
      "square": "h5",
      "type": "p",
      "color": "w"
    },
    {
      "square": "d4",
      "type": "n",
      "color": "b"
    },
    {
      "square": "a3",
      "type": "p",
      "color": "w"
    },
    {
      "square": "g3",
      "type": "p",
      "color": "w"
    },
    {
      "square": "b2",
      "type": "p",
      "color": "w"
    },
    {
      "square": "e1",
      "type": "r",
      "color": "w"
    },
    {
      "square": "g1",
      "type": "k",
      "color": "w"
    }
  ]
}