{
  "event": "Opera Euro Rapid",
  "site": "chess24.com INT",
  "date": "2021.02.13",
  "eventDate": "2021.02.09",
  "dateMillis": 1613145600000,
  "eventDateMillis": 1612800000000,
  "round": "3.12",
  "result": "0-1",
  "white": "Wesley So",
  "black": "Magnus Carlsen",
  "isCarlsenWin": true,
  "isDraw": false,
  "isCarlsenBlack": true,
  "moves": [
    "Rxb3",
    "Kg2",
    "Kf7",
    "Bd2",
    "Be5",
    "Bf4",
    "Bxf4",
    "gxf4",
    "Rb7",
    "Ra2",
    "Ra7",
    "Kg3",
    "Ra4",
    "Kh4",
    "Kg6",
    "Kg3",
    "Kf6",
    "h3",
    "h5",
    "Kh4",
    "Kg6",
    "Kg3",
    "Kg7",
    "Kf3",
    "h4",
    "Ke2",
    "Kf6",
    "Kd1",
    "Ke6",
    "Kc1",
    "Kd5",
    "Kb1",
    "Ke4",
    "Rd2",
    "Kf3",
    "Ka2",
    "Kg2"
  ],
  "statePieceCount": 13,
  "endPieceCount": 10,
  "boardState": [
    {
      "square": "g8",
      "type": "k",
      "color": "b"
    },
    {
      "square": "h7",
      "type": "p",
      "color": "b"
    },
    {
      "square": "b5",
      "type": "r",
      "color": "b"
    },
    {
      "square": "f5",
      "type": "p",
      "color": "b"
    },
    {
      "square": "a3",
      "type": "p",
      "color": "b"
    },
    {
      "square": "b3",
      "type": "p",
      "color": "w"
    },
    {
      "square": "c3",
      "type": "b",
      "color": "b"
    },
    {
      "square": "e3",
      "type": "b",
      "color": "w"
    },
    {
      "square": "g3",
      "type": "p",
      "color": "w"
    },
    {
      "square": "c2",
      "type": "r",
      "color": "w"
    },
    {
      "square": "f2",
      "type": "p",
      "color": "w"
    },
    {
      "square": "h2",
      "type": "p",
      "color": "w"
    },
    {
      "square": "f1",
      "type": "k",
      "color": "w"
    }
  ],
  "nextTurn": "b"
}