{
  "event": "Opera Euro Rapid",
  "site": "chess24.com INT",
  "date": "2021.02.14",
  "eventDate": "2021.02.09",
  "dateMillis": 1613232000000,
  "eventDateMillis": 1612800000000,
  "round": "3.23",
  "result": "1/2-1/2",
  "white": "Wesley So",
  "black": "Magnus Carlsen",
  "isCarlsenWin": false,
  "isDraw": true,
  "isCarlsenBlack": true,
  "moves": [
    "Kf2",
    "h5",
    "Ne3",
    "b5",
    "Nf1",
    "h4",
    "Ra7",
    "Rh8",
    "Rf7",
    "h3",
    "Ng3",
    "h2",
    "Rxf5+",
    "Kg4",
    "Rf6",
    "h1=N+",
    "Nxh1",
    "Rxh1",
    "Rxc6",
    "Kf4",
    "Rf6+",
    "Ke5",
    "Rf8",
    "Rh2+",
    "Ke3",
    "Rxb2",
    "b4",
    "Rh2",
    "Re8+",
    "Kd5",
    "Rd8+",
    "Ke5",
    "Re8+",
    "Kd5",
    "Rd8+",
    "Ke5",
    "Re8+"
  ],
  "statePieceCount": 13,
  "endPieceCount": 8,
  "boardState": [
    {
      "square": "d8",
      "type": "r",
      "color": "b"
    },
    {
      "square": "b7",
      "type": "p",
      "color": "b"
    },
    {
      "square": "h7",
      "type": "p",
      "color": "b"
    },
    {
      "square": "c6",
      "type": "p",
      "color": "b"
    },
    {
      "square": "a5",
      "type": "r",
      "color": "w"
    },
    {
      "square": "f5",
      "type": "p",
      "color": "b"
    },
    {
      "square": "g5",
      "type": "k",
      "color": "b"
    },
    {
      "square": "e4",
      "type": "p",
      "color": "b"
    },
    {
      "square": "b3",
      "type": "p",
      "color": "w"
    },
    {
      "square": "c3",
      "type": "p",
      "color": "w"
    },
    {
      "square": "b2",
      "type": "p",
      "color": "w"
    },
    {
      "square": "g2",
      "type": "k",
      "color": "w"
    },
    {
      "square": "f1",
      "type": "n",
      "color": "w"
    }
  ],
  "nextTurn": "w"
}