{
  "event": "Magnus Carlsen Invitational",
  "site": "chess24.com INT",
  "date": "2021.03.15",
  "eventDate": "2021.03.13",
  "dateMillis": 1615737600000,
  "eventDateMillis": 1615564800000,
  "round": "13.4",
  "result": "1/2-1/2",
  "white": "Magnus Carlsen",
  "black": "Levon Aronian",
  "isCarlsenWin": false,
  "isDraw": true,
  "isCarlsenBlack": false,
  "moves": [
    "Rb5",
    "Rc7",
    "Ra5",
    "Rc2",
    "Ra3",
    "g4",
    "b5",
    "Rb2",
    "b4",
    "e4",
    "Kf6",
    "Kc2",
    "Rc3+",
    "Kb1",
    "Rc4",
    "Rd2",
    "Ke5",
    "Rd5+",
    "Kf4",
    "Rf5+",
    "Kg3",
    "Rxf7",
    "Rc3",
    "Rf6",
    "Kxg2",
    "e5",
    "Re3",
    "e6",
    "Re2",
    "Kc1",
    "Rxa2",
    "Kd1",
    "b3",
    "e7",
    "b2",
    "Kc2",
    "b1=Q+",
    "Kxb1",
    "Re2",
    "Rf7",
    "Kf2",
    "Kc1",
    "Ke1",
    "Rh7",
    "Re6",
    "Kc2",
    "Ke2",
    "Rf7",
    "Re3",
    "Kc1",
    "Ke1",
    "Kb1",
    "Ke2",
    "Kc2",
    "Ke1",
    "Rh7",
    "Ke2",
    "Rxh6",
    "Rxe7",
    "Rf6",
    "Re3",
    "Rf5",
    "Rxf3",
    "Rxg5",
    "Rg3",
    "Re5+",
    "Kf3",
    "g5",
    "Kf4",
    "Rc5",
    "Rxg5",
    "Rxg5",
    "Kxg5"
  ],
  "statePieceCount": 13,
  "endPieceCount": 2,
  "boardState": [
    {
      "square": "a7",
      "type": "r",
      "color": "w"
    },
    {
      "square": "f7",
      "type": "p",
      "color": "b"
    },
    {
      "square": "g7",
      "type": "k",
      "color": "b"
    },
    {
      "square": "b6",
      "type": "p",
      "color": "b"
    },
    {
      "square": "h6",
      "type": "p",
      "color": "b"
    },
    {
      "square": "c5",
      "type": "r",
      "color": "b"
    },
    {
      "square": "g5",
      "type": "p",
      "color": "b"
    },
    {
      "square": "e3",
      "type": "p",
      "color": "w"
    },
    {
      "square": "f3",
      "type": "p",
      "color": "w"
    },
    {
      "square": "g3",
      "type": "p",
      "color": "w"
    },
    {
      "square": "a2",
      "type": "p",
      "color": "w"
    },
    {
      "square": "d2",
      "type": "k",
      "color": "w"
    },
    {
      "square": "g2",
      "type": "p",
      "color": "w"
    }
  ],
  "nextTurn": "b"
}