{
  "event": "New In Chess Classic",
  "site": "chess24.com INT",
  "date": "2021.04.26",
  "eventDate": "2021.04.24",
  "dateMillis": 1619366400000,
  "eventDateMillis": 1619193600000,
  "round": "15.4",
  "result": "1/2-1/2",
  "white": "Shakhriyar Mamedyarov",
  "black": "Magnus Carlsen",
  "isDingWin": false,
  "isDraw": true,
  "isDingBlack": true,
  "moves": [
    "Qxc4",
    "Qe8+",
    "Kg7",
    "Qe5+",
    "Kg8",
    "Qe8+",
    "Kg7",
    "Qe5+",
    "Kg8",
    "Qe8+"
  ],
  "statePieceCount": 13,
  "endPieceCount": 12,
  "boardState": [
    {
      "square": "g8",
      "type": "k",
      "color": "b"
    },
    {
      "square": "f7",
      "type": "p",
      "color": "b"
    },
    {
      "square": "h7",
      "type": "p",
      "color": "b"
    },
    {
      "square": "a6",
      "type": "p",
      "color": "b"
    },
    {
      "square": "g6",
      "type": "p",
      "color": "b"
    },
    {
      "square": "c4",
      "type": "p",
      "color": "w"
    },
    {
      "square": "d4",
      "type": "q",
      "color": "b"
    },
    {
      "square": "f3",
      "type": "p",
      "color": "w"
    },
    {
      "square": "h3",
      "type": "p",
      "color": "w"
    },
    {
      "square": "a2",
      "type": "p",
      "color": "w"
    },
    {
      "square": "g2",
      "type": "p",
      "color": "w"
    },
    {
      "square": "e1",
      "type": "q",
      "color": "w"
    },
    {
      "square": "h1",
      "type": "k",
      "color": "w"
    }
  ]
}