{
  "event": "New In Chess Classic",
  "site": "chess24.com INT",
  "date": "2021.04.27",
  "eventDate": "2021.04.24",
  "dateMillis": 1619452800000,
  "eventDateMillis": 1619193600000,
  "round": "1.12",
  "result": "1/2-1/2",
  "white": "Teimour Radjabov",
  "black": "Magnus Carlsen",
  "isCarlsenWin": false,
  "isDraw": true,
  "isCarlsenBlack": true,
  "moves": [
    "a4",
    "Rc8",
    "Rd1",
    "Bc3",
    "f4",
    "Rb8+",
    "Kc4",
    "Bb4",
    "Rd5",
    "Rf8",
    "Bd7",
    "h5",
    "g3",
    "Be1",
    "Rd6+",
    "Kg7",
    "Rd1",
    "Bb4",
    "Rd5",
    "Kg6",
    "Kd4",
    "Be1",
    "Rd6+",
    "Kg7",
    "Re6",
    "Bb4",
    "Be8",
    "h4",
    "gxh4",
    "Rf6",
    "Kd5",
    "Bd2",
    "Rxf6",
    "Kxf6",
    "Bh5",
    "Bxf4",
    "Bf3",
    "Bxh2",
    "Be2",
    "Bg3",
    "h5",
    "Be1",
    "Bf3",
    "Bb4",
    "Bd1",
    "Bd2",
    "Bf3",
    "Bb4",
    "Bd1",
    "Bd2",
    "Bf3",
    "Bb4"
  ],
  "statePieceCount": 13,
  "endPieceCount": 8,
  "boardState": [
    {
      "square": "c7",
      "type": "r",
      "color": "b"
    },
    {
      "square": "c6",
      "type": "b",
      "color": "w"
    },
    {
      "square": "g6",
      "type": "k",
      "color": "b"
    },
    {
      "square": "h6",
      "type": "p",
      "color": "b"
    },
    {
      "square": "a5",
      "type": "p",
      "color": "b"
    },
    {
      "square": "b5",
      "type": "k",
      "color": "w"
    },
    {
      "square": "f5",
      "type": "p",
      "color": "b"
    },
    {
      "square": "a3",
      "type": "p",
      "color": "w"
    },
    {
      "square": "b2",
      "type": "b",
      "color": "b"
    },
    {
      "square": "f2",
      "type": "p",
      "color": "w"
    },
    {
      "square": "g2",
      "type": "p",
      "color": "w"
    },
    {
      "square": "h2",
      "type": "p",
      "color": "w"
    },
    {
      "square": "h1",
      "type": "r",
      "color": "w"
    }
  ],
  "nextTurn": "w"
}