{
  "event": "New In Chess Classic",
  "site": "chess24.com INT",
  "date": "2021.04.30",
  "eventDate": "2021.04.24",
  "dateMillis": 1619712000000,
  "eventDateMillis": 1619193600000,
  "round": "2.24",
  "result": "1-0",
  "white": "Magnus Carlsen",
  "black": "Levon Aronian",
  "isCarlsenWin": true,
  "isDraw": false,
  "isCarlsenBlack": false,
  "moves": [
    "Kxd5",
    "f3",
    "Kc4",
    "Kf2",
    "Kd3",
    "Bc3",
    "b5",
    "g4",
    "a6",
    "Kg3",
    "Ke3",
    "f4",
    "Ke4",
    "f5",
    "h5",
    "h3",
    "hxg4",
    "hxg4"
  ],
  "statePieceCount": 13,
  "endPieceCount": 10,
  "boardState": [
    {
      "square": "h8",
      "type": "b",
      "color": "w"
    },
    {
      "square": "a7",
      "type": "p",
      "color": "b"
    },
    {
      "square": "b7",
      "type": "p",
      "color": "b"
    },
    {
      "square": "f7",
      "type": "b",
      "color": "b"
    },
    {
      "square": "h7",
      "type": "p",
      "color": "b"
    },
    {
      "square": "c6",
      "type": "k",
      "color": "b"
    },
    {
      "square": "d5",
      "type": "r",
      "color": "w"
    },
    {
      "square": "a3",
      "type": "p",
      "color": "w"
    },
    {
      "square": "b2",
      "type": "p",
      "color": "w"
    },
    {
      "square": "f2",
      "type": "p",
      "color": "w"
    },
    {
      "square": "g2",
      "type": "p",
      "color": "w"
    },
    {
      "square": "h2",
      "type": "p",
      "color": "w"
    },
    {
      "square": "g1",
      "type": "k",
      "color": "w"
    }
  ],
  "nextTurn": "b"
}