{
  "event": "New In Chess Classic",
  "site": "chess24.com INT",
  "date": "2021.04.29",
  "eventDate": "2021.04.24",
  "dateMillis": 1619625600000,
  "eventDateMillis": 1619193600000,
  "round": "2.14",
  "result": "1-0",
  "white": "Levon Aronian",
  "black": "Magnus Carlsen",
  "isCarlsenWin": false,
  "isDraw": false,
  "isCarlsenBlack": true,
  "moves": [
    "Bxa7",
    "d3",
    "Be3+",
    "Kf6",
    "Bd2",
    "h5",
    "Be4",
    "Rb5",
    "g5+"
  ],
  "statePieceCount": 13,
  "endPieceCount": 12,
  "boardState": [
    {
      "square": "e8",
      "type": "r",
      "color": "w"
    },
    {
      "square": "a7",
      "type": "n",
      "color": "b"
    },
    {
      "square": "c7",
      "type": "b",
      "color": "b"
    },
    {
      "square": "f7",
      "type": "p",
      "color": "b"
    },
    {
      "square": "h7",
      "type": "p",
      "color": "b"
    },
    {
      "square": "c5",
      "type": "b",
      "color": "w"
    },
    {
      "square": "d5",
      "type": "r",
      "color": "b"
    },
    {
      "square": "f5",
      "type": "b",
      "color": "w"
    },
    {
      "square": "g5",
      "type": "k",
      "color": "b"
    },
    {
      "square": "d4",
      "type": "p",
      "color": "b"
    },
    {
      "square": "g4",
      "type": "p",
      "color": "w"
    },
    {
      "square": "f2",
      "type": "p",
      "color": "w"
    },
    {
      "square": "g2",
      "type": "k",
      "color": "w"
    }
  ],
  "nextTurn": "w"
}