{
  "event": "FTX Crypto Cup",
  "site": "chess24.com INT",
  "date": "2021.05.23",
  "eventDate": "2021.05.23",
  "dateMillis": 1621699200000,
  "eventDateMillis": 1621699200000,
  "round": "5.6",
  "result": "1/2-1/2",
  "white": "Alan Pichot",
  "black": "Magnus Carlsen",
  "isCarlsenWin": false,
  "isDraw": true,
  "isCarlsenBlack": true,
  "moves": [
    "hxg5",
    "Qc4",
    "e5",
    "Qc2",
    "Kd7",
    "Qf5+",
    "Kc7",
    "Qh7+",
    "Qd7",
    "Qh8",
    "Qd1+",
    "Kg2",
    "Qd5+",
    "Kg1",
    "Qf3",
    "Qf8",
    "Qd1+",
    "Kh2",
    "Qd8",
    "Qf7+",
    "Kc6",
    "Qa7",
    "Qd4",
    "Qb6+",
    "Kd7",
    "Qb7+",
    "Ke6",
    "Qc6+",
    "Ke7",
    "Qb7+",
    "Ke6",
    "Qc6+",
    "Kf5",
    "Kg2",
    "g4",
    "Qc8+",
    "Kg6",
    "c6",
    "Qd5+",
    "Kg1",
    "Qd1+",
    "Kh2",
    "Qd4",
    "Qg8+",
    "Kh6",
    "Qf8+",
    "Kg6",
    "Qg8+",
    "Kh6",
    "Qf8+",
    "Kg6",
    "Qg8+"
  ],
  "statePieceCount": 13,
  "endPieceCount": 12,
  "boardState": [
    {
      "square": "e7",
      "type": "k",
      "color": "b"
    },
    {
      "square": "c6",
      "type": "q",
      "color": "b"
    },
    {
      "square": "e6",
      "type": "p",
      "color": "b"
    },
    {
      "square": "f6",
      "type": "p",
      "color": "b"
    },
    {
      "square": "h6",
      "type": "p",
      "color": "b"
    },
    {
      "square": "c5",
      "type": "p",
      "color": "w"
    },
    {
      "square": "g5",
      "type": "p",
      "color": "w"
    },
    {
      "square": "a4",
      "type": "p",
      "color": "b"
    },
    {
      "square": "g4",
      "type": "q",
      "color": "w"
    },
    {
      "square": "a3",
      "type": "p",
      "color": "w"
    },
    {
      "square": "g3",
      "type": "p",
      "color": "w"
    },
    {
      "square": "f2",
      "type": "p",
      "color": "w"
    },
    {
      "square": "g1",
      "type": "k",
      "color": "w"
    }
  ],
  "nextTurn": "b"
}