{
  "event": "FTX Crypto Cup",
  "site": "chess24.com INT",
  "date": "2021.05.27",
  "eventDate": "2021.05.23",
  "dateMillis": 1622044800000,
  "eventDateMillis": 1621699200000,
  "round": "1.23",
  "result": "1/2-1/2",
  "white": "Magnus Carlsen",
  "black": "Hikaru Nakamura",
  "isCarlsenWin": false,
  "isDraw": true,
  "isCarlsenBlack": false,
  "moves": [
    "Qf3",
    "Qxf3+",
    "Kxf3",
    "a5",
    "Kg2",
    "h4",
    "h3",
    "f6",
    "f3",
    "Kg7",
    "Bc6",
    "Kg6",
    "Bb5",
    "f5",
    "Bc6",
    "f4",
    "Bb5",
    "Kf6",
    "Bc6",
    "Ke5",
    "Bb5",
    "Kd4",
    "Bc6",
    "Ke3",
    "Bb5",
    "Bb4",
    "Bc6",
    "Bc5",
    "Bb5",
    "Bb4",
    "Bc6",
    "Bc5"
  ],
  "statePieceCount": 13,
  "endPieceCount": 11,
  "boardState": [
    {
      "square": "g8",
      "type": "k",
      "color": "b"
    },
    {
      "square": "a7",
      "type": "p",
      "color": "b"
    },
    {
      "square": "f7",
      "type": "p",
      "color": "b"
    },
    {
      "square": "b6",
      "type": "p",
      "color": "b"
    },
    {
      "square": "b5",
      "type": "b",
      "color": "w"
    },
    {
      "square": "c5",
      "type": "b",
      "color": "b"
    },
    {
      "square": "h5",
      "type": "p",
      "color": "b"
    },
    {
      "square": "a4",
      "type": "p",
      "color": "w"
    },
    {
      "square": "f4",
      "type": "q",
      "color": "b"
    },
    {
      "square": "e2",
      "type": "q",
      "color": "w"
    },
    {
      "square": "f2",
      "type": "p",
      "color": "w"
    },
    {
      "square": "g2",
      "type": "k",
      "color": "w"
    },
    {
      "square": "h2",
      "type": "p",
      "color": "w"
    }
  ],
  "nextTurn": "w"
}