{
  "event": "FTX Crypto Cup",
  "site": "chess24.com INT",
  "date": "2021.05.29",
  "eventDate": "2021.05.23",
  "dateMillis": 1622217600000,
  "eventDateMillis": 1621699200000,
  "round": "2.21",
  "result": "0-1",
  "white": "Teimour Radjabov",
  "black": "Magnus Carlsen",
  "isDingWin": true,
  "isDraw": false,
  "isDingBlack": true,
  "moves": [
    "Kxe4",
    "Kf6",
    "Nb5",
    "Ra4+",
    "Kd5",
    "Ra5",
    "Kc5",
    "a2",
    "Kb4",
    "Nc6+",
    "Kc4",
    "Ra4+",
    "Kc5",
    "Na5"
  ],
  "statePieceCount": 13,
  "endPieceCount": 12,
  "boardState": [
    {
      "square": "a8",
      "type": "r",
      "color": "b"
    },
    {
      "square": "f7",
      "type": "k",
      "color": "b"
    },
    {
      "square": "g7",
      "type": "p",
      "color": "b"
    },
    {
      "square": "h6",
      "type": "p",
      "color": "b"
    },
    {
      "square": "e5",
      "type": "n",
      "color": "b"
    },
    {
      "square": "d4",
      "type": "n",
      "color": "w"
    },
    {
      "square": "e4",
      "type": "p",
      "color": "b"
    },
    {
      "square": "g4",
      "type": "p",
      "color": "w"
    },
    {
      "square": "a3",
      "type": "p",
      "color": "b"
    },
    {
      "square": "e3",
      "type": "k",
      "color": "w"
    },
    {
      "square": "f3",
      "type": "p",
      "color": "w"
    },
    {
      "square": "g2",
      "type": "p",
      "color": "w"
    },
    {
      "square": "a1",
      "type": "r",
      "color": "w"
    }
  ]
}