{
  "event": "FTX Crypto Cup",
  "site": "chess24.com INT",
  "date": "2021.05.26",
  "eventDate": "2021.05.23",
  "dateMillis": 1621958400000,
  "eventDateMillis": 1621699200000,
  "round": "1.13",
  "result": "1-0",
  "white": "Hikaru Nakamura",
  "black": "Magnus Carlsen",
  "isDingWin": false,
  "isDraw": false,
  "isDingBlack": true,
  "moves": [
    "c6",
    "h4",
    "Rd5",
    "b4",
    "Rb5",
    "Rb1",
    "Kg7",
    "Ke4",
    "Kg6",
    "h5+",
    "Kg7",
    "Kf5",
    "Rd5",
    "Ke4",
    "Rb5",
    "Rb2",
    "Kf8",
    "Kd3",
    "Ke7",
    "Kc4",
    "f6",
    "Re2",
    "Rd5",
    "exf6+",
    "Kxf6",
    "Re5",
    "b5+",
    "Kd3",
    "Rd8",
    "Rc5",
    "Rd6",
    "Ke4",
    "Re6+",
    "Re5",
    "Rd6",
    "d5",
    "cxd5+",
    "Rxd5",
    "Rb6",
    "Kd4",
    "Rb8",
    "Rd6+",
    "Kg5",
    "Rg6+",
    "Kh4",
    "Kc5",
    "Kg3",
    "Rxh6",
    "Kxg4",
    "Rb6",
    "Rc8+",
    "Kxb5"
  ],
  "statePieceCount": 13,
  "endPieceCount": 6,
  "boardState": [
    {
      "square": "d8",
      "type": "r",
      "color": "b"
    },
    {
      "square": "g8",
      "type": "k",
      "color": "b"
    },
    {
      "square": "b7",
      "type": "p",
      "color": "b"
    },
    {
      "square": "c7",
      "type": "p",
      "color": "b"
    },
    {
      "square": "f7",
      "type": "p",
      "color": "b"
    },
    {
      "square": "h6",
      "type": "p",
      "color": "b"
    },
    {
      "square": "e5",
      "type": "p",
      "color": "w"
    },
    {
      "square": "d4",
      "type": "p",
      "color": "w"
    },
    {
      "square": "g4",
      "type": "p",
      "color": "w"
    },
    {
      "square": "b3",
      "type": "p",
      "color": "w"
    },
    {
      "square": "e3",
      "type": "k",
      "color": "w"
    },
    {
      "square": "h3",
      "type": "p",
      "color": "w"
    },
    {
      "square": "e1",
      "type": "r",
      "color": "w"
    }
  ]
}