{
  "event": "FTX Crypto Cup",
  "site": "chess24.com INT",
  "date": "2021.05.27",
  "eventDate": "2021.05.23",
  "dateMillis": 1622044800000,
  "eventDateMillis": 1621699200000,
  "round": "1.21",
  "result": "0-1",
  "white": "Magnus Carlsen",
  "black": "Hikaru Nakamura",
  "isDingWin": false,
  "isDraw": false,
  "isDingBlack": false,
  "moves": [
    "Rxc5",
    "Nd2+",
    "Ke2",
    "Nxe4",
    "Rc6",
    "Bxf2",
    "hxg5",
    "Nxg5",
    "a5",
    "Ne4",
    "Kd3",
    "Nc5+",
    "Kc4",
    "Nb7",
    "Rh6+",
    "Kg7",
    "Rh5",
    "Ra8",
    "Rf5",
    "Nd6+"
  ],
  "statePieceCount": 13,
  "endPieceCount": 8,
  "boardState": [
    {
      "square": "f8",
      "type": "r",
      "color": "b"
    },
    {
      "square": "h8",
      "type": "k",
      "color": "b"
    },
    {
      "square": "b6",
      "type": "b",
      "color": "b"
    },
    {
      "square": "c5",
      "type": "q",
      "color": "b"
    },
    {
      "square": "g5",
      "type": "p",
      "color": "b"
    },
    {
      "square": "a4",
      "type": "p",
      "color": "w"
    },
    {
      "square": "e4",
      "type": "q",
      "color": "w"
    },
    {
      "square": "h4",
      "type": "p",
      "color": "w"
    },
    {
      "square": "f3",
      "type": "n",
      "color": "b"
    },
    {
      "square": "h3",
      "type": "p",
      "color": "w"
    },
    {
      "square": "c2",
      "type": "r",
      "color": "w"
    },
    {
      "square": "f2",
      "type": "p",
      "color": "w"
    },
    {
      "square": "f1",
      "type": "k",
      "color": "w"
    }
  ]
}