{
  "event": "FTX Crypto Cup",
  "site": "chess24.com INT",
  "date": "2021.05.28",
  "eventDate": "2021.05.23",
  "dateMillis": 1622131200000,
  "eventDateMillis": 1621699200000,
  "round": "2.12",
  "result": "1/2-1/2",
  "white": "Teimour Radjabov",
  "black": "Magnus Carlsen",
  "isCarlsenWin": false,
  "isDraw": true,
  "isCarlsenBlack": true,
  "moves": [
    "Rxc5",
    "Re4",
    "g5",
    "g4",
    "h4",
    "Kg2",
    "Kg7",
    "h3",
    "Kf6",
    "f4",
    "Rc2+",
    "Kg1",
    "Ra2",
    "fxg5+",
    "Kxg5",
    "Rc4",
    "f6",
    "Rd4",
    "a5",
    "Rc4",
    "Rb2",
    "Kf1",
    "Ra2",
    "Kg1",
    "Kg6",
    "Rf4",
    "Ra1+",
    "Kf2",
    "Ra2+",
    "Kg1",
    "Ra1+",
    "Kf2",
    "Ra2+",
    "Kg1"
  ],
  "statePieceCount": 13,
  "endPieceCount": 10,
  "boardState": [
    {
      "square": "f8",
      "type": "k",
      "color": "b"
    },
    {
      "square": "f7",
      "type": "p",
      "color": "b"
    },
    {
      "square": "g7",
      "type": "p",
      "color": "b"
    },
    {
      "square": "a6",
      "type": "p",
      "color": "b"
    },
    {
      "square": "c5",
      "type": "p",
      "color": "w"
    },
    {
      "square": "d5",
      "type": "r",
      "color": "b"
    },
    {
      "square": "h5",
      "type": "p",
      "color": "b"
    },
    {
      "square": "a4",
      "type": "p",
      "color": "w"
    },
    {
      "square": "g3",
      "type": "p",
      "color": "w"
    },
    {
      "square": "f2",
      "type": "p",
      "color": "w"
    },
    {
      "square": "h2",
      "type": "p",
      "color": "w"
    },
    {
      "square": "e1",
      "type": "r",
      "color": "w"
    },
    {
      "square": "g1",
      "type": "k",
      "color": "w"
    }
  ],
  "nextTurn": "b"
}