{
  "event": "Goldmoney Asian Rapid",
  "site": "chess24.com INT",
  "date": "2021.06.28",
  "eventDate": "2021.06.26",
  "dateMillis": 1624809600000,
  "eventDateMillis": 1624636800000,
  "round": "14.5",
  "result": "1/2-1/2",
  "white": "Arjun Erigaisi",
  "black": "Magnus Carlsen",
  "isDingWin": false,
  "isDraw": true,
  "isDingBlack": true,
  "moves": [
    "exd5+",
    "Kd3",
    "Ke6",
    "Ke3",
    "Kd6",
    "Kd3",
    "Ke6",
    "Ke3",
    "Kd6",
    "Kd3"
  ],
  "statePieceCount": 13,
  "endPieceCount": 12,
  "boardState": [
    {
      "square": "b6",
      "type": "p",
      "color": "b"
    },
    {
      "square": "d6",
      "type": "k",
      "color": "b"
    },
    {
      "square": "e6",
      "type": "p",
      "color": "b"
    },
    {
      "square": "a5",
      "type": "p",
      "color": "b"
    },
    {
      "square": "b5",
      "type": "p",
      "color": "w"
    },
    {
      "square": "d5",
      "type": "n",
      "color": "w"
    },
    {
      "square": "f5",
      "type": "p",
      "color": "b"
    },
    {
      "square": "h5",
      "type": "p",
      "color": "b"
    },
    {
      "square": "a4",
      "type": "p",
      "color": "w"
    },
    {
      "square": "c4",
      "type": "k",
      "color": "w"
    },
    {
      "square": "d4",
      "type": "p",
      "color": "w"
    },
    {
      "square": "f4",
      "type": "p",
      "color": "w"
    },
    {
      "square": "h4",
      "type": "p",
      "color": "w"
    }
  ]
}