{
  "event": "Aimchess US Rapid",
  "site": "chess24.com INT",
  "date": "2021.09.02",
  "eventDate": "2021.08.28",
  "dateMillis": 1630512000000,
  "eventDateMillis": 1630080000000,
  "round": "2.11",
  "result": "1/2-1/2",
  "white": "Magnus Carlsen",
  "black": "Levon Aronian",
  "isDingWin": false,
  "isDraw": true,
  "isDingBlack": false,
  "moves": [
    "bxc5",
    "Kb3",
    "Bd7",
    "Ka3",
    "Bc6",
    "Bc2",
    "Ke6",
    "Bd1",
    "Kf6",
    "Ba4",
    "Bf3",
    "Bc2",
    "Bc6",
    "Ba4",
    "Bf3",
    "Bc2",
    "Bc6",
    "Ba4"
  ],
  "statePieceCount": 13,
  "endPieceCount": 12,
  "boardState": [
    {
      "square": "b6",
      "type": "p",
      "color": "b"
    },
    {
      "square": "e6",
      "type": "b",
      "color": "b"
    },
    {
      "square": "f6",
      "type": "k",
      "color": "b"
    },
    {
      "square": "h6",
      "type": "p",
      "color": "b"
    },
    {
      "square": "a5",
      "type": "p",
      "color": "b"
    },
    {
      "square": "c5",
      "type": "r",
      "color": "w"
    },
    {
      "square": "f5",
      "type": "p",
      "color": "b"
    },
    {
      "square": "c4",
      "type": "p",
      "color": "w"
    },
    {
      "square": "f4",
      "type": "p",
      "color": "w"
    },
    {
      "square": "c3",
      "type": "k",
      "color": "w"
    },
    {
      "square": "d3",
      "type": "b",
      "color": "w"
    },
    {
      "square": "g3",
      "type": "p",
      "color": "w"
    },
    {
      "square": "h2",
      "type": "p",
      "color": "w"
    }
  ]
}