{
  "event": "Aimchess US Rapid",
  "site": "chess24.com INT",
  "date": "2021.09.04",
  "eventDate": "2021.08.28",
  "dateMillis": 1630684800000,
  "eventDateMillis": 1630080000000,
  "round": "3.13",
  "result": "1-0",
  "white": "Vladislav Artemiev",
  "black": "Magnus Carlsen",
  "isDingWin": false,
  "isDraw": false,
  "isDingBlack": true,
  "moves": [
    "Be3",
    "Kg6",
    "a4",
    "Rb2",
    "a5",
    "Ra2",
    "Rc6+",
    "Kf5",
    "a6",
    "Ke4",
    "a7",
    "Bd4",
    "Bxd4",
    "Kxd4",
    "Rc7",
    "g4"
  ],
  "statePieceCount": 13,
  "endPieceCount": 11,
  "boardState": [
    {
      "square": "c7",
      "type": "r",
      "color": "w"
    },
    {
      "square": "e7",
      "type": "p",
      "color": "b"
    },
    {
      "square": "f7",
      "type": "p",
      "color": "b"
    },
    {
      "square": "g7",
      "type": "b",
      "color": "b"
    },
    {
      "square": "h7",
      "type": "k",
      "color": "b"
    },
    {
      "square": "b5",
      "type": "r",
      "color": "b"
    },
    {
      "square": "g5",
      "type": "p",
      "color": "b"
    },
    {
      "square": "f4",
      "type": "b",
      "color": "w"
    },
    {
      "square": "a3",
      "type": "p",
      "color": "w"
    },
    {
      "square": "g3",
      "type": "p",
      "color": "w"
    },
    {
      "square": "e2",
      "type": "p",
      "color": "w"
    },
    {
      "square": "f2",
      "type": "p",
      "color": "w"
    },
    {
      "square": "g1",
      "type": "k",
      "color": "w"
    }
  ]
}