{
  "event": "Norway Chess",
  "site": "Stavanger NOR",
  "date": "2021.09.12",
  "eventDate": "2021.09.07",
  "dateMillis": 1631376000000,
  "eventDateMillis": 1630944000000,
  "round": "5",
  "result": "1-0",
  "white": "Sergey Karjakin",
  "black": "Magnus Carlsen",
  "isDingWin": false,
  "isDraw": false,
  "isDingBlack": true,
  "moves": [
    "gxf4",
    "d3",
    "Bxd3",
    "Re3+",
    "Kg2",
    "Rxd3",
    "b6",
    "Rxb3",
    "b7",
    "Rb6",
    "h5",
    "gxh5",
    "Kh3",
    "Rxc6",
    "b8=Q",
    "Rc5",
    "Qb2+",
    "f6",
    "Kh4"
  ],
  "statePieceCount": 13,
  "endPieceCount": 7,
  "boardState": [
    {
      "square": "e7",
      "type": "r",
      "color": "b"
    },
    {
      "square": "f7",
      "type": "p",
      "color": "b"
    },
    {
      "square": "g7",
      "type": "k",
      "color": "b"
    },
    {
      "square": "c6",
      "type": "p",
      "color": "w"
    },
    {
      "square": "g6",
      "type": "p",
      "color": "b"
    },
    {
      "square": "b5",
      "type": "p",
      "color": "w"
    },
    {
      "square": "c4",
      "type": "b",
      "color": "w"
    },
    {
      "square": "d4",
      "type": "p",
      "color": "b"
    },
    {
      "square": "f4",
      "type": "q",
      "color": "b"
    },
    {
      "square": "h4",
      "type": "p",
      "color": "w"
    },
    {
      "square": "b3",
      "type": "p",
      "color": "w"
    },
    {
      "square": "g3",
      "type": "p",
      "color": "w"
    },
    {
      "square": "h3",
      "type": "k",
      "color": "w"
    }
  ]
}