{
  "event": "Meltwater Tour Final 2021",
  "site": "chess24.com INT",
  "date": "2021.09.26",
  "eventDate": "2021.09.25",
  "dateMillis": 1632585600000,
  "eventDateMillis": 1632499200000,
  "round": "2.6",
  "result": "1-0",
  "white": "Shakhriyar Mamedyarov",
  "black": "Magnus Carlsen",
  "isDingWin": false,
  "isDraw": false,
  "isDingBlack": true,
  "moves": [
    "Ka6",
    "Qd3+",
    "Kxb7",
    "Qd7+",
    "Kb6",
    "Qxe6",
    "Rh8",
    "g4",
    "Rh1+",
    "Kb2",
    "Rg1",
    "Qf5",
    "Na5",
    "g5",
    "Nc4+",
    "Ka2"
  ],
  "statePieceCount": 13,
  "endPieceCount": 11,
  "boardState": [
    {
      "square": "a8",
      "type": "r",
      "color": "b"
    },
    {
      "square": "a7",
      "type": "p",
      "color": "b"
    },
    {
      "square": "b7",
      "type": "r",
      "color": "w"
    },
    {
      "square": "h7",
      "type": "q",
      "color": "w"
    },
    {
      "square": "b6",
      "type": "k",
      "color": "b"
    },
    {
      "square": "c6",
      "type": "n",
      "color": "b"
    },
    {
      "square": "e6",
      "type": "r",
      "color": "b"
    },
    {
      "square": "c5",
      "type": "p",
      "color": "b"
    },
    {
      "square": "a3",
      "type": "p",
      "color": "w"
    },
    {
      "square": "c3",
      "type": "p",
      "color": "w"
    },
    {
      "square": "c2",
      "type": "p",
      "color": "w"
    },
    {
      "square": "g2",
      "type": "p",
      "color": "w"
    },
    {
      "square": "c1",
      "type": "k",
      "color": "w"
    }
  ]
}