{
  "event": "Meltwater Tour Final 2021",
  "site": "Chess24 INT",
  "date": "2021.09.28",
  "eventDate": "2021.09.23",
  "dateMillis": 1632758400000,
  "eventDateMillis": 1632326400000,
  "round": "4.4",
  "result": "0-1",
  "white": "Magnus Carlsen",
  "black": "Vladislav Artemiev",
  "isDingWin": false,
  "isDraw": false,
  "isDingBlack": false,
  "moves": [
    "Kg1",
    "Nxf1",
    "Qf7+",
    "Kh6",
    "Qf6+",
    "Kh7",
    "Qf7+",
    "Kh6",
    "Qf8+",
    "Kg5",
    "Qxc5+",
    "Qxc5"
  ],
  "statePieceCount": 13,
  "endPieceCount": 10,
  "boardState": [
    {
      "square": "h7",
      "type": "k",
      "color": "b"
    },
    {
      "square": "a6",
      "type": "p",
      "color": "b"
    },
    {
      "square": "f6",
      "type": "q",
      "color": "w"
    },
    {
      "square": "c5",
      "type": "p",
      "color": "b"
    },
    {
      "square": "h5",
      "type": "r",
      "color": "b"
    },
    {
      "square": "d4",
      "type": "p",
      "color": "b"
    },
    {
      "square": "d3",
      "type": "p",
      "color": "w"
    },
    {
      "square": "a2",
      "type": "p",
      "color": "w"
    },
    {
      "square": "d2",
      "type": "n",
      "color": "b"
    },
    {
      "square": "g2",
      "type": "b",
      "color": "w"
    },
    {
      "square": "c1",
      "type": "q",
      "color": "b"
    },
    {
      "square": "f1",
      "type": "n",
      "color": "w"
    },
    {
      "square": "h1",
      "type": "k",
      "color": "w"
    }
  ]
}