{
  "event": "Meltwater Tour Final 2021",
  "site": "Chess24 INT",
  "date": "2021.09.29",
  "eventDate": "2021.09.23",
  "dateMillis": 1632844800000,
  "eventDateMillis": 1632326400000,
  "round": "5.2",
  "result": "1/2-1/2",
  "white": "Hikaru Nakamura",
  "black": "Magnus Carlsen",
  "isDingWin": false,
  "isDraw": true,
  "isDingBlack": true,
  "moves": [
    "Qf3+",
    "Kh2",
    "e3",
    "Qc2+",
    "Kh8",
    "Qg2",
    "Qg4",
    "Qf1",
    "Qe4",
    "Qe2",
    "Qxd5",
    "Qxe3",
    "Qa2+",
    "Kh3",
    "Qxa3",
    "Qe8+",
    "Kh7",
    "Qe4+",
    "Kh8",
    "Qe8+",
    "Kh7",
    "Qe4+",
    "Kh8",
    "Qe8+"
  ],
  "statePieceCount": 13,
  "endPieceCount": 10,
  "boardState": [
    {
      "square": "c7",
      "type": "p",
      "color": "b"
    },
    {
      "square": "g7",
      "type": "p",
      "color": "b"
    },
    {
      "square": "h7",
      "type": "k",
      "color": "b"
    },
    {
      "square": "h6",
      "type": "p",
      "color": "b"
    },
    {
      "square": "d5",
      "type": "p",
      "color": "w"
    },
    {
      "square": "f5",
      "type": "q",
      "color": "b"
    },
    {
      "square": "a4",
      "type": "q",
      "color": "w"
    },
    {
      "square": "e4",
      "type": "p",
      "color": "b"
    },
    {
      "square": "h4",
      "type": "p",
      "color": "w"
    },
    {
      "square": "a3",
      "type": "p",
      "color": "w"
    },
    {
      "square": "c3",
      "type": "p",
      "color": "w"
    },
    {
      "square": "g3",
      "type": "p",
      "color": "w"
    },
    {
      "square": "g2",
      "type": "k",
      "color": "w"
    }
  ]
}