{
  "event": "Saint Louis Rapid 2020",
  "site": "lichess.org INT",
  "date": "2020.09.17",
  "dateMillis": 1600272000000,
  "eventDateMillis": null,
  "round": "8.1",
  "result": "1/2-1/2",
  "white": "Magnus Carlsen",
  "black": "Jeffery Xiong",
  "isDingWin": false,
  "isDraw": true,
  "isDingBlack": false,
  "moves": [
    "Rd6",
    "a3",
    "Nxd7",
    "a2",
    "Nf6+",
    "gxf6",
    "Ra6",
    "Rd2+",
    "Kxe3",
    "Rh2",
    "Ra7+",
    "Kg8",
    "Kd4",
    "Re2",
    "Kd5",
    "Kf8",
    "Kd6",
    "Kg8",
    "Ra8+",
    "Kf7",
    "Ra7+",
    "Kf8",
    "Ra8+",
    "Kf7",
    "Ra7+",
    "Kf8",
    "Ra8+",
    "Kf7"
  ],
  "statePieceCount": 13,
  "endPieceCount": 10,
  "boardState": [
    {
      "square": "d8",
      "type": "r",
      "color": "b"
    },
    {
      "square": "d7",
      "type": "n",
      "color": "b"
    },
    {
      "square": "g7",
      "type": "p",
      "color": "b"
    },
    {
      "square": "h7",
      "type": "k",
      "color": "b"
    },
    {
      "square": "e6",
      "type": "r",
      "color": "w"
    },
    {
      "square": "h6",
      "type": "p",
      "color": "b"
    },
    {
      "square": "e5",
      "type": "n",
      "color": "w"
    },
    {
      "square": "f5",
      "type": "p",
      "color": "b"
    },
    {
      "square": "h5",
      "type": "p",
      "color": "w"
    },
    {
      "square": "a4",
      "type": "p",
      "color": "b"
    },
    {
      "square": "f4",
      "type": "p",
      "color": "w"
    },
    {
      "square": "e3",
      "type": "p",
      "color": "b"
    },
    {
      "square": "e2",
      "type": "k",
      "color": "w"
    }
  ]
}