{
  "event": "World Blitz 2021",
  "site": "Warsaw POL",
  "date": "2021.12.29",
  "eventDate": "2021.12.29",
  "dateMillis": 1640707200000,
  "eventDateMillis": 1640707200000,
  "round": "3.1",
  "result": "0-1",
  "white": "Aleksandar Indjic",
  "black": "Magnus Carlsen",
  "isDingWin": true,
  "isDraw": false,
  "isDingBlack": true,
  "moves": [
    "Rd1",
    "g5",
    "Rd7",
    "Rb5+",
    "Kc3",
    "Kg7",
    "a4",
    "Rb1",
    "Kd2",
    "Kg6",
    "h3",
    "a5",
    "Rd6+",
    "f6",
    "Rd7",
    "h5",
    "Ke2",
    "h4",
    "Rc7",
    "Rb4",
    "Rc5",
    "b6",
    "Rc6",
    "Kf5",
    "Kd3",
    "Ke5",
    "Ke3",
    "f5",
    "Rg6",
    "Rb3+",
    "Kd2",
    "Kf4",
    "Rc6",
    "Rb2+",
    "Ke1",
    "Ke4",
    "Rg6",
    "Rb4",
    "Kd2",
    "Kf4",
    "Ke2",
    "g4",
    "Rh6",
    "Kg5",
    "Rc6",
    "Rb2+",
    "Kf1",
    "g3",
    "fxg3",
    "hxg3",
    "Rd6",
    "Kf4",
    "Re6",
    "Rb1+",
    "Ke2",
    "Rg1",
    "Rxb6",
    "Rxg2+",
    "Kf1",
    "Rf2+",
    "Kg1",
    "Ra2",
    "h4",
    "Kg4",
    "h5",
    "Kxh5",
    "Rb5",
    "Kg4"
  ],
  "statePieceCount": 13,
  "endPieceCount": 8,
  "boardState": [
    {
      "square": "g8",
      "type": "k",
      "color": "b"
    },
    {
      "square": "a7",
      "type": "p",
      "color": "b"
    },
    {
      "square": "b7",
      "type": "p",
      "color": "b"
    },
    {
      "square": "f7",
      "type": "p",
      "color": "b"
    },
    {
      "square": "g7",
      "type": "p",
      "color": "b"
    },
    {
      "square": "h7",
      "type": "p",
      "color": "b"
    },
    {
      "square": "c5",
      "type": "r",
      "color": "b"
    },
    {
      "square": "a3",
      "type": "p",
      "color": "w"
    },
    {
      "square": "b3",
      "type": "k",
      "color": "w"
    },
    {
      "square": "f2",
      "type": "p",
      "color": "w"
    },
    {
      "square": "g2",
      "type": "p",
      "color": "w"
    },
    {
      "square": "h2",
      "type": "p",
      "color": "w"
    },
    {
      "square": "h1",
      "type": "r",
      "color": "w"
    }
  ]
}