{
  "event": "World Blitz 2021",
  "site": "Warsaw POL",
  "date": "2021.12.29",
  "eventDate": "2021.12.29",
  "dateMillis": 1640707200000,
  "eventDateMillis": 1640707200000,
  "round": "4.1",
  "result": "1-0",
  "white": "Magnus Carlsen",
  "black": "Klementy Sychev",
  "isDingWin": true,
  "isDraw": false,
  "isDingBlack": false,
  "moves": [
    "Kxg3",
    "Kf7",
    "f3",
    "Bf5",
    "Re1",
    "Nb4",
    "Re5",
    "Be6",
    "a3",
    "Nc6",
    "Re4",
    "Bf5",
    "Rh4",
    "Kg6",
    "Bc3",
    "Be6",
    "Kf4",
    "Bd5",
    "Rg4+",
    "Kh5",
    "Rg5+"
  ],
  "statePieceCount": 13,
  "endPieceCount": 12,
  "boardState": [
    {
      "square": "g8",
      "type": "k",
      "color": "b"
    },
    {
      "square": "b7",
      "type": "p",
      "color": "b"
    },
    {
      "square": "h7",
      "type": "p",
      "color": "b"
    },
    {
      "square": "a6",
      "type": "p",
      "color": "b"
    },
    {
      "square": "d5",
      "type": "n",
      "color": "b"
    },
    {
      "square": "d4",
      "type": "b",
      "color": "w"
    },
    {
      "square": "e4",
      "type": "b",
      "color": "b"
    },
    {
      "square": "g3",
      "type": "q",
      "color": "b"
    },
    {
      "square": "a2",
      "type": "p",
      "color": "w"
    },
    {
      "square": "b2",
      "type": "p",
      "color": "w"
    },
    {
      "square": "f2",
      "type": "p",
      "color": "w"
    },
    {
      "square": "h2",
      "type": "k",
      "color": "w"
    },
    {
      "square": "c1",
      "type": "r",
      "color": "w"
    }
  ]
}