{
  "event": "World Blitz 2021",
  "site": "Warsaw POL",
  "date": "2021.12.29",
  "eventDate": "2021.12.29",
  "dateMillis": 1640707200000,
  "eventDateMillis": 1640707200000,
  "round": "5.1",
  "result": "1-0",
  "white": "Bartosz Socko",
  "black": "Magnus Carlsen",
  "isDingWin": false,
  "isDraw": false,
  "isDingBlack": true,
  "moves": [
    "Qxd1+",
    "Qf1",
    "Qd2",
    "Bf6",
    "Qxb4",
    "Qf3",
    "Kh7",
    "Qd3+",
    "Kg8",
    "Kg2",
    "Qb7+",
    "Qf3",
    "Qb4",
    "Kh3",
    "Kh7",
    "Qd3+",
    "Kg8",
    "g4",
    "Qf4",
    "Qd8+"
  ],
  "statePieceCount": 13,
  "endPieceCount": 11,
  "boardState": [
    {
      "square": "g8",
      "type": "k",
      "color": "b"
    },
    {
      "square": "f7",
      "type": "p",
      "color": "b"
    },
    {
      "square": "g7",
      "type": "b",
      "color": "w"
    },
    {
      "square": "e6",
      "type": "p",
      "color": "b"
    },
    {
      "square": "h6",
      "type": "p",
      "color": "b"
    },
    {
      "square": "b4",
      "type": "p",
      "color": "w"
    },
    {
      "square": "b3",
      "type": "p",
      "color": "w"
    },
    {
      "square": "f3",
      "type": "q",
      "color": "b"
    },
    {
      "square": "g3",
      "type": "p",
      "color": "w"
    },
    {
      "square": "f2",
      "type": "q",
      "color": "w"
    },
    {
      "square": "h2",
      "type": "p",
      "color": "w"
    },
    {
      "square": "d1",
      "type": "r",
      "color": "w"
    },
    {
      "square": "g1",
      "type": "k",
      "color": "w"
    }
  ]
}