{
  "event": "84th Tata Steel Masters",
  "site": "Wijk aan Zee NED",
  "date": "2022.01.28",
  "eventDate": "2022.01.14",
  "dateMillis": 1643299200000,
  "eventDateMillis": 1642089600000,
  "round": "11",
  "result": "1/2-1/2",
  "white": "Magnus Carlsen",
  "black": "Vidit,S",
  "isDingWin": false,
  "isDraw": true,
  "isDingBlack": false,
  "moves": [
    "Rxe4+",
    "Kd3",
    "Rxa4",
    "d6",
    "Kf7",
    "Re1",
    "Ra5",
    "Kd4",
    "Ra2",
    "Kd5",
    "Rd2+",
    "Kc6",
    "b5",
    "d7",
    "Rc2+",
    "Kb6",
    "Rd2",
    "Kc7",
    "Rc2+",
    "Kd8",
    "b4",
    "Re7+",
    "Kf8",
    "Re3",
    "Kf7",
    "Re7+",
    "Kf8",
    "Re5",
    "g6",
    "Re6",
    "b3",
    "Rf6+",
    "Kg7",
    "Ke7",
    "Re2+",
    "Re6",
    "Rxe6+",
    "Kxe6",
    "b2",
    "d8=Q",
    "b1=Q",
    "Qc7+",
    "Kg8",
    "Qd8+",
    "Kg7"
  ],
  "statePieceCount": 13,
  "endPieceCount": 9,
  "boardState": [
    {
      "square": "e8",
      "type": "r",
      "color": "b"
    },
    {
      "square": "g8",
      "type": "k",
      "color": "b"
    },
    {
      "square": "g7",
      "type": "p",
      "color": "b"
    },
    {
      "square": "a6",
      "type": "p",
      "color": "b"
    },
    {
      "square": "b6",
      "type": "p",
      "color": "b"
    },
    {
      "square": "h6",
      "type": "p",
      "color": "b"
    },
    {
      "square": "d5",
      "type": "p",
      "color": "w"
    },
    {
      "square": "a4",
      "type": "p",
      "color": "w"
    },
    {
      "square": "e4",
      "type": "n",
      "color": "w"
    },
    {
      "square": "h3",
      "type": "p",
      "color": "w"
    },
    {
      "square": "e2",
      "type": "k",
      "color": "w"
    },
    {
      "square": "g2",
      "type": "p",
      "color": "w"
    },
    {
      "square": "b1",
      "type": "r",
      "color": "w"
    }
  ]
}