{
  "event": "Norwegian League 2021",
  "site": "Tromso NOR",
  "date": "2021.10.29",
  "dateMillis": 1635436800000,
  "eventDateMillis": null,
  "round": "01",
  "result": "0-1",
  "white": "Benjamin Arvola Notkevich",
  "black": "Magnus Carlsen",
  "isDingWin": true,
  "isDraw": false,
  "isDingBlack": true,
  "moves": [
    "Rh1",
    "Kf4",
    "e5",
    "Kxe5",
    "gxf3",
    "gxf3",
    "Rh4",
    "Nc1",
    "Rah2",
    "Ne2+",
    "Kc2",
    "Kd5",
    "Rh8",
    "e5",
    "Kb2",
    "c3+",
    "Kb3",
    "Ra7",
    "Rc8",
    "Rb7+",
    "Ka2",
    "Rb2+",
    "Ka1",
    "Rd2",
    "a4",
    "Nd4"
  ],
  "statePieceCount": 13,
  "endPieceCount": 10,
  "boardState": [
    {
      "square": "e6",
      "type": "p",
      "color": "b"
    },
    {
      "square": "e5",
      "type": "k",
      "color": "b"
    },
    {
      "square": "a4",
      "type": "r",
      "color": "b"
    },
    {
      "square": "c4",
      "type": "p",
      "color": "b"
    },
    {
      "square": "e4",
      "type": "p",
      "color": "w"
    },
    {
      "square": "g4",
      "type": "p",
      "color": "b"
    },
    {
      "square": "a3",
      "type": "p",
      "color": "w"
    },
    {
      "square": "b3",
      "type": "n",
      "color": "b"
    },
    {
      "square": "c3",
      "type": "k",
      "color": "w"
    },
    {
      "square": "f3",
      "type": "p",
      "color": "b"
    },
    {
      "square": "a2",
      "type": "r",
      "color": "w"
    },
    {
      "square": "g2",
      "type": "p",
      "color": "w"
    },
    {
      "square": "b1",
      "type": "r",
      "color": "w"
    }
  ]
}