{
  "event": "Charity Cup",
  "site": "Chess24",
  "date": "2022.03.19",
  "eventDate": "2022.03.19",
  "dateMillis": 1647619200000,
  "eventDateMillis": 1647619200000,
  "round": "1.3",
  "result": "1/2-1/2",
  "white": "Magnus Carlsen",
  "black": "Jan-Krzysztof Duda",
  "isDingWin": false,
  "isDraw": true,
  "isDingBlack": false,
  "moves": [
    "Nxa3",
    "hxg6",
    "Kxg6",
    "Be2",
    "Kg5",
    "Bd3",
    "Nc4",
    "Kg3",
    "Nd6",
    "f3",
    "f6",
    "e4",
    "dxe4",
    "fxe4",
    "e5",
    "dxe5",
    "Nxe4+",
    "Bxe4",
    "fxe5",
    "Bc2",
    "e4",
    "Bxe4"
  ],
  "statePieceCount": 13,
  "endPieceCount": 3,
  "boardState": [
    {
      "square": "f7",
      "type": "p",
      "color": "b"
    },
    {
      "square": "e6",
      "type": "p",
      "color": "b"
    },
    {
      "square": "f6",
      "type": "k",
      "color": "b"
    },
    {
      "square": "g6",
      "type": "p",
      "color": "b"
    },
    {
      "square": "d5",
      "type": "p",
      "color": "b"
    },
    {
      "square": "h5",
      "type": "p",
      "color": "w"
    },
    {
      "square": "c4",
      "type": "n",
      "color": "b"
    },
    {
      "square": "d4",
      "type": "p",
      "color": "w"
    },
    {
      "square": "g4",
      "type": "b",
      "color": "w"
    },
    {
      "square": "a3",
      "type": "r",
      "color": "w"
    },
    {
      "square": "e3",
      "type": "p",
      "color": "w"
    },
    {
      "square": "f2",
      "type": "p",
      "color": "w"
    },
    {
      "square": "g2",
      "type": "k",
      "color": "w"
    }
  ]
}