{
  "event": "Charity Cup",
  "site": "chess24.com INT",
  "date": "2022.03.26",
  "eventDate": "2022.03.19",
  "dateMillis": 1648224000000,
  "eventDateMillis": 1647619200000,
  "round": "3.31",
  "result": "1-0",
  "white": "Magnus Carlsen",
  "black": "Jan-Krzysztof Duda",
  "isDingWin": true,
  "isDraw": false,
  "isDingBlack": false,
  "moves": [
    "Kd2",
    "Bc7",
    "Rxd5+",
    "Ke6",
    "Rc5",
    "g3",
    "Kxe1"
  ],
  "statePieceCount": 13,
  "endPieceCount": 11,
  "boardState": [
    {
      "square": "d7",
      "type": "k",
      "color": "b"
    },
    {
      "square": "f7",
      "type": "p",
      "color": "b"
    },
    {
      "square": "a5",
      "type": "r",
      "color": "w"
    },
    {
      "square": "d5",
      "type": "p",
      "color": "b"
    },
    {
      "square": "b4",
      "type": "p",
      "color": "b"
    },
    {
      "square": "d4",
      "type": "p",
      "color": "w"
    },
    {
      "square": "g4",
      "type": "p",
      "color": "b"
    },
    {
      "square": "e3",
      "type": "b",
      "color": "w"
    },
    {
      "square": "g3",
      "type": "b",
      "color": "b"
    },
    {
      "square": "b2",
      "type": "p",
      "color": "w"
    },
    {
      "square": "c2",
      "type": "k",
      "color": "w"
    },
    {
      "square": "f2",
      "type": "p",
      "color": "w"
    },
    {
      "square": "e1",
      "type": "r",
      "color": "b"
    }
  ]
}