{
  "event": "Oslo Esports Cup",
  "site": "Oslo NOR",
  "date": "2022.04.25",
  "eventDate": "2022.04.22",
  "dateMillis": 1650816000000,
  "eventDateMillis": 1650556800000,
  "round": "4.1",
  "result": "1-0",
  "white": "Magnus Carlsen",
  "black": "R Praggnanandhaa",
  "isDingWin": true,
  "isDraw": false,
  "isDingBlack": false,
  "moves": [
    "Qxe1+",
    "Kh2",
    "Qxf2",
    "Qe8+",
    "Kg7",
    "Qe5+",
    "f6",
    "Qe7+",
    "Kh6",
    "b4",
    "Qf4+",
    "Kg1",
    "Qc1+",
    "Kf2",
    "Qd2+",
    "Qe2",
    "Qf4+",
    "Qf3",
    "Qd2+",
    "Kg3",
    "Kg7",
    "a4",
    "Qg5+",
    "Kf2",
    "Qd2+",
    "Qe2",
    "Qxc3",
    "Qe7+",
    "Kg8",
    "a5",
    "Qd2+",
    "Kg3",
    "g5",
    "Qxf6",
    "Qe1+",
    "Qf2",
    "Qxb4",
    "Qf5",
    "Qe1+",
    "Kg4",
    "Qb4+",
    "Kxg5",
    "Qd2+",
    "Kh5",
    "Qd6",
    "g3",
    "Qc6",
    "Kg5",
    "Kg7",
    "Qe5+",
    "Kf7",
    "Qf4+",
    "Kg7",
    "Qd4+",
    "Kg8",
    "Qb6",
    "Qd5+",
    "Kf6",
    "Qf3+",
    "Ke7",
    "Qa3+",
    "Qd6",
    "Qf3",
    "a6",
    "Qf7+",
    "Kd8",
    "Qa2",
    "Kc7",
    "Qf7+",
    "Kb6",
    "Qb3+",
    "Ka7",
    "Qf7+",
    "Ka8",
    "Qf3+",
    "Kb8",
    "Qb3+",
    "Kc8",
    "Qc4+",
    "Kb7",
    "Qb3+",
    "Qb6",
    "Qf3+",
    "Ka7",
    "Qa3",
    "Ka8",
    "Kg7",
    "a7",
    "Qf8+",
    "Kb7",
    "Qf3+",
    "Qc6",
    "Qb3+",
    "Kc8"
  ],
  "statePieceCount": 13,
  "endPieceCount": 7,
  "boardState": [
    {
      "square": "g8",
      "type": "k",
      "color": "b"
    },
    {
      "square": "f7",
      "type": "p",
      "color": "b"
    },
    {
      "square": "h7",
      "type": "p",
      "color": "b"
    },
    {
      "square": "c6",
      "type": "q",
      "color": "w"
    },
    {
      "square": "g6",
      "type": "p",
      "color": "b"
    },
    {
      "square": "c3",
      "type": "p",
      "color": "w"
    },
    {
      "square": "a2",
      "type": "p",
      "color": "w"
    },
    {
      "square": "b2",
      "type": "p",
      "color": "w"
    },
    {
      "square": "d2",
      "type": "q",
      "color": "b"
    },
    {
      "square": "f2",
      "type": "p",
      "color": "w"
    },
    {
      "square": "g2",
      "type": "p",
      "color": "w"
    },
    {
      "square": "e1",
      "type": "r",
      "color": "w"
    },
    {
      "square": "g1",
      "type": "k",
      "color": "w"
    }
  ]
}