{
  "event": "Solidarity NOR-UKR Match",
  "site": "Tornelo INT",
  "date": "2022.04.23",
  "eventDate": "2022.04.23",
  "dateMillis": 1650643200000,
  "eventDateMillis": 1650643200000,
  "round": "2.4",
  "result": "1-0",
  "white": "Magnus Carlsen",
  "black": "Alexander Moiseenko",
  "isDingWin": true,
  "isDraw": false,
  "isDingBlack": false,
  "moves": [
    "Qh3+",
    "Kxg5",
    "Qg2+",
    "Kf6",
    "Rc6+",
    "Be6",
    "Qf2+",
    "Ke7"
  ],
  "statePieceCount": 13,
  "endPieceCount": 12,
  "boardState": [
    {
      "square": "c8",
      "type": "r",
      "color": "b"
    },
    {
      "square": "h8",
      "type": "k",
      "color": "b"
    },
    {
      "square": "d7",
      "type": "r",
      "color": "w"
    },
    {
      "square": "f7",
      "type": "q",
      "color": "w"
    },
    {
      "square": "g5",
      "type": "p",
      "color": "b"
    },
    {
      "square": "h5",
      "type": "k",
      "color": "w"
    },
    {
      "square": "d4",
      "type": "p",
      "color": "w"
    },
    {
      "square": "e4",
      "type": "p",
      "color": "b"
    },
    {
      "square": "b3",
      "type": "b",
      "color": "w"
    },
    {
      "square": "e3",
      "type": "q",
      "color": "b"
    },
    {
      "square": "a2",
      "type": "p",
      "color": "w"
    },
    {
      "square": "b2",
      "type": "p",
      "color": "w"
    },
    {
      "square": "h2",
      "type": "p",
      "color": "w"
    }
  ]
}