{
  "event": "Chessable Masters",
  "site": "chess24.com INT",
  "date": "2022.05.23",
  "eventDate": "2022.05.19",
  "dateMillis": 1653235200000,
  "eventDateMillis": 1652889600000,
  "round": "3.4",
  "result": "1-0",
  "white": "Magnus Carlsen",
  "black": "Anton Guijarro, David",
  "isDingWin": true,
  "isDraw": false,
  "isDingBlack": false,
  "moves": [
    "Ke6",
    "Ke3",
    "Rb3+",
    "Kd4",
    "Rb4+",
    "Rc4",
    "Rb1",
    "Re5+",
    "Kd7",
    "Kd5",
    "Rd1+",
    "Rd4",
    "Rxd4+",
    "Kxd4",
    "Ra6",
    "a5",
    "Kd8",
    "Kd5",
    "Rxa5",
    "Kd6",
    "Rb5",
    "Re7",
    "Rxc5",
    "Rxa7",
    "Rc8",
    "Rxf7",
    "Ke8",
    "Rf6",
    "Ra8",
    "Ke5",
    "Ra5+",
    "Kf4",
    "Rb5",
    "Rxg6",
    "Kf7",
    "Ra6"
  ],
  "statePieceCount": 13,
  "endPieceCount": 6,
  "boardState": [
    {
      "square": "b8",
      "type": "r",
      "color": "b"
    },
    {
      "square": "a7",
      "type": "p",
      "color": "b"
    },
    {
      "square": "e7",
      "type": "k",
      "color": "b"
    },
    {
      "square": "f7",
      "type": "p",
      "color": "b"
    },
    {
      "square": "c6",
      "type": "r",
      "color": "b"
    },
    {
      "square": "g6",
      "type": "p",
      "color": "b"
    },
    {
      "square": "c5",
      "type": "p",
      "color": "w"
    },
    {
      "square": "d5",
      "type": "r",
      "color": "w"
    },
    {
      "square": "g5",
      "type": "p",
      "color": "w"
    },
    {
      "square": "a4",
      "type": "p",
      "color": "w"
    },
    {
      "square": "e4",
      "type": "p",
      "color": "w"
    },
    {
      "square": "f2",
      "type": "k",
      "color": "w"
    },
    {
      "square": "c1",
      "type": "r",
      "color": "w"
    }
  ]
}