{
  "event": "Norway Chess",
  "site": "Stavanger NOR",
  "date": "2022.06.05",
  "eventDate": "2022.05.31",
  "dateMillis": 1654358400000,
  "eventDateMillis": 1653926400000,
  "round": "10",
  "result": "1-0",
  "white": "Viswanathan Anand",
  "black": "Magnus Carlsen",
  "isDingWin": false,
  "isDraw": false,
  "isDingBlack": true,
  "moves": [
    "Kxe8",
    "Rxg6",
    "Nf4",
    "Rxa6",
    "Nd3+",
    "Ke3",
    "Ne5",
    "Re6+"
  ],
  "statePieceCount": 13,
  "endPieceCount": 10,
  "boardState": [
    {
      "square": "e8",
      "type": "q",
      "color": "w"
    },
    {
      "square": "f8",
      "type": "k",
      "color": "b"
    },
    {
      "square": "a6",
      "type": "p",
      "color": "b"
    },
    {
      "square": "g6",
      "type": "p",
      "color": "b"
    },
    {
      "square": "a5",
      "type": "p",
      "color": "w"
    },
    {
      "square": "b5",
      "type": "p",
      "color": "b"
    },
    {
      "square": "h5",
      "type": "n",
      "color": "b"
    },
    {
      "square": "c3",
      "type": "p",
      "color": "w"
    },
    {
      "square": "f3",
      "type": "b",
      "color": "w"
    },
    {
      "square": "h3",
      "type": "r",
      "color": "b"
    },
    {
      "square": "b2",
      "type": "p",
      "color": "w"
    },
    {
      "square": "f2",
      "type": "k",
      "color": "w"
    },
    {
      "square": "g2",
      "type": "r",
      "color": "w"
    }
  ]
}