{
  "event": "SuperUnited Croatia",
  "site": "Zagreb CRO",
  "dateMillis": null,
  "eventDateMillis": null,
  "round": "5.2",
  "result": "1-0",
  "white": "Mamedyarov, Shakhriyar",
  "black": "Magnus Carlsen",
  "isDingWin": false,
  "isDraw": false,
  "isDingBlack": true,
  "moves": [
    "Re8",
    "Qxg5+",
    "Qg7",
    "Qe3",
    "e4",
    "b4",
    "Qg6",
    "f4",
    "Rd8",
    "Qe2",
    "Rd3",
    "Qa2+",
    "Kg7",
    "Qa7+",
    "Kg8",
    "Qa8+",
    "Kf7",
    "g4"
  ],
  "statePieceCount": 13,
  "endPieceCount": 12,
  "boardState": [
    {
      "square": "b8",
      "type": "r",
      "color": "b"
    },
    {
      "square": "g8",
      "type": "k",
      "color": "b"
    },
    {
      "square": "d7",
      "type": "q",
      "color": "b"
    },
    {
      "square": "h7",
      "type": "p",
      "color": "b"
    },
    {
      "square": "f6",
      "type": "q",
      "color": "w"
    },
    {
      "square": "c5",
      "type": "b",
      "color": "w"
    },
    {
      "square": "e5",
      "type": "p",
      "color": "b"
    },
    {
      "square": "g5",
      "type": "p",
      "color": "b"
    },
    {
      "square": "f3",
      "type": "p",
      "color": "w"
    },
    {
      "square": "h3",
      "type": "p",
      "color": "w"
    },
    {
      "square": "b2",
      "type": "p",
      "color": "w"
    },
    {
      "square": "g2",
      "type": "p",
      "color": "w"
    },
    {
      "square": "g1",
      "type": "k",
      "color": "w"
    }
  ]
}