{
  "event": "SuperUnited Croatia",
  "site": "Zagreb CRO",
  "date": "2022.07.24",
  "dateMillis": 1658592000000,
  "eventDateMillis": null,
  "round": "16.3",
  "result": "1/2-1/2",
  "white": "Shakhriyar Mamedyarov",
  "black": "Magnus Carlsen",
  "isDingWin": false,
  "isDraw": true,
  "isDingBlack": true,
  "moves": [
    "Kf8",
    "Qb4+",
    "Kg8",
    "Qg4+",
    "Kh8",
    "Rc1",
    "Re8",
    "Rc8",
    "Rxc8",
    "Qxc8+",
    "Qg8",
    "Qd7",
    "Bc5",
    "b4",
    "Bf8",
    "b5",
    "Qb3",
    "Qd4",
    "Kg8",
    "b6",
    "Kf7",
    "a5",
    "Qb5",
    "Qf4",
    "Bc5",
    "Qf5",
    "Qxa5",
    "Qxh7+",
    "Kxf6",
    "Qh4+",
    "Kf7",
    "Qf4+",
    "Ke6",
    "Qe4+",
    "Kd6",
    "b7",
    "Kc7",
    "Qb1",
    "Kb8",
    "Qd1",
    "Qc7",
    "Qe2",
    "Bd6",
    "Qe8+",
    "Kxb7",
    "Qb5+",
    "Ka7",
    "Qa4+",
    "Kb7",
    "Qb5+",
    "Ka7",
    "Qa4+"
  ],
  "statePieceCount": 13,
  "endPieceCount": 7,
  "boardState": [
    {
      "square": "e8",
      "type": "k",
      "color": "b"
    },
    {
      "square": "a7",
      "type": "b",
      "color": "b"
    },
    {
      "square": "f7",
      "type": "q",
      "color": "b"
    },
    {
      "square": "h7",
      "type": "p",
      "color": "b"
    },
    {
      "square": "f6",
      "type": "p",
      "color": "w"
    },
    {
      "square": "a5",
      "type": "q",
      "color": "w"
    },
    {
      "square": "a4",
      "type": "p",
      "color": "w"
    },
    {
      "square": "b3",
      "type": "p",
      "color": "w"
    },
    {
      "square": "e3",
      "type": "r",
      "color": "b"
    },
    {
      "square": "h3",
      "type": "p",
      "color": "w"
    },
    {
      "square": "g2",
      "type": "p",
      "color": "w"
    },
    {
      "square": "f1",
      "type": "r",
      "color": "w"
    },
    {
      "square": "h1",
      "type": "k",
      "color": "w"
    }
  ]
}