{
  "event": "FTX Crypto Cup",
  "site": "Miami, FL USA",
  "date": "2022.08.21",
  "eventDate": "2022.08.15",
  "dateMillis": 1661011200000,
  "eventDateMillis": 1660492800000,
  "round": "7.1",
  "result": "1/2-1/2",
  "white": "Magnus Carlsen",
  "black": "R Praggnanandhaa",
  "isDingWin": false,
  "isDraw": true,
  "isDingBlack": false,
  "moves": [
    "f4",
    "Kf7",
    "Kf3",
    "Nb7",
    "Rd5",
    "Ke6",
    "Re5+",
    "Kd6",
    "e3",
    "Nc5",
    "g5",
    "Ne6",
    "gxh6",
    "gxh6",
    "Rf5",
    "Ke7",
    "Kg4",
    "Rc3",
    "Re5",
    "Kf6",
    "Rf5+",
    "Kg7",
    "Re5",
    "Kf7",
    "Rf5+",
    "Ke7",
    "Re5",
    "Rc5",
    "Re4",
    "Kf6",
    "Ra4",
    "a5",
    "e4",
    "Nc7",
    "Rd4",
    "Ne6",
    "Rd7",
    "Nxf4",
    "Kxf4",
    "Rxh5",
    "Rd6+",
    "Ke7",
    "Ra6",
    "Rh4+",
    "Ke5",
    "Rh5+",
    "Kd4",
    "Rb5",
    "e5",
    "h5",
    "Rh6",
    "Rb3",
    "a4",
    "h4",
    "Kd5",
    "Rd3+",
    "Ke4",
    "Ra3",
    "Kf5",
    "Rf3+",
    "Ke4",
    "Ra3",
    "Kf5",
    "Rf3+",
    "Ke4",
    "Ra3"
  ],
  "statePieceCount": 13,
  "endPieceCount": 8,
  "boardState": [
    {
      "square": "g8",
      "type": "k",
      "color": "b"
    },
    {
      "square": "c7",
      "type": "r",
      "color": "b"
    },
    {
      "square": "g7",
      "type": "p",
      "color": "b"
    },
    {
      "square": "a6",
      "type": "p",
      "color": "b"
    },
    {
      "square": "h6",
      "type": "p",
      "color": "b"
    },
    {
      "square": "c5",
      "type": "n",
      "color": "b"
    },
    {
      "square": "e5",
      "type": "r",
      "color": "w"
    },
    {
      "square": "h5",
      "type": "p",
      "color": "w"
    },
    {
      "square": "g4",
      "type": "p",
      "color": "w"
    },
    {
      "square": "a3",
      "type": "p",
      "color": "w"
    },
    {
      "square": "f3",
      "type": "p",
      "color": "w"
    },
    {
      "square": "e2",
      "type": "p",
      "color": "w"
    },
    {
      "square": "f2",
      "type": "k",
      "color": "w"
    }
  ]
}