{
  "event": "FTX Crypto Cup",
  "site": "Miami, FL USA",
  "date": "2022.08.21",
  "eventDate": "2022.08.15",
  "dateMillis": 1661011200000,
  "eventDateMillis": 1660492800000,
  "round": "7.5",
  "result": "0-1",
  "white": "Magnus Carlsen",
  "black": "R Praggnanandhaa",
  "isDingWin": false,
  "isDraw": false,
  "isDingBlack": false,
  "moves": [
    "cxd5",
    "Qxd5",
    "Ne4",
    "Rf4",
    "Ng3",
    "h5",
    "Qc2",
    "Kg7",
    "b6",
    "Rf7",
    "Qb2",
    "Rb7",
    "Qc3",
    "Qe6+",
    "Kg2",
    "Qxb6",
    "Qxe5+",
    "Qf6",
    "Qd5",
    "Re7",
    "Qc5",
    "h4",
    "Nf1",
    "Qe5",
    "Qf2",
    "Qe4+",
    "Kg1",
    "Qg4+",
    "Kh1",
    "Re2",
    "Qa7+",
    "Kh6",
    "Qa8",
    "Qe4+"
  ],
  "statePieceCount": 13,
  "endPieceCount": 9,
  "boardState": [
    {
      "square": "f8",
      "type": "r",
      "color": "b"
    },
    {
      "square": "h8",
      "type": "k",
      "color": "b"
    },
    {
      "square": "h7",
      "type": "p",
      "color": "b"
    },
    {
      "square": "g6",
      "type": "p",
      "color": "b"
    },
    {
      "square": "b5",
      "type": "p",
      "color": "w"
    },
    {
      "square": "d5",
      "type": "r",
      "color": "b"
    },
    {
      "square": "e5",
      "type": "p",
      "color": "b"
    },
    {
      "square": "c4",
      "type": "p",
      "color": "w"
    },
    {
      "square": "d4",
      "type": "q",
      "color": "b"
    },
    {
      "square": "g3",
      "type": "n",
      "color": "w"
    },
    {
      "square": "h3",
      "type": "k",
      "color": "w"
    },
    {
      "square": "e2",
      "type": "q",
      "color": "w"
    },
    {
      "square": "h2",
      "type": "p",
      "color": "w"
    }
  ]
}