{
  "event": "Sinquefield Cup",
  "site": "Saint Louis, MO USA",
  "date": "2022.09.04",
  "eventDate": "2022.09.01",
  "dateMillis": 1662220800000,
  "eventDateMillis": 1661961600000,
  "round": "3",
  "result": "0-1",
  "white": "Magnus Carlsen",
  "black": "Hans Moke Niemann",
  "isDingWin": false,
  "isDraw": false,
  "isDingBlack": false,
  "moves": [
    "Kg1",
    "Re1+",
    "Kg2",
    "Re2+",
    "Kg1",
    "Kf6",
    "Bd5",
    "Rd2",
    "Rf7+",
    "Kg6",
    "Rd7",
    "Ng5",
    "Bf7+",
    "Kf5",
    "Rxd2",
    "Nf3+",
    "Kg2",
    "Nxd2",
    "a5",
    "Ke5",
    "Kg3",
    "Nf1+",
    "Kf2",
    "Nxh2",
    "e4",
    "Kxe4",
    "Be6",
    "Kf4",
    "Bc8",
    "Nf3",
    "Bxb7",
    "Ne5",
    "Bxa6",
    "Nc6",
    "Bb7",
    "Nxa5",
    "Bd5",
    "h5",
    "Bf7",
    "h4",
    "Bd5",
    "Ke5"
  ],
  "statePieceCount": 13,
  "endPieceCount": 6,
  "boardState": [
    {
      "square": "b7",
      "type": "p",
      "color": "b"
    },
    {
      "square": "d7",
      "type": "r",
      "color": "w"
    },
    {
      "square": "f7",
      "type": "b",
      "color": "w"
    },
    {
      "square": "g7",
      "type": "k",
      "color": "b"
    },
    {
      "square": "a6",
      "type": "p",
      "color": "b"
    },
    {
      "square": "h6",
      "type": "p",
      "color": "b"
    },
    {
      "square": "a4",
      "type": "p",
      "color": "w"
    },
    {
      "square": "e4",
      "type": "n",
      "color": "b"
    },
    {
      "square": "g4",
      "type": "p",
      "color": "b"
    },
    {
      "square": "e3",
      "type": "p",
      "color": "w"
    },
    {
      "square": "e2",
      "type": "r",
      "color": "b"
    },
    {
      "square": "g2",
      "type": "k",
      "color": "w"
    },
    {
      "square": "h2",
      "type": "p",
      "color": "w"
    }
  ]
}