{
  "event": "8th Asian Continental Chess Championship",
  "site": "Subic Bay Free Port",
  "date": "2009.05.18",
  "eventDate": "2009.05.13",
  "dateMillis": 1242576000000,
  "eventDateMillis": 1242144000000,
  "round": "6.14",
  "result": "0-1",
  "white": "Dzhurabek Khamrakulov",
  "black": "Ding Liren",
  "isDingWin": true,
  "isDraw": false,
  "isDingBlack": true,
  "moves": [
    "Rxg4",
    "Bxg4",
    "Rxc3",
    "a4",
    "Rc4",
    "Bd7",
    "Rh4",
    "a3",
    "Rxh7+",
    "Kd6",
    "Rh8",
    "Kc5",
    "Ra8",
    "Kb4",
    "h4",
    "Ba4",
    "Rb8+",
    "Bb5",
    "Ra8",
    "Bc6",
    "Rb8+",
    "Ka5",
    "Rb1",
    "Be4",
    "Rb3",
    "Ka4",
    "Rb6",
    "Bd3",
    "Ke3",
    "Bb5",
    "Rd6",
    "a2",
    "Rd1",
    "Be8",
    "h5",
    "Bxh5",
    "Rd8",
    "Bf7",
    "Kd2",
    "Ka3"
  ],
  "statePieceCount": 12,
  "endPieceCount": 7,
  "boardState": [
    {
      "square": "e7",
      "type": "k",
      "color": "b"
    },
    {
      "square": "h7",
      "type": "p",
      "color": "b"
    },
    {
      "square": "f6",
      "type": "p",
      "color": "b"
    },
    {
      "square": "a5",
      "type": "p",
      "color": "b"
    },
    {
      "square": "e5",
      "type": "p",
      "color": "b"
    },
    {
      "square": "f5",
      "type": "b",
      "color": "b"
    },
    {
      "square": "a4",
      "type": "r",
      "color": "w"
    },
    {
      "square": "g4",
      "type": "r",
      "color": "b"
    },
    {
      "square": "c3",
      "type": "p",
      "color": "b"
    },
    {
      "square": "f2",
      "type": "k",
      "color": "w"
    },
    {
      "square": "h2",
      "type": "p",
      "color": "w"
    },
    {
      "square": "c1",
      "type": "r",
      "color": "w"
    }
  ]
}