{
  "event": "Chinese Championship",
  "site": "Xinghua Jiangsu CHN",
  "date": "2009.06.02",
  "eventDate": "2009.05.26",
  "dateMillis": 1243872000000,
  "eventDateMillis": 1243267200000,
  "round": "7",
  "result": "0-1",
  "white": "Yifan Hou",
  "black": "Ding Liren",
  "isDingWin": true,
  "isDraw": false,
  "isDingBlack": true,
  "moves": [
    "Rd7",
    "Bf4",
    "e6",
    "Re3+",
    "Kg2",
    "h3+",
    "Kf2",
    "h2",
    "Rxf7+",
    "Kg8",
    "Kg2",
    "Re1"
  ],
  "statePieceCount": 12,
  "endPieceCount": 11,
  "boardState": [
    {
      "square": "d8",
      "type": "r",
      "color": "w"
    },
    {
      "square": "f7",
      "type": "p",
      "color": "b"
    },
    {
      "square": "g7",
      "type": "k",
      "color": "b"
    },
    {
      "square": "e5",
      "type": "p",
      "color": "w"
    },
    {
      "square": "f5",
      "type": "p",
      "color": "b"
    },
    {
      "square": "b4",
      "type": "p",
      "color": "w"
    },
    {
      "square": "h4",
      "type": "p",
      "color": "b"
    },
    {
      "square": "e3",
      "type": "b",
      "color": "b"
    },
    {
      "square": "g3",
      "type": "r",
      "color": "b"
    },
    {
      "square": "d2",
      "type": "p",
      "color": "b"
    },
    {
      "square": "h2",
      "type": "k",
      "color": "w"
    },
    {
      "square": "d1",
      "type": "b",
      "color": "w"
    }
  ],
  "nextTurn": "w"
}