{
  "event": "Hainan Danzhou GM",
  "site": "Danzhou CHN",
  "date": "2010.06.12",
  "eventDate": "2010.06.11",
  "dateMillis": 1276272000000,
  "eventDateMillis": 1276185600000,
  "round": "2",
  "result": "0-1",
  "white": "Zhou Weiqi",
  "black": "Ding Liren",
  "isDingWin": true,
  "isDraw": false,
  "isDingBlack": true,
  "moves": [
    "Kf6",
    "Kf2",
    "e5",
    "Kf3",
    "e4+",
    "Ke3",
    "R6a5",
    "Kf2",
    "Ke5",
    "Rb3",
    "Rd4",
    "Rb8",
    "Rd3",
    "a4",
    "f4",
    "Re8+",
    "Kd4",
    "gxf4",
    "gxf4",
    "Rd8+",
    "Kc4",
    "Rc8+",
    "Kb3",
    "Rcc2",
    "Rg5",
    "Rab2+",
    "Ka3",
    "Ra2+",
    "Kb4",
    "a5",
    "Rf3+",
    "Ke1",
    "Rg1+",
    "Ke2",
    "Re3+",
    "Kd2",
    "Rd3+",
    "Ke2",
    "f3+",
    "Kf2",
    "Rg2+",
    "Ke1",
    "Rxc2",
    "Rxc2",
    "e3",
    "Rc1",
    "Rd2",
    "Rb1+",
    "Kxa5",
    "Kf1",
    "Rf2+",
    "Kg1",
    "Rg2+",
    "Kh1",
    "Rg8"
  ],
  "statePieceCount": 12,
  "endPieceCount": 7,
  "boardState": [
    {
      "square": "e7",
      "type": "p",
      "color": "b"
    },
    {
      "square": "f7",
      "type": "k",
      "color": "b"
    },
    {
      "square": "a6",
      "type": "r",
      "color": "b"
    },
    {
      "square": "f5",
      "type": "p",
      "color": "b"
    },
    {
      "square": "g5",
      "type": "p",
      "color": "b"
    },
    {
      "square": "a4",
      "type": "r",
      "color": "b"
    },
    {
      "square": "a3",
      "type": "p",
      "color": "w"
    },
    {
      "square": "c3",
      "type": "r",
      "color": "w"
    },
    {
      "square": "g3",
      "type": "p",
      "color": "w"
    },
    {
      "square": "h3",
      "type": "p",
      "color": "w"
    },
    {
      "square": "a2",
      "type": "r",
      "color": "w"
    },
    {
      "square": "g2",
      "type": "k",
      "color": "w"
    }
  ],
  "nextTurn": "b"
}