{
  "event": "Hainan Danzhou GM",
  "site": "Danzhou CHN",
  "date": "2010.06.19",
  "eventDate": "2010.06.11",
  "dateMillis": 1276876800000,
  "eventDateMillis": 1276185600000,
  "round": "8",
  "result": "1/2-1/2",
  "white": "Ding Liren",
  "black": "Li Chao",
  "isDingWin": false,
  "isDraw": true,
  "isDingBlack": false,
  "moves": [
    "Qa2",
    "Rxc5",
    "bxc5",
    "Qc8+",
    "Kg7",
    "Qxc5",
    "Qd2",
    "d6",
    "Kf6",
    "Qc7",
    "Qd5+",
    "Kg3",
    "Qg5+",
    "Kh2",
    "Qh4+",
    "Kg1",
    "Qg4+",
    "Kf1",
    "Qd1+",
    "Kg2",
    "Ke5"
  ],
  "statePieceCount": 12,
  "endPieceCount": 9,
  "boardState": [
    {
      "square": "g8",
      "type": "k",
      "color": "b"
    },
    {
      "square": "a7",
      "type": "p",
      "color": "b"
    },
    {
      "square": "f7",
      "type": "p",
      "color": "b"
    },
    {
      "square": "b6",
      "type": "p",
      "color": "b"
    },
    {
      "square": "g6",
      "type": "p",
      "color": "b"
    },
    {
      "square": "a5",
      "type": "q",
      "color": "b"
    },
    {
      "square": "c5",
      "type": "b",
      "color": "b"
    },
    {
      "square": "d5",
      "type": "p",
      "color": "w"
    },
    {
      "square": "c4",
      "type": "r",
      "color": "w"
    },
    {
      "square": "h3",
      "type": "q",
      "color": "w"
    },
    {
      "square": "f2",
      "type": "p",
      "color": "w"
    },
    {
      "square": "g2",
      "type": "k",
      "color": "w"
    }
  ]
}