{
  "event": "World Chess Team Championship",
  "site": "Ningbo CHN",
  "date": "2011.07.19",
  "eventDate": "2011.07.17",
  "dateMillis": 1311004800000,
  "eventDateMillis": 1310832000000,
  "round": "3",
  "result": "1-0",
  "white": "Tamir Nabaty",
  "black": "Ding Liren",
  "isDingWin": false,
  "isDraw": false,
  "isDingBlack": true,
  "moves": [
    "Kc4",
    "Kg7",
    "Nb3",
    "Nxf4",
    "Nxa5",
    "Nd5",
    "Nc6",
    "f6",
    "a5",
    "fxe5",
    "a6",
    "Nc7",
    "a7",
    "Kf6",
    "Kc5",
    "Na8",
    "Kd6",
    "e4",
    "Ne5",
    "Kf5",
    "Nc4",
    "Kf6",
    "Kd7",
    "h6",
    "h3",
    "e5",
    "Kd6",
    "Kf7",
    "Kd7",
    "Kf6",
    "h4",
    "h5",
    "Ne3",
    "Kf7",
    "Nd5",
    "Kf8",
    "Kc6",
    "e3",
    "Nxe3",
    "Ke7",
    "Nd5+",
    "Kd8",
    "Kb7"
  ],
  "statePieceCount": 12,
  "endPieceCount": 8,
  "boardState": [
    {
      "square": "f8",
      "type": "k",
      "color": "b"
    },
    {
      "square": "f7",
      "type": "p",
      "color": "b"
    },
    {
      "square": "h7",
      "type": "p",
      "color": "b"
    },
    {
      "square": "e6",
      "type": "p",
      "color": "b"
    },
    {
      "square": "a5",
      "type": "p",
      "color": "b"
    },
    {
      "square": "d5",
      "type": "n",
      "color": "b"
    },
    {
      "square": "e5",
      "type": "p",
      "color": "w"
    },
    {
      "square": "a4",
      "type": "p",
      "color": "w"
    },
    {
      "square": "f4",
      "type": "p",
      "color": "w"
    },
    {
      "square": "d3",
      "type": "k",
      "color": "w"
    },
    {
      "square": "d2",
      "type": "n",
      "color": "w"
    },
    {
      "square": "h2",
      "type": "p",
      "color": "w"
    }
  ],
  "nextTurn": "w"
}