{
  "event": "World Chess Team Championship",
  "site": "Ningbo CHN",
  "date": "2011.07.25",
  "eventDate": "2011.07.17",
  "dateMillis": 1311523200000,
  "eventDateMillis": 1310832000000,
  "round": "8",
  "result": "1/2-1/2",
  "white": "Parimarjan Negi",
  "black": "Ding Liren",
  "isDingWin": false,
  "isDraw": true,
  "isDingBlack": true,
  "moves": [
    "Ra4",
    "Rxb2",
    "Rxa6",
    "Ke6",
    "Ra4",
    "Kf5",
    "Rh4",
    "Rb1+",
    "Ke2",
    "Rb2+",
    "Ke3",
    "Rb3+",
    "Ke2",
    "Rb2+"
  ],
  "statePieceCount": 12,
  "endPieceCount": 10,
  "boardState": [
    {
      "square": "d7",
      "type": "k",
      "color": "b"
    },
    {
      "square": "f7",
      "type": "p",
      "color": "b"
    },
    {
      "square": "h7",
      "type": "p",
      "color": "b"
    },
    {
      "square": "a6",
      "type": "p",
      "color": "b"
    },
    {
      "square": "d6",
      "type": "p",
      "color": "b"
    },
    {
      "square": "e4",
      "type": "r",
      "color": "w"
    },
    {
      "square": "b3",
      "type": "r",
      "color": "b"
    },
    {
      "square": "h3",
      "type": "p",
      "color": "w"
    },
    {
      "square": "b2",
      "type": "p",
      "color": "w"
    },
    {
      "square": "f2",
      "type": "p",
      "color": "w"
    },
    {
      "square": "g2",
      "type": "p",
      "color": "w"
    },
    {
      "square": "f1",
      "type": "k",
      "color": "w"
    }
  ],
  "nextTurn": "w"
}