{
  "event": "Hainan Danzhou GM",
  "site": "Danzhou CHN",
  "date": "2011.05.15",
  "eventDate": "2011.05.17",
  "dateMillis": 1305388800000,
  "eventDateMillis": 1305561600000,
  "round": "1",
  "result": "1/2-1/2",
  "white": "Wang Yue",
  "black": "Ding Liren",
  "isDingWin": false,
  "isDraw": true,
  "isDingBlack": true,
  "moves": [
    "axb5",
    "Be2",
    "Bc6",
    "Bd3",
    "Be8",
    "Bb1",
    "Bf7",
    "Bc2",
    "Be8",
    "Bd3",
    "g4",
    "Bc2",
    "Bf7",
    "Bb1",
    "Be8",
    "Bd3",
    "g5",
    "Bb1",
    "Bh5",
    "Bc2",
    "Bf7",
    "Bd3",
    "Be8",
    "Bc2",
    "Bf7",
    "Bh7",
    "Be8",
    "Bd3",
    "Bc6",
    "Bg6",
    "Bd7",
    "Bh5",
    "Bc6",
    "Bxg4",
    "Be8",
    "Be2",
    "Bc6",
    "Bd3",
    "Be8",
    "Bc2",
    "Bc6",
    "Bb3",
    "Be8",
    "Bd1",
    "Bc6",
    "Bh5",
    "Bd7",
    "Bg6",
    "Bc6",
    "Bh5",
    "Bd7",
    "Bg6",
    "Bc6",
    "Bf7",
    "Kf6",
    "Bg8",
    "Ke5",
    "Bf7",
    "Kf6",
    "Bg8",
    "Ke5",
    "Bf7"
  ],
  "statePieceCount": 12,
  "endPieceCount": 10,
  "boardState": [
    {
      "square": "d7",
      "type": "b",
      "color": "b"
    },
    {
      "square": "a6",
      "type": "p",
      "color": "b"
    },
    {
      "square": "g6",
      "type": "p",
      "color": "b"
    },
    {
      "square": "b5",
      "type": "p",
      "color": "w"
    },
    {
      "square": "d5",
      "type": "p",
      "color": "b"
    },
    {
      "square": "e5",
      "type": "k",
      "color": "b"
    },
    {
      "square": "g5",
      "type": "p",
      "color": "b"
    },
    {
      "square": "b4",
      "type": "p",
      "color": "w"
    },
    {
      "square": "c3",
      "type": "p",
      "color": "w"
    },
    {
      "square": "e3",
      "type": "k",
      "color": "w"
    },
    {
      "square": "g3",
      "type": "p",
      "color": "w"
    },
    {
      "square": "d1",
      "type": "b",
      "color": "w"
    }
  ]
}