{
  "event": "Asian Continental Chess Championship",
  "site": "Ho Chi Minh VIE",
  "date": "2012.05.08",
  "eventDate": "2012.05.05",
  "dateMillis": 1336406400000,
  "eventDateMillis": 1336147200000,
  "round": "4",
  "result": "1-0",
  "white": "Ding Liren",
  "black": "Sethuraman P Sethuraman",
  "isDingWin": true,
  "isDraw": false,
  "isDingBlack": false,
  "moves": [
    "Bd7",
    "Kg4",
    "Kf6",
    "Kf4",
    "Ke7",
    "Bb8",
    "a6",
    "Ba7",
    "b5",
    "Bc5+",
    "Kf6",
    "Bf8",
    "Ne5",
    "Bg7+",
    "Kxg7",
    "Kxe5",
    "Kf7",
    "b4",
    "Ke7",
    "f6+",
    "Kf7",
    "Nf5",
    "Kg6",
    "Kd6",
    "Be8",
    "Ke7",
    "Kxf5",
    "Kxe8",
    "Kxf6",
    "Kd7"
  ],
  "statePieceCount": 12,
  "endPieceCount": 7,
  "boardState": [
    {
      "square": "a7",
      "type": "p",
      "color": "b"
    },
    {
      "square": "c7",
      "type": "b",
      "color": "w"
    },
    {
      "square": "f7",
      "type": "n",
      "color": "b"
    },
    {
      "square": "g7",
      "type": "k",
      "color": "b"
    },
    {
      "square": "b6",
      "type": "p",
      "color": "b"
    },
    {
      "square": "c6",
      "type": "p",
      "color": "b"
    },
    {
      "square": "e6",
      "type": "b",
      "color": "b"
    },
    {
      "square": "f5",
      "type": "p",
      "color": "w"
    },
    {
      "square": "h4",
      "type": "k",
      "color": "w"
    },
    {
      "square": "a3",
      "type": "p",
      "color": "w"
    },
    {
      "square": "e3",
      "type": "n",
      "color": "w"
    },
    {
      "square": "b2",
      "type": "p",
      "color": "w"
    }
  ]
}