{
  "event": "Hainan Danzhou GM",
  "site": "Danzhou CHN",
  "date": "2012.06.05",
  "eventDate": "2012.05.29",
  "dateMillis": 1338825600000,
  "eventDateMillis": 1338220800000,
  "round": "7",
  "result": "0-1",
  "white": "Zhao Jun",
  "black": "Ding Liren",
  "isDingWin": true,
  "isDraw": false,
  "isDingBlack": true,
  "moves": [
    "Nxf7",
    "d4"
  ],
  "statePieceCount": 12,
  "endPieceCount": 11,
  "boardState": [
    {
      "square": "f7",
      "type": "p",
      "color": "b"
    },
    {
      "square": "d5",
      "type": "p",
      "color": "b"
    },
    {
      "square": "e5",
      "type": "n",
      "color": "w"
    },
    {
      "square": "h5",
      "type": "p",
      "color": "b"
    },
    {
      "square": "g4",
      "type": "p",
      "color": "b"
    },
    {
      "square": "h4",
      "type": "p",
      "color": "w"
    },
    {
      "square": "e3",
      "type": "n",
      "color": "b"
    },
    {
      "square": "g3",
      "type": "p",
      "color": "w"
    },
    {
      "square": "e2",
      "type": "b",
      "color": "b"
    },
    {
      "square": "h2",
      "type": "n",
      "color": "w"
    },
    {
      "square": "e1",
      "type": "k",
      "color": "b"
    },
    {
      "square": "g1",
      "type": "k",
      "color": "w"
    }
  ]
}