{
  "event": "Russia - China",
  "site": "St Petersburg RUS",
  "date": "2012.07.04",
  "eventDate": "2012.07.02",
  "dateMillis": 1341331200000,
  "eventDateMillis": 1341158400000,
  "round": "3",
  "result": "1/2-1/2",
  "white": "Evgeny Tomashevsky",
  "black": "Ding Liren",
  "isDingWin": false,
  "isDraw": true,
  "isDingBlack": true,
  "moves": [
    "Ne2",
    "Ke5",
    "Ra7",
    "f4+",
    "Kh4",
    "Bf5",
    "Kg5",
    "Bxh3"
  ],
  "statePieceCount": 12,
  "endPieceCount": 11,
  "boardState": [
    {
      "square": "d7",
      "type": "b",
      "color": "b"
    },
    {
      "square": "a6",
      "type": "r",
      "color": "w"
    },
    {
      "square": "d6",
      "type": "p",
      "color": "b"
    },
    {
      "square": "f6",
      "type": "k",
      "color": "b"
    },
    {
      "square": "c5",
      "type": "p",
      "color": "b"
    },
    {
      "square": "d5",
      "type": "p",
      "color": "w"
    },
    {
      "square": "f5",
      "type": "p",
      "color": "b"
    },
    {
      "square": "c4",
      "type": "r",
      "color": "b"
    },
    {
      "square": "c3",
      "type": "n",
      "color": "w"
    },
    {
      "square": "f3",
      "type": "p",
      "color": "w"
    },
    {
      "square": "g3",
      "type": "k",
      "color": "w"
    },
    {
      "square": "h3",
      "type": "p",
      "color": "w"
    }
  ],
  "nextTurn": "w"
}