{
  "event": "World Junior Championship",
  "site": "Athens GRE",
  "date": "2012.08.03",
  "eventDate": "2012.08.02",
  "dateMillis": 1343923200000,
  "eventDateMillis": 1343836800000,
  "round": "3",
  "result": "1-0",
  "white": "Ding Liren",
  "black": "Nikolaos Aggelis",
  "isDingWin": true,
  "isDraw": false,
  "isDingBlack": false,
  "moves": [
    "Kh7",
    "c4",
    "a4",
    "c5",
    "Qc1",
    "Qc3",
    "Qxc3",
    "dxc3",
    "a3",
    "c6",
    "a2",
    "c7",
    "a1=Q",
    "c8=Q",
    "Qb2",
    "Qc4"
  ],
  "statePieceCount": 12,
  "endPieceCount": 10,
  "boardState": [
    {
      "square": "f7",
      "type": "p",
      "color": "b"
    },
    {
      "square": "g7",
      "type": "k",
      "color": "b"
    },
    {
      "square": "g6",
      "type": "p",
      "color": "b"
    },
    {
      "square": "a5",
      "type": "p",
      "color": "b"
    },
    {
      "square": "e5",
      "type": "q",
      "color": "w"
    },
    {
      "square": "a3",
      "type": "q",
      "color": "b"
    },
    {
      "square": "c3",
      "type": "p",
      "color": "w"
    },
    {
      "square": "g3",
      "type": "p",
      "color": "w"
    },
    {
      "square": "d2",
      "type": "p",
      "color": "w"
    },
    {
      "square": "e2",
      "type": "p",
      "color": "w"
    },
    {
      "square": "f2",
      "type": "p",
      "color": "w"
    },
    {
      "square": "g2",
      "type": "k",
      "color": "w"
    }
  ]
}