{
  "event": "SPICE Cup",
  "site": "St Louis USA",
  "date": "2012.10.16",
  "eventDate": "2012.10.13",
  "dateMillis": 1350316800000,
  "eventDateMillis": 1350057600000,
  "round": "4",
  "result": "1/2-1/2",
  "white": "Maxime Vachier-Lagrave",
  "black": "Ding Liren",
  "isDingWin": false,
  "isDraw": true,
  "isDingBlack": true,
  "moves": [
    "c7",
    "Rc2",
    "Nxb4",
    "Rc3+",
    "Kg2",
    "Rf5",
    "Nd5",
    "Rxd5",
    "Rxd5",
    "Rxc7",
    "Ra5",
    "Rc2+",
    "Kg3",
    "Rc3+",
    "Kg2",
    "Rc2+",
    "Kg3",
    "Rc3+"
  ],
  "statePieceCount": 12,
  "endPieceCount": 8,
  "boardState": [
    {
      "square": "f8",
      "type": "r",
      "color": "b"
    },
    {
      "square": "d7",
      "type": "r",
      "color": "w"
    },
    {
      "square": "a6",
      "type": "p",
      "color": "b"
    },
    {
      "square": "c6",
      "type": "p",
      "color": "w"
    },
    {
      "square": "g6",
      "type": "p",
      "color": "b"
    },
    {
      "square": "h6",
      "type": "k",
      "color": "b"
    },
    {
      "square": "d5",
      "type": "n",
      "color": "w"
    },
    {
      "square": "b4",
      "type": "p",
      "color": "b"
    },
    {
      "square": "g3",
      "type": "k",
      "color": "w"
    },
    {
      "square": "h3",
      "type": "p",
      "color": "w"
    },
    {
      "square": "a2",
      "type": "p",
      "color": "w"
    },
    {
      "square": "b2",
      "type": "r",
      "color": "b"
    }
  ]
}