{
  "event": "SportAccord World Mind Games (Men's Blitz)",
  "site": "Beijing CHN",
  "date": "2012.12.16",
  "eventDate": "2012.12.16",
  "dateMillis": 1355587200000,
  "eventDateMillis": 1355587200000,
  "round": "2.7",
  "result": "0-1",
  "white": "Anish Giri",
  "black": "Ding Liren",
  "isDingWin": true,
  "isDraw": false,
  "isDingBlack": true,
  "moves": [
    "Ke5",
    "Ke3",
    "Bxc4",
    "Kxf3",
    "Nc5",
    "Rg6",
    "Nd3",
    "Rxg5+",
    "Kd4",
    "Ra5",
    "Nxb2",
    "g5",
    "Kc3",
    "g6",
    "Kb4",
    "Ra8",
    "a3",
    "Rb8+",
    "Kc3",
    "Ra8",
    "Kb4",
    "Rb8+",
    "Kc3",
    "Ra8",
    "Bd5+",
    "Kf4",
    "Bxa8",
    "Ke5",
    "Nc4+",
    "Ke6",
    "Ne3",
    "Ke5",
    "a2"
  ],
  "statePieceCount": 12,
  "endPieceCount": 7,
  "boardState": [
    {
      "square": "d6",
      "type": "k",
      "color": "b"
    },
    {
      "square": "e6",
      "type": "n",
      "color": "b"
    },
    {
      "square": "h6",
      "type": "r",
      "color": "w"
    },
    {
      "square": "g5",
      "type": "p",
      "color": "b"
    },
    {
      "square": "a4",
      "type": "p",
      "color": "b"
    },
    {
      "square": "c4",
      "type": "p",
      "color": "w"
    },
    {
      "square": "g4",
      "type": "p",
      "color": "w"
    },
    {
      "square": "b3",
      "type": "b",
      "color": "b"
    },
    {
      "square": "d3",
      "type": "k",
      "color": "w"
    },
    {
      "square": "f3",
      "type": "p",
      "color": "b"
    },
    {
      "square": "h3",
      "type": "p",
      "color": "w"
    },
    {
      "square": "b2",
      "type": "p",
      "color": "w"
    }
  ]
}