{
  "event": "Reykjavik Open",
  "site": "Reykjavik ISL",
  "date": "2013.02.20",
  "eventDate": "2013.02.19",
  "dateMillis": 1361289600000,
  "eventDateMillis": 1361203200000,
  "round": "3",
  "result": "1-0",
  "white": "Ding Liren",
  "black": "Gulnar Mammadova",
  "isDingWin": true,
  "isDraw": false,
  "isDingBlack": false,
  "moves": [
    "Qe5+",
    "Kf7",
    "Qe8+",
    "Kf6",
    "Rf8+",
    "Kg5",
    "Qe5+",
    "Kh4",
    "Qh2+",
    "Kg5",
    "Qf4+",
    "Kh5",
    "Rh8+",
    "Qh6",
    "Rxh6+",
    "gxh6",
    "Qf3+"
  ],
  "statePieceCount": 12,
  "endPieceCount": 10,
  "boardState": [
    {
      "square": "h8",
      "type": "r",
      "color": "w"
    },
    {
      "square": "a7",
      "type": "r",
      "color": "b"
    },
    {
      "square": "e7",
      "type": "k",
      "color": "b"
    },
    {
      "square": "g7",
      "type": "p",
      "color": "b"
    },
    {
      "square": "a6",
      "type": "p",
      "color": "w"
    },
    {
      "square": "c6",
      "type": "p",
      "color": "b"
    },
    {
      "square": "g6",
      "type": "q",
      "color": "b"
    },
    {
      "square": "b5",
      "type": "r",
      "color": "b"
    },
    {
      "square": "c5",
      "type": "n",
      "color": "w"
    },
    {
      "square": "a3",
      "type": "k",
      "color": "w"
    },
    {
      "square": "c3",
      "type": "q",
      "color": "w"
    },
    {
      "square": "a2",
      "type": "p",
      "color": "w"
    }
  ],
  "nextTurn": "w"
}