{
  "event": "Hainan Danzhou GM",
  "site": "Danzhou CHN",
  "date": "2013.05.21",
  "eventDate": "2013.05.20",
  "dateMillis": 1369065600000,
  "eventDateMillis": 1368979200000,
  "round": "2.3",
  "result": "1-0",
  "white": "Ding Liren",
  "black": "Wei Yi",
  "isDingWin": true,
  "isDraw": false,
  "isDingBlack": false,
  "moves": [
    "g5+",
    "Kh7",
    "Rd8",
    "Re3",
    "Rd6",
    "Rxe5",
    "Rxc6",
    "d4",
    "Rd6",
    "Re2",
    "a4",
    "d3",
    "Rxd3",
    "Re4+",
    "Kh5",
    "Rxa4",
    "g6+",
    "Kg7",
    "Rd7+",
    "Kg8",
    "Rb7",
    "Rb4",
    "h4",
    "a4",
    "Kg5",
    "a3",
    "h5",
    "Rb5+",
    "Kf6"
  ],
  "statePieceCount": 12,
  "endPieceCount": 8,
  "boardState": [
    {
      "square": "g8",
      "type": "r",
      "color": "w"
    },
    {
      "square": "b6",
      "type": "p",
      "color": "b"
    },
    {
      "square": "c6",
      "type": "p",
      "color": "b"
    },
    {
      "square": "h6",
      "type": "k",
      "color": "b"
    },
    {
      "square": "a5",
      "type": "p",
      "color": "b"
    },
    {
      "square": "d5",
      "type": "p",
      "color": "b"
    },
    {
      "square": "e5",
      "type": "p",
      "color": "w"
    },
    {
      "square": "g4",
      "type": "p",
      "color": "w"
    },
    {
      "square": "h4",
      "type": "k",
      "color": "w"
    },
    {
      "square": "c3",
      "type": "r",
      "color": "b"
    },
    {
      "square": "h3",
      "type": "p",
      "color": "w"
    },
    {
      "square": "a2",
      "type": "p",
      "color": "w"
    }
  ]
}