{
  "event": "Biel",
  "site": "Biel SUI",
  "date": "2013.07.26",
  "eventDate": "2013.07.22",
  "dateMillis": 1374768000000,
  "eventDateMillis": 1374422400000,
  "round": "5",
  "result": "1/2-1/2",
  "white": "Ian Nepomniachtchi",
  "black": "Ding Liren",
  "isDingWin": false,
  "isDraw": true,
  "isDingBlack": true,
  "moves": [
    "Rd6",
    "Nf8",
    "Rf6",
    "Nh7",
    "Rxf5+",
    "Kg6",
    "Re5",
    "Nf6",
    "f5+",
    "Kf7",
    "Re6",
    "Ne8",
    "Rh6",
    "Rb4",
    "Bg5",
    "Rxc4",
    "Kf3",
    "Rc5",
    "Rh7+",
    "Kg8",
    "Rxb7",
    "Rxf5+",
    "Kg4",
    "Rf7",
    "Rb8",
    "Rf8",
    "Rd8",
    "Kg7",
    "Kg3",
    "Rf5",
    "h4",
    "Nf6",
    "Bxf6+"
  ],
  "statePieceCount": 12,
  "endPieceCount": 7,
  "boardState": [
    {
      "square": "b7",
      "type": "p",
      "color": "b"
    },
    {
      "square": "c6",
      "type": "p",
      "color": "b"
    },
    {
      "square": "e6",
      "type": "n",
      "color": "b"
    },
    {
      "square": "f5",
      "type": "p",
      "color": "b"
    },
    {
      "square": "h5",
      "type": "k",
      "color": "b"
    },
    {
      "square": "c4",
      "type": "p",
      "color": "w"
    },
    {
      "square": "f4",
      "type": "p",
      "color": "w"
    },
    {
      "square": "b3",
      "type": "r",
      "color": "b"
    },
    {
      "square": "e3",
      "type": "b",
      "color": "w"
    },
    {
      "square": "h3",
      "type": "p",
      "color": "w"
    },
    {
      "square": "d2",
      "type": "r",
      "color": "w"
    },
    {
      "square": "f2",
      "type": "k",
      "color": "w"
    }
  ]
}