{
  "event": "FIDE World Team Championship",
  "site": "Antalya TUR",
  "date": "2013.12.04",
  "eventDate": "2013.11.26",
  "dateMillis": 1386086400000,
  "eventDateMillis": 1385395200000,
  "round": "8",
  "result": "1/2-1/2",
  "white": "Ding Liren",
  "black": "Daniel Grigoryevich Fridman",
  "isDingWin": false,
  "isDraw": true,
  "isDingBlack": false,
  "moves": [
    "Nd3",
    "Nd7",
    "Nc5",
    "Nf8",
    "f4",
    "Kf7",
    "Kf3",
    "Ng6",
    "Nd3",
    "h5",
    "gxh6",
    "gxh6",
    "Kg4",
    "Ne7",
    "Kh5",
    "Kf6",
    "Nc5",
    "Nf5",
    "Nxe6",
    "Nxg3+"
  ],
  "statePieceCount": 12,
  "endPieceCount": 8,
  "boardState": [
    {
      "square": "f8",
      "type": "n",
      "color": "b"
    },
    {
      "square": "g8",
      "type": "k",
      "color": "b"
    },
    {
      "square": "g7",
      "type": "p",
      "color": "b"
    },
    {
      "square": "h7",
      "type": "p",
      "color": "b"
    },
    {
      "square": "e6",
      "type": "p",
      "color": "b"
    },
    {
      "square": "d5",
      "type": "p",
      "color": "b"
    },
    {
      "square": "g5",
      "type": "p",
      "color": "w"
    },
    {
      "square": "d4",
      "type": "p",
      "color": "w"
    },
    {
      "square": "f4",
      "type": "n",
      "color": "w"
    },
    {
      "square": "g3",
      "type": "p",
      "color": "w"
    },
    {
      "square": "f2",
      "type": "p",
      "color": "w"
    },
    {
      "square": "g2",
      "type": "k",
      "color": "w"
    }
  ]
}