{
  "event": "Asian Nations Cup",
  "site": "Tabriz IRI",
  "date": "2014.05.25",
  "eventDate": "2014.05.22",
  "dateMillis": 1400947200000,
  "eventDateMillis": 1400688000000,
  "round": "5.2",
  "result": "1/2-1/2",
  "white": "Ding Liren",
  "black": "Sethuraman P Sethuraman",
  "isDingWin": false,
  "isDraw": true,
  "isDingBlack": false,
  "moves": [
    "gxf4",
    "Rxa6",
    "Nd4+",
    "Kd6",
    "Kf2",
    "Ra2+",
    "Ke3",
    "Rh2",
    "Nf3",
    "Rh1",
    "d4",
    "Ra1",
    "h5",
    "Ra3+",
    "Kf2",
    "Ke7",
    "h6",
    "Ra4",
    "Kg3",
    "Ra1",
    "d5",
    "Rh1",
    "Nh2",
    "Re1",
    "Kf3",
    "Rh1",
    "Ng4",
    "Rd1",
    "Ke3",
    "Rg1",
    "Ne5",
    "Rd1",
    "Kf3",
    "Rh1",
    "Kg4",
    "Rg1+",
    "Kf3",
    "Rh1",
    "Kg2",
    "Rh4",
    "Kg3",
    "Rh1",
    "Ng4",
    "Rg1+",
    "Kf3",
    "Rd1",
    "Ke3",
    "Rg1",
    "Ne5",
    "Rd1",
    "Ke2",
    "Rh1",
    "Ng4",
    "Rg1",
    "Kf3"
  ],
  "statePieceCount": 12,
  "endPieceCount": 10,
  "boardState": [
    {
      "square": "h7",
      "type": "p",
      "color": "b"
    },
    {
      "square": "a6",
      "type": "p",
      "color": "w"
    },
    {
      "square": "c6",
      "type": "n",
      "color": "w"
    },
    {
      "square": "e6",
      "type": "k",
      "color": "b"
    },
    {
      "square": "g6",
      "type": "p",
      "color": "b"
    },
    {
      "square": "a4",
      "type": "r",
      "color": "b"
    },
    {
      "square": "e4",
      "type": "p",
      "color": "w"
    },
    {
      "square": "f4",
      "type": "p",
      "color": "b"
    },
    {
      "square": "h4",
      "type": "p",
      "color": "w"
    },
    {
      "square": "d3",
      "type": "p",
      "color": "w"
    },
    {
      "square": "g3",
      "type": "p",
      "color": "w"
    },
    {
      "square": "f1",
      "type": "k",
      "color": "w"
    }
  ],
  "nextTurn": "w"
}