{
  "event": "Chess Olympiad",
  "site": "Tromso NOR",
  "date": "2014.08.08",
  "eventDate": "2014.08.02",
  "dateMillis": 1407427200000,
  "eventDateMillis": 1406908800000,
  "round": "6.8",
  "result": "0-1",
  "white": "Mohamed Ezat",
  "black": "Ding Liren",
  "isDingWin": true,
  "isDraw": false,
  "isDingBlack": true,
  "moves": [
    "Kc7",
    "Qh6",
    "Rf8",
    "a4",
    "Qf6",
    "Qh7+",
    "Kb8",
    "Qh2",
    "Qf4",
    "Qg3",
    "c4",
    "a5",
    "c3",
    "Qxf4",
    "Rxf4",
    "Kd3",
    "Rf3+",
    "Kc2",
    "Ka7",
    "Bg4",
    "Rxf2+",
    "Kxc3",
    "Ka6"
  ],
  "statePieceCount": 12,
  "endPieceCount": 8,
  "boardState": [
    {
      "square": "d8",
      "type": "k",
      "color": "b"
    },
    {
      "square": "e8",
      "type": "r",
      "color": "b"
    },
    {
      "square": "b7",
      "type": "p",
      "color": "b"
    },
    {
      "square": "e7",
      "type": "q",
      "color": "b"
    },
    {
      "square": "d6",
      "type": "p",
      "color": "b"
    },
    {
      "square": "e6",
      "type": "b",
      "color": "w"
    },
    {
      "square": "c5",
      "type": "p",
      "color": "b"
    },
    {
      "square": "d5",
      "type": "p",
      "color": "w"
    },
    {
      "square": "a3",
      "type": "p",
      "color": "w"
    },
    {
      "square": "d2",
      "type": "q",
      "color": "w"
    },
    {
      "square": "e2",
      "type": "k",
      "color": "w"
    },
    {
      "square": "f2",
      "type": "p",
      "color": "w"
    }
  ],
  "nextTurn": "b"
}