{
  "event": "Chess Olympiad",
  "site": "Tromso NOR",
  "date": "2014.08.14",
  "eventDate": "2014.08.02",
  "dateMillis": 1407945600000,
  "eventDateMillis": 1406908800000,
  "round": "11.1",
  "result": "1-0",
  "white": "Ding Liren",
  "black": "Grzegorz Gajewski",
  "isDingWin": true,
  "isDraw": false,
  "isDingBlack": false,
  "moves": [
    "hxg3"
  ],
  "statePieceCount": 12,
  "endPieceCount": 11,
  "boardState": [
    {
      "square": "d8",
      "type": "r",
      "color": "b"
    },
    {
      "square": "f8",
      "type": "k",
      "color": "b"
    },
    {
      "square": "d7",
      "type": "p",
      "color": "w"
    },
    {
      "square": "g7",
      "type": "p",
      "color": "b"
    },
    {
      "square": "h7",
      "type": "p",
      "color": "b"
    },
    {
      "square": "g6",
      "type": "q",
      "color": "b"
    },
    {
      "square": "d5",
      "type": "q",
      "color": "w"
    },
    {
      "square": "e5",
      "type": "r",
      "color": "w"
    },
    {
      "square": "g3",
      "type": "p",
      "color": "b"
    },
    {
      "square": "f2",
      "type": "p",
      "color": "w"
    },
    {
      "square": "g2",
      "type": "k",
      "color": "w"
    },
    {
      "square": "h2",
      "type": "p",
      "color": "w"
    }
  ],
  "nextTurn": "w"
}