{
  "event": "Petrosian Memorial",
  "site": "Moscow RUS",
  "date": "2014.11.10",
  "eventDate": "2014.11.03",
  "dateMillis": 1415548800000,
  "eventDateMillis": 1414944000000,
  "round": "6",
  "result": "1/2-1/2",
  "white": "Ding Liren",
  "black": "Boris Gelfand",
  "isDingWin": false,
  "isDraw": true,
  "isDingBlack": false,
  "moves": [
    "Kf6",
    "Ra5",
    "Re7",
    "g4",
    "g5",
    "Ra6+",
    "Kg7",
    "Kg2",
    "f6",
    "Kg3",
    "Rc7",
    "a4",
    "Kg6",
    "a5",
    "Rb7",
    "f3",
    "Rb3",
    "h3",
    "Ra3",
    "Rxa7",
    "h5",
    "Kf2",
    "Ra2+",
    "Ke3",
    "Ra3+",
    "Ke4",
    "Ra4+",
    "Kd5",
    "Ra3",
    "a6",
    "hxg4",
    "fxg4",
    "Rxh3",
    "Rc7",
    "Ra3",
    "a7",
    "f5",
    "Rc6+"
  ],
  "statePieceCount": 12,
  "endPieceCount": 8,
  "boardState": [
    {
      "square": "e8",
      "type": "r",
      "color": "b"
    },
    {
      "square": "a7",
      "type": "p",
      "color": "b"
    },
    {
      "square": "f7",
      "type": "p",
      "color": "b"
    },
    {
      "square": "h7",
      "type": "p",
      "color": "b"
    },
    {
      "square": "g6",
      "type": "p",
      "color": "b"
    },
    {
      "square": "c5",
      "type": "r",
      "color": "w"
    },
    {
      "square": "e5",
      "type": "k",
      "color": "b"
    },
    {
      "square": "g3",
      "type": "p",
      "color": "w"
    },
    {
      "square": "a2",
      "type": "p",
      "color": "w"
    },
    {
      "square": "f2",
      "type": "p",
      "color": "w"
    },
    {
      "square": "h2",
      "type": "p",
      "color": "w"
    },
    {
      "square": "f1",
      "type": "k",
      "color": "w"
    }
  ],
  "nextTurn": "b"
}