{
  "event": "Qatar Masters",
  "site": "Doha QAT",
  "date": "2014.11.30",
  "eventDate": "2014.11.26",
  "dateMillis": 1417276800000,
  "eventDateMillis": 1416931200000,
  "round": "5.17",
  "result": "1-0",
  "white": "Ding Liren",
  "black": "Surya Shekhar Ganguly",
  "isDingWin": true,
  "isDraw": false,
  "isDingBlack": false,
  "moves": [
    "Qxf5",
    "Be6",
    "Qg5+",
    "Kf8",
    "Qxh5",
    "b4",
    "Qh8+",
    "Ke7",
    "Qb8",
    "Bb2+",
    "Kc5",
    "b3",
    "Qd6+",
    "Ke8",
    "Kb6"
  ],
  "statePieceCount": 12,
  "endPieceCount": 10,
  "boardState": [
    {
      "square": "g8",
      "type": "k",
      "color": "b"
    },
    {
      "square": "d7",
      "type": "q",
      "color": "w"
    },
    {
      "square": "f7",
      "type": "p",
      "color": "b"
    },
    {
      "square": "b5",
      "type": "p",
      "color": "b"
    },
    {
      "square": "e5",
      "type": "p",
      "color": "w"
    },
    {
      "square": "f5",
      "type": "p",
      "color": "b"
    },
    {
      "square": "h5",
      "type": "p",
      "color": "b"
    },
    {
      "square": "c4",
      "type": "b",
      "color": "b"
    },
    {
      "square": "d4",
      "type": "k",
      "color": "w"
    },
    {
      "square": "a3",
      "type": "b",
      "color": "b"
    },
    {
      "square": "g3",
      "type": "p",
      "color": "w"
    },
    {
      "square": "h2",
      "type": "p",
      "color": "w"
    }
  ]
}