{
  "event": "Tata Steel Masters",
  "site": "Wijk aan Zee NED",
  "date": "2015.01.20",
  "eventDate": "2015.01.09",
  "dateMillis": 1421683200000,
  "eventDateMillis": 1420732800000,
  "round": "9",
  "result": "1-0",
  "white": "Anish Giri",
  "black": "Ding Liren",
  "isDingWin": false,
  "isDraw": false,
  "isDingBlack": true,
  "moves": [
    "Kg2",
    "Rf8",
    "b5",
    "Kg7",
    "Ne4",
    "b6",
    "h4",
    "Ra8",
    "h5",
    "Ra2+",
    "Kf1",
    "Kh6",
    "Be2",
    "Ra8",
    "Kf2",
    "Rf8+",
    "Ke3",
    "Rf7",
    "Bf3",
    "Rf8",
    "Kf2",
    "Ra8",
    "Be2",
    "Ra3",
    "Nf6",
    "Ra8",
    "Ke3",
    "Rf8",
    "Ne4",
    "Ra8",
    "Kf4",
    "Rf8+",
    "Kg3",
    "Ra8",
    "Nf2",
    "Ra2",
    "Bd1",
    "Rb2",
    "Ne4",
    "Rb1",
    "Be2",
    "Rb2",
    "Kf2",
    "Ra2",
    "Ke3",
    "Ra8",
    "Bg4",
    "Ra4",
    "Kf4",
    "Rxc4",
    "Bd7",
    "Kxh5",
    "Kf5",
    "Kh6",
    "Bc6",
    "Kg7",
    "Ng5",
    "Rh4",
    "Ke6",
    "Kg6",
    "Nf3",
    "Rf4",
    "Nd2",
    "Kg5",
    "Ke7",
    "Rf5",
    "Ne4+",
    "Kf4",
    "Nf6",
    "Ke5",
    "Nd7+",
    "Kd4",
    "Kd8"
  ],
  "statePieceCount": 12,
  "endPieceCount": 10,
  "boardState": [
    {
      "square": "h8",
      "type": "k",
      "color": "b"
    },
    {
      "square": "b7",
      "type": "p",
      "color": "b"
    },
    {
      "square": "c7",
      "type": "p",
      "color": "b"
    },
    {
      "square": "d6",
      "type": "p",
      "color": "b"
    },
    {
      "square": "f6",
      "type": "r",
      "color": "b"
    },
    {
      "square": "d5",
      "type": "p",
      "color": "w"
    },
    {
      "square": "b4",
      "type": "p",
      "color": "w"
    },
    {
      "square": "c4",
      "type": "p",
      "color": "w"
    },
    {
      "square": "f3",
      "type": "b",
      "color": "w"
    },
    {
      "square": "f2",
      "type": "n",
      "color": "w"
    },
    {
      "square": "h2",
      "type": "p",
      "color": "w"
    },
    {
      "square": "f1",
      "type": "k",
      "color": "w"
    }
  ]
}