{
  "event": "Chinese Championship",
  "site": "Xinghua CHN",
  "date": "2015.05.18",
  "eventDate": "2015.05.18",
  "dateMillis": 1431878400000,
  "eventDateMillis": 1431878400000,
  "round": "1.5",
  "result": "1/2-1/2",
  "white": "Zhao Jun",
  "black": "Ding Liren",
  "isDingWin": false,
  "isDraw": true,
  "isDingBlack": true,
  "moves": [
    "b4",
    "Bf1",
    "Qd4",
    "Kg1",
    "b3",
    "Qb5",
    "b2",
    "Bd3",
    "Kg7",
    "Bc2",
    "Qc3",
    "Bd3",
    "Bc4",
    "Qb7+",
    "Kh6",
    "Qc8",
    "Bxd3",
    "Qxc3",
    "b1=Q+",
    "Kh2",
    "Kh7",
    "Qc7+",
    "Kg8",
    "Qd8+",
    "Kf7",
    "Qd7+"
  ],
  "statePieceCount": 12,
  "endPieceCount": 10,
  "boardState": [
    {
      "square": "g8",
      "type": "k",
      "color": "b"
    },
    {
      "square": "f7",
      "type": "b",
      "color": "b"
    },
    {
      "square": "c6",
      "type": "q",
      "color": "w"
    },
    {
      "square": "g6",
      "type": "p",
      "color": "b"
    },
    {
      "square": "b5",
      "type": "p",
      "color": "b"
    },
    {
      "square": "e5",
      "type": "q",
      "color": "b"
    },
    {
      "square": "h5",
      "type": "p",
      "color": "b"
    },
    {
      "square": "h4",
      "type": "p",
      "color": "w"
    },
    {
      "square": "g3",
      "type": "p",
      "color": "w"
    },
    {
      "square": "h3",
      "type": "b",
      "color": "w"
    },
    {
      "square": "f2",
      "type": "p",
      "color": "w"
    },
    {
      "square": "h2",
      "type": "k",
      "color": "w"
    }
  ]
}