{
  "event": "Tata Steel Masters",
  "site": "Utrecht NED",
  "date": "2016.01.27",
  "eventDate": "2016.01.15",
  "dateMillis": 1453824000000,
  "eventDateMillis": 1452787200000,
  "round": "10",
  "result": "1/2-1/2",
  "white": "Ding Liren",
  "black": "Loek van Wely",
  "isDingWin": false,
  "isDraw": true,
  "isDingBlack": false,
  "moves": [
    "fxg4",
    "Rd5",
    "Kf6",
    "Rf5+",
    "Ke7",
    "Ke2",
    "h3",
    "gxh3",
    "gxh3",
    "Rh5",
    "Qh1",
    "Rh7+",
    "Kf8",
    "Bc4",
    "h2"
  ],
  "statePieceCount": 12,
  "endPieceCount": 9,
  "boardState": [
    {
      "square": "g7",
      "type": "k",
      "color": "b"
    },
    {
      "square": "a5",
      "type": "p",
      "color": "b"
    },
    {
      "square": "b5",
      "type": "b",
      "color": "w"
    },
    {
      "square": "f5",
      "type": "p",
      "color": "b"
    },
    {
      "square": "a4",
      "type": "p",
      "color": "w"
    },
    {
      "square": "e4",
      "type": "q",
      "color": "b"
    },
    {
      "square": "g4",
      "type": "p",
      "color": "w"
    },
    {
      "square": "h4",
      "type": "p",
      "color": "b"
    },
    {
      "square": "e3",
      "type": "n",
      "color": "w"
    },
    {
      "square": "d2",
      "type": "r",
      "color": "w"
    },
    {
      "square": "f2",
      "type": "k",
      "color": "w"
    },
    {
      "square": "g2",
      "type": "p",
      "color": "w"
    }
  ],
  "nextTurn": "b"
}