{
  "event": "IMSA Elite Mind Games (Rapid)",
  "site": "Huai'an CHN",
  "date": "2016.02.26",
  "eventDate": "2016.02.26",
  "dateMillis": 1456416000000,
  "eventDateMillis": 1456416000000,
  "round": "4.2",
  "result": "1/2-1/2",
  "white": "Wang Hao",
  "black": "Ding Liren",
  "isDingWin": false,
  "isDraw": true,
  "isDingBlack": true,
  "moves": [
    "a5",
    "b4",
    "a4",
    "b5",
    "a3",
    "b6",
    "Ra1",
    "Kg2",
    "a2",
    "Ra7",
    "Kd6",
    "b7",
    "Kc7",
    "Kh2",
    "Kb8",
    "Ra3",
    "Kxb7",
    "Kg2",
    "Kc6",
    "Ra8",
    "Kd5",
    "Ra4",
    "Ke5",
    "Ra5+",
    "Kd4",
    "Ra7",
    "h5",
    "Rd7+",
    "Ke5",
    "Ra7",
    "f6",
    "Ra5+",
    "Kd4",
    "f4",
    "Ke4",
    "Ra4+",
    "Kf5",
    "Kf3",
    "Rh1",
    "Ra5+",
    "Kg6",
    "Rxa2",
    "Rxh4",
    "Kg3",
    "Rg4+",
    "Kf3",
    "Rg1",
    "Ra8",
    "Rb1",
    "Kg3",
    "Rg1+",
    "Kf3",
    "Rc1",
    "Kg3",
    "Rc3+",
    "f3",
    "Rc1",
    "Rb8",
    "Rc5",
    "Rb7",
    "Ra5",
    "Rc7",
    "Ra8",
    "Rb7",
    "Rh8",
    "Rb5",
    "Ra8",
    "Rb7",
    "Ra5",
    "Rc7",
    "Kf5",
    "Rxg7",
    "h4+",
    "Kxh4",
    "Kxf4",
    "Rb7",
    "Re5",
    "Rb3",
    "f5",
    "Kh3",
    "Re2",
    "Ra3",
    "Rf2",
    "Ra5",
    "Rxf3+",
    "Kg2",
    "Re3",
    "Kf2",
    "Rf3+",
    "Kg2",
    "Rg3+",
    "Kf2",
    "Rf3+"
  ],
  "statePieceCount": 12,
  "endPieceCount": 5,
  "boardState": [
    {
      "square": "a7",
      "type": "p",
      "color": "b"
    },
    {
      "square": "b7",
      "type": "r",
      "color": "w"
    },
    {
      "square": "f7",
      "type": "p",
      "color": "b"
    },
    {
      "square": "g7",
      "type": "p",
      "color": "b"
    },
    {
      "square": "e6",
      "type": "k",
      "color": "b"
    },
    {
      "square": "h6",
      "type": "p",
      "color": "b"
    },
    {
      "square": "h4",
      "type": "p",
      "color": "w"
    },
    {
      "square": "b3",
      "type": "p",
      "color": "w"
    },
    {
      "square": "f3",
      "type": "p",
      "color": "w"
    },
    {
      "square": "g3",
      "type": "k",
      "color": "w"
    },
    {
      "square": "a2",
      "type": "r",
      "color": "b"
    },
    {
      "square": "f2",
      "type": "p",
      "color": "w"
    }
  ]
}