{
  "event": "IMSA Elite Mind Games (Blitz)",
  "site": "Huai'an CHN",
  "date": "2016.02.28",
  "eventDate": "2016.02.28",
  "dateMillis": 1456588800000,
  "eventDateMillis": 1456588800000,
  "round": "8.8",
  "result": "0-1",
  "white": "David Navara",
  "black": "Ding Liren",
  "isDingWin": true,
  "isDraw": false,
  "isDingBlack": true,
  "moves": [
    "Nf6+",
    "Kh8",
    "Nh5+",
    "f6",
    "Qxe6",
    "Qh1+",
    "Kg3",
    "Rg1+",
    "Kf4",
    "Qh4+",
    "Ke3",
    "Re1+"
  ],
  "statePieceCount": 12,
  "endPieceCount": 11,
  "boardState": [
    {
      "square": "f7",
      "type": "p",
      "color": "b"
    },
    {
      "square": "h7",
      "type": "k",
      "color": "b"
    },
    {
      "square": "e6",
      "type": "p",
      "color": "b"
    },
    {
      "square": "g6",
      "type": "p",
      "color": "b"
    },
    {
      "square": "h6",
      "type": "p",
      "color": "b"
    },
    {
      "square": "e5",
      "type": "q",
      "color": "w"
    },
    {
      "square": "e4",
      "type": "n",
      "color": "w"
    },
    {
      "square": "h4",
      "type": "q",
      "color": "b"
    },
    {
      "square": "f3",
      "type": "p",
      "color": "w"
    },
    {
      "square": "f2",
      "type": "p",
      "color": "w"
    },
    {
      "square": "g2",
      "type": "k",
      "color": "w"
    },
    {
      "square": "b1",
      "type": "r",
      "color": "b"
    }
  ],
  "nextTurn": "w"
}