{
  "event": "Chinese Chess League",
  "site": "CHN",
  "date": "2016.09.24",
  "eventDate": "2016.04.12",
  "dateMillis": 1474646400000,
  "eventDateMillis": 1460390400000,
  "round": "13.1",
  "result": "1/2-1/2",
  "white": "Ding Liren",
  "black": "Zeng Chongsheng",
  "isDingWin": false,
  "isDraw": true,
  "isDingBlack": false,
  "moves": [
    "Rxe4",
    "fxe4",
    "Bxb5",
    "Ke3",
    "Ke5"
  ],
  "statePieceCount": 12,
  "endPieceCount": 9,
  "boardState": [
    {
      "square": "f7",
      "type": "b",
      "color": "w"
    },
    {
      "square": "g7",
      "type": "p",
      "color": "b"
    },
    {
      "square": "d6",
      "type": "k",
      "color": "b"
    },
    {
      "square": "h6",
      "type": "p",
      "color": "b"
    },
    {
      "square": "b5",
      "type": "p",
      "color": "w"
    },
    {
      "square": "a4",
      "type": "b",
      "color": "b"
    },
    {
      "square": "b4",
      "type": "r",
      "color": "b"
    },
    {
      "square": "e4",
      "type": "r",
      "color": "w"
    },
    {
      "square": "h4",
      "type": "p",
      "color": "w"
    },
    {
      "square": "f3",
      "type": "p",
      "color": "w"
    },
    {
      "square": "f2",
      "type": "k",
      "color": "w"
    },
    {
      "square": "g2",
      "type": "p",
      "color": "w"
    }
  ]
}