{
  "event": "European Club Cup",
  "site": "Novi Sad SRB",
  "date": "2016.11.07",
  "eventDate": "2016.11.06",
  "dateMillis": 1478448000000,
  "eventDateMillis": 1478361600000,
  "round": "2.15",
  "result": "0-1",
  "white": "Boban Bogosavljevic",
  "black": "Ding Liren",
  "isDingWin": true,
  "isDraw": false,
  "isDingBlack": true,
  "moves": [
    "Bxf3",
    "Kf6",
    "Kd4",
    "Ke7",
    "Kc5",
    "Kd7",
    "b5",
    "cxb5",
    "Kxb5",
    "Kd6",
    "Kb4",
    "f6",
    "Bg2",
    "Kc7",
    "Kc5",
    "Bd7",
    "Bf1",
    "Bc6",
    "Bh3",
    "b6+",
    "axb6+",
    "axb6+",
    "Kd4",
    "Kd6",
    "Bg4",
    "b5",
    "Be2",
    "Bd7",
    "Bf1",
    "Kc6",
    "Bd3",
    "Be6",
    "Be2",
    "Kb6",
    "Bf3",
    "b4",
    "Bh5",
    "Bd7",
    "Bf7",
    "Kb5",
    "Bb3",
    "Be8",
    "Ke4",
    "Bg6+",
    "Kd4",
    "Bh7",
    "Bd1",
    "Bg8",
    "Ke4",
    "Be6",
    "Kd4",
    "Bf7",
    "Ke4",
    "Be6",
    "Kd4",
    "Kc6",
    "Ba4+",
    "Kb6",
    "Bd1",
    "Kb5",
    "Be2+",
    "Ka4",
    "Bd1+",
    "Ka3",
    "Ke3",
    "b3",
    "Kf4",
    "b2",
    "Bc2",
    "Kb4",
    "Bb1",
    "Kc3",
    "Ke3",
    "Bb3",
    "g4",
    "Bc2",
    "Ba2",
    "Kb4"
  ],
  "statePieceCount": 12,
  "endPieceCount": 7,
  "boardState": [
    {
      "square": "c8",
      "type": "b",
      "color": "b"
    },
    {
      "square": "a7",
      "type": "p",
      "color": "b"
    },
    {
      "square": "b7",
      "type": "p",
      "color": "b"
    },
    {
      "square": "f7",
      "type": "p",
      "color": "b"
    },
    {
      "square": "c6",
      "type": "p",
      "color": "b"
    },
    {
      "square": "g6",
      "type": "k",
      "color": "b"
    },
    {
      "square": "a5",
      "type": "p",
      "color": "w"
    },
    {
      "square": "b4",
      "type": "p",
      "color": "w"
    },
    {
      "square": "e3",
      "type": "k",
      "color": "w"
    },
    {
      "square": "f3",
      "type": "n",
      "color": "b"
    },
    {
      "square": "g3",
      "type": "p",
      "color": "w"
    },
    {
      "square": "g2",
      "type": "b",
      "color": "w"
    }
  ]
}