{
  "event": "European Club Cup",
  "site": "Novi Sad SRB",
  "date": "2016.11.12",
  "eventDate": "2016.11.06",
  "dateMillis": 1478880000000,
  "eventDateMillis": 1478361600000,
  "round": "7.1",
  "result": "1/2-1/2",
  "white": "Ding Liren",
  "black": "Ernesto Inarkiev",
  "isDingWin": false,
  "isDraw": true,
  "isDingBlack": false,
  "moves": [
    "a5",
    "b5",
    "cxb5",
    "Rxb5",
    "a6",
    "c4",
    "Ra8",
    "Kh6",
    "Rc8",
    "Ra5",
    "Rc6+",
    "Kg7",
    "Kf3",
    "c3",
    "Ke3",
    "c2",
    "Kd2",
    "Ra2",
    "f3",
    "Kf7",
    "Rc7+",
    "Kg6",
    "Ra7",
    "Ra3",
    "Ra8",
    "Kh6",
    "Kxc2",
    "Rxf3",
    "a7"
  ],
  "statePieceCount": 12,
  "endPieceCount": 8,
  "boardState": [
    {
      "square": "a7",
      "type": "r",
      "color": "w"
    },
    {
      "square": "h7",
      "type": "p",
      "color": "b"
    },
    {
      "square": "b6",
      "type": "p",
      "color": "b"
    },
    {
      "square": "g6",
      "type": "k",
      "color": "b"
    },
    {
      "square": "c5",
      "type": "p",
      "color": "b"
    },
    {
      "square": "h5",
      "type": "p",
      "color": "b"
    },
    {
      "square": "a4",
      "type": "p",
      "color": "w"
    },
    {
      "square": "c4",
      "type": "p",
      "color": "w"
    },
    {
      "square": "b3",
      "type": "r",
      "color": "b"
    },
    {
      "square": "g3",
      "type": "p",
      "color": "w"
    },
    {
      "square": "f2",
      "type": "p",
      "color": "w"
    },
    {
      "square": "g2",
      "type": "k",
      "color": "w"
    }
  ],
  "nextTurn": "w"
}