{
  "event": "Shenzhen Masters",
  "site": "Shenzhen CHN",
  "date": "2017.03.23",
  "eventDate": "2017.03.23",
  "dateMillis": 1490198400000,
  "eventDateMillis": 1490198400000,
  "round": "1.3",
  "result": "1/2-1/2",
  "white": "Yu Yangyi",
  "black": "Ding Liren",
  "isDingWin": false,
  "isDraw": true,
  "isDingBlack": true,
  "moves": [
    "Kxa4",
    "Nc6",
    "Kb5",
    "Nxe7",
    "a4",
    "Nd5",
    "a3",
    "Nc3+",
    "Kc4",
    "Na2",
    "Kb3",
    "e4",
    "Kxa2",
    "e5",
    "Kb1",
    "e6",
    "a2",
    "e7",
    "a1=Q",
    "e8=Q",
    "Qd4",
    "Kg3",
    "h5",
    "Qe1+",
    "Kc2",
    "Qe2+",
    "Qd2",
    "Qc4+",
    "Kd1",
    "Qb3+",
    "Ke1",
    "Qb1+",
    "Qd1",
    "Qb6",
    "h4+",
    "Kxh4",
    "Qxf3",
    "Qg1+",
    "Ke2",
    "Kg5",
    "Qh5+",
    "Kf6",
    "Kf3",
    "Qf1+",
    "Kg3",
    "Qc1",
    "Qg4",
    "Ke5",
    "Qf3",
    "Qg1+",
    "Qg2",
    "Qe1+",
    "Qf2",
    "Qc1",
    "Kg4",
    "Qd1+",
    "Kh3",
    "Qh1+",
    "Kg3",
    "Qc1",
    "Qb6",
    "Qe1+",
    "Kg2",
    "Qc1",
    "Kh2",
    "Qd2+",
    "Kh3",
    "Qc1",
    "Qb5+",
    "Kf6",
    "Kg4",
    "Kxg6",
    "Qb6+",
    "Kf7",
    "Qd4",
    "Ke6",
    "Qxf4",
    "Qg1+",
    "Kh4",
    "Qg6"
  ],
  "statePieceCount": 12,
  "endPieceCount": 5,
  "boardState": [
    {
      "square": "e7",
      "type": "p",
      "color": "b"
    },
    {
      "square": "h7",
      "type": "p",
      "color": "b"
    },
    {
      "square": "g6",
      "type": "p",
      "color": "b"
    },
    {
      "square": "a5",
      "type": "p",
      "color": "b"
    },
    {
      "square": "e5",
      "type": "n",
      "color": "w"
    },
    {
      "square": "f5",
      "type": "p",
      "color": "b"
    },
    {
      "square": "a4",
      "type": "p",
      "color": "w"
    },
    {
      "square": "b4",
      "type": "k",
      "color": "b"
    },
    {
      "square": "f4",
      "type": "p",
      "color": "w"
    },
    {
      "square": "e3",
      "type": "p",
      "color": "w"
    },
    {
      "square": "f3",
      "type": "p",
      "color": "w"
    },
    {
      "square": "h2",
      "type": "k",
      "color": "w"
    }
  ]
}