{
  "event": "FIDE Grand Prix Moscow",
  "site": "Moscow RUS",
  "date": "2017.05.14",
  "eventDate": "2017.05.12",
  "dateMillis": 1494691200000,
  "eventDateMillis": 1494518400000,
  "round": "3.1",
  "result": "0-1",
  "white": "Yifan Hou",
  "black": "Ding Liren",
  "isDingWin": true,
  "isDraw": false,
  "isDingBlack": true,
  "moves": [
    "e1=Q",
    "Rxe1",
    "Bxe1"
  ],
  "statePieceCount": 12,
  "endPieceCount": 10,
  "boardState": [
    {
      "square": "b7",
      "type": "n",
      "color": "w"
    },
    {
      "square": "c6",
      "type": "p",
      "color": "b"
    },
    {
      "square": "g5",
      "type": "k",
      "color": "b"
    },
    {
      "square": "a4",
      "type": "p",
      "color": "w"
    },
    {
      "square": "d4",
      "type": "p",
      "color": "w"
    },
    {
      "square": "h4",
      "type": "p",
      "color": "b"
    },
    {
      "square": "b3",
      "type": "n",
      "color": "b"
    },
    {
      "square": "b2",
      "type": "p",
      "color": "w"
    },
    {
      "square": "d2",
      "type": "b",
      "color": "b"
    },
    {
      "square": "e2",
      "type": "p",
      "color": "b"
    },
    {
      "square": "h2",
      "type": "k",
      "color": "w"
    },
    {
      "square": "h1",
      "type": "r",
      "color": "w"
    }
  ]
}