{
  "event": "FIDE Grand Prix Moscow",
  "site": "Moscow RUS",
  "date": "2017.05.19",
  "eventDate": "2017.05.12",
  "dateMillis": 1495123200000,
  "eventDateMillis": 1494518400000,
  "round": "7.1",
  "result": "1/2-1/2",
  "white": "Hikaru Nakamura",
  "black": "Ding Liren",
  "isDingWin": false,
  "isDraw": true,
  "isDingBlack": true,
  "moves": [
    "Nd7",
    "Rxd6",
    "Nf8+",
    "Kg8",
    "Nd7+",
    "Kh7",
    "Nf8+",
    "Kg8",
    "Rxd6",
    "Kxf8",
    "f5",
    "Bg4",
    "f6",
    "gxf6",
    "Rxf6",
    "h5",
    "Kf2",
    "Kg7",
    "Rb6",
    "f6",
    "Ke3",
    "Kf7",
    "g3",
    "Ke7",
    "Kd4",
    "Kf7",
    "Kd5",
    "Bf3+",
    "Kd6",
    "Bg4",
    "Rb7+",
    "Kf8",
    "Ra7",
    "Ke8",
    "Re7+",
    "Kf8",
    "Ra7",
    "Ke8",
    "Re7+",
    "Kf8",
    "Ra7"
  ],
  "statePieceCount": 12,
  "endPieceCount": 7,
  "boardState": [
    {
      "square": "d8",
      "type": "r",
      "color": "w"
    },
    {
      "square": "f7",
      "type": "p",
      "color": "b"
    },
    {
      "square": "g7",
      "type": "p",
      "color": "b"
    },
    {
      "square": "h7",
      "type": "k",
      "color": "b"
    },
    {
      "square": "d6",
      "type": "p",
      "color": "w"
    },
    {
      "square": "h6",
      "type": "p",
      "color": "b"
    },
    {
      "square": "c5",
      "type": "n",
      "color": "w"
    },
    {
      "square": "h5",
      "type": "b",
      "color": "b"
    },
    {
      "square": "f4",
      "type": "p",
      "color": "w"
    },
    {
      "square": "d2",
      "type": "r",
      "color": "b"
    },
    {
      "square": "g2",
      "type": "p",
      "color": "w"
    },
    {
      "square": "g1",
      "type": "k",
      "color": "w"
    }
  ],
  "nextTurn": "w"
}