{
  "event": "Maotai Prince Cup Kings",
  "site": "Jinzhou",
  "date": "2009.09.19",
  "dateMillis": 1253289600000,
  "eventDateMillis": null,
  "round": "3",
  "result": "1-0",
  "white": "Ding Liren",
  "black": "Bu Xiangzhi",
  "isDingWin": true,
  "isDraw": false,
  "isDingBlack": false,
  "moves": [
    "Rb4",
    "Qxe3",
    "fxe3",
    "Bxe3+",
    "Kf1",
    "Bxc1",
    "Ke2",
    "g6",
    "Rb7",
    "Kg7",
    "Kf3",
    "Kf6",
    "Ke4",
    "Ke6",
    "Rb6+",
    "Ke7",
    "Ke5",
    "Bd2",
    "Rb7+",
    "Ke8",
    "Rc7",
    "Be3",
    "Rc8+",
    "Ke7",
    "g4",
    "Bg5",
    "Rc7+",
    "Ke8",
    "Ra7",
    "Bh4",
    "Kd6",
    "Bg3+",
    "Kc6",
    "Bh4",
    "Kd5",
    "Bg3",
    "Ra8+",
    "Ke7",
    "Rh8",
    "Be1",
    "Rg8",
    "Bg3",
    "Rh8",
    "Be1",
    "Rb8",
    "Bg3",
    "Rb3",
    "Bh4",
    "Re3+",
    "Kd7",
    "Re4",
    "Bg5",
    "Kd4",
    "Bh4",
    "Ke3",
    "Bg5+",
    "Kf3",
    "Be7",
    "Kf4",
    "Bf6",
    "Re2",
    "Be7",
    "Re4",
    "Ke8",
    "h4",
    "Kf8",
    "h5",
    "gxh5",
    "gxh5",
    "Ba3",
    "Kf5",
    "Kg7",
    "Rg4+",
    "Kh6",
    "Rg3",
    "Bc1",
    "Rh3",
    "Bb2",
    "Rb3",
    "Bd4",
    "Ke4",
    "Bc5",
    "Rf3",
    "Bb4",
    "Rf5",
    "Bd2",
    "Kf3",
    "Kg7",
    "Kg4",
    "Bc1",
    "Rf3",
    "Bd2",
    "Kf5",
    "Bc1",
    "Ke5",
    "Bd2",
    "Kd6",
    "Bc1",
    "Ke7",
    "Kh6",
    "Rh3",
    "Kg7",
    "h6+",
    "Kh7",
    "Kxf7",
    "Bb2",
    "Ke6",
    "Bc1",
    "Rh1",
    "Bd2",
    "Kf5",
    "Be3",
    "Kf6",
    "Bd2",
    "Rd1",
    "Be3",
    "Rd3",
    "Bc1",
    "Rb3",
    "Bd2",
    "Rg3",
    "Bc1",
    "Rg2",
    "Be3",
    "Rh2",
    "Bf4",
    "Rh1",
    "Be3",
    "Kf7",
    "Bd2",
    "Rh3",
    "Bg5",
    "Rc3",
    "Bd2",
    "Rc6",
    "Be3",
    "Rg6",
    "Bd4",
    "Rd6",
    "Be3",
    "Rc6",
    "Bd2",
    "Rc2",
    "Bf4",
    "Rc6",
    "Be3",
    "Ra6",
    "Bd2",
    "Rb6",
    "Be3",
    "Rb3",
    "Bg5",
    "Rh3",
    "Bc1",
    "Ke6",
    "Bd2",
    "Kf5",
    "Bc1",
    "Rc3",
    "Bd2",
    "Rc6",
    "Be3",
    "Rf6",
    "Bd2",
    "Kg4",
    "Bxh6",
    "Kh5",
    "Be3",
    "Rf7+",
    "Kg8",
    "Kg6",
    "Bg1",
    "Rf3",
    "Bh2",
    "Rh3",
    "Bg1",
    "Rh1"
  ],
  "statePieceCount": 12,
  "endPieceCount": 4,
  "boardState": [
    {
      "square": "f7",
      "type": "p",
      "color": "b"
    },
    {
      "square": "g7",
      "type": "p",
      "color": "b"
    },
    {
      "square": "h7",
      "type": "k",
      "color": "b"
    },
    {
      "square": "d4",
      "type": "b",
      "color": "b"
    },
    {
      "square": "e4",
      "type": "q",
      "color": "b"
    },
    {
      "square": "e3",
      "type": "p",
      "color": "w"
    },
    {
      "square": "h3",
      "type": "p",
      "color": "w"
    },
    {
      "square": "f2",
      "type": "p",
      "color": "w"
    },
    {
      "square": "g2",
      "type": "p",
      "color": "w"
    },
    {
      "square": "b1",
      "type": "r",
      "color": "w"
    },
    {
      "square": "c1",
      "type": "r",
      "color": "w"
    },
    {
      "square": "g1",
      "type": "k",
      "color": "w"
    }
  ]
}