{
  "event": "World Cup",
  "site": "Tbilisi GEO",
  "date": "2017.09.03",
  "eventDate": "2017.09.03",
  "dateMillis": 1504368000000,
  "eventDateMillis": 1504368000000,
  "round": "1.1",
  "result": "1-0",
  "white": "Ding Liren",
  "black": "Mohamed Amine Haddouche",
  "isDingWin": true,
  "isDraw": false,
  "isDingBlack": false,
  "moves": [
    "exd4"
  ],
  "statePieceCount": 12,
  "endPieceCount": 11,
  "boardState": [
    {
      "square": "a7",
      "type": "p",
      "color": "w"
    },
    {
      "square": "b7",
      "type": "r",
      "color": "w"
    },
    {
      "square": "f7",
      "type": "p",
      "color": "b"
    },
    {
      "square": "g7",
      "type": "k",
      "color": "b"
    },
    {
      "square": "g6",
      "type": "p",
      "color": "b"
    },
    {
      "square": "d5",
      "type": "p",
      "color": "b"
    },
    {
      "square": "g5",
      "type": "p",
      "color": "w"
    },
    {
      "square": "d4",
      "type": "b",
      "color": "b"
    },
    {
      "square": "a3",
      "type": "r",
      "color": "b"
    },
    {
      "square": "e3",
      "type": "p",
      "color": "w"
    },
    {
      "square": "f2",
      "type": "p",
      "color": "w"
    },
    {
      "square": "g2",
      "type": "k",
      "color": "w"
    }
  ]
}