{
  "event": "World Cup",
  "site": "Tbilisi GEO",
  "date": "2017.09.13",
  "eventDate": "2017.09.03",
  "dateMillis": 1505232000000,
  "eventDateMillis": 1504368000000,
  "round": "4.2",
  "result": "1-0",
  "white": "Ding Liren",
  "black": "Wang Hao",
  "isDingWin": true,
  "isDraw": false,
  "isDingBlack": false,
  "moves": [
    "Kxc3",
    "Nd5+",
    "Kd4",
    "Ke7",
    "Be4",
    "Nb4",
    "Kc5",
    "Na2",
    "Kc4",
    "Nc1",
    "Bd3"
  ],
  "statePieceCount": 12,
  "endPieceCount": 11,
  "boardState": [
    {
      "square": "d8",
      "type": "k",
      "color": "b"
    },
    {
      "square": "g7",
      "type": "p",
      "color": "b"
    },
    {
      "square": "b6",
      "type": "n",
      "color": "b"
    },
    {
      "square": "e6",
      "type": "p",
      "color": "b"
    },
    {
      "square": "h6",
      "type": "p",
      "color": "b"
    },
    {
      "square": "e5",
      "type": "p",
      "color": "w"
    },
    {
      "square": "h5",
      "type": "p",
      "color": "w"
    },
    {
      "square": "f4",
      "type": "p",
      "color": "w"
    },
    {
      "square": "c3",
      "type": "r",
      "color": "b"
    },
    {
      "square": "d3",
      "type": "b",
      "color": "w"
    },
    {
      "square": "g3",
      "type": "p",
      "color": "w"
    },
    {
      "square": "c2",
      "type": "k",
      "color": "w"
    }
  ],
  "nextTurn": "w"
}