{
  "event": "World Cup",
  "site": "Tbilisi GEO",
  "date": "2017.09.07",
  "eventDate": "2017.09.03",
  "dateMillis": 1504713600000,
  "eventDateMillis": 1504368000000,
  "round": "2.2",
  "result": "1/2-1/2",
  "white": "Ding Liren",
  "black": "Martyn Kravtsiv",
  "isDingWin": false,
  "isDraw": true,
  "isDingBlack": false,
  "moves": [
    "Rxa7",
    "b5",
    "Rc7",
    "Rg5",
    "Kf4",
    "Kg8",
    "Rb7",
    "Rf5+",
    "Ke4",
    "Rg5",
    "Kf4",
    "Rf5+"
  ],
  "statePieceCount": 12,
  "endPieceCount": 11,
  "boardState": [
    {
      "square": "f8",
      "type": "k",
      "color": "b"
    },
    {
      "square": "a7",
      "type": "p",
      "color": "b"
    },
    {
      "square": "b7",
      "type": "r",
      "color": "w"
    },
    {
      "square": "b6",
      "type": "p",
      "color": "b"
    },
    {
      "square": "e6",
      "type": "b",
      "color": "b"
    },
    {
      "square": "f6",
      "type": "p",
      "color": "w"
    },
    {
      "square": "h6",
      "type": "p",
      "color": "b"
    },
    {
      "square": "h5",
      "type": "r",
      "color": "b"
    },
    {
      "square": "c4",
      "type": "p",
      "color": "b"
    },
    {
      "square": "d4",
      "type": "b",
      "color": "w"
    },
    {
      "square": "c3",
      "type": "p",
      "color": "w"
    },
    {
      "square": "e3",
      "type": "k",
      "color": "w"
    }
  ],
  "nextTurn": "w"
}