{
  "event": "World Cup",
  "site": "Tbilisi GEO",
  "date": "2017.09.16",
  "eventDate": "2017.09.03",
  "dateMillis": 1505491200000,
  "eventDateMillis": 1504368000000,
  "round": "5.2",
  "result": "1-0",
  "white": "Ding Liren",
  "black": "Richard Rapport",
  "isDingWin": true,
  "isDraw": false,
  "isDingBlack": false,
  "moves": [
    "axb5",
    "Kc5",
    "Rc2+",
    "Kxb5",
    "Kd4",
    "Rf7",
    "Kxd5"
  ],
  "statePieceCount": 12,
  "endPieceCount": 9,
  "boardState": [
    {
      "square": "b7",
      "type": "r",
      "color": "b"
    },
    {
      "square": "g7",
      "type": "p",
      "color": "b"
    },
    {
      "square": "d6",
      "type": "k",
      "color": "b"
    },
    {
      "square": "b5",
      "type": "p",
      "color": "b"
    },
    {
      "square": "d5",
      "type": "p",
      "color": "b"
    },
    {
      "square": "h5",
      "type": "p",
      "color": "b"
    },
    {
      "square": "a4",
      "type": "p",
      "color": "w"
    },
    {
      "square": "f4",
      "type": "p",
      "color": "w"
    },
    {
      "square": "d3",
      "type": "k",
      "color": "w"
    },
    {
      "square": "g3",
      "type": "p",
      "color": "w"
    },
    {
      "square": "b2",
      "type": "r",
      "color": "w"
    },
    {
      "square": "h2",
      "type": "p",
      "color": "w"
    }
  ],
  "nextTurn": "w"
}