{
  "event": "World Cup",
  "site": "Tbilisi GEO",
  "date": "2017.09.21",
  "eventDate": "2017.09.03",
  "dateMillis": 1505923200000,
  "eventDateMillis": 1504368000000,
  "round": "6.5",
  "result": "0-1",
  "white": "Wesley So",
  "black": "Ding Liren",
  "isDingWin": true,
  "isDraw": false,
  "isDingBlack": true,
  "moves": [
    "Kh1",
    "Qd5+",
    "Rf3",
    "Rc3",
    "Kg2",
    "Qc6",
    "h4",
    "Kg8",
    "a4",
    "f6",
    "a5",
    "Kg7",
    "a6",
    "Rc2+",
    "Kg1",
    "Rc1",
    "Rxf6",
    "Rxf1+",
    "Rxf1",
    "Qxa6",
    "Kg2",
    "Qe2+",
    "Rf2",
    "Qe4+",
    "Kh2",
    "g5",
    "hxg5",
    "h4",
    "Rf4",
    "Qe2+",
    "Kh3",
    "hxg3",
    "Kxg3",
    "Kg6",
    "Rf2",
    "Qe3+",
    "Kg2",
    "Kxg5",
    "Rf3",
    "Qe2+",
    "Kg3",
    "Qe1+",
    "Kg2",
    "Kg4",
    "Rf2",
    "Qe4+",
    "Kh2",
    "Kh4",
    "Ra2",
    "Qe5+",
    "Kg1",
    "Qd4+",
    "Kh2",
    "Qd6+",
    "Kg1",
    "Qc5+",
    "Kh2",
    "Qc7+",
    "Kg1",
    "Qb6+",
    "Kg2",
    "Qb7+",
    "Kh2",
    "Qb8+"
  ],
  "statePieceCount": 12,
  "endPieceCount": 4,
  "boardState": [
    {
      "square": "c8",
      "type": "r",
      "color": "b"
    },
    {
      "square": "f7",
      "type": "p",
      "color": "b"
    },
    {
      "square": "h7",
      "type": "k",
      "color": "b"
    },
    {
      "square": "g6",
      "type": "p",
      "color": "b"
    },
    {
      "square": "h5",
      "type": "p",
      "color": "b"
    },
    {
      "square": "d4",
      "type": "q",
      "color": "b"
    },
    {
      "square": "b3",
      "type": "r",
      "color": "w"
    },
    {
      "square": "g3",
      "type": "p",
      "color": "w"
    },
    {
      "square": "h3",
      "type": "p",
      "color": "w"
    },
    {
      "square": "a2",
      "type": "p",
      "color": "w"
    },
    {
      "square": "f1",
      "type": "q",
      "color": "w"
    },
    {
      "square": "g1",
      "type": "k",
      "color": "w"
    }
  ]
}