{
  "event": "European Club Cup",
  "site": "Antalya TUR",
  "date": "2017.10.13",
  "eventDate": "2017.10.08",
  "dateMillis": 1507824000000,
  "eventDateMillis": 1507392000000,
  "round": "6.1",
  "result": "1/2-1/2",
  "white": "Ding Liren",
  "black": "Vladimir Kramnik",
  "isDingWin": false,
  "isDraw": true,
  "isDingBlack": false,
  "moves": [
    "Kh7",
    "Qd7",
    "f5",
    "gxh4",
    "Qg4+",
    "Kf1",
    "Qd1+",
    "Kg2",
    "Qg4+",
    "Kf1",
    "a4",
    "Qe6",
    "Qd1+",
    "Kg2",
    "Qg4+",
    "Kf1",
    "Qg6",
    "Qc6",
    "a3",
    "Qa8",
    "Qd6",
    "h5",
    "f4",
    "Kg2",
    "Qb4",
    "Qe8",
    "f3+",
    "Kh3",
    "Qb1",
    "d6",
    "Qf5+",
    "Kg3",
    "Qg5+",
    "Kxf3",
    "Qf6+",
    "Kg2",
    "Qxd6",
    "Qa8",
    "Qd3",
    "h3",
    "Qb3",
    "Qe4+",
    "Kh8",
    "Qa8+",
    "Kh7",
    "Qe4+"
  ],
  "statePieceCount": 12,
  "endPieceCount": 9,
  "boardState": [
    {
      "square": "e8",
      "type": "q",
      "color": "w"
    },
    {
      "square": "g8",
      "type": "k",
      "color": "b"
    },
    {
      "square": "f7",
      "type": "p",
      "color": "b"
    },
    {
      "square": "g7",
      "type": "p",
      "color": "b"
    },
    {
      "square": "a5",
      "type": "p",
      "color": "b"
    },
    {
      "square": "d5",
      "type": "p",
      "color": "w"
    },
    {
      "square": "h4",
      "type": "p",
      "color": "b"
    },
    {
      "square": "f3",
      "type": "q",
      "color": "b"
    },
    {
      "square": "g3",
      "type": "p",
      "color": "w"
    },
    {
      "square": "f2",
      "type": "p",
      "color": "w"
    },
    {
      "square": "h2",
      "type": "p",
      "color": "w"
    },
    {
      "square": "g1",
      "type": "k",
      "color": "w"
    }
  ],
  "nextTurn": "b"
}