{
  "event": "European Club Cup",
  "site": "Antalya TUR",
  "date": "2017.10.11",
  "eventDate": "2017.10.08",
  "dateMillis": 1507651200000,
  "eventDateMillis": 1507392000000,
  "round": "4.7",
  "result": "1-0",
  "white": "Ding Liren",
  "black": "Hrvoje Stevic",
  "isDingWin": true,
  "isDraw": false,
  "isDingBlack": false,
  "moves": [
    "Nd3",
    "Rxa4",
    "h5",
    "Ra3",
    "Ke4",
    "c5",
    "Nxc5",
    "Rc3",
    "Nd7+",
    "Kc7",
    "h6",
    "Rc6",
    "h7",
    "Rh6",
    "Nf6",
    "b5",
    "Kf5"
  ],
  "statePieceCount": 12,
  "endPieceCount": 10,
  "boardState": [
    {
      "square": "b8",
      "type": "k",
      "color": "b"
    },
    {
      "square": "a7",
      "type": "p",
      "color": "b"
    },
    {
      "square": "b7",
      "type": "p",
      "color": "b"
    },
    {
      "square": "c6",
      "type": "p",
      "color": "b"
    },
    {
      "square": "e5",
      "type": "k",
      "color": "w"
    },
    {
      "square": "a4",
      "type": "p",
      "color": "w"
    },
    {
      "square": "b4",
      "type": "r",
      "color": "b"
    },
    {
      "square": "f4",
      "type": "p",
      "color": "b"
    },
    {
      "square": "h4",
      "type": "p",
      "color": "w"
    },
    {
      "square": "f3",
      "type": "b",
      "color": "w"
    },
    {
      "square": "b2",
      "type": "n",
      "color": "w"
    },
    {
      "square": "f2",
      "type": "p",
      "color": "w"
    }
  ],
  "nextTurn": "w"
}