{
  "event": "Champions Showdown: Carlsen - Ding (Blitz G/10)",
  "site": "St. Louis, MO USA",
  "date": "2017.11.13",
  "eventDate": "2017.10.21",
  "dateMillis": 1510502400000,
  "eventDateMillis": 1508515200000,
  "round": "4.1",
  "result": "0-1",
  "white": "Ding Liren",
  "black": "Magnus Carlsen",
  "isDingWin": false,
  "isDraw": false,
  "isDingBlack": false,
  "moves": [
    "Kf6",
    "Ke1",
    "Ke6",
    "Kf1",
    "f6",
    "Ke1",
    "g5",
    "hxg5",
    "hxg5",
    "g4",
    "e3",
    "fxe3",
    "Rg2",
    "Ra6+",
    "Kf7",
    "a5",
    "Rxg4",
    "Rb6",
    "Rg2",
    "a6",
    "Ra2",
    "e4",
    "Ra4",
    "e5",
    "Re4+",
    "Kd2",
    "Rxe5",
    "Kc3",
    "Ra5"
  ],
  "statePieceCount": 12,
  "endPieceCount": 7,
  "boardState": [
    {
      "square": "f7",
      "type": "p",
      "color": "b"
    },
    {
      "square": "g7",
      "type": "k",
      "color": "b"
    },
    {
      "square": "g6",
      "type": "p",
      "color": "b"
    },
    {
      "square": "h6",
      "type": "p",
      "color": "b"
    },
    {
      "square": "a5",
      "type": "r",
      "color": "w"
    },
    {
      "square": "a4",
      "type": "p",
      "color": "w"
    },
    {
      "square": "e4",
      "type": "p",
      "color": "b"
    },
    {
      "square": "h4",
      "type": "p",
      "color": "w"
    },
    {
      "square": "g3",
      "type": "p",
      "color": "w"
    },
    {
      "square": "a2",
      "type": "r",
      "color": "b"
    },
    {
      "square": "f2",
      "type": "p",
      "color": "w"
    },
    {
      "square": "f1",
      "type": "k",
      "color": "w"
    }
  ],
  "nextTurn": "b"
}