{
  "event": "Champions Showdown: Carlsen - Ding (Rapid)",
  "site": "St Louis, MO USA",
  "date": "2017.11.11",
  "eventDate": "2017.10.21",
  "dateMillis": 1510329600000,
  "eventDateMillis": 1508515200000,
  "round": "2.1",
  "result": "1/2-1/2",
  "white": "Ding Liren",
  "black": "Magnus Carlsen",
  "isDingWin": false,
  "isDraw": true,
  "isDingBlack": false,
  "moves": [
    "Bb3",
    "Nc4",
    "Kd3",
    "Nd6",
    "Kc3",
    "Ne4+",
    "Kc2",
    "f6",
    "gxf6",
    "Nxf6",
    "Bf7",
    "Kb4",
    "Bxg6",
    "Kxa4",
    "Kc3",
    "Kb5",
    "Bd3+",
    "Kc5",
    "Kb3",
    "Nd5",
    "Ka4",
    "Nf4",
    "Bf5",
    "Kb6",
    "f3",
    "Ng2",
    "h5",
    "Nf4",
    "Bg4",
    "Nd3",
    "Kb3",
    "Kb5",
    "Bd7+",
    "Kc5",
    "Ka4",
    "Kb6",
    "Bf5",
    "Nc5+",
    "Ka3",
    "Kb5",
    "Bg6",
    "Kc4",
    "f4",
    "Kd4",
    "f5",
    "Ke5",
    "Bh7",
    "Kf6",
    "Bg6",
    "Kg5",
    "Ka2",
    "Ne4",
    "Kb3",
    "Ng3",
    "Ka4",
    "Nxh5",
    "Kxa5",
    "Ng3",
    "Kb4",
    "Nxf5",
    "Be8",
    "Kf4",
    "Kc3",
    "Ke3",
    "Bd7",
    "Nd4",
    "Kc4",
    "Ke4",
    "Kc3",
    "Nf3",
    "Bc8",
    "g5",
    "Bd7",
    "Ke3",
    "Bc8",
    "Nd2",
    "Kc2",
    "Ne4",
    "Kd1",
    "Kf2",
    "Kc2",
    "Nd6",
    "Bd7",
    "Nf7",
    "Kd2",
    "Ne5",
    "Bc8"
  ],
  "statePieceCount": 12,
  "endPieceCount": 5,
  "boardState": [
    {
      "square": "f7",
      "type": "p",
      "color": "b"
    },
    {
      "square": "g7",
      "type": "p",
      "color": "b"
    },
    {
      "square": "b6",
      "type": "n",
      "color": "b"
    },
    {
      "square": "g6",
      "type": "p",
      "color": "b"
    },
    {
      "square": "a5",
      "type": "p",
      "color": "b"
    },
    {
      "square": "c5",
      "type": "k",
      "color": "b"
    },
    {
      "square": "g5",
      "type": "p",
      "color": "w"
    },
    {
      "square": "a4",
      "type": "p",
      "color": "w"
    },
    {
      "square": "e4",
      "type": "k",
      "color": "w"
    },
    {
      "square": "h4",
      "type": "p",
      "color": "w"
    },
    {
      "square": "c2",
      "type": "b",
      "color": "w"
    },
    {
      "square": "f2",
      "type": "p",
      "color": "w"
    }
  ],
  "nextTurn": "w"
}