{
  "event": "IMSA Elite Mind Games (Rapid)",
  "site": "?",
  "date": "2017.12.11",
  "dateMillis": 1512921600000,
  "eventDateMillis": null,
  "round": "5.4",
  "result": "0-1",
  "white": "Rauf Mamedov",
  "black": "Ding Liren",
  "isDingWin": true,
  "isDraw": false,
  "isDingBlack": true,
  "moves": [
    "Kg6",
    "f3",
    "Kf5",
    "a4",
    "Ke5",
    "Nc3",
    "Kd4",
    "a5",
    "Bf5",
    "a6",
    "Bd7",
    "a7",
    "Bc6",
    "Nb5+",
    "Kc5",
    "Nc3",
    "Kb4",
    "Na2+",
    "Kb3",
    "Nc1+",
    "Kc2",
    "Ne2",
    "Kd3",
    "Nc1+",
    "Ke3",
    "Kg3",
    "Bxf3",
    "h4",
    "g4",
    "h5",
    "Kd2",
    "Na2",
    "c3"
  ],
  "statePieceCount": 12,
  "endPieceCount": 11,
  "boardState": [
    {
      "square": "f7",
      "type": "p",
      "color": "b"
    },
    {
      "square": "h7",
      "type": "k",
      "color": "b"
    },
    {
      "square": "f6",
      "type": "p",
      "color": "w"
    },
    {
      "square": "h6",
      "type": "p",
      "color": "b"
    },
    {
      "square": "d5",
      "type": "n",
      "color": "w"
    },
    {
      "square": "g5",
      "type": "p",
      "color": "b"
    },
    {
      "square": "c4",
      "type": "p",
      "color": "b"
    },
    {
      "square": "a3",
      "type": "p",
      "color": "w"
    },
    {
      "square": "d3",
      "type": "b",
      "color": "b"
    },
    {
      "square": "h3",
      "type": "p",
      "color": "w"
    },
    {
      "square": "f2",
      "type": "p",
      "color": "w"
    },
    {
      "square": "h2",
      "type": "k",
      "color": "w"
    }
  ],
  "nextTurn": "b"
}