{
  "event": "IMSA Elite Mind Games (Rapid)",
  "site": "?",
  "date": "2017.12.10",
  "dateMillis": 1512835200000,
  "eventDateMillis": null,
  "round": "1.4",
  "result": "1/2-1/2",
  "white": "Anton Korobov",
  "black": "Ding Liren",
  "isDingWin": false,
  "isDraw": true,
  "isDingBlack": true,
  "moves": [
    "g4",
    "Rxa2",
    "Rh7",
    "d4",
    "Rxh3",
    "Rcc2",
    "Rf3",
    "d3",
    "Rxd3",
    "Rxf2",
    "Rd6+",
    "Kf7",
    "Bh4",
    "Rg2+",
    "Kf1",
    "Rh2",
    "Rd7+",
    "Ke6",
    "Rd6+",
    "Kf7",
    "Rd7+",
    "Ke6",
    "Rd6+",
    "Kf7",
    "Rd7+"
  ],
  "statePieceCount": 12,
  "endPieceCount": 8,
  "boardState": [
    {
      "square": "a8",
      "type": "r",
      "color": "b"
    },
    {
      "square": "c8",
      "type": "r",
      "color": "b"
    },
    {
      "square": "e6",
      "type": "k",
      "color": "b"
    },
    {
      "square": "f6",
      "type": "b",
      "color": "w"
    },
    {
      "square": "d5",
      "type": "p",
      "color": "b"
    },
    {
      "square": "e5",
      "type": "p",
      "color": "w"
    },
    {
      "square": "h5",
      "type": "r",
      "color": "w"
    },
    {
      "square": "g3",
      "type": "p",
      "color": "w"
    },
    {
      "square": "h3",
      "type": "p",
      "color": "b"
    },
    {
      "square": "a2",
      "type": "p",
      "color": "w"
    },
    {
      "square": "f2",
      "type": "p",
      "color": "w"
    },
    {
      "square": "g1",
      "type": "k",
      "color": "w"
    }
  ],
  "nextTurn": "w"
}