{
  "event": "World Rapid Championship",
  "site": "Riyadh KSA",
  "date": "2017.12.26",
  "eventDate": "2017.12.26",
  "dateMillis": 1514217600000,
  "eventDateMillis": 1514217600000,
  "round": "2.35",
  "result": "1-0",
  "white": "Ding Liren",
  "black": "Rinat Jumabayev",
  "isDingWin": true,
  "isDraw": false,
  "isDingBlack": false,
  "moves": [
    "Kd2",
    "Kg8",
    "Kxd3",
    "Kf7",
    "Kc4",
    "c6",
    "Be5",
    "Ke6",
    "Bxg7",
    "Kf5",
    "h6",
    "Kg6",
    "h5+",
    "Kh7",
    "Kc5",
    "Na7",
    "f4"
  ],
  "statePieceCount": 12,
  "endPieceCount": 10,
  "boardState": [
    {
      "square": "c7",
      "type": "p",
      "color": "b"
    },
    {
      "square": "g7",
      "type": "p",
      "color": "b"
    },
    {
      "square": "h7",
      "type": "k",
      "color": "b"
    },
    {
      "square": "b5",
      "type": "n",
      "color": "b"
    },
    {
      "square": "h5",
      "type": "p",
      "color": "w"
    },
    {
      "square": "f4",
      "type": "b",
      "color": "w"
    },
    {
      "square": "h4",
      "type": "p",
      "color": "w"
    },
    {
      "square": "a3",
      "type": "p",
      "color": "b"
    },
    {
      "square": "d3",
      "type": "p",
      "color": "b"
    },
    {
      "square": "f3",
      "type": "p",
      "color": "w"
    },
    {
      "square": "a2",
      "type": "p",
      "color": "w"
    },
    {
      "square": "e1",
      "type": "k",
      "color": "w"
    }
  ]
}