{
  "event": "World Blitz Championship",
  "site": "Riyadh KSA",
  "date": "2017.12.29",
  "eventDate": "2017.12.29",
  "dateMillis": 1514476800000,
  "eventDateMillis": 1514476800000,
  "round": "7.10",
  "result": "0-1",
  "white": "Francisco Vallejo Pons",
  "black": "Ding Liren",
  "isDingWin": true,
  "isDraw": false,
  "isDingBlack": true,
  "moves": [
    "Nc7",
    "Ke3",
    "Ke6",
    "Kd4",
    "Kd7",
    "Kc5",
    "f5",
    "Kb6",
    "h5",
    "Ba5",
    "Nb5",
    "f4",
    "Nd4",
    "b4",
    "Kd6",
    "Kb7",
    "Kd5",
    "Bd8",
    "Kc4",
    "Be7",
    "Nc2",
    "Kxa6",
    "Nxb4+",
    "Bxb4",
    "Kxb4",
    "Kb6",
    "Kc4",
    "Kc6",
    "Kd4",
    "Kd6",
    "Ke4",
    "Ke6",
    "Kxf4",
    "Kf6",
    "Kg4",
    "Kxg6",
    "f4",
    "Kf6",
    "Kxh4",
    "Kf5",
    "Kg3",
    "Kg5",
    "h4"
  ],
  "statePieceCount": 12,
  "endPieceCount": 5,
  "boardState": [
    {
      "square": "f7",
      "type": "k",
      "color": "b"
    },
    {
      "square": "h7",
      "type": "p",
      "color": "b"
    },
    {
      "square": "a6",
      "type": "p",
      "color": "b"
    },
    {
      "square": "e6",
      "type": "n",
      "color": "b"
    },
    {
      "square": "f6",
      "type": "p",
      "color": "b"
    },
    {
      "square": "g6",
      "type": "p",
      "color": "b"
    },
    {
      "square": "h4",
      "type": "p",
      "color": "w"
    },
    {
      "square": "f3",
      "type": "p",
      "color": "w"
    },
    {
      "square": "b2",
      "type": "p",
      "color": "w"
    },
    {
      "square": "d2",
      "type": "b",
      "color": "w"
    },
    {
      "square": "f2",
      "type": "k",
      "color": "w"
    },
    {
      "square": "g2",
      "type": "p",
      "color": "w"
    }
  ],
  "nextTurn": "b"
}