{
  "event": "World Blitz Championship",
  "site": "Riyadh KSA",
  "date": "2017.12.29",
  "eventDate": "2017.12.29",
  "dateMillis": 1514476800000,
  "eventDateMillis": 1514476800000,
  "round": "5.7",
  "result": "0-1",
  "white": "Ding Liren",
  "black": "Georg Meier",
  "isDingWin": false,
  "isDraw": false,
  "isDingBlack": false,
  "moves": [
    "Rxc3",
    "Rb2+",
    "Kf3",
    "Rh2",
    "Kg3",
    "Rd2",
    "Kf3",
    "Kc6",
    "Re3",
    "Kd5",
    "Re8",
    "Rd3+",
    "Ke2",
    "Rxb3",
    "Rg8",
    "Ke4",
    "Rxg6",
    "d5",
    "Rc6",
    "c4",
    "g6",
    "Rg3",
    "Kf2",
    "Rg4",
    "Rd6",
    "Rxf4+",
    "Ke2",
    "Rg4",
    "Re6+",
    "Kd4",
    "Rf6",
    "c3",
    "Rxf5",
    "Rg2+",
    "Kd1",
    "Rxg6",
    "Rf4+",
    "Kd3",
    "Rf3+",
    "Kc4"
  ],
  "statePieceCount": 12,
  "endPieceCount": 6,
  "boardState": [
    {
      "square": "d7",
      "type": "k",
      "color": "b"
    },
    {
      "square": "d6",
      "type": "p",
      "color": "b"
    },
    {
      "square": "g6",
      "type": "p",
      "color": "b"
    },
    {
      "square": "c5",
      "type": "p",
      "color": "b"
    },
    {
      "square": "f5",
      "type": "p",
      "color": "b"
    },
    {
      "square": "g5",
      "type": "p",
      "color": "w"
    },
    {
      "square": "f4",
      "type": "p",
      "color": "w"
    },
    {
      "square": "b3",
      "type": "p",
      "color": "w"
    },
    {
      "square": "c3",
      "type": "b",
      "color": "b"
    },
    {
      "square": "e3",
      "type": "r",
      "color": "w"
    },
    {
      "square": "e2",
      "type": "k",
      "color": "w"
    },
    {
      "square": "b1",
      "type": "r",
      "color": "b"
    }
  ],
  "nextTurn": "w"
}