{
  "event": "World Blitz Championship",
  "site": "Riyadh KSA",
  "date": "2017.12.30",
  "eventDate": "2017.12.29",
  "dateMillis": 1514563200000,
  "eventDateMillis": 1514476800000,
  "round": "19.6",
  "result": "0-1",
  "white": "Vidit Santosh Gujrathi",
  "black": "Ding Liren",
  "isDingWin": true,
  "isDraw": false,
  "isDingBlack": true,
  "moves": [
    "fxg5",
    "Qb7+",
    "Ke6",
    "Qc6+",
    "Ke5",
    "Qe8+",
    "Kd4",
    "Qh8+",
    "Kc4",
    "Qc8+",
    "Kb4",
    "Qd7",
    "Qh4+",
    "Kg1",
    "Qd4+",
    "Kh2",
    "Qh4+",
    "Kg1",
    "Qe1+",
    "Kh2",
    "Qe5+",
    "Kg1",
    "d4",
    "Qc6",
    "Qc5",
    "Qe4",
    "Kxa4",
    "Qe8+",
    "b5",
    "Kh2",
    "d3",
    "Qe4+",
    "Qc4",
    "Qe3",
    "b4",
    "Qe8+",
    "Ka3",
    "g3",
    "d2",
    "Qe3+",
    "Qc3",
    "Qe2",
    "Qc2",
    "Qe3+",
    "Ka2",
    "Qe6+",
    "b3",
    "Qa6"
  ],
  "statePieceCount": 12,
  "endPieceCount": 10,
  "boardState": [
    {
      "square": "f7",
      "type": "k",
      "color": "b"
    },
    {
      "square": "a6",
      "type": "q",
      "color": "w"
    },
    {
      "square": "b6",
      "type": "p",
      "color": "b"
    },
    {
      "square": "f6",
      "type": "p",
      "color": "b"
    },
    {
      "square": "a5",
      "type": "p",
      "color": "b"
    },
    {
      "square": "d5",
      "type": "p",
      "color": "b"
    },
    {
      "square": "g5",
      "type": "p",
      "color": "w"
    },
    {
      "square": "h5",
      "type": "p",
      "color": "b"
    },
    {
      "square": "a4",
      "type": "p",
      "color": "w"
    },
    {
      "square": "f2",
      "type": "q",
      "color": "b"
    },
    {
      "square": "g2",
      "type": "p",
      "color": "w"
    },
    {
      "square": "h2",
      "type": "k",
      "color": "w"
    }
  ]
}