{
  "event": "World Championship Candidates",
  "site": "Berlin GER",
  "date": "2018.03.26",
  "eventDate": "2018.03.10",
  "dateMillis": 1521993600000,
  "eventDateMillis": 1520611200000,
  "round": "13.2",
  "result": "1/2-1/2",
  "white": "Ding Liren",
  "black": "Vladimir Kramnik",
  "isDingWin": false,
  "isDraw": true,
  "isDingBlack": false,
  "moves": [
    "Rxe5",
    "Bg7",
    "Rg5",
    "Ne4",
    "Rc8+",
    "Kh7",
    "Rh5+",
    "Kg6",
    "Rh4",
    "Ng5+",
    "Kg2",
    "Rxa2+",
    "Kf1",
    "Ra1+",
    "Ke2",
    "Ra2+",
    "Kf1",
    "Ra1+",
    "Ke2",
    "Ra2+"
  ],
  "statePieceCount": 12,
  "endPieceCount": 10,
  "boardState": [
    {
      "square": "g8",
      "type": "k",
      "color": "b"
    },
    {
      "square": "a7",
      "type": "r",
      "color": "b"
    },
    {
      "square": "b6",
      "type": "p",
      "color": "b"
    },
    {
      "square": "d6",
      "type": "n",
      "color": "b"
    },
    {
      "square": "h6",
      "type": "b",
      "color": "b"
    },
    {
      "square": "d5",
      "type": "p",
      "color": "w"
    },
    {
      "square": "e5",
      "type": "n",
      "color": "b"
    },
    {
      "square": "c3",
      "type": "r",
      "color": "w"
    },
    {
      "square": "g3",
      "type": "p",
      "color": "w"
    },
    {
      "square": "h3",
      "type": "k",
      "color": "w"
    },
    {
      "square": "a2",
      "type": "p",
      "color": "w"
    },
    {
      "square": "e2",
      "type": "r",
      "color": "w"
    }
  ],
  "nextTurn": "w"
}