{
  "event": "Chess Olympiad",
  "site": "Batumi GEO",
  "date": "2018.10.03",
  "eventDate": "2018.09.24",
  "dateMillis": 1538496000000,
  "eventDateMillis": 1537718400000,
  "round": "9.2",
  "result": "1/2-1/2",
  "white": "Shakhriyar Mamedyarov",
  "black": "Ding Liren",
  "isDingWin": false,
  "isDraw": true,
  "isDingBlack": true,
  "moves": [
    "fxe7",
    "Re8",
    "Rb7",
    "Kg7",
    "Kf3",
    "f6",
    "Rb6",
    "f5",
    "Rb7",
    "Kf7",
    "Ke3",
    "Ra8",
    "Kd4",
    "Ke6",
    "Ra7",
    "Rb8",
    "e8=B",
    "Rxe8",
    "Ra6+",
    "Kf7",
    "Kd5",
    "Re7",
    "e6+",
    "Kf6",
    "Ra8",
    "Rb7",
    "Rf8+",
    "Kg7",
    "Rd8",
    "Kf6",
    "Rf8+"
  ],
  "statePieceCount": 12,
  "endPieceCount": 10,
  "boardState": [
    {
      "square": "a8",
      "type": "r",
      "color": "b"
    },
    {
      "square": "g8",
      "type": "k",
      "color": "b"
    },
    {
      "square": "e7",
      "type": "r",
      "color": "b"
    },
    {
      "square": "f7",
      "type": "p",
      "color": "b"
    },
    {
      "square": "b6",
      "type": "r",
      "color": "w"
    },
    {
      "square": "f6",
      "type": "p",
      "color": "w"
    },
    {
      "square": "g6",
      "type": "p",
      "color": "b"
    },
    {
      "square": "e5",
      "type": "p",
      "color": "w"
    },
    {
      "square": "g5",
      "type": "p",
      "color": "b"
    },
    {
      "square": "h3",
      "type": "p",
      "color": "w"
    },
    {
      "square": "f2",
      "type": "p",
      "color": "w"
    },
    {
      "square": "g2",
      "type": "k",
      "color": "w"
    }
  ],
  "nextTurn": "w"
}