{
  "event": "World Team Chess Championship",
  "site": "Astana KAZ",
  "date": "2019.03.09",
  "eventDate": "2019.03.05",
  "dateMillis": 1552060800000,
  "eventDateMillis": 1551715200000,
  "round": "5.4",
  "result": "1/2-1/2",
  "white": "Ding Liren",
  "black": "Parham Maghsoodloo",
  "isDingWin": false,
  "isDraw": true,
  "isDingBlack": false,
  "moves": [
    "Kb2",
    "Nb6",
    "Ne3",
    "Nxc4+",
    "Kxb3",
    "Nxe3",
    "fxe3",
    "Rf3"
  ],
  "statePieceCount": 12,
  "endPieceCount": 8,
  "boardState": [
    {
      "square": "d7",
      "type": "n",
      "color": "b"
    },
    {
      "square": "e7",
      "type": "r",
      "color": "w"
    },
    {
      "square": "d6",
      "type": "p",
      "color": "b"
    },
    {
      "square": "c5",
      "type": "k",
      "color": "b"
    },
    {
      "square": "d5",
      "type": "p",
      "color": "w"
    },
    {
      "square": "f5",
      "type": "p",
      "color": "w"
    },
    {
      "square": "c4",
      "type": "p",
      "color": "w"
    },
    {
      "square": "g4",
      "type": "n",
      "color": "w"
    },
    {
      "square": "b3",
      "type": "p",
      "color": "b"
    },
    {
      "square": "h3",
      "type": "r",
      "color": "b"
    },
    {
      "square": "c2",
      "type": "k",
      "color": "w"
    },
    {
      "square": "f2",
      "type": "p",
      "color": "w"
    }
  ]
}