{
  "event": "World Team Chess Championship",
  "site": "Astana KAZ",
  "date": "2019.03.08",
  "eventDate": "2019.03.05",
  "dateMillis": 1551974400000,
  "eventDateMillis": 1551715200000,
  "round": "4.2",
  "result": "1/2-1/2",
  "white": "Baskaran Adhiban",
  "black": "Ding Liren",
  "isDingWin": false,
  "isDraw": true,
  "isDingBlack": true,
  "moves": [
    "Rxc4",
    "Rb6",
    "Kf7",
    "Rb7+",
    "Kf8",
    "Ke3",
    "Rc3+",
    "Ke2",
    "Rc6",
    "Rb5",
    "Nh7",
    "d5",
    "exd5",
    "Rxd5",
    "Kg7",
    "f4",
    "gxf4",
    "Kf3",
    "Nf6",
    "Rg5+",
    "Kf7"
  ],
  "statePieceCount": 12,
  "endPieceCount": 8,
  "boardState": [
    {
      "square": "b7",
      "type": "r",
      "color": "w"
    },
    {
      "square": "e6",
      "type": "p",
      "color": "b"
    },
    {
      "square": "f6",
      "type": "n",
      "color": "b"
    },
    {
      "square": "g6",
      "type": "k",
      "color": "b"
    },
    {
      "square": "g5",
      "type": "p",
      "color": "b"
    },
    {
      "square": "c4",
      "type": "b",
      "color": "w"
    },
    {
      "square": "d4",
      "type": "p",
      "color": "w"
    },
    {
      "square": "e4",
      "type": "p",
      "color": "w"
    },
    {
      "square": "g4",
      "type": "p",
      "color": "w"
    },
    {
      "square": "c3",
      "type": "r",
      "color": "b"
    },
    {
      "square": "f3",
      "type": "p",
      "color": "w"
    },
    {
      "square": "f2",
      "type": "k",
      "color": "w"
    }
  ],
  "nextTurn": "b"
}