{
  "event": "Gashimov Memorial",
  "site": "Shamkir AZE",
  "date": "2019.04.02",
  "eventDate": "2019.03.31",
  "dateMillis": 1554134400000,
  "eventDateMillis": 1553961600000,
  "round": "3.4",
  "result": "1/2-1/2",
  "white": "Teimour Radjabov",
  "black": "Ding Liren",
  "isDingWin": false,
  "isDraw": true,
  "isDingBlack": true,
  "moves": [
    "g5",
    "Bc4",
    "Kg7",
    "Bxd5",
    "cxd5",
    "a4",
    "h5",
    "h4",
    "Kg6",
    "a5",
    "Rb7",
    "a6",
    "Ra7",
    "hxg5",
    "Kxg5",
    "Ra5",
    "h4+",
    "Kh3",
    "Kf4",
    "Rxd5",
    "Rxa6",
    "Kxh4",
    "Rh6+",
    "Rh5",
    "Rxh5+",
    "Kxh5",
    "Kxf3"
  ],
  "statePieceCount": 12,
  "endPieceCount": 2,
  "boardState": [
    {
      "square": "g8",
      "type": "k",
      "color": "b"
    },
    {
      "square": "g7",
      "type": "p",
      "color": "b"
    },
    {
      "square": "h7",
      "type": "p",
      "color": "b"
    },
    {
      "square": "a6",
      "type": "b",
      "color": "w"
    },
    {
      "square": "c6",
      "type": "p",
      "color": "b"
    },
    {
      "square": "d5",
      "type": "n",
      "color": "b"
    },
    {
      "square": "f3",
      "type": "p",
      "color": "w"
    },
    {
      "square": "g3",
      "type": "k",
      "color": "w"
    },
    {
      "square": "h3",
      "type": "p",
      "color": "w"
    },
    {
      "square": "a2",
      "type": "p",
      "color": "w"
    },
    {
      "square": "b2",
      "type": "r",
      "color": "b"
    },
    {
      "square": "a1",
      "type": "r",
      "color": "w"
    }
  ]
}