{
  "event": "Shenzhen Masters",
  "site": "Shenzhen CHN",
  "date": "2018.11.14",
  "eventDate": "2018.11.04",
  "dateMillis": 1542124800000,
  "eventDateMillis": 1541260800000,
  "round": "10.1",
  "result": "1/2-1/2",
  "white": "Ding Liren",
  "black": "Nikita Vitiugov",
  "isDingWin": false,
  "isDraw": true,
  "isDingBlack": false,
  "moves": [
    "Nf4",
    "Rf5",
    "Ne2+",
    "Kf2",
    "Nd4",
    "Rf4",
    "Rf8",
    "Rxf8+",
    "Kxf8",
    "Nd3",
    "Ke7",
    "Ke3",
    "Nc6",
    "Ke4",
    "Ke6",
    "h4",
    "Kd6",
    "g4",
    "Ke6",
    "Nf4+",
    "Kf7",
    "Nd3",
    "Ke6"
  ],
  "statePieceCount": 12,
  "endPieceCount": 10,
  "boardState": [
    {
      "square": "e8",
      "type": "r",
      "color": "b"
    },
    {
      "square": "g8",
      "type": "k",
      "color": "b"
    },
    {
      "square": "g7",
      "type": "p",
      "color": "b"
    },
    {
      "square": "g6",
      "type": "n",
      "color": "b"
    },
    {
      "square": "h6",
      "type": "p",
      "color": "b"
    },
    {
      "square": "b5",
      "type": "p",
      "color": "b"
    },
    {
      "square": "c5",
      "type": "n",
      "color": "w"
    },
    {
      "square": "d5",
      "type": "r",
      "color": "w"
    },
    {
      "square": "b4",
      "type": "p",
      "color": "w"
    },
    {
      "square": "g2",
      "type": "p",
      "color": "w"
    },
    {
      "square": "h2",
      "type": "p",
      "color": "w"
    },
    {
      "square": "g1",
      "type": "k",
      "color": "w"
    }
  ]
}