{
  "event": "Gashimov Memorial",
  "site": "Shamkir AZE",
  "date": "2019.04.07",
  "eventDate": "2019.03.31",
  "dateMillis": 1554566400000,
  "eventDateMillis": 1553961600000,
  "round": "7.1",
  "result": "1/2-1/2",
  "white": "Shakhriyar Mamedyarov",
  "black": "Ding Liren",
  "isDingWin": false,
  "isDraw": true,
  "isDingBlack": true,
  "moves": [
    "g4",
    "hxg3",
    "h4",
    "Kd5",
    "Kf3",
    "Kc6",
    "Kxg3",
    "a5",
    "bxa5",
    "b4",
    "h5",
    "gxh5",
    "f5",
    "b3",
    "f6",
    "b2",
    "f7",
    "b1=Q",
    "f8=Q",
    "Qg1+",
    "Kh3",
    "Qg4+",
    "Kh2",
    "Qe2+",
    "Kh3",
    "Qxe5",
    "Qb4",
    "Qb5",
    "Qe4+",
    "Qd5",
    "Qb4",
    "Qb5",
    "Qe4+",
    "Qd5",
    "Qb4",
    "Qb5"
  ],
  "statePieceCount": 12,
  "endPieceCount": 7,
  "boardState": [
    {
      "square": "a6",
      "type": "p",
      "color": "b"
    },
    {
      "square": "e6",
      "type": "p",
      "color": "b"
    },
    {
      "square": "g6",
      "type": "p",
      "color": "b"
    },
    {
      "square": "b5",
      "type": "p",
      "color": "b"
    },
    {
      "square": "e5",
      "type": "p",
      "color": "w"
    },
    {
      "square": "b4",
      "type": "p",
      "color": "w"
    },
    {
      "square": "c4",
      "type": "k",
      "color": "b"
    },
    {
      "square": "f4",
      "type": "p",
      "color": "w"
    },
    {
      "square": "h4",
      "type": "p",
      "color": "b"
    },
    {
      "square": "e3",
      "type": "k",
      "color": "w"
    },
    {
      "square": "h3",
      "type": "p",
      "color": "w"
    },
    {
      "square": "g2",
      "type": "p",
      "color": "w"
    }
  ]
}