{
  "event": "Shenzhen Masters",
  "site": "Shenzhen CHN",
  "date": "2018.11.12",
  "eventDate": "2018.11.04",
  "dateMillis": 1541952000000,
  "eventDateMillis": 1541260800000,
  "round": "8.1",
  "result": "1-0",
  "white": "Ding Liren",
  "black": "Yu Yangyi",
  "isDingWin": true,
  "isDraw": false,
  "isDingBlack": false,
  "moves": [
    "Rxe5",
    "b3",
    "Rb5",
    "Rd4",
    "Ke3",
    "Rxa4",
    "Rxb3",
    "Ra2",
    "Rb6",
    "a4",
    "f3",
    "a3",
    "Ra6",
    "Rg2",
    "Kf4",
    "a2",
    "g4",
    "Rf2",
    "e5",
    "Rb2",
    "Ra7",
    "Rb4+",
    "Kg3",
    "Rb5",
    "f4",
    "g5",
    "f5",
    "Rxe5",
    "Rxa2",
    "Re3+",
    "Kf2",
    "Re4",
    "Kf3",
    "Rf4+",
    "Kg3",
    "Rb4",
    "Ra6+",
    "Kh7",
    "Rg6",
    "Rb3+",
    "Kf2",
    "Rb2+",
    "Ke3",
    "Rb3+",
    "Ke2",
    "Rb2+",
    "Kd3",
    "Rb3+",
    "Ke4"
  ],
  "statePieceCount": 12,
  "endPieceCount": 7,
  "boardState": [
    {
      "square": "d8",
      "type": "r",
      "color": "b"
    },
    {
      "square": "e7",
      "type": "r",
      "color": "w"
    },
    {
      "square": "g6",
      "type": "p",
      "color": "b"
    },
    {
      "square": "h6",
      "type": "k",
      "color": "b"
    },
    {
      "square": "a5",
      "type": "p",
      "color": "b"
    },
    {
      "square": "e5",
      "type": "p",
      "color": "b"
    },
    {
      "square": "a4",
      "type": "p",
      "color": "w"
    },
    {
      "square": "b4",
      "type": "p",
      "color": "b"
    },
    {
      "square": "e4",
      "type": "p",
      "color": "w"
    },
    {
      "square": "g3",
      "type": "p",
      "color": "w"
    },
    {
      "square": "e2",
      "type": "k",
      "color": "w"
    },
    {
      "square": "f2",
      "type": "p",
      "color": "w"
    }
  ]
}