{
  "event": "Grand Chess Tour Cote d�Ivoire (Rapid & Blitz)",
  "site": "Abidjan CIV",
  "date": "2019.05.11",
  "eventDate": "2019.05.11",
  "dateMillis": 1557504000000,
  "eventDateMillis": 1557504000000,
  "round": "1.4",
  "result": "0-1",
  "white": "Ding Liren",
  "black": "Ian Nepomniachtchi",
  "isDingWin": false,
  "isDraw": false,
  "isDingBlack": false,
  "moves": [
    "hxg4",
    "h3",
    "Ra1",
    "Rb7",
    "Bd4"
  ],
  "statePieceCount": 12,
  "endPieceCount": 11,
  "boardState": [
    {
      "square": "c7",
      "type": "r",
      "color": "b"
    },
    {
      "square": "a6",
      "type": "r",
      "color": "w"
    },
    {
      "square": "c6",
      "type": "p",
      "color": "b"
    },
    {
      "square": "e6",
      "type": "k",
      "color": "b"
    },
    {
      "square": "f6",
      "type": "n",
      "color": "b"
    },
    {
      "square": "g6",
      "type": "p",
      "color": "b"
    },
    {
      "square": "f4",
      "type": "p",
      "color": "w"
    },
    {
      "square": "g4",
      "type": "p",
      "color": "b"
    },
    {
      "square": "h4",
      "type": "p",
      "color": "b"
    },
    {
      "square": "f3",
      "type": "k",
      "color": "w"
    },
    {
      "square": "h3",
      "type": "p",
      "color": "w"
    },
    {
      "square": "f2",
      "type": "b",
      "color": "w"
    }
  ],
  "nextTurn": "w"
}