{
  "event": "PRO League Group Stage",
  "site": "chess.com INT",
  "date": "2019.01.08",
  "eventDate": "2019.01.08",
  "dateMillis": 1546876800000,
  "eventDateMillis": 1546876800000,
  "round": "1",
  "result": "1-0",
  "white": "Ding Liren",
  "black": "Corrales Jimenez, Fidel",
  "isDingWin": true,
  "isDraw": false,
  "isDingBlack": false,
  "moves": [
    "Rf3",
    "Kg2",
    "Rd3",
    "Kh3",
    "c5",
    "Kg4",
    "h5+",
    "Kf4",
    "Rd4+",
    "Kg5",
    "Rg4+",
    "Kh6",
    "Rxg3",
    "Rg7+",
    "Kf8",
    "Rxg6",
    "Rb3",
    "Rg2",
    "c4",
    "Rc2",
    "Rb5",
    "Rxc4",
    "Rxb2",
    "Kxh5",
    "Rb5+",
    "Kg4",
    "Ra5",
    "Kf3",
    "Kf7",
    "Ke3",
    "Ke6",
    "Kd3",
    "Kd5",
    "Kc3",
    "Ra8",
    "Rg4",
    "Rc8+",
    "Kb4",
    "Rc1",
    "Kxa4",
    "Kc5",
    "Ka5",
    "Kc6",
    "a4",
    "Kb7",
    "Kb5",
    "Rb1+",
    "Kc5",
    "Rc1+",
    "Kd6",
    "Re1",
    "h5",
    "Rh1",
    "Rg5",
    "Kc8",
    "Ke7",
    "Kc7",
    "a5",
    "Kb7",
    "Kf7",
    "Rc1",
    "h6",
    "Rc7+",
    "Kg6",
    "Rc6+",
    "Kh5",
    "Rc1",
    "h7"
  ],
  "statePieceCount": 12,
  "endPieceCount": 6,
  "boardState": [
    {
      "square": "g8",
      "type": "k",
      "color": "b"
    },
    {
      "square": "b7",
      "type": "r",
      "color": "w"
    },
    {
      "square": "h7",
      "type": "p",
      "color": "b"
    },
    {
      "square": "c6",
      "type": "p",
      "color": "b"
    },
    {
      "square": "f6",
      "type": "r",
      "color": "b"
    },
    {
      "square": "g6",
      "type": "p",
      "color": "b"
    },
    {
      "square": "a4",
      "type": "p",
      "color": "b"
    },
    {
      "square": "h4",
      "type": "p",
      "color": "w"
    },
    {
      "square": "a3",
      "type": "p",
      "color": "w"
    },
    {
      "square": "g3",
      "type": "p",
      "color": "w"
    },
    {
      "square": "b2",
      "type": "p",
      "color": "w"
    },
    {
      "square": "g1",
      "type": "k",
      "color": "w"
    }
  ]
}