{
  "event": "Norway Chess",
  "site": "Stavanger NOR",
  "date": "2019.06.06",
  "eventDate": "2019.05.04",
  "dateMillis": 1559750400000,
  "eventDateMillis": 1556899200000,
  "round": "3",
  "result": "1-0",
  "white": "Ding Liren",
  "black": "Fabiano Caruana",
  "isDingWin": true,
  "isDraw": false,
  "isDingBlack": false,
  "moves": [
    "fxe3",
    "fxe3",
    "Kg5",
    "Nf3+",
    "Kf5",
    "Kd3",
    "Bc5",
    "Nd4+",
    "Ke5",
    "Nf3+",
    "Kf5",
    "Ke2",
    "Kf6",
    "Bb1",
    "e5",
    "Ba2",
    "e4",
    "Nd4",
    "Ke5",
    "Nb5",
    "Be7",
    "Bb3",
    "Bc5",
    "h4",
    "d4",
    "exd4+",
    "Bxd4",
    "Nxa3",
    "Kf5",
    "h5",
    "Kg5",
    "Bf7",
    "Kf4",
    "Nc4",
    "Bg7",
    "Bg6",
    "Bd4",
    "Nd6",
    "e3",
    "Nf7",
    "Bg7",
    "Bd3"
  ],
  "statePieceCount": 12,
  "endPieceCount": 7,
  "boardState": [
    {
      "square": "e7",
      "type": "b",
      "color": "b"
    },
    {
      "square": "e6",
      "type": "p",
      "color": "b"
    },
    {
      "square": "f6",
      "type": "k",
      "color": "b"
    },
    {
      "square": "d5",
      "type": "p",
      "color": "b"
    },
    {
      "square": "f4",
      "type": "p",
      "color": "b"
    },
    {
      "square": "h4",
      "type": "n",
      "color": "w"
    },
    {
      "square": "a3",
      "type": "p",
      "color": "b"
    },
    {
      "square": "e3",
      "type": "p",
      "color": "w"
    },
    {
      "square": "h3",
      "type": "p",
      "color": "w"
    },
    {
      "square": "a2",
      "type": "b",
      "color": "w"
    },
    {
      "square": "c2",
      "type": "k",
      "color": "w"
    },
    {
      "square": "f2",
      "type": "p",
      "color": "w"
    }
  ]
}