{
  "event": "Norway Chess",
  "site": "Stavanger NOR",
  "date": "2019.06.09",
  "eventDate": "2019.06.04",
  "dateMillis": 1560009600000,
  "eventDateMillis": 1559577600000,
  "round": "5.4",
  "result": "1/2-1/2",
  "white": "Ding Liren",
  "black": "Levon Aronian",
  "isDingWin": false,
  "isDraw": true,
  "isDingBlack": false,
  "moves": [
    "Rxg6",
    "Rf3",
    "Rh6",
    "h3",
    "Rxh3",
    "Rxh3",
    "f7",
    "Rf3",
    "g6",
    "Kb5",
    "g7",
    "Rxf7",
    "g8=Q",
    "Rf1+",
    "Kc2",
    "Rf2+",
    "Kc3",
    "Rf3+",
    "Kd4",
    "Rd3+",
    "Ke4",
    "d5+",
    "Ke5",
    "Kxa5",
    "Qb8",
    "Ka4",
    "Qxc7",
    "Kb3",
    "Qb6+",
    "Kc2",
    "Qf2+",
    "Kb3",
    "Qb6+",
    "Kc2",
    "Qf2+",
    "Kd1",
    "Qf5",
    "Kd2",
    "Qf4+",
    "Kd1",
    "Qg4+",
    "Kd2",
    "Qg2+",
    "Kd1",
    "Qg1+",
    "Kd2",
    "Qf2+",
    "Kd1",
    "Qg1+",
    "Kd2",
    "Qh2+",
    "Kd1",
    "Qh5+",
    "Kd2",
    "Qh6+",
    "Kd1",
    "Qa6",
    "Kd2",
    "Qa2+",
    "Kd1",
    "Qb1+",
    "Kd2",
    "Qb2+",
    "Kd1",
    "Qa1+",
    "Kd2",
    "Qb2+",
    "Kd1",
    "Qb1+",
    "Kd2",
    "Qb2+",
    "Kd1",
    "Kd6",
    "c3",
    "Qb3+",
    "Kd2",
    "Qb4",
    "Kd1",
    "Qg4+",
    "Kd2",
    "Qg2+",
    "Kd1",
    "Qf1+",
    "Kd2",
    "Qf2+",
    "Kd1",
    "Qf5",
    "Kd2",
    "Qf4+",
    "Kd1",
    "Qg4+",
    "Kd2",
    "Qb4",
    "Kd1",
    "Qb1+",
    "Kd2",
    "Qb4",
    "Kd1",
    "Qb5",
    "Kd2",
    "Qa5",
    "Kd1",
    "Qb5",
    "Kd2"
  ],
  "statePieceCount": 12,
  "endPieceCount": 6,
  "boardState": [
    {
      "square": "c7",
      "type": "p",
      "color": "b"
    },
    {
      "square": "g7",
      "type": "r",
      "color": "w"
    },
    {
      "square": "c6",
      "type": "k",
      "color": "b"
    },
    {
      "square": "d6",
      "type": "p",
      "color": "b"
    },
    {
      "square": "f6",
      "type": "p",
      "color": "w"
    },
    {
      "square": "g6",
      "type": "p",
      "color": "b"
    },
    {
      "square": "a5",
      "type": "p",
      "color": "w"
    },
    {
      "square": "g5",
      "type": "p",
      "color": "w"
    },
    {
      "square": "c4",
      "type": "p",
      "color": "b"
    },
    {
      "square": "h4",
      "type": "p",
      "color": "b"
    },
    {
      "square": "c3",
      "type": "r",
      "color": "b"
    },
    {
      "square": "b1",
      "type": "k",
      "color": "w"
    }
  ],
  "nextTurn": "w"
}