{
  "event": "Norway Chess",
  "site": "Stavanger NOR",
  "date": "2019.06.14",
  "eventDate": "2019.06.04",
  "dateMillis": 1560441600000,
  "eventDateMillis": 1559577600000,
  "round": "9.5",
  "result": "1/2-1/2",
  "white": "Ding Liren",
  "black": "Alexander Grischuk",
  "isDingWin": false,
  "isDraw": true,
  "isDingBlack": false,
  "moves": [
    "Nxf4+",
    "gxf4",
    "Kg7",
    "Kg5",
    "Rg6+",
    "Kxf5",
    "Rh6",
    "Kg5",
    "Rxh2",
    "Rxb6",
    "Rg2+",
    "Kf5",
    "Rg6"
  ],
  "statePieceCount": 12,
  "endPieceCount": 7,
  "boardState": [
    {
      "square": "b7",
      "type": "r",
      "color": "w"
    },
    {
      "square": "f7",
      "type": "p",
      "color": "b"
    },
    {
      "square": "h7",
      "type": "p",
      "color": "b"
    },
    {
      "square": "b6",
      "type": "p",
      "color": "b"
    },
    {
      "square": "d6",
      "type": "r",
      "color": "b"
    },
    {
      "square": "e6",
      "type": "n",
      "color": "b"
    },
    {
      "square": "f6",
      "type": "k",
      "color": "b"
    },
    {
      "square": "f5",
      "type": "p",
      "color": "b"
    },
    {
      "square": "h5",
      "type": "k",
      "color": "w"
    },
    {
      "square": "f4",
      "type": "n",
      "color": "w"
    },
    {
      "square": "g3",
      "type": "p",
      "color": "w"
    },
    {
      "square": "h2",
      "type": "p",
      "color": "w"
    }
  ]
}