{
  "event": "Navara - Ding Match",
  "site": "Prague CZE",
  "date": "2019.06.18",
  "eventDate": "2019.06.17",
  "dateMillis": 1560787200000,
  "eventDateMillis": 1560700800000,
  "round": "4",
  "result": "1/2-1/2",
  "white": "Ding Liren",
  "black": "David Navara",
  "isDingWin": false,
  "isDraw": true,
  "isDingBlack": false,
  "moves": [
    "Bd3",
    "d7",
    "Bxb5",
    "Rxb5",
    "Rd8",
    "Rd5",
    "Kf8",
    "h4",
    "Ke7",
    "Re5+",
    "Kxd7",
    "h5",
    "Re8",
    "Ra5",
    "Re3",
    "hxg6",
    "hxg6",
    "f5",
    "g5",
    "f6",
    "Ke6",
    "Rxg5",
    "Kxf6"
  ],
  "statePieceCount": 12,
  "endPieceCount": 5,
  "boardState": [
    {
      "square": "b8",
      "type": "r",
      "color": "b"
    },
    {
      "square": "g8",
      "type": "k",
      "color": "b"
    },
    {
      "square": "f7",
      "type": "p",
      "color": "b"
    },
    {
      "square": "h7",
      "type": "p",
      "color": "b"
    },
    {
      "square": "d6",
      "type": "p",
      "color": "w"
    },
    {
      "square": "g6",
      "type": "p",
      "color": "b"
    },
    {
      "square": "b5",
      "type": "b",
      "color": "w"
    },
    {
      "square": "b4",
      "type": "r",
      "color": "w"
    },
    {
      "square": "f4",
      "type": "p",
      "color": "w"
    },
    {
      "square": "h3",
      "type": "p",
      "color": "w"
    },
    {
      "square": "c2",
      "type": "b",
      "color": "b"
    },
    {
      "square": "h2",
      "type": "k",
      "color": "w"
    }
  ],
  "nextTurn": "b"
}