{
  "event": "Navara - Ding Match",
  "site": "Prague CZE",
  "date": "2019.06.17",
  "eventDate": "2019.06.17",
  "dateMillis": 1560700800000,
  "eventDateMillis": 1560700800000,
  "round": "2",
  "result": "1-0",
  "white": "Ding Liren",
  "black": "David Navara",
  "isDingWin": true,
  "isDraw": false,
  "isDingBlack": false,
  "moves": [
    "f5",
    "Ra2",
    "Rxa2",
    "Bxa2",
    "f6",
    "h5",
    "Kf4",
    "h4",
    "gxh4",
    "Kh7",
    "Bd3+",
    "Kh6",
    "Kxg4",
    "Bb1",
    "Bf5",
    "Ba2",
    "Be4",
    "Be6+",
    "Kf4",
    "Kh5",
    "Ke5",
    "Kxh4",
    "Bd5"
  ],
  "statePieceCount": 12,
  "endPieceCount": 7,
  "boardState": [
    {
      "square": "g8",
      "type": "k",
      "color": "b"
    },
    {
      "square": "f7",
      "type": "p",
      "color": "b"
    },
    {
      "square": "h7",
      "type": "p",
      "color": "b"
    },
    {
      "square": "e6",
      "type": "b",
      "color": "b"
    },
    {
      "square": "a5",
      "type": "r",
      "color": "w"
    },
    {
      "square": "f4",
      "type": "p",
      "color": "w"
    },
    {
      "square": "g4",
      "type": "p",
      "color": "b"
    },
    {
      "square": "c3",
      "type": "p",
      "color": "w"
    },
    {
      "square": "e3",
      "type": "k",
      "color": "w"
    },
    {
      "square": "g3",
      "type": "p",
      "color": "w"
    },
    {
      "square": "h2",
      "type": "r",
      "color": "b"
    },
    {
      "square": "f1",
      "type": "b",
      "color": "w"
    }
  ],
  "nextTurn": "w"
}