{
  "event": "GCT Croatia",
  "site": "Zagreb CRO",
  "date": "2019.07.07",
  "eventDate": "2019.06.26",
  "dateMillis": 1562428800000,
  "eventDateMillis": 1561478400000,
  "round": "11.5",
  "result": "1/2-1/2",
  "white": "Shakhriyar Mamedyarov",
  "black": "Ding Liren",
  "isDingWin": false,
  "isDraw": true,
  "isDingBlack": true,
  "moves": [
    "Kxe5",
    "Bg4",
    "Kd4",
    "Bd1",
    "Bc6+",
    "Kd8",
    "Kc4",
    "b3",
    "axb3",
    "a3",
    "Kc3",
    "a2",
    "Kb2",
    "Bxb3",
    "Bb5",
    "Bd5",
    "Ka1",
    "Be6",
    "Kb2",
    "Bd5",
    "Ka1",
    "Be6",
    "Kb2"
  ],
  "statePieceCount": 12,
  "endPieceCount": 9,
  "boardState": [
    {
      "square": "c8",
      "type": "b",
      "color": "b"
    },
    {
      "square": "e8",
      "type": "k",
      "color": "b"
    },
    {
      "square": "g7",
      "type": "p",
      "color": "b"
    },
    {
      "square": "d6",
      "type": "p",
      "color": "w"
    },
    {
      "square": "g6",
      "type": "p",
      "color": "w"
    },
    {
      "square": "d5",
      "type": "b",
      "color": "w"
    },
    {
      "square": "e5",
      "type": "p",
      "color": "b"
    },
    {
      "square": "a4",
      "type": "p",
      "color": "b"
    },
    {
      "square": "b4",
      "type": "p",
      "color": "b"
    },
    {
      "square": "f4",
      "type": "k",
      "color": "w"
    },
    {
      "square": "a2",
      "type": "p",
      "color": "w"
    },
    {
      "square": "g2",
      "type": "p",
      "color": "w"
    }
  ],
  "nextTurn": "w"
}