{
  "event": "Sinquefield Cup",
  "site": "St Louis, MO USA",
  "date": "2019.08.19",
  "eventDate": "2019.08.17",
  "dateMillis": 1566144000000,
  "eventDateMillis": 1565971200000,
  "round": "3.3",
  "result": "1/2-1/2",
  "white": "Ding Liren",
  "black": "Maxime Vachier-Lagrave",
  "isDingWin": false,
  "isDraw": true,
  "isDingBlack": false,
  "moves": [
    "Ra6",
    "Kd2",
    "Ke5",
    "Re4+",
    "Kd6",
    "Rd4+",
    "Nd5",
    "Rh4",
    "Ra8",
    "Rh6+",
    "Kc5",
    "Re6",
    "Rf8",
    "Bxd5",
    "Rxf2+",
    "Kc3",
    "cxd5",
    "Rxe7",
    "d4+",
    "Kd3",
    "Rf3+",
    "Kc2",
    "Rf2+",
    "Kd3",
    "Rf3+",
    "Kc2",
    "Rf2+",
    "Kd3"
  ],
  "statePieceCount": 12,
  "endPieceCount": 8,
  "boardState": [
    {
      "square": "a8",
      "type": "r",
      "color": "b"
    },
    {
      "square": "e7",
      "type": "p",
      "color": "b"
    },
    {
      "square": "c6",
      "type": "p",
      "color": "b"
    },
    {
      "square": "f6",
      "type": "k",
      "color": "b"
    },
    {
      "square": "a5",
      "type": "p",
      "color": "b"
    },
    {
      "square": "a4",
      "type": "p",
      "color": "w"
    },
    {
      "square": "b4",
      "type": "n",
      "color": "b"
    },
    {
      "square": "c4",
      "type": "r",
      "color": "w"
    },
    {
      "square": "f3",
      "type": "b",
      "color": "w"
    },
    {
      "square": "b2",
      "type": "p",
      "color": "w"
    },
    {
      "square": "f2",
      "type": "p",
      "color": "w"
    },
    {
      "square": "d1",
      "type": "k",
      "color": "w"
    }
  ]
}