{
  "event": "GCT St. Louis Rapid & Blitz",
  "site": "St Louis, MO USA",
  "date": "2019.08.11",
  "eventDate": "2019.08.10",
  "dateMillis": 1565452800000,
  "eventDateMillis": 1565366400000,
  "round": "6.5",
  "result": "1-0",
  "white": "Maxime Vachier-Lagrave",
  "black": "Ding Liren",
  "isDingWin": false,
  "isDraw": false,
  "isDingBlack": true,
  "moves": [
    "bxc5",
    "Kc6",
    "Ke4",
    "Kxc5",
    "Ke5",
    "Kc4",
    "Kxe6",
    "Kxc3",
    "e4",
    "Kd4",
    "e5",
    "c5",
    "Kd6",
    "c4",
    "e6",
    "c3",
    "e7",
    "c2",
    "e8=Q",
    "c1=Q",
    "Qe5+",
    "Kd3",
    "Qxg7",
    "Qf4+",
    "Kd7",
    "Qa4+",
    "Ke7",
    "Qb4+",
    "Ke8",
    "Qa4+",
    "Kf8",
    "Qa8+",
    "Kf7",
    "Qd5+",
    "Kg6",
    "Qe6+",
    "Kh5",
    "Ke2",
    "Qxh6",
    "Qe8+",
    "Qg6",
    "Qh8+",
    "Kg5"
  ],
  "statePieceCount": 12,
  "endPieceCount": 6,
  "boardState": [
    {
      "square": "c7",
      "type": "p",
      "color": "b"
    },
    {
      "square": "d7",
      "type": "k",
      "color": "b"
    },
    {
      "square": "g7",
      "type": "p",
      "color": "b"
    },
    {
      "square": "e6",
      "type": "p",
      "color": "b"
    },
    {
      "square": "h6",
      "type": "p",
      "color": "b"
    },
    {
      "square": "c5",
      "type": "r",
      "color": "b"
    },
    {
      "square": "b4",
      "type": "p",
      "color": "w"
    },
    {
      "square": "g4",
      "type": "p",
      "color": "w"
    },
    {
      "square": "h4",
      "type": "p",
      "color": "w"
    },
    {
      "square": "c3",
      "type": "p",
      "color": "w"
    },
    {
      "square": "e3",
      "type": "p",
      "color": "w"
    },
    {
      "square": "f3",
      "type": "k",
      "color": "w"
    }
  ]
}