{
  "event": "GCT St. Louis Rapid & Blitz",
  "site": "St Louis, MO USA",
  "date": "2019.08.13",
  "eventDate": "2019.08.13",
  "dateMillis": 1565625600000,
  "eventDateMillis": 1565625600000,
  "round": "3.1",
  "result": "1/2-1/2",
  "white": "Levon Aronian",
  "black": "Ding Liren",
  "isDingWin": false,
  "isDraw": true,
  "isDingBlack": true,
  "moves": [
    "Be3",
    "c4",
    "Nb6",
    "Ne5",
    "Na4",
    "Ba1",
    "Bxg5",
    "c3",
    "Bh5+",
    "Kg7",
    "Nxc3",
    "Bxc3",
    "Bf4",
    "Ne6",
    "Bxe5+",
    "Bxe5",
    "Bg4"
  ],
  "statePieceCount": 12,
  "endPieceCount": 7,
  "boardState": [
    {
      "square": "f7",
      "type": "k",
      "color": "b"
    },
    {
      "square": "c5",
      "type": "p",
      "color": "b"
    },
    {
      "square": "d5",
      "type": "n",
      "color": "w"
    },
    {
      "square": "g5",
      "type": "p",
      "color": "b"
    },
    {
      "square": "d4",
      "type": "n",
      "color": "b"
    },
    {
      "square": "e4",
      "type": "p",
      "color": "w"
    },
    {
      "square": "d3",
      "type": "n",
      "color": "b"
    },
    {
      "square": "g3",
      "type": "p",
      "color": "w"
    },
    {
      "square": "b2",
      "type": "b",
      "color": "b"
    },
    {
      "square": "g2",
      "type": "k",
      "color": "w"
    },
    {
      "square": "d1",
      "type": "b",
      "color": "w"
    },
    {
      "square": "g1",
      "type": "b",
      "color": "w"
    }
  ]
}