{
  "event": "Sinquefield Cup",
  "site": "St Louis, MO USA",
  "date": "2019.08.23",
  "eventDate": "2019.08.17",
  "dateMillis": 1566489600000,
  "eventDateMillis": 1565971200000,
  "round": "6",
  "result": "1/2-1/2",
  "white": "Ian Nepomniachtchi",
  "black": "Ding Liren",
  "isDingWin": false,
  "isDraw": true,
  "isDingBlack": true,
  "moves": [
    "Re1",
    "Qf3",
    "Rxf1+",
    "Qxf1",
    "c5",
    "Qc4",
    "Qe1+",
    "Kh2",
    "Qb4",
    "Qd3",
    "a3",
    "Qg3+",
    "Kh7",
    "Qd3+",
    "Kg7",
    "Qg3+",
    "Kh7",
    "Qd3+",
    "Kg7"
  ],
  "statePieceCount": 12,
  "endPieceCount": 10,
  "boardState": [
    {
      "square": "b7",
      "type": "q",
      "color": "w"
    },
    {
      "square": "c7",
      "type": "p",
      "color": "b"
    },
    {
      "square": "f7",
      "type": "p",
      "color": "b"
    },
    {
      "square": "g7",
      "type": "k",
      "color": "b"
    },
    {
      "square": "e5",
      "type": "q",
      "color": "b"
    },
    {
      "square": "a4",
      "type": "p",
      "color": "b"
    },
    {
      "square": "e4",
      "type": "r",
      "color": "b"
    },
    {
      "square": "h3",
      "type": "p",
      "color": "w"
    },
    {
      "square": "a2",
      "type": "p",
      "color": "w"
    },
    {
      "square": "g2",
      "type": "p",
      "color": "w"
    },
    {
      "square": "f1",
      "type": "r",
      "color": "w"
    },
    {
      "square": "h1",
      "type": "k",
      "color": "w"
    }
  ]
}