{
  "event": "Sinquefield Cup",
  "site": "St Louis, MO USA",
  "date": "2019.08.24",
  "eventDate": "2019.08.17",
  "dateMillis": 1566576000000,
  "eventDateMillis": 1565971200000,
  "round": "7",
  "result": "1/2-1/2",
  "white": "Ding Liren",
  "black": "Viswanathan Anand",
  "isDingWin": false,
  "isDraw": true,
  "isDingBlack": false,
  "moves": [
    "Nxh6+",
    "Kf8",
    "Nf5",
    "b5",
    "Ne3",
    "Nb6",
    "Ke1",
    "b4",
    "Kd1",
    "Na4",
    "Nd5",
    "f5",
    "Nd2",
    "b3",
    "e4",
    "fxe4",
    "fxe4",
    "Kf7",
    "g4",
    "Nc5",
    "Nb4",
    "Ke6",
    "Kc1",
    "Na4",
    "g5",
    "Ke7",
    "Nc6+",
    "Kf7",
    "Nd4",
    "Kg6",
    "N4xb3",
    "Ra2",
    "Nf3",
    "Nc3",
    "Nbd2",
    "Rxd2",
    "Kxd2",
    "Nxe4+",
    "Ke3",
    "Nxg5",
    "Nxg5"
  ],
  "statePieceCount": 12,
  "endPieceCount": 3,
  "boardState": [
    {
      "square": "g8",
      "type": "k",
      "color": "b"
    },
    {
      "square": "b7",
      "type": "p",
      "color": "b"
    },
    {
      "square": "f6",
      "type": "p",
      "color": "b"
    },
    {
      "square": "h6",
      "type": "p",
      "color": "b"
    },
    {
      "square": "d5",
      "type": "n",
      "color": "b"
    },
    {
      "square": "f5",
      "type": "n",
      "color": "w"
    },
    {
      "square": "e4",
      "type": "n",
      "color": "w"
    },
    {
      "square": "f3",
      "type": "p",
      "color": "w"
    },
    {
      "square": "g3",
      "type": "p",
      "color": "w"
    },
    {
      "square": "b2",
      "type": "r",
      "color": "b"
    },
    {
      "square": "e2",
      "type": "p",
      "color": "w"
    },
    {
      "square": "f2",
      "type": "k",
      "color": "w"
    }
  ],
  "nextTurn": "w"
}