{
  "event": "World Cup",
  "site": "Khanty-Mansiysk RUS",
  "date": "2019.09.21",
  "eventDate": "2019.09.10",
  "dateMillis": 1568995200000,
  "eventDateMillis": 1568044800000,
  "round": "4.2",
  "result": "1/2-1/2",
  "white": "Kirill Alekseenko",
  "black": "Ding Liren",
  "isDingWin": false,
  "isDraw": true,
  "isDingBlack": true,
  "moves": [
    "g5",
    "Nd5",
    "h5",
    "g3",
    "Kg6",
    "h4",
    "Kf5",
    "Bf6",
    "Rc8+",
    "Kb4",
    "Ke6",
    "Ne7",
    "gxh4",
    "gxh4",
    "Rc1",
    "Bg5",
    "Rb1+",
    "Kxa4",
    "b5+",
    "Ka5",
    "Rb3",
    "Kb6",
    "Rxa3",
    "Kxb5"
  ],
  "statePieceCount": 12,
  "endPieceCount": 7,
  "boardState": [
    {
      "square": "a8",
      "type": "r",
      "color": "b"
    },
    {
      "square": "b7",
      "type": "p",
      "color": "b"
    },
    {
      "square": "g7",
      "type": "p",
      "color": "b"
    },
    {
      "square": "h7",
      "type": "k",
      "color": "b"
    },
    {
      "square": "h6",
      "type": "p",
      "color": "b"
    },
    {
      "square": "e5",
      "type": "b",
      "color": "w"
    },
    {
      "square": "a4",
      "type": "p",
      "color": "b"
    },
    {
      "square": "b4",
      "type": "n",
      "color": "w"
    },
    {
      "square": "c4",
      "type": "k",
      "color": "w"
    },
    {
      "square": "a3",
      "type": "p",
      "color": "w"
    },
    {
      "square": "h3",
      "type": "p",
      "color": "w"
    },
    {
      "square": "g2",
      "type": "p",
      "color": "w"
    }
  ],
  "nextTurn": "b"
}