{
  "event": "World Cup",
  "site": "Khanty-Mansiysk RUS",
  "date": "2019.09.22",
  "eventDate": "2019.09.10",
  "dateMillis": 1569081600000,
  "eventDateMillis": 1568044800000,
  "round": "4.4",
  "result": "0-1",
  "white": "Kirill Alekseenko",
  "black": "Ding Liren",
  "isDingWin": true,
  "isDraw": false,
  "isDingBlack": true,
  "moves": [
    "Ra7",
    "Nc3+",
    "Kd3",
    "Nd5",
    "Ke4",
    "Nxb4",
    "Rh7",
    "c5",
    "Rxh5",
    "c4"
  ],
  "statePieceCount": 12,
  "endPieceCount": 10,
  "boardState": [
    {
      "square": "b7",
      "type": "r",
      "color": "w"
    },
    {
      "square": "a6",
      "type": "p",
      "color": "b"
    },
    {
      "square": "c6",
      "type": "p",
      "color": "b"
    },
    {
      "square": "d6",
      "type": "k",
      "color": "b"
    },
    {
      "square": "a5",
      "type": "p",
      "color": "w"
    },
    {
      "square": "e5",
      "type": "p",
      "color": "b"
    },
    {
      "square": "h5",
      "type": "p",
      "color": "b"
    },
    {
      "square": "b4",
      "type": "p",
      "color": "w"
    },
    {
      "square": "e4",
      "type": "n",
      "color": "b"
    },
    {
      "square": "f4",
      "type": "b",
      "color": "b"
    },
    {
      "square": "h4",
      "type": "p",
      "color": "w"
    },
    {
      "square": "e2",
      "type": "k",
      "color": "w"
    }
  ],
  "nextTurn": "w"
}