{
  "event": "World Cup",
  "site": "Khanty-Mansiysk RUS",
  "date": "2019.10.04",
  "eventDate": "2019.09.10",
  "dateMillis": 1570118400000,
  "eventDateMillis": 1568044800000,
  "round": "7.5",
  "result": "1/2-1/2",
  "white": "Teimour Radjabov",
  "black": "Ding Liren",
  "isDingWin": false,
  "isDraw": true,
  "isDingBlack": true,
  "moves": [
    "Bc4",
    "Kg7",
    "Bd6",
    "Ne8",
    "Bb8",
    "Bd8",
    "Be5+",
    "Bf6",
    "Bb8",
    "Bd8",
    "Bf4",
    "Bc7",
    "Be3",
    "Nd6",
    "Bd4+",
    "f6",
    "Bd3",
    "Nb7",
    "Bc2",
    "Nd8",
    "Be4",
    "Ne6",
    "Be3",
    "f5",
    "Bc6",
    "Kf6",
    "Kg2",
    "g5",
    "Bd7",
    "Nf4+",
    "Bxf4",
    "Bxf4"
  ],
  "statePieceCount": 12,
  "endPieceCount": 10,
  "boardState": [
    {
      "square": "c7",
      "type": "n",
      "color": "b"
    },
    {
      "square": "f7",
      "type": "p",
      "color": "b"
    },
    {
      "square": "h7",
      "type": "k",
      "color": "b"
    },
    {
      "square": "b6",
      "type": "p",
      "color": "b"
    },
    {
      "square": "f6",
      "type": "b",
      "color": "b"
    },
    {
      "square": "g6",
      "type": "p",
      "color": "b"
    },
    {
      "square": "a4",
      "type": "p",
      "color": "w"
    },
    {
      "square": "b4",
      "type": "b",
      "color": "w"
    },
    {
      "square": "h3",
      "type": "p",
      "color": "w"
    },
    {
      "square": "f2",
      "type": "p",
      "color": "w"
    },
    {
      "square": "f1",
      "type": "b",
      "color": "w"
    },
    {
      "square": "g1",
      "type": "k",
      "color": "w"
    }
  ],
  "nextTurn": "w"
}