{
  "event": "World Cup",
  "site": "Khanty-Mansiysk RUS",
  "date": "2019.09.18",
  "eventDate": "2019.09.10",
  "dateMillis": 1568736000000,
  "eventDateMillis": 1568044800000,
  "round": "3.3",
  "result": "1-0",
  "white": "Ding Liren",
  "black": "Alireza Firouzja",
  "isDingWin": true,
  "isDraw": false,
  "isDingBlack": false,
  "moves": [
    "Kf6",
    "Kf3",
    "Rd6",
    "Kg4",
    "Rc6",
    "h4",
    "Rd6",
    "b3",
    "Kg6",
    "a4",
    "Kf6",
    "Kf3",
    "Rc6",
    "Ke4",
    "Rd6",
    "Rh5",
    "Kg6",
    "Rg5+",
    "Kf6",
    "Rb5",
    "Rc6",
    "f5",
    "exf5+",
    "Rxf5+",
    "Kg6",
    "h5+",
    "Kh6",
    "Kd4",
    "Kg7",
    "Rg5+",
    "Kh6",
    "Rd5",
    "Kg7",
    "Rd7+",
    "Kh6",
    "Rb7",
    "Rf6",
    "Kc4",
    "Rf4+",
    "Kb5",
    "Kxh5",
    "Rxh7+",
    "Kg5",
    "Rb7",
    "Rb4+",
    "Ka6",
    "Rxb3",
    "Rxb6",
    "Rd3",
    "Kxa5",
    "Kf5",
    "Ka6",
    "Ke5",
    "a5",
    "Rd7",
    "Rc6",
    "Kd5",
    "Kb6",
    "Rd8",
    "a6",
    "Rb8+",
    "Kc7",
    "Ra8",
    "Kb7"
  ],
  "statePieceCount": 12,
  "endPieceCount": 5,
  "boardState": [
    {
      "square": "e7",
      "type": "k",
      "color": "b"
    },
    {
      "square": "h7",
      "type": "p",
      "color": "b"
    },
    {
      "square": "b6",
      "type": "p",
      "color": "b"
    },
    {
      "square": "c6",
      "type": "r",
      "color": "b"
    },
    {
      "square": "e6",
      "type": "p",
      "color": "b"
    },
    {
      "square": "a5",
      "type": "p",
      "color": "b"
    },
    {
      "square": "b5",
      "type": "r",
      "color": "w"
    },
    {
      "square": "e4",
      "type": "k",
      "color": "w"
    },
    {
      "square": "f4",
      "type": "p",
      "color": "w"
    },
    {
      "square": "h3",
      "type": "p",
      "color": "w"
    },
    {
      "square": "a2",
      "type": "p",
      "color": "w"
    },
    {
      "square": "b2",
      "type": "p",
      "color": "w"
    }
  ]
}