{
  "event": "GCT Kolkata Rapid & Blitz",
  "site": "Kolkata IND",
  "date": "2019.11.25",
  "eventDate": "2019.11.25",
  "dateMillis": 1574611200000,
  "eventDateMillis": 1574611200000,
  "round": "9.4",
  "result": "1/2-1/2",
  "white": "Ding Liren",
  "black": "Viswanathan Anand",
  "isDingWin": false,
  "isDraw": true,
  "isDingBlack": false,
  "moves": [
    "bxa4",
    "d6",
    "Nc6",
    "Kd3",
    "Na5",
    "Kc3",
    "Nb7",
    "Kb4",
    "Nxd6",
    "Kxa4",
    "Nf7",
    "Kb5",
    "Ng5",
    "f4",
    "Ne6",
    "f5",
    "gxf5",
    "gxf5",
    "Ng7"
  ],
  "statePieceCount": 12,
  "endPieceCount": 7,
  "boardState": [
    {
      "square": "d7",
      "type": "k",
      "color": "b"
    },
    {
      "square": "e7",
      "type": "n",
      "color": "b"
    },
    {
      "square": "f6",
      "type": "p",
      "color": "b"
    },
    {
      "square": "g6",
      "type": "p",
      "color": "b"
    },
    {
      "square": "b5",
      "type": "p",
      "color": "b"
    },
    {
      "square": "c5",
      "type": "b",
      "color": "w"
    },
    {
      "square": "d5",
      "type": "p",
      "color": "w"
    },
    {
      "square": "a4",
      "type": "p",
      "color": "w"
    },
    {
      "square": "d4",
      "type": "p",
      "color": "w"
    },
    {
      "square": "e4",
      "type": "k",
      "color": "w"
    },
    {
      "square": "g4",
      "type": "p",
      "color": "w"
    },
    {
      "square": "f3",
      "type": "p",
      "color": "w"
    }
  ]
}