{
  "event": "GCT Kolkata Rapid & Blitz",
  "site": "Kolkata IND",
  "date": "2019.11.26",
  "eventDate": "2019.11.25",
  "dateMillis": 1574697600000,
  "eventDateMillis": 1574611200000,
  "round": "11.1",
  "result": "1/2-1/2",
  "white": "Vidit Santosh Gujrathi",
  "black": "Ding Liren",
  "isDingWin": false,
  "isDraw": true,
  "isDingBlack": true,
  "moves": [
    "Rxa7",
    "h5",
    "Kf1",
    "g5",
    "Ke2",
    "Kg7",
    "Ke3",
    "Kg6",
    "Rc7",
    "Be6",
    "Ke4",
    "Kg7",
    "h4",
    "Kg6",
    "Rc5",
    "Bg4",
    "f4",
    "gxh4",
    "gxh4",
    "Kg7",
    "Kd4",
    "Kg6",
    "Kc3",
    "Bf5",
    "Kb4",
    "Be6",
    "Kb5",
    "Bf5",
    "Kc6",
    "Be4+",
    "Kd6",
    "Bf5",
    "Ke7",
    "Be4",
    "Ra5",
    "Bd3",
    "Ra3",
    "Be4",
    "Ra5",
    "Bd3",
    "Kd6",
    "Be4",
    "Rc5",
    "Bd3",
    "Kd5",
    "Bb1",
    "Kd4",
    "Bf5",
    "Ra5",
    "Bc2",
    "Ke3",
    "Bf5",
    "Rb5",
    "Bc2",
    "Rc5",
    "Bf5",
    "Kd4",
    "Bb1",
    "Rc1",
    "Ba2",
    "Ke4",
    "Be6",
    "Rg1+",
    "Bg4",
    "Rg3",
    "Kg7",
    "f5",
    "Kf8",
    "Kf4",
    "Ke7",
    "Rb3",
    "Kf8",
    "Rb6",
    "Ke7",
    "Ke4",
    "Bh3",
    "Ra6",
    "Bg4",
    "Ra7+",
    "Kf8",
    "Ra5",
    "Ke7",
    "Kd4",
    "Bh3",
    "Kc4",
    "Bg4",
    "Rc5",
    "Kd6",
    "Rd5+",
    "Ke7",
    "Kc5",
    "Bh3",
    "Kb6",
    "Bg2",
    "Rd3",
    "Kf8",
    "Kc7",
    "Be4",
    "Re3",
    "Bxf5",
    "Rf3",
    "Bg4",
    "Rxf6",
    "Kg7",
    "Rf4",
    "f6",
    "Kd6",
    "Kf7",
    "Rf2",
    "Bh3",
    "Kd5",
    "Bg4",
    "Ke4",
    "Ke7",
    "Rb2",
    "Kf7",
    "Kf4",
    "Bh3",
    "Rb5",
    "Bg4",
    "Ke3",
    "Ke7",
    "Kd4",
    "Kf7",
    "Ra5",
    "Ke7",
    "Kd5",
    "Kf7",
    "Ra7+",
    "Kf8",
    "Kd6",
    "Bh3",
    "Re7",
    "Bg4",
    "Re3",
    "Kf7",
    "Kd5",
    "Kf8",
    "Ke4",
    "Kf7",
    "Kf4",
    "Be6",
    "Rc3",
    "Bg4",
    "Rc5",
    "Kf8",
    "Ke4",
    "Kf7",
    "Ra5",
    "Kf8",
    "Kd5",
    "Kf7",
    "Kd6",
    "Kf8",
    "Ra7",
    "Bh3",
    "Re7",
    "Bg4",
    "Re4",
    "Bh3"
  ],
  "statePieceCount": 12,
  "endPieceCount": 7,
  "boardState": [
    {
      "square": "g8",
      "type": "k",
      "color": "b"
    },
    {
      "square": "a7",
      "type": "p",
      "color": "b"
    },
    {
      "square": "f7",
      "type": "p",
      "color": "b"
    },
    {
      "square": "h7",
      "type": "p",
      "color": "b"
    },
    {
      "square": "f6",
      "type": "p",
      "color": "b"
    },
    {
      "square": "g6",
      "type": "p",
      "color": "b"
    },
    {
      "square": "b3",
      "type": "b",
      "color": "b"
    },
    {
      "square": "g3",
      "type": "p",
      "color": "w"
    },
    {
      "square": "f2",
      "type": "p",
      "color": "w"
    },
    {
      "square": "h2",
      "type": "p",
      "color": "w"
    },
    {
      "square": "a1",
      "type": "r",
      "color": "w"
    },
    {
      "square": "g1",
      "type": "k",
      "color": "w"
    }
  ],
  "nextTurn": "w"
}