{
  "event": "London Chess Classic GCT Finals",
  "site": "London ENG",
  "date": "2019.12.08",
  "eventDate": "2019.12.02",
  "dateMillis": 1575734400000,
  "eventDateMillis": 1575216000000,
  "round": "2.6",
  "result": "1-0",
  "white": "Maxime Vachier-Lagrave",
  "black": "Ding Liren",
  "isDingWin": false,
  "isDraw": false,
  "isDingBlack": true,
  "moves": [
    "Bxc3",
    "Rb3",
    "Rxe1+",
    "Rxe1",
    "Bxe1",
    "Kxe1",
    "Be4",
    "Rb5",
    "Bf5",
    "Kf2",
    "g5",
    "Rb6+",
    "Kg7",
    "hxg5",
    "h4",
    "Rh6",
    "h3",
    "Kg3",
    "Bd7",
    "Rf6",
    "Bc8",
    "Rf2",
    "Kg6",
    "Kh4",
    "Bf5",
    "Re2",
    "Bd7",
    "Rd2",
    "Bf5",
    "Rd6+",
    "Kg7",
    "Kg3",
    "Bc8",
    "Rh6",
    "Bf5",
    "Kf4",
    "Bd7",
    "Ke5",
    "Bg4",
    "Rh4",
    "Bd7",
    "Ke4",
    "Kg6",
    "Kf4",
    "Kg7",
    "Rh6",
    "Bc8",
    "Rd6",
    "Kf7"
  ],
  "statePieceCount": 12,
  "endPieceCount": 6,
  "boardState": [
    {
      "square": "e8",
      "type": "r",
      "color": "w"
    },
    {
      "square": "b7",
      "type": "r",
      "color": "w"
    },
    {
      "square": "f6",
      "type": "k",
      "color": "b"
    },
    {
      "square": "g6",
      "type": "p",
      "color": "b"
    },
    {
      "square": "h5",
      "type": "p",
      "color": "b"
    },
    {
      "square": "d4",
      "type": "b",
      "color": "b"
    },
    {
      "square": "h4",
      "type": "p",
      "color": "w"
    },
    {
      "square": "c3",
      "type": "p",
      "color": "w"
    },
    {
      "square": "d3",
      "type": "b",
      "color": "b"
    },
    {
      "square": "d1",
      "type": "k",
      "color": "w"
    },
    {
      "square": "e1",
      "type": "b",
      "color": "w"
    },
    {
      "square": "h1",
      "type": "r",
      "color": "b"
    }
  ],
  "nextTurn": "b"
}