{
  "event": "Yinzhou Cup",
  "site": "Ningbo CHN",
  "date": "2019.12.22",
  "eventDate": "2019.12.22",
  "dateMillis": 1576944000000,
  "eventDateMillis": 1576944000000,
  "round": "1.2",
  "result": "1/2-1/2",
  "white": "Bu Xiangzhi",
  "black": "Ding Liren",
  "isDingWin": false,
  "isDraw": true,
  "isDingBlack": true,
  "moves": [
    "Ba4",
    "Ne3",
    "Ke2",
    "Ng4",
    "g3",
    "Nxh2",
    "Be8",
    "Kxe5",
    "Bxf7",
    "Kf5",
    "a4",
    "Ng4",
    "a5",
    "Ne5",
    "Be8",
    "Kg4",
    "Kf2",
    "Nd3+",
    "Ke3",
    "Nc5",
    "Kf2",
    "Ne4+",
    "Kg2",
    "Kf5",
    "a6",
    "g4",
    "Bb5",
    "Ke5",
    "Bc4",
    "Kd6",
    "Be2",
    "Nf6",
    "Kf2",
    "Ke5",
    "Ke3",
    "Ne4",
    "Bxg4",
    "Nxg3",
    "Kd3",
    "Ne4",
    "Kc4",
    "Kd6",
    "Be2",
    "Nc5",
    "Kd4",
    "e5+",
    "Ke3",
    "Kc6",
    "Bf1",
    "Kb6",
    "Be2",
    "Kc6",
    "Bc4",
    "Kd6",
    "Kf3",
    "Ke7",
    "Ke3",
    "Kf6",
    "Kf3",
    "Kf5",
    "Ke3",
    "e4",
    "Kd4",
    "Nd7",
    "Bf1",
    "Kf4",
    "Kd5",
    "Nb8",
    "Kd6",
    "e3",
    "Kc7",
    "Nxa6+",
    "Bxa6",
    "Kf3",
    "Kb7",
    "e2",
    "Bxe2+",
    "Kxe2",
    "Kxa7"
  ],
  "statePieceCount": 12,
  "endPieceCount": 2,
  "boardState": [
    {
      "square": "a7",
      "type": "p",
      "color": "b"
    },
    {
      "square": "f7",
      "type": "p",
      "color": "b"
    },
    {
      "square": "e6",
      "type": "p",
      "color": "b"
    },
    {
      "square": "e5",
      "type": "p",
      "color": "w"
    },
    {
      "square": "f5",
      "type": "n",
      "color": "b"
    },
    {
      "square": "g5",
      "type": "p",
      "color": "b"
    },
    {
      "square": "d4",
      "type": "k",
      "color": "b"
    },
    {
      "square": "b3",
      "type": "b",
      "color": "w"
    },
    {
      "square": "a2",
      "type": "p",
      "color": "w"
    },
    {
      "square": "d2",
      "type": "k",
      "color": "w"
    },
    {
      "square": "g2",
      "type": "p",
      "color": "w"
    },
    {
      "square": "h2",
      "type": "p",
      "color": "w"
    }
  ]
}