{
  "event": "Yinzhou Cup",
  "site": "Ningbo CHN",
  "date": "2019.12.23",
  "eventDate": "2019.12.22",
  "dateMillis": 1577030400000,
  "eventDateMillis": 1576944000000,
  "round": "5.3",
  "result": "1/2-1/2",
  "white": "Ding Liren",
  "black": "Yu Yangyi",
  "isDingWin": false,
  "isDraw": true,
  "isDingBlack": false,
  "moves": [
    "c7",
    "Kf8",
    "Be2",
    "a4",
    "Bd3",
    "g5",
    "Rxa4",
    "Rxc7",
    "Ra6",
    "Re7",
    "f3",
    "Kg7",
    "g4",
    "Bf7",
    "Kg3",
    "Rd7",
    "Be4",
    "Rc7",
    "Rb6",
    "Ra7",
    "Rb7",
    "Rxb7",
    "Bxb7",
    "h5",
    "gxh5",
    "Bxh5",
    "f4",
    "gxf4+",
    "Kxf4"
  ],
  "statePieceCount": 12,
  "endPieceCount": 4,
  "boardState": [
    {
      "square": "g8",
      "type": "k",
      "color": "b"
    },
    {
      "square": "a7",
      "type": "r",
      "color": "w"
    },
    {
      "square": "c6",
      "type": "p",
      "color": "w"
    },
    {
      "square": "e6",
      "type": "b",
      "color": "b"
    },
    {
      "square": "g6",
      "type": "p",
      "color": "b"
    },
    {
      "square": "h6",
      "type": "p",
      "color": "b"
    },
    {
      "square": "a5",
      "type": "p",
      "color": "b"
    },
    {
      "square": "c5",
      "type": "r",
      "color": "b"
    },
    {
      "square": "f3",
      "type": "b",
      "color": "w"
    },
    {
      "square": "f2",
      "type": "p",
      "color": "w"
    },
    {
      "square": "g2",
      "type": "p",
      "color": "w"
    },
    {
      "square": "h2",
      "type": "k",
      "color": "w"
    }
  ],
  "nextTurn": "w"
}