{
  "event": "Magnus Carlsen Invitational",
  "site": "chess24.com INT",
  "date": "2020.04.23",
  "eventDate": "2020.04.18",
  "dateMillis": 1587571200000,
  "eventDateMillis": 1587139200000,
  "round": "3.2",
  "result": "1/2-1/2",
  "white": "Ding Liren",
  "black": "Maxime Vachier-Lagrave",
  "isDingWin": false,
  "isDraw": true,
  "isDingBlack": false,
  "moves": [
    "Nh3",
    "g6",
    "fxg6",
    "Bd1",
    "Ke7",
    "Bxb3",
    "Ng5",
    "Bc2",
    "Nf7",
    "Kd4",
    "Nh6",
    "Bd1",
    "Kd7",
    "Bf3",
    "g5",
    "b4",
    "Kc7",
    "Bd1",
    "Kb6",
    "Be2",
    "Kc6",
    "Bc4",
    "Nxg4",
    "Bxe6",
    "Nxe5",
    "Kxe5",
    "Kb5",
    "Kf5",
    "Kxb4",
    "Kxg5",
    "g6",
    "Kxg6"
  ],
  "statePieceCount": 12,
  "endPieceCount": 3,
  "boardState": [
    {
      "square": "f8",
      "type": "k",
      "color": "b"
    },
    {
      "square": "f7",
      "type": "p",
      "color": "b"
    },
    {
      "square": "g7",
      "type": "p",
      "color": "b"
    },
    {
      "square": "e6",
      "type": "p",
      "color": "b"
    },
    {
      "square": "e5",
      "type": "p",
      "color": "w"
    },
    {
      "square": "g5",
      "type": "p",
      "color": "w"
    },
    {
      "square": "f4",
      "type": "n",
      "color": "b"
    },
    {
      "square": "g4",
      "type": "p",
      "color": "w"
    },
    {
      "square": "b3",
      "type": "p",
      "color": "b"
    },
    {
      "square": "e3",
      "type": "k",
      "color": "w"
    },
    {
      "square": "f3",
      "type": "b",
      "color": "w"
    },
    {
      "square": "b2",
      "type": "p",
      "color": "w"
    }
  ],
  "nextTurn": "b"
}