{
  "event": "Magnus Carlsen Invitational",
  "site": "chess24.com INT",
  "date": "2020.04.27",
  "eventDate": "2020.04.18",
  "dateMillis": 1587916800000,
  "eventDateMillis": 1587139200000,
  "round": "5.4",
  "result": "1-0",
  "white": "Ding Liren",
  "black": "Ian Nepomniachtchi",
  "isDingWin": true,
  "isDraw": false,
  "isDingBlack": false,
  "moves": [
    "Rc7+",
    "Kg6",
    "Rc6+",
    "Kf7",
    "Rxh6",
    "Re2",
    "Rd6",
    "Re3",
    "Kh4",
    "Be2",
    "g4",
    "Rf3",
    "Rd4",
    "Rf2",
    "Kg5"
  ],
  "statePieceCount": 12,
  "endPieceCount": 11,
  "boardState": [
    {
      "square": "e8",
      "type": "r",
      "color": "b"
    },
    {
      "square": "g7",
      "type": "k",
      "color": "b"
    },
    {
      "square": "a6",
      "type": "p",
      "color": "b"
    },
    {
      "square": "h6",
      "type": "p",
      "color": "b"
    },
    {
      "square": "b4",
      "type": "b",
      "color": "w"
    },
    {
      "square": "f4",
      "type": "p",
      "color": "w"
    },
    {
      "square": "g4",
      "type": "k",
      "color": "w"
    },
    {
      "square": "b3",
      "type": "p",
      "color": "w"
    },
    {
      "square": "d3",
      "type": "b",
      "color": "b"
    },
    {
      "square": "g3",
      "type": "p",
      "color": "w"
    },
    {
      "square": "a2",
      "type": "p",
      "color": "w"
    },
    {
      "square": "c2",
      "type": "r",
      "color": "w"
    }
  ]
}