{
  "event": "FIDE Chess.com Online Nations Cup",
  "site": "chess.com INT",
  "date": "2020.05.07",
  "eventDate": "2020.05.05",
  "dateMillis": 1588780800000,
  "eventDateMillis": 1588608000000,
  "round": "6.2",
  "result": "0-1",
  "white": "Teimour Radjabov",
  "black": "Ding Liren",
  "isDingWin": true,
  "isDraw": false,
  "isDingBlack": true,
  "moves": [
    "Kf6",
    "Kd3",
    "Ke7",
    "Ke3",
    "Kd6",
    "Kf2",
    "fxg4",
    "hxg4",
    "Kd5",
    "Ke3",
    "e5"
  ],
  "statePieceCount": 12,
  "endPieceCount": 10,
  "boardState": [
    {
      "square": "b6",
      "type": "p",
      "color": "b"
    },
    {
      "square": "e6",
      "type": "p",
      "color": "b"
    },
    {
      "square": "g6",
      "type": "k",
      "color": "b"
    },
    {
      "square": "a5",
      "type": "p",
      "color": "b"
    },
    {
      "square": "f5",
      "type": "p",
      "color": "b"
    },
    {
      "square": "g5",
      "type": "p",
      "color": "b"
    },
    {
      "square": "a4",
      "type": "p",
      "color": "w"
    },
    {
      "square": "d4",
      "type": "p",
      "color": "w"
    },
    {
      "square": "g4",
      "type": "p",
      "color": "w"
    },
    {
      "square": "b3",
      "type": "p",
      "color": "w"
    },
    {
      "square": "h3",
      "type": "p",
      "color": "w"
    },
    {
      "square": "c2",
      "type": "k",
      "color": "w"
    }
  ],
  "nextTurn": "b"
}