{
  "event": "Magnus Carlsen Invitational",
  "site": "chess24.com INT",
  "date": "2020.04.27",
  "eventDate": "2020.04.18",
  "dateMillis": 1587916800000,
  "eventDateMillis": 1587139200000,
  "round": "5.1",
  "result": "1/2-1/2",
  "white": "Ian Nepomniachtchi",
  "black": "Ding Liren",
  "isDingWin": false,
  "isDraw": true,
  "isDingBlack": true,
  "moves": [
    "Re8+",
    "Kf7",
    "Rc8",
    "Rxc5",
    "dxc5",
    "Bf4",
    "c6",
    "Ke7",
    "Nb6",
    "Kd6",
    "Ka2",
    "Be5",
    "Nxa4",
    "Rg4",
    "Ka3",
    "Rc4",
    "Nb6",
    "Rxc6",
    "Nc4+",
    "Kd5",
    "Ne3+",
    "Kd6",
    "Nc4+",
    "Kd5",
    "Rxc6",
    "Bxb2+",
    "Kxb2",
    "Kxc6",
    "Ne3",
    "g5",
    "Kc3",
    "g4",
    "Nxg4"
  ],
  "statePieceCount": 12,
  "endPieceCount": 3,
  "boardState": [
    {
      "square": "g8",
      "type": "k",
      "color": "b"
    },
    {
      "square": "c7",
      "type": "b",
      "color": "b"
    },
    {
      "square": "g7",
      "type": "p",
      "color": "b"
    },
    {
      "square": "c6",
      "type": "r",
      "color": "b"
    },
    {
      "square": "g6",
      "type": "r",
      "color": "b"
    },
    {
      "square": "c5",
      "type": "r",
      "color": "w"
    },
    {
      "square": "a4",
      "type": "p",
      "color": "b"
    },
    {
      "square": "c4",
      "type": "n",
      "color": "w"
    },
    {
      "square": "d4",
      "type": "p",
      "color": "w"
    },
    {
      "square": "e4",
      "type": "r",
      "color": "w"
    },
    {
      "square": "b2",
      "type": "p",
      "color": "w"
    },
    {
      "square": "b1",
      "type": "k",
      "color": "w"
    }
  ],
  "nextTurn": "w"
}