{
  "event": "FIDE Chess.com Online Nations Cup",
  "site": "chess.com INT",
  "date": "2020.05.08",
  "eventDate": "2020.05.05",
  "dateMillis": 1588867200000,
  "eventDateMillis": 1588608000000,
  "round": "7.3",
  "result": "1/2-1/2",
  "white": "Ding Liren",
  "black": "Maxime Vachier-Lagrave",
  "isDingWin": false,
  "isDraw": true,
  "isDingBlack": false,
  "moves": [
    "Qf3",
    "Qxd2",
    "Kxh3",
    "Qb4",
    "Qe3",
    "Qb5",
    "Qf3",
    "Qb4",
    "Qe3",
    "Qb5",
    "Qf3",
    "Qb4"
  ],
  "statePieceCount": 12,
  "endPieceCount": 10,
  "boardState": [
    {
      "square": "g7",
      "type": "p",
      "color": "b"
    },
    {
      "square": "h7",
      "type": "k",
      "color": "b"
    },
    {
      "square": "f6",
      "type": "p",
      "color": "b"
    },
    {
      "square": "d5",
      "type": "q",
      "color": "w"
    },
    {
      "square": "f5",
      "type": "p",
      "color": "w"
    },
    {
      "square": "h4",
      "type": "p",
      "color": "b"
    },
    {
      "square": "b3",
      "type": "p",
      "color": "w"
    },
    {
      "square": "h3",
      "type": "n",
      "color": "b"
    },
    {
      "square": "d2",
      "type": "b",
      "color": "w"
    },
    {
      "square": "f2",
      "type": "q",
      "color": "b"
    },
    {
      "square": "g2",
      "type": "p",
      "color": "w"
    },
    {
      "square": "h2",
      "type": "k",
      "color": "w"
    }
  ]
}