{
  "event": "Magnus Carlsen Invitational",
  "site": "chess24.com INT",
  "date": "2020.04.25",
  "eventDate": "2020.04.18",
  "dateMillis": 1587744000000,
  "eventDateMillis": 1587139200000,
  "round": "4.5",
  "result": "1/2-1/2",
  "white": "Anish Giri",
  "black": "Ding Liren",
  "isDingWin": false,
  "isDraw": true,
  "isDingBlack": true,
  "moves": [
    "Rh4",
    "Ke7",
    "Rxa4",
    "Rd5",
    "Re4+",
    "Kd7",
    "Ree8",
    "Rf1+",
    "Ka2",
    "Rf2",
    "Rd8+",
    "Ke7",
    "Rge8+",
    "Kf7",
    "Rf8+",
    "Ke7",
    "Rfe8+",
    "Kf7",
    "Rf8+",
    "Ke7",
    "Rxd5",
    "Rxf8",
    "Rxa5",
    "Kd6",
    "Rh5",
    "Rf3",
    "c3",
    "c5",
    "Kb3",
    "Rf4",
    "Rh6+",
    "Kd7",
    "Rh7+",
    "Kc6",
    "Rh8",
    "Kb6",
    "Rb8+",
    "Kc6",
    "Ra8",
    "Kb6",
    "Ra1",
    "Kc6",
    "Re1",
    "Kb6"
  ],
  "statePieceCount": 12,
  "endPieceCount": 8,
  "boardState": [
    {
      "square": "g8",
      "type": "r",
      "color": "w"
    },
    {
      "square": "c7",
      "type": "p",
      "color": "b"
    },
    {
      "square": "f7",
      "type": "r",
      "color": "b"
    },
    {
      "square": "c6",
      "type": "p",
      "color": "b"
    },
    {
      "square": "d6",
      "type": "r",
      "color": "b"
    },
    {
      "square": "f6",
      "type": "k",
      "color": "b"
    },
    {
      "square": "a5",
      "type": "p",
      "color": "b"
    },
    {
      "square": "a4",
      "type": "p",
      "color": "b"
    },
    {
      "square": "b2",
      "type": "p",
      "color": "w"
    },
    {
      "square": "c2",
      "type": "p",
      "color": "w"
    },
    {
      "square": "b1",
      "type": "k",
      "color": "w"
    },
    {
      "square": "h1",
      "type": "r",
      "color": "w"
    }
  ]
}