{
  "event": "Magnus Carlsen Invitational",
  "site": "chess24.com INT",
  "date": "2020.04.18",
  "eventDate": "2020.04.18",
  "dateMillis": 1587139200000,
  "eventDateMillis": 1587139200000,
  "round": "1.2",
  "result": "0-1",
  "white": "Alireza Firouzja",
  "black": "Ding Liren",
  "isDingWin": true,
  "isDraw": false,
  "isDingBlack": true,
  "moves": [
    "Qb4+",
    "Kd4",
    "Qd2+",
    "Kc5",
    "Rb5+",
    "Kxc4",
    "Qc2+",
    "Kd4",
    "Qxc7",
    "Rxc7",
    "Rxf5"
  ],
  "statePieceCount": 12,
  "endPieceCount": 8,
  "boardState": [
    {
      "square": "b8",
      "type": "r",
      "color": "b"
    },
    {
      "square": "f8",
      "type": "q",
      "color": "b"
    },
    {
      "square": "g8",
      "type": "k",
      "color": "b"
    },
    {
      "square": "c7",
      "type": "q",
      "color": "w"
    },
    {
      "square": "d7",
      "type": "r",
      "color": "w"
    },
    {
      "square": "f7",
      "type": "p",
      "color": "b"
    },
    {
      "square": "g7",
      "type": "p",
      "color": "b"
    },
    {
      "square": "a6",
      "type": "p",
      "color": "b"
    },
    {
      "square": "f5",
      "type": "p",
      "color": "w"
    },
    {
      "square": "h5",
      "type": "p",
      "color": "w"
    },
    {
      "square": "c4",
      "type": "p",
      "color": "b"
    },
    {
      "square": "c3",
      "type": "k",
      "color": "w"
    }
  ]
}