{
  "event": "Lindores Abbey Rapid Challenge",
  "site": "chess24.com INT",
  "date": "2020.05.23",
  "eventDate": "2020.05.23",
  "dateMillis": 1590163200000,
  "eventDateMillis": 1590163200000,
  "round": "1.15",
  "result": "1-0",
  "white": "Yu Yangyi",
  "black": "Ding Liren",
  "isDingWin": false,
  "isDraw": false,
  "isDingBlack": true,
  "moves": [
    "Re2+",
    "Kf1",
    "Rf2+",
    "Ke1",
    "Rb2",
    "Rg5",
    "Ra2",
    "Rg8+",
    "Ke7",
    "Bf7",
    "Kxf7",
    "Rxg4",
    "Rxa4",
    "Rf4+",
    "Ke6",
    "Kd1",
    "Ra1+",
    "Kc2",
    "a4",
    "Kd3",
    "a3",
    "Re4+",
    "Kd6",
    "Re2",
    "a2",
    "Ke4"
  ],
  "statePieceCount": 12,
  "endPieceCount": 9,
  "boardState": [
    {
      "square": "d8",
      "type": "k",
      "color": "b"
    },
    {
      "square": "e7",
      "type": "r",
      "color": "b"
    },
    {
      "square": "a5",
      "type": "p",
      "color": "b"
    },
    {
      "square": "c5",
      "type": "p",
      "color": "b"
    },
    {
      "square": "d5",
      "type": "b",
      "color": "w"
    },
    {
      "square": "h5",
      "type": "r",
      "color": "w"
    },
    {
      "square": "a4",
      "type": "p",
      "color": "w"
    },
    {
      "square": "c4",
      "type": "p",
      "color": "w"
    },
    {
      "square": "d4",
      "type": "b",
      "color": "b"
    },
    {
      "square": "g4",
      "type": "p",
      "color": "b"
    },
    {
      "square": "g3",
      "type": "p",
      "color": "w"
    },
    {
      "square": "g2",
      "type": "k",
      "color": "w"
    }
  ],
  "nextTurn": "b"
}