{
  "event": "Lindores Abbey Rapid Challenge",
  "site": "chess24.com INT",
  "date": "2020.05.29",
  "eventDate": "2020.05.19",
  "dateMillis": 1590681600000,
  "eventDateMillis": 1589817600000,
  "round": "2.22",
  "result": "1-0",
  "white": "Daniil Dubov",
  "black": "Ding Liren",
  "isDingWin": false,
  "isDraw": false,
  "isDingBlack": true,
  "moves": [
    "Kd1",
    "Qf3+",
    "Kc2",
    "Qxe4+",
    "Qd3",
    "Qa4+",
    "Kxc3",
    "Qa3+",
    "Kd2",
    "Qa5+",
    "Kd1",
    "Qh5+",
    "Ke1",
    "Qe5+",
    "Kf1",
    "Qa1+",
    "Kg2"
  ],
  "statePieceCount": 12,
  "endPieceCount": 10,
  "boardState": [
    {
      "square": "e8",
      "type": "k",
      "color": "b"
    },
    {
      "square": "d7",
      "type": "r",
      "color": "w"
    },
    {
      "square": "h7",
      "type": "p",
      "color": "b"
    },
    {
      "square": "c6",
      "type": "p",
      "color": "b"
    },
    {
      "square": "d6",
      "type": "q",
      "color": "w"
    },
    {
      "square": "e6",
      "type": "p",
      "color": "b"
    },
    {
      "square": "f6",
      "type": "p",
      "color": "b"
    },
    {
      "square": "e4",
      "type": "p",
      "color": "w"
    },
    {
      "square": "c3",
      "type": "p",
      "color": "b"
    },
    {
      "square": "e3",
      "type": "q",
      "color": "b"
    },
    {
      "square": "g3",
      "type": "p",
      "color": "w"
    },
    {
      "square": "e1",
      "type": "k",
      "color": "w"
    }
  ]
}