{
  "event": "Lindores Abbey Rapid Challenge",
  "site": "chess24.com INT",
  "date": "2020.05.28",
  "eventDate": "2020.05.23",
  "dateMillis": 1590595200000,
  "eventDateMillis": 1590163200000,
  "round": "2.14",
  "result": "0-1",
  "white": "Ding Liren",
  "black": "Daniil Dubov",
  "isDingWin": false,
  "isDraw": false,
  "isDingBlack": false,
  "moves": [
    "Rxe2",
    "Rb6",
    "Re7",
    "h4",
    "Kg8",
    "h5",
    "Kf7",
    "Kf3",
    "Ke8",
    "Kf4",
    "Rf7",
    "Ke5",
    "Kd8",
    "Rb1",
    "Kc7",
    "Rc1+",
    "Kd7",
    "Rd1+",
    "Kc6",
    "Rc1+",
    "Kb5",
    "Rb1+",
    "Kc4",
    "Rc1+",
    "Kd3",
    "Rb1",
    "Kc4",
    "Rc1+",
    "Kd3",
    "Rb1",
    "Ke2",
    "Ke6",
    "Rf6+",
    "Ke5",
    "b6",
    "f4",
    "Kf3",
    "Rc1",
    "b5",
    "Rb1",
    "Rb6",
    "Kxf5",
    "Kxg3",
    "Rg1+",
    "Kf2",
    "Rxg7",
    "b4",
    "Rd7",
    "b3",
    "Rd2+",
    "Ke3",
    "Rb2",
    "Kd3",
    "Ke5",
    "Kc3",
    "Rb1",
    "Kc2",
    "Rh1",
    "b2",
    "f5",
    "b1=Q",
    "Rxb1",
    "Rxb1",
    "f6",
    "Rf1",
    "Ke6",
    "Kd3",
    "f7",
    "Ke4",
    "Ke7",
    "Ke5",
    "Ke8",
    "Ke6",
    "f8=Q",
    "Rxf8+",
    "Kxf8",
    "Kf6",
    "Ke8",
    "Kg5",
    "Kf7",
    "Kxh5",
    "Kf6",
    "Kg4"
  ],
  "statePieceCount": 12,
  "endPieceCount": 3,
  "boardState": [
    {
      "square": "b7",
      "type": "p",
      "color": "b"
    },
    {
      "square": "e7",
      "type": "r",
      "color": "b"
    },
    {
      "square": "g7",
      "type": "p",
      "color": "b"
    },
    {
      "square": "h7",
      "type": "k",
      "color": "b"
    },
    {
      "square": "d6",
      "type": "r",
      "color": "w"
    },
    {
      "square": "h6",
      "type": "p",
      "color": "b"
    },
    {
      "square": "f5",
      "type": "p",
      "color": "b"
    },
    {
      "square": "g3",
      "type": "p",
      "color": "w"
    },
    {
      "square": "e2",
      "type": "p",
      "color": "w"
    },
    {
      "square": "f2",
      "type": "p",
      "color": "w"
    },
    {
      "square": "g2",
      "type": "k",
      "color": "w"
    },
    {
      "square": "h2",
      "type": "p",
      "color": "w"
    }
  ]
}