{
  "event": "Lindores Abbey Rapid Challenge",
  "site": "chess24.com INT",
  "date": "2020.05.29",
  "eventDate": "2020.05.19",
  "dateMillis": 1590681600000,
  "eventDateMillis": 1589817600000,
  "round": "2.23",
  "result": "1/2-1/2",
  "white": "Ding Liren",
  "black": "Daniil Dubov",
  "isDingWin": false,
  "isDraw": true,
  "isDingBlack": false,
  "moves": [
    "a4",
    "Bxc5",
    "h5",
    "f3",
    "g6",
    "g4",
    "hxg4",
    "fxg4",
    "Kh7",
    "Kg3",
    "Bd1",
    "Kf4",
    "Bb3",
    "Kg5",
    "Bd1",
    "Kf4",
    "Bb3",
    "Kg5",
    "Bd1",
    "Kf4"
  ],
  "statePieceCount": 12,
  "endPieceCount": 9,
  "boardState": [
    {
      "square": "h8",
      "type": "k",
      "color": "b"
    },
    {
      "square": "g7",
      "type": "p",
      "color": "b"
    },
    {
      "square": "h7",
      "type": "p",
      "color": "b"
    },
    {
      "square": "b6",
      "type": "b",
      "color": "w"
    },
    {
      "square": "a5",
      "type": "p",
      "color": "b"
    },
    {
      "square": "c5",
      "type": "p",
      "color": "b"
    },
    {
      "square": "h4",
      "type": "p",
      "color": "w"
    },
    {
      "square": "a3",
      "type": "p",
      "color": "w"
    },
    {
      "square": "b3",
      "type": "b",
      "color": "b"
    },
    {
      "square": "g3",
      "type": "p",
      "color": "w"
    },
    {
      "square": "f2",
      "type": "p",
      "color": "w"
    },
    {
      "square": "h2",
      "type": "k",
      "color": "w"
    }
  ]
}