{
  "event": "Lindores Abbey Rapid Challenge",
  "site": "chess24.com INT",
  "date": "2020.05.27",
  "eventDate": "2020.05.23",
  "dateMillis": 1590508800000,
  "eventDateMillis": 1590163200000,
  "round": "1.35",
  "result": "1/2-1/2",
  "white": "Yu Yangyi",
  "black": "Ding Liren",
  "isDingWin": false,
  "isDraw": true,
  "isDingBlack": true,
  "moves": [
    "Rxc8",
    "f4",
    "Ne6",
    "f5",
    "Nf8",
    "h4",
    "h6",
    "g4",
    "Nh7",
    "Kg3",
    "Nf6",
    "Qd4",
    "Rc3+",
    "Kf2",
    "Rc8",
    "g5",
    "hxg5",
    "hxg5",
    "Nh7",
    "Qe3",
    "Nf8",
    "Kg3",
    "g6",
    "f6",
    "Ne6",
    "Qe5",
    "Rd8",
    "Qb5",
    "Rc8",
    "Kg4",
    "Rd8",
    "Qb6",
    "Rc8",
    "Qb7",
    "Rd8",
    "Qh1",
    "Rf8",
    "Kg3",
    "Rd8",
    "Kg4",
    "Rf8",
    "Qb7",
    "Rd8",
    "Qe7",
    "Rf8",
    "Kg3",
    "Rd8",
    "Kg4",
    "Rf8",
    "Qd6",
    "Rd8",
    "Qe7"
  ],
  "statePieceCount": 12,
  "endPieceCount": 9,
  "boardState": [
    {
      "square": "c8",
      "type": "b",
      "color": "w"
    },
    {
      "square": "e8",
      "type": "r",
      "color": "b"
    },
    {
      "square": "g8",
      "type": "k",
      "color": "b"
    },
    {
      "square": "f7",
      "type": "p",
      "color": "b"
    },
    {
      "square": "g7",
      "type": "p",
      "color": "b"
    },
    {
      "square": "h7",
      "type": "p",
      "color": "b"
    },
    {
      "square": "d6",
      "type": "q",
      "color": "w"
    },
    {
      "square": "c5",
      "type": "n",
      "color": "b"
    },
    {
      "square": "g3",
      "type": "p",
      "color": "w"
    },
    {
      "square": "f2",
      "type": "p",
      "color": "w"
    },
    {
      "square": "g2",
      "type": "k",
      "color": "w"
    },
    {
      "square": "h2",
      "type": "p",
      "color": "w"
    }
  ],
  "nextTurn": "b"
}