{
  "event": "Chessable Masters",
  "site": "chess24.com INT",
  "date": "2020.06.26",
  "eventDate": "2020.06.25",
  "dateMillis": 1593100800000,
  "eventDateMillis": 1593014400000,
  "round": "1.11",
  "result": "1/2-1/2",
  "white": "Ding Liren",
  "black": "Hikaru Nakamura",
  "isDingWin": false,
  "isDraw": true,
  "isDingBlack": false,
  "moves": [
    "Qxe4",
    "Qe5",
    "Qxe5",
    "Bxe5",
    "Be8",
    "Kf2",
    "g5",
    "Ke3",
    "Kg6",
    "Bd6",
    "Kf5",
    "Bf8",
    "h5",
    "Be7",
    "Bc6",
    "Bd8",
    "h4",
    "Be7",
    "Kg4",
    "b5",
    "Bxb5",
    "Bd8",
    "Bc6",
    "Be7",
    "Kf5",
    "Bd8",
    "Bb7",
    "Be7",
    "Kg4",
    "Bd8",
    "Kh5",
    "Bc7",
    "Kg4",
    "Bd8",
    "Ba6",
    "Be7",
    "Bb5",
    "Bd8",
    "Be8",
    "Be7",
    "Kf5",
    "Bd8",
    "Bf7",
    "Be7",
    "Bg8",
    "Bd8",
    "Bh7",
    "Be7",
    "Bg6",
    "Bd8",
    "Bh5",
    "Be7",
    "Bd1",
    "Bd8",
    "Kg4",
    "Be7",
    "Bc2",
    "Bd8",
    "Kf5",
    "Be7",
    "Bb1",
    "Bd8",
    "Ba2",
    "Be7",
    "Bf7",
    "Bd8",
    "Be6",
    "Be7",
    "Bc8",
    "Bd8",
    "Ba6",
    "Be7",
    "Bc4",
    "Bd8",
    "Bd5",
    "Be7",
    "Bg2",
    "Bd8",
    "Ba8",
    "Be7",
    "Bb7",
    "Bd8",
    "Bc8",
    "Be7",
    "Kg6",
    "Bd8",
    "Kh5",
    "Bc7",
    "Ba6",
    "Bd6",
    "Kg4",
    "Be7",
    "Bb5"
  ],
  "statePieceCount": 12,
  "endPieceCount": 8,
  "boardState": [
    {
      "square": "e8",
      "type": "q",
      "color": "b"
    },
    {
      "square": "g7",
      "type": "p",
      "color": "b"
    },
    {
      "square": "h7",
      "type": "k",
      "color": "b"
    },
    {
      "square": "d6",
      "type": "q",
      "color": "w"
    },
    {
      "square": "h6",
      "type": "p",
      "color": "b"
    },
    {
      "square": "h5",
      "type": "b",
      "color": "b"
    },
    {
      "square": "a4",
      "type": "p",
      "color": "b"
    },
    {
      "square": "b4",
      "type": "p",
      "color": "w"
    },
    {
      "square": "d4",
      "type": "b",
      "color": "w"
    },
    {
      "square": "e4",
      "type": "p",
      "color": "w"
    },
    {
      "square": "a3",
      "type": "p",
      "color": "w"
    },
    {
      "square": "f1",
      "type": "k",
      "color": "w"
    }
  ],
  "nextTurn": "b"
}