{
  "event": "Chessable Masters",
  "site": "chess24.com INT",
  "date": "2020.06.28",
  "eventDate": "2020.06.25",
  "dateMillis": 1593273600000,
  "eventDateMillis": 1593014400000,
  "round": "1.24",
  "result": "1-0",
  "white": "Ding Liren",
  "black": "Hikaru Nakamura",
  "isDingWin": true,
  "isDraw": false,
  "isDingBlack": false,
  "moves": [
    "Rb8",
    "Rb1",
    "Re5",
    "Kg2",
    "h5",
    "Rc4",
    "Kg7",
    "Kf3",
    "f5",
    "Kf4",
    "Kf6",
    "Rd1",
    "Rb6",
    "f3",
    "Reb5",
    "Rdd4",
    "Rb8",
    "Ke3",
    "R5b6",
    "Kd3",
    "Ke6",
    "Kc3",
    "Ra6",
    "Kb3",
    "Rba8",
    "b5",
    "Ra1",
    "Rc2",
    "R1a3+",
    "Kb4",
    "R3a4+",
    "Kc5",
    "Rc8+",
    "Kb6",
    "Rxd4",
    "Rxc8",
    "Rxh4",
    "Ka5",
    "Kd7",
    "Rc5",
    "Rh1",
    "b6",
    "h4",
    "b7",
    "Ra1+",
    "Kb6",
    "Rb1+",
    "Ka7",
    "Ra1+",
    "Kb8",
    "h3",
    "Rc2",
    "Rh1",
    "Ra2",
    "Rb1",
    "Ka7"
  ],
  "statePieceCount": 12,
  "endPieceCount": 9,
  "boardState": [
    {
      "square": "f8",
      "type": "r",
      "color": "b"
    },
    {
      "square": "h8",
      "type": "k",
      "color": "b"
    },
    {
      "square": "f7",
      "type": "p",
      "color": "b"
    },
    {
      "square": "h7",
      "type": "p",
      "color": "b"
    },
    {
      "square": "e6",
      "type": "r",
      "color": "b"
    },
    {
      "square": "f6",
      "type": "p",
      "color": "b"
    },
    {
      "square": "b4",
      "type": "p",
      "color": "w"
    },
    {
      "square": "g4",
      "type": "r",
      "color": "w"
    },
    {
      "square": "h4",
      "type": "p",
      "color": "w"
    },
    {
      "square": "f2",
      "type": "p",
      "color": "w"
    },
    {
      "square": "d1",
      "type": "r",
      "color": "w"
    },
    {
      "square": "f1",
      "type": "k",
      "color": "w"
    }
  ]
}