{
  "event": "Chessable Masters",
  "site": "chess24.com INT",
  "date": "2020.06.23",
  "eventDate": "2020.06.20",
  "dateMillis": 1592841600000,
  "eventDateMillis": 1592582400000,
  "round": "7",
  "result": "1-0",
  "white": "Anish Giri",
  "black": "Ding Liren",
  "isDingWin": false,
  "isDraw": false,
  "isDingBlack": true,
  "moves": [
    "Rb5",
    "g4",
    "hxg4",
    "fxg4",
    "Rxb3",
    "h5"
  ],
  "statePieceCount": 12,
  "endPieceCount": 9,
  "boardState": [
    {
      "square": "f7",
      "type": "p",
      "color": "b"
    },
    {
      "square": "g7",
      "type": "k",
      "color": "b"
    },
    {
      "square": "d6",
      "type": "r",
      "color": "w"
    },
    {
      "square": "g6",
      "type": "p",
      "color": "b"
    },
    {
      "square": "a5",
      "type": "r",
      "color": "b"
    },
    {
      "square": "d5",
      "type": "p",
      "color": "w"
    },
    {
      "square": "h5",
      "type": "p",
      "color": "b"
    },
    {
      "square": "h4",
      "type": "p",
      "color": "w"
    },
    {
      "square": "b3",
      "type": "p",
      "color": "w"
    },
    {
      "square": "f3",
      "type": "p",
      "color": "w"
    },
    {
      "square": "g2",
      "type": "p",
      "color": "w"
    },
    {
      "square": "h2",
      "type": "k",
      "color": "w"
    }
  ]
}