{
  "event": "Legends of Chess",
  "site": "chess24.com INT",
  "date": "2020.07.25",
  "eventDate": "2020.07.21",
  "dateMillis": 1595606400000,
  "eventDateMillis": 1595260800000,
  "round": "5.3",
  "result": "1/2-1/2",
  "white": "Vladimir Kramnik",
  "black": "Ding Liren",
  "isDingWin": false,
  "isDraw": true,
  "isDingBlack": true,
  "moves": [
    "Rxd5",
    "Bf6",
    "Ba3",
    "Rc8+",
    "Kf7",
    "Kb1",
    "Rd1+",
    "Kc2",
    "Rc1+",
    "Kb3",
    "Rxc8",
    "Kxa3",
    "Ke6",
    "f4",
    "Ra8+",
    "Kb2",
    "Rb8+",
    "Kc3",
    "Ra8",
    "Kb3",
    "Rb8+",
    "Kc3",
    "Ra8",
    "Kb2",
    "Rb8+",
    "Ka1",
    "Rb7",
    "Be5",
    "Rh7",
    "Kb2",
    "Rxh2+",
    "Kb3",
    "Kd5",
    "a4",
    "Kc5",
    "a5",
    "Kb5",
    "Kc3",
    "Ra2",
    "Bc7",
    "Ra4",
    "Kd3",
    "Kc6",
    "Be5",
    "Kd5",
    "Bc7",
    "Kc6",
    "Be5",
    "Rxa5",
    "Ke4",
    "Ra4+",
    "Kf3",
    "Kd5",
    "Bc7",
    "Ra3+",
    "Kg4",
    "Ke4",
    "Bd6",
    "Rf3",
    "Bc7",
    "Rf1",
    "Kg3",
    "Rg1+",
    "Kf2",
    "Rc1",
    "Be5",
    "Rb1",
    "Ke2",
    "Rb3",
    "Kf2",
    "Rf3+",
    "Ke2",
    "Rh3",
    "Kf2",
    "Rh2+",
    "Kg3",
    "Re2",
    "Bc7",
    "Re3+",
    "Kf2",
    "Rf3+",
    "Kg2",
    "Ke3",
    "Be5",
    "Ke2",
    "Bd6",
    "Rf2+",
    "Kg3",
    "Rf1",
    "Kg2",
    "Rf2+",
    "Kg3",
    "Kf1",
    "Be5",
    "Rg2+",
    "Kf3",
    "Re2",
    "Bd4",
    "Rd2",
    "Ke3",
    "Re2+",
    "Kf3",
    "Ra2",
    "f5",
    "gxf5",
    "Kf4",
    "Ra4",
    "Kxf5",
    "Rxd4",
    "g6",
    "Rd8",
    "g7",
    "Rg8",
    "Kg6",
    "Rxg7+",
    "Kxg7"
  ],
  "statePieceCount": 12,
  "endPieceCount": 2,
  "boardState": [
    {
      "square": "f8",
      "type": "b",
      "color": "b"
    },
    {
      "square": "g8",
      "type": "k",
      "color": "b"
    },
    {
      "square": "g6",
      "type": "p",
      "color": "b"
    },
    {
      "square": "b5",
      "type": "r",
      "color": "b"
    },
    {
      "square": "d5",
      "type": "p",
      "color": "w"
    },
    {
      "square": "g5",
      "type": "p",
      "color": "w"
    },
    {
      "square": "d4",
      "type": "b",
      "color": "w"
    },
    {
      "square": "f3",
      "type": "p",
      "color": "w"
    },
    {
      "square": "a2",
      "type": "p",
      "color": "w"
    },
    {
      "square": "c2",
      "type": "r",
      "color": "w"
    },
    {
      "square": "h2",
      "type": "p",
      "color": "w"
    },
    {
      "square": "a1",
      "type": "k",
      "color": "w"
    }
  ],
  "nextTurn": "b"
}