{
  "event": "Legends of Chess",
  "site": "chess24.com INT",
  "date": "2020.07.22",
  "eventDate": "2020.07.21",
  "dateMillis": 1595347200000,
  "eventDateMillis": 1595260800000,
  "round": "2.2",
  "result": "0-1",
  "white": "Ding Liren",
  "black": "Ian Nepomniachtchi",
  "isDingWin": false,
  "isDraw": false,
  "isDingBlack": false,
  "moves": [
    "Bd4+",
    "Kf1",
    "h3",
    "Rh7",
    "Rf2+",
    "Ke1",
    "h2",
    "Be2",
    "Rg2",
    "Kd2",
    "Be5",
    "f4",
    "Kg6",
    "Rh3",
    "Bxf4+"
  ],
  "statePieceCount": 12,
  "endPieceCount": 11,
  "boardState": [
    {
      "square": "a7",
      "type": "p",
      "color": "b"
    },
    {
      "square": "c7",
      "type": "r",
      "color": "w"
    },
    {
      "square": "a6",
      "type": "p",
      "color": "w"
    },
    {
      "square": "f6",
      "type": "b",
      "color": "b"
    },
    {
      "square": "f5",
      "type": "k",
      "color": "b"
    },
    {
      "square": "g5",
      "type": "p",
      "color": "b"
    },
    {
      "square": "c4",
      "type": "b",
      "color": "w"
    },
    {
      "square": "h4",
      "type": "p",
      "color": "b"
    },
    {
      "square": "b3",
      "type": "p",
      "color": "w"
    },
    {
      "square": "f3",
      "type": "p",
      "color": "w"
    },
    {
      "square": "b2",
      "type": "r",
      "color": "b"
    },
    {
      "square": "g1",
      "type": "k",
      "color": "w"
    }
  ]
}