{
  "event": "FIDE Online Olympiad",
  "site": "Chess.com",
  "date": "2020.08.22",
  "eventDate": "2020.08.21",
  "dateMillis": 1598025600000,
  "eventDateMillis": 1597939200000,
  "round": "6",
  "result": "1/2-1/2",
  "white": "Rasmus Svane",
  "black": "Ding Liren",
  "isDingWin": false,
  "isDraw": true,
  "isDingBlack": true,
  "moves": [
    "Rxh5",
    "Ka5",
    "Rxh6",
    "Re4",
    "Rd6",
    "Re5",
    "Kd4",
    "Re4+",
    "Kd3",
    "Re5",
    "Kd4",
    "Re4+",
    "Kd3"
  ],
  "statePieceCount": 12,
  "endPieceCount": 10,
  "boardState": [
    {
      "square": "b6",
      "type": "k",
      "color": "b"
    },
    {
      "square": "h6",
      "type": "p",
      "color": "b"
    },
    {
      "square": "b5",
      "type": "p",
      "color": "b"
    },
    {
      "square": "d5",
      "type": "p",
      "color": "b"
    },
    {
      "square": "e5",
      "type": "r",
      "color": "b"
    },
    {
      "square": "f5",
      "type": "p",
      "color": "b"
    },
    {
      "square": "h5",
      "type": "p",
      "color": "b"
    },
    {
      "square": "a3",
      "type": "p",
      "color": "w"
    },
    {
      "square": "d3",
      "type": "k",
      "color": "w"
    },
    {
      "square": "e3",
      "type": "p",
      "color": "w"
    },
    {
      "square": "g3",
      "type": "p",
      "color": "w"
    },
    {
      "square": "h1",
      "type": "r",
      "color": "w"
    }
  ],
  "nextTurn": "w"
}