{
  "event": "FIDE Online Olympiad",
  "site": "Chess.com",
  "date": "2020.08.22",
  "eventDate": "2020.08.21",
  "dateMillis": 1598025600000,
  "eventDateMillis": 1597939200000,
  "round": "5",
  "result": "1-0",
  "white": "Ding Liren",
  "black": "Baadur Jobava",
  "isDingWin": true,
  "isDraw": false,
  "isDingBlack": false,
  "moves": [
    "b3",
    "Ne5",
    "Nd6",
    "Ke7",
    "Nc4",
    "Nc6",
    "Kf3",
    "Nd4+",
    "Ke4",
    "Nxb3",
    "Kf5"
  ],
  "statePieceCount": 12,
  "endPieceCount": 11,
  "boardState": [
    {
      "square": "d8",
      "type": "k",
      "color": "b"
    },
    {
      "square": "a5",
      "type": "p",
      "color": "b"
    },
    {
      "square": "b5",
      "type": "n",
      "color": "w"
    },
    {
      "square": "g5",
      "type": "p",
      "color": "b"
    },
    {
      "square": "a4",
      "type": "p",
      "color": "w"
    },
    {
      "square": "c4",
      "type": "n",
      "color": "b"
    },
    {
      "square": "g4",
      "type": "p",
      "color": "w"
    },
    {
      "square": "h4",
      "type": "p",
      "color": "b"
    },
    {
      "square": "h3",
      "type": "p",
      "color": "w"
    },
    {
      "square": "b2",
      "type": "p",
      "color": "w"
    },
    {
      "square": "f2",
      "type": "p",
      "color": "w"
    },
    {
      "square": "g2",
      "type": "k",
      "color": "w"
    }
  ],
  "nextTurn": "w"
}