{
  "event": "FIDE Online Olympiad",
  "site": "Chess.com",
  "date": "2020.08.21",
  "eventDate": "2020.08.21",
  "dateMillis": 1597939200000,
  "eventDateMillis": 1597939200000,
  "round": "3",
  "result": "1-0",
  "white": "Ding Liren",
  "black": "Parham Maghsoodloo",
  "isDingWin": true,
  "isDraw": false,
  "isDingBlack": false,
  "moves": [
    "bxa4",
    "Nc5",
    "a5",
    "Bc3",
    "a6",
    "Nc8",
    "Bb7"
  ],
  "statePieceCount": 12,
  "endPieceCount": 11,
  "boardState": [
    {
      "square": "d7",
      "type": "n",
      "color": "b"
    },
    {
      "square": "e7",
      "type": "n",
      "color": "b"
    },
    {
      "square": "f7",
      "type": "k",
      "color": "b"
    },
    {
      "square": "a4",
      "type": "p",
      "color": "b"
    },
    {
      "square": "b4",
      "type": "n",
      "color": "w"
    },
    {
      "square": "f4",
      "type": "b",
      "color": "w"
    },
    {
      "square": "b3",
      "type": "p",
      "color": "w"
    },
    {
      "square": "f3",
      "type": "b",
      "color": "w"
    },
    {
      "square": "g3",
      "type": "p",
      "color": "w"
    },
    {
      "square": "b2",
      "type": "b",
      "color": "b"
    },
    {
      "square": "f2",
      "type": "p",
      "color": "w"
    },
    {
      "square": "g2",
      "type": "k",
      "color": "w"
    }
  ]
}