{
  "event": "Skilling Open",
  "site": "chess24.com INT",
  "date": "2020.11.23",
  "eventDate": "2020.11.22",
  "dateMillis": 1606060800000,
  "eventDateMillis": 1605974400000,
  "round": "6",
  "result": "1/2-1/2",
  "white": "Ding Liren",
  "black": "Peter Svidler",
  "isDingWin": false,
  "isDraw": true,
  "isDingBlack": false,
  "moves": [
    "Kf1",
    "f5",
    "Ke2",
    "Kf7",
    "Kd3",
    "Ke6",
    "Ke2",
    "Kd5",
    "f3",
    "Be7",
    "Kd3",
    "b4",
    "Bf4",
    "Bf6",
    "Bd2",
    "b3",
    "g4",
    "fxg4",
    "fxg4",
    "Bxh4",
    "Kc3",
    "Bd8",
    "Kxb3",
    "Kc5",
    "Ka4",
    "Kc4",
    "Be3",
    "Be7",
    "Bb6",
    "Bd6",
    "Bd8",
    "Bf8",
    "Bf6",
    "Bc5",
    "Bd8",
    "Bf2",
    "Bf6",
    "Be1",
    "Bd8",
    "Kd3",
    "Kb3",
    "Ke4",
    "Kc4",
    "Kf4",
    "g5",
    "Bxa5",
    "Bxa5",
    "Kxg5",
    "Kc5",
    "Kf5",
    "Kb6",
    "g5",
    "Kxa6",
    "g4",
    "Bc7",
    "Ke4",
    "Bb8",
    "Kf3",
    "Bc7",
    "g3",
    "Bxg3"
  ],
  "statePieceCount": 12,
  "endPieceCount": 3,
  "boardState": [
    {
      "square": "g8",
      "type": "k",
      "color": "b"
    },
    {
      "square": "c7",
      "type": "b",
      "color": "w"
    },
    {
      "square": "f7",
      "type": "p",
      "color": "b"
    },
    {
      "square": "a6",
      "type": "p",
      "color": "b"
    },
    {
      "square": "g6",
      "type": "p",
      "color": "b"
    },
    {
      "square": "a5",
      "type": "p",
      "color": "w"
    },
    {
      "square": "b5",
      "type": "p",
      "color": "b"
    },
    {
      "square": "b4",
      "type": "b",
      "color": "b"
    },
    {
      "square": "h4",
      "type": "p",
      "color": "w"
    },
    {
      "square": "g3",
      "type": "p",
      "color": "w"
    },
    {
      "square": "f2",
      "type": "p",
      "color": "w"
    },
    {
      "square": "g1",
      "type": "k",
      "color": "w"
    }
  ],
  "nextTurn": "w"
}