{
  "event": "Opera Euro Rapid",
  "site": "chess24.com INT",
  "date": "2021.02.06",
  "eventDate": "2021.02.06",
  "dateMillis": 1612540800000,
  "eventDateMillis": 1612540800000,
  "round": "3.4",
  "result": "1-0",
  "white": "Samuel Shankland",
  "black": "Ding Liren",
  "isDingWin": false,
  "isDraw": false,
  "isDingBlack": true,
  "moves": [
    "Nxf7",
    "Rxf7+",
    "Ke8",
    "Rh7",
    "Ra2",
    "Rh8+",
    "Kd7",
    "e6+",
    "Kc6",
    "e7",
    "Rf2+",
    "Kg5"
  ],
  "statePieceCount": 12,
  "endPieceCount": 10,
  "boardState": [
    {
      "square": "a8",
      "type": "r",
      "color": "b"
    },
    {
      "square": "d8",
      "type": "n",
      "color": "b"
    },
    {
      "square": "f8",
      "type": "k",
      "color": "b"
    },
    {
      "square": "d7",
      "type": "r",
      "color": "w"
    },
    {
      "square": "f7",
      "type": "b",
      "color": "w"
    },
    {
      "square": "f6",
      "type": "k",
      "color": "w"
    },
    {
      "square": "c5",
      "type": "p",
      "color": "b"
    },
    {
      "square": "e5",
      "type": "p",
      "color": "w"
    },
    {
      "square": "h4",
      "type": "p",
      "color": "b"
    },
    {
      "square": "g3",
      "type": "p",
      "color": "b"
    },
    {
      "square": "h3",
      "type": "p",
      "color": "w"
    },
    {
      "square": "g2",
      "type": "p",
      "color": "w"
    }
  ]
}