{
  "event": "Opera Euro Rapid",
  "site": "chess24.com INT",
  "date": "2021.02.07",
  "eventDate": "2021.02.06",
  "dateMillis": 1612627200000,
  "eventDateMillis": 1612540800000,
  "round": "10.2",
  "result": "1-0",
  "white": "Ding Liren",
  "black": "Vidit Santosh Gujrathi",
  "isDingWin": true,
  "isDraw": false,
  "isDingBlack": false,
  "moves": [
    "Rg4",
    "Ke8",
    "Rxg5",
    "Qf7+",
    "Ke5",
    "Qf4+",
    "Ke6",
    "Qxg5"
  ],
  "statePieceCount": 12,
  "endPieceCount": 10,
  "boardState": [
    {
      "square": "d8",
      "type": "k",
      "color": "w"
    },
    {
      "square": "e7",
      "type": "p",
      "color": "b"
    },
    {
      "square": "e6",
      "type": "k",
      "color": "b"
    },
    {
      "square": "g6",
      "type": "p",
      "color": "b"
    },
    {
      "square": "b5",
      "type": "p",
      "color": "b"
    },
    {
      "square": "d5",
      "type": "p",
      "color": "b"
    },
    {
      "square": "g5",
      "type": "p",
      "color": "w"
    },
    {
      "square": "b4",
      "type": "p",
      "color": "w"
    },
    {
      "square": "c4",
      "type": "b",
      "color": "b"
    },
    {
      "square": "e4",
      "type": "r",
      "color": "b"
    },
    {
      "square": "e3",
      "type": "p",
      "color": "w"
    },
    {
      "square": "f2",
      "type": "q",
      "color": "w"
    }
  ],
  "nextTurn": "b"
}