{
  "event": "Opera Euro Rapid",
  "site": "chess24.com INT",
  "date": "2021.02.07",
  "eventDate": "2021.02.06",
  "dateMillis": 1612627200000,
  "eventDateMillis": 1612540800000,
  "round": "7.6",
  "result": "1-0",
  "white": "Anish Giri",
  "black": "Ding Liren",
  "isDingWin": false,
  "isDraw": false,
  "isDingBlack": true,
  "moves": [
    "Nxe8",
    "Kf7",
    "Nd6+",
    "Kf6",
    "Nb5",
    "a4",
    "d6",
    "Ke6",
    "Kd3",
    "g5",
    "Re2+",
    "Kd7",
    "Re7+",
    "Kc6",
    "d7"
  ],
  "statePieceCount": 12,
  "endPieceCount": 11,
  "boardState": [
    {
      "square": "e8",
      "type": "b",
      "color": "b"
    },
    {
      "square": "g8",
      "type": "k",
      "color": "b"
    },
    {
      "square": "g7",
      "type": "p",
      "color": "b"
    },
    {
      "square": "d6",
      "type": "n",
      "color": "w"
    },
    {
      "square": "a5",
      "type": "p",
      "color": "b"
    },
    {
      "square": "d5",
      "type": "p",
      "color": "w"
    },
    {
      "square": "h4",
      "type": "r",
      "color": "b"
    },
    {
      "square": "c3",
      "type": "p",
      "color": "b"
    },
    {
      "square": "e3",
      "type": "k",
      "color": "w"
    },
    {
      "square": "h3",
      "type": "p",
      "color": "b"
    },
    {
      "square": "c2",
      "type": "p",
      "color": "w"
    },
    {
      "square": "h2",
      "type": "r",
      "color": "w"
    }
  ],
  "nextTurn": "w"
}