{
  "event": "World Championship Candidates 2020/21",
  "site": "Yekaterinburg RUS",
  "date": "2021.04.20",
  "eventDate": "2020.03.15",
  "dateMillis": 1618848000000,
  "eventDateMillis": 1584201600000,
  "round": "9",
  "result": "1/2-1/2",
  "white": "Ding Liren",
  "black": "Maxime Vachier-Lagrave",
  "isDingWin": false,
  "isDraw": true,
  "isDingBlack": false,
  "moves": [
    "Qa8+",
    "Kf7",
    "Qb7+",
    "Kf8",
    "Qc8+",
    "Ke7",
    "Qb7+",
    "Kf8",
    "Qxb6",
    "Qh2+",
    "Kf1",
    "Qh1+",
    "Ke2",
    "Qg2+",
    "Ke3",
    "Qg1+",
    "Ke2",
    "Qg2+",
    "Ke3",
    "Qg1+",
    "Ke2"
  ],
  "statePieceCount": 12,
  "endPieceCount": 11,
  "boardState": [
    {
      "square": "g8",
      "type": "k",
      "color": "b"
    },
    {
      "square": "b6",
      "type": "p",
      "color": "b"
    },
    {
      "square": "h6",
      "type": "p",
      "color": "b"
    },
    {
      "square": "c5",
      "type": "p",
      "color": "b"
    },
    {
      "square": "e5",
      "type": "q",
      "color": "b"
    },
    {
      "square": "g5",
      "type": "p",
      "color": "b"
    },
    {
      "square": "h5",
      "type": "p",
      "color": "w"
    },
    {
      "square": "c4",
      "type": "p",
      "color": "w"
    },
    {
      "square": "g4",
      "type": "p",
      "color": "w"
    },
    {
      "square": "a3",
      "type": "q",
      "color": "w"
    },
    {
      "square": "f3",
      "type": "p",
      "color": "w"
    },
    {
      "square": "f2",
      "type": "k",
      "color": "w"
    }
  ],
  "nextTurn": "w"
}