{
  "event": "FTX Crypto Cup",
  "site": "chess24.com INT",
  "date": "2021.05.25",
  "eventDate": "2021.05.23",
  "dateMillis": 1621872000000,
  "eventDateMillis": 1621699200000,
  "round": "11.5",
  "result": "1/2-1/2",
  "white": "Ding Liren",
  "black": "Fabiano Caruana",
  "isDingWin": false,
  "isDraw": true,
  "isDingBlack": false,
  "moves": [
    "Bxd6",
    "Na4",
    "Bd3",
    "Nc3",
    "h6",
    "Be4",
    "Ba6",
    "Kg2",
    "Bc5",
    "Nd5+",
    "Kf7",
    "Nc7",
    "Bc8",
    "f3",
    "Bb6",
    "Nd5",
    "Bc5",
    "g4",
    "Be6",
    "Nc3",
    "Bb4",
    "Ne2",
    "Kf6",
    "h4",
    "Be1",
    "Ng3",
    "Bc4",
    "g5+",
    "hxg5",
    "Nh5+",
    "Ke7",
    "hxg5",
    "Bd2",
    "g6",
    "Bh6",
    "Kg3",
    "Be6",
    "Kh4",
    "Bd2",
    "Kg3",
    "Bh6",
    "Kf2",
    "Bc4",
    "Bf5",
    "Bb3",
    "Kg3",
    "Bc4",
    "Kg4",
    "Bb3",
    "Ng3",
    "Bf4",
    "Ne4",
    "Bd5",
    "Nc3",
    "Bc4",
    "Ne4",
    "Bd5",
    "Nc5",
    "Be3",
    "Nd7",
    "Bd4",
    "g7",
    "Bg8",
    "Kg5",
    "Kf7",
    "Be4",
    "Kxg7",
    "Nf6",
    "Be6",
    "Ng4",
    "Bxg4",
    "fxg4"
  ],
  "statePieceCount": 12,
  "endPieceCount": 6,
  "boardState": [
    {
      "square": "a8",
      "type": "b",
      "color": "w"
    },
    {
      "square": "h7",
      "type": "p",
      "color": "b"
    },
    {
      "square": "d6",
      "type": "p",
      "color": "w"
    },
    {
      "square": "f6",
      "type": "k",
      "color": "b"
    },
    {
      "square": "e5",
      "type": "p",
      "color": "b"
    },
    {
      "square": "b4",
      "type": "b",
      "color": "b"
    },
    {
      "square": "g3",
      "type": "p",
      "color": "w"
    },
    {
      "square": "b2",
      "type": "n",
      "color": "w"
    },
    {
      "square": "e2",
      "type": "b",
      "color": "b"
    },
    {
      "square": "f2",
      "type": "p",
      "color": "w"
    },
    {
      "square": "h2",
      "type": "p",
      "color": "w"
    },
    {
      "square": "g1",
      "type": "k",
      "color": "w"
    }
  ],
  "nextTurn": "b"
}