{
  "event": "Goldmoney Asian Rapid",
  "site": "chess24.com INT",
  "date": "2021.06.26",
  "eventDate": "2021.06.26",
  "dateMillis": 1624636800000,
  "eventDateMillis": 1624636800000,
  "round": "3.1",
  "result": "1/2-1/2",
  "white": "Ding Liren",
  "black": "Levon Aronian",
  "isDingWin": false,
  "isDraw": true,
  "isDingBlack": false,
  "moves": [
    "Ke7",
    "Rc4",
    "Kf8",
    "g5",
    "Be7",
    "e4",
    "Rb5",
    "e5",
    "Ba3",
    "Kg3",
    "Ke8",
    "Ra4",
    "Bc5",
    "Kf4",
    "Rb3",
    "Nd4",
    "Rb1",
    "Nf3",
    "Rb3",
    "Nd4",
    "Rb2",
    "e3",
    "Kd7",
    "Rc4",
    "Bb6",
    "Ra4",
    "Rf2+",
    "Ke4",
    "Bxd4",
    "exd4",
    "Rf5",
    "d5",
    "exd5+",
    "Kxd5",
    "Rxg5",
    "Ra7+",
    "Ke8",
    "Kd6",
    "Kf8",
    "e6",
    "fxe6",
    "Kxe6",
    "Rf5",
    "Rb7",
    "Kg8",
    "Ra7",
    "Rf8",
    "Rb7",
    "Kh8",
    "Ra7",
    "Rf4",
    "Rb7",
    "g5",
    "Rb5",
    "g4",
    "Rg5",
    "Kh7",
    "Ke5",
    "Ra4",
    "Kf5",
    "Kh6",
    "Rxg4",
    "Rxg4",
    "Kxg4"
  ],
  "statePieceCount": 12,
  "endPieceCount": 2,
  "boardState": [
    {
      "square": "b7",
      "type": "r",
      "color": "b"
    },
    {
      "square": "d7",
      "type": "k",
      "color": "b"
    },
    {
      "square": "f7",
      "type": "p",
      "color": "b"
    },
    {
      "square": "e6",
      "type": "p",
      "color": "b"
    },
    {
      "square": "f6",
      "type": "b",
      "color": "b"
    },
    {
      "square": "g6",
      "type": "p",
      "color": "b"
    },
    {
      "square": "a4",
      "type": "r",
      "color": "w"
    },
    {
      "square": "g4",
      "type": "p",
      "color": "w"
    },
    {
      "square": "e3",
      "type": "p",
      "color": "w"
    },
    {
      "square": "f3",
      "type": "n",
      "color": "w"
    },
    {
      "square": "e2",
      "type": "p",
      "color": "w"
    },
    {
      "square": "f2",
      "type": "k",
      "color": "w"
    }
  ]
}