{
  "event": "Goldmoney Asian Rapid",
  "site": "chess24.com INT",
  "date": "2021.06.28",
  "eventDate": "2021.06.26",
  "dateMillis": 1624809600000,
  "eventDateMillis": 1624636800000,
  "round": "14.3",
  "result": "0-1",
  "white": "Ding Liren",
  "black": "Jan-Krzysztof Duda",
  "isDingWin": false,
  "isDraw": false,
  "isDingBlack": false,
  "moves": [
    "Kg2",
    "b5",
    "Kf3",
    "b4",
    "Ke4",
    "Bf6",
    "Rb6",
    "Rxc7",
    "Rxb4",
    "Rc3",
    "Rb7+",
    "Be7",
    "f5",
    "Rxg3",
    "fxg6+",
    "Rxg6",
    "Rb5",
    "Rg4+",
    "Kf3",
    "Rxh4"
  ],
  "statePieceCount": 12,
  "endPieceCount": 6,
  "boardState": [
    {
      "square": "c8",
      "type": "r",
      "color": "b"
    },
    {
      "square": "c7",
      "type": "p",
      "color": "w"
    },
    {
      "square": "f7",
      "type": "k",
      "color": "b"
    },
    {
      "square": "b6",
      "type": "p",
      "color": "b"
    },
    {
      "square": "c6",
      "type": "r",
      "color": "w"
    },
    {
      "square": "g6",
      "type": "p",
      "color": "b"
    },
    {
      "square": "h5",
      "type": "p",
      "color": "b"
    },
    {
      "square": "d4",
      "type": "b",
      "color": "b"
    },
    {
      "square": "f4",
      "type": "p",
      "color": "w"
    },
    {
      "square": "h4",
      "type": "p",
      "color": "w"
    },
    {
      "square": "g3",
      "type": "p",
      "color": "w"
    },
    {
      "square": "h2",
      "type": "k",
      "color": "w"
    }
  ]
}