{
  "event": "Goldmoney Asian Rapid",
  "site": "chess24.com INT",
  "date": "2021.06.30",
  "eventDate": "2021.06.26",
  "dateMillis": 1624982400000,
  "eventDateMillis": 1624636800000,
  "round": "1.23",
  "result": "1-0",
  "white": "Ding Liren",
  "black": "Jan-Krzysztof Duda",
  "isDingWin": true,
  "isDraw": false,
  "isDingBlack": false,
  "moves": [
    "Ra5",
    "Rf7",
    "Kg2",
    "Nc4",
    "Ra6+",
    "Kg7",
    "g4",
    "Ne5",
    "f4",
    "Nc4",
    "Re6",
    "Rf6",
    "Re4",
    "Rc6",
    "Kg3",
    "a5",
    "h4",
    "a4",
    "g5",
    "h5",
    "f5",
    "Nd6",
    "Re5",
    "a3",
    "Rd5",
    "Kf7",
    "Kf4",
    "Ke7",
    "g6",
    "Rc4+",
    "Kg5",
    "Ne4+",
    "Kh6",
    "Nf6",
    "Re5+",
    "Kf8",
    "Re6",
    "Ng8+",
    "Kh7",
    "Rxh4",
    "f6",
    "Rg4",
    "Ra6",
    "Nxf6+",
    "Rxf6+",
    "Ke7",
    "Rf2"
  ],
  "statePieceCount": 12,
  "endPieceCount": 9,
  "boardState": [
    {
      "square": "f8",
      "type": "r",
      "color": "b"
    },
    {
      "square": "a7",
      "type": "p",
      "color": "b"
    },
    {
      "square": "b6",
      "type": "n",
      "color": "b"
    },
    {
      "square": "g6",
      "type": "k",
      "color": "b"
    },
    {
      "square": "h6",
      "type": "p",
      "color": "b"
    },
    {
      "square": "d5",
      "type": "r",
      "color": "w"
    },
    {
      "square": "e3",
      "type": "p",
      "color": "w"
    },
    {
      "square": "g3",
      "type": "p",
      "color": "w"
    },
    {
      "square": "h3",
      "type": "p",
      "color": "w"
    },
    {
      "square": "a2",
      "type": "p",
      "color": "w"
    },
    {
      "square": "f2",
      "type": "p",
      "color": "w"
    },
    {
      "square": "g1",
      "type": "k",
      "color": "w"
    }
  ],
  "nextTurn": "w"
}