{
  "event": "Goldmoney Asian Rapid",
  "site": "chess24.com INT",
  "date": "2021.07.02",
  "eventDate": "2021.06.26",
  "dateMillis": 1625155200000,
  "eventDateMillis": 1624636800000,
  "round": "2.32",
  "result": "1-0",
  "white": "Vladislav Artemiev",
  "black": "Ding Liren",
  "isDingWin": false,
  "isDraw": false,
  "isDingBlack": true,
  "moves": [
    "Bb3",
    "Rh5",
    "Rd7",
    "Rf5",
    "Kg3",
    "b5",
    "Rxa7",
    "Kg7",
    "Rd7",
    "h6",
    "Kg4",
    "h5+",
    "Kg3",
    "Kf8",
    "Bc2",
    "Rc5",
    "Bb3",
    "Rf5",
    "Rd5",
    "Rxd5",
    "Bxd5",
    "b4",
    "Kh4",
    "Kg7",
    "f5",
    "gxf5",
    "Kg5",
    "h4",
    "Kxf5",
    "h3",
    "Kg4",
    "h2",
    "Kg3",
    "f5",
    "Kxh2",
    "Kf6",
    "Kg3",
    "Ke5",
    "Bb3",
    "Ke4",
    "Bc2+",
    "Ke5",
    "Kf3",
    "f4",
    "Bh7",
    "Kd4",
    "Kxf4",
    "Kc3",
    "Bg8",
    "Kb2",
    "Ke5",
    "Ka3",
    "Bb3",
    "Kb2",
    "Kd4",
    "Ka3",
    "Kc5"
  ],
  "statePieceCount": 12,
  "endPieceCount": 5,
  "boardState": [
    {
      "square": "g8",
      "type": "k",
      "color": "b"
    },
    {
      "square": "a7",
      "type": "p",
      "color": "b"
    },
    {
      "square": "b7",
      "type": "p",
      "color": "b"
    },
    {
      "square": "f7",
      "type": "p",
      "color": "b"
    },
    {
      "square": "h7",
      "type": "p",
      "color": "b"
    },
    {
      "square": "g6",
      "type": "p",
      "color": "b"
    },
    {
      "square": "f4",
      "type": "p",
      "color": "w"
    },
    {
      "square": "h3",
      "type": "r",
      "color": "b"
    },
    {
      "square": "a2",
      "type": "p",
      "color": "w"
    },
    {
      "square": "c2",
      "type": "b",
      "color": "w"
    },
    {
      "square": "f2",
      "type": "k",
      "color": "w"
    },
    {
      "square": "d1",
      "type": "r",
      "color": "w"
    }
  ]
}