{
  "event": "Goldmoney Asian Rapid",
  "site": "chess24.com INT",
  "date": "2021.07.01",
  "eventDate": "2021.06.26",
  "dateMillis": 1625068800000,
  "eventDateMillis": 1624636800000,
  "round": "2.12",
  "result": "1-0",
  "white": "Ding Liren",
  "black": "Vladislav Artemiev",
  "isDingWin": true,
  "isDraw": false,
  "isDingBlack": false,
  "moves": [
    "Kc4",
    "e4",
    "Kc3",
    "e5",
    "Bc7",
    "e6",
    "Bd6",
    "Bxb3",
    "Kxb3",
    "f5",
    "Kxa3",
    "f6",
    "Kxb4",
    "e7"
  ],
  "statePieceCount": 12,
  "endPieceCount": 8,
  "boardState": [
    {
      "square": "b7",
      "type": "p",
      "color": "b"
    },
    {
      "square": "a6",
      "type": "p",
      "color": "b"
    },
    {
      "square": "d6",
      "type": "b",
      "color": "b"
    },
    {
      "square": "g6",
      "type": "n",
      "color": "w"
    },
    {
      "square": "d5",
      "type": "k",
      "color": "b"
    },
    {
      "square": "b4",
      "type": "p",
      "color": "w"
    },
    {
      "square": "f4",
      "type": "p",
      "color": "w"
    },
    {
      "square": "a3",
      "type": "p",
      "color": "w"
    },
    {
      "square": "b3",
      "type": "n",
      "color": "b"
    },
    {
      "square": "e3",
      "type": "p",
      "color": "w"
    },
    {
      "square": "a2",
      "type": "b",
      "color": "w"
    },
    {
      "square": "g1",
      "type": "k",
      "color": "w"
    }
  ],
  "nextTurn": "b"
}