{
  "event": "Goldmoney Asian Rapid",
  "site": "chess24.com INT",
  "date": "2021.07.02",
  "eventDate": "2021.06.26",
  "dateMillis": 1625155200000,
  "eventDateMillis": 1624636800000,
  "round": "2.22",
  "result": "1-0",
  "white": "Vladislav Artemiev",
  "black": "Ding Liren",
  "isDingWin": false,
  "isDraw": false,
  "isDingBlack": true,
  "moves": [
    "Rxg4",
    "Kxh6",
    "Rxb4",
    "g5",
    "Rc4",
    "Kh5",
    "Rc6",
    "Rf4",
    "Rxb6",
    "Rxa4",
    "Rb8",
    "Rd4+",
    "Kc3",
    "Rd7",
    "b6",
    "g4",
    "e4",
    "g3",
    "Rg8",
    "Kh4",
    "e5",
    "Rb7",
    "Rg6",
    "Kh3",
    "Kd4",
    "g2",
    "Kc5",
    "Rf7",
    "e6",
    "Rf6",
    "Rxg2",
    "Kxg2",
    "e7",
    "Re6",
    "b7",
    "Rxe7",
    "b8=Q",
    "Re3",
    "Kd4",
    "Rf3",
    "Ke4",
    "Rf2",
    "Qg8+",
    "Kh3",
    "Qg1",
    "Rf8",
    "Qg7",
    "Rf2",
    "Qg5",
    "Rf1",
    "Ke3",
    "Kh2",
    "Ke2",
    "Rg1",
    "Qh4+",
    "Kg2",
    "Qf4",
    "Kh3",
    "Qh6+",
    "Kg3",
    "Qh5",
    "Rg2+",
    "Ke3",
    "Rg1",
    "Qg5+",
    "Kh2",
    "Qh4+",
    "Kg2",
    "Ke2",
    "Ra1",
    "Qg5+",
    "Kh3",
    "Qh6+"
  ],
  "statePieceCount": 12,
  "endPieceCount": 4,
  "boardState": [
    {
      "square": "h7",
      "type": "k",
      "color": "b"
    },
    {
      "square": "b6",
      "type": "p",
      "color": "b"
    },
    {
      "square": "f6",
      "type": "r",
      "color": "b"
    },
    {
      "square": "g6",
      "type": "p",
      "color": "b"
    },
    {
      "square": "h6",
      "type": "p",
      "color": "w"
    },
    {
      "square": "b5",
      "type": "p",
      "color": "w"
    },
    {
      "square": "a4",
      "type": "p",
      "color": "w"
    },
    {
      "square": "b4",
      "type": "p",
      "color": "b"
    },
    {
      "square": "g4",
      "type": "p",
      "color": "b"
    },
    {
      "square": "d2",
      "type": "k",
      "color": "w"
    },
    {
      "square": "e2",
      "type": "p",
      "color": "w"
    },
    {
      "square": "g1",
      "type": "r",
      "color": "w"
    }
  ]
}