{
  "event": "Goldmoney Asian Rapid",
  "site": "chess24.com INT",
  "date": "2021.06.30",
  "eventDate": "2021.06.26",
  "dateMillis": 1624982400000,
  "eventDateMillis": 1624636800000,
  "round": "1.22",
  "result": "0-1",
  "white": "Jan-Krzysztof Duda",
  "black": "Ding Liren",
  "isDingWin": true,
  "isDraw": false,
  "isDingBlack": true,
  "moves": [
    "Qxd4",
    "Qf5",
    "Ka6",
    "h4",
    "Rd2",
    "Qf8",
    "Qd3+",
    "Kg1",
    "Rd1",
    "Qb4",
    "Qf3",
    "Qc4+",
    "b5",
    "Qxc6+",
    "Qxc6",
    "Rxd1",
    "b4",
    "h5",
    "b3"
  ],
  "statePieceCount": 12,
  "endPieceCount": 8,
  "boardState": [
    {
      "square": "a7",
      "type": "k",
      "color": "b"
    },
    {
      "square": "b7",
      "type": "p",
      "color": "b"
    },
    {
      "square": "b6",
      "type": "q",
      "color": "b"
    },
    {
      "square": "c6",
      "type": "b",
      "color": "b"
    },
    {
      "square": "h5",
      "type": "q",
      "color": "w"
    },
    {
      "square": "d4",
      "type": "n",
      "color": "w"
    },
    {
      "square": "g3",
      "type": "p",
      "color": "w"
    },
    {
      "square": "a2",
      "type": "r",
      "color": "b"
    },
    {
      "square": "f2",
      "type": "p",
      "color": "w"
    },
    {
      "square": "h2",
      "type": "p",
      "color": "w"
    },
    {
      "square": "e1",
      "type": "r",
      "color": "w"
    },
    {
      "square": "f1",
      "type": "k",
      "color": "w"
    }
  ]
}