{
  "event": "4th All China Games Rapid",
  "site": "Hefei CHN",
  "date": "2010.05.19",
  "dateMillis": 1274198400000,
  "eventDateMillis": null,
  "round": "8",
  "result": "1-0",
  "white": "Ding Liren",
  "black": "Lin Weiguo",
  "isDingWin": true,
  "isDraw": false,
  "isDingBlack": false,
  "moves": [
    "Qxg5+",
    "Kh2",
    "Qf6",
    "Re3",
    "a4",
    "Rg3+",
    "Kh8",
    "Qc5",
    "Kh7",
    "Rh3",
    "Rxd7",
    "Qxh5+",
    "Kg8",
    "Qg4+"
  ],
  "statePieceCount": 12,
  "endPieceCount": 9,
  "boardState": [
    {
      "square": "d8",
      "type": "r",
      "color": "b"
    },
    {
      "square": "c7",
      "type": "q",
      "color": "w"
    },
    {
      "square": "d7",
      "type": "p",
      "color": "w"
    },
    {
      "square": "f7",
      "type": "p",
      "color": "b"
    },
    {
      "square": "g7",
      "type": "k",
      "color": "b"
    },
    {
      "square": "f6",
      "type": "q",
      "color": "b"
    },
    {
      "square": "a5",
      "type": "p",
      "color": "b"
    },
    {
      "square": "g5",
      "type": "p",
      "color": "w"
    },
    {
      "square": "h5",
      "type": "p",
      "color": "b"
    },
    {
      "square": "e4",
      "type": "r",
      "color": "w"
    },
    {
      "square": "g3",
      "type": "k",
      "color": "w"
    },
    {
      "square": "g2",
      "type": "p",
      "color": "w"
    }
  ],
  "nextTurn": "b"
}