{
  "event": "TCh-CHN 2018",
  "site": "China CHN",
  "date": "2018.05.22",
  "dateMillis": 1526918400000,
  "eventDateMillis": null,
  "round": "5.4",
  "result": "1-0",
  "white": "Ding Liren",
  "black": "Chongsheng Zeng",
  "isDingWin": true,
  "isDraw": false,
  "isDingBlack": false,
  "moves": [
    "Kxc6",
    "Ke5",
    "Nf3+",
    "Kxf5",
    "Nxh2",
    "Kg5",
    "Kd5",
    "Kh6",
    "Nf3",
    "Kxh7",
    "Nh4",
    "Kh6",
    "Ke6",
    "Kh5",
    "Nf5",
    "Kg5",
    "Nd4",
    "Kg6",
    "Nf5",
    "Be5",
    "Ne7+",
    "Kg5",
    "Nc6",
    "Bg7",
    "Ne7",
    "Bf8",
    "Nf5",
    "c6",
    "Nd4",
    "c7",
    "Kd7",
    "Bd6",
    "Ne6+",
    "Kg6",
    "Nd4",
    "f5",
    "Nc6",
    "f6"
  ],
  "statePieceCount": 12,
  "endPieceCount": 8,
  "boardState": [
    {
      "square": "d7",
      "type": "k",
      "color": "b"
    },
    {
      "square": "h7",
      "type": "p",
      "color": "b"
    },
    {
      "square": "c6",
      "type": "b",
      "color": "w"
    },
    {
      "square": "d6",
      "type": "b",
      "color": "w"
    },
    {
      "square": "c5",
      "type": "p",
      "color": "w"
    },
    {
      "square": "f5",
      "type": "p",
      "color": "b"
    },
    {
      "square": "b4",
      "type": "p",
      "color": "b"
    },
    {
      "square": "d4",
      "type": "k",
      "color": "w"
    },
    {
      "square": "f4",
      "type": "p",
      "color": "w"
    },
    {
      "square": "h4",
      "type": "n",
      "color": "b"
    },
    {
      "square": "a2",
      "type": "p",
      "color": "w"
    },
    {
      "square": "h2",
      "type": "p",
      "color": "w"
    }
  ]
}