{
  "event": "TCh-CHN",
  "site": "Guangzhou CHN",
  "date": "2010.10.13",
  "dateMillis": 1286899200000,
  "eventDateMillis": null,
  "round": "13",
  "result": "1-0",
  "white": "Ding Liren",
  "black": "Chongsheng Zeng",
  "isDingWin": true,
  "isDraw": false,
  "isDingBlack": false,
  "moves": [
    "Bxc6",
    "Bxc6",
    "Nf8",
    "Be8",
    "Kd5",
    "Bxh5",
    "e4",
    "f4",
    "Kd4",
    "Be8",
    "Kd3",
    "Bxb5+",
    "Kd2",
    "h5",
    "Ne6",
    "h6"
  ],
  "statePieceCount": 12,
  "endPieceCount": 8,
  "boardState": [
    {
      "square": "d7",
      "type": "n",
      "color": "b"
    },
    {
      "square": "c6",
      "type": "r",
      "color": "w"
    },
    {
      "square": "e6",
      "type": "k",
      "color": "b"
    },
    {
      "square": "b5",
      "type": "p",
      "color": "b"
    },
    {
      "square": "d5",
      "type": "b",
      "color": "b"
    },
    {
      "square": "e5",
      "type": "p",
      "color": "b"
    },
    {
      "square": "h5",
      "type": "p",
      "color": "b"
    },
    {
      "square": "e4",
      "type": "b",
      "color": "w"
    },
    {
      "square": "h4",
      "type": "p",
      "color": "w"
    },
    {
      "square": "a3",
      "type": "p",
      "color": "w"
    },
    {
      "square": "f3",
      "type": "p",
      "color": "w"
    },
    {
      "square": "f2",
      "type": "k",
      "color": "w"
    }
  ]
}