{
  "event": "TCh-CHN 2018",
  "site": "China CHN",
  "date": "2018.05.24",
  "dateMillis": 1527091200000,
  "eventDateMillis": null,
  "round": "7.3",
  "result": "1-0",
  "white": "Ding Liren",
  "black": "Ivan Cheparinov",
  "isDingWin": true,
  "isDraw": false,
  "isDingBlack": false,
  "moves": [
    "Kf8",
    "Rxa7",
    "h5",
    "gxh5",
    "gxh5",
    "a4",
    "Rh4",
    "Kd3",
    "Rxh2",
    "a5",
    "Ra2",
    "c5",
    "Ke8",
    "Kxd4",
    "h4",
    "Kd5",
    "h3",
    "Kc6",
    "h2",
    "Rh7",
    "Kd8",
    "Rh8+",
    "Ke7",
    "Kb6",
    "Rb2+",
    "Kc7",
    "Ra2",
    "c6"
  ],
  "statePieceCount": 12,
  "endPieceCount": 7,
  "boardState": [
    {
      "square": "g8",
      "type": "k",
      "color": "b"
    },
    {
      "square": "a7",
      "type": "p",
      "color": "b"
    },
    {
      "square": "b7",
      "type": "r",
      "color": "w"
    },
    {
      "square": "h7",
      "type": "p",
      "color": "b"
    },
    {
      "square": "g6",
      "type": "p",
      "color": "b"
    },
    {
      "square": "c4",
      "type": "p",
      "color": "w"
    },
    {
      "square": "d4",
      "type": "p",
      "color": "b"
    },
    {
      "square": "f4",
      "type": "r",
      "color": "b"
    },
    {
      "square": "g4",
      "type": "p",
      "color": "w"
    },
    {
      "square": "a3",
      "type": "p",
      "color": "w"
    },
    {
      "square": "e2",
      "type": "k",
      "color": "w"
    },
    {
      "square": "h2",
      "type": "p",
      "color": "w"
    }
  ],
  "nextTurn": "b"
}