{
  "event": "Wch U10",
  "site": "Heraklio",
  "date": "2002.11.22",
  "dateMillis": 1037894400000,
  "eventDateMillis": null,
  "round": "9.3",
  "result": "0-1",
  "white": "Levan Bregadze",
  "black": "Ding Liren",
  "isDingWin": true,
  "isDraw": false,
  "isDingBlack": true,
  "moves": [
    "Rxc5+",
    "Kd6",
    "Rc8",
    "Ba7+",
    "Kd2",
    "f2",
    "Ke2",
    "g3",
    "Ra8",
    "Bh3",
    "Rf8",
    "f1=Q+",
    "Rxf1",
    "Bxf1+"
  ],
  "statePieceCount": 12,
  "endPieceCount": 9,
  "boardState": [
    {
      "square": "b8",
      "type": "b",
      "color": "b"
    },
    {
      "square": "b7",
      "type": "p",
      "color": "w"
    },
    {
      "square": "c7",
      "type": "k",
      "color": "b"
    },
    {
      "square": "d7",
      "type": "b",
      "color": "b"
    },
    {
      "square": "a5",
      "type": "r",
      "color": "w"
    },
    {
      "square": "c5",
      "type": "p",
      "color": "b"
    },
    {
      "square": "d5",
      "type": "b",
      "color": "w"
    },
    {
      "square": "a4",
      "type": "p",
      "color": "b"
    },
    {
      "square": "c4",
      "type": "p",
      "color": "w"
    },
    {
      "square": "g4",
      "type": "p",
      "color": "b"
    },
    {
      "square": "e3",
      "type": "k",
      "color": "w"
    },
    {
      "square": "f3",
      "type": "p",
      "color": "b"
    }
  ]
}