{
  "event": "London Chess Classic",
  "site": "London ENG",
  "date": "2017.12.11",
  "eventDate": "2017.11.29",
  "dateMillis": 1512921600000,
  "eventDateMillis": 1511884800000,
  "round": "9",
  "result": "0-1",
  "white": "Levon Aronian",
  "black": "Magnus Carlsen",
  "isCarlsenWin": true,
  "isDraw": false,
  "isCarlsenBlack": true,
  "moves": [
    "d4",
    "e6",
    "Nf3",
    "c5",
    "g3",
    "cxd4",
    "Nxd4",
    "Qb6",
    "Bg2",
    "Bc5",
    "e3",
    "d5",
    "Qg4",
    "Bf8",
    "O-O",
    "Nf6",
    "Qe2",
    "e5",
    "Qb5+",
    "Bd7",
    "Qxb6",
    "axb6",
    "Nb3",
    "Nc6",
    "Bd2",
    "Bd6",
    "Nc3",
    "Ne7",
    "a4",
    "O-O",
    "Nb5",
    "Bxb5",
    "axb5",
    "Rac8",
    "Bc3",
    "h5",
    "Rfd1",
    "Rfd8",
    "Nd2",
    "h4",
    "Nf3",
    "hxg3",
    "hxg3",
    "e4",
    "Ng5",
    "Ng6",
    "Ra7",
    "Rb8",
    "Bd4",
    "Bc5",
    "Bxc5",
    "bxc5",
    "c4",
    "Ne7",
    "cxd5",
    "Nc8",
    "Ra4",
    "Nb6",
    "Ra3",
    "Nc4",
    "Rc3",
    "Nd6",
    "Rxc5",
    "Ra8",
    "Bh3",
    "Re8",
    "Rc7",
    "Kf8",
    "b6",
    "Re5",
    "Ne6+",
    "fxe6",
    "dxe6",
    "Nfe8",
    "Rd7",
    "Raa5",
    "b4",
    "Rad5",
    "Ra1",
    "Rb5",
    "Ra8",
    "Rxb6",
    "Bg4",
    "Rd5",
    "Kg2",
    "Rxb4",
    "Ra1",
    "Rbb5",
    "Be2",
    "Rb2",
    "Bg4",
    "Rdd2",
    "Kh3",
    "Rxf2",
    "Kh4",
    "Rh2+",
    "Bh3",
    "g5+",
    "Kh5",
    "Rxh3+",
    "Kg6",
    "Rf2",
    "e7+",
    "Kg8",
    "Rxd6",
    "Rh7"
  ]
}