{
  "event": "World Rapid Championship",
  "site": "Riyadh KSA",
  "date": "2017.12.26",
  "eventDate": "2017.12.26",
  "dateMillis": 1514217600000,
  "eventDateMillis": 1514217600000,
  "round": "2.1",
  "result": "0-1",
  "white": "Vladimir Dobrov",
  "black": "Magnus Carlsen",
  "isCarlsenWin": true,
  "isDraw": false,
  "isCarlsenBlack": true,
  "moves": [
    "d4",
    "Nf6",
    "c4",
    "e6",
    "Nf3",
    "d5",
    "g3",
    "Bb4+",
    "Nbd2",
    "O-O",
    "Bg2",
    "b6",
    "O-O",
    "Bb7",
    "Ne5",
    "Qc8",
    "cxd5",
    "Bxd5",
    "e4",
    "Bb7",
    "Qc2",
    "c5",
    "Ndc4",
    "cxd4",
    "Bd2",
    "Be7",
    "Qd3",
    "Na6",
    "Rac1",
    "Qd8",
    "Qb1",
    "Nc5",
    "Rfe1",
    "d3",
    "f3",
    "b5",
    "b4",
    "bxc4",
    "bxc5",
    "Bxc5+",
    "Kh1",
    "Ba6",
    "Nxd3",
    "Ba3",
    "Rc3",
    "Be7"
  ]
}