{
  "event": "World Rapid Championship",
  "site": "Riyadh KSA",
  "date": "2017.12.27",
  "eventDate": "2017.12.26",
  "dateMillis": 1514304000000,
  "eventDateMillis": 1514217600000,
  "round": "6.1",
  "result": "0-1",
  "white": "Sergei Movsesian",
  "black": "Magnus Carlsen",
  "isCarlsenWin": true,
  "isDraw": false,
  "isCarlsenBlack": true,
  "moves": [
    "e4",
    "Nc6",
    "Nf3",
    "d6",
    "d4",
    "Nf6",
    "Nc3",
    "g6",
    "h3",
    "Bg7",
    "Be3",
    "O-O",
    "Qd2",
    "a6",
    "Bd3",
    "e5",
    "d5",
    "Ne7",
    "g4",
    "c6",
    "dxc6",
    "bxc6",
    "O-O-O",
    "d5",
    "Nxe5",
    "Nxe4",
    "Bxe4",
    "Bxe5",
    "Bg2",
    "Rb8",
    "Rhe1",
    "Be6",
    "Na4",
    "Qd6",
    "c3",
    "Rb5",
    "f4",
    "Bg7",
    "Bf1",
    "Ra5",
    "Qc2",
    "c5",
    "c4",
    "Rb8",
    "Bd2",
    "Rxa4",
    "Qxa4",
    "Bxb2+",
    "Kc2",
    "Bd7",
    "Qb3",
    "Rxb3",
    "axb3",
    "Bd4"
  ]
}