{
  "event": "World Rapid Championship",
  "site": "Riyadh KSA",
  "date": "2017.12.26",
  "eventDate": "2017.12.26",
  "dateMillis": 1514217600000,
  "eventDateMillis": 1514217600000,
  "round": "4.1",
  "result": "0-1",
  "white": "A R Saleh Salem",
  "black": "Magnus Carlsen",
  "isCarlsenWin": true,
  "isDraw": false,
  "isCarlsenBlack": true,
  "moves": [
    "d4",
    "Nf6",
    "c4",
    "e6",
    "Nf3",
    "d5",
    "Nc3",
    "Be7",
    "Bg5",
    "h6",
    "Bh4",
    "O-O",
    "e3",
    "b6",
    "Bd3",
    "Bb7",
    "O-O",
    "Nbd7",
    "Qe2",
    "c5",
    "Rfd1",
    "cxd4",
    "Nxd4",
    "Nc5",
    "Bxf6",
    "Bxf6",
    "cxd5",
    "Bxd4",
    "exd4",
    "Nxd3",
    "Qxd3",
    "Bxd5",
    "Re1",
    "Rc8",
    "Rad1",
    "Rc7",
    "Qg3",
    "Rd7",
    "h3",
    "Qe7",
    "Rd2",
    "Rfd8",
    "Red1",
    "Bc6",
    "Qe3",
    "Qf6",
    "Kh2",
    "Qf5",
    "a3",
    "Bd5",
    "Rc1",
    "Bc4",
    "Ne4",
    "Ba6",
    "Rcd1",
    "Bb7",
    "Nc3",
    "Qg6",
    "Qg3",
    "Qf6",
    "Qe3",
    "Bc6",
    "Kg1",
    "Qg6",
    "f3",
    "Bd5",
    "Ne4",
    "Rc8",
    "Nc3",
    "Qf6",
    "Qe5",
    "Qd8",
    "Re1",
    "Rc6",
    "Qf4",
    "Qc8",
    "h4",
    "Rc4",
    "Red1",
    "Qd8",
    "Rd3",
    "a6",
    "R1d2",
    "b5",
    "Nd1",
    "Rc6",
    "Ne3",
    "Rcd6",
    "Rd1",
    "Bc4",
    "Nxc4",
    "bxc4",
    "R3d2",
    "Rd5",
    "Qe4",
    "e5",
    "Rc1",
    "Rxd4",
    "Rxd4",
    "exd4",
    "Rxc4",
    "d3",
    "Rc1",
    "Re7",
    "Qb4",
    "d2",
    "Rd1",
    "Re2",
    "Qc3",
    "Qb6+",
    "Kh2",
    "Qg6",
    "Qc8+",
    "Kh7",
    "Qg4",
    "Qc2",
    "f4",
    "Qe4",
    "b4",
    "f5",
    "Qg3",
    "Qc2",
    "Qh3",
    "Kh8"
  ]
}