{
  "event": "World Rapid Championship",
  "site": "Riyadh KSA",
  "date": "2017.12.26",
  "eventDate": "2017.12.26",
  "dateMillis": 1514217600000,
  "eventDateMillis": 1514217600000,
  "round": "1.1",
  "result": "0-1",
  "white": "Magnus Carlsen",
  "black": "Bu Xiangzhi",
  "isCarlsenWin": false,
  "isDraw": false,
  "isCarlsenBlack": false,
  "moves": [
    "c4",
    "Nf6",
    "Nc3",
    "e5",
    "e3",
    "Nc6",
    "a3",
    "d5",
    "cxd5",
    "Nxd5",
    "Qc2",
    "Be7",
    "Nf3",
    "O-O",
    "b4",
    "Nxc3",
    "dxc3",
    "Qd6",
    "Bd3",
    "f5",
    "e4",
    "f4",
    "h3",
    "a5",
    "Bb2",
    "Bf6",
    "Rd1",
    "Qe7",
    "O-O",
    "Be6",
    "Qe2",
    "Qf7",
    "Rd2",
    "g5",
    "b5",
    "Ne7",
    "c4",
    "Ng6",
    "Nh2",
    "Rad8",
    "Rfd1",
    "Qe7",
    "Qh5",
    "Rd7",
    "Ng4",
    "Rfd8",
    "Nh6+",
    "Kh8",
    "Nf5",
    "Qc5",
    "Qe2",
    "Nh4",
    "Nxh4",
    "gxh4",
    "Qh5",
    "Rg8",
    "Bf1",
    "Rdg7",
    "Kh1",
    "Qe7",
    "Qf3",
    "Rg5",
    "a4",
    "Bf7",
    "Rd7",
    "Qe6",
    "Qe2",
    "Bh5",
    "f3",
    "Rg3",
    "Kh2",
    "Qb6",
    "c5",
    "Qxc5",
    "Kh1"
  ]
}