{
  "event": "World Rapid Championship",
  "site": "Riyadh KSA",
  "date": "2017.12.27",
  "eventDate": "2017.12.26",
  "dateMillis": 1514304000000,
  "eventDateMillis": 1514217600000,
  "round": "7.1",
  "result": "1-0",
  "white": "Magnus Carlsen",
  "black": "Wang Yue",
  "isCarlsenWin": true,
  "isDraw": false,
  "isCarlsenBlack": false,
  "moves": [
    "e4",
    "e5",
    "Bc4",
    "Nf6",
    "d3",
    "c6",
    "Nf3",
    "d5",
    "Bb3",
    "Qc7",
    "Nc3",
    "dxe4",
    "Nxe4",
    "Nxe4",
    "dxe4",
    "Be7",
    "Ng5",
    "Bxg5",
    "Bxg5",
    "Na6",
    "Be3",
    "O-O",
    "Qd2",
    "Qe7",
    "Qc3",
    "Re8",
    "O-O-O",
    "Nc7",
    "Rd3",
    "Qf6",
    "f3",
    "Ne6",
    "Rd6",
    "g6",
    "Rhd1",
    "Qg7",
    "Qd2",
    "h5",
    "g3",
    "Nc7",
    "Bh6",
    "Qh7",
    "Rd8",
    "Bh3",
    "Rxa8",
    "Nxa8",
    "Bg5",
    "Nc7",
    "Qa5",
    "Ne6",
    "Bxe6",
    "Bxe6",
    "Rd8"
  ]
}