{
  "event": "World Rapid Championship",
  "site": "Riyadh KSA",
  "date": "2017.12.26",
  "eventDate": "2017.12.26",
  "dateMillis": 1514217600000,
  "eventDateMillis": 1514217600000,
  "round": "3.1",
  "result": "1/2-1/2",
  "white": "Magnus Carlsen",
  "black": "Pavel Eljanov",
  "isCarlsenWin": false,
  "isDraw": true,
  "isCarlsenBlack": false,
  "moves": [
    "e4",
    "e5",
    "Nf3",
    "Nc6",
    "Bb5",
    "Nf6",
    "d3",
    "Bc5",
    "Bg5",
    "h6",
    "Bh4",
    "Be7",
    "O-O",
    "d6",
    "d4",
    "O-O",
    "Bxc6",
    "bxc6",
    "dxe5",
    "Nxe4",
    "Bxe7",
    "Qxe7",
    "Re1",
    "d5",
    "Nbd2",
    "Nxd2",
    "Qxd2",
    "Be6",
    "b4",
    "c5",
    "bxc5",
    "Qxc5",
    "Nd4",
    "Rab8",
    "h3",
    "Rb4",
    "c3",
    "Rb6",
    "Qe3",
    "Qe7",
    "Nb3",
    "Rc8",
    "Nc5",
    "c6",
    "a4",
    "Rcb8",
    "Qd4",
    "a5",
    "Re3",
    "Kh8",
    "Rae1",
    "Rb2",
    "Rf3",
    "Rc2",
    "Nxe6",
    "fxe6",
    "Qd3",
    "Rcb2",
    "Qg6",
    "Rf8",
    "Ree3",
    "Rbb8",
    "Qd3",
    "Qa3",
    "Qd4",
    "Qe7",
    "Rxf8+",
    "Rxf8",
    "Qb6",
    "Qh4",
    "Rg3",
    "Qxa4",
    "Qc7",
    "Rg8",
    "Rf3",
    "Qb5",
    "Qd6",
    "a4",
    "Kh2",
    "Qb8",
    "c4",
    "Qxd6",
    "exd6",
    "dxc4",
    "Ra3",
    "Rd8",
    "Rxa4",
    "Rxd6",
    "Rxc4",
    "Kg8",
    "h4",
    "Kf7",
    "h5",
    "e5",
    "f3",
    "Ke6",
    "Rc5",
    "Kd7",
    "Rxe5",
    "Rd5",
    "Rxd5+",
    "cxd5",
    "Kg3",
    "Kd6",
    "Kf4",
    "Kc5",
    "Ke3",
    "Kc4",
    "Kd2",
    "Kd4",
    "g3",
    "Kc4",
    "Kc2",
    "d4",
    "Kd2",
    "d3",
    "g4",
    "Kd4",
    "f4",
    "Ke4",
    "g5"
  ]
}