{
  "event": "World Rapid Championship",
  "site": "Riyadh KSA",
  "date": "2017.12.26",
  "eventDate": "2017.12.26",
  "dateMillis": 1514217600000,
  "eventDateMillis": 1514217600000,
  "round": "5.1",
  "result": "1-0",
  "white": "Magnus Carlsen",
  "black": "Rustam Mashrukovich Kasimdzhanov",
  "isCarlsenWin": true,
  "isDraw": false,
  "isCarlsenBlack": false,
  "moves": [
    "e4",
    "c5",
    "Nf3",
    "e6",
    "d4",
    "cxd4",
    "Nxd4",
    "Nc6",
    "Nc3",
    "Qc7",
    "g4",
    "a6",
    "h4",
    "b5",
    "Nxc6",
    "dxc6",
    "Qf3",
    "e5",
    "g5",
    "Be6",
    "Bh3",
    "Bxh3",
    "Rxh3",
    "Bc5",
    "Bd2",
    "O-O-O",
    "O-O-O",
    "f6",
    "h5",
    "fxg5",
    "Bxg5",
    "Rxd1+",
    "Nxd1",
    "Qd7",
    "Qb3",
    "Nf6",
    "Rd3",
    "Qg4",
    "Be3",
    "Bxe3+",
    "Nxe3",
    "Qxe4",
    "Qe6+",
    "Kb8",
    "h6",
    "Qh1+",
    "Rd1",
    "Qxh6",
    "Qxc6"
  ]
}