{
  "event": "World Rapid Championship",
  "site": "Riyadh KSA",
  "date": "2017.12.28",
  "eventDate": "2017.12.26",
  "dateMillis": 1514390400000,
  "eventDateMillis": 1514217600000,
  "round": "14.1",
  "result": "1/2-1/2",
  "white": "Vladislav Artemiev",
  "black": "Magnus Carlsen",
  "isCarlsenWin": false,
  "isDraw": true,
  "isCarlsenBlack": true,
  "moves": [
    "e4",
    "e5",
    "Nf3",
    "Nc6",
    "Nc3",
    "Nf6",
    "d4",
    "exd4",
    "Nxd4",
    "Bb4",
    "Nxc6",
    "bxc6",
    "Bd3",
    "O-O",
    "O-O",
    "d5",
    "exd5",
    "cxd5",
    "Bg5",
    "c6",
    "Na4",
    "h6",
    "Bh4",
    "Re8",
    "c4",
    "dxc4",
    "Bxc4",
    "Qxd1",
    "Rfxd1",
    "g5",
    "Bg3",
    "Ne4",
    "a3",
    "Bf8",
    "Rac1",
    "Nxg3",
    "hxg3",
    "Rb8",
    "b4",
    "Bf5",
    "Bd3",
    "Bxd3",
    "Rxd3",
    "a5",
    "bxa5",
    "Rb5",
    "Nb6",
    "Rxa5",
    "Rxc6",
    "Rxa3",
    "Rxa3",
    "Re1+",
    "Kh2",
    "Bxa3",
    "Nd5",
    "Re6",
    "Rxe6",
    "fxe6",
    "Nf6+",
    "Kf7",
    "Ne4",
    "g4",
    "Kg1",
    "Kg6",
    "Kf1",
    "Kf5",
    "Nd2",
    "h5",
    "Ke2",
    "Bc5",
    "f3",
    "Ke5"
  ]
}