{
  "event": "World Rapid Championship",
  "site": "Riyadh KSA",
  "date": "2017.12.28",
  "eventDate": "2017.12.26",
  "dateMillis": 1514390400000,
  "eventDateMillis": 1514217600000,
  "round": "13.1",
  "result": "1/2-1/2",
  "white": "Magnus Carlsen",
  "black": "Wang Hao",
  "isCarlsenWin": false,
  "isDraw": true,
  "isCarlsenBlack": false,
  "moves": [
    "e4",
    "e5",
    "Nf3",
    "Nc6",
    "Bb5",
    "Nf6",
    "O-O",
    "Nxe4",
    "Re1",
    "Nd6",
    "Nxe5",
    "Be7",
    "Bf1",
    "Nxe5",
    "Rxe5",
    "O-O",
    "d4",
    "Bf6",
    "Re1",
    "Re8",
    "Bf4",
    "Rxe1",
    "Qxe1",
    "Ne8",
    "Bd3",
    "d5",
    "Be5",
    "g6",
    "Bxf6",
    "Nxf6",
    "Nd2",
    "Qe8",
    "Qc1",
    "Bg4",
    "Qe1",
    "Qxe1+",
    "Rxe1",
    "Re8",
    "Kf1",
    "Kf8",
    "f3",
    "Bc8",
    "Kf2",
    "Rxe1",
    "Kxe1",
    "Nh5",
    "g3",
    "Ng7",
    "c3",
    "Bf5",
    "Be2",
    "g5",
    "Nf1",
    "c6",
    "Kd2",
    "Ke7",
    "a3",
    "Be6",
    "b3",
    "h6",
    "Ne3",
    "Ne8",
    "c4",
    "Nd6",
    "c5",
    "Nf5",
    "Nc2",
    "Ng7",
    "b4",
    "Bf5",
    "Ne3",
    "Bg6",
    "Kc3",
    "Ne6",
    "Ng2",
    "Kd7",
    "a4",
    "Kc7",
    "Ne3",
    "h5",
    "Ng2",
    "b6",
    "a5",
    "b5",
    "h4",
    "f6",
    "Bf1",
    "Kd8",
    "Ne3",
    "gxh4",
    "gxh4",
    "Nf4",
    "Ng2",
    "Nxg2",
    "Bxg2",
    "f5",
    "f4",
    "a6",
    "Bxd5",
    "cxd5",
    "Kd2",
    "Be8",
    "Ke3",
    "Bc6"
  ]
}