{
  "event": "World Blitz Championship",
  "site": "Riyadh KSA",
  "date": "2017.12.29",
  "eventDate": "2017.12.29",
  "dateMillis": 1514476800000,
  "eventDateMillis": 1514476800000,
  "round": "1.1",
  "result": "1-0",
  "white": "Magnus Carlsen",
  "black": "Ernesto Inarkiev",
  "isCarlsenWin": true,
  "isDraw": false,
  "isCarlsenBlack": false,
  "moves": [
    "e4",
    "c5",
    "a3",
    "Nc6",
    "b4",
    "cxb4",
    "axb4",
    "Nxb4",
    "d4",
    "d5",
    "c3",
    "Nc6",
    "exd5",
    "Qxd5",
    "Na3",
    "Bf5",
    "Nb5",
    "Rc8",
    "Nxa7",
    "Nxa7",
    "Rxa7",
    "e5",
    "Nf3",
    "exd4",
    "Nxd4",
    "Bd7",
    "Nb5",
    "Qxd1+",
    "Kxd1",
    "Bc6",
    "Bd3",
    "Bc5",
    "Re1+",
    "Ne7",
    "Ba3",
    "Bxa3",
    "Rxa3",
    "Rd8",
    "Nd4",
    "Kd7",
    "Ra7",
    "Rhe8",
    "Kc2",
    "Kc7",
    "Rb1",
    "Rb8",
    "f3",
    "Nd5",
    "Nxc6",
    "Kxc6",
    "Bb5+",
    "Kb6",
    "Rxb7+"
  ]
}