{
  "event": "World Rapid Championship",
  "site": "Riyadh KSA",
  "date": "2017.12.28",
  "eventDate": "2017.12.26",
  "dateMillis": 1514390400000,
  "eventDateMillis": 1514217600000,
  "round": "15.1",
  "result": "0-1",
  "white": "Magnus Carlsen",
  "black": "Alexander Grischuk",
  "isCarlsenWin": false,
  "isDraw": false,
  "isCarlsenBlack": false,
  "moves": [
    "Nf3",
    "Nf6",
    "g3",
    "g6",
    "b3",
    "Bg7",
    "Bb2",
    "d6",
    "d4",
    "O-O",
    "Bg2",
    "Nbd7",
    "O-O",
    "Re8",
    "c4",
    "c6",
    "Nc3",
    "e5",
    "d5",
    "cxd5",
    "cxd5",
    "e4",
    "Nd4",
    "e3",
    "f4",
    "Ng4",
    "Nc2",
    "Ndf6",
    "Qe1",
    "Bf5",
    "Nd4",
    "Be4",
    "Nxe4",
    "Nxe4",
    "Ne6",
    "fxe6",
    "Bxg7",
    "Nd2",
    "Bb2",
    "Nxf1",
    "Qxf1",
    "e5",
    "Qf3",
    "h5",
    "h3",
    "e4",
    "Qf1",
    "Nh6",
    "Kh2",
    "Rc8",
    "Rc1",
    "Nf5",
    "Qe1",
    "Qe7",
    "Rc4",
    "Rxc4",
    "bxc4",
    "Rc8",
    "Qc3",
    "Kh7",
    "a4",
    "b6",
    "Ba1",
    "a6",
    "Qb2",
    "g5",
    "Qb1",
    "Rxc4",
    "Qb2",
    "Rc8",
    "Bxe4",
    "Qxe4",
    "Qf6",
    "Rg8",
    "fxg5",
    "h4",
    "Kg1",
    "Qb1+",
    "Kg2",
    "Qe4+",
    "Kg1",
    "hxg3",
    "h4",
    "Qb1+",
    "Kg2",
    "Qe4+",
    "Kg1",
    "Qb1+",
    "Kg2",
    "Nxh4+",
    "Kxg3",
    "Qe1+",
    "Kh3",
    "Qh1+",
    "Kg4",
    "Qe4+",
    "Kh5",
    "Qg6+",
    "Kxh4",
    "Qxf6",
    "Bxf6",
    "Kg6",
    "Kg4",
    "b5",
    "axb5",
    "axb5",
    "Kf4",
    "Re8",
    "Bc3",
    "Rc8",
    "Bf6",
    "Rc5",
    "Kxe3",
    "Rxd5",
    "Ke4",
    "Rd1",
    "Kf3",
    "b4",
    "e4",
    "Re1"
  ]
}