{
  "event": "World Rapid Championship",
  "site": "Riyadh KSA",
  "date": "2017.12.27",
  "eventDate": "2017.12.26",
  "dateMillis": 1514304000000,
  "eventDateMillis": 1514217600000,
  "round": "10.1",
  "result": "1-0",
  "white": "Magnus Carlsen",
  "black": "Ian Nepomniachtchi",
  "isCarlsenWin": true,
  "isDraw": false,
  "isCarlsenBlack": false,
  "moves": [
    "Nf3",
    "c5",
    "b3",
    "d6",
    "e3",
    "e5",
    "Bb5+",
    "Nc6",
    "O-O",
    "a6",
    "Bxc6+",
    "bxc6",
    "c4",
    "Nf6",
    "Nc3",
    "Be7",
    "d3",
    "O-O",
    "Bb2",
    "h6",
    "Nd2",
    "Be6",
    "Qe2",
    "Nd7",
    "f4",
    "exf4",
    "exf4",
    "Bf5",
    "Nde4",
    "Re8",
    "Qf3",
    "Nf6",
    "Rae1",
    "Qd7",
    "Na4",
    "Rab8",
    "Nxf6+",
    "Bxf6",
    "Bxf6",
    "gxf6",
    "Nc3",
    "Rxe1",
    "Rxe1",
    "Re8",
    "Rxe8+",
    "Qxe8",
    "Kf2",
    "Kg7",
    "g4",
    "Bd7",
    "Ne4",
    "Qe7",
    "Ng3",
    "Kf8",
    "f5",
    "Qe5",
    "Qe3",
    "Qb2+",
    "Qe2",
    "Qd4+",
    "Kf3",
    "Qa1",
    "Nh5",
    "Qh1+",
    "Kg3",
    "Qg1+",
    "Kh3",
    "Qd4",
    "Kg2",
    "d5",
    "Kf3",
    "Qa1",
    "Qe3",
    "Kg8",
    "Kg3",
    "Kh7",
    "h3",
    "Bc8",
    "Qe8",
    "Be6",
    "Kf2",
    "Qb2+",
    "Kf3",
    "Qa1",
    "Ng3",
    "Qd1+",
    "Kf2",
    "Qxd3",
    "Ne2",
    "d4",
    "fxe6",
    "Qe3+",
    "Kf1",
    "Qxh3+",
    "Ke1",
    "Qh4+",
    "Kd1",
    "fxe6",
    "Qxe6",
    "d3",
    "Qf5+",
    "Kg7",
    "Nf4",
    "Qh1+",
    "Kd2",
    "Qa1",
    "Qd7+"
  ]
}