{
  "event": "World Rapid Championship",
  "site": "Riyadh KSA",
  "date": "2017.12.28",
  "eventDate": "2017.12.26",
  "dateMillis": 1514390400000,
  "eventDateMillis": 1514217600000,
  "round": "12.1",
  "result": "0-1",
  "white": "Vladimir Fedoseev",
  "black": "Magnus Carlsen",
  "isCarlsenWin": true,
  "isDraw": false,
  "isCarlsenBlack": true,
  "moves": [
    "e4",
    "e5",
    "Nf3",
    "Nc6",
    "Bb5",
    "a6",
    "Ba4",
    "Nf6",
    "O-O",
    "Be7",
    "Re1",
    "b5",
    "Bb3",
    "d6",
    "c3",
    "O-O",
    "d4",
    "Bg4",
    "Be3",
    "exd4",
    "cxd4",
    "Na5",
    "Nbd2",
    "Nxb3",
    "axb3",
    "c5",
    "Qc2",
    "Nd7",
    "e5",
    "cxd4",
    "Bxd4",
    "dxe5",
    "Nxe5",
    "Nxe5",
    "Bxe5",
    "Re8",
    "Bc3",
    "Bf8",
    "h3",
    "Bh5",
    "Qf5",
    "Bg6",
    "Qf4",
    "Rxe1+",
    "Rxe1",
    "Qd7",
    "Nf3",
    "f6",
    "Bb4",
    "Re8",
    "Rxe8",
    "Bxe8",
    "Bxf8",
    "Kxf8",
    "b4",
    "Qe7",
    "Nd4",
    "Kf7",
    "Qd2",
    "Qd6",
    "Qc3",
    "Bd7",
    "Qb3+",
    "Be6",
    "Qc3",
    "Bd7",
    "Qb3+",
    "Ke7",
    "Qc3",
    "Qe5",
    "Qd2",
    "g5",
    "Ne2",
    "Bc6",
    "Nd4",
    "Bd5",
    "Qc3",
    "Kf7",
    "Qd3",
    "Kf8",
    "Qc3",
    "h5",
    "f3",
    "h4",
    "Kf2",
    "Kf7",
    "Qe3",
    "Qxe3+",
    "Kxe3",
    "Ke7",
    "Nc2",
    "Bb3",
    "Nd4",
    "Bd5",
    "Nc2",
    "Ke6",
    "Ne1",
    "Bc4",
    "f4",
    "Kf5",
    "fxg5",
    "fxg5",
    "Nf3",
    "Bd5",
    "Nd4+",
    "Kf6",
    "Nf3",
    "Bb7",
    "Kf2",
    "Kf5",
    "g3",
    "hxg3+",
    "Kxg3",
    "Bc8",
    "Nd2",
    "Bb7",
    "Nf3",
    "Bd5",
    "Nd2",
    "Bf7",
    "Nf3",
    "Be8",
    "Nd2",
    "Bf7",
    "Nf3",
    "Bh5",
    "Nd4+",
    "Ke5",
    "Nf3+",
    "Kd5",
    "Nxg5",
    "Kc4",
    "Ne4",
    "Kxb4",
    "Kf4",
    "a5",
    "Nd2",
    "a4",
    "Ke4",
    "Kc5",
    "Ke3",
    "b4",
    "Ne4+",
    "Kd5",
    "Nd2",
    "Bg6",
    "Ke2",
    "a3",
    "bxa3",
    "bxa3",
    "Kd1",
    "a2",
    "Nb3",
    "Kc4",
    "Na1",
    "Kc3",
    "Kc1",
    "Bf5",
    "h4",
    "Bg6",
    "h5",
    "Bxh5",
    "Nc2",
    "Be8",
    "Na1",
    "Ba4",
    "Nc2",
    "Kb3"
  ]
}