{
  "event": "World Rapid Championship",
  "site": "Riyadh KSA",
  "date": "2017.12.28",
  "eventDate": "2017.12.26",
  "dateMillis": 1514390400000,
  "eventDateMillis": 1514217600000,
  "round": "11.1",
  "result": "0-1",
  "white": "Levan Pantsulaia",
  "black": "Magnus Carlsen",
  "isCarlsenWin": true,
  "isDraw": false,
  "isCarlsenBlack": true,
  "moves": [
    "Nf3",
    "d5",
    "g3",
    "Bg4",
    "Bg2",
    "e6",
    "c4",
    "c6",
    "O-O",
    "Nf6",
    "d3",
    "Bd6",
    "Nc3",
    "O-O",
    "Be3",
    "Nbd7",
    "Qb3",
    "Qb8",
    "a3",
    "Re8",
    "Rfc1",
    "Bh5",
    "Qc2",
    "a5",
    "b3",
    "h6",
    "Qb2",
    "Ne5",
    "Nxe5",
    "Bxe5",
    "d4",
    "Bd6",
    "Bd2",
    "Bg6",
    "Na4",
    "Qd8",
    "Bf4",
    "Bxf4",
    "gxf4",
    "Ne4",
    "e3",
    "Nd6",
    "Nc3",
    "Bd3",
    "c5",
    "Nf5",
    "Ne2",
    "Nh4",
    "Ng3",
    "f5",
    "f3",
    "g5",
    "Qd2",
    "Ba6",
    "Kf2",
    "gxf4",
    "exf4",
    "Ng6",
    "Kg1",
    "Qh4",
    "Qxa5",
    "Nxf4",
    "Qd2",
    "Nd3",
    "f4",
    "Nxf4",
    "Bf1",
    "Qg5",
    "Kh1",
    "Nd3",
    "Rc2",
    "Qxd2",
    "Rxd2",
    "Nf4",
    "Rf2",
    "Ng6",
    "Bxa6",
    "bxa6",
    "b4",
    "a5",
    "b5",
    "cxb5",
    "Rb1",
    "Reb8",
    "Rfb2",
    "b4",
    "axb4",
    "Rxb4",
    "Rxb4",
    "axb4",
    "Rxb4",
    "Nf4",
    "Rb1",
    "Ra4",
    "Rd1",
    "Kf7",
    "Kg1",
    "Kf6",
    "Kf2",
    "Ra3",
    "Rb1",
    "Rd3",
    "Rb4",
    "Kg5",
    "Nf1",
    "Rc3",
    "Rb8",
    "Kf6",
    "Nd2",
    "Nh3+",
    "Ke2",
    "f4",
    "Rf8+",
    "Ke7",
    "Rh8",
    "Ng5",
    "Rxh6",
    "f3+",
    "Kf2",
    "Rd3",
    "Nf1",
    "Ne4+",
    "Kg1",
    "Rxd4",
    "Rh7+",
    "Kf6",
    "c6",
    "Rc4",
    "c7",
    "Rc2",
    "Ne3",
    "Rc1+",
    "Nf1",
    "Nd2"
  ]
}