{
  "event": "World Blitz Championship",
  "site": "Riyadh KSA",
  "date": "2017.12.29",
  "eventDate": "2017.12.29",
  "dateMillis": 1514476800000,
  "eventDateMillis": 1514476800000,
  "round": "7.1",
  "result": "1/2-1/2",
  "white": "Magnus Carlsen",
  "black": "Wang Hao",
  "isCarlsenWin": false,
  "isDraw": true,
  "isCarlsenBlack": false,
  "moves": [
    "d4",
    "Nf6",
    "Bf4",
    "e6",
    "e3",
    "c5",
    "c3",
    "Nc6",
    "Nd2",
    "d5",
    "Ngf3",
    "Bd6",
    "Bg3",
    "O-O",
    "Bb5",
    "Be7",
    "Bd3",
    "b6",
    "O-O",
    "Bb7",
    "h3",
    "Bd6",
    "Bh4",
    "Be7",
    "Qb1",
    "h6",
    "a3",
    "Nh5",
    "Bxe7",
    "Qxe7",
    "Ne5",
    "cxd4",
    "Nxc6",
    "Bxc6",
    "cxd4",
    "Nf6",
    "Nf3",
    "Rfc8",
    "Qd1",
    "Bb7",
    "Qe2",
    "Rc7",
    "Rac1",
    "Rac8",
    "Rxc7",
    "Qxc7",
    "Nd2",
    "Ne4",
    "Nb1",
    "Nd6",
    "Nc3",
    "Qe7",
    "Rc1",
    "g6",
    "f3",
    "e5",
    "dxe5",
    "Qxe5",
    "Re1",
    "Re8",
    "Nd1",
    "Bc8",
    "Qd2",
    "Bf5",
    "Bf1",
    "h5",
    "Nf2",
    "Nc4",
    "Bxc4",
    "dxc4",
    "e4",
    "Be6",
    "f4",
    "Qc5",
    "f5",
    "Bc8",
    "Qh6",
    "Bxf5",
    "Qf4",
    "Be6",
    "Qf6",
    "Qe7",
    "Qxe7",
    "Rxe7",
    "Nd1",
    "Rd7",
    "Nc3",
    "Rd2",
    "Re2",
    "Rxe2",
    "Nxe2",
    "Kg7",
    "Kf2",
    "Kf6",
    "Ke3",
    "Ke5",
    "Ng1",
    "b5",
    "Nf3+",
    "Kd6",
    "Kd4",
    "a5",
    "h4",
    "b4",
    "axb4",
    "axb4",
    "Nd2",
    "c3",
    "bxc3",
    "bxc3",
    "Kxc3",
    "Ke5",
    "g3",
    "f5",
    "Nf3+",
    "Kxe4",
    "Ng5+",
    "Ke5",
    "Kd3",
    "Bd5",
    "Ke3",
    "f4+",
    "Kf2",
    "Kf5",
    "Nh3",
    "fxg3+",
    "Kxg3",
    "Bb7"
  ]
}