{
  "event": "World Blitz Championship",
  "site": "Riyadh KSA",
  "date": "2017.12.29",
  "eventDate": "2017.12.29",
  "dateMillis": 1514476800000,
  "eventDateMillis": 1514476800000,
  "round": "8.1",
  "result": "1/2-1/2",
  "white": "Viswanathan Anand",
  "black": "Magnus Carlsen",
  "isCarlsenWin": false,
  "isDraw": true,
  "isCarlsenBlack": true,
  "moves": [
    "e4",
    "Nc6",
    "Nf3",
    "d6",
    "d4",
    "Nf6",
    "d5",
    "Nb8",
    "Nc3",
    "g6",
    "Be2",
    "Bg7",
    "O-O",
    "O-O",
    "Re1",
    "c6",
    "Bf4",
    "b5",
    "a3",
    "a6",
    "Qd2",
    "Bb7",
    "Rad1",
    "Nbd7",
    "dxc6",
    "Bxc6",
    "e5",
    "dxe5",
    "Nxe5",
    "Nxe5",
    "Bxe5",
    "Qxd2",
    "Rxd2",
    "Rfd8",
    "Rxd8+",
    "Rxd8",
    "Rd1",
    "Rc8",
    "Na2",
    "Bb7",
    "c3",
    "Ne8",
    "Bg3",
    "Nf6",
    "Be5",
    "Ne4",
    "Bxg7",
    "Kxg7",
    "Rd7",
    "Nc5",
    "Rxe7",
    "Kf6",
    "Re3",
    "Rd8",
    "c4",
    "bxc4",
    "Bxc4",
    "Rd1+",
    "Bf1",
    "Rd2",
    "Re2",
    "Rd1",
    "Nc3",
    "Rc1",
    "f3",
    "a5",
    "Kf2",
    "Ba6",
    "Re1",
    "Rc2+",
    "Kg3",
    "Bxf1",
    "Nd5+",
    "Kg7",
    "Rxf1",
    "Rxb2",
    "Rc1",
    "Nd3",
    "Rc3",
    "Ne1",
    "Ne3",
    "Re2",
    "f4",
    "h5",
    "h3",
    "h4+",
    "Kg4",
    "f5+",
    "Kg5",
    "Kf7",
    "a4",
    "Nxg2",
    "Nxg2",
    "Rxg2+",
    "Kxh4"
  ]
}