{
  "event": "World Blitz Championship",
  "site": "Riyadh KSA",
  "date": "2017.12.29",
  "eventDate": "2017.12.29",
  "dateMillis": 1514476800000,
  "eventDateMillis": 1514476800000,
  "round": "6.1",
  "result": "1/2-1/2",
  "white": "Olexandr Bortnyk",
  "black": "Magnus Carlsen",
  "isCarlsenWin": false,
  "isDraw": true,
  "isCarlsenBlack": true,
  "moves": [
    "e4",
    "Nc6",
    "Nf3",
    "d6",
    "d4",
    "Nf6",
    "Nc3",
    "g6",
    "Be2",
    "Bg7",
    "O-O",
    "O-O",
    "d5",
    "Nb8",
    "Re1",
    "c6",
    "Bf1",
    "Bg4",
    "h3",
    "Bxf3",
    "Qxf3",
    "Nbd7",
    "Qd1",
    "Rc8",
    "Be3",
    "a6",
    "a4",
    "Qa5",
    "Qd2",
    "Rfe8",
    "b4",
    "Qc7",
    "Ra3",
    "cxd5",
    "exd5",
    "Ne5",
    "Rb3",
    "Nc4",
    "Bxc4",
    "Qxc4",
    "Bd4",
    "Bh6",
    "Be3",
    "Bxe3",
    "Rxe3",
    "Qf4",
    "Qd3",
    "Rc7",
    "b5",
    "a5",
    "b6",
    "Rc5",
    "Rb5",
    "Nd7",
    "Rxc5",
    "Nxc5",
    "Qb5",
    "Ra8",
    "Rxe7",
    "Qc1+",
    "Kh2",
    "Qxc2",
    "Ne2",
    "Qf5",
    "Qc4",
    "Qxf2",
    "Nc3",
    "Qf6",
    "Re2",
    "Nd7",
    "Ne4",
    "Qf4+",
    "g3",
    "Qe5",
    "Qb5",
    "Rd8",
    "Qxa5",
    "Nc5",
    "Nc3",
    "Qd4",
    "Nb5",
    "Qxd5",
    "Qb4",
    "Qf3",
    "Qd2",
    "Nxa4",
    "Rf2",
    "Qc6",
    "Qf4",
    "Rf8",
    "Qxa4",
    "Qxb6",
    "Rd2",
    "d5",
    "Nc3",
    "Qe3",
    "Qd4",
    "Qxd4",
    "Rxd4",
    "Kg7",
    "Rxd5",
    "Rc8",
    "Nb5",
    "Rc2+",
    "Kg1",
    "Rc1+",
    "Kf2",
    "Rb1",
    "h4",
    "Rb2+",
    "Ke3",
    "Rb3+",
    "Kf4",
    "Rb4+",
    "Kf3",
    "Rb3+",
    "Kf4",
    "Rb4+",
    "Nd4",
    "Kf6",
    "Rd7",
    "h6",
    "g4",
    "Kg7",
    "g5",
    "hxg5+",
    "hxg5",
    "Ra4",
    "Ke4",
    "Rb4",
    "Ke5",
    "Rb6",
    "Rc7",
    "Kg8",
    "Re7",
    "Kg7",
    "Rd7",
    "Kg8",
    "Rd6",
    "Rb2",
    "Rd8+",
    "Kg7",
    "Rd7",
    "Rb6",
    "Rc7",
    "Kf8",
    "Kd5",
    "Kg8",
    "Rd7",
    "Rb1",
    "Ke4",
    "Re1+",
    "Kf4",
    "Rb1",
    "Nf3",
    "Kg7",
    "Ne5",
    "Rf1+",
    "Kg4",
    "Rg1+",
    "Kh4",
    "Rh1+",
    "Kg3",
    "Rg1+",
    "Kf4",
    "Rf1+",
    "Nf3",
    "Rb1",
    "Rc7",
    "Rb4+",
    "Ke3",
    "Rb3+",
    "Ke4",
    "Rb5",
    "Nd4",
    "Rb6",
    "Kd5",
    "Kg8",
    "Nf3",
    "Rb5+",
    "Ke4",
    "Rb4+",
    "Nd4",
    "Rb1",
    "Nf3",
    "Rb4+",
    "Ke5",
    "Rb5+",
    "Ke4",
    "Rb4+",
    "Nd4",
    "Rb1",
    "Ke5",
    "Re1+",
    "Kf4",
    "Rf1+",
    "Nf3",
    "Rb1",
    "Ne5",
    "Rf1+",
    "Ke4",
    "Rf5",
    "Nf3",
    "b5",
    "Re7",
    "Kg7",
    "Rb7",
    "Kg8",
    "Rc7",
    "Kg7",
    "Nd4",
    "Rf1",
    "Rb7",
    "Kg8",
    "Rxb5",
    "f6",
    "Rb8+",
    "Kf7",
    "Rb7+",
    "Kg8",
    "gxf6",
    "Rxf6",
    "Ke5",
    "Rf7",
    "Rb6",
    "Kh7",
    "Ne6",
    "Rf5+",
    "Ke4",
    "Kh6",
    "Nf4",
    "Rg5",
    "Ra6",
    "Rg1",
    "Ra8",
    "Re1+",
    "Kf3",
    "Rf1+",
    "Kg3",
    "Rg1+",
    "Kf2",
    "Rg4",
    "Kf3",
    "Rg1",
    "Ne6",
    "g5",
    "Nd4",
    "Kg6",
    "Kf2"
  ]
}