{
  "event": "World Blitz Championship",
  "site": "Riyadh KSA",
  "date": "2017.12.29",
  "eventDate": "2017.12.29",
  "dateMillis": 1514476800000,
  "eventDateMillis": 1514476800000,
  "round": "5.1",
  "result": "1-0",
  "white": "Magnus Carlsen",
  "black": "Varuzhan Eduardovich Akobian",
  "isCarlsenWin": true,
  "isDraw": false,
  "isCarlsenBlack": false,
  "moves": [
    "d4",
    "Nf6",
    "Bf4",
    "e6",
    "e3",
    "c5",
    "c3",
    "b6",
    "Nf3",
    "Be7",
    "h3",
    "O-O",
    "Nbd2",
    "cxd4",
    "exd4",
    "Bb7",
    "Bd3",
    "d6",
    "O-O",
    "Nbd7",
    "Qe2",
    "a6",
    "a4",
    "Re8",
    "Bh2",
    "h6",
    "Rfe1",
    "Bf8",
    "Nc4",
    "Qc7",
    "Ne3",
    "Nd5",
    "Nxd5",
    "Bxd5",
    "Bxa6",
    "Bxf3",
    "gxf3",
    "Nf6",
    "Bb5",
    "Rec8",
    "c4",
    "Qb7",
    "b4",
    "g6",
    "a5",
    "bxa5",
    "bxa5",
    "Qa7",
    "Qe3",
    "Rd8",
    "a6",
    "Bg7",
    "d5",
    "exd5",
    "Bc6",
    "dxc4",
    "Bxa8",
    "Qxa8",
    "Ra5",
    "d5",
    "Qb6",
    "d4",
    "a7",
    "Rc8",
    "Qb8",
    "c3",
    "Qxc8+",
    "Qxc8"
  ]
}