{
  "event": "World Blitz Championship",
  "site": "Riyadh KSA",
  "date": "2017.12.29",
  "eventDate": "2017.12.29",
  "dateMillis": 1514476800000,
  "eventDateMillis": 1514476800000,
  "round": "4.1",
  "result": "0-1",
  "white": "David Anton Guijarro",
  "black": "Magnus Carlsen",
  "isCarlsenWin": true,
  "isDraw": false,
  "isCarlsenBlack": true,
  "moves": [
    "Nf3",
    "b6",
    "g3",
    "Bb7",
    "Bg2",
    "c5",
    "O-O",
    "g6",
    "d3",
    "Bg7",
    "e4",
    "d6",
    "c3",
    "Nf6",
    "Nbd2",
    "O-O",
    "Re1",
    "Nc6",
    "a3",
    "Nd7",
    "Nb3",
    "b5",
    "d4",
    "a5",
    "Be3",
    "a4",
    "Nbd2",
    "Qb6",
    "d5",
    "Nce5",
    "Nxe5",
    "Nxe5",
    "Qe2",
    "Ba6",
    "f4",
    "b4",
    "c4",
    "Nd7",
    "Rab1",
    "Rab8",
    "Bh3",
    "Rfd8",
    "Rf1",
    "Qa5",
    "e5",
    "dxe5",
    "Ne4",
    "Nb6",
    "Rbc1",
    "bxa3",
    "bxa3",
    "Nxd5",
    "Bf2",
    "exf4",
    "Nxc5",
    "Ne3",
    "Nxa6",
    "Qxa6",
    "Rfe1",
    "Rb2",
    "Qf3",
    "Rdd2",
    "Bxe3",
    "fxe3",
    "c5",
    "Rf2",
    "Qd5",
    "e6",
    "Qd8+",
    "Bf8",
    "c6",
    "Rbc2",
    "c7",
    "Qc6",
    "Rxc2",
    "Rxc2",
    "Rxe3",
    "Qxc7",
    "Qxc7",
    "Rxc7",
    "Re4",
    "Ra7",
    "Bf1",
    "Bxa3"
  ]
}