{
  "event": "World Blitz Championship",
  "site": "Riyadh KSA",
  "date": "2017.12.30",
  "eventDate": "2017.12.29",
  "dateMillis": 1514563200000,
  "eventDateMillis": 1514476800000,
  "round": "17.1",
  "result": "0-1",
  "white": "Tigran Levonovich Petrosian",
  "black": "Magnus Carlsen",
  "isCarlsenWin": true,
  "isDraw": false,
  "isCarlsenBlack": true,
  "moves": [
    "Nf3",
    "c5",
    "g3",
    "g6",
    "Bg2",
    "Bg7",
    "O-O",
    "Nc6",
    "e4",
    "d6",
    "d3",
    "e5",
    "c3",
    "Nge7",
    "a3",
    "O-O",
    "b4",
    "a6",
    "Nbd2",
    "Be6",
    "Ng5",
    "Bd7",
    "Nc4",
    "h6",
    "Nxd6",
    "hxg5",
    "Nxb7",
    "Qc8",
    "Nxc5",
    "g4",
    "Bg5",
    "Re8",
    "Qb3",
    "Nd8",
    "Be3",
    "Ne6",
    "Rfd1",
    "Nxc5",
    "Bxc5",
    "Be6",
    "Qa4",
    "Nc6",
    "d4",
    "Bc4",
    "d5",
    "Nb8",
    "Bf1",
    "Bxf1",
    "Rxf1",
    "Nd7",
    "Be3",
    "Nf6",
    "Qb3",
    "Nxe4",
    "c4",
    "Qf5",
    "Rac1",
    "Bf6",
    "c5",
    "Kg7",
    "f3",
    "Ng5",
    "Bxg5",
    "Bxg5",
    "Rce1",
    "gxf3",
    "Rxf3",
    "Qd7",
    "d6",
    "e4",
    "Qc3+",
    "Kg8",
    "Rf2",
    "e3",
    "Rf3",
    "Qc6",
    "Kg2",
    "Qd5",
    "Re2",
    "a5",
    "h4",
    "axb4",
    "axb4",
    "Ra2",
    "Qe1",
    "Rxe2+",
    "Qxe2",
    "Ra8",
    "Kh3",
    "Ra2",
    "Qf1",
    "e2",
    "Qf2",
    "Qe6+"
  ]
}