{
  "event": "World Blitz Championship",
  "site": "Riyadh KSA",
  "date": "2017.12.29",
  "eventDate": "2017.12.29",
  "dateMillis": 1514476800000,
  "eventDateMillis": 1514476800000,
  "round": "10.1",
  "result": "0-1",
  "white": "Hrant Melkumyan",
  "black": "Magnus Carlsen",
  "isCarlsenWin": true,
  "isDraw": false,
  "isCarlsenBlack": true,
  "moves": [
    "d4",
    "d5",
    "c4",
    "c6",
    "Nf3",
    "Nf6",
    "cxd5",
    "cxd5",
    "Nc3",
    "Nc6",
    "Bf4",
    "a6",
    "e3",
    "Bg4",
    "Be2",
    "e6",
    "O-O",
    "Be7",
    "Rc1",
    "Nd7",
    "h3",
    "Bh5",
    "Qb3",
    "Qb6",
    "Nd2",
    "Bxe2",
    "Nxe2",
    "Qxb3",
    "Nxb3",
    "f6",
    "a3",
    "Kf7",
    "Rc2",
    "Nb6",
    "Rfc1",
    "Nc4",
    "Bg3",
    "g5",
    "e4",
    "Rhd8",
    "exd5",
    "exd5",
    "Nc3",
    "b5",
    "Ne2",
    "f5",
    "Be5",
    "a5",
    "f4",
    "a4",
    "Nd2",
    "N6a5",
    "Nxc4",
    "Nxc4",
    "Nc3",
    "Ra7",
    "Nxb5",
    "Rb7",
    "Nc3",
    "Nxb2",
    "Rb1",
    "Rc8",
    "Rbxb2",
    "Rxb2",
    "Rxb2",
    "Rxc3",
    "Rb7",
    "Ke6",
    "Rb6+",
    "Kd7",
    "Rb7+",
    "Kd8",
    "Rb8+",
    "Rc8",
    "Rb5",
    "Rc3",
    "Rxd5+",
    "Kc8",
    "fxg5",
    "Rxa3",
    "Ra5",
    "Bxg5",
    "d5",
    "Be3+",
    "Kf1",
    "Ra2",
    "d6",
    "a3",
    "Ra8+",
    "Kd7",
    "Ra6",
    "Rf2+",
    "Ke1",
    "a2",
    "Ra3",
    "Bc5",
    "Ra5",
    "Bb4+",
    "Kxf2",
    "Bxa5",
    "Ke2",
    "Bb4",
    "Kd3",
    "Bxd6",
    "Ba1",
    "Ke6",
    "Kc2",
    "Be5",
    "Bxe5",
    "Kxe5",
    "Kb2",
    "Kf4"
  ]
}