{
  "event": "World Blitz Championship",
  "site": "Riyadh KSA",
  "date": "2017.12.30",
  "eventDate": "2017.12.29",
  "dateMillis": 1514563200000,
  "eventDateMillis": 1514476800000,
  "round": "12.1",
  "result": "0-1",
  "white": "Alexander Grischuk",
  "black": "Magnus Carlsen",
  "isCarlsenWin": true,
  "isDraw": false,
  "isCarlsenBlack": true,
  "moves": [
    "Nf3",
    "d5",
    "d4",
    "Nf6",
    "c4",
    "e6",
    "Nc3",
    "Be7",
    "Bf4",
    "O-O",
    "e3",
    "Nbd7",
    "c5",
    "Ne4",
    "Qa4",
    "Nxc3",
    "bxc3",
    "c6",
    "Bd3",
    "Re8",
    "O-O",
    "Bf6",
    "e4",
    "e5",
    "Nxe5",
    "Bxe5",
    "Bxe5",
    "dxe4",
    "Bxe4",
    "Nxe5",
    "dxe5",
    "Rxe5",
    "Rfe1",
    "Qe7",
    "f4",
    "Qxc5+",
    "Kh1",
    "Re7",
    "Qc2",
    "g6",
    "h3",
    "Bd7",
    "Bf3",
    "Rae8",
    "Rxe7",
    "Rxe7",
    "Qd2",
    "Qe3",
    "Qd6",
    "Qxc3",
    "Rd1",
    "Re1+",
    "Rxe1",
    "Qxe1+",
    "Kh2",
    "Qe8",
    "h4",
    "Be6",
    "h5",
    "Bxa2",
    "Qd4",
    "Qe7",
    "Qxa7",
    "Bd5",
    "Bxd5",
    "cxd5",
    "hxg6",
    "hxg6",
    "Kg3",
    "Qe1+",
    "Kh3",
    "Qe6+",
    "Kg3",
    "b6",
    "Qb8+",
    "Kg7",
    "Qc7",
    "Qe3+",
    "Kh2",
    "b5",
    "Qd6",
    "d4",
    "g3",
    "d3",
    "Qa3",
    "Qd4"
  ]
}