{
  "event": "World Blitz Championship",
  "site": "Riyadh KSA",
  "date": "2017.12.30",
  "eventDate": "2017.12.29",
  "dateMillis": 1514563200000,
  "eventDateMillis": 1514476800000,
  "round": "16.1",
  "result": "1/2-1/2",
  "white": "Magnus Carlsen",
  "black": "Maxime Vachier-Lagrave",
  "isCarlsenWin": false,
  "isDraw": true,
  "isCarlsenBlack": false,
  "moves": [
    "Nf3",
    "c5",
    "c4",
    "Nc6",
    "Nc3",
    "e5",
    "e3",
    "Nf6",
    "Be2",
    "d5",
    "cxd5",
    "Nxd5",
    "O-O",
    "Be7",
    "Bb5",
    "Nxc3",
    "dxc3",
    "Qxd1",
    "Rxd1",
    "f6",
    "e4",
    "Be6",
    "Be3",
    "Kf7",
    "Nd2",
    "Na5",
    "Kf1",
    "Rhd8",
    "Be2",
    "a6",
    "h3",
    "Rd7",
    "Bg4",
    "Rad8",
    "Ke2",
    "g6",
    "Bxe6+",
    "Kxe6",
    "b3",
    "f5",
    "f3",
    "b5",
    "Rab1",
    "Rd3",
    "Rbc1",
    "R8d7",
    "Nf1",
    "Rxd1",
    "Rxd1",
    "Rxd1",
    "Kxd1",
    "c4",
    "Nd2",
    "cxb3",
    "axb3",
    "Nb7",
    "b4",
    "a5",
    "bxa5",
    "Nxa5",
    "Kc2",
    "Nc4",
    "Nxc4",
    "bxc4",
    "g4",
    "f4",
    "Bf2"
  ]
}