{
  "event": "World Blitz Championship",
  "site": "Riyadh KSA",
  "date": "2017.12.30",
  "eventDate": "2017.12.29",
  "dateMillis": 1514563200000,
  "eventDateMillis": 1514476800000,
  "round": "18.1",
  "result": "0-1",
  "white": "Ding Liren",
  "black": "Magnus Carlsen",
  "isCarlsenWin": true,
  "isDraw": false,
  "isCarlsenBlack": true,
  "moves": [
    "d4",
    "Nf6",
    "c4",
    "e6",
    "g3",
    "d5",
    "Bg2",
    "Bb4+",
    "Nd2",
    "O-O",
    "Nf3",
    "b6",
    "O-O",
    "Bb7",
    "b3",
    "c5",
    "Bb2",
    "Nbd7",
    "a3",
    "Bxd2",
    "Nxd2",
    "cxd4",
    "Bxd4",
    "Rc8",
    "b4",
    "Qe7",
    "Rc1",
    "Rfd8",
    "Qb3",
    "dxc4",
    "Nxc4",
    "Bxg2",
    "Kxg2",
    "e5",
    "Bb2",
    "Qe6",
    "Rfd1",
    "Nf8",
    "Rxd8",
    "Rxd8",
    "Qf3",
    "Rc8",
    "Ne3",
    "Rxc1",
    "Bxc1",
    "e4",
    "Qf4",
    "Qa2",
    "Qc7",
    "Qxe2",
    "Qxa7",
    "h5",
    "Qxb6",
    "h4",
    "Qc6",
    "Ng4",
    "Nxg4",
    "Qxg4",
    "Qc4",
    "h3+",
    "Kg1",
    "Ng6",
    "Be3",
    "Ne5",
    "Qf1",
    "Nf3+",
    "Kh1",
    "Ne5",
    "b5",
    "Nc4",
    "Kg1",
    "Nxe3",
    "fxe3",
    "Qe6",
    "a4",
    "Qb3",
    "Qe1",
    "Qxa4",
    "Qb1",
    "Qa5",
    "b6",
    "Qd2",
    "Qf1",
    "Qxe3+",
    "Qf2",
    "Qc1+",
    "Qf1",
    "Qc5+",
    "Qf2",
    "e3",
    "Qe2",
    "Qxb6",
    "Kf1",
    "Qb1+",
    "Qe1",
    "Qe4",
    "Ke2",
    "Qg2+",
    "Kxe3",
    "Qxh2",
    "Kf4",
    "Qc2",
    "g4",
    "Qc7+",
    "Kf3",
    "Qc6+",
    "Kg3",
    "Qg2+",
    "Kf4",
    "h2"
  ]
}