{
  "event": "World Blitz Championship",
  "site": "Riyadh KSA",
  "date": "2017.12.30",
  "eventDate": "2017.12.29",
  "dateMillis": 1514563200000,
  "eventDateMillis": 1514476800000,
  "round": "15.1",
  "result": "1-0",
  "white": "Magnus Carlsen",
  "black": "Sergey Karjakin",
  "isCarlsenWin": true,
  "isDraw": false,
  "isCarlsenBlack": false,
  "moves": [
    "e4",
    "e5",
    "Nf3",
    "Nc6",
    "Bb5",
    "Nf6",
    "d3",
    "Bc5",
    "Bxc6",
    "dxc6",
    "Nc3",
    "O-O",
    "Be3",
    "Bd6",
    "Bg5",
    "Re8",
    "h3",
    "c5",
    "Nd5",
    "Be7",
    "Nxe7+",
    "Qxe7",
    "O-O",
    "h6",
    "Be3",
    "Nd7",
    "Nd2",
    "Nb8",
    "f4",
    "exf4",
    "Rxf4",
    "Nc6",
    "Qh5",
    "b6",
    "Raf1",
    "Rf8",
    "Nf3",
    "Be6",
    "Rh4",
    "f6",
    "Qg6",
    "Qf7",
    "Qg3",
    "Nb4",
    "Bxh6",
    "Nxc2",
    "Ne5",
    "fxe5",
    "Rxf7",
    "Rxf7",
    "Qg6",
    "Bxa2",
    "Bg5",
    "Rff8",
    "Rh7",
    "Rf7",
    "Bf6"
  ]
}