{
  "event": "Chess.com Speed Chess Championship 2017/18",
  "site": "chess.com INT",
  "date": "2018.01.03",
  "eventDate": "2017.05.03",
  "dateMillis": 1514908800000,
  "eventDateMillis": 1493740800000,
  "round": "4.3",
  "result": "1-0",
  "white": "Hikaru Nakamura",
  "black": "Magnus Carlsen",
  "isCarlsenWin": false,
  "isDraw": false,
  "isCarlsenBlack": true,
  "moves": [
    "d4",
    "Nf6",
    "c4",
    "e6",
    "Nf3",
    "d5",
    "Nc3",
    "Be7",
    "Bf4",
    "O-O",
    "e3",
    "Nbd7",
    "c5",
    "Ne4",
    "Rc1",
    "Nxc3",
    "Rxc3",
    "b6",
    "c6",
    "Nf6",
    "a3",
    "Ne4",
    "Rc2",
    "a5",
    "Bd3",
    "f6",
    "Qe2",
    "g5",
    "Bg3",
    "Bd6",
    "O-O",
    "Nxg3",
    "fxg3",
    "g4",
    "Nd2",
    "f5",
    "a4",
    "Qe7",
    "Bb5",
    "e5",
    "dxe5",
    "Qxe5",
    "Nb3",
    "Be6",
    "Nd4",
    "Rae8",
    "Qd3",
    "Bc8",
    "Re2",
    "Bc5",
    "Rd1",
    "Kg7",
    "Qc3",
    "Qf6",
    "Rf2",
    "Re4",
    "Rf4",
    "Rfe8",
    "Rxe4",
    "Rxe4",
    "Kf2",
    "Kg6",
    "Rd3",
    "f4",
    "gxf4",
    "Qh4+",
    "Kg1",
    "g3",
    "Nf3",
    "Qxf4",
    "Qxc5",
    "gxh2+",
    "Kh1",
    "bxc5",
    "exf4",
    "d4",
    "g3",
    "Be6",
    "Rd2",
    "Re3",
    "Ne5+",
    "Kf6",
    "Kxh2"
  ]
}