{
  "event": "Chess.com Speed Chess Championship 2017/18",
  "site": "chess.com INT",
  "date": "2018.01.03",
  "eventDate": "2017.05.03",
  "dateMillis": 1514908800000,
  "eventDateMillis": 1493740800000,
  "round": "4.22",
  "result": "1-0",
  "white": "Magnus Carlsen",
  "black": "Hikaru Nakamura",
  "isCarlsenWin": true,
  "isDraw": false,
  "isCarlsenBlack": false,
  "moves": [
    "e4",
    "c5",
    "Nf3",
    "d6",
    "Bb5+",
    "Bd7",
    "Bxd7+",
    "Nxd7",
    "O-O",
    "Ngf6",
    "d3",
    "e6",
    "Ng5",
    "Be7",
    "f4",
    "O-O",
    "c4",
    "Nb8",
    "Nc3",
    "Nc6",
    "Be3",
    "d5",
    "Bf2",
    "h6",
    "Nf3",
    "dxe4",
    "dxe4",
    "e5",
    "f5",
    "Re8",
    "Re1",
    "Nd4",
    "Nxe5",
    "Bd6",
    "Nf3",
    "Ng4",
    "h3",
    "Nxf2",
    "Kxf2",
    "Qb6",
    "b3",
    "Nxf3",
    "Qxf3",
    "Be5",
    "Nd5",
    "Qa5",
    "Rad1",
    "Qxa2+",
    "Re2",
    "Qa5",
    "f6",
    "Re6",
    "fxg7",
    "Rae8",
    "Kg1",
    "Rg6",
    "Rf1",
    "Rxg7",
    "Kh1",
    "Qd8",
    "Qe3",
    "Qd6",
    "Rf5",
    "Qg6",
    "Qf3",
    "Re6",
    "Rd2",
    "Kh7",
    "Rxe5"
  ]
}