{
  "event": "Chess.com Speed Chess Championship 2017/18",
  "site": "chess.com INT",
  "date": "2018.01.03",
  "eventDate": "2017.05.03",
  "dateMillis": 1514908800000,
  "eventDateMillis": 1493740800000,
  "round": "4.5",
  "result": "0-1",
  "white": "Hikaru Nakamura",
  "black": "Magnus Carlsen",
  "isCarlsenWin": true,
  "isDraw": false,
  "isCarlsenBlack": true,
  "moves": [
    "d4",
    "d5",
    "c4",
    "c6",
    "Nf3",
    "Nf6",
    "e3",
    "a6",
    "Bd3",
    "Bg4",
    "Nbd2",
    "e6",
    "h3",
    "Bh5",
    "Qc2",
    "dxc4",
    "Nxc4",
    "Bxf3",
    "gxf3",
    "c5",
    "dxc5",
    "Bxc5",
    "a3",
    "Nc6",
    "b4",
    "Be7",
    "Bb2",
    "Rc8",
    "Qb3",
    "Qd5",
    "Nd2",
    "Qh5",
    "f4",
    "O-O",
    "Be2",
    "Qf5",
    "Bd3",
    "Qh5",
    "Be2",
    "Qh6",
    "Bf3",
    "Rfd8",
    "Ke2",
    "Nd5",
    "Rad1",
    "Bf6",
    "Ne4",
    "Bxb2",
    "Qxb2",
    "Nce7",
    "Rhg1",
    "Ng6",
    "Rg3",
    "Qh4",
    "Ng5",
    "Nc3+",
    "Qxc3",
    "Rxc3",
    "Rxd8+",
    "Nf8",
    "Rg4",
    "Qh6",
    "Ne4",
    "Rc2+",
    "Ke1",
    "f5",
    "Ng5",
    "fxg4",
    "Bxg4",
    "Rc6",
    "Re8",
    "Qg6"
  ]
}