{
  "event": "Chess.com Speed Chess Championship 2017/18",
  "site": "chess.com INT",
  "date": "2018.01.03",
  "eventDate": "2017.05.03",
  "dateMillis": 1514908800000,
  "eventDateMillis": 1493740800000,
  "round": "4.25",
  "result": "1-0",
  "white": "Hikaru Nakamura",
  "black": "Magnus Carlsen",
  "isCarlsenWin": false,
  "isDraw": false,
  "isCarlsenBlack": true,
  "moves": [
    "b3",
    "a5",
    "Bb2",
    "a4",
    "e3",
    "e6",
    "Nf3",
    "Nf6",
    "Nc3",
    "a3",
    "Bc1",
    "d5",
    "d4",
    "Bb4",
    "Bd2",
    "O-O",
    "Bd3",
    "Re8",
    "Ne2",
    "Bxd2+",
    "Qxd2",
    "Nbd7",
    "c4",
    "e5",
    "dxe5",
    "Nxe5",
    "Nxe5",
    "Rxe5",
    "O-O",
    "dxc4",
    "Bxh7+"
  ]
}