{
  "event": "Chess.com Speed Chess Championship 2017/18",
  "site": "chess.com INT",
  "date": "2018.01.03",
  "eventDate": "2017.05.03",
  "dateMillis": 1514908800000,
  "eventDateMillis": 1493740800000,
  "round": "4.11",
  "result": "0-1",
  "white": "Hikaru Nakamura",
  "black": "Magnus Carlsen",
  "isCarlsenWin": true,
  "isDraw": false,
  "isCarlsenBlack": true,
  "moves": [
    "b3",
    "Nf6",
    "Bb2",
    "g6",
    "Nf3",
    "Bg7",
    "e3",
    "O-O",
    "d4",
    "c5",
    "dxc5",
    "Qa5+",
    "c3",
    "Qc7",
    "b4",
    "b6",
    "cxb6",
    "axb6",
    "c4",
    "Bb7",
    "Nbd2",
    "Rd8",
    "a3",
    "Nc6",
    "Rc1",
    "d6",
    "Qb3",
    "Ne5",
    "Be2",
    "Bc6",
    "O-O",
    "Ba4",
    "Qa2",
    "Ned7",
    "Nd4",
    "Rdc8",
    "Nb1",
    "Ne5",
    "Nc3",
    "Bd7",
    "Nd5",
    "Qd8",
    "Qb3",
    "h5",
    "Nxf6+",
    "Bxf6",
    "Nb5",
    "Be6",
    "Nd4",
    "Bd7",
    "f4",
    "Ng4",
    "h3",
    "Nh6",
    "Bf3",
    "Ba4",
    "Qd3",
    "Ra7",
    "b5",
    "Nf5",
    "g4",
    "hxg4",
    "hxg4",
    "Nxd4",
    "Bxd4",
    "e5",
    "Bc3",
    "exf4",
    "exf4",
    "Bxc3",
    "Rxc3",
    "Qf6",
    "Bc6",
    "Re7",
    "Qd2",
    "Re2",
    "Qxe2",
    "Qxc3",
    "Rf3",
    "Qd4+",
    "Kh2",
    "Bd1",
    "Qe3",
    "Qxc4",
    "Rg3",
    "Kg7",
    "Kg1",
    "Rh8",
    "g5",
    "Rh4",
    "Qc3+",
    "Qxc3",
    "Rxc3",
    "Rxf4",
    "Rd3",
    "Ba4",
    "Rxd6",
    "Rg4+",
    "Bg2",
    "Rxg5",
    "Rxb6",
    "Bxb5",
    "Kf2",
    "Bd7",
    "Rb7",
    "Be6",
    "Ra7",
    "Rc5",
    "a4",
    "Rc2+",
    "Kg3",
    "Ra2",
    "a5",
    "Ra3+",
    "Kf2",
    "g5",
    "Bc6",
    "g4",
    "a6",
    "Kf6",
    "Ra8",
    "Ke5",
    "Bb7",
    "Kf4",
    "Rf8",
    "g3+",
    "Ke2",
    "f5",
    "Rf6",
    "Bc4+",
    "Kd2",
    "Bxa6"
  ]
}