{
  "event": "Chess.com Speed Chess Championship 2017/18",
  "site": "chess.com INT",
  "date": "2018.01.03",
  "eventDate": "2017.05.03",
  "dateMillis": 1514908800000,
  "eventDateMillis": 1493740800000,
  "round": "4.1",
  "result": "0-1",
  "white": "Hikaru Nakamura",
  "black": "Magnus Carlsen",
  "isCarlsenWin": true,
  "isDraw": false,
  "isCarlsenBlack": true,
  "moves": [
    "d4",
    "Nf6",
    "Bf4",
    "b6",
    "Nf3",
    "Bb7",
    "e3",
    "e6",
    "h3",
    "Bd6",
    "Bxd6",
    "cxd6",
    "Nbd2",
    "O-O",
    "Bd3",
    "d5",
    "c3",
    "d6",
    "O-O",
    "Ba6",
    "Bxa6",
    "Nxa6",
    "a4",
    "Nc7",
    "Qe2",
    "h6",
    "Rfc1",
    "Qd7",
    "c4",
    "dxc4",
    "Rxc4",
    "Rac8",
    "Rac1",
    "Ncd5",
    "Ne1",
    "Nb4",
    "Nd3",
    "Rxc4",
    "Rxc4",
    "Nxd3",
    "Qxd3",
    "d5",
    "Rc1",
    "Qxa4",
    "Qc3",
    "Qb5",
    "b3",
    "Qe2",
    "Qc2",
    "a5",
    "Ne4",
    "Qxc2",
    "Nxf6+",
    "gxf6",
    "Rxc2",
    "b5",
    "Kf1",
    "Ra8",
    "Ke2",
    "a4",
    "b4",
    "a3",
    "Ra2",
    "Ra4",
    "Kd2",
    "Rxb4",
    "Rxa3",
    "Rb2+",
    "Ke1",
    "b4",
    "Ra8+",
    "Kg7",
    "Rb8",
    "h5",
    "g4",
    "h4",
    "Kf1",
    "b3",
    "Kg2",
    "Rb1",
    "Kf3",
    "e5",
    "Kg2",
    "b2",
    "Rb5",
    "Kf8",
    "Rb7",
    "Ke8",
    "g5",
    "exd4",
    "exd4",
    "fxg5",
    "Rb8+",
    "Kd7"
  ]
}