{
  "event": "World Blitz Championship",
  "site": "Riyadh KSA",
  "date": "2017.12.30",
  "eventDate": "2017.12.29",
  "dateMillis": 1514563200000,
  "eventDateMillis": 1514476800000,
  "round": "19.1",
  "result": "1-0",
  "white": "Magnus Carlsen",
  "black": "Vladislav Artemiev",
  "isCarlsenWin": true,
  "isDraw": false,
  "isCarlsenBlack": false,
  "moves": [
    "d4",
    "Nf6",
    "c4",
    "g6",
    "g3",
    "Bg7",
    "Bg2",
    "d5",
    "cxd5",
    "Nxd5",
    "Nf3",
    "Nb6",
    "Nc3",
    "Nc6",
    "e3",
    "O-O",
    "O-O",
    "Bd7",
    "b3",
    "Qc8",
    "Bb2",
    "Bh3",
    "Qe2",
    "Bxg2",
    "Kxg2",
    "a5",
    "Ne4",
    "a4",
    "Rac1",
    "Rd8",
    "Rfd1",
    "Rd5",
    "h3",
    "Rh5",
    "g4",
    "Rd5",
    "Nc5",
    "axb3",
    "axb3",
    "Ra2",
    "Ra1",
    "Rxa1",
    "Bxa1",
    "Nd7",
    "e4",
    "Rd6",
    "Nxd7",
    "Rxd7",
    "d5",
    "Nb8",
    "Bxg7",
    "Kxg7",
    "Qb2+",
    "Kg8",
    "Ra1",
    "Rd6",
    "b4",
    "e6",
    "dxe6",
    "Rxe6",
    "Ng5",
    "Ra6",
    "Qb3",
    "Qe8",
    "Rd1",
    "Rd6",
    "Rxd6",
    "cxd6",
    "Qd5",
    "Qe7",
    "b5",
    "b6",
    "Qa8",
    "Qc7",
    "Nf3",
    "Kg7",
    "Qa1+",
    "Kg8",
    "Qf6",
    "Qd7",
    "Nd4",
    "Qe8",
    "Qxd6",
    "Qxe4+",
    "Nf3",
    "Qb7",
    "h4",
    "Nd7",
    "Qc6",
    "Qa7",
    "Qc8+",
    "Kg7",
    "Qc3+",
    "Kg8",
    "h5",
    "gxh5",
    "gxh5",
    "h6",
    "Qc6",
    "Kh7",
    "Nd4",
    "Nc5",
    "Nf5",
    "Ne6",
    "Qc1",
    "Qb7+",
    "f3",
    "Ng5",
    "Qc6",
    "Qxc6",
    "bxc6",
    "Ne6",
    "Kf2",
    "b5",
    "Ke3",
    "f6",
    "Kd2",
    "Kg8",
    "Kc3",
    "Kf8",
    "Kb4",
    "Nc7",
    "Nxh6",
    "Ke7",
    "Nf5+",
    "Kf7",
    "Kc5",
    "Kf8",
    "Nd4"
  ]
}