{
  "event": "Chess.com Speed Chess Championship 2017/18",
  "site": "chess.com INT",
  "date": "2018.01.03",
  "eventDate": "2017.05.03",
  "dateMillis": 1514908800000,
  "eventDateMillis": 1493740800000,
  "round": "4.4",
  "result": "1-0",
  "white": "Magnus Carlsen",
  "black": "Hikaru Nakamura",
  "isCarlsenWin": true,
  "isDraw": false,
  "isCarlsenBlack": false,
  "moves": [
    "Nf3",
    "d5",
    "g3",
    "g6",
    "Bg2",
    "Bg7",
    "O-O",
    "e5",
    "d3",
    "Ne7",
    "e4",
    "O-O",
    "Nc3",
    "dxe4",
    "dxe4",
    "c6",
    "Qe2",
    "h6",
    "a4",
    "a5",
    "Rd1",
    "Qc7",
    "Be3",
    "Na6",
    "Nd2",
    "Be6",
    "Nc4",
    "Nc8",
    "Rd2",
    "Rb8",
    "Rad1",
    "Kh7",
    "h4",
    "h5",
    "Kh2",
    "b5",
    "Nd6",
    "Nxd6",
    "Rxd6",
    "Qb7",
    "Bh3",
    "Bxh3",
    "Kxh3",
    "Nc7",
    "Rd7",
    "Qc8",
    "Kh2",
    "Ne6",
    "R1d6",
    "Nd4",
    "Qd1",
    "Rb7",
    "Rxb7",
    "Qxb7",
    "axb5",
    "Nxb5",
    "Nxb5",
    "Qxb5",
    "b3",
    "a4",
    "bxa4",
    "Qxa4",
    "Qd3",
    "Rb8",
    "c4",
    "Bh6",
    "Bxh6",
    "Kxh6",
    "Rd7",
    "Kg7",
    "Kg2",
    "Re8",
    "Rc7",
    "Rf8",
    "Re7",
    "Qa1",
    "Qd6",
    "Qd4",
    "Qxe5+",
    "Qxe5",
    "Rxe5",
    "Ra8",
    "Rc5",
    "Ra6",
    "Kf3",
    "Kf6",
    "Kf4",
    "Ke6",
    "Re5+",
    "Kf6",
    "f3",
    "Ra4",
    "Rc5",
    "Ra6",
    "g4",
    "hxg4",
    "fxg4",
    "Ke6",
    "h5",
    "Kd6",
    "hxg6",
    "fxg6",
    "Rg5",
    "Ra8",
    "c5+"
  ]
}