{
  "event": "World Blitz Championship",
  "site": "Riyadh KSA",
  "date": "2017.12.30",
  "eventDate": "2017.12.29",
  "dateMillis": 1514563200000,
  "eventDateMillis": 1514476800000,
  "round": "21.1",
  "result": "1/2-1/2",
  "white": "Levon Aronian",
  "black": "Magnus Carlsen",
  "isCarlsenWin": false,
  "isDraw": true,
  "isCarlsenBlack": true,
  "moves": [
    "d4",
    "Nf6",
    "Nf3",
    "d5",
    "c4",
    "e6",
    "Nc3",
    "a6",
    "cxd5",
    "exd5",
    "Bg5",
    "Be6",
    "e3",
    "Nbd7",
    "Bd3",
    "Bd6",
    "Bf4",
    "Qe7",
    "O-O",
    "O-O",
    "h3",
    "Rfe8",
    "Qc2"
  ]
}