{
  "event": "Chess.com Speed Chess Championship 2017/18",
  "site": "chess.com INT",
  "date": "2018.01.03",
  "eventDate": "2017.05.03",
  "dateMillis": 1514908800000,
  "eventDateMillis": 1493740800000,
  "round": "4.12",
  "result": "0-1",
  "white": "Magnus Carlsen",
  "black": "Hikaru Nakamura",
  "isCarlsenWin": false,
  "isDraw": false,
  "isCarlsenBlack": false,
  "moves": [
    "d4",
    "Nf6",
    "c4",
    "g6",
    "Nf3",
    "Bg7",
    "b4",
    "d6",
    "e3",
    "O-O",
    "Be2",
    "e5",
    "Nc3",
    "e4",
    "Nd2",
    "Re8",
    "Bb2",
    "h5",
    "h3",
    "h4",
    "b5",
    "c6",
    "a4",
    "Bf5",
    "a5",
    "a6",
    "bxc6",
    "bxc6",
    "O-O",
    "Nbd7",
    "Na4",
    "Qxa5",
    "c5",
    "Qc7",
    "cxd6",
    "Qxd6",
    "Nc4",
    "Qc7",
    "Nc5",
    "a5",
    "Bc3",
    "Nxc5",
    "dxc5",
    "Nd5",
    "Bxg7",
    "Kxg7",
    "Qd4+",
    "Kg8",
    "Nd6",
    "Reb8",
    "Bc4",
    "Rb4",
    "Rfb1",
    "Rab8",
    "Rxb4",
    "axb4",
    "Bxd5",
    "cxd5",
    "Qxd5",
    "Be6",
    "Qd4",
    "f5",
    "Qf6",
    "Bf7",
    "c6",
    "b3",
    "Rb1",
    "Rb6",
    "Ra1",
    "Rb8",
    "Nxf7",
    "Qxf7",
    "Qd6",
    "Rc8",
    "Ra5",
    "Qe8",
    "Ra7",
    "Rxc6",
    "Qd4",
    "Rc1+",
    "Kh2",
    "Qb8+",
    "g3",
    "hxg3+",
    "Kg2",
    "Rc7",
    "Qd5+",
    "Kh7",
    "Ra8",
    "Qb7",
    "Qd8",
    "Kh6",
    "Qh4+",
    "Kg7",
    "Qh8+",
    "Kf7",
    "Rf8+",
    "Ke6",
    "Rf6+",
    "Kd5",
    "Qd8+",
    "Kc4",
    "Qd4+",
    "Kb5",
    "Rd6",
    "Rc4",
    "Rd5+",
    "Kb4",
    "Qd2+",
    "Ka3",
    "Ra5+",
    "Ra4",
    "Qc1+",
    "b2",
    "Qc3+",
    "Qb3",
    "Rxa4+",
    "Kxa4",
    "Qc6+",
    "Qb5",
    "Qc2+",
    "Ka3",
    "Qc3+",
    "Ka2",
    "Qc2",
    "Qb3",
    "Qd2",
    "gxf2",
    "Kxf2",
    "Qd3",
    "Qa5+",
    "Kb3"
  ]
}