{
  "event": "Chess.com Speed Chess Championship 2017/18",
  "site": "chess.com INT",
  "date": "2018.01.03",
  "eventDate": "2017.05.03",
  "dateMillis": 1514908800000,
  "eventDateMillis": 1493740800000,
  "round": "4.20",
  "result": "1-0",
  "white": "Magnus Carlsen",
  "black": "Hikaru Nakamura",
  "isCarlsenWin": true,
  "isDraw": false,
  "isCarlsenBlack": false,
  "moves": [
    "Nf3",
    "g6",
    "g3",
    "Bg7",
    "Bg2",
    "d6",
    "O-O",
    "Bd7",
    "c4",
    "Qc8",
    "Nc3",
    "Nc6",
    "d4",
    "Bh3",
    "Qa4",
    "Bd7",
    "d5",
    "Ne5",
    "Qb3",
    "h5",
    "h4",
    "Ng4",
    "c5",
    "dxc5",
    "Bf4",
    "N8f6",
    "Nb5",
    "Nxd5",
    "Ng5",
    "e6",
    "Bxd5",
    "Bxb5",
    "Bxe6",
    "fxe6",
    "Qxb5+",
    "c6",
    "Qxc5",
    "e5",
    "Qc4",
    "Qf5",
    "e4",
    "Qf6",
    "Be3",
    "O-O-O",
    "Bxa7",
    "Rd7",
    "Bb6",
    "Bh6",
    "Qa4",
    "Rd3",
    "Rad1",
    "Rd4"
  ]
}