{
  "event": "Chess.com Speed Chess Championship 2017/18",
  "site": "chess.com INT",
  "date": "2018.01.03",
  "eventDate": "2017.05.03",
  "dateMillis": 1514908800000,
  "eventDateMillis": 1493740800000,
  "round": "4.2",
  "result": "1/2-1/2",
  "white": "Magnus Carlsen",
  "black": "Hikaru Nakamura",
  "isCarlsenWin": false,
  "isDraw": true,
  "isCarlsenBlack": false,
  "moves": [
    "Nf3",
    "d5",
    "g3",
    "g6",
    "c4",
    "dxc4",
    "Na3",
    "Nc6",
    "Nxc4",
    "Bg7",
    "Bg2",
    "e5",
    "d3",
    "e4",
    "dxe4",
    "Qxd1+",
    "Kxd1",
    "Nf6",
    "Ne3",
    "Nxe4",
    "Ke1",
    "Be6",
    "Nd2",
    "Nd6",
    "Bxc6+",
    "bxc6",
    "Nb3",
    "Rb8",
    "f3",
    "O-O",
    "Kf2",
    "Bxb3",
    "axb3",
    "Rxb3",
    "Rd1",
    "Ra8",
    "Rd2",
    "a5",
    "Nd1",
    "c5",
    "Rc2",
    "c4",
    "Bd2",
    "a4",
    "Bc3",
    "Bxc3",
    "Nxc3",
    "a3",
    "Nb1",
    "Nb5",
    "Nxa3",
    "c3",
    "Nxb5",
    "Rxa1",
    "Nxc3",
    "Rh1",
    "h4",
    "Kg7",
    "Ne4",
    "h6",
    "Nc5",
    "Rb6",
    "Nd3",
    "Re6",
    "Kg2",
    "Rb1",
    "Kf2",
    "Re7",
    "b4",
    "Rh1",
    "Kg2",
    "Rb1",
    "Kf2",
    "Rb3",
    "Kf1",
    "Ra3",
    "Kf2",
    "Ra1",
    "Kg2",
    "Rd1",
    "Kf2",
    "Ra1",
    "Kg2",
    "Ra6",
    "Kf2",
    "Rf6",
    "Nf4",
    "Rd6",
    "Nd3",
    "c6",
    "Rc4",
    "Rde6",
    "Nf4",
    "Rd6",
    "Nd3",
    "Ra7",
    "Rc2",
    "Re6",
    "Nc5",
    "Rd6",
    "Nd3",
    "Ra1",
    "Kg2",
    "Ra6",
    "Kf2",
    "Rb6",
    "Rc4",
    "Re6",
    "Nc5",
    "Re7",
    "Nd3",
    "Re6",
    "Nc5",
    "Re8",
    "Nd3",
    "Ra6",
    "Rc2",
    "Ra3",
    "Rxc6",
    "Ra2",
    "Nc1",
    "Rb2",
    "Rc4",
    "Rd8",
    "Re4",
    "Rd1",
    "Rc4",
    "g5",
    "hxg5",
    "hxg5",
    "g4",
    "Rd8"
  ]
}