{
  "event": "Chess.com Speed Chess Championship 2017/18",
  "site": "chess.com INT",
  "date": "2018.01.03",
  "eventDate": "2017.05.03",
  "dateMillis": 1514908800000,
  "eventDateMillis": 1493740800000,
  "round": "4.15",
  "result": "1/2-1/2",
  "white": "Hikaru Nakamura",
  "black": "Magnus Carlsen",
  "isCarlsenWin": false,
  "isDraw": true,
  "isCarlsenBlack": true,
  "moves": [
    "b3",
    "e5",
    "Bb2",
    "d6",
    "e3",
    "g6",
    "d4",
    "Bg7",
    "dxe5",
    "Nd7",
    "c4",
    "dxe5",
    "Nc3",
    "Ngf6",
    "Ba3",
    "Bf8",
    "Bb2",
    "Bg7",
    "Nf3",
    "O-O",
    "Be2",
    "c6",
    "O-O",
    "Re8",
    "b4",
    "e4",
    "Nd2",
    "Ne5",
    "Ndxe4",
    "Nxe4",
    "Nxe4",
    "Nf3+",
    "Bxf3",
    "Bxb2",
    "Nd6",
    "Re6",
    "Nxc8",
    "Rxc8",
    "Rb1",
    "Be5",
    "c5",
    "Qe7",
    "Qc2",
    "a5",
    "a3",
    "axb4",
    "axb4",
    "Rd8",
    "Rfd1",
    "Rxd1+",
    "Qxd1",
    "h5",
    "Qd3",
    "Qf6",
    "b5",
    "Kg7",
    "h3",
    "Re7",
    "bxc6",
    "bxc6",
    "Qa6",
    "Re6",
    "Be2",
    "Bc7",
    "Bc4",
    "Qe5",
    "Bxe6",
    "Qh2+",
    "Kf1",
    "Qh1+",
    "Ke2",
    "Qxb1",
    "Qa2",
    "Qxa2+",
    "Bxa2",
    "Kf6",
    "Bb3",
    "Ke7",
    "f4",
    "h4"
  ]
}