{
  "event": "Chess.com Speed Chess Championship 2017/18",
  "site": "chess.com INT",
  "date": "2018.01.03",
  "eventDate": "2017.05.03",
  "dateMillis": 1514908800000,
  "eventDateMillis": 1493740800000,
  "round": "4.7",
  "result": "0-1",
  "white": "Hikaru Nakamura",
  "black": "Magnus Carlsen",
  "isCarlsenWin": true,
  "isDraw": false,
  "isCarlsenBlack": true,
  "moves": [
    "e4",
    "e5",
    "Nf3",
    "Nc6",
    "d4",
    "exd4",
    "Nxd4",
    "Bb4+",
    "c3",
    "Bc5",
    "Nf5",
    "g6",
    "Be3",
    "Bf8",
    "Nd4",
    "Bg7",
    "g3",
    "Nf6",
    "Bg2",
    "O-O",
    "O-O",
    "Re8",
    "Nd2",
    "d6",
    "h3",
    "Ne5",
    "f4",
    "Ned7",
    "Bf2",
    "Nc5",
    "Qc2",
    "Bd7",
    "Rfe1",
    "a5",
    "Rad1",
    "Qc8",
    "Kh2",
    "h5",
    "N4f3",
    "Ne6",
    "e5",
    "dxe5",
    "Nxe5",
    "h4",
    "Nxd7",
    "Nxd7",
    "f5",
    "Nef8",
    "g4",
    "Be5+",
    "Kh1",
    "Bg3",
    "Bxg3",
    "hxg3",
    "Ne4",
    "gxf5",
    "gxf5",
    "Ra6",
    "Qd3",
    "Kh8",
    "Qxg3",
    "Nh7",
    "Qh4",
    "Nf6",
    "Nxf6",
    "Rxe1+",
    "Rxe1",
    "Rxf6",
    "Be4",
    "b6",
    "Qf4",
    "Qd8",
    "Rg1",
    "Qd6",
    "Qg4",
    "Qf8",
    "Bd5",
    "Rh6",
    "Qd4+",
    "Nf6",
    "Bg2",
    "Qe7",
    "Qd2",
    "Ng4",
    "Re1",
    "Qh4",
    "Re8+",
    "Kh7",
    "Qd4",
    "Nf2+",
    "Kh2",
    "Qxd4",
    "cxd4",
    "Rd6",
    "Re7",
    "Kg7",
    "d5",
    "Nd3",
    "Rxc7",
    "Nb4",
    "Rc3",
    "Rd7",
    "f6+",
    "Kxf6",
    "a3",
    "Nxd5",
    "Rd3",
    "Ke5",
    "Rxd5+",
    "Rxd5",
    "Bxd5",
    "Kxd5",
    "h4",
    "Ke4",
    "Kg3",
    "f5",
    "h5",
    "Ke3",
    "h6",
    "f4+",
    "Kg4",
    "f3",
    "h7",
    "f2",
    "h8=Q",
    "f1=Q",
    "Qc3+",
    "Qd3",
    "Qc1+",
    "Ke2",
    "Qc6",
    "Qd4+",
    "Kf5",
    "Kd3",
    "Ke6",
    "Qxb2",
    "a4",
    "Qb4",
    "Qf3+",
    "Kc2"
  ]
}