{
  "event": "Chess.com Speed Chess Championship 2017/18",
  "site": "chess.com INT",
  "date": "2018.01.03",
  "eventDate": "2017.05.03",
  "dateMillis": 1514908800000,
  "eventDateMillis": 1493740800000,
  "round": "4.21",
  "result": "0-1",
  "white": "Hikaru Nakamura",
  "black": "Magnus Carlsen",
  "isCarlsenWin": true,
  "isDraw": false,
  "isCarlsenBlack": true,
  "moves": [
    "d4",
    "d5",
    "Nf3",
    "c6",
    "c4",
    "Nf6",
    "Nc3",
    "a6",
    "Bf4",
    "dxc4",
    "e3",
    "b5",
    "Be2",
    "Bb7",
    "b3",
    "cxb3",
    "Qxb3",
    "e6",
    "O-O",
    "Nbd7",
    "Ng5",
    "Be7",
    "a4",
    "O-O",
    "Bf3",
    "Nd5",
    "Nh3",
    "Nxc3",
    "Qxc3",
    "Nb6",
    "Qb3",
    "Qd7",
    "Ng5",
    "Bxg5",
    "Bxg5",
    "Nxa4",
    "Rxa4",
    "bxa4",
    "Qxa4",
    "a5",
    "Rc1",
    "Rfc8",
    "h4",
    "h6",
    "Bf4",
    "Qe7",
    "h5",
    "c5",
    "Bd6",
    "Qxd6",
    "Bxb7",
    "c4",
    "Bxa8",
    "Rxa8",
    "Rxc4",
    "Qd5",
    "Rc5",
    "Qd8",
    "Rb5",
    "Qe8",
    "g3",
    "f5",
    "Qc4",
    "a4",
    "Rb6",
    "a3",
    "Ra6",
    "Kh7",
    "g4",
    "Rxa6",
    "Qxa6",
    "fxg4",
    "Qd3+",
    "Kg8",
    "Qxa3",
    "Qxh5",
    "Qd6",
    "Qd5",
    "Qe7",
    "Qf5",
    "Qe8+",
    "Kh7",
    "Qd7",
    "Qe4",
    "Qf7",
    "g3",
    "Qc7",
    "gxf2+",
    "Kxf2",
    "Qf5+",
    "Ke2",
    "h5",
    "e4",
    "Qxe4+",
    "Kf2",
    "Qxd4+"
  ]
}