{
  "event": "Chess.com Speed Chess Championship 2017/18",
  "site": "chess.com INT",
  "date": "2018.01.03",
  "eventDate": "2017.05.03",
  "dateMillis": 1514908800000,
  "eventDateMillis": 1493740800000,
  "round": "4.18",
  "result": "1-0",
  "white": "Magnus Carlsen",
  "black": "Hikaru Nakamura",
  "isCarlsenWin": true,
  "isDraw": false,
  "isCarlsenBlack": false,
  "moves": [
    "Nf3",
    "d5",
    "g3",
    "g6",
    "Bg2",
    "Bg7",
    "O-O",
    "e5",
    "d3",
    "Ne7",
    "e4",
    "O-O",
    "exd5",
    "Nxd5",
    "Re1",
    "Nc6",
    "Nc3",
    "Nde7",
    "Rb1",
    "a5",
    "a3",
    "Re8",
    "b4",
    "axb4",
    "axb4",
    "Nf5",
    "Bg5",
    "f6",
    "Bd2",
    "Be6",
    "b5",
    "Nce7",
    "g4",
    "Nd4",
    "Nxd4",
    "Qxd4",
    "Bxb7",
    "Bxg4",
    "Bf3",
    "Bxf3",
    "Qxf3",
    "Ra3",
    "b6",
    "c6",
    "Ne4",
    "Nf5",
    "Bb4",
    "Ra2",
    "Bc5",
    "Qd7",
    "Ra1",
    "Rxc2",
    "Ra7",
    "Qd5",
    "Rb1",
    "Rxc5",
    "b7",
    "g5",
    "b8=Q"
  ]
}