{
  "event": "Chess.com Speed Chess Championship 2017/18",
  "site": "chess.com INT",
  "date": "2018.01.03",
  "eventDate": "2017.05.03",
  "dateMillis": 1514908800000,
  "eventDateMillis": 1493740800000,
  "round": "4.14",
  "result": "1-0",
  "white": "Magnus Carlsen",
  "black": "Hikaru Nakamura",
  "isCarlsenWin": true,
  "isDraw": false,
  "isCarlsenBlack": false,
  "moves": [
    "e4",
    "c5",
    "Nf3",
    "d6",
    "d4",
    "cxd4",
    "Nxd4",
    "Nf6",
    "Nc3",
    "a6",
    "a3",
    "g6",
    "Be3",
    "Bg7",
    "f3",
    "Nc6",
    "Qd2",
    "d5",
    "exd5",
    "Nxd5",
    "Nxc6",
    "bxc6",
    "Bd4",
    "Bxd4",
    "Qxd4",
    "O-O",
    "O-O-O",
    "Qc7",
    "Bc4",
    "e5",
    "Qd2",
    "Be6",
    "Ne4",
    "Rfd8",
    "Qg5",
    "Nf4",
    "Bxe6",
    "Nxe6",
    "Qf6",
    "Rd5",
    "h4",
    "Rad8",
    "Rde1",
    "Nc5",
    "Nc3",
    "R8d6",
    "Qg5",
    "f6",
    "Qe3",
    "Rd4",
    "g4",
    "Qa5",
    "Kb1",
    "Na4",
    "Ne4",
    "Rd8",
    "Nxf6+",
    "Kg7",
    "Nh5+",
    "Kg8",
    "Qb3+",
    "Kh8",
    "Qf7",
    "gxh5",
    "Qf6+",
    "Kg8",
    "gxh5",
    "Nc3+",
    "Ka1",
    "Rd1+",
    "Rxd1",
    "Rxd1+",
    "Rxd1",
    "Nxd1",
    "Qe6+",
    "Kf8",
    "Qd6+",
    "Kf7",
    "Qxd1",
    "Qd5",
    "Qxd5+",
    "cxd5",
    "b4",
    "Ke6",
    "Kb2",
    "Kf5",
    "a4",
    "e4",
    "fxe4+",
    "dxe4",
    "Kc3",
    "Kf4",
    "Kd2"
  ]
}