{
  "event": "Chess.com Speed Chess Championship 2017/18",
  "site": "chess.com INT",
  "date": "2018.01.03",
  "eventDate": "2017.05.03",
  "dateMillis": 1514908800000,
  "eventDateMillis": 1493740800000,
  "round": "4.10",
  "result": "1/2-1/2",
  "white": "Magnus Carlsen",
  "black": "Hikaru Nakamura",
  "isCarlsenWin": false,
  "isDraw": true,
  "isCarlsenBlack": false,
  "moves": [
    "e4",
    "c5",
    "Nf3",
    "d6",
    "Bb5+",
    "Bd7",
    "c4",
    "Nf6",
    "Nc3",
    "a6",
    "Bxd7+",
    "Nbxd7",
    "d4",
    "cxd4",
    "Nxd4",
    "Rc8",
    "Qe2",
    "Qc7",
    "b3",
    "b5",
    "Nd5",
    "Nxd5",
    "exd5",
    "bxc4",
    "O-O",
    "Nf6",
    "Bg5",
    "Nxd5",
    "Rac1",
    "c3",
    "Qxa6",
    "e6",
    "Rfd1",
    "Qd7",
    "Nb5",
    "f6",
    "Be3",
    "Be7",
    "Rxd5",
    "exd5",
    "Nxc3",
    "Kf7",
    "Qd3",
    "d4",
    "Bxd4",
    "d5",
    "Rd1",
    "Bb4",
    "Ne2",
    "Qc6",
    "Be3",
    "Rhd8",
    "Qxh7",
    "Qc2",
    "Qh5+",
    "Kg8",
    "Nd4",
    "Qe4",
    "h3",
    "Bc5",
    "a4",
    "Bxd4",
    "Rxd4",
    "Qb1+",
    "Qd1",
    "Qxd1+",
    "Rxd1",
    "Rc3",
    "b4",
    "Rc4",
    "Bb6",
    "Ra8",
    "a5",
    "Rxb4",
    "Rxd5",
    "Rc8",
    "g3",
    "Ra4",
    "Kg2",
    "Rc2",
    "h4",
    "Raa2",
    "h5",
    "Kh7",
    "Be3",
    "Rc3",
    "Bb6",
    "Rb3",
    "Kh3",
    "Rb1",
    "Be3",
    "Rh1+",
    "Kg2",
    "Re1",
    "Kf3",
    "Ra3",
    "g4",
    "Rea1",
    "Rd7",
    "Kg8",
    "g5",
    "fxg5",
    "Kg2",
    "Rxa5",
    "Bd4",
    "Rd1",
    "Rxg7+",
    "Kf8",
    "Bf6",
    "Rf5",
    "Bc3",
    "Rc5",
    "Bf6",
    "Rf5",
    "Bc3",
    "Rd3",
    "Rc7",
    "Rdf3",
    "Bd4",
    "Rf7",
    "Rc8+",
    "Ke7",
    "Rg8",
    "R3f5",
    "Be3",
    "Rh7",
    "Rxg5",
    "Rxh5",
    "Rxh5",
    "Rxh5",
    "Kf3"
  ]
}