{
  "event": "Chess.com Speed Chess Championship 2017/18",
  "site": "chess.com INT",
  "date": "2018.01.03",
  "eventDate": "2017.05.03",
  "dateMillis": 1514908800000,
  "eventDateMillis": 1493740800000,
  "round": "4.23",
  "result": "0-1",
  "white": "Hikaru Nakamura",
  "black": "Magnus Carlsen",
  "isCarlsenWin": true,
  "isDraw": false,
  "isCarlsenBlack": true,
  "moves": [
    "e4",
    "c6",
    "Nc3",
    "d5",
    "Nf3",
    "Bg4",
    "h3",
    "Bxf3",
    "Qxf3",
    "e6",
    "d3",
    "Nf6",
    "g3",
    "Bb4",
    "a3",
    "Bxc3+",
    "bxc3",
    "dxe4",
    "dxe4",
    "Nbd7",
    "Bg2",
    "O-O",
    "O-O",
    "Qa5",
    "a4",
    "Rfd8",
    "Qe3",
    "Nb6",
    "f4",
    "Nc4",
    "Qf3",
    "Nd2",
    "Bxd2",
    "Rxd2",
    "Rab1",
    "b6",
    "Rfd1",
    "Rad8",
    "Rxd2",
    "Rxd2",
    "Rd1",
    "Nxe4",
    "Rxd2",
    "Nxd2",
    "Qd3",
    "Qc5+",
    "Kh2",
    "Nc4",
    "Qd8+",
    "Qf8",
    "Qc7",
    "g6",
    "Qxa7",
    "Qd8",
    "Qa6",
    "Nb2",
    "Bxc6",
    "Nd1",
    "Qd3",
    "Qxd3",
    "cxd3",
    "Nxc3",
    "Kg2",
    "Kf8",
    "Kf3",
    "Ke7",
    "Ke3",
    "Kd6",
    "Be8",
    "f6",
    "Kd2",
    "Nd5",
    "d4",
    "Nc7",
    "Bf7",
    "Ke7",
    "Bg8",
    "h6",
    "Kc3",
    "Kf8"
  ]
}