{
  "event": "Chess.com Speed Chess Championship 2017/18",
  "site": "chess.com INT",
  "date": "2018.01.03",
  "eventDate": "2017.05.03",
  "dateMillis": 1514908800000,
  "eventDateMillis": 1493740800000,
  "round": "4.13",
  "result": "1/2-1/2",
  "white": "Hikaru Nakamura",
  "black": "Magnus Carlsen",
  "isCarlsenWin": false,
  "isDraw": true,
  "isCarlsenBlack": true,
  "moves": [
    "b3",
    "Nf6",
    "Bb2",
    "g6",
    "Nf3",
    "Bg7",
    "e3",
    "c5",
    "d4",
    "cxd4",
    "Nxd4",
    "b6",
    "Qf3",
    "d5",
    "Bb5+",
    "Bd7",
    "O-O",
    "e5",
    "Bxd7+",
    "Qxd7",
    "Ne2",
    "e4",
    "Qh3",
    "Qxh3",
    "gxh3",
    "Nc6",
    "Rd1",
    "O-O-O",
    "Nbc3",
    "Ne8",
    "Rab1",
    "Nc7",
    "Nf4",
    "Bxc3",
    "Bxc3",
    "Rhe8",
    "Rd2",
    "Rd7",
    "Rbd1",
    "Ne5",
    "Bxe5",
    "Rxe5",
    "c4",
    "Rd6",
    "a4",
    "a5",
    "Nxd5",
    "Nxd5",
    "cxd5",
    "Kd7",
    "Rd4",
    "Rf6",
    "Rc1",
    "Rd6",
    "Rcd1",
    "Rf6",
    "Kg2",
    "Rg5+",
    "Kf1",
    "Re5",
    "b4",
    "Rd6",
    "bxa5",
    "bxa5",
    "Kg2",
    "Ke7",
    "Rc4",
    "Rexd5",
    "Rxd5",
    "Rxd5",
    "Rxe4+",
    "Kd6",
    "h4",
    "Rd2",
    "Kf3",
    "Rb2",
    "Rd4+",
    "Ke6",
    "Kg3",
    "Rb4",
    "Kf4",
    "Rb2",
    "Kf3",
    "h5",
    "Re4+",
    "Kd6",
    "Rd4+",
    "Ke6",
    "h3",
    "Ra2",
    "Kg3",
    "Rb2",
    "f3",
    "Rb4",
    "Kf4",
    "Rb3",
    "e4",
    "Ra3",
    "Rc4",
    "f6",
    "Rc6+",
    "Ke7",
    "Rc7+",
    "Kf8",
    "Rc4",
    "Kf7",
    "Kg3",
    "Ke6",
    "Rc6+",
    "Ke7",
    "Rc7+",
    "Kf8",
    "Rc4",
    "Ke7",
    "Kf2",
    "Kd6",
    "Rd4+",
    "Ke5",
    "Rc4",
    "Kf4",
    "e5+",
    "Kxe5",
    "Rc5+",
    "Kf4",
    "Rc4+",
    "Ke5",
    "Rc5+",
    "Kf4",
    "Rc4+"
  ]
}