{
  "event": "Chess.com Speed Chess Championship 2017/18",
  "site": "chess.com INT",
  "date": "2018.01.03",
  "eventDate": "2017.05.03",
  "dateMillis": 1514908800000,
  "eventDateMillis": 1493740800000,
  "round": "4.26",
  "result": "1-0",
  "white": "Magnus Carlsen",
  "black": "Hikaru Nakamura",
  "isCarlsenWin": true,
  "isDraw": false,
  "isCarlsenBlack": false,
  "moves": [
    "e4",
    "c5",
    "Nf3",
    "d6",
    "Bb5+",
    "Bd7",
    "Bxd7+",
    "Nxd7",
    "O-O",
    "Ngf6",
    "d3",
    "g6",
    "Ng5",
    "Bg7",
    "f4",
    "O-O",
    "c4",
    "Nb8",
    "Nc3",
    "Nc6",
    "Be3",
    "a6",
    "a4",
    "e6",
    "Kh1",
    "Qe7",
    "Qe1",
    "Rad8",
    "Rd1",
    "d5",
    "e5",
    "d4",
    "exf6",
    "Bxf6",
    "Qh4",
    "h5",
    "g4",
    "dxe3",
    "gxh5",
    "Nd4",
    "Rde1",
    "Nf5",
    "Qh3",
    "Bxg5",
    "fxg5",
    "Qxg5",
    "hxg6",
    "fxg6",
    "Rg1",
    "Qf6",
    "Ne4",
    "Qg7",
    "Nxc5",
    "Rfe8",
    "a5",
    "Kf7",
    "Qg2",
    "Re7",
    "Rgf1",
    "Qd4",
    "b4",
    "Rh8",
    "Re2",
    "Kg7",
    "Rg1",
    "Rh6",
    "Qe4",
    "e5",
    "Qxf5",
    "Qf4",
    "Qg4",
    "Kh7",
    "Ne4",
    "Kg7",
    "Qg3",
    "Re8",
    "Rxe3",
    "Rxh2+",
    "Kxh2"
  ]
}