{
  "event": "Chess.com Speed Chess Championship 2017/18",
  "site": "chess.com INT",
  "date": "2018.01.03",
  "eventDate": "2017.05.03",
  "dateMillis": 1514908800000,
  "eventDateMillis": 1493740800000,
  "round": "4.8",
  "result": "1-0",
  "white": "Magnus Carlsen",
  "black": "Hikaru Nakamura",
  "isCarlsenWin": true,
  "isDraw": false,
  "isCarlsenBlack": false,
  "moves": [
    "d4",
    "Nf6",
    "c4",
    "g6",
    "Nc3",
    "Bg7",
    "e4",
    "d6",
    "Nf3",
    "O-O",
    "h3",
    "e5",
    "d5",
    "a5",
    "Be3",
    "Na6",
    "g4",
    "Nd7",
    "Nd2",
    "Ndc5",
    "Rg1",
    "Kh8",
    "a3",
    "Bd7",
    "Qc2",
    "c6",
    "O-O-O",
    "cxd5",
    "cxd5",
    "Rc8",
    "Kb1",
    "a4",
    "h4",
    "f5",
    "h5",
    "f4",
    "Bxc5",
    "Nxc5",
    "hxg6",
    "hxg6",
    "g5",
    "Rf7",
    "Bb5",
    "Kg8",
    "Bxd7",
    "Qxd7",
    "Nc4",
    "Qd8",
    "Nb5",
    "Bf8",
    "Rh1",
    "Qd7",
    "Nc3",
    "Rc7",
    "Nb6",
    "Qe8",
    "f3",
    "Nb3",
    "Nbxa4",
    "Nd4",
    "Qh2",
    "Rh7",
    "Qf2",
    "b5",
    "Rxh7",
    "Rxh7",
    "Nb6",
    "Qd8",
    "Nxb5",
    "Nxb5",
    "Nc4",
    "Nd4",
    "Qg2",
    "Rc7",
    "Rc1",
    "Qc8",
    "Qf1",
    "Nb3",
    "Rc3",
    "Nd4",
    "Ka2",
    "Qa6",
    "Qd3",
    "Qa7",
    "Nd2",
    "Be7",
    "Rxc7",
    "Qxc7",
    "Nb3",
    "Qc2",
    "Qxc2",
    "Nxc2",
    "Na5",
    "Bxg5",
    "Nc6",
    "Kf7",
    "a4",
    "Bh4",
    "a5",
    "Bf2",
    "b4",
    "Ke8",
    "b5",
    "Kd7",
    "b6",
    "Kc8",
    "Kb3",
    "Nd4+",
    "Kc4",
    "Kb7",
    "Nd8+",
    "Ka6",
    "b7",
    "Ka7",
    "a6",
    "g5",
    "Nf7",
    "Bh4",
    "Nxd6",
    "g4",
    "Nc8+",
    "Kb8",
    "Nb6"
  ]
}