{
  "event": "Tata Steel Masters",
  "site": "Wijk aan Zee NED",
  "date": "2018.01.26",
  "eventDate": "2017.01.14",
  "dateMillis": 1516896000000,
  "eventDateMillis": 1484323200000,
  "round": "11",
  "result": "1/2-1/2",
  "white": "Shakhriyar Mamedyarov",
  "black": "Magnus Carlsen",
  "isCarlsenWin": false,
  "isDraw": true,
  "isCarlsenBlack": true,
  "moves": [
    "d4",
    "Nf6",
    "c4",
    "e6",
    "Nc3",
    "Bb4",
    "Qc2",
    "d5",
    "cxd5",
    "Qxd5",
    "e3",
    "c5",
    "Bd2",
    "Bxc3",
    "Bxc3",
    "cxd4",
    "Bxd4",
    "Nc6",
    "Bc3",
    "O-O",
    "Nf3",
    "Rd8",
    "Be2",
    "Qe4",
    "Rc1",
    "Qxc2",
    "Rxc2",
    "Nd5",
    "Ne5",
    "Bd7",
    "Nxc6",
    "Bxc6",
    "Bd2",
    "Ne7",
    "f3",
    "Rac8",
    "e4",
    "f6",
    "Be3",
    "a6",
    "Kf2",
    "Bb5",
    "Rhc1",
    "Rxc2",
    "Rxc2",
    "Bxe2",
    "Kxe2",
    "Nc6",
    "b4",
    "Rc8",
    "Rc5",
    "b5",
    "f4",
    "Kf7",
    "a3",
    "Ne7",
    "Rxc8",
    "Nxc8",
    "Bc5",
    "Ne7",
    "Bxe7",
    "Kxe7",
    "Kf3",
    "Kd6",
    "Ke3",
    "e5",
    "f5",
    "Ke7",
    "g4",
    "Kf7",
    "h4",
    "Kg8",
    "Kf3",
    "h6",
    "h5"
  ]
}