{
  "event": "Tata Steel Masters",
  "site": "Wijk aan Zee NED",
  "date": "2018.01.23",
  "eventDate": "2017.01.14",
  "dateMillis": 1516636800000,
  "eventDateMillis": 1484323200000,
  "round": "9",
  "result": "1/2-1/2",
  "white": "Viswanathan Anand",
  "black": "Magnus Carlsen",
  "isCarlsenWin": false,
  "isDraw": true,
  "isCarlsenBlack": true,
  "moves": [
    "e4",
    "e5",
    "Nf3",
    "Nc6",
    "Bb5",
    "a6",
    "Ba4",
    "Nf6",
    "O-O",
    "Be7",
    "Re1",
    "b5",
    "Bb3",
    "d6",
    "c3",
    "O-O",
    "h3",
    "Nb8",
    "d4",
    "Nbd7",
    "Nbd2",
    "Bb7",
    "Bc2",
    "Re8",
    "Nf1",
    "Bf8",
    "Ng3",
    "g6",
    "a4",
    "Nb6",
    "axb5",
    "axb5",
    "Bg5",
    "Bg7",
    "Bd3",
    "Rxa1",
    "Qxa1",
    "c6",
    "Be3",
    "Qc7",
    "dxe5",
    "dxe5",
    "Qc1",
    "Bc8",
    "Qc2",
    "Nfd7",
    "c4",
    "Nxc4",
    "Bxc4",
    "bxc4",
    "Qxc4",
    "Nf8",
    "Rc1",
    "Bb7",
    "Nf1",
    "Ne6",
    "N1d2",
    "Qa5",
    "Ng5",
    "Nxg5",
    "Bxg5",
    "Bf8",
    "Be3"
  ]
}