{
  "event": "Tata Steel Masters",
  "site": "Wijk aan Zee NED",
  "date": "2018.01.16",
  "eventDate": "2018.01.12",
  "dateMillis": 1516032000000,
  "eventDateMillis": 1515686400000,
  "round": "4",
  "result": "1/2-1/2",
  "white": "Anish Giri",
  "black": "Magnus Carlsen",
  "isCarlsenWin": false,
  "isDraw": true,
  "isCarlsenBlack": true,
  "moves": [
    "e4",
    "e6",
    "d4",
    "d5",
    "Nc3",
    "Bb4",
    "e5",
    "Ne7",
    "a3",
    "Bxc3+",
    "bxc3",
    "c5",
    "Qg4",
    "cxd4",
    "Qxg7",
    "Rg8",
    "Qxh7",
    "Qc7",
    "Ne2",
    "Nbc6",
    "f4",
    "dxc3",
    "Nxc3",
    "Nd4",
    "Bb2",
    "Bd7",
    "O-O-O",
    "Qb6",
    "Qd3",
    "Ndf5",
    "Rd2",
    "Rc8",
    "g3",
    "Ne3",
    "Ne4",
    "Rxc2+",
    "Rxc2",
    "dxe4",
    "Qxe4",
    "Nxc2",
    "Qxc2",
    "Bc6",
    "Bg2",
    "Bxg2",
    "Qxg2",
    "Nd5",
    "Kb1",
    "Nc3+",
    "Ka1",
    "Qb3",
    "Bxc3",
    "Qxa3+",
    "Kb1",
    "Qxc3",
    "Rc1",
    "Qb4+",
    "Qb2",
    "Qe4+",
    "Qc2",
    "Qb4+",
    "Qb2"
  ]
}