{
  "event": "Tata Steel Masters",
  "site": "Wijk aan Zee NED",
  "date": "2018.01.13",
  "eventDate": "2017.01.14",
  "dateMillis": 1515772800000,
  "eventDateMillis": 1484323200000,
  "round": "1",
  "result": "1/2-1/2",
  "white": "Magnus Carlsen",
  "black": "Fabiano Caruana",
  "isCarlsenWin": false,
  "isDraw": true,
  "isCarlsenBlack": false,
  "moves": [
    "e4",
    "e5",
    "Nf3",
    "Nf6",
    "Nxe5",
    "d6",
    "Nf3",
    "Nxe4",
    "Qe2",
    "Qe7",
    "d3",
    "Nf6",
    "Nc3",
    "Qxe2+",
    "Bxe2",
    "g6",
    "Nd4",
    "a6",
    "Bf4",
    "Bg7",
    "h3",
    "Bd7",
    "Bf3",
    "Nc6",
    "Nxc6",
    "Bxc6",
    "Bxc6+",
    "bxc6",
    "O-O-O",
    "Kd7",
    "Rhe1",
    "Rhe8",
    "Ne4",
    "Nd5",
    "Bd2",
    "f5",
    "Ng5",
    "h6",
    "Nf3",
    "g5",
    "c3",
    "c5",
    "Kc2",
    "Bf6",
    "Rxe8",
    "Rxe8",
    "Re1",
    "Rf8",
    "Rh1",
    "Re8",
    "g3",
    "g4",
    "Ng1",
    "Bg5",
    "Kd1",
    "a5",
    "Ne2",
    "a4",
    "Bxg5",
    "hxg5",
    "hxg4",
    "fxg4",
    "Rh5",
    "Re5",
    "Rh7+",
    "Ke6",
    "a3",
    "Rf5",
    "c4",
    "Nf6",
    "Rh2",
    "Rf3",
    "Kc2",
    "Nd7",
    "d4",
    "Nb6",
    "dxc5",
    "dxc5",
    "Nc3",
    "Ke5",
    "Nd1"
  ]
}