{
  "event": "Tata Steel Masters",
  "site": "Wijk aan Zee NED",
  "date": "2018.01.14",
  "eventDate": "2018.01.12",
  "dateMillis": 1515859200000,
  "eventDateMillis": 1515686400000,
  "round": "2",
  "result": "0-1",
  "white": "Baskaran Adhiban",
  "black": "Magnus Carlsen",
  "isCarlsenWin": true,
  "isDraw": false,
  "isCarlsenBlack": true,
  "moves": [
    "e4",
    "e5",
    "Nf3",
    "Nc6",
    "Nc3",
    "Nf6",
    "d4",
    "exd4",
    "Nxd4",
    "Bb4",
    "Nxc6",
    "bxc6",
    "Bd3",
    "d5",
    "exd5",
    "O-O",
    "O-O",
    "cxd5",
    "Bg5",
    "c6",
    "Qf3",
    "Bd6",
    "Rae1",
    "Rb8",
    "b3",
    "a5",
    "h3",
    "h6",
    "Bxf6",
    "Qxf6",
    "Qxf6",
    "gxf6",
    "Ne2",
    "c5",
    "Ng3",
    "Rd8",
    "Nf5",
    "Bf8",
    "Ne7+",
    "Bxe7",
    "Rxe7",
    "Be6",
    "Rd1",
    "c4",
    "Be2",
    "a4",
    "bxa4",
    "Bf5",
    "Bf3",
    "d4",
    "a5",
    "Bxc2",
    "Rc1",
    "Rb1",
    "Rxb1",
    "Bxb1",
    "Rc7",
    "c3",
    "Bd1",
    "Ra8",
    "Rc5",
    "Bxa2",
    "Bc2",
    "Be6",
    "Kf1",
    "Rc8",
    "Rxc8+",
    "Bxc8",
    "Ke2",
    "Ba6+",
    "Kf3",
    "d3"
  ]
}