{
  "event": "Tata Steel Masters",
  "site": "Groningen NED",
  "date": "2018.01.24",
  "eventDate": "2017.01.14",
  "dateMillis": 1516723200000,
  "eventDateMillis": 1484323200000,
  "round": "10",
  "result": "1-0",
  "white": "Magnus Carlsen",
  "black": "Wesley So",
  "isCarlsenWin": true,
  "isDraw": false,
  "isCarlsenBlack": false,
  "moves": [
    "Nf3",
    "d5",
    "d4",
    "Nf6",
    "Bf4",
    "Bf5",
    "e3",
    "e6",
    "c4",
    "Bxb1",
    "Qxb1",
    "Bb4+",
    "Kd1",
    "Bd6",
    "Bg5",
    "h6",
    "Bxf6",
    "Qxf6",
    "cxd5",
    "exd5",
    "e4",
    "Be7",
    "Bb5+",
    "c6",
    "e5",
    "Qf4",
    "Bd3",
    "c5",
    "dxc5",
    "Nc6",
    "Qc1",
    "Qb4",
    "a3",
    "Qxc5",
    "Ke2",
    "Nd4+",
    "Nxd4",
    "Qxd4",
    "f4",
    "O-O",
    "Qd2",
    "Qb6",
    "Rhe1",
    "f6",
    "e6",
    "Qxe6+",
    "Kf3",
    "Qd7",
    "Rad1",
    "Rad8",
    "Qe3",
    "Bd6",
    "Bg6",
    "f5",
    "Qe6+",
    "Qxe6",
    "Rxe6",
    "Bc5",
    "Re5",
    "Rf6",
    "Bxf5",
    "Bd6",
    "Rdxd5",
    "Kf7",
    "Re4",
    "g6",
    "Bg4",
    "h5",
    "Bh3",
    "Re8",
    "Red4",
    "Be5",
    "Rb4",
    "g5",
    "g3",
    "b6",
    "Rd7+",
    "Kf8",
    "Rh7",
    "g4+",
    "Bxg4",
    "hxg4+",
    "Kxg4",
    "Bd6",
    "Rc4",
    "a5",
    "Rc6",
    "Kg8",
    "Rb7",
    "Be5",
    "Rcxb6",
    "Rxb6",
    "Rxb6",
    "Bd4",
    "Rb5",
    "Re2",
    "b3",
    "Rxh2",
    "Rxa5",
    "Re2",
    "Rd5",
    "Bb2",
    "a4",
    "Bc3",
    "Kf5",
    "Re8",
    "g4",
    "Rf8+",
    "Ke4",
    "Rb8",
    "Rb5",
    "Re8+",
    "Kd3",
    "Be1",
    "a5",
    "Bf2",
    "b4",
    "Re3+",
    "Kc4",
    "Re4+",
    "Kb3",
    "Kf7",
    "Re5",
    "Rd4",
    "b5",
    "Rd3+",
    "Kc2",
    "Rg3",
    "g5",
    "Bd4",
    "Rd5",
    "Be3",
    "Rd3",
    "Rg2+",
    "Kb3",
    "Bc1",
    "b6",
    "Ke6",
    "Rd4",
    "Rb2+",
    "Ka4",
    "Kf5",
    "Rb4",
    "Ra2+",
    "Kb5",
    "Bxf4",
    "Rxf4+",
    "Kxf4",
    "b7"
  ]
}