{
  "event": "Tata Steel Masters",
  "site": "Wijk aan Zee NED",
  "date": "2018.01.21",
  "eventDate": "2018.01.12",
  "dateMillis": 1516464000000,
  "eventDateMillis": 1515686400000,
  "round": "8",
  "result": "1-0",
  "white": "Magnus Carlsen",
  "black": "Gawain Jones",
  "isCarlsenWin": true,
  "isDraw": false,
  "isCarlsenBlack": false,
  "moves": [
    "e4",
    "c5",
    "Nf3",
    "d6",
    "d4",
    "cxd4",
    "Nxd4",
    "Nf6",
    "Nc3",
    "g6",
    "Be3",
    "Bg7",
    "f3",
    "Nc6",
    "Qd2",
    "O-O",
    "O-O-O",
    "d5",
    "Qe1",
    "e5",
    "Nxc6",
    "bxc6",
    "exd5",
    "Nxd5",
    "Bc4",
    "Be6",
    "Kb1",
    "Re8",
    "Ne4",
    "f5",
    "Ng5",
    "Bc8",
    "g4",
    "f4",
    "h4",
    "fxe3",
    "Qxe3",
    "h6",
    "Qc5",
    "Bb7",
    "Ne4",
    "Re6",
    "h5",
    "Qb6",
    "g5",
    "hxg5",
    "Qa3",
    "Rb8",
    "b3",
    "Qd8",
    "Qxa7",
    "gxh5",
    "Rxh5",
    "Rg6",
    "Rxg5",
    "Rxg5",
    "Nxg5",
    "Qc8",
    "Rg1",
    "Ra8",
    "Qb6",
    "Ra6",
    "Qc5",
    "Qd7",
    "Ne4",
    "Kh8",
    "Qf2",
    "Qe7",
    "Bxa6",
    "Bxa6",
    "Qh2+",
    "Kg8",
    "Qh6",
    "Qa7",
    "Qe6+",
    "Kf8",
    "Rg5",
    "Ne3",
    "Qd6+",
    "Kf7",
    "Nc5",
    "Bc8",
    "Rxg7+"
  ]
}