{
  "event": "Tata Steel Masters",
  "site": "Wijk aan Zee NED",
  "date": "2018.01.15",
  "eventDate": "2018.01.12",
  "dateMillis": 1515945600000,
  "eventDateMillis": 1515686400000,
  "round": "3",
  "result": "1/2-1/2",
  "white": "Magnus Carlsen",
  "black": "Wei Yi",
  "isCarlsenWin": false,
  "isDraw": true,
  "isCarlsenBlack": false,
  "moves": [
    "d4",
    "Nf6",
    "c4",
    "e6",
    "g3",
    "d5",
    "Bg2",
    "Be7",
    "Nf3",
    "O-O",
    "Qc2",
    "c5",
    "O-O",
    "cxd4",
    "Nxd4",
    "Na6",
    "cxd5",
    "Nb4",
    "Qb3",
    "e5",
    "Nb5",
    "Nbxd5",
    "N1c3",
    "Be6",
    "Nxd5",
    "Bxd5",
    "Bxd5",
    "Qxd5",
    "Bg5",
    "Qxb3",
    "axb3",
    "a6",
    "Nc3",
    "h6",
    "Bxf6",
    "Bxf6",
    "Nd5",
    "Rac8",
    "Rac1",
    "e4",
    "Rc4",
    "Rxc4",
    "bxc4",
    "Bxb2",
    "Rb1",
    "Ba3",
    "Rxb7",
    "Rc8",
    "Ra7",
    "Rxc4",
    "Rxa6",
    "Bf8",
    "Ra8",
    "g6",
    "e3",
    "Kg7",
    "Kg2",
    "h5",
    "h3",
    "Bd6",
    "Rd8",
    "Be5",
    "Re8",
    "Bd6",
    "Rd8",
    "Be5",
    "g4",
    "hxg4",
    "hxg4",
    "Rc5",
    "g5",
    "Rb5",
    "Kh3",
    "Rc5",
    "Ne7",
    "Rc2",
    "Kg2",
    "Rc7",
    "Rg8+",
    "Kh7",
    "Re8",
    "Rc5",
    "Rc8",
    "Rb5",
    "Rf8",
    "Kg7",
    "Rg8+",
    "Kh7",
    "Rf8",
    "Kg7",
    "Rg8+",
    "Kh7"
  ]
}