{
  "event": "Tata Steel Masters",
  "site": "Wijk aan Zee NED",
  "date": "2018.01.19",
  "eventDate": "2018.01.12",
  "dateMillis": 1516291200000,
  "eventDateMillis": 1515686400000,
  "round": "6",
  "result": "1/2-1/2",
  "white": "Peter Svidler",
  "black": "Magnus Carlsen",
  "isCarlsenWin": false,
  "isDraw": true,
  "isCarlsenBlack": true,
  "moves": [
    "c4",
    "e6",
    "Nc3",
    "Bb4",
    "Qb3",
    "c5",
    "Nb5",
    "Nc6",
    "Nd6+",
    "Kf8",
    "Nf3",
    "Qe7",
    "Nxc8",
    "Rxc8",
    "e3",
    "e5",
    "Qc2",
    "e4",
    "Ng1",
    "Nf6",
    "Ne2",
    "Ba5",
    "a3",
    "h5",
    "b3",
    "Rd8",
    "Bb2",
    "d5",
    "cxd5",
    "Rxd5",
    "O-O-O",
    "Ng4",
    "Ng3",
    "Nxf2",
    "Bc4",
    "Nxd1",
    "Rxd1",
    "Rg5",
    "Rf1",
    "Nd8",
    "Nf5",
    "Qd7",
    "Qxe4",
    "Rg4",
    "Bxg7+",
    "Rxg7",
    "Nxg7",
    "Qxd2+",
    "Kb1",
    "Bc3",
    "Rxf7+",
    "Nxf7",
    "Qe8+",
    "Kxg7",
    "Qxf7+",
    "Kh6",
    "Qf4+",
    "Kg6",
    "Qf7+",
    "Kh6",
    "Qf4+"
  ]
}