{
  "event": "Tata Steel Masters",
  "site": "Wijk aan Zee NED",
  "date": "2018.01.27",
  "eventDate": "2017.01.14",
  "dateMillis": 1516982400000,
  "eventDateMillis": 1484323200000,
  "round": "12",
  "result": "1-0",
  "white": "Magnus Carlsen",
  "black": "Maxim Matlakov",
  "isCarlsenWin": true,
  "isDraw": false,
  "isCarlsenBlack": false,
  "moves": [
    "e4",
    "c5",
    "Nf3",
    "e6",
    "d4",
    "cxd4",
    "Nxd4",
    "Nc6",
    "Nc3",
    "Qc7",
    "Be3",
    "a6",
    "Qd2",
    "Nf6",
    "f4",
    "Bb4",
    "Bd3",
    "Na5",
    "a3",
    "Bxc3",
    "Qxc3",
    "Qxc3+",
    "bxc3",
    "d5",
    "exd5",
    "exd5",
    "Nb3",
    "Nc4",
    "Bd4",
    "Ne4",
    "Nc5",
    "Nxc5",
    "Bxc5",
    "Bd7",
    "O-O-O",
    "O-O-O",
    "Bxc4",
    "dxc4",
    "Bb6",
    "Rde8",
    "Rd4",
    "Re6",
    "Rxc4+",
    "Rc6",
    "Rxc6+",
    "Bxc6",
    "Rd1",
    "Bxg2",
    "Rg1",
    "Be4",
    "Rxg7",
    "Bg6",
    "a4",
    "Rf8",
    "Kb2",
    "Kd7",
    "f5",
    "Bxf5",
    "Bc5",
    "Rc8",
    "Rxf7+",
    "Ke6",
    "Re7+",
    "Kf6",
    "Bb4",
    "a5",
    "Ba3",
    "Rc4",
    "Rxb7",
    "Rxa4",
    "Ra7",
    "Re4",
    "Rxa5",
    "Re2",
    "Bd6",
    "Bxc2",
    "c4",
    "Ke6",
    "Ra6",
    "Bf5+",
    "Kc3",
    "Be4",
    "Kd4",
    "Kf5",
    "Ra5+",
    "Kg4",
    "c5",
    "Bf3",
    "Ra7",
    "h6",
    "Rh7",
    "Re4+",
    "Kd3",
    "Re6",
    "Kc4",
    "Bc6",
    "Rc7",
    "Bh1",
    "Kb5",
    "h5",
    "Rg7+",
    "Kh4",
    "Rg1",
    "Ba8",
    "Kb6",
    "Re2",
    "Kc7",
    "Bd5",
    "Rg3",
    "Bh1",
    "Rc3",
    "Kg4",
    "c6"
  ]
}