{
  "event": "Pro Chess League",
  "site": "chess.com INT",
  "date": "2018.01.18",
  "eventDate": "2018.01.18",
  "dateMillis": 1516204800000,
  "eventDateMillis": 1516204800000,
  "round": "1",
  "result": "1-0",
  "white": "Magnus Carlsen",
  "black": "Azat Sharafiev",
  "isCarlsenWin": true,
  "isDraw": false,
  "isCarlsenBlack": false,
  "moves": [
    "e4",
    "e5",
    "Nf3",
    "Nc6",
    "Bb5",
    "Nf6",
    "Nc3",
    "Bd6",
    "d3",
    "a6",
    "Ba4",
    "O-O",
    "g4",
    "Nxg4",
    "Rg1",
    "Nf6",
    "Bg5",
    "Be7",
    "Bxc6",
    "dxc6",
    "Nxe5",
    "Qd4",
    "Nf3",
    "Qb4",
    "Qc1",
    "Re8",
    "a3",
    "Qb6",
    "Qf4",
    "Kh8",
    "O-O-O",
    "Be6",
    "Qh4",
    "c5",
    "Rg3",
    "Ng8",
    "Bxe7",
    "Rxe7",
    "Ng5",
    "h6",
    "f4",
    "f6",
    "Nf3",
    "Qa5",
    "f5",
    "Bd7",
    "Nd5",
    "Rf7",
    "Rdg1",
    "b5",
    "Nxf6",
    "gxf6",
    "Rxg8+",
    "Rxg8",
    "Qxh6+",
    "Rh7",
    "Qxf6+",
    "Rhg7",
    "Rg6"
  ]
}