{
  "event": "Pro Chess League",
  "site": "chess.com INT",
  "date": "2018.01.18",
  "eventDate": "2018.01.18",
  "dateMillis": 1516204800000,
  "eventDateMillis": 1516204800000,
  "round": "1",
  "result": "0-1",
  "white": "Ilya Dudukin",
  "black": "Magnus Carlsen",
  "isCarlsenWin": true,
  "isDraw": false,
  "isCarlsenBlack": true,
  "moves": [
    "Nf3",
    "d5",
    "d4",
    "a6",
    "a4",
    "Bf5",
    "g3",
    "e6",
    "Bg2",
    "Nf6",
    "O-O",
    "h6",
    "Nbd2",
    "c5",
    "c4",
    "Nc6",
    "cxd5",
    "exd5",
    "dxc5",
    "Bxc5",
    "Nb3",
    "Ba7",
    "Nbd4",
    "Nxd4",
    "Nxd4",
    "Be4",
    "b3",
    "O-O",
    "Bb2",
    "Re8",
    "Rc1",
    "Rc8",
    "e3",
    "Qd7",
    "Qe2",
    "Bb6",
    "Rfd1",
    "Rxc1",
    "Rxc1",
    "Rc8",
    "Qd1",
    "Bxg2",
    "Kxg2",
    "Rxc1",
    "Qxc1",
    "Bxd4",
    "Bxd4",
    "Ne4",
    "Qb2",
    "Ng5",
    "Qe2",
    "Qh3+",
    "Kg1",
    "h5",
    "Bc5",
    "Qg4",
    "Qxg4",
    "hxg4",
    "Bb4",
    "Kh7",
    "h4",
    "gxh3",
    "Kh2",
    "Kg6",
    "f4",
    "Nf3+",
    "Kxh3",
    "Kf5",
    "Kg2",
    "Ke4",
    "Kf2",
    "g6",
    "Ba5",
    "d4",
    "Bb6",
    "d3",
    "Ba5",
    "Nh2",
    "Bb6",
    "Ng4+",
    "Ke1",
    "Nxe3",
    "Kf2",
    "d2"
  ]
}