{
  "event": "Tata Steel (Blitz Tiebreak)",
  "site": "Wijk aan Zee NED",
  "date": "2018.01.28",
  "eventDate": "2018.01.28",
  "dateMillis": 1517068800000,
  "eventDateMillis": 1517068800000,
  "round": "2",
  "result": "1/2-1/2",
  "white": "Anish Giri",
  "black": "Magnus Carlsen",
  "isCarlsenWin": false,
  "isDraw": true,
  "isCarlsenBlack": true,
  "moves": [
    "e4",
    "e5",
    "Nf3",
    "Nc6",
    "Bc4",
    "Bc5",
    "c3",
    "Nf6",
    "d3",
    "d6",
    "O-O",
    "a6",
    "Re1",
    "Ba7",
    "Bb3",
    "O-O",
    "h3",
    "h6",
    "Nbd2",
    "Re8",
    "Nf1",
    "Be6",
    "Bc2",
    "d5",
    "Qe2",
    "dxe4",
    "dxe4",
    "Qe7",
    "Ng3",
    "Rad8",
    "Nh4",
    "Qf8",
    "Nhf5",
    "Ne7",
    "Ne3",
    "Ng6",
    "Ngf5",
    "Nf4",
    "Qf3",
    "c6",
    "Ng4",
    "Nxg4",
    "hxg4",
    "g6",
    "Bxf4",
    "exf4",
    "Qxf4",
    "gxf5",
    "gxf5",
    "Qg7",
    "fxe6",
    "Rxe6",
    "Rad1",
    "Rde8",
    "Re2",
    "Qg5",
    "Qf3",
    "Rf6",
    "Qh3",
    "Qf4",
    "Rf1",
    "Re5",
    "Qh2",
    "Qg5",
    "g3",
    "Qg4",
    "Rd2",
    "Rg5",
    "e5",
    "Rxe5",
    "Bd1",
    "Qg5",
    "Rd3",
    "Ref5",
    "Qh4"
  ]
}