{
  "event": "Tata Steel Masters",
  "site": "Wijk aan Zee NED",
  "date": "2018.01.28",
  "eventDate": "2017.01.14",
  "dateMillis": 1517068800000,
  "eventDateMillis": 1484323200000,
  "round": "13",
  "result": "1/2-1/2",
  "white": "Sergey Karjakin",
  "black": "Magnus Carlsen",
  "isCarlsenWin": false,
  "isDraw": true,
  "isCarlsenBlack": true,
  "moves": [
    "e4",
    "e5",
    "Nf3",
    "Nc6",
    "Bb5",
    "a6",
    "Ba4",
    "Nf6",
    "O-O",
    "Be7",
    "Re1",
    "b5",
    "Bb3",
    "O-O",
    "a4",
    "b4",
    "d4",
    "d6",
    "dxe5",
    "Nxe5",
    "Nxe5",
    "dxe5",
    "Qe2",
    "a5",
    "Nd2",
    "Bc5",
    "Nf3",
    "Qe7",
    "Be3",
    "Ba6",
    "Bxc5",
    "Qxc5",
    "Qe3",
    "Qxe3",
    "Rxe3",
    "Rfe8",
    "c3",
    "Ng4",
    "Ng5",
    "Nxe3",
    "Bxf7+",
    "Kf8",
    "Bxe8",
    "Rxe8",
    "fxe3",
    "bxc3",
    "bxc3",
    "h6",
    "Nf3",
    "Bd3",
    "Rd1",
    "Bxe4",
    "Rd7",
    "Re7",
    "Rd8+",
    "Kf7",
    "Nd2",
    "Bc6",
    "Nc4",
    "Ke6",
    "Nxa5",
    "Bxa4",
    "Nb7",
    "Re8",
    "Nc5+",
    "Kf6",
    "Rxe8"
  ]
}