{
  "event": "Pro Chess League",
  "site": "chess.com INT",
  "date": "2018.01.18",
  "eventDate": "2018.01.18",
  "dateMillis": 1516204800000,
  "eventDateMillis": 1516204800000,
  "round": "1",
  "result": "0-1",
  "white": "Sergey Grigoriants",
  "black": "Magnus Carlsen",
  "isCarlsenWin": true,
  "isDraw": false,
  "isCarlsenBlack": true,
  "moves": [
    "e4",
    "e5",
    "Nf3",
    "Nc6",
    "Bb5",
    "Bb4",
    "c3",
    "Ba5",
    "O-O",
    "Nge7",
    "d4",
    "exd4",
    "cxd4",
    "d5",
    "exd5",
    "Qxd5",
    "Qa4",
    "O-O",
    "Nc3",
    "Qh5",
    "Bf4",
    "Bb6",
    "Bxc6",
    "Nxc6",
    "d5",
    "Ne7",
    "d6",
    "Ng6",
    "dxc7",
    "Nxf4",
    "Qxf4",
    "Qc5",
    "Rac1",
    "Bxc7",
    "Qe4",
    "Qf5",
    "Qc4",
    "Qf4",
    "Nd5",
    "Qxc4",
    "Ne7+",
    "Kh8",
    "Rxc4",
    "Bb6",
    "Nxc8",
    "Raxc8",
    "Rfc1",
    "Rxc4",
    "Rxc4",
    "Rd8",
    "Kf1",
    "g6",
    "Ke2",
    "Kg7",
    "b4",
    "Rd7",
    "a4",
    "a6",
    "g4",
    "h6",
    "h3",
    "Kf6",
    "Rf4+",
    "Ke6",
    "g5",
    "Bc7",
    "Re4+",
    "Kf5",
    "Rc4",
    "hxg5",
    "Rc5+",
    "Kf6",
    "Nxg5",
    "Bb6",
    "Ne4+",
    "Ke6",
    "Ng5+",
    "Ke7",
    "Re5+",
    "Kf6",
    "f4",
    "Bc7",
    "Ne4+",
    "Kg7",
    "Re8",
    "Bxf4",
    "Nc5",
    "Rd4",
    "b5",
    "axb5",
    "axb5",
    "b6",
    "Nd3",
    "Bh2",
    "Ne1",
    "Rd5",
    "Nf3",
    "Bg3"
  ]
}