{
  "event": "Pro Chess League",
  "site": "chess.com INT",
  "date": "2018.01.31",
  "eventDate": "2018.01.18",
  "dateMillis": 1517328000000,
  "eventDateMillis": 1516204800000,
  "round": "3",
  "result": "1-0",
  "white": "Magnus Carlsen",
  "black": "Kristian Stuvik Holm",
  "isCarlsenWin": true,
  "isDraw": false,
  "isCarlsenBlack": false,
  "moves": [
    "a3",
    "g6",
    "h4",
    "h5",
    "e4",
    "c5",
    "Bc4",
    "Bg7",
    "Nc3",
    "Nc6",
    "Nf3",
    "d6",
    "Ng5",
    "e6",
    "d3",
    "Nge7",
    "Ba2",
    "Nd4",
    "Ne2",
    "Nec6",
    "Nf4",
    "Ne5",
    "c3",
    "Ndc6",
    "f3",
    "Qb6",
    "Qe2",
    "Qa5",
    "Bd2",
    "Qb5",
    "Be3",
    "b6",
    "O-O",
    "O-O",
    "a4",
    "Qa6",
    "Qd2",
    "Qa5",
    "Qf2",
    "Qa6",
    "Rfd1",
    "Ne7",
    "d4",
    "cxd4",
    "cxd4",
    "Nc4",
    "Bxc4",
    "Qxc4",
    "Rdc1",
    "Qa6",
    "Rc7",
    "Re8",
    "Nxf7",
    "Kxf7",
    "Qg3",
    "Kf6",
    "Qg5+",
    "Kf7",
    "Nxg6",
    "Bf6",
    "Qxh5",
    "Kg7",
    "Bh6+",
    "Kg8",
    "Nxe7+",
    "Rxe7",
    "Qg6+"
  ]
}