{
  "event": "Pro Chess League",
  "site": "chess.com INT",
  "date": "2018.02.04",
  "eventDate": "2018.01.18",
  "dateMillis": 1517673600000,
  "eventDateMillis": 1516204800000,
  "round": "4",
  "result": "1-0",
  "white": "Magnus Carlsen",
  "black": "Helgi Olafsson",
  "isCarlsenWin": true,
  "isDraw": false,
  "isCarlsenBlack": false,
  "moves": [
    "d4",
    "Nf6",
    "c4",
    "e6",
    "Nf3",
    "d5",
    "e3",
    "c5",
    "a3",
    "Nc6",
    "dxc5",
    "Bxc5",
    "b4",
    "Be7",
    "Bb2",
    "O-O",
    "Nbd2",
    "a5",
    "b5",
    "Nb8",
    "g4",
    "Nbd7",
    "g5",
    "Ne8",
    "h4",
    "Nc5",
    "Qc2",
    "b6",
    "cxd5",
    "Bb7",
    "dxe6",
    "fxe6",
    "Rh3",
    "Rc8",
    "Rd1",
    "Nd6",
    "Qc3",
    "Nf5",
    "Bc4",
    "Qe8",
    "e4",
    "Na4",
    "Qe5",
    "Nxb2",
    "Qxb2",
    "Rxc4",
    "Nxc4",
    "Bxe4",
    "Qe2",
    "Bxf3",
    "Rxf3",
    "Bc5",
    "Qe4",
    "Qxb5",
    "Qxe6+",
    "Kh8",
    "Rxf5",
    "Re8",
    "Re5"
  ]
}