{
  "event": "Pro Chess League",
  "site": "chess.com INT",
  "date": "2018.01.31",
  "eventDate": "2018.01.18",
  "dateMillis": 1517328000000,
  "eventDateMillis": 1516204800000,
  "round": "3",
  "result": "0-1",
  "white": "Roeland Pruijssers",
  "black": "Magnus Carlsen",
  "isCarlsenWin": true,
  "isDraw": false,
  "isCarlsenBlack": true,
  "moves": [
    "e4",
    "e5",
    "Nf3",
    "Nc6",
    "Bc4",
    "Be7",
    "d4",
    "d6",
    "Nc3",
    "Bg4",
    "h3",
    "Bxf3",
    "Qxf3",
    "Nf6",
    "d5",
    "Nd4",
    "Qd1",
    "c6",
    "dxc6",
    "bxc6",
    "O-O",
    "O-O",
    "f4",
    "Ne6",
    "Bxe6",
    "fxe6",
    "fxe5",
    "Qb6+",
    "Kh2",
    "dxe5",
    "Qe2",
    "Rad8",
    "b3",
    "Qd4",
    "Bb2",
    "Qd2",
    "Rad1",
    "Qxe2",
    "Nxe2",
    "Nxe4",
    "Rxf8+",
    "Rxf8",
    "Bxe5",
    "Rf2",
    "Nd4",
    "Bf6",
    "Bxf6",
    "gxf6",
    "Nxe6",
    "Rxc2",
    "Rd8+",
    "Kf7",
    "Nd4",
    "Rxa2",
    "Nxc6",
    "a6",
    "Rd7+",
    "Kg6",
    "Ne7+",
    "Kg5",
    "Nd5",
    "h5",
    "Re7",
    "Nd2",
    "Rg7+",
    "Kf5",
    "Ne3+",
    "Ke6",
    "Kg3",
    "Nxb3",
    "Kh4",
    "Ra5",
    "Ra7",
    "Nd4",
    "Nc4",
    "Ra4",
    "Nb6",
    "Nf5+",
    "Kxh5",
    "Rh4+",
    "Kg6",
    "Rh6#"
  ]
}