{
  "event": "Pro Chess League",
  "site": "chess.com INT",
  "date": "2018.02.04",
  "eventDate": "2018.01.18",
  "dateMillis": 1517673600000,
  "eventDateMillis": 1516204800000,
  "round": "4",
  "result": "0-1",
  "white": "Magnus Carlsen",
  "black": "Luka Lenic",
  "isCarlsenWin": false,
  "isDraw": false,
  "isCarlsenBlack": false,
  "moves": [
    "e4",
    "c5",
    "Nc3",
    "Nc6",
    "Bb5",
    "Nd4",
    "Nf3",
    "a6",
    "Bd3",
    "Nc6",
    "Be2",
    "e5",
    "O-O",
    "Nf6",
    "d3",
    "Be7",
    "Bg5",
    "d6",
    "Nd2",
    "O-O",
    "Nc4",
    "Be6",
    "Bxf6",
    "Bxf6",
    "Ne3",
    "Bg5",
    "Ncd5",
    "Ne7",
    "Nxe7+",
    "Qxe7",
    "Nf5",
    "Qd8",
    "Ne3",
    "Bxe3",
    "fxe3",
    "Qg5",
    "Qd2",
    "h5",
    "a3",
    "a5",
    "Rf3",
    "h4",
    "Raf1",
    "g6",
    "c3",
    "Kg7",
    "h3",
    "Rad8",
    "Qe1",
    "f5",
    "Qf2",
    "Rf7",
    "d4",
    "Rdf8",
    "exf5",
    "Rxf5",
    "dxe5",
    "Bd5",
    "Kh2",
    "Bxf3",
    "gxf3",
    "Rxe5",
    "f4",
    "Qg3+",
    "Qxg3",
    "hxg3+",
    "Kxg3",
    "Rxe3+",
    "Bf3",
    "b5",
    "Kg4",
    "Re6",
    "h4",
    "Ref6",
    "Be4",
    "Re8",
    "Bf3",
    "Rb8",
    "Bd5",
    "Re8",
    "Bf3",
    "Re7",
    "Kg3",
    "Re3",
    "Rd1",
    "Kf8",
    "Kf2",
    "Re7",
    "Kg3",
    "Ra7",
    "Bd5",
    "Ra6",
    "Kg4",
    "Ra7",
    "Be4",
    "Re7",
    "Bc6",
    "Re2",
    "Bxb5",
    "Rf2",
    "Kg3",
    "Rxb2",
    "a4",
    "Rc2",
    "Rd3",
    "Rc1",
    "Re3",
    "Rg1+",
    "Kf3",
    "Rh1",
    "Kg3",
    "Rg1+",
    "Kf3",
    "Rh1",
    "Kg3",
    "Rc1",
    "Kg4",
    "Kf7",
    "Bc4+",
    "Kf8",
    "Bb5",
    "d5",
    "Re5",
    "Rd6",
    "f5",
    "Rg1+",
    "Kf4",
    "gxf5",
    "Rxf5+",
    "Ke7",
    "Rh5",
    "d4",
    "Rh7+",
    "Kd8",
    "Ke5",
    "Rgg6",
    "cxd4",
    "Rge6+",
    "Kf5",
    "cxd4",
    "Bc4",
    "Re1",
    "Rh8+",
    "Kc7",
    "Rh7+",
    "Kb6",
    "Bd3",
    "Re3",
    "Be4",
    "d3",
    "Ke5",
    "Rxe4+",
    "Kxd6",
    "d2"
  ]
}