{
  "event": "Pro Chess League",
  "site": "chess.com INT",
  "date": "2018.02.04",
  "eventDate": "2018.01.18",
  "dateMillis": 1517673600000,
  "eventDateMillis": 1516204800000,
  "round": "4",
  "result": "1-0",
  "white": "Magnus Carlsen",
  "black": "Roman Yanchenko",
  "isCarlsenWin": true,
  "isDraw": false,
  "isCarlsenBlack": false,
  "moves": [
    "h3",
    "d5",
    "c4",
    "c6",
    "Nf3",
    "g6",
    "cxd5",
    "cxd5",
    "d4",
    "Bg7",
    "Nc3",
    "Nf6",
    "Bf4",
    "Nc6",
    "e3",
    "O-O",
    "Be2",
    "a6",
    "O-O",
    "Bf5",
    "Rc1",
    "Rc8",
    "Qb3",
    "b5",
    "Ne5",
    "Nxe5",
    "Bxe5",
    "Ne4",
    "Nxe4",
    "Bxe4",
    "Bxg7",
    "Kxg7",
    "Rc5",
    "e5",
    "Rfc1",
    "Rxc5",
    "dxc5",
    "Bf5",
    "Rd1",
    "Be6",
    "Qc3",
    "Qc7",
    "b4",
    "Rd8",
    "Qa1",
    "d4",
    "exd4",
    "exd4",
    "Rxd4",
    "Qe5",
    "Rd1",
    "Rxd1+",
    "Qxd1",
    "Bxa2",
    "Bf3",
    "Qc3",
    "c6",
    "Be6",
    "Qd6",
    "h5",
    "c7",
    "Kh7",
    "Kh2",
    "Qc1",
    "Bb7",
    "h4",
    "Bxa6",
    "Qc2",
    "Qc5",
    "Qe4",
    "c8=Q",
    "Bxc8",
    "Bxc8",
    "f5",
    "Ba6",
    "f4",
    "f3"
  ]
}