{
  "event": "Pro Chess League",
  "site": "chess.com INT",
  "date": "2018.01.31",
  "eventDate": "2018.01.18",
  "dateMillis": 1517328000000,
  "eventDateMillis": 1516204800000,
  "round": "3",
  "result": "0-1",
  "white": "Tor Fredrik Kaasen",
  "black": "Magnus Carlsen",
  "isCarlsenWin": true,
  "isDraw": false,
  "isCarlsenBlack": true,
  "moves": [
    "e4",
    "e6",
    "d4",
    "d5",
    "Nc3",
    "Nc6",
    "Nf3",
    "Nf6",
    "e5",
    "Ne4",
    "Bd3",
    "Nxc3",
    "bxc3",
    "h6",
    "O-O",
    "Na5",
    "Be3",
    "Bd7",
    "Nd2",
    "c5",
    "c4",
    "cxd4",
    "Bxd4",
    "dxc4",
    "Nxc4",
    "Nxc4",
    "Bxc4",
    "Bc6",
    "Qg4",
    "Qg5",
    "Qxg5",
    "hxg5",
    "Rab1",
    "Rh4",
    "c3",
    "a6",
    "Be2",
    "Be7",
    "g3",
    "Rh8",
    "f4",
    "gxf4",
    "gxf4",
    "g6",
    "Bf3",
    "Bxf3",
    "Rxf3",
    "O-O-O",
    "a4",
    "Rd5",
    "Rf2",
    "Rhd8",
    "Rfb2",
    "R8d7",
    "Bf2",
    "Ra5",
    "c4",
    "Rxa4",
    "c5",
    "Rc4",
    "Rb4",
    "Rxc5",
    "R4b3",
    "Rc4",
    "Rh3",
    "b5",
    "Be3",
    "Kb7",
    "Rh7",
    "Bc5"
  ]
}