{
  "event": "Pro Chess League",
  "site": "chess.com INT",
  "date": "2018.02.04",
  "eventDate": "2018.01.18",
  "dateMillis": 1517673600000,
  "eventDateMillis": 1516204800000,
  "round": "4",
  "result": "0-1",
  "white": "Tran Tuan Minh",
  "black": "Magnus Carlsen",
  "isCarlsenWin": true,
  "isDraw": false,
  "isCarlsenBlack": true,
  "moves": [
    "d4",
    "Nf6",
    "c4",
    "e6",
    "Nc3",
    "Bb4",
    "e3",
    "O-O",
    "Ne2",
    "Re8",
    "a3",
    "Bf8",
    "Nf4",
    "d6",
    "Bd3",
    "e5",
    "Nfe2",
    "c6",
    "O-O",
    "Nbd7",
    "b4",
    "e4",
    "Bc2",
    "d5",
    "b5",
    "Nb6",
    "c5",
    "Nc4",
    "Rb1",
    "h5",
    "Rb4",
    "h4",
    "h3",
    "cxb5",
    "Rxb5",
    "b6",
    "Bb3",
    "Bd7",
    "Bxc4",
    "dxc4",
    "Rb4",
    "bxc5",
    "dxc5",
    "Be6",
    "Qd4",
    "Rc8",
    "Na4",
    "Qc7",
    "Bb2",
    "Red8",
    "Qe5",
    "Qxe5",
    "Bxe5",
    "Nd7",
    "Bd4",
    "Nxc5",
    "Nxc5",
    "Bxc5",
    "Bxc5",
    "Rxc5",
    "Rc1",
    "Rd2",
    "Nd4",
    "c3",
    "Nxe6",
    "fxe6",
    "Rxe4",
    "c2",
    "Rd4",
    "Rd5"
  ]
}