{
  "event": "Pro Chess League",
  "site": "chess.com INT",
  "date": "2018.02.04",
  "eventDate": "2018.01.18",
  "dateMillis": 1517673600000,
  "eventDateMillis": 1516204800000,
  "round": "4",
  "result": "0-1",
  "white": "Georg Meier",
  "black": "Magnus Carlsen",
  "isCarlsenWin": true,
  "isDraw": false,
  "isCarlsenBlack": true,
  "moves": [
    "e4",
    "e5",
    "Nf3",
    "Nc6",
    "Bb5",
    "Bb4",
    "O-O",
    "Nge7",
    "c3",
    "Ba5",
    "d4",
    "exd4",
    "cxd4",
    "d5",
    "Bxc6+",
    "Nxc6",
    "exd5",
    "Qxd5",
    "Nc3",
    "Bxc3",
    "bxc3",
    "O-O",
    "Bf4",
    "Bg4",
    "Bxc7",
    "Rac8",
    "Bg3",
    "Na5",
    "Re1",
    "Rfe8",
    "Qa4",
    "Bd7",
    "Qa3",
    "Bc6",
    "Qc5",
    "b6",
    "Qxd5",
    "Bxd5",
    "a4",
    "Rxe1+",
    "Rxe1",
    "f6",
    "Re3",
    "Nc4",
    "Re7",
    "a5",
    "h4",
    "Nb2",
    "h5",
    "Bxf3",
    "gxf3",
    "Nxa4",
    "d5",
    "Nxc3",
    "d6",
    "Nd5",
    "Ra7",
    "Rd8",
    "Kf1",
    "Nc3",
    "Ra6",
    "Nd5",
    "Ra7",
    "Kf8",
    "Ke2",
    "Nc3+",
    "Ke1",
    "Nb5",
    "Rb7",
    "Nxd6",
    "Rxb6",
    "Nf5",
    "Rb5",
    "Nxg3",
    "fxg3",
    "Ra8",
    "Kd2",
    "a4",
    "Kc2",
    "a3",
    "Kb1",
    "a2+",
    "Ka1",
    "Ra7",
    "g4",
    "h6",
    "f4",
    "Kf7",
    "g5",
    "Ke6",
    "g6",
    "Kd6",
    "f5",
    "Kc6",
    "Rb8",
    "Kd5",
    "Re8",
    "Kd4",
    "Re6",
    "Kd5",
    "Re8",
    "Kd6",
    "Re2",
    "Ra5",
    "Re6+",
    "Kd7",
    "Rb6",
    "Rxf5",
    "Rb7+",
    "Ke6",
    "Rxg7",
    "Rxh5",
    "Kxa2",
    "Kf5",
    "Kb3",
    "Rh1",
    "Kc3",
    "Re1",
    "Kd2",
    "Re8",
    "Kd3",
    "Kg5",
    "Kd4",
    "h5",
    "Kd3",
    "f5",
    "Kd2",
    "Kf6",
    "Rb7",
    "Kxg6"
  ]
}