{
  "event": "Pro Chess League",
  "site": "chess.com INT",
  "date": "2018.02.04",
  "eventDate": "2018.01.18",
  "dateMillis": 1517673600000,
  "eventDateMillis": 1516204800000,
  "round": "4",
  "result": "0-1",
  "white": "Robert Fontaine",
  "black": "Magnus Carlsen",
  "isCarlsenWin": true,
  "isDraw": false,
  "isCarlsenBlack": true,
  "moves": [
    "e4",
    "e6",
    "d4",
    "d5",
    "Bd3",
    "c5",
    "exd5",
    "exd5",
    "Nf3",
    "Nf6",
    "O-O",
    "c4",
    "Re1+",
    "Be7",
    "Be2",
    "O-O",
    "b3",
    "cxb3",
    "axb3",
    "Nc6",
    "c3",
    "Re8",
    "Nbd2",
    "Bd6",
    "Bd3",
    "Bg4",
    "Rxe8+",
    "Qxe8",
    "Nf1",
    "Ne4",
    "Bb2",
    "Bf4",
    "Be2",
    "Qe6",
    "b4",
    "Ne7",
    "Ng5",
    "Bxh2+",
    "Nxh2",
    "Bxe2",
    "Nxe6",
    "Bxd1",
    "Nxg7",
    "Kxg7",
    "Rxd1",
    "Rc8",
    "Rd3",
    "Nf5",
    "Nf1",
    "h5",
    "f3",
    "Ned6",
    "g4",
    "hxg4",
    "fxg4",
    "Ne7",
    "Ne3",
    "Nc4",
    "Nxc4",
    "dxc4",
    "Rf3",
    "Nd5",
    "Bc1",
    "Rc6",
    "Bd2",
    "Rf6",
    "Rh3",
    "Rg6",
    "Rh5",
    "Nf6",
    "Ra5",
    "Ne4",
    "Be1",
    "Rxg4+",
    "Kf1",
    "a6",
    "Re5",
    "Nf6",
    "Re7",
    "Rf4+",
    "Kg2",
    "Re4",
    "Rxe4",
    "Nxe4",
    "Kf3",
    "Nd6",
    "Kf4",
    "Kf6",
    "d5",
    "Ke7",
    "Bh4+",
    "f6",
    "Bf2",
    "Nb5",
    "Be1",
    "Kd6",
    "Ke4",
    "b6",
    "Bg3+",
    "Kd7",
    "d6",
    "Nxc3+",
    "Kd4",
    "Ne2+"
  ]
}