{
  "event": "Pro Chess League",
  "site": "chess.com INT",
  "date": "2018.02.04",
  "eventDate": "2018.01.18",
  "dateMillis": 1517673600000,
  "eventDateMillis": 1516204800000,
  "round": "4",
  "result": "0-1",
  "white": "Magnus Carlsen",
  "black": "Wouter Spoelman",
  "isCarlsenWin": false,
  "isDraw": false,
  "isCarlsenBlack": false,
  "moves": [
    "e4",
    "c5",
    "Nf3",
    "e6",
    "d3",
    "Nc6",
    "g3",
    "d5",
    "Qe2",
    "Nge7",
    "Bg2",
    "g6",
    "h4",
    "h5",
    "O-O",
    "Bg7",
    "e5",
    "Nf5",
    "c3",
    "b6",
    "Bg5",
    "Qc7",
    "Re1",
    "Ba6",
    "a4",
    "Nh6",
    "Na3",
    "Ng4",
    "Bf4",
    "O-O",
    "Bh3",
    "Qd7",
    "Nc2",
    "d4",
    "c4",
    "Bb7",
    "Bxg4",
    "hxg4",
    "Nh2",
    "Nxe5",
    "Bxe5",
    "Qc6",
    "f3",
    "gxf3",
    "Qf2",
    "f6",
    "Bxd4",
    "cxd4",
    "Nxd4",
    "Qd7",
    "Nxe6",
    "Rfe8",
    "Nxg7",
    "Kxg7",
    "d4",
    "Re2",
    "Rxe2",
    "fxe2",
    "Re1",
    "Qc6",
    "d5",
    "Qxc4",
    "Rxe2",
    "Qxd5",
    "Re7+",
    "Kg8",
    "Kf1",
    "Ba6+",
    "Kg1",
    "Bb7",
    "Kf1",
    "Rc8",
    "Re1",
    "Qh1+",
    "Ke2",
    "Rc2+",
    "Kd3",
    "Rxf2",
    "Rxh1",
    "Bxh1"
  ]
}