{
  "event": "Fischer Random Rapid",
  "site": "Baerum NOR",
  "date": "2018.02.10",
  "eventDate": "2018.02.09",
  "dateMillis": 1518192000000,
  "eventDateMillis": 1518105600000,
  "round": "3",
  "result": "1/2-1/2",
  "white": "Hikaru Nakamura",
  "black": "Magnus Carlsen",
  "isCarlsenWin": false,
  "isDraw": true,
  "isCarlsenBlack": true,
  "moves": [
    "f3",
    "c6",
    "c4",
    "e5",
    "d4",
    "d6",
    "Bd3",
    "Ne6",
    "e3",
    "Nf6",
    "Qc3",
    "exd4",
    "exd4",
    "h5",
    "Be3",
    "Bh7",
    "d5",
    "cxd5",
    "cxd5",
    "Qxc3",
    "Nxc3",
    "Nc5",
    "Bxh7",
    "Rxh7",
    "Rc1",
    "a6",
    "Bg5",
    "h4",
    "Bxf6",
    "gxf6",
    "Ne4",
    "Kg7",
    "Nxc5",
    "dxc5",
    "Rxc5",
    "Ba7",
    "Rc3",
    "Rh5",
    "Rd3",
    "Re5",
    "f4",
    "Re4",
    "Nf3",
    "Rc8",
    "Rc3",
    "Rce8",
    "Rc2",
    "Rxf4",
    "d6",
    "Rd8",
    "Rd2",
    "Re4",
    "d7",
    "f5",
    "g3",
    "hxg3",
    "hxg3",
    "Re7",
    "Rdh2",
    "Rexd7",
    "Rh7+",
    "Kf6",
    "Kg2",
    "Be3",
    "Rf1",
    "Rg8",
    "Kh3",
    "Rd5",
    "Nh4",
    "Rg5",
    "g4",
    "f4",
    "Ng2",
    "Rd3",
    "Kh4",
    "Rg7",
    "g5+",
    "Rxg5",
    "Nxe3",
    "Rxe3",
    "Rxf4+",
    "Kg6",
    "Rhxf7",
    "Rh5+",
    "Kg4",
    "Rg5+",
    "Kh4"
  ]
}