{
  "event": "Fischer Random Blitz",
  "site": "Baerum NOR",
  "date": "2018.02.13",
  "eventDate": "2018.02.09",
  "dateMillis": 1518451200000,
  "eventDateMillis": 1518105600000,
  "round": "2",
  "result": "1/2-1/2",
  "white": "Hikaru Nakamura",
  "black": "Magnus Carlsen",
  "isCarlsenWin": false,
  "isDraw": true,
  "isCarlsenBlack": true,
  "moves": [
    "e3",
    "f5",
    "b4",
    "Nf6",
    "a4",
    "g6",
    "Nf3",
    "Bg7",
    "a5",
    "d6",
    "d4",
    "Bc6",
    "Be2",
    "b5",
    "axb6",
    "axb6",
    "Qb2",
    "b5",
    "c4",
    "bxc4",
    "Ra1",
    "Qb7",
    "Bxc4",
    "Bb5",
    "Bxb5",
    "Qxb5",
    "Qb3",
    "Qd5",
    "Qc2",
    "Qc6",
    "Nb2",
    "Qxc2+",
    "Kxc2",
    "Nc6",
    "Nd3",
    "Nd5",
    "Rb1",
    "Kd7",
    "h4",
    "Bf6",
    "Bc3",
    "Rb5",
    "Rb3",
    "Ra8",
    "Rhb1",
    "Ra4",
    "Bd2",
    "h6",
    "g3",
    "Ra8",
    "Bc3",
    "Rab8",
    "Nf4",
    "Nxf4",
    "gxf4",
    "Ke6",
    "Kd3",
    "Kf7",
    "Bd2",
    "Nd8",
    "Kc2",
    "Ne6",
    "Bc3",
    "Nf8",
    "Ra1",
    "Nd7",
    "Ra7",
    "R5b7",
    "Rxb7",
    "Rxb7",
    "b5",
    "Ra7",
    "Bb2",
    "Ke6",
    "Ra3",
    "Rxa3",
    "Bxa3",
    "Kd5",
    "Kd3",
    "Nb6",
    "Bb4",
    "Nc4",
    "Kc3",
    "e5",
    "dxe5",
    "dxe5",
    "fxe5",
    "Nxe5",
    "Nxe5",
    "Bxe5+",
    "Kd3",
    "Bf6",
    "h5",
    "gxh5",
    "f3",
    "h4",
    "e4+",
    "Ke6",
    "Ba5",
    "fxe4+",
    "fxe4",
    "h3",
    "Bxc7",
    "Be5",
    "Bxe5",
    "Kxe5",
    "b6",
    "Kd6",
    "e5+",
    "Kd7",
    "b7",
    "Kc7",
    "e6",
    "h2",
    "b8=Q+",
    "Kxb8",
    "e7",
    "h1=Q",
    "e8=Q+",
    "Ka7",
    "Qe7+",
    "Qb7",
    "Qxb7+",
    "Kxb7",
    "Ke2",
    "Kc6",
    "Kf3",
    "Kd5",
    "Kg4",
    "Ke6",
    "Kh5",
    "Kf7",
    "Kxh6"
  ]
}