{
  "event": "Fischer Random Rapid",
  "site": "Baerum NOR",
  "date": "2018.02.11",
  "eventDate": "2018.02.09",
  "dateMillis": 1518278400000,
  "eventDateMillis": 1518105600000,
  "round": "6",
  "result": "0-1",
  "white": "Hikaru Nakamura",
  "black": "Magnus Carlsen",
  "isCarlsenWin": true,
  "isDraw": false,
  "isCarlsenBlack": true,
  "moves": [
    "e4",
    "e5",
    "Nb3",
    "c5",
    "Ne3",
    "Nc6",
    "h4",
    "h5",
    "g3",
    "b5",
    "d3",
    "d6",
    "Bg2",
    "Be6",
    "f4",
    "exf4",
    "gxf4",
    "Nb6",
    "c3",
    "c4",
    "Nd4",
    "Nxd4",
    "cxd4",
    "Be7",
    "d5",
    "Bd7",
    "d4",
    "Qd8",
    "Bd2",
    "Bxh4",
    "Rf1",
    "Bg3",
    "e5",
    "h4",
    "Rf3",
    "Bc8",
    "Nf1",
    "Bg4",
    "Ra3",
    "b4",
    "Rxa7",
    "Qb8",
    "Ra6",
    "Qb7",
    "Nxg3",
    "Qxa6",
    "Ne4",
    "c3",
    "bxc3",
    "Nc4",
    "Bf1",
    "Nxd2",
    "Nxd2",
    "Qc8",
    "Rh2",
    "bxc3",
    "Nc4",
    "Bf3",
    "Ne3",
    "dxe5",
    "fxe5",
    "Qd8",
    "Qf5",
    "Bxd5",
    "Qf4",
    "Be6",
    "Bh3",
    "Rh6",
    "Bxe6",
    "fxe6",
    "Ng4",
    "Rg6",
    "Rg2",
    "Rf8",
    "Qe4",
    "Rf5",
    "Nf6+",
    "Rfxf6"
  ]
}