{
  "event": "Pro Chess League",
  "site": "chess.com INT",
  "date": "2018.02.28",
  "eventDate": "2018.01.18",
  "dateMillis": 1519747200000,
  "eventDateMillis": 1516204800000,
  "round": "8",
  "result": "0-1",
  "white": "Sharma del Hemant",
  "black": "Magnus Carlsen",
  "isCarlsenWin": true,
  "isDraw": false,
  "isCarlsenBlack": true,
  "moves": [
    "c4",
    "Nf6",
    "g3",
    "c6",
    "Bg2",
    "d5",
    "b3",
    "e5",
    "cxd5",
    "cxd5",
    "Bb2",
    "Nc6",
    "Nf3",
    "Bd6",
    "O-O",
    "O-O",
    "d3",
    "Be6",
    "Nbd2",
    "Rc8",
    "b4",
    "a6",
    "a3",
    "Nd7",
    "Rc1",
    "Qe7",
    "Nb3",
    "f6",
    "Nfd2",
    "b5",
    "e3",
    "Nb6",
    "Ba1",
    "Na4",
    "d4",
    "e4",
    "Nxe4",
    "dxe4",
    "d5",
    "Nxb4",
    "axb4",
    "Rxc1",
    "Nxc1",
    "Bf7",
    "Qc2",
    "Bxd5",
    "Rd1",
    "Bb7",
    "Ne2",
    "Bxb4",
    "Qb3+",
    "Kh8",
    "Nf4",
    "Bd6",
    "h4",
    "Nc5",
    "Qb1",
    "Bxf4",
    "gxf4",
    "Nd3",
    "Bd4",
    "h6",
    "Qa1",
    "Rc8",
    "Qa2",
    "b4",
    "Qa5",
    "Qe6",
    "Qh5",
    "Rc7",
    "f5",
    "Qf7",
    "Qg4",
    "Rc2",
    "Rf1",
    "h5",
    "Qg3",
    "b3",
    "Qb8+",
    "Kh7",
    "Qa7",
    "Qc7",
    "Bb6",
    "Qc6"
  ]
}