{
  "event": "Pro Chess League",
  "site": "chess.com INT",
  "date": "2018.02.24",
  "eventDate": "2018.01.18",
  "dateMillis": 1519401600000,
  "eventDateMillis": 1516204800000,
  "round": "7",
  "result": "1-0",
  "white": "Magnus Carlsen",
  "black": "Sergei Azarov",
  "isCarlsenWin": true,
  "isDraw": false,
  "isCarlsenBlack": false,
  "moves": [
    "Nf3",
    "Nf6",
    "d3",
    "c5",
    "g3",
    "b6",
    "Bg2",
    "Bb7",
    "O-O",
    "g6",
    "e4",
    "d6",
    "Ng5",
    "Nc6",
    "f4",
    "Qc7",
    "Nc3",
    "Bg7",
    "Be3",
    "h6",
    "Nh3",
    "a6",
    "Nf2",
    "h5",
    "h3",
    "e6",
    "Ne2",
    "b5",
    "c3",
    "O-O",
    "d4",
    "cxd4",
    "cxd4",
    "d5",
    "e5",
    "Ne4",
    "Nxe4",
    "dxe4",
    "Rc1",
    "Qd7",
    "Nc3",
    "Nb4",
    "Nxe4",
    "Bxe4",
    "Bxe4",
    "Nd5",
    "Qb3",
    "Nxe3",
    "Qxe3",
    "Rac8",
    "Rcd1",
    "Rfd8",
    "g4",
    "hxg4",
    "hxg4",
    "Qa7",
    "Rd2",
    "g5",
    "f5",
    "Rc4",
    "f6",
    "Bh6",
    "Rfd1",
    "b4",
    "Bb1",
    "Kf8",
    "Qh3",
    "Rdxd4",
    "Qxh6+",
    "Ke8",
    "Kh2",
    "Qc5",
    "Qxg5"
  ]
}