{
  "event": "Pro Chess League",
  "site": "chess.com INT",
  "date": "2018.02.28",
  "eventDate": "2018.01.18",
  "dateMillis": 1519747200000,
  "eventDateMillis": 1516204800000,
  "round": "8",
  "result": "0-1",
  "white": "Magnus Carlsen",
  "black": "Babu M R Lalith",
  "isCarlsenWin": false,
  "isDraw": false,
  "isCarlsenBlack": false,
  "moves": [
    "f3",
    "e5",
    "Nh3",
    "d5",
    "Nf2",
    "Nf6",
    "g3",
    "Bc5",
    "Bg2",
    "Bxf2+",
    "Kxf2",
    "Nc6",
    "d3",
    "Be6",
    "e4",
    "Qe7",
    "Re1",
    "O-O-O",
    "Kg1",
    "dxe4",
    "fxe4",
    "Ng4",
    "Be3",
    "Nxe3",
    "Rxe3",
    "h5",
    "h3",
    "h4",
    "g4",
    "Qc5",
    "Qd2",
    "Ne7",
    "Nc3",
    "Ng6",
    "Qf2",
    "Kb8",
    "Rf3",
    "Qb4",
    "Nd1",
    "Nf4",
    "a3",
    "Qb5",
    "Bf1",
    "Qd7",
    "Ne3",
    "g6",
    "Ng2",
    "Nxg2",
    "Bxg2",
    "f5",
    "exf5",
    "gxf5",
    "Re1",
    "fxg4",
    "hxg4",
    "Bxg4",
    "Rf7",
    "Qd6",
    "Rf6",
    "Qe7",
    "Rf7",
    "Qe8",
    "Qf6",
    "Rg8",
    "Rxe5",
    "Qa4",
    "Rc5",
    "Bh3",
    "Rg7",
    "Bxg2",
    "Kxg2",
    "Rxg7+",
    "Qxg7",
    "Qf4",
    "Rc4",
    "h3+",
    "Kh1",
    "Qf3+",
    "Kh2",
    "Qf2+",
    "Kxh3",
    "Qf3+",
    "Kh2",
    "Qf2+",
    "Kh3",
    "Qf3+",
    "Kh2",
    "Rc8",
    "Qe5",
    "Qf2+",
    "Kh3",
    "Qf3+",
    "Kh2",
    "a6",
    "Rf4",
    "Qc6",
    "Rc4",
    "Qh6+",
    "Kg3",
    "Qh1",
    "Kf2",
    "Rf8+",
    "Rf4",
    "Rg8",
    "Ke2",
    "Qh2+",
    "Ke3",
    "Qxc2",
    "Rc4",
    "Qg2",
    "Qxc7+",
    "Ka8",
    "Rc2",
    "Re8+",
    "Kd4",
    "Qg4+",
    "Kc3",
    "Rc8",
    "Qc4",
    "Rxc4+",
    "dxc4",
    "Qf3+",
    "Kb4",
    "Kb8",
    "Rc3",
    "Qd1",
    "a4",
    "Kc7",
    "c5",
    "Kc6",
    "Ka3",
    "a5",
    "Rc4",
    "Kd5",
    "Rc3",
    "Qd4",
    "c6",
    "Qb4+",
    "Ka2",
    "Qxa4+",
    "Kb1",
    "bxc6",
    "Rh3",
    "Kc5",
    "Rc3+",
    "Kb5",
    "Re3",
    "Qd4",
    "Rb3+",
    "Kc4",
    "Ra3",
    "Kb4",
    "Ka1",
    "a4",
    "Kb1",
    "Qd1+",
    "Ka2",
    "Qd5+",
    "Kb1",
    "Qb3",
    "Rxb3+",
    "Kxb3",
    "Ka1",
    "Kc4",
    "Ka2",
    "Kb4",
    "Ka1",
    "a3",
    "bxa3+",
    "Kxa3",
    "Kb1",
    "Kb3"
  ]
}