{
  "event": "Pro Chess League",
  "site": "chess.com INT",
  "date": "2018.02.28",
  "eventDate": "2018.01.18",
  "dateMillis": 1519747200000,
  "eventDateMillis": 1516204800000,
  "round": "8",
  "result": "0-1",
  "white": "Suri Vaibhav",
  "black": "Magnus Carlsen",
  "isCarlsenWin": true,
  "isDraw": false,
  "isCarlsenBlack": true,
  "moves": [
    "e4",
    "d5",
    "exd5",
    "Nf6",
    "d4",
    "Bg4",
    "f3",
    "Bf5",
    "c4",
    "e6",
    "dxe6",
    "Nc6",
    "exf7+",
    "Kxf7",
    "Be3",
    "Bb4+",
    "Kf2",
    "Re8",
    "Nc3",
    "Rxe3",
    "Kxe3",
    "Nxd4",
    "Kf2",
    "Bc5",
    "Na4",
    "Bc2",
    "Nxc5",
    "Bxd1",
    "Rxd1",
    "Qe7",
    "b4",
    "Re8",
    "Bd3",
    "Qe3+",
    "Kf1",
    "b6",
    "Ne4",
    "Nxe4",
    "Bxe4",
    "c5",
    "bxc5",
    "Rxe4",
    "fxe4",
    "Qf4+",
    "Ke1",
    "Qxe4+",
    "Kf2",
    "Qc2+",
    "Ke1",
    "bxc5"
  ]
}