{
  "event": "Pro Chess League",
  "site": "chess.com INT",
  "date": "2018.02.24",
  "eventDate": "2018.01.18",
  "dateMillis": 1519401600000,
  "eventDateMillis": 1516204800000,
  "round": "7",
  "result": "1-0",
  "white": "Magnus Carlsen",
  "black": "Eduardo Patricio Iturrizaga Bonelli",
  "isCarlsenWin": true,
  "isDraw": false,
  "isCarlsenBlack": false,
  "moves": [
    "e4",
    "c5",
    "Ne2",
    "g6",
    "h4",
    "Nf6",
    "Nbc3",
    "d6",
    "h5",
    "Nxh5",
    "d4",
    "cxd4",
    "Nxd4",
    "Nf6",
    "Bh6",
    "Bxh6",
    "Rxh6",
    "Nc6",
    "Bb5",
    "Bd7",
    "Bxc6",
    "bxc6",
    "Qd2",
    "Qa5",
    "O-O-O",
    "Ng4",
    "Rhh1",
    "h5",
    "Nb3",
    "Qb6",
    "Rhf1",
    "a5",
    "Nd4",
    "a4",
    "Qe2",
    "c5",
    "Nd5",
    "Qb7",
    "Nf3",
    "Bc6",
    "Ng5",
    "Bxd5",
    "exd5",
    "a3",
    "b3",
    "Qb4",
    "Ne4",
    "O-O",
    "f3",
    "Nf6",
    "c3",
    "Qa5",
    "Kc2",
    "Kg7",
    "g4",
    "hxg4",
    "fxg4",
    "Nxe4",
    "Qxe4",
    "Qc7",
    "Qf4",
    "Qd7",
    "Rde1",
    "Rae8",
    "Re3",
    "f6",
    "Re6",
    "g5",
    "Qe4",
    "Rh8",
    "Rf2",
    "Rh3",
    "Re2",
    "Kf7",
    "Qf5",
    "Qb7",
    "R6e4",
    "Qc8",
    "Rxe7+"
  ]
}