{
  "event": "Pro Chess League",
  "site": "chess.com INT",
  "date": "2018.02.24",
  "eventDate": "2018.01.18",
  "dateMillis": 1519401600000,
  "eventDateMillis": 1516204800000,
  "round": "7",
  "result": "1-0",
  "white": "Magnus Carlsen",
  "black": "Alexey Dreev",
  "isCarlsenWin": true,
  "isDraw": false,
  "isCarlsenBlack": false,
  "moves": [
    "Nh3",
    "Nh6",
    "f4",
    "d5",
    "Nf2",
    "Ng4",
    "e3",
    "Nxf2",
    "Kxf2",
    "c5",
    "b3",
    "Nc6",
    "Bb5",
    "Bd7",
    "Bb2",
    "a6",
    "Bd3",
    "Qc7",
    "Nc3",
    "e6",
    "Qh5",
    "Be7",
    "Rhf1",
    "Bf6",
    "Kg1",
    "Nb4",
    "Rac1",
    "Nxa2",
    "Rce1",
    "Nb4",
    "f5",
    "e5",
    "e4",
    "c4",
    "Nxd5",
    "Nxd5",
    "Bxc4",
    "Nb4",
    "c3",
    "Nc6",
    "Qxf7+",
    "Kd8",
    "Ba3",
    "Be8",
    "Qd5+",
    "Qd7",
    "Bd6",
    "Be7",
    "Bxe7+",
    "Kxe7",
    "Qc5+",
    "Qd6",
    "Qb6",
    "Bd7",
    "d4",
    "Nd8",
    "Qa5",
    "Nc6",
    "Qa2",
    "Kd8",
    "Rd1",
    "Kc7",
    "Qf2",
    "Rad8",
    "b4",
    "Rhf8",
    "b5",
    "axb5",
    "Bxb5",
    "g6",
    "f6",
    "Kb8",
    "Bc4",
    "Bc8",
    "Bd5",
    "Be6",
    "Bxe6",
    "Qxe6",
    "d5",
    "Qd6",
    "Ra1",
    "Kc7",
    "dxc6",
    "Qxc6",
    "Ra5",
    "Kb8",
    "Qa7+"
  ]
}