{
  "event": "Pro Chess League",
  "site": "chess.com INT",
  "date": "2018.02.24",
  "eventDate": "2018.01.18",
  "dateMillis": 1519401600000,
  "eventDateMillis": 1516204800000,
  "round": "7",
  "result": "1-0",
  "white": "Magnus Carlsen",
  "black": "Mauricio Flores Rios",
  "isCarlsenWin": true,
  "isDraw": false,
  "isCarlsenBlack": false,
  "moves": [
    "b4",
    "d5",
    "Bb2",
    "Nf6",
    "e3",
    "Bf5",
    "Bd3",
    "Bxd3",
    "cxd3",
    "e6",
    "Nf3",
    "Nbd7",
    "a3",
    "c6",
    "Nc3",
    "a5",
    "b5",
    "Qb6",
    "Nd4",
    "e5",
    "Na4",
    "Qc7",
    "bxc6",
    "bxc6",
    "Nf3",
    "Bd6",
    "Qc2",
    "O-O",
    "Rc1",
    "Rac8",
    "h3",
    "Rfe8",
    "O-O",
    "h6",
    "Rb1",
    "Rb8",
    "Rfc1",
    "Rec8",
    "d4",
    "e4",
    "Ne5",
    "Nxe5",
    "dxe5",
    "Bxe5",
    "Bxe5",
    "Qxe5",
    "Rxb8",
    "Qxb8",
    "Nc5",
    "Qa7",
    "Qa4",
    "Qb6",
    "Qd4",
    "Rb8",
    "Kh2",
    "Qb2",
    "Rc3",
    "Qa1",
    "Rb3"
  ]
}