{
  "event": "Pro Chess League",
  "site": "chess.com INT",
  "date": "2018.02.28",
  "eventDate": "2018.01.18",
  "dateMillis": 1519747200000,
  "eventDateMillis": 1516204800000,
  "round": "8",
  "result": "1-0",
  "white": "Magnus Carlsen",
  "black": "Sahaj Grover",
  "isCarlsenWin": true,
  "isDraw": false,
  "isCarlsenBlack": false,
  "moves": [
    "Na3",
    "d5",
    "c4",
    "e6",
    "Nf3",
    "Nf6",
    "g3",
    "Be7",
    "Bg2",
    "O-O",
    "O-O",
    "c5",
    "cxd5",
    "Nxd5",
    "d4",
    "Nc6",
    "dxc5",
    "Bxc5",
    "Nc4",
    "b6",
    "Bd2",
    "Bb7",
    "Rc1",
    "Rc8",
    "a3",
    "a5",
    "e4",
    "Nde7",
    "Be3",
    "Bxe3",
    "Nxe3",
    "Ba6",
    "Re1",
    "Qxd1",
    "Rexd1",
    "Be2",
    "Rd7",
    "Bxf3",
    "Bxf3",
    "Ne5",
    "Rcc7",
    "Nxf3+",
    "Kg2",
    "Ne1+",
    "Kf1",
    "Rxc7",
    "Rxc7",
    "Nd3",
    "Rxe7",
    "Nxb2",
    "Rb7",
    "Na4",
    "Nc4",
    "g6",
    "e5",
    "Rc8",
    "Nd6",
    "Rc3",
    "h4",
    "Rxa3",
    "Rb8+",
    "Kg7",
    "Ne8+",
    "Kh6",
    "Nf6",
    "Rf3",
    "g4",
    "g5",
    "Rg8"
  ]
}