{
  "event": "Pro Chess League",
  "site": "chess.com INT",
  "date": "2018.02.24",
  "eventDate": "2018.01.18",
  "dateMillis": 1519401600000,
  "eventDateMillis": 1516204800000,
  "round": "7",
  "result": "0-1",
  "white": "Evgenij Miroshnichenko",
  "black": "Magnus Carlsen",
  "isCarlsenWin": true,
  "isDraw": false,
  "isCarlsenBlack": true,
  "moves": [
    "Nf3",
    "b5",
    "e4",
    "a6",
    "d4",
    "Bb7",
    "Bd3",
    "e6",
    "O-O",
    "c5",
    "c3",
    "Nf6",
    "Re1",
    "Be7",
    "a4",
    "cxd4",
    "cxd4",
    "Nc6",
    "Nc3",
    "Nb4",
    "Bf1",
    "bxa4",
    "Qxa4",
    "O-O",
    "Bg5",
    "Bc6",
    "Qa5",
    "Nc2",
    "Qxd8",
    "Rfxd8",
    "d5",
    "Bb7",
    "Rac1",
    "Nxe1",
    "Rxe1",
    "h6",
    "Bh4",
    "Bb4"
  ]
}