{
  "event": "Pro Chess League",
  "site": "chess.com INT",
  "date": "2018.03.07",
  "eventDate": "2018.01.18",
  "dateMillis": 1520352000000,
  "eventDateMillis": 1516204800000,
  "round": "9",
  "result": "1-0",
  "white": "Magnus Carlsen",
  "black": "Jaan Yukhanovich Ehlvest",
  "isCarlsenWin": true,
  "isDraw": false,
  "isCarlsenBlack": false,
  "moves": [
    "e4",
    "c5",
    "b3",
    "Nc6",
    "Bb2",
    "d6",
    "Bb5",
    "Bd7",
    "f4",
    "a6",
    "Bxc6",
    "Bxc6",
    "Nc3",
    "e6",
    "Nf3",
    "Nf6",
    "Qe2",
    "Be7",
    "O-O-O",
    "O-O",
    "d4",
    "cxd4",
    "Nxd4",
    "Qc7",
    "g4",
    "Rfe8",
    "g5",
    "Nd7",
    "h4",
    "b5",
    "g6",
    "hxg6",
    "h5",
    "Bf6",
    "hxg6",
    "fxg6",
    "e5",
    "Bxh1",
    "exf6",
    "Bb7",
    "fxg7",
    "Nc5",
    "Ndxb5",
    "axb5",
    "Nxb5",
    "Qe7",
    "Nxd6",
    "Red8",
    "Be5",
    "Rxd6",
    "Rxd6",
    "Rxa2",
    "Qh2",
    "Ra8",
    "f5",
    "Qg5+",
    "Kb2",
    "Qxf5",
    "Qh8+",
    "Kf7",
    "g8=Q+",
    "Rxg8",
    "Qh7+"
  ]
}