{
  "event": "Pro Chess League",
  "site": "chess.com INT",
  "date": "2018.03.07",
  "eventDate": "2018.01.18",
  "dateMillis": 1520352000000,
  "eventDateMillis": 1516204800000,
  "round": "9",
  "result": "0-1",
  "white": "Sander Kukk",
  "black": "Magnus Carlsen",
  "isCarlsenWin": true,
  "isDraw": false,
  "isCarlsenBlack": true,
  "moves": [
    "b3",
    "a5",
    "a4",
    "e5",
    "Bb2",
    "f6",
    "e3",
    "d5",
    "d3",
    "Nc6",
    "Nf3",
    "Be6",
    "Be2",
    "Nh6",
    "O-O",
    "Be7",
    "e4",
    "d4",
    "Bc1",
    "Nf7",
    "Nh4",
    "Qd7",
    "Nf5",
    "Bf8",
    "f4",
    "g6",
    "Ng3",
    "exf4",
    "Bxf4",
    "h5",
    "Na3",
    "Bxa3",
    "Rxa3",
    "O-O-O",
    "Ra1",
    "h4",
    "Nh1",
    "g5",
    "Bd2",
    "Rh6",
    "Nf2",
    "Nfe5",
    "h3",
    "b6",
    "Kh2",
    "Kb7",
    "Ng4",
    "Nxg4+",
    "Bxg4",
    "Bxg4",
    "Qxg4",
    "Qxg4",
    "hxg4",
    "h3",
    "gxh3",
    "Rdh8",
    "Rf3",
    "Ne5",
    "Rg3",
    "Nxg4+",
    "Kg2",
    "Ne5",
    "Rf1",
    "Kc6",
    "Rf5",
    "Kd6",
    "c3",
    "c5",
    "cxd4",
    "cxd4",
    "Bc1",
    "Ke6",
    "Bb2",
    "Rd8",
    "Rf2",
    "Rh7",
    "Rc2",
    "Rb7",
    "Kf2",
    "b5",
    "Ke2",
    "bxa4",
    "bxa4",
    "Rb4",
    "h4",
    "Rh8",
    "hxg5",
    "Rh2+",
    "Kd1",
    "Rxb2"
  ]
}