{
  "event": "Pro Chess League",
  "site": "chess.com INT",
  "date": "2018.03.07",
  "eventDate": "2018.01.18",
  "dateMillis": 1520352000000,
  "eventDateMillis": 1516204800000,
  "round": "9",
  "result": "1/2-1/2",
  "white": "Ottomar Ladva",
  "black": "Magnus Carlsen",
  "isCarlsenWin": false,
  "isDraw": true,
  "isCarlsenBlack": true,
  "moves": [
    "d4",
    "c6",
    "Nf3",
    "Na6",
    "e4",
    "g6",
    "Nc3",
    "Nc7",
    "Bf4",
    "Bg7",
    "Bc4",
    "d6",
    "O-O",
    "Nf6",
    "a4",
    "O-O",
    "h3",
    "Nxe4",
    "Nxe4",
    "d5",
    "Bd3",
    "Ne6",
    "Be5",
    "Bxe5",
    "dxe5",
    "dxe4",
    "Bxe4",
    "Qxd1",
    "Rfxd1",
    "Nc5",
    "Nd2",
    "Rd8",
    "b4",
    "Nxe4",
    "Nxe4",
    "Bf5",
    "f3",
    "Bxe4",
    "fxe4",
    "Rxd1+",
    "Rxd1",
    "a5",
    "Rd7",
    "axb4",
    "Rxe7",
    "Rxa4",
    "Rxb7",
    "c5",
    "Rb5",
    "Ra1+",
    "Kh2",
    "Rc1",
    "Rxc5",
    "b3",
    "Rb5",
    "bxc2",
    "Rc5",
    "Kf8",
    "Kg3",
    "Ke7",
    "Kg4",
    "h6",
    "Kg3",
    "Kd7",
    "Kg4",
    "Ke6",
    "Kg3",
    "Re1",
    "Rxc2",
    "Rxe4",
    "Rc6+",
    "Kxe5",
    "Rc7",
    "Kf6",
    "h4",
    "Ra4",
    "Rb7",
    "Re4",
    "Rb6+",
    "Re6",
    "Rb7",
    "Re7",
    "Rb6+",
    "Kg7",
    "Kf3",
    "Ra7",
    "g3",
    "Ra3+",
    "Kf4",
    "Ra1",
    "Kf3",
    "Rf1+",
    "Kg2",
    "Rf6",
    "Rb7",
    "Re6",
    "Rb5",
    "Kf6",
    "Kf3",
    "Ra6",
    "Kf4",
    "Ke6",
    "Re5+",
    "Kd6",
    "Re8",
    "Ra4+",
    "Kf3",
    "Ra5",
    "Rh8",
    "Rh5",
    "Re8",
    "Rf5+",
    "Kg2",
    "Kd7",
    "Rh8",
    "h5",
    "Ra8",
    "Rd5",
    "Ra6",
    "Rd6",
    "Ra7+",
    "Ke6",
    "Kf3",
    "Rd3+",
    "Kf4",
    "Rd4+",
    "Kf3",
    "Rd5",
    "Kf4",
    "Rf5+",
    "Ke4",
    "Rf1",
    "Ra6+",
    "Ke7",
    "Ra7+",
    "Kf6",
    "Ra6+",
    "Kg7",
    "Ke3",
    "f6",
    "Ra7+",
    "Kh6",
    "Ra5",
    "g5",
    "Ke2",
    "Rb1",
    "hxg5+",
    "fxg5",
    "Ra6+",
    "Kg7",
    "Kf3",
    "Rb3+",
    "Kf2",
    "Rb5",
    "Kf3",
    "Rf5+",
    "Kg2",
    "Rf6",
    "Ra7+",
    "Kg6",
    "Ra8",
    "Rb6",
    "Kh3",
    "Re6",
    "Rg8+",
    "Kf5",
    "g4+",
    "hxg4+",
    "Kg2",
    "Re2+",
    "Kg3",
    "Re3+",
    "Kg2",
    "g3",
    "Ra8",
    "Kg4",
    "Ra4+",
    "Kh5",
    "Rb4",
    "Ra3",
    "Rc4",
    "Re3",
    "Ra4",
    "Kg6",
    "Rb4",
    "Kf5",
    "Rb5+",
    "Kf4",
    "Rb4+",
    "Re4",
    "Rxe4+",
    "Kxe4",
    "Kxg3",
    "Kf5",
    "Kf3",
    "g4+",
    "Kg3",
    "Kg5",
    "Kg2",
    "Kf4",
    "Kf2",
    "Ke5",
    "Kg3",
    "Kd6",
    "Kxg4"
  ]
}