{
  "event": "GRENKE Chess Classic",
  "site": "Karlsruhe GER",
  "date": "2018.03.31",
  "eventDate": "2018.03.31",
  "dateMillis": 1522425600000,
  "eventDateMillis": 1522425600000,
  "round": "1",
  "result": "1/2-1/2",
  "white": "Fabiano Caruana",
  "black": "Magnus Carlsen",
  "isCarlsenWin": false,
  "isDraw": true,
  "isCarlsenBlack": true,
  "moves": [
    "d4",
    "Nf6",
    "c4",
    "g6",
    "Nf3",
    "Bg7",
    "e3",
    "O-O",
    "Be2",
    "d6",
    "Nc3",
    "Nc6",
    "d5",
    "Nb4",
    "a3",
    "Na6",
    "Nd4",
    "e5",
    "dxe6",
    "fxe6",
    "O-O",
    "e5",
    "Nb3",
    "c6",
    "e4",
    "Nc7",
    "f4",
    "Ne6",
    "f5",
    "Nd4",
    "Be3",
    "Nxe2+",
    "Qxe2",
    "gxf5",
    "exf5",
    "d5",
    "cxd5",
    "cxd5",
    "Rad1",
    "d4",
    "Bg5",
    "Qb6",
    "Qc4+",
    "Rf7",
    "Na4",
    "Qc7",
    "Qxc7",
    "Rxc7",
    "Nac5",
    "b6",
    "Bxf6",
    "bxc5",
    "Bxg7",
    "Kxg7",
    "Nd2",
    "Bb7",
    "f6+",
    "Kf8",
    "Rde1",
    "Re8",
    "Ne4",
    "Bxe4",
    "Rxe4",
    "c4",
    "g4",
    "Rb8",
    "Rxe5",
    "Rxb2",
    "Rd5",
    "c3",
    "Rd8+",
    "Kf7",
    "Rh8",
    "Rbb7",
    "Rxh7+",
    "Kg6",
    "Rxc7",
    "Rxc7",
    "Kf2",
    "c2",
    "Rc1",
    "d3",
    "Ke3",
    "Rd7",
    "Kd2",
    "Kxf6",
    "h4",
    "Ke5",
    "Rf1",
    "Kd4",
    "h5",
    "Re7",
    "Rf4+",
    "Kd5",
    "Rf1",
    "Kc4",
    "Rf4+",
    "Kd5",
    "Rf1",
    "Kc4",
    "Rf4+",
    "Kb3",
    "Rb4+",
    "Kxa3",
    "Rc4",
    "Kb3",
    "Rc8",
    "a5",
    "h6",
    "Re2+",
    "Kxd3",
    "Rh2",
    "g5",
    "Rh3+",
    "Kd2",
    "Rh2+",
    "Kd3"
  ]
}