{
  "event": "GRENKE Chess Classic",
  "site": "Baden-Baden GER",
  "date": "2018.04.04",
  "eventDate": "2018.03.31",
  "dateMillis": 1522771200000,
  "eventDateMillis": 1522425600000,
  "round": "4",
  "result": "1/2-1/2",
  "white": "Magnus Carlsen",
  "black": "Maxime Vachier-Lagrave",
  "isCarlsenWin": false,
  "isDraw": true,
  "isCarlsenBlack": false,
  "moves": [
    "Nf3",
    "c5",
    "c4",
    "Nc6",
    "Nc3",
    "e5",
    "e3",
    "Nf6",
    "d4",
    "e4",
    "d5",
    "exf3",
    "dxc6",
    "fxg2",
    "cxd7+",
    "Bxd7",
    "Bxg2",
    "g6",
    "b3",
    "Bg7",
    "Qd6",
    "Qb6",
    "Qxb6",
    "axb6",
    "Bb2",
    "Bc6",
    "O-O",
    "Ke7",
    "Nd5+",
    "Bxd5",
    "cxd5",
    "Rhg8",
    "d6+",
    "Kxd6",
    "Rad1+",
    "Ke7",
    "Be5",
    "Rgd8",
    "Bxb7",
    "Rxd1",
    "Rxd1",
    "Rd8",
    "Rxd8",
    "Kxd8",
    "Kf1",
    "Ne8",
    "Bg3",
    "Kd7",
    "a4",
    "f5",
    "f3",
    "Ke6",
    "Bc8+",
    "Kd5",
    "Bb7+",
    "Ke6",
    "Bc6",
    "Nd6",
    "Bf2",
    "Be5",
    "h4",
    "f4",
    "exf4",
    "Bxf4",
    "a5",
    "bxa5",
    "Bxc5",
    "Nf5",
    "Bb6",
    "Bd2",
    "Bd8",
    "Nd4",
    "Ba4",
    "Kd6",
    "Kg2",
    "Ne6",
    "Bb6",
    "Nc5",
    "Bxc5+",
    "Kxc5"
  ]
}