{
  "event": "GRENKE Chess Classic",
  "site": "Baden-Baden GER",
  "date": "2018.04.09",
  "eventDate": "2018.03.31",
  "dateMillis": 1523203200000,
  "eventDateMillis": 1522425600000,
  "round": "9",
  "result": "1/2-1/2",
  "white": "Viswanathan Anand",
  "black": "Magnus Carlsen",
  "isCarlsenWin": false,
  "isDraw": true,
  "isCarlsenBlack": true,
  "moves": [
    "e4",
    "c5",
    "Nf3",
    "d6",
    "d4",
    "cxd4",
    "Nxd4",
    "Nf6",
    "Nc3",
    "Nc6",
    "Bg5",
    "e6",
    "Qd2",
    "a6",
    "O-O-O",
    "Bd7",
    "f3",
    "Nxd4",
    "Qxd4",
    "Be7",
    "Kb1",
    "b5",
    "Bxf6",
    "gxf6",
    "Ne2",
    "Rc8",
    "Qd2",
    "Qb6",
    "Nf4",
    "h5",
    "g3",
    "Rc7",
    "Bd3",
    "Kd8",
    "c3",
    "Kc8",
    "Bc2",
    "Kb8",
    "a3",
    "a5",
    "Bb3",
    "Rb7",
    "Nd3",
    "Bc6",
    "Rhe1",
    "Rd8",
    "f4",
    "d5",
    "exd5",
    "exd5",
    "Ka1",
    "Bf8",
    "Rc1",
    "Ka7",
    "Ba2",
    "Rc7",
    "Red1",
    "Bb7",
    "Ne1",
    "d4",
    "Nc2",
    "d3",
    "Nd4",
    "Bc5",
    "Qxd3",
    "Bxd4",
    "cxd4",
    "Rxd4",
    "Qe2",
    "Rxc1+",
    "Rxc1",
    "b4",
    "Bxf7",
    "h4",
    "Qe3",
    "Rd7",
    "Qxb6+",
    "Kxb6",
    "Be6",
    "Rd2",
    "gxh4"
  ]
}