{
  "event": "Gashimov Memorial",
  "site": "Shamkir AZE",
  "date": "2018.04.19",
  "eventDate": "2018.04.18",
  "dateMillis": 1524067200000,
  "eventDateMillis": 1523980800000,
  "round": "1",
  "result": "1/2-1/2",
  "white": "Shakhriyar Mamedyarov",
  "black": "Magnus Carlsen",
  "isCarlsenWin": false,
  "isDraw": true,
  "isCarlsenBlack": true,
  "moves": [
    "d4",
    "Nf6",
    "c4",
    "g6",
    "Nc3",
    "Bg7",
    "g3",
    "O-O",
    "Bg2",
    "Nc6",
    "Nf3",
    "d5",
    "cxd5",
    "Nxd5",
    "O-O",
    "e5",
    "Nxe5",
    "Nxc3",
    "Nxc6",
    "Nxd1",
    "Nxd8",
    "Rxd8",
    "Rxd1",
    "Rxd4",
    "Be3",
    "Rxd1+",
    "Rxd1",
    "Bf6",
    "Bd4",
    "Bxd4",
    "Rxd4",
    "Be6",
    "f4",
    "c6",
    "Rb4",
    "b6",
    "Bxc6",
    "Rc8",
    "Bb5",
    "Bxa2",
    "Ra4",
    "Be6",
    "Rxa7",
    "Rc1+",
    "Kf2",
    "Rb1",
    "Bd7",
    "Bxd7",
    "Rxd7",
    "Rxb2",
    "g4",
    "b5",
    "Rb7",
    "b4",
    "g5",
    "b3",
    "Kf3",
    "Rb1",
    "Ke4",
    "Kg7",
    "Ke5",
    "Rb2",
    "e4",
    "Rxh2",
    "Rxb3",
    "h6",
    "gxh6+",
    "Rxh6",
    "Rg3",
    "Rh8",
    "Rb3",
    "Re8+",
    "Kd4",
    "Ra8",
    "Ke3",
    "Ra7",
    "Kf3",
    "Ra8",
    "Kg4",
    "Ra7",
    "Rc3"
  ]
}