{
  "event": "GRENKE Chess Classic",
  "site": "Baden-Baden GER",
  "date": "2018.04.07",
  "eventDate": "2018.03.31",
  "dateMillis": 1523030400000,
  "eventDateMillis": 1522425600000,
  "round": "7",
  "result": "0-1",
  "white": "Arkadij Naiditsch",
  "black": "Magnus Carlsen",
  "isCarlsenWin": true,
  "isDraw": false,
  "isCarlsenBlack": true,
  "moves": [
    "e4",
    "c5",
    "Nf3",
    "d6",
    "d4",
    "cxd4",
    "Nxd4",
    "Nf6",
    "Nc3",
    "a6",
    "g3",
    "e5",
    "Nb3",
    "Be7",
    "Bg2",
    "O-O",
    "O-O",
    "Be6",
    "Re1",
    "Nbd7",
    "Nd2",
    "b5",
    "Nf1",
    "Bg4",
    "f3",
    "Be6",
    "Ne3",
    "Rc8",
    "a3",
    "Nb6",
    "f4",
    "Re8",
    "Kh1",
    "Bf8",
    "f5",
    "Bd7",
    "Qd3",
    "h6",
    "b3",
    "Bc6",
    "Bd2",
    "Qc7",
    "Rac1",
    "Qb7",
    "Ned5",
    "Bxd5",
    "exd5",
    "Nbd7",
    "Nd1",
    "e4",
    "Qd4",
    "Ne5",
    "Nf2",
    "Nf3",
    "Bxf3",
    "exf3",
    "c4",
    "bxc4",
    "bxc4",
    "Re5",
    "Re3",
    "Rxe3",
    "Qxe3",
    "Qb2",
    "Nd3",
    "Qxa3",
    "Qxf3",
    "Qa2",
    "Bc3",
    "Rxc4",
    "Ra1",
    "Qb3",
    "Bxf6",
    "gxf6",
    "Kg2",
    "Rc3",
    "Rd1",
    "h5",
    "Kh3",
    "Bh6",
    "Re1",
    "Rxd3",
    "Qxh5",
    "Re3"
  ]
}