{
  "event": "GRENKE Chess Classic",
  "site": "Karlsruhe GER",
  "date": "2018.04.01",
  "eventDate": "2018.03.31",
  "dateMillis": 1522512000000,
  "eventDateMillis": 1522425600000,
  "round": "2",
  "result": "1-0",
  "white": "Magnus Carlsen",
  "black": "Yifan Hou",
  "isCarlsenWin": true,
  "isDraw": false,
  "isCarlsenBlack": false,
  "moves": [
    "e4",
    "e5",
    "Bc4",
    "Nf6",
    "d3",
    "c6",
    "Qe2",
    "Be7",
    "Nf3",
    "d6",
    "c3",
    "Nbd7",
    "Bb3",
    "O-O",
    "O-O",
    "a5",
    "d4",
    "a4",
    "Bc2",
    "Re8",
    "Re1",
    "Bf8",
    "Qd1",
    "b5",
    "Nbd2",
    "Qc7",
    "Nf1",
    "g6",
    "Bg5",
    "h6",
    "Bd2",
    "Bg7",
    "Ng3",
    "Nb6",
    "b3",
    "axb3",
    "axb3",
    "Rxa1",
    "Qxa1",
    "Bg4",
    "Qc1",
    "Bxf3",
    "gxf3",
    "h5",
    "Bh6",
    "Qe7",
    "Bxg7",
    "Kxg7",
    "Qg5",
    "Kh7",
    "f4",
    "Nfd7",
    "Qxe7",
    "Rxe7",
    "fxe5",
    "dxe5",
    "Rd1",
    "Re8",
    "dxe5",
    "Nxe5",
    "f4",
    "Ng4",
    "Rd6",
    "Re6",
    "Rd8",
    "Kg7",
    "Nf1",
    "Rf6",
    "h3",
    "Nh6",
    "f5",
    "gxf5",
    "Ng3",
    "Rg6",
    "Kf2",
    "fxe4",
    "Nxh5+",
    "Kh7",
    "Bxe4",
    "f5",
    "Bg2",
    "Nf7",
    "Rf8",
    "Ne5",
    "Nf4",
    "Rd6",
    "Rxf5",
    "Nbd7",
    "Ke2",
    "Kg7",
    "h4",
    "Nf7",
    "Be4",
    "Nde5",
    "Nh5+",
    "Kh6",
    "Ng3",
    "Re6",
    "Ke3",
    "Kg7",
    "Rf1",
    "Kf8",
    "Nf5",
    "Ng4+",
    "Kf4",
    "Nf6",
    "Bf3",
    "Nd5+",
    "Bxd5",
    "cxd5",
    "Ra1",
    "Kg8",
    "Ra8+",
    "Kh7",
    "Ra7",
    "Rf6",
    "h5",
    "Kg8",
    "Rd7",
    "b4",
    "cxb4"
  ]
}