{
  "event": "GRENKE Chess Classic",
  "site": "Baden-Baden GER",
  "date": "2018.04.08",
  "eventDate": "2018.03.31",
  "dateMillis": 1523116800000,
  "eventDateMillis": 1522425600000,
  "round": "8",
  "result": "1/2-1/2",
  "white": "Magnus Carlsen",
  "black": "Nikita Vitiugov",
  "isCarlsenWin": false,
  "isDraw": true,
  "isCarlsenBlack": false,
  "moves": [
    "e4",
    "e5",
    "Nf3",
    "Nc6",
    "Bb5",
    "a6",
    "Ba4",
    "Nf6",
    "d3",
    "b5",
    "Bb3",
    "Bc5",
    "c3",
    "O-O",
    "O-O",
    "Re8",
    "Re1",
    "h6",
    "Nbd2",
    "Bb6",
    "Nf1",
    "d6",
    "Ng3",
    "Be6",
    "h3",
    "Bxb3",
    "axb3",
    "d5",
    "Qe2",
    "Bc5",
    "b4",
    "Bf8",
    "Nd2",
    "a5",
    "bxa5",
    "Rxa5",
    "Rxa5",
    "Nxa5",
    "exd5",
    "Qxd5",
    "Nde4",
    "Nxe4",
    "dxe4",
    "Qc4",
    "Qf3",
    "Qe6",
    "Nf5",
    "Nc4",
    "h4",
    "Kh7",
    "h5",
    "g6",
    "Ne3",
    "Nxe3",
    "hxg6+",
    "fxg6",
    "Bxe3",
    "Bd6",
    "Qe2",
    "Qc4",
    "Qxc4",
    "bxc4",
    "Ra1",
    "Rb8",
    "Bc1",
    "Rb6",
    "Ra4",
    "Rc6",
    "Be3",
    "h5",
    "Kf1",
    "Kg7",
    "Ke2",
    "Kf6",
    "Kd1",
    "Ke6",
    "Kc2",
    "Be7",
    "f3",
    "Bh4",
    "Ra5",
    "Bg3",
    "Bc5",
    "g5",
    "Bb4",
    "g4",
    "fxg4",
    "hxg4",
    "Ra8",
    "Kf7",
    "Rc8",
    "Bf4",
    "Kd1",
    "Kg7",
    "Ke2",
    "Kf7",
    "Rf8+",
    "Kg7",
    "Rd8",
    "Kf7",
    "Kf2",
    "Kg7",
    "Rd7+",
    "Kf6",
    "g3",
    "Bc1",
    "Rd1",
    "Bg5",
    "Ke2",
    "Ke6",
    "Rh1",
    "Ra6",
    "Ba3",
    "Rb6",
    "Rh7",
    "Rb7",
    "Kd1",
    "Rb8",
    "Kc2",
    "Rd8",
    "Rg7",
    "Rd2+",
    "Kc1",
    "Bf6",
    "Kxd2",
    "Bxg7",
    "Bc5",
    "Kd7",
    "Be3"
  ]
}