{
  "event": "GRENKE Chess Classic",
  "site": "Baden-Baden GER",
  "date": "2018.04.06",
  "eventDate": "2018.03.31",
  "dateMillis": 1522944000000,
  "eventDateMillis": 1522425600000,
  "round": "6",
  "result": "1/2-1/2",
  "white": "Magnus Carlsen",
  "black": "Levon Aronian",
  "isCarlsenWin": false,
  "isDraw": true,
  "isCarlsenBlack": false,
  "moves": [
    "c4",
    "Nf6",
    "Nc3",
    "e6",
    "e4",
    "d5",
    "cxd5",
    "exd5",
    "e5",
    "Ne4",
    "Nf3",
    "Bf5",
    "d3",
    "Nxc3",
    "bxc3",
    "c5",
    "d4",
    "c4",
    "g3",
    "Be7",
    "Bg2",
    "Bd3",
    "Ng1",
    "Qa5",
    "Bd2",
    "Nc6",
    "Ne2",
    "Ba3",
    "O-O",
    "O-O",
    "Re1",
    "Rad8",
    "Bg5",
    "Bb2",
    "Bxd8",
    "Rxd8",
    "Rc1",
    "Bxe2",
    "Qxe2",
    "Bxc1",
    "Rxc1",
    "Qa3",
    "Qe3",
    "b5",
    "e6",
    "f6",
    "h4",
    "Ne7",
    "Rb1",
    "a6",
    "Qd2",
    "Qd6",
    "a4",
    "bxa4",
    "Qa2",
    "a3",
    "Rb4",
    "h5",
    "Qxa3",
    "Nc6",
    "Ra4",
    "Qxa3",
    "Rxa3",
    "a5",
    "e7",
    "Nxe7",
    "Rxa5",
    "Rb8",
    "Bxd5+",
    "Nxd5",
    "Rxd5",
    "Rb3",
    "Rxh5",
    "Rxc3",
    "Rc5",
    "Rc1+",
    "Kg2",
    "c3",
    "Kf3",
    "c2",
    "Kf4",
    "Rd1",
    "Rxc2",
    "Rxd4+",
    "Kf5",
    "Kh7",
    "f4",
    "Ra4",
    "Rc5",
    "Kh6",
    "Rd5",
    "Ra6",
    "g4",
    "g6+",
    "Ke4",
    "Ra4+",
    "Rd4",
    "Ra5",
    "Rd5",
    "Ra4+",
    "Ke3",
    "Ra3+",
    "Rd3",
    "Ra6"
  ]
}