{
  "event": "GRENKE Chess Classic",
  "site": "Karlsruhe GER",
  "date": "2018.04.02",
  "eventDate": "2018.03.31",
  "dateMillis": 1522598400000,
  "eventDateMillis": 1522425600000,
  "round": "3",
  "result": "1/2-1/2",
  "white": "Matthias Bluebaum",
  "black": "Magnus Carlsen",
  "isCarlsenWin": false,
  "isDraw": true,
  "isCarlsenBlack": true,
  "moves": [
    "d4",
    "Nf6",
    "c4",
    "g6",
    "Nc3",
    "Bg7",
    "e4",
    "d6",
    "Nf3",
    "O-O",
    "Be2",
    "e5",
    "Be3",
    "exd4",
    "Nxd4",
    "Re8",
    "f3",
    "c6",
    "Bf2",
    "d5",
    "exd5",
    "cxd5",
    "O-O",
    "Nc6",
    "c5",
    "a6",
    "Qd2",
    "Qa5",
    "Rfe1",
    "Qxc5",
    "Ne6",
    "Qa5",
    "Nxg7",
    "Kxg7",
    "a3",
    "d4",
    "Bxd4",
    "Nxd4",
    "Qxd4",
    "Rd8",
    "Qe3",
    "Bd7",
    "Rad1",
    "Be6",
    "Rxd8",
    "Rxd8",
    "Rd1",
    "Rxd1+",
    "Bxd1",
    "Qd8",
    "Be2",
    "Qd6",
    "f4",
    "Bd7",
    "Bf3",
    "Bc6",
    "Bxc6",
    "Ng4",
    "Qg3",
    "Qc5+",
    "Kf1",
    "Ne3+",
    "Ke2",
    "Nf5",
    "Qf2",
    "Qxc6",
    "g4",
    "Qc4+",
    "Kd2",
    "Nd4",
    "Qe3",
    "Nc6",
    "Ne2",
    "h5",
    "h3",
    "hxg4",
    "hxg4",
    "g5",
    "fxg5",
    "Qxg4",
    "Qc3+",
    "Kg8",
    "Qf6",
    "Qg2",
    "Ke3",
    "Qh3+",
    "Kd2",
    "Qd7+",
    "Kc2",
    "Ne7",
    "Nc3",
    "Ng6",
    "b4",
    "Nf8",
    "Qe5",
    "Qe6",
    "Qxe6",
    "Nxe6",
    "Ne4",
    "Kg7",
    "a4",
    "b6",
    "Kc3",
    "Kg6",
    "Kc4",
    "Nxg5",
    "Nd6",
    "f5",
    "Nxf5",
    "Kxf5",
    "Kd5",
    "Nf3",
    "Kc6",
    "b5",
    "axb5",
    "Nd4+",
    "Kc5",
    "Nxb5",
    "Kb6",
    "Ke5"
  ]
}