{
  "event": "Gashimov Memorial",
  "site": "Shamkir AZE",
  "date": "2018.04.26",
  "eventDate": "2018.04.18",
  "dateMillis": 1524672000000,
  "eventDateMillis": 1523980800000,
  "round": "7",
  "result": "1-0",
  "white": "Magnus Carlsen",
  "black": "Veselin Topalov",
  "isCarlsenWin": true,
  "isDraw": false,
  "isCarlsenBlack": false,
  "moves": [
    "c4",
    "Nf6",
    "Nc3",
    "e5",
    "Nf3",
    "Nc6",
    "e3",
    "Bb4",
    "Qc2",
    "Bxc3",
    "bxc3",
    "d6",
    "e4",
    "O-O",
    "g3",
    "Ne8",
    "Nh4",
    "Ne7",
    "d3",
    "f5",
    "exf5",
    "Nxf5",
    "Nxf5",
    "Bxf5",
    "Bg2",
    "c6",
    "h3",
    "Nc7",
    "O-O",
    "Ne6",
    "Be3",
    "Nc5",
    "Rad1",
    "Qd7",
    "Kh2",
    "Bg6",
    "Rd2",
    "Rae8",
    "Qd1",
    "b6",
    "Re1",
    "h6",
    "Bxc5",
    "dxc5",
    "Re3",
    "Re6",
    "Kg1",
    "Rd6",
    "h4",
    "Rd8",
    "Rxe5",
    "Bxd3",
    "Be4",
    "Bxc4",
    "Rxd6",
    "Qxd6",
    "Re8+",
    "Rxe8",
    "Qxd6",
    "Rxe4",
    "Qxc6",
    "Re1+",
    "Kh2",
    "Bxa2",
    "g4",
    "Kh7",
    "f4",
    "h5",
    "f5",
    "hxg4",
    "h5",
    "Bf7",
    "Qb7",
    "Kg8",
    "Qxa7",
    "Bxh5",
    "Qxb6",
    "c4",
    "Qd8+",
    "Be8",
    "Kg3",
    "Kh7",
    "Qc7",
    "Kg8",
    "Qxc4+",
    "Bf7",
    "Qd4",
    "Re8",
    "c4",
    "Rf8",
    "c5",
    "Be8",
    "Qd5+",
    "Kh7",
    "Qe6",
    "Bb5",
    "c6",
    "Bxc6",
    "Qg6+",
    "Kg8",
    "Qxc6",
    "Rf6",
    "Qe8+",
    "Kh7",
    "Kxg4",
    "Rh6",
    "Kf4",
    "Rf6",
    "Ke5",
    "Rh6",
    "Qe6"
  ]
}