{
  "event": "Gashimov Memorial",
  "site": "Shamkir AZE",
  "date": "2018.04.27",
  "eventDate": "2018.04.18",
  "dateMillis": 1524758400000,
  "eventDateMillis": 1523980800000,
  "round": "8",
  "result": "0-1",
  "white": "Anish Giri",
  "black": "Magnus Carlsen",
  "isCarlsenWin": true,
  "isDraw": false,
  "isCarlsenBlack": true,
  "moves": [
    "c4",
    "e5",
    "Nc3",
    "Nf6",
    "Nf3",
    "Nc6",
    "g3",
    "d5",
    "cxd5",
    "Nxd5",
    "Bg2",
    "Nb6",
    "O-O",
    "Be7",
    "a3",
    "a5",
    "d3",
    "O-O",
    "Be3",
    "Be6",
    "Rc1",
    "a4",
    "Nd2",
    "f5",
    "Bxb6",
    "cxb6",
    "Nxa4",
    "Bg5",
    "Nc3",
    "e4",
    "Kh1",
    "Qd7",
    "Rb1",
    "Rad8",
    "Nc4",
    "Qf7",
    "b3",
    "exd3",
    "exd3",
    "f4",
    "Ne4",
    "Be7",
    "gxf4",
    "Qxf4",
    "a4",
    "Nb4",
    "Qe2",
    "Qh6",
    "Rbd1",
    "Nd5",
    "Rg1",
    "Kh8",
    "Bf1",
    "Rf4",
    "Ne5",
    "Rdf8",
    "f3",
    "Rh4",
    "d4",
    "Nf4",
    "Qd2",
    "Bxb3",
    "Rb1",
    "Bxa4",
    "Bb5",
    "Bxb5",
    "Rxb5",
    "Qe6",
    "Qb2",
    "Bd8",
    "Ng5",
    "Qe8",
    "Rb3",
    "Bxg5",
    "Rxg5",
    "Ne6",
    "Rg4",
    "Rxg4",
    "fxg4",
    "Qd8",
    "Rh3",
    "Qd5+",
    "Kg1",
    "Qe4",
    "Qb4",
    "Rf6"
  ]
}