{
  "event": "Gashimov Memorial",
  "site": "Shamkir AZE",
  "date": "2018.04.25",
  "eventDate": "2018.04.19",
  "dateMillis": 1524585600000,
  "eventDateMillis": 1524067200000,
  "round": "6",
  "result": "1/2-1/2",
  "white": "Sergey Karjakin",
  "black": "Magnus Carlsen",
  "isCarlsenWin": false,
  "isDraw": true,
  "isCarlsenBlack": true,
  "moves": [
    "e4",
    "e5",
    "Nf3",
    "Nc6",
    "Bb5",
    "a6",
    "Ba4",
    "Nf6",
    "O-O",
    "Be7",
    "Re1",
    "b5",
    "Bb3",
    "O-O",
    "c3",
    "d5",
    "exd5",
    "Nxd5",
    "Nxe5",
    "Nxe5",
    "Rxe5",
    "c6",
    "d3",
    "Bd6",
    "Re1",
    "Bf5",
    "Qf3",
    "Qh4",
    "g3",
    "Qh3",
    "Be3",
    "Bxd3",
    "Nd2",
    "Qf5",
    "Bd4",
    "Rfe8",
    "a4",
    "Kf8",
    "h4",
    "h6",
    "Qxf5",
    "Bxf5",
    "Rxe8+",
    "Rxe8",
    "axb5",
    "axb5",
    "Ra6",
    "Ne7",
    "Be3",
    "Kg8",
    "Ba2",
    "Rd8",
    "Bb6",
    "Re8",
    "Be3",
    "Rd8",
    "Bb6",
    "Re8",
    "Be3"
  ]
}