{
  "event": "Gashimov Memorial",
  "site": "Shamkir AZE",
  "date": "2018.04.21",
  "eventDate": "2018.04.18",
  "dateMillis": 1524240000000,
  "eventDateMillis": 1523980800000,
  "round": "3",
  "result": "1/2-1/2",
  "white": "Rauf Mamedov",
  "black": "Magnus Carlsen",
  "isCarlsenWin": false,
  "isDraw": true,
  "isCarlsenBlack": true,
  "moves": [
    "e4",
    "d6",
    "d4",
    "Nf6",
    "Nc3",
    "g6",
    "f4",
    "Bg7",
    "Nf3",
    "c5",
    "Bb5+",
    "Bd7",
    "e5",
    "Ng4",
    "Bxd7+",
    "Qxd7",
    "d5",
    "dxe5",
    "h3",
    "e4",
    "Nxe4",
    "Nf6",
    "Nxf6+",
    "Bxf6",
    "O-O",
    "O-O",
    "c4",
    "e6",
    "Be3",
    "exd5",
    "cxd5",
    "Rd8",
    "Qc2",
    "Na6",
    "Rad1",
    "Nb4",
    "Qxc5",
    "Nxd5",
    "Bd4",
    "Rac8",
    "Qa3",
    "Qf5",
    "Bxf6",
    "Qxf6",
    "Qxa7",
    "Nxf4",
    "Rxd8+",
    "Rxd8",
    "Qe3",
    "Nd5",
    "Qb3",
    "Nf4",
    "Qe3",
    "Nd5",
    "Qb3",
    "b6",
    "Rd1",
    "Nf4",
    "Rxd8+",
    "Qxd8",
    "Qe3",
    "g5",
    "Kh2",
    "h6",
    "h4",
    "Ne6",
    "hxg5",
    "hxg5",
    "Qe4",
    "Qf6",
    "Qe5",
    "Qg6",
    "g4",
    "Qd3",
    "Kg3",
    "b5",
    "Kf2",
    "Kf8",
    "Qe2",
    "Nf4",
    "Qxd3",
    "Nxd3+",
    "Ke3",
    "Nxb2",
    "Nxg5",
    "Nd1+",
    "Kd4",
    "Nf2",
    "Nxf7",
    "Kxf7",
    "Kc5",
    "Ne4+",
    "Kxb5",
    "Nc3+",
    "Kc4",
    "Nxa2",
    "g5",
    "Kg7",
    "g6",
    "Nb4",
    "Kxb4",
    "Kxg6"
  ]
}