{
  "event": "Gashimov Memorial",
  "site": "Shamkir AZE",
  "date": "2018.04.23",
  "eventDate": "2018.04.19",
  "dateMillis": 1524412800000,
  "eventDateMillis": 1524067200000,
  "round": "5",
  "result": "1-0",
  "white": "Magnus Carlsen",
  "black": "Radoslaw Wojtaszek",
  "isCarlsenWin": true,
  "isDraw": false,
  "isCarlsenBlack": false,
  "moves": [
    "e4",
    "c5",
    "Nc3",
    "d6",
    "d4",
    "cxd4",
    "Qxd4",
    "Nc6",
    "Qd2",
    "Nf6",
    "b3",
    "e6",
    "Bb2",
    "a6",
    "O-O-O",
    "b5",
    "f3",
    "h5",
    "Nh3",
    "Be7",
    "Ng5",
    "h4",
    "f4",
    "Bb7",
    "Kb1",
    "Rc8",
    "Be2",
    "Qc7",
    "Rhe1",
    "Nh7",
    "Nxh7",
    "Rxh7",
    "g4",
    "hxg3",
    "hxg3",
    "Bf6",
    "Bd3",
    "Rh8",
    "g4",
    "Nd4",
    "Re3",
    "Kf8",
    "Ne2",
    "Nxe2",
    "Rxe2",
    "Bc3",
    "Bxc3",
    "Qxc3",
    "Qe3",
    "Rc5",
    "e5",
    "dxe5",
    "fxe5",
    "Rh1",
    "Rxh1",
    "Bxh1",
    "Rh2",
    "Rxe5",
    "Rh8+",
    "Ke7",
    "Qa7+"
  ]
}