{
  "event": "Gashimov Memorial",
  "site": "Shamkir AZE",
  "date": "2018.04.22",
  "eventDate": "2018.04.19",
  "dateMillis": 1524326400000,
  "eventDateMillis": 1524067200000,
  "round": "4",
  "result": "1/2-1/2",
  "white": "Teimour Radjabov",
  "black": "Magnus Carlsen",
  "isCarlsenWin": false,
  "isDraw": true,
  "isCarlsenBlack": true,
  "moves": [
    "d4",
    "d5",
    "c4",
    "c6",
    "Nc3",
    "Nf6",
    "e3",
    "e6",
    "Nf3",
    "Nbd7",
    "Qc2",
    "Bd6",
    "b3",
    "O-O",
    "Be2",
    "b6",
    "O-O",
    "Bb7",
    "Bb2",
    "Qe7",
    "Rad1",
    "Rad8",
    "Rfe1",
    "Rfe8",
    "e4",
    "Nxe4",
    "Nxe4",
    "dxe4",
    "Qxe4",
    "Bb4",
    "Rf1",
    "Bd6",
    "Rfe1",
    "Bb4",
    "Rf1",
    "Bd6",
    "Rfe1",
    "Bb4"
  ]
}