{
  "event": "Gashimov Memorial",
  "site": "Shamkir AZE",
  "date": "2018.04.28",
  "eventDate": "2018.04.18",
  "dateMillis": 1524844800000,
  "eventDateMillis": 1523980800000,
  "round": "9",
  "result": "1/2-1/2",
  "white": "Magnus Carlsen",
  "black": "Ding Liren",
  "isCarlsenWin": false,
  "isDraw": true,
  "isCarlsenBlack": false,
  "moves": [
    "e4",
    "e5",
    "Nf3",
    "Nc6",
    "Nc3",
    "Nf6",
    "Bb5",
    "Nd4",
    "Nxd4",
    "exd4",
    "e5",
    "dxc3",
    "exf6",
    "Qxf6",
    "Qe2+",
    "Qe7",
    "dxc3",
    "Qxe2+",
    "Kxe2",
    "Bc5",
    "Be3",
    "Bxe3",
    "Kxe3",
    "c6",
    "Bd3",
    "d5",
    "Rae1",
    "Ke7",
    "c4",
    "dxc4",
    "Bxc4",
    "Rd8",
    "Rd1",
    "Be6",
    "Bxe6",
    "Kxe6",
    "Rhe1",
    "Rxd1",
    "Rxd1",
    "Re8",
    "f4",
    "f5",
    "Kf3",
    "Re7",
    "Re1+",
    "Kf6",
    "Rd1",
    "Ke6",
    "Re1+",
    "Kf6",
    "Rd1",
    "Ke6",
    "Re1+"
  ]
}