{
  "event": "Norway Chess",
  "site": "Stavanger NOR",
  "date": "2018.06.02",
  "eventDate": "2018.05.27",
  "dateMillis": 1527868800000,
  "eventDateMillis": 1527350400000,
  "round": "5",
  "result": "1/2-1/2",
  "white": "Magnus Carlsen",
  "black": "Viswanathan Anand",
  "isCarlsenWin": false,
  "isDraw": true,
  "isCarlsenBlack": false,
  "moves": [
    "c4",
    "c5",
    "Nf3",
    "Nc6",
    "d4",
    "cxd4",
    "Nxd4",
    "Nf6",
    "Nc3",
    "e6",
    "a3",
    "Be7",
    "e4",
    "O-O",
    "Nf3",
    "Qa5",
    "Bd2",
    "Qh5",
    "Be2",
    "d5",
    "cxd5",
    "exd5",
    "exd5",
    "Nxd5",
    "O-O",
    "Nf6",
    "Nd4",
    "Qc5",
    "Nxc6",
    "Qxc6",
    "Bf3",
    "Qa6",
    "Re1",
    "Be6",
    "Qe2",
    "Qxe2",
    "Nxe2",
    "Bg4",
    "Bxg4",
    "Nxg4",
    "h3",
    "Ne5",
    "Nf4",
    "Nc6",
    "Nd5",
    "Bd6",
    "Bc3",
    "f6",
    "Rad1",
    "Rad8",
    "Rd2",
    "Kf7",
    "Red1",
    "Bb8",
    "Kf1",
    "Rfe8",
    "Nb4",
    "Rxd2",
    "Rxd2",
    "Bf4",
    "Rd1",
    "Rd8",
    "Rxd8",
    "Nxd8",
    "Ke2",
    "Bd6",
    "Nc2",
    "Nc6",
    "Nd4",
    "Nxd4+",
    "Bxd4",
    "a6",
    "Kd3",
    "Ke6",
    "Be3",
    "Kd5",
    "f3",
    "b5",
    "Bd2",
    "f5",
    "Be1",
    "g6",
    "Bd2",
    "Be7",
    "Be1",
    "Bd6",
    "Bd2",
    "Be7",
    "Be1"
  ]
}