{
  "event": "Norway Chess",
  "site": "Stavanger NOR",
  "date": "2018.06.03",
  "eventDate": "2018.05.27",
  "dateMillis": 1527955200000,
  "eventDateMillis": 1527350400000,
  "round": "6",
  "result": "1-0",
  "white": "Wesley So",
  "black": "Magnus Carlsen",
  "isCarlsenWin": false,
  "isDraw": false,
  "isCarlsenBlack": true,
  "moves": [
    "d4",
    "d5",
    "c4",
    "c6",
    "cxd5",
    "cxd5",
    "Bf4",
    "Nf6",
    "Nc3",
    "Nc6",
    "Nf3",
    "a6",
    "Rc1",
    "Bf5",
    "e3",
    "Rc8",
    "Be2",
    "e6",
    "O-O",
    "Nd7",
    "Na4",
    "Be7",
    "h3",
    "O-O",
    "a3",
    "Na5",
    "Nc5",
    "Nc4",
    "b4",
    "Nxc5",
    "dxc5",
    "Nxa3",
    "Nd4",
    "Be4",
    "f3",
    "Bg6",
    "Qb3",
    "Nc4",
    "Bxc4",
    "dxc4",
    "Qxc4",
    "Qe8",
    "Bg3",
    "e5",
    "Nb3",
    "Bd8",
    "Qd5",
    "Qb5",
    "Bxe5",
    "Be7",
    "Qd2",
    "Rfd8",
    "Bd6",
    "Bf6",
    "e4",
    "h6",
    "Nd4",
    "Bxd4+",
    "Qxd4",
    "Re8",
    "Rfe1",
    "Kh7",
    "g4",
    "f6",
    "f4",
    "Qc6",
    "f5",
    "Bf7",
    "h4",
    "Ra8",
    "Rc2",
    "a5",
    "g5",
    "Bh5",
    "g6+",
    "Kh8",
    "b5",
    "Qxb5",
    "Rb2",
    "Qc6",
    "Rb6",
    "Qc8",
    "Qd5",
    "a4",
    "Rxb7",
    "Rg8",
    "c6"
  ]
}