{
  "event": "Norway Chess (Blitz)",
  "site": "Stavanger NOR",
  "date": "2018.05.27",
  "eventDate": "2018.05.27",
  "dateMillis": 1527350400000,
  "eventDateMillis": 1527350400000,
  "round": "2.1",
  "result": "1/2-1/2",
  "white": "Shakhriyar Mamedyarov",
  "black": "Magnus Carlsen",
  "isCarlsenWin": false,
  "isDraw": true,
  "isCarlsenBlack": true,
  "moves": [
    "d4",
    "Nf6",
    "c4",
    "g6",
    "Nc3",
    "Bg7",
    "Nf3",
    "O-O",
    "Bg5",
    "d6",
    "Qd2",
    "Bf5",
    "Nh4",
    "Bd7",
    "Nf3",
    "Nc6",
    "d5",
    "Nb4",
    "e4",
    "a5",
    "Be2",
    "Bg4",
    "O-O",
    "c6",
    "Rfe1",
    "Bxf3",
    "Bxf3",
    "Nd7",
    "Rad1",
    "Nc5",
    "a3",
    "Nbd3",
    "Re3",
    "Ne5",
    "Be2",
    "Re8",
    "Rh3",
    "Qb6",
    "Bh6",
    "Bf6",
    "Be3",
    "Qb3",
    "Bxc5",
    "dxc5",
    "dxc6",
    "Nxc6",
    "Nd5",
    "Qxb2",
    "Qxb2",
    "Bxb2",
    "Nc7",
    "Be5",
    "Nxa8",
    "Rxa8",
    "Rb1",
    "Nd4",
    "Kf1",
    "Rb8",
    "Bd1",
    "b6",
    "Rd3",
    "Bc7",
    "Ba4",
    "Kg7",
    "g3",
    "Rd8",
    "Rbd1",
    "e5",
    "Kg2",
    "Rd6",
    "Re3",
    "Rf6",
    "Rd2",
    "Bd6",
    "Rd1",
    "Bc7",
    "Red3",
    "Bb8",
    "Rb1",
    "Bc7",
    "Rb2",
    "Bb8",
    "f3",
    "Bc7",
    "Bd7",
    "Rd6",
    "Bh3",
    "Rd8",
    "Kf2",
    "Re8",
    "Bd7",
    "Rd8",
    "Bh3",
    "Re8",
    "Bd7",
    "Rd8",
    "Bh3",
    "Re8",
    "Bd7"
  ]
}