{
  "event": "Norway Chess",
  "site": "Stavanger NOR",
  "date": "2018.05.28",
  "eventDate": "2018.05.27",
  "dateMillis": 1527436800000,
  "eventDateMillis": 1527350400000,
  "round": "1",
  "result": "1-0",
  "white": "Magnus Carlsen",
  "black": "Fabiano Caruana",
  "isCarlsenWin": true,
  "isDraw": false,
  "isCarlsenBlack": false,
  "moves": [
    "e4",
    "e5",
    "Bc4",
    "Nf6",
    "d3",
    "c6",
    "Nf3",
    "d5",
    "Bb3",
    "Bb4+",
    "Bd2",
    "Bxd2+",
    "Nbxd2",
    "a5",
    "c3",
    "Nbd7",
    "exd5",
    "cxd5",
    "O-O",
    "O-O",
    "Re1",
    "Re8",
    "Nf1",
    "b5",
    "a4",
    "b4",
    "cxb4",
    "axb4",
    "Ne3",
    "Bb7",
    "d4",
    "e4",
    "Ne5",
    "Nxe5",
    "dxe5",
    "Rxe5",
    "Qd4",
    "Re7",
    "Rac1",
    "Rd7",
    "Red1",
    "h6",
    "Rc5",
    "Ra5",
    "Rxa5",
    "Qxa5",
    "h3",
    "Kh7",
    "Rc1",
    "Rc7",
    "Rxc7",
    "Qxc7",
    "Qxb4",
    "Qc1+",
    "Bd1",
    "Ba6",
    "Qd4",
    "Be2",
    "Kh2",
    "Bxd1",
    "Nxd1",
    "Qc7+",
    "Kg1",
    "Qc1",
    "b4",
    "e3",
    "fxe3",
    "Ne4",
    "Qxd5",
    "Nd2",
    "Qf5+",
    "Kh8",
    "Qg4",
    "f5",
    "Qe2",
    "Ne4",
    "Qe1",
    "Qa1",
    "a5",
    "Nd6",
    "Qd2",
    "Nc4",
    "Qd4",
    "Qc1",
    "Kf1",
    "Nxe3+",
    "Qxe3",
    "Qxd1+",
    "Kf2",
    "Qc2+",
    "Kg3",
    "g5",
    "Qe5+",
    "Kh7",
    "Kh2",
    "f4",
    "Qd5",
    "Qa4",
    "Qf7+",
    "Kh8",
    "Qg6",
    "Qxb4",
    "Qxh6+",
    "Kg8",
    "Qxg5+",
    "Kh7",
    "Qh5+",
    "Kg7",
    "Qg5+",
    "Kh7",
    "h4",
    "Qd6",
    "Qh5+",
    "Kg7",
    "Qg5+",
    "Kh7",
    "h5",
    "f3+",
    "g3",
    "f2",
    "Qg6+",
    "Kh8",
    "Qxd6",
    "f1=Q",
    "Qh6+",
    "Kg8",
    "Qe6+",
    "Kh8",
    "Qe3",
    "Qb5",
    "Qc3+",
    "Kh7",
    "g4",
    "Qd5",
    "Qc7+",
    "Kg8",
    "Kg3",
    "Qe6",
    "Qd8+",
    "Kh7",
    "Qd3+",
    "Kh8",
    "a6",
    "Qe5+",
    "Kh3",
    "Qa1",
    "Qd8+",
    "Kh7",
    "Qe7+",
    "Kh6",
    "Qe3+",
    "Kh7",
    "a7"
  ]
}