{
  "event": "Norway Chess (Blitz)",
  "site": "Stavanger NOR",
  "date": "2018.05.27",
  "eventDate": "2018.05.27",
  "dateMillis": 1527350400000,
  "eventDateMillis": 1527350400000,
  "round": "9.1",
  "result": "1/2-1/2",
  "white": "Hikaru Nakamura",
  "black": "Magnus Carlsen",
  "isCarlsenWin": false,
  "isDraw": true,
  "isCarlsenBlack": true,
  "moves": [
    "d4",
    "g6",
    "e4",
    "d6",
    "Nc3",
    "Bg7",
    "f4",
    "Nf6",
    "Nf3",
    "c5",
    "Bb5+",
    "Bd7",
    "e5",
    "Ng4",
    "e6",
    "Bxb5",
    "exf7+",
    "Kf8",
    "Nxb5",
    "Qa5+",
    "Nc3",
    "cxd4",
    "Nxd4",
    "Kxf7",
    "Qxg4",
    "Bxd4",
    "Bd2",
    "Qf5",
    "Qxf5+",
    "gxf5",
    "Nb5",
    "Bb6",
    "O-O-O",
    "Nd7",
    "Rhe1",
    "a6",
    "Nc3",
    "Nf6",
    "Be3",
    "Bxe3+",
    "Rxe3",
    "Rad8",
    "Nd5",
    "Nxd5",
    "Rxd5",
    "e6",
    "Rd2",
    "h5",
    "Rde2",
    "Rh6",
    "Rc3",
    "Rd7",
    "a4",
    "h4",
    "b4",
    "Kf6",
    "b5",
    "axb5",
    "axb5",
    "Rh8",
    "Kb2",
    "Ra8",
    "Rh3",
    "Rh7",
    "Rhe3",
    "Re8",
    "Rd3",
    "Rd8",
    "Rde3",
    "Re8",
    "Rd3",
    "Rd8",
    "Rde3",
    "Re8",
    "Rd3"
  ]
}