{
  "event": "Norway Chess (Blitz)",
  "site": "Stavanger NOR",
  "date": "2018.05.27",
  "eventDate": "2018.05.27",
  "dateMillis": 1527350400000,
  "eventDateMillis": 1527350400000,
  "round": "4.1",
  "result": "1/2-1/2",
  "white": "Maxime Vachier-Lagrave",
  "black": "Magnus Carlsen",
  "isCarlsenWin": false,
  "isDraw": true,
  "isCarlsenBlack": true,
  "moves": [
    "Nf3",
    "d5",
    "g3",
    "g6",
    "Bg2",
    "Bg7",
    "d4",
    "Nd7",
    "O-O",
    "Ngf6",
    "a4",
    "a5",
    "Bf4",
    "O-O",
    "c3",
    "b6",
    "Re1",
    "Bb7",
    "Na3",
    "Ne4",
    "Nd2",
    "e5",
    "dxe5",
    "Nxe5",
    "Nxe4",
    "dxe4",
    "Qc2",
    "f5",
    "Rad1",
    "Qe7",
    "Nb5",
    "Rae8",
    "b4",
    "Qf7",
    "bxa5",
    "bxa5",
    "c4",
    "h6",
    "c5",
    "Re7",
    "Bxe5",
    "Bxe5",
    "e3",
    "Bd5",
    "Bf1",
    "Bb3",
    "Qc1",
    "Kg7",
    "Rd2",
    "Bxa4",
    "Nd4",
    "Be8",
    "Qa3",
    "a4",
    "c6",
    "Bxd4",
    "Rxd4",
    "Bxc6",
    "Rc1",
    "Be8",
    "Rc5",
    "Qf6",
    "Bb5",
    "Bf7",
    "Rc6",
    "Qe5",
    "Rc5",
    "Qf6",
    "Rc6",
    "Qe5",
    "Rc5"
  ]
}