{
  "event": "Norway Chess (Blitz)",
  "site": "Stavanger NOR",
  "date": "2018.05.27",
  "eventDate": "2018.05.27",
  "dateMillis": 1527350400000,
  "eventDateMillis": 1527350400000,
  "round": "7.1",
  "result": "1-0",
  "white": "Magnus Carlsen",
  "black": "Fabiano Caruana",
  "isCarlsenWin": true,
  "isDraw": false,
  "isCarlsenBlack": false,
  "moves": [
    "d4",
    "Nf6",
    "c4",
    "e6",
    "Nc3",
    "Bb4",
    "e3",
    "O-O",
    "Bd3",
    "c5",
    "Ne2",
    "d5",
    "cxd5",
    "Nxd5",
    "a3",
    "Ba5",
    "O-O",
    "cxd4",
    "exd4",
    "Nc6",
    "Bc2",
    "Nce7",
    "Qd3",
    "Ng6",
    "Nxd5",
    "exd5",
    "Bd2",
    "Bc7",
    "Bf4",
    "Re8",
    "Bxc7",
    "Qxc7",
    "Rae1",
    "Bd7",
    "Nc3",
    "Qd6",
    "Qg3",
    "Qxg3",
    "hxg3",
    "Bc6",
    "Bxg6",
    "hxg6",
    "f3",
    "f6",
    "Rxe8+",
    "Rxe8",
    "Kf2",
    "Kf7",
    "Rc1",
    "g5",
    "g4",
    "Rd8",
    "Nd1",
    "g6",
    "Ne3",
    "Rh8",
    "a4",
    "Ke6",
    "a5",
    "Kd6",
    "Nc2",
    "Bb5",
    "Nb4",
    "b6",
    "axb6",
    "axb6",
    "Na2",
    "Bd7",
    "Nc3",
    "Rc8",
    "Ra1",
    "Rc4",
    "Ke3",
    "Rb4",
    "Rb1",
    "f5",
    "b3",
    "fxg4",
    "Na2",
    "Rb5",
    "b4",
    "gxf3",
    "Kxf3",
    "Bf5",
    "Rb2",
    "Kd7",
    "Nc3",
    "Kc6",
    "Ke3",
    "Be6",
    "Kd2",
    "Bf5",
    "Rb3",
    "Be6",
    "Kc1",
    "Bf5",
    "Kb2",
    "Be4",
    "g3",
    "Bf5",
    "Ka3",
    "Bc2",
    "Rb2",
    "Bd3",
    "Rf2"
  ]
}