{
  "event": "Norway Chess (Blitz)",
  "site": "Stavanger NOR",
  "date": "2018.05.27",
  "eventDate": "2018.05.27",
  "dateMillis": 1527350400000,
  "eventDateMillis": 1527350400000,
  "round": "1.1",
  "result": "1/2-1/2",
  "white": "Magnus Carlsen",
  "black": "Sergey Karjakin",
  "isCarlsenWin": false,
  "isDraw": true,
  "isCarlsenBlack": false,
  "moves": [
    "e3",
    "Nf6",
    "c4",
    "e6",
    "Nc3",
    "d5",
    "Nf3",
    "Be7",
    "b3",
    "O-O",
    "Bb2",
    "b6",
    "cxd5",
    "Nxd5",
    "Nxd5",
    "exd5",
    "Qc2",
    "c5",
    "a3",
    "Nc6",
    "Bb5",
    "Bb7",
    "O-O",
    "Rc8",
    "Rac1",
    "a6",
    "Be2",
    "d4",
    "Qb1",
    "Qd7",
    "Rfe1",
    "g6",
    "Ba1",
    "Rfd8",
    "h3",
    "a5",
    "Bb5",
    "Bf6",
    "b4",
    "axb4",
    "axb4",
    "Qd6",
    "bxc5",
    "bxc5",
    "Bc4",
    "Rc7",
    "exd4",
    "Nxd4",
    "Bxd4",
    "Bxd4",
    "Nxd4",
    "Qxd4",
    "Qb6",
    "Qf4",
    "Rcd1",
    "Kg7",
    "Bf1",
    "Rd4",
    "Re3",
    "c4",
    "g3",
    "Qd6",
    "Qxd6",
    "Rxd6",
    "Rc3",
    "Rcd7",
    "Rxc4",
    "Rxd2",
    "Rxd2",
    "Rxd2",
    "Rc1"
  ]
}