{
  "event": "Norway Chess (Blitz)",
  "site": "Stavanger NOR",
  "date": "2018.05.27",
  "eventDate": "2018.05.27",
  "dateMillis": 1527350400000,
  "eventDateMillis": 1527350400000,
  "round": "8.1",
  "result": "0-1",
  "white": "Magnus Carlsen",
  "black": "Levon Aronian",
  "isCarlsenWin": false,
  "isDraw": false,
  "isCarlsenBlack": false,
  "moves": [
    "e4",
    "e5",
    "Nf3",
    "Nc6",
    "Bb5",
    "Nf6",
    "d3",
    "Bc5",
    "Bxc6",
    "dxc6",
    "Qe2",
    "Qe7",
    "Nbd2",
    "Bg4",
    "h3",
    "Bh5",
    "a3",
    "Nd7",
    "b4",
    "Bb6",
    "Nc4",
    "a5",
    "Rb1",
    "axb4",
    "axb4",
    "Ra2",
    "O-O",
    "O-O",
    "Rb2",
    "Rfa8",
    "c3",
    "Ra1",
    "Rc2",
    "f6",
    "Rd1",
    "Nf8",
    "Nxb6",
    "cxb6",
    "Be3",
    "Ne6",
    "Rd2",
    "b5",
    "Rxa1",
    "Rxa1+",
    "Rd1",
    "Ra3",
    "Qb2",
    "Bxf3",
    "gxf3",
    "Ra4",
    "Qb3",
    "Kh8",
    "d4",
    "exd4",
    "cxd4",
    "Rxb4",
    "Qd3",
    "Ng5",
    "Bxg5",
    "fxg5",
    "d5",
    "cxd5",
    "Qxd5",
    "h6",
    "Qf5",
    "Rc4",
    "Rd7",
    "Qf6",
    "Qd5",
    "Rc8",
    "Kg2",
    "Rf8",
    "Qd3",
    "Qc6",
    "Rd5",
    "b4",
    "Rb5",
    "Qc3",
    "Qxc3",
    "bxc3",
    "Rc5",
    "b5",
    "Rxc3",
    "b4",
    "Rb3",
    "Rb8",
    "Kf1",
    "Kg8",
    "Ke2",
    "Kf7",
    "Kd3",
    "Ke6",
    "Kc4",
    "Ke5",
    "Rxb4",
    "Rxb4+",
    "Kxb4",
    "Kd4",
    "Kb3",
    "h5",
    "Kc2",
    "g4",
    "hxg4",
    "h4"
  ]
}