{
  "event": "Norway Chess",
  "site": "Stavanger NOR",
  "date": "2018.05.29",
  "eventDate": "2018.05.27",
  "dateMillis": 1527523200000,
  "eventDateMillis": 1527350400000,
  "round": "2",
  "result": "1/2-1/2",
  "white": "Sergey Karjakin",
  "black": "Magnus Carlsen",
  "isCarlsenWin": false,
  "isDraw": true,
  "isCarlsenBlack": true,
  "moves": [
    "e4",
    "e5",
    "Nf3",
    "Nc6",
    "Bb5",
    "a6",
    "Ba4",
    "Nf6",
    "O-O",
    "Bc5",
    "c3",
    "O-O",
    "d4",
    "Ba7",
    "dxe5",
    "Nxe4",
    "Qd5",
    "Nc5",
    "Bc2",
    "Ne7",
    "Qd1",
    "d5",
    "exd6",
    "Qxd6",
    "Qxd6",
    "cxd6",
    "Rd1",
    "Bg4",
    "Rxd6",
    "Bf5",
    "Na3",
    "Ne4",
    "Bxe4",
    "Bxe4",
    "Rd1",
    "Nf5",
    "Nc4",
    "Rfe8",
    "Be3",
    "Bxe3",
    "Nxe3",
    "Nxe3",
    "fxe3",
    "Bxf3",
    "gxf3",
    "Rxe3",
    "Rd7",
    "Rb8",
    "Rad1",
    "Kf8",
    "Kf2",
    "Re7",
    "Rd8+",
    "Re8",
    "Rxb8",
    "Rxb8",
    "Rd7",
    "Ke8",
    "Rc7",
    "b5",
    "Rc6",
    "Ra8",
    "c4",
    "Kd7",
    "cxb5",
    "axb5",
    "Rb6",
    "Rxa2",
    "Rxb5",
    "Ra4",
    "Kg3",
    "Rd4",
    "Rb7+",
    "Ke6",
    "Rb6+",
    "Kf5",
    "Rb5+",
    "Ke6",
    "Rb6+",
    "Kf5",
    "Rb5+",
    "Ke6"
  ]
}