{
  "event": "Norway Chess (Blitz)",
  "site": "Stavanger NOR",
  "date": "2018.05.27",
  "eventDate": "2018.05.27",
  "dateMillis": 1527350400000,
  "eventDateMillis": 1527350400000,
  "round": "6.1",
  "result": "1/2-1/2",
  "white": "Viswanathan Anand",
  "black": "Magnus Carlsen",
  "isCarlsenWin": false,
  "isDraw": true,
  "isCarlsenBlack": true,
  "moves": [
    "e4",
    "e5",
    "Nf3",
    "Nc6",
    "Bb5",
    "Nf6",
    "d3",
    "Bc5",
    "c3",
    "O-O",
    "O-O",
    "d6",
    "h3",
    "Bb6",
    "Nbd2",
    "Ne7",
    "Re1",
    "c6",
    "Ba4",
    "Ng6",
    "Nf1",
    "d5",
    "Ng3",
    "dxe4",
    "Nxe4",
    "Nxe4",
    "dxe4",
    "Be6",
    "Bb3",
    "Qe7",
    "Bxe6",
    "Qxe6",
    "Qb3",
    "Qxb3",
    "axb3",
    "f6",
    "g3",
    "Rfd8",
    "Nd2",
    "Nf8",
    "Nc4",
    "Ne6",
    "Nxb6",
    "axb6",
    "Be3",
    "Rxa1",
    "Rxa1",
    "b5",
    "Kf1",
    "g6",
    "Ke2",
    "Kf7",
    "Ra7",
    "Rd7",
    "Ra8",
    "Rd8",
    "Ra7"
  ]
}