{
  "event": "Norway Chess",
  "site": "Stavanger NOR",
  "date": "2018.06.06",
  "eventDate": "2018.05.28",
  "dateMillis": 1528214400000,
  "eventDateMillis": 1527436800000,
  "round": "8.1",
  "result": "1/2-1/2",
  "white": "Magnus Carlsen",
  "black": "Shakhriyar Mamedyarov",
  "isCarlsenWin": false,
  "isDraw": true,
  "isCarlsenBlack": false,
  "moves": [
    "e4",
    "e5",
    "Nf3",
    "Nc6",
    "Bb5",
    "a6",
    "Ba4",
    "Nf6",
    "O-O",
    "Nxe4",
    "d4",
    "b5",
    "Bb3",
    "d5",
    "dxe5",
    "Be6",
    "c3",
    "Be7",
    "Re1",
    "O-O",
    "Nbd2",
    "Nxd2",
    "Qxd2",
    "Qd7",
    "Qd3",
    "Rad8",
    "Bc2",
    "g6",
    "Bh6",
    "Rfe8",
    "Rad1",
    "d4",
    "Nxd4",
    "Nxd4",
    "Qxd4",
    "Qxd4",
    "Rxd4",
    "Rxd4",
    "cxd4",
    "c5",
    "dxc5",
    "Bxc5",
    "b3",
    "a5",
    "h3",
    "b4",
    "Rd1",
    "Rc8",
    "Rd2",
    "Be7",
    "Bd1",
    "Rc5",
    "Bf4",
    "g5",
    "Bg3",
    "Kg7",
    "f4",
    "Rc1",
    "Kh2",
    "Bc5",
    "fxg5",
    "Be3",
    "Rd3",
    "Bxg5",
    "h4",
    "Bf5",
    "Rf3",
    "Bg4",
    "hxg5",
    "Rxd1",
    "Rf2",
    "Be6",
    "Bf4",
    "Rd3",
    "Rf3",
    "Rxf3",
    "gxf3",
    "Bf5",
    "e6",
    "fxe6",
    "Bc7",
    "Bb1",
    "Bxa5",
    "Bxa2",
    "Bxb4",
    "Bxb3",
    "Bc3+",
    "Kg6",
    "f4",
    "Kf7",
    "Kg3",
    "Kg6",
    "Be5",
    "Kf7",
    "Bc3",
    "Kg6",
    "Be5",
    "Kf7",
    "Bc3",
    "Kg6"
  ]
}