{
  "event": "Sinquefield Cup",
  "site": "St Louis, MO USA",
  "date": "2018.08.24",
  "eventDate": "2018.08.17",
  "dateMillis": 1535040000000,
  "eventDateMillis": 1534435200000,
  "round": "6",
  "result": "1/2-1/2",
  "white": "Alexander Grischuk",
  "black": "Magnus Carlsen",
  "isCarlsenWin": false,
  "isDraw": true,
  "isCarlsenBlack": true,
  "moves": [
    "Nf3",
    "Nf6",
    "g3",
    "g6",
    "Bg2",
    "Bg7",
    "c4",
    "O-O",
    "d4",
    "d6",
    "O-O",
    "c5",
    "d5",
    "b5",
    "cxb5",
    "a6",
    "bxa6",
    "Bf5",
    "Nfd2",
    "Nxa6",
    "Nc3",
    "Nb4",
    "Nc4",
    "Nc2",
    "g4",
    "Nxg4",
    "e4",
    "Nxa1",
    "exf5",
    "Bxc3",
    "bxc3",
    "Nf6",
    "Qe2",
    "Re8",
    "Bg5",
    "Qd7",
    "fxg6",
    "hxg6",
    "Rxa1",
    "Qf5",
    "Bxf6",
    "Qxf6",
    "Qf3",
    "Qh4",
    "Qe4",
    "Qf6",
    "Qf3",
    "Qh4",
    "Qe4",
    "Qf6",
    "Qd3",
    "Reb8",
    "a3",
    "Rb3",
    "Rc1",
    "Ra4",
    "Qc2",
    "Qf4",
    "Qxb3",
    "Qxc1+",
    "Bf1",
    "Qg5+",
    "Bg2",
    "Qc1+",
    "Bf1",
    "Qg5+",
    "Bg2",
    "Qc1+"
  ]
}