{
  "event": "Biel",
  "site": "Biel SUI",
  "date": "2018.07.27",
  "eventDate": "2018.07.22",
  "dateMillis": 1532620800000,
  "eventDateMillis": 1532188800000,
  "round": "6",
  "result": "1/2-1/2",
  "white": "David Navara",
  "black": "Magnus Carlsen",
  "isCarlsenWin": false,
  "isDraw": true,
  "isCarlsenBlack": true,
  "moves": [
    "d4",
    "Nf6",
    "c4",
    "e6",
    "Nf3",
    "d5",
    "Nc3",
    "c5",
    "cxd5",
    "Nxd5",
    "e4",
    "Nxc3",
    "bxc3",
    "cxd4",
    "cxd4",
    "Bb4+",
    "Bd2",
    "Bxd2+",
    "Qxd2",
    "O-O",
    "Rc1",
    "b6",
    "Bd3",
    "Ba6",
    "Bxa6",
    "Nxa6",
    "O-O",
    "Rc8",
    "Rxc8",
    "Qxc8",
    "Rc1",
    "Qb7",
    "Qc2",
    "Nb4",
    "Qc4",
    "a5",
    "a3",
    "b5",
    "Qc7",
    "Qxc7",
    "Rxc7",
    "Nd3",
    "g3",
    "Rb8",
    "Rc3",
    "Nb2",
    "Ne5",
    "f6",
    "Nc6",
    "Ra8",
    "Rb3",
    "Nc4",
    "Rxb5",
    "a4",
    "d5",
    "exd5",
    "exd5",
    "Nxa3",
    "Rc5",
    "Kf7",
    "Nd4",
    "Ke7",
    "Rc3",
    "Nb1",
    "Rc7+",
    "Kd6",
    "Nb5+",
    "Kxd5",
    "Rc1",
    "a3",
    "Rxb1",
    "a2",
    "Nc3+",
    "Kd4",
    "Nxa2",
    "Rxa2",
    "Rb7",
    "Ke4",
    "Kg2",
    "g5",
    "Rxh7",
    "Kf5",
    "Rg7",
    "g4",
    "Rh7",
    "Kg6",
    "Rh4",
    "f5",
    "h3"
  ]
}