{
  "event": "Sinquefield Cup",
  "site": "St Louis, MO USA",
  "date": "2018.08.19",
  "eventDate": "2018.08.18",
  "dateMillis": 1534608000000,
  "eventDateMillis": 1534521600000,
  "round": "2.3",
  "result": "1-0",
  "white": "Magnus Carlsen",
  "black": "Sergey Karjakin",
  "isCarlsenWin": true,
  "isDraw": false,
  "isCarlsenBlack": false,
  "moves": [
    "c4",
    "e6",
    "Nc3",
    "Bb4",
    "g3",
    "Nf6",
    "Bg2",
    "O-O",
    "Nf3",
    "d5",
    "a3",
    "Be7",
    "d4",
    "dxc4",
    "Ne5",
    "Nc6",
    "Bxc6",
    "bxc6",
    "Nxc6",
    "Qe8",
    "Nxe7+",
    "Qxe7",
    "Qa4",
    "c5",
    "dxc5",
    "Qxc5",
    "Be3",
    "Qc7",
    "Rd1",
    "Nd5",
    "Bd4",
    "Rd8",
    "Nxd5",
    "exd5",
    "Qc2",
    "Qe7",
    "O-O",
    "Bh3",
    "Rfe1",
    "Rd7",
    "Bc3",
    "Re8",
    "Rd4",
    "Qg5",
    "Qd2",
    "Qxd2",
    "Rxd2",
    "Be6",
    "Red1",
    "Rde7",
    "f3",
    "h5",
    "Kf2",
    "f6",
    "Rd4",
    "Kh7",
    "R1d2",
    "Bf7",
    "h3",
    "a6",
    "Rf4",
    "Kg8",
    "Bd4",
    "Kh7",
    "Bc3",
    "Kg8",
    "g4",
    "hxg4",
    "hxg4",
    "Kh7",
    "Rf5",
    "Rb7",
    "Rfxd5",
    "Bxd5",
    "Rxd5",
    "Kg6",
    "Rc5",
    "Rh8",
    "Kg3",
    "Rb6",
    "Rxc4",
    "Rh1",
    "Rc7",
    "Rc1",
    "Rd7",
    "Rc6",
    "a4",
    "Rg1+",
    "Kf2",
    "Ra1",
    "a5",
    "Ra4",
    "Kg3",
    "Rac4",
    "Ra7",
    "Re6",
    "e4",
    "Rc8",
    "Rd7",
    "Rec6",
    "f4",
    "R8c7",
    "f5+",
    "Kh7",
    "Rd8",
    "Rc8",
    "Rd3",
    "Re8",
    "Rd4",
    "Rc7",
    "Kf4",
    "Rce7",
    "Rc4",
    "Kh6",
    "Kf3",
    "Rd7",
    "Bd4",
    "Kh7",
    "b4",
    "Rd6",
    "Ke3",
    "Kh6",
    "Rc1",
    "Kh7",
    "Bb6",
    "Rd7",
    "Bc5",
    "Red8",
    "Rh1+",
    "Kg8",
    "Kf4",
    "Re8",
    "Re1",
    "g5+",
    "fxg6",
    "Kg7",
    "g5",
    "Kxg6",
    "gxf6",
    "Kxf6",
    "Rh1",
    "Rf7",
    "Ke3",
    "Ke6",
    "Rh4",
    "Rf6",
    "Rh7",
    "Rf7",
    "Rh5",
    "Kd7",
    "e5",
    "Rf1",
    "Ke4",
    "Kc6",
    "Rh6+",
    "Kb5",
    "Rb6+",
    "Kc4",
    "e6",
    "Re1+",
    "Kf5",
    "Rf1+",
    "Ke5",
    "Re1+",
    "Kf6",
    "Rf1+",
    "Kg7",
    "Ra8",
    "e7",
    "Re1",
    "Kf7",
    "Re4",
    "Rd6",
    "Rh8",
    "Rxa6"
  ]
}