{
  "event": "Biel",
  "site": "Biel SUI",
  "date": "2018.07.29",
  "eventDate": "2018.07.22",
  "dateMillis": 1532793600000,
  "eventDateMillis": 1532188800000,
  "round": "7",
  "result": "1/2-1/2",
  "white": "Magnus Carlsen",
  "black": "Maxime Vachier-Lagrave",
  "isCarlsenWin": false,
  "isDraw": true,
  "isCarlsenBlack": false,
  "moves": [
    "e4",
    "c5",
    "Nf3",
    "d6",
    "d4",
    "cxd4",
    "Nxd4",
    "Nf6",
    "Nc3",
    "a6",
    "f3",
    "e5",
    "Nb3",
    "Be6",
    "Be3",
    "h5",
    "Qd2",
    "Nbd7",
    "Nd5",
    "Bxd5",
    "exd5",
    "g6",
    "Be2",
    "Bg7",
    "O-O",
    "a5",
    "a4",
    "O-O",
    "Bb5",
    "Qc7",
    "c4",
    "b6",
    "h3",
    "Nc5",
    "Nxc5",
    "bxc5",
    "Ra3",
    "Nh7",
    "Rb3",
    "f5",
    "Bc6",
    "Rab8",
    "Rb5",
    "f4",
    "Bf2",
    "e4",
    "Qc2",
    "Qe7",
    "Qxe4",
    "Qxe4",
    "fxe4",
    "Ng5",
    "Re1",
    "Nf7",
    "Rb1",
    "Ng5",
    "Rxa5",
    "Rb3",
    "Rb5",
    "Rd3",
    "Re1",
    "f3",
    "h4",
    "Nf7",
    "a5",
    "Ne5",
    "a6",
    "Rd2",
    "a7",
    "fxg2",
    "a8=Q",
    "Nf3+",
    "Kxg2",
    "Nxe1+",
    "Kf1",
    "Rdxf2+",
    "Kxe1",
    "Rxa8",
    "Kxf2",
    "Rf8+",
    "Ke2",
    "Rf4",
    "b4",
    "cxb4",
    "c5",
    "Be5",
    "cxd6",
    "Bxd6",
    "Kd3",
    "Kf7",
    "Rb6",
    "Bc5",
    "Rb5",
    "Bd6",
    "Rb6",
    "Bc5",
    "Rb5"
  ]
}