{
  "event": "Sinquefield Cup",
  "site": "St Louis, MO USA",
  "date": "2018.08.21",
  "eventDate": "2018.08.18",
  "dateMillis": 1534780800000,
  "eventDateMillis": 1534521600000,
  "round": "4.1",
  "result": "1/2-1/2",
  "white": "Viswanathan Anand",
  "black": "Magnus Carlsen",
  "isCarlsenWin": false,
  "isDraw": true,
  "isCarlsenBlack": true,
  "moves": [
    "e4",
    "c5",
    "Nf3",
    "Nc6",
    "Bb5",
    "g6",
    "Bxc6",
    "dxc6",
    "d3",
    "Bg7",
    "h3",
    "Nf6",
    "Nc3",
    "O-O",
    "Be3",
    "b6",
    "Qd2",
    "e5",
    "Bh6",
    "Qd6",
    "Bxg7",
    "Kxg7",
    "a4",
    "Ne8",
    "Nh2",
    "Nc7",
    "Ng4",
    "f6",
    "f3",
    "Ne6",
    "h4",
    "Nd4",
    "h5",
    "g5",
    "Ne3",
    "Be6",
    "Ne2",
    "Kh8",
    "Ng3",
    "Rad8",
    "Kf2",
    "Qe7",
    "Qd1",
    "c4",
    "dxc4",
    "f5",
    "exf5",
    "Nxf5",
    "Ngxf5",
    "Bxf5",
    "Qe2",
    "g4",
    "Kg1",
    "gxf3",
    "Qxf3",
    "Bxc2",
    "Qg3",
    "Bd3",
    "Rh4",
    "Rd4",
    "Rg4",
    "Rxg4",
    "Nxg4",
    "e4",
    "Qe5+",
    "Qxe5",
    "Nxe5",
    "Kg7",
    "Rd1",
    "Rd8",
    "Nxc6",
    "Re8",
    "Kf2",
    "e3+",
    "Ke1",
    "Bxc4",
    "Rd4",
    "Bf7",
    "g4",
    "a5",
    "b4",
    "axb4",
    "Rxb4",
    "Be6",
    "g5",
    "Bf7",
    "h6+",
    "Kg6",
    "Rb5",
    "Ba2",
    "Re5",
    "Rxe5",
    "Nxe5+",
    "Kxg5",
    "Nd7",
    "Bb3",
    "Nxb6",
    "Bxa4",
    "Nxa4",
    "Kxh6",
    "Nc3",
    "e2",
    "Nxe2",
    "Kg5",
    "Ng3",
    "h5",
    "Nxh5"
  ]
}