{
  "event": "Sinquefield Cup",
  "site": "St Louis, MO USA",
  "date": "2018.08.27",
  "eventDate": "2018.08.17",
  "dateMillis": 1535299200000,
  "eventDateMillis": 1534435200000,
  "round": "9",
  "result": "1-0",
  "white": "Magnus Carlsen",
  "black": "Hikaru Nakamura",
  "isCarlsenWin": true,
  "isDraw": false,
  "isCarlsenBlack": false,
  "moves": [
    "Nf3",
    "Nf6",
    "d4",
    "e6",
    "c4",
    "d5",
    "Nc3",
    "Be7",
    "Bf4",
    "O-O",
    "e3",
    "b6",
    "Bd3",
    "dxc4",
    "Bxc4",
    "Ba6",
    "Qe2",
    "Bxc4",
    "Qxc4",
    "c5",
    "dxc5",
    "bxc5",
    "O-O",
    "Nc6",
    "Rac1",
    "Rc8",
    "Ne5",
    "Qb6",
    "Nxc6",
    "Rxc6",
    "b3",
    "h6",
    "Rfd1",
    "Qb7",
    "h3",
    "Rfc8",
    "Na4",
    "Nd7",
    "Rd2",
    "Nb6",
    "Nxb6",
    "Rxb6",
    "Rcd1",
    "Bf6",
    "Rd7",
    "Qa6",
    "Qe4",
    "e5",
    "Bxh6",
    "Re8",
    "Qg4",
    "Qxa2",
    "e4",
    "Qxb3",
    "Be3",
    "Rb7",
    "R7d6",
    "Be7",
    "R6d5",
    "Bf8",
    "Bxc5",
    "Bxc5",
    "Rxc5",
    "Qe6",
    "Qe2",
    "Rd7",
    "Rxd7",
    "Qxd7",
    "Rd5",
    "Qc7",
    "Qd2",
    "Ra8",
    "Rd7",
    "Qc4",
    "f3",
    "Qc5+",
    "Kh2",
    "Qc6",
    "Rd6",
    "Qc5",
    "Ra6",
    "Qe7",
    "Qe3",
    "Kh7",
    "Kg3",
    "Qb7",
    "Qa3",
    "f6",
    "Kh2",
    "Qc7",
    "Qa1",
    "Qb7",
    "Qa5",
    "Qd7",
    "Qa2",
    "Qe7",
    "Qf2",
    "Qb7",
    "Qa2",
    "Qe7",
    "Qd5",
    "Rb8",
    "Qa5",
    "Rb7",
    "Qe1",
    "Qd7",
    "Qh4+",
    "Kg8",
    "Qf2",
    "Qf7",
    "Qa2",
    "Qxa2",
    "Rxa2",
    "Kh7",
    "Ra6",
    "Kg6",
    "h4",
    "Kh5",
    "Kh3",
    "Rf7",
    "g4+",
    "Kh6",
    "Kg3",
    "g5",
    "h5",
    "Kg7",
    "Kf2",
    "Rb7",
    "Ra3",
    "Kh6",
    "Ke3",
    "a5",
    "Rxa5",
    "Rb3+",
    "Kf2",
    "Rb2+",
    "Kg3",
    "Kg7",
    "Ra7+",
    "Kg8",
    "Ra1",
    "Kg7",
    "Rf1",
    "Ra2",
    "Rf2",
    "Ra3",
    "Rd2",
    "Ra7",
    "Kf2",
    "Kf7",
    "Ke2",
    "Rb7",
    "Rd3",
    "Ra7",
    "Kd2",
    "Ke6",
    "Kc3",
    "Ke7",
    "Kc4",
    "Rc7+",
    "Kb5",
    "Rc1",
    "Rb3",
    "Kf7",
    "Kb6",
    "Rc2",
    "Kb7",
    "Rc1",
    "Kb8",
    "Kg8",
    "Rb6",
    "Kg7",
    "Rb7+",
    "Kg8",
    "Rc7",
    "Rb1+",
    "Kc8",
    "Rb3",
    "Kd7",
    "Rxf3",
    "Ke6",
    "Rf4",
    "h6",
    "Kh8",
    "Rb7",
    "Kg8",
    "Rg7+",
    "Kh8",
    "Kf7",
    "Rxe4",
    "Kg6",
    "Ra4",
    "Rh7+"
  ]
}