{
  "event": "Sinquefield Cup",
  "site": "St Louis, MO USA",
  "date": "2018.08.18",
  "eventDate": "2018.08.18",
  "dateMillis": 1534521600000,
  "eventDateMillis": 1534521600000,
  "round": "1.1",
  "result": "1/2-1/2",
  "white": "Maxime Vachier-Lagrave",
  "black": "Magnus Carlsen",
  "isCarlsenWin": false,
  "isDraw": true,
  "isCarlsenBlack": true,
  "moves": [
    "e4",
    "c5",
    "Nf3",
    "Nc6",
    "Nc3",
    "e5",
    "Bc4",
    "g6",
    "h4",
    "h6",
    "h5",
    "g5",
    "Nh2",
    "Nf6",
    "d3",
    "d6",
    "Nf1",
    "Bg4",
    "f3",
    "Be6",
    "Ne3",
    "Bg7",
    "Ncd5",
    "O-O",
    "c3",
    "Rb8",
    "a4",
    "a6",
    "g4",
    "b5",
    "axb5",
    "axb5",
    "Bb3",
    "Ne7",
    "Nxe7+",
    "Qxe7",
    "O-O",
    "Qb7",
    "Bxe6",
    "fxe6",
    "c4",
    "b4",
    "b3",
    "Nd7",
    "Qe2",
    "Rbd8",
    "Nc2",
    "Nb8",
    "Be3",
    "Nc6",
    "Kg2",
    "Rf7",
    "Ra4",
    "Rdf8",
    "Bg1",
    "Bf6",
    "Rfa1",
    "Bd8",
    "Ra8",
    "Rxf3",
    "Qxf3",
    "Rxf3",
    "Kxf3",
    "Kg7",
    "Ke2",
    "Bb6",
    "R8a6",
    "Kf7",
    "Ra8",
    "Kg7",
    "R8a6",
    "Kf7",
    "Ra8",
    "Kg7"
  ]
}