{
  "event": "Sinquefield Cup",
  "site": "St Louis, MO USA",
  "date": "2018.08.20",
  "eventDate": "2018.08.18",
  "dateMillis": 1534694400000,
  "eventDateMillis": 1534521600000,
  "round": "3",
  "result": "1/2-1/2",
  "white": "Levon Aronian",
  "black": "Magnus Carlsen",
  "isCarlsenWin": false,
  "isDraw": true,
  "isCarlsenBlack": true,
  "moves": [
    "e4",
    "e5",
    "Nf3",
    "Nc6",
    "Bc4",
    "Bc5",
    "d3",
    "Nf6",
    "O-O",
    "d6",
    "c3",
    "a6",
    "Re1",
    "h6",
    "b4",
    "Ba7",
    "a4",
    "O-O",
    "Nbd2",
    "Re8",
    "Nf1",
    "Be6",
    "Bxe6",
    "Rxe6",
    "Ng3",
    "Ne7",
    "d4",
    "Ng6",
    "Qc2",
    "c6",
    "h3",
    "Qc7",
    "Be3",
    "d5",
    "Nxe5",
    "Nxe5",
    "dxe5",
    "Qxe5",
    "exd5",
    "cxd5",
    "Rad1",
    "Bxe3",
    "Rxe3",
    "Qc7",
    "Nf5",
    "Rae8",
    "Qd3",
    "Qf4",
    "g3",
    "Qc7",
    "a5",
    "Rxe3",
    "Nxe3",
    "Qc6",
    "Nxd5",
    "Nxd5",
    "Qxd5",
    "Re1+",
    "Kh2",
    "Rxd1",
    "Qxd1",
    "Qxc3",
    "Qd8+",
    "Kh7",
    "Qd5",
    "Qxb4",
    "Qf5+",
    "Kg8",
    "Qc8+",
    "Kh7",
    "Qf5+",
    "Kg8",
    "Qc8+",
    "Kh7",
    "Qf5+"
  ]
}