{
  "event": "Sinquefield Cup",
  "site": "St Louis, MO USA",
  "date": "2018.08.22",
  "eventDate": "2018.08.18",
  "dateMillis": 1534867200000,
  "eventDateMillis": 1534521600000,
  "round": "5.1",
  "result": "1/2-1/2",
  "white": "Magnus Carlsen",
  "black": "Wesley So",
  "isCarlsenWin": false,
  "isDraw": true,
  "isCarlsenBlack": false,
  "moves": [
    "d4",
    "Nf6",
    "c4",
    "e6",
    "Nf3",
    "d5",
    "Nc3",
    "c5",
    "e3",
    "Nc6",
    "cxd5",
    "Nxd5",
    "Bd3",
    "Be7",
    "O-O",
    "O-O",
    "Qe2",
    "b6",
    "Rd1",
    "cxd4",
    "Nxd5",
    "Qxd5",
    "exd4",
    "Bb7",
    "Be4",
    "Qd6",
    "g3",
    "Bf6",
    "Bg5",
    "Qe7",
    "Bxf6",
    "Qxf6",
    "Ne5",
    "Rfc8",
    "Qb5",
    "Na5",
    "Bxb7",
    "Nxb7",
    "Qd7",
    "Nc5",
    "dxc5",
    "Qxe5",
    "c6",
    "h5",
    "Rd6",
    "Qxb2",
    "Rad1",
    "Qc2",
    "h4",
    "Rd8",
    "Qxd8+",
    "Rxd8",
    "Rxd8+",
    "Kh7",
    "R8d7",
    "a5",
    "c7",
    "b5",
    "R1d2",
    "Qc1+",
    "Rd1",
    "Qc2",
    "R1d4",
    "f6",
    "Rd2",
    "Qc1+",
    "Rd1",
    "Qc2",
    "R1d6",
    "Qb1+",
    "Rd1",
    "Qc2",
    "R1d6",
    "Qb1+",
    "Kg2",
    "Qe4+",
    "Kh2",
    "Qc2",
    "Rd2",
    "Qc3",
    "R2d6",
    "Qc2",
    "Rd2",
    "Qc3",
    "Re2",
    "e5",
    "Red2",
    "b4",
    "R2d6",
    "Kg6",
    "Kg2",
    "Qc2",
    "Re7",
    "Qe4+",
    "Kg1",
    "Qe1+",
    "Kg2",
    "Qe4+",
    "Kg1",
    "Qe1+",
    "Kg2",
    "Qe4+"
  ]
}