{
  "event": "Biel",
  "site": "Biel SUI",
  "date": "2018.07.26",
  "eventDate": "2018.07.22",
  "dateMillis": 1532534400000,
  "eventDateMillis": 1532188800000,
  "round": "5",
  "result": "1/2-1/2",
  "white": "Magnus Carlsen",
  "black": "Shakhriyar Mamedyarov",
  "isCarlsenWin": false,
  "isDraw": true,
  "isCarlsenBlack": false,
  "moves": [
    "e4",
    "e5",
    "Nf3",
    "Nc6",
    "Bb5",
    "a6",
    "Ba4",
    "Nf6",
    "d3",
    "b5",
    "Bb3",
    "Bc5",
    "c3",
    "d6",
    "Bg5",
    "h6",
    "Bh4",
    "O-O",
    "Nbd2",
    "Be6",
    "O-O",
    "Bb6",
    "Re1",
    "Bxb3",
    "Nxb3",
    "Nb8",
    "d4",
    "Nbd7",
    "a4",
    "Re8",
    "Qc2",
    "Qe7",
    "h3",
    "Rab8",
    "axb5",
    "axb5",
    "Na5",
    "Bxa5",
    "Rxa5",
    "c6",
    "Ra7",
    "Qe6",
    "Rd1",
    "Nf8",
    "Rc7",
    "Rec8",
    "Rxc6",
    "Rxc6",
    "d5",
    "Qc8",
    "dxc6",
    "Ne8",
    "Be7",
    "Qxc6",
    "Nh4",
    "Ng6",
    "Nf5",
    "Rb7",
    "Bxd6",
    "Rd7",
    "Ba3",
    "Rxd1+",
    "Qxd1",
    "Qxe4",
    "Ne3",
    "Nf6",
    "g3",
    "h5",
    "h4",
    "Qc6",
    "Bb4",
    "Kh7",
    "b3",
    "Qa8",
    "c4",
    "bxc4",
    "bxc4",
    "Qc6",
    "Bd6",
    "Kg8",
    "c5",
    "Qe4",
    "Qf1",
    "Nd5",
    "Nxd5",
    "Qxd5",
    "Qc1",
    "f6",
    "Qc2",
    "e4",
    "Kf1",
    "Kf7",
    "Qa4",
    "Qd3+",
    "Kg1",
    "Kg8",
    "Qa2+",
    "Kh7",
    "Kh2",
    "Qd1",
    "Qa3",
    "Qd2",
    "Qe3",
    "Qd5",
    "Qc1",
    "Kg8",
    "Kg1",
    "Kf7",
    "Qa1",
    "Kg8",
    "Qc1",
    "Kf7",
    "Qb1",
    "Ne7",
    "Bxe7",
    "Kxe7",
    "Qb6",
    "Qd1+",
    "Kh2",
    "Qd4",
    "Qb7+",
    "Ke6",
    "Qc6+",
    "Ke7",
    "Kg2",
    "e3",
    "Qb7+",
    "Ke6",
    "Qc8+",
    "Kd5",
    "fxe3",
    "Qg4",
    "Qd8+"
  ]
}