{
  "event": "Sinquefield Cup",
  "site": "St Louis, MO USA",
  "date": "2018.08.25",
  "eventDate": "2018.08.18",
  "dateMillis": 1535126400000,
  "eventDateMillis": 1534521600000,
  "round": "7.1",
  "result": "1/2-1/2",
  "white": "Magnus Carlsen",
  "black": "Fabiano Caruana",
  "isCarlsenWin": false,
  "isDraw": true,
  "isCarlsenBlack": false,
  "moves": [
    "e4",
    "e5",
    "Nf3",
    "Nf6",
    "Nxe5",
    "d6",
    "Nf3",
    "Nxe4",
    "Nc3",
    "Nxc3",
    "dxc3",
    "Be7",
    "Be3",
    "Nc6",
    "Bc4",
    "O-O",
    "Qd2",
    "Bf5",
    "O-O-O",
    "Qd7",
    "Kb1",
    "Rfe8",
    "h4",
    "Bf8",
    "h5",
    "h6",
    "Be2",
    "Bg4",
    "Nh2",
    "Bxe2",
    "Qxe2",
    "Ne5",
    "Bc1",
    "Qc6",
    "f4",
    "Nc4",
    "Qd3",
    "Qe4",
    "g4",
    "Ne3",
    "Rde1",
    "Qxd3",
    "cxd3",
    "Nd5",
    "Reg1",
    "Re6",
    "g5",
    "Ne7",
    "gxh6",
    "Rxh6",
    "f5",
    "Rh7",
    "Ng4",
    "Kh8",
    "f6",
    "Ng8",
    "fxg7+",
    "Rxg7",
    "Be3",
    "c5",
    "Bf4",
    "Re8",
    "Ne3",
    "Rxg1+",
    "Rxg1",
    "Re6",
    "Nd5",
    "Nf6",
    "Nc7",
    "Re2",
    "Nb5",
    "Re6",
    "Rf1",
    "Kg8",
    "Nc7",
    "Re2",
    "Nb5",
    "Re6",
    "Nc7",
    "Re2",
    "Nb5",
    "Re6"
  ]
}