{
  "event": "Biel",
  "site": "Biel SUI",
  "date": "2018.07.31",
  "eventDate": "2018.07.22",
  "dateMillis": 1532966400000,
  "eventDateMillis": 1532188800000,
  "round": "9",
  "result": "1-0",
  "white": "Shakhriyar Mamedyarov",
  "black": "Magnus Carlsen",
  "isCarlsenWin": false,
  "isDraw": false,
  "isCarlsenBlack": true,
  "moves": [
    "d4",
    "Nf6",
    "c4",
    "g6",
    "g3",
    "Bg7",
    "Bg2",
    "O-O",
    "Nc3",
    "d6",
    "Nf3",
    "c5",
    "O-O",
    "Nc6",
    "e3",
    "d5",
    "cxd5",
    "Nxd5",
    "Nxd5",
    "Qxd5",
    "Ne5",
    "Qd6",
    "Nc4",
    "Qc7",
    "d5",
    "Rd8",
    "Bd2",
    "Nb4",
    "Bxb4",
    "cxb4",
    "Rc1",
    "a5",
    "a3",
    "bxa3",
    "bxa3",
    "a4",
    "Qd3",
    "Bf5",
    "e4",
    "Bd7",
    "Qe3",
    "Ra6",
    "e5",
    "b5",
    "d6",
    "Qb8",
    "dxe7",
    "Re8",
    "Rfd1",
    "Rxe7",
    "Qc5",
    "Qf8",
    "Ne3",
    "Be6",
    "Qxb5",
    "Raa7",
    "Nd5",
    "Bxd5",
    "Rxd5",
    "Reb7",
    "Qd3",
    "Rb8",
    "h4",
    "Qe8",
    "Qd4",
    "Qe7",
    "f4",
    "Bf8",
    "Kh2",
    "Rab7",
    "Qxa4",
    "Qxa3",
    "Qxa3",
    "Bxa3",
    "Rcd1",
    "Be7",
    "Kh3",
    "Rc7",
    "h5",
    "gxh5",
    "f5",
    "f6",
    "e6",
    "Rb3",
    "Rd7",
    "Rbc3",
    "Ra1",
    "Kg7",
    "Ra8",
    "Kh6",
    "Re8",
    "Bb4",
    "Rb8",
    "Be7",
    "Be4",
    "R3c4",
    "Bd5",
    "R4c5",
    "Be4",
    "Rc4",
    "Bd5",
    "R4c5",
    "Rb7",
    "Rxd7",
    "Rxd7",
    "Ra5",
    "Bc6",
    "Ba3",
    "Rf7",
    "Re5",
    "Kh4",
    "Bc1",
    "e7"
  ]
}