{
  "event": "Biel",
  "site": "Biel SUI",
  "date": "2018.07.25",
  "eventDate": "2018.07.22",
  "dateMillis": 1532448000000,
  "eventDateMillis": 1532188800000,
  "round": "4.1",
  "result": "1/2-1/2",
  "white": "Nico Georgiadis",
  "black": "Magnus Carlsen",
  "isCarlsenWin": false,
  "isDraw": true,
  "isCarlsenBlack": true,
  "moves": [
    "e4",
    "e6",
    "d4",
    "d5",
    "Nc3",
    "Bb4",
    "e5",
    "c5",
    "a3",
    "Ba5",
    "b4",
    "cxd4",
    "Qg4",
    "Kf8",
    "Nb5",
    "Bc7",
    "Qxd4",
    "Nc6",
    "Qc5+",
    "Nge7",
    "Nxc7",
    "Qxc7",
    "Nf3",
    "b6",
    "Qd6",
    "Qxd6",
    "exd6",
    "Nf5",
    "Bf4",
    "f6",
    "g4",
    "Nfd4",
    "Nxd4",
    "Nxd4",
    "O-O-O",
    "e5",
    "Rxd4",
    "exd4",
    "Bb5",
    "Bxg4",
    "Re1",
    "g5",
    "Bg3",
    "Rd8",
    "Re7",
    "h5",
    "h4",
    "gxh4",
    "Bf4",
    "Bf5",
    "Rxa7",
    "Rh7",
    "Rc7",
    "Bd7",
    "Bc6",
    "h3",
    "Kd2",
    "Rg7",
    "Bh6",
    "Bxc6",
    "Rxg7",
    "Rxd6",
    "Rg5+",
    "Kf7",
    "Rxh5",
    "Bb5",
    "Rxh3",
    "Re6",
    "Rf3",
    "Kg6",
    "Bf4",
    "Rc6",
    "Bg3",
    "Rc4",
    "Rd3",
    "Kf5",
    "Rf3+",
    "Ke6",
    "Rd3",
    "f5",
    "f3",
    "f4",
    "Bf2",
    "Ke5",
    "c3",
    "Rc6",
    "Rxd4",
    "Rh6",
    "Kc1",
    "Rh3",
    "Rd2",
    "Rxf3",
    "Bd4+",
    "Ke4",
    "Kb2",
    "Rd3",
    "Rxd3",
    "Kxd3",
    "Bxb6",
    "Ba4",
    "Ba7",
    "f3",
    "Bg1",
    "Kd2",
    "Ba7",
    "Bd1",
    "Bc5",
    "Ba4",
    "Ba7",
    "Ke2",
    "c4",
    "d4",
    "Bxd4",
    "Kd3",
    "Ba7",
    "Kxc4"
  ]
}