{
  "event": "Sinquefield Cup",
  "site": "St Louis, MO USA",
  "date": "2018.08.26",
  "eventDate": "2018.08.17",
  "dateMillis": 1535212800000,
  "eventDateMillis": 1534435200000,
  "round": "8",
  "result": "1/2-1/2",
  "white": "Shakhriyar Mamedyarov",
  "black": "Magnus Carlsen",
  "isCarlsenWin": false,
  "isDraw": true,
  "isCarlsenBlack": true,
  "moves": [
    "d4",
    "Nf6",
    "c4",
    "g6",
    "Nf3",
    "Bg7",
    "g3",
    "c6",
    "Bg2",
    "d5",
    "Nbd2",
    "a5",
    "b3",
    "a4",
    "Ba3",
    "axb3",
    "axb3",
    "O-O",
    "O-O",
    "Re8",
    "e3",
    "Bf5",
    "Qe2",
    "Na6",
    "Ne5",
    "Ne4",
    "cxd5",
    "cxd5",
    "Nxe4",
    "Bxe4",
    "Bxe4",
    "dxe4",
    "Qb5",
    "Rb8",
    "Qc4",
    "Bxe5",
    "dxe5",
    "Qd3",
    "Rac1",
    "Qxc4",
    "Rxc4",
    "b5",
    "Rc6",
    "Ra8",
    "Rfc1",
    "Nb8",
    "Rc8",
    "Kf8",
    "Bb4",
    "Na6",
    "Rxa8",
    "Rxa8",
    "Ba5",
    "Ke8",
    "Rc6",
    "Kd7",
    "Rb6",
    "Nc5",
    "b4",
    "Nd3",
    "e6+",
    "fxe6",
    "Rxb5",
    "Rc8",
    "Rb7+",
    "Kd6",
    "b5",
    "Rc1+",
    "Kg2",
    "Rc2",
    "Kg1",
    "g5",
    "Rb8",
    "Rb2",
    "Rd8+",
    "Kc5",
    "b6",
    "Rb5",
    "Kg2",
    "g4",
    "h3",
    "h5",
    "hxg4",
    "hxg4",
    "Bc3",
    "e5",
    "Rg8",
    "Kc4",
    "Rc8+",
    "Kd5",
    "Rd8+",
    "Kc5",
    "Rc8+",
    "Kxb6",
    "Rb8+",
    "Kc5",
    "Rxb5+",
    "Kxb5",
    "Kf1",
    "Ka4",
    "Ke2",
    "e6",
    "Kf1",
    "Kb3",
    "Ba5",
    "Kc2",
    "Ke2",
    "Nc1+",
    "Ke1",
    "Nd3+",
    "Ke2",
    "Nc1+",
    "Ke1",
    "Nd3+",
    "Ke2",
    "Nc1+"
  ]
}