{
  "event": "Biel",
  "site": "Biel SUI",
  "date": "2018.07.30",
  "eventDate": "2018.07.22",
  "dateMillis": 1532880000000,
  "eventDateMillis": 1532188800000,
  "round": "8.2",
  "result": "1/2-1/2",
  "white": "Peter Svidler",
  "black": "Magnus Carlsen",
  "isCarlsenWin": false,
  "isDraw": true,
  "isCarlsenBlack": true,
  "moves": [
    "e4",
    "e5",
    "Nf3",
    "Nc6",
    "Bb5",
    "Nf6",
    "d3",
    "Bc5",
    "Bxc6",
    "dxc6",
    "Nbd2",
    "Be6",
    "Qe2",
    "Nd7",
    "Nb3",
    "Bb6",
    "Ng5",
    "Nf8",
    "Be3",
    "Qe7",
    "g3",
    "Bxb3",
    "axb3",
    "f6",
    "Nf3",
    "Ne6",
    "Bxb6",
    "cxb6",
    "O-O",
    "a6",
    "c3",
    "O-O-O",
    "Rad1",
    "Kb8",
    "Qe3",
    "Ka7",
    "d4",
    "exd4",
    "Nxd4",
    "Nxd4",
    "Rxd4",
    "h5",
    "Rfd1",
    "Rxd4",
    "cxd4",
    "h4",
    "d5",
    "hxg3",
    "hxg3",
    "Qe5",
    "Qf3",
    "cxd5",
    "exd5",
    "Qxb2",
    "d6",
    "Rd8",
    "d7",
    "Qc2",
    "Rd6",
    "Qc5",
    "Qd1",
    "Qf5",
    "Rd5",
    "Qe4",
    "Rd4",
    "Qc6",
    "Rd6",
    "Qe4",
    "Rd4",
    "Qc6",
    "Rd6",
    "Qe4"
  ]
}