{
  "event": "Biel",
  "site": "0:52:33-0:22:33",
  "date": "2018.07.22",
  "eventDate": "2018.07.21",
  "dateMillis": 1532188800000,
  "eventDateMillis": 1532102400000,
  "round": "1",
  "result": "1-0",
  "white": "Magnus Carlsen",
  "black": "David Navara",
  "isCarlsenWin": true,
  "isDraw": false,
  "isCarlsenBlack": false,
  "moves": [
    "d4",
    "Nf6",
    "Nf3",
    "d5",
    "c4",
    "e6",
    "Bg5",
    "Bb4+",
    "Nc3",
    "h6",
    "Bxf6",
    "Qxf6",
    "e3",
    "O-O",
    "Rc1",
    "dxc4",
    "Bxc4",
    "c5",
    "dxc5",
    "Nd7",
    "O-O",
    "Nxc5",
    "Nb5",
    "a6",
    "Nbd4",
    "b5",
    "Be2",
    "e5",
    "Nc2",
    "Rd8",
    "Nxb4",
    "Rxd1",
    "Rfxd1",
    "a5",
    "Nd5",
    "Qd6",
    "Nxe5",
    "Bb7",
    "Bf3",
    "Rc8",
    "Ng4",
    "Qf8",
    "h4",
    "Nd7",
    "Rxc8",
    "Bxc8",
    "a3",
    "h5",
    "Nh2",
    "g6",
    "Be2",
    "Ne5",
    "Bxb5",
    "Bb7",
    "Nc3",
    "Qe7",
    "Rd4",
    "Qe6",
    "Nf1",
    "Qb3",
    "Rd2",
    "Nc4",
    "Rd7",
    "Nxb2",
    "Rxb7",
    "Qxc3",
    "Be8",
    "Kf8",
    "Bxf7",
    "Qc6",
    "Rxb2",
    "Kxf7",
    "Rd2",
    "Qa4",
    "Rd3",
    "Qxh4",
    "Rd7+",
    "Kg8",
    "Rd4",
    "Qe7",
    "a4",
    "Qa3",
    "g3",
    "Qa1",
    "Kg2",
    "g5",
    "Nd2",
    "g4",
    "Ne4",
    "Qc1",
    "Nf6+",
    "Kf7",
    "Nxh5",
    "Qc6+",
    "Kg1",
    "Qc1+",
    "Kh2",
    "Kg6",
    "Nf4+",
    "Kf6",
    "Ng2",
    "Kg5",
    "Rf4",
    "Qd1",
    "Nh4",
    "Qc2",
    "Nf5",
    "Qd3",
    "e4",
    "Qd7",
    "e5",
    "Qh7+",
    "Kg1",
    "Qg6",
    "Nd6",
    "Qe6",
    "Rf5+",
    "Qxf5",
    "Nxf5",
    "Kxf5",
    "f4",
    "gxf3",
    "Kf2",
    "Kxe5",
    "Kxf3",
    "Kf5",
    "Ke3"
  ]
}