{
  "event": "Biel",
  "site": "Biel SUI",
  "date": "2018.08.01",
  "eventDate": "2018.07.22",
  "dateMillis": 1533052800000,
  "eventDateMillis": 1532188800000,
  "round": "10.2",
  "result": "1-0",
  "white": "Magnus Carlsen",
  "black": "Nico Georgiadis",
  "isCarlsenWin": true,
  "isDraw": false,
  "isCarlsenBlack": false,
  "moves": [
    "e4",
    "c5",
    "Na3",
    "g6",
    "Nf3",
    "Bg7",
    "c3",
    "d5",
    "exd5",
    "Qxd5",
    "Bc4",
    "Qe4+",
    "Kf1",
    "Be6",
    "Qa4+",
    "Nd7",
    "d4",
    "Nf6",
    "Bg5",
    "Bxc4+",
    "Qxc4",
    "Qd5",
    "Re1",
    "e6",
    "Bxf6",
    "Nxf6",
    "Qb5+",
    "Nd7",
    "Ne5",
    "a6",
    "Qc4",
    "Nxe5",
    "dxe5",
    "Rd8",
    "Qxd5",
    "Rxd5",
    "f4",
    "g5",
    "fxg5",
    "Ke7",
    "h4",
    "Rxe5",
    "Rxe5",
    "Bxe5",
    "Ke2",
    "b5",
    "Nc2",
    "Rd8",
    "Ne1",
    "c4",
    "Nf3",
    "Bg7",
    "Nd2",
    "h6",
    "Ne4",
    "hxg5",
    "hxg5",
    "Rd5",
    "a3",
    "a5",
    "Re1",
    "Be5",
    "g3",
    "Kf8",
    "Kf3",
    "Kg7",
    "Kg4",
    "Kg6",
    "Rf1",
    "Rd3",
    "Rf3",
    "Rd1",
    "Rf2",
    "Rd5",
    "Nd2",
    "Bc7",
    "Nf3",
    "Bd8",
    "Nh4+",
    "Kg7",
    "Nf3",
    "Bb6",
    "Re2",
    "Bc7",
    "Re4",
    "Bd6",
    "Rd4",
    "Rxd4+",
    "Nxd4",
    "b4",
    "a4",
    "b3",
    "Nf3"
  ]
}