{
  "event": "Biel",
  "site": "0:14:33-0:08:33",
  "date": "2018.07.23",
  "eventDate": "2018.07.21",
  "dateMillis": 1532275200000,
  "eventDateMillis": 1532102400000,
  "round": "2",
  "result": "0-1",
  "white": "Maxime Vachier-Lagrave",
  "black": "Magnus Carlsen",
  "isCarlsenWin": true,
  "isDraw": false,
  "isCarlsenBlack": true,
  "moves": [
    "e4",
    "d6",
    "d4",
    "Nf6",
    "Nc3",
    "g6",
    "Bf4",
    "c6",
    "Nf3",
    "Bg7",
    "Qd2",
    "O-O",
    "h3",
    "Qa5",
    "e5",
    "dxe5",
    "dxe5",
    "Nd5",
    "Nxd5",
    "Qxd2+",
    "Bxd2",
    "cxd5",
    "O-O-O",
    "Nc6",
    "Bc3",
    "e6",
    "h4",
    "h6",
    "Bd3",
    "Bd7",
    "Rhe1",
    "Rfc8",
    "Rd2",
    "Rab8",
    "Rde2",
    "b5",
    "Nd4",
    "b4",
    "Nxc6",
    "Bxc6",
    "Bd4",
    "Bb5",
    "Kd2",
    "h5",
    "f4",
    "Bf8",
    "g4",
    "hxg4",
    "Rg1",
    "Bc5",
    "Bxc5",
    "Rxc5",
    "Rxg4",
    "Kf8",
    "Rh2",
    "Bxd3",
    "Kxd3",
    "Rc4",
    "h5",
    "gxh5",
    "Rxh5",
    "Ke7",
    "Rgh4",
    "Rg8",
    "f5",
    "Rg3+",
    "Kd2",
    "Rg2+",
    "Kd1",
    "Rcxc2",
    "f6+",
    "Kd7",
    "Rxb4",
    "a5",
    "Rb8",
    "Rcf2",
    "Ke1",
    "Kc6",
    "Rc8+",
    "Kb5",
    "Rh7",
    "d4",
    "Rg8",
    "Re2+",
    "Kf1",
    "Rgf2+",
    "Kg1",
    "Rf4",
    "Rxf7",
    "Rxe5",
    "Rc7",
    "Rxf6",
    "Rb8+",
    "Ka6",
    "Rc6+",
    "Ka7",
    "Rg8",
    "Rf7",
    "Rg6",
    "Re1+",
    "Kg2",
    "d3",
    "Rd6",
    "Re2+",
    "Kh3",
    "d2",
    "Rg8",
    "Kb7",
    "Rgd8",
    "d1=Q",
    "Rxd1",
    "Rxb2",
    "Re1",
    "Rf6",
    "Rd6",
    "Rxa2",
    "Kg3",
    "Rb2",
    "Re5",
    "Rb3+",
    "Kg2",
    "a4",
    "Ra5",
    "a3",
    "Rda6",
    "Rff3",
    "Ra7+",
    "Kc6",
    "R7a6+",
    "Kd7",
    "Ra7+",
    "Kd6",
    "R7a6+",
    "Ke7",
    "Re5",
    "Rfc3",
    "Rexe6+",
    "Kd7",
    "Kf2",
    "Rb2+",
    "Re2",
    "Rh3",
    "Kg2",
    "Rxe2+",
    "Kxh3",
    "a2",
    "Kg3",
    "Kc7",
    "Kf3",
    "Kb7",
    "Ra4",
    "Rh2",
    "Ke3",
    "Kb6",
    "Kd3",
    "Kb5",
    "Ra8",
    "Kb4",
    "Kd4"
  ]
}