{
  "event": "European Club Cup",
  "site": "Porto Carras GRE",
  "date": "2018.10.14",
  "eventDate": "2018.10.12",
  "dateMillis": 1539446400000,
  "eventDateMillis": 1539273600000,
  "round": "3.1",
  "result": "1/2-1/2",
  "white": "Radoslaw Wojtaszek",
  "black": "Magnus Carlsen",
  "isCarlsenWin": false,
  "isDraw": true,
  "isCarlsenBlack": true,
  "moves": [
    "d4",
    "Nf6",
    "c4",
    "g6",
    "Nf3",
    "Bg7",
    "g3",
    "O-O",
    "Bg2",
    "c6",
    "Nc3",
    "d5",
    "cxd5",
    "cxd5",
    "Ne5",
    "b6",
    "O-O",
    "Bb7",
    "Bf4",
    "Nc6",
    "Rc1",
    "Rc8",
    "Qd2",
    "e6",
    "Rc2",
    "Nxe5",
    "Bxe5",
    "Ne8",
    "Bxg7",
    "Kxg7",
    "Rfc1",
    "Nd6",
    "b3",
    "Qf6",
    "e3",
    "Ba6",
    "a4",
    "Qe7",
    "Na2",
    "Rxc2",
    "Rxc2",
    "Rc8",
    "Rxc8",
    "Bxc8",
    "a5",
    "Qc7",
    "axb6",
    "Qxb6",
    "Qb4",
    "Ba6",
    "Qxb6",
    "axb6",
    "Nc3",
    "Bd3",
    "Bf1",
    "Bc2",
    "b4",
    "Ne4",
    "Nb5",
    "Bd1",
    "Bd3",
    "Nd2",
    "Nc3",
    "Bb3",
    "Kg2",
    "Bc4",
    "Bc2",
    "Bf1+",
    "Kg1",
    "Bc4",
    "Kg2",
    "g5",
    "g4",
    "Bf1+",
    "Kg3",
    "Nc4",
    "h4",
    "h6",
    "hxg5",
    "hxg5",
    "Ba4",
    "Nb2",
    "Bc2",
    "Kf6",
    "f4",
    "Bd3",
    "Bb3",
    "Bc4",
    "Bc2",
    "Bd3",
    "Bb3",
    "Bc4",
    "Bc2"
  ]
}