{
  "event": "European Club Cup",
  "site": "Porto Carras GRE",
  "date": "2018.10.13",
  "eventDate": "2018.10.12",
  "dateMillis": 1539360000000,
  "eventDateMillis": 1539273600000,
  "round": "2.9",
  "result": "1-0",
  "white": "Magnus Carlsen",
  "black": "Vladimir Potkin",
  "isCarlsenWin": true,
  "isDraw": false,
  "isCarlsenBlack": false,
  "moves": [
    "e4",
    "e5",
    "Nf3",
    "Nc6",
    "Bc4",
    "Bc5",
    "c3",
    "Nf6",
    "d3",
    "d6",
    "Nbd2",
    "O-O",
    "b4",
    "Bb6",
    "Bb3",
    "Ne7",
    "Nc4",
    "Ng6",
    "O-O",
    "c6",
    "Nxb6",
    "axb6",
    "a4",
    "Re8",
    "Be3",
    "Be6",
    "Bc2",
    "d5",
    "h3",
    "Qc7",
    "Re1",
    "h6",
    "exd5",
    "Nxd5",
    "Bd2",
    "Bf5",
    "d4",
    "Bxc2",
    "Qxc2",
    "exd4",
    "Nxd4",
    "c5",
    "bxc5",
    "bxc5",
    "Nf5",
    "Qc6",
    "c4",
    "Ndf4",
    "Rxe8+",
    "Rxe8",
    "Bxf4",
    "Nxf4",
    "Ne3",
    "Rd8",
    "Rb1",
    "h5",
    "a5",
    "h4",
    "Rb6",
    "Qd7",
    "Qb2",
    "Nd3",
    "Qb1",
    "Nb4",
    "Qe4",
    "Qd4",
    "Qxd4",
    "cxd4",
    "Rxb4",
    "dxe3",
    "fxe3",
    "Rd1+",
    "Kf2",
    "Ra1",
    "Rb5",
    "Ra2+",
    "Kf3",
    "g6",
    "c5",
    "Kg7",
    "Ke4",
    "Rxg2",
    "Rxb7",
    "g5",
    "c6",
    "g4",
    "c7",
    "Rc2",
    "Kd3",
    "Rc1",
    "Kd2",
    "Rc6",
    "a6",
    "gxh3",
    "a7",
    "h2",
    "Rb1"
  ]
}