{
  "event": "European Club Cup",
  "site": "Porto Carras GRE",
  "date": "2018.10.17",
  "eventDate": "2018.10.12",
  "dateMillis": 1539705600000,
  "eventDateMillis": 1539273600000,
  "round": "6.2",
  "result": "1/2-1/2",
  "white": "Magnus Carlsen",
  "black": "Ding Liren",
  "isCarlsenWin": false,
  "isDraw": true,
  "isCarlsenBlack": false,
  "moves": [
    "e4",
    "e5",
    "Nf3",
    "Nc6",
    "Nc3",
    "Nf6",
    "d4",
    "exd4",
    "Nxd4",
    "Bb4",
    "Nxc6",
    "bxc6",
    "Bd3",
    "d5",
    "exd5",
    "O-O",
    "O-O",
    "cxd5",
    "Bg5",
    "c6",
    "Qf3",
    "Bd6",
    "h3",
    "h6",
    "Bf4",
    "Rb8",
    "b3",
    "Rb4",
    "Bxd6",
    "Qxd6",
    "Rfe1",
    "a5",
    "Rad1",
    "Bd7",
    "Qe3",
    "Rc8",
    "Qa7",
    "Rh4",
    "Re3",
    "Qc7",
    "Qxc7",
    "Rxc7",
    "Na4",
    "c5",
    "g4",
    "d4",
    "Rf3",
    "Nxg4",
    "Re1",
    "Nf6",
    "Nb6",
    "Bc6",
    "Rg3",
    "g5",
    "Re5",
    "Nh5",
    "Bf5",
    "Rf4",
    "Rg4",
    "Bf3",
    "Rxf4",
    "Nxf4",
    "Nd7",
    "c4",
    "bxc4",
    "Rxc4",
    "Rxa5",
    "Rb4",
    "Kh2",
    "Rb1",
    "Ne5",
    "Rh1+",
    "Kg3",
    "Bd5",
    "f3",
    "Re1",
    "Nd3",
    "Rg1+",
    "Kf2",
    "Rg2+",
    "Ke1",
    "Re2+",
    "Kf1",
    "Bc4",
    "Kg1",
    "Rg2+",
    "Kh1",
    "Bxd3",
    "Bxd3",
    "Rg3",
    "h4",
    "Rh3+",
    "Kg1",
    "Rxh4",
    "Bf1",
    "Kg7",
    "a4",
    "Ng6",
    "Rc5",
    "d3",
    "a5",
    "dxc2",
    "Rxc2",
    "Ra4",
    "a6",
    "h5",
    "Rc5",
    "Kf6",
    "Rc6+",
    "Kg7",
    "Rc5",
    "Kf6",
    "Rc6+",
    "Kg7"
  ]
}