{
  "event": "European Club Cup",
  "site": "Porto Carras GRE",
  "date": "2018.10.16",
  "eventDate": "2018.10.12",
  "dateMillis": 1539619200000,
  "eventDateMillis": 1539273600000,
  "round": "5.2",
  "result": "1/2-1/2",
  "white": "Shakhriyar Mamedyarov",
  "black": "Magnus Carlsen",
  "isCarlsenWin": false,
  "isDraw": true,
  "isCarlsenBlack": true,
  "moves": [
    "d4",
    "Nf6",
    "c4",
    "e6",
    "Nf3",
    "d5",
    "Nc3",
    "Bb4",
    "cxd5",
    "exd5",
    "Bg5",
    "h6",
    "Bh4",
    "O-O",
    "e3",
    "Bf5",
    "Qb3",
    "Bxc3+",
    "Qxc3",
    "Nbd7",
    "Be2",
    "c6",
    "Nd2",
    "Ne4",
    "Nxe4",
    "Qxh4",
    "Nd6",
    "Bg4",
    "g3",
    "Qf6",
    "Bxg4",
    "Qxd6",
    "Qa3",
    "Qc7",
    "Rc1",
    "Nf6",
    "Bf3",
    "a5",
    "O-O",
    "Rfe8",
    "Rc2",
    "Qd7",
    "Rc5",
    "Qd8",
    "b4",
    "axb4",
    "Qxb4",
    "Ra7",
    "a4",
    "Ne4",
    "Bxe4",
    "Rxe4",
    "a5",
    "Re7",
    "Rb1",
    "Ra6",
    "Qd2",
    "Rd7",
    "Rb3",
    "g6"
  ]
}