{
  "event": "European Club Cup",
  "site": "Porto Carras GRE",
  "date": "2018.10.15",
  "eventDate": "2018.10.12",
  "dateMillis": 1539532800000,
  "eventDateMillis": 1539273600000,
  "round": "4.5",
  "result": "1/2-1/2",
  "white": "Magnus Carlsen",
  "black": "Alexander Donchenko",
  "isCarlsenWin": false,
  "isDraw": true,
  "isCarlsenBlack": false,
  "moves": [
    "d4",
    "Nf6",
    "Nf3",
    "d5",
    "e3",
    "c5",
    "Nbd2",
    "cxd4",
    "exd4",
    "Nc6",
    "Bb5",
    "Qb6",
    "c4",
    "dxc4",
    "a4",
    "a6",
    "Nxc4",
    "Qc7",
    "Bxc6+",
    "Qxc6",
    "Nce5",
    "Qd5",
    "O-O",
    "Bg4",
    "Nxg4",
    "Nxg4",
    "a5",
    "Nf6",
    "Bg5",
    "e6",
    "Ne5",
    "Be7",
    "Bxf6",
    "gxf6",
    "Ng4",
    "Rd8",
    "Ra4",
    "Qb5",
    "b3",
    "f5",
    "Ne3",
    "f4",
    "Nc4",
    "Bf6",
    "Nb6",
    "Qf5",
    "d5",
    "f3",
    "g3",
    "Be5",
    "Rc4",
    "h5",
    "Re1",
    "Rh6",
    "Rh4",
    "Bc3",
    "Rf4",
    "Qh3",
    "Rxf3",
    "Bxe1",
    "Qxe1",
    "h4",
    "Qe4",
    "hxg3",
    "Qa4+",
    "Kf8",
    "Qb4+",
    "Ke8",
    "Qa4+",
    "Kf8",
    "Qb4+",
    "Ke8"
  ]
}