{
  "event": "Carlsen - Caruana World Championship Match",
  "site": "London ENG",
  "date": "2018.11.28",
  "eventDate": "2018.11.09",
  "dateMillis": 1543334400000,
  "eventDateMillis": 1541692800000,
  "round": "13.1",
  "result": "1-0",
  "white": "Magnus Carlsen",
  "black": "Fabiano Caruana",
  "isCarlsenWin": true,
  "isDraw": false,
  "isCarlsenBlack": false,
  "moves": [
    "c4",
    "e5",
    "Nc3",
    "Nf6",
    "g3",
    "Bb4",
    "e4",
    "O-O",
    "Nge2",
    "c6",
    "Bg2",
    "a6",
    "O-O",
    "b5",
    "d4",
    "d6",
    "a3",
    "Bxc3",
    "Nxc3",
    "bxc4",
    "dxe5",
    "dxe5",
    "Na4",
    "Be6",
    "Qxd8",
    "Rxd8",
    "Be3",
    "Nbd7",
    "f3",
    "Rab8",
    "Rac1",
    "Rb3",
    "Rfe1",
    "Ne8",
    "Bf1",
    "Nd6",
    "Rcd1",
    "Nb5",
    "Nc5",
    "Rxb2",
    "Nxe6",
    "fxe6",
    "Bxc4",
    "Nd4",
    "Bxd4",
    "exd4",
    "Bxe6+",
    "Kf8",
    "Rxd4",
    "Ke7",
    "Rxd7+",
    "Rxd7",
    "Bxd7",
    "Kxd7",
    "Rd1+",
    "Ke6",
    "f4",
    "c5",
    "Rd5",
    "Rc2",
    "h4",
    "c4",
    "f5+",
    "Kf6",
    "Rc5",
    "h5",
    "Kf1",
    "Rc3",
    "Kg2",
    "Rxa3",
    "Rxc4",
    "Ke5",
    "Rc7",
    "Kxe4",
    "Re7+",
    "Kxf5",
    "Rxg7",
    "Kf6",
    "Rg5",
    "a5",
    "Rxh5",
    "a4",
    "Ra5",
    "Ra1",
    "Kf3",
    "a3",
    "Ra6+",
    "Kg7",
    "Kg2",
    "Ra2+",
    "Kh3",
    "Ra1",
    "h5",
    "Kh7",
    "g4",
    "Kg7",
    "Kh4",
    "a2",
    "Kg5",
    "Kf7",
    "h6",
    "Rb1",
    "Ra7+",
    "Kg8",
    "Rxa2",
    "Rb5+",
    "Kg6",
    "Rb6+",
    "Kh5"
  ]
}