{
  "event": "Carlsen - Caruana World Championship Match",
  "site": "London ENG",
  "date": "2018.11.28",
  "eventDate": "2018.11.09",
  "dateMillis": 1543334400000,
  "eventDateMillis": 1541692800000,
  "round": "13.3",
  "result": "1-0",
  "white": "Magnus Carlsen",
  "black": "Fabiano Caruana",
  "isCarlsenWin": true,
  "isDraw": false,
  "isCarlsenBlack": false,
  "moves": [
    "e4",
    "c5",
    "Nf3",
    "e6",
    "c4",
    "Nc6",
    "d4",
    "cxd4",
    "Nxd4",
    "Bc5",
    "Nc2",
    "Nf6",
    "Nc3",
    "O-O",
    "Be3",
    "b6",
    "Be2",
    "Bb7",
    "O-O",
    "Qe7",
    "Qd2",
    "Rfd8",
    "Rfd1",
    "Ne5",
    "Bxc5",
    "bxc5",
    "f4",
    "Ng6",
    "Qe3",
    "d6",
    "Rd2",
    "a6",
    "Rad1",
    "Qc7",
    "b3",
    "h6",
    "g3",
    "Rd7",
    "Bf3",
    "Re8",
    "Qf2",
    "Ne7",
    "h3",
    "Red8",
    "Bg2",
    "Nc6",
    "g4",
    "Qa5",
    "Na4",
    "Qc7",
    "e5",
    "dxe5",
    "Nxc5",
    "Rxd2",
    "Rxd2",
    "Rxd2",
    "Qxd2",
    "Ba8",
    "fxe5",
    "Qxe5",
    "Nd7",
    "Qb2",
    "Qd6",
    "Nxd7",
    "Qxd7",
    "Qxc2",
    "Qe8+",
    "Kh7",
    "Qxa8",
    "Qd1+",
    "Kh2",
    "Qd6+",
    "Kh1",
    "Nd4",
    "Qe4+",
    "f5",
    "gxf5",
    "exf5",
    "Qe3",
    "Ne6",
    "b4",
    "Ng5",
    "c5",
    "Qf6",
    "c6",
    "Ne6",
    "a4",
    "Nc7",
    "Qf4",
    "Ne6",
    "Qd6",
    "Qa1+",
    "Kh2",
    "Nd4",
    "c7",
    "Qc3",
    "Qc5",
    "Qe3",
    "c8=Q",
    "f4",
    "Qg4"
  ]
}