{
  "event": "Carlsen - Caruana World Championship Match",
  "site": "London ENG",
  "date": "2018.11.13",
  "eventDate": "2018.11.09",
  "dateMillis": 1542038400000,
  "eventDateMillis": 1541692800000,
  "round": "4",
  "result": "1/2-1/2",
  "white": "Magnus Carlsen",
  "black": "Fabiano Caruana",
  "isCarlsenWin": false,
  "isDraw": true,
  "isCarlsenBlack": false,
  "moves": [
    "c4",
    "e5",
    "Nc3",
    "Nf6",
    "Nf3",
    "Nc6",
    "g3",
    "d5",
    "cxd5",
    "Nxd5",
    "Bg2",
    "Bc5",
    "O-O",
    "O-O",
    "d3",
    "Re8",
    "Bd2",
    "Nxc3",
    "Bxc3",
    "Nd4",
    "b4",
    "Bd6",
    "Rb1",
    "Nxf3+",
    "Bxf3",
    "a6",
    "a4",
    "c6",
    "Re1",
    "Bd7",
    "e3",
    "Qf6",
    "Be4",
    "Bf5",
    "Qf3",
    "Bxe4",
    "Qxf6",
    "gxf6",
    "dxe4",
    "b5",
    "Red1",
    "Bf8",
    "axb5",
    "axb5",
    "Kg2",
    "Red8",
    "Rdc1",
    "Kg7",
    "Be1",
    "Rdc8",
    "Rc2",
    "Ra4",
    "Kf3",
    "h5",
    "Ke2",
    "Kg6",
    "h3",
    "f5",
    "exf5+",
    "Kxf5",
    "f3",
    "Be7",
    "e4+",
    "Ke6",
    "Bd2",
    "Bd6",
    "Rbc1"
  ]
}