{
  "event": "Carlsen - Caruana World Championship Match",
  "site": "London ENG",
  "date": "2018.11.26",
  "eventDate": "2018.11.09",
  "dateMillis": 1543161600000,
  "eventDateMillis": 1541692800000,
  "round": "12",
  "result": "1/2-1/2",
  "white": "Fabiano Caruana",
  "black": "Magnus Carlsen",
  "isCarlsenWin": false,
  "isDraw": true,
  "isCarlsenBlack": true,
  "moves": [
    "e4",
    "c5",
    "Nf3",
    "Nc6",
    "d4",
    "cxd4",
    "Nxd4",
    "Nf6",
    "Nc3",
    "e5",
    "Ndb5",
    "d6",
    "Nd5",
    "Nxd5",
    "exd5",
    "Ne7",
    "c4",
    "Ng6",
    "Qa4",
    "Bd7",
    "Qb4",
    "Bf5",
    "h4",
    "h5",
    "Qa4",
    "Bd7",
    "Qb4",
    "Bf5",
    "Be3",
    "a6",
    "Nc3",
    "Qc7",
    "g3",
    "Be7",
    "f3",
    "Nf8",
    "Ne4",
    "Nd7",
    "Bd3",
    "O-O",
    "Rh2",
    "Rac8",
    "O-O-O",
    "Bg6",
    "Rc2",
    "f5",
    "Nf2",
    "Nc5",
    "f4",
    "a5",
    "Qd2",
    "e4",
    "Be2",
    "Be8",
    "Kb1",
    "Bf6",
    "Re1",
    "a4",
    "Qb4",
    "g6",
    "Rd1",
    "Ra8"
  ]
}