{
  "event": "Carlsen - Caruana World Championship Match",
  "site": "London ENG",
  "date": "2018.11.15",
  "eventDate": "2018.11.09",
  "dateMillis": 1542211200000,
  "eventDateMillis": 1541692800000,
  "round": "5",
  "result": "1/2-1/2",
  "white": "Fabiano Caruana",
  "black": "Magnus Carlsen",
  "isCarlsenWin": false,
  "isDraw": true,
  "isCarlsenBlack": true,
  "moves": [
    "e4",
    "c5",
    "Nf3",
    "Nc6",
    "Bb5",
    "g6",
    "O-O",
    "Bg7",
    "Re1",
    "e5",
    "b4",
    "Nxb4",
    "Bb2",
    "a6",
    "a3",
    "axb5",
    "axb4",
    "Rxa1",
    "Bxa1",
    "d6",
    "bxc5",
    "Ne7",
    "Qe2",
    "b4",
    "Qc4",
    "Qa5",
    "cxd6",
    "Be6",
    "Qc7",
    "Qxc7",
    "dxc7",
    "Nc6",
    "c3",
    "Kd7",
    "cxb4",
    "Ra8",
    "Bc3",
    "Kxc7",
    "d3",
    "Kb6",
    "Bd2",
    "Rd8",
    "Be3+",
    "Kb5",
    "Nc3+",
    "Kxb4",
    "Nd5+",
    "Bxd5",
    "exd5",
    "Rxd5",
    "Rb1+",
    "Kc3",
    "Rxb7",
    "Nd8",
    "Rc7+",
    "Kxd3",
    "Kf1",
    "h5",
    "h3",
    "Ke4",
    "Ng5+",
    "Kf5",
    "Nxf7",
    "Nxf7",
    "Rxf7+",
    "Bf6"
  ]
}