{
  "event": "Carlsen - Caruana World Championship Match",
  "site": "London ENG",
  "date": "2018.11.24",
  "eventDate": "2018.11.09",
  "dateMillis": 1542988800000,
  "eventDateMillis": 1541692800000,
  "round": "11",
  "result": "1/2-1/2",
  "white": "Magnus Carlsen",
  "black": "Fabiano Caruana",
  "isCarlsenWin": false,
  "isDraw": true,
  "isCarlsenBlack": false,
  "moves": [
    "e4",
    "e5",
    "Nf3",
    "Nf6",
    "Nxe5",
    "d6",
    "Nf3",
    "Nxe4",
    "Nc3",
    "Nxc3",
    "dxc3",
    "Be7",
    "Be3",
    "O-O",
    "Qd2",
    "Nd7",
    "O-O-O",
    "Nf6",
    "Bd3",
    "c5",
    "Rhe1",
    "Be6",
    "Kb1",
    "Qa5",
    "c4",
    "Qxd2",
    "Bxd2",
    "h6",
    "Nh4",
    "Rfe8",
    "Ng6",
    "Ng4",
    "Nxe7+",
    "Rxe7",
    "Re2",
    "Ne5",
    "Bf4",
    "Nxd3",
    "Rxd3",
    "Rd7",
    "Rxd6",
    "Rxd6",
    "Bxd6",
    "Rd8",
    "Rd2",
    "Bxc4",
    "Kc1",
    "b6",
    "Bf4",
    "Rxd2",
    "Kxd2",
    "a6",
    "a3",
    "Kf8",
    "Bc7",
    "b5",
    "Bd6+",
    "Ke8",
    "Bxc5",
    "h5",
    "Ke3",
    "Kd7",
    "Kd4",
    "g6",
    "g3",
    "Be2",
    "Bf8",
    "Kc6",
    "b3",
    "Bd1",
    "Kd3",
    "Bg4",
    "c4",
    "Be6",
    "Kd4",
    "bxc4",
    "bxc4",
    "Bg4",
    "c5",
    "Be6",
    "Bh6",
    "Bd5",
    "Be3",
    "Be6",
    "Ke5",
    "Bd5",
    "Kf4",
    "Be6",
    "Kg5",
    "Bd5",
    "g4",
    "hxg4",
    "Kxg4",
    "Ba2",
    "Kg5",
    "Bb3",
    "Kf6",
    "Ba2",
    "h4",
    "Bb3",
    "f4",
    "Ba2",
    "Ke7",
    "Bb3",
    "Kf6",
    "Ba2",
    "f5",
    "Bb1",
    "Bf2",
    "Bc2"
  ]
}