{
  "event": "Carlsen - Caruana World Championship Match",
  "site": "London ENG",
  "date": "2018.11.16",
  "eventDate": "2018.11.09",
  "dateMillis": 1542297600000,
  "eventDateMillis": 1541692800000,
  "round": "6",
  "result": "1/2-1/2",
  "white": "Magnus Carlsen",
  "black": "Fabiano Caruana",
  "isCarlsenWin": false,
  "isDraw": true,
  "isCarlsenBlack": false,
  "moves": [
    "e4",
    "e5",
    "Nf3",
    "Nf6",
    "Nxe5",
    "d6",
    "Nd3",
    "Nxe4",
    "Qe2",
    "Qe7",
    "Nf4",
    "Nc6",
    "Nd5",
    "Nd4",
    "Nxe7",
    "Nxe2",
    "Nd5",
    "Nd4",
    "Na3",
    "Ne6",
    "f3",
    "N4c5",
    "d4",
    "Nd7",
    "c3",
    "c6",
    "Nf4",
    "Nb6",
    "Bd3",
    "d5",
    "Nc2",
    "Bd6",
    "Nxe6",
    "Bxe6",
    "Kf2",
    "h5",
    "h4",
    "Nc8",
    "Ne3",
    "Ne7",
    "g3",
    "c5",
    "Bc2",
    "O-O",
    "Rd1",
    "Rfd8",
    "Ng2",
    "cxd4",
    "cxd4",
    "Rac8",
    "Bb3",
    "Nc6",
    "Bf4",
    "Na5",
    "Rdc1",
    "Bb4",
    "Bd1",
    "Nc4",
    "b3",
    "Na3",
    "Rxc8",
    "Rxc8",
    "Rc1",
    "Nb5",
    "Rxc8+",
    "Bxc8",
    "Ne3",
    "Nc3",
    "Bc2",
    "Ba3",
    "Bb8",
    "a6",
    "f4",
    "Bd7",
    "f5",
    "Bc6",
    "Bd1",
    "Bb2",
    "Bxh5",
    "Ne4+",
    "Kg2",
    "Bxd4",
    "Bf4",
    "Bc5",
    "Bf3",
    "Nd2",
    "Bxd5",
    "Bxe3",
    "Bxc6",
    "Bxf4",
    "Bxb7",
    "Bd6",
    "Bxa6",
    "Ne4",
    "g4",
    "Ba3",
    "Bc4",
    "Kf8",
    "g5",
    "Nc3",
    "b4",
    "Bxb4",
    "Kf3",
    "Na4",
    "Bb5",
    "Nc5",
    "a4",
    "f6",
    "Kg4",
    "Ne4",
    "Kh5",
    "Be1",
    "Bd3",
    "Nd6",
    "a5",
    "Bxa5",
    "gxf6",
    "gxf6",
    "Kg6",
    "Bd8",
    "Kh7",
    "Nf7",
    "Bc4",
    "Ne5",
    "Bd5",
    "Ba5",
    "h5",
    "Bd2",
    "Ba2",
    "Nf3",
    "Bd5",
    "Nd4",
    "Kg6",
    "Bg5",
    "Bc4",
    "Nf3",
    "Kh7",
    "Ne5",
    "Bb3",
    "Ng4",
    "Bc4",
    "Ne3",
    "Bd3",
    "Ng4",
    "Bc4",
    "Nh6",
    "Kg6",
    "Ke7",
    "Bb3",
    "Kd6",
    "Bc2",
    "Ke5",
    "Bd3",
    "Kf4",
    "Bc2",
    "Ng4",
    "Bb3",
    "Ne3",
    "h6",
    "Bxh6"
  ]
}