{
  "event": "Carlsen - Caruana World Championship Match",
  "site": "London ENG",
  "date": "2018.11.22",
  "eventDate": "2018.11.09",
  "dateMillis": 1542816000000,
  "eventDateMillis": 1541692800000,
  "round": "10",
  "result": "1/2-1/2",
  "white": "Fabiano Caruana",
  "black": "Magnus Carlsen",
  "isCarlsenWin": false,
  "isDraw": true,
  "isCarlsenBlack": true,
  "moves": [
    "e4",
    "c5",
    "Nf3",
    "Nc6",
    "d4",
    "cxd4",
    "Nxd4",
    "Nf6",
    "Nc3",
    "e5",
    "Ndb5",
    "d6",
    "Nd5",
    "Nxd5",
    "exd5",
    "Nb8",
    "a4",
    "Be7",
    "Be2",
    "O-O",
    "O-O",
    "Nd7",
    "b4",
    "a6",
    "Na3",
    "a5",
    "bxa5",
    "Rxa5",
    "Nc4",
    "Ra8",
    "Be3",
    "f5",
    "a5",
    "f4",
    "Bb6",
    "Qe8",
    "Ra3",
    "Qg6",
    "Bc7",
    "e4",
    "Kh1",
    "b5",
    "Nb6",
    "Nxb6",
    "Bxb6",
    "Qg5",
    "g3",
    "b4",
    "Rb3",
    "Bh3",
    "Rg1",
    "f3",
    "Bf1",
    "Bxf1",
    "Qxf1",
    "Qxd5",
    "Rxb4",
    "Qe6",
    "Rb5",
    "Bd8",
    "Qe1",
    "Bxb6",
    "axb6",
    "Rab8",
    "Qe3",
    "Qc4",
    "Rb2",
    "Rb7",
    "Rd1",
    "Qe2",
    "Re1",
    "Qxe3",
    "Rxe3",
    "d5",
    "h4",
    "Rc8",
    "Ra3",
    "Kf7",
    "Kh2",
    "Ke6",
    "g4",
    "Rc6",
    "Ra6",
    "Ke5",
    "Kg3",
    "h6",
    "h5",
    "Kd4",
    "Rb5",
    "Rd6",
    "Ra4+",
    "Ke5",
    "Rab4",
    "Ke6",
    "c4",
    "dxc4",
    "Rxc4",
    "Rdxb6",
    "Rxe4+",
    "Kf7",
    "Rf5+",
    "Rf6",
    "Rxf6+",
    "Kxf6",
    "Kxf3",
    "Kf7",
    "Kg3"
  ]
}