{
  "event": "Carlsen - Caruana World Championship Match",
  "site": "London ENG",
  "date": "2018.11.18",
  "eventDate": "2018.11.09",
  "dateMillis": 1542470400000,
  "eventDateMillis": 1541692800000,
  "round": "7",
  "result": "1/2-1/2",
  "white": "Magnus Carlsen",
  "black": "Fabiano Caruana",
  "isCarlsenWin": false,
  "isDraw": true,
  "isCarlsenBlack": false,
  "moves": [
    "d4",
    "Nf6",
    "Nf3",
    "d5",
    "c4",
    "e6",
    "Nc3",
    "Be7",
    "Bf4",
    "O-O",
    "e3",
    "c5",
    "dxc5",
    "Bxc5",
    "Qc2",
    "Nc6",
    "a3",
    "Qa5",
    "Nd2",
    "Qd8",
    "Nb3",
    "Bb6",
    "Be2",
    "Qe7",
    "Bg5",
    "dxc4",
    "Nd2",
    "Ne5",
    "O-O",
    "Bd7",
    "Bf4",
    "Ng6",
    "Bg3",
    "Bc6",
    "Nxc4",
    "Bc7",
    "Rfd1",
    "Rfd8",
    "Rxd8+",
    "Rxd8",
    "Rd1",
    "Rxd1+",
    "Qxd1",
    "Nd5",
    "Qd4",
    "Nxc3",
    "Qxc3",
    "Bxg3",
    "hxg3",
    "Qd7",
    "Bd3",
    "b6",
    "f3",
    "Bb7",
    "Bxg6",
    "hxg6",
    "e4",
    "Qc7",
    "e5",
    "Qc5+",
    "Kh2",
    "Ba6",
    "Nd6",
    "Qxc3",
    "bxc3",
    "f6",
    "f4",
    "Kf8",
    "Kg1",
    "Ke7",
    "Kf2",
    "Kd7",
    "Ke3",
    "Bf1",
    "Kf2",
    "Ba6",
    "Ke3",
    "Bf1",
    "Kf2",
    "Ba6"
  ]
}