{
  "event": "World Rapid Championship",
  "site": "St Petersburg RUS",
  "date": "2018.12.26",
  "eventDate": "2018.12.26",
  "dateMillis": 1545753600000,
  "eventDateMillis": 1545753600000,
  "round": "1.1",
  "result": "1-0",
  "white": "Adam Tukhaev",
  "black": "Magnus Carlsen",
  "isCarlsenWin": false,
  "isDraw": false,
  "isCarlsenBlack": true,
  "moves": [
    "e4",
    "c5",
    "Nf3",
    "Nc6",
    "d4",
    "cxd4",
    "Nxd4",
    "Nf6",
    "Nc3",
    "e5",
    "Ndb5",
    "d6",
    "Bg5",
    "a6",
    "Na3",
    "b5",
    "Nd5",
    "Be7",
    "Bxf6",
    "Bxf6",
    "c3",
    "O-O",
    "Be2",
    "Bg5",
    "Nc2",
    "Ne7",
    "Nxe7+",
    "Qxe7",
    "O-O",
    "Bb7",
    "Qd3",
    "d5",
    "exd5",
    "Rad8",
    "c4",
    "bxc4",
    "Qa3",
    "Qc7",
    "Rfd1",
    "Bxd5",
    "Qxa6",
    "Ra8",
    "Qb5",
    "Be6",
    "Qb4",
    "Rab8",
    "Qc3",
    "Bf6",
    "Rab1",
    "e4",
    "Nd4",
    "Qa7",
    "Qe3",
    "Bxd4",
    "Qxd4",
    "Qxa2",
    "Rbc1",
    "Rxb2",
    "Bxc4",
    "Bxc4",
    "Qxc4",
    "Rxf2",
    "Qxe4",
    "Rf6",
    "Rf1",
    "Re6",
    "Qc4",
    "Qd2",
    "Qc3",
    "Qg5",
    "Qc5",
    "Re5",
    "Qc4",
    "g6",
    "Rc3",
    "Qd8",
    "Rcf3",
    "Qe7",
    "Rf4",
    "Kg7",
    "Qc3",
    "f6",
    "Rc4",
    "Rf7",
    "Rc6",
    "Re2",
    "Qd4",
    "h5",
    "Qd3",
    "Qe5",
    "Qf3",
    "Qd4+",
    "Kh1",
    "Re3",
    "Qd1",
    "Qe4",
    "Rd6",
    "Re2",
    "Rg1",
    "Re3",
    "Rd4",
    "Qb7",
    "Rd3",
    "Re5",
    "Qf3",
    "Qe7",
    "Rd5",
    "Re3",
    "Qd1",
    "h4",
    "Qg4",
    "g5",
    "Qd4",
    "Re4",
    "Qc3",
    "Kh6",
    "Rf5",
    "Qe6",
    "Rgf1",
    "Kg6",
    "Qd3",
    "Qxf5",
    "Rxf5",
    "Kxf5",
    "g4+",
    "Ke5",
    "Qb5+",
    "Kf4",
    "Qf5+",
    "Ke3",
    "Qc5+",
    "Rd4",
    "Qc1+",
    "Ke4",
    "Qc2+",
    "Ke5",
    "Qf5+",
    "Kd6",
    "Kg2",
    "Rd5",
    "Qg6",
    "Ke6",
    "Kh3",
    "Rfd7"
  ]
}