{
  "event": "World Rapid Championship",
  "site": "St Petersburg RUS",
  "date": "2018.12.26",
  "eventDate": "2018.12.26",
  "dateMillis": 1545753600000,
  "eventDateMillis": 1545753600000,
  "round": "3.1",
  "result": "0-1",
  "white": "Stefan Pogosyan",
  "black": "Magnus Carlsen",
  "isCarlsenWin": true,
  "isDraw": false,
  "isCarlsenBlack": true,
  "moves": [
    "d4",
    "Nf6",
    "c4",
    "g6",
    "Nc3",
    "Bg7",
    "e4",
    "d6",
    "Nf3",
    "O-O",
    "Be2",
    "e5",
    "O-O",
    "Nc6",
    "d5",
    "Ne7",
    "b4",
    "a5",
    "Ba3",
    "b6",
    "bxa5",
    "Rxa5",
    "Bb4",
    "Ra8",
    "a4",
    "Ne8",
    "Nd2",
    "f5",
    "Nb3",
    "Nf6",
    "f3",
    "Bh6",
    "Qd3",
    "Nh5",
    "g3",
    "fxe4",
    "fxe4",
    "Nf6",
    "a5",
    "Bh3",
    "Rf2",
    "bxa5",
    "Bxa5",
    "Qd7",
    "c5",
    "Ng4",
    "Rxf8+",
    "Rxf8",
    "Nd1",
    "Nc8",
    "Bd2",
    "Bxd2",
    "Qxd2",
    "Qf7",
    "Qe1",
    "c6",
    "Bxg4",
    "Qf1+"
  ]
}