{
  "event": "World Rapid Championship",
  "site": "St Petersburg RUS",
  "date": "2018.12.26",
  "eventDate": "2018.12.26",
  "dateMillis": 1545753600000,
  "eventDateMillis": 1545753600000,
  "round": "2.1",
  "result": "0-1",
  "white": "Magnus Carlsen",
  "black": "Shamsiddin Vokhidov",
  "isCarlsenWin": false,
  "isDraw": false,
  "isCarlsenBlack": false,
  "moves": [
    "e4",
    "e5",
    "Qh5",
    "Nc6",
    "Bc4",
    "g6",
    "Qf3",
    "Qe7",
    "Ne2",
    "Nf6",
    "d3",
    "Bg7",
    "Nbc3",
    "h6",
    "Nd5",
    "Nxd5",
    "exd5",
    "Na5",
    "d6",
    "cxd6",
    "Bd5",
    "Nc6",
    "Bd2",
    "Qf6",
    "Qe4",
    "O-O",
    "O-O",
    "Ne7",
    "Nc3",
    "Qf5",
    "Qb4",
    "Nxd5",
    "Nxd5",
    "Kh7",
    "Nc7",
    "Rb8",
    "Qxd6",
    "b6",
    "f3",
    "Bb7",
    "Rae1",
    "Rfc8",
    "Bc3",
    "Bf8",
    "Nb5",
    "Bxd6",
    "Nxd6",
    "Qe6",
    "Nxc8",
    "Rxc8",
    "Rxe5",
    "Qd6",
    "Rfe1",
    "Bd5",
    "a4",
    "Be6",
    "a5",
    "bxa5",
    "Kf1",
    "Rc5",
    "Rxc5",
    "Qxc5",
    "Ra1",
    "d5",
    "Rxa5",
    "Qc7",
    "Ra4",
    "Qxh2",
    "Rxa7",
    "Qh1+",
    "Kf2",
    "d4"
  ]
}