{
  "event": "World Rapid Championship",
  "site": "St Petersburg RUS",
  "date": "2018.12.27",
  "eventDate": "2018.12.26",
  "dateMillis": 1545840000000,
  "eventDateMillis": 1545753600000,
  "round": "6.1",
  "result": "1-0",
  "white": "Magnus Carlsen",
  "black": "Ivan Salgado Lopez",
  "isCarlsenWin": true,
  "isDraw": false,
  "isCarlsenBlack": false,
  "moves": [
    "c4",
    "c5",
    "g3",
    "g6",
    "Bg2",
    "Bg7",
    "Nc3",
    "Nc6",
    "Nf3",
    "d6",
    "O-O",
    "Bf5",
    "h3",
    "Nf6",
    "d3",
    "O-O",
    "Rb1",
    "a6",
    "a3",
    "Rb8",
    "b4",
    "cxb4",
    "axb4",
    "b5",
    "e4",
    "Bd7",
    "cxb5",
    "axb5",
    "Bd2",
    "Ne5",
    "Nxe5",
    "dxe5",
    "Kh2",
    "Ne8",
    "Be3",
    "Nc7",
    "Qd2",
    "Bc6",
    "Rfc1",
    "Qd7",
    "Ra1",
    "Ne6",
    "Nd5",
    "Bxd5",
    "exd5",
    "Nd4",
    "Bxd4",
    "exd4",
    "Qf4",
    "Qf5",
    "Qxf5",
    "gxf5",
    "d6",
    "exd6",
    "Ra7",
    "Rbc8",
    "Rxc8",
    "Rxc8",
    "Bd5",
    "f4",
    "gxf4",
    "Bh6",
    "Rxf7",
    "Rc3",
    "f5"
  ]
}