{
  "event": "World Rapid Championship",
  "site": "St Petersburg RUS",
  "date": "2018.12.27",
  "eventDate": "2018.12.26",
  "dateMillis": 1545840000000,
  "eventDateMillis": 1545753600000,
  "round": "10.1",
  "result": "1-0",
  "white": "Magnus Carlsen",
  "black": "Farrukh Amonatov",
  "isCarlsenWin": true,
  "isDraw": false,
  "isCarlsenBlack": false,
  "moves": [
    "d4",
    "Nf6",
    "Nf3",
    "g6",
    "Nbd2",
    "Bg7",
    "e4",
    "d6",
    "Bb5+",
    "c6",
    "Bd3",
    "O-O",
    "O-O",
    "Qc7",
    "Re1",
    "e5",
    "c3",
    "Nbd7",
    "a4",
    "b6",
    "Nf1",
    "Bb7",
    "h3",
    "Rfe8",
    "Ng3",
    "a6",
    "Bg5",
    "h6",
    "Bd2",
    "b5",
    "b4",
    "Nb6",
    "a5",
    "Nbd7",
    "Qc1",
    "Kh7",
    "c4",
    "Rac8",
    "dxe5",
    "dxe5",
    "Be3",
    "Qb8",
    "Rd1",
    "Nf8",
    "Bb6",
    "N6d7",
    "c5",
    "Ne6",
    "Bb1",
    "Nd4",
    "Ra3",
    "Nf8",
    "Nxd4",
    "exd4",
    "f4",
    "Re7",
    "e5",
    "Rce8",
    "Ne4",
    "Ne6",
    "Nd6",
    "Nxf4",
    "Qxf4",
    "Bxe5",
    "Qf2",
    "Bxd6",
    "cxd6",
    "Qxd6",
    "Bc5"
  ]
}