{
  "event": "World Rapid Championship",
  "site": "St Petersburg RUS",
  "date": "2018.12.26",
  "eventDate": "2018.12.26",
  "dateMillis": 1545753600000,
  "eventDateMillis": 1545753600000,
  "round": "5.1",
  "result": "0-1",
  "white": "Andrew Tang",
  "black": "Magnus Carlsen",
  "isCarlsenWin": true,
  "isDraw": false,
  "isCarlsenBlack": true,
  "moves": [
    "d4",
    "d5",
    "Bf4",
    "Nf6",
    "e3",
    "e6",
    "Nf3",
    "Bd6",
    "Nbd2",
    "b6",
    "Bd3",
    "O-O",
    "Ne5",
    "c5",
    "Qf3",
    "Qc7",
    "c3",
    "Ba6",
    "Bxa6",
    "Nxa6",
    "O-O",
    "Qb7",
    "Ng4",
    "Be7",
    "Nxf6+",
    "Bxf6",
    "Nc4",
    "Be7",
    "Ne5",
    "f6",
    "Nc4",
    "Qd7",
    "Nd2",
    "e5",
    "Bg3",
    "cxd4",
    "exd4",
    "e4",
    "Qe2",
    "Nc7",
    "f3",
    "f5",
    "Be5",
    "Bd6",
    "Bxd6",
    "Qxd6",
    "fxe4",
    "dxe4",
    "Nc4",
    "Qe6",
    "Ne5",
    "Nd5",
    "a4",
    "a5",
    "Rae1",
    "Kh8",
    "Qf2",
    "Rf6",
    "Qg3",
    "Raf8",
    "Qh4",
    "Qe8",
    "Ra1",
    "f4",
    "Ng4",
    "Rf5",
    "Rae1",
    "Rh5",
    "Qf2",
    "Rg5",
    "Ne5",
    "Rxe5",
    "dxe5",
    "Qxe5",
    "Rd1",
    "f3",
    "Qg3",
    "Nf4",
    "Rde1",
    "Qc5+",
    "Qf2",
    "fxg2"
  ]
}