{
  "event": "World Rapid Championship",
  "site": "St Petersburg RUS",
  "date": "2018.12.27",
  "eventDate": "2018.12.26",
  "dateMillis": 1545840000000,
  "eventDateMillis": 1545753600000,
  "round": "8.1",
  "result": "1-0",
  "white": "Magnus Carlsen",
  "black": "Nikita Petrov",
  "isCarlsenWin": true,
  "isDraw": false,
  "isCarlsenBlack": false,
  "moves": [
    "c4",
    "e5",
    "g3",
    "Nf6",
    "Nc3",
    "Bb4",
    "e4",
    "Bxc3",
    "dxc3",
    "d6",
    "f3",
    "Be6",
    "Nh3",
    "h6",
    "Nf2",
    "a5",
    "f4",
    "Na6",
    "f5",
    "Bd7",
    "Bg2",
    "b5",
    "cxb5",
    "Bxb5",
    "b3",
    "a4",
    "c4",
    "Bc6",
    "Be3",
    "axb3",
    "axb3",
    "Nc5",
    "Bxc5",
    "dxc5",
    "Qxd8+",
    "Kxd8",
    "Rxa8+",
    "Bxa8",
    "Kd2",
    "Ke7",
    "Kc3",
    "Bc6",
    "Re1",
    "Ra8",
    "Nd3",
    "Nd7",
    "Kb2",
    "Kd6",
    "Bf3",
    "Ke7",
    "h4",
    "Rh8",
    "g4",
    "g5",
    "Rh1",
    "Rg8",
    "hxg5",
    "hxg5",
    "Rh6",
    "f6",
    "Kc3",
    "Kf7",
    "Rh7+",
    "Rg7",
    "Rh2",
    "Rg8",
    "Ne1",
    "Kg7",
    "Nc2",
    "Rh8",
    "Rxh8",
    "Kxh8",
    "Ne3",
    "Kg7",
    "Nd5",
    "Bxd5",
    "cxd5",
    "Kf7",
    "Kc4",
    "Ke7",
    "Kb5",
    "Kd6",
    "Be2",
    "Nb6",
    "Ka6",
    "Nd7",
    "Bc4",
    "Nb6",
    "Kb7",
    "Kd7",
    "Bb5+",
    "Kd6",
    "Kb8",
    "Nd7+",
    "Bxd7",
    "Kxd7",
    "Kb7",
    "Kd6",
    "Kc8",
    "c6",
    "dxc6",
    "Kxc6",
    "Kd8",
    "Kb5",
    "Ke7",
    "Kb4",
    "Kxf6",
    "Kxb3",
    "Kxe5",
    "c4",
    "f6",
    "c3",
    "f7",
    "c2",
    "f8=Q",
    "c1=Q",
    "Qf7+",
    "Kb2",
    "Qf5",
    "Qc7+",
    "Kf6",
    "Qd8+",
    "Kg6",
    "Qg8+",
    "Kh6",
    "Kc3",
    "Qc5+",
    "Kb2",
    "Qb6+",
    "Ka1",
    "Qf6+",
    "Kb1",
    "e5",
    "Qc4",
    "Kxg5"
  ]
}