{
  "event": "World Rapid Championship",
  "site": "St Petersburg RUS",
  "date": "2018.12.27",
  "eventDate": "2018.12.26",
  "dateMillis": 1545840000000,
  "eventDateMillis": 1545753600000,
  "round": "7.1",
  "result": "1-0",
  "white": "Alexander Zubov",
  "black": "Magnus Carlsen",
  "isCarlsenWin": false,
  "isDraw": false,
  "isCarlsenBlack": true,
  "moves": [
    "d4",
    "d5",
    "c4",
    "e6",
    "Nc3",
    "Bb4",
    "e3",
    "Nf6",
    "Ne2",
    "c6",
    "a3",
    "Ba5",
    "Ng3",
    "O-O",
    "Bd3",
    "dxc4",
    "Bxc4",
    "e5",
    "O-O",
    "Nbd7",
    "Ba2",
    "Bc7",
    "d5",
    "cxd5",
    "Bxd5",
    "Nxd5",
    "Nxd5",
    "Nb6",
    "Nxc7",
    "Qxc7",
    "Bd2",
    "Rd8",
    "Rc1",
    "Qe7",
    "Bb4",
    "Rxd1",
    "Bxe7",
    "Rd2",
    "Rfd1",
    "Rxd1+",
    "Rxd1",
    "Be6",
    "Ne4",
    "f6",
    "Nc5",
    "Kf7",
    "Bd6",
    "Nc4",
    "Nxb7",
    "Nxb2",
    "Rc1",
    "Nc4",
    "Bc5",
    "Kg6",
    "h3",
    "a5",
    "Nd6",
    "Nb2",
    "Bb6",
    "Ra6",
    "Bc7",
    "h5",
    "h4",
    "Ra7",
    "Rc5",
    "a4",
    "Kf1",
    "Nd3",
    "Rc3",
    "Bb3",
    "Nc8",
    "Ra6",
    "Ke2",
    "Nb2",
    "Nd6",
    "Kh7",
    "Rc5",
    "Kg6",
    "e4",
    "Ra7",
    "g3",
    "Bd1+",
    "Ke3",
    "Kh7",
    "f3",
    "Bb3",
    "f4",
    "Be6",
    "fxe5",
    "fxe5",
    "Kd2",
    "Bg4",
    "Nf7",
    "Nd1",
    "Ng5+",
    "Kg8",
    "Bxe5",
    "Nf2",
    "Rb5",
    "Rd7+",
    "Kc3",
    "Kf8",
    "Rb8+",
    "Ke7",
    "Rg8",
    "Rd3+",
    "Kb4",
    "Rb3+",
    "Kxa4",
    "Bd1",
    "Rxg7+",
    "Ke8",
    "Ka5",
    "Rxa3+",
    "Kb6",
    "Rb3+",
    "Kc7",
    "Ng4",
    "Bd4",
    "Rb5",
    "Kd6",
    "Bb3",
    "Ra7",
    "Rb8",
    "Ne6",
    "Bxe6",
    "Kxe6",
    "Kf8",
    "Rh7",
    "Re8+",
    "Kf5"
  ]
}