{
  "event": "World Rapid Championship",
  "site": "St Petersburg RUS",
  "date": "2018.12.27",
  "eventDate": "2018.12.26",
  "dateMillis": 1545840000000,
  "eventDateMillis": 1545753600000,
  "round": "9.1",
  "result": "0-1",
  "white": "Hrant Melkumyan",
  "black": "Magnus Carlsen",
  "isCarlsenWin": true,
  "isDraw": false,
  "isCarlsenBlack": true,
  "moves": [
    "d4",
    "d5",
    "c4",
    "e6",
    "Nf3",
    "a6",
    "cxd5",
    "exd5",
    "Nc3",
    "h6",
    "Bf4",
    "Nf6",
    "Qb3",
    "Bd6",
    "Bxd6",
    "Qxd6",
    "e3",
    "O-O",
    "Bd3",
    "b6",
    "O-O",
    "Nbd7",
    "Rfd1",
    "Bb7",
    "Rac1",
    "Rfd8",
    "Qc2",
    "c5",
    "dxc5",
    "bxc5",
    "Bf5",
    "Rac8",
    "Ne2",
    "Qe7",
    "Qb3",
    "Rc7",
    "Bxd7",
    "Rdxd7",
    "Ng3",
    "Qe6",
    "Qa3",
    "Qb6",
    "Ne5",
    "Rd8",
    "Nc4",
    "Qb5",
    "Na5",
    "Ba8",
    "Nb3",
    "Rdc8",
    "Qa5",
    "g6",
    "Qxb5",
    "axb5",
    "a3",
    "h5",
    "h3",
    "h4",
    "Ne2",
    "Kg7",
    "Rc2",
    "c4",
    "Nbd4",
    "Rb8",
    "b4",
    "Ra7",
    "Ra2",
    "Ne4",
    "f3",
    "Nd6",
    "Nc3",
    "Kf6",
    "Kf2",
    "Rb6",
    "Raa1",
    "Ke5",
    "Nc2",
    "Rba6",
    "Rd2",
    "Bc6",
    "Rad1",
    "Nf5",
    "Nxb5",
    "Bxb5",
    "Rxd5+",
    "Kf6",
    "Rxb5",
    "Rxa3",
    "Nxa3",
    "Rxa3",
    "Rd2",
    "Rb3",
    "e4",
    "c3",
    "Rb6+",
    "Kg7",
    "exf5",
    "cxd2",
    "Ke2",
    "g5",
    "b5",
    "Rd3",
    "Kd1",
    "Rd5",
    "Rb7",
    "Kf6",
    "b6",
    "Rd6",
    "Rb8",
    "Kxf5",
    "b7",
    "Rd7",
    "Rf8",
    "Rxb7",
    "Kxd2",
    "Kf4",
    "Ke2",
    "Kg3",
    "Rg8",
    "f6",
    "Rg6",
    "Rb6",
    "f4",
    "Kxf4",
    "Kf2",
    "Rb2+",
    "Kf1",
    "Kg3",
    "Rxf6",
    "Rxg2"
  ]
}