{
  "event": "World Rapid Championship",
  "site": "St Petersburg RUS",
  "date": "2018.12.28",
  "eventDate": "2018.12.26",
  "dateMillis": 1545926400000,
  "eventDateMillis": 1545753600000,
  "round": "12.1",
  "result": "1/2-1/2",
  "white": "Magnus Carlsen",
  "black": "Viswanathan Anand",
  "isCarlsenWin": false,
  "isDraw": true,
  "isCarlsenBlack": false,
  "moves": [
    "c4",
    "c5",
    "Nf3",
    "Nc6",
    "d4",
    "cxd4",
    "Nxd4",
    "Nf6",
    "Nc3",
    "e6",
    "e4",
    "Bb4",
    "Nxc6",
    "bxc6",
    "Bd3",
    "e5",
    "O-O",
    "O-O",
    "Qe2",
    "Bxc3",
    "bxc3",
    "d6",
    "c5",
    "dxc5",
    "f3",
    "Be6",
    "Be3",
    "Qe7",
    "a4",
    "Rfb8",
    "Rfb1",
    "Nd7",
    "a5",
    "Qd8",
    "Rd1",
    "Qe7",
    "Bc4",
    "Nf8",
    "Ba6",
    "Rb3",
    "Qd2",
    "Rab8",
    "Bf1",
    "Nd7",
    "Bf2",
    "h6",
    "Qd6",
    "Qxd6",
    "Rxd6",
    "Rb1",
    "Rxb1",
    "Rxb1",
    "g4",
    "Bc4",
    "Rxd7",
    "Rxf1+",
    "Kg2",
    "a6",
    "Re7",
    "f6",
    "h4",
    "Rc1",
    "g5",
    "hxg5",
    "hxg5",
    "fxg5",
    "Rxe5",
    "g4",
    "fxg4",
    "Bf1+",
    "Kf3",
    "Rxc3+",
    "Kf4",
    "Be2",
    "Bxc5",
    "Rf3+",
    "Kg5",
    "Rg3",
    "Re8+",
    "Kh7",
    "Kf5",
    "Rxg4",
    "Bd4",
    "Rg6",
    "Re7",
    "Bd3",
    "Kf4",
    "Kg8"
  ]
}