{
  "event": "World Rapid Championship",
  "site": "St Petersburg RUS",
  "date": "2018.12.28",
  "eventDate": "2018.12.26",
  "dateMillis": 1545926400000,
  "eventDateMillis": 1545753600000,
  "round": "14.1",
  "result": "1-0",
  "white": "Magnus Carlsen",
  "black": "Dmitry Andreikin",
  "isCarlsenWin": true,
  "isDraw": false,
  "isCarlsenBlack": false,
  "moves": [
    "e4",
    "e5",
    "Nf3",
    "Nc6",
    "Bb5",
    "Nf6",
    "d3",
    "Bc5",
    "Ba4",
    "O-O",
    "O-O",
    "d6",
    "c3",
    "Bb6",
    "Nbd2",
    "Ne7",
    "Nc4",
    "Ng6",
    "h3",
    "h6",
    "Bc2",
    "Be6",
    "Nxb6",
    "axb6",
    "d4",
    "b5",
    "Be3",
    "c6",
    "Re1",
    "Qc7",
    "a3",
    "Rad8",
    "Qd2",
    "Rfe8",
    "Rad1",
    "Qe7",
    "Qc1",
    "Nh5",
    "dxe5",
    "dxe5",
    "Rxd8",
    "Rxd8",
    "Rd1",
    "Nhf4",
    "Kh2",
    "f6",
    "Rxd8+",
    "Qxd8",
    "Qd2",
    "Qc8",
    "Ng1",
    "Bf7",
    "g3",
    "Ne6",
    "h4",
    "Qd8",
    "Qxd8+",
    "Nxd8",
    "Nf3",
    "Nf8",
    "Nd2",
    "g5",
    "f4",
    "gxf4",
    "gxf4",
    "exf4",
    "Bxf4",
    "Ng6",
    "Kg3",
    "Nxf4",
    "Kxf4",
    "Kf8",
    "e5",
    "Ke7",
    "exf6+",
    "Kxf6",
    "Ne4+",
    "Ke7",
    "Nf2",
    "Be6",
    "Bf5",
    "Nf7",
    "Ng4",
    "h5",
    "Ne3",
    "Kf6",
    "Bxe6",
    "Kxe6",
    "Nf5",
    "Kf6",
    "Ng3",
    "Kg6",
    "b3",
    "Nh6",
    "Ke5",
    "Ng4+",
    "Kd6",
    "Ne3",
    "Kc7",
    "c5",
    "Kxb7",
    "c4",
    "b4",
    "Nd1",
    "Ne2",
    "Kf5",
    "Kc6",
    "Kg4",
    "Kxb5",
    "Kxh4",
    "a4",
    "Kg4",
    "a5",
    "Ne3",
    "a6",
    "Nd5",
    "a7",
    "h4",
    "Kc6",
    "h3",
    "a8=Q"
  ]
}