{
  "event": "World Rapid Championship",
  "site": "St Petersburg RUS",
  "date": "2018.12.28",
  "eventDate": "2018.12.26",
  "dateMillis": 1545926400000,
  "eventDateMillis": 1545753600000,
  "round": "11.1",
  "result": "1/2-1/2",
  "white": "Daniil Dubov",
  "black": "Magnus Carlsen",
  "isCarlsenWin": false,
  "isDraw": true,
  "isCarlsenBlack": true,
  "moves": [
    "c4",
    "e6",
    "Nf3",
    "d5",
    "d4",
    "c6",
    "Nbd2",
    "f5",
    "g3",
    "Nf6",
    "Bg2",
    "Bd6",
    "Ne5",
    "O-O",
    "O-O",
    "b6",
    "Qc2",
    "Bb7",
    "cxd5",
    "cxd5",
    "Ndf3",
    "Ne4",
    "h4",
    "Nd7",
    "Bf4",
    "Ndf6",
    "Rac1",
    "Ba6",
    "Rfe1",
    "Ng4",
    "Qa4",
    "Bb7",
    "Ng5",
    "Nxg5",
    "Bxg5",
    "Qe8",
    "Qxe8",
    "Rfxe8",
    "Nxg4",
    "fxg4",
    "Bf4",
    "Bxf4",
    "gxf4",
    "Rac8",
    "Kh2",
    "Kf7",
    "Kg3",
    "h5",
    "f3",
    "gxf3",
    "Bxf3"
  ]
}