{
  "event": "World Rapid Championship",
  "site": "St Petersburg RUS",
  "date": "2018.12.28",
  "eventDate": "2018.12.26",
  "dateMillis": 1545926400000,
  "eventDateMillis": 1545753600000,
  "round": "13.1",
  "result": "0-1",
  "white": "Grigoriy Oparin",
  "black": "Magnus Carlsen",
  "isCarlsenWin": true,
  "isDraw": false,
  "isCarlsenBlack": true,
  "moves": [
    "Nf3",
    "d5",
    "g3",
    "c6",
    "Bg2",
    "Bf5",
    "O-O",
    "e6",
    "c4",
    "Nf6",
    "cxd5",
    "exd5",
    "d3",
    "Bc5",
    "Qb3",
    "Bb6",
    "Nc3",
    "O-O",
    "Na4",
    "Re8",
    "Nxb6",
    "axb6",
    "Qc2",
    "h6",
    "b3",
    "c5",
    "Bb2",
    "Nc6",
    "a3",
    "d4",
    "b4",
    "Qd6",
    "Rfc1",
    "Nd7",
    "Qd2",
    "Re7",
    "Re1",
    "Rae8",
    "Rad1",
    "Nde5",
    "Nh4",
    "Bh7",
    "h3",
    "Qe6",
    "b5",
    "Na5",
    "e4",
    "g5",
    "Nf3",
    "Nxf3+",
    "Bxf3",
    "Qxh3",
    "Bg2",
    "Qg4",
    "Kh2",
    "f5",
    "exf5",
    "Re2",
    "Qc1",
    "Qxf5",
    "Rxe2",
    "Rxe2",
    "Re1",
    "Qxf2",
    "Rxe2",
    "Qxe2",
    "Bxd4",
    "Bxd3",
    "Qe3",
    "cxd4",
    "Qxd4",
    "Bxb5",
    "Qd8+",
    "Be8",
    "Qxb6",
    "Bc6",
    "Qd8+",
    "Kf7",
    "Qc7+",
    "Kg6",
    "Qd6+",
    "Kh5"
  ]
}