{
  "event": "World Blitz Championship",
  "site": "St Petersburg RUS",
  "date": "2018.12.29",
  "eventDate": "2018.??.??",
  "dateMillis": 1546012800000,
  "eventDateMillis": null,
  "round": "2.1",
  "result": "1/2-1/2",
  "white": "Sergey Grigoriants",
  "black": "Magnus Carlsen",
  "isCarlsenWin": false,
  "isDraw": true,
  "isCarlsenBlack": true,
  "moves": [
    "Nf3",
    "d5",
    "d4",
    "a6",
    "Bf4",
    "e6",
    "e3",
    "Bd6",
    "Bd3",
    "Nf6",
    "O-O",
    "O-O",
    "Nbd2",
    "b6",
    "Bxd6",
    "cxd6",
    "c4",
    "dxc4",
    "Nxc4",
    "Bb7",
    "Rc1",
    "Nc6",
    "a3",
    "b5",
    "Ncd2",
    "Qb6",
    "Qe2",
    "Rac8",
    "Rc2",
    "Rc7",
    "Rfc1",
    "Rfc8",
    "b4",
    "Ne7",
    "Nb3",
    "Be4",
    "Ne1",
    "h6",
    "Rxc7",
    "Rxc7",
    "Rxc7",
    "Qxc7",
    "Qc2",
    "Qxc2",
    "Bxc2",
    "Bxc2",
    "Nxc2",
    "Ned5",
    "Na5",
    "Kf8",
    "Kf1",
    "Nb6",
    "Ke2",
    "Ke7",
    "f3",
    "Nfd5",
    "Kd3",
    "f5",
    "g3",
    "Nf6",
    "Ke2",
    "g5",
    "Ne1",
    "g4",
    "Nd3",
    "gxf3+",
    "Kxf3",
    "Ne4",
    "Nf4",
    "Nd2+",
    "Ke2",
    "Ndc4",
    "Nc6+",
    "Kd7",
    "Nb8+",
    "Kc7",
    "Nxa6+",
    "Kb7",
    "Nxe6",
    "Kxa6",
    "Nc7+",
    "Kb7",
    "Nxb5",
    "Kc6",
    "Na7+",
    "Kd7",
    "Nb5",
    "Nd5",
    "Kf3",
    "Ncxe3",
    "Nc3",
    "Nxc3",
    "Kxe3",
    "Kc6",
    "Kf4",
    "Kd5",
    "Kxf5",
    "Kxd4",
    "g4",
    "Ke3",
    "h4",
    "d5",
    "g5",
    "hxg5",
    "h5",
    "g4",
    "h6",
    "g3",
    "h7",
    "g2",
    "h8=Q",
    "g1=Q",
    "Qxc3+",
    "Ke2",
    "Qe5+",
    "Qe3",
    "Qxd5",
    "Qxa3",
    "b5",
    "Kf2",
    "Qd4+",
    "Kg2",
    "b6",
    "Qb3",
    "Qe4+",
    "Kg1",
    "b7",
    "Qf7+",
    "Kg4",
    "Qg7+",
    "Kh3",
    "Qh6+",
    "Qh4",
    "Qe3+",
    "Qg3+",
    "Kh1",
    "Qxe3"
  ]
}