{
  "event": "World Blitz Championship",
  "site": "St Petersburg RUS",
  "date": "2018.12.29",
  "dateMillis": 1546012800000,
  "eventDateMillis": null,
  "round": "5",
  "result": "1/2-1/2",
  "white": "Magnus Carlsen",
  "black": "Alexey Shirov",
  "isCarlsenWin": false,
  "isDraw": true,
  "isCarlsenBlack": false,
  "moves": [
    "e4",
    "e5",
    "Nf3",
    "Nc6",
    "Bb5",
    "a6",
    "Ba4",
    "Nf6",
    "d3",
    "d6",
    "c3",
    "g6",
    "O-O",
    "Bg7",
    "Re1",
    "O-O",
    "Nbd2",
    "Nh5",
    "Nf1",
    "f5",
    "Bb3+",
    "Kh8",
    "Ng5",
    "Qf6",
    "exf5",
    "Bxf5",
    "Be3",
    "Nf4",
    "Bxf4",
    "exf4",
    "Ne4",
    "Bxe4",
    "Rxe4",
    "f3",
    "g3",
    "Rae8",
    "Rxe8",
    "Rxe8",
    "Ne3",
    "h5",
    "Bd5",
    "Bh6",
    "Qxf3",
    "Qxf3",
    "Bxf3",
    "Bxe3",
    "fxe3",
    "Rxe3",
    "Kf2",
    "Re8",
    "d4",
    "Kg7",
    "Re1",
    "Rxe1",
    "Kxe1",
    "Nd8",
    "Kf2",
    "Kf6",
    "Ke3",
    "c6",
    "h4",
    "d5",
    "a4",
    "Nf7",
    "Bg2",
    "Nd6",
    "b3",
    "a5",
    "Kf4",
    "b6",
    "c4",
    "dxc4",
    "bxc4",
    "c5",
    "dxc5",
    "bxc5",
    "Bf1",
    "Nc8",
    "Bd3",
    "Nb6",
    "Bc2",
    "Nxc4",
    "Ke4",
    "Nb6",
    "Bb3",
    "g5",
    "Bd1",
    "gxh4",
    "gxh4",
    "Nxa4"
  ]
}