{
  "event": "World Blitz Championship",
  "site": "St Petersburg RUS",
  "date": "2018.12.29",
  "dateMillis": 1546012800000,
  "eventDateMillis": null,
  "round": "6",
  "result": "1/2-1/2",
  "white": "Sergei Zhigalko",
  "black": "Magnus Carlsen",
  "isCarlsenWin": false,
  "isDraw": true,
  "isCarlsenBlack": true,
  "moves": [
    "e4",
    "c5",
    "Nf3",
    "Nc6",
    "c3",
    "Nf6",
    "e5",
    "Nd5",
    "Bc4",
    "Nb6",
    "Bb3",
    "c4",
    "Bc2",
    "d6",
    "exd6",
    "Qxd6",
    "O-O",
    "Bg4",
    "Re1",
    "e6",
    "b3",
    "Be7",
    "Na3",
    "cxb3",
    "axb3",
    "Qd7",
    "Nc4",
    "Nxc4",
    "bxc4",
    "O-O",
    "d4",
    "Rfd8",
    "Be4",
    "Bh5",
    "Bf4",
    "Bg6",
    "Bxc6",
    "Qxc6",
    "Ne5",
    "Qc8",
    "Qf3",
    "Bd6",
    "c5",
    "Bxe5",
    "Bxe5",
    "f6",
    "Bd6",
    "a5",
    "h4",
    "h5",
    "c4",
    "a4",
    "Re3",
    "b6",
    "cxb6",
    "Qxc4",
    "b7",
    "Qxd4",
    "Rd1",
    "Qxd1+",
    "Qxd1",
    "Rab8",
    "Rxe6",
    "Rxb7",
    "Qxa4",
    "Bf7",
    "Be7",
    "Re8",
    "Re3",
    "Rbxe7",
    "Rxe7",
    "Rxe7",
    "f3",
    "Re8",
    "Kf2",
    "Re5",
    "Qc6",
    "Re6",
    "Qc8+",
    "Re8",
    "Qf5",
    "Re5",
    "Qd3",
    "Rd5",
    "Qe3",
    "Re5",
    "Qd4",
    "Kh7",
    "Qd7",
    "Bg6",
    "Qd6",
    "Rb5",
    "Qd4",
    "Re5",
    "Qc4",
    "Rf5",
    "Qd4",
    "Re5"
  ]
}