{
  "event": "World Blitz Championship",
  "site": "St Petersburg RUS",
  "date": "2018.12.29",
  "eventDate": "2018.??.??",
  "dateMillis": 1546012800000,
  "eventDateMillis": null,
  "round": "9.1",
  "result": "1/2-1/2",
  "white": "Dmitry Andreikin",
  "black": "Magnus Carlsen",
  "isCarlsenWin": false,
  "isDraw": true,
  "isCarlsenBlack": true,
  "moves": [
    "e4",
    "c5",
    "Nc3",
    "Nc6",
    "Bb5",
    "Nd4",
    "Nf3",
    "a6",
    "Bd3",
    "Nc6",
    "O-O",
    "d6",
    "b3",
    "g6",
    "Bb2",
    "Bg7",
    "h3",
    "e6",
    "Na4",
    "e5",
    "Nc3",
    "Nge7",
    "a4",
    "O-O",
    "Bc4",
    "h6",
    "Nd5",
    "Kh7",
    "Nxe7",
    "Qxe7",
    "Re1",
    "f5",
    "d3",
    "Bd7",
    "Bd5",
    "Nb4",
    "Bxb7",
    "Rab8",
    "Bd5",
    "Nxd5",
    "exd5",
    "Qf7",
    "c4",
    "g5",
    "Nxe5",
    "dxe5",
    "Bxe5",
    "Bxe5",
    "Rxe5",
    "Qf6",
    "d4",
    "cxd4",
    "Qxd4",
    "Rfe8",
    "Rae1",
    "Rxe5",
    "Qxe5",
    "Qxe5",
    "Rxe5",
    "Kg6",
    "Re7",
    "Rd8",
    "c5",
    "Kf6",
    "d6",
    "a5",
    "f3",
    "f4",
    "Kf2",
    "Be6",
    "Rb7",
    "Ke5",
    "Rb5",
    "Ra8",
    "d7",
    "Kd5",
    "Rb6",
    "Bxd7",
    "Rd6+",
    "Kxc5",
    "Rxd7",
    "Rb8",
    "Rd3",
    "Rb6",
    "g3",
    "Re6",
    "gxf4",
    "gxf4",
    "Rc3+",
    "Kb4",
    "Rc4+",
    "Kxb3",
    "Rxf4",
    "Rb6",
    "Rh4",
    "Ka3",
    "Re4",
    "Rb2+",
    "Ke3",
    "h5",
    "h4",
    "Rb3+",
    "Ke2",
    "Rb2+",
    "Ke3",
    "Rb3+",
    "Kf2",
    "Rc3",
    "f4",
    "Rc5",
    "Ke3",
    "Kb3",
    "Rd4",
    "Kc3",
    "Ke4",
    "Rc8",
    "Rd3+",
    "Kb4",
    "Rd4+",
    "Kc3",
    "Rd3+",
    "Kb4",
    "f5",
    "Kxa4",
    "f6",
    "Kb4",
    "Kf5",
    "a4",
    "f7",
    "a3",
    "Kg6",
    "a2",
    "Rd1",
    "Kb3",
    "Ra1",
    "Kb2",
    "Rxa2+",
    "Kxa2",
    "Kxh5",
    "Kb3",
    "Kg6",
    "Kc4",
    "Kg7",
    "Kd5",
    "h5",
    "Ke6",
    "f8=Q",
    "Rxf8",
    "Kxf8",
    "Kf6",
    "h6",
    "Kg6"
  ]
}