{
  "event": "World Blitz Championship",
  "site": "St Petersburg RUS",
  "date": "2018.12.30",
  "eventDate": "2018.12.29",
  "dateMillis": 1546099200000,
  "eventDateMillis": 1546012800000,
  "round": "15.1",
  "result": "1-0",
  "white": "Magnus Carlsen",
  "black": "Zhamsaran Tsydypov",
  "isCarlsenWin": true,
  "isDraw": false,
  "isCarlsenBlack": false,
  "moves": [
    "c4",
    "e5",
    "Nc3",
    "Nc6",
    "Nf3",
    "Nf6",
    "e4",
    "Bb4",
    "d3",
    "Bxc3+",
    "bxc3",
    "d6",
    "Be2",
    "O-O",
    "O-O",
    "h6",
    "Rb1",
    "b6",
    "Ne1",
    "Ne7",
    "f4",
    "exf4",
    "Bxf4",
    "Ng6",
    "Bg3",
    "Re8",
    "Nc2",
    "Bb7",
    "Ne3",
    "c6",
    "Nf5",
    "Re6",
    "Qd2",
    "d5",
    "exd5",
    "cxd5",
    "c5",
    "Qc8",
    "cxb6",
    "Rxb6",
    "Rxb6",
    "axb6",
    "Nxh6+",
    "gxh6",
    "Rxf6",
    "d4",
    "Qxh6",
    "Qe8",
    "Bd1",
    "Bd5",
    "c4",
    "Bc6",
    "Bb3",
    "Ba4",
    "Bxa4",
    "Rxa4",
    "Rxb6",
    "Ra8",
    "h4",
    "Qe7",
    "h5",
    "Nf8",
    "Rb5",
    "Ne6",
    "Be5",
    "Qh4",
    "Qh8#"
  ]
}