{
  "event": "World Blitz Championship",
  "site": "St Petersburg RUS",
  "date": "2018.12.29",
  "eventDate": "2018.12.29",
  "dateMillis": 1546012800000,
  "eventDateMillis": 1546012800000,
  "round": "10.1",
  "result": "1-0",
  "white": "Magnus Carlsen",
  "black": "Peter Svidler",
  "isCarlsenWin": true,
  "isDraw": false,
  "isCarlsenBlack": false,
  "moves": [
    "c4",
    "g6",
    "g3",
    "c5",
    "Bg2",
    "Bg7",
    "Nc3",
    "Nc6",
    "Nf3",
    "d6",
    "O-O",
    "e6",
    "e3",
    "Nge7",
    "d4",
    "O-O",
    "Re1",
    "Rb8",
    "b3",
    "cxd4",
    "Nxd4",
    "Nxd4",
    "exd4",
    "Nf5",
    "Be3",
    "Nxe3",
    "Rxe3",
    "a6",
    "Rc1",
    "Bh6",
    "f4",
    "Bg7",
    "Rd3",
    "b6",
    "Qd2",
    "Bd7",
    "h4",
    "Qe7",
    "Kh2",
    "Rfc8",
    "a4",
    "Be8",
    "Re1",
    "b5",
    "axb5",
    "axb5",
    "Nxb5",
    "Bxb5",
    "cxb5",
    "Rxb5",
    "d5",
    "e5",
    "f5",
    "Rcb8",
    "Qc2",
    "gxf5",
    "Rf3",
    "f4",
    "Rxf4",
    "Rxb3",
    "Qf5",
    "Rb1",
    "Rxb1",
    "Rxb1",
    "Rg4",
    "Rb2",
    "Kh3",
    "h5",
    "Rg5",
    "Qa7",
    "Be4",
    "Qg1",
    "Qc8#"
  ]
}