{
  "event": "World Blitz Championship",
  "site": "St Petersburg RUS",
  "date": "2018.12.29",
  "dateMillis": 1546012800000,
  "eventDateMillis": null,
  "round": "8",
  "result": "1-0",
  "white": "Magnus Carlsen",
  "black": "Alireza Firouzja",
  "isCarlsenWin": true,
  "isDraw": false,
  "isCarlsenBlack": false,
  "moves": [
    "c4",
    "g6",
    "g3",
    "Bg7",
    "Bg2",
    "Nf6",
    "Nc3",
    "O-O",
    "Nf3",
    "d6",
    "d4",
    "Nc6",
    "O-O",
    "e5",
    "dxe5",
    "dxe5",
    "Bg5",
    "Be6",
    "Qa4",
    "Qb8",
    "Bxf6",
    "Bxf6",
    "Nd2",
    "Bg7",
    "Rfd1",
    "Rd8",
    "Nb3",
    "Nd4",
    "Nc5",
    "c6",
    "e3",
    "Bg4",
    "exd4",
    "exd4",
    "N3e4",
    "Bxd1",
    "Rxd1",
    "Qc7",
    "Qb3",
    "b6",
    "Nd3",
    "Rab8",
    "c5",
    "bxc5",
    "Qc4",
    "Qa5",
    "Nexc5",
    "Bf8",
    "b4",
    "Qa3",
    "Ne5",
    "Qxb4",
    "Qxf7+",
    "Kh8",
    "Qf6+",
    "Bg7",
    "Qg5",
    "Re8",
    "Nxc6",
    "Qc4",
    "Nxb8",
    "Qe2",
    "Qd2"
  ]
}