{
  "event": "World Blitz Championship",
  "site": "St Petersburg RUS",
  "date": "2018.12.30",
  "eventDate": "2018.12.29",
  "dateMillis": 1546099200000,
  "eventDateMillis": 1546012800000,
  "round": "13.1",
  "result": "1-0",
  "white": "Magnus Carlsen",
  "black": "Anish Giri",
  "isCarlsenWin": true,
  "isDraw": false,
  "isCarlsenBlack": false,
  "moves": [
    "c4",
    "e5",
    "Nc3",
    "Nf6",
    "Nf3",
    "Nc6",
    "e4",
    "Bc5",
    "Nxe5",
    "Nxe5",
    "d4",
    "Bb4",
    "dxe5",
    "Nxe4",
    "Qf3",
    "Nxc3",
    "bxc3",
    "Be7",
    "Qg3",
    "g6",
    "Bh6",
    "d6",
    "Be2",
    "Be6",
    "Rd1",
    "Qd7",
    "exd6",
    "cxd6",
    "O-O",
    "O-O-O",
    "Be3",
    "Qa4",
    "Qf3",
    "Qc6",
    "Qf4",
    "b6",
    "a4",
    "Rd7",
    "a5",
    "bxa5",
    "Rb1",
    "Rc7",
    "c5",
    "dxc5",
    "Bf3",
    "Qd6",
    "Qe4",
    "Rd8"
  ]
}