{
  "event": "World Blitz Championship",
  "site": "St Petersburg RUS",
  "date": "2018.12.30",
  "eventDate": "2018.12.29",
  "dateMillis": 1546099200000,
  "eventDateMillis": 1546012800000,
  "round": "14.1",
  "result": "0-1",
  "white": "Hao Wang",
  "black": "Magnus Carlsen",
  "isCarlsenWin": true,
  "isDraw": false,
  "isCarlsenBlack": true,
  "moves": [
    "e4",
    "c5",
    "Nf3",
    "Nc6",
    "Bb5",
    "g6",
    "Bxc6",
    "dxc6",
    "d3",
    "Bg7",
    "h3",
    "Nf6",
    "Nc3",
    "Nd7",
    "Be3",
    "e5",
    "Qd2",
    "h6",
    "O-O",
    "b6",
    "a3",
    "Nf8",
    "b4",
    "Ne6",
    "bxc5",
    "f5",
    "exf5",
    "gxf5",
    "Qe1",
    "O-O",
    "Rb1",
    "e4",
    "dxe4",
    "f4",
    "Rd1",
    "Qe7",
    "Bd4",
    "Nxd4",
    "Nxd4",
    "Ba6",
    "Nxc6",
    "Qxc5",
    "Nd5",
    "Rae8",
    "Ncb4",
    "Bxf1",
    "Kxf1",
    "Qc4+",
    "Qe2",
    "Rxe4",
    "Qxc4",
    "Rxc4",
    "Ke2",
    "a5",
    "Nd3",
    "Rxc2+",
    "Kf3",
    "Ra2",
    "Nxb6",
    "Rxa3",
    "Nc4",
    "Rc3",
    "Nxa5",
    "Rd8",
    "Ke2",
    "Rd5",
    "Nb7",
    "Bf8",
    "Rd2",
    "Rb3",
    "Nbc5",
    "Bxc5"
  ]
}