{
  "event": "World Blitz Championship",
  "site": "St Petersburg RUS",
  "date": "2018.12.29",
  "eventDate": "2018.12.29",
  "dateMillis": 1546012800000,
  "eventDateMillis": 1546012800000,
  "round": "4.1",
  "result": "0-1",
  "white": "Marin Bosiocic",
  "black": "Magnus Carlsen",
  "isCarlsenWin": true,
  "isDraw": false,
  "isCarlsenBlack": true,
  "moves": [
    "e4",
    "c5",
    "Nf3",
    "Nc6",
    "Bb5",
    "g6",
    "Bxc6",
    "dxc6",
    "d3",
    "Bg7",
    "h3",
    "Nf6",
    "Nc3",
    "Nd7",
    "Be3",
    "e5",
    "Qd2",
    "h6",
    "O-O-O",
    "b6",
    "h4",
    "Nf8",
    "h5",
    "g5",
    "Ne2",
    "Ne6",
    "Ng3",
    "Nf4",
    "Ne1",
    "Be6",
    "Kb1",
    "Qd7",
    "Nf1",
    "O-O-O",
    "g3",
    "f5",
    "f3",
    "fxe4",
    "dxe4",
    "Qf7",
    "Qc1",
    "Ne2"
  ]
}