{
  "event": "World Blitz Championship",
  "site": "St Petersburg RUS",
  "date": "2018.12.30",
  "eventDate": "2018.12.29",
  "dateMillis": 1546099200000,
  "eventDateMillis": 1546012800000,
  "round": "19.1",
  "result": "0-1",
  "white": "Shakhriyar Mamedyarov",
  "black": "Magnus Carlsen",
  "isCarlsenWin": true,
  "isDraw": false,
  "isCarlsenBlack": true,
  "moves": [
    "d4",
    "d5",
    "c4",
    "e6",
    "Nf3",
    "a6",
    "e3",
    "Nf6",
    "Nc3",
    "dxc4",
    "Bxc4",
    "b5",
    "Be2",
    "Bb7",
    "O-O",
    "Nbd7",
    "b3",
    "c5",
    "Bb2",
    "Be7",
    "Rc1",
    "O-O",
    "Qc2",
    "Rc8",
    "Qb1",
    "Qb6",
    "Rfd1",
    "Rfd8",
    "h3",
    "h6",
    "dxc5",
    "Nxc5",
    "Rxd8+",
    "Rxd8",
    "Rd1",
    "b4",
    "Rxd8+",
    "Qxd8",
    "Na4",
    "Nxa4",
    "bxa4",
    "Qd5",
    "Bxf6",
    "gxf6",
    "Qb3",
    "a5",
    "Qc2",
    "Qc6",
    "Qxc6",
    "Bxc6",
    "Bd1",
    "f5",
    "Nd4",
    "Bd5",
    "Bb3",
    "Bb7",
    "Bc4",
    "Bc5",
    "Kf1",
    "Bxd4",
    "exd4",
    "Bc6",
    "Bb3",
    "f4",
    "g3",
    "fxg3",
    "fxg3",
    "Kf8",
    "Kf2",
    "Ke7",
    "g4",
    "f6",
    "Ke3",
    "Kd6",
    "Kf4",
    "Bd5",
    "h4",
    "Bxb3",
    "axb3",
    "Kd5",
    "Ke3",
    "e5",
    "dxe5",
    "Kxe5",
    "Kf3",
    "Kd4",
    "Kf4",
    "Kc3",
    "Kf5",
    "Kxb3",
    "Kxf6",
    "Kxa4",
    "g5",
    "hxg5",
    "hxg5",
    "b3",
    "g6",
    "b2",
    "g7",
    "b1=Q",
    "g8=Q",
    "Qb2+",
    "Kf5",
    "Qd4",
    "Qa2+",
    "Kb4",
    "Qb1+",
    "Kc5",
    "Qc2+",
    "Kd6",
    "Qe4",
    "Kc5",
    "Qc2+",
    "Qc4",
    "Qf2+",
    "Kc6",
    "Ke5",
    "Qc5+"
  ]
}