{
  "event": "World Blitz Championship",
  "site": "St Petersburg RUS",
  "date": "2018.12.30",
  "eventDate": "2018.12.29",
  "dateMillis": 1546099200000,
  "eventDateMillis": 1546012800000,
  "round": "18.1",
  "result": "1/2-1/2",
  "white": "Magnus Carlsen",
  "black": "Boris Gelfand",
  "isCarlsenWin": false,
  "isDraw": true,
  "isCarlsenBlack": false,
  "moves": [
    "c4",
    "c5",
    "Nf3",
    "Nf6",
    "Nc3",
    "Nc6",
    "d4",
    "cxd4",
    "Nxd4",
    "e6",
    "e4",
    "Bb4",
    "Nxc6",
    "bxc6",
    "Bd3",
    "e5",
    "O-O",
    "O-O",
    "Qe2",
    "Re8",
    "Na4",
    "d5",
    "a3",
    "Bd6",
    "Bg5",
    "h6",
    "Bxf6",
    "Qxf6",
    "cxd5",
    "cxd5",
    "Nc3",
    "d4",
    "Nd5",
    "Qg5",
    "Rac1",
    "Bh3",
    "Qf3",
    "Be6",
    "Rc6",
    "Rad8",
    "Bc4",
    "Kh8",
    "Ra6",
    "Bb8",
    "b3",
    "Rf8",
    "Qg3",
    "Qd2",
    "h3",
    "Bc8",
    "Ra4",
    "Bd7",
    "Ra6",
    "Bc8",
    "Ra4",
    "Bd7"
  ]
}