{
  "event": "Tata Steel Masters",
  "site": "Wijk aan Zee NED",
  "date": "2019.01.27",
  "dateMillis": 1548518400000,
  "eventDateMillis": null,
  "round": "13",
  "result": "1/2-1/2",
  "white": "Anish Giri",
  "black": "Magnus Carlsen",
  "isCarlsenWin": false,
  "isDraw": true,
  "isCarlsenBlack": true,
  "moves": [
    "e4",
    "c5",
    "Nf3",
    "Nc6",
    "d4",
    "cxd4",
    "Nxd4",
    "Nf6",
    "Nc3",
    "e5",
    "Ndb5",
    "d6",
    "Bg5",
    "a6",
    "Na3",
    "b5",
    "Nd5",
    "Be7",
    "Bxf6",
    "Bxf6",
    "c3",
    "Bg5",
    "Nc2",
    "Rb8",
    "Be2",
    "O-O",
    "O-O",
    "Kh8",
    "Bg4",
    "Bb7",
    "Ncb4",
    "Nxb4",
    "cxb4",
    "g6",
    "a4",
    "bxa4",
    "Rxa4",
    "Bc6",
    "Be2",
    "Bxa4",
    "Qxa4",
    "f5",
    "exf5",
    "Rxf5",
    "Bd3",
    "Rf8",
    "Qxa6",
    "Bd2",
    "Qc4",
    "Qc8",
    "Qe4",
    "Bxb4",
    "Nxb4",
    "Rf4",
    "Qc6",
    "Rfxb4",
    "Qxd6",
    "Qf8",
    "Qxe5+"
  ]
}