{
  "event": "Tata Steel Masters",
  "site": "Leiden NED",
  "date": "2019.01.23",
  "dateMillis": 1548172800000,
  "eventDateMillis": null,
  "round": "10",
  "result": "1-0",
  "white": "Magnus Carlsen",
  "black": "Viswanathan Anand",
  "isCarlsenWin": true,
  "isDraw": false,
  "isCarlsenBlack": false,
  "moves": [
    "e4",
    "e5",
    "Nf3",
    "Nc6",
    "Bb5",
    "a6",
    "Ba4",
    "Nf6",
    "Nc3",
    "Bc5",
    "Bxc6",
    "dxc6",
    "d3",
    "Qd6",
    "h3",
    "Be6",
    "Be3",
    "Nd7",
    "Bxc5",
    "Nxc5",
    "Qd2",
    "Nd7",
    "d4",
    "exd4",
    "Nxd4",
    "c5",
    "Nxe6",
    "fxe6",
    "O-O-O",
    "Qxd2+",
    "Kxd2",
    "Ne5",
    "f4",
    "Nc4+",
    "Kc1",
    "Ke7",
    "b3",
    "Nd6",
    "e5",
    "Nf5",
    "Ne4",
    "b6",
    "g4",
    "Nh4",
    "Rhf1",
    "Rad8",
    "Rxd8",
    "Rxd8",
    "f5",
    "exf5",
    "gxf5",
    "Rf8",
    "f6+",
    "gxf6",
    "exf6+",
    "Kf7",
    "Rf4",
    "Ng6",
    "Ng5+",
    "Ke8",
    "Rf1",
    "h6",
    "Ne6",
    "Rf7",
    "Rd1",
    "Rxf6",
    "Nxc7+",
    "Kf8",
    "Nxa6",
    "Nf4",
    "h4",
    "Ng6",
    "Rh1",
    "Rf7",
    "h5",
    "Nf4",
    "a4",
    "Ke7",
    "Nc7",
    "Kf6",
    "Nb5",
    "Kg5",
    "Nd6",
    "Re7",
    "Kb2",
    "Re6",
    "Nf7+",
    "Kf5",
    "Rd1",
    "Kg4",
    "Kc3",
    "Kxh5",
    "Rh1+",
    "Kg6",
    "Nxh6",
    "Re4",
    "Kb2",
    "Re2",
    "Ng4",
    "Nd3+",
    "Kc3",
    "Nb4",
    "Rh2",
    "Rxh2",
    "Nxh2",
    "Kf5",
    "Nf3",
    "Ke4",
    "Ne1",
    "Kd5",
    "Nd3",
    "Nc6",
    "Nf4+",
    "Kd6",
    "Kc4",
    "Na7",
    "Nd5",
    "Kc6",
    "Ne7+",
    "Kd6",
    "Nf5+",
    "Kc6",
    "Kd3",
    "Kc7",
    "Ke4",
    "Nc6",
    "Ne3",
    "Kd6",
    "Nc4+",
    "Kc7",
    "c3",
    "Ne7",
    "Ke5",
    "Ng6+",
    "Kf5",
    "Ne7+",
    "Ke6",
    "Ng6",
    "a5",
    "b5",
    "Ne3",
    "Nf4+",
    "Ke5",
    "Ne2",
    "Nd5+",
    "Kc6",
    "b4",
    "Nxc3",
    "Nxc3",
    "cxb4",
    "Ne2"
  ]
}