{
  "event": "Tata Steel Masters",
  "site": "Wijk aan Zee NED",
  "date": "2019.01.12",
  "dateMillis": 1547222400000,
  "eventDateMillis": null,
  "round": "1",
  "result": "1/2-1/2",
  "white": "Ding Liren",
  "black": "Magnus Carlsen",
  "isCarlsenWin": false,
  "isDraw": true,
  "isCarlsenBlack": true,
  "moves": [
    "Nf3",
    "Nf6",
    "g3",
    "b5",
    "d4",
    "e6",
    "Bg5",
    "c5",
    "d5",
    "Qa5+",
    "Bd2",
    "Qb6",
    "dxe6",
    "fxe6",
    "a4",
    "b4",
    "a5",
    "Qd8",
    "Bg2",
    "Nc6",
    "Ne5",
    "Nxe5",
    "Bxa8",
    "d5",
    "a6",
    "Bd7",
    "Bb7",
    "Bd6",
    "Bg5",
    "Nf7",
    "Bxf6",
    "Qxf6",
    "Nd2",
    "O-O",
    "O-O",
    "Qxb2",
    "e4",
    "Qd4",
    "exd5",
    "e5",
    "Nb3",
    "Qe4",
    "Qd3",
    "Qg4",
    "f3",
    "Qh5",
    "Nd2",
    "Ng5",
    "Bc6",
    "Bh3",
    "Bb5",
    "Bxf1",
    "Rxf1",
    "Rxf3",
    "Nxf3",
    "e4",
    "Qe3",
    "Nxf3+",
    "Rxf3",
    "Qxf3",
    "Qxf3",
    "exf3",
    "Kf2"
  ]
}