{
  "event": "Tata Steel Masters",
  "site": "Wijk aan Zee NED",
  "date": "2019.01.14",
  "dateMillis": 1547395200000,
  "eventDateMillis": null,
  "round": "3",
  "result": "1/2-1/2",
  "white": "Vidit Santosh Gujrathi",
  "black": "Magnus Carlsen",
  "isCarlsenWin": false,
  "isDraw": true,
  "isCarlsenBlack": true,
  "moves": [
    "Nf3",
    "Nf6",
    "g3",
    "g6",
    "c4",
    "Bg7",
    "Bg2",
    "O-O",
    "Nc3",
    "c5",
    "d4",
    "d6",
    "dxc5",
    "dxc5",
    "Qxd8",
    "Rxd8",
    "Ne5",
    "Ne8",
    "Nd3",
    "Nd6",
    "Bf4",
    "Na6",
    "Rc1",
    "Bf5",
    "O-O",
    "Bxd3",
    "exd3",
    "Nb4",
    "Rfd1",
    "Rac8",
    "a3",
    "Nc6",
    "Bxd6",
    "Rxd6",
    "Ne4",
    "Re6",
    "Nxc5",
    "Re2",
    "b4",
    "b6",
    "Bxc6",
    "Rxc6",
    "Nb3",
    "Ra2",
    "d4",
    "Rxa3",
    "d5",
    "Rc7",
    "Nd4",
    "Bxd4",
    "Rxd4",
    "Ra4",
    "c5",
    "bxc5",
    "Rdc4",
    "Rd7",
    "bxc5",
    "Rxc4",
    "Rxc4",
    "Rxd5",
    "c6",
    "Rd8",
    "Ra4",
    "Ra8",
    "c7",
    "Rc8",
    "Rxa7",
    "Kf8",
    "g4",
    "f6",
    "Kg2",
    "Ke8",
    "Ra3",
    "Rxc7",
    "Ra8+",
    "Kf7",
    "Rh8",
    "Kg7",
    "Re8",
    "h6",
    "Kg3",
    "Ra7",
    "Kg2",
    "h5",
    "gxh5",
    "gxh5",
    "h4",
    "e5",
    "Rb8",
    "Ra4",
    "Kg3",
    "Ra3+",
    "Kg2",
    "Kg6",
    "f3",
    "Rd3",
    "Rb6",
    "Kf5",
    "Ra6",
    "Rd8",
    "Kg3",
    "Rg8+",
    "Kf2",
    "Re8",
    "Kg3",
    "Rd8",
    "Kg2",
    "Re8",
    "Kg3",
    "Re6",
    "Ra8",
    "Rd6",
    "Rh8",
    "Kg6",
    "Rg8+",
    "Kh7",
    "Re8",
    "Kg7",
    "Re7+",
    "Kg6",
    "Kh3",
    "Kf5",
    "Kg3",
    "Rd3",
    "Re8",
    "Rc3",
    "Re7",
    "Re3",
    "Rh7",
    "Kg6",
    "Re7",
    "Rd3",
    "Kf2",
    "Kf5",
    "Kg3",
    "Rb3",
    "Re8",
    "Ra3",
    "Re7",
    "Rd3",
    "Re8",
    "Rd7",
    "Ra8",
    "Rg7+",
    "Kf2",
    "Re7",
    "Kg3",
    "Rb7",
    "Rc8",
    "Rb1",
    "Rc6",
    "Rg1+",
    "Kf2",
    "Rg8",
    "Ra6",
    "Rb8",
    "Kg3",
    "Kg6",
    "Kg2",
    "Rb2+",
    "Kg3",
    "Rd2",
    "Kh3",
    "Kf7",
    "Ra7+",
    "Ke6",
    "Ra6+",
    "Rd6",
    "Ra8",
    "Rd3",
    "Kg2",
    "Kf5",
    "Ra6",
    "Rd4",
    "Kg3",
    "Rb4",
    "Ra8",
    "e4",
    "fxe4+",
    "Rxe4",
    "Rh8",
    "Kg6",
    "Rg8+",
    "Kh7",
    "Ra8",
    "Rb4",
    "Rc8",
    "Rg4+",
    "Kh3",
    "Rg8",
    "Rc1",
    "Ra8",
    "Rg1",
    "Rg8",
    "Ra1",
    "Kg6",
    "Ra5",
    "Rb8",
    "Kg3",
    "Rb3+",
    "Kg2",
    "Re3",
    "Rb5",
    "Re5",
    "Rb8",
    "Kf5",
    "Kf3",
    "Ra5",
    "Rb3",
    "Ra4",
    "Rb5+",
    "Kg6",
    "Kg3",
    "Rg4+",
    "Kh3",
    "Re4",
    "Kg3",
    "Rg4+",
    "Kh3",
    "Rg1",
    "Kh2",
    "Re1",
    "Kg3",
    "Re5",
    "Rb3",
    "Kf5",
    "Kf3",
    "Ra5",
    "Rc3",
    "Ra4",
    "Rc5+",
    "Kg6",
    "Kg3",
    "Rg4+",
    "Kh3",
    "Re4",
    "Kg3",
    "f5",
    "Rc6+",
    "Kg7",
    "Rc7+",
    "Kf6",
    "Rc6+",
    "Re6",
    "Rc4",
    "Ke5",
    "Rc5+",
    "Ke4",
    "Rc4+",
    "Ke3",
    "Rc3+",
    "Kd4",
    "Rc8",
    "Re4",
    "Ra8",
    "Rg4+",
    "Kf3",
    "Ke5",
    "Ra5+",
    "Kf6",
    "Ra6+"
  ]
}