{
  "event": "Tata Steel Masters",
  "site": "Wijk aan Zee NED",
  "date": "2019.01.19",
  "dateMillis": 1547827200000,
  "eventDateMillis": null,
  "round": "7",
  "result": "1/2-1/2",
  "white": "Vladimir Fedoseev",
  "black": "Magnus Carlsen",
  "isCarlsenWin": false,
  "isDraw": true,
  "isCarlsenBlack": true,
  "moves": [
    "d4",
    "Nf6",
    "c4",
    "g6",
    "Nc3",
    "d5",
    "Nf3",
    "Bg7",
    "h4",
    "c6",
    "cxd5",
    "cxd5",
    "Bf4",
    "Nc6",
    "e3",
    "O-O",
    "Qb3",
    "Na5",
    "Qa3",
    "Nc4",
    "Bxc4",
    "dxc4",
    "O-O",
    "Bd7",
    "Ne5",
    "b5",
    "Qa6",
    "Qc8",
    "Qa5",
    "Qd8",
    "Qxd8",
    "Rfxd8",
    "Nxd7",
    "Nxd7",
    "Nxb5",
    "e5",
    "dxe5",
    "Nxe5",
    "Rac1",
    "a6",
    "Na3",
    "Nd3",
    "Rc2",
    "Rac8",
    "Bg5",
    "Re8",
    "Nxc4",
    "h6",
    "Bf4",
    "Nb4",
    "Rcc1",
    "Nxa2",
    "Ra1",
    "Rxc4",
    "Rxa2",
    "Be5",
    "b3",
    "Rb4",
    "Bxe5",
    "Rxe5",
    "Rxa6",
    "Rxb3",
    "Rd1",
    "Rb4",
    "Rd7",
    "Kg7",
    "Raa7",
    "Rf5",
    "f3",
    "Rb2",
    "e4",
    "Rf4",
    "e5",
    "Re2",
    "Re7",
    "Rf5",
    "e6",
    "Kf8",
    "Rxf7+",
    "Rxf7",
    "Rxf7+",
    "Kg8",
    "Re7",
    "Kf8",
    "Rf7+",
    "Kg8",
    "h5",
    "gxh5",
    "Rf5",
    "Rxe6",
    "Rxh5",
    "Kg7",
    "Kf2",
    "Ra6",
    "g4",
    "Ra2+",
    "Kg3",
    "Ra3",
    "Rd5",
    "Kf6",
    "Kf4",
    "Ra4+",
    "Ke3",
    "Ra1",
    "f4",
    "Rg1",
    "Rd6+",
    "Kg7",
    "Kf3",
    "Re1",
    "Rb6",
    "Rg1",
    "Re6",
    "Ra1",
    "Ke4",
    "Ra4+",
    "Kf5",
    "Ra5+",
    "Re5",
    "Ra7",
    "Rd5",
    "Rf7+",
    "Ke4",
    "Re7+",
    "Kd4",
    "Re1",
    "Rd7+",
    "Kf6",
    "Rd6+",
    "Kg7",
    "Kd5",
    "Rg1",
    "Ke6",
    "Rxg4",
    "Rd7+",
    "Kg8",
    "f5",
    "Rf4",
    "Kf6",
    "Rf1",
    "Rd8+",
    "Kh7",
    "Rd7+",
    "Kg8",
    "Rd8+",
    "Kh7",
    "Rd7+"
  ]
}