{
  "event": "Tata Steel Masters",
  "site": "Wijk aan Zee NED",
  "date": "2019.01.15",
  "dateMillis": 1547481600000,
  "eventDateMillis": null,
  "round": "4",
  "result": "1/2-1/2",
  "white": "Magnus Carlsen",
  "black": "Vladimir Kramnik",
  "isCarlsenWin": false,
  "isDraw": true,
  "isCarlsenBlack": false,
  "moves": [
    "e4",
    "e5",
    "Nf3",
    "Nc6",
    "Bb5",
    "Nf6",
    "d3",
    "Bc5",
    "c3",
    "d5",
    "Nbd2",
    "dxe4",
    "dxe4",
    "O-O",
    "O-O",
    "Qe7",
    "b4",
    "Bd6",
    "a3",
    "a5",
    "Rb1",
    "axb4",
    "axb4",
    "Be6",
    "Re1",
    "Rfd8",
    "Qc2",
    "h6",
    "Bf1",
    "Ra2",
    "Bb2",
    "Qe8",
    "Nc4",
    "b5",
    "Ne3",
    "Ne7",
    "Ra1",
    "Rda8",
    "Rxa2",
    "Rxa2",
    "Ra1",
    "Rxa1",
    "Bxa1",
    "Qa8",
    "Bb2",
    "Qxe4",
    "Qxe4",
    "Nxe4",
    "Bxb5",
    "f5",
    "Bd3",
    "Nf6",
    "Bf1",
    "g5",
    "Nc4",
    "Bxc4",
    "Bxc4+",
    "Kg7",
    "Nd2",
    "e4",
    "Bb3",
    "c6",
    "h3",
    "h5",
    "Kf1",
    "Kg6",
    "Nc4",
    "Bc7",
    "Na5",
    "Nd7",
    "Ba4",
    "Nb6",
    "Bxc6",
    "Nxc6",
    "Nxc6",
    "Nc4",
    "Bc1",
    "f4",
    "f3",
    "exf3",
    "gxf3",
    "g4",
    "Kg2",
    "Kg5",
    "b5",
    "g3",
    "Nb4",
    "Ne3+",
    "Bxe3",
    "fxe3",
    "Nd3",
    "e2",
    "f4+",
    "Bxf4",
    "b6",
    "Kf5",
    "Kf3",
    "g2",
    "Kxg2",
    "Ke4",
    "Ne1",
    "Ke3",
    "b7",
    "h4",
    "c4",
    "Bg3",
    "c5",
    "Kd2",
    "Nf3+",
    "Kd1",
    "c6",
    "Kc1"
  ]
}