{
  "event": "Tata Steel Masters",
  "site": "Alkmaar NED",
  "date": "2019.01.16",
  "eventDate": "2019.01.12",
  "dateMillis": 1547568000000,
  "eventDateMillis": 1547222400000,
  "round": "5.6",
  "result": "0-1",
  "white": "Jorden van Foreest",
  "black": "Magnus Carlsen",
  "isCarlsenWin": true,
  "isDraw": false,
  "isCarlsenBlack": true,
  "moves": [
    "e4",
    "c5",
    "Nf3",
    "Nc6",
    "d4",
    "cxd4",
    "Nxd4",
    "Nf6",
    "Nc3",
    "e5",
    "Ndb5",
    "d6",
    "Nd5",
    "Nxd5",
    "exd5",
    "Ne7",
    "c4",
    "Ng6",
    "Qa4",
    "Bd7",
    "Qb4",
    "Qb8",
    "h4",
    "h5",
    "Be3",
    "a6",
    "Nc3",
    "f5",
    "O-O-O",
    "Be7",
    "g3",
    "O-O",
    "Be2",
    "e4",
    "Bd4",
    "Bf6",
    "Bxf6",
    "Rxf6",
    "Qb6",
    "Ne5",
    "Kb1",
    "Be8",
    "Rd2",
    "Nd7",
    "Qd4",
    "Qc7",
    "Nd1",
    "Ne5",
    "Ne3",
    "f4",
    "gxf4",
    "Rxf4",
    "Rg1",
    "Bg6",
    "Ka1",
    "Raf8",
    "c5",
    "Rxf2",
    "Qc3",
    "Qxc5",
    "Qxc5",
    "dxc5",
    "d6",
    "Kh7",
    "d7",
    "Nf3"
  ]
}