{
  "event": "Tata Steel Masters",
  "site": "Wijk aan Zee NED",
  "date": "2019.01.13",
  "dateMillis": 1547308800000,
  "eventDateMillis": null,
  "round": "2",
  "result": "1/2-1/2",
  "white": "Magnus Carlsen",
  "black": "Ian Nepomniachtchi",
  "isCarlsenWin": false,
  "isDraw": true,
  "isCarlsenBlack": false,
  "moves": [
    "d4",
    "Nf6",
    "c4",
    "g6",
    "f3",
    "e6",
    "e4",
    "c5",
    "d5",
    "d6",
    "Nc3",
    "Bg7",
    "Nge2",
    "exd5",
    "cxd5",
    "a6",
    "a4",
    "O-O",
    "Ng3",
    "Nbd7",
    "Be2",
    "Ne8",
    "Bf4",
    "Rb8",
    "O-O",
    "c4",
    "Bxc4",
    "Qb6+",
    "Rf2",
    "Bd4",
    "Qd2",
    "Ne5",
    "Bf1",
    "Bxf2+",
    "Qxf2",
    "Qxf2+",
    "Kxf2",
    "Bd7",
    "Be3",
    "f5",
    "exf5",
    "gxf5",
    "Bd4",
    "Nf6",
    "Kg1",
    "Rbc8",
    "Ra3",
    "Nc4",
    "Rb3",
    "b5",
    "axb5",
    "Nd2",
    "Rb4",
    "Nxf1",
    "bxa6",
    "Nxg3",
    "hxg3",
    "Rb8",
    "Rxb8",
    "Rxb8",
    "Bxf6",
    "Ra8",
    "Nd1"
  ]
}