{
  "event": "Tata Steel Masters",
  "site": "Wijk aan Zee NED",
  "date": "2019.01.18",
  "dateMillis": 1547740800000,
  "eventDateMillis": null,
  "round": "6",
  "result": "1-0",
  "white": "Magnus Carlsen",
  "black": "Shakhriyar Mamedyarov",
  "isCarlsenWin": true,
  "isDraw": false,
  "isCarlsenBlack": false,
  "moves": [
    "Nf3",
    "d5",
    "d4",
    "Nf6",
    "c4",
    "dxc4",
    "e3",
    "e6",
    "Bxc4",
    "c5",
    "O-O",
    "a6",
    "b3",
    "b6",
    "dxc5",
    "Qxd1",
    "Rxd1",
    "Bxc5",
    "Bb2",
    "Nbd7",
    "Nbd2",
    "Bb7",
    "Be2",
    "O-O",
    "Nc4",
    "Rfd8",
    "Ne1",
    "Bd5",
    "Rac1",
    "Rac8",
    "Nd3",
    "Be7",
    "Nce5",
    "Bb7",
    "Nc4",
    "Bd5",
    "Nd2",
    "Bb7",
    "Kf1",
    "h6",
    "Bf3",
    "Nd5",
    "Nc4",
    "b5",
    "Na5",
    "Ba8",
    "a3",
    "g5",
    "h3",
    "f5",
    "b4",
    "Kf7",
    "Nb3",
    "Bf6",
    "Bxf6",
    "Kxf6",
    "Nbc5",
    "N5b6",
    "Be2",
    "Nc4",
    "a4",
    "Ndb6",
    "a5",
    "Nd5",
    "Nxa6",
    "Ndxe3+",
    "fxe3",
    "Nxe3+",
    "Kg1",
    "Nxd1",
    "Rxd1",
    "Rc2",
    "Bf3",
    "Be4",
    "Nac5",
    "Bxd3",
    "Rxd3",
    "Rxd3",
    "Nxd3",
    "e5",
    "Bb7",
    "e4",
    "Nc5",
    "Ke5",
    "a6",
    "Ra2",
    "Bc6",
    "h5",
    "Bxb5",
    "g4",
    "hxg4",
    "hxg4",
    "Bc4",
    "Ra1+",
    "Kh2",
    "f4",
    "b5",
    "f3",
    "b6",
    "Kf4",
    "Nxe4"
  ]
}