{
  "event": "Tata Steel Masters",
  "site": "Wijk aan Zee NED",
  "date": "2019.01.25",
  "dateMillis": 1548345600000,
  "eventDateMillis": null,
  "round": "11",
  "result": "1/2-1/2",
  "white": "Teimour Radjabov",
  "black": "Magnus Carlsen",
  "isCarlsenWin": false,
  "isDraw": true,
  "isCarlsenBlack": true,
  "moves": [
    "e4",
    "c5",
    "Nf3",
    "Nc6",
    "d4",
    "cxd4",
    "Nxd4",
    "Nf6",
    "Nc3",
    "e5",
    "Ndb5",
    "d6",
    "Bg5",
    "a6",
    "Na3",
    "b5",
    "Nd5",
    "Be7",
    "Bxf6",
    "Bxf6",
    "c3",
    "O-O",
    "Nc2",
    "Rb8",
    "Be2",
    "Bg5",
    "O-O",
    "Kh8",
    "a3",
    "Ne7",
    "Ncb4",
    "Nxd5",
    "Nxd5",
    "Be6",
    "Qd3",
    "Qc8",
    "Rad1",
    "a5",
    "Qg3",
    "h6",
    "h3",
    "Qc6",
    "Qd3",
    "Qd7",
    "Qg3",
    "Qc6",
    "Qd3",
    "Qd7",
    "Qg3"
  ]
}