{
  "event": "Tata Steel Masters",
  "site": "Wijk aan Zee NED",
  "date": "2019.01.22",
  "dateMillis": 1548086400000,
  "eventDateMillis": null,
  "round": "9",
  "result": "1/2-1/2",
  "white": "Samuel Shankland",
  "black": "Magnus Carlsen",
  "isCarlsenWin": false,
  "isDraw": true,
  "isCarlsenBlack": true,
  "moves": [
    "d4",
    "d5",
    "c4",
    "e6",
    "Nc3",
    "a6",
    "cxd5",
    "exd5",
    "Nf3",
    "h6",
    "Bf4",
    "Nf6",
    "e3",
    "Bd6",
    "Bxd6",
    "Qxd6",
    "Qc2",
    "O-O",
    "Bd3",
    "Re8",
    "h3",
    "Be6",
    "O-O",
    "Nbd7",
    "a4",
    "Rac8",
    "Rfc1",
    "c5",
    "dxc5",
    "Nxc5",
    "Nd4",
    "Bd7",
    "Qd1",
    "Rc7",
    "Bc2",
    "Rec8",
    "Nde2",
    "Ne6",
    "Bb3",
    "Bc6",
    "Nd4",
    "Qb4",
    "Nce2",
    "Bd7",
    "Rxc7",
    "Rxc7",
    "Qe1",
    "Qxe1+",
    "Rxe1",
    "Nc5",
    "Rc1",
    "a5",
    "Bc2",
    "Kf8",
    "b3",
    "Na6",
    "f3",
    "Nb4",
    "Kf2",
    "Ne8",
    "Ke1",
    "Nd6",
    "Bb1",
    "Rxc1+",
    "Nxc1",
    "Ke7",
    "Bd3",
    "Kf6",
    "h4",
    "b6",
    "Kd2",
    "Ke5",
    "g4",
    "g5",
    "hxg5",
    "hxg5",
    "Nce2",
    "Nxd3",
    "Kxd3",
    "Nb7"
  ]
}