{
  "event": "Tata Steel Masters",
  "site": "Wijk aan Zee NED",
  "date": "2019.01.20",
  "dateMillis": 1547913600000,
  "eventDateMillis": null,
  "round": "8",
  "result": "1-0",
  "white": "Magnus Carlsen",
  "black": "Richard Rapport",
  "isCarlsenWin": true,
  "isDraw": false,
  "isCarlsenBlack": false,
  "moves": [
    "e4",
    "c5",
    "Nf3",
    "e6",
    "d4",
    "cxd4",
    "Nxd4",
    "Nc6",
    "Nc3",
    "Qc7",
    "g3",
    "a6",
    "Bg2",
    "Nf6",
    "O-O",
    "d6",
    "Nxc6",
    "bxc6",
    "Na4",
    "Rb8",
    "c4",
    "c5",
    "b3",
    "Be7",
    "Bb2",
    "O-O",
    "Qe1",
    "Nd7",
    "Rd1",
    "Bb7",
    "Qc3",
    "Bf6",
    "Qd2",
    "Be7",
    "Qc3",
    "Bf6",
    "Qd2",
    "Be7",
    "f4",
    "e5",
    "Bc3",
    "Bc6",
    "Ba5",
    "Qb7",
    "Nc3",
    "exf4",
    "gxf4",
    "Rfe8",
    "e5",
    "Bxg2",
    "Qxg2",
    "dxe5",
    "Nd5",
    "e4",
    "Bc3",
    "f6",
    "Kh1",
    "Kh8",
    "Rg1",
    "Bf8",
    "Ne3",
    "Qc6",
    "Rd5",
    "Qe6",
    "Rh5",
    "Qf7",
    "Qh3",
    "g6",
    "Rh4",
    "Rb6",
    "f5",
    "Ne5",
    "Nd5",
    "Rd6",
    "fxg6",
    "Nxg6",
    "Bxf6+",
    "Rxf6",
    "Rxh7+"
  ]
}