{
  "event": "Carlsen-Svidler blitz match",
  "site": "chess24",
  "date": "2019.02.25",
  "dateMillis": 1551024000000,
  "eventDateMillis": null,
  "round": "5",
  "result": "1-0",
  "white": "Magnus Carlsen",
  "black": "Peter Svidler",
  "isCarlsenWin": true,
  "isDraw": false,
  "isCarlsenBlack": false,
  "moves": [
    "c4",
    "g6",
    "d4",
    "Bg7",
    "Nc3",
    "c5",
    "d5",
    "Bxc3+",
    "bxc3",
    "f5",
    "e4",
    "fxe4",
    "f3",
    "Nf6",
    "fxe4",
    "Qa5",
    "Nf3",
    "Nxe4",
    "Qc2",
    "O-O",
    "Bd3",
    "Qxc3+",
    "Qxc3",
    "Nxc3",
    "a4",
    "e6",
    "Bd2",
    "exd5",
    "Bxc3",
    "d4",
    "Bd2",
    "Nc6",
    "O-O",
    "d6",
    "Bh6",
    "Rf6",
    "Ng5",
    "Bf5",
    "Be4",
    "Ne5",
    "Bxb7",
    "Re8",
    "Bd5+",
    "Kh8",
    "Ne4",
    "Bxe4",
    "Rxf6",
    "Bxd5",
    "cxd5"
  ]
}