{
  "event": "Gashimov Memorial",
  "site": "Shamkir AZE",
  "date": "2019.03.31",
  "eventDate": "2019.03.31",
  "dateMillis": 1553961600000,
  "eventDateMillis": 1553961600000,
  "round": "1",
  "result": "1/2-1/2",
  "white": "Teimour Radjabov",
  "black": "Magnus Carlsen",
  "isCarlsenWin": false,
  "isDraw": true,
  "isCarlsenBlack": true,
  "moves": [
    "e4",
    "e5",
    "Nf3",
    "Nc6",
    "Bc4",
    "Nf6",
    "d3",
    "Be7",
    "O-O",
    "O-O",
    "h3",
    "d6",
    "a4",
    "a5",
    "Nbd2",
    "Nd7",
    "Re1",
    "Nb6",
    "Bb3",
    "Kh8",
    "c3",
    "f5",
    "exf5",
    "Bxf5",
    "Nf1",
    "Bg6",
    "Ng3",
    "Bf6",
    "Ne4",
    "d5",
    "Nxf6",
    "Qxf6",
    "Bg5",
    "Qf5",
    "Qd2",
    "Rae8",
    "Be3",
    "Bh5",
    "Bd1",
    "Qd7",
    "Bxb6",
    "cxb6",
    "Qg5",
    "Qf7",
    "Qh4",
    "Bg6",
    "Bb3",
    "Qd7",
    "Qg3",
    "d4",
    "Nxe5",
    "Nxe5",
    "Rxe5",
    "dxc3",
    "Rxe8",
    "Rxe8",
    "bxc3",
    "Qxd3",
    "Qxd3",
    "Bxd3",
    "Rd1",
    "Be4",
    "Rd6",
    "Bc6",
    "Bd5",
    "Bxd5",
    "Rxd5",
    "Re1+",
    "Kh2",
    "h6",
    "Rd7",
    "Rc1",
    "Rxb7",
    "Rxc3",
    "Rxb6",
    "Rc4",
    "Ra6",
    "Rxa4",
    "f4",
    "Rxf4",
    "Rxa5"
  ]
}