{
  "event": "Gashimov Memorial",
  "site": "Shamkir AZE",
  "date": "2019.04.07",
  "eventDate": "2019.03.31",
  "dateMillis": 1554566400000,
  "eventDateMillis": 1553961600000,
  "round": "7.3",
  "result": "1-0",
  "white": "Magnus Carlsen",
  "black": "Anish Giri",
  "isCarlsenWin": true,
  "isDraw": false,
  "isCarlsenBlack": false,
  "moves": [
    "c4",
    "e5",
    "Nc3",
    "Nf6",
    "Nf3",
    "Nc6",
    "g3",
    "d5",
    "cxd5",
    "Nxd5",
    "Bg2",
    "Bc5",
    "O-O",
    "O-O",
    "d3",
    "h6",
    "Nxd5",
    "Qxd5",
    "a3",
    "a5",
    "Bd2",
    "Qe6",
    "Rc1",
    "Qe7",
    "Bc3",
    "Nd4",
    "e3",
    "Nxf3+",
    "Qxf3",
    "Bd6",
    "Qh5",
    "c6",
    "f4",
    "exf4",
    "gxf4",
    "Qxe3+",
    "Kh1",
    "Rd8",
    "Rce1",
    "Qc5",
    "f5",
    "Bf8",
    "Be4",
    "Rd5",
    "Rf3",
    "b5",
    "Rg1",
    "Ra7",
    "Bf6",
    "g6",
    "Qh3",
    "Rd6",
    "Qh4",
    "Rxf6",
    "Qxf6",
    "Be7",
    "Qxc6",
    "Qxc6",
    "Bxc6",
    "Kg7",
    "fxg6",
    "fxg6",
    "d4",
    "a4",
    "d5",
    "b4",
    "Be8",
    "Bg5",
    "h4",
    "Bxh4",
    "Rxg6+",
    "Kh7",
    "Rc6",
    "Bg4",
    "Rf4",
    "Rg7"
  ]
}