{
  "event": "Gashimov Memorial",
  "site": "Shamkir AZE",
  "date": "2019.04.02",
  "eventDate": "2019.03.31",
  "dateMillis": 1554134400000,
  "eventDateMillis": 1553961600000,
  "round": "3",
  "result": "0-1",
  "white": "David Navara",
  "black": "Magnus Carlsen",
  "isCarlsenWin": true,
  "isDraw": false,
  "isCarlsenBlack": true,
  "moves": [
    "e4",
    "c5",
    "Nf3",
    "Nc6",
    "d4",
    "cxd4",
    "Nxd4",
    "Nf6",
    "Nc3",
    "e5",
    "Ndb5",
    "d6",
    "Nd5",
    "Nxd5",
    "exd5",
    "Nb8",
    "a4",
    "Be7",
    "Be2",
    "O-O",
    "O-O",
    "Nd7",
    "Kh1",
    "a6",
    "Na3",
    "a5",
    "f4",
    "f5",
    "Nc4",
    "b6",
    "Ra3",
    "exf4",
    "Bxf4",
    "Nc5",
    "Re3",
    "g5",
    "Rxe7",
    "gxf4",
    "Re6",
    "Nxe6",
    "dxe6",
    "Bxe6",
    "Rxf4",
    "Bxc4",
    "Bxc4+",
    "Kh8",
    "g4",
    "Qf6",
    "c3",
    "Qe5",
    "Qf1",
    "Rae8",
    "gxf5",
    "Rf6",
    "Qf2",
    "Qc5",
    "Kg2",
    "Qc6+",
    "Kh3",
    "Qc5",
    "Kg2",
    "Qxf2+",
    "Rxf2",
    "Re4",
    "Be6",
    "Rxa4",
    "Kf3",
    "Kg7",
    "Rd2",
    "Kh6",
    "Rxd6",
    "Kg5",
    "Rd8",
    "Rh6",
    "Rg8+",
    "Kf6",
    "Rb8",
    "Rxh2",
    "Rxb6",
    "Kg5",
    "f6",
    "Rf4+",
    "Kg3",
    "Rhf2",
    "Rb5+",
    "Kxf6",
    "Bg4",
    "a4",
    "c4",
    "Kg6",
    "c5",
    "a3",
    "bxa3",
    "h5",
    "Rb4",
    "Rf8",
    "Bd1",
    "Rd2",
    "Bf3",
    "Rd3",
    "Rf4",
    "h4+",
    "Kg4",
    "Rxf4+",
    "Kxf4",
    "Rxa3",
    "c6",
    "Rc3",
    "Bd5",
    "h3",
    "Ke5",
    "Rc5",
    "Kd6",
    "Rxd5+",
    "Kxd5",
    "h2"
  ]
}