{
  "event": "Gashimov Memorial",
  "site": "Shamkir AZE",
  "date": "2019.04.03",
  "eventDate": "2019.03.31",
  "dateMillis": 1554220800000,
  "eventDateMillis": 1553961600000,
  "round": "4",
  "result": "1/2-1/2",
  "white": "Veselin Topalov",
  "black": "Magnus Carlsen",
  "isCarlsenWin": false,
  "isDraw": true,
  "isCarlsenBlack": true,
  "moves": [
    "d4",
    "Nf6",
    "c4",
    "e6",
    "Nc3",
    "Bb4",
    "Nf3",
    "d5",
    "cxd5",
    "exd5",
    "Bg5",
    "h6",
    "Bh4",
    "O-O",
    "e3",
    "Bf5",
    "Ne5",
    "c5",
    "Bd3",
    "cxd4",
    "exd4",
    "Bxd3",
    "Qxd3",
    "Qd6",
    "Bxf6",
    "Qxf6",
    "O-O",
    "Bxc3",
    "Qxc3",
    "Re8",
    "Rac1",
    "Nc6",
    "Nxc6",
    "Qxc6",
    "Qxc6",
    "bxc6",
    "Rxc6",
    "Re2",
    "Ra6",
    "Rxb2",
    "g3",
    "Re8",
    "Rxa7",
    "Ree2",
    "Ra5",
    "Rxa2",
    "Rxd5",
    "Red2",
    "h4",
    "Ra4",
    "Kg2",
    "Raxd4",
    "Rxd4",
    "Rxd4",
    "Kf3",
    "h5",
    "Kg2",
    "g6",
    "Kf3",
    "Kg7",
    "Kg2",
    "Rd5",
    "Kf3",
    "Rf5+",
    "Kg2",
    "Rd5",
    "Kf3",
    "Rf5+",
    "Kg2",
    "Rd5",
    "Kf3"
  ]
}