{
  "event": "Gashimov Memorial",
  "site": "Shamkir AZE",
  "date": "2019.04.04",
  "eventDate": "2019.03.31",
  "dateMillis": 1554307200000,
  "eventDateMillis": 1553961600000,
  "round": "5",
  "result": "1/2-1/2",
  "white": "Magnus Carlsen",
  "black": "Shakhriyar Mamedyarov",
  "isCarlsenWin": false,
  "isDraw": true,
  "isCarlsenBlack": false,
  "moves": [
    "c4",
    "e6",
    "Nc3",
    "d5",
    "d4",
    "c5",
    "e3",
    "Nf6",
    "Nf3",
    "a6",
    "cxd5",
    "exd5",
    "g3",
    "Nc6",
    "Bg2",
    "c4",
    "Ne5",
    "Bb4",
    "Bd2",
    "O-O",
    "O-O",
    "Re8",
    "Nxc6",
    "bxc6",
    "b3",
    "a5",
    "Qc2",
    "cxb3",
    "axb3",
    "g6",
    "Rfc1",
    "Bf5",
    "Qd1",
    "Qd6",
    "Ra2",
    "h5",
    "Na4",
    "h4",
    "Nc5",
    "Kg7",
    "Bxb4",
    "axb4",
    "Rxa8",
    "Rxa8",
    "Ra1",
    "Rh8",
    "Qe1",
    "hxg3",
    "hxg3",
    "Ne4",
    "Nxe4",
    "Bxe4",
    "Bxe4",
    "dxe4",
    "Ra5",
    "Rh5",
    "Rxh5",
    "gxh5",
    "Kg2",
    "c5",
    "dxc5",
    "Qxc5",
    "Qd1",
    "Qc3",
    "Qd5",
    "Kf6",
    "Qd6+",
    "Kg7",
    "Qd5",
    "Kf6",
    "Qd6+",
    "Kg7",
    "Qd5",
    "Kf6"
  ]
}