{
  "event": "Gashimov Memorial",
  "site": "Shamkir AZE",
  "date": "2019.04.09",
  "eventDate": "2019.03.31",
  "dateMillis": 1554739200000,
  "eventDateMillis": 1553961600000,
  "round": "9",
  "result": "1-0",
  "white": "Magnus Carlsen",
  "black": "Alexander Grischuk",
  "isCarlsenWin": true,
  "isDraw": false,
  "isCarlsenBlack": false,
  "moves": [
    "e4",
    "e5",
    "Nf3",
    "Nc6",
    "Bb5",
    "Nf6",
    "d3",
    "Bc5",
    "c3",
    "O-O",
    "O-O",
    "d6",
    "Ba4",
    "Ne7",
    "Bc2",
    "Ng6",
    "d4",
    "Bb6",
    "a4",
    "c6",
    "dxe5",
    "Nxe5",
    "Nxe5",
    "dxe5",
    "Qxd8",
    "Rxd8",
    "a5",
    "Bc5",
    "Nd2",
    "Be6",
    "Re1",
    "b5",
    "Nb3",
    "Bxb3",
    "Bxb3",
    "Ng4",
    "Re2",
    "Rd6",
    "Bg5",
    "Kf8",
    "Rf1",
    "Nf6",
    "g3",
    "a6",
    "Kg2",
    "Nd7",
    "Bc1",
    "Ba7",
    "f4",
    "f6",
    "h4",
    "Re8",
    "h5",
    "h6",
    "Ba2",
    "c5",
    "Be3",
    "exf4",
    "gxf4",
    "Rxe4",
    "Bb1",
    "Re7",
    "Rfe1",
    "f5",
    "Bxf5",
    "Nf6",
    "Kf3",
    "Nd5",
    "Rd2",
    "Rd8",
    "Be4",
    "Red7",
    "Red1",
    "Nf6",
    "Rxd7",
    "Nxd7",
    "Rd6"
  ]
}