{
  "event": "Gashimov Memorial",
  "site": "Shamkir AZE",
  "date": "2019.04.08",
  "eventDate": "2019.03.31",
  "dateMillis": 1554652800000,
  "eventDateMillis": 1553961600000,
  "round": "8",
  "result": "0-1",
  "white": "Sergey Karjakin",
  "black": "Magnus Carlsen",
  "isCarlsenWin": true,
  "isDraw": false,
  "isCarlsenBlack": true,
  "moves": [
    "e4",
    "c5",
    "Nf3",
    "Nc6",
    "d4",
    "cxd4",
    "Nxd4",
    "Nf6",
    "Nc3",
    "e5",
    "Ndb5",
    "d6",
    "Nd5",
    "Nxd5",
    "exd5",
    "Ne7",
    "c4",
    "Ng6",
    "Qa4",
    "Bd7",
    "Qb4",
    "Bf5",
    "Qa4",
    "Bd7",
    "Qb4",
    "Bf5",
    "h4",
    "h5",
    "Bg5",
    "Qb8",
    "Be2",
    "a6",
    "Nc3",
    "Qc7",
    "g3",
    "Be7",
    "Be3",
    "e4",
    "O-O",
    "O-O",
    "Bxh5",
    "Ne5",
    "Be2",
    "Qd7",
    "Qa4",
    "Qc8",
    "c5",
    "dxc5",
    "Nxe4",
    "c4",
    "Nc3",
    "b5",
    "Qd1",
    "b4",
    "Na4",
    "Be4",
    "Qd4",
    "Qf5",
    "f4",
    "Qg6",
    "Bf2",
    "Nd3",
    "h5",
    "Qf5",
    "Bg4",
    "Qxg4",
    "Qxe4",
    "Bd6",
    "Qg2",
    "Rae8",
    "Bd4",
    "Qxh5",
    "Qf3",
    "Qg6",
    "Kh1",
    "Re4",
    "Bf2",
    "Rfe8"
  ]
}