{
  "event": "Gashimov Memorial",
  "site": "Shamkir AZE",
  "date": "2019.04.01",
  "eventDate": "2019.03.31",
  "dateMillis": 1554048000000,
  "eventDateMillis": 1553961600000,
  "round": "2",
  "result": "1-0",
  "white": "Magnus Carlsen",
  "black": "Viswanathan Anand",
  "isCarlsenWin": true,
  "isDraw": false,
  "isCarlsenBlack": false,
  "moves": [
    "d4",
    "Nf6",
    "c4",
    "e6",
    "Nf3",
    "d5",
    "Nc3",
    "Be7",
    "Bf4",
    "O-O",
    "e3",
    "c5",
    "dxc5",
    "Bxc5",
    "Qc2",
    "Nc6",
    "a3",
    "Qa5",
    "Rd1",
    "Rd8",
    "Be2",
    "Ne4",
    "cxd5",
    "Nxc3",
    "bxc3",
    "exd5",
    "O-O",
    "h6",
    "a4",
    "Bd6",
    "Bxd6",
    "Rxd6",
    "c4",
    "Be6",
    "c5",
    "Rdd8",
    "Rb1",
    "Qc7",
    "Qb2",
    "Rab8",
    "Nd4",
    "Nxd4",
    "Qxd4",
    "b6",
    "cxb6",
    "Rxb6",
    "h3",
    "Rc8",
    "Rfd1",
    "Qc3",
    "Qxc3",
    "Rxc3",
    "a5",
    "Rxb1",
    "Rxb1",
    "Rc5",
    "a6",
    "g6",
    "Rb7",
    "Rc1+",
    "Kh2",
    "Rc2",
    "Bb5",
    "Rb2",
    "Kg3",
    "Bc8",
    "Rb8",
    "Kg7",
    "Rxc8",
    "Rxb5",
    "Rc7",
    "Ra5",
    "Rxa7",
    "Kf6",
    "Ra8",
    "Ra3",
    "Kh2",
    "h5",
    "a7",
    "Ra2",
    "h4",
    "Kf5",
    "f3",
    "Ra1",
    "g3"
  ]
}