{
  "event": "Gashimov Memorial",
  "site": "Shamkir AZE",
  "date": "2019.04.06",
  "eventDate": "2019.03.30",
  "dateMillis": 1554480000000,
  "eventDateMillis": 1553875200000,
  "round": "6",
  "result": "1/2-1/2",
  "white": "Ding Liren",
  "black": "Magnus Carlsen",
  "isCarlsenWin": false,
  "isDraw": true,
  "isCarlsenBlack": true,
  "moves": [
    "d4",
    "Nf6",
    "c4",
    "g6",
    "g3",
    "c6",
    "Bg2",
    "d5",
    "cxd5",
    "cxd5",
    "Nf3",
    "Bg7",
    "Ne5",
    "O-O",
    "Nc3",
    "Bf5",
    "O-O",
    "Ne4",
    "Bf4",
    "Nxc3",
    "bxc3",
    "Nc6",
    "Nxc6",
    "bxc6",
    "Qa4",
    "e6",
    "Qxc6",
    "Rc8",
    "Qa4",
    "Rxc3",
    "Rfc1",
    "Rxc1+",
    "Rxc1",
    "Qb6",
    "e3",
    "Qb2",
    "Qd1",
    "h5",
    "a4",
    "Bg4",
    "Qe1",
    "Be2",
    "Bf1",
    "Bxf1",
    "Kxf1",
    "Re8",
    "Qc3",
    "Qxc3",
    "Rxc3",
    "e5",
    "dxe5",
    "Bxe5",
    "Rd3",
    "Bxf4",
    "gxf4",
    "Rd8",
    "a5",
    "Kf8",
    "Ke2",
    "Ke7",
    "Rb3",
    "Kd6",
    "Kd3",
    "Rd7",
    "h4",
    "Rc7",
    "Rb8",
    "Rc5",
    "Rb7",
    "Rxa5",
    "Rxf7",
    "Ra3+",
    "Kd4",
    "Ra4+",
    "Kd3",
    "Ra3+",
    "Kd4",
    "Ra4+"
  ]
}