{
  "event": "GRENKE Chess Classic",
  "site": "Karlsruhe GER",
  "date": "2019.04.20",
  "eventDate": "2019.04.20",
  "dateMillis": 1555689600000,
  "eventDateMillis": 1555689600000,
  "round": "1",
  "result": "0-1",
  "white": "Vincent Keymer",
  "black": "Magnus Carlsen",
  "isCarlsenWin": true,
  "isDraw": false,
  "isCarlsenBlack": true,
  "moves": [
    "d4",
    "Nf6",
    "c4",
    "c5",
    "d5",
    "g6",
    "Nc3",
    "d6",
    "e4",
    "Bg7",
    "Nf3",
    "O-O",
    "Be2",
    "e5",
    "O-O",
    "Ne8",
    "Ne1",
    "f5",
    "exf5",
    "gxf5",
    "f4",
    "Nd7",
    "Nd3",
    "e4",
    "Nf2",
    "Bxc3",
    "bxc3",
    "Ndf6",
    "Be3",
    "Ng7",
    "Qe1",
    "Bd7",
    "Nd1",
    "Ba4",
    "h3",
    "Bxd1",
    "Qxd1",
    "Qe8",
    "Kf2",
    "Qg6",
    "Rg1",
    "Kh8",
    "a4",
    "Rg8",
    "Qf1",
    "Nfh5",
    "g3",
    "Raf8",
    "Qg2",
    "Qf6",
    "Rac1",
    "Qd8",
    "Qh2",
    "Nf6",
    "g4",
    "Nd7",
    "g5",
    "Qa5",
    "g6",
    "h6",
    "Rb1",
    "Rb8",
    "Qg3",
    "Qd8",
    "Ke1",
    "Ne8",
    "Kd2",
    "Nf8",
    "Bf2",
    "Qe7",
    "Ke3",
    "Qf6",
    "Kd2",
    "Nxg6",
    "h4",
    "Ne7",
    "Qh3",
    "Rxg1",
    "Rxg1",
    "Qf7",
    "h5",
    "Nf6",
    "Bh4",
    "b6",
    "Rb1",
    "Qf8",
    "Rg1",
    "Qf7",
    "Rb1",
    "Qg7",
    "Rg1",
    "Qf8",
    "Kc2",
    "Nfg8",
    "Kd2",
    "Qf7",
    "Kc2",
    "Rf8",
    "Kd2",
    "Qe8",
    "Ra1",
    "Rf7",
    "a5",
    "bxa5",
    "Rxa5",
    "Nc8",
    "Ra1",
    "Qf8",
    "Rb1",
    "Nb6",
    "Rg1",
    "Rg7",
    "Rxg7",
    "Kxg7",
    "Qg3+",
    "Kh8",
    "Qg6",
    "a5",
    "Bf1",
    "a4",
    "Kc2",
    "a3",
    "Kb3",
    "Na4",
    "Bh3",
    "Qg7",
    "Qxg7+",
    "Kxg7",
    "Bxf5",
    "Nf6",
    "Kxa3",
    "Nxc3",
    "Bf2",
    "Ne2",
    "Ka4",
    "Nxh5",
    "Ka5",
    "Nf6",
    "Kb6",
    "Kf7",
    "Kc7",
    "Ke7",
    "Be3",
    "Nd4",
    "Bg6",
    "h5",
    "Bf2",
    "Nf3",
    "Bf5",
    "Nd2",
    "Bh4",
    "e3",
    "Bd3",
    "Nf3",
    "Bxf6+",
    "Kxf6",
    "Kxd6",
    "h4",
    "Kc7",
    "Nd4",
    "Kc8",
    "e2"
  ]
}