{
  "event": "GRENKE Chess Classic",
  "site": "Karlsruhe GER",
  "date": "2019.04.24",
  "eventDate": "2019.04.20",
  "dateMillis": 1556035200000,
  "eventDateMillis": 1555689600000,
  "round": "5",
  "result": "1/2-1/2",
  "white": "Magnus Carlsen",
  "black": "Arkadij Naiditsch",
  "isCarlsenWin": false,
  "isDraw": true,
  "isCarlsenBlack": false,
  "moves": [
    "c4",
    "e5",
    "Nc3",
    "Nf6",
    "Nf3",
    "Nc6",
    "g3",
    "Bb4",
    "Nd5",
    "a5",
    "Bg2",
    "O-O",
    "O-O",
    "Re8",
    "d3",
    "Nxd5",
    "cxd5",
    "Nd4",
    "Nxd4",
    "exd4",
    "e4",
    "c6",
    "Bf4",
    "cxd5",
    "a3",
    "Bc5",
    "b4",
    "Bf8",
    "exd5",
    "d6",
    "bxa5",
    "Qxa5",
    "Bd2",
    "Qa6",
    "Qf3",
    "g6",
    "Bb4",
    "Bf5",
    "Rad1",
    "Re5",
    "g4",
    "Bd7",
    "Qf4",
    "h5",
    "h3",
    "hxg4",
    "hxg4",
    "Qb6",
    "Bf3",
    "Ba4",
    "Rc1",
    "Bg7",
    "Kg2",
    "Bb3",
    "Rh1",
    "Bxd5",
    "Bxd5",
    "Rxd5",
    "Rh3",
    "Qd8",
    "Qf3",
    "Rb5",
    "Qg3",
    "Qg5",
    "Rc7",
    "Rd8",
    "Rh1",
    "Qd5+",
    "Qf3",
    "Qxf3+",
    "Kxf3",
    "d5",
    "Rhc1",
    "Be5",
    "Rc8",
    "Rxc8",
    "Rxc8+",
    "Kg7",
    "g5",
    "f6",
    "Re8",
    "Rb6",
    "Re7+",
    "Kg8",
    "Kg4",
    "f5+",
    "Kf3",
    "Bh2",
    "Rd7",
    "Rb5",
    "Bd6",
    "Bxd6",
    "Rxd6",
    "Rb3",
    "Rxg6+",
    "Kh7",
    "Rh6+",
    "Kg7",
    "Kf4",
    "Rxd3",
    "a4",
    "Rc3",
    "Rd6",
    "Rc5",
    "Rd7+",
    "Kg6",
    "Rxb7",
    "Rc6",
    "a5",
    "d3",
    "Ke3",
    "Rc5",
    "f4",
    "d2",
    "Kxd2",
    "Rxa5",
    "Rd7",
    "Kh5",
    "Ke3"
  ]
}