{
  "event": "GRENKE Chess Classic",
  "site": "Karlsruhe GER",
  "date": "2019.04.22",
  "eventDate": "2019.04.20",
  "dateMillis": 1555862400000,
  "eventDateMillis": 1555689600000,
  "round": "3",
  "result": "1/2-1/2",
  "white": "Magnus Carlsen",
  "black": "Viswanathan Anand",
  "isCarlsenWin": false,
  "isDraw": true,
  "isCarlsenBlack": false,
  "moves": [
    "c4",
    "e5",
    "g3",
    "Nf6",
    "Nc3",
    "Bb4",
    "e4",
    "Bxc3",
    "dxc3",
    "d6",
    "f3",
    "a5",
    "Nh3",
    "a4",
    "Nf2",
    "Be6",
    "Bd3",
    "Nbd7",
    "Qe2",
    "c6",
    "f4",
    "Nb6",
    "Be3",
    "c5",
    "O-O-O",
    "Qe7",
    "f5",
    "Bd7",
    "g4",
    "h6",
    "h4",
    "O-O-O",
    "g5",
    "Ne8",
    "Bd2",
    "hxg5",
    "hxg5",
    "Nc7",
    "Ng4",
    "Rdg8",
    "Rh2",
    "Qf8",
    "Rdh1",
    "Kb8",
    "b4",
    "axb3",
    "axb3",
    "Nc8",
    "Kb2",
    "Qd8",
    "Rh7",
    "Rxh7",
    "Rxh7",
    "Rh8",
    "Qh2",
    "Rxh7",
    "Qxh7",
    "Qf8",
    "Ne3",
    "Ne7",
    "Kc2",
    "Qg8",
    "Qh4",
    "Qf8",
    "Kd1",
    "Nc6",
    "Qh7",
    "Ne7",
    "Ke2",
    "Nc8",
    "Kf2",
    "Ne7",
    "Be2",
    "Qg8",
    "Qh1",
    "g6",
    "Qh6",
    "Ne8",
    "f6",
    "Nc6",
    "b4",
    "Nc7",
    "bxc5",
    "dxc5",
    "Nd5",
    "Ne6",
    "Be3",
    "Ka7",
    "Bg4",
    "b6",
    "Nc7",
    "Qc8",
    "Nb5+",
    "Kb8",
    "Nd6",
    "Qg8",
    "Qh1",
    "Qf8",
    "Qd1",
    "Ncd8",
    "Nb5",
    "Bc6",
    "Kg1",
    "Nc7",
    "Bf2",
    "Nb7",
    "Bg3",
    "Bxb5",
    "cxb5",
    "Qd6",
    "Qe2",
    "Ne6",
    "Bxe6",
    "Qxe6",
    "Qh2",
    "Qg4",
    "Kf2",
    "Qxe4",
    "Bxe5+",
    "Kc8",
    "Qh3+",
    "Kd8",
    "Qh8+",
    "Kd7",
    "Qh3+",
    "Kd8"
  ]
}