{
  "event": "GRENKE Chess Classic",
  "site": "Karlsruhe GER",
  "date": "2019.04.23",
  "eventDate": "2019.04.20",
  "dateMillis": 1555948800000,
  "eventDateMillis": 1555689600000,
  "round": "4",
  "result": "1/2-1/2",
  "white": "Fabiano Caruana",
  "black": "Magnus Carlsen",
  "isCarlsenWin": false,
  "isDraw": true,
  "isCarlsenBlack": true,
  "moves": [
    "e4",
    "c5",
    "Nf3",
    "Nc6",
    "d4",
    "cxd4",
    "Nxd4",
    "Nf6",
    "Nc3",
    "e5",
    "Ndb5",
    "d6",
    "Nd5",
    "Nxd5",
    "exd5",
    "Ne7",
    "c4",
    "Ng6",
    "Qa4",
    "Bd7",
    "Qb4",
    "Bf5",
    "h4",
    "h5",
    "Bg5",
    "Qb8",
    "Qa4",
    "Bd7",
    "Qc2",
    "Bxb5",
    "cxb5",
    "Be7",
    "Bd3",
    "Nf8",
    "b6",
    "Nd7",
    "bxa7",
    "Qxa7",
    "O-O",
    "Bxg5",
    "hxg5",
    "O-O",
    "Bf5",
    "Rad8",
    "b4",
    "Qd4",
    "Qc7",
    "Nb6",
    "Rad1",
    "Qf4",
    "Bh3",
    "Na4",
    "g6",
    "fxg6",
    "Qc2",
    "b5",
    "Qxg6",
    "Rf6",
    "Qxh5",
    "g6",
    "Qg4",
    "Qxg4",
    "Bxg4",
    "Rf4",
    "Be6+",
    "Kg7",
    "Rc1",
    "Rxb4",
    "Rc7+",
    "Kh6",
    "g3",
    "Nc5",
    "f4",
    "exf4",
    "Rxf4",
    "Rxf4",
    "gxf4",
    "Ra8",
    "Rc6",
    "Ne4",
    "Bh3",
    "Rxa2",
    "Bg2",
    "Ng3",
    "Rxd6",
    "Ne2+",
    "Kf1",
    "Nxf4",
    "Be4",
    "Ra4",
    "Bxg6",
    "Nxg6",
    "Rb6",
    "Rf4+",
    "Ke1",
    "b4",
    "d6",
    "Rd4",
    "d7",
    "Rxd7",
    "Rxb4",
    "Kg5",
    "Ke2",
    "Re7+",
    "Kd2",
    "Kf5",
    "Rb5+",
    "Ne5",
    "Rb4",
    "Rd7+",
    "Ke2",
    "Nd3",
    "Ra4",
    "Nf4+",
    "Ke1",
    "Kg4",
    "Ra3",
    "Rd8",
    "Rc3",
    "Rh8",
    "Ra3",
    "Rh2",
    "Kd1",
    "Kf5",
    "Re3",
    "Nd5",
    "Re8",
    "Kf4",
    "Kc1",
    "Nc3",
    "Re7",
    "Ne4",
    "Re8",
    "Ke3",
    "Re7",
    "Rh6",
    "Rc7",
    "Kd3",
    "Rd7+",
    "Rd6",
    "Rxd6+",
    "Nxd6"
  ]
}