{
  "event": "GRENKE Chess Classic",
  "site": "Karlsruhe GER",
  "date": "2019.04.21",
  "eventDate": "2019.04.20",
  "dateMillis": 1555776000000,
  "eventDateMillis": 1555689600000,
  "round": "2",
  "result": "0-1",
  "white": "Francisco Vallejo Pons",
  "black": "Magnus Carlsen",
  "isCarlsenWin": true,
  "isDraw": false,
  "isCarlsenBlack": true,
  "moves": [
    "e4",
    "e5",
    "Nf3",
    "Nc6",
    "Bb5",
    "a6",
    "Ba4",
    "Nf6",
    "O-O",
    "Bc5",
    "c3",
    "O-O",
    "d4",
    "Ba7",
    "dxe5",
    "Nxe4",
    "Bc2",
    "d5",
    "exd6",
    "Nxd6",
    "Bg5",
    "f6",
    "Bf4",
    "g5",
    "Bxd6",
    "Qxd6",
    "Qxd6",
    "cxd6",
    "Nbd2",
    "g4",
    "Nh4",
    "d5",
    "Nf5",
    "d4",
    "Nc4",
    "Bxf5",
    "Bxf5",
    "h5",
    "Rad1",
    "Rfd8",
    "a4",
    "Ne7",
    "Be6+",
    "Kg7",
    "Rfe1",
    "f5",
    "Na5",
    "Rab8",
    "Kf1",
    "Kf6",
    "Bb3",
    "Ng6",
    "Re6+",
    "Kg5",
    "g3",
    "dxc3",
    "bxc3",
    "Rxd1+",
    "Bxd1",
    "Rd8",
    "f4+",
    "gxf3",
    "Bxf3",
    "h4",
    "Nc4",
    "hxg3",
    "hxg3",
    "Bb8",
    "Kg2",
    "b5",
    "axb5",
    "axb5",
    "Ne3",
    "Rd2+",
    "Kh3",
    "Rd3",
    "Be2",
    "Rxc3",
    "Bxb5",
    "f4",
    "Be8",
    "Nf8",
    "Rb6",
    "Be5",
    "Nf1",
    "fxg3",
    "Rc6",
    "Ra3",
    "Rb6",
    "Ra2",
    "Rb4",
    "Ne6",
    "Rg4+",
    "Kf6",
    "Bc6",
    "g2",
    "Bxg2",
    "Nf4+",
    "Rxf4+",
    "Bxf4",
    "Bf3",
    "Bb8",
    "Ng3",
    "Kg5",
    "Ne2",
    "Bc7",
    "Kg2",
    "Kh4",
    "Kf2",
    "Bb6+",
    "Ke1",
    "Be3",
    "Kd1",
    "Kg5",
    "Be4",
    "Kf6",
    "Bf3",
    "Ke5",
    "Bg2",
    "Kd6",
    "Be4",
    "Kc5",
    "Bf5",
    "Rd2+",
    "Ke1",
    "Rd8",
    "Be4",
    "Kc4",
    "Kf1",
    "Rf8+",
    "Ke1",
    "Bf2+",
    "Kd2",
    "Rd8+",
    "Kc2",
    "Be3",
    "Bf3",
    "Rd2+",
    "Kb1",
    "Kb3",
    "Nc1+",
    "Ka3",
    "Ne2",
    "Rb2+",
    "Ka1",
    "Rb8"
  ]
}