{
  "event": "GRENKE Chess Classic",
  "site": "Baden-Baden GER",
  "date": "2019.04.28",
  "eventDate": "2019.04.20",
  "dateMillis": 1556380800000,
  "eventDateMillis": 1555689600000,
  "round": "8",
  "result": "0-1",
  "white": "Peter Svidler",
  "black": "Magnus Carlsen",
  "isCarlsenWin": true,
  "isDraw": false,
  "isCarlsenBlack": true,
  "moves": [
    "e4",
    "c5",
    "Nf3",
    "Nc6",
    "Nc3",
    "e5",
    "Bc4",
    "Be7",
    "d3",
    "d6",
    "Nd2",
    "Nf6",
    "Nf1",
    "Nd7",
    "Nd5",
    "Nb6",
    "Nxb6",
    "axb6",
    "c3",
    "O-O",
    "Ne3",
    "Bg5",
    "O-O",
    "Kh8",
    "a3",
    "f5",
    "Nxf5",
    "Bxc1",
    "Rxc1",
    "Bxf5",
    "exf5",
    "d5",
    "Ba2",
    "Rxf5",
    "Qg4",
    "Rf6",
    "f4",
    "exf4",
    "Qg5",
    "Qf8",
    "Qxd5",
    "Rd8",
    "Qf3",
    "Ne5",
    "Qe4",
    "Ng4",
    "Rce1",
    "Ne3",
    "Rf2",
    "Re8",
    "Qxb7",
    "g5",
    "Rfe2",
    "g4",
    "Rf2",
    "Qh6",
    "Qc7",
    "Ref8",
    "h3",
    "gxh3",
    "g3",
    "fxg3",
    "Rxf6",
    "h2+",
    "Kh1",
    "g2#"
  ]
}