{
  "event": "GRENKE Chess Classic",
  "site": "Baden-Baden GER",
  "date": "2019.04.26",
  "eventDate": "2019.04.20",
  "dateMillis": 1556208000000,
  "eventDateMillis": 1555689600000,
  "round": "6",
  "result": "0-1",
  "white": "Georg Meier",
  "black": "Magnus Carlsen",
  "isCarlsenWin": true,
  "isDraw": false,
  "isCarlsenBlack": true,
  "moves": [
    "Nf3",
    "Nf6",
    "g3",
    "g6",
    "Bg2",
    "Bg7",
    "O-O",
    "O-O",
    "d4",
    "d6",
    "b3",
    "b5",
    "Bb2",
    "Bb7",
    "Nbd2",
    "Nbd7",
    "c4",
    "bxc4",
    "Nxc4",
    "a5",
    "Rc1",
    "c5",
    "dxc5",
    "Nxc5",
    "Bd4",
    "Ncd7",
    "a4",
    "Ra6",
    "Na3",
    "Qa8",
    "Nb5",
    "Rc6",
    "Rxc6",
    "Bxc6",
    "Ne1",
    "Bxg2",
    "Nxg2",
    "Rc8",
    "Na7",
    "Rd8",
    "Qc2",
    "e5",
    "Be3",
    "d5",
    "Nc6",
    "Re8",
    "Bd2",
    "Ne4",
    "Nxa5",
    "Rc8",
    "Qa2",
    "Ndf6",
    "Be1",
    "Nc3",
    "Bxc3",
    "Rxc3",
    "b4",
    "Bf8",
    "Qb2",
    "d4",
    "e3",
    "Ne4",
    "exd4",
    "exd4",
    "Nb3",
    "d3",
    "Rc1",
    "Rxc1+",
    "Qxc1",
    "Qxa4",
    "Qc4",
    "Nc5",
    "Nd2",
    "Qa1+",
    "Nf1",
    "d2",
    "Ne3",
    "Ne6",
    "Qb3",
    "Qe1",
    "Kg2",
    "Bxb4",
    "Qb2",
    "h5",
    "h4",
    "Ba5",
    "Qb8+",
    "Nf8",
    "Qa8",
    "Bc3",
    "Qc6",
    "Qc1",
    "Qd5",
    "Ne6",
    "Qc4",
    "Ba5",
    "Qd5",
    "Bb4",
    "Qb5",
    "Qc3",
    "Qd5",
    "Qc1",
    "Qb5",
    "Bc3",
    "Qa4",
    "Bd4",
    "Nd1",
    "Kg7",
    "Kf3",
    "Bf6",
    "Ke2",
    "Nd4+",
    "Kd3",
    "Qb1+",
    "Kxd2",
    "Qe4"
  ]
}