{
  "event": "GRENKE Chess Classic",
  "site": "Baden-Baden GER",
  "date": "2019.04.27",
  "eventDate": "2019.04.20",
  "dateMillis": 1556294400000,
  "eventDateMillis": 1555689600000,
  "round": "7",
  "result": "1-0",
  "white": "Magnus Carlsen",
  "black": "Levon Aronian",
  "isCarlsenWin": true,
  "isDraw": false,
  "isCarlsenBlack": false,
  "moves": [
    "d4",
    "Nf6",
    "c4",
    "e6",
    "Nf3",
    "d5",
    "Nc3",
    "dxc4",
    "e4",
    "Bb4",
    "Bg5",
    "c5",
    "Bxc4",
    "cxd4",
    "Nxd4",
    "Bxc3+",
    "bxc3",
    "Qa5",
    "Bd2",
    "O-O",
    "Qe2",
    "e5",
    "Nb3",
    "Qc7",
    "O-O",
    "Bg4",
    "f3",
    "Rc8",
    "Bd5",
    "Nxd5",
    "exd5",
    "Bh5",
    "c4",
    "Nd7",
    "Rfc1",
    "b6",
    "a4",
    "a5",
    "Qf2",
    "Qd6",
    "Be3",
    "Bg6",
    "Qd2",
    "f6",
    "Qb2",
    "Rc7",
    "Nd2",
    "Nc5",
    "Qa3",
    "Rd8",
    "Rc3",
    "f5",
    "Re1",
    "e4",
    "fxe4",
    "fxe4",
    "Bxc5",
    "Rxc5",
    "Nxe4",
    "Qe5",
    "Rce3",
    "Rcc8",
    "h3",
    "Qc7",
    "Nd2",
    "Re8",
    "Re7",
    "Rxe7",
    "Rxe7",
    "Qd8",
    "Qe3",
    "Rc7",
    "Re6",
    "Rc5",
    "Qb3"
  ]
}