{
  "event": "Grand Chess Tour Cote d�Ivoire (Rapid & Blitz)",
  "site": "Abidjan CIV",
  "date": "2019.05.09",
  "eventDate": "2019.05.08",
  "dateMillis": 1557331200000,
  "eventDateMillis": 1557244800000,
  "round": "4",
  "result": "0-1",
  "white": "Sergey Karjakin",
  "black": "Magnus Carlsen",
  "isCarlsenWin": true,
  "isDraw": false,
  "isCarlsenBlack": true,
  "moves": [
    "e4",
    "c5",
    "Nf3",
    "Nc6",
    "Nc3",
    "e5",
    "Bc4",
    "Be7",
    "d3",
    "d6",
    "Nd2",
    "Nf6",
    "Nf1",
    "Nd7",
    "a3",
    "Nb6",
    "Ba2",
    "O-O",
    "Ne3",
    "Be6",
    "Ncd5",
    "Bg5",
    "O-O",
    "Bxe3",
    "fxe3",
    "Ne7",
    "c4",
    "f5",
    "Bd2",
    "Bxd5",
    "exd5",
    "Nd7",
    "b4",
    "b6",
    "Bb3",
    "Ng6",
    "Ba4",
    "Qe7",
    "Bc6",
    "Rad8",
    "Qa4",
    "Nf6",
    "bxc5",
    "bxc5",
    "Rxf5",
    "e4",
    "Qc2",
    "Ng4",
    "Raf1",
    "Rxf5",
    "Rxf5",
    "Qh4",
    "h3",
    "Nxe3",
    "Bxe3",
    "Qe1+",
    "Kh2",
    "Qxe3",
    "dxe4",
    "Nf4",
    "Qb2",
    "Qxe4",
    "Bd7",
    "g6",
    "Rf6",
    "Nd3",
    "Qc3",
    "Rxd7",
    "Re6",
    "Qf4+"
  ]
}