{
  "event": "Grand Chess Tour Cote d�Ivoire (Rapid & Blitz)",
  "site": "Abidjan CIV",
  "date": "2019.05.09",
  "eventDate": "2019.05.08",
  "dateMillis": 1557331200000,
  "eventDateMillis": 1557244800000,
  "round": "6",
  "result": "1/2-1/2",
  "white": "Magnus Carlsen",
  "black": "Veselin Topalov",
  "isCarlsenWin": false,
  "isDraw": true,
  "isCarlsenBlack": false,
  "moves": [
    "e4",
    "e5",
    "Nf3",
    "Nc6",
    "Nc3",
    "Nf6",
    "d4",
    "exd4",
    "Nxd4",
    "Bb4",
    "Nxc6",
    "bxc6",
    "Bd3",
    "O-O",
    "O-O",
    "d5",
    "exd5",
    "cxd5",
    "Bg5",
    "c6",
    "Qf3",
    "h6",
    "Bf4",
    "g5",
    "Be5",
    "Ng4",
    "Bd4",
    "Qd6",
    "Qg3",
    "Qxg3",
    "hxg3",
    "f6",
    "Na4",
    "Re8",
    "f4",
    "Kf7",
    "Nc5",
    "a5",
    "Rf3",
    "Bxc5",
    "Bxc5",
    "Ba6",
    "Bf5",
    "Bc8",
    "Bd3",
    "Ba6",
    "Bf5",
    "Bc8",
    "Bxg4",
    "Bxg4",
    "Rf2",
    "a4",
    "Raf1",
    "f5",
    "Rd2",
    "Re4",
    "b3",
    "Kg6",
    "Bd4",
    "Be2",
    "Rc1",
    "gxf4",
    "gxf4",
    "Rxf4",
    "Rxe2",
    "Rxd4",
    "Re6+",
    "Kg5",
    "Rxc6",
    "axb3",
    "axb3",
    "Rd2",
    "Rf1",
    "Ra2",
    "Rf2",
    "Ra1+",
    "Rf1",
    "Ra2",
    "Rf2",
    "Ra1+",
    "Rf1"
  ]
}