{
  "event": "Grand Chess Tour Cote d�Ivoire (Rapid & Blitz)",
  "site": "Abidjan CIV",
  "date": "2019.05.08",
  "eventDate": "2019.05.08",
  "dateMillis": 1557244800000,
  "eventDateMillis": 1557244800000,
  "round": "1.1",
  "result": "1-0",
  "white": "Magnus Carlsen",
  "black": "Wesley So",
  "isCarlsenWin": true,
  "isDraw": false,
  "isCarlsenBlack": false,
  "moves": [
    "c4",
    "e6",
    "Nc3",
    "d5",
    "d4",
    "Nf6",
    "cxd5",
    "Nxd5",
    "e4",
    "Nxc3",
    "bxc3",
    "c5",
    "Rb1",
    "Be7",
    "Nf3",
    "O-O",
    "Be2",
    "b6",
    "O-O",
    "Bb7",
    "Qd3",
    "Nd7",
    "Re1",
    "Rc8",
    "Bf4",
    "Nf6",
    "Bd1",
    "Nh5",
    "Bd2",
    "Qc7",
    "Ng5",
    "Nf4",
    "Qg3",
    "Ng6",
    "Qg4",
    "Bxg5",
    "Bxg5",
    "cxd4",
    "cxd4",
    "Qc3",
    "Bb3",
    "Qxd4",
    "Rbd1",
    "Qe5",
    "h4",
    "h6",
    "Bc1",
    "h5",
    "Qg5",
    "Qxg5",
    "Bxg5",
    "Rc7",
    "f4",
    "Bc8",
    "Rc1",
    "Rb7",
    "Rc3",
    "Kh7",
    "Rec1",
    "Bd7",
    "Rc7",
    "Rxc7",
    "Rxc7",
    "f6",
    "Rxd7",
    "fxg5",
    "fxg5",
    "Nxh4",
    "Bxe6",
    "Kg6",
    "Rxa7",
    "Kxg5",
    "Rxg7+",
    "Kf6",
    "Rg8",
    "Ng6",
    "Rxf8+",
    "Nxf8",
    "Bf5"
  ]
}