{
  "event": "GRENKE Chess Classic",
  "site": "Baden-Baden GER",
  "date": "2019.04.29",
  "eventDate": "2019.04.20",
  "dateMillis": 1556467200000,
  "eventDateMillis": 1555689600000,
  "round": "9",
  "result": "1-0",
  "white": "Magnus Carlsen",
  "black": "Maxime Vachier-Lagrave",
  "isCarlsenWin": true,
  "isDraw": false,
  "isCarlsenBlack": false,
  "moves": [
    "c4",
    "c5",
    "g3",
    "g6",
    "Bg2",
    "Bg7",
    "Nc3",
    "Nc6",
    "Nf3",
    "d6",
    "O-O",
    "Bf5",
    "h3",
    "Nf6",
    "d3",
    "O-O",
    "Be3",
    "a6",
    "Qd2",
    "b5",
    "cxb5",
    "axb5",
    "Nxb5",
    "Qa5",
    "Nc3",
    "Rab8",
    "Rfc1",
    "Rfc8",
    "b3",
    "e5",
    "Bh6",
    "Nd4",
    "Bxg7",
    "Nxf3+",
    "exf3",
    "Kxg7",
    "f4",
    "Qa6",
    "fxe5",
    "dxe5",
    "Na4",
    "Nd7",
    "Rc3",
    "Rb4",
    "g4",
    "Be6",
    "Nxc5",
    "Nxc5",
    "Rxc5",
    "Rxb3",
    "Rxc8",
    "Bxc8",
    "Rc1",
    "Rxd3",
    "Qe2",
    "Be6",
    "Qxe5+",
    "Kg8",
    "Rb1",
    "Rd8",
    "Rb8",
    "Rxb8",
    "Qxb8+",
    "Kg7",
    "Bd5",
    "Bxd5",
    "Qe5+",
    "f6",
    "Qxd5",
    "h5",
    "gxh5",
    "gxh5",
    "Qd7+",
    "Kg6",
    "a4",
    "Qe2",
    "Qd5",
    "f5",
    "a5",
    "f4",
    "Kg2",
    "Kh6",
    "Qf5",
    "Qc4",
    "Kf3"
  ]
}