{
  "event": "Grand Chess Tour Cote d�Ivoire (Rapid & Blitz)",
  "site": "Abidjan CIV",
  "date": "2019.05.11",
  "eventDate": "2019.05.11",
  "dateMillis": 1557504000000,
  "eventDateMillis": 1557504000000,
  "round": "5.3",
  "result": "0-1",
  "white": "Sergey Karjakin",
  "black": "Magnus Carlsen",
  "isCarlsenWin": true,
  "isDraw": false,
  "isCarlsenBlack": true,
  "moves": [
    "e4",
    "c5",
    "Nf3",
    "Nc6",
    "c3",
    "Nf6",
    "e5",
    "Nd5",
    "d4",
    "cxd4",
    "cxd4",
    "d6",
    "Bc4",
    "Nb6",
    "Bb5",
    "Bd7",
    "exd6",
    "e6",
    "Bg5",
    "f6",
    "Bh4",
    "Bxd6",
    "Nc3",
    "Nb4",
    "O-O",
    "O-O",
    "Qb3",
    "Re8",
    "Bg3",
    "Bxb5",
    "Nxb5",
    "Bxg3",
    "Qxb4",
    "Nd5",
    "Qb3",
    "Bc7",
    "Nc3",
    "Bb6",
    "Rfe1",
    "Rc8",
    "g3",
    "Nxc3",
    "Rxe6",
    "Rxe6",
    "Qxe6+",
    "Kf8",
    "bxc3",
    "Rxc3",
    "Kg2",
    "Qe8",
    "Qf5",
    "Qg6",
    "Qd5",
    "Qf7",
    "Qf5",
    "g6",
    "Qf4",
    "Kg7",
    "Re1",
    "Rc7",
    "a4",
    "Qd5",
    "Re4",
    "Rf7",
    "h4",
    "Bc7",
    "Qe3",
    "Bd6",
    "Re8",
    "a6",
    "Kg1",
    "b5",
    "axb5",
    "axb5",
    "Rd8",
    "Qc6",
    "h5",
    "Bf8",
    "h6+",
    "Kg8",
    "Nd2",
    "b4",
    "Nb3",
    "Qc7",
    "Ra8",
    "Re7",
    "Qf3",
    "Qb7",
    "Rxf8+",
    "Kxf8",
    "Qxf6+",
    "Kg8",
    "Kh2",
    "Rf7",
    "Qe6",
    "Qd7",
    "Qc4",
    "Qf5",
    "f4",
    "g5",
    "Qxb4",
    "gxf4",
    "Qb8+",
    "Rf8",
    "Qc7",
    "Qh5+",
    "Kg1",
    "Qxh6",
    "gxf4",
    "Qxf4",
    "Qxf4",
    "Rxf4",
    "Kg2",
    "h5",
    "Kg3",
    "Rg4+",
    "Kf3",
    "Kf7",
    "d5",
    "Kf6",
    "Nc5",
    "Rd4",
    "d6",
    "Rd5",
    "d7",
    "Ke7",
    "Ne4",
    "Rxd7",
    "Ng3",
    "Rd5",
    "Kf4",
    "Kf6"
  ]
}