{
  "event": "Grand Chess Tour Cote d�Ivoire (Rapid & Blitz)",
  "site": "Abidjan CIV",
  "date": "2019.05.12",
  "eventDate": "2019.05.11",
  "dateMillis": 1557590400000,
  "eventDateMillis": 1557504000000,
  "round": "14.3",
  "result": "1-0",
  "white": "Magnus Carlsen",
  "black": "Sergey Karjakin",
  "isCarlsenWin": true,
  "isDraw": false,
  "isCarlsenBlack": false,
  "moves": [
    "c4",
    "Nf6",
    "Nc3",
    "e5",
    "g3",
    "Bb4",
    "e4",
    "Bxc3",
    "dxc3",
    "d6",
    "f3",
    "O-O",
    "Nh3",
    "a6",
    "a4",
    "Nbd7",
    "Nf2",
    "a5",
    "Be2",
    "Nc5",
    "O-O",
    "Bd7",
    "Be3",
    "b6",
    "Kh1",
    "Kh8",
    "b3",
    "Ng8",
    "g4",
    "Ne7",
    "Rb1",
    "Ng6",
    "Qd2",
    "Ne6",
    "Nd3",
    "Nc5",
    "Rg1",
    "Nxd3",
    "Bxd3",
    "Bc6",
    "Rg3",
    "Qe7",
    "Rbg1",
    "Kg8",
    "Bc2",
    "Kh8",
    "Kg2",
    "Kg8",
    "Kf2",
    "f6",
    "Ke1",
    "Kf7",
    "g5",
    "Ke8",
    "Kd1",
    "Bd7",
    "gxf6",
    "Qxf6",
    "Bg5",
    "Qe6",
    "h4",
    "Rf7",
    "h5",
    "Nf8",
    "Kc1",
    "g6",
    "f4",
    "exf4",
    "Bxf4",
    "Bc6",
    "e5",
    "dxe5",
    "Bxe5",
    "Re7",
    "hxg6",
    "hxg6",
    "Bxg6+",
    "Nxg6",
    "Rxg6",
    "Qxe5",
    "Rg8+",
    "Kf7",
    "Qf2+",
    "Ke6",
    "R1g6+",
    "Kd7",
    "Qd2+",
    "Bd5",
    "Rxa8",
    "Qe1+",
    "Qxe1",
    "Rxe1+",
    "Kd2",
    "Bxa8",
    "Kxe1",
    "Be4",
    "Rg7+",
    "Kd6",
    "Kd2",
    "c5",
    "Kc1",
    "Kc6",
    "Kb2",
    "Bd3",
    "Rg4",
    "Be2",
    "Rf4",
    "Bd3",
    "Rh4",
    "Be2",
    "Kc2",
    "Bf3",
    "Rf4",
    "Bh5",
    "Rf6+",
    "Kc7",
    "b4",
    "Bg4",
    "bxc5",
    "bxc5",
    "Kd3",
    "Bd1",
    "Ke4",
    "Bxa4",
    "Kd5",
    "Bb3",
    "Kxc5",
    "a4",
    "Kb4",
    "Kb7",
    "c5",
    "Kc7",
    "Ra6",
    "Kb7",
    "Rxa4"
  ]
}