{
  "event": "Grand Chess Tour Cote d�Ivoire (Rapid & Blitz)",
  "site": "Abidjan CIV",
  "date": "2019.05.11",
  "eventDate": "2019.05.11",
  "dateMillis": 1557504000000,
  "eventDateMillis": 1557504000000,
  "round": "1.1",
  "result": "1/2-1/2",
  "white": "Bassem Amin",
  "black": "Magnus Carlsen",
  "isCarlsenWin": false,
  "isDraw": true,
  "isCarlsenBlack": true,
  "moves": [
    "e4",
    "c5",
    "Nf3",
    "Nc6",
    "Bb5",
    "g6",
    "Bxc6",
    "dxc6",
    "d3",
    "Bg7",
    "h3",
    "e5",
    "a4",
    "a5",
    "Be3",
    "b6",
    "Na3",
    "Qc7",
    "O-O",
    "Ne7",
    "Nc4",
    "Be6",
    "Ng5",
    "Bxc4",
    "dxc4",
    "h6",
    "Nf3",
    "Nc8",
    "Nd2",
    "O-O",
    "Qe2",
    "Nd6",
    "Rad1",
    "Rae8",
    "b3",
    "f5",
    "f3",
    "Kh7",
    "Bf2",
    "Nf7",
    "Bh4",
    "Nd8",
    "Bxd8",
    "Rxd8",
    "Rfe1",
    "f4",
    "Nb1",
    "Bf6",
    "Rxd8",
    "Rxd8",
    "Rd1",
    "Bh4",
    "Rxd8",
    "Qxd8",
    "Qd3",
    "Qxd3",
    "cxd3",
    "Be1",
    "Na3",
    "Kg7",
    "Nc2",
    "Bc3",
    "Kh2",
    "Kf6",
    "h4",
    "h5",
    "Kh3",
    "Ke6",
    "Kh2",
    "Kd6",
    "Kh3",
    "Bd2",
    "Kh2",
    "Kc7",
    "Kh3",
    "Kb7",
    "Kh2",
    "Bc1",
    "Kg1",
    "Bb2",
    "Kf2",
    "Kc7",
    "Kf1",
    "b5",
    "Kf2",
    "Kd6",
    "Ne1",
    "Bd4+",
    "Kf1",
    "b4",
    "Nc2",
    "Bc3",
    "Kg1",
    "Ke6",
    "Kh2",
    "Kf6",
    "Kh3",
    "g5",
    "Kh2",
    "gxh4",
    "Kh3",
    "Kg6",
    "Kh2",
    "h3",
    "gxh3",
    "Kg5",
    "Kg2",
    "Kh4",
    "Kh2",
    "Kg5",
    "Kg2",
    "h4"
  ]
}