{
  "event": "Grand Chess Tour Cote d�Ivoire (Rapid & Blitz)",
  "site": "Abidjan CIV",
  "date": "2019.05.12",
  "eventDate": "2019.05.11",
  "dateMillis": 1557590400000,
  "eventDateMillis": 1557504000000,
  "round": "17.2",
  "result": "1-0",
  "white": "Magnus Carlsen",
  "black": "Wei Yi",
  "isCarlsenWin": true,
  "isDraw": false,
  "isCarlsenBlack": false,
  "moves": [
    "d4",
    "Nf6",
    "Bg5",
    "d5",
    "e3",
    "c5",
    "Nd2",
    "cxd4",
    "exd4",
    "Qb6",
    "Ngf3",
    "Nc6",
    "Nb3",
    "Ne4",
    "Bf4",
    "Bg4",
    "Be2",
    "e6",
    "O-O",
    "Be7",
    "c3",
    "O-O",
    "a4",
    "a6",
    "a5",
    "Qd8",
    "Nfd2",
    "Bxe2",
    "Qxe2",
    "Nxd2",
    "Qxd2",
    "Rc8",
    "Rfe1",
    "Re8",
    "Re3",
    "Bd6",
    "Bxd6",
    "Qxd6",
    "Nc5",
    "Rc7",
    "b4",
    "Ne7",
    "Rae1",
    "Nf5",
    "Re5",
    "Qd8",
    "Qf4",
    "Rce7",
    "R1e2",
    "Kh8",
    "Nxb7",
    "Rxb7",
    "Qxf5",
    "Rc7",
    "Qd3",
    "Qc8",
    "R5e3",
    "Rc6",
    "Rh3",
    "h6",
    "Qd2",
    "Kh7",
    "Re5",
    "Re7",
    "Reh5",
    "Qf8",
    "f4",
    "f5",
    "Re3",
    "Qf7",
    "Rhh3",
    "Rec7",
    "Re5",
    "Qf8",
    "Rd3",
    "Qc8",
    "Ree3",
    "Rc4",
    "h3",
    "Qf8",
    "Rxe6"
  ]
}