{
  "event": "Grand Chess Tour Cote d�Ivoire (Rapid & Blitz)",
  "site": "Abidjan CIV",
  "date": "2019.05.12",
  "eventDate": "2019.05.11",
  "dateMillis": 1557590400000,
  "eventDateMillis": 1557504000000,
  "round": "13.1",
  "result": "0-1",
  "white": "Veselin Topalov",
  "black": "Magnus Carlsen",
  "isCarlsenWin": true,
  "isDraw": false,
  "isCarlsenBlack": true,
  "moves": [
    "e4",
    "c5",
    "Nf3",
    "Nc6",
    "d4",
    "cxd4",
    "Nxd4",
    "Nf6",
    "Nc3",
    "e5",
    "Ndb5",
    "d6",
    "Bg5",
    "a6",
    "Na3",
    "b5",
    "Bxf6",
    "gxf6",
    "Nd5",
    "Bg7",
    "c3",
    "f5",
    "exf5",
    "Bxf5",
    "Nc2",
    "O-O",
    "Nce3",
    "Be6",
    "Bd3",
    "f5",
    "O-O",
    "e4",
    "Nf4",
    "Bf7",
    "Bc2",
    "Be5",
    "Nfd5",
    "Kh8",
    "f4",
    "exf3",
    "Qxf3",
    "Bxd5",
    "Nxd5",
    "Qh4",
    "g3",
    "Rg8",
    "Nf4",
    "Qh6",
    "Bxf5",
    "Raf8",
    "Ne6",
    "Bxg3",
    "hxg3",
    "Rxf5",
    "Qxf5",
    "Rxg3+"
  ]
}