{
  "event": "Grand Chess Tour Cote d�Ivoire (Rapid & Blitz)",
  "site": "Abidjan CIV",
  "date": "2019.05.11",
  "eventDate": "2019.05.11",
  "dateMillis": 1557504000000,
  "eventDateMillis": 1557504000000,
  "round": "4.3",
  "result": "1-0",
  "white": "Magnus Carlsen",
  "black": "Veselin Topalov",
  "isCarlsenWin": true,
  "isDraw": false,
  "isCarlsenBlack": false,
  "moves": [
    "c4",
    "Nf6",
    "Nc3",
    "e5",
    "Nf3",
    "Nc6",
    "g3",
    "d5",
    "cxd5",
    "Nxd5",
    "Bg2",
    "Nb6",
    "O-O",
    "Be7",
    "a3",
    "Be6",
    "b4",
    "O-O",
    "Rb1",
    "f6",
    "b5",
    "Nd4",
    "e3",
    "Nxf3+",
    "Bxf3",
    "Rb8",
    "d4",
    "Bd6",
    "a4",
    "exd4",
    "exd4",
    "Bf7",
    "Qc2",
    "Kh8",
    "a5",
    "Nc4",
    "a6",
    "bxa6",
    "bxa6",
    "Qd7",
    "Rb7",
    "Rxb7",
    "axb7",
    "c6",
    "Ne4",
    "Be7",
    "Be2",
    "Na5",
    "Nc5",
    "Bxc5",
    "Qxc5",
    "Qe8",
    "b8=Q"
  ]
}