{
  "event": "Grand Chess Tour Cote d�Ivoire (Rapid & Blitz)",
  "site": "Abidjan CIV",
  "date": "2019.05.11",
  "eventDate": "2019.05.11",
  "dateMillis": 1557504000000,
  "eventDateMillis": 1557504000000,
  "round": "8.2",
  "result": "1/2-1/2",
  "white": "Wei Yi",
  "black": "Magnus Carlsen",
  "isCarlsenWin": false,
  "isDraw": true,
  "isCarlsenBlack": true,
  "moves": [
    "e4",
    "c5",
    "Nf3",
    "Nc6",
    "c3",
    "Nf6",
    "e5",
    "Nd5",
    "d4",
    "cxd4",
    "cxd4",
    "d6",
    "Bc4",
    "e6",
    "O-O",
    "Be7",
    "exd6",
    "Qxd6",
    "Nc3",
    "O-O",
    "Re1",
    "Rd8",
    "a3",
    "Nb6",
    "Ba2",
    "Nxd4",
    "Ne4",
    "Nxf3+",
    "Qxf3",
    "Qe5",
    "Bd2",
    "Bd7",
    "Bc3",
    "Qf5",
    "Qg3",
    "Qg6",
    "Qh3",
    "Bc6",
    "Bb1",
    "f5",
    "Ng3",
    "Nd5",
    "Be5",
    "Bf6",
    "Ba2",
    "Kh8",
    "Nh5",
    "Bxe5",
    "Rxe5",
    "Qh6",
    "Rae1",
    "Rd6",
    "b4",
    "Rad8",
    "Bb3",
    "Qg5",
    "g3",
    "g6",
    "Bxd5",
    "Bxd5",
    "Nf4",
    "Bc4",
    "Nxe6",
    "Bxe6",
    "Rxe6",
    "Rxe6",
    "Rxe6",
    "Qc1+",
    "Kg2",
    "Qc4",
    "Re1",
    "Qc6+",
    "Kg1",
    "Re8",
    "Qf1",
    "Rxe1",
    "Qxe1",
    "a6",
    "Qe5+",
    "Kg8",
    "Qe7",
    "b5",
    "h4",
    "Qc1+",
    "Kg2",
    "Qxa3",
    "Qe8+",
    "Kg7",
    "Qe7+"
  ]
}