{
  "event": "Grand Chess Tour Cote d�Ivoire (Rapid & Blitz)",
  "site": "Abidjan CIV",
  "date": "2019.05.12",
  "eventDate": "2019.05.11",
  "dateMillis": 1557590400000,
  "eventDateMillis": 1557504000000,
  "round": "11.1",
  "result": "1-0",
  "white": "Maxime Vachier-Lagrave",
  "black": "Magnus Carlsen",
  "isCarlsenWin": false,
  "isDraw": false,
  "isCarlsenBlack": true,
  "moves": [
    "c4",
    "c5",
    "Nf3",
    "Nf6",
    "Nc3",
    "e6",
    "g3",
    "b6",
    "Bg2",
    "Bb7",
    "O-O",
    "Be7",
    "b3",
    "O-O",
    "Bb2",
    "d6",
    "e3",
    "Nbd7",
    "Qe2",
    "a6",
    "d4",
    "Ne4",
    "Rfd1",
    "Nxc3",
    "Bxc3",
    "Be4",
    "Rac1",
    "Re8",
    "Bh3",
    "Qc7",
    "Nd2",
    "Bb7",
    "e4",
    "Bf6",
    "Nf3",
    "b5",
    "cxb5",
    "axb5",
    "dxc5",
    "Bxc3",
    "Rxc3",
    "b4",
    "Rc2",
    "dxc5",
    "Qe3",
    "h6",
    "Bf1",
    "Ba6",
    "Rcd2",
    "Nf6",
    "Bxa6",
    "Rxa6",
    "Rc1",
    "Rea8",
    "Rxc5",
    "Qa7",
    "Rdc2",
    "Rxa2",
    "Rc8+",
    "Kh7",
    "Qxa7",
    "R8xa7",
    "Nd2",
    "Ng4",
    "Kg2",
    "Ne5",
    "f4",
    "Nd3",
    "Kf1",
    "Ra1+",
    "Ke2",
    "Rd7",
    "Nf3",
    "Rb1",
    "Rd2",
    "Rb2",
    "Rxb2",
    "Nxb2",
    "Ne5",
    "Rd4",
    "Ke3",
    "Rd1",
    "Nxf7",
    "Re1+",
    "Kd4",
    "Re2",
    "h4",
    "Kg6",
    "Ne5+",
    "Kh5",
    "Rg8",
    "Rd2+",
    "Ke3",
    "Rc2",
    "Rxg7",
    "Rc3+",
    "Ke2",
    "Nd1",
    "g4+",
    "Kxh4",
    "Kxd1",
    "Kg3",
    "f5",
    "Kf4",
    "Ng6+",
    "Kxe4",
    "f6",
    "Rf3",
    "f7"
  ]
}