{
  "event": "Grand Chess Tour Cote d�Ivoire (Rapid & Blitz)",
  "site": "Abidjan CIV",
  "date": "2019.05.11",
  "eventDate": "2019.05.11",
  "dateMillis": 1557504000000,
  "eventDateMillis": 1557504000000,
  "round": "7.1",
  "result": "1/2-1/2",
  "white": "Wesley So",
  "black": "Magnus Carlsen",
  "isCarlsenWin": false,
  "isDraw": true,
  "isCarlsenBlack": true,
  "moves": [
    "e4",
    "c5",
    "Nf3",
    "Nc6",
    "d4",
    "cxd4",
    "Nxd4",
    "e5",
    "Nb5",
    "d6",
    "N1c3",
    "a6",
    "Na3",
    "Be7",
    "Nc4",
    "b5",
    "Ne3",
    "Nf6",
    "g3",
    "h5",
    "h4",
    "Nd4",
    "Bg2",
    "Be6",
    "Ncd5",
    "Nxd5",
    "Nxd5",
    "Bxd5",
    "exd5",
    "g6",
    "c3",
    "Nf5",
    "a4",
    "O-O",
    "Qd3",
    "Rb8",
    "axb5",
    "axb5",
    "O-O",
    "b4",
    "Bd2",
    "bxc3",
    "Bxc3",
    "Ng7",
    "Ra7",
    "f5",
    "Ba5",
    "Qe8",
    "b4",
    "Rf7",
    "Rc1",
    "Bd8",
    "Rxf7",
    "Qxf7",
    "Bxd8",
    "Rxd8",
    "Qa6",
    "f4",
    "Rc8",
    "Rxc8",
    "Qxc8+",
    "Kh7",
    "b5",
    "fxg3",
    "fxg3",
    "Qa7+",
    "Kh2",
    "Nf5",
    "Qf8",
    "Nh6",
    "Qxd6",
    "Ng4+",
    "Kh3",
    "Nf2+",
    "Kh2",
    "Ng4+",
    "Kh3"
  ]
}