{
  "event": "Grand Chess Tour Cote d�Ivoire (Rapid & Blitz)",
  "site": "Abidjan CIV",
  "date": "2019.05.12",
  "eventDate": "2019.05.11",
  "dateMillis": 1557590400000,
  "eventDateMillis": 1557504000000,
  "round": "18.1",
  "result": "0-1",
  "white": "Hikaru Nakamura",
  "black": "Magnus Carlsen",
  "isCarlsenWin": true,
  "isDraw": false,
  "isCarlsenBlack": true,
  "moves": [
    "d4",
    "d5",
    "c4",
    "e6",
    "Nf3",
    "a6",
    "Bg5",
    "Be7",
    "Bxe7",
    "Qxe7",
    "e3",
    "Nf6",
    "Nc3",
    "O-O",
    "Rc1",
    "Rd8",
    "Qc2",
    "dxc4",
    "Bxc4",
    "c5",
    "dxc5",
    "Qxc5",
    "Bd3",
    "Nc6",
    "a3",
    "Ne5",
    "Nxe5",
    "Qxe5",
    "Ne4",
    "Bd7",
    "Nxf6+",
    "Qxf6",
    "O-O",
    "Rac8",
    "Qb1",
    "Rxc1",
    "Rxc1",
    "g6",
    "Be4",
    "Bb5",
    "Qc2",
    "b6",
    "g3",
    "Qe5",
    "Bf3",
    "a5",
    "h4",
    "h6",
    "Qc7",
    "Qxc7",
    "Rxc7",
    "Rd6",
    "Rb7",
    "Kg7",
    "Kg2",
    "Kf6",
    "g4",
    "g5",
    "hxg5+",
    "hxg5",
    "Kg3",
    "a4",
    "Bg2",
    "Bc4",
    "Be4",
    "b5",
    "f4",
    "e5",
    "Rc7",
    "exf4+",
    "exf4",
    "Rd2",
    "Rc6+",
    "Kg7",
    "fxg5",
    "Rxb2",
    "g6",
    "Rb3+",
    "Kf4",
    "Rxa3",
    "gxf7",
    "Ra1",
    "Rc8",
    "Bxf7",
    "Rc7",
    "a3",
    "Kg5",
    "Rd1",
    "Bc2",
    "Rc1"
  ]
}