{
  "event": "Grand Chess Tour Cote d�Ivoire (Rapid & Blitz)",
  "site": "Abidjan CIV",
  "date": "2019.05.12",
  "eventDate": "2019.05.11",
  "dateMillis": 1557590400000,
  "eventDateMillis": 1557504000000,
  "round": "16.1",
  "result": "1/2-1/2",
  "white": "Magnus Carlsen",
  "black": "Wesley So",
  "isCarlsenWin": false,
  "isDraw": true,
  "isCarlsenBlack": false,
  "moves": [
    "c4",
    "c5",
    "g3",
    "g6",
    "Bg2",
    "Bg7",
    "Nc3",
    "Nc6",
    "Nf3",
    "e6",
    "h4",
    "h6",
    "e3",
    "Nge7",
    "d4",
    "cxd4",
    "Nxd4",
    "d5",
    "cxd5",
    "Nxd4",
    "exd4",
    "Nxd5",
    "O-O",
    "O-O",
    "Qb3",
    "Ne7",
    "Rd1",
    "Nf5",
    "Ne2",
    "a5",
    "Bf4",
    "a4",
    "Qa3",
    "Qb6",
    "Rac1",
    "Bd7",
    "Be5",
    "Rfc8",
    "Bxg7",
    "Kxg7",
    "d5",
    "Rxc1",
    "Rxc1",
    "e5",
    "Qc3",
    "Qd6",
    "a3",
    "Bb5",
    "Qd2",
    "Bxe2",
    "Qxe2",
    "Nd4",
    "Qc4",
    "Rd8",
    "Kh2",
    "b5",
    "Qc7",
    "Qf6",
    "Re1",
    "Rd6",
    "Kg1",
    "g5",
    "hxg5",
    "hxg5",
    "Qc8",
    "Rd8",
    "Qg4",
    "Re8",
    "Be4",
    "Rd8",
    "Kg2",
    "Rh8",
    "d6",
    "Ne6",
    "d7",
    "Rd8",
    "Rd1",
    "Qe7",
    "Qf5",
    "Qf6",
    "Qh7+",
    "Kf8",
    "Rd5",
    "Nd4",
    "Qh5",
    "Ke7",
    "Qg4",
    "Ne6",
    "Rxb5",
    "Rxd7",
    "Qf5",
    "Qxf5",
    "Bxf5",
    "Kf6",
    "Bc2",
    "Rd4",
    "Rb4",
    "Nc5",
    "Kf3",
    "Ke6",
    "Ke3",
    "Kd5",
    "Rb6",
    "Rc4",
    "Bd1",
    "Rc1",
    "Be2",
    "Rc2",
    "Bd1",
    "Rc1",
    "Kd2",
    "Ra1",
    "Rb4",
    "Ne4+",
    "Ke2",
    "Nxf2",
    "Bxa4",
    "Nh1",
    "Bb3+",
    "Kd6",
    "g4",
    "f5",
    "gxf5",
    "Ng3+",
    "Kf3",
    "Nxf5",
    "Kg4",
    "Nd4",
    "Kxg5",
    "Rg1+",
    "Kh4",
    "Nxb3",
    "Rxb3",
    "e4",
    "Rg3",
    "Rb1",
    "Rb3",
    "Rg1",
    "a4",
    "Ra1",
    "Rb4",
    "e3",
    "Re4",
    "e2",
    "Rxe2",
    "Rxa4+",
    "Kg3",
    "Kc5"
  ]
}