{
  "event": "Grand Chess Tour Cote d�Ivoire (Rapid & Blitz)",
  "site": "Abidjan CIV",
  "date": "2019.05.11",
  "eventDate": "2019.05.11",
  "dateMillis": 1557504000000,
  "eventDateMillis": 1557504000000,
  "round": "6.4",
  "result": "1/2-1/2",
  "white": "Magnus Carlsen",
  "black": "Ian Nepomniachtchi",
  "isCarlsenWin": false,
  "isDraw": true,
  "isCarlsenBlack": false,
  "moves": [
    "c4",
    "e5",
    "Nc3",
    "Nf6",
    "Nf3",
    "Nc6",
    "e4",
    "Bc5",
    "Nxe5",
    "Nxe5",
    "d4",
    "Bb4",
    "dxe5",
    "Nxe4",
    "Qf3",
    "Nxc3",
    "bxc3",
    "Be7",
    "Qg3",
    "g6",
    "Bh6",
    "d6",
    "Be2",
    "Be6",
    "Rd1",
    "Qd7",
    "exd6",
    "cxd6",
    "O-O",
    "O-O-O",
    "Be3",
    "Qa4",
    "Rb1",
    "d5",
    "Qf3",
    "Qc6",
    "Bxa7",
    "dxc4",
    "Qe3",
    "Rhe8",
    "Rb6",
    "Qd7",
    "Bf3",
    "Bd5",
    "Qe5",
    "Qc7",
    "Qxc7+",
    "Kxc7",
    "Bxd5",
    "Rxd5",
    "Rfb1",
    "Ra8",
    "Rxb7+",
    "Kd8",
    "g3",
    "Rd7",
    "Rxd7+",
    "Kxd7",
    "Rb7+",
    "Ke6",
    "a4",
    "Bd8",
    "Kg2",
    "h5",
    "Kf3",
    "Bf6",
    "Rb6+",
    "Kf5",
    "Rb7",
    "Ke6",
    "a5",
    "Bxc3",
    "a6",
    "Ba5",
    "Ke2",
    "c3",
    "Kd3",
    "Rd8+",
    "Kc2",
    "Rd6",
    "Rb3",
    "Rxa6",
    "Bd4",
    "Rd6",
    "Bxc3",
    "Rc6",
    "Kd3",
    "Bxc3",
    "Rxc3",
    "Rxc3+",
    "Kxc3",
    "Kf5",
    "f3",
    "g5",
    "Kd4",
    "Ke6",
    "Ke4",
    "f6",
    "h4",
    "f5+",
    "Ke3",
    "f4+",
    "gxf4",
    "gxh4"
  ]
}