{
  "event": "Grand Chess Tour Cote d�Ivoire (Rapid & Blitz)",
  "site": "Abidjan CIV",
  "date": "2019.05.10",
  "eventDate": "2019.05.08",
  "dateMillis": 1557417600000,
  "eventDateMillis": 1557244800000,
  "round": "9",
  "result": "0-1",
  "white": "Wei Yi",
  "black": "Magnus Carlsen",
  "isCarlsenWin": true,
  "isDraw": false,
  "isCarlsenBlack": true,
  "moves": [
    "e4",
    "c5",
    "Nf3",
    "Nc6",
    "c3",
    "Qa5",
    "Na3",
    "e6",
    "Nc4",
    "Qd8",
    "d4",
    "d5",
    "exd5",
    "exd5",
    "Nce5",
    "Bd6",
    "Be3",
    "c4",
    "b3",
    "cxb3",
    "axb3",
    "Nge7",
    "Bd3",
    "Bf5",
    "O-O",
    "O-O",
    "Bf4",
    "Bxe5",
    "Nxe5",
    "Nxe5",
    "Bxf5",
    "N5g6",
    "Bg5",
    "Qc7",
    "Bxg6",
    "Nxg6",
    "Qf3",
    "Qd7",
    "Ra5",
    "b5",
    "Rfa1",
    "h6",
    "Bd2",
    "Rfe8",
    "Qd3",
    "a6",
    "Rxa6",
    "Rxa6",
    "Rxa6",
    "Nf4",
    "Qf3",
    "Qf5",
    "Ra1",
    "Ne2+",
    "Kf1",
    "Qc2",
    "Qxe2",
    "Rxe2",
    "Kxe2",
    "Qe4+",
    "Kf1",
    "Qc2",
    "Ke2",
    "Qxb3",
    "Rc1",
    "Qc4+",
    "Ke3",
    "Qc7",
    "f4",
    "Qe7+",
    "Kf2",
    "Qe4",
    "Re1",
    "Qd3",
    "Re2",
    "f6",
    "Ke1",
    "Kf7",
    "Re3",
    "Qb1+",
    "Kf2",
    "h5",
    "h3",
    "h4",
    "Be1",
    "Kg6",
    "Rf3",
    "Kf5",
    "Ke2",
    "Qe4+",
    "Kf1",
    "b4",
    "cxb4",
    "Qxd4",
    "Bxh4",
    "Qc4+",
    "Kg1",
    "Qxb4",
    "Kf1",
    "Qc4+",
    "Kg1",
    "Qe2",
    "Bf2",
    "d4",
    "Bxd4",
    "Qd1+",
    "Kh2",
    "Qxd4",
    "Rf1",
    "g6",
    "Rf3",
    "Qd2",
    "Rf1",
    "Ke4",
    "Rf3",
    "Qe2",
    "Rg3",
    "Qh5",
    "Rg4",
    "Ke3"
  ]
}