{
  "event": "Grand Chess Tour Cote d�Ivoire (Rapid & Blitz)",
  "site": "Abidjan CIV",
  "date": "2019.05.12",
  "eventDate": "2019.05.11",
  "dateMillis": 1557590400000,
  "eventDateMillis": 1557504000000,
  "round": "15.1",
  "result": "1/2-1/2",
  "white": "Ian Nepomniachtchi",
  "black": "Magnus Carlsen",
  "isCarlsenWin": false,
  "isDraw": true,
  "isCarlsenBlack": true,
  "moves": [
    "e4",
    "c5",
    "Nf3",
    "Nc6",
    "d4",
    "cxd4",
    "Nxd4",
    "Nf6",
    "Nc3",
    "e5",
    "Ndb5",
    "d6",
    "Nd5",
    "Nxd5",
    "exd5",
    "Nb8",
    "a4",
    "Be7",
    "Be2",
    "O-O",
    "O-O",
    "f5",
    "f4",
    "a6",
    "Na3",
    "Nd7",
    "Nc4",
    "b6",
    "fxe5",
    "Nxe5",
    "Be3",
    "Nxc4",
    "Bxc4",
    "Bf6",
    "Bd4",
    "Bd7",
    "Kh1",
    "Re8",
    "c3",
    "Bxd4",
    "Qxd4",
    "Re4",
    "Qd3",
    "Qc8",
    "b3",
    "Qc5",
    "Bxa6",
    "Re3",
    "Qc4",
    "Rxc3",
    "Qxc5",
    "Rxc5",
    "Bb7",
    "Ra7",
    "Bc6",
    "Bxc6",
    "dxc6",
    "g6",
    "Rfc1",
    "Rc7",
    "b4",
    "R5xc6",
    "Rxc6",
    "Rxc6",
    "a5",
    "bxa5",
    "bxa5",
    "Ra6",
    "Kg1",
    "Kf7",
    "Kf2",
    "Ke6",
    "Ke3",
    "Kd5",
    "Kf4",
    "h6",
    "h4",
    "Ke6",
    "g4",
    "fxg4",
    "Kxg4",
    "Ke5",
    "Kf3",
    "Kd4",
    "Kf4",
    "Kc4",
    "Ke4",
    "Kc5",
    "Rc1+",
    "Kb4",
    "Rg1",
    "h5",
    "Kd4",
    "Rxa5",
    "Rb1+",
    "Ka4",
    "Ra1+",
    "Kb5",
    "Rxa5+",
    "Kxa5",
    "Kd5",
    "Kb4",
    "Kxd6",
    "g5"
  ]
}