{
  "event": "Grand Chess Tour Cote d�Ivoire (Rapid & Blitz)",
  "site": "Abidjan CIV",
  "date": "2019.05.10",
  "eventDate": "2019.05.08",
  "dateMillis": 1557417600000,
  "eventDateMillis": 1557244800000,
  "round": "8",
  "result": "1/2-1/2",
  "white": "Magnus Carlsen",
  "black": "Ding Liren",
  "isCarlsenWin": false,
  "isDraw": true,
  "isCarlsenBlack": false,
  "moves": [
    "d4",
    "Nf6",
    "c4",
    "e6",
    "Nf3",
    "d5",
    "Nc3",
    "c5",
    "cxd5",
    "Nxd5",
    "e4",
    "Nxc3",
    "bxc3",
    "cxd4",
    "cxd4",
    "Bb4+",
    "Bd2",
    "Bxd2+",
    "Qxd2",
    "O-O",
    "Bd3",
    "Nc6",
    "Bc2",
    "Qa5",
    "Qxa5",
    "Nxa5",
    "Bd3",
    "Bd7",
    "Ke2",
    "Rac8",
    "Rhc1",
    "Rxc1",
    "Rxc1",
    "Rc8",
    "Rxc8+",
    "Bxc8",
    "Kd2",
    "Kf8",
    "Kc3",
    "Bd7",
    "Ne5",
    "Be8",
    "f4",
    "Ke7",
    "Ng4",
    "Nc6",
    "Ne3",
    "f6",
    "d5",
    "Nd8",
    "e5",
    "fxe5",
    "fxe5",
    "exd5",
    "Nxd5+",
    "Kf8",
    "Nc7",
    "Bf7",
    "a3",
    "Ke7",
    "Be4",
    "Bg6",
    "Bf3",
    "Kd7",
    "Nb5",
    "Nc6",
    "Bd5",
    "a6",
    "Nd4",
    "Nxd4",
    "Kxd4",
    "b6",
    "Bc4",
    "a5",
    "Bb5+",
    "Ke6",
    "Bc6",
    "Bh5",
    "h4",
    "h6",
    "g3",
    "Bd1",
    "Bd5+",
    "Ke7",
    "Bc4",
    "Ba4",
    "Kd5",
    "b5",
    "Bd3",
    "b4",
    "axb4",
    "axb4",
    "Kc4",
    "Ke6",
    "Kxb4",
    "Be8",
    "Kc3",
    "Kxe5"
  ]
}