{
  "event": "Grand Chess Tour Cote d�Ivoire (Rapid & Blitz)",
  "site": "Abidjan CIV",
  "date": "2019.05.10",
  "eventDate": "2019.05.08",
  "dateMillis": 1557417600000,
  "eventDateMillis": 1557244800000,
  "round": "7",
  "result": "0-1",
  "white": "Bassem Amin",
  "black": "Magnus Carlsen",
  "isCarlsenWin": true,
  "isDraw": false,
  "isCarlsenBlack": true,
  "moves": [
    "e4",
    "c5",
    "Nf3",
    "Nc6",
    "Bb5",
    "g6",
    "Bxc6",
    "dxc6",
    "d3",
    "Bg7",
    "h3",
    "e5",
    "Be3",
    "b6",
    "a3",
    "f5",
    "b4",
    "cxb4",
    "axb4",
    "Nh6",
    "Na3",
    "Nf7",
    "Qc1",
    "O-O",
    "Ng5",
    "Nd6",
    "Bd2",
    "h6",
    "Nf3",
    "fxe4",
    "dxe4",
    "Kh7",
    "Be3",
    "Nxe4",
    "Nc4",
    "Be6",
    "Ncxe5",
    "Qd6",
    "Nd3",
    "Bc3+",
    "Ke2",
    "Bxa1",
    "Qxa1",
    "a5",
    "Qe5",
    "Qxe5",
    "Nfxe5",
    "axb4",
    "Nxc6",
    "b3",
    "Rc1",
    "Bc4",
    "Bd4",
    "Rae8",
    "Nce5",
    "Nxf2",
    "Kd2",
    "Ne4+",
    "Ke3",
    "Nc5",
    "Kd2",
    "Bxd3",
    "cxd3",
    "b2"
  ]
}