{
  "event": "Lindores Abbey Stars",
  "site": "Newburgh SCO",
  "date": "2019.05.25",
  "eventDate": "2019.05.25",
  "dateMillis": 1558713600000,
  "eventDateMillis": 1558713600000,
  "round": "3.1",
  "result": "1-0",
  "white": "Magnus Carlsen",
  "black": "Viswanathan Anand",
  "isCarlsenWin": true,
  "isDraw": false,
  "isCarlsenBlack": false,
  "moves": [
    "d4",
    "Nf6",
    "c4",
    "e6",
    "Nc3",
    "Bb4",
    "e3",
    "O-O",
    "Bd3",
    "d5",
    "cxd5",
    "exd5",
    "Ne2",
    "Re8",
    "Bd2",
    "b6",
    "O-O",
    "Bd6",
    "Rc1",
    "c5",
    "Nb5",
    "Bf8",
    "f3",
    "Nc6",
    "Kh1",
    "Bb7",
    "a3",
    "g6",
    "Bb1",
    "Rc8",
    "Ba2",
    "a6",
    "Nbc3",
    "Bg7",
    "dxc5",
    "bxc5",
    "Be1",
    "d4",
    "Na4",
    "Nd7",
    "Bxf7+",
    "Kxf7",
    "Qb3+",
    "Kf8",
    "Qxb7",
    "Rxe3",
    "Ng3",
    "Nce5",
    "Bd2",
    "Rd3",
    "Ne4",
    "Rb8",
    "Qd5",
    "Rxd2",
    "Nxd2",
    "Nd3",
    "Rc2",
    "Qe7",
    "Ne4",
    "Nf4",
    "Qc4"
  ]
}