{
  "event": "Lindores Abbey Stars",
  "site": "Newburgh SCO",
  "date": "2019.05.26",
  "eventDate": "2019.05.25",
  "dateMillis": 1558800000000,
  "eventDateMillis": 1558713600000,
  "round": "6.2",
  "result": "1/2-1/2",
  "white": "Liren Ding",
  "black": "Magnus Carlsen",
  "isCarlsenWin": false,
  "isDraw": true,
  "isCarlsenBlack": true,
  "moves": [
    "d4",
    "d5",
    "c4",
    "e6",
    "Nf3",
    "a6",
    "Bg5",
    "Be7",
    "Bxe7",
    "Qxe7",
    "Nbd2",
    "Nf6",
    "g3",
    "O-O",
    "Bg2",
    "b6",
    "cxd5",
    "exd5",
    "O-O",
    "Bb7",
    "Rc1",
    "a5",
    "Re1",
    "c5",
    "dxc5",
    "bxc5",
    "e4",
    "Nxe4",
    "Nh4",
    "Qf6",
    "Nxe4",
    "dxe4",
    "Rxc5",
    "Na6",
    "Rxa5",
    "Qxb2",
    "Bxe4",
    "Bxe4",
    "Rxe4",
    "Rad8",
    "Rd5",
    "Rxd5",
    "Qxd5",
    "Nb4",
    "Qb3",
    "Qxb3",
    "axb3",
    "Rb8",
    "Nf3",
    "Kf8",
    "Kf1",
    "Nd5",
    "Nd2",
    "g6",
    "Rd4",
    "Nb4",
    "Ke2",
    "Ke7",
    "Re4+",
    "Kd7",
    "Ke3",
    "Rb5",
    "Kd4",
    "Rd5+",
    "Kc3",
    "Rd3+",
    "Kxb4",
    "Rxd2",
    "Rf4",
    "f5",
    "Kc5",
    "Kc7",
    "b4",
    "Kb7",
    "h4",
    "h5",
    "Rf3",
    "Rc2+",
    "Kd5",
    "Re2",
    "Kc5",
    "Rc2+",
    "Kd4",
    "Re2",
    "Kd5",
    "Kb6",
    "Rf4",
    "Kb5",
    "Kd6",
    "Kb6",
    "f3",
    "Kb5",
    "Kd5",
    "Rg2",
    "Ke5",
    "Rxg3",
    "Kf6",
    "Ka4",
    "Kg7",
    "Kb5",
    "Kh6",
    "Ka4",
    "Rd4",
    "Kb5",
    "Rd6",
    "Kxb4",
    "Rxg6",
    "Rxf3",
    "Kxh5",
    "Kc5",
    "Rf6",
    "Kd5",
    "Kg6",
    "Ke5",
    "h5",
    "Rg3+",
    "Kf7",
    "f4",
    "h6",
    "Rh3",
    "Kg7",
    "f3",
    "Rf8",
    "Rg3+",
    "Kh8",
    "Ke4",
    "h7",
    "Ke3",
    "Rxf3+",
    "Kxf3"
  ]
}