{
  "event": "Lindores Abbey Stars",
  "site": "Newburgh SCO",
  "date": "2019.05.25",
  "eventDate": "2019.05.25",
  "dateMillis": 1558713600000,
  "eventDateMillis": 1558713600000,
  "round": "1.2",
  "result": "1/2-1/2",
  "white": "Magnus Carlsen",
  "black": "Liren Ding",
  "isCarlsenWin": false,
  "isDraw": true,
  "isCarlsenBlack": false,
  "moves": [
    "d4",
    "Nf6",
    "c4",
    "e6",
    "Nc3",
    "Bb4",
    "a3",
    "Bxc3+",
    "bxc3",
    "b6",
    "f3",
    "Nc6",
    "e4",
    "Ba6",
    "Bg5",
    "h6",
    "Bh4",
    "Na5",
    "e5",
    "g5",
    "Bf2",
    "Nh5",
    "c5",
    "Bxf1",
    "Kxf1",
    "d6",
    "exd6",
    "cxd6",
    "h4",
    "gxh4",
    "Rxh4",
    "Nf6",
    "c4",
    "dxc5",
    "dxc5",
    "Qxd1+",
    "Rxd1",
    "Nd7",
    "cxb6",
    "axb6",
    "Ne2",
    "Rc8",
    "Nc3",
    "Rxc4",
    "Ne4",
    "Rc7",
    "Nd6+",
    "Kf8",
    "Bg3",
    "e5",
    "Nf5",
    "f6",
    "Be1",
    "Nb7",
    "Rg4",
    "Rh7",
    "Ra4",
    "Nbc5",
    "Ra8+",
    "Kf7",
    "Bb4",
    "h5",
    "Rd8",
    "Ke6",
    "Nd6",
    "Rc6",
    "Nc8",
    "Kf5",
    "Re8",
    "Kg6",
    "Kg1",
    "Kf7",
    "Rd8",
    "Kg6",
    "Kh2",
    "Rg7",
    "Re8",
    "Kh7",
    "Nd6",
    "Rg8",
    "Re7+",
    "Rg7",
    "Re8",
    "Rg8",
    "Re7+",
    "Rg7",
    "Re8"
  ]
}