{
  "event": "Norway Chess",
  "site": "Stavanger NOR",
  "date": "2019.06.06",
  "eventDate": "2019.05.04",
  "dateMillis": 1559750400000,
  "eventDateMillis": 1556899200000,
  "round": "3",
  "result": "1-0",
  "white": "Magnus Carlsen",
  "black": "Alexander Grischuk",
  "isCarlsenWin": true,
  "isDraw": false,
  "isCarlsenBlack": false,
  "moves": [
    "d4",
    "Nf6",
    "c4",
    "g6",
    "Nc3",
    "d5",
    "cxd5",
    "Nxd5",
    "e4",
    "Nxc3",
    "bxc3",
    "Bg7",
    "Be3",
    "c5",
    "Rc1",
    "Qa5",
    "Qd2",
    "O-O",
    "Nf3",
    "Bg4",
    "d5",
    "b5",
    "Be2",
    "Nd7",
    "O-O",
    "Bxf3",
    "Bxf3",
    "c4",
    "Be2",
    "Rfd8",
    "f4",
    "Nb6",
    "Bf3",
    "Qa3",
    "h4",
    "e6",
    "h5",
    "Na4",
    "hxg6",
    "hxg6",
    "f5",
    "exf5",
    "exf5",
    "Qd6",
    "Bf4",
    "Qb6+",
    "Kh1",
    "gxf5",
    "d6",
    "Rab8",
    "Bd5",
    "Nc5",
    "Bg3",
    "Ne6",
    "Rxf5",
    "Rxd6",
    "Bxd6",
    "Qxd6",
    "Qe3",
    "Qb6",
    "Qf3",
    "Rf8",
    "Rf1",
    "Nd8",
    "Rh5",
    "Qc7",
    "Qe4"
  ]
}