{
  "event": "Norway Chess (Blitz)",
  "site": "Stavanger NOR",
  "date": "2019.06.03",
  "eventDate": "2019.06.03",
  "dateMillis": 1559491200000,
  "eventDateMillis": 1559491200000,
  "round": "4.1",
  "result": "0-1",
  "white": "Viswanathan Anand",
  "black": "Magnus Carlsen",
  "isCarlsenWin": true,
  "isDraw": false,
  "isCarlsenBlack": true,
  "moves": [
    "e4",
    "g6",
    "d4",
    "Nf6",
    "Nc3",
    "d5",
    "e5",
    "Ne4",
    "Nce2",
    "f6",
    "f3",
    "Ng5",
    "Bxg5",
    "fxg5",
    "Qd2",
    "c5",
    "Qxg5",
    "Nc6",
    "c3",
    "Qb6",
    "Qd2",
    "cxd4",
    "cxd4",
    "Bf5",
    "g4",
    "Bd7",
    "Rd1",
    "O-O-O",
    "Nc3",
    "e6",
    "Nge2",
    "Kb8",
    "f4",
    "Be7",
    "h4",
    "Na5",
    "b3",
    "Bb4",
    "Kf2",
    "Rhf8",
    "Rh3",
    "Bb5",
    "Qe3",
    "Bxe2",
    "Nxe2",
    "Rc8",
    "Rc1",
    "Rxc1",
    "Qxc1",
    "Nc6",
    "Qe3",
    "Nxd4",
    "Nxd4",
    "Bc5",
    "Kg2",
    "Bxd4",
    "Qd2",
    "a5",
    "Rf3",
    "Bc5",
    "Bd3",
    "Qd8",
    "g5",
    "Bb6",
    "Kg3",
    "Qe7",
    "Rf1",
    "Qc5",
    "Rc1",
    "Qd4",
    "Rd1",
    "Bc7",
    "Re1",
    "a4",
    "Qe3",
    "Qb4",
    "bxa4",
    "Bb6",
    "Qc1",
    "Qd4",
    "Qd2",
    "Ba5",
    "Qxa5",
    "Qxd3+",
    "Kg4",
    "Qf5+"
  ]
}