{
  "event": "Norway Chess (Blitz)",
  "site": "Stavanger NOR",
  "date": "2019.06.03",
  "eventDate": "2019.06.03",
  "dateMillis": 1559491200000,
  "eventDateMillis": 1559491200000,
  "round": "2.1",
  "result": "1/2-1/2",
  "white": "Magnus Carlsen",
  "black": "Ding Liren",
  "isCarlsenWin": false,
  "isDraw": true,
  "isCarlsenBlack": false,
  "moves": [
    "c4",
    "e5",
    "Nc3",
    "Nf6",
    "Nf3",
    "Nc6",
    "e3",
    "Bb4",
    "Nd5",
    "e4",
    "Ng1",
    "O-O",
    "a3",
    "Bd6",
    "Nxf6+",
    "Qxf6",
    "f4",
    "exf3",
    "Nxf3",
    "Ne5",
    "d4",
    "Nxf3+",
    "Qxf3",
    "Qxf3",
    "gxf3",
    "c5",
    "dxc5",
    "Bxc5",
    "b4",
    "Bb6",
    "c5",
    "Bc7",
    "Bb2",
    "d6",
    "cxd6",
    "Bxd6",
    "Rd1",
    "Be7",
    "Bc4",
    "Be6",
    "Bxe6",
    "fxe6",
    "Rd7",
    "Rf7",
    "Ke2",
    "Bf6",
    "Rxf7",
    "Kxf7",
    "Bxf6",
    "Kxf6",
    "Rc1",
    "Re8",
    "a4",
    "Re7",
    "Kd3",
    "Rd7+",
    "Ke4",
    "b6",
    "b5",
    "g5",
    "h3",
    "h5",
    "Rc8",
    "h4",
    "Rf8+",
    "Kg7",
    "Ra8",
    "Kf6",
    "f4",
    "gxf4",
    "exf4",
    "Rc7",
    "Kf3",
    "Kf5",
    "Rf8+",
    "Kg6",
    "Rg8+",
    "Kf6",
    "Kg4",
    "Rc4",
    "Rf8+",
    "Kg6",
    "Kxh4",
    "Rxa4",
    "Kg4",
    "Rb4",
    "h4",
    "Rxb5",
    "Rg8+",
    "Kf7",
    "Ra8",
    "a5",
    "h5",
    "Rb1",
    "Ra7+",
    "Kf6",
    "h6",
    "Rg1+",
    "Kf3",
    "Rh1",
    "h7",
    "Kg6",
    "Re7",
    "Kf6",
    "Ra7",
    "Rh2",
    "Ke4",
    "Rh1",
    "Kf3",
    "a4",
    "Rxa4",
    "Rxh7",
    "Rb4",
    "Rb7",
    "Rb5",
    "Ke7",
    "Ke4",
    "Kd6",
    "Kd4",
    "Kc6",
    "Re5",
    "Rd7+",
    "Kc4",
    "Rd6",
    "f5",
    "exf5",
    "Rxf5"
  ]
}