{
  "event": "Norway Chess",
  "site": "Stavanger NOR",
  "date": "2019.06.04",
  "eventDate": "2019.06.04",
  "dateMillis": 1559577600000,
  "eventDateMillis": 1559577600000,
  "round": "1.1",
  "result": "1-0",
  "white": "Magnus Carlsen",
  "black": "Viswanathan Anand",
  "isCarlsenWin": true,
  "isDraw": false,
  "isCarlsenBlack": false,
  "moves": [
    "c4",
    "e5",
    "Nc3",
    "Bb4",
    "Nd5",
    "Be7",
    "d4",
    "exd4",
    "Qxd4",
    "Nf6",
    "Nxe7",
    "Qxe7",
    "Bg5",
    "Nc6",
    "Qc3",
    "Ne5",
    "Nf3",
    "d6",
    "e3",
    "h6",
    "Bh4",
    "g5",
    "Nxe5",
    "dxe5",
    "Bg3",
    "Nd7",
    "h4",
    "g4",
    "c5",
    "h5",
    "Rc1",
    "c6",
    "Bd3",
    "O-O",
    "O-O",
    "Re8",
    "Rfd1",
    "Nf6",
    "Bb1",
    "Nd5",
    "Qc2",
    "e4",
    "Rd4",
    "f5",
    "a3",
    "Be6",
    "Rcd1",
    "Rad8",
    "Ba2",
    "Rd7",
    "b4",
    "a6",
    "a4",
    "Red8",
    "b5",
    "axb5",
    "axb5",
    "Nf6",
    "Rd6",
    "Bxa2",
    "Qxa2+",
    "Qf7",
    "Qa5",
    "Rxd6",
    "cxd6",
    "Qd7",
    "bxc6",
    "bxc6",
    "Rb1",
    "Rf8",
    "Qc7",
    "Rf7",
    "Rb8+",
    "Kh7",
    "Be5",
    "Nd5",
    "Rh8+",
    "Kg6",
    "Qb8",
    "Nf6",
    "Bxf6",
    "Kxf6",
    "Rh6+",
    "Ke5",
    "Qh8+"
  ]
}