{
  "event": "Norway Chess (Blitz)",
  "site": "Stavanger NOR",
  "date": "2019.06.03",
  "eventDate": "2019.06.03",
  "dateMillis": 1559491200000,
  "eventDateMillis": 1559491200000,
  "round": "5.1",
  "result": "1/2-1/2",
  "white": "Magnus Carlsen",
  "black": "Wesley So",
  "isCarlsenWin": false,
  "isDraw": true,
  "isCarlsenBlack": false,
  "moves": [
    "e4",
    "e5",
    "Bc4",
    "Nf6",
    "d4",
    "exd4",
    "Nf3",
    "Nc6",
    "e5",
    "d5",
    "Bb5",
    "Ne4",
    "Nxd4",
    "Bc5",
    "Be3",
    "O-O",
    "Bxc6",
    "bxc6",
    "O-O",
    "Bxd4",
    "Qxd4",
    "c5",
    "Qd3",
    "Bf5",
    "Qe2",
    "d4",
    "f3",
    "Ng5",
    "Bxg5",
    "Qxg5",
    "Na3",
    "Rfe8",
    "Rae1",
    "Rad8",
    "Rf2",
    "Rd5",
    "Qb5",
    "Bd7",
    "Qa5",
    "Rdxe5",
    "Ref1",
    "Re2",
    "Qxc7",
    "Rxf2",
    "Kxf2",
    "Qe3+",
    "Kg3",
    "Qg5+",
    "Kf2",
    "Qe3+",
    "Kg3",
    "Qg5+"
  ]
}