{
  "event": "Norway Chess",
  "site": "Stavanger NOR",
  "date": "2019.06.05",
  "eventDate": "2019.06.04",
  "dateMillis": 1559664000000,
  "eventDateMillis": 1559577600000,
  "round": "2.1",
  "result": "1/2-1/2",
  "white": "Levon Aronian",
  "black": "Magnus Carlsen",
  "isCarlsenWin": false,
  "isDraw": true,
  "isCarlsenBlack": true,
  "moves": [
    "e4",
    "c5",
    "Nf3",
    "Nc6",
    "Bb5",
    "g6",
    "Bxc6",
    "dxc6",
    "d3",
    "Qc7",
    "O-O",
    "e5",
    "Be3",
    "Nf6",
    "Qe1",
    "Bg4",
    "Nbd2",
    "Nh5",
    "a3",
    "Be7",
    "Qb1",
    "Nf4",
    "b4",
    "Ne2+",
    "Kh1",
    "Nd4",
    "Ng1",
    "g5",
    "bxc5",
    "Bxc5",
    "Bxg5",
    "Rg8",
    "Bh4",
    "Be7",
    "Bg3",
    "O-O-O",
    "Nc4",
    "f6",
    "a4",
    "Ne6",
    "f3",
    "Bh5",
    "Bf2",
    "Bc5",
    "Bxc5",
    "Nxc5",
    "Ne2",
    "Bf7",
    "Ne3",
    "Qa5",
    "Qe1",
    "Qxe1",
    "Rfxe1",
    "a5",
    "Kg1",
    "h5",
    "h4",
    "Kc7",
    "Kf2",
    "Be6",
    "Rg1",
    "Rh8",
    "Rh1",
    "Rd7",
    "Rhd1",
    "Bf7",
    "d4",
    "exd4",
    "Rxd4",
    "Rxd4",
    "Nxd4",
    "Rd8",
    "Ne2",
    "Rd2",
    "Ke1",
    "Rd8",
    "Nf5",
    "Ra8",
    "Nc3",
    "Be6",
    "Ne3",
    "Kd6",
    "Rd1+",
    "Ke7",
    "Rd4",
    "Ra6",
    "Kd2",
    "Rb6",
    "Nf5+",
    "Bxf5",
    "exf5",
    "Rb2",
    "Rc4",
    "Kd6",
    "Ne4+",
    "Nxe4+",
    "Rxe4",
    "Ra2",
    "g4",
    "hxg4",
    "fxg4",
    "Kd5",
    "Kd3",
    "Ra3+",
    "c3",
    "b5",
    "h5",
    "b4",
    "Rd4+",
    "Ke5",
    "Rc4",
    "Rxa4",
    "h6",
    "Ra1",
    "cxb4",
    "axb4",
    "Rxc6",
    "Ra3+",
    "Kc4",
    "Rc3+",
    "Kb5",
    "Rh3",
    "Kxb4",
    "Rxh6",
    "Kc5",
    "Rh1",
    "Re6+",
    "Kf4",
    "Rxf6",
    "Kxg4",
    "Kd6",
    "Kg5",
    "Ke7",
    "Ra1",
    "Rf8",
    "Ra7+"
  ]
}