{
  "event": "Norway Chess",
  "site": "Stavanger NOR",
  "date": "2019.06.05",
  "eventDate": "2019.06.04",
  "dateMillis": 1559664000000,
  "eventDateMillis": 1559577600000,
  "round": "2.1",
  "result": "0-1",
  "white": "Levon Aronian",
  "black": "Magnus Carlsen",
  "isCarlsenWin": true,
  "isDraw": false,
  "isCarlsenBlack": true,
  "moves": [
    "e4",
    "c5",
    "Nf3",
    "Nc6",
    "Bb5",
    "g6",
    "Bxc6",
    "dxc6",
    "d3",
    "Bg7",
    "h3",
    "e5",
    "O-O",
    "Qc7",
    "Be3",
    "b6",
    "Nbd2",
    "Ne7",
    "a3",
    "O-O",
    "b4",
    "cxb4",
    "axb4",
    "f5",
    "Nc4",
    "Be6",
    "Ng5",
    "Bd7",
    "Qe2",
    "h6",
    "Nf3",
    "f4",
    "Bd2",
    "g5",
    "Bc3",
    "Ng6",
    "d4",
    "exd4",
    "Bxd4",
    "g4",
    "hxg4",
    "Bxg4",
    "c3",
    "c5",
    "bxc5",
    "bxc5",
    "Bxg7",
    "Qxg7",
    "Nd6",
    "Kh8",
    "Nf5",
    "Rxf5",
    "exf5",
    "Nh4",
    "f6",
    "Qxf6",
    "Ra6",
    "Qg7",
    "Rxh6+",
    "Qxh6",
    "Qe5+",
    "Qg7",
    "Qxg7+",
    "Kxg7",
    "Nxh4",
    "a5",
    "Ra1",
    "a4",
    "Ra3",
    "Kf6",
    "Kf1",
    "Ke5",
    "Ke1",
    "Kd5",
    "f3",
    "Bh5",
    "Kd2",
    "Be8",
    "Kc1",
    "Kc4",
    "Nf5",
    "Ra6",
    "Ng7",
    "Bg6",
    "Kd2",
    "Kd5"
  ]
}