{
  "event": "Norway Chess (Blitz)",
  "site": "Stavanger NOR",
  "date": "2019.06.03",
  "eventDate": "2019.06.03",
  "dateMillis": 1559491200000,
  "eventDateMillis": 1559491200000,
  "round": "7.1",
  "result": "1-0",
  "white": "Magnus Carlsen",
  "black": "Alexander Grischuk",
  "isCarlsenWin": true,
  "isDraw": false,
  "isCarlsenBlack": false,
  "moves": [
    "e4",
    "e6",
    "f4",
    "d5",
    "e5",
    "c5",
    "Nf3",
    "Nc6",
    "c3",
    "Nh6",
    "Na3",
    "Nf5",
    "Nc2",
    "Be7",
    "d4",
    "Qb6",
    "Bd3",
    "cxd4",
    "cxd4",
    "Bd7",
    "O-O",
    "Nb4",
    "Nxb4",
    "Qxb4",
    "Kh1",
    "h5",
    "Bxf5",
    "exf5",
    "a4",
    "Rc8",
    "b3",
    "Qc3",
    "Ba3",
    "Qc2",
    "Qe1",
    "Bxa3",
    "Rxa3",
    "Qb2",
    "Ra1",
    "Rc2",
    "Rb1",
    "Qc3",
    "Qg3",
    "g6",
    "Qg5",
    "Qc6",
    "h3",
    "Kf8",
    "Qf6",
    "Qxf6",
    "exf6",
    "Rc6",
    "Ne5",
    "Rd6",
    "Rbc1",
    "Bc6",
    "b4",
    "Rxf6",
    "b5",
    "Be8",
    "Rc7",
    "Rb6",
    "Re1",
    "Kg7",
    "Nd3",
    "a6",
    "Nc5",
    "axb5",
    "a5",
    "Rc6",
    "Rxb7",
    "Rc8",
    "Ree7",
    "b4",
    "a6",
    "Kh6",
    "Rxb4",
    "Bc6",
    "a7",
    "Rhe8",
    "Rxe8",
    "Rxe8",
    "Rb6"
  ]
}