{
  "event": "Norway Chess (Blitz)",
  "site": "Stavanger NOR",
  "date": "2019.06.03",
  "eventDate": "2019.06.03",
  "dateMillis": 1559491200000,
  "eventDateMillis": 1559491200000,
  "round": "3.1",
  "result": "0-1",
  "white": "Yu Yangyi",
  "black": "Magnus Carlsen",
  "isCarlsenWin": true,
  "isDraw": false,
  "isCarlsenBlack": true,
  "moves": [
    "d4",
    "Nf6",
    "c4",
    "c5",
    "d5",
    "g6",
    "Nc3",
    "Bg7",
    "e4",
    "d6",
    "Bd3",
    "O-O",
    "Nf3",
    "e5",
    "O-O",
    "Nh5",
    "Ne1",
    "Nd7",
    "Bc2",
    "Nf4",
    "Nd3",
    "Nxd3",
    "Qxd3",
    "f5",
    "exf5",
    "gxf5",
    "f4",
    "e4",
    "Qe2",
    "Nf6",
    "Nd1",
    "b5",
    "cxb5",
    "a6",
    "b6",
    "Ng4",
    "Ne3",
    "Bd4",
    "h3",
    "Nf6",
    "Kh1",
    "Rb8",
    "Rb1",
    "Rxb6",
    "Bd2",
    "Rb7",
    "Bc3",
    "Qe8",
    "Rbd1",
    "Nh5",
    "Qe1",
    "Qg6",
    "Kh2",
    "Qf6",
    "Qd2",
    "Qh4",
    "Qe1",
    "Qf6",
    "Qd2",
    "Rg7",
    "Bxd4",
    "cxd4",
    "Qxd4",
    "Qh4",
    "Qd2",
    "Qg3+",
    "Kh1",
    "Nxf4",
    "Qf2",
    "Nh5",
    "Rde1",
    "f4",
    "Nc4",
    "e3",
    "Nxe3",
    "Bxh3",
    "Qxg3",
    "Nxg3+",
    "Kh2",
    "Nxf1+",
    "Nxf1",
    "Bxg2",
    "Nd2",
    "f3",
    "Rg1",
    "Rf6"
  ]
}