{
  "event": "Norway Chess (Blitz)",
  "site": "Stavanger NOR",
  "date": "2019.06.03",
  "eventDate": "2019.06.03",
  "dateMillis": 1559491200000,
  "eventDateMillis": 1559491200000,
  "round": "6.1",
  "result": "0-1",
  "white": "Shakhriyar Mamedyarov",
  "black": "Magnus Carlsen",
  "isCarlsenWin": true,
  "isDraw": false,
  "isCarlsenBlack": true,
  "moves": [
    "d4",
    "g6",
    "Nf3",
    "Bg7",
    "c4",
    "c5",
    "d5",
    "d6",
    "e4",
    "e6",
    "Bd3",
    "Ne7",
    "Nc3",
    "O-O",
    "O-O",
    "exd5",
    "cxd5",
    "Bg4",
    "h3",
    "Bxf3",
    "Qxf3",
    "Nd7",
    "Qe2",
    "a6",
    "a4",
    "Re8",
    "Qc2",
    "Rc8",
    "Be2",
    "c4",
    "a5",
    "Rc5",
    "Be3",
    "Rxa5",
    "Bxc4",
    "Rxa1",
    "Rxa1",
    "Qc7",
    "Be2",
    "Nc8",
    "Rc1",
    "Ncb6",
    "Qb3",
    "Nc5",
    "Qb4",
    "h5",
    "Nb1",
    "Nbd7",
    "Nd2",
    "Qd8",
    "Rc2",
    "b5",
    "Qa3",
    "Kh7",
    "Bf3",
    "Ne5",
    "Be2",
    "Ned7",
    "Bf3",
    "Bh6",
    "b4",
    "Bxe3",
    "Qxe3",
    "Na4",
    "Qa7",
    "Ne5",
    "Qxa6",
    "Qg5",
    "Qxb5",
    "Ra8",
    "Qb7",
    "Qd8",
    "Be2",
    "Rb8",
    "Qa7",
    "Rxb4",
    "f4",
    "Nd7",
    "Rc7",
    "Nac5",
    "Rc6",
    "Rb2",
    "Rxd6",
    "Rxd2",
    "Qxc5",
    "Nxc5",
    "Rxd8",
    "Rxe2",
    "e5",
    "Nd3",
    "Rd7",
    "Kg8",
    "Rd8+",
    "Kg7",
    "Rd7",
    "Kf8",
    "g3",
    "h4",
    "Rd8+",
    "Ke7",
    "d6+",
    "Kxd8"
  ]
}