{
  "event": "Norway Chess (Blitz)",
  "site": "Stavanger NOR",
  "date": "2019.06.03",
  "eventDate": "2019.06.03",
  "dateMillis": 1559491200000,
  "eventDateMillis": 1559491200000,
  "round": "1.1",
  "result": "1-0",
  "white": "Levon Aronian",
  "black": "Magnus Carlsen",
  "isCarlsenWin": false,
  "isDraw": false,
  "isCarlsenBlack": true,
  "moves": [
    "d4",
    "g6",
    "e4",
    "d6",
    "Nf3",
    "Nf6",
    "Bd3",
    "Bg7",
    "O-O",
    "O-O",
    "c3",
    "Nc6",
    "Re1",
    "e5",
    "h3",
    "Re8",
    "d5",
    "Nb8",
    "c4",
    "a5",
    "Nc3",
    "Na6",
    "a3",
    "Bd7",
    "Rb1",
    "Nc5",
    "Bc2",
    "a4",
    "Be3",
    "Nb3",
    "Bxb3",
    "axb3",
    "c5",
    "c6",
    "Qxb3",
    "cxd5",
    "exd5",
    "dxc5",
    "Bxc5",
    "Bf5",
    "Rbd1",
    "Nd7",
    "Be3",
    "e4",
    "Nd4",
    "Nc5",
    "Qc2",
    "Nd3",
    "Rf1",
    "Rc8",
    "Qd2",
    "h5",
    "f3",
    "Ne5",
    "Nxf5",
    "Nc4",
    "Qf2",
    "gxf5",
    "fxe4",
    "Nxb2",
    "Qxb2",
    "Bxc3",
    "Qf2",
    "Rxe4",
    "Qxf5",
    "Rxe3",
    "Qxf7+",
    "Kh8",
    "Qxh5+",
    "Kg8",
    "Qf7+",
    "Kh8",
    "Rf5"
  ]
}