{
  "event": "Norway Chess",
  "site": "Stavanger NOR",
  "date": "2019.06.08",
  "eventDate": "2019.06.04",
  "dateMillis": 1559923200000,
  "eventDateMillis": 1559577600000,
  "round": "4.1",
  "result": "1/2-1/2",
  "white": "Magnus Carlsen",
  "black": "Shakhriyar Mamedyarov",
  "isCarlsenWin": false,
  "isDraw": true,
  "isCarlsenBlack": false,
  "moves": [
    "d4",
    "Nf6",
    "c4",
    "g6",
    "Nc3",
    "d5",
    "cxd5",
    "Nxd5",
    "e4",
    "Nxc3",
    "bxc3",
    "Bg7",
    "Be3",
    "c5",
    "Rc1",
    "O-O",
    "Nf3",
    "Nd7",
    "Be2",
    "Qa5",
    "O-O",
    "Qxa2",
    "Nd2",
    "Qa5",
    "h4",
    "b5",
    "h5",
    "Bb7",
    "h6",
    "Bh8",
    "e5",
    "Qc7",
    "Bxb5",
    "Bxg2",
    "Kxg2",
    "Qb7+",
    "Qf3",
    "Qxb5",
    "Rb1",
    "Qa6",
    "Ne4",
    "cxd4",
    "cxd4",
    "f6",
    "Ng5",
    "e6",
    "Ra1",
    "Qb6",
    "exf6",
    "Bxf6",
    "Qe4",
    "Bxg5",
    "Bxg5",
    "Qd6",
    "Rfe1",
    "Qd5",
    "Qxd5",
    "exd5",
    "Ra5",
    "Rf5",
    "f4",
    "Nf6",
    "Re7",
    "Ne4",
    "Rg7+",
    "Kh8",
    "Raxa7",
    "Rxa7",
    "Rxa7",
    "Kg8",
    "Rg7+",
    "Kf8",
    "Be7+",
    "Ke8",
    "Rxh7",
    "Rf7",
    "Rxf7",
    "Kxf7",
    "Kf3",
    "Kg8",
    "Kg4",
    "Kh7",
    "Bf8",
    "Nf6+",
    "Kh4",
    "Ne4",
    "Bg7",
    "Nd6",
    "Kg5",
    "Ne4+",
    "Kg4",
    "Nd6"
  ]
}