{
  "event": "Norway Chess (Blitz)",
  "site": "Stavanger NOR",
  "date": "2019.06.03",
  "eventDate": "2019.06.03",
  "dateMillis": 1559491200000,
  "eventDateMillis": 1559491200000,
  "round": "8.1",
  "result": "0-1",
  "white": "Fabiano Caruana",
  "black": "Magnus Carlsen",
  "isCarlsenWin": true,
  "isDraw": false,
  "isCarlsenBlack": true,
  "moves": [
    "e4",
    "g6",
    "d4",
    "Nf6",
    "e5",
    "Nh5",
    "Be2",
    "d6",
    "exd6",
    "Qxd6",
    "Nc3",
    "a6",
    "Be3",
    "Nf6",
    "Qd2",
    "Bg7",
    "O-O-O",
    "O-O",
    "Nf3",
    "b5",
    "Bf4",
    "Qb6",
    "Kb1",
    "c5",
    "dxc5",
    "Qxc5",
    "Ne5",
    "Bb7",
    "f3",
    "Nc6",
    "Nd3",
    "Qb6",
    "Be3",
    "Qc7",
    "Nc5",
    "Rfd8",
    "Qc1",
    "Rdc8",
    "g4",
    "Nb4",
    "Nxb7",
    "Qxb7",
    "Bd4",
    "Nc6",
    "Be3",
    "Ne5",
    "Rhf1",
    "Rxc3",
    "bxc3",
    "Nd5",
    "Bd4",
    "Rc8",
    "f4",
    "Nc4",
    "Bxg7",
    "Kxg7",
    "Bxc4",
    "Nxc3+",
    "Ka1",
    "Rxc4",
    "Rd3",
    "Qg2",
    "f5",
    "Nxa2",
    "Qe1",
    "Nb4",
    "Qe5+",
    "Kh6",
    "Rfd1",
    "Nxd3",
    "Rxd3",
    "Rxc2",
    "Qf4+",
    "g5",
    "Rd6+",
    "f6"
  ]
}