{
  "event": "Norway Chess (Blitz)",
  "site": "Stavanger NOR",
  "date": "2019.06.03",
  "eventDate": "2019.06.03",
  "dateMillis": 1559491200000,
  "eventDateMillis": 1559491200000,
  "round": "9.1",
  "result": "0-1",
  "white": "Magnus Carlsen",
  "black": "Maxime Vachier-Lagrave",
  "isCarlsenWin": false,
  "isDraw": false,
  "isCarlsenBlack": false,
  "moves": [
    "e4",
    "c5",
    "Nf3",
    "d6",
    "b4",
    "cxb4",
    "d4",
    "Nf6",
    "Bd3",
    "e5",
    "a3",
    "exd4",
    "Nxd4",
    "bxa3",
    "O-O",
    "Be7",
    "Bxa3",
    "O-O",
    "Nc3",
    "Nc6",
    "Nxc6",
    "bxc6",
    "f4",
    "d5",
    "e5",
    "Bxa3",
    "Rxa3",
    "Qb6+",
    "Kh1",
    "Ng4",
    "Qe1",
    "Qc5",
    "Rb3",
    "f5",
    "h3",
    "Nh6",
    "Na4",
    "Qe7",
    "Qc3",
    "Qc7",
    "Nc5",
    "Nf7",
    "e6",
    "Nd6",
    "Qe5",
    "Qe7",
    "Rfb1",
    "Ne4",
    "Bxe4",
    "fxe4",
    "Rb8",
    "Rxb8",
    "Rxb8",
    "Re8",
    "f5",
    "Qxc5",
    "Qc7",
    "Qf8",
    "Qxc6",
    "Bd7",
    "Qxd7",
    "Rxb8",
    "e7",
    "Qe8",
    "Qxd5+",
    "Kh8",
    "Qe5",
    "Rb6",
    "Qxe4",
    "Rf6"
  ]
}