{
  "event": "European Club Cup",
  "site": "Porto Carras GRE",
  "date": "2018.10.18",
  "eventDate": "2018.10.12",
  "dateMillis": 1539792000000,
  "eventDateMillis": 1539273600000,
  "round": "7.1",
  "result": "1/2-1/2",
  "white": "Peter Svidler",
  "black": "Magnus Carlsen",
  "isCarlsenWin": false,
  "isDraw": true,
  "isCarlsenBlack": true,
  "moves": [
    "e4",
    "c6",
    "d4",
    "d5",
    "Nd2",
    "dxe4",
    "Nxe4",
    "Nf6",
    "Nxf6+",
    "exf6",
    "c3",
    "Bd6",
    "Bd3",
    "O-O",
    "Qc2",
    "Re8+",
    "Be3",
    "h6",
    "Ne2",
    "Na6",
    "O-O",
    "Nc7",
    "c4",
    "Bg4",
    "h3",
    "Bxe2",
    "Bxe2",
    "Ne6",
    "Rad1",
    "Qc7",
    "Bg4",
    "Rad8",
    "Rfe1",
    "Bf4",
    "Bxf4",
    "Nxf4",
    "Rxe8+",
    "Rxe8",
    "h4",
    "Qa5",
    "g3",
    "f5",
    "Bf3",
    "Re1+",
    "Kh2",
    "Rxd1",
    "Qxd1",
    "Ng6",
    "a3",
    "f4",
    "Be4",
    "fxg3+",
    "fxg3",
    "Nf8",
    "d5",
    "cxd5",
    "Qxd5",
    "Qxd5",
    "Bxd5",
    "b6",
    "b4",
    "Nd7",
    "Kg2",
    "Kf8",
    "Kf2",
    "Nf6",
    "Bf3",
    "Ke7",
    "Ke3",
    "Kd6",
    "Kd4",
    "Ng8",
    "c5+",
    "bxc5+",
    "bxc5+",
    "Kc7",
    "Bd5",
    "Ne7",
    "Ke5",
    "Nxd5",
    "Kxd5",
    "h5",
    "c6",
    "a6",
    "a4",
    "a5",
    "Kc5",
    "f6",
    "Kd5",
    "g5",
    "Ke6",
    "Kxc6",
    "Kxf6",
    "gxh4",
    "gxh4",
    "Kd6",
    "Kg5",
    "Ke5",
    "Kxh5",
    "Kf5",
    "Kh6",
    "Kf6",
    "h5",
    "Kf7",
    "Kg5",
    "Kg7",
    "h6+",
    "Kh7",
    "Kh5",
    "Kh8",
    "Kg6",
    "Kg8",
    "h7+",
    "Kh8",
    "Kh6"
  ]
}