{
  "event": "Norway Chess",
  "site": "Stavanger NOR",
  "date": "2019.06.14",
  "eventDate": "2019.06.04",
  "dateMillis": 1560441600000,
  "eventDateMillis": 1559577600000,
  "round": "9.1",
  "result": "1-0",
  "white": "Fabiano Caruana",
  "black": "Magnus Carlsen",
  "isCarlsenWin": false,
  "isDraw": false,
  "isCarlsenBlack": true,
  "moves": [
    "e4",
    "c5",
    "Nf3",
    "Nc6",
    "Bb5",
    "Nf6",
    "Nc3",
    "Nd4",
    "e5",
    "Nxb5",
    "Nxb5",
    "Nd5",
    "Ng5",
    "f6",
    "Ne4",
    "f5",
    "Nbc3",
    "Nxc3",
    "Nxc3",
    "d6",
    "O-O",
    "dxe5",
    "Qe2",
    "e6",
    "Qxe5",
    "Qd6",
    "Qe2",
    "Be7",
    "b3",
    "O-O",
    "Bb2",
    "Bd7",
    "Rae1",
    "Rae8",
    "Nd1",
    "Bf6",
    "Bxf6",
    "Rxf6",
    "Nb2",
    "Rh6",
    "Qe5",
    "Qxe5",
    "Rxe5",
    "b6",
    "a4",
    "Bc6",
    "a5",
    "Rd8",
    "axb6",
    "axb6",
    "d3",
    "Rd5",
    "Nc4",
    "Bb5",
    "Rxd5",
    "exd5",
    "Ne3",
    "d4",
    "Nxf5",
    "Re6",
    "Ra1",
    "Kf7",
    "f3",
    "Kf6",
    "Ng3",
    "Re7",
    "Ne4+",
    "Ke6",
    "Ra8",
    "Bc6",
    "Ra6",
    "Bxe4",
    "Rxb6+",
    "Bc6",
    "Rxc6+",
    "Kd5",
    "Ra6",
    "Re2",
    "Ra2",
    "Kc6",
    "h4",
    "h5",
    "Kh2",
    "Kb6",
    "Kg3",
    "Rd2",
    "f4",
    "g6",
    "Kf3",
    "Kb7",
    "b4",
    "c4",
    "dxc4",
    "d3",
    "Ke3",
    "Rxg2",
    "Kxd3",
    "Rg4",
    "Ra5",
    "Rxf4",
    "Rg5",
    "Rxh4",
    "Rxg6",
    "Rh1"
  ]
}