{
  "event": "Norway Chess",
  "site": "Stavanger NOR",
  "date": "2019.06.09",
  "eventDate": "2019.06.04",
  "dateMillis": 1560009600000,
  "eventDateMillis": 1559577600000,
  "round": "5.1",
  "result": "1/2-1/2",
  "white": "Maxime Vachier-Lagrave",
  "black": "Magnus Carlsen",
  "isCarlsenWin": false,
  "isDraw": true,
  "isCarlsenBlack": true,
  "moves": [
    "c4",
    "e5",
    "Nc3",
    "Nf6",
    "Nf3",
    "Nc6",
    "g3",
    "d5",
    "cxd5",
    "Nxd5",
    "Bg2",
    "Bc5",
    "O-O",
    "O-O",
    "d3",
    "h6",
    "Bd2",
    "Nf6",
    "Na4",
    "Bb6",
    "Rc1",
    "Re8",
    "Bc3",
    "e4",
    "dxe4",
    "Nxe4",
    "Qxd8",
    "Rxd8",
    "Be5",
    "Re8",
    "Nxb6",
    "axb6",
    "Bxc7",
    "Rxa2",
    "Ne5",
    "Bf5",
    "Nxc6",
    "bxc6",
    "f3",
    "Nd2",
    "Rf2",
    "Rxb2",
    "e4",
    "Be6",
    "Be5",
    "Rb5",
    "Rxd2",
    "Rxe5",
    "Rxc6",
    "Rb5",
    "f4",
    "g6",
    "e5",
    "Kg7",
    "Be4",
    "Rb4",
    "Bf3",
    "Ra8",
    "Kf2",
    "Ra2",
    "Rxa2",
    "Bxa2",
    "Bg4",
    "h5",
    "Bd7",
    "Rb2+",
    "Ke3",
    "Rxh2",
    "Rc7",
    "Kf8",
    "Rc8+",
    "Kg7",
    "Rc7",
    "Kf8",
    "f5",
    "gxf5",
    "Bxf5",
    "Be6",
    "Bxe6",
    "fxe6",
    "Rb7",
    "Rb2",
    "Kf4",
    "Rf2+",
    "Ke4",
    "Re2+",
    "Kf4",
    "Rf2+",
    "Ke4",
    "Re2+"
  ]
}