{
  "event": "Norway Chess",
  "site": "Stavanger NOR",
  "date": "2019.06.10",
  "eventDate": "2019.06.04",
  "dateMillis": 1560096000000,
  "eventDateMillis": 1559577600000,
  "round": "6.1",
  "result": "1-0",
  "white": "Magnus Carlsen",
  "black": "Ding Liren",
  "isCarlsenWin": true,
  "isDraw": false,
  "isCarlsenBlack": false,
  "moves": [
    "e4",
    "e5",
    "Nf3",
    "Nc6",
    "Bb5",
    "a6",
    "Ba4",
    "Nf6",
    "d3",
    "b5",
    "Bb3",
    "Bc5",
    "c3",
    "d6",
    "Bg5",
    "h6",
    "Bh4",
    "g5",
    "Bg3",
    "Bb6",
    "Nbd2",
    "Na5",
    "Bc2",
    "Nh5",
    "a4",
    "Rb8",
    "b4",
    "Nxg3",
    "hxg3",
    "Nc6",
    "Nf1",
    "Qf6",
    "Qe2",
    "Ne7",
    "Ne3",
    "h5",
    "Bb3",
    "c6",
    "axb5",
    "axb5",
    "d4",
    "g4",
    "dxe5",
    "dxe5",
    "Nh4",
    "Qg5",
    "O-O",
    "O-O",
    "Rad1",
    "Ra8",
    "Kh2",
    "Ra3",
    "Qb2",
    "Ra7",
    "Rd6",
    "Kg7",
    "c4",
    "Bc7",
    "f4",
    "gxf3",
    "Rd3",
    "fxg2",
    "Kxg2",
    "f6",
    "c5",
    "Rd8",
    "Rxd8",
    "Bxd8",
    "Qe2",
    "Ra3",
    "Qd3",
    "Bc7",
    "Nef5+",
    "Nxf5",
    "Nxf5+",
    "Kf8",
    "Qc2",
    "Qg4",
    "Rf3",
    "Bxf5",
    "Rxf5",
    "h4",
    "Rxf6+",
    "Kg7",
    "Rf7+",
    "Kg6",
    "Qf2",
    "Qxg3+",
    "Qxg3+",
    "hxg3",
    "Be6",
    "Bd8",
    "Kh3",
    "Bg5",
    "Rc7",
    "Bf4",
    "Rxc6",
    "Kg5",
    "Bf7",
    "Bd2",
    "Rg6+",
    "Kf4",
    "Rg4+"
  ]
}