{
  "event": "Norway Chess",
  "site": "Stavanger NOR",
  "date": "2019.06.12",
  "eventDate": "2019.06.04",
  "dateMillis": 1560268800000,
  "eventDateMillis": 1559577600000,
  "round": "7.1",
  "result": "1/2-1/2",
  "white": "Wesley So",
  "black": "Magnus Carlsen",
  "isCarlsenWin": false,
  "isDraw": true,
  "isCarlsenBlack": true,
  "moves": [
    "e4",
    "c5",
    "Nf3",
    "Nc6",
    "d4",
    "cxd4",
    "Nxd4",
    "Nf6",
    "Nc3",
    "e5",
    "Ndb5",
    "d6",
    "Bg5",
    "a6",
    "Na3",
    "b5",
    "Nd5",
    "Be7",
    "Bxf6",
    "Bxf6",
    "c3",
    "O-O",
    "Nc2",
    "Rb8",
    "h4",
    "g6",
    "g3",
    "Bg7",
    "h5",
    "Ne7",
    "Nce3",
    "Nxd5",
    "Nxd5",
    "Be6",
    "Bh3",
    "Bxd5",
    "Qxd5",
    "b4",
    "c4",
    "Qc7",
    "O-O",
    "Rb6",
    "b3",
    "Rd8",
    "a4",
    "bxa3",
    "hxg6",
    "hxg6",
    "Rxa3",
    "Qc5",
    "Rfa1",
    "Qxd5",
    "cxd5",
    "Bh6",
    "Rxa6",
    "Rxb3",
    "Ra8",
    "Rxa8",
    "Rxa8+",
    "Bf8",
    "Bd7",
    "Rb4",
    "Ra4",
    "Rb2",
    "Ra7",
    "Be7",
    "Bc6",
    "Kf8",
    "Rb7",
    "Rxb7",
    "Bxb7"
  ]
}