{
  "event": "Norway Chess",
  "site": "Stavanger NOR",
  "date": "2019.06.14",
  "eventDate": "2019.06.04",
  "dateMillis": 1560441600000,
  "eventDateMillis": 1559577600000,
  "round": "9.1",
  "result": "1/2-1/2",
  "white": "Fabiano Caruana",
  "black": "Magnus Carlsen",
  "isCarlsenWin": false,
  "isDraw": true,
  "isCarlsenBlack": true,
  "moves": [
    "e4",
    "c5",
    "Nf3",
    "Nc6",
    "Bb5",
    "g6",
    "Bxc6",
    "dxc6",
    "d3",
    "Bg7",
    "h3",
    "e5",
    "O-O",
    "Qc7",
    "a3",
    "Nf6",
    "Be3",
    "c4",
    "Nc3",
    "cxd3",
    "Qxd3",
    "O-O",
    "Rfd1",
    "Re8",
    "Bc5",
    "Bf8",
    "Bxf8",
    "Kxf8",
    "Rd2",
    "Be6",
    "Rad1",
    "Rad8",
    "Qxd8",
    "Rxd8",
    "Rxd8+",
    "Kg7",
    "R8d3",
    "h6",
    "b4",
    "a5",
    "Re3",
    "Nd7",
    "Na4",
    "b5",
    "Nb2",
    "c5",
    "c3",
    "c4",
    "Rd2",
    "axb4",
    "axb4",
    "Nf6",
    "Nd1",
    "Bd7",
    "Nh2",
    "Qa7",
    "h4",
    "Bc6",
    "f3",
    "Bd7",
    "Nf1",
    "Be6",
    "Kh2",
    "Nh5",
    "g3",
    "g5",
    "hxg5",
    "hxg5",
    "Nf2",
    "g4",
    "Nxg4",
    "Bxg4",
    "fxg4",
    "Nf6",
    "Kg2",
    "Nxg4",
    "Rf3",
    "Qa8",
    "Re2",
    "Kg6",
    "Rf5",
    "f6",
    "Nh2",
    "Nh6",
    "Rf1",
    "Kg7",
    "Rd1",
    "Qa3",
    "Rd7+",
    "Kg6",
    "Nf3",
    "Qxc3",
    "Nh4+",
    "Kh5",
    "Rh7",
    "Qd3",
    "Re1",
    "c3",
    "Nf3",
    "Qc2+",
    "Kh3",
    "Kg6",
    "Rc7",
    "Nf7",
    "Nh4+",
    "Kg7",
    "Nf5+",
    "Kg6",
    "Nh4+",
    "Kg7",
    "Nf5+"
  ]
}