{
  "event": "Norway Chess",
  "site": "Stavanger NOR",
  "date": "2019.06.12",
  "eventDate": "2019.06.04",
  "dateMillis": 1560268800000,
  "eventDateMillis": 1559577600000,
  "round": "7.1",
  "result": "1/2-1/2",
  "white": "Wesley So",
  "black": "Magnus Carlsen",
  "isCarlsenWin": false,
  "isDraw": true,
  "isCarlsenBlack": true,
  "moves": [
    "d4",
    "Nf6",
    "c4",
    "g6",
    "f3",
    "d5",
    "cxd5",
    "Nxd5",
    "e4",
    "Nb6",
    "Nc3",
    "Bg7",
    "Be3",
    "O-O",
    "Qd2",
    "Nc6",
    "O-O-O",
    "f5",
    "e5",
    "f4",
    "Bf2",
    "Nb4",
    "a3",
    "a5",
    "h4",
    "Be6",
    "Nh3",
    "Na2+",
    "Nxa2",
    "Bxa2",
    "d5",
    "Qxd5",
    "Qxd5+",
    "Nxd5",
    "Re1",
    "Rf5",
    "Bd3",
    "Rxe5",
    "Rxe5",
    "Bxe5",
    "h5",
    "gxh5",
    "Ng5",
    "Nf6",
    "Nxh7",
    "Rd8",
    "Bc2",
    "Bf7",
    "Ng5",
    "Bd4",
    "Be1",
    "b6",
    "Bh4",
    "Be3+",
    "Kb1",
    "Rd2",
    "Nxf7",
    "Kxf7",
    "Bxf6",
    "Kxf6",
    "Rxh5",
    "Rxg2",
    "Rh6+",
    "Ke5",
    "Rh5+",
    "Kd6",
    "Rh6+",
    "Ke5",
    "Rh5+",
    "Kd6",
    "Rh6+"
  ]
}