{
  "event": "Norway Chess",
  "site": "Stavanger NOR",
  "date": "2019.06.10",
  "eventDate": "2019.06.04",
  "dateMillis": 1560096000000,
  "eventDateMillis": 1559577600000,
  "round": "6.1",
  "result": "1/2-1/2",
  "white": "Magnus Carlsen",
  "black": "Ding Liren",
  "isCarlsenWin": false,
  "isDraw": true,
  "isCarlsenBlack": false,
  "moves": [
    "c4",
    "Nf6",
    "g3",
    "e5",
    "Bg2",
    "c6",
    "d4",
    "e4",
    "Qb3",
    "d5",
    "Nc3",
    "dxc4",
    "Qxc4",
    "b5",
    "Qb3",
    "Qxd4",
    "Be3",
    "Qb4",
    "Bd2",
    "Qxb3",
    "axb3",
    "Bf5",
    "g4",
    "Bxg4",
    "Nxe4",
    "Nxe4",
    "Bxe4",
    "g6",
    "Bc3",
    "Rg8",
    "b4",
    "a6",
    "e3",
    "Bg7",
    "Ne2",
    "Bxe2",
    "Kxe2",
    "Ra7",
    "Bxg7",
    "Rxg7",
    "Rhc1",
    "Rc7",
    "h4",
    "Kd8",
    "h5",
    "Kc8",
    "hxg6",
    "fxg6",
    "Rd1",
    "Rge7",
    "f3",
    "Re6",
    "Rh1",
    "Kb7",
    "Rh6",
    "Rf7",
    "Rah1",
    "Ree7",
    "Rc1",
    "Kb6",
    "Rh2",
    "Re6",
    "Rch1",
    "Nd7",
    "Rxh7",
    "Rxh7",
    "Rxh7",
    "Nf6",
    "Rh4",
    "Nxe4",
    "fxe4",
    "c5",
    "bxc5+",
    "Kxc5",
    "Kd3",
    "g5",
    "Rg4",
    "Rg6",
    "Kc3",
    "a5",
    "b4+",
    "axb4+",
    "Kc2",
    "Kc4",
    "e5+",
    "Kd5",
    "Rxb4",
    "g4",
    "Rxb5+",
    "Ke4",
    "Rb4+",
    "Kxe3",
    "e6",
    "Kf3",
    "Rb3+",
    "Kf2",
    "Rb4",
    "Kf3",
    "Rb3+",
    "Kf4",
    "Rb4+",
    "Kf5",
    "Rb5+",
    "Kxe6",
    "Kd3",
    "g3",
    "Rb6+",
    "Kf5",
    "Rxg6",
    "Kxg6",
    "Ke2",
    "Kg5",
    "Kf3",
    "Kh4",
    "Kg2",
    "Kg4",
    "Kg1",
    "Kh3",
    "Kh1",
    "g2+"
  ]
}