{
  "event": "GCT Croatia",
  "site": "Zagreb CRO",
  "date": "2019.06.27",
  "eventDate": "2019.06.26",
  "dateMillis": 1561564800000,
  "eventDateMillis": 1561478400000,
  "round": "2.1",
  "result": "1/2-1/2",
  "white": "Magnus Carlsen",
  "black": "Viswanathan Anand",
  "isCarlsenWin": false,
  "isDraw": true,
  "isCarlsenBlack": false,
  "moves": [
    "d4",
    "Nf6",
    "c4",
    "e6",
    "Nf3",
    "d5",
    "Nc3",
    "dxc4",
    "e4",
    "Bb4",
    "Bg5",
    "c5",
    "Bxc4",
    "cxd4",
    "Nxd4",
    "Bxc3+",
    "bxc3",
    "Qa5",
    "Bb5+",
    "Bd7",
    "Bxf6",
    "gxf6",
    "Bxd7+",
    "Nxd7",
    "O-O",
    "Qxc3",
    "Qa4",
    "O-O",
    "Nxe6",
    "Nb6",
    "Qd4",
    "Rfc8",
    "Qxc3",
    "Rxc3",
    "Nf4",
    "Rc5",
    "Rfd1",
    "f5",
    "exf5",
    "Rac8",
    "f6",
    "Rf5",
    "g3",
    "Rxf6",
    "Rd3",
    "Rfc6",
    "Ra3",
    "Rc1+",
    "Rxc1",
    "Rxc1+",
    "Kg2",
    "Nc8",
    "Rd3",
    "Rc7",
    "Rd8+",
    "Kg7",
    "h4",
    "Ne7",
    "Nh5+",
    "Kh6",
    "Nf6",
    "Kg6",
    "Ne8",
    "Rc6",
    "Rd7",
    "Re6",
    "h5+",
    "Kh6",
    "Nd6",
    "f5",
    "Nxb7",
    "Ng8",
    "Nd6",
    "Nf6",
    "Nxf5+",
    "Kg5",
    "Nd4",
    "Nxd7",
    "Nxe6+",
    "Kxh5",
    "Kf3",
    "Kg6",
    "Kf4",
    "Kf6",
    "Ng5",
    "h6",
    "Ne4+",
    "Ke6",
    "Kg4",
    "Ke5",
    "f3",
    "Kd4",
    "Kf5",
    "Ke3",
    "f4",
    "h5",
    "Ng5",
    "Nc5",
    "Kg6",
    "Kf2",
    "f5",
    "Kxg3",
    "Ne6",
    "Nd7",
    "Kxh5",
    "Kf3",
    "Kg5",
    "Ke4",
    "Nc7",
    "a5",
    "Nb5",
    "Kd3",
    "Kg6",
    "a4",
    "Kf7",
    "Ne5+",
    "Kf6",
    "Nf3",
    "Ke7",
    "Kc2",
    "f6",
    "Ng5",
    "Nd4+",
    "Kb2",
    "Ne6",
    "Nh7",
    "f7",
    "Kxa2",
    "Ng5",
    "a3",
    "Nxh7",
    "Kb1",
    "f8=Q",
    "a2",
    "Qf5+",
    "Kb2",
    "Qe5+",
    "Kb1",
    "Qe4+",
    "Kb2",
    "Qe2+",
    "Kb1",
    "Nf6",
    "a1=Q",
    "Nd5",
    "Qg7+",
    "Kd6",
    "Qf8+",
    "Ke5",
    "Qe8+",
    "Kd4",
    "Qxe2",
    "Nc3+",
    "Ka1",
    "Nxe2"
  ]
}