{
  "event": "GCT Croatia",
  "site": "Zagreb CRO",
  "date": "2019.06.28",
  "eventDate": "2019.06.26",
  "dateMillis": 1561651200000,
  "eventDateMillis": 1561478400000,
  "round": "3.1",
  "result": "1/2-1/2",
  "white": "Fabiano Caruana",
  "black": "Magnus Carlsen",
  "isCarlsenWin": false,
  "isDraw": true,
  "isCarlsenBlack": true,
  "moves": [
    "e4",
    "e5",
    "Nf3",
    "Nc6",
    "Bb5",
    "a6",
    "Ba4",
    "Nf6",
    "O-O",
    "Nxe4",
    "d4",
    "Be7",
    "Re1",
    "b5",
    "Rxe4",
    "d5",
    "Nxe5",
    "Nxe5",
    "Rxe5",
    "bxa4",
    "Nc3",
    "O-O",
    "Re1",
    "Bd6",
    "Qh5",
    "a3",
    "Nxd5",
    "axb2",
    "Bxb2",
    "Rb8",
    "Rab1",
    "Re8",
    "Ne3",
    "Bf4",
    "d5",
    "Rb4",
    "c4",
    "Bxe3",
    "Rxe3",
    "Rxe3",
    "fxe3",
    "Rxc4",
    "Bd4",
    "c5",
    "Ba1",
    "f6",
    "h3",
    "Qe7",
    "Qf3",
    "h6",
    "Re1",
    "Re4",
    "Kf2",
    "Bd7",
    "Rd1",
    "Kh7",
    "Rd2",
    "Qe8",
    "Bb2",
    "Ra4",
    "a3",
    "Rc4",
    "Re2",
    "Qg6",
    "e4",
    "Ba4",
    "d6",
    "Bc6",
    "Qg3",
    "Qxg3+",
    "Kxg3",
    "Kg6",
    "e5",
    "fxe5",
    "Bxe5",
    "h5",
    "Bb2",
    "h4+",
    "Kh2",
    "Kf5",
    "Bxg7",
    "Re4",
    "Rxe4",
    "Kxe4",
    "Bf6",
    "c4",
    "Bxh4",
    "c3",
    "Bf6",
    "c2",
    "Bb2",
    "Kd5",
    "g4",
    "Kxd6",
    "Kg3",
    "Bb5",
    "Kf3",
    "Ke7",
    "h4",
    "Kf8",
    "h5",
    "Be8",
    "Kg3",
    "Kg8",
    "Kh4",
    "Kh7",
    "Kg5",
    "Bd7",
    "Kf4",
    "a5",
    "Kg5",
    "a4",
    "Kf4",
    "Be6",
    "g5",
    "Bf7",
    "g6+",
    "Bxg6",
    "hxg6+",
    "Kxg6",
    "Ke5",
    "Kf7",
    "Kd6",
    "Ke8",
    "Bc1",
    "Kd8",
    "Kc6",
    "Kc8",
    "Bf4",
    "c1=Q+",
    "Bxc1",
    "Kb8",
    "Kb6",
    "Ka8",
    "Bf4"
  ]
}