{
  "event": "GCT Croatia",
  "site": "Zagreb CRO",
  "date": "2019.06.26",
  "eventDate": "2019.06.26",
  "dateMillis": 1561478400000,
  "eventDateMillis": 1561478400000,
  "round": "1.1",
  "result": "0-1",
  "white": "Anish Giri",
  "black": "Magnus Carlsen",
  "isCarlsenWin": true,
  "isDraw": false,
  "isCarlsenBlack": true,
  "moves": [
    "e4",
    "c5",
    "Nf3",
    "Nc6",
    "Bb5",
    "e6",
    "Bxc6",
    "bxc6",
    "d3",
    "Ne7",
    "h4",
    "h5",
    "e5",
    "d6",
    "exd6",
    "Ng6",
    "Nfd2",
    "Bxd6",
    "Nc4",
    "Be7",
    "Nc3",
    "Ba6",
    "Qf3",
    "Bxc4",
    "Qxc6+",
    "Kf8",
    "dxc4",
    "Nxh4",
    "O-O",
    "Nf5",
    "Ne2",
    "Rc8",
    "Qa4",
    "Rc7",
    "Bf4",
    "Rd7",
    "c3",
    "g5",
    "Rad1",
    "Rxd1",
    "Rxd1",
    "Qa8",
    "Bc7",
    "h4",
    "f3",
    "h3"
  ]
}