{
  "event": "GCT Croatia",
  "site": "Zagreb CRO",
  "date": "2019.07.02",
  "eventDate": "2019.06.26",
  "dateMillis": 1561996800000,
  "eventDateMillis": 1561478400000,
  "round": "7.1",
  "result": "0-1",
  "white": "Ian Nepomniachtchi",
  "black": "Magnus Carlsen",
  "isCarlsenWin": true,
  "isDraw": false,
  "isCarlsenBlack": true,
  "moves": [
    "e4",
    "c5",
    "Nf3",
    "Nc6",
    "Nc3",
    "e5",
    "Bc4",
    "g6",
    "d3",
    "h6",
    "h4",
    "d6",
    "h5",
    "g5",
    "Nh2",
    "Bg7",
    "Ng4",
    "Nge7",
    "Ne3",
    "O-O",
    "Bd2",
    "Kh8",
    "g4",
    "Rb8",
    "a4",
    "Nd4",
    "Ncd5",
    "Nxd5",
    "Nxd5",
    "Ne6",
    "f3",
    "Nf4",
    "Qb1",
    "Be6",
    "Qa2",
    "Qd7",
    "Rg1",
    "b6",
    "Bc3",
    "Bxd5",
    "Bxd5",
    "a6",
    "Bd2",
    "Qe7",
    "Rf1",
    "b5",
    "axb5",
    "axb5",
    "Kf2",
    "c4",
    "Bxf4",
    "exf4",
    "Rad1",
    "f5",
    "gxf5",
    "g4",
    "d4",
    "Qh4+",
    "Ke2",
    "Qh2+",
    "Rf2",
    "gxf3+"
  ]
}