{
  "event": "GCT Croatia",
  "site": "Zagreb CRO",
  "date": "2019.06.30",
  "eventDate": "2019.06.26",
  "dateMillis": 1561824000000,
  "eventDateMillis": 1561478400000,
  "round": "5",
  "result": "1/2-1/2",
  "white": "Sergey Karjakin",
  "black": "Magnus Carlsen",
  "isCarlsenWin": false,
  "isDraw": true,
  "isCarlsenBlack": true,
  "moves": [
    "d4",
    "d5",
    "c4",
    "e6",
    "Nf3",
    "a6",
    "cxd5",
    "exd5",
    "Nc3",
    "h6",
    "Bf4",
    "Nf6",
    "e3",
    "Bd6",
    "Be5",
    "Be6",
    "Qb3",
    "Ra7",
    "Bd3",
    "Bxe5",
    "Nxe5",
    "O-O",
    "O-O",
    "Nbd7",
    "f4",
    "c5",
    "f5",
    "c4",
    "Qa3",
    "cxd3",
    "fxe6",
    "fxe6",
    "Nxd3",
    "Ra8",
    "Qd6",
    "Qb6",
    "Qxb6",
    "Nxb6",
    "Nc5",
    "Rf7",
    "b3",
    "Re8",
    "Rac1",
    "e5",
    "h3",
    "Nc8",
    "Nd3",
    "exd4",
    "exd4",
    "Na7",
    "Nf4",
    "Nc6",
    "Nfxd5",
    "Nxd5",
    "Nxd5",
    "Rd7",
    "Rc5",
    "Nxd4",
    "Rd1",
    "Ne6",
    "Rc4",
    "Red8",
    "Re1",
    "Rxd5",
    "Rxe6",
    "R8d6",
    "Rxd6",
    "Rxd6",
    "a4",
    "b6",
    "b4",
    "Rd1+",
    "Kf2",
    "Ra1",
    "Rc6",
    "Ra2+",
    "Kf3",
    "Ra3+",
    "Kf2",
    "Ra2+",
    "Kf3",
    "Ra3+",
    "Kf2",
    "Ra2+"
  ]
}