{
  "event": "GCT Croatia",
  "site": "0:17:33-0:05:33",
  "date": "2019.07.05",
  "eventDate": "2019.06.26",
  "dateMillis": 1562256000000,
  "eventDateMillis": 1561478400000,
  "round": "9.1",
  "result": "1/2-1/2",
  "white": "Magnus Carlsen",
  "black": "Levon Aronian",
  "isCarlsenWin": false,
  "isDraw": true,
  "isCarlsenBlack": false,
  "moves": [
    "d4",
    "Nf6",
    "c4",
    "e6",
    "Nf3",
    "d5",
    "Nc3",
    "Bb4",
    "Bg5",
    "dxc4",
    "e4",
    "c5",
    "e5",
    "cxd4",
    "Nxd4",
    "Bxc3+",
    "bxc3",
    "Qa5",
    "exf6",
    "Qxg5",
    "fxg7",
    "Qxg7",
    "Qd2",
    "O-O",
    "Bxc4",
    "Rd8",
    "Qe3",
    "Bd7",
    "O-O-O",
    "Nc6",
    "Bb3",
    "Be8",
    "Nxc6",
    "Bxc6",
    "h4",
    "Qf6",
    "Rh3",
    "b5",
    "Rg3+",
    "Kh8",
    "Rg4",
    "a5",
    "Rf4",
    "Qg7",
    "Rxd8+",
    "Rxd8",
    "g4",
    "b4",
    "g5",
    "bxc3",
    "Bc2",
    "Bd5",
    "Rf6",
    "Qf8",
    "Qxc3",
    "Rc8",
    "Qd3",
    "Qg7",
    "f4",
    "Kg8",
    "Kd2",
    "h6",
    "a3",
    "hxg5",
    "fxg5",
    "Rc4",
    "Qg3",
    "Be4",
    "Bb3",
    "Rd4+",
    "Ke1",
    "Bf5",
    "h5",
    "Rd3",
    "Qb8+",
    "Qf8",
    "Qxf8+",
    "Kxf8",
    "Bc2",
    "Rh3",
    "Bxf5",
    "exf5",
    "h6",
    "Kg8",
    "a4",
    "Rh4",
    "Rxf5",
    "Rxa4",
    "Kf2",
    "Rg4",
    "Kf3",
    "Rg1",
    "Kf2",
    "Rg4",
    "Kf3",
    "Rg1",
    "Kf2"
  ]
}