{
  "event": "GCT Croatia",
  "site": "Zagreb CRO",
  "date": "2019.07.07",
  "eventDate": "2019.06.26",
  "dateMillis": 1562428800000,
  "eventDateMillis": 1561478400000,
  "round": "11.1",
  "result": "1-0",
  "white": "Magnus Carlsen",
  "black": "Maxime Vachier-Lagrave",
  "isCarlsenWin": true,
  "isDraw": false,
  "isCarlsenBlack": false,
  "moves": [
    "d4",
    "Nf6",
    "c4",
    "g6",
    "Nc3",
    "d5",
    "Nf3",
    "Bg7",
    "cxd5",
    "Nxd5",
    "e4",
    "Nxc3",
    "bxc3",
    "c5",
    "Be3",
    "Qa5",
    "Qd2",
    "Nc6",
    "Rb1",
    "cxd4",
    "cxd4",
    "O-O",
    "Qxa5",
    "Nxa5",
    "Bd3",
    "Bg4",
    "O-O",
    "Bxf3",
    "gxf3",
    "e6",
    "Rfd1",
    "Rfd8",
    "Bf1",
    "b6",
    "Ba6",
    "Rd6",
    "Rbc1",
    "Rad8",
    "Bg5",
    "f6",
    "Be3",
    "h6",
    "Bb5",
    "f5",
    "d5",
    "g5",
    "Bd2",
    "fxe4",
    "fxe4",
    "a6",
    "Ba4",
    "exd5",
    "Bb4",
    "Re6",
    "Rxd5",
    "Rxd5",
    "exd5",
    "Re4",
    "Rc8+",
    "Kf7",
    "a3",
    "Be5",
    "Be8+",
    "Kg7",
    "d6",
    "Rd4",
    "d7",
    "Nb7",
    "Be7",
    "Re4",
    "Rc6",
    "Bd4",
    "Rc7"
  ]
}