{
  "event": "GCT Croatia",
  "site": "Zagreb CRO",
  "date": "2019.07.06",
  "eventDate": "2019.06.26",
  "dateMillis": 1562342400000,
  "eventDateMillis": 1561478400000,
  "round": "10.1",
  "result": "1/2-1/2",
  "white": "Wesley So",
  "black": "Magnus Carlsen",
  "isCarlsenWin": false,
  "isDraw": true,
  "isCarlsenBlack": true,
  "moves": [
    "d4",
    "Nf6",
    "c4",
    "e6",
    "Nc3",
    "Bb4",
    "Qc2",
    "d5",
    "cxd5",
    "Qxd5",
    "e3",
    "c5",
    "Bd2",
    "Bxc3",
    "Bxc3",
    "cxd4",
    "Bxd4",
    "Nc6",
    "Bc3",
    "O-O",
    "Nf3",
    "Rd8",
    "Be2",
    "Qe4",
    "Rc1",
    "Qxc2",
    "Rxc2",
    "Bd7",
    "Ne5",
    "Nxe5",
    "Bxe5",
    "Rac8",
    "Rxc8",
    "Rxc8",
    "O-O",
    "Nd5",
    "Rd1",
    "f6",
    "Bd4",
    "Ba4",
    "b3",
    "Be8",
    "Bc4",
    "b5",
    "Bxd5",
    "exd5",
    "Bxa7",
    "Ra8",
    "Bc5",
    "Rxa2",
    "h4",
    "Bf7",
    "e4",
    "Ra8",
    "exd5",
    "Rd8",
    "b4",
    "Rxd5",
    "Rxd5",
    "Bxd5",
    "f3",
    "h5",
    "Bd4",
    "Bc6",
    "Bc3",
    "Bd5",
    "Bd4",
    "Bc6",
    "Bc3",
    "Bd5",
    "Bd4"
  ]
}