{
  "event": "GCT Croatia",
  "site": "Zagreb CRO",
  "date": "2019.07.01",
  "eventDate": "2019.06.26",
  "dateMillis": 1561910400000,
  "eventDateMillis": 1561478400000,
  "round": "6.2",
  "result": "1-0",
  "white": "Magnus Carlsen",
  "black": "Hikaru Nakamura",
  "isCarlsenWin": true,
  "isDraw": false,
  "isCarlsenBlack": false,
  "moves": [
    "d4",
    "Nf6",
    "c4",
    "e6",
    "Nf3",
    "d5",
    "Nc3",
    "Be7",
    "Bf4",
    "O-O",
    "e3",
    "c5",
    "dxc5",
    "Bxc5",
    "a3",
    "Nc6",
    "Qc2",
    "Re8",
    "Bg5",
    "Be7",
    "Rd1",
    "Qa5",
    "Bd3",
    "dxc4",
    "Bxc4",
    "h6",
    "Bf4",
    "Bd7",
    "O-O",
    "Rac8",
    "e4",
    "e5",
    "Be3",
    "Nd4",
    "Bxd4",
    "Rxc4",
    "Bxe5",
    "Ba4",
    "b3",
    "Nxe4",
    "Rd3",
    "Rec8",
    "Qb2",
    "Nc5",
    "Re3",
    "Bxb3",
    "Bxg7",
    "Rg4",
    "Bxh6",
    "Bf6",
    "Ne5",
    "Bxe5",
    "Rxe5",
    "Qb6",
    "Qd2",
    "Rg6",
    "Be3",
    "Qc6",
    "Nd5",
    "Bxd5",
    "Qxd5",
    "b6",
    "g3",
    "Nd7",
    "Qxc6",
    "Rgxc6",
    "Rd5",
    "Nf8",
    "Rfd1",
    "Ne6",
    "a4",
    "Rc4",
    "a5",
    "Rb4",
    "Rd7",
    "bxa5",
    "Rxa7",
    "a4",
    "Rdd7",
    "Nd8",
    "Rd5",
    "Ne6",
    "Rda5",
    "Rcc4",
    "Kg2"
  ]
}