{
  "event": "GCT Croatia",
  "site": "Zagreb CRO",
  "date": "2019.07.04",
  "eventDate": "2019.06.26",
  "dateMillis": 1562169600000,
  "eventDateMillis": 1561478400000,
  "round": "8.1",
  "result": "0-1",
  "white": "Ding Liren",
  "black": "Magnus Carlsen",
  "isCarlsenWin": true,
  "isDraw": false,
  "isCarlsenBlack": true,
  "moves": [
    "d4",
    "Nf6",
    "c4",
    "e6",
    "Nf3",
    "d5",
    "g3",
    "Be7",
    "Bg2",
    "O-O",
    "O-O",
    "dxc4",
    "Qc2",
    "b5",
    "a4",
    "b4",
    "Nfd2",
    "Nd5",
    "Nxc4",
    "c5",
    "dxc5",
    "Ba6",
    "Ne3",
    "Nd7",
    "Nxd5",
    "exd5",
    "c6",
    "Rc8",
    "Bf4",
    "Nc5",
    "c7",
    "Qd7",
    "Nd2",
    "g5",
    "Be5",
    "f6",
    "Bd4",
    "Rxc7",
    "Qd1",
    "Ne6",
    "Nb3",
    "Bc4",
    "Na5",
    "Nxd4",
    "Qxd4",
    "Kg7",
    "Rfc1",
    "Bxe2",
    "Rxc7",
    "Qxc7",
    "Re1",
    "Bc5",
    "Qxd5",
    "Re8",
    "Qb7",
    "Qxb7",
    "Nxb7",
    "Bf8",
    "Bc6",
    "Re7",
    "f3",
    "Bc4",
    "Rxe7+",
    "Bxe7",
    "Kf2",
    "f5",
    "Ke3",
    "Bg8",
    "Kd3",
    "g4",
    "Na5",
    "Bc5",
    "Nc4",
    "Bg1",
    "Ne3",
    "Be6",
    "fxg4",
    "fxg4",
    "Ke2",
    "h5",
    "Bd5",
    "Bd7",
    "Bb3",
    "Bxh2",
    "Kf2",
    "h4",
    "gxh4",
    "Be5",
    "Nc4",
    "g3+",
    "Kg1",
    "Bf4",
    "Bd1",
    "Bc6",
    "b3",
    "Kh6",
    "a5",
    "Be4",
    "Kf1",
    "Kg7",
    "Kg1",
    "Kf6",
    "Kf1",
    "Ke6",
    "h5",
    "Kd5",
    "a6",
    "Kd4",
    "Bg4",
    "Kc3",
    "Be6",
    "Bc2",
    "Na5",
    "Bc7",
    "Nb7",
    "Bd3+",
    "Kg1",
    "Bxa6"
  ]
}