{
  "event": "GCT St. Louis Rapid & Blitz",
  "site": "St Louis, MO USA",
  "date": "2019.08.11",
  "eventDate": "2019.08.10",
  "dateMillis": 1565452800000,
  "eventDateMillis": 1565366400000,
  "round": "6.4",
  "result": "1/2-1/2",
  "white": "Yu Yangyi",
  "black": "Magnus Carlsen",
  "isCarlsenWin": false,
  "isDraw": true,
  "isCarlsenBlack": true,
  "moves": [
    "e4",
    "d6",
    "d4",
    "Nf6",
    "Nc3",
    "g6",
    "Nf3",
    "Bg7",
    "Be2",
    "O-O",
    "O-O",
    "c6",
    "a4",
    "Nbd7",
    "a5",
    "Qc7",
    "h3",
    "e5",
    "Be3",
    "Re8",
    "Bc4",
    "exd4",
    "Bxd4",
    "Ne5",
    "Nxe5",
    "dxe5",
    "Be3",
    "Nh5",
    "Na4",
    "Nf4",
    "Nc5",
    "Qe7",
    "Qf3",
    "Ne6",
    "c3",
    "Bf8",
    "Rfd1",
    "Qc7",
    "Bxe6",
    "Bxe6",
    "b4",
    "Bc8",
    "Rd2",
    "Rd8",
    "Rxd8",
    "Qxd8",
    "Rd1",
    "Qe7",
    "Na4",
    "Qc7",
    "Bg5",
    "Be6",
    "Nc5",
    "Re8",
    "Nxe6",
    "Rxe6",
    "Rd8",
    "h6",
    "Bf6",
    "c5",
    "Ra8",
    "cxb4",
    "cxb4",
    "Qd6",
    "Bh4",
    "Qxb4",
    "Rxa7",
    "Ra6",
    "Rxa6",
    "bxa6",
    "Bd8",
    "Bc5",
    "g4",
    "Qd4",
    "Bc7",
    "Kg7",
    "Kg2",
    "f6",
    "Qe2",
    "Kf7",
    "Bd8",
    "g5",
    "Qa2+",
    "Kg7",
    "Qc2",
    "Kg6",
    "Bc7",
    "h5",
    "Qe2",
    "hxg4",
    "hxg4",
    "Kg7",
    "Qc2",
    "Kf8",
    "Bd8",
    "Kg7",
    "Bc7",
    "Ba7",
    "Kf3",
    "Kg6",
    "Kg3",
    "Qb4",
    "Kg2",
    "Qc5",
    "Qxc5",
    "Bxc5",
    "Bb6",
    "Be7",
    "Kf3",
    "Kf7",
    "Ke2",
    "Ke6",
    "Kd3",
    "Kd7",
    "Kc4",
    "Ke6",
    "f3",
    "Bd6",
    "Bd8",
    "Bf8",
    "Bb6",
    "Bd6",
    "Bd8",
    "Bf8",
    "Bc7",
    "Bd6",
    "Bb6",
    "Be7",
    "Bc7",
    "Kd7",
    "Bb6",
    "Kc6",
    "Be3",
    "Bd8",
    "Bd2",
    "Be7",
    "Bc3",
    "Bc5"
  ]
}