{
  "event": "Sinquefield Cup",
  "site": "St Louis, MO USA",
  "date": "2019.08.26",
  "eventDate": "2019.08.17",
  "dateMillis": 1566748800000,
  "eventDateMillis": 1565971200000,
  "round": "9.5",
  "result": "1/2-1/2",
  "white": "Levon Aronian",
  "black": "Magnus Carlsen",
  "isCarlsenWin": false,
  "isDraw": true,
  "isCarlsenBlack": true,
  "moves": [
    "e4",
    "c5",
    "Nf3",
    "Nc6",
    "Bb5",
    "g6",
    "c3",
    "Nf6",
    "Qe2",
    "Bg7",
    "O-O",
    "O-O",
    "d4",
    "cxd4",
    "cxd4",
    "d6",
    "h3",
    "Nd7",
    "Rd1",
    "a6",
    "Bxc6",
    "bxc6",
    "Be3",
    "a5",
    "Qc2",
    "c5",
    "Nc3",
    "cxd4",
    "Bxd4",
    "Bb7",
    "Bxg7",
    "Kxg7",
    "Nd4",
    "Rc8",
    "Qd2",
    "Re8",
    "Qe3",
    "Qb6",
    "e5",
    "dxe5",
    "Nb3",
    "Nc5",
    "Qxe5+",
    "Kg8",
    "Qe3",
    "Qc6",
    "Nd5",
    "Nxb3",
    "axb3",
    "Qc5",
    "Rac1",
    "Qxe3",
    "Nxe3",
    "Rxc1",
    "Rxc1",
    "Rb8",
    "Rc5",
    "Bc8",
    "Nd5",
    "Be6",
    "Nxe7+",
    "Kf8",
    "Nc6",
    "Rxb3",
    "Nd4",
    "Rxb2",
    "Nxe6+",
    "fxe6",
    "Rxa5",
    "h5",
    "Ra6",
    "Kf7",
    "Ra5",
    "Rb1+",
    "Kh2",
    "Rb2",
    "Kg1",
    "Rb1+",
    "Kh2",
    "Rb2",
    "Kg1"
  ]
}