{
  "event": "GCT St. Louis Rapid & Blitz",
  "site": "St Louis, MO USA",
  "date": "2019.08.13",
  "eventDate": "2019.08.13",
  "dateMillis": 1565625600000,
  "eventDateMillis": 1565625600000,
  "round": "3.5",
  "result": "1-0",
  "white": "Magnus Carlsen",
  "black": "Shakhriyar Mamedyarov",
  "isCarlsenWin": true,
  "isDraw": false,
  "isCarlsenBlack": false,
  "moves": [
    "d4",
    "Nf6",
    "c4",
    "b6",
    "Nc3",
    "Bb7",
    "Nf3",
    "e6",
    "g3",
    "Bb4",
    "Bd2",
    "Bxc3",
    "Bxc3",
    "Ne4",
    "Rc1",
    "O-O",
    "Bg2",
    "d6",
    "O-O",
    "Nxc3",
    "Rxc3",
    "Nd7",
    "d5",
    "Nf6",
    "Ne1",
    "exd5",
    "cxd5",
    "Re8",
    "Nc2",
    "Qd7",
    "Ne3",
    "Re7",
    "Qc2",
    "g6",
    "Rc1",
    "Rc8",
    "Qd3",
    "Ng4",
    "Nxg4",
    "Qxg4",
    "e3",
    "Qd7",
    "Qd4",
    "f5",
    "h4",
    "Qe8",
    "e4",
    "fxe4",
    "Bh3",
    "c5",
    "dxc6",
    "Rxc6",
    "Qd5+"
  ]
}