{
  "event": "GCT St. Louis Rapid & Blitz",
  "site": "St Louis, MO USA",
  "date": "2019.08.10",
  "eventDate": "2019.08.08",
  "dateMillis": 1565366400000,
  "eventDateMillis": 1565193600000,
  "round": "3",
  "result": "1-0",
  "white": "Magnus Carlsen",
  "black": "Leinier Dominguez Perez",
  "isCarlsenWin": true,
  "isDraw": false,
  "isCarlsenBlack": false,
  "moves": [
    "d4",
    "d5",
    "c4",
    "e6",
    "Nc3",
    "Nf6",
    "cxd5",
    "Nxd5",
    "e4",
    "Nxc3",
    "bxc3",
    "c5",
    "Rb1",
    "Be7",
    "h4",
    "O-O",
    "h5",
    "h6",
    "Qg4",
    "f5",
    "Qg3",
    "Kh8",
    "Nh3",
    "cxd4",
    "Nf4",
    "Kh7",
    "Bc4",
    "Bg5",
    "O-O",
    "Nc6",
    "Ng6",
    "Re8",
    "Rd1",
    "Bxc1",
    "Rbxc1",
    "Qg5",
    "exf5",
    "exf5",
    "cxd4",
    "Bd7",
    "Qc7",
    "Rad8",
    "d5",
    "Nd4",
    "Qg3",
    "Re4",
    "Qxg5",
    "hxg5",
    "f3",
    "Ne2+",
    "Kf2",
    "Nxc1",
    "fxe4",
    "Rc8",
    "Rxc1",
    "b5",
    "e5",
    "Be8",
    "d6"
  ]
}