{
  "event": "GCT St. Louis Rapid & Blitz",
  "site": "St Louis, MO USA",
  "date": "2019.08.14",
  "eventDate": "2019.08.13",
  "dateMillis": 1565712000000,
  "eventDateMillis": 1565625600000,
  "round": "14.5",
  "result": "1-0",
  "white": "Fabiano Caruana",
  "black": "Magnus Carlsen",
  "isCarlsenWin": false,
  "isDraw": false,
  "isCarlsenBlack": true,
  "moves": [
    "e4",
    "e5",
    "Nf3",
    "Nc6",
    "Bb5",
    "f5",
    "d3",
    "fxe4",
    "dxe4",
    "Nf6",
    "O-O",
    "d6",
    "Bc4",
    "Bg4",
    "h3",
    "Bh5",
    "Nc3",
    "Qd7",
    "Be3",
    "Be7",
    "a4",
    "Rf8",
    "Be2",
    "Bxf3",
    "Bxf3",
    "Kf7",
    "Nd5",
    "Kg8",
    "a5",
    "a6",
    "c3",
    "Kh8",
    "Qb3",
    "Nd8",
    "Rad1",
    "Nxd5",
    "Bg4",
    "Qb5",
    "Qxd5",
    "Qxb2",
    "Qc4",
    "c6",
    "Rb1",
    "Qa3",
    "Bb6",
    "Nf7",
    "Ra1",
    "Qb2",
    "Rfb1",
    "d5",
    "Qd3",
    "dxe4",
    "Qd7",
    "Qxc3",
    "Qxe7",
    "Nh6",
    "Be3",
    "Rf7",
    "Qe6",
    "Raf8",
    "Ra2",
    "Nxg4",
    "hxg4",
    "Qd3",
    "Qb3",
    "Qd7",
    "Qd1",
    "Qe6",
    "Rd2",
    "h6",
    "Rbb2",
    "Kh7",
    "Rd6",
    "Qe7",
    "g5",
    "hxg5",
    "Rbd2",
    "Kg8",
    "Qg4",
    "Qc7",
    "Bb6",
    "Qe7",
    "Be3",
    "Qc7",
    "Rd7",
    "Qc8",
    "Qe6",
    "c5",
    "Qc4",
    "Qe8",
    "Rxb7",
    "Kh7",
    "Rxf7",
    "Rxf7",
    "Qxa6",
    "Qa4",
    "Qe6",
    "Qa1+",
    "Kh2",
    "Rf6",
    "Qg4",
    "Qxa5",
    "Qxe4+",
    "Kh6",
    "Qh4+",
    "Kg6",
    "Qxg5+",
    "Kh7",
    "Qh5+",
    "Kg8",
    "Qe8+",
    "Kh7",
    "Rd8",
    "Rf5",
    "Qg8+",
    "Kg6",
    "Rd6+",
    "Rf6",
    "Qe8+",
    "Kf5",
    "Qh5+",
    "Ke4",
    "Qg4+"
  ]
}