{
  "event": "GCT St. Louis Rapid & Blitz",
  "site": "St Louis, MO USA",
  "date": "2019.08.11",
  "eventDate": "2019.08.10",
  "dateMillis": 1565452800000,
  "eventDateMillis": 1565366400000,
  "round": "5.1",
  "result": "0-1",
  "white": "Magnus Carlsen",
  "black": "Levon Aronian",
  "isCarlsenWin": false,
  "isDraw": false,
  "isCarlsenBlack": false,
  "moves": [
    "d4",
    "Nf6",
    "Nf3",
    "d5",
    "Bf4",
    "e6",
    "e3",
    "Bd6",
    "Bg3",
    "O-O",
    "Nbd2",
    "b6",
    "c3",
    "Bb7",
    "Bd3",
    "Nbd7",
    "Qc2",
    "Bxg3",
    "hxg3",
    "h6",
    "Rh4",
    "c5",
    "Ne5",
    "Rc8",
    "f4",
    "a6",
    "a4",
    "cxd4",
    "exd4",
    "Nxe5",
    "fxe5",
    "Nd7",
    "Nf3",
    "f6",
    "exf6",
    "Qxf6",
    "Rf4",
    "Qe7",
    "Bh7+",
    "Kh8",
    "Nh4",
    "Rxf4",
    "Ng6+",
    "Kxh7",
    "Nxe7+",
    "Re4+",
    "Qxe4+",
    "dxe4",
    "Nxc8",
    "Bxc8",
    "b4",
    "Kg6",
    "c4",
    "Kf7",
    "b5",
    "e5",
    "dxe5",
    "a5",
    "Rd1",
    "Nxe5",
    "Rd4",
    "Be6",
    "Rxe4",
    "Nxc4",
    "Ke2",
    "Nd6",
    "Rf4+",
    "Ke7",
    "Kd3",
    "Nb7"
  ]
}