{
  "event": "GCT St. Louis Rapid & Blitz",
  "site": "St Louis, MO USA",
  "date": "2019.08.10",
  "eventDate": "2019.08.08",
  "dateMillis": 1565366400000,
  "eventDateMillis": 1565193600000,
  "round": "2",
  "result": "0-1",
  "white": "Richard Rapport",
  "black": "Magnus Carlsen",
  "isCarlsenWin": true,
  "isDraw": false,
  "isCarlsenBlack": true,
  "moves": [
    "Nf3",
    "d5",
    "g3",
    "Bg4",
    "Bg2",
    "e6",
    "c4",
    "c6",
    "O-O",
    "Nf6",
    "cxd5",
    "Bxf3",
    "Bxf3",
    "cxd5",
    "d4",
    "Nc6",
    "e3",
    "Be7",
    "Nc3",
    "O-O",
    "Qe2",
    "Rc8",
    "Rd1",
    "Qd7",
    "Bd2",
    "Rfd8",
    "Be1",
    "Ne8",
    "Rac1",
    "f5",
    "Bg2",
    "Nf6",
    "Na4",
    "b6",
    "Nc3",
    "Na5",
    "Nb1",
    "Nc4",
    "Rc2",
    "g5",
    "Rdc1",
    "g4",
    "Bf1",
    "Ne4",
    "b3",
    "Ncd6",
    "Qa6",
    "Rxc2",
    "Rxc2",
    "Kf7",
    "a4",
    "h5",
    "a5",
    "Rb8",
    "axb6",
    "Rxb6",
    "Qa2",
    "Qb7",
    "Ba5",
    "Rxb3",
    "Rc7",
    "Qb8",
    "Nd2",
    "Rb2",
    "Qa4",
    "Nxd2",
    "Qd7",
    "Nf3+",
    "Kh1",
    "Qxc7"
  ]
}