{
  "event": "GCT St. Louis Rapid & Blitz",
  "site": "St. Louis MO USA",
  "date": "2019.08.12",
  "eventDate": "2019.08.10",
  "dateMillis": 1565539200000,
  "eventDateMillis": 1565366400000,
  "round": "8.1",
  "result": "1-0",
  "white": "Sergey Karjakin",
  "black": "Magnus Carlsen",
  "isCarlsenWin": false,
  "isDraw": false,
  "isCarlsenBlack": true,
  "moves": [
    "d4",
    "Nf6",
    "c4",
    "e6",
    "Nf3",
    "Bb4+",
    "Nbd2",
    "O-O",
    "a3",
    "Be7",
    "e4",
    "d6",
    "Be2",
    "Nbd7",
    "Qc2",
    "c5",
    "d5",
    "e5",
    "Nf1",
    "a6",
    "Ng3",
    "g6",
    "O-O",
    "Ne8",
    "b4",
    "Ng7",
    "Bh6",
    "b6",
    "Rab1",
    "a5",
    "h3",
    "Kh8",
    "Rb2",
    "axb4",
    "axb4",
    "Nf6",
    "bxc5",
    "bxc5",
    "Rfb1",
    "Ng8",
    "Bd2",
    "f5",
    "Rb8",
    "Rxb8",
    "Rxb8",
    "f4",
    "Nf1",
    "g5",
    "Qa4",
    "h6",
    "Ba5",
    "Qd7",
    "Qc6",
    "Nf6",
    "N1d2",
    "Qxc6",
    "dxc6",
    "Ne6",
    "Ra8",
    "Bd8",
    "Bxd8",
    "Rxd8",
    "Bd1",
    "Nc7",
    "Ra7",
    "Nfe8",
    "Nh2",
    "Be6",
    "Bh5",
    "Rc8",
    "Ng4",
    "Bxg4",
    "Bxg4",
    "Ra8",
    "Rb7",
    "Kg7",
    "Bd7",
    "Kf6",
    "Nb1",
    "Na6",
    "Nc3",
    "Nec7",
    "Nb5",
    "Ne6",
    "Bxe6",
    "Kxe6",
    "Na7",
    "h5",
    "f3",
    "g4",
    "hxg4",
    "hxg4",
    "fxg4",
    "Rg8",
    "Kf2",
    "Rxg4",
    "Rb6",
    "Nc7",
    "Nb5",
    "Rg7",
    "Rb7",
    "Ne8",
    "Rb8",
    "Nc7",
    "Rd8"
  ]
}