{
  "event": "GCT St. Louis Rapid & Blitz",
  "site": "St Louis, MO USA",
  "date": "2019.08.13",
  "eventDate": "2019.08.13",
  "dateMillis": 1565625600000,
  "eventDateMillis": 1565625600000,
  "round": "6.4",
  "result": "1-0",
  "white": "Yu Yangyi",
  "black": "Magnus Carlsen",
  "isCarlsenWin": false,
  "isDraw": false,
  "isCarlsenBlack": true,
  "moves": [
    "e4",
    "c5",
    "Nf3",
    "d6",
    "d4",
    "cxd4",
    "Nxd4",
    "Nf6",
    "Nc3",
    "Bd7",
    "Be3",
    "Ng4",
    "Bc1",
    "Nc6",
    "Be2",
    "Nf6",
    "Be3",
    "g6",
    "Qd2",
    "Bg7",
    "O-O-O",
    "h5",
    "f3",
    "Rc8",
    "Kb1",
    "Ne5",
    "Rhe1",
    "O-O",
    "h3",
    "a6",
    "g4",
    "b5",
    "Nd5",
    "Nc4",
    "Bxc4",
    "bxc4",
    "Nxf6+",
    "Bxf6",
    "gxh5",
    "c3",
    "Qg2",
    "Kh7",
    "hxg6+",
    "fxg6",
    "b3",
    "Qa5",
    "f4",
    "Rc4",
    "e5",
    "dxe5",
    "fxe5",
    "Bxe5",
    "Qg5",
    "Rc7",
    "Rg1",
    "Rf6",
    "Nf3",
    "Bf5",
    "Qh6+"
  ]
}