{
  "event": "GCT St. Louis Rapid & Blitz",
  "site": "St Louis, MO USA",
  "date": "2019.08.14",
  "eventDate": "2019.08.13",
  "dateMillis": 1565712000000,
  "eventDateMillis": 1565625600000,
  "round": "11.3",
  "result": "1-0",
  "white": "Magnus Carlsen",
  "black": "Sergey Karjakin",
  "isCarlsenWin": true,
  "isDraw": false,
  "isCarlsenBlack": false,
  "moves": [
    "d4",
    "Nf6",
    "c4",
    "e6",
    "Nc3",
    "Bb4",
    "a3",
    "Bxc3+",
    "bxc3",
    "O-O",
    "f3",
    "c5",
    "e4",
    "Nc6",
    "Be3",
    "b6",
    "Bd3",
    "Ba6",
    "Nh3",
    "Na5",
    "Bg5",
    "h6",
    "Bh4",
    "Qc7",
    "Bxf6",
    "gxf6",
    "Qd2",
    "Kg7",
    "Nf4",
    "Rh8",
    "Nh5+",
    "Kf8",
    "Qf2",
    "Bxc4",
    "Bxc4",
    "Nxc4",
    "O-O",
    "Rg8",
    "Nxf6",
    "Rg6",
    "e5",
    "d6",
    "f4",
    "Kg7",
    "Rae1",
    "cxd4",
    "cxd4",
    "Rc8",
    "f5",
    "exf5",
    "Qxf5",
    "dxe5",
    "dxe5",
    "Qc5+",
    "Kh1",
    "Rc7",
    "Ne8+"
  ]
}