{
  "event": "GCT St. Louis Rapid & Blitz",
  "site": "St. Louis MO USA",
  "date": "2019.08.12",
  "eventDate": "2019.08.10",
  "dateMillis": 1565539200000,
  "eventDateMillis": 1565366400000,
  "round": "9.4",
  "result": "1/2-1/2",
  "white": "Magnus Carlsen",
  "black": "Shakhriyar Mamedyarov",
  "isCarlsenWin": false,
  "isDraw": true,
  "isCarlsenBlack": false,
  "moves": [
    "d4",
    "d5",
    "c4",
    "c5",
    "cxd5",
    "Qxd5",
    "Nf3",
    "cxd4",
    "Qxd4",
    "Qxd4",
    "Nxd4",
    "Bd7",
    "e4",
    "Nc6",
    "Be3",
    "e5",
    "Nb5",
    "Rc8",
    "Nd2",
    "Nf6",
    "f3",
    "a6",
    "Nc3",
    "b5",
    "a4",
    "Nd4",
    "Bd3",
    "bxa4",
    "Bxd4",
    "exd4",
    "Ne2",
    "Bb4",
    "Nxd4",
    "a3",
    "Ke2",
    "axb2",
    "Rxa6",
    "Rc1",
    "Rd1",
    "O-O",
    "N4b3",
    "Rfc8",
    "Rb6",
    "Bf8",
    "Na5",
    "Ba4",
    "Rf1",
    "Ba3",
    "Nac4",
    "Nd7",
    "Ra6",
    "Rxf1",
    "Kxf1",
    "Nc5",
    "Nxa3",
    "Nxa6",
    "Bxa6",
    "Rc1+",
    "Kf2",
    "Ra1",
    "Nac4",
    "Bc6",
    "Bc8",
    "Bb5",
    "Nxb2",
    "Ra2",
    "Ke3",
    "Rxb2",
    "h4",
    "Kf8",
    "Bb7",
    "Bf1",
    "Nxf1",
    "Rxb7",
    "Kf4",
    "Ke7",
    "Ne3",
    "Rb2",
    "Nf5+",
    "Kf8",
    "g4",
    "g6",
    "Ne3",
    "f6",
    "g5",
    "Kf7",
    "Nd5",
    "fxg5+",
    "hxg5",
    "Ke6",
    "Nc7+",
    "Kd6",
    "Nd5",
    "Rb7",
    "Ke3",
    "Kc5",
    "Nf6",
    "Kd6",
    "Ng4",
    "Rb5",
    "Kf4",
    "Ke6",
    "Ne3",
    "Rb7",
    "Ng4",
    "Rf7+",
    "Ke3",
    "Kd6",
    "Nh6",
    "Ra7",
    "Ng4"
  ]
}