{
  "event": "Sinquefield Cup",
  "site": "St Louis, MO USA",
  "date": "2019.08.18",
  "eventDate": "2019.08.17",
  "dateMillis": 1566057600000,
  "eventDateMillis": 1565971200000,
  "round": "2",
  "result": "1/2-1/2",
  "white": "Viswanathan Anand",
  "black": "Magnus Carlsen",
  "isCarlsenWin": false,
  "isDraw": true,
  "isCarlsenBlack": true,
  "moves": [
    "e4",
    "c5",
    "Nf3",
    "Nc6",
    "Bb5",
    "g6",
    "Bxc6",
    "bxc6",
    "d4",
    "Bg7",
    "dxc5",
    "Qa5+",
    "Nbd2",
    "Qxc5",
    "O-O",
    "d6",
    "Re1",
    "f6",
    "a3",
    "Nh6",
    "b4",
    "Qh5",
    "c4",
    "O-O",
    "Qa4",
    "Bd7",
    "Nf1",
    "Nf7",
    "Ng3",
    "Qg4",
    "c5",
    "e5",
    "cxd6",
    "c5",
    "Qb3",
    "cxb4",
    "axb4",
    "Qe6",
    "Qxe6",
    "Bxe6",
    "Be3",
    "a6",
    "Rec1",
    "Rfd8",
    "Nd2",
    "Bf8",
    "Nc4",
    "Rac8",
    "Bc5",
    "Bxc4",
    "Rxc4",
    "Nxd6",
    "Rcc1",
    "Rc6",
    "f3",
    "Nb5",
    "Bxf8",
    "Rxc1+",
    "Rxc1",
    "Kxf8",
    "Nf1",
    "Nd4",
    "Rc4",
    "Ke7",
    "Ne3",
    "Kd6",
    "Rc5",
    "Nc6",
    "Rd5+",
    "Ke7",
    "b5",
    "axb5",
    "Rxb5",
    "Rb8",
    "Rxb8",
    "Nxb8",
    "Kf2",
    "Ke6",
    "g3",
    "Nd7",
    "Nc4",
    "Nc5",
    "Ke3",
    "Nd7",
    "Kf2",
    "Nc5",
    "Ke3",
    "Nd7",
    "Kf2"
  ]
}