{
  "event": "GCT St. Louis Rapid & Blitz",
  "site": "St. Louis MO USA",
  "date": "2019.08.12",
  "eventDate": "2019.08.10",
  "dateMillis": 1565539200000,
  "eventDateMillis": 1565366400000,
  "round": "7.2",
  "result": "1-0",
  "white": "Magnus Carlsen",
  "black": "Maxime Vachier-Lagrave",
  "isCarlsenWin": true,
  "isDraw": false,
  "isCarlsenBlack": false,
  "moves": [
    "d4",
    "Nf6",
    "c4",
    "g6",
    "Nc3",
    "d5",
    "Nf3",
    "Bg7",
    "Qb3",
    "dxc4",
    "Qxc4",
    "O-O",
    "e4",
    "Nc6",
    "h3",
    "Nd7",
    "Be3",
    "Nb6",
    "Qc5",
    "a5",
    "Rc1",
    "Nd7",
    "Qa3",
    "e5",
    "d5",
    "Nd4",
    "Nb5",
    "c5",
    "dxc6",
    "Nxc6",
    "Be2",
    "Nf6",
    "Rd1",
    "Bd7",
    "Bc5",
    "Nxe4",
    "Bxf8",
    "Bxf8",
    "Qe3",
    "Nc5",
    "O-O",
    "Qf6",
    "Nc7",
    "Rd8",
    "Nd5",
    "Qg7",
    "Nb6",
    "e4",
    "Nd4",
    "Be8",
    "Nxc6",
    "Rxd1",
    "Rxd1",
    "Bxc6",
    "Bc4",
    "Qe5",
    "Qd4",
    "Qg5",
    "Nd5",
    "Bxd5",
    "Bxd5",
    "Nd3",
    "Qxe4",
    "Nxb2",
    "Rb1",
    "Qf6",
    "Bxf7+"
  ]
}