{
  "event": "Sinquefield Cup",
  "site": "St Louis, MO USA",
  "date": "2019.08.27",
  "eventDate": "2019.08.17",
  "dateMillis": 1566835200000,
  "eventDateMillis": 1565971200000,
  "round": "10.4",
  "result": "1-0",
  "white": "Magnus Carlsen",
  "black": "Wesley So",
  "isCarlsenWin": true,
  "isDraw": false,
  "isCarlsenBlack": false,
  "moves": [
    "e4",
    "e5",
    "Nf3",
    "Nc6",
    "Bc4",
    "Bc5",
    "O-O",
    "Nf6",
    "d3",
    "O-O",
    "c3",
    "d6",
    "h3",
    "h6",
    "Re1",
    "a6",
    "a4",
    "a5",
    "Nbd2",
    "Be6",
    "Bb5",
    "Na7",
    "d4",
    "Nxb5",
    "dxc5",
    "Na7",
    "b3",
    "Re8",
    "cxd6",
    "Qxd6",
    "Ba3",
    "c5",
    "Nc4",
    "Qxd1",
    "Raxd1",
    "Bxc4",
    "bxc4",
    "b6",
    "Nh4",
    "Rad8",
    "f3",
    "g6",
    "g3",
    "Nh5",
    "Kf2",
    "Nc6",
    "Bc1",
    "Kg7",
    "Be3",
    "Rxd1",
    "Rxd1",
    "Rd8",
    "Rb1",
    "Rb8",
    "Ng2",
    "Nf6",
    "Ke2",
    "Ne8",
    "Bf2",
    "Nd6",
    "Ne3",
    "Ne7",
    "Nd5",
    "Nxd5",
    "cxd5",
    "Rb7",
    "Kd3",
    "f5",
    "c4",
    "fxe4+",
    "fxe4",
    "Rf7",
    "Rxb6",
    "Rxf2",
    "Rxd6",
    "Rf3+",
    "Ke2",
    "Rc3",
    "Re6",
    "Rxc4",
    "Rxe5",
    "Rxa4",
    "Re7+",
    "Kf6",
    "d6"
  ]
}