{
  "event": "GCT St. Louis Rapid & Blitz",
  "site": "St Louis, MO USA",
  "date": "2019.08.14",
  "eventDate": "2019.08.13",
  "dateMillis": 1565712000000,
  "eventDateMillis": 1565625600000,
  "round": "15.5",
  "result": "0-1",
  "white": "Magnus Carlsen",
  "black": "Yu Yangyi",
  "isCarlsenWin": false,
  "isDraw": false,
  "isCarlsenBlack": false,
  "moves": [
    "e4",
    "e5",
    "Nf3",
    "Nf6",
    "Nxe5",
    "d6",
    "Nxf7",
    "Kxf7",
    "d4",
    "c5",
    "Nc3",
    "cxd4",
    "Bc4+",
    "Ke8",
    "Qxd4",
    "Nc6",
    "Qe3",
    "Qb6",
    "Qg3",
    "Nd4",
    "O-O",
    "Be6",
    "Bxe6",
    "Nxe6",
    "Nd5",
    "Qc6",
    "Nxf6+",
    "gxf6",
    "Qg4",
    "Ke7",
    "Bd2",
    "h5",
    "Qg6",
    "Bh6",
    "Bc3",
    "Raf8",
    "Rfe1",
    "Bf4",
    "Rad1",
    "Be5",
    "Re3",
    "Rfg8",
    "Qf5",
    "Nf4",
    "Bxe5",
    "dxe5",
    "h4",
    "Nxg2",
    "Rg3",
    "Ne3"
  ]
}