{
  "event": "GCT St. Louis Rapid & Blitz",
  "site": "St Louis, MO USA",
  "date": "2019.08.14",
  "eventDate": "2019.08.13",
  "dateMillis": 1565712000000,
  "eventDateMillis": 1565625600000,
  "round": "17.1",
  "result": "1/2-1/2",
  "white": "Magnus Carlsen",
  "black": "Levon Aronian",
  "isCarlsenWin": false,
  "isDraw": true,
  "isCarlsenBlack": false,
  "moves": [
    "d4",
    "Nf6",
    "c4",
    "e6",
    "Nc3",
    "Bb4",
    "a3",
    "Bxc3+",
    "bxc3",
    "b6",
    "f3",
    "Nc6",
    "e4",
    "Na5",
    "Bd3",
    "d6",
    "Nh3",
    "Ba6",
    "Qe2",
    "e5",
    "Be3",
    "Qd7",
    "a4",
    "Qc6",
    "d5",
    "Qd7",
    "O-O",
    "Qe7",
    "Nf2",
    "Nd7",
    "Rab1",
    "O-O",
    "g4",
    "Rac8",
    "Nh1",
    "c6",
    "Ng3",
    "g6",
    "c5",
    "Bxd3",
    "cxd6",
    "Bxe2",
    "dxe7",
    "Bxf1",
    "exf8=Q+",
    "Kxf8",
    "Kxf1",
    "cxd5",
    "exd5",
    "Rxc3",
    "Bd2",
    "Rxf3+",
    "Ke2",
    "Rb3",
    "Rc1",
    "Rb2",
    "Rc7",
    "Nf6",
    "Kd3",
    "Nxd5",
    "Bh6+",
    "Ke8",
    "Rxa7",
    "Rb3+",
    "Kc2",
    "Ne3+",
    "Bxe3",
    "Rxe3",
    "g5",
    "Nc6",
    "Rb7",
    "Nb4+",
    "Kd2",
    "Rd3+",
    "Ke2",
    "Rd4",
    "Rxb6",
    "Nd5",
    "Ra6",
    "Nc3+",
    "Ke3",
    "Nxa4",
    "Ra5",
    "Rb4",
    "Ne4",
    "Nb6",
    "Rxe5+",
    "Kf8",
    "Rc5",
    "Rc4",
    "Rb5",
    "Nd7",
    "h4",
    "Ra4",
    "Kf4",
    "Rc4",
    "Ra5",
    "Rb4",
    "Ra8+",
    "Ke7",
    "Ra7",
    "Ke6",
    "Ra6+",
    "Ke7",
    "Ra7"
  ]
}