{
  "event": "Sinquefield Cup Tiebreaks",
  "site": "St Louis, MO USA",
  "date": "2019.08.29",
  "eventDate": "2019.08.29",
  "dateMillis": 1567008000000,
  "eventDateMillis": 1567008000000,
  "round": "1",
  "result": "1/2-1/2",
  "white": "Magnus Carlsen",
  "black": "Ding Liren",
  "isCarlsenWin": false,
  "isDraw": true,
  "isCarlsenBlack": false,
  "moves": [
    "d4",
    "Nf6",
    "c4",
    "e6",
    "Nf3",
    "d5",
    "Nc3",
    "c6",
    "g3",
    "dxc4",
    "Ne5",
    "Nbd7",
    "Nxc4",
    "b5",
    "Ne5",
    "Nxe5",
    "dxe5",
    "Qxd1+",
    "Kxd1",
    "Nd5",
    "Ne4",
    "Bb7",
    "Bg2",
    "c5",
    "Bd2",
    "Be7",
    "Rc1",
    "c4",
    "Kc2",
    "O-O-O",
    "Rhd1",
    "f5",
    "Nd6+",
    "Bxd6",
    "exd6",
    "Rxd6",
    "Bxd5",
    "exd5",
    "Bc3",
    "Re8",
    "e3",
    "g5",
    "Rd4",
    "Re4",
    "Rh1",
    "Rh6",
    "h4",
    "Kd7",
    "a3",
    "g4",
    "Rxe4",
    "fxe4",
    "b4",
    "Ra6",
    "Kb2",
    "h5",
    "Rd1",
    "Ke6",
    "Rd2",
    "Bc6",
    "Bd4",
    "Be8",
    "Bc3",
    "Bc6",
    "Bd4",
    "Be8",
    "Bc3",
    "Bc6"
  ]
}