{
  "event": "GCT St. Louis Rapid & Blitz",
  "site": "St Louis, MO USA",
  "date": "2019.08.13",
  "eventDate": "2019.08.13",
  "dateMillis": 1565625600000,
  "eventDateMillis": 1565625600000,
  "round": "1.1",
  "result": "1-0",
  "white": "Magnus Carlsen",
  "black": "Maxime Vachier-Lagrave",
  "isCarlsenWin": true,
  "isDraw": false,
  "isCarlsenBlack": false,
  "moves": [
    "d4",
    "Nf6",
    "c4",
    "g6",
    "h4",
    "Bg7",
    "Nc3",
    "c5",
    "d5",
    "e6",
    "e4",
    "exd5",
    "exd5",
    "O-O",
    "Be2",
    "Re8",
    "Kf1",
    "a6",
    "a4",
    "d6",
    "h5",
    "Ne4",
    "Nxe4",
    "Rxe4",
    "hxg6",
    "hxg6",
    "Nf3",
    "Bg4",
    "Bg5",
    "Bf6",
    "Be3",
    "Nd7",
    "Nd2",
    "Rxe3",
    "fxe3",
    "Bxe2+",
    "Qxe2",
    "Qe7",
    "Rh3",
    "Re8",
    "Rb1",
    "Bg5",
    "Re1",
    "Qf6+",
    "Qf2",
    "Qxb2",
    "Nf3",
    "Qxf2+",
    "Kxf2",
    "Bf6",
    "Rb1",
    "b6",
    "Ke2",
    "Re4",
    "Kd3",
    "Rg4",
    "g3",
    "Kf8",
    "a5",
    "bxa5",
    "Rb7",
    "Ke7",
    "Ra7",
    "a4",
    "Rxa6",
    "Ne5+",
    "Nxe5",
    "Bxe5",
    "Ra7+",
    "Kf6",
    "Rh7",
    "Rxg3",
    "Rhxf7+",
    "Kg5",
    "Rxa4",
    "Rg1",
    "Ra2",
    "Kg4",
    "Re7",
    "Bg3",
    "Re6",
    "g5",
    "Ra6",
    "Rd1+",
    "Ke4",
    "Rc1",
    "Raxd6",
    "Bxd6",
    "Rxd6",
    "Rxc4+",
    "Kd3",
    "Rc1",
    "Rf6",
    "c4+",
    "Kd2",
    "Ra1",
    "d6",
    "Ra3",
    "e4",
    "Rd3+",
    "Kc2",
    "Kh3",
    "e5",
    "g4",
    "Rh6+",
    "Kg2",
    "Rh7",
    "g3",
    "d7",
    "Kf2",
    "e6",
    "g2",
    "Rf7+",
    "Ke2",
    "Rg7",
    "Kf2",
    "Rxg2+",
    "Kxg2",
    "e7",
    "Rxd7",
    "e8=Q",
    "Rd3",
    "Qe4+",
    "Kf2",
    "Qxc4",
    "Rf3",
    "Kd2",
    "Kg3",
    "Qe4",
    "Rf4",
    "Qg6+",
    "Kf2",
    "Qg5",
    "Rf3",
    "Qg4",
    "Ra3",
    "Qd4+",
    "Kf1",
    "Qf6+",
    "Kg2",
    "Ke2",
    "Rg3",
    "Qf5",
    "Kh2",
    "Qh5+",
    "Kg1",
    "Qh4",
    "Kg2",
    "Qe4+",
    "Kg1",
    "Qd5",
    "Rg6",
    "Qd4+",
    "Kh2",
    "Qh4+",
    "Kg1",
    "Kf3",
    "Rg2",
    "Qe1+",
    "Kh2",
    "Qe5+",
    "Kh1",
    "Qh8+",
    "Kg1",
    "Qh4",
    "Rg8",
    "Qd4+",
    "Kh1",
    "Qh4+",
    "Kg1",
    "Qe1+",
    "Kh2",
    "Qd2+",
    "Kh1",
    "Qc1+",
    "Kh2",
    "Qc2+",
    "Kh1",
    "Qh7+"
  ]
}