{
  "event": "Sinquefield Cup",
  "site": "St Louis, MO USA",
  "date": "2019.08.25",
  "eventDate": "2019.08.17",
  "dateMillis": 1566662400000,
  "eventDateMillis": 1565971200000,
  "round": "8",
  "result": "1/2-1/2",
  "white": "Magnus Carlsen",
  "black": "Ding Liren",
  "isCarlsenWin": false,
  "isDraw": true,
  "isCarlsenBlack": false,
  "moves": [
    "d4",
    "Nf6",
    "c4",
    "e6",
    "Nc3",
    "Bb4",
    "Nf3",
    "O-O",
    "Bg5",
    "c5",
    "Rc1",
    "h6",
    "Bh4",
    "cxd4",
    "Nxd4",
    "d5",
    "cxd5",
    "g5",
    "Bg3",
    "Qxd5",
    "e3",
    "Qxa2",
    "Qc2",
    "Nd5",
    "h4",
    "Nxc3",
    "bxc3",
    "Qxc2",
    "Rxc2",
    "Be7",
    "hxg5",
    "hxg5",
    "f4",
    "Nc6",
    "fxg5",
    "Bxg5",
    "Rh5",
    "f6",
    "Nf3",
    "Bxe3",
    "Re2",
    "Bc1",
    "Re4",
    "e5",
    "Bc4+",
    "Kg7",
    "Reh4",
    "Kg6",
    "Rh7",
    "Bg4",
    "Bd3+",
    "f5",
    "Nxe5+",
    "Nxe5",
    "Bxe5",
    "Kg5",
    "g3",
    "Rg8",
    "Rxb7",
    "Rae8",
    "Rb5",
    "Rg6",
    "Kf2",
    "Rb6",
    "Rxb6",
    "axb6",
    "Rh1",
    "Rxe5",
    "Rxc1",
    "f4",
    "gxf4+",
    "Kxf4",
    "Rb1",
    "Rc5",
    "Rb4+",
    "Kg5",
    "Rxb6",
    "Rxc3",
    "Ke3",
    "Bf5",
    "Rd6",
    "Rxd3+",
    "Rxd3",
    "Bxd3"
  ]
}