{
  "event": "GCT St. Louis Rapid & Blitz",
  "site": "St Louis, MO USA",
  "date": "2019.08.13",
  "eventDate": "2019.08.13",
  "dateMillis": 1565625600000,
  "eventDateMillis": 1565625600000,
  "round": "8.1",
  "result": "1/2-1/2",
  "white": "Levon Aronian",
  "black": "Magnus Carlsen",
  "isCarlsenWin": false,
  "isDraw": true,
  "isCarlsenBlack": true,
  "moves": [
    "c4",
    "e6",
    "g3",
    "g6",
    "Bg2",
    "Bg7",
    "Nc3",
    "Ne7",
    "e4",
    "c5",
    "d3",
    "Nbc6",
    "Be3",
    "d6",
    "h4",
    "h6",
    "f4",
    "h5",
    "Nf3",
    "Nd4",
    "O-O",
    "Nec6",
    "Rb1",
    "b6",
    "Ne2",
    "Nxf3+",
    "Bxf3",
    "e5",
    "Bf2",
    "exf4",
    "gxf4",
    "Bg4",
    "Nc3",
    "Bd4",
    "e5",
    "Rc8",
    "exd6",
    "Qxh4",
    "Qe1+",
    "Kd7",
    "Bxc6+",
    "Rxc6",
    "Bxd4",
    "Qxe1",
    "Rbxe1",
    "cxd4",
    "Nb5",
    "a6",
    "Re7+",
    "Kd8",
    "Nc7",
    "Rxd6",
    "Rxf7",
    "Bf5",
    "Re1",
    "Rd7",
    "Rxd7+",
    "Kxd7",
    "Nd5",
    "Bxd3",
    "Rd1",
    "Bf5",
    "Rxd4",
    "Kd6",
    "b4",
    "Kc6",
    "Ne7+",
    "Kc7",
    "Nxf5",
    "gxf5",
    "Rd5",
    "Re8",
    "Rxf5",
    "Re4",
    "c5",
    "Rxb4",
    "cxb6+",
    "Kxb6",
    "Kg2"
  ]
}