{
  "event": "Sinquefield Cup",
  "site": "St Louis, MO USA",
  "date": "2019.08.17",
  "eventDate": "2019.08.17",
  "dateMillis": 1565971200000,
  "eventDateMillis": 1565971200000,
  "round": "1",
  "result": "1/2-1/2",
  "white": "Magnus Carlsen",
  "black": "Anish Giri",
  "isCarlsenWin": false,
  "isDraw": true,
  "isCarlsenBlack": false,
  "moves": [
    "c4",
    "Nf6",
    "Nc3",
    "e5",
    "Nf3",
    "Nc6",
    "e4",
    "Bb4",
    "d3",
    "d6",
    "Be2",
    "Bg4",
    "a3",
    "Bc5",
    "b4",
    "Bb6",
    "Be3",
    "Bxf3",
    "Bxf3",
    "Nd4",
    "Na4",
    "Nxf3+",
    "Qxf3",
    "Bxe3",
    "Qxe3",
    "O-O",
    "O-O",
    "Re8",
    "Nc3",
    "a5",
    "b5",
    "c6",
    "Rab1",
    "d5",
    "Na4",
    "Qe7",
    "bxc6",
    "bxc6",
    "cxd5",
    "cxd5",
    "Nb6",
    "Rad8",
    "Rb5",
    "Qxa3",
    "exd5",
    "e4",
    "dxe4",
    "Qxe3",
    "fxe3",
    "Rxe4",
    "Rxa5",
    "Rb4",
    "Ra8",
    "Rxa8",
    "Nxa8",
    "Nxd5",
    "Rd1",
    "Rb8",
    "Rxd5",
    "Rxa8",
    "Kf2",
    "Kf8",
    "Kf3",
    "h6",
    "Kf2",
    "Ra2+",
    "Kf3",
    "Ra8",
    "Kf2",
    "Ra2+",
    "Kf3"
  ]
}