{
  "event": "Sinquefield Cup Tiebreaks",
  "site": "St Louis, MO USA",
  "date": "2019.08.29",
  "eventDate": "2019.08.29",
  "dateMillis": 1567008000000,
  "eventDateMillis": 1567008000000,
  "round": "2",
  "result": "1/2-1/2",
  "white": "Ding Liren",
  "black": "Magnus Carlsen",
  "isCarlsenWin": false,
  "isDraw": true,
  "isCarlsenBlack": true,
  "moves": [
    "d4",
    "Nf6",
    "c4",
    "e6",
    "g3",
    "d5",
    "Bg2",
    "dxc4",
    "Qa4+",
    "Nbd7",
    "Qxc4",
    "a6",
    "Be3",
    "Bd6",
    "Nh3",
    "O-O",
    "O-O",
    "h6",
    "Nc3",
    "b5",
    "Qb3",
    "Rb8",
    "Nf4",
    "Bb7",
    "Bxb7",
    "Rxb7",
    "Nd3",
    "Qe7",
    "Rac1",
    "Rbb8",
    "Rfd1",
    "Rfc8",
    "a3",
    "c5",
    "dxc5",
    "Nxc5",
    "Bxc5",
    "Bxc5",
    "Nxc5",
    "Rxc5",
    "Na2",
    "a5",
    "Qe3",
    "Rxc1",
    "Nxc1",
    "b4",
    "axb4",
    "Qxb4",
    "Nd3",
    "Qd6",
    "Rc1",
    "Nd5",
    "Qd4",
    "Qb6",
    "Rc5",
    "Qb3",
    "Kg2",
    "Qb7",
    "f3",
    "Qa6",
    "Kf2",
    "a4",
    "Qc4",
    "Qa7",
    "Qd4",
    "Qa6",
    "Qc4",
    "Qa7",
    "Qd4"
  ]
}