{
  "event": "Sinquefield Cup",
  "site": "St Louis, MO USA",
  "date": "2019.08.28",
  "eventDate": "2019.08.17",
  "dateMillis": 1566921600000,
  "eventDateMillis": 1565971200000,
  "round": "11.2",
  "result": "0-1",
  "white": "Maxime Vachier-Lagrave",
  "black": "Magnus Carlsen",
  "isCarlsenWin": true,
  "isDraw": false,
  "isCarlsenBlack": true,
  "moves": [
    "e4",
    "c5",
    "Nf3",
    "Nc6",
    "Bb5",
    "g6",
    "Bxc6",
    "bxc6",
    "d4",
    "cxd4",
    "Qxd4",
    "f6",
    "O-O",
    "d6",
    "c4",
    "c5",
    "Qd3",
    "Bg7",
    "b3",
    "Nh6",
    "Nc3",
    "Rb8",
    "Bd2",
    "O-O",
    "Rae1",
    "Nf7",
    "h4",
    "Rb7",
    "h5",
    "g5",
    "Nh2",
    "Ne5",
    "Qg3",
    "Kh8",
    "f4",
    "gxf4",
    "Bxf4",
    "Rg8",
    "Re3",
    "Nc6",
    "Qf2",
    "f5",
    "Nf3",
    "Bxc3",
    "Rxc3",
    "e5",
    "Rd3",
    "exf4",
    "Qb2+",
    "Rbg7",
    "h6",
    "fxe4",
    "Rd2",
    "exf3",
    "hxg7+",
    "Rxg7",
    "Rxf3",
    "Qg5",
    "Rdf2",
    "Nd4",
    "Rxf4",
    "Bf5",
    "b4",
    "Be6",
    "Rf8+",
    "Bg8",
    "bxc5",
    "dxc5",
    "Qb8",
    "Qe3",
    "Qd6",
    "Qc1+",
    "Kh2",
    "Qg5",
    "Qd5",
    "Qh4+",
    "Kg1",
    "Qe7",
    "Qh5",
    "Qe3",
    "Qh4",
    "Ne2+",
    "Kh1",
    "Qc1+",
    "Rf1",
    "Ng3+",
    "Kg1",
    "Qe3+"
  ]
}