{
  "event": "Sinquefield Cup Tiebreaks",
  "site": "St Louis, MO USA",
  "date": "2019.08.29",
  "eventDate": "2019.08.29",
  "dateMillis": 1567008000000,
  "eventDateMillis": 1567008000000,
  "round": "4",
  "result": "0-1",
  "white": "Magnus Carlsen",
  "black": "Ding Liren",
  "isCarlsenWin": false,
  "isDraw": false,
  "isCarlsenBlack": false,
  "moves": [
    "e4",
    "e5",
    "Nf3",
    "Nc6",
    "Bb5",
    "a6",
    "Ba4",
    "Nf6",
    "O-O",
    "Be7",
    "d3",
    "b5",
    "Bb3",
    "d6",
    "c3",
    "Na5",
    "Bc2",
    "c5",
    "d4",
    "cxd4",
    "cxd4",
    "O-O",
    "h3",
    "Re8",
    "d5",
    "Bd7",
    "Nc3",
    "Qb8",
    "Bd3",
    "Rc8",
    "Ne2",
    "Nb7",
    "g4",
    "Nc5",
    "Ng3",
    "Nxd3",
    "Qxd3",
    "b4",
    "Re1",
    "Qb5",
    "Qd1",
    "Rc7",
    "Be3",
    "Rac8",
    "Nd2",
    "g6",
    "b3",
    "Qb7",
    "Nc4",
    "Bb5",
    "Na5",
    "Qb8",
    "Qd2",
    "Rc3",
    "a3",
    "bxa3",
    "Nc6",
    "Bxc6",
    "Qxc3",
    "Bxd5",
    "Qa5",
    "Bxe4",
    "g5",
    "Ba8",
    "Qxa6",
    "Nd5",
    "Ba7",
    "Qc7",
    "Rec1",
    "Qxc1+",
    "Rxc1",
    "Rxc1+",
    "Kh2",
    "Bc6",
    "Qxa3",
    "Bxg5",
    "Qxd6",
    "Bf4",
    "Bc5",
    "Ne7"
  ]
}