{
  "event": "GCT St. Louis Rapid & Blitz",
  "site": "St Louis, MO USA",
  "date": "2019.08.13",
  "eventDate": "2019.08.13",
  "dateMillis": 1565625600000,
  "eventDateMillis": 1565625600000,
  "round": "4.4",
  "result": "1-0",
  "white": "Ding Liren",
  "black": "Magnus Carlsen",
  "isCarlsenWin": false,
  "isDraw": false,
  "isCarlsenBlack": true,
  "moves": [
    "d4",
    "Nf6",
    "c4",
    "e6",
    "Nf3",
    "d5",
    "Nc3",
    "Be7",
    "Bf4",
    "O-O",
    "e3",
    "b6",
    "cxd5",
    "Nxd5",
    "Nxd5",
    "exd5",
    "Bd3",
    "c5",
    "b3",
    "Nc6",
    "O-O",
    "Be6",
    "Rc1",
    "a5",
    "h3",
    "g6",
    "Bb5",
    "Qc8",
    "dxc5",
    "bxc5",
    "Nd4",
    "Nxd4",
    "exd4",
    "Qb7",
    "a4",
    "Rfc8",
    "Re1",
    "cxd4",
    "Qxd4",
    "Rxc1",
    "Rxc1",
    "Rc8",
    "Rxc8+",
    "Qxc8",
    "Bd2",
    "Qc7",
    "Bc3",
    "f6",
    "b4",
    "axb4",
    "Bxb4",
    "Bxb4",
    "Qxb4",
    "Kg7",
    "a5",
    "d4",
    "a6",
    "Qb6",
    "Qe7+",
    "Kh6",
    "a7",
    "Bd5",
    "Bc4",
    "Bb7",
    "a8=Q",
    "Bxa8",
    "Qf8+",
    "Kg5",
    "Qxa8",
    "f5",
    "Qd5",
    "Kh6",
    "g3",
    "Qf6",
    "Kg2",
    "Qb6",
    "h4",
    "Qf6",
    "Qe6",
    "Qd8",
    "Qe5",
    "Qb6",
    "Qd5",
    "Qf6",
    "Bd3",
    "Qb6",
    "Qf3",
    "Kg7",
    "Qf4",
    "Qc6+",
    "Kh2",
    "Qc5",
    "h5",
    "Kf6",
    "h6",
    "g5",
    "Qb8",
    "Kg6",
    "g4",
    "Kxh6",
    "gxf5",
    "g4",
    "Kg3",
    "Qd5",
    "Qf8+",
    "Kh5",
    "Qe8+",
    "Kg5",
    "Qe7+"
  ]
}