{
  "event": "Sinquefield Cup Tiebreaks",
  "site": "St Louis, MO USA",
  "date": "2019.08.29",
  "eventDate": "2019.08.29",
  "dateMillis": 1567008000000,
  "eventDateMillis": 1567008000000,
  "round": "3",
  "result": "1-0",
  "white": "Ding Liren",
  "black": "Magnus Carlsen",
  "isCarlsenWin": false,
  "isDraw": false,
  "isCarlsenBlack": true,
  "moves": [
    "c4",
    "Nf6",
    "g3",
    "e6",
    "Bg2",
    "d5",
    "Nf3",
    "dxc4",
    "Qa4+",
    "Nbd7",
    "Qxc4",
    "a6",
    "Qc2",
    "c5",
    "Nc3",
    "Qc7",
    "d4",
    "cxd4",
    "Nxd4",
    "Bc5",
    "Nb3",
    "Bd6",
    "O-O",
    "O-O",
    "Rd1",
    "Be5",
    "Be3",
    "Nd5",
    "Bxd5",
    "exd5",
    "Rac1",
    "Nf6",
    "Nxd5",
    "Nxd5",
    "Rxd5",
    "Qxc2",
    "Rxc2",
    "Bf6",
    "Nc5",
    "Re8",
    "Bd4",
    "Be7",
    "Re5",
    "f6",
    "Re3",
    "Bf5",
    "Rd2",
    "Bxc5",
    "Rxe8+",
    "Rxe8",
    "Bxc5",
    "Rc8",
    "b4",
    "a5",
    "a3",
    "axb4",
    "axb4",
    "Rc7",
    "f3",
    "Rd7",
    "Ra2",
    "h5",
    "Kf2",
    "Kf7",
    "h4",
    "Be6",
    "Ra8",
    "b5",
    "e4",
    "Bc4",
    "Ke3",
    "Rd3+",
    "Kf4",
    "Rd7",
    "Rh8",
    "Kg6",
    "g4",
    "hxg4",
    "fxg4",
    "Kf7",
    "h5",
    "Bb3",
    "e5",
    "fxe5+",
    "Kxe5",
    "Rd5+",
    "Kf4",
    "Rd1",
    "Rf8+",
    "Ke6",
    "Re8+",
    "Kf7",
    "Rf8+",
    "Ke6",
    "Kg5",
    "Bc2",
    "Re8+",
    "Kf7",
    "Re7+",
    "Kg8",
    "Rb7",
    "Rd5+",
    "Kh4",
    "Bd3",
    "g5",
    "Rd8",
    "g6",
    "Bc4",
    "Kg5",
    "Rd5+",
    "Kf4",
    "Rd8",
    "Bd6",
    "Be2",
    "Be5",
    "Bxh5",
    "Kg5",
    "Be2",
    "Rxg7+",
    "Kf8",
    "Rf7+",
    "Ke8",
    "Kf6",
    "Bc4",
    "Rh7",
    "Rd1",
    "Re7+",
    "Kd8",
    "Ra7",
    "Rf1+",
    "Kg7",
    "Ke8",
    "Bf6",
    "Re1",
    "Kh8",
    "Rh1+",
    "Kg7",
    "Re1",
    "Rb7",
    "Re2",
    "Ra7",
    "Re1",
    "Rc7",
    "Re2",
    "Ra7",
    "Re1",
    "Ra3",
    "Re2",
    "Ra8+",
    "Kd7",
    "Kf8",
    "Rf2",
    "Kg7",
    "Rg2",
    "Rd8+",
    "Ke6",
    "Re8+",
    "Kd7",
    "Re5",
    "Kd6",
    "Re3",
    "Kd7",
    "Re7+",
    "Kd6",
    "Re3",
    "Kd7",
    "Kh6",
    "Rh2+",
    "Kg7",
    "Rg2",
    "Bd4",
    "Rg4",
    "Bc5",
    "Rg2"
  ]
}