{
  "event": "Sinquefield Cup",
  "site": "St Louis, MO USA",
  "date": "2019.08.19",
  "eventDate": "2019.08.17",
  "dateMillis": 1566144000000,
  "eventDateMillis": 1565971200000,
  "round": "3.2",
  "result": "1/2-1/2",
  "white": "Magnus Carlsen",
  "black": "Fabiano Caruana",
  "isCarlsenWin": false,
  "isDraw": true,
  "isCarlsenBlack": false,
  "moves": [
    "d4",
    "Nf6",
    "c4",
    "e6",
    "Nf3",
    "d5",
    "Nc3",
    "dxc4",
    "e4",
    "Bb4",
    "Bxc4",
    "Nxe4",
    "O-O",
    "Nf6",
    "Qa4+",
    "Nc6",
    "Ne5",
    "Bd6",
    "Nxc6",
    "bxc6",
    "Qxc6+",
    "Bd7",
    "Qf3",
    "O-O",
    "Bg5",
    "h6",
    "Bh4",
    "Rb8",
    "b3",
    "Rb6",
    "Ne4",
    "Be7",
    "Nxf6+",
    "Bxf6",
    "Bxf6",
    "Qxf6",
    "Qxf6",
    "gxf6",
    "d5",
    "e5",
    "Rfc1",
    "a5",
    "Be2",
    "c6",
    "dxc6",
    "Rxc6",
    "Rxc6",
    "Bxc6",
    "Rc1",
    "Bd7",
    "Rc5",
    "Ra8",
    "f4",
    "exf4",
    "Bf3",
    "Ra6",
    "Kf2",
    "Be6",
    "Be2",
    "Ra8",
    "Bf3",
    "Ra6",
    "Bb7",
    "Ra7",
    "Be4",
    "Kg7",
    "Kf3",
    "a4",
    "Bc2",
    "axb3",
    "Bxb3",
    "Rb7",
    "Kxf4",
    "Bxb3",
    "axb3",
    "Rxb3",
    "g3",
    "Rb4+",
    "Kf3",
    "Rb3+",
    "Kf4",
    "Rb4+",
    "Kf3",
    "Rb3+",
    "Kf4"
  ]
}