{
  "event": "Sinquefield Cup",
  "site": "St Louis, MO USA",
  "date": "2019.08.24",
  "eventDate": "2019.08.17",
  "dateMillis": 1566576000000,
  "eventDateMillis": 1565971200000,
  "round": "7",
  "result": "1/2-1/2",
  "white": "Magnus Carlsen",
  "black": "Ian Nepomniachtchi",
  "isCarlsenWin": false,
  "isDraw": true,
  "isCarlsenBlack": false,
  "moves": [
    "d4",
    "Nf6",
    "c4",
    "g6",
    "Nc3",
    "d5",
    "cxd5",
    "Nxd5",
    "e4",
    "Nxc3",
    "bxc3",
    "Bg7",
    "Qa4+",
    "Nd7",
    "Nf3",
    "c5",
    "Be2",
    "O-O",
    "O-O",
    "Nb6",
    "Qa3",
    "cxd4",
    "cxd4",
    "Bg4",
    "Rd1",
    "Bxf3",
    "Bxf3",
    "Bxd4",
    "e5",
    "Nc4",
    "Qb4",
    "Rc8",
    "Bh6",
    "Bxa1",
    "Rxd8",
    "Rfxd8",
    "e6",
    "Ne5",
    "exf7+",
    "Nxf7",
    "Be3",
    "Bd4",
    "Qxe7",
    "Re8",
    "Qa3",
    "b6",
    "Bd5",
    "Rc5",
    "Bxf7+",
    "Kxf7",
    "Qxa7+",
    "Re7",
    "Qa6",
    "b5",
    "h3",
    "Bxe3",
    "fxe3",
    "Rce5",
    "Qb6",
    "R7e6",
    "Qb7+",
    "Re7",
    "Qb6",
    "R7e6",
    "Qb7+",
    "Re7",
    "Qb6"
  ]
}