{
  "event": "GCT St. Louis Rapid & Blitz",
  "site": "St Louis, MO USA",
  "date": "2019.08.14",
  "eventDate": "2019.08.13",
  "dateMillis": 1565712000000,
  "eventDateMillis": 1565625600000,
  "round": "16.4",
  "result": "1-0",
  "white": "Leinier Dominguez Perez",
  "black": "Magnus Carlsen",
  "isCarlsenWin": false,
  "isDraw": false,
  "isCarlsenBlack": true,
  "moves": [
    "e4",
    "c5",
    "Nf3",
    "Nc6",
    "d4",
    "cxd4",
    "Nxd4",
    "Nf6",
    "Nc3",
    "e5",
    "Ndb5",
    "d6",
    "Bg5",
    "a6",
    "Na3",
    "b5",
    "Nd5",
    "Be7",
    "Bxf6",
    "Bxf6",
    "c3",
    "Ne7",
    "Nxf6+",
    "gxf6",
    "Bd3",
    "d5",
    "Qe2",
    "Bb7",
    "O-O-O",
    "Qb6",
    "Nc2",
    "O-O-O",
    "exd5",
    "Bxd5",
    "Nb4",
    "Be6",
    "Qf3",
    "a5",
    "Qa8+",
    "Kc7",
    "Na6+",
    "Kd6",
    "Be4+",
    "Nd5",
    "Rxd5+",
    "Ke7",
    "Rxd8",
    "Rxd8",
    "Qb7+",
    "Qxb7",
    "Bxb7",
    "Bxa2",
    "Rd1",
    "Rg8",
    "Nc5",
    "f5",
    "b3",
    "a4",
    "Kb2",
    "Bxb3",
    "Nxb3",
    "axb3",
    "Kxb3",
    "e4",
    "g3",
    "h5",
    "Rd5",
    "Kf6",
    "Rxb5",
    "h4",
    "c4",
    "hxg3",
    "hxg3",
    "e3",
    "fxe3",
    "Rxg3",
    "Bc8",
    "Rxe3+",
    "Kb4",
    "Rf3",
    "c5",
    "Ke5",
    "Rb7",
    "f4",
    "Rxf7",
    "Rf1",
    "Kb5",
    "f3",
    "Kc6",
    "Kd4",
    "Kd6",
    "f2",
    "Bg4",
    "Ke3",
    "c6",
    "Rg1",
    "Bh3",
    "Rh1",
    "c7",
    "Rxh3",
    "c8=Q",
    "Rh6+",
    "Kc5",
    "Rh5+",
    "Kc4",
    "Rh4+",
    "Kb3"
  ]
}