{
  "event": "GCT St. Louis Rapid & Blitz",
  "site": "St Louis, MO USA",
  "date": "2019.08.13",
  "eventDate": "2019.08.13",
  "dateMillis": 1565625600000,
  "eventDateMillis": 1565625600000,
  "round": "7.3",
  "result": "1/2-1/2",
  "white": "Magnus Carlsen",
  "black": "Leinier Dominguez Perez",
  "isCarlsenWin": false,
  "isDraw": true,
  "isCarlsenBlack": false,
  "moves": [
    "e4",
    "e5",
    "Qh5",
    "Nc6",
    "Bc4",
    "g6",
    "Qf3",
    "Nf6",
    "Ne2",
    "Bg7",
    "d3",
    "d6",
    "h3",
    "Na5",
    "Nbc3",
    "Nxc4",
    "dxc4",
    "Be6",
    "Qd3",
    "Nd7",
    "b3",
    "O-O",
    "Be3",
    "f5",
    "f3",
    "Qh4+",
    "Bf2",
    "Qg5",
    "Rg1",
    "Nc5",
    "Qe3",
    "Qxe3",
    "Bxe3",
    "fxe4",
    "Nxe4",
    "Nxe4",
    "fxe4",
    "a6",
    "Nc3",
    "h5",
    "Ke2",
    "Kh7",
    "Rgf1",
    "Bh6",
    "Bg1",
    "Kg7",
    "Nd5",
    "Bxd5",
    "cxd5",
    "Rxf1",
    "Rxf1",
    "Rf8",
    "Rxf8",
    "Kxf8",
    "Kd3",
    "Ke8",
    "Bf2",
    "Bg5",
    "Kc4",
    "Kd7",
    "a4",
    "Kc8",
    "b4",
    "Kd7",
    "b5",
    "axb5+",
    "Kxb5",
    "Bd2",
    "c4",
    "b6",
    "Ka6",
    "Kc8",
    "g4",
    "hxg4",
    "hxg4",
    "Bc3",
    "Be3",
    "Be1",
    "Kb5",
    "Kb7",
    "Bc1",
    "Bc3",
    "Ba3",
    "Be1",
    "a5",
    "Bxa5",
    "c5",
    "dxc5",
    "Bb2",
    "Be1",
    "Bxe5",
    "Bf2",
    "Bf6",
    "c4",
    "Kxc4",
    "c6",
    "Be5",
    "b5+",
    "Kb4",
    "Kb6",
    "Bd6",
    "Be1+",
    "Kb3",
    "cxd5",
    "exd5",
    "Kb7",
    "Kc2",
    "Kc8",
    "Kd3",
    "Kd7",
    "Bc5",
    "Bg3",
    "Ke4",
    "Bd6",
    "Bd4",
    "Ke7",
    "Be3",
    "Kd7",
    "Kd4",
    "Kc7",
    "Bd2",
    "Kb7",
    "Kd3",
    "Kb6",
    "Kd4",
    "Kb7"
  ]
}