{
  "event": "Sinquefield Cup",
  "site": "St Louis, MO USA",
  "date": "2019.08.20",
  "eventDate": "2019.08.17",
  "dateMillis": 1566230400000,
  "eventDateMillis": 1565971200000,
  "round": "4.2",
  "result": "1/2-1/2",
  "white": "Shakhriyar Mamedyarov",
  "black": "Magnus Carlsen",
  "isCarlsenWin": false,
  "isDraw": true,
  "isCarlsenBlack": true,
  "moves": [
    "d4",
    "d5",
    "c4",
    "c6",
    "Nc3",
    "Nf6",
    "e3",
    "e6",
    "Nf3",
    "Nbd7",
    "Qc2",
    "Bd6",
    "Bd3",
    "dxc4",
    "Bxc4",
    "b5",
    "Be2",
    "O-O",
    "O-O",
    "a6",
    "Rd1",
    "Qc7",
    "e4",
    "e5",
    "g3",
    "Re8",
    "a3",
    "exd4",
    "Nxd4",
    "Be5",
    "Bf3",
    "c5",
    "Nde2",
    "Bb7",
    "Be3",
    "c4",
    "b4",
    "cxb3",
    "Qxb3",
    "Nc5",
    "Bxc5",
    "Qxc5",
    "Rac1",
    "Qb6",
    "Na4",
    "Qa7",
    "Nc5",
    "Rac8",
    "Nd7",
    "Rxc1",
    "Nxc1",
    "h6",
    "Nxf6+",
    "Bxf6",
    "Rd7",
    "Re7",
    "Rd8+",
    "Kh7",
    "Qd3",
    "Be5",
    "Rh8+",
    "Kxh8",
    "Qd8+",
    "Kh7",
    "Qxe7",
    "Bd4",
    "Qxf7",
    "Bxf2+",
    "Kg2",
    "Bc8",
    "Qa2",
    "Bb6",
    "e5",
    "Bf5",
    "g4",
    "Bg6",
    "Ne2",
    "Qc7",
    "Nf4",
    "Qc2+",
    "Qxc2",
    "Bxc2",
    "Nd5",
    "Bc5",
    "Nb4",
    "Bb3",
    "Nxa6",
    "Bxa3",
    "Nc7",
    "Bc4",
    "e6",
    "Bd6",
    "Bc6",
    "b4",
    "Nd5",
    "Kg6",
    "e7",
    "Bxd5+",
    "Bxd5",
    "Bxe7",
    "Kf3",
    "Kf6",
    "Ke4",
    "Kg5",
    "Kf3",
    "Kh4",
    "Be6",
    "Bg5",
    "Kg2",
    "Bf4",
    "h3",
    "Kg5",
    "Kf3",
    "Kf6",
    "Bg8",
    "Ke5",
    "h4",
    "g5",
    "hxg5",
    "hxg5",
    "Ke2",
    "Kd4",
    "Kd1",
    "Kc3",
    "Bf7",
    "b3",
    "Be6",
    "Be3",
    "Bf7",
    "Bf4",
    "Be6",
    "Be3",
    "Bf7",
    "Bf4",
    "Be6"
  ]
}