{
  "event": "GCT St. Louis Rapid & Blitz",
  "site": "St Louis, MO USA",
  "date": "2019.08.14",
  "eventDate": "2019.08.13",
  "dateMillis": 1565712000000,
  "eventDateMillis": 1565625600000,
  "round": "12.4",
  "result": "0-1",
  "white": "Shakhriyar Mamedyarov",
  "black": "Magnus Carlsen",
  "isCarlsenWin": true,
  "isDraw": false,
  "isCarlsenBlack": true,
  "moves": [
    "e4",
    "e5",
    "Nc3",
    "Nc6",
    "g3",
    "Bc5",
    "Bg2",
    "d6",
    "Nge2",
    "a6",
    "Nd5",
    "Nge7",
    "c3",
    "Nxd5",
    "exd5",
    "Ne7",
    "d4",
    "Ba7",
    "O-O",
    "O-O",
    "dxe5",
    "dxe5",
    "c4",
    "Nf5",
    "b3",
    "Re8",
    "Bb2",
    "h5",
    "Rc1",
    "Bc5",
    "Qd2",
    "a5",
    "Kh1",
    "h4",
    "a3",
    "hxg3",
    "hxg3",
    "Ra6",
    "b4",
    "axb4",
    "axb4",
    "Rh6+",
    "Kg1",
    "Bf8",
    "Rfe1",
    "e4",
    "c5",
    "e3",
    "fxe3",
    "Qg5",
    "Rc4",
    "Rxe3",
    "Rf4",
    "Rb3",
    "Ref1",
    "Nxg3",
    "Nxg3",
    "Qxg3",
    "R1f2",
    "Qh2+",
    "Kf1",
    "Bh3",
    "d6",
    "cxd6",
    "Qd5",
    "Bxg2+",
    "Qxg2",
    "Qxg2+",
    "Kxg2",
    "f6",
    "Bd4",
    "dxc5",
    "bxc5",
    "Rh5",
    "Rc2",
    "Rg5+",
    "Kf1",
    "Rb5",
    "c6",
    "bxc6",
    "Rxc6",
    "Rgf5",
    "Rxf5",
    "Rxf5+",
    "Ke2",
    "Kf7",
    "Kd3",
    "Rb5",
    "Rc7+",
    "Kg6",
    "Rc8",
    "Bd6",
    "Rc6",
    "Be5",
    "Bc5",
    "Kf5",
    "Be3"
  ]
}