{
  "event": "GCT St. Louis Rapid & Blitz",
  "site": "St Louis, MO USA",
  "date": "2019.08.10",
  "eventDate": "2019.08.08",
  "dateMillis": 1565366400000,
  "eventDateMillis": 1565193600000,
  "round": "1",
  "result": "1-0",
  "white": "Ding Liren",
  "black": "Magnus Carlsen",
  "isCarlsenWin": false,
  "isDraw": false,
  "isCarlsenBlack": true,
  "moves": [
    "d4",
    "Nf6",
    "c4",
    "e6",
    "Nf3",
    "d5",
    "Nc3",
    "Bb4",
    "Bg5",
    "dxc4",
    "e4",
    "b5",
    "a4",
    "c5",
    "axb5",
    "cxd4",
    "Nxd4",
    "h6",
    "Be3",
    "Nxe4",
    "Qc2",
    "Bb7",
    "Bxc4",
    "Qc7",
    "Qb3",
    "Bxc3+",
    "bxc3",
    "O-O",
    "O-O",
    "Rc8",
    "Bd3",
    "Nc5",
    "Qb1",
    "Nxd3",
    "Qxd3",
    "Nd7",
    "Qe2",
    "Nb6",
    "Qg4",
    "Kh7",
    "Bf4",
    "Qc5",
    "Rfe1",
    "Nc4",
    "Rad1",
    "Rd8",
    "Rd3",
    "Qe7",
    "Nc6",
    "Bxc6",
    "Rxd8",
    "Rxd8",
    "bxc6",
    "Nb6",
    "Be5",
    "Qg5",
    "c7",
    "Rd5",
    "Qe4+",
    "Qg6",
    "Qb4",
    "Qd3",
    "h3",
    "Qb5",
    "Qe4+",
    "f5",
    "Qf4",
    "Qd7",
    "Bd4",
    "Nc8",
    "Qg3",
    "Rd6",
    "h4",
    "Rc6",
    "h5",
    "Qf7",
    "Be5",
    "Nb6",
    "Ra1",
    "Nc4",
    "Rxa7",
    "Nxe5",
    "Qxe5",
    "Qxh5",
    "Qxg7+",
    "Kxg7",
    "c8=Q+",
    "Kf6",
    "Qd8+"
  ]
}