{
  "event": "GCT St. Louis Rapid & Blitz",
  "site": "St Louis, MO USA",
  "date": "2019.08.13",
  "eventDate": "2019.08.13",
  "dateMillis": 1565625600000,
  "eventDateMillis": 1565625600000,
  "round": "2.1",
  "result": "1-0",
  "white": "Sergey Karjakin",
  "black": "Magnus Carlsen",
  "isCarlsenWin": false,
  "isDraw": false,
  "isCarlsenBlack": true,
  "moves": [
    "d4",
    "e6",
    "e4",
    "d5",
    "Nc3",
    "Nf6",
    "e5",
    "Nfd7",
    "f4",
    "c5",
    "Nf3",
    "Nc6",
    "Be3",
    "cxd4",
    "Nxd4",
    "Bc5",
    "Qd2",
    "Bxd4",
    "Bxd4",
    "Nxd4",
    "Qxd4",
    "Qb6",
    "Qxb6",
    "Nxb6",
    "h4",
    "Bd7",
    "h5",
    "h6",
    "O-O-O",
    "Ke7",
    "Bd3",
    "a6",
    "Rh3",
    "Na4",
    "Ne2",
    "Nc5",
    "Nd4",
    "Rac8",
    "Rg3",
    "Rhg8",
    "Kd2",
    "Bb5",
    "f5",
    "Bd7",
    "fxe6",
    "Bxe6",
    "Ke3",
    "Nd7",
    "Bh7",
    "Rh8",
    "Rxg7",
    "Nxe5",
    "Rf1",
    "Rce8",
    "Nxe6",
    "Kxe6",
    "Kd4",
    "Kd6",
    "Bd3",
    "Nc6+",
    "Kc3",
    "Ne5",
    "Kd4",
    "Re6",
    "Bf5",
    "Rf6",
    "Bd3",
    "Nc6+",
    "Ke3",
    "Rxf1",
    "Bxf1",
    "Ke6",
    "Rg4",
    "Re8",
    "Bd3",
    "Ne5",
    "Rb4",
    "Re7",
    "Kf4",
    "Nc6",
    "Rb6",
    "Kd6",
    "g4",
    "Kc5",
    "Rb3",
    "Nd4",
    "Rc3+",
    "Kd6",
    "Rc8",
    "Re1",
    "Rh8",
    "Ne6+",
    "Kg3",
    "Ke5",
    "Rxh6",
    "Re3+",
    "Kf2",
    "d4",
    "Rh8",
    "Ng5",
    "Re8+",
    "Kf4",
    "Rxe3",
    "dxe3+",
    "Ke2",
    "Kxg4",
    "h6",
    "f5",
    "Kxe3",
    "a5",
    "a4",
    "b6",
    "c3",
    "Kh5",
    "Bxf5",
    "Kxh6",
    "Kd4",
    "Kg7",
    "Kd5",
    "Kf6",
    "Bc2",
    "Nf3",
    "Kc6",
    "Ne5+",
    "Kxb6",
    "Nc4+",
    "Kc5",
    "Nxb2",
    "Kd4"
  ]
}