{
  "event": "Isle of Man Grand Swiss",
  "site": "Douglas IMN",
  "date": "2019.10.10",
  "eventDate": "2019.10.10",
  "dateMillis": 1570636800000,
  "eventDateMillis": 1570636800000,
  "round": "1",
  "result": "1-0",
  "white": "Magnus Carlsen",
  "black": "Yuri Aleksandrovich Kuzubov",
  "isCarlsenWin": true,
  "isDraw": false,
  "isCarlsenBlack": false,
  "moves": [
    "d4",
    "Nf6",
    "c4",
    "e6",
    "Nf3",
    "d5",
    "Nc3",
    "Nbd7",
    "cxd5",
    "exd5",
    "Bg5",
    "c6",
    "Qc2",
    "h6",
    "Bh4",
    "g5",
    "Bg3",
    "Nh5",
    "O-O-O",
    "Nxg3",
    "hxg3",
    "Nb6",
    "e4",
    "Be6",
    "Bd3",
    "Qf6",
    "e5",
    "Qg7",
    "Nh2",
    "g4",
    "Ne2",
    "O-O-O",
    "Nf4",
    "Qg5",
    "Kb1",
    "h5",
    "Nf1",
    "Rh6",
    "Ne3",
    "Kb8",
    "Nf5",
    "Bxf5",
    "Bxf5",
    "h4",
    "Ne2",
    "hxg3",
    "Rxh6",
    "Bxh6",
    "Nxg3",
    "Nc4",
    "Bd3",
    "Nd2+",
    "Ka1",
    "Qf4",
    "Nf5",
    "Bg5",
    "Nd6",
    "Qxf2",
    "Qc3",
    "Rd7",
    "Qb4",
    "a5",
    "Qxa5",
    "Qxd4",
    "Rxd2",
    "Bxd2",
    "Qxd2",
    "Qxe5",
    "Nf5",
    "c5",
    "Bb1",
    "d4",
    "Qd3",
    "Qd5",
    "Qg3+",
    "Ka7",
    "Qxg4",
    "d3",
    "Ne3",
    "Qd4",
    "Qf3",
    "d2",
    "Nd1",
    "Qc4",
    "Qe3",
    "Rd4",
    "a3",
    "Qc1",
    "Qb3",
    "Rd6",
    "Ka2",
    "c4",
    "Qf3",
    "Rb6",
    "Bf5",
    "Rb5",
    "Qe3+",
    "Ka6",
    "Bg4",
    "Qc2",
    "Qc3",
    "Qb3+",
    "Kb1",
    "Rd5"
  ]
}