{
  "event": "Isle of Man Grand Swiss",
  "site": "Douglas IMN",
  "date": "2019.10.11",
  "eventDate": "2019.10.10",
  "dateMillis": 1570723200000,
  "eventDateMillis": 1570636800000,
  "round": "2",
  "result": "1/2-1/2",
  "white": "Alexey Sarana",
  "black": "Magnus Carlsen",
  "isCarlsenWin": false,
  "isDraw": true,
  "isCarlsenBlack": true,
  "moves": [
    "e4",
    "c5",
    "Nf3",
    "Nc6",
    "d4",
    "cxd4",
    "Nxd4",
    "Nf6",
    "Nc3",
    "e5",
    "Ndb5",
    "d6",
    "Bg5",
    "a6",
    "Na3",
    "b5",
    "Bxf6",
    "gxf6",
    "Nd5",
    "Bg7",
    "Bd3",
    "Ne7",
    "Nxe7",
    "Qxe7",
    "c4",
    "f5",
    "O-O",
    "O-O",
    "Qh5",
    "d5",
    "cxd5",
    "Qd8",
    "exf5",
    "Qxd5",
    "Rad1",
    "e4",
    "Bxb5",
    "Qxf5",
    "Qxf5",
    "Bxf5",
    "Bd7",
    "Bxd7",
    "Rxd7",
    "Bxb2",
    "Nc4",
    "Bg7",
    "g3",
    "Rfd8",
    "Rfd1",
    "Rxd7",
    "Rxd7",
    "Rc8",
    "Nd6",
    "Rc1+",
    "Kg2",
    "Rc2",
    "Nxe4",
    "Rxa2",
    "Rd8+",
    "Bf8",
    "Nf6+",
    "Kg7",
    "Nh5+",
    "Kg8",
    "g4",
    "a5",
    "g5",
    "a4",
    "h4",
    "Rb2",
    "Nf6+",
    "Kg7",
    "h5",
    "Rb5",
    "f4",
    "h6",
    "Ng4",
    "Ba3",
    "Nxh6",
    "Be7",
    "Rd7",
    "Bxg5",
    "Nxf7",
    "Rb2+",
    "Kf3",
    "Bxf4",
    "Ne5+",
    "Kh6",
    "Kxf4",
    "a3",
    "Rd5",
    "Rb4+",
    "Kg3",
    "a2",
    "Ra5",
    "a1=Q",
    "Rxa1",
    "Kxh5",
    "Ra5",
    "Rb1",
    "Kf4",
    "Rf1+",
    "Nf3+"
  ]
}