{
  "event": "Isle of Man Grand Swiss",
  "site": "Douglas IMN",
  "date": "2019.10.13",
  "dateMillis": 1570896000000,
  "eventDateMillis": null,
  "round": "3.4",
  "result": "1/2-1/2",
  "white": "Magnus Carlsen",
  "black": "Rustam Kasimdzhanov",
  "isCarlsenWin": false,
  "isDraw": true,
  "isCarlsenBlack": false,
  "moves": [
    "c4",
    "c5",
    "g3",
    "g6",
    "Bg2",
    "Bg7",
    "Nc3",
    "Nc6",
    "Nf3",
    "e6",
    "h4",
    "Nf6",
    "d4",
    "cxd4",
    "Nxd4",
    "O-O",
    "O-O",
    "d5",
    "cxd5",
    "Nxd5",
    "Bg5",
    "Qa5",
    "Nb3",
    "Nxc3",
    "Nxa5",
    "Nxd1",
    "Nxc6",
    "Nxb2",
    "Ne7+",
    "Kh8",
    "Rac1",
    "Bd7",
    "Bxb7",
    "Rab8",
    "Rc7",
    "Bb5",
    "Bf3",
    "a6",
    "Rfc1",
    "h6",
    "Be3",
    "Rbd8",
    "Kg2",
    "Kh7",
    "Nc6",
    "Rc8",
    "Na7",
    "Rxc7",
    "Rxc7",
    "Kg8",
    "Nxb5",
    "axb5",
    "h5",
    "g5",
    "Rb7",
    "Nc4",
    "Bc5",
    "Ra8",
    "Be4",
    "Be5",
    "Bb1",
    "Bd6",
    "Ba7",
    "Bf8",
    "f4",
    "gxf4",
    "gxf4",
    "Na5",
    "Rd7",
    "Nc6",
    "Bf2",
    "Nb4",
    "f5",
    "exf5",
    "Rd2",
    "Be7",
    "Be1",
    "f4",
    "Rd7",
    "Bf8",
    "Kf1",
    "Bc5",
    "Rb7",
    "Nxa2",
    "Rxb5",
    "Bd4",
    "Rb3",
    "Kg7",
    "Rd3",
    "Bf6",
    "Bd2",
    "Ra4",
    "Rd7",
    "Kg8",
    "Rc7",
    "Rd4",
    "Bxa2",
    "Rxd2",
    "Bxf7+",
    "Kf8",
    "Bc4",
    "Bg5",
    "Kf2",
    "Rc2",
    "Kf3",
    "Rc3+",
    "Ke4",
    "f3",
    "exf3"
  ]
}