{
  "event": "Isle of Man Grand Swiss",
  "site": "Douglas IMN",
  "date": "2019.10.13",
  "eventDate": "2019.10.10",
  "dateMillis": 1570896000000,
  "eventDateMillis": 1570636800000,
  "round": "4.7",
  "result": "1/2-1/2",
  "white": "Vladislav Kovalev",
  "black": "Magnus Carlsen",
  "isCarlsenWin": false,
  "isDraw": true,
  "isCarlsenBlack": true,
  "moves": [
    "e4",
    "c5",
    "Nf3",
    "d6",
    "Bb5+",
    "Bd7",
    "Bxd7+",
    "Qxd7",
    "c4",
    "e5",
    "Nc3",
    "Nc6",
    "d3",
    "Be7",
    "a3",
    "Bd8",
    "O-O",
    "Nge7",
    "b4",
    "O-O",
    "bxc5",
    "dxc5",
    "Nd5",
    "Ng6",
    "Be3",
    "b6",
    "Nd2",
    "f5",
    "exf5",
    "Qxf5",
    "Ne4",
    "Nf4",
    "g3",
    "Qg6",
    "Kh1",
    "Nxd5",
    "cxd5",
    "Ne7",
    "d6",
    "Nf5",
    "Qb3+",
    "Kh8",
    "Qd5",
    "Bf6",
    "Rae1",
    "Rad8",
    "f4",
    "Nxe3",
    "Rxe3",
    "exf4",
    "Rxf4",
    "h6",
    "d7",
    "Be7",
    "Ref3",
    "Rxf4",
    "Rxf4",
    "b5",
    "Nxc5",
    "Bxc5",
    "Qxc5",
    "Kh7",
    "Qd5",
    "Qg5",
    "Qe4+",
    "Qg6",
    "Qd5",
    "Qg5",
    "Qd6",
    "Qg6",
    "Qc7",
    "Qg5",
    "Qd6",
    "Qg6",
    "Qc7",
    "Qg5",
    "Qc6",
    "Qe7",
    "Qxb5",
    "Rxd7",
    "Qf5+",
    "g6",
    "Qf8",
    "Qxf8",
    "Rxf8",
    "Kg7",
    "Ra8",
    "Kf6",
    "Kg2",
    "Rxd3",
    "Rxa7",
    "Rd2+",
    "Kg1"
  ]
}