{
  "event": "Isle of Man Grand Swiss",
  "site": "Douglas IMN",
  "date": "2019.10.15",
  "eventDate": "2019.10.10",
  "dateMillis": 1571068800000,
  "eventDateMillis": 1570636800000,
  "round": "6",
  "result": "1-0",
  "white": "Magnus Carlsen",
  "black": "Alexey Shirov",
  "isCarlsenWin": true,
  "isDraw": false,
  "isCarlsenBlack": false,
  "moves": [
    "e4",
    "e5",
    "Nf3",
    "Nf6",
    "d4",
    "Nxe4",
    "Bd3",
    "d5",
    "Nxe5",
    "Nd7",
    "Nc3",
    "Nxe5",
    "dxe5",
    "Nxc3",
    "bxc3",
    "Be7",
    "O-O",
    "O-O",
    "f4",
    "f5",
    "Be3",
    "c5",
    "Be2",
    "Be6",
    "Bf3",
    "Qd7",
    "a4",
    "Rad8",
    "Qe2",
    "Qc7",
    "Rfb1",
    "b6",
    "Rd1",
    "g5",
    "h3",
    "Rd7",
    "Rd2",
    "Rfd8",
    "Rad1",
    "gxf4",
    "Bxf4",
    "d4",
    "Qf2",
    "Kh8",
    "Kh1",
    "Qc8",
    "Kh2",
    "Rg8",
    "cxd4",
    "cxd4",
    "Rxd4",
    "Rxd4",
    "Rxd4",
    "Bc5",
    "c3",
    "Bxd4",
    "cxd4",
    "Qd7",
    "Qd2",
    "Bd5",
    "e6",
    "Qxe6",
    "Be5+",
    "Rg7",
    "Qc3",
    "Bxf3",
    "Qxf3",
    "Qe8",
    "Qxf5",
    "Kg8",
    "Bxg7",
    "Kxg7",
    "Qg5+",
    "Kf8",
    "Qf4+",
    "Ke7",
    "Qe4+",
    "Kf8",
    "Qxh7",
    "Qxa4",
    "Qf5+",
    "Kg7",
    "Qe5+",
    "Kf7",
    "h4"
  ]
}