{
  "event": "Isle of Man Grand Swiss",
  "site": "Douglas IMN",
  "date": "2019.10.14",
  "dateMillis": 1570982400000,
  "eventDateMillis": null,
  "round": "5.11",
  "result": "1-0",
  "white": "Magnus Carlsen",
  "black": "Surya Shekhar Ganguly",
  "isCarlsenWin": true,
  "isDraw": false,
  "isCarlsenBlack": false,
  "moves": [
    "e4",
    "c5",
    "Nf3",
    "d6",
    "d4",
    "cxd4",
    "Nxd4",
    "Nf6",
    "Nc3",
    "a6",
    "h3",
    "e5",
    "Nb3",
    "Be7",
    "g4",
    "h6",
    "Be3",
    "Nbd7",
    "a4",
    "b6",
    "f3",
    "Qc7",
    "h4",
    "Nf8",
    "Rg1",
    "Be6",
    "g5",
    "hxg5",
    "hxg5",
    "N6d7",
    "Nd5",
    "Qc6",
    "Qd2",
    "Ng6",
    "a5",
    "b5",
    "O-O-O",
    "Rc8",
    "Kb1",
    "Nc5",
    "Be2",
    "Bd8",
    "Nxc5",
    "dxc5",
    "f4",
    "exf4",
    "Bxf4",
    "Be7",
    "Nxe7",
    "Kxe7",
    "Bd6+",
    "Ke8",
    "Qc3",
    "Rh7",
    "Bg3",
    "b4",
    "Qd3",
    "c4",
    "Qd6",
    "Qxe4",
    "Rd4",
    "Qb7",
    "Qb6",
    "Qa8",
    "Rgd1",
    "Rh1",
    "Be1",
    "Ne5",
    "Bxb4",
    "Rxd1+",
    "Rxd1",
    "Qc6",
    "Qe3",
    "Qb5",
    "Bc3",
    "Rc5",
    "b4",
    "Nd3",
    "cxd3",
    "Rd5",
    "dxc4"
  ]
}