{
  "event": "Isle of Man Grand Swiss",
  "site": "Douglas IMN",
  "date": "2019.10.17",
  "eventDate": "2019.10.10",
  "dateMillis": 1571241600000,
  "eventDateMillis": 1570636800000,
  "round": "7.3",
  "result": "1/2-1/2",
  "white": "Kirill Alekseenko",
  "black": "Magnus Carlsen",
  "isCarlsenWin": false,
  "isDraw": true,
  "isCarlsenBlack": true,
  "moves": [
    "e4",
    "c5",
    "Nf3",
    "d6",
    "d4",
    "cxd4",
    "Nxd4",
    "Nf6",
    "Nc3",
    "a6",
    "Be2",
    "e5",
    "Nb3",
    "Be7",
    "O-O",
    "O-O",
    "Kh1",
    "b5",
    "a4",
    "Bb7",
    "Nd5",
    "b4",
    "Nxf6+",
    "Bxf6",
    "f3",
    "Qc7",
    "Bd2",
    "Nc6",
    "a5",
    "Bc8",
    "Bc4",
    "Be6",
    "Bxe6",
    "fxe6",
    "Qe2",
    "Rfc8",
    "Rfd1",
    "Nd4",
    "Nxd4",
    "exd4",
    "Bxb4",
    "Qxc2",
    "Qxc2",
    "Rxc2",
    "Bxd6",
    "Rxb2",
    "e5",
    "Bd8",
    "h3",
    "Rc8",
    "Rxd4",
    "h5",
    "Bb4",
    "Bg5",
    "f4",
    "Bh4",
    "Be1",
    "Bxe1",
    "Rxe1",
    "Rcc2",
    "Rg1",
    "Ra2",
    "Rd6",
    "Rxa5",
    "Rxe6",
    "Rf2",
    "Rc1",
    "Kh7",
    "Re1",
    "Raa2",
    "f5",
    "Rxg2",
    "Rxa6",
    "Rh2+",
    "Kg1",
    "Rag2+",
    "Kf1",
    "Rf2+",
    "Kg1",
    "Rfg2+",
    "Kf1",
    "Rg5",
    "Ra3",
    "Rh1+",
    "Ke2",
    "Rxe1+",
    "Kxe1",
    "Rxf5",
    "e6",
    "Re5+",
    "Kf2",
    "Rxe6",
    "Kg3",
    "g5",
    "Ra8",
    "Rd6",
    "Rb8",
    "Kg7",
    "Ra8",
    "Kf6",
    "Rf8+",
    "Ke5",
    "Re8+",
    "Kf5",
    "Rf8+",
    "Rf6",
    "Ra8",
    "h4+",
    "Kg2",
    "Rb6"
  ]
}