{
  "event": "Isle of Man Grand Swiss",
  "site": "Douglas IMN",
  "date": "2019.10.18",
  "eventDate": "2019.10.10",
  "dateMillis": 1571328000000,
  "eventDateMillis": 1570636800000,
  "round": "8.2",
  "result": "1/2-1/2",
  "white": "Wang Hao",
  "black": "Magnus Carlsen",
  "isCarlsenWin": false,
  "isDraw": true,
  "isCarlsenBlack": true,
  "moves": [
    "d4",
    "d5",
    "c4",
    "e6",
    "Nf3",
    "Nf6",
    "Nc3",
    "Bb4",
    "Qb3",
    "a5",
    "Bg5",
    "c5",
    "dxc5",
    "Na6",
    "a3",
    "Nxc5",
    "Qc2",
    "Bxc3+",
    "Qxc3",
    "Nce4",
    "Bxf6",
    "Qxf6",
    "Qxf6",
    "Nxf6",
    "cxd5",
    "Nxd5",
    "e4",
    "Nf6",
    "Bd3",
    "Bd7",
    "Ne5",
    "Ke7",
    "Rc1",
    "Rhc8",
    "Kd2",
    "Be8",
    "f4",
    "Nd7",
    "Nxd7",
    "Bxd7",
    "Rxc8",
    "Rxc8",
    "Rc1",
    "Rxc1",
    "Kxc1",
    "e5",
    "fxe5",
    "Ke6",
    "Kd2",
    "Kxe5",
    "Ke3",
    "Bc6",
    "g3",
    "f6",
    "Bc2",
    "b6",
    "Bd3",
    "h6",
    "Bc2",
    "Bb7",
    "Bd3"
  ]
}