{
  "event": "Isle of Man Grand Swiss",
  "site": "Douglas IMN",
  "date": "2019.10.20",
  "eventDate": "2019.10.10",
  "dateMillis": 1571500800000,
  "eventDateMillis": 1570636800000,
  "round": "10.3",
  "result": "1-0",
  "white": "Magnus Carlsen",
  "black": "Maxim Matlakov",
  "isCarlsenWin": true,
  "isDraw": false,
  "isCarlsenBlack": false,
  "moves": [
    "d4",
    "Nf6",
    "c4",
    "e6",
    "Nf3",
    "d5",
    "Nc3",
    "c6",
    "Bg5",
    "h6",
    "Bh4",
    "dxc4",
    "e4",
    "g5",
    "Bg3",
    "b5",
    "h4",
    "g4",
    "Ne5",
    "Nbd7",
    "Be2",
    "Bb7",
    "Nxd7",
    "Qxd7",
    "Be5",
    "Qe7",
    "b3",
    "Rg8",
    "Qc2",
    "b4",
    "Na4",
    "c3",
    "a3",
    "Nd7",
    "Bg3",
    "Bg7",
    "Rd1",
    "a5",
    "O-O",
    "Bf6",
    "Nc5",
    "Nxc5",
    "dxc5",
    "e5",
    "Rd6",
    "Bxh4",
    "Bc4",
    "Bg5",
    "Qd3",
    "Rg6",
    "f4",
    "exf4",
    "Bxf4",
    "Bxf4",
    "Rxf4",
    "c2",
    "Qxc2",
    "Rxd6",
    "cxd6",
    "Qxd6",
    "e5",
    "Qc5+",
    "Kh1",
    "Qe3",
    "Qf5",
    "Kd8",
    "Qxf7",
    "Kc8",
    "axb4",
    "Qxe5",
    "Qf8+",
    "Kc7",
    "Rf7+",
    "Kb6",
    "bxa5+",
    "Qxa5",
    "Qe7",
    "Qh5+",
    "Kg1",
    "Ra1+",
    "Bf1",
    "Qxf7",
    "Qxf7",
    "Ba6",
    "Qf2+",
    "Kb7",
    "Qd4",
    "Rxf1+",
    "Kh2",
    "h5",
    "Qc5",
    "Rb1",
    "Qxh5",
    "Kb6",
    "Qxg4",
    "Rxb3",
    "Qg8",
    "Rd3",
    "g4",
    "Rd5",
    "g5",
    "Bd3",
    "g6",
    "Bxg6",
    "Qxg6",
    "Kc7",
    "Qf7+",
    "Kb8",
    "Kg3",
    "Rg5+",
    "Kf4",
    "Rd5",
    "Qf8+",
    "Kb7",
    "Qb4+",
    "Kc7",
    "Ke4",
    "Kc8",
    "Qb6",
    "Kd7",
    "Qb7+",
    "Kd6",
    "Qc8",
    "Kc5",
    "Qb8",
    "Rh5",
    "Kf4",
    "Rd5",
    "Kg4",
    "Kc4",
    "Qb6",
    "Rd4+",
    "Kf5",
    "c5",
    "Qa5",
    "Rd5+",
    "Ke6",
    "Rd4",
    "Qa4+",
    "Kc3",
    "Qa3+",
    "Kc4",
    "Qa5",
    "Rd3",
    "Qa4+",
    "Kc3",
    "Qa3+",
    "Kc4",
    "Qc1+",
    "Kb4",
    "Qb2+",
    "Kc4",
    "Qc2+",
    "Kd4",
    "Kd6",
    "c4",
    "Qf2+",
    "Re3",
    "Qd2+"
  ]
}