{
  "event": "Banter blitz",
  "site": "chess24.com",
  "date": "2019.??.??",
  "eventDate": "2019.??.??",
  "dateMillis": null,
  "eventDateMillis": null,
  "round": "6",
  "result": "1-0",
  "white": "Magnus Carlsen",
  "black": "NN",
  "isCarlsenWin": true,
  "isDraw": false,
  "isCarlsenBlack": false,
  "moves": [
    "e4",
    "e5",
    "f4",
    "d5",
    "exd5",
    "exf4",
    "Nf3",
    "Nf6",
    "Be2",
    "Nxd5",
    "c4",
    "Nf6",
    "d4",
    "Bb4+",
    "Nc3",
    "O-O",
    "O-O",
    "Nc6",
    "Bxf4",
    "Bg4",
    "d5",
    "Ne7",
    "Bg5",
    "Ng6",
    "Nd4",
    "Bxe2",
    "Ncxe2",
    "Be7",
    "Nf5",
    "Nxd5",
    "Bh6",
    "Nf6",
    "Bxg7",
    "Re8",
    "N2g3",
    "Bc5+",
    "Kh1",
    "Qxd1",
    "Raxd1",
    "Ng4",
    "h3",
    "Nf2+",
    "Rxf2",
    "Bxf2",
    "Nh5",
    "f6",
    "Nh6#"
  ]
}