{
  "event": "Isle of Man Grand Swiss",
  "site": "Douglas IMN",
  "date": "2019.10.19",
  "eventDate": "2019.10.10",
  "dateMillis": 1571414400000,
  "eventDateMillis": 1570636800000,
  "round": "9",
  "result": "1/2-1/2",
  "white": "Magnus Carlsen",
  "black": "Fabiano Caruana",
  "isCarlsenWin": false,
  "isDraw": true,
  "isCarlsenBlack": false,
  "moves": [
    "c4",
    "e5",
    "Nc3",
    "Nf6",
    "Nf3",
    "Nc6",
    "e4",
    "Bc5",
    "Nxe5",
    "Nxe5",
    "d4",
    "Bb4",
    "dxe5",
    "Nxe4",
    "Qf3",
    "Nxc3",
    "bxc3",
    "Ba5",
    "Bf4",
    "O-O",
    "O-O-O",
    "Qe7",
    "Kb2",
    "Rb8",
    "Bd3",
    "b5",
    "cxb5",
    "Bb7",
    "Qh3",
    "g6",
    "Qe3",
    "Rfe8",
    "Rhe1",
    "Bc6",
    "a4",
    "a6",
    "Bg5",
    "Bxc3+",
    "Kxc3",
    "Qa3+",
    "Kd2",
    "Qb4+",
    "Ke2",
    "Qg4+",
    "Kd2",
    "Qb4+",
    "Ke2",
    "Qg4+",
    "Kd2"
  ]
}