{
  "event": "Isle of Man Grand Swiss",
  "site": "Douglas IMN",
  "date": "2019.10.21",
  "eventDate": "2019.10.10",
  "dateMillis": 1571587200000,
  "eventDateMillis": 1570636800000,
  "round": "11.2",
  "result": "1/2-1/2",
  "white": "Levon Aronian",
  "black": "Magnus Carlsen",
  "isCarlsenWin": false,
  "isDraw": true,
  "isCarlsenBlack": true,
  "moves": [
    "d4",
    "Nf6",
    "c4",
    "e6",
    "Nc3",
    "Bb4",
    "f3",
    "c5",
    "d5",
    "b5",
    "e4",
    "d6",
    "Bd2",
    "Bxc3",
    "Bxc3",
    "b4",
    "Bd2",
    "O-O",
    "Be3",
    "exd5",
    "cxd5",
    "Nfd7",
    "Ne2",
    "f5",
    "exf5",
    "Rxf5",
    "Ng3",
    "Re5",
    "Kf2",
    "Qh4",
    "Qd2",
    "Nf6",
    "Rc1",
    "Ba6",
    "b3",
    "Nxd5",
    "Rc4",
    "Qe7",
    "Re4",
    "Qe6",
    "Bf4",
    "Nxf4",
    "Qxf4",
    "Bxf1",
    "Rxe5",
    "dxe5",
    "Qe4",
    "Nc6",
    "Rxf1",
    "c4",
    "Nf5",
    "cxb3",
    "Qxc6",
    "Qxc6",
    "Ne7+",
    "Kf8",
    "Nxc6",
    "bxa2",
    "Nxb4",
    "Rb8",
    "Ra1",
    "Rxb4",
    "Rxa2",
    "Rb7",
    "Ke3",
    "Ke7",
    "Ra6"
  ]
}