{
  "event": "GCT Kolkata Rapid & Blitz",
  "site": "Kolkata IND",
  "date": "2019.11.26",
  "eventDate": "2019.11.25",
  "dateMillis": 1574697600000,
  "eventDateMillis": 1574611200000,
  "round": "14.3",
  "result": "1-0",
  "white": "Ding Liren",
  "black": "Magnus Carlsen",
  "isCarlsenWin": false,
  "isDraw": false,
  "isCarlsenBlack": true,
  "moves": [
    "d4",
    "e6",
    "c4",
    "f5",
    "g3",
    "Nf6",
    "Bg2",
    "d5",
    "Nf3",
    "Bd6",
    "Bf4",
    "Bxf4",
    "gxf4",
    "O-O",
    "Nc3",
    "c6",
    "e3",
    "b6",
    "Ne5",
    "Bb7",
    "Rc1",
    "Nbd7",
    "Qa4",
    "Nxe5",
    "fxe5",
    "Ne4",
    "cxd5",
    "cxd5",
    "Ne2",
    "Rc8",
    "Rxc8",
    "Qxc8",
    "f3",
    "Bc6",
    "Qb4",
    "Ng5",
    "Kd2",
    "Qd7",
    "Rc1",
    "Rc8",
    "Nf4",
    "Nf7",
    "Bf1",
    "Nd8",
    "Ba6",
    "Bb7",
    "Bb5",
    "Bc6",
    "Ba6",
    "Bb7",
    "Rxc8",
    "Bxc8",
    "Bxc8",
    "Qxc8",
    "Qe7",
    "h6",
    "Qe8+",
    "Kh7",
    "Ng6",
    "Qc4",
    "Nf8+",
    "Kg8",
    "Nxe6+",
    "Kh7",
    "Nf8+",
    "Kg8",
    "Ng6+",
    "Kh7",
    "Ne7",
    "Qb4+",
    "Ke2",
    "Qxb2+",
    "Kf1",
    "Qc1+",
    "Kg2",
    "Qd2+",
    "Kh3"
  ]
}