{
  "event": "GCT Kolkata Rapid & Blitz",
  "site": "Kolkata IND",
  "date": "2019.11.26",
  "eventDate": "2019.11.25",
  "dateMillis": 1574697600000,
  "eventDateMillis": 1574611200000,
  "round": "13.2",
  "result": "1-0",
  "white": "Magnus Carlsen",
  "black": "Pentala Harikrishna",
  "isCarlsenWin": true,
  "isDraw": false,
  "isCarlsenBlack": false,
  "moves": [
    "d4",
    "Nf6",
    "c4",
    "e6",
    "Nf3",
    "d5",
    "Nc3",
    "c5",
    "e3",
    "Nc6",
    "cxd5",
    "Nxd5",
    "Bd3",
    "Be7",
    "O-O",
    "O-O",
    "Qe2",
    "cxd4",
    "exd4",
    "Nf6",
    "Rd1",
    "b6",
    "a3",
    "Bb7",
    "Bg5",
    "Re8",
    "h4",
    "g6",
    "Rac1",
    "Rc8",
    "Bb1",
    "Na5",
    "Ne5",
    "Nd7",
    "b4",
    "Bxg5",
    "hxg5",
    "Nb3",
    "Rc2",
    "Na1",
    "Nxd7",
    "Qxd7",
    "Ne4",
    "Bxe4",
    "Rxc8",
    "Rxc8",
    "Bxe4",
    "Nb3",
    "Qe3",
    "Qa4",
    "Rb1",
    "Nxd4",
    "Qxd4",
    "Qxa3",
    "b5",
    "Rc1+",
    "Kh2",
    "Rxb1",
    "Bxb1",
    "Qc1",
    "Qd8+",
    "Kg7",
    "Bd3",
    "Qf4+",
    "Kg1",
    "h6",
    "gxh6+",
    "Qxh6",
    "Qd4+",
    "Kg8",
    "Bf1",
    "Qc1",
    "Qd7",
    "Qa1",
    "g3",
    "Kg7",
    "Kg2",
    "Qa4",
    "Qd2",
    "Qe4+",
    "Kg1",
    "Qa4",
    "Be2",
    "Kg8",
    "Kg2",
    "Kg7",
    "Qb2+",
    "Kg8",
    "Bf3",
    "a6",
    "bxa6",
    "Qxa6",
    "Bc6",
    "Qa7",
    "Qe5",
    "Qa6",
    "Qc7",
    "Kg7",
    "Kh2",
    "Kf8",
    "Qd8+",
    "Kg7",
    "Qd4+",
    "Kg8",
    "Be8",
    "Qa7",
    "Qd7",
    "Qxd7",
    "Bxd7",
    "Kf8",
    "Kg2",
    "Ke7",
    "Ba4",
    "Kd6",
    "Kf3",
    "g5",
    "Kg4",
    "f6",
    "Kh5",
    "Ke5",
    "Kg6",
    "g4",
    "Bd7",
    "f5",
    "Kf7",
    "Ke4",
    "Kxe6",
    "b5",
    "Bxb5",
    "Kf3",
    "Kxf5"
  ]
}