{
  "event": "GCT Kolkata Rapid & Blitz",
  "site": "Kolkata IND",
  "date": "2019.11.23",
  "eventDate": "2019.11.22",
  "dateMillis": 1574438400000,
  "eventDateMillis": 1574352000000,
  "round": "6",
  "result": "1/2-1/2",
  "white": "Vidit Santosh Gujrathi",
  "black": "Magnus Carlsen",
  "isCarlsenWin": false,
  "isDraw": true,
  "isCarlsenBlack": true,
  "moves": [
    "d4",
    "d5",
    "c4",
    "e6",
    "Nc3",
    "c5",
    "cxd5",
    "exd5",
    "Nf3",
    "Nf6",
    "Bg5",
    "Be6",
    "dxc5",
    "Bxc5",
    "e3",
    "O-O",
    "Be2",
    "h6",
    "Bh4",
    "Nc6",
    "O-O",
    "Rc8",
    "Rc1",
    "Be7",
    "Nd4",
    "a6",
    "Nxc6",
    "Rxc6",
    "Bf3",
    "Rc4",
    "Bxf6",
    "Bxf6",
    "Nxd5",
    "Rxc1",
    "Nxf6+",
    "Qxf6",
    "Qxc1",
    "Bxa2",
    "Bxb7",
    "Rb8",
    "Qc7",
    "Qd8",
    "Rc1",
    "Bc4",
    "Qxc4",
    "Rxb7",
    "b4",
    "Qf8",
    "Qxa6",
    "Rxb4",
    "h3",
    "Rb8",
    "Qc4",
    "Qd6",
    "Qg4",
    "g6",
    "Rc8+",
    "Rxc8",
    "Qxc8+",
    "Kg7",
    "Qc3+",
    "Kg8",
    "Qd4",
    "Qe6",
    "g4",
    "Qc6",
    "Qf4",
    "Kg7",
    "Kh2",
    "Qb5",
    "Qd4+",
    "Kg8",
    "Qe4",
    "h5",
    "Kg2",
    "hxg4",
    "hxg4",
    "Kg7",
    "Qd4+",
    "Kg8",
    "Kg3",
    "Qb8+",
    "f4",
    "g5",
    "Qe5",
    "gxf4+",
    "exf4",
    "Qb6",
    "Kh4",
    "Qh6+",
    "Kg3",
    "Qb6",
    "g5",
    "Qg1+",
    "Kf3",
    "Qf1+",
    "Ke3",
    "Qe1+",
    "Kd4",
    "Qb4+",
    "Kd3",
    "Qb1+",
    "Kc4",
    "Qd1",
    "Kc5",
    "Qd8",
    "Qd6",
    "Qc8+",
    "Kd4",
    "Qc1",
    "Ke5",
    "Qc3+",
    "Kf5",
    "Qc8+",
    "Kf6",
    "Qc3+",
    "Ke7",
    "Qe3+",
    "Kd8",
    "Qe4",
    "Qb8",
    "f6",
    "gxf6",
    "Kf7",
    "Qe5",
    "Qa8+",
    "Kc7",
    "Qa7+",
    "Kd6",
    "Qb6+",
    "Kd5",
    "Qxf6",
    "Qh5+",
    "Kg7",
    "Qg4+",
    "Kf8",
    "Qc8+",
    "Kg7",
    "Qd7+",
    "Qf7+",
    "Qxf7+",
    "Kxf7",
    "Ke5",
    "Ke7",
    "f5",
    "Kf7",
    "f6",
    "Kf8"
  ]
}