{
  "event": "Banter blitz",
  "site": "chess24.com",
  "date": "2019.11.17",
  "eventDate": "2019.11.17",
  "dateMillis": 1573920000000,
  "eventDateMillis": 1573920000000,
  "round": "?",
  "result": "0-1",
  "white": "NN",
  "black": "Magnus Carlsen",
  "isCarlsenWin": true,
  "isDraw": false,
  "isCarlsenBlack": true,
  "moves": [
    "c4",
    "d5",
    "cxd5",
    "Qxd5",
    "Nf3",
    "Nf6",
    "g3",
    "e5",
    "Bg2",
    "e4",
    "Nc3",
    "Qf5",
    "Nd4",
    "Qe5",
    "Nc2",
    "Nc6",
    "b3",
    "h5",
    "h4",
    "Bc5",
    "Bb2",
    "Ng4",
    "O-O",
    "Qxg3",
    "Nxe4",
    "Qh2#"
  ]
}