{
  "event": "GCT Kolkata Rapid & Blitz",
  "site": "Kolkata IND",
  "date": "2019.11.26",
  "eventDate": "2019.11.25",
  "dateMillis": 1574697600000,
  "eventDateMillis": 1574611200000,
  "round": "12.3",
  "result": "1/2-1/2",
  "white": "Magnus Carlsen",
  "black": "Hikaru Nakamura",
  "isCarlsenWin": false,
  "isDraw": true,
  "isCarlsenBlack": false,
  "moves": [
    "e4",
    "e5",
    "Nf3",
    "Nc6",
    "Bb5",
    "Nf6",
    "O-O",
    "Nxe4",
    "Re1",
    "Nd6",
    "Nxe5",
    "Be7",
    "Bf1",
    "Nxe5",
    "Rxe5",
    "O-O",
    "d4",
    "Ne8",
    "Re1",
    "d5",
    "Bf4",
    "Bd6",
    "Be5",
    "c6",
    "c3",
    "Bxe5",
    "Rxe5",
    "Nd6",
    "Bd3",
    "g6",
    "Nd2",
    "f6",
    "Re3",
    "Bf5",
    "Nb3",
    "b6",
    "Bxf5",
    "Nxf5",
    "Re2",
    "Qd7"
  ]
}