{
  "event": "GCT Kolkata Rapid & Blitz",
  "site": "Kolkata IND",
  "date": "2019.11.26",
  "eventDate": "2019.11.25",
  "dateMillis": 1574697600000,
  "eventDateMillis": 1574611200000,
  "round": "18.3",
  "result": "1/2-1/2",
  "white": "Wesley So",
  "black": "Magnus Carlsen",
  "isCarlsenWin": false,
  "isDraw": true,
  "isCarlsenBlack": true,
  "moves": [
    "d4",
    "Nf6",
    "c4",
    "c5",
    "d5",
    "g6",
    "Nc3",
    "Bg7",
    "e4",
    "d6",
    "Nf3",
    "O-O",
    "h3",
    "e6",
    "Bd3",
    "Nbd7",
    "O-O",
    "e5",
    "a3",
    "h6",
    "b4",
    "Nh7",
    "Qc2",
    "b6",
    "Rb1",
    "Ndf6",
    "bxc5",
    "bxc5",
    "Re1",
    "Nh5",
    "Bf1",
    "Ng5",
    "Nxg5",
    "hxg5",
    "g3",
    "g4",
    "hxg4",
    "Bxg4",
    "Be2",
    "Bd7",
    "Qd1",
    "Nf4",
    "gxf4",
    "exf4",
    "Qd3",
    "Qh4",
    "Nb5",
    "Be5",
    "Qf3",
    "Kg7",
    "Rb3",
    "Rh8",
    "Bd1",
    "Rh6",
    "Kf1",
    "Rah8",
    "Nxd6",
    "Bxd6",
    "Bb2+"
  ]
}