{
  "event": "GCT Kolkata Rapid & Blitz",
  "site": "Kolkata IND",
  "date": "2019.11.22",
  "eventDate": "2019.11.22",
  "dateMillis": 1574352000000,
  "eventDateMillis": 1574352000000,
  "round": "3",
  "result": "0-1",
  "white": "Levon Aronian",
  "black": "Magnus Carlsen",
  "isCarlsenWin": true,
  "isDraw": false,
  "isCarlsenBlack": true,
  "moves": [
    "e4",
    "c5",
    "Nf3",
    "d6",
    "d4",
    "cxd4",
    "Nxd4",
    "Nf6",
    "Nc3",
    "a6",
    "f3",
    "e5",
    "Nb3",
    "Be6",
    "Be3",
    "Nbd7",
    "g4",
    "Be7",
    "Qd2",
    "O-O",
    "O-O-O",
    "b5",
    "g5",
    "Nh5",
    "Kb1",
    "Nb6",
    "Na5",
    "Rc8",
    "a3",
    "g6",
    "h4",
    "Ng3",
    "Rg1",
    "Nxf1",
    "Rgxf1",
    "Na4",
    "Nxa4",
    "bxa4",
    "h5",
    "Qd7",
    "Rh1",
    "Rfe8",
    "Qh2",
    "Bf8",
    "Bd2",
    "Rc7",
    "Bb4",
    "Rb8",
    "Rd3",
    "Qb5",
    "Rc3",
    "Rbc8",
    "Rxc7",
    "Rxc7",
    "Rd1",
    "Rd7",
    "Rd3",
    "Be7",
    "hxg6",
    "fxg6",
    "Qd2",
    "Qb6",
    "Qc1",
    "Bd8",
    "c4",
    "Qf2",
    "Nc6",
    "Bxg5",
    "Qxg5",
    "Qf1+",
    "Kc2",
    "Bxc4",
    "Qe3",
    "Bxd3+",
    "Qxd3",
    "Qxd3+",
    "Kxd3",
    "h5",
    "Ke3",
    "Kf7",
    "Bc3",
    "Ke6",
    "Nb4",
    "g5",
    "Kf2",
    "Rf7",
    "Kg2",
    "g4",
    "fxg4",
    "Rg7",
    "Nd5",
    "Rxg4+",
    "Kf3",
    "Rg1",
    "Kf2",
    "Rg7",
    "Kf3",
    "h4",
    "Be1",
    "h3",
    "Bg3",
    "Rb7",
    "Nb4",
    "a5",
    "Nd3",
    "Rb3",
    "Ke2",
    "Kf6",
    "Bh2",
    "Kg5",
    "Bg3",
    "Kg4",
    "Bh2",
    "Rxd3",
    "Kxd3",
    "Kf3",
    "Kd2",
    "Kxe4",
    "Ke2",
    "d5",
    "Bg3",
    "d4",
    "Bh2",
    "Kd5",
    "Kd2",
    "e4",
    "Ke2",
    "Kc4",
    "Be5",
    "Kb3",
    "Kd2",
    "d3",
    "Kd1",
    "e3",
    "Kc1",
    "Kc4"
  ]
}