{
  "event": "GCT Kolkata Rapid & Blitz",
  "site": "Kolkata IND",
  "date": "2019.11.25",
  "eventDate": "2019.11.25",
  "dateMillis": 1574611200000,
  "eventDateMillis": 1574611200000,
  "round": "8.3",
  "result": "0-1",
  "white": "Viswanathan Anand",
  "black": "Magnus Carlsen",
  "isCarlsenWin": true,
  "isDraw": false,
  "isCarlsenBlack": true,
  "moves": [
    "e4",
    "d5",
    "exd5",
    "Qxd5",
    "Nc3",
    "Qd6",
    "Nf3",
    "Nf6",
    "d4",
    "c6",
    "Bd3",
    "Bg4",
    "Ne4",
    "Nxe4",
    "Bxe4",
    "Nd7",
    "c3",
    "Nf6",
    "Bc2",
    "Qd5",
    "h3",
    "Bxf3",
    "Qxf3",
    "Qxf3",
    "gxf3",
    "e6",
    "Bg5",
    "Nd5",
    "Be4",
    "Bd6",
    "Ke2",
    "Kd7",
    "Be3",
    "g6",
    "Rad1",
    "b5",
    "Rc1",
    "a5",
    "c4",
    "bxc4",
    "Rxc4",
    "Rhb8",
    "Rb1",
    "Rb4",
    "Rxb4",
    "axb4",
    "Ra1",
    "Nxe3",
    "fxe3",
    "Ra5",
    "f4",
    "c5",
    "dxc5",
    "Bxc5",
    "a3",
    "bxa3",
    "bxa3",
    "Bxa3",
    "Kf3",
    "Ke7",
    "Bd3",
    "Kf6",
    "Ra2",
    "e5",
    "Bc4",
    "exf4",
    "exf4",
    "Rc5",
    "Rc2",
    "Rc7",
    "Bb3",
    "Rd7",
    "Rc3",
    "Bb4",
    "Rc6+",
    "Kg7",
    "Bc4",
    "f5",
    "Be2",
    "Ra7",
    "Ba6",
    "Kh6",
    "Rb6",
    "Bc5",
    "Rc6",
    "Bg1",
    "Kg2",
    "Bd4",
    "Kg3",
    "Re7",
    "Rc4",
    "Re3+",
    "Kg2",
    "Bf6",
    "Bb7",
    "Bh4",
    "Bf3",
    "Rb3",
    "Bd1",
    "Rg3+",
    "Kh2",
    "Rd3",
    "Ba4",
    "Rd2+",
    "Kg1",
    "Bg3",
    "Bc6",
    "Kh5",
    "Bg2",
    "Kh4",
    "Ra4",
    "Bf2+",
    "Kh2",
    "Be3"
  ]
}