{
  "event": "GCT Kolkata Rapid & Blitz",
  "site": "Kolkata IND",
  "date": "2019.11.25",
  "eventDate": "2019.11.25",
  "dateMillis": 1574611200000,
  "eventDateMillis": 1574611200000,
  "round": "5.3",
  "result": "0-1",
  "white": "Magnus Carlsen",
  "black": "Ding Liren",
  "isCarlsenWin": false,
  "isDraw": false,
  "isCarlsenBlack": false,
  "moves": [
    "e4",
    "e5",
    "Nf3",
    "Nc6",
    "Bb5",
    "a6",
    "Ba4",
    "Nf6",
    "O-O",
    "Be7",
    "Bxc6",
    "dxc6",
    "d3",
    "Nd7",
    "Nbd2",
    "O-O",
    "a4",
    "a5",
    "b3",
    "f6",
    "Nh4",
    "Nc5",
    "Nf5",
    "Ne6",
    "Nc4",
    "b6",
    "Nxe7+",
    "Qxe7",
    "Ne3",
    "g6",
    "Bb2",
    "c5",
    "Qd2",
    "Bb7",
    "Rae1",
    "Rad8",
    "f3",
    "Kf7",
    "Qf2",
    "Ke8",
    "Qh4",
    "Kd7",
    "f4",
    "Nxf4",
    "Rxf4",
    "exf4",
    "Ng4",
    "g5",
    "Qh6",
    "Qe6",
    "Nxf6+",
    "Kc8",
    "Qxg5",
    "f3",
    "Rf1",
    "Rg8",
    "Nxg8",
    "Rxg8",
    "Qe5",
    "Rxg2+",
    "Kh1",
    "Qg6",
    "h4",
    "Bc6",
    "Qf4",
    "Rxc2",
    "Rg1",
    "Rg2",
    "Qe3",
    "Qg3"
  ]
}