{
  "event": "GCT Kolkata Rapid & Blitz",
  "site": "Kolkata IND",
  "date": "2019.11.22",
  "eventDate": "2019.11.22",
  "dateMillis": 1574352000000,
  "eventDateMillis": 1574352000000,
  "round": "1",
  "result": "1/2-1/2",
  "white": "Wesley So",
  "black": "Magnus Carlsen",
  "isCarlsenWin": false,
  "isDraw": true,
  "isCarlsenBlack": true,
  "moves": [
    "e4",
    "c5",
    "Nf3",
    "d6",
    "d4",
    "cxd4",
    "Nxd4",
    "Nf6",
    "Nc3",
    "a6",
    "h3",
    "e5",
    "Nb3",
    "Be7",
    "g4",
    "h6",
    "Be3",
    "b5",
    "a4",
    "bxa4",
    "Rxa4",
    "Bd7",
    "Ra1",
    "Nc6",
    "Nd5",
    "O-O",
    "Nb6",
    "Rb8",
    "Nxd7",
    "Qxd7",
    "Bg2",
    "a5",
    "O-O",
    "Bd8",
    "Qf3",
    "Nb4",
    "Qe2",
    "a4",
    "Nc1",
    "Qc6",
    "c3",
    "Na6",
    "Nd3",
    "Bb6",
    "Nxe5",
    "dxe5",
    "Qxa6",
    "Rfc8",
    "Bxb6",
    "Rxb6",
    "Qxa4",
    "Rxb2",
    "Qxc6",
    "Rxc6",
    "Ra5",
    "Nd7",
    "Rd5",
    "Rb7",
    "Rfd1",
    "Nf8",
    "Rxe5",
    "Ne6",
    "Rc1",
    "Rbc7",
    "h4",
    "g5",
    "hxg5",
    "hxg5",
    "Rf5",
    "Rxc3",
    "Rxc3",
    "Rxc3",
    "e5",
    "Rc4",
    "Bd5",
    "Rxg4+",
    "Kh2",
    "Rd4",
    "Bxe6",
    "fxe6",
    "Rf6",
    "Rd5",
    "Rg6+",
    "Kf7",
    "Rxg5",
    "Rd1",
    "f4",
    "Rd3",
    "Kg2",
    "Ra3",
    "Rg3",
    "Ra4",
    "Kf3",
    "Ra1",
    "Kg4",
    "Kg6",
    "Kf3+",
    "Kf7",
    "Rg2",
    "Ra3+",
    "Kg4",
    "Ra1",
    "Rb2",
    "Rg1+",
    "Kf3",
    "Rf1+",
    "Ke3",
    "Re1+",
    "Kf2",
    "Ra1",
    "Rb8",
    "Ra3",
    "Rb6"
  ]
}