{
  "event": "GCT Kolkata Rapid & Blitz",
  "site": "Kolkata IND",
  "date": "2019.11.23",
  "eventDate": "2019.11.22",
  "dateMillis": 1574438400000,
  "eventDateMillis": 1574352000000,
  "round": "5",
  "result": "0-1",
  "white": "Anish Giri",
  "black": "Magnus Carlsen",
  "isCarlsenWin": true,
  "isDraw": false,
  "isCarlsenBlack": true,
  "moves": [
    "e4",
    "c5",
    "Nf3",
    "Nc6",
    "Bb5",
    "g6",
    "O-O",
    "Bg7",
    "Bxc6",
    "bxc6",
    "Re1",
    "Qc7",
    "h3",
    "d6",
    "c3",
    "Nf6",
    "d4",
    "cxd4",
    "cxd4",
    "O-O",
    "Nc3",
    "Bb7",
    "e5",
    "dxe5",
    "dxe5",
    "Rfd8",
    "Qc2",
    "Nd5",
    "Nxd5",
    "Rxd5",
    "e6",
    "f6",
    "Be3",
    "a5",
    "Bc5",
    "Ba6",
    "Rac1",
    "Bh6",
    "Be3",
    "Bxe3",
    "Rxe3",
    "c5",
    "Rd1",
    "Rad8",
    "Rxd5",
    "Rxd5",
    "Qa4",
    "Qd8",
    "Re1",
    "Kg7",
    "Qc6",
    "Bd3",
    "Nd2",
    "g5",
    "Nb3",
    "c4",
    "Nc5",
    "Qd6",
    "Qxd6",
    "Rxd6",
    "Rd1",
    "f5",
    "f3",
    "Rd5",
    "Nxd3",
    "cxd3",
    "Kf2",
    "f4",
    "Ke1",
    "Re5+",
    "Kf1",
    "Re3",
    "Re1",
    "Kf6",
    "Kf2",
    "Rxe6",
    "Rxe6+",
    "Kxe6",
    "Ke1",
    "Kd5",
    "b3",
    "Kd4",
    "Kd2",
    "e5",
    "a3",
    "h6",
    "b4",
    "a4",
    "Kd1",
    "Kc4",
    "Kd2",
    "h5",
    "Kd1",
    "Kd4",
    "Kd2",
    "h4",
    "b5",
    "Kc5",
    "Kxd3",
    "Kxb5",
    "Ke4",
    "Kc4",
    "Kxe5",
    "Kb3",
    "Kd4",
    "Kxa3",
    "Kc3",
    "Ka2",
    "Kc2",
    "a3"
  ]
}