{
  "event": "GCT Kolkata Rapid & Blitz",
  "site": "Kolkata IND",
  "date": "2019.11.24",
  "eventDate": "2019.11.22",
  "dateMillis": 1574524800000,
  "eventDateMillis": 1574352000000,
  "round": "9.4",
  "result": "1-0",
  "white": "Magnus Carlsen",
  "black": "Ding Liren",
  "isCarlsenWin": true,
  "isDraw": false,
  "isCarlsenBlack": false,
  "moves": [
    "e4",
    "e5",
    "Nf3",
    "Nc6",
    "Bb5",
    "a6",
    "Ba4",
    "Nf6",
    "O-O",
    "Be7",
    "Re1",
    "b5",
    "Bb3",
    "O-O",
    "c3",
    "d5",
    "exd5",
    "Nxd5",
    "Nxe5",
    "Nxe5",
    "Rxe5",
    "c6",
    "d3",
    "Bd6",
    "Re1",
    "Bf5",
    "Qf3",
    "Qh4",
    "g3",
    "Qh3",
    "Be3",
    "Bxd3",
    "Bxd5",
    "cxd5",
    "Qxd5",
    "Rad8",
    "Qg2",
    "Qc8",
    "Nd2",
    "Bf5",
    "Bd4",
    "Rfe8",
    "f3",
    "Bf8",
    "a3",
    "Re6",
    "Rxe6",
    "Qxe6",
    "Qf2",
    "Re8",
    "Nf1",
    "h5",
    "Ne3",
    "Bh3",
    "Re1",
    "Qc6",
    "Ng2",
    "Rxe1+",
    "Nxe1",
    "Qg6",
    "Qc2",
    "Bf5",
    "Qd2",
    "Be6",
    "Qd3",
    "Bf5",
    "Qe3",
    "Be6",
    "Bc5",
    "Bxc5",
    "Qxc5",
    "Qb1",
    "Qf2",
    "Bd5",
    "Kg2",
    "a5",
    "Qe2",
    "Qf5",
    "Kf2",
    "Be6",
    "Nc2",
    "Qh3",
    "Kg1",
    "Bc4",
    "Qe8+",
    "Kh7",
    "Ne3",
    "Qe6",
    "Qxe6",
    "Bxe6",
    "b4",
    "axb4",
    "axb4",
    "g5",
    "h4",
    "gxh4",
    "gxh4",
    "Kg6",
    "Kf2",
    "Kf6",
    "Nf1",
    "Ke5",
    "Ng3",
    "f5",
    "Nxh5",
    "f4",
    "Ng7",
    "Bf7",
    "h5",
    "Kf6",
    "h6",
    "Kg6",
    "Nh5",
    "Kxh6",
    "Nxf4",
    "Kg5",
    "Ne2",
    "Kf5"
  ]
}