{
  "event": "GCT Kolkata Rapid & Blitz",
  "site": "Kolkata IND",
  "date": "2019.11.26",
  "eventDate": "2019.11.25",
  "dateMillis": 1574697600000,
  "eventDateMillis": 1574611200000,
  "round": "15.3",
  "result": "1/2-1/2",
  "white": "Magnus Carlsen",
  "black": "Ian Nepomniachtchi",
  "isCarlsenWin": false,
  "isDraw": true,
  "isCarlsenBlack": false,
  "moves": [
    "Nf3",
    "c5",
    "c3",
    "d5",
    "d4",
    "cxd4",
    "cxd4",
    "Nc6",
    "Nc3",
    "Nf6",
    "Bf4",
    "Nh5",
    "Bd2",
    "Nf6",
    "Bf4",
    "Nh5",
    "Bd2",
    "Nf6",
    "Bf4"
  ]
}