{
  "event": "GCT Kolkata Rapid & Blitz",
  "site": "Kolkata IND",
  "date": "2019.11.25",
  "eventDate": "2019.11.25",
  "dateMillis": 1574611200000,
  "eventDateMillis": 1574611200000,
  "round": "7.4",
  "result": "1-0",
  "white": "Magnus Carlsen",
  "black": "Levon Aronian",
  "isCarlsenWin": true,
  "isDraw": false,
  "isCarlsenBlack": false,
  "moves": [
    "c4",
    "Nf6",
    "Nc3",
    "e5",
    "Nf3",
    "Nc6",
    "d3",
    "d5",
    "cxd5",
    "Nxd5",
    "e4",
    "Nb6",
    "Be2",
    "Be7",
    "Be3",
    "O-O",
    "O-O",
    "Be6",
    "a4",
    "a6",
    "a5",
    "Nd7",
    "d4",
    "exd4",
    "Nxd4",
    "Nxd4",
    "Bxd4",
    "Nc5",
    "Be3",
    "Qxd1",
    "Rfxd1",
    "Rfd8",
    "Nd5",
    "Bxd5",
    "exd5",
    "Nd7",
    "Bf4",
    "Bd6",
    "Bxd6",
    "cxd6",
    "Rac1",
    "Nf6",
    "Rc7",
    "Rab8",
    "Bf3",
    "b6",
    "b4",
    "bxa5",
    "bxa5",
    "Rb5",
    "Ra1",
    "Nxd5",
    "Bxd5",
    "Rxd5",
    "Ra7",
    "g6",
    "h3",
    "Rb8",
    "Rxa6",
    "Kg7",
    "Rc6",
    "Rb2",
    "a6",
    "Rdd2",
    "a7",
    "Rxf2",
    "Rc2",
    "Rbxc2",
    "a8=Q",
    "h5",
    "Qe4",
    "Rce2",
    "Qd4+",
    "Rf6",
    "Rf1",
    "Re5",
    "Rxf6",
    "Kxf6",
    "Qxd6+",
    "Re6",
    "Qf8",
    "Re5",
    "Kf2",
    "Rf5+",
    "Ke3",
    "Re5+",
    "Kd4",
    "Re2",
    "g4",
    "hxg4",
    "hxg4",
    "Rg2",
    "Qh8+",
    "Ke7",
    "Qh3",
    "Rd2+",
    "Ke5",
    "Re2+",
    "Kf4",
    "Re6",
    "Kg5",
    "Re5+",
    "Kh6",
    "g5",
    "Kg7",
    "Re6",
    "Qa3+",
    "Ke8",
    "Qa8+",
    "Ke7",
    "Qb7+"
  ]
}