{
  "event": "GCT Kolkata Rapid & Blitz",
  "site": "Kolkata IND",
  "date": "2019.11.24",
  "eventDate": "2019.11.22",
  "dateMillis": 1574524800000,
  "eventDateMillis": 1574352000000,
  "round": "8.3",
  "result": "1/2-1/2",
  "white": "Pentala Harikrishna",
  "black": "Magnus Carlsen",
  "isCarlsenWin": false,
  "isDraw": true,
  "isCarlsenBlack": true,
  "moves": [
    "d4",
    "Nf6",
    "c4",
    "c6",
    "Nc3",
    "d5",
    "cxd5",
    "cxd5",
    "Bf4",
    "Nc6",
    "e3",
    "Bf5",
    "Qb3",
    "Na5",
    "Qa4+",
    "Bd7",
    "Qc2",
    "e6",
    "Bd3",
    "Nc6",
    "Qe2",
    "Bb4",
    "Nf3",
    "Nh5",
    "Bg5",
    "Qa5",
    "O-O",
    "h6",
    "Bh4",
    "g5",
    "Bg3",
    "Nxg3",
    "fxg3",
    "g4",
    "Nh4",
    "Rg8",
    "Rac1",
    "f5",
    "a3",
    "Bxc3",
    "Rxc3",
    "Ne7",
    "Rfc1",
    "Rc8",
    "Qf2",
    "Rxc3",
    "Rxc3",
    "Qb6",
    "h3",
    "h5",
    "Kh2",
    "Qd6",
    "Qf4",
    "Qxf4",
    "gxf4",
    "Nc8",
    "g3",
    "Nd6",
    "Ng2",
    "Kd8",
    "Ne1",
    "Rg7",
    "Kg2",
    "Bb5",
    "Bxb5",
    "Nxb5",
    "Rc2",
    "Nd6",
    "Nd3",
    "Nc4",
    "Re2",
    "Rc7",
    "hxg4",
    "hxg4",
    "Kf1",
    "Ke7",
    "Ke1",
    "Nd6",
    "Kd1",
    "Ne4",
    "Rg2",
    "Kd6",
    "Nf2",
    "Rh7",
    "Ke2",
    "Kc6",
    "Kd3",
    "Kb5",
    "b3",
    "a5",
    "Nxe4",
    "dxe4+",
    "Kc3",
    "Kc6",
    "a4",
    "Rh1",
    "b4",
    "Re1",
    "Rc2",
    "Kd6",
    "Kd2",
    "Rg1",
    "bxa5",
    "Rg2+",
    "Kd1",
    "Rxg3",
    "Rc3",
    "Rf3",
    "Ke2",
    "g3",
    "Rc8",
    "Rf2+",
    "Ke1",
    "Ra2",
    "Kf1",
    "Ra3",
    "Rb8",
    "Rxe3",
    "Rxb7",
    "Ra3",
    "Rb4",
    "e3",
    "Rb2",
    "Kd5",
    "Kg2",
    "Rxa4",
    "Kxg3",
    "Ke4",
    "Rb6",
    "Ra1",
    "Rxe6+",
    "Kd3",
    "a6",
    "e2",
    "a7",
    "Rxa7",
    "Kf2",
    "Rh7",
    "Re3+",
    "Kxd4",
    "Rxe2",
    "Rh2+",
    "Ke1",
    "Rxe2+",
    "Kxe2",
    "Ke4",
    "Kf1",
    "Kxf4",
    "Kf2"
  ]
}