{
  "event": "GCT Kolkata Rapid & Blitz",
  "site": "Kolkata IND",
  "date": "2019.11.24",
  "eventDate": "2019.11.22",
  "dateMillis": 1574524800000,
  "eventDateMillis": 1574352000000,
  "round": "7.3",
  "result": "1-0",
  "white": "Magnus Carlsen",
  "black": "Viswanathan Anand",
  "isCarlsenWin": true,
  "isDraw": false,
  "isCarlsenBlack": false,
  "moves": [
    "d4",
    "Nf6",
    "c4",
    "e6",
    "Nc3",
    "Bb4",
    "Nf3",
    "d5",
    "cxd5",
    "exd5",
    "Bg5",
    "h6",
    "Bh4",
    "O-O",
    "e3",
    "Bf5",
    "Nd2",
    "g5",
    "Bg3",
    "c5",
    "a3",
    "Bxc3",
    "bxc3",
    "c4",
    "h4",
    "g4",
    "h5",
    "Nbd7",
    "Bf4",
    "Qa5",
    "Qc1",
    "Nb6",
    "Bxh6",
    "Na4",
    "Bxf8",
    "Rxf8",
    "f3",
    "Re8",
    "Kf2",
    "b5",
    "e4",
    "dxe4",
    "Nxc4",
    "bxc4",
    "Qg5+",
    "Kh7",
    "Qxf6",
    "e3+",
    "Kg1",
    "Be6",
    "d5",
    "Qxd5",
    "Re1",
    "Qd2",
    "Re2",
    "Qc1",
    "Qd4",
    "gxf3",
    "Qxe3",
    "Qxc3",
    "gxf3",
    "Rg8+",
    "Kf2",
    "Qg7",
    "Qe4+",
    "Kh6",
    "Qf4+",
    "Kh7",
    "Qe5",
    "Qh6",
    "Rg1",
    "Rc8",
    "Qe4+",
    "Kh8",
    "Qd4+",
    "Kh7",
    "Rxe6"
  ]
}