{
  "event": "GCT Kolkata Rapid & Blitz",
  "site": "Kolkata IND",
  "date": "2019.11.26",
  "eventDate": "2019.11.25",
  "dateMillis": 1574697600000,
  "eventDateMillis": 1574611200000,
  "round": "17.3",
  "result": "1-0",
  "white": "Magnus Carlsen",
  "black": "Viswanathan Anand",
  "isCarlsenWin": true,
  "isDraw": false,
  "isCarlsenBlack": false,
  "moves": [
    "d4",
    "Nf6",
    "Nf3",
    "d5",
    "Bf4",
    "e6",
    "e3",
    "Bd6",
    "Nbd2",
    "Bxf4",
    "exf4",
    "Qd6",
    "g3",
    "b6",
    "c3",
    "O-O",
    "Bd3",
    "Ba6",
    "Bxa6",
    "Nxa6",
    "Qe2",
    "Nb8",
    "Ne5",
    "c5",
    "Ndf3",
    "Ne4",
    "O-O",
    "f6",
    "Ng4",
    "Nc6",
    "dxc5",
    "bxc5",
    "Rad1",
    "f5",
    "Nge5",
    "Rab8",
    "c4",
    "Nxe5",
    "Nxe5",
    "Rfd8",
    "Rfe1",
    "Qa6",
    "f3",
    "Nf6",
    "b3",
    "Rbc8",
    "Rc1",
    "d4",
    "Nd3",
    "Rd6",
    "Rc2",
    "Nd7",
    "Qg2",
    "Qb6",
    "Rce2",
    "a5",
    "Rb2",
    "Rb8",
    "Qd2",
    "Qc7",
    "Qd1",
    "h6",
    "Rbe2",
    "Qb6",
    "h4",
    "a4",
    "Rb2",
    "axb3",
    "axb3",
    "Qa7",
    "Kh2",
    "Ra6",
    "Qe2",
    "Rab6",
    "g4",
    "fxg4",
    "fxg4",
    "Qc7",
    "g5",
    "hxg5",
    "hxg5",
    "e5",
    "fxe5",
    "Re6",
    "Qe4",
    "Rbe8",
    "Qd5",
    "Nb6",
    "Qxc5",
    "Qd8",
    "Rg2",
    "Rf8",
    "Qb5",
    "Rf3",
    "Nc5",
    "Rg6",
    "e6",
    "Qd6+",
    "Kg1",
    "Rxg5",
    "Ne4"
  ]
}