{
  "event": "GCT Kolkata Rapid & Blitz",
  "site": "Kolkata IND",
  "date": "2019.11.25",
  "eventDate": "2019.11.25",
  "dateMillis": 1574611200000,
  "eventDateMillis": 1574611200000,
  "round": "1.4",
  "result": "0-1",
  "white": "Vidit Santosh Gujrathi",
  "black": "Magnus Carlsen",
  "isCarlsenWin": true,
  "isDraw": false,
  "isCarlsenBlack": true,
  "moves": [
    "d4",
    "Nf6",
    "c4",
    "e6",
    "Nf3",
    "d5",
    "g3",
    "dxc4",
    "Bg2",
    "Nbd7",
    "O-O",
    "Rb8",
    "a4",
    "b6",
    "Nbd2",
    "Ba6",
    "Qc2",
    "c3",
    "bxc3",
    "Bxe2",
    "Re1",
    "Ba6",
    "c4",
    "Be7",
    "d5",
    "Nc5",
    "Ne5",
    "Bb7",
    "dxe6",
    "fxe6",
    "Nc6",
    "Bxc6",
    "Bxc6+",
    "Nfd7",
    "Bb2",
    "O-O",
    "Rad1",
    "Bd6",
    "Ne4",
    "Qe7",
    "Kg2",
    "Rbd8",
    "Nxc5",
    "Nxc5",
    "f4",
    "Qf7",
    "Re2",
    "Be7",
    "Ba3",
    "Rxd1",
    "Qxd1",
    "Rd8",
    "Rd2",
    "Rxd2+",
    "Qxd2",
    "Qf5",
    "Qe2",
    "Kf7",
    "Bxc5",
    "Qxc5",
    "Bf3",
    "Bf6",
    "Be4",
    "h6",
    "h4",
    "Ke7",
    "h5",
    "Qd4",
    "Bd5",
    "e5",
    "Qg4",
    "Kd6",
    "Qe6+",
    "Kc5",
    "fxe5",
    "Qxe5",
    "Qd7",
    "Qe2+",
    "Kg1",
    "Bd4+",
    "Kh1",
    "Qf1+"
  ]
}