{
  "event": "GCT Kolkata Rapid & Blitz",
  "site": "Kolkata IND",
  "date": "2019.11.25",
  "eventDate": "2019.11.25",
  "dateMillis": 1574611200000,
  "eventDateMillis": 1574611200000,
  "round": "3.3",
  "result": "1/2-1/2",
  "white": "Hikaru Nakamura",
  "black": "Magnus Carlsen",
  "isCarlsenWin": false,
  "isDraw": true,
  "isCarlsenBlack": true,
  "moves": [
    "d4",
    "d5",
    "c4",
    "c6",
    "Nf3",
    "Nf6",
    "e3",
    "e6",
    "Nbd2",
    "b6",
    "Bd3",
    "Bb7",
    "O-O",
    "Nbd7",
    "e4",
    "dxe4",
    "Nxe4",
    "Nxe4",
    "Bxe4",
    "Bd6",
    "Qe2",
    "Qc7",
    "Bg5",
    "h6",
    "Bh4",
    "O-O",
    "Rad1",
    "Rfe8",
    "Bg3",
    "Bxg3",
    "fxg3",
    "Rad8",
    "c5",
    "bxc5",
    "g4",
    "cxd4",
    "g5",
    "c5",
    "gxh6",
    "gxh6",
    "Nd2",
    "f5",
    "Qh5",
    "Nf8",
    "Bxb7",
    "Qxb7",
    "Rf3",
    "Kh7",
    "Ne4",
    "Re7",
    "Ng5+",
    "Kg7",
    "Rg3",
    "hxg5",
    "Qxg5+",
    "Kf7",
    "Qh5+",
    "Kf6",
    "Qh8+",
    "Kf7",
    "Qh5+",
    "Kf6",
    "Qh8+"
  ]
}