{
  "event": "GCT Kolkata Rapid & Blitz",
  "site": "Kolkata IND",
  "date": "2019.11.22",
  "eventDate": "2019.11.22",
  "dateMillis": 1574352000000,
  "eventDateMillis": 1574352000000,
  "round": "2",
  "result": "1-0",
  "white": "Magnus Carlsen",
  "black": "Ian Nepomniachtchi",
  "isCarlsenWin": true,
  "isDraw": false,
  "isCarlsenBlack": false,
  "moves": [
    "e4",
    "c5",
    "Nf3",
    "d6",
    "Bb5+",
    "Nd7",
    "d4",
    "cxd4",
    "Qxd4",
    "a6",
    "Be2",
    "Ngf6",
    "O-O",
    "e5",
    "Qe3",
    "Nc5",
    "Nfd2",
    "b5",
    "c4",
    "bxc4",
    "Nc3",
    "Bb7",
    "Bxc4",
    "Be7",
    "b4",
    "Ne6",
    "Nb3",
    "Rc8",
    "Na5",
    "Qd7",
    "Qd3",
    "O-O",
    "Be3",
    "Bd8",
    "Nxb7",
    "Qxb7",
    "Nd5",
    "Nc7",
    "Nxf6+",
    "Bxf6",
    "Rab1",
    "Rfd8",
    "Rfd1",
    "h6",
    "f3",
    "Qc6",
    "Qb3",
    "Qe8",
    "a4",
    "Rb8",
    "b5",
    "axb5",
    "axb5",
    "Ne6",
    "b6",
    "Bg5",
    "Bf2",
    "Nd4",
    "Bxd4",
    "exd4",
    "Rxd4",
    "Rdc8",
    "b7",
    "Rc5",
    "Bd5",
    "Qe7",
    "Rc4",
    "Qc7",
    "Rxc5",
    "dxc5",
    "g3",
    "Bf6",
    "Kg2",
    "Qe7",
    "Qb6",
    "Be5",
    "Qc6",
    "Kh7",
    "f4",
    "Bd4",
    "Qc8",
    "Qd6",
    "Qf5+",
    "Kh8",
    "Kh3",
    "Qa6",
    "e5"
  ]
}