{
  "event": "GCT Kolkata Rapid & Blitz",
  "site": "Kolkata IND",
  "date": "2019.11.26",
  "eventDate": "2019.11.25",
  "dateMillis": 1574697600000,
  "eventDateMillis": 1574611200000,
  "round": "16.4",
  "result": "0-1",
  "white": "Levon Aronian",
  "black": "Magnus Carlsen",
  "isCarlsenWin": true,
  "isDraw": false,
  "isCarlsenBlack": true,
  "moves": [
    "c4",
    "g6",
    "Nc3",
    "c5",
    "g3",
    "Bg7",
    "Bg2",
    "Nc6",
    "d3",
    "d6",
    "Qd2",
    "e5",
    "b3",
    "Nge7",
    "Bb2",
    "Be6",
    "Nd5",
    "Qd7",
    "e3",
    "O-O",
    "Ne2",
    "Bh3",
    "Bxh3",
    "Qxh3",
    "Nec3",
    "Rab8",
    "O-O-O",
    "Nxd5",
    "Nxd5",
    "b5",
    "f4",
    "a5",
    "Rhf1",
    "a4",
    "f5",
    "axb3",
    "axb3",
    "bxc4",
    "bxc4",
    "Rb3",
    "f6",
    "Bh6",
    "Kc2",
    "Rfb8",
    "Bc3",
    "Qd7",
    "Ra1",
    "Nd4+",
    "Bxd4",
    "cxd4",
    "Ra2",
    "Qb7",
    "Qc1",
    "Rc3+",
    "Nxc3",
    "Qb3+",
    "Kd2"
  ]
}