{
  "event": "GCT Kolkata Rapid & Blitz",
  "site": "Kolkata IND",
  "date": "2019.11.26",
  "eventDate": "2019.11.25",
  "dateMillis": 1574697600000,
  "eventDateMillis": 1574611200000,
  "round": "11.4",
  "result": "1/2-1/2",
  "white": "Anish Giri",
  "black": "Magnus Carlsen",
  "isCarlsenWin": false,
  "isDraw": true,
  "isCarlsenBlack": true,
  "moves": [
    "d4",
    "d5",
    "c4",
    "c6",
    "Nf3",
    "Nf6",
    "Nc3",
    "e6",
    "e3",
    "Nbd7",
    "Qc2",
    "Bd6",
    "Bd3",
    "dxc4",
    "Bxc4",
    "b5",
    "Bd3",
    "Bb7",
    "O-O",
    "a6",
    "a4",
    "O-O",
    "e4",
    "e5",
    "dxe5",
    "Nxe5",
    "Nxe5",
    "Bxe5",
    "h3",
    "b4",
    "Ne2",
    "c5",
    "f3",
    "Rc8",
    "Bc4",
    "Nd7",
    "Rd1",
    "Qe7",
    "a5",
    "Bb8",
    "Bf4",
    "Ne5",
    "Rd2",
    "Qf6",
    "Bg3",
    "h5",
    "Rad1",
    "h4",
    "Bh2",
    "Nxc4",
    "Qxc4",
    "Bxh2+",
    "Kxh2",
    "Bc6",
    "Qxa6",
    "c4",
    "Kh1",
    "c3"
  ]
}