{
  "event": "Banter blitz",
  "site": "chess24.com",
  "date": "2019.11.17",
  "eventDate": "2019.11.17",
  "dateMillis": 1573920000000,
  "eventDateMillis": 1573920000000,
  "round": "?",
  "result": "1-0",
  "white": "Magnus Carlsen",
  "black": "NN",
  "isCarlsenWin": true,
  "isDraw": false,
  "isCarlsenBlack": false,
  "moves": [
    "e4",
    "d6",
    "f4",
    "g6",
    "Nf3",
    "Bg7",
    "Nc3",
    "Nf6",
    "Bc4",
    "O-O",
    "d3",
    "c6",
    "Bb3",
    "Nbd7",
    "O-O",
    "Nc5",
    "Qe1",
    "b5",
    "Qh4",
    "Nxb3",
    "axb3",
    "e6",
    "e5",
    "Nd5",
    "Qxd8",
    "Rxd8",
    "Ne4",
    "Nb4",
    "Rf2",
    "d5",
    "Nc5",
    "a5",
    "c3",
    "Na6",
    "Rxa5",
    "Bf8",
    "Be3",
    "Bxc5",
    "Bxc5",
    "Bb7",
    "Bb6",
    "Rdc8",
    "b4",
    "Nc7",
    "Nd4",
    "Rxa5",
    "bxa5",
    "Na8",
    "b4",
    "Nxb6",
    "axb6",
    "Ra8",
    "Nb3",
    "Ra6",
    "Nc5",
    "Rxb6",
    "Ra2",
    "Kg7",
    "Ra7",
    "Bc8",
    "Ra8"
  ]
}