{
  "event": "GCT Kolkata Rapid & Blitz",
  "site": "Kolkata IND",
  "date": "2019.11.25",
  "eventDate": "2019.11.25",
  "dateMillis": 1574611200000,
  "eventDateMillis": 1574611200000,
  "round": "6.2",
  "result": "0-1",
  "white": "Ian Nepomniachtchi",
  "black": "Magnus Carlsen",
  "isCarlsenWin": true,
  "isDraw": false,
  "isCarlsenBlack": true,
  "moves": [
    "e4",
    "d5",
    "exd5",
    "Qxd5",
    "Nc3",
    "Qd6",
    "d4",
    "Nf6",
    "Nf3",
    "c6",
    "Bc4",
    "Bg4",
    "Be3",
    "e6",
    "h3",
    "Bh5",
    "g4",
    "Bg6",
    "Qe2",
    "Nbd7",
    "O-O-O",
    "Be7",
    "Ne5",
    "Nxe5",
    "dxe5",
    "Qxe5",
    "f4",
    "Qc7",
    "Rhf1",
    "b5",
    "Bb3",
    "b4",
    "Na4",
    "O-O",
    "h4",
    "Be4",
    "g5",
    "Nd5",
    "Bd4",
    "Bf5",
    "h5",
    "Nxf4",
    "Qe3",
    "Bxg5",
    "Kb1",
    "Rfd8",
    "Be5",
    "Rxd1+",
    "Rxd1",
    "Nd5",
    "Qd4",
    "Qe7",
    "Bxg7",
    "Rd8",
    "h6",
    "Nc3+",
    "bxc3",
    "Rxd4",
    "Rxd4",
    "Bf6"
  ]
}