{
  "event": "GCT Kolkata Rapid & Blitz",
  "site": "Kolkata IND",
  "date": "2019.11.25",
  "eventDate": "2019.11.25",
  "dateMillis": 1574611200000,
  "eventDateMillis": 1574611200000,
  "round": "9.3",
  "result": "1/2-1/2",
  "white": "Magnus Carlsen",
  "black": "Wesley So",
  "isCarlsenWin": false,
  "isDraw": true,
  "isCarlsenBlack": false,
  "moves": [
    "d4",
    "Nf6",
    "c4",
    "e6",
    "Nc3",
    "Bb4",
    "Nf3",
    "c5",
    "g3",
    "cxd4",
    "Nxd4",
    "O-O",
    "Bg2",
    "d5",
    "cxd5",
    "Nxd5",
    "Qb3",
    "Qa5",
    "O-O",
    "Nxc3",
    "a3",
    "Be7",
    "Qxc3",
    "Qxc3",
    "bxc3",
    "e5",
    "Nb5",
    "Nc6",
    "Nc7",
    "Rb8",
    "Be3",
    "Bg4",
    "Nd5",
    "Bd6",
    "Rfe1",
    "Rfc8",
    "h3",
    "Be6",
    "Red1",
    "Bf8",
    "Nb4",
    "Na5",
    "Bxa7",
    "Ra8",
    "Be3",
    "Rxc3",
    "Nd5",
    "Bxd5",
    "Bxd5",
    "Nc4",
    "Bc1",
    "Ra7",
    "a4",
    "b5",
    "a5",
    "Rxa5",
    "Rxa5",
    "Nxa5",
    "Bd2",
    "Ra3",
    "Bxa5",
    "Rxa5",
    "Rc1",
    "Ra7",
    "Rc8",
    "g6",
    "Re8",
    "Re7",
    "Rb8",
    "Rc7",
    "Bb3",
    "b4"
  ]
}