{
  "event": "GCT Kolkata Rapid & Blitz",
  "site": "Kolkata IND",
  "date": "2019.11.23",
  "eventDate": "2019.11.22",
  "dateMillis": 1574438400000,
  "eventDateMillis": 1574352000000,
  "round": "4",
  "result": "1-0",
  "white": "Magnus Carlsen",
  "black": "Hikaru Nakamura",
  "isCarlsenWin": true,
  "isDraw": false,
  "isCarlsenBlack": false,
  "moves": [
    "c4",
    "e5",
    "Nc3",
    "Nf6",
    "Nf3",
    "Nc6",
    "d3",
    "d5",
    "cxd5",
    "Nxd5",
    "e4",
    "Nf4",
    "Bxf4",
    "exf4",
    "d4",
    "Bd6",
    "h3",
    "O-O",
    "a3",
    "a6",
    "Bc4",
    "Kh8",
    "e5",
    "Be7",
    "d5",
    "Na5",
    "Ba2",
    "b5",
    "O-O",
    "f6",
    "b4",
    "Nc4",
    "Bxc4",
    "bxc4",
    "e6",
    "Bb7",
    "Qd4",
    "c6",
    "Qxc4",
    "cxd5",
    "Qxf4",
    "Rc8",
    "Ne2",
    "Bd6",
    "Qe3",
    "a5",
    "Ned4",
    "Re8",
    "Nf5",
    "Bb8",
    "Rac1",
    "Rc4",
    "N5d4",
    "axb4",
    "axb4",
    "Ba7",
    "b5",
    "Bc5",
    "Qd3",
    "Qb6",
    "Rxc4",
    "dxc4",
    "Qxc4",
    "Bxf3",
    "Nxf3",
    "Rxe6",
    "g3",
    "Re8",
    "Kg2",
    "Rb8",
    "Rc1",
    "Bf8",
    "Nd4",
    "h5",
    "Ne6",
    "Ba3",
    "Rc3",
    "Bb4",
    "Qxb4",
    "Qxe6",
    "Rc5",
    "Qf7",
    "Qf4",
    "Rd8",
    "Qf3",
    "g6",
    "b6",
    "Rd7",
    "Rc8+",
    "Kg7",
    "Qc6",
    "Kh6",
    "h4",
    "f5",
    "Rc7",
    "Qd5+",
    "Qxd5",
    "Rxd5",
    "b7",
    "Rb5",
    "f4"
  ]
}