{
  "event": "GCT Kolkata Rapid & Blitz",
  "site": "Kolkata IND",
  "date": "2019.11.25",
  "eventDate": "2019.11.25",
  "dateMillis": 1574611200000,
  "eventDateMillis": 1574611200000,
  "round": "4.3",
  "result": "0-1",
  "white": "Pentala Harikrishna",
  "black": "Magnus Carlsen",
  "isCarlsenWin": true,
  "isDraw": false,
  "isCarlsenBlack": true,
  "moves": [
    "d4",
    "d5",
    "c4",
    "e6",
    "Nc3",
    "Bb4",
    "Bd2",
    "Nf6",
    "Nf3",
    "O-O",
    "e3",
    "Nbd7",
    "Rc1",
    "Be7",
    "Qc2",
    "a6",
    "a4",
    "c5",
    "cxd5",
    "exd5",
    "Be2",
    "b6",
    "O-O",
    "Bb7",
    "Rfd1",
    "Re8",
    "Ne5",
    "Rc8",
    "Bf3",
    "Bd6",
    "Nxd7",
    "Qxd7",
    "dxc5",
    "bxc5",
    "Be1",
    "d4",
    "Bxb7",
    "Qxb7",
    "exd4",
    "Qb8",
    "d5",
    "Bxh2+",
    "Kf1",
    "Be5",
    "Rd3",
    "Bd4",
    "Rcd1",
    "h6",
    "Rg3",
    "Rcd8",
    "Bd2",
    "Kh8",
    "Bc1",
    "Qe5",
    "Qd2",
    "Bxc3",
    "Rxc3",
    "Ne4",
    "Qd3",
    "Nxc3",
    "bxc3",
    "c4",
    "Qf3",
    "Qe4",
    "Qxe4",
    "Rxe4",
    "Ba3",
    "Re5",
    "d6",
    "Rd7",
    "Rd4",
    "Kg8",
    "Rxc4",
    "f6",
    "Rc6",
    "Ra5",
    "Rc7",
    "Rd8",
    "c4",
    "Rxa4",
    "d7",
    "Kf7",
    "c5",
    "Rxa3",
    "c6",
    "Rc3",
    "Ke2",
    "Ke7",
    "Kd2",
    "Rc5",
    "Kd3",
    "a5",
    "Kd4",
    "Rc1",
    "Kd5",
    "a4",
    "Ra7",
    "Rd1+",
    "Kc5",
    "R8xd7",
    "cxd7",
    "Rxd7",
    "Rxa4",
    "Rd2",
    "Rf4",
    "g5",
    "Rf3",
    "h5",
    "Kc4",
    "Ke6",
    "Kc3",
    "Ra2",
    "Re3+",
    "Kf5",
    "Rf3+",
    "Kg6",
    "Kd4",
    "f5",
    "g3",
    "Re2",
    "Kd3",
    "Re4",
    "Kd2",
    "h4",
    "gxh4",
    "gxh4",
    "Ra3",
    "Kg5",
    "f3",
    "Re8",
    "Ra7",
    "Kf4",
    "Rh7",
    "Kg3"
  ]
}