{
  "event": "London Chess Classic GCT Finals",
  "site": "London ENG",
  "date": "2019.12.03",
  "eventDate": "2019.12.02",
  "dateMillis": 1575302400000,
  "eventDateMillis": 1575216000000,
  "round": "1.2",
  "result": "1/2-1/2",
  "white": "Maxime Vachier-Lagrave",
  "black": "Magnus Carlsen",
  "isCarlsenWin": false,
  "isDraw": true,
  "isCarlsenBlack": true,
  "moves": [
    "e4",
    "e5",
    "Nf3",
    "Nc6",
    "Bb5",
    "a6",
    "Ba4",
    "Nf6",
    "O-O",
    "Nxe4",
    "d4",
    "Be7",
    "Re1",
    "b5",
    "Rxe4",
    "d5",
    "Nxe5",
    "Nxe5",
    "Rxe5",
    "bxa4",
    "b3",
    "O-O",
    "Ba3",
    "Bxa3",
    "Nxa3",
    "Re8",
    "Rxe8+",
    "Qxe8",
    "Qd2",
    "Bf5",
    "Re1",
    "Qc6",
    "c4",
    "axb3",
    "axb3",
    "h6",
    "cxd5",
    "Qxd5",
    "Nc4",
    "Be6",
    "Re5",
    "Qd7",
    "d5",
    "Rd8",
    "dxe6",
    "Qxd2",
    "Nxd2",
    "Rxd2",
    "g3",
    "fxe6",
    "Rxe6",
    "Ra2",
    "Rc6",
    "Ra3",
    "Rxc7",
    "Rxb3",
    "Ra7",
    "Ra3",
    "g4",
    "h5",
    "gxh5",
    "Kh7",
    "Kg2",
    "Ra5",
    "f4",
    "Ra3",
    "Ra8",
    "a5",
    "Ra6",
    "a4",
    "f5",
    "Rb3",
    "Rxa4",
    "Rb5",
    "Rf4",
    "Kh6",
    "f6",
    "gxf6",
    "Rxf6+",
    "Kxh5",
    "h4",
    "Rb2+",
    "Rf2",
    "Rxf2+",
    "Kxf2",
    "Kxh4"
  ]
}