{
  "event": "London Chess Classic GCT Finals",
  "site": "London ENG",
  "date": "2019.12.02",
  "eventDate": "2019.12.02",
  "dateMillis": 1575216000000,
  "eventDateMillis": 1575216000000,
  "round": "1.1",
  "result": "1/2-1/2",
  "white": "Magnus Carlsen",
  "black": "Maxime Vachier-Lagrave",
  "isCarlsenWin": false,
  "isDraw": true,
  "isCarlsenBlack": false,
  "moves": [
    "e4",
    "c5",
    "Nf3",
    "d6",
    "d4",
    "cxd4",
    "Nxd4",
    "Nf6",
    "Nc3",
    "a6",
    "Bg5",
    "e6",
    "f3",
    "h6",
    "Be3",
    "b5",
    "a3",
    "Nbd7",
    "Qd2",
    "Bb7",
    "O-O-O",
    "h5",
    "Kb1",
    "Be7",
    "Qe1",
    "Rc8",
    "Rg1",
    "Qc7",
    "g3",
    "Ne5",
    "Rg2",
    "O-O",
    "h3",
    "d5",
    "f4",
    "Nc4",
    "e5",
    "Nxe3",
    "Qxe3",
    "Ne4",
    "Nxe4",
    "dxe4",
    "Re2",
    "Bd5",
    "Bg2",
    "Qc4",
    "Nb3",
    "Bc5",
    "Nxc5",
    "Qa2+",
    "Kc1",
    "Rfd8",
    "c4",
    "bxc4",
    "Red2",
    "Qa1+",
    "Kc2",
    "Qa2",
    "Kc1",
    "Qa1+",
    "Kc2",
    "Qa2",
    "Kc1"
  ]
}