{
  "event": "London Chess Classic GCT Finals",
  "site": "London ENG",
  "date": "2019.12.08",
  "eventDate": "2019.12.02",
  "dateMillis": 1575734400000,
  "eventDateMillis": 1575216000000,
  "round": "2.3",
  "result": "1-0",
  "white": "Levon Aronian",
  "black": "Magnus Carlsen",
  "isCarlsenWin": false,
  "isDraw": false,
  "isCarlsenBlack": true,
  "moves": [
    "Nf3",
    "d5",
    "c4",
    "d4",
    "b4",
    "c5",
    "g3",
    "cxb4",
    "a3",
    "b3",
    "d3",
    "Nc6",
    "Nbd2",
    "a5",
    "Qxb3",
    "a4",
    "Qc2",
    "e5",
    "Bg2",
    "Nf6",
    "O-O",
    "Be7",
    "Rb1",
    "O-O",
    "Rb5",
    "Nd7",
    "Bb2",
    "Nc5",
    "Rb1",
    "Qc7",
    "Bc1",
    "Na5",
    "R5b2",
    "Bd7",
    "Qd1",
    "Bc6",
    "Ne1",
    "Bxg2",
    "Kxg2",
    "Ncb3",
    "Nc2",
    "b5",
    "cxb5",
    "Rfb8",
    "Nxb3",
    "axb3",
    "Nb4",
    "Rxb5",
    "e4",
    "dxe3",
    "Qf3",
    "Rd8",
    "Bxe3",
    "Qd7",
    "Rc1",
    "f5",
    "Rbb1",
    "Qe6",
    "Bd2",
    "e4",
    "Qe3",
    "Bxb4",
    "Bxb4",
    "Rxd3",
    "Qa7",
    "Nc4",
    "Rxc4",
    "Qxc4",
    "Qa8+",
    "Kf7",
    "Qf8+",
    "Kg6",
    "Rc1",
    "Qxc1",
    "Qe8+",
    "Kh6",
    "Qe6+",
    "g6",
    "Bf8+",
    "Kh5",
    "Qe7"
  ]
}