{
  "event": "London Chess Classic GCT Finals",
  "site": "London ENG",
  "date": "2019.12.08",
  "eventDate": "2019.12.02",
  "dateMillis": 1575734400000,
  "eventDateMillis": 1575216000000,
  "round": "2.5",
  "result": "1/2-1/2",
  "white": "Levon Aronian",
  "black": "Magnus Carlsen",
  "isCarlsenWin": false,
  "isDraw": true,
  "isCarlsenBlack": true,
  "moves": [
    "Nf3",
    "d5",
    "e3",
    "Nf6",
    "c4",
    "c6",
    "Nc3",
    "a6",
    "Qc2",
    "Bg4",
    "Ne5",
    "e6",
    "cxd5",
    "exd5",
    "Nxg4",
    "Nxg4",
    "h3",
    "Nf6",
    "g3",
    "g6",
    "Bg2",
    "Bg7",
    "Ne2",
    "O-O",
    "b3",
    "Nbd7",
    "Bb2",
    "Re8",
    "d3",
    "Nh5",
    "O-O",
    "Bxb2",
    "Qxb2",
    "Qf6",
    "Qc2",
    "a5",
    "e4",
    "dxe4",
    "dxe4",
    "Qe7",
    "Rad1",
    "Nc5",
    "Nc3",
    "Rad8",
    "Rxd8",
    "Rxd8",
    "Rd1",
    "Ng7",
    "Rxd8+",
    "Qxd8",
    "Qd1",
    "Qf6",
    "Qd2",
    "Nge6",
    "f4",
    "h5",
    "h4",
    "Kg7",
    "Kf2",
    "Nd7",
    "Ne2",
    "Ne5",
    "Ke1",
    "Ng4",
    "Qc3",
    "Qxc3+",
    "Nxc3",
    "Ne3",
    "Bh3",
    "Nc2+",
    "Kd2",
    "Ncd4",
    "Ke3",
    "f5",
    "e5",
    "Kf7",
    "Bf1",
    "Ke7",
    "Bd3",
    "b5",
    "Nb1",
    "Kd7",
    "Nd2",
    "Kc7",
    "Bf1",
    "Kb6",
    "Kd3",
    "Kc5",
    "Kc3",
    "Nc7",
    "a3",
    "Nd5+",
    "Kd3",
    "b4",
    "a4",
    "Nc7",
    "Ke3",
    "Nd5+",
    "Kd3",
    "Nc7",
    "Ke3",
    "Nd5+",
    "Kd3",
    "Nc7"
  ]
}