{
  "event": "London Chess Classic GCT Finals",
  "site": "London ENG",
  "date": "2019.12.07",
  "eventDate": "2019.12.02",
  "dateMillis": 1575648000000,
  "eventDateMillis": 1575216000000,
  "round": "2.2",
  "result": "1/2-1/2",
  "white": "Levon Aronian",
  "black": "Magnus Carlsen",
  "isCarlsenWin": false,
  "isDraw": true,
  "isCarlsenBlack": true,
  "moves": [
    "d4",
    "Nf6",
    "c4",
    "g6",
    "f3",
    "Nc6",
    "d5",
    "Ne5",
    "e4",
    "d6",
    "Nc3",
    "Bg7",
    "f4",
    "Ned7",
    "Be3",
    "O-O",
    "Be2",
    "e6",
    "dxe6",
    "fxe6",
    "h4",
    "b5",
    "cxb5",
    "Bb7",
    "Qb3",
    "Kh8",
    "Bf3",
    "e5",
    "Nh3",
    "Nh5",
    "Bxh5",
    "gxh5",
    "f5",
    "Nf6",
    "Nf2",
    "a6",
    "b6",
    "cxb6",
    "Bxb6",
    "Qd7",
    "Rd1",
    "Rac8",
    "Be3",
    "h6",
    "Rh3",
    "d5",
    "exd5",
    "Ba8",
    "Rf3",
    "Rb8",
    "Qc2",
    "Rfc8",
    "Qe2",
    "Qf7",
    "Qd2",
    "Kh7",
    "Nfe4",
    "Nxe4",
    "Nxe4",
    "Rd8",
    "f6",
    "Bf8",
    "Qc2",
    "Kh8",
    "Nc3",
    "Rb4",
    "Qf2",
    "Bxd5",
    "Bc5",
    "Rd4",
    "Bxd4",
    "Bxf3",
    "gxf3",
    "exd4",
    "Rxd4",
    "Rb8",
    "Qh2",
    "Rb6",
    "Nd5",
    "Qe6+",
    "Qe2",
    "Qg8",
    "Kf1",
    "Re6",
    "f7",
    "Qxf7",
    "Rf4",
    "Qg6",
    "Rxf8+",
    "Kg7",
    "Qd1",
    "Kxf8",
    "Nf4",
    "Qe8",
    "Nxe6+",
    "Qxe6",
    "Qd8+",
    "Kf7",
    "Qc7+",
    "Ke8",
    "Qb8+",
    "Kd7",
    "Qb7+",
    "Kd8",
    "Qb8+",
    "Kd7",
    "Qa7+",
    "Ke8",
    "b3",
    "Qh3+",
    "Ke2",
    "Qxh4",
    "Qb8+",
    "Ke7",
    "Qc7+",
    "Kf8",
    "Qc5+",
    "Kg7",
    "Qe5+",
    "Kg8",
    "a4",
    "Qh1",
    "Qb8+",
    "Kf7",
    "Qf4+",
    "Ke8",
    "Qb8+",
    "Kd7",
    "Qa7+",
    "Kd8",
    "Qd4+",
    "Ke8",
    "Qe5+",
    "Kd7",
    "Qd4+",
    "Ke8",
    "b4",
    "Qg2+",
    "Qf2",
    "Qg5",
    "f4",
    "Qd5",
    "Qe3+",
    "Kf7",
    "Qa7+",
    "Ke8",
    "Qc5",
    "Qa2+",
    "Kf3",
    "Qxa4",
    "Qxh5+",
    "Ke7",
    "Qe5+",
    "Kf7",
    "Qd5+",
    "Kg7",
    "Qd4+",
    "Kf7",
    "Qd5+",
    "Kg7",
    "Qd4+",
    "Kf7"
  ]
}