{
  "event": "London Chess Classic GCT Finals",
  "site": "London ENG",
  "date": "2019.12.08",
  "eventDate": "2019.12.02",
  "dateMillis": 1575734400000,
  "eventDateMillis": 1575216000000,
  "round": "2.4",
  "result": "1-0",
  "white": "Magnus Carlsen",
  "black": "Levon Aronian",
  "isCarlsenWin": true,
  "isDraw": false,
  "isCarlsenBlack": false,
  "moves": [
    "d4",
    "Nf6",
    "Nf3",
    "d5",
    "Bf4",
    "c5",
    "e3",
    "Nc6",
    "Nbd2",
    "cxd4",
    "exd4",
    "Qb6",
    "Nb3",
    "a6",
    "Be2",
    "Bg4",
    "a4",
    "e6",
    "a5",
    "Qd8",
    "Ne5",
    "Bxe2",
    "Qxe2",
    "Rc8",
    "c3",
    "Be7",
    "h4",
    "Nxe5",
    "Bxe5",
    "Nd7",
    "h5",
    "Nxe5",
    "dxe5",
    "O-O",
    "Ra4",
    "Qd7",
    "Rg4",
    "f5",
    "exf6",
    "Bxf6",
    "O-O",
    "e5",
    "h6",
    "Kh8",
    "hxg7+",
    "Bxg7",
    "Rd1",
    "Qf7",
    "Rd3",
    "e4",
    "Rh3",
    "Rc6",
    "Rgh4",
    "h6",
    "Qe3",
    "Rf6",
    "Nd4",
    "Rxf2",
    "Rxh6+",
    "Kg8",
    "Qg3",
    "Rf1+",
    "Kh2",
    "Qf4",
    "Ne6",
    "Qxg3+",
    "Rxg3",
    "R8f7",
    "Rhg6",
    "e3",
    "Rxe3"
  ]
}