{
  "event": "London Chess Classic GCT Finals",
  "site": "London ENG",
  "date": "2019.12.04",
  "eventDate": "2019.12.02",
  "dateMillis": 1575388800000,
  "eventDateMillis": 1575216000000,
  "round": "1.8",
  "result": "1/2-1/2",
  "white": "Magnus Carlsen",
  "black": "Maxime Vachier-Lagrave",
  "isCarlsenWin": false,
  "isDraw": true,
  "isCarlsenBlack": false,
  "moves": [
    "c4",
    "c5",
    "g3",
    "g6",
    "Bg2",
    "Bg7",
    "Nc3",
    "Nc6",
    "Nf3",
    "d6",
    "O-O",
    "Bf5",
    "h3",
    "Nf6",
    "d3",
    "O-O",
    "a3",
    "a6",
    "Rb1",
    "Rb8",
    "b4",
    "cxb4",
    "axb4",
    "b5",
    "cxb5",
    "axb5",
    "e4",
    "Be6",
    "Bd2",
    "Nd7",
    "Kh2",
    "Nde5",
    "Nxe5",
    "dxe5",
    "Be3",
    "Nd4",
    "Nd5",
    "Bxd5",
    "exd5",
    "Qd6",
    "Qd2",
    "Rfc8",
    "Rfc1",
    "e6",
    "Bxd4",
    "exd4",
    "Rc6",
    "Rxc6",
    "dxc6",
    "h5",
    "h4",
    "Bf6",
    "Kg1",
    "Ra8",
    "Qc2",
    "Be7",
    "Qc5",
    "Qxc5",
    "bxc5",
    "Rb8",
    "c7",
    "Rc8",
    "Rxb5",
    "Rxc7",
    "c6",
    "Kg7",
    "Ra5",
    "Bd6",
    "Ra8",
    "Kf6",
    "Be4",
    "Ke7",
    "Kg2",
    "Bc5",
    "Kh3",
    "Kd6",
    "Kg2",
    "Ra7",
    "Rd8+",
    "Ke7",
    "Rb8",
    "Rc7",
    "Kf1",
    "Kd6",
    "Ke2",
    "Ba7",
    "Rd8+",
    "Ke7",
    "Ra8",
    "Bc5",
    "Kd1",
    "Bb4",
    "Ke2",
    "Bc3",
    "Kf1",
    "Bb4",
    "Kg2",
    "Bc3",
    "Ra4",
    "Kd6",
    "Kh3",
    "Ke7",
    "Bg2",
    "Be1",
    "Ra2",
    "Bb4",
    "g4",
    "hxg4+",
    "Kxg4",
    "Bd6",
    "Rb2",
    "Kf6",
    "Rb7",
    "Kg7",
    "Rb5",
    "f5+",
    "Kh3",
    "g5",
    "hxg5",
    "Kg6",
    "Rb7",
    "Kxg5",
    "Rxc7",
    "Bxc7",
    "Bf3",
    "Bd6",
    "Bd1",
    "Kf4",
    "Kg2",
    "e5",
    "Kf1",
    "e4",
    "Ke2",
    "Bc7",
    "Bb3",
    "Bd6",
    "Be6",
    "Bc7",
    "Bd7",
    "Bd6",
    "Be6",
    "Bc7",
    "Bd7",
    "Bd6"
  ]
}