{
  "event": "London Chess Classic GCT Finals",
  "site": "London ENG",
  "date": "2019.12.04",
  "eventDate": "2019.12.02",
  "dateMillis": 1575388800000,
  "eventDateMillis": 1575216000000,
  "round": "1.9",
  "result": "0-1",
  "white": "Magnus Carlsen",
  "black": "Maxime Vachier-Lagrave",
  "isCarlsenWin": false,
  "isDraw": false,
  "isCarlsenBlack": false,
  "moves": [
    "e4",
    "c5",
    "Nf3",
    "d6",
    "d4",
    "cxd4",
    "Nxd4",
    "Nf6",
    "Nc3",
    "a6",
    "Bg5",
    "e6",
    "f3",
    "h6",
    "Be3",
    "b5",
    "a3",
    "Nbd7",
    "Qd2",
    "Bb7",
    "O-O-O",
    "h5",
    "Kb1",
    "Be7",
    "Rg1",
    "Rc8",
    "Be2",
    "Nb6",
    "Qe1",
    "Nfd7",
    "g4",
    "hxg4",
    "Rxg4",
    "Bf8",
    "Rg2",
    "Ne5",
    "f4",
    "Nec4",
    "Bc1",
    "Qc7",
    "Bxc4",
    "Nxc4",
    "Rd3",
    "g6",
    "b3",
    "Bg7",
    "Qd1",
    "Qa5",
    "f5",
    "Ne5",
    "b4",
    "Qb6",
    "fxg6",
    "Nxg6",
    "Be3",
    "Bh6",
    "Ndxb5",
    "Bxe3",
    "Nxd6+",
    "Ke7",
    "Nxb7",
    "Ne5",
    "Rxe3",
    "Nc4",
    "Rd3",
    "Qxb7",
    "Na4",
    "Rhd8",
    "Nc5",
    "Rxd3",
    "Nxd3",
    "Nxa3+",
    "Kc1",
    "Qxe4",
    "Rf2",
    "Qe3+",
    "Kb2",
    "Nc4+",
    "Ka2",
    "Nd6",
    "Qh5",
    "Nf5",
    "Re2",
    "Qg1",
    "Qf3",
    "Qb6",
    "Ne5",
    "Qb5",
    "c4",
    "Qa4+",
    "Qa3",
    "Qxa3+",
    "Kxa3",
    "f6",
    "Nd3",
    "Rxc4",
    "Nc5",
    "Nd4",
    "Re4",
    "a5",
    "Ka2",
    "Rxb4",
    "Nd3",
    "Nb5",
    "Rxb4",
    "axb4",
    "Nxb4",
    "f5",
    "Kb2",
    "Kf6",
    "Kc2",
    "Nd4+",
    "Kd3",
    "Nf3",
    "h3",
    "e5",
    "Ke3",
    "Nh4",
    "Nd5+",
    "Kg5",
    "Ne7",
    "Ng6",
    "Nc8",
    "Nf4",
    "h4+",
    "Kxh4",
    "Ne7",
    "Kg5",
    "Kf3",
    "Ng6",
    "Nd5",
    "e4+",
    "Ke3",
    "Ne5",
    "Kd4",
    "Ng4",
    "Nc7",
    "Nh2",
    "Ke3",
    "Nf1+",
    "Kf2",
    "Nd2",
    "Ke3",
    "Nc4+",
    "Kd4",
    "Nd6",
    "Ne6+",
    "Kg4",
    "Ke3",
    "Kg3",
    "Nd4",
    "f4+",
    "Ke2",
    "Kg2",
    "Ne6",
    "f3+",
    "Ke3",
    "Kg3",
    "Nf4",
    "Nc4+",
    "Kxe4",
    "f2",
    "Ne2+",
    "Kg4",
    "Kd4"
  ]
}