{
  "event": "London Chess Classic GCT Finals",
  "site": "London ENG",
  "date": "2019.12.04",
  "eventDate": "2019.12.02",
  "dateMillis": 1575388800000,
  "eventDateMillis": 1575216000000,
  "round": "1.4",
  "result": "1/2-1/2",
  "white": "Magnus Carlsen",
  "black": "Maxime Vachier-Lagrave",
  "isCarlsenWin": false,
  "isDraw": true,
  "isCarlsenBlack": false,
  "moves": [
    "d4",
    "Nf6",
    "c4",
    "g6",
    "Nc3",
    "d5",
    "cxd5",
    "Nxd5",
    "e4",
    "Nxc3",
    "bxc3",
    "Bg7",
    "Bc4",
    "c5",
    "Ne2",
    "O-O",
    "Be3",
    "Nc6",
    "h4",
    "cxd4",
    "cxd4",
    "Qa5+",
    "Kf1",
    "Bd7",
    "h5",
    "Rac8",
    "hxg6",
    "hxg6",
    "Bb3",
    "Qa6",
    "Kg1",
    "Na5",
    "Nf4",
    "Rfe8",
    "e5",
    "Bf5",
    "Kh2",
    "Nxb3",
    "axb3",
    "Qc6",
    "Rxa7",
    "Red8",
    "Qf3",
    "Qxf3",
    "gxf3",
    "f6",
    "Rxb7",
    "fxe5",
    "dxe5",
    "Bxe5",
    "Rxe7",
    "Re8",
    "Rxe8+",
    "Rxe8",
    "Kg2",
    "Rb8",
    "Nd5",
    "Rxb3",
    "Bf4",
    "Bxf4",
    "Nxf4",
    "Kg7",
    "Nd5",
    "Rb5",
    "Rd1",
    "Be6",
    "Ne3",
    "Rg5+",
    "Kh2",
    "Kf6",
    "Rd6",
    "Ke7",
    "Rb6",
    "Kf7",
    "f4",
    "Rc5",
    "Kg3",
    "g5",
    "fxg5",
    "Rxg5+",
    "Kf4",
    "Ra5",
    "f3",
    "Ra4+",
    "Kg3",
    "Ra3",
    "Nc2",
    "Ra4",
    "Nb4",
    "Ra3",
    "Nc6",
    "Bd5",
    "Ne5+",
    "Ke7",
    "Kg4",
    "Bxf3+",
    "Nxf3",
    "Ra5",
    "Kf4",
    "Ra1",
    "Nd4",
    "Rf1+",
    "Ke5",
    "Re1+",
    "Kd5",
    "Rd1",
    "Re6+",
    "Kf7",
    "Re4",
    "Kf6",
    "Kd6",
    "Rf1",
    "Re6+",
    "Kf7",
    "Rh6",
    "Rf6+",
    "Rxf6+",
    "Kxf6"
  ]
}