{
  "event": "London Chess Classic GCT Finals",
  "site": "London ENG",
  "date": "2019.12.08",
  "eventDate": "2019.12.02",
  "dateMillis": 1575734400000,
  "eventDateMillis": 1575216000000,
  "round": "2.6",
  "result": "1-0",
  "white": "Magnus Carlsen",
  "black": "Levon Aronian",
  "isCarlsenWin": true,
  "isDraw": false,
  "isCarlsenBlack": false,
  "moves": [
    "e4",
    "c5",
    "Nf3",
    "d6",
    "d4",
    "cxd4",
    "Nxd4",
    "Nf6",
    "Nc3",
    "a6",
    "a3",
    "g6",
    "f3",
    "Bg7",
    "Be3",
    "b5",
    "Qd2",
    "h5",
    "a4",
    "b4",
    "Na2",
    "a5",
    "c3",
    "bxc3",
    "Bb5+",
    "Bd7",
    "Nxc3",
    "O-O",
    "O-O",
    "Na6",
    "Nc6",
    "Bxc6",
    "Bxc6",
    "Rb8",
    "Bb5",
    "Nc5",
    "Rad1",
    "Qc7",
    "Kh1",
    "Rfd8",
    "Bg5",
    "Qa7",
    "Qf2",
    "Rdc8",
    "Be3",
    "Qc7",
    "e5",
    "Nh7",
    "Nd5",
    "Qa7",
    "Nxe7+",
    "Qxe7",
    "exd6",
    "Qe5",
    "f4",
    "Qf5",
    "d7",
    "Ne4",
    "dxc8=Q+",
    "Qxc8",
    "Qf3",
    "Nhf6",
    "Bd4",
    "Qf8",
    "Rfe1",
    "Qb4",
    "b3",
    "Rd8",
    "Bxf6",
    "Rxd1",
    "Rxd1",
    "Bxf6",
    "Bc4",
    "Nd6",
    "Qd5",
    "Be7",
    "Bd3",
    "Kg7",
    "g3",
    "Qc3",
    "Qe5+",
    "Qxe5",
    "fxe5",
    "Nb7",
    "Bc4",
    "Nc5",
    "Rf1",
    "f5",
    "exf6+",
    "Bxf6",
    "Rd1",
    "Be7",
    "Rd5",
    "g5",
    "Kg2",
    "Kf6",
    "Kf3",
    "Kg6",
    "Ke3",
    "Kf6",
    "h3",
    "Kg6",
    "g4",
    "hxg4",
    "hxg4",
    "Kf6",
    "Rf5+",
    "Kg6",
    "Kd4"
  ]
}