{
  "event": "London Chess Classic GCT Finals",
  "site": "London ENG",
  "date": "2019.12.08",
  "eventDate": "2019.12.02",
  "dateMillis": 1575734400000,
  "eventDateMillis": 1575216000000,
  "round": "2.7",
  "result": "1/2-1/2",
  "white": "Levon Aronian",
  "black": "Magnus Carlsen",
  "isCarlsenWin": false,
  "isDraw": true,
  "isCarlsenBlack": true,
  "moves": [
    "d4",
    "e6",
    "e4",
    "d5",
    "Nc3",
    "Bb4",
    "e5",
    "Qd7",
    "Nh3",
    "b6",
    "Nf4",
    "Ba6",
    "Bxa6",
    "Nxa6",
    "O-O",
    "Bxc3",
    "bxc3",
    "Ne7",
    "Nh5",
    "Kf8",
    "a4",
    "Nb8",
    "g4",
    "Nbc6",
    "f4",
    "Rg8",
    "Qd3",
    "Ke8",
    "f5",
    "exf5",
    "gxf5",
    "Kd8",
    "Kh1",
    "Kc8",
    "f6",
    "g6",
    "Ng3",
    "Nf5",
    "Nxf5",
    "gxf5",
    "Qxf5",
    "Nd8",
    "Qxd7+",
    "Kxd7",
    "Rf3",
    "Ne6",
    "Rh3",
    "Rh8",
    "Be3",
    "Rag8",
    "Rg1",
    "Rxg1+",
    "Kxg1",
    "h5",
    "Kf2",
    "c5",
    "Ke2",
    "a5",
    "Rg3",
    "Kc6",
    "dxc5",
    "bxc5",
    "Kd3",
    "h4",
    "Rg4",
    "h3",
    "c4",
    "Rb8",
    "Bd2",
    "Rb1",
    "Rh4",
    "dxc4+",
    "Kxc4",
    "Ra1",
    "Kd3",
    "Ra3+",
    "c3",
    "Kd5",
    "Rxh3",
    "c4+",
    "Ke3",
    "Rxa4",
    "Rh7",
    "Kxe5",
    "Rxf7",
    "Ra1",
    "h4",
    "a4",
    "h5",
    "a3",
    "Ra7",
    "Kxf6",
    "h6",
    "Rh1",
    "Rxa3",
    "Rxh6",
    "Ke4",
    "Rh5",
    "Be3",
    "Re5+",
    "Kf3",
    "Rf5+",
    "Ke2",
    "Ke5",
    "Ra5+",
    "Ke4",
    "Ra4",
    "Kd5",
    "Ra5+",
    "Ke4",
    "Ra4",
    "Kd5"
  ]
}