{
  "event": "London Chess Classic GCT Finals",
  "site": "London ENG",
  "date": "2019.12.08",
  "eventDate": "2019.12.02",
  "dateMillis": 1575734400000,
  "eventDateMillis": 1575216000000,
  "round": "2.8",
  "result": "0-1",
  "white": "Magnus Carlsen",
  "black": "Levon Aronian",
  "isCarlsenWin": false,
  "isDraw": false,
  "isCarlsenBlack": false,
  "moves": [
    "e4",
    "e5",
    "Nf3",
    "Nc6",
    "g3",
    "d5",
    "exd5",
    "Qxd5",
    "Nc3",
    "Qd6",
    "Bg2",
    "Bg4",
    "h3",
    "Bh5",
    "g4",
    "Bg6",
    "Nh4",
    "O-O-O",
    "d3",
    "Nd4",
    "Nxg6",
    "hxg6",
    "Ne4",
    "Qd7",
    "c3",
    "Ne6",
    "Qb3",
    "Qxd3",
    "Be3",
    "Qa6",
    "Bf1",
    "Qc6",
    "Bg2",
    "Qa6",
    "Bf1",
    "Qc6",
    "Qc4",
    "Nf6",
    "Qxc6",
    "bxc6",
    "Ba6+",
    "Kb8",
    "Ng5",
    "Nxg5",
    "Bxg5",
    "Bc5",
    "Ke2",
    "Rd6",
    "f3",
    "Nd5",
    "Rad1",
    "f6",
    "Bc1",
    "g5",
    "Rd3",
    "Nf4+",
    "Bxf4",
    "exf4",
    "Kd2",
    "Be3+",
    "Kc2",
    "c5",
    "Rxd6",
    "cxd6",
    "Bc4",
    "Kc7",
    "Bd5",
    "a5",
    "Kd3",
    "Kb6",
    "Kc4",
    "Bf2",
    "Rh2",
    "Be3",
    "Be4",
    "Bg1",
    "Rd2",
    "Kc7",
    "Kb5",
    "Rxh3",
    "Kxa5",
    "g6",
    "Rd1",
    "Be3",
    "Rf1",
    "Rh2",
    "b4",
    "Rxa2+",
    "Kb5",
    "cxb4",
    "cxb4",
    "f5",
    "gxf5",
    "gxf5",
    "Bxf5",
    "d5",
    "Rh1",
    "Kd6",
    "Rh5",
    "Rb2",
    "Rxg5",
    "Bd2",
    "Rg6+",
    "Ke5",
    "Bd3",
    "Kd4",
    "Bf5",
    "Bxb4",
    "Kc6",
    "Ra2",
    "Rg4",
    "Bd2",
    "Rg1",
    "Ra6+",
    "Kb5",
    "Ra3",
    "Bg4",
    "Rc3",
    "Rh1",
    "Ke3",
    "Rh8",
    "d4",
    "Rd8",
    "d3",
    "Bf5",
    "Be1",
    "Re8+",
    "Kf2"
  ]
}