{
  "event": "London Chess Classic GCT Finals",
  "site": "London ENG",
  "date": "2019.12.04",
  "eventDate": "2019.12.02",
  "dateMillis": 1575388800000,
  "eventDateMillis": 1575216000000,
  "round": "1.5",
  "result": "1/2-1/2",
  "white": "Maxime Vachier-Lagrave",
  "black": "Magnus Carlsen",
  "isCarlsenWin": false,
  "isDraw": true,
  "isCarlsenBlack": true,
  "moves": [
    "e4",
    "e5",
    "Nf3",
    "Nc6",
    "Bb5",
    "a6",
    "Ba4",
    "Nf6",
    "O-O",
    "Nxe4",
    "d4",
    "Be7",
    "Re1",
    "b5",
    "Rxe4",
    "d5",
    "Nxe5",
    "Nxe5",
    "Rxe5",
    "bxa4",
    "Qe2",
    "c6",
    "Bd2",
    "Be6",
    "f4",
    "g6",
    "Nc3",
    "a3",
    "b3",
    "Bd6",
    "f5",
    "gxf5",
    "Rf1",
    "Bxe5",
    "Qxe5",
    "Rg8",
    "Na4",
    "Qb8",
    "Qe3",
    "Rg4",
    "Nc5",
    "Re4",
    "Nxe4",
    "fxe4",
    "Qh6",
    "Qa7",
    "Qg7",
    "O-O-O",
    "Bb4",
    "Re8",
    "Bxa3",
    "h5",
    "Bc5",
    "Qd7",
    "Qg5",
    "e3",
    "Qxe3",
    "Bf5",
    "Qf2",
    "Bg6",
    "c4",
    "Bd3",
    "Re1",
    "Rxe1+",
    "Qxe1",
    "dxc4",
    "bxc4",
    "Bxc4",
    "h3",
    "Qe6",
    "Qxe6+",
    "Bxe6",
    "a3",
    "Bd5",
    "Kf2",
    "Kd7",
    "g3",
    "Be6",
    "h4",
    "Bg4",
    "Ke3",
    "Ke6",
    "Kf4",
    "Kd5",
    "Ke3",
    "Ke6",
    "Kf4",
    "Kd5",
    "Ke3",
    "Ke6",
    "Kf4"
  ]
}