{
  "event": "London Chess Classic GCT Finals",
  "site": "London ENG",
  "date": "2019.12.06",
  "eventDate": "2019.12.02",
  "dateMillis": 1575561600000,
  "eventDateMillis": 1575216000000,
  "round": "2.1",
  "result": "1-0",
  "white": "Magnus Carlsen",
  "black": "Levon Aronian",
  "isCarlsenWin": true,
  "isDraw": false,
  "isCarlsenBlack": false,
  "moves": [
    "d4",
    "Nf6",
    "Nf3",
    "d5",
    "Bf4",
    "c5",
    "e3",
    "Nc6",
    "Nbd2",
    "cxd4",
    "exd4",
    "Qb6",
    "Nb3",
    "Bg4",
    "a4",
    "a6",
    "a5",
    "Qa7",
    "c3",
    "e6",
    "Be2",
    "Nh5",
    "Be3",
    "Qb8",
    "h3",
    "Bxf3",
    "Bxf3",
    "Nf6",
    "Be2",
    "Bd6",
    "Bd3",
    "O-O",
    "O-O",
    "Qc7",
    "Re1",
    "Kh8",
    "Qf3",
    "Rae8",
    "Bg5",
    "Ng8",
    "Re2",
    "Nge7",
    "Qh5",
    "Ng6",
    "Bc2",
    "Kg8",
    "Bd2",
    "Nb4",
    "Bb1",
    "Nc6",
    "Bd3",
    "Rb8",
    "Be3",
    "Rfe8",
    "g3",
    "Nf8",
    "Bc2",
    "b6",
    "axb6",
    "Rxb6",
    "Bc1",
    "Reb8",
    "Nc5",
    "e5",
    "Nxa6",
    "Qa7",
    "dxe5",
    "g6",
    "Qg4",
    "Nxe5",
    "Qa4",
    "Rc8",
    "Be3",
    "d4",
    "Bxd4",
    "Nf3+",
    "Kg2",
    "Nxd4",
    "Qxd4",
    "Ne6",
    "Rxe6",
    "fxe6",
    "Be4",
    "Rf8",
    "Ra2",
    "Rb7",
    "Qxa7",
    "Rxa7",
    "b4",
    "Rb8",
    "c4",
    "Rb6",
    "b5",
    "Kf7",
    "Rc2",
    "Rbxa6",
    "bxa6",
    "Rxa6",
    "c5",
    "Be5",
    "c6",
    "Ra7",
    "h4",
    "Kf6",
    "Rd2",
    "Bc3",
    "Rd3",
    "Bb4",
    "Kh3",
    "Be7",
    "f3",
    "e5",
    "Rc3",
    "Bd6",
    "Rc1",
    "h6",
    "Rd1",
    "Be7",
    "Kg4",
    "Kf7",
    "Rb1",
    "Bd6",
    "h5",
    "gxh5+",
    "Kxh5",
    "Kg7",
    "Rd1",
    "Bb4",
    "Rd5",
    "Re7",
    "Bf5"
  ]
}