{
  "event": "London Chess Classic GCT Finals",
  "site": "London ENG",
  "date": "2019.12.04",
  "eventDate": "2019.12.02",
  "dateMillis": 1575388800000,
  "eventDateMillis": 1575216000000,
  "round": "1.3",
  "result": "1/2-1/2",
  "white": "Maxime Vachier-Lagrave",
  "black": "Magnus Carlsen",
  "isCarlsenWin": false,
  "isDraw": true,
  "isCarlsenBlack": true,
  "moves": [
    "e4",
    "e5",
    "Nf3",
    "Nc6",
    "Bb5",
    "a6",
    "Ba4",
    "Nf6",
    "O-O",
    "Bc5",
    "c3",
    "O-O",
    "d4",
    "Ba7",
    "dxe5",
    "Nxe4",
    "Qd5",
    "Nc5",
    "Bc2",
    "Ne7",
    "Qd1",
    "d5",
    "exd6",
    "Qxd6",
    "Qxd6",
    "cxd6",
    "Re1",
    "Re8",
    "Na3",
    "Bg4",
    "Bf4",
    "Bxf3",
    "gxf3",
    "d5",
    "Rad1",
    "Ne6",
    "Be3",
    "g6",
    "Bb3",
    "d4",
    "cxd4",
    "Nf5",
    "d5",
    "Ned4",
    "Bxd4",
    "Rxe1+",
    "Rxe1",
    "Bxd4",
    "Nc4",
    "b5",
    "Ne3",
    "Nd6",
    "Rc1",
    "Bxb2",
    "Rc6",
    "Be5",
    "Ng4",
    "Bf4",
    "Nf6+",
    "Kg7",
    "Ne4",
    "Nf5",
    "d6",
    "Ra7",
    "Bd1",
    "Nd4",
    "Rb6",
    "Rd7",
    "Rxa6",
    "f5",
    "Nc5",
    "Rxd6",
    "Rxd6",
    "Bxd6",
    "Nb3",
    "Ne6",
    "Be2",
    "b4",
    "Bc4",
    "Nf4",
    "Nc1",
    "Kf6",
    "Nd3",
    "Nxd3",
    "Bxd3",
    "Bf4",
    "Bc4",
    "Bd6",
    "Bd3",
    "Bf4",
    "Bc4",
    "Bd6"
  ]
}