{
  "event": "World Rapid Championship",
  "site": "Moscow RUS",
  "date": "2019.12.26",
  "eventDate": "2019.12.26",
  "dateMillis": 1577289600000,
  "eventDateMillis": 1577289600000,
  "round": "1.1",
  "result": "1-0",
  "white": "Magnus Carlsen",
  "black": "Azamat Utegaliyev",
  "isCarlsenWin": true,
  "isDraw": false,
  "isCarlsenBlack": false,
  "moves": [
    "e4",
    "d5",
    "exd5",
    "Qxd5",
    "Nc3",
    "Qd6",
    "d4",
    "c6",
    "Nf3",
    "Nf6",
    "Ne5",
    "Nbd7",
    "Nc4",
    "Qc7",
    "a4",
    "a5",
    "Qf3",
    "Nb6",
    "Bf4",
    "Qd8",
    "Be5",
    "Nbd5",
    "Nxd5",
    "Nxd5",
    "c3",
    "Nf6",
    "Bd3",
    "Be6",
    "O-O",
    "Bxc4",
    "Bxc4",
    "e6",
    "Qg3",
    "g6",
    "f4",
    "Bg7",
    "f5",
    "exf5",
    "Bc7",
    "Qc8",
    "Qd6",
    "Ne4",
    "Rae1",
    "Qd7",
    "Rxe4+",
    "fxe4",
    "Bxf7+",
    "Qxf7",
    "Rxf7",
    "Kxf7",
    "Qd7+"
  ]
}