{
  "event": "World Rapid Championship",
  "site": "Moscow RUS",
  "date": "2019.12.26",
  "eventDate": "2019.12.26",
  "dateMillis": 1577289600000,
  "eventDateMillis": 1577289600000,
  "round": "2.1",
  "result": "1/2-1/2",
  "white": "Hrant Melkumyan",
  "black": "Magnus Carlsen",
  "isCarlsenWin": false,
  "isDraw": true,
  "isCarlsenBlack": true,
  "moves": [
    "d4",
    "Nf6",
    "c4",
    "e6",
    "Nf3",
    "d5",
    "Nc3",
    "c5",
    "cxd5",
    "exd5",
    "g3",
    "Nc6",
    "Bg2",
    "cxd4",
    "Nxd4",
    "Bc5",
    "Nxc6",
    "bxc6",
    "O-O",
    "O-O",
    "Qc2",
    "Bb6",
    "Na4",
    "Bd7",
    "Nxb6",
    "axb6",
    "b4",
    "b5",
    "Bb2",
    "Re8",
    "e3",
    "h5",
    "Qc3",
    "Qc8",
    "Rfd1",
    "Bh3",
    "Bh1",
    "Qf5",
    "Rd4",
    "Re6",
    "Rf4",
    "Qg6",
    "a3",
    "Ne4",
    "Qd4",
    "Nd6",
    "Bf3",
    "f6",
    "Qd1",
    "Bg4",
    "Bxg4",
    "hxg4",
    "Rxg4",
    "Qf5",
    "Rf4",
    "Qg6",
    "Bd4",
    "Re4",
    "Qc2",
    "Qe8",
    "Rxe4",
    "Nxe4",
    "Kg2",
    "Nd6",
    "a4",
    "Rxa4",
    "Rxa4",
    "bxa4",
    "Qxa4",
    "Qe4+",
    "f3",
    "Qd3",
    "Qxc6",
    "Qe2+",
    "Kg1",
    "Qe1+",
    "Kg2"
  ]
}