{
  "event": "World Rapid Championship",
  "site": "Moscow RUS",
  "date": "2019.12.26",
  "eventDate": "2019.12.26",
  "dateMillis": 1577289600000,
  "eventDateMillis": 1577289600000,
  "round": "3.1",
  "result": "1-0",
  "white": "Magnus Carlsen",
  "black": "Boris Savchenko",
  "isCarlsenWin": true,
  "isDraw": false,
  "isCarlsenBlack": false,
  "moves": [
    "d4",
    "d5",
    "Nf3",
    "c5",
    "e3",
    "cxd4",
    "exd4",
    "Nc6",
    "Bb5",
    "Bg4",
    "c4",
    "Nf6",
    "Nc3",
    "g6",
    "h3",
    "Bxf3",
    "Qxf3",
    "a6",
    "cxd5",
    "Nxd5",
    "Qxd5",
    "axb5",
    "Qxb5",
    "Bg7",
    "Qxb7",
    "Nxd4",
    "O-O",
    "O-O",
    "Rd1",
    "Qb8",
    "Qe4",
    "f5",
    "Qd3",
    "e5",
    "Rb1",
    "Qb4",
    "Be3",
    "Rfd8",
    "a3",
    "Qb3",
    "Bxd4",
    "Rxd4",
    "Qb5",
    "Rb8",
    "Qc5",
    "Qc4",
    "Qxc4+",
    "Rxc4",
    "Nd5",
    "Rb3",
    "Rd2",
    "e4",
    "g3",
    "Kf7",
    "Kg2",
    "Rd4",
    "Rbd1",
    "Rxd2",
    "Rxd2",
    "Bxb2",
    "a4",
    "Be5",
    "Ra2",
    "Ke6",
    "Nf4+",
    "Kd6",
    "a5",
    "Bd4",
    "a6",
    "Ba7",
    "h4",
    "e3",
    "fxe3",
    "Rxe3",
    "Rd2+",
    "Kc6",
    "Rc2+",
    "Kd6",
    "Rc8",
    "Re7",
    "Kh3",
    "Be3",
    "Rd8+",
    "Kc7",
    "Rd3",
    "Bxf4",
    "gxf4",
    "Kb6",
    "Ra3",
    "Ka7",
    "h5",
    "Re4",
    "Rf3",
    "Kxa6",
    "Kh4",
    "Kb6",
    "Kg5",
    "Re6",
    "Rc3",
    "Rd6",
    "h6",
    "Rc6",
    "Re3",
    "Rc4",
    "Re7",
    "Rc7",
    "Rg7",
    "Kc6",
    "Kf6",
    "Rd7",
    "Ke6",
    "Rd4",
    "Rxh7",
    "Rxf4",
    "Rh8",
    "Rh4",
    "h7",
    "Kb7",
    "Kf6",
    "f4",
    "Kxg6",
    "Rg4+",
    "Kh5",
    "Rg1",
    "Rf8"
  ]
}