{
  "event": "World Rapid Championship",
  "site": "Moscow RUS",
  "date": "2019.12.27",
  "eventDate": "2019.12.26",
  "dateMillis": 1577376000000,
  "eventDateMillis": 1577289600000,
  "round": "8.1",
  "result": "1-0",
  "white": "Magnus Carlsen",
  "black": "Viktor Laznicka",
  "isCarlsenWin": true,
  "isDraw": false,
  "isCarlsenBlack": false,
  "moves": [
    "d4",
    "d5",
    "Nf3",
    "Nf6",
    "Bf4",
    "Bf5",
    "e3",
    "e6",
    "Nbd2",
    "Be7",
    "Ne5",
    "h5",
    "Bd3",
    "Bxd3",
    "Nxd3",
    "Nbd7",
    "Qe2",
    "Ne4",
    "h3",
    "Nxd2",
    "Qxd2",
    "Bd6",
    "Bxd6",
    "cxd6",
    "O-O-O",
    "h4",
    "Kb1",
    "Nf6",
    "f3",
    "Qb6",
    "Rhe1",
    "O-O-O",
    "c3",
    "Kb8",
    "e4",
    "Qc7",
    "Qg5",
    "Rdg8",
    "Rc1",
    "Rh5",
    "Qe3",
    "e5",
    "dxe5",
    "dxe5",
    "c4",
    "d4",
    "Qd2",
    "Nd7",
    "c5",
    "Rh6",
    "b4",
    "Qc6",
    "Qb2",
    "Qb5",
    "Qb3",
    "Ra6",
    "Nb2",
    "Rf6",
    "a4",
    "Qc6",
    "b5",
    "Qe6",
    "Qb4",
    "Rc8",
    "c6",
    "Nb6",
    "a5",
    "Na8",
    "cxb7",
    "Kxb7",
    "Rxc8",
    "Qxc8",
    "Rc1",
    "Qd8",
    "Nd3",
    "Nc7",
    "Nc5+",
    "Ka8",
    "b6",
    "axb6",
    "axb6",
    "Na6",
    "b7+",
    "Ka7",
    "Nxa6",
    "Rxa6",
    "Rc8"
  ]
}