{
  "event": "World Rapid Championship",
  "site": "Moscow RUS",
  "date": "2019.12.27",
  "eventDate": "2019.12.26",
  "dateMillis": 1577376000000,
  "eventDateMillis": 1577289600000,
  "round": "9.1",
  "result": "0-1",
  "white": "Alexander Zubov",
  "black": "Magnus Carlsen",
  "isCarlsenWin": true,
  "isDraw": false,
  "isCarlsenBlack": true,
  "moves": [
    "d4",
    "Nf6",
    "Nf3",
    "d5",
    "c4",
    "e6",
    "e3",
    "a6",
    "b3",
    "c5",
    "Bb2",
    "cxd4",
    "exd4",
    "Nc6",
    "Nbd2",
    "g6",
    "Bd3",
    "Bg7",
    "Qe2",
    "O-O",
    "O-O",
    "b6",
    "Rad1",
    "Bb7",
    "Rfe1",
    "dxc4",
    "bxc4",
    "b5",
    "c5",
    "Qc7",
    "Ne4",
    "Nxe4",
    "Bxe4",
    "Ne7",
    "Bxb7",
    "Qxb7",
    "d5",
    "Nxd5",
    "Bxg7",
    "Kxg7",
    "Qb2+",
    "Kg8",
    "Ne5",
    "Rfd8",
    "c6",
    "Qc7",
    "h4",
    "h5",
    "Rd4",
    "Nb6",
    "g4",
    "Rxd4",
    "Qxd4",
    "Rd8",
    "Qe4",
    "hxg4",
    "h5",
    "g3",
    "fxg3",
    "Nc4",
    "Nxc4",
    "Qxg3+",
    "Kf1",
    "bxc4",
    "hxg6",
    "Rd2",
    "gxf7+",
    "Kf8",
    "Re2",
    "Rd1+",
    "Re1",
    "Rxe1+",
    "Qxe1",
    "Qf3+",
    "Qf2",
    "Qxc6",
    "Qf6",
    "Qe4",
    "Kg1",
    "Qg4+",
    "Kh2",
    "a5",
    "Qd8+",
    "Kxf7",
    "Qxa5",
    "Qe2+",
    "Kg3",
    "Qe3+",
    "Kg4",
    "c3",
    "Qc7+",
    "Kg6",
    "Qc4",
    "Qe5",
    "a4",
    "Qf5+",
    "Kg3",
    "c2"
  ]
}