{
  "event": "World Rapid Championship",
  "site": "Moscow RUS",
  "date": "2019.12.28",
  "eventDate": "2019.12.26",
  "dateMillis": 1577462400000,
  "eventDateMillis": 1577289600000,
  "round": "15",
  "result": "1/2-1/2",
  "white": "Hikaru Nakamura",
  "black": "Magnus Carlsen",
  "isCarlsenWin": false,
  "isDraw": true,
  "isCarlsenBlack": true,
  "moves": [
    "e4",
    "c5",
    "Nf3",
    "Nc6",
    "Bb5",
    "g6",
    "O-O",
    "Bg7",
    "Re1",
    "e5",
    "Bxc6",
    "dxc6",
    "d3",
    "Qc7",
    "Be3",
    "b6",
    "a3",
    "a5",
    "Nbd2",
    "Nf6",
    "b4",
    "Ng4",
    "bxc5",
    "Nxe3",
    "fxe3",
    "bxc5",
    "Nc4",
    "Be6",
    "Nfd2",
    "O-O",
    "Rb1",
    "Rfb8",
    "Rxb8+",
    "Rxb8",
    "Qa1",
    "a4",
    "Qc3",
    "Rb5",
    "Rf1",
    "f6",
    "h3",
    "h5",
    "Qa1"
  ]
}