{
  "event": "World Rapid Championship",
  "site": "Moscow RUS",
  "date": "2019.12.28",
  "eventDate": "2019.12.26",
  "dateMillis": 1577462400000,
  "eventDateMillis": 1577289600000,
  "round": "12.1",
  "result": "0-1",
  "white": "Levon Aronian",
  "black": "Magnus Carlsen",
  "isCarlsenWin": true,
  "isDraw": false,
  "isCarlsenBlack": true,
  "moves": [
    "d4",
    "Nf6",
    "c4",
    "e6",
    "Nf3",
    "d5",
    "Nc3",
    "c5",
    "cxd5",
    "exd5",
    "g3",
    "Nc6",
    "Bg2",
    "cxd4",
    "Nxd4",
    "Bc5",
    "Nxc6",
    "bxc6",
    "O-O",
    "O-O",
    "Qc2",
    "Bb6",
    "Na4",
    "Bd7",
    "b3",
    "Re8",
    "Bb2",
    "h5",
    "h4",
    "Ne4",
    "e3",
    "Rc8",
    "Nxb6",
    "axb6",
    "Qd1",
    "Bf5",
    "Qxh5",
    "Qd7",
    "Qd1",
    "c5",
    "Re1",
    "Rcd8",
    "Rc1",
    "Bh3",
    "Qf3",
    "f6",
    "Bxh3",
    "Qxh3",
    "Rcd1",
    "b5",
    "Qg2",
    "Qe6",
    "f3",
    "Nd6",
    "g4",
    "d4",
    "Qd2",
    "Qd5",
    "exd4",
    "c4",
    "Ba3",
    "Qxf3",
    "Qg2",
    "Rxe1+",
    "Rxe1",
    "Qc3",
    "Rd1",
    "b4",
    "Bb2",
    "Qe3+",
    "Qf2",
    "Qh3",
    "Qg2",
    "Qe3+",
    "Qf2",
    "Qe4",
    "Qg2",
    "c3",
    "Bc1",
    "c2",
    "Rf1",
    "Qxd4+",
    "Kh2",
    "Qe5+",
    "Kg1",
    "Qc5+",
    "Kh2",
    "Nf7",
    "g5",
    "Qe5+",
    "Kh1",
    "Rd1",
    "g6",
    "Nd8",
    "Qf3",
    "Rxf1+",
    "Qxf1",
    "Qe4+",
    "Qg2",
    "Qxh4+",
    "Kg1",
    "Qd4+",
    "Kh2",
    "Qd1",
    "Qe4",
    "Kf8",
    "Qxb4+",
    "Ke8",
    "Qb5+",
    "Ke7",
    "Qc5+",
    "Ke6",
    "Qc8+",
    "Ke5",
    "Bb2+",
    "Ke4",
    "Qb7+",
    "Nxb7"
  ]
}