{
  "event": "World Rapid Championship",
  "site": "Moscow RUS",
  "date": "2019.12.27",
  "eventDate": "2019.12.26",
  "dateMillis": 1577376000000,
  "eventDateMillis": 1577289600000,
  "round": "10.1",
  "result": "1-0",
  "white": "Magnus Carlsen",
  "black": "Quang Liem Le",
  "isCarlsenWin": true,
  "isDraw": false,
  "isCarlsenBlack": false,
  "moves": [
    "d4",
    "d5",
    "c4",
    "dxc4",
    "e4",
    "Nf6",
    "e5",
    "Nd5",
    "Bxc4",
    "Nb6",
    "Bb3",
    "Bf5",
    "Nf3",
    "e6",
    "Nc3",
    "Nc6",
    "Be3",
    "Be7",
    "O-O",
    "O-O",
    "a3",
    "Na5",
    "Bc2",
    "Qd7",
    "Bxf5",
    "exf5",
    "d5",
    "Nac4",
    "Bxb6",
    "Nxb6",
    "Qb3",
    "Rad8",
    "Rad1",
    "Rfe8",
    "Rfe1",
    "g6",
    "h4",
    "Kg7",
    "h5",
    "Bc5",
    "Qc2",
    "a5",
    "Qc1",
    "Qe7",
    "Qf4",
    "Nd7",
    "b4",
    "axb4",
    "axb4",
    "Bb6",
    "h6+",
    "Kg8",
    "d6",
    "Qf8",
    "e6",
    "fxe6",
    "dxc7",
    "Rc8",
    "Rxd7",
    "Re7",
    "Rxe7",
    "Qxe7",
    "Nd5"
  ]
}