{
  "event": "World Rapid Championship",
  "site": "Moscow RUS",
  "date": "2019.12.27",
  "eventDate": "2019.12.26",
  "dateMillis": 1577376000000,
  "eventDateMillis": 1577289600000,
  "round": "7.1",
  "result": "1/2-1/2",
  "white": "Aleksandr Rakhmanov",
  "black": "Magnus Carlsen",
  "isCarlsenWin": false,
  "isDraw": true,
  "isCarlsenBlack": true,
  "moves": [
    "c4",
    "e5",
    "Nf3",
    "Nc6",
    "d4",
    "exd4",
    "Nxd4",
    "Nf6",
    "Nxc6",
    "bxc6",
    "g3",
    "g6",
    "Bg2",
    "Bg7",
    "Nc3",
    "O-O",
    "O-O",
    "Rb8",
    "Qa4",
    "a6",
    "c5",
    "Qe7",
    "Qa5",
    "Nd5",
    "Nxd5",
    "cxd5",
    "Qxc7",
    "Be5",
    "Qa5",
    "Rb5",
    "Qa3",
    "Bb7",
    "Rb1",
    "Qxc5",
    "Qxc5",
    "Rxc5",
    "Rd1",
    "Rb8",
    "Be3",
    "d4",
    "Bxd4",
    "Bxd4",
    "Rxd4",
    "Bxg2",
    "Kxg2",
    "Rc2",
    "Rxd7",
    "Rbxb2",
    "Rxb2",
    "Rxb2",
    "a3",
    "Ra2",
    "Rd3",
    "Rxe2",
    "Rd6",
    "Rb2",
    "g4",
    "Rb3",
    "Rxa6",
    "h5",
    "gxh5",
    "gxh5",
    "h4",
    "Kg7",
    "f3",
    "f6",
    "Kg3",
    "Kg6",
    "Kf4",
    "Rc3",
    "a4",
    "Rc4+",
    "Kg3",
    "Rb4",
    "a5",
    "Ra4",
    "Ra8",
    "Kf5",
    "Rh8",
    "Kg6",
    "Ra8",
    "Kf5",
    "a6",
    "Ra2",
    "a7",
    "Ra3",
    "Rh8",
    "Rxa7",
    "Rxh5+",
    "Kg6",
    "Rb5",
    "Ra1",
    "h5+",
    "Kh6",
    "Rf5",
    "Kg7",
    "f4",
    "Rg1+",
    "Kh3",
    "Kh6",
    "Rd5",
    "Kg7",
    "Kh4",
    "Kh6",
    "Rd6",
    "Rh1+",
    "Kg4",
    "Rxh5",
    "Rxf6+",
    "Kg7",
    "Kxh5",
    "Kxf6",
    "f5",
    "Kxf5"
  ]
}