{
  "event": "World Rapid Championship",
  "site": "Moscow RUS",
  "date": "2019.12.28",
  "eventDate": "2019.12.26",
  "dateMillis": 1577462400000,
  "eventDateMillis": 1577289600000,
  "round": "13.1",
  "result": "1-0",
  "white": "Magnus Carlsen",
  "black": "Shakhriyar Mamedyarov",
  "isCarlsenWin": true,
  "isDraw": false,
  "isCarlsenBlack": false,
  "moves": [
    "Nf3",
    "Nf6",
    "c4",
    "e6",
    "Nc3",
    "d5",
    "d4",
    "Nbd7",
    "cxd5",
    "exd5",
    "Bg5",
    "Be7",
    "e3",
    "c6",
    "Qc2",
    "O-O",
    "Bd3",
    "Re8",
    "Bf4",
    "Nf8",
    "h3",
    "Bd6",
    "Bxd6",
    "Qxd6",
    "O-O",
    "Ng6",
    "Rab1",
    "Bd7",
    "b4",
    "Rac8",
    "Rfc1",
    "Qe7",
    "b5",
    "cxb5",
    "Bxb5",
    "Bxb5",
    "Rxb5",
    "Ne4",
    "Qb2",
    "Nd6",
    "Nxd5",
    "Rxc1+",
    "Qxc1",
    "Qe6",
    "Rc5",
    "Rd8",
    "Nc3",
    "h6",
    "Qa3",
    "a6",
    "Qa5",
    "Qe8",
    "Qb6",
    "Kh7",
    "Rd5",
    "Rc8",
    "Rxd6",
    "Rxc3",
    "Qxb7",
    "Rc1+",
    "Kh2",
    "Rc2",
    "Rd7",
    "Kg8",
    "Rc7"
  ]
}