{
  "event": "World Rapid Championship",
  "site": "Moscow RUS",
  "date": "2019.12.28",
  "eventDate": "2019.12.26",
  "dateMillis": 1577462400000,
  "eventDateMillis": 1577289600000,
  "round": "11.1",
  "result": "1/2-1/2",
  "white": "Vachier-Lagrave, Maxime",
  "black": "Magnus Carlsen",
  "isCarlsenWin": false,
  "isDraw": true,
  "isCarlsenBlack": true,
  "moves": [
    "e4",
    "c5",
    "Nf3",
    "Nc6",
    "d4",
    "cxd4",
    "Nxd4",
    "Nf6",
    "Nc3",
    "e5",
    "Ndb5",
    "d6",
    "Nd5",
    "Nxd5",
    "exd5",
    "Ne7",
    "c4",
    "Ng6",
    "Qa4",
    "Bd7",
    "Qb4",
    "Qb8",
    "h4",
    "h5",
    "Bd3",
    "a6",
    "Nc3",
    "f5",
    "Be3",
    "Be7",
    "Na4",
    "Qc7",
    "Nb6",
    "Rd8",
    "g3",
    "e4",
    "Be2",
    "Ne5",
    "O-O-O",
    "O-O",
    "Kb1",
    "Be8",
    "Rc1",
    "Bg6",
    "Ka1",
    "Kh7",
    "Rhd1",
    "Rfe8",
    "Na4",
    "Rc8",
    "Qb6",
    "Qb8",
    "Qb3",
    "Bf6",
    "c5",
    "Bf7",
    "Nb6",
    "Rcd8",
    "Rd2",
    "dxc5",
    "Bxc5",
    "Nd7",
    "Be3",
    "Nxb6",
    "Bxb6",
    "Rd7",
    "Qd1",
    "Qe5",
    "Bc4",
    "f4",
    "Bd4",
    "Qf5",
    "Bxf6",
    "Qxf6",
    "gxf4",
    "Qxf4",
    "d6",
    "Bg6",
    "Be2",
    "Red8",
    "Bxh5",
    "Bf5",
    "Qe1",
    "Rxd6",
    "Rxd6",
    "Rxd6",
    "Be2",
    "Qd2",
    "a3",
    "Qxe1",
    "Rxe1",
    "Rd2",
    "Ka2",
    "Be6+",
    "Kb1",
    "Bb3",
    "Kc1",
    "Rc2+",
    "Kb1",
    "Rc6",
    "Bd1",
    "Bxd1",
    "Rxd1",
    "Rh6",
    "Rd7",
    "b5",
    "Kc2",
    "Rxh4",
    "Kd2",
    "Rf4",
    "Ke2",
    "Kh6",
    "Ra7",
    "Rf6",
    "Re7",
    "Rc6"
  ]
}