{
  "event": "World Rapid Championship",
  "site": "Moscow RUS",
  "date": "2019.12.28",
  "eventDate": "2019.12.26",
  "dateMillis": 1577462400000,
  "eventDateMillis": 1577289600000,
  "round": "14.1",
  "result": "1/2-1/2",
  "white": "Magnus Carlsen",
  "black": "Dominguez Perez, Leinier",
  "isCarlsenWin": false,
  "isDraw": true,
  "isCarlsenBlack": false,
  "moves": [
    "d4",
    "Nf6",
    "c4",
    "e6",
    "Nf3",
    "d5",
    "Nc3",
    "c5",
    "e3",
    "cxd4",
    "exd4",
    "Bb4",
    "cxd5",
    "Nxd5",
    "Qc2",
    "Nc6",
    "Bd3",
    "Ba5",
    "a3",
    "h6",
    "O-O",
    "O-O",
    "Rd1",
    "Bd7",
    "Bh7+",
    "Kh8",
    "Be4",
    "Nce7",
    "Bd2",
    "Rc8",
    "Ne5",
    "Be8",
    "Rac1",
    "f6",
    "Nd3",
    "Bb6",
    "Nc5",
    "Bxc5",
    "dxc5",
    "Rxc5",
    "Qb3",
    "Rc7",
    "Nxd5",
    "Nxd5",
    "Rxc7",
    "Qxc7",
    "Bxd5",
    "exd5",
    "Be3",
    "a6",
    "Qxd5",
    "Bc6",
    "Qd6",
    "Qxd6",
    "Rxd6",
    "Rf7",
    "f3",
    "Rd7",
    "Rxd7",
    "Bxd7"
  ]
}