{
  "event": "World Blitz Championship",
  "site": "Moscow RUS",
  "date": "2019.12.29",
  "eventDate": "2019.12.29",
  "dateMillis": 1577548800000,
  "eventDateMillis": 1577548800000,
  "round": "1.2",
  "result": "0-1",
  "white": "Alexandr Predke",
  "black": "Magnus Carlsen",
  "isCarlsenWin": true,
  "isDraw": false,
  "isCarlsenBlack": true,
  "moves": [
    "e4",
    "g6",
    "d4",
    "Nf6",
    "Nc3",
    "d5",
    "exd5",
    "Nxd5",
    "Nf3",
    "Nxc3",
    "bxc3",
    "Bg7",
    "Be2",
    "O-O",
    "O-O",
    "c5",
    "Be3",
    "Qc7",
    "Qd2",
    "Rd8",
    "Bh6",
    "Nc6",
    "Bxg7",
    "Kxg7",
    "Qe3",
    "cxd4",
    "cxd4",
    "Bg4",
    "c3",
    "Rac8",
    "h3",
    "Bxf3",
    "Bxf3",
    "Na5",
    "Rac1",
    "b6",
    "Rfe1",
    "e6",
    "h4",
    "Nc4",
    "Qe2",
    "Qf4",
    "g3",
    "Qf6",
    "Kg2",
    "Rc7",
    "Be4",
    "e5",
    "Bd3",
    "exd4",
    "Bxc4",
    "Qc6+",
    "Qe4",
    "Qxe4+",
    "Rxe4",
    "Rxc4",
    "Re7",
    "Rxc3",
    "Rd1",
    "Ra3",
    "Rd2",
    "h5",
    "Rc7",
    "b5",
    "Kf1",
    "d3",
    "Kg2",
    "a5",
    "Kf3",
    "Rxa2",
    "Rxa2",
    "d2"
  ]
}