{
  "event": "World Blitz Championship",
  "site": "Moscow RUS",
  "date": "2019.12.29",
  "eventDate": "2019.12.29",
  "dateMillis": 1577548800000,
  "eventDateMillis": 1577548800000,
  "round": "2.2",
  "result": "1-0",
  "white": "Magnus Carlsen",
  "black": "Vladimir Belov",
  "isCarlsenWin": true,
  "isDraw": false,
  "isCarlsenBlack": false,
  "moves": [
    "e4",
    "c6",
    "d4",
    "d5",
    "exd5",
    "cxd5",
    "Bd3",
    "Nc6",
    "c3",
    "Nf6",
    "Bf4",
    "Bg4",
    "Qb3",
    "Qd7",
    "Nd2",
    "e6",
    "Ngf3",
    "Bd6",
    "Ne5",
    "Qc7",
    "O-O",
    "O-O",
    "Rae1",
    "Bh5",
    "Bg3",
    "Bg6",
    "Nxg6",
    "hxg6",
    "Nf3",
    "Rab8",
    "Qc2",
    "Rfc8",
    "Qe2",
    "Ne7",
    "Bxd6",
    "Qxd6",
    "Ne5",
    "Nf5",
    "g4",
    "Ne7",
    "f4",
    "a6",
    "Qg2",
    "b5",
    "f5",
    "exf5",
    "gxf5",
    "Nxf5",
    "Bxf5",
    "gxf5",
    "Rxf5",
    "b4",
    "Ref1",
    "Kf8",
    "Rg5",
    "bxc3",
    "Rxg7",
    "cxb2",
    "Rxf7+",
    "Ke8",
    "Qg6"
  ]
}