{
  "event": "World Blitz Championship",
  "site": "Moscow RUS",
  "date": "2019.12.29",
  "eventDate": "2019.12.29",
  "dateMillis": 1577548800000,
  "eventDateMillis": 1577548800000,
  "round": "3.2",
  "result": "0-1",
  "white": "AR Saleh Salem",
  "black": "Magnus Carlsen",
  "isCarlsenWin": true,
  "isDraw": false,
  "isCarlsenBlack": true,
  "moves": [
    "d4",
    "Nf6",
    "c4",
    "e6",
    "Nc3",
    "d5",
    "cxd5",
    "exd5",
    "Bg5",
    "c6",
    "e3",
    "Bd6",
    "Bd3",
    "O-O",
    "Nge2",
    "Re8",
    "Qc2",
    "h6",
    "Bh4",
    "a5",
    "a3",
    "Na6",
    "h3",
    "Nc7",
    "O-O",
    "Ne6",
    "f4",
    "g5",
    "Bg3",
    "g4",
    "Bh4",
    "gxh3",
    "Ng3",
    "Ng7",
    "Rae1",
    "Be7",
    "f5",
    "h2+",
    "Kh1",
    "Ng4",
    "f6",
    "Nxf6",
    "Bxf6",
    "Bxf6",
    "Qf2",
    "Re6",
    "e4",
    "Qe7",
    "exd5",
    "Rxe1",
    "Rxe1",
    "Bxd4",
    "Rxe7",
    "Bxf2",
    "Nge4",
    "Bh4",
    "Re5",
    "f6",
    "Re7",
    "f5",
    "Rc7",
    "fxe4",
    "Bc4",
    "cxd5",
    "Nxd5",
    "Be6"
  ]
}