{
  "event": "World Blitz Championship",
  "site": "Moscow RUS",
  "date": "2019.12.29",
  "eventDate": "2019.12.29",
  "dateMillis": 1577548800000,
  "eventDateMillis": 1577548800000,
  "round": "12.2",
  "result": "1-0",
  "white": "Magnus Carlsen",
  "black": "Vladislav Artemiev",
  "isCarlsenWin": true,
  "isDraw": false,
  "isCarlsenBlack": false,
  "moves": [
    "d4",
    "Nf6",
    "c4",
    "g6",
    "Nc3",
    "d5",
    "cxd5",
    "Nxd5",
    "e4",
    "Nxc3",
    "bxc3",
    "Bg7",
    "Bc4",
    "c5",
    "Ne2",
    "Nc6",
    "Be3",
    "O-O",
    "h4",
    "Qa5",
    "O-O",
    "Bd7",
    "Rb1",
    "Qc7",
    "h5",
    "cxd4",
    "cxd4",
    "Rad8",
    "h6",
    "Bh8",
    "Qc1",
    "Rc8",
    "Qd2",
    "Na5",
    "Bd3",
    "b6",
    "Rbc1",
    "Qb7",
    "Bg5",
    "Rfe8",
    "Rxc8",
    "Qxc8",
    "Rc1",
    "Qb7",
    "d5",
    "Be5",
    "Bf4",
    "Qb8",
    "Bxe5",
    "Qxe5",
    "f4",
    "Qh5",
    "Rc7",
    "Bg4",
    "Bb5",
    "Rf8",
    "Rxe7",
    "Qxh6",
    "d6",
    "Qh4",
    "Nd4",
    "Rd8",
    "e5",
    "Qg3",
    "Qf2",
    "Qc3",
    "f5",
    "gxf5",
    "Nxf5",
    "Bxf5",
    "Qxf5",
    "Qd4+",
    "Qf2",
    "Qd5",
    "d7",
    "Qd1+",
    "Bf1"
  ]
}