{
  "event": "World Blitz Championship",
  "site": "Moscow RUS",
  "date": "2019.12.29",
  "eventDate": "2019.12.29",
  "dateMillis": 1577548800000,
  "eventDateMillis": 1577548800000,
  "round": "5.2",
  "result": "0-1",
  "white": "Radoslaw Wojtaszek",
  "black": "Magnus Carlsen",
  "isCarlsenWin": true,
  "isDraw": false,
  "isCarlsenBlack": true,
  "moves": [
    "d4",
    "Nf6",
    "c4",
    "e6",
    "Nf3",
    "d5",
    "Nc3",
    "c5",
    "cxd5",
    "exd5",
    "Bg5",
    "Be6",
    "e3",
    "c4",
    "Ne5",
    "Be7",
    "Be2",
    "O-O",
    "O-O",
    "Nfd7",
    "Bxe7",
    "Qxe7",
    "Bf3",
    "Nxe5",
    "dxe5",
    "Rd8",
    "Nxd5",
    "Bxd5",
    "Bxd5",
    "Nc6",
    "e4",
    "Nb4",
    "Rc1",
    "Rac8",
    "Qd4",
    "b5",
    "f4",
    "Rc5",
    "Rfd1",
    "Kf8",
    "a3",
    "Nxd5",
    "exd5",
    "Rcxd5",
    "Qxd5",
    "Rxd5",
    "Rxd5",
    "a6",
    "Rcd1",
    "g6",
    "g3",
    "c3",
    "bxc3",
    "Qxa3",
    "R1d3",
    "Qb2",
    "Rd7",
    "Qe2",
    "R3d6",
    "a5",
    "Ra6",
    "Qe1+",
    "Kg2",
    "Qe4+",
    "Kg1",
    "a4",
    "Raa7",
    "Qc4",
    "Kf2",
    "Kg7",
    "Rdc7",
    "Qd5",
    "Ke3",
    "g5",
    "Re7",
    "gxf4+",
    "gxf4",
    "Qc5+",
    "Kd3",
    "Qc4+",
    "Ke3",
    "Qxc3+",
    "Ke4",
    "Qc4+",
    "Kf5",
    "Qc2+",
    "Kg4",
    "Qg6+",
    "Kf3",
    "Qd3+",
    "Kg4",
    "Kg6",
    "Ra6+",
    "Kg7",
    "Raa7",
    "h5+",
    "Kh4",
    "Qf5",
    "Kg3",
    "Qg4+",
    "Kf2",
    "Qxf4+",
    "Ke2",
    "Kg6",
    "Ra6+",
    "Kg5",
    "Rf6",
    "Qe4+",
    "Kf2",
    "a3",
    "Rfxf7",
    "a2",
    "Rg7+",
    "Kh4",
    "Ra7",
    "Qxe5"
  ]
}