{
  "event": "World Blitz Championship",
  "site": "Moscow RUS",
  "date": "2019.12.30",
  "eventDate": "2019.12.29",
  "dateMillis": 1577635200000,
  "eventDateMillis": 1577548800000,
  "round": "13.1",
  "result": "0-1",
  "white": "Maxim Matlakov",
  "black": "Magnus Carlsen",
  "isCarlsenWin": true,
  "isDraw": false,
  "isCarlsenBlack": true,
  "moves": [
    "d4",
    "Nf6",
    "c4",
    "e6",
    "Nf3",
    "d5",
    "Nc3",
    "c6",
    "Bg5",
    "Nbd7",
    "e3",
    "Qa5",
    "Nd2",
    "Bb4",
    "Rc1",
    "Ne4",
    "Ndxe4",
    "dxe4",
    "Bh4",
    "Qxa2",
    "Qc2",
    "Qa5",
    "Qxe4",
    "Qf5",
    "Qxf5",
    "exf5",
    "Bd3",
    "Nb6",
    "O-O",
    "Be6",
    "d5",
    "Bxc3",
    "dxe6",
    "Bxb2",
    "Rb1",
    "Ba3",
    "Bxf5",
    "g6",
    "Bh3",
    "fxe6",
    "Bxe6",
    "Be7",
    "Bg3",
    "Na4",
    "Be5",
    "Rf8",
    "Bg7",
    "Nc5",
    "Bxf8",
    "Bxf8",
    "Bg4",
    "a5",
    "f4",
    "a4",
    "f5",
    "a3",
    "Ra1",
    "Ne4",
    "fxg6",
    "hxg6",
    "Be6",
    "Bg7",
    "Ra2",
    "Nc3",
    "Rc2",
    "a2",
    "Ra1",
    "Ke7",
    "Bg4",
    "Ne2+",
    "Bxe2",
    "Bxa1"
  ]
}