{
  "event": "World Blitz Championship",
  "site": "Moscow RUS",
  "date": "2019.12.29",
  "eventDate": "2019.12.29",
  "dateMillis": 1577548800000,
  "eventDateMillis": 1577548800000,
  "round": "7.2",
  "result": "1-0",
  "white": "Dmitry Andreikin",
  "black": "Magnus Carlsen",
  "isCarlsenWin": false,
  "isDraw": false,
  "isCarlsenBlack": true,
  "moves": [
    "d4",
    "d5",
    "Nf3",
    "Nf6",
    "c4",
    "e6",
    "Nc3",
    "Bb4",
    "Qa4+",
    "Nc6",
    "e3",
    "O-O",
    "Bd2",
    "dxc4",
    "Bxc4",
    "Bd6",
    "Qc2",
    "e5",
    "dxe5",
    "Nxe5",
    "Nxe5",
    "Bxe5",
    "f4",
    "Bxc3",
    "Bxc3",
    "Ng4",
    "Bd4",
    "c5",
    "Bxc5",
    "Re8",
    "O-O",
    "Nxe3",
    "Bxe3",
    "Rxe3",
    "Qf2",
    "Re8",
    "Rad1",
    "Qc7",
    "Rc1",
    "Qd6",
    "f5",
    "Qf6",
    "Bb3",
    "Bd7",
    "Rc7",
    "Re7",
    "Rxb7",
    "a5",
    "Rb6",
    "Qg5",
    "f6",
    "gxf6",
    "Rxf6",
    "Be8",
    "Bxf7+",
    "Bxf7",
    "Rxf7",
    "Rxf7",
    "Qxf7+",
    "Kh8",
    "Qf6+",
    "Qxf6",
    "Rxf6",
    "Rd8",
    "g3",
    "Kg7",
    "Rf2",
    "a4",
    "Kg2",
    "a3",
    "bxa3",
    "Rd3",
    "Kf1",
    "Rxa3",
    "Ke1",
    "h5",
    "Kd1",
    "h4",
    "gxh4",
    "Kg6",
    "Kc1",
    "Ra8",
    "Kb2",
    "Rb8+",
    "Kc3",
    "Rc8+",
    "Kd4",
    "Ra8",
    "Kc4",
    "Rc8+",
    "Kb3",
    "Rb8+",
    "Kc3",
    "Ra8",
    "Kb2",
    "Rb8+",
    "Ka1",
    "Ra8",
    "Rf4",
    "Ra3",
    "Kb2",
    "Rh3",
    "a4",
    "Rxh2+",
    "Kb3",
    "Rh3+",
    "Kb4"
  ]
}