{
  "event": "World Blitz Championship",
  "site": "Moscow RUS",
  "date": "2019.12.29",
  "eventDate": "2019.12.29",
  "dateMillis": 1577548800000,
  "eventDateMillis": 1577548800000,
  "round": "11.2",
  "result": "1/2-1/2",
  "white": "Hikaru Nakamura",
  "black": "Magnus Carlsen",
  "isCarlsenWin": false,
  "isDraw": true,
  "isCarlsenBlack": true,
  "moves": [
    "e4",
    "e5",
    "Nf3",
    "Nc6",
    "Bb5",
    "a6",
    "Ba4",
    "Nf6",
    "O-O",
    "Bc5",
    "c3",
    "O-O",
    "d4",
    "Ba7",
    "Re1",
    "b5",
    "Bc2",
    "d6",
    "h3",
    "h6",
    "Be3",
    "Re8",
    "Nbd2",
    "Bb7",
    "dxe5",
    "Bxe3",
    "exf6",
    "Bxd2",
    "Qxd2",
    "Qxf6",
    "a4",
    "Ne5",
    "Nxe5",
    "Qxe5",
    "f4",
    "Qe7",
    "e5",
    "dxe5",
    "Rxe5",
    "Qf6",
    "axb5",
    "Rxe5",
    "fxe5",
    "Qb6+",
    "Qd4",
    "Qxd4+",
    "cxd4",
    "axb5",
    "Rxa8+",
    "Bxa8",
    "b4",
    "Bd5",
    "g3"
  ]
}