{
  "event": "World Blitz Championship",
  "site": "Moscow RUS",
  "date": "2019.12.30",
  "eventDate": "2019.12.29",
  "dateMillis": 1577635200000,
  "eventDateMillis": 1577548800000,
  "round": "14.1",
  "result": "1/2-1/2",
  "white": "Magnus Carlsen",
  "black": "Ian Nepomniachtchi",
  "isCarlsenWin": false,
  "isDraw": true,
  "isCarlsenBlack": false,
  "moves": [
    "d4",
    "Nf6",
    "c4",
    "g6",
    "Nc3",
    "d5",
    "cxd5",
    "Nxd5",
    "e4",
    "Nxc3",
    "bxc3",
    "Bg7",
    "Bc4",
    "c5",
    "Ne2",
    "O-O",
    "Be3",
    "Nc6",
    "h4",
    "Qa5",
    "O-O",
    "Rd8",
    "Qb3",
    "e6",
    "d5",
    "exd5",
    "Bxd5",
    "Ne5",
    "Rad1",
    "c4",
    "Qb1",
    "Qc7",
    "h5",
    "Ng4",
    "Bf4",
    "Be5",
    "Qc1",
    "Be6",
    "Bxe6",
    "fxe6",
    "hxg6",
    "hxg6",
    "Bxe5",
    "Qxe5",
    "Qf4",
    "Qxf4",
    "Nxf4",
    "Kf7",
    "f3",
    "Ne3",
    "Rxd8",
    "Rxd8",
    "Rb1",
    "b6",
    "Kf2",
    "Nd1+",
    "Ke1",
    "Nxc3",
    "Rc1",
    "g5"
  ]
}