{
  "event": "World Blitz Championship",
  "site": "Moscow RUS",
  "date": "2019.12.29",
  "eventDate": "2019.12.29",
  "dateMillis": 1577548800000,
  "eventDateMillis": 1577548800000,
  "round": "6.2",
  "result": "1/2-1/2",
  "white": "Magnus Carlsen",
  "black": "Nodirbek Abdusattorov",
  "isCarlsenWin": false,
  "isDraw": true,
  "isCarlsenBlack": false,
  "moves": [
    "d4",
    "Nf6",
    "Nf3",
    "e6",
    "Bg5",
    "d5",
    "e3",
    "Be7",
    "c4",
    "O-O",
    "Qc2",
    "h6",
    "Bxf6",
    "Bxf6",
    "h4",
    "g6",
    "Nc3",
    "Bg7",
    "O-O-O",
    "c6",
    "g4",
    "Nd7",
    "g5",
    "h5",
    "Kb1",
    "Qe7",
    "cxd5",
    "exd5",
    "Bd3",
    "Nb6",
    "Rc1",
    "Be6",
    "Ne2",
    "Bg4",
    "Nh2",
    "Bxe2",
    "Qxe2",
    "Rac8",
    "f4",
    "Rfe8",
    "Rhe1",
    "Nc4",
    "Bxc4",
    "dxc4",
    "Qxc4",
    "Qe4+",
    "Qc2",
    "Qd5",
    "Rcd1",
    "Rcd8",
    "e4",
    "Qe6",
    "Qf2",
    "Rd7",
    "f5",
    "Qc4",
    "f6",
    "Bf8",
    "Nf3",
    "Rd6",
    "Ne5",
    "Qe6",
    "Nd3",
    "Qg4",
    "Nf4",
    "Rxe4",
    "Rf1",
    "Qf5",
    "Ka1",
    "c5",
    "d5",
    "c4",
    "Rde1",
    "Rxe1+",
    "Qxe1",
    "c3",
    "Qxc3",
    "Rxd5",
    "a3",
    "Rc5",
    "Qd4",
    "Rc2",
    "Rd1",
    "Rc8",
    "Nd5",
    "Re8",
    "Qxa7",
    "Qg4",
    "Qd4",
    "Re4",
    "Ne7+",
    "Kh7",
    "Qd5",
    "Re6",
    "Qd7",
    "Bxe7",
    "fxe7",
    "Rxe7",
    "Qxe7",
    "Qxd1+",
    "Ka2",
    "Qd5+"
  ]
}