{
  "event": "World Blitz Championship",
  "site": "Moscow RUS",
  "date": "2019.12.29",
  "eventDate": "2019.12.29",
  "dateMillis": 1577548800000,
  "eventDateMillis": 1577548800000,
  "round": "10.2",
  "result": "1-0",
  "white": "Magnus Carlsen",
  "black": "Bartosz Socko",
  "isCarlsenWin": true,
  "isDraw": false,
  "isCarlsenBlack": false,
  "moves": [
    "d4",
    "Nf6",
    "c4",
    "e6",
    "Nf3",
    "b6",
    "g3",
    "Bb7",
    "Bg2",
    "c5",
    "d5",
    "exd5",
    "cxd5",
    "Bxd5",
    "Nc3",
    "Bxf3",
    "Bxf3",
    "Nc6",
    "Bf4",
    "Be7",
    "O-O",
    "O-O",
    "e3",
    "Ne8",
    "h4",
    "h6",
    "h5",
    "Nc7",
    "Qa4",
    "Ne6",
    "Rad1",
    "Rc8",
    "Nd5",
    "Nxf4",
    "gxf4",
    "Re8",
    "Kg2",
    "Bf8",
    "Rg1",
    "Ne7",
    "Nf6+",
    "gxf6",
    "Rxd7",
    "b5",
    "Qxa7",
    "Ra8",
    "Rxd8"
  ]
}