{
  "event": "World Blitz Championship",
  "site": "Moscow RUS",
  "date": "2019.12.30",
  "eventDate": "2019.12.29",
  "dateMillis": 1577635200000,
  "eventDateMillis": 1577548800000,
  "round": "15.1",
  "result": "1/2-1/2",
  "white": "Vachier-Lagrave, Maxime",
  "black": "Magnus Carlsen",
  "isCarlsenWin": false,
  "isDraw": true,
  "isCarlsenBlack": true,
  "moves": [
    "e4",
    "d5",
    "exd5",
    "Qxd5",
    "Nc3",
    "Qd6",
    "d4",
    "Nf6",
    "Nf3",
    "c6",
    "h3",
    "g6",
    "Ne5",
    "Nbd7",
    "Nc4",
    "Qc7",
    "Be2",
    "Bg7",
    "O-O",
    "b5",
    "Nd2",
    "O-O",
    "Bf3",
    "Bb7",
    "Nde4",
    "Rad8",
    "Re1",
    "b4",
    "Nxf6+",
    "Bxf6",
    "Ne4",
    "c5",
    "Nxf6+",
    "Nxf6",
    "Bxb7",
    "Qxb7",
    "c3",
    "cxd4",
    "cxd4",
    "Rd7",
    "Be3",
    "Nd5",
    "Bh6",
    "Rc8",
    "Rc1",
    "Rxc1",
    "Qxc1",
    "Rc7",
    "Qd1",
    "Qc6",
    "Qf3",
    "f6",
    "Rc1",
    "Qb5",
    "Re1",
    "Kf7",
    "h4",
    "Qd7",
    "h5",
    "Qf5",
    "hxg6+",
    "hxg6",
    "Qxf5",
    "gxf5",
    "Rc1",
    "Rxc1+",
    "Bxc1",
    "Ke6",
    "Kf1",
    "Nc7",
    "Bd2",
    "a5",
    "Ke2",
    "Kd5",
    "Kd3",
    "Ne6",
    "Be3",
    "f4",
    "Bd2",
    "f3",
    "gxf3",
    "Nxd4",
    "f4",
    "Ne6",
    "Be3",
    "Nc5+",
    "Bxc5",
    "Kxc5",
    "b3",
    "Kd5",
    "Ke3",
    "e5",
    "fxe5",
    "Kxe5",
    "f4+",
    "Kd5",
    "Kd3",
    "f5",
    "Ke3",
    "Kc5"
  ]
}