{
  "event": "World Blitz Championship (Tiebreaks)",
  "site": "Moscow RUS",
  "date": "2019.12.30",
  "eventDate": "2019.12.30",
  "dateMillis": 1577635200000,
  "eventDateMillis": 1577635200000,
  "round": "2",
  "result": "1-0",
  "white": "Magnus Carlsen",
  "black": "Hikaru Nakamura",
  "isCarlsenWin": true,
  "isDraw": false,
  "isCarlsenBlack": false,
  "moves": [
    "d4",
    "Nf6",
    "Nf3",
    "d5",
    "Bf4",
    "c5",
    "e3",
    "e6",
    "Nbd2",
    "Bd6",
    "Bxd6",
    "Qxd6",
    "dxc5",
    "Qxc5",
    "c4",
    "dxc4",
    "Bxc4",
    "O-O",
    "Rc1",
    "Qe7",
    "O-O",
    "b6",
    "Qe2",
    "Bb7",
    "Rfd1",
    "Nbd7",
    "Ba6",
    "Nc5",
    "Bxb7",
    "Qxb7",
    "Ne5",
    "Ncd7",
    "Qf3",
    "Qa6",
    "Nc6",
    "Kh8",
    "Nc4",
    "Qxa2",
    "g4",
    "Nc5",
    "Nd6",
    "Nb3",
    "Rc2",
    "Qa4",
    "Rc4",
    "Qa6",
    "g5",
    "Nd7",
    "Rh4",
    "Nbc5",
    "Nxf7+",
    "Rxf7",
    "Qxf7",
    "Qe2",
    "Rxd7",
    "Nxd7",
    "Qxd7",
    "Rf8",
    "Rf4"
  ]
}