{
  "event": "World Blitz Championship",
  "site": "Moscow RUS",
  "date": "2019.12.30",
  "eventDate": "2019.12.29",
  "dateMillis": 1577635200000,
  "eventDateMillis": 1577548800000,
  "round": "19.1",
  "result": "0-1",
  "white": "Alireza Firouzja",
  "black": "Magnus Carlsen",
  "isCarlsenWin": true,
  "isDraw": false,
  "isCarlsenBlack": true,
  "moves": [
    "e4",
    "e5",
    "Nf3",
    "Nc6",
    "Bb5",
    "a6",
    "Ba4",
    "d6",
    "O-O",
    "Bd7",
    "c3",
    "g6",
    "d4",
    "Bg7",
    "h3",
    "Nf6",
    "Bc2",
    "O-O",
    "Re1",
    "Re8",
    "Nbd2",
    "Qe7",
    "Nf1",
    "Qf8",
    "Ng3",
    "Bh6",
    "Ng5",
    "Nd8",
    "Bb3",
    "Ne6",
    "h4",
    "Rad8",
    "Be3",
    "Bg7",
    "h5",
    "Bh6",
    "Qc1",
    "Ng4",
    "Nxe6",
    "fxe6",
    "Rf1",
    "Nxe3",
    "fxe3",
    "Qe7",
    "hxg6",
    "hxg6",
    "Qd2",
    "exd4",
    "cxd4",
    "Kg7",
    "Rf3",
    "Rf8",
    "Raf1",
    "Rxf3",
    "Rxf3",
    "Rf8",
    "Qc3",
    "c6",
    "Nf1",
    "e5",
    "Rxf8",
    "Kxf8",
    "Qc4",
    "Qf6",
    "dxe5",
    "dxe5",
    "Qb4+",
    "c5",
    "Qxb7",
    "Bb5",
    "Qc8+",
    "Ke7",
    "Qxc5+",
    "Qd6",
    "Qxd6+",
    "Kxd6",
    "Bf7",
    "Bxf1",
    "Kxf1",
    "g5",
    "Ke2",
    "Bf8",
    "Kf3",
    "Ke7",
    "Bc4",
    "a5",
    "Ke2",
    "Kd6",
    "Bd5",
    "Be7",
    "Kf3",
    "Bd8",
    "Kg4",
    "Be7",
    "Kf5",
    "Bd8",
    "g4",
    "Be7",
    "a3",
    "Bd8",
    "b4",
    "axb4",
    "axb4",
    "Be7",
    "b5",
    "Bd8",
    "Kg6",
    "Kc5",
    "Kf5",
    "Kxb5",
    "Kxe5",
    "Kc5",
    "Ke6",
    "Ba5",
    "e5",
    "Bd2",
    "e4",
    "Bc3",
    "Kf5",
    "Kb6",
    "e6",
    "Kc7",
    "Kg6",
    "Kd8",
    "Kxg5",
    "Ke7",
    "Kh5",
    "Bd2",
    "g5",
    "Bf4",
    "Kg4",
    "Bd2"
  ]
}