{
  "event": "World Blitz Championship",
  "site": "Moscow RUS",
  "date": "2019.12.30",
  "eventDate": "2019.12.29",
  "dateMillis": 1577635200000,
  "eventDateMillis": 1577548800000,
  "round": "18.1",
  "result": "1-0",
  "white": "Magnus Carlsen",
  "black": "Vladimir Kramnik",
  "isCarlsenWin": true,
  "isDraw": false,
  "isCarlsenBlack": false,
  "moves": [
    "d4",
    "Nf6",
    "Nf3",
    "d5",
    "Bf4",
    "c5",
    "e3",
    "Nc6",
    "Nbd2",
    "cxd4",
    "exd4",
    "Qb6",
    "Nb3",
    "Bf5",
    "Be2",
    "e6",
    "O-O",
    "Be7",
    "a4",
    "a6",
    "a5",
    "Qd8",
    "Ne5",
    "Rc8",
    "c3",
    "O-O",
    "Re1",
    "Ne4",
    "Bd3",
    "Nxe5",
    "Bxe5",
    "Bg6",
    "Bf4",
    "Nd6",
    "Bxg6",
    "hxg6",
    "Bxd6",
    "Bxd6",
    "g3",
    "b5",
    "axb6",
    "Qxb6",
    "Re2",
    "Rb8",
    "Nc1",
    "a5",
    "Nd3",
    "Qb5",
    "h4",
    "Rfc8",
    "Rd2",
    "Ra8",
    "h5",
    "gxh5",
    "Qxh5",
    "g6",
    "Qh6",
    "a4",
    "Kg2",
    "Bf8",
    "Qf4",
    "Bg7",
    "Ne5",
    "Qe8",
    "Rd3",
    "f6",
    "Ng4",
    "Qf8",
    "Rf3",
    "a3",
    "bxa3",
    "f5",
    "Qg5",
    "Kf7",
    "Rh1",
    "Rxa3",
    "Rh7",
    "Rcxc3",
    "Nh6+",
    "Ke8",
    "Qxg6+",
    "Kd8"
  ]
}