{
  "event": "World Blitz Championship",
  "site": "Moscow RUS",
  "date": "2019.12.30",
  "eventDate": "2019.12.29",
  "dateMillis": 1577635200000,
  "eventDateMillis": 1577548800000,
  "round": "21.1",
  "result": "1/2-1/2",
  "white": "Yangyi Yu",
  "black": "Magnus Carlsen",
  "isCarlsenWin": false,
  "isDraw": true,
  "isCarlsenBlack": true,
  "moves": [
    "e4",
    "c5",
    "Nf3",
    "Nc6",
    "d4",
    "cxd4",
    "Nxd4",
    "Nf6",
    "Nc3",
    "e5",
    "Ndb5",
    "d6",
    "Bg5",
    "a6",
    "Na3",
    "b5",
    "Nd5",
    "Be7",
    "Bxf6",
    "Bxf6",
    "c3",
    "O-O",
    "Nc2",
    "Rb8",
    "a3",
    "Bg5",
    "Ncb4",
    "Bb7",
    "Be2",
    "a5",
    "Nxc6",
    "Bxc6",
    "O-O",
    "g6",
    "Qd3",
    "Bd7",
    "Rad1",
    "Be6",
    "Bf3",
    "Kg7",
    "Rfe1",
    "Qc8",
    "h3",
    "h5",
    "Be2",
    "Rb7",
    "Qg3",
    "Qd8",
    "Qd3",
    "Qc8",
    "Qg3",
    "Qd8",
    "Qd3"
  ]
}