{
  "event": "World Blitz Championship (Tiebreaks)",
  "site": "Moscow RUS",
  "date": "2019.12.30",
  "eventDate": "2019.12.30",
  "dateMillis": 1577635200000,
  "eventDateMillis": 1577635200000,
  "round": "1",
  "result": "1/2-1/2",
  "white": "Hikaru Nakamura",
  "black": "Magnus Carlsen",
  "isCarlsenWin": false,
  "isDraw": true,
  "isCarlsenBlack": true,
  "moves": [
    "e4",
    "e5",
    "Nf3",
    "Nc6",
    "Bb5",
    "Nf6",
    "d3",
    "Bc5",
    "c3",
    "O-O",
    "O-O",
    "d6",
    "h3",
    "a6",
    "Ba4",
    "b5",
    "Bc2",
    "h6",
    "Re1",
    "Re8",
    "b4",
    "Bb6",
    "a4",
    "Bd7",
    "Nbd2",
    "Ne7",
    "Nf1",
    "a5",
    "bxa5",
    "Rxa5",
    "Be3",
    "Bxe3",
    "Nxe3",
    "Ng6",
    "axb5",
    "Rxb5",
    "Ba4",
    "Rb8",
    "Bxd7",
    "Qxd7",
    "Qc2",
    "Nf4",
    "Kh2",
    "Qb5",
    "Red1",
    "Qb2",
    "Ra2",
    "Qxc2",
    "Rxc2",
    "Rb3",
    "g3",
    "Ne6",
    "Nd2",
    "Rb7",
    "Ndc4",
    "Ra8",
    "Kg2",
    "Ra4",
    "f3",
    "Nd7",
    "d4",
    "f6",
    "h4",
    "h5",
    "Kf2",
    "Kf8",
    "Rdd2",
    "Rb1",
    "d5",
    "Nec5",
    "Ra2",
    "Rc1",
    "Rdc2",
    "Kf7",
    "Ke2",
    "Rxc2+",
    "Rxc2",
    "g6",
    "Rb2",
    "f5",
    "exf5",
    "gxf5",
    "f4",
    "exf4",
    "gxf4",
    "Nf6",
    "Rb8",
    "Nxd5",
    "Nxd6+",
    "cxd6",
    "Nxd5",
    "Ke6",
    "Nb4",
    "Ne4",
    "Kd3",
    "Ra3",
    "Rc8",
    "Kd7",
    "Rh8",
    "Nxc3",
    "Rh7+",
    "Ke6",
    "Rh6+",
    "Kf7",
    "Kc4",
    "Ne2",
    "Nd5",
    "Nxf4",
    "Nxf4",
    "Ra4+",
    "Kd5",
    "Rxf4",
    "Rxh5",
    "Kg6",
    "Rh8",
    "Re4",
    "h5+",
    "Kg5",
    "h6",
    "Rh4",
    "h7",
    "Kg6",
    "Kxd6",
    "Rxh7"
  ]
}