{
  "event": "World Blitz Championship",
  "site": "Moscow RUS",
  "date": "2019.12.30",
  "eventDate": "2019.12.29",
  "dateMillis": 1577635200000,
  "eventDateMillis": 1577548800000,
  "round": "20.1",
  "result": "1/2-1/2",
  "white": "Magnus Carlsen",
  "black": "Alexander Grischuk",
  "isCarlsenWin": false,
  "isDraw": true,
  "isCarlsenBlack": false,
  "moves": [
    "d4",
    "Nf6",
    "c4",
    "g6",
    "Nc3",
    "Bg7",
    "e4",
    "d6",
    "Nf3",
    "O-O",
    "Be2",
    "e5",
    "O-O",
    "Nc6",
    "dxe5",
    "dxe5",
    "Qxd8",
    "Nxd8",
    "Be3",
    "Ne6",
    "h3",
    "c6",
    "Nxe5",
    "Nxe4",
    "Nxc6",
    "bxc6",
    "Nxe4",
    "Bxb2",
    "Rad1",
    "Ba6",
    "Rd7",
    "f5",
    "Nc5",
    "Nxc5",
    "Bxc5",
    "Rf7",
    "Rfd1",
    "Rxd7",
    "Rxd7",
    "Re8",
    "Kf1",
    "Re5",
    "Rxa7",
    "Rxc5",
    "Rxa6",
    "Bc3",
    "g3",
    "Ra5",
    "Rxc6",
    "Rxa2",
    "c5",
    "Rc2",
    "Bd3",
    "Rc1+",
    "Kg2",
    "Bd4",
    "Rc8+",
    "Kg7",
    "c6",
    "Bb6",
    "h4",
    "Rc3",
    "Bb5",
    "Rc2",
    "Rb8",
    "Bxf2",
    "Rb7+",
    "Kf6",
    "Ba4",
    "Ra2",
    "Bb3",
    "Rb2",
    "Kf3",
    "Bd4",
    "g4",
    "Rf2+",
    "Kg3",
    "f4+",
    "Kh3",
    "Rf3+",
    "Kg2",
    "Rf2+",
    "Kh3",
    "Rf3+",
    "Kg2",
    "Rf2+"
  ]
}