{
  "event": "World Blitz Championship",
  "site": "Moscow RUS",
  "date": "2019.12.30",
  "eventDate": "2019.12.29",
  "dateMillis": 1577635200000,
  "eventDateMillis": 1577548800000,
  "round": "17.1",
  "result": "1/2-1/2",
  "white": "Jan-Krzysztof Duda",
  "black": "Magnus Carlsen",
  "isCarlsenWin": false,
  "isDraw": true,
  "isCarlsenBlack": true,
  "moves": [
    "e4",
    "c5",
    "Nf3",
    "Nc6",
    "d4",
    "cxd4",
    "Nxd4",
    "Nf6",
    "Nc3",
    "e5",
    "Ndb5",
    "d6",
    "Bg5",
    "a6",
    "Na3",
    "b5",
    "Nd5",
    "Be7",
    "Bxf6",
    "Bxf6",
    "c3",
    "O-O",
    "Nc2",
    "Rb8",
    "h4",
    "g6",
    "g3",
    "Bg7",
    "Bh3",
    "Bb7",
    "h5",
    "Ne7",
    "Nce3",
    "Nxd5",
    "Nxd5",
    "Bh6",
    "Qd3",
    "Kg7",
    "Rd1",
    "a5",
    "a3",
    "Bg5",
    "Kf1",
    "b4",
    "cxb4",
    "Bxd5",
    "Qxd5",
    "axb4",
    "Qxd6",
    "Qxd6",
    "Rxd6",
    "bxa3",
    "bxa3",
    "Ra8",
    "Rd3",
    "Rfd8",
    "Rxd8",
    "Bxd8",
    "hxg6",
    "hxg6",
    "Kg2",
    "Rxa3",
    "Rd1",
    "Bb6",
    "Rd2",
    "Ra4",
    "Re2",
    "Bd4",
    "Bd7",
    "Rb4",
    "Bc6",
    "Rb2",
    "Rxb2"
  ]
}