{
  "event": "World Blitz Championship",
  "site": "Moscow RUS",
  "date": "2019.12.30",
  "eventDate": "2019.12.29",
  "dateMillis": 1577635200000,
  "eventDateMillis": 1577548800000,
  "round": "16.1",
  "result": "1-0",
  "white": "Magnus Carlsen",
  "black": "Daniil Dubov",
  "isCarlsenWin": true,
  "isDraw": false,
  "isCarlsenBlack": false,
  "moves": [
    "c4",
    "Nf6",
    "Nc3",
    "c5",
    "g3",
    "e6",
    "Nf3",
    "d5",
    "cxd5",
    "exd5",
    "d4",
    "Nc6",
    "Bg2",
    "cxd4",
    "Nxd4",
    "Bc5",
    "Nb3",
    "Bb6",
    "O-O",
    "d4",
    "Na4",
    "O-O",
    "Bg5",
    "Re8",
    "Re1",
    "h6",
    "Nxb6",
    "axb6",
    "Bxc6",
    "bxc6",
    "Bxf6",
    "Qxf6",
    "Qxd4",
    "Qd8",
    "Qc3",
    "c5",
    "Rad1",
    "Qe7",
    "Nc1",
    "h5",
    "a3",
    "h4",
    "Nd3",
    "Ra4",
    "Nf4",
    "Bb7",
    "Rd3",
    "Re4",
    "f3",
    "hxg3",
    "fxe4",
    "gxh2+",
    "Kxh2",
    "Qh4+",
    "Nh3",
    "Rxe4",
    "Rg3",
    "f6",
    "Qb3+",
    "Kh7",
    "Qf7",
    "Rg4",
    "Rxg4",
    "Qxg4",
    "Qxb7"
  ]
}