{
  "event": "Tata Steel Masters",
  "site": "Wijk aan Zee NED",
  "date": "2020.01.18",
  "eventDate": "2020.01.11",
  "dateMillis": 1579276800000,
  "eventDateMillis": 1578672000000,
  "round": "7.1",
  "result": "1/2-1/2",
  "white": "Viswanathan Anand",
  "black": "Magnus Carlsen",
  "isCarlsenWin": false,
  "isDraw": true,
  "isCarlsenBlack": true,
  "moves": [
    "e4",
    "c5",
    "Nf3",
    "Nc6",
    "Bb5",
    "g6",
    "O-O",
    "Bg7",
    "c3",
    "Nf6",
    "Re1",
    "O-O",
    "d4",
    "a6",
    "Bd3",
    "d5",
    "e5",
    "Ne8",
    "dxc5",
    "Bg4",
    "Be2",
    "Nc7",
    "Nbd2",
    "a5",
    "h3",
    "Bc8",
    "Bd3",
    "Ne6",
    "Nb3",
    "a4",
    "Nbd4",
    "Nxc5",
    "Bc2",
    "Qa5",
    "Bd2",
    "Rd8",
    "Qc1",
    "Ne6",
    "b4",
    "Qc7",
    "Nxc6",
    "bxc6",
    "Be3",
    "c5",
    "bxc5",
    "Nxc5",
    "Qa3",
    "Ne6",
    "Rab1",
    "d4",
    "Nxd4",
    "Bxe5",
    "Nb5",
    "Qc6",
    "Rb4",
    "Bb7",
    "Be4",
    "Qd7",
    "Bxb7",
    "Qxb7",
    "Rxa4",
    "Bf4",
    "Rxa8",
    "Rxa8",
    "Qb3",
    "Bxe3",
    "Rxe3",
    "Nf4",
    "Rf3",
    "Qe4",
    "Kh2",
    "Nd5",
    "c4",
    "Qe5+",
    "g3",
    "Nf6",
    "a3",
    "Ne4",
    "Qc2",
    "Ng5",
    "Re3",
    "Qc5",
    "h4",
    "Ne6",
    "Qe2",
    "Rc8",
    "Rc3",
    "h5",
    "Kg2",
    "Kf8",
    "Qe4",
    "Kg8",
    "Qd5",
    "Qb6",
    "a4",
    "Qa6",
    "c5",
    "Qxa4",
    "c6",
    "Rd8",
    "Qc4",
    "Qxc4",
    "Rxc4",
    "Rb8",
    "c7",
    "Rc8",
    "Rc1"
  ]
}