{
  "event": "Tata Steel Masters",
  "site": "Wijk aan Zee NED",
  "date": "2020.01.26",
  "eventDate": "2020.01.11",
  "dateMillis": 1579968000000,
  "eventDateMillis": 1578672000000,
  "round": "13",
  "result": "1/2-1/2",
  "white": "Wesley So",
  "black": "Magnus Carlsen",
  "isCarlsenWin": false,
  "isDraw": true,
  "isCarlsenBlack": true,
  "moves": [
    "e4",
    "e5",
    "Nf3",
    "Nc6",
    "Nc3",
    "Nf6",
    "d4",
    "exd4",
    "Nxd4",
    "Bb4",
    "Nxc6",
    "bxc6",
    "Bd3",
    "d5",
    "Bd2",
    "O-O",
    "O-O",
    "Bxc3",
    "Bxc3",
    "dxe4",
    "Bxf6",
    "Qxf6",
    "Bxe4",
    "Qxb2",
    "Bxc6",
    "Rb8",
    "Rb1",
    "Qxb1",
    "Qxb1",
    "Rxb1",
    "Rxb1",
    "Rd8",
    "Bf3",
    "Kf8",
    "Rb8",
    "Re8",
    "h4",
    "Ba6",
    "Rb3",
    "Be2",
    "Bxe2",
    "Rxe2",
    "Rc3",
    "Re7",
    "f3",
    "Ke8",
    "Kf2",
    "Kd7",
    "Ra3",
    "Re5",
    "Rxa7",
    "Rc5",
    "Ke3",
    "Rxc2",
    "g4",
    "h5",
    "gxh5",
    "Rc4",
    "Ra5",
    "Rxh4",
    "Rg5",
    "Ke6",
    "Rc5",
    "Ra4",
    "h6",
    "gxh6",
    "Rxc7",
    "Kf6",
    "Rc6+",
    "Kg7",
    "Rc2",
    "Kg6",
    "Kf2",
    "h5",
    "Kg3",
    "Kg5",
    "Rc7",
    "h4+",
    "Kh3",
    "f5",
    "Rh7",
    "Rc4",
    "Rh8",
    "Rc1",
    "a3",
    "Kf4",
    "Rh5",
    "Ra1",
    "a4",
    "Ra2",
    "Rxh4+",
    "Kxf3",
    "Rb4",
    "f4",
    "Rb3+",
    "Kf2",
    "Kg4",
    "Rxa4",
    "Rf3+",
    "Kg2",
    "Rxf4",
    "Rxf4+",
    "Kxf4"
  ]
}