{
  "event": "Tata Steel Masters",
  "site": "Wijk aan Zee NED",
  "date": "2020.01.19",
  "eventDate": "2020.01.11",
  "dateMillis": 1579363200000,
  "eventDateMillis": 1578672000000,
  "round": "8.1",
  "result": "1-0",
  "white": "Magnus Carlsen",
  "black": "Nikita Vitiugov",
  "isCarlsenWin": true,
  "isDraw": false,
  "isCarlsenBlack": false,
  "moves": [
    "e4",
    "e5",
    "Nf3",
    "Nc6",
    "Bb5",
    "a6",
    "Ba4",
    "Nf6",
    "O-O",
    "Be7",
    "d3",
    "b5",
    "Bb3",
    "d6",
    "Bd2",
    "O-O",
    "h3",
    "h6",
    "Re1",
    "Re8",
    "a3",
    "Bf8",
    "Nc3",
    "Rb8",
    "Ba2",
    "Ne7",
    "Nh4",
    "g5",
    "Nf3",
    "Ng6",
    "Nh2",
    "c6",
    "Ne2",
    "d5",
    "Ng3",
    "dxe4",
    "dxe4",
    "Rb7",
    "Qf3",
    "Nf4",
    "Rad1",
    "Rd7",
    "Be3",
    "Rxd1",
    "Rxd1",
    "Qe7",
    "Ng4",
    "Nxg4",
    "hxg4",
    "Rd8",
    "Re1",
    "c5",
    "Nf5",
    "Qc7",
    "g3",
    "Ne6",
    "Qh1",
    "f6",
    "Bd5"
  ]
}