{
  "event": "Tata Steel Masters",
  "site": "Wijk aan Zee NED",
  "date": "2020.01.13",
  "eventDate": "2020.01.11",
  "dateMillis": 1578844800000,
  "eventDateMillis": 1578672000000,
  "round": "3",
  "result": "1/2-1/2",
  "white": "Magnus Carlsen",
  "black": "Jeffery Xiong",
  "isCarlsenWin": false,
  "isDraw": true,
  "isCarlsenBlack": false,
  "moves": [
    "d4",
    "Nf6",
    "c4",
    "e6",
    "Nf3",
    "d5",
    "Nc3",
    "c5",
    "cxd5",
    "Nxd5",
    "e4",
    "Nxc3",
    "bxc3",
    "cxd4",
    "cxd4",
    "Bb4+",
    "Bd2",
    "Bxd2+",
    "Qxd2",
    "O-O",
    "Bd3",
    "Nc6",
    "Bc2",
    "Qe7",
    "O-O",
    "Rd8",
    "Qe3",
    "b6",
    "Rfd1",
    "Bb7",
    "Rac1",
    "Rac8",
    "h4",
    "Na5",
    "Bd3",
    "h6",
    "g4",
    "Nc6",
    "Bb1",
    "Qd7",
    "Kh2",
    "Qd6+",
    "Kg1",
    "Na5",
    "Bd3",
    "Rxc1",
    "Rxc1",
    "Nc6",
    "Bb5",
    "Nxd4",
    "Qxd4",
    "Qxd4",
    "Nxd4",
    "Rxd4",
    "f3",
    "a6",
    "Bf1",
    "Rd7",
    "a4",
    "Kf8",
    "Kf2",
    "Ke7",
    "Rb1",
    "Rd6",
    "e5",
    "Rc6",
    "Bd3",
    "g5",
    "h5",
    "Bc8",
    "Ke3",
    "Rc5",
    "f4",
    "Ra5",
    "Rxb6",
    "gxf4+",
    "Kxf4",
    "Rxa4+",
    "Kf3",
    "Ra3",
    "Ke4",
    "f6",
    "Rb8",
    "Bd7",
    "Rb7",
    "fxe5",
    "g5",
    "hxg5",
    "h6",
    "Kd6",
    "Rb6+",
    "Bc6+",
    "Rxc6+",
    "Kxc6",
    "h7",
    "Ra4+",
    "Kxe5",
    "Rh4",
    "Kf6",
    "g4",
    "Kg5",
    "Rh2",
    "Kxg4",
    "Kd5",
    "Bg6",
    "Rh6",
    "Kg5",
    "Rxh7",
    "Bxh7",
    "e5",
    "Kg4",
    "Kd4"
  ]
}