{
  "event": "Tata Steel Masters",
  "site": "Wijk aan Zee NED",
  "date": "2020.01.14",
  "eventDate": "2020.01.11",
  "dateMillis": 1578931200000,
  "eventDateMillis": 1578672000000,
  "round": "4.1",
  "result": "1/2-1/2",
  "white": "Jorden van Foreest",
  "black": "Magnus Carlsen",
  "isCarlsenWin": false,
  "isDraw": true,
  "isCarlsenBlack": true,
  "moves": [
    "e4",
    "e5",
    "Nf3",
    "Nc6",
    "Bc4",
    "Nf6",
    "Ng5",
    "d5",
    "exd5",
    "Na5",
    "Bb5+",
    "c6",
    "dxc6",
    "bxc6",
    "Bd3",
    "Nd5",
    "Nf3",
    "Bd6",
    "Nc3",
    "O-O",
    "Be2",
    "Nf4",
    "O-O",
    "Bg4",
    "d3",
    "Nxe2+",
    "Qxe2",
    "f5",
    "h3",
    "Bh5",
    "g4",
    "fxg4",
    "Ng5",
    "Qd7",
    "Nce4",
    "Be7",
    "Ng3",
    "Bg6",
    "Qxg4",
    "Qxg4",
    "hxg4",
    "c5",
    "N5e4",
    "Nc6",
    "Be3",
    "Nd4",
    "Rac1",
    "Rac8",
    "Kg2",
    "c4",
    "Bxd4",
    "exd4",
    "f3",
    "Rc6",
    "b3",
    "Ba3",
    "Rce1",
    "cxd3",
    "cxd3",
    "a5",
    "Rf2",
    "Bc1",
    "Nd2",
    "Bxd3",
    "Nc4",
    "Bf4",
    "Ne5",
    "Rc3",
    "Nxd3",
    "Rxd3",
    "Nf5",
    "g6",
    "Re4",
    "Bg5",
    "Ne7+",
    "Kh8",
    "Nc6",
    "Be3",
    "Re2",
    "Rd1",
    "Nxa5",
    "Rg1+",
    "Kh2",
    "Rc1",
    "Kg2",
    "Rg1+",
    "Kh2",
    "Rc1",
    "Kg2"
  ]
}