{
  "event": "Tata Steel Masters",
  "site": "Wijk aan Zee NED",
  "date": "2020.01.24",
  "eventDate": "2020.01.11",
  "dateMillis": 1579795200000,
  "eventDateMillis": 1578672000000,
  "round": "11",
  "result": "1/2-1/2",
  "white": "Jan-Krzysztof Duda",
  "black": "Magnus Carlsen",
  "isCarlsenWin": false,
  "isDraw": true,
  "isCarlsenBlack": true,
  "moves": [
    "e4",
    "e5",
    "Nf3",
    "Nc6",
    "Bc4",
    "Bc5",
    "c3",
    "Nf6",
    "d3",
    "d6",
    "Nbd2",
    "a6",
    "Nf1",
    "h6",
    "Ng3",
    "O-O",
    "O-O",
    "Ba7",
    "Bb3",
    "Re8",
    "h3",
    "Be6",
    "Bc2",
    "d5",
    "exd5",
    "Nxd5",
    "Re1",
    "Qd6",
    "Nh4",
    "Qe7",
    "Nhf5",
    "Qf6",
    "Qf3",
    "g6",
    "Nxh6+",
    "Kg7",
    "Qxf6+",
    "Nxf6",
    "Ne4",
    "Nh7",
    "g4",
    "f5",
    "gxf5",
    "gxf5",
    "Ng3",
    "f4",
    "Ngf5+",
    "Kg6",
    "d4",
    "Ng5",
    "Kg2",
    "Bd5+",
    "Kf1",
    "Nf3",
    "Rd1",
    "Rad8",
    "Ne7+",
    "Kxh6",
    "Nxd5",
    "Nfxd4",
    "cxd4",
    "Rxd5",
    "dxe5",
    "Rxd1+",
    "Bxd1",
    "Kg5",
    "h4+",
    "Kf5",
    "Bc2+",
    "Kg4",
    "Bd1+",
    "f3",
    "Bg5",
    "Nxe5",
    "Bc2",
    "Nc4",
    "Re1",
    "Rxe1+",
    "Kxe1",
    "Nxb2",
    "Bf6",
    "Nc4",
    "Bg6",
    "Bc5",
    "Bf7",
    "Kf5"
  ]
}