{
  "event": "Tata Steel Masters",
  "site": "Wijk aan Zee NED",
  "date": "2020.01.22",
  "eventDate": "2020.01.11",
  "dateMillis": 1579622400000,
  "eventDateMillis": 1578672000000,
  "round": "10.1",
  "result": "1-0",
  "white": "Magnus Carlsen",
  "black": "Vladislav Kovalev",
  "isCarlsenWin": true,
  "isDraw": false,
  "isCarlsenBlack": false,
  "moves": [
    "d4",
    "Nf6",
    "c4",
    "e6",
    "Nf3",
    "d5",
    "Nc3",
    "Be7",
    "Bg5",
    "O-O",
    "e3",
    "h6",
    "Bf4",
    "c5",
    "dxc5",
    "Bxc5",
    "a3",
    "Nc6",
    "Qc2",
    "Nh5",
    "Bg3",
    "dxc4",
    "Bxc4",
    "Be7",
    "Ba2",
    "a6",
    "Rd1",
    "Qa5",
    "Bb1",
    "f5",
    "O-O",
    "Nxg3",
    "hxg3",
    "Bf6",
    "e4",
    "Bxc3",
    "bxc3",
    "Qxa3",
    "exf5",
    "exf5",
    "Rfe1",
    "Qa5",
    "g4",
    "Qc7",
    "Nh4",
    "g5",
    "Nxf5",
    "Bxf5",
    "gxf5",
    "Rf6",
    "Re6",
    "Raf8",
    "Rxf6",
    "Rxf6",
    "Ba2+",
    "Kf8",
    "Qd3",
    "Ne5",
    "Qe4",
    "Rd6",
    "Qb4",
    "Ke7",
    "f6+",
    "Kd7",
    "Re1",
    "Rxf6",
    "Qd4+",
    "Qd6",
    "Qxe5",
    "Qxe5",
    "Rxe5",
    "Rc6",
    "Re3"
  ]
}