{
  "event": "Tata Steel Masters",
  "site": "Wijk aan Zee NED",
  "date": "2020.01.21",
  "eventDate": "2020.01.11",
  "dateMillis": 1579536000000,
  "eventDateMillis": 1578672000000,
  "round": "9",
  "result": "0-1",
  "white": "Alireza Firouzja",
  "black": "Magnus Carlsen",
  "isCarlsenWin": true,
  "isDraw": false,
  "isCarlsenBlack": true,
  "moves": [
    "e4",
    "e5",
    "Nf3",
    "Nc6",
    "Bb5",
    "Nf6",
    "d3",
    "d6",
    "c3",
    "a6",
    "Ba4",
    "Be7",
    "O-O",
    "O-O",
    "Re1",
    "Re8",
    "Nbd2",
    "Bf8",
    "h3",
    "b5",
    "Bc2",
    "Bb7",
    "d4",
    "g6",
    "a3",
    "Nb8",
    "d5",
    "c6",
    "c4",
    "Nbd7",
    "a4",
    "Qc7",
    "b3",
    "Rec8",
    "Ra2",
    "bxc4",
    "bxc4",
    "a5",
    "Nf1",
    "Ba6",
    "Ne3",
    "Nc5",
    "Nd2",
    "cxd5",
    "cxd5",
    "Rab8",
    "Ba3",
    "Qd8",
    "Qf3",
    "h5",
    "Raa1",
    "Bh6",
    "Rab1",
    "Rxb1",
    "Rxb1",
    "Kg7",
    "Nef1",
    "h4",
    "Ne3",
    "Bf4",
    "Nef1",
    "Qc7",
    "g3",
    "hxg3",
    "fxg3",
    "Bh6",
    "h4",
    "Qd7",
    "Kg2",
    "Nxa4",
    "Bxa4",
    "Qxa4",
    "Bxd6",
    "Qd4",
    "Qf2",
    "Qxf2+",
    "Kxf2",
    "Bxf1"
  ]
}