{
  "event": "Tata Steel Masters",
  "site": "Wijk aan Zee NED",
  "date": "2020.01.25",
  "eventDate": "2020.01.10",
  "dateMillis": 1579881600000,
  "eventDateMillis": 1578585600000,
  "round": "12",
  "result": "1/2-1/2",
  "white": "Magnus Carlsen",
  "black": "Vladislav Artemiev",
  "isCarlsenWin": false,
  "isDraw": true,
  "isCarlsenBlack": false,
  "moves": [
    "d4",
    "Nf6",
    "c4",
    "g6",
    "Nc3",
    "d5",
    "cxd5",
    "Nxd5",
    "e4",
    "Nxc3",
    "bxc3",
    "Bg7",
    "Be3",
    "c5",
    "Rc1",
    "Qa5",
    "Qd2",
    "O-O",
    "Nf3",
    "Rd8",
    "Be2",
    "cxd4",
    "cxd4",
    "Qxd2+",
    "Bxd2",
    "Na6",
    "Be3",
    "Bg4",
    "Ne5",
    "Bxe2",
    "Kxe2",
    "f5",
    "Kf3",
    "Rac8",
    "h4",
    "Nb4",
    "exf5",
    "gxf5",
    "Rxc8",
    "Rxc8",
    "Rb1",
    "a5",
    "a3",
    "Nd5",
    "Rb5",
    "e6",
    "Rxa5",
    "Bxe5",
    "dxe5",
    "Rc3",
    "Ke2",
    "Nxe3",
    "fxe3",
    "Rb3",
    "Kf3",
    "Kg7",
    "g3",
    "Kg6",
    "a4",
    "Rb4",
    "Ra7",
    "h6",
    "Ra8",
    "Re4",
    "Ra5",
    "Rb4",
    "Ra7",
    "Kh5",
    "Ra8",
    "Re4",
    "Ra5",
    "Rc4",
    "Ra7"
  ]
}