{
  "event": "Tata Steel Masters",
  "site": "Wijk aan Zee NED",
  "date": "2020.01.11",
  "eventDate": "2020.01.11",
  "dateMillis": 1578672000000,
  "eventDateMillis": 1578672000000,
  "round": "1",
  "result": "1/2-1/2",
  "white": "Magnus Carlsen",
  "black": "Anish Giri",
  "isCarlsenWin": false,
  "isDraw": true,
  "isCarlsenBlack": false,
  "moves": [
    "c4",
    "Nf6",
    "Nc3",
    "e5",
    "e3",
    "Nc6",
    "Qb3",
    "g6",
    "Nf3",
    "Bg7",
    "d4",
    "exd4",
    "exd4",
    "O-O",
    "Be2",
    "d6",
    "O-O",
    "Re8",
    "h3",
    "Ne4",
    "Nxe4",
    "Rxe4",
    "Be3",
    "Nxd4",
    "Nxd4",
    "Bxd4",
    "Bf3",
    "Rh4",
    "Bxd4",
    "Rxd4",
    "Bxb7",
    "Bxb7",
    "Qxb7",
    "Rxc4",
    "Rac1",
    "Rxc1",
    "Rxc1",
    "c5",
    "Rd1",
    "Rb8",
    "Qxa7",
    "Rxb2",
    "Qxc5",
    "dxc5",
    "Rxd8+",
    "Kg7",
    "Rc8",
    "Rxa2",
    "Rxc5"
  ]
}