{
  "event": "Tata Steel Masters",
  "site": "Wijk aan Zee NED",
  "date": "2020.01.17",
  "eventDate": "2020.01.10",
  "dateMillis": 1579190400000,
  "eventDateMillis": 1578585600000,
  "round": "6",
  "result": "1/2-1/2",
  "white": "Magnus Carlsen",
  "black": "Fabiano Caruana",
  "isCarlsenWin": false,
  "isDraw": true,
  "isCarlsenBlack": false,
  "moves": [
    "d4",
    "Nf6",
    "c4",
    "e6",
    "Nf3",
    "d5",
    "Nc3",
    "Be7",
    "Bg5",
    "h6",
    "Bh4",
    "dxc4",
    "e3",
    "c5",
    "Bxc4",
    "cxd4",
    "Nxd4",
    "Bd7",
    "O-O",
    "O-O",
    "Rc1",
    "Nc6",
    "Nb3",
    "Rc8",
    "Be2",
    "Nd5",
    "Bg3",
    "Nxc3",
    "Rxc3",
    "Nb4",
    "Rxc8",
    "Qxc8",
    "Bd6",
    "Nd5",
    "Bxe7",
    "Nxe7",
    "Qd6",
    "Nf5",
    "Qa3",
    "Qb8",
    "e4",
    "Qe5",
    "exf5",
    "Qxe2",
    "Nd4",
    "Qe5",
    "fxe6",
    "Qxd4",
    "exd7",
    "Rd8",
    "g3",
    "Rxd7",
    "Re1",
    "Kh7",
    "Qf3"
  ]
}