{
  "event": "Banter Blitz Cup",
  "site": "chess24.com",
  "date": "2020.03.11",
  "eventDate": "2020.03.11",
  "dateMillis": 1583856000000,
  "eventDateMillis": 1583856000000,
  "round": "?",
  "result": "1-0",
  "white": "Ivan Cheparinov",
  "black": "Magnus Carlsen",
  "isCarlsenWin": false,
  "isDraw": false,
  "isCarlsenBlack": true,
  "moves": [
    "d4",
    "Nf6",
    "Nf3",
    "c5",
    "d5",
    "b5",
    "Bg5",
    "Qb6",
    "e3",
    "Bb7",
    "Bxf6",
    "Qxf6",
    "Nc3",
    "b4",
    "Ne4",
    "Qxb2",
    "Bc4",
    "g6",
    "Rb1",
    "Qg7",
    "O-O",
    "d6",
    "c3",
    "a5",
    "Qa4+",
    "Kd8",
    "Qb5",
    "Kc7",
    "Nxc5",
    "dxc5",
    "Qxc5+",
    "Kd8",
    "Qb6+",
    "Kc8",
    "cxb4",
    "Nd7",
    "Qb5",
    "a4",
    "Rfc1",
    "Ra7",
    "Bd3+",
    "Kd8",
    "Nd4",
    "Qe5",
    "Nc6+",
    "Bxc6",
    "Rxc6",
    "Bg7",
    "Rbc1",
    "Ra8",
    "Qa5+"
  ]
}