{
  "event": "Banter Blitz Cup",
  "site": "chess24.com",
  "date": "2020.04.02",
  "eventDate": "2020.04.02",
  "dateMillis": 1585756800000,
  "eventDateMillis": 1585756800000,
  "round": "?",
  "result": "1-0",
  "white": "Magnus Carlsen",
  "black": "Nils Grandelius",
  "isCarlsenWin": true,
  "isDraw": false,
  "isCarlsenBlack": false,
  "moves": [
    "Nf3",
    "c5",
    "g3",
    "g6",
    "c3",
    "Bg7",
    "d4",
    "Nf6",
    "Bg2",
    "O-O",
    "dxc5",
    "a5",
    "O-O",
    "Na6",
    "Be3",
    "Ng4",
    "Bd4",
    "e5",
    "h3",
    "exd4",
    "hxg4",
    "dxc3",
    "Nxc3",
    "Nxc5",
    "g5",
    "d6",
    "Qd2",
    "Rb8",
    "Rfd1",
    "b5",
    "Nd4",
    "Bd7",
    "Nd5",
    "Re8",
    "Qf4",
    "Re5",
    "Nf6+",
    "Bxf6",
    "gxf6",
    "g5",
    "Qxe5",
    "dxe5",
    "Nc6",
    "Qxf6",
    "Nxb8",
    "Be6",
    "Rac1",
    "Na4",
    "Nd7",
    "Qe7",
    "b3",
    "Nb2",
    "Rd2",
    "Qa3",
    "Nc5",
    "Nc4",
    "Rd8+",
    "Kg7",
    "Nxe6+",
    "fxe6",
    "Rc2",
    "Nb6",
    "Rc7+",
    "Kh6",
    "Be4",
    "g4",
    "Rg8"
  ]
}