{
  "event": "Magnus Carlsen Invitational",
  "site": "chess24.com INT",
  "date": "2020.04.22",
  "eventDate": "2020.04.18",
  "dateMillis": 1587484800000,
  "eventDateMillis": 1587139200000,
  "round": "3.3",
  "result": "1/2-1/2",
  "white": "Fabiano Caruana",
  "black": "Magnus Carlsen",
  "isCarlsenWin": false,
  "isDraw": true,
  "isCarlsenBlack": true,
  "moves": [
    "e4",
    "e5",
    "Nf3",
    "Nc6",
    "Bb5",
    "a6",
    "Ba4",
    "Nf6",
    "O-O",
    "b5",
    "Bb3",
    "Bc5",
    "a4",
    "Rb8",
    "axb5",
    "axb5",
    "Nxe5",
    "Nxe5",
    "d4",
    "Bxd4",
    "Qxd4",
    "d6",
    "f4",
    "Nc6",
    "Qc3",
    "Ne7",
    "Ra7",
    "c5",
    "e5",
    "Ne4",
    "Qf3",
    "d5",
    "c3",
    "c4",
    "Bc2",
    "Bg4",
    "Rxe7+",
    "Qxe7",
    "Qxg4",
    "Qc5+",
    "Kh1",
    "Nf2+",
    "Rxf2",
    "Qxf2",
    "Qd1",
    "O-O",
    "Bd2",
    "d4",
    "cxd4",
    "Rfd8",
    "Qc1",
    "b4",
    "Be3",
    "Qe2",
    "Bg1",
    "c3",
    "bxc3",
    "bxc3",
    "Nxc3",
    "Qc4",
    "Nd1",
    "Rbc8",
    "Ne3",
    "Qxd4",
    "Qf1",
    "Qd2",
    "Qb1",
    "h6",
    "h3",
    "Rc3",
    "Qb6",
    "Qd4",
    "Qa5",
    "Rc5",
    "Qa7",
    "Rxc2",
    "Nxc2",
    "Qxf4",
    "Nd4",
    "Qe4",
    "Qb6",
    "Rd5",
    "Nf3",
    "Rd3",
    "Qb8+",
    "Kh7",
    "Qb1",
    "Re3",
    "Qf1",
    "Rd3",
    "Bf2",
    "Rb3",
    "Kh2",
    "Rb1",
    "Qa6",
    "Rb2",
    "Qa7",
    "Qf4+",
    "Kh1",
    "Qc1+",
    "Bg1",
    "Qc2",
    "Nh4",
    "Qe4",
    "Qe7",
    "Rb7",
    "Qd8",
    "Rb3",
    "Nf3",
    "Rxf3",
    "gxf3",
    "Qxf3+",
    "Kh2",
    "Qf4+",
    "Kg2",
    "Qe4+",
    "Kf1",
    "Qf3+",
    "Bf2",
    "Qxh3+",
    "Kg1",
    "Qg4+",
    "Kf1",
    "Qh3+",
    "Kg1",
    "Qg4+",
    "Kf1",
    "Qh3+"
  ]
}