{
  "event": "Magnus Carlsen Invitational",
  "site": "chess24.com INT",
  "date": "2020.04.18",
  "eventDate": "2020.04.18",
  "dateMillis": 1587139200000,
  "eventDateMillis": 1587139200000,
  "round": "1.5",
  "result": "0-1",
  "white": "Hikaru Nakamura",
  "black": "Magnus Carlsen",
  "isCarlsenWin": true,
  "isDraw": false,
  "isCarlsenBlack": true,
  "moves": [
    "e4",
    "c5",
    "Nf3",
    "e6",
    "d4",
    "cxd4",
    "Nxd4",
    "Nf6",
    "Nc3",
    "d6",
    "Be3",
    "Be7",
    "Be2",
    "Nc6",
    "f4",
    "O-O",
    "Nb3",
    "a6",
    "a4",
    "b6",
    "O-O",
    "Bb7",
    "Bf3",
    "Nd7",
    "g4",
    "Na5",
    "g5",
    "Nc4",
    "Bc1",
    "e5",
    "Be2",
    "Rc8",
    "h4",
    "exf4",
    "Rxf4",
    "Nde5",
    "Nd5",
    "Ng6",
    "Rf2",
    "Bxd5",
    "exd5",
    "Nxh4",
    "Qd4",
    "Bxg5",
    "Bxc4",
    "Bxc1",
    "Rxc1",
    "Qg5+",
    "Kf1",
    "Nf5",
    "Rxf5",
    "Qxf5+",
    "Kg2",
    "Qg5+",
    "Kf3",
    "Qf5+",
    "Kg2",
    "Qg5+",
    "Kf3",
    "Qf5+",
    "Ke2",
    "Rfe8+",
    "Kd2",
    "Re4"
  ]
}