{
  "event": "Magnus Carlsen Invitational",
  "site": "chess24.com INT",
  "date": "2020.04.20",
  "eventDate": "2020.04.18",
  "dateMillis": 1587312000000,
  "eventDateMillis": 1587139200000,
  "round": "2.2",
  "result": "1-0",
  "white": "Alireza Firouzja",
  "black": "Magnus Carlsen",
  "isCarlsenWin": false,
  "isDraw": false,
  "isCarlsenBlack": true,
  "moves": [
    "e4",
    "c5",
    "Nf3",
    "Nc6",
    "Bb5",
    "e6",
    "Bxc6",
    "bxc6",
    "d3",
    "Qc7",
    "Qe2",
    "e5",
    "Nbd2",
    "Ne7",
    "Nc4",
    "Ng6",
    "h4",
    "h5",
    "g3",
    "d6",
    "Bd2",
    "f6",
    "Ne3",
    "Be7",
    "Ng1",
    "Bd8",
    "Qf3",
    "Nf8",
    "Ne2",
    "Ne6",
    "Qg2",
    "a5",
    "a4",
    "Nd4",
    "f4",
    "Be6",
    "b3",
    "Qd7",
    "f5",
    "Bf7",
    "Nc1",
    "d5",
    "O-O",
    "c4",
    "bxc4",
    "dxc4",
    "dxc4",
    "Bb6",
    "Rb1",
    "Qa7",
    "Kh2",
    "Rd8",
    "Rb2",
    "O-O",
    "g4",
    "Ne2",
    "Qxe2",
    "Rxd2",
    "Qxd2",
    "Bxe3",
    "Qe2",
    "Qd4",
    "Nd3",
    "Qxe4",
    "Re1",
    "Bf4+",
    "Kh3",
    "Qxc4",
    "gxh5",
    "Bh6",
    "Rb7",
    "Qxa4",
    "Rg1",
    "Rd8",
    "Rg3",
    "Qa1",
    "Nf2",
    "Rd2",
    "Rb8+",
    "Kh7",
    "Qg4",
    "Qf1+",
    "Rg2",
    "Qxg2+",
    "Kxg2"
  ]
}