{
  "event": "Magnus Carlsen Invitational",
  "site": "chess24.com INT",
  "date": "2020.04.28",
  "eventDate": "2020.04.18",
  "dateMillis": 1588003200000,
  "eventDateMillis": 1587139200000,
  "round": "6.2",
  "result": "1/2-1/2",
  "white": "Ian Nepomniachtchi",
  "black": "Magnus Carlsen",
  "isCarlsenWin": false,
  "isDraw": true,
  "isCarlsenBlack": true,
  "moves": [
    "e4",
    "Nc6",
    "d4",
    "d5",
    "e5",
    "Bf5",
    "c3",
    "e6",
    "Nf3",
    "Qd7",
    "Nh4",
    "Be4",
    "Nd2",
    "O-O-O",
    "Bb5",
    "a6",
    "Ba4",
    "f6",
    "Nhf3",
    "Nge7",
    "O-O",
    "Ng6",
    "Re1",
    "Bf5",
    "b4",
    "fxe5",
    "dxe5",
    "b5",
    "Bc2",
    "d4",
    "Bxf5",
    "exf5",
    "c4",
    "Bxb4",
    "cxb5",
    "axb5",
    "Rb1",
    "Rhe8",
    "a4",
    "Qd5",
    "axb5",
    "Bxd2",
    "Bxd2",
    "Ncxe5",
    "Nxe5",
    "Rxe5",
    "b6",
    "Rxe1+",
    "Qxe1",
    "Kd7",
    "bxc7",
    "Rc8",
    "Rb4",
    "Rxc7",
    "Qa1",
    "Ke8",
    "Rxd4",
    "Qe6",
    "h4",
    "Rd7",
    "Qa4",
    "Ne5",
    "Bf4",
    "Nc6",
    "Rc4",
    "Ne7",
    "Rc7",
    "Nd5",
    "Rc6",
    "Qe1+",
    "Kh2",
    "Kf7",
    "Qa2",
    "Qe4",
    "g3",
    "h6",
    "h5",
    "Qf3",
    "Kg1",
    "Kg8",
    "Rc8+",
    "Kh7",
    "Qa8",
    "Qd1+",
    "Kh2",
    "Qxh5+",
    "Kg1",
    "Qd1+",
    "Kh2",
    "Nxf4",
    "Rh8+",
    "Kg6",
    "Qe8+",
    "Kg5",
    "gxf4+",
    "Kxf4",
    "Rf8",
    "Kg5",
    "Qe3+",
    "Kg6",
    "Qe6+",
    "Kh7",
    "Qg8+",
    "Kg6",
    "Qe6+",
    "Kh7",
    "Qg8+",
    "Kg6",
    "Qe6+"
  ]
}