{
  "event": "Magnus Carlsen Invitational",
  "site": "chess24.com INT",
  "date": "2020.04.20",
  "eventDate": "2020.04.18",
  "dateMillis": 1587312000000,
  "eventDateMillis": 1587139200000,
  "round": "2.3",
  "result": "1-0",
  "white": "Magnus Carlsen",
  "black": "Alireza Firouzja",
  "isCarlsenWin": true,
  "isDraw": false,
  "isCarlsenBlack": false,
  "moves": [
    "d4",
    "Nf6",
    "c4",
    "e6",
    "Nf3",
    "d5",
    "Nc3",
    "Bb4",
    "cxd5",
    "exd5",
    "Bf4",
    "O-O",
    "e3",
    "Bf5",
    "Qb3",
    "Nc6",
    "Nh4",
    "Be6",
    "Bd3",
    "a5",
    "O-O",
    "Nh5",
    "Bg3",
    "Nxg3",
    "hxg3",
    "Be7",
    "Nf3",
    "Nb4",
    "Be2",
    "c5",
    "a3",
    "c4",
    "Qd1",
    "Na6",
    "b3",
    "Nc7",
    "bxc4",
    "dxc4",
    "a4",
    "Bb4",
    "Qc2",
    "Bxc3",
    "Qxc3",
    "Nd5",
    "Qa3",
    "Rc8",
    "Rfc1",
    "Nb4",
    "Rc3",
    "Nd5",
    "Rcc1",
    "Nb4",
    "Ne5",
    "c3",
    "Nd3",
    "Qb6",
    "Rab1",
    "Bf5",
    "Rb3",
    "Bxd3",
    "Bxd3",
    "c2",
    "Rxc2",
    "Rxc2",
    "Bxc2",
    "Qc6",
    "Bf5",
    "Qd5",
    "Bg4",
    "Nc2",
    "Qb2",
    "Nb4",
    "Rc3",
    "b6",
    "Be2",
    "Qf5",
    "Rc1",
    "g6",
    "Bb5",
    "Rc8",
    "Rxc8+",
    "Qxc8",
    "Qd2",
    "Qf5",
    "f3",
    "Qg5",
    "Kf2",
    "Nd5",
    "Qd3",
    "h5",
    "e4",
    "Nb4",
    "Qe3",
    "Qf6",
    "Qc3",
    "Kh7",
    "f4",
    "Qe6",
    "Qc4",
    "Qxe4",
    "Qxf7+",
    "Kh6",
    "Qf6",
    "Kh7",
    "Qe5",
    "Qc2+",
    "Kg1",
    "Qd2",
    "Kh2",
    "Nc2",
    "Qe7+",
    "Kh6",
    "Qf8+",
    "Kh7",
    "Bc4"
  ]
}