{
  "event": "Magnus Carlsen Invitational",
  "site": "chess24.com INT",
  "date": "2020.04.22",
  "eventDate": "2020.04.18",
  "dateMillis": 1587484800000,
  "eventDateMillis": 1587139200000,
  "round": "3.2",
  "result": "1-0",
  "white": "Magnus Carlsen",
  "black": "Fabiano Caruana",
  "isCarlsenWin": true,
  "isDraw": false,
  "isCarlsenBlack": false,
  "moves": [
    "d4",
    "Nf6",
    "c4",
    "e6",
    "Nf3",
    "d5",
    "Nc3",
    "dxc4",
    "e3",
    "a6",
    "a4",
    "c5",
    "Bxc4",
    "Nc6",
    "O-O",
    "cxd4",
    "exd4",
    "Be7",
    "Be3",
    "O-O",
    "Ne5",
    "Bd7",
    "Nxd7",
    "Qxd7",
    "d5",
    "exd5",
    "Nxd5",
    "Nxd5",
    "Qxd5",
    "Qxd5",
    "Bxd5",
    "Bf6",
    "Rfd1",
    "Rfd8",
    "Kf1",
    "Rd7",
    "Bf3",
    "Rad8",
    "Rxd7",
    "Rxd7",
    "Rc1",
    "Rd6",
    "b4",
    "g5",
    "Rc5",
    "Nxb4",
    "Rc8+",
    "Rd8",
    "Rxd8+",
    "Bxd8",
    "Bxb7",
    "Kg7",
    "Ke2",
    "a5",
    "Kd2",
    "f5",
    "Kc3",
    "Kf6",
    "Kc4",
    "Bc7",
    "h3",
    "g4",
    "Kb5",
    "Ke5",
    "hxg4",
    "fxg4",
    "Bb6",
    "Kd6",
    "Bxc7+",
    "Kxc7",
    "Be4",
    "h5",
    "Kxa5",
    "Na2",
    "g3",
    "Nc3",
    "Bc2",
    "Ne2",
    "Bg6"
  ]
}