{
  "event": "Magnus Carlsen Invitational",
  "site": "chess24.com INT",
  "date": "2020.04.24",
  "eventDate": "2020.04.18",
  "dateMillis": 1587657600000,
  "eventDateMillis": 1587139200000,
  "round": "4.3",
  "result": "1-0",
  "white": "Magnus Carlsen",
  "black": "Maxime Vachier-Lagrave",
  "isCarlsenWin": true,
  "isDraw": false,
  "isCarlsenBlack": false,
  "moves": [
    "d4",
    "d5",
    "c4",
    "c6",
    "e3",
    "Nf6",
    "Nc3",
    "Bf5",
    "Nf3",
    "e6",
    "Nh4",
    "Be4",
    "f3",
    "Bg6",
    "Bd2",
    "Be7",
    "Nxg6",
    "hxg6",
    "Qb3",
    "Qc7",
    "O-O-O",
    "dxc4",
    "Bxc4",
    "b5",
    "Be2",
    "a6",
    "Ne4",
    "Nxe4",
    "fxe4",
    "c5",
    "Kb1",
    "Nc6",
    "e5",
    "cxd4",
    "Bf3",
    "Rc8",
    "Rc1",
    "Qd7",
    "Qc2",
    "Na7",
    "Qxc8+",
    "Nxc8",
    "Bc6",
    "Nb6",
    "Bxd7+",
    "Kxd7",
    "exd4",
    "Nd5",
    "h4",
    "Rxh4",
    "Rxh4",
    "Bxh4",
    "Rh1",
    "Be7",
    "Rh7",
    "Bf8",
    "Rh8",
    "Ke7",
    "Kc2",
    "f6",
    "exf6+",
    "gxf6",
    "Rh7+"
  ]
}