{
  "event": "Magnus Carlsen Invitational",
  "site": "chess24.com INT",
  "date": "2020.04.18",
  "eventDate": "2020.04.18",
  "dateMillis": 1587139200000,
  "eventDateMillis": 1587139200000,
  "round": "1.4",
  "result": "1-0",
  "white": "Hikaru Nakamura",
  "black": "Magnus Carlsen",
  "isCarlsenWin": false,
  "isDraw": false,
  "isCarlsenBlack": true,
  "moves": [
    "e4",
    "c5",
    "Nf3",
    "e6",
    "d4",
    "cxd4",
    "Nxd4",
    "Nf6",
    "Nc3",
    "d6",
    "Be3",
    "Be7",
    "f4",
    "Nc6",
    "Qf3",
    "e5",
    "Nxc6",
    "bxc6",
    "Bc4",
    "Ng4",
    "Bd2",
    "exf4",
    "Bxf4",
    "O-O",
    "O-O",
    "Bf6",
    "Bb3",
    "Re8",
    "Rad1",
    "Ne5",
    "Qg3",
    "Ba6",
    "Bxe5",
    "Bxe5",
    "Bxf7+",
    "Kh8",
    "Bxe8",
    "Qb6+",
    "Qf2",
    "Rxe8",
    "Qxb6",
    "axb6",
    "Rf7",
    "h6",
    "Rc7",
    "c5",
    "Rc6",
    "Bd4+",
    "Kh1",
    "Bxc3",
    "bxc3",
    "Rxe4",
    "Rxb6",
    "Bc4",
    "a4",
    "Re2",
    "Rbxd6",
    "Rxc2",
    "Ra1",
    "Rxc3",
    "a5"
  ]
}