{
  "event": "Magnus Carlsen Invitational",
  "site": "chess24.com INT",
  "date": "2020.04.26",
  "eventDate": "2020.04.18",
  "dateMillis": 1587830400000,
  "eventDateMillis": 1587139200000,
  "round": "5.2",
  "result": "0-1",
  "white": "Magnus Carlsen",
  "black": "Anish Giri",
  "isCarlsenWin": false,
  "isDraw": false,
  "isCarlsenBlack": false,
  "moves": [
    "d4",
    "Nf6",
    "c4",
    "e6",
    "Nf3",
    "d5",
    "Nc3",
    "Bb4",
    "cxd5",
    "exd5",
    "Bf4",
    "Ne4",
    "Rc1",
    "Nc6",
    "Nd2",
    "g5",
    "Be3",
    "Nxc3",
    "bxc3",
    "Ba3",
    "Rb1",
    "f5",
    "g3",
    "Bd6",
    "Rg1",
    "O-O",
    "h4",
    "f4",
    "gxf4",
    "g4",
    "Rb5",
    "Ne7",
    "f5",
    "h5",
    "Bg5",
    "c6",
    "Rb2",
    "Rxf5",
    "e4",
    "Rxg5",
    "hxg5",
    "Ng6",
    "e5",
    "Bf8",
    "Bd3",
    "Nf4",
    "Nf1",
    "Qxg5",
    "f3",
    "Nxd3+",
    "Qxd3",
    "Qc1+",
    "Kf2",
    "Qxb2+",
    "Nd2",
    "Bf5",
    "Qxf5",
    "Qxd2+",
    "Kg3",
    "Qxc3",
    "Kh4",
    "Qxd4",
    "Rg3",
    "Bg7",
    "f4",
    "Rf8"
  ]
}