{
  "event": "Magnus Carlsen Invitational",
  "site": "chess24.com INT",
  "date": "2020.04.20",
  "eventDate": "2020.04.18",
  "dateMillis": 1587312000000,
  "eventDateMillis": 1587139200000,
  "round": "2.1",
  "result": "1-0",
  "white": "Magnus Carlsen",
  "black": "Alireza Firouzja",
  "isCarlsenWin": true,
  "isDraw": false,
  "isCarlsenBlack": false,
  "moves": [
    "d4",
    "Nf6",
    "c4",
    "e6",
    "Nf3",
    "d5",
    "Nc3",
    "Bb4",
    "cxd5",
    "exd5",
    "Bf4",
    "Nc6",
    "Rc1",
    "Ne4",
    "Nd2",
    "g5",
    "Be3",
    "Nxc3",
    "bxc3",
    "Ba3",
    "Rb1",
    "f5",
    "g3",
    "O-O",
    "Qb3",
    "Be7",
    "f4",
    "Na5",
    "Qc2",
    "c6",
    "Bg2",
    "Bd6",
    "c4",
    "gxf4",
    "gxf4",
    "Be6",
    "cxd5",
    "cxd5",
    "O-O",
    "Kh8",
    "Nf3",
    "Nc4",
    "Qd3",
    "b6",
    "Kh1",
    "Qe7",
    "Ne5",
    "Bxe5",
    "fxe5",
    "Rg8",
    "Bf4",
    "Rg6",
    "Bh3",
    "Rf8",
    "Rf3",
    "Qh4",
    "Rbf1",
    "Qh5",
    "Bc1",
    "Rfg8",
    "Bxf5",
    "Rg2",
    "Bh3",
    "Rxe2",
    "Qxe2",
    "Bxh3",
    "Rg1"
  ]
}