{
  "event": "Magnus Carlsen Invitational",
  "site": "chess24.com INT",
  "date": "2020.04.28",
  "eventDate": "2020.04.18",
  "dateMillis": 1588003200000,
  "eventDateMillis": 1587139200000,
  "round": "6.1",
  "result": "0-1",
  "white": "Magnus Carlsen",
  "black": "Ian Nepomniachtchi",
  "isCarlsenWin": false,
  "isDraw": false,
  "isCarlsenBlack": false,
  "moves": [
    "e4",
    "c5",
    "Nf3",
    "d6",
    "d4",
    "cxd4",
    "Nxd4",
    "Nf6",
    "Bc4",
    "Nxe4",
    "Qh5",
    "e6",
    "Nxe6",
    "Bxe6",
    "Bxe6",
    "Qe7",
    "Bxf7+",
    "Qxf7",
    "Qe2",
    "Qe7",
    "O-O",
    "Nf6",
    "Be3",
    "Nc6",
    "Nc3",
    "d5",
    "Qf3",
    "O-O-O",
    "Rfe1",
    "Qd7",
    "Nb5",
    "a6",
    "a4",
    "Qg4",
    "Qxg4+",
    "Nxg4",
    "Bb6",
    "axb5",
    "axb5",
    "Nb8",
    "Bxd8",
    "Kxd8",
    "h3",
    "Nf6",
    "Ra7",
    "Kc7",
    "Re6",
    "Bc5",
    "b6+",
    "Bxb6",
    "Re7+",
    "Kd6",
    "Raxb7",
    "Nbd7",
    "Rxg7",
    "Kc6"
  ]
}