{
  "event": "Magnus Carlsen Invitational",
  "site": "chess24.com INT",
  "date": "2020.04.26",
  "eventDate": "2020.04.18",
  "dateMillis": 1587830400000,
  "eventDateMillis": 1587139200000,
  "round": "5.3",
  "result": "1/2-1/2",
  "white": "Anish Giri",
  "black": "Magnus Carlsen",
  "isCarlsenWin": false,
  "isDraw": true,
  "isCarlsenBlack": true,
  "moves": [
    "d4",
    "Nf6",
    "c4",
    "g6",
    "Nc3",
    "d5",
    "cxd5",
    "Nxd5",
    "e4",
    "Nxc3",
    "bxc3",
    "Bg7",
    "Bc4",
    "c5",
    "Ne2",
    "Nc6",
    "Be3",
    "O-O",
    "O-O",
    "Bg4",
    "f3",
    "Na5",
    "Bxf7+",
    "Rxf7",
    "fxg4",
    "Rxf1+",
    "Kxf1",
    "Qd6",
    "e5",
    "Qd5",
    "Ng1",
    "Nc4",
    "Qe2",
    "cxd4",
    "cxd4",
    "b5",
    "Nf3",
    "a5",
    "Bg5",
    "Rf8",
    "Rd1",
    "e6",
    "h4",
    "a4",
    "Kg1",
    "b4",
    "h5",
    "b3",
    "axb3",
    "axb3",
    "hxg6",
    "h6",
    "Bf6",
    "Bxf6",
    "exf6",
    "Rxf6",
    "Ne5",
    "Nxe5",
    "dxe5",
    "Qc5+",
    "Kh1",
    "Rf8",
    "Rf1",
    "Rxf1+",
    "Qxf1",
    "Qe7",
    "Qb5",
    "Kg7",
    "Qxb3",
    "Qh4+",
    "Kg1",
    "Qxg4",
    "Qd3",
    "h5",
    "Qd8",
    "Qf5",
    "Qd6",
    "Kxg6",
    "g3",
    "Qb1+",
    "Kh2",
    "Qc2+",
    "Kh3",
    "Qc4",
    "Qd1",
    "Qe4",
    "Qa1",
    "Kf5",
    "Qd1",
    "Kg6",
    "g4",
    "Qe3+",
    "Kh4",
    "Qf2+",
    "Kh3",
    "Qe3+",
    "Kh4",
    "Qg5+",
    "Kh3",
    "Qxe5",
    "Qd3+",
    "Kh6",
    "gxh5",
    "Kxh5",
    "Kg2",
    "Kg4",
    "Qf3+",
    "Kg5",
    "Qg3+",
    "Kf5",
    "Qf3+",
    "Qf4",
    "Qh5+",
    "Ke4",
    "Qe2+",
    "Qe3",
    "Qc4+",
    "Kf5",
    "Qb5+",
    "Kf4",
    "Qf1+",
    "Kg5",
    "Qc4",
    "e5",
    "Qg8+",
    "Kf4",
    "Qf7+",
    "Ke4",
    "Qb7+",
    "Kd3",
    "Qb3+",
    "Ke2",
    "Qb2+",
    "Kd3",
    "Qb3+",
    "Ke4",
    "Qb7+",
    "Kd3",
    "Qb3+"
  ]
}