{
  "event": "Magnus Carlsen Invitational",
  "site": "chess24.com INT",
  "date": "2020.04.20",
  "eventDate": "2020.04.18",
  "dateMillis": 1587312000000,
  "eventDateMillis": 1587139200000,
  "round": "2.4",
  "result": "1/2-1/2",
  "white": "Alireza Firouzja",
  "black": "Magnus Carlsen",
  "isCarlsenWin": false,
  "isDraw": true,
  "isCarlsenBlack": true,
  "moves": [
    "e4",
    "e5",
    "Nf3",
    "Nc6",
    "Bb5",
    "Nf6",
    "d3",
    "Bc5",
    "Nc3",
    "d6",
    "Bg5",
    "h6",
    "Bxf6",
    "Qxf6",
    "Nd5",
    "Qd8",
    "b4",
    "Bb6",
    "c3",
    "a6",
    "Nxb6",
    "cxb6",
    "Bc4",
    "b5",
    "Bb3",
    "O-O",
    "O-O",
    "Qf6",
    "Re1",
    "Be6",
    "a4",
    "Rac8",
    "axb5",
    "axb5",
    "Bxe6",
    "Qxe6",
    "Qe2",
    "Rfd8",
    "h3",
    "d5",
    "exd5",
    "Rxd5",
    "Rad1",
    "Rcd8",
    "Rd2",
    "Qd6",
    "Red1",
    "Qg6",
    "Ne1",
    "Kh7",
    "Nc2",
    "R8d7",
    "Ne3",
    "R5d6",
    "Nf1",
    "Rd5",
    "Qf3",
    "Nd8",
    "h4",
    "h5",
    "Ng3",
    "Qg4",
    "Nxh5",
    "Qxf3",
    "gxf3",
    "Ne6",
    "Ng3",
    "Nf4",
    "Ne4",
    "b6",
    "c4",
    "Rd4",
    "c5",
    "Rxb4",
    "cxb6",
    "Rb7",
    "Nd6",
    "Rxb6",
    "Nxf7",
    "Ng6",
    "h5",
    "Rf4",
    "Ng5+",
    "Kh6",
    "Ne4",
    "Nh4",
    "Kf1",
    "Nxf3",
    "Rc2",
    "Kxh5",
    "Rc8",
    "b4",
    "Ke2",
    "b3",
    "Rb1",
    "b2",
    "Rc5",
    "Nd4+",
    "Kf1",
    "Nf3",
    "Rc2",
    "Rb3",
    "Nc5",
    "Nd4",
    "Nxb3",
    "Nxc2",
    "Rxb2",
    "Ne3+",
    "Ke2",
    "Rxf2+",
    "Kxf2",
    "Nd1+",
    "Kf3",
    "Nxb2",
    "Ke4",
    "g5",
    "d4",
    "exd4",
    "Nxd4",
    "g4",
    "Nf3",
    "g3",
    "Kf4",
    "g2",
    "Kg3",
    "Nd3",
    "Kxg2"
  ]
}