{
  "event": "Magnus Carlsen Invitational",
  "site": "chess24.com INT",
  "date": "2020.04.22",
  "eventDate": "2020.04.18",
  "dateMillis": 1587484800000,
  "eventDateMillis": 1587139200000,
  "round": "3.1",
  "result": "0-1",
  "white": "Fabiano Caruana",
  "black": "Magnus Carlsen",
  "isCarlsenWin": true,
  "isDraw": false,
  "isCarlsenBlack": true,
  "moves": [
    "e4",
    "Nf6",
    "e5",
    "Nd5",
    "d4",
    "d6",
    "c4",
    "Nb6",
    "f4",
    "g6",
    "Nc3",
    "Bg7",
    "Be3",
    "Be6",
    "Nf3",
    "O-O",
    "b3",
    "dxe5",
    "dxe5",
    "Nc6",
    "Ne4",
    "f6",
    "Nc5",
    "Qc8",
    "exf6",
    "Bxf6",
    "Be2",
    "Rd8",
    "Qc1",
    "Bf5",
    "O-O",
    "Nd7",
    "Nd3",
    "Bxa1",
    "Qxa1",
    "Nf6",
    "Nde5",
    "Nxe5",
    "Nxe5",
    "Qe6",
    "Bd4",
    "Nd7",
    "h3",
    "Nxe5",
    "Bxe5",
    "c6",
    "Qc3",
    "h5",
    "Re1",
    "Kf7",
    "Qg3",
    "Rd2",
    "Bf3",
    "Rd3",
    "Qg5",
    "Rad8",
    "Kf2",
    "Rd2+",
    "Kg3",
    "R8d3",
    "Qh6",
    "Bxh3",
    "Kh4",
    "Rxg2"
  ]
}