{
  "event": "Magnus Carlsen Invitational",
  "site": "chess24.com INT",
  "date": "2020.04.26",
  "eventDate": "2020.04.18",
  "dateMillis": 1587830400000,
  "eventDateMillis": 1587139200000,
  "round": "5.1",
  "result": "1/2-1/2",
  "white": "Anish Giri",
  "black": "Magnus Carlsen",
  "isCarlsenWin": false,
  "isDraw": true,
  "isCarlsenBlack": true,
  "moves": [
    "d4",
    "d5",
    "Nf3",
    "Nf6",
    "c4",
    "e6",
    "g3",
    "dxc4",
    "Bg2",
    "Bb4+",
    "Bd2",
    "a5",
    "a3",
    "Bd6",
    "Qa4+",
    "Bd7",
    "Qxc4",
    "Bc6",
    "Bg5",
    "Nbd7",
    "O-O",
    "O-O",
    "Nc3",
    "h6",
    "Bxf6",
    "Nxf6",
    "Rfe1",
    "Bd5",
    "Qd3",
    "Bxf3",
    "Bxf3",
    "c6",
    "Qc2",
    "Qe7",
    "Red1",
    "Rfd8",
    "Rac1",
    "g6",
    "e3",
    "Kg7",
    "Kg2",
    "h5",
    "h4",
    "Rac8",
    "Qa4",
    "Bc7",
    "Qb3",
    "Rb8",
    "Rc2",
    "e5",
    "dxe5",
    "Bxe5",
    "Rcd2",
    "Rxd2",
    "Rxd2",
    "Qc7",
    "Ne4",
    "Nxe4",
    "Bxe4",
    "Re8",
    "Bf3",
    "Re7",
    "a4",
    "Rd7",
    "Rxd7",
    "Qxd7",
    "Qc2",
    "Qe7",
    "b3",
    "Qb4",
    "Qd3",
    "Qd6",
    "Qxd6",
    "Bxd6",
    "Be2",
    "f5",
    "Bc4",
    "Kf6",
    "Kf3",
    "Bb4",
    "Ke2",
    "Bd6"
  ]
}