{
  "event": "Magnus Carlsen Invitational",
  "site": "chess24.com INT",
  "date": "2020.04.24",
  "eventDate": "2020.04.18",
  "dateMillis": 1587657600000,
  "eventDateMillis": 1587139200000,
  "round": "4.2",
  "result": "1/2-1/2",
  "white": "Maxime Vachier-Lagrave",
  "black": "Magnus Carlsen",
  "isCarlsenWin": false,
  "isDraw": true,
  "isCarlsenBlack": true,
  "moves": [
    "d4",
    "Nf6",
    "c4",
    "g6",
    "h4",
    "Bg7",
    "Nc3",
    "d6",
    "e4",
    "O-O",
    "Be2",
    "e5",
    "dxe5",
    "dxe5",
    "Qxd8",
    "Rxd8",
    "h5",
    "c6",
    "Bg5",
    "Na6",
    "Nf3",
    "Nc5",
    "hxg6",
    "hxg6",
    "Rh4",
    "Ne6",
    "Be3",
    "Nd4",
    "Nxd4",
    "exd4",
    "O-O-O",
    "Ng4",
    "Bxg4",
    "Bxg4",
    "Rxg4",
    "dxe3",
    "fxe3",
    "Bxc3",
    "bxc3",
    "Rxd1+",
    "Kxd1",
    "Re8",
    "Kc2",
    "Re5",
    "Rf4",
    "Ra5",
    "Kb3",
    "Kf8",
    "Rh4",
    "Kg7",
    "Rf4",
    "Rg5",
    "Rf2",
    "Kf8",
    "Kc2",
    "Ke7",
    "Kd3",
    "b6",
    "Kd4",
    "Ke6",
    "Kd3",
    "f6",
    "Rd2",
    "Ra5",
    "Rf2",
    "Rh5",
    "Rb2",
    "Ra5",
    "Rf2",
    "Ra4",
    "g4",
    "Ra5",
    "Rh2",
    "g5",
    "Rf2",
    "a6",
    "Rh2",
    "b5",
    "c5",
    "Ra4",
    "Rh7",
    "Rc4",
    "Ra7",
    "Rxc5",
    "Rxa6",
    "Kd6",
    "a4",
    "bxa4",
    "c4",
    "Re5",
    "Kd4",
    "a3",
    "Rxa3",
    "c5+",
    "Kd3",
    "Re8",
    "Ra6+",
    "Ke5",
    "Rc6",
    "Rd8+",
    "Ke2",
    "Rh8",
    "Rxc5+",
    "Kxe4",
    "Rf5",
    "Rh2+",
    "Rf2",
    "Rh3",
    "Kd2",
    "Rxe3",
    "Rxf6",
    "Rg3",
    "c5",
    "Rxg4",
    "c6",
    "Kd5",
    "c7",
    "Rc4",
    "Rf5+",
    "Ke4",
    "Rxg5",
    "Rxc7"
  ]
}