{
  "event": "Magnus Carlsen Invitational",
  "site": "chess24.com INT",
  "date": "2020.04.18",
  "eventDate": "2020.04.18",
  "dateMillis": 1587139200000,
  "eventDateMillis": 1587139200000,
  "round": "1.3",
  "result": "1-0",
  "white": "Magnus Carlsen",
  "black": "Hikaru Nakamura",
  "isCarlsenWin": true,
  "isDraw": false,
  "isCarlsenBlack": false,
  "moves": [
    "d4",
    "Nf6",
    "c4",
    "e6",
    "Nf3",
    "d5",
    "Nc3",
    "Be7",
    "Bf4",
    "O-O",
    "e3",
    "Nbd7",
    "c5",
    "c6",
    "h3",
    "b6",
    "b4",
    "a5",
    "a3",
    "h6",
    "Bd3",
    "Ba6",
    "O-O",
    "Qc8",
    "Qc2",
    "Bxd3",
    "Qxd3",
    "Qb7",
    "Qc2",
    "Rfc8",
    "Rfb1",
    "axb4",
    "axb4",
    "Bd8",
    "Qc1",
    "Bc7",
    "Rxa8",
    "Rxa8",
    "Bxc7",
    "Qxc7",
    "Ra1",
    "Qb7",
    "Ra3",
    "Ne8",
    "Ne2",
    "Rxa3",
    "Qxa3",
    "Nc7",
    "Nf4",
    "Qa6",
    "Qxa6",
    "Nxa6",
    "Nd3",
    "f6",
    "Nd2",
    "Kf7",
    "f4",
    "Nc7",
    "Kf2",
    "Nb5",
    "Kf3",
    "Nc3",
    "g4",
    "g5",
    "f5",
    "e5",
    "Nc1",
    "e4+",
    "Kf2",
    "Ke7",
    "Nf1",
    "Na4",
    "Ke2",
    "Nb2",
    "Kd2",
    "Nc4+",
    "Kc3",
    "Nb8",
    "Nb3",
    "Na6",
    "cxb6",
    "Nxb6",
    "Na5",
    "Kd7",
    "Ng3",
    "Kc7",
    "Nh5",
    "Nd7",
    "Nb3",
    "Kd8",
    "Nc5",
    "Nab8",
    "b5",
    "cxb5",
    "Kb4",
    "Nc6+",
    "Kxb5",
    "Na7+",
    "Ka6",
    "Nxc5+",
    "Kxa7",
    "Nb3",
    "Kb6",
    "Kd7",
    "Nxf6+",
    "Kd6",
    "Ne8+",
    "Kd7",
    "Nc7",
    "Nxd4",
    "exd4"
  ]
}