{
  "event": "Magnus Carlsen Invitational",
  "site": "chess24.com INT",
  "date": "2020.04.18",
  "eventDate": "2020.04.18",
  "dateMillis": 1587139200000,
  "eventDateMillis": 1587139200000,
  "round": "1.1",
  "result": "1-0",
  "white": "Magnus Carlsen",
  "black": "Hikaru Nakamura",
  "isCarlsenWin": true,
  "isDraw": false,
  "isCarlsenBlack": false,
  "moves": [
    "d4",
    "Nf6",
    "c4",
    "e6",
    "Nf3",
    "d5",
    "Nc3",
    "Be7",
    "Bf4",
    "O-O",
    "e3",
    "Nbd7",
    "c5",
    "c6",
    "h3",
    "b6",
    "b4",
    "a5",
    "a3",
    "h6",
    "Bd3",
    "Bb7",
    "O-O",
    "Qc8",
    "Re1",
    "Ba6",
    "Bc2",
    "Re8",
    "Rc1",
    "axb4",
    "axb4",
    "bxc5",
    "bxc5",
    "Bd8",
    "Ra1",
    "Bc7",
    "Qd2",
    "e5",
    "dxe5",
    "Nxe5",
    "Nxe5",
    "Bxe5",
    "Bxe5",
    "Rxe5",
    "Qd4",
    "Re8",
    "e4",
    "dxe4",
    "Nxe4",
    "Nxe4",
    "Rxe4",
    "Rd8",
    "Qc3",
    "Rd5",
    "Rea4",
    "Bb7",
    "Rxa8",
    "Bxa8",
    "Qa5",
    "Bb7",
    "Qb6",
    "g6",
    "Be4",
    "Rd7",
    "Bf3",
    "h5",
    "Re1",
    "Qd8",
    "Qxd8+",
    "Rxd8",
    "Re7",
    "Ba6",
    "Bxc6",
    "Rc8",
    "Re8+",
    "Rxe8",
    "Bxe8",
    "Kf8",
    "Bc6",
    "h4",
    "f4",
    "Ke7",
    "Kf2",
    "f6",
    "Ke3",
    "Ke6",
    "Be4",
    "g5",
    "Kd4",
    "gxf4",
    "Bd5+",
    "Ke7",
    "Ke4",
    "Bc8",
    "Kxf4",
    "Bd7",
    "g3",
    "hxg3",
    "Kxg3",
    "Kf8",
    "h4",
    "Kg7",
    "Kf4",
    "Kh6",
    "Bf3",
    "Kg7",
    "Ke4",
    "Bc6+",
    "Ke3",
    "Bb5",
    "Kd4",
    "Kf7",
    "Kd5",
    "Ke7",
    "Bg4",
    "Bd3",
    "c6",
    "f5",
    "Bf3",
    "Bb5",
    "c7",
    "Kd7",
    "Ke5",
    "f4",
    "h5",
    "Bc4",
    "h6",
    "Bg8",
    "Bd5",
    "Bh7",
    "Be4",
    "Bg8",
    "Kxf4"
  ]
}