{
  "event": "Magnus Carlsen Invitational",
  "site": "chess24.com INT",
  "date": "2020.04.24",
  "eventDate": "2020.04.18",
  "dateMillis": 1587657600000,
  "eventDateMillis": 1587139200000,
  "round": "4.4",
  "result": "1/2-1/2",
  "white": "Maxime Vachier-Lagrave",
  "black": "Magnus Carlsen",
  "isCarlsenWin": false,
  "isDraw": true,
  "isCarlsenBlack": true,
  "moves": [
    "d4",
    "d5",
    "c4",
    "c6",
    "Nf3",
    "Nf6",
    "Qc2",
    "dxc4",
    "Qxc4",
    "g6",
    "g3",
    "Bg7",
    "Bg2",
    "O-O",
    "O-O",
    "b5",
    "Qc2",
    "Bf5",
    "Qd1",
    "c5",
    "Nc3",
    "Nc6",
    "Nh4",
    "cxd4",
    "Nxf5",
    "gxf5",
    "Bxc6",
    "Rc8",
    "Nxb5",
    "Rxc6",
    "Qxd4",
    "a6",
    "Qxd8",
    "Rxd8",
    "Na3",
    "Ne4",
    "Kg2",
    "Rxc1",
    "Raxc1",
    "Bxb2",
    "Nb1",
    "Bxc1",
    "Rxc1",
    "Rd4",
    "f3",
    "Nf6",
    "Kf2",
    "Ra4",
    "a3",
    "Kg7",
    "Rc3",
    "Nd5",
    "Rb3",
    "Rc4",
    "Nd2",
    "Rc2",
    "Rd3",
    "Nc3",
    "f4",
    "e6",
    "Kf3",
    "Ne4",
    "Nxe4",
    "fxe4+",
    "Kxe4",
    "Rxe2+",
    "Kf3",
    "Rxh2",
    "Rd6",
    "a5",
    "Ra6",
    "Rh5",
    "a4",
    "Rc5",
    "Ra8",
    "h5",
    "Ra6",
    "Kg6",
    "Kg2",
    "Kf5",
    "Ra7",
    "f6",
    "Kh3",
    "Rd5",
    "Ra8",
    "e5",
    "fxe5",
    "fxe5",
    "Rh8",
    "Kg5",
    "Ra8",
    "e4",
    "Kg2",
    "Kg4",
    "Rg8+",
    "Kf5",
    "Ra8",
    "Ke5",
    "Kf2",
    "Kd4",
    "Ke2",
    "Rg5",
    "Rd8+",
    "Kc3",
    "Re8",
    "Rxg3",
    "Rxe4",
    "Rg4",
    "Re5",
    "Rxa4",
    "Kf3",
    "Ra2",
    "Kg3",
    "a4",
    "Re4",
    "Kd3",
    "Rf4",
    "Ke3",
    "Rf3+",
    "Ke4",
    "Rf4+",
    "Ke5",
    "Rb4",
    "Ra1",
    "Kh2",
    "a3",
    "Rb3",
    "Kd4",
    "Rf3",
    "Kc4",
    "Rf4+",
    "Kd3",
    "Rf3+",
    "Ke4",
    "Rb3",
    "h4",
    "Rc3",
    "Ra2+",
    "Kh1",
    "Ra1+",
    "Kh2",
    "Ra2+",
    "Kh1",
    "Ra1+",
    "Kh2"
  ]
}