{
  "event": "Magnus Carlsen Invitational",
  "site": "chess24.com INT",
  "date": "2020.04.22",
  "eventDate": "2020.04.18",
  "dateMillis": 1587484800000,
  "eventDateMillis": 1587139200000,
  "round": "3.4",
  "result": "1/2-1/2",
  "white": "Magnus Carlsen",
  "black": "Fabiano Caruana",
  "isCarlsenWin": false,
  "isDraw": true,
  "isCarlsenBlack": false,
  "moves": [
    "e4",
    "e5",
    "Nf3",
    "Nc6",
    "Nc3",
    "Nf6",
    "h3",
    "Bb4",
    "Nd5",
    "Bc5",
    "Nxf6+",
    "gxf6",
    "Bc4",
    "d6",
    "d3",
    "Be6",
    "Be3",
    "Qd7",
    "Qe2",
    "O-O-O",
    "Bxc5",
    "dxc5",
    "c3",
    "Bxc4",
    "dxc4",
    "f5",
    "Rd1",
    "Qxd1+",
    "Qxd1",
    "Rxd1+",
    "Kxd1",
    "fxe4",
    "Nd2",
    "f5",
    "g4",
    "Rf8",
    "Ke2",
    "Ne7",
    "gxf5",
    "Rxf5",
    "Nxe4",
    "b6",
    "Rg1",
    "Ng6",
    "Ke3",
    "Kd7",
    "Ng5",
    "h6",
    "Nf3",
    "Nf4",
    "Rg7+",
    "Ke6",
    "h4",
    "Kf6",
    "Ke4",
    "Nd3",
    "Rf7+",
    "Ke6",
    "Re7+",
    "Kf6",
    "Rf7+",
    "Ke6",
    "Rxf5",
    "Nxf2+",
    "Ke3",
    "Ng4+",
    "Ke4",
    "Nf2+",
    "Ke3",
    "Ng4+",
    "Ke4",
    "Nf2+"
  ]
}