{
  "event": "Magnus Carlsen Invitational",
  "site": "chess24.com INT",
  "date": "2020.04.24",
  "eventDate": "2020.04.18",
  "dateMillis": 1587657600000,
  "eventDateMillis": 1587139200000,
  "round": "4.1",
  "result": "1/2-1/2",
  "white": "Magnus Carlsen",
  "black": "Maxime Vachier-Lagrave",
  "isCarlsenWin": false,
  "isDraw": true,
  "isCarlsenBlack": false,
  "moves": [
    "e4",
    "c5",
    "Nf3",
    "d6",
    "d4",
    "cxd4",
    "Nxd4",
    "Nf6",
    "Bc4",
    "e6",
    "O-O",
    "Be7",
    "Bd3",
    "Nc6",
    "Nxc6",
    "bxc6",
    "c4",
    "O-O",
    "Nc3",
    "e5",
    "Be3",
    "Be6",
    "Qe2",
    "Nd7",
    "Rfd1",
    "Qc7",
    "b4",
    "a5",
    "a3",
    "axb4",
    "axb4",
    "Rxa1",
    "Rxa1",
    "Rb8",
    "Rb1",
    "Nf6",
    "h3",
    "d5",
    "cxd5",
    "cxd5",
    "exd5",
    "Nxd5",
    "Nxd5",
    "Bxd5",
    "b5",
    "e4",
    "Qh5",
    "exd3",
    "Qxd5",
    "Rd8",
    "Qe4",
    "Bf8",
    "b6",
    "Qc2",
    "Rc1",
    "Qb3",
    "Qf3",
    "d2",
    "Rd1",
    "h6",
    "b7",
    "Rb8",
    "Rxd2",
    "Rxb7",
    "g4",
    "Rb8",
    "Kg2",
    "Re8",
    "Rd7",
    "Qe6",
    "Qd5",
    "Qxd5+",
    "Rxd5",
    "g6",
    "h4",
    "Bg7",
    "h5",
    "g5",
    "Kf3",
    "Bf6",
    "Ke2",
    "Kg7",
    "Kd3",
    "Ra8",
    "f4",
    "gxf4",
    "Bxf4",
    "Ra3+",
    "Ke4",
    "Ra6",
    "Kf5",
    "Bb2",
    "Rb5",
    "Rf6+",
    "Ke4",
    "Re6+",
    "Kf5",
    "Rf6+",
    "Ke4",
    "Re6+",
    "Kf5",
    "Rf6+"
  ]
}