{
  "event": "TCh-CHN Men",
  "site": "Suzhou, Jiangsu CHN",
  "date": "2001.04.02",
  "eventDate": "2001.03.02",
  "dateMillis": 986140800000,
  "eventDateMillis": 983462400000,
  "round": "7",
  "result": "1/2-1/2",
  "white": "Liu Renhui",
  "black": "Ding Liren",
  "isDingWin": false,
  "isDraw": true,
  "isDingBlack": true,
  "moves": [
    "Rxb3",
    "Bb5",
    "Kg7",
    "Kg2",
    "Ne7",
    "Re5",
    "Kf6",
    "Re4",
    "Rb4",
    "Re2",
    "Nd5",
    "Rc2",
    "Ke5",
    "Rc6",
    "h5",
    "Rg6",
    "g4",
    "Rg5+",
    "Kd6",
    "Rxh5",
    "gxh3+",
    "Rxh3",
    "Nc3",
    "Rh6+",
    "Kc5",
    "Rc6+",
    "Kd4",
    "Rxb6",
    "Nxa4",
    "Rh6",
    "Nc3",
    "Rh4+",
    "Kc5",
    "Rxb4",
    "axb4",
    "Bd3",
    "b3",
    "g4",
    "Kd4",
    "Bh7",
    "b2",
    "f3",
    "Ke5",
    "Kg3",
    "b1=Q",
    "Bxb1",
    "Nxb1",
    "f4+",
    "Kf6",
    "Kh4",
    "Nc3",
    "g5+",
    "Kg7",
    "f5",
    "Ne4",
    "Kh5",
    "Ng3+",
    "Kg4",
    "Ne4",
    "Kf4",
    "Nxg5",
    "Kxg5",
    "Kf7",
    "f6",
    "Kf8",
    "Kf5",
    "Kf7",
    "Ke5",
    "Kf8",
    "Ke6",
    "Ke8"
  ],
  "statePieceCount": 15,
  "endPieceCount": 3,
  "boardState": [
    {
      "square": "h8",
      "type": "k",
      "color": "b"
    },
    {
      "square": "b6",
      "type": "p",
      "color": "b"
    },
    {
      "square": "g6",
      "type": "n",
      "color": "b"
    },
    {
      "square": "h6",
      "type": "p",
      "color": "b"
    },
    {
      "square": "a5",
      "type": "p",
      "color": "b"
    },
    {
      "square": "f5",
      "type": "r",
      "color": "w"
    },
    {
      "square": "g5",
      "type": "p",
      "color": "b"
    },
    {
      "square": "a4",
      "type": "p",
      "color": "w"
    },
    {
      "square": "b3",
      "type": "p",
      "color": "w"
    },
    {
      "square": "d3",
      "type": "b",
      "color": "w"
    },
    {
      "square": "g3",
      "type": "p",
      "color": "w"
    },
    {
      "square": "h3",
      "type": "p",
      "color": "w"
    },
    {
      "square": "f2",
      "type": "p",
      "color": "w"
    },
    {
      "square": "h2",
      "type": "k",
      "color": "w"
    },
    {
      "square": "b1",
      "type": "r",
      "color": "b"
    }
  ]
}