{
  "event": "TCh-CHN Men",
  "site": "Suzhou, Jiangsu CHN",
  "date": "2001.03.28",
  "eventDate": "2001.03.02",
  "dateMillis": 985708800000,
  "eventDateMillis": 983462400000,
  "round": "3",
  "result": "1-0",
  "white": "Ding Liren",
  "black": "Zhang Jianhua",
  "isDingWin": true,
  "isDraw": false,
  "isDingBlack": false,
  "moves": [
    "Kg7",
    "Kf2",
    "Kf6",
    "Ke3",
    "c3",
    "Kd3",
    "Bb4",
    "Kc4",
    "Ba5",
    "g4",
    "Kg6",
    "Kb5",
    "Bc7",
    "Kb4",
    "h5",
    "h3",
    "h4",
    "Kxc3",
    "Kf6",
    "Kb4",
    "Ke6",
    "c4",
    "Bd6+",
    "c5",
    "Be7",
    "Kb5",
    "Kd7",
    "c6+",
    "Kc7",
    "Bc5",
    "Bf6",
    "Bb6+",
    "Kb8",
    "Ka6",
    "Bd8",
    "Bxd8",
    "f5",
    "c7+"
  ],
  "statePieceCount": 15,
  "endPieceCount": 13,
  "boardState": [
    {
      "square": "g8",
      "type": "k",
      "color": "b"
    },
    {
      "square": "a7",
      "type": "b",
      "color": "w"
    },
    {
      "square": "b7",
      "type": "b",
      "color": "w"
    },
    {
      "square": "f7",
      "type": "p",
      "color": "b"
    },
    {
      "square": "d6",
      "type": "b",
      "color": "b"
    },
    {
      "square": "h6",
      "type": "p",
      "color": "b"
    },
    {
      "square": "e5",
      "type": "p",
      "color": "b"
    },
    {
      "square": "g5",
      "type": "p",
      "color": "b"
    },
    {
      "square": "c4",
      "type": "p",
      "color": "b"
    },
    {
      "square": "e4",
      "type": "p",
      "color": "w"
    },
    {
      "square": "f3",
      "type": "p",
      "color": "w"
    },
    {
      "square": "c2",
      "type": "p",
      "color": "w"
    },
    {
      "square": "g2",
      "type": "p",
      "color": "w"
    },
    {
      "square": "h2",
      "type": "p",
      "color": "w"
    },
    {
      "square": "g1",
      "type": "k",
      "color": "w"
    }
  ]
}