{
  "event": "8th Asian Continental Chess Championship",
  "site": "Subic Bay Free Port",
  "date": "2009.05.13",
  "eventDate": "2009.05.13",
  "dateMillis": 1242144000000,
  "eventDateMillis": 1242144000000,
  "round": "1.3",
  "result": "1/2-1/2",
  "white": "Zhou Jianchao",
  "black": "Ding Liren",
  "isDingWin": false,
  "isDraw": true,
  "isDingBlack": true,
  "moves": [
    "Kd3",
    "Ra1",
    "Kxd4",
    "Rb1",
    "Nd5",
    "Ra7",
    "c6",
    "Raa1",
    "Ke5",
    "Rxd1",
    "c7",
    "Rxg1",
    "c8=Q",
    "Ra3",
    "Kxf4",
    "g5+",
    "Ke5",
    "Rxf3",
    "Ne7",
    "Rf6",
    "Nf5+",
    "Kg6",
    "Ne7+",
    "Kg7",
    "Nf5+",
    "Kg6",
    "Qh8",
    "Re6+",
    "Kd4",
    "Rd1+",
    "Ke3",
    "Re1+",
    "Kf3",
    "R1xe4",
    "Qg7+",
    "Kxf5",
    "Qxf7+",
    "Ke5"
  ],
  "statePieceCount": 15,
  "endPieceCount": 7,
  "boardState": [
    {
      "square": "a7",
      "type": "r",
      "color": "b"
    },
    {
      "square": "e7",
      "type": "r",
      "color": "b"
    },
    {
      "square": "f7",
      "type": "b",
      "color": "b"
    },
    {
      "square": "g7",
      "type": "k",
      "color": "b"
    },
    {
      "square": "b6",
      "type": "n",
      "color": "w"
    },
    {
      "square": "g6",
      "type": "p",
      "color": "b"
    },
    {
      "square": "c5",
      "type": "p",
      "color": "w"
    },
    {
      "square": "b4",
      "type": "p",
      "color": "w"
    },
    {
      "square": "d4",
      "type": "p",
      "color": "b"
    },
    {
      "square": "e4",
      "type": "p",
      "color": "w"
    },
    {
      "square": "f4",
      "type": "p",
      "color": "b"
    },
    {
      "square": "f3",
      "type": "p",
      "color": "w"
    },
    {
      "square": "d2",
      "type": "k",
      "color": "w"
    },
    {
      "square": "d1",
      "type": "b",
      "color": "w"
    },
    {
      "square": "g1",
      "type": "r",
      "color": "w"
    }
  ]
}