{
  "event": "8th Asian Continental Chess Championship",
  "site": "Subic Bay Free Port",
  "date": "2009.05.23",
  "eventDate": "2009.05.13",
  "dateMillis": 1243008000000,
  "eventDateMillis": 1242144000000,
  "round": "11.11",
  "result": "0-1",
  "white": "Ding Liren",
  "black": "Abhijeet Gupta",
  "isDingWin": false,
  "isDraw": false,
  "isDingBlack": false,
  "moves": [
    "Bg3",
    "h5",
    "Kf2",
    "Kh7",
    "Bxa6",
    "Rc2+",
    "Be2",
    "Qg4",
    "Bh2",
    "f4",
    "Qe4",
    "Qh4+",
    "Kg2",
    "f3+",
    "Qxf3",
    "Qe1"
  ],
  "statePieceCount": 15,
  "endPieceCount": 13,
  "boardState": [
    {
      "square": "c8",
      "type": "r",
      "color": "b"
    },
    {
      "square": "h8",
      "type": "k",
      "color": "b"
    },
    {
      "square": "g7",
      "type": "r",
      "color": "b"
    },
    {
      "square": "h7",
      "type": "p",
      "color": "b"
    },
    {
      "square": "a6",
      "type": "p",
      "color": "b"
    },
    {
      "square": "d6",
      "type": "p",
      "color": "w"
    },
    {
      "square": "g6",
      "type": "p",
      "color": "b"
    },
    {
      "square": "a5",
      "type": "p",
      "color": "w"
    },
    {
      "square": "e5",
      "type": "q",
      "color": "w"
    },
    {
      "square": "f5",
      "type": "p",
      "color": "b"
    },
    {
      "square": "g5",
      "type": "q",
      "color": "b"
    },
    {
      "square": "b4",
      "type": "p",
      "color": "w"
    },
    {
      "square": "e2",
      "type": "b",
      "color": "w"
    },
    {
      "square": "g2",
      "type": "k",
      "color": "w"
    },
    {
      "square": "h2",
      "type": "b",
      "color": "w"
    }
  ]
}