{
  "event": "8th Asian Continental Chess Championship",
  "site": "Subic Bay Free Port",
  "date": "2009.05.19",
  "eventDate": "2009.05.13",
  "dateMillis": 1242662400000,
  "eventDateMillis": 1242144000000,
  "round": "7.9",
  "result": "1-0",
  "white": "Ding Liren",
  "black": "Enamul Hossain",
  "isDingWin": true,
  "isDraw": false,
  "isDingBlack": false,
  "moves": [
    "Rd8",
    "Nc7",
    "e4",
    "Be2",
    "Bh3+",
    "Kg3",
    "g6",
    "a5",
    "Rd2",
    "Ne8+",
    "Ke5",
    "Re7+",
    "Kd5",
    "Bg4",
    "Bxg4",
    "Kxg4",
    "Nf3",
    "Rd7+",
    "Kc6",
    "Rxd2",
    "Nxd2",
    "Nf6"
  ],
  "statePieceCount": 15,
  "endPieceCount": 11,
  "boardState": [
    {
      "square": "h8",
      "type": "r",
      "color": "b"
    },
    {
      "square": "a7",
      "type": "r",
      "color": "w"
    },
    {
      "square": "g7",
      "type": "p",
      "color": "b"
    },
    {
      "square": "h7",
      "type": "p",
      "color": "b"
    },
    {
      "square": "e6",
      "type": "b",
      "color": "b"
    },
    {
      "square": "f6",
      "type": "k",
      "color": "b"
    },
    {
      "square": "b5",
      "type": "n",
      "color": "w"
    },
    {
      "square": "e5",
      "type": "p",
      "color": "b"
    },
    {
      "square": "g5",
      "type": "n",
      "color": "b"
    },
    {
      "square": "a4",
      "type": "p",
      "color": "w"
    },
    {
      "square": "e3",
      "type": "p",
      "color": "w"
    },
    {
      "square": "f3",
      "type": "b",
      "color": "w"
    },
    {
      "square": "f2",
      "type": "p",
      "color": "w"
    },
    {
      "square": "g2",
      "type": "k",
      "color": "w"
    },
    {
      "square": "h2",
      "type": "p",
      "color": "w"
    }
  ]
}