{
  "event": "Chinese Championship",
  "site": "Xinghua Jiangsu CHN",
  "date": "2009.05.29",
  "eventDate": "2009.05.26",
  "dateMillis": 1243526400000,
  "eventDateMillis": 1243267200000,
  "round": "4",
  "result": "1/2-1/2",
  "white": "Ding Liren",
  "black": "Chong Liang",
  "isDingWin": false,
  "isDraw": true,
  "isDingBlack": false,
  "moves": [
    "Qxe5",
    "Nf3",
    "Qf6",
    "Bb1",
    "b2",
    "Qd3",
    "Ra5",
    "Qe4",
    "Rd5",
    "Qg4+",
    "Kh8",
    "Qb4",
    "Kg8",
    "Qg4+",
    "Qg7",
    "Qb4",
    "Rd8",
    "Qe4",
    "Rd5",
    "Qb4",
    "Rd8",
    "Qe4",
    "Rd1",
    "Qa8+",
    "Qf8",
    "Qe4",
    "Qg7",
    "Qa8+",
    "Qf8",
    "Qe4",
    "Qg7"
  ],
  "statePieceCount": 15,
  "endPieceCount": 14,
  "boardState": [
    {
      "square": "c7",
      "type": "q",
      "color": "b"
    },
    {
      "square": "f7",
      "type": "p",
      "color": "b"
    },
    {
      "square": "g7",
      "type": "k",
      "color": "b"
    },
    {
      "square": "e6",
      "type": "p",
      "color": "b"
    },
    {
      "square": "h6",
      "type": "p",
      "color": "b"
    },
    {
      "square": "e5",
      "type": "p",
      "color": "w"
    },
    {
      "square": "g5",
      "type": "n",
      "color": "w"
    },
    {
      "square": "h5",
      "type": "p",
      "color": "w"
    },
    {
      "square": "a4",
      "type": "r",
      "color": "b"
    },
    {
      "square": "b3",
      "type": "p",
      "color": "b"
    },
    {
      "square": "d3",
      "type": "b",
      "color": "w"
    },
    {
      "square": "g3",
      "type": "p",
      "color": "w"
    },
    {
      "square": "d2",
      "type": "q",
      "color": "w"
    },
    {
      "square": "f2",
      "type": "p",
      "color": "w"
    },
    {
      "square": "g2",
      "type": "k",
      "color": "w"
    }
  ]
}