{
  "event": "Russia vs China (Rapid)",
  "site": "Sochi RUS",
  "date": "2009.08.22",
  "eventDate": "2009.08.21",
  "dateMillis": 1250870400000,
  "eventDateMillis": 1250784000000,
  "round": "6",
  "result": "0-1",
  "white": "Ding Liren",
  "black": "Evgeny Tomashevsky",
  "isDingWin": false,
  "isDraw": false,
  "isDingBlack": false,
  "moves": [
    "Rd2",
    "g6",
    "Kg2",
    "Qf5",
    "Rd1",
    "Qg4",
    "Rd2",
    "Qb4",
    "Re2",
    "Qb7+",
    "Kg1",
    "Qb3",
    "Kg2",
    "Qa3",
    "Ba7",
    "Rb7",
    "Rxe6",
    "fxe6",
    "Qxg6+",
    "Kf8",
    "Qf6+",
    "Ke8",
    "Qxe6+",
    "Qe7",
    "Qg8+",
    "Kd7",
    "Qd5+",
    "Kc8",
    "Qc6+",
    "Qc7",
    "Qe8+",
    "Qd8",
    "Qc6+",
    "Rc7",
    "Qa6+",
    "Kd7",
    "Qb5+",
    "Ke6",
    "Qe2+",
    "Kf7",
    "Qh5+",
    "Kg8",
    "Qg6+",
    "Rg7",
    "Qe6+",
    "Kh8",
    "Qh6+",
    "Kg8",
    "Qe6+",
    "Kh7",
    "Qh3+",
    "Kg6",
    "Qe6+",
    "Kh7",
    "Qh3+",
    "Kg6",
    "Qe6+",
    "Qf6",
    "Qxf6+",
    "Kxf6",
    "Bd4+",
    "Ke6",
    "Bxb2",
    "Rc7",
    "g4",
    "Rc4",
    "Kg3",
    "Rxa4",
    "f4",
    "Rb4",
    "f5+",
    "Kf7",
    "Be5",
    "Rb5",
    "Kf4",
    "a4",
    "Bc3",
    "Rb3",
    "Ba1",
    "Rb4+",
    "Kg5",
    "a3",
    "Kh5",
    "Rb1"
  ],
  "statePieceCount": 15,
  "endPieceCount": 7,
  "boardState": [
    {
      "square": "b8",
      "type": "r",
      "color": "b"
    },
    {
      "square": "g8",
      "type": "k",
      "color": "b"
    },
    {
      "square": "f7",
      "type": "p",
      "color": "b"
    },
    {
      "square": "g7",
      "type": "p",
      "color": "b"
    },
    {
      "square": "d6",
      "type": "r",
      "color": "w"
    },
    {
      "square": "e6",
      "type": "n",
      "color": "b"
    },
    {
      "square": "a5",
      "type": "p",
      "color": "b"
    },
    {
      "square": "e5",
      "type": "q",
      "color": "b"
    },
    {
      "square": "a4",
      "type": "p",
      "color": "w"
    },
    {
      "square": "e3",
      "type": "b",
      "color": "w"
    },
    {
      "square": "g3",
      "type": "p",
      "color": "w"
    },
    {
      "square": "h3",
      "type": "k",
      "color": "w"
    },
    {
      "square": "b2",
      "type": "p",
      "color": "b"
    },
    {
      "square": "f2",
      "type": "p",
      "color": "w"
    },
    {
      "square": "b1",
      "type": "q",
      "color": "w"
    }
  ]
}