{
  "event": "9th Asian Continental",
  "site": "Olongapo City PHI",
  "date": "2010.04.25",
  "eventDate": "2010.04.21",
  "dateMillis": 1272124800000,
  "eventDateMillis": 1271779200000,
  "round": "5",
  "result": "0-1",
  "white": "Tamijani Homayoon Toufighi",
  "black": "Ding Liren",
  "isDingWin": true,
  "isDraw": false,
  "isDingBlack": true,
  "moves": [
    "Rdc8",
    "Bxc7",
    "Rxc7",
    "Kf1",
    "h5",
    "Rc1",
    "Ra7",
    "Rc6",
    "Be7",
    "g4",
    "Kh7",
    "Ne5",
    "Bf6",
    "Rc5",
    "Bxe5",
    "Rxe5",
    "hxg4",
    "hxg4",
    "Ra4",
    "f3",
    "Ra2",
    "Rb5",
    "Kg6",
    "Rb7",
    "e5",
    "Ke1",
    "e4",
    "fxe4",
    "Rg2",
    "Rb6+",
    "Kg5",
    "Rb7",
    "Rxg4",
    "Rb5+",
    "Kf6"
  ],
  "statePieceCount": 15,
  "endPieceCount": 7,
  "boardState": [
    {
      "square": "d8",
      "type": "r",
      "color": "b"
    },
    {
      "square": "g8",
      "type": "k",
      "color": "b"
    },
    {
      "square": "c7",
      "type": "r",
      "color": "b"
    },
    {
      "square": "f7",
      "type": "p",
      "color": "b"
    },
    {
      "square": "g7",
      "type": "p",
      "color": "b"
    },
    {
      "square": "b6",
      "type": "b",
      "color": "w"
    },
    {
      "square": "d6",
      "type": "b",
      "color": "b"
    },
    {
      "square": "e6",
      "type": "p",
      "color": "b"
    },
    {
      "square": "h6",
      "type": "p",
      "color": "b"
    },
    {
      "square": "d3",
      "type": "n",
      "color": "w"
    },
    {
      "square": "h3",
      "type": "p",
      "color": "w"
    },
    {
      "square": "f2",
      "type": "p",
      "color": "w"
    },
    {
      "square": "g2",
      "type": "p",
      "color": "w"
    },
    {
      "square": "d1",
      "type": "r",
      "color": "w"
    },
    {
      "square": "g1",
      "type": "k",
      "color": "w"
    }
  ]
}