{
  "event": "9th Asian Continental",
  "site": "Olongapo City PHI",
  "date": "2010.04.28",
  "eventDate": "2010.04.21",
  "dateMillis": 1272384000000,
  "eventDateMillis": 1271779200000,
  "round": "8",
  "result": "1/2-1/2",
  "white": "Ding Liren",
  "black": "Abhijeet Gupta",
  "isDingWin": false,
  "isDraw": true,
  "isDingBlack": false,
  "moves": [
    "Rxe7+",
    "dxe7",
    "Re8",
    "Rxf5",
    "Bxc3+",
    "Kd1",
    "Bd4",
    "Na5",
    "Rxe7",
    "Nb3",
    "Rd7",
    "Kc2",
    "c4",
    "Nd2",
    "Re7",
    "Nxc4",
    "Re2+",
    "Kd3",
    "Rxf2",
    "Rg5+",
    "Bg7",
    "Ra5",
    "Rf7",
    "Ne3",
    "Rd7+",
    "Nd5",
    "Kf7",
    "Kc4",
    "Ke6",
    "Ra6+",
    "Ke5",
    "Nb4",
    "Rc7+",
    "Kb5",
    "Rb7+"
  ],
  "statePieceCount": 15,
  "endPieceCount": 8,
  "boardState": [
    {
      "square": "a8",
      "type": "r",
      "color": "b"
    },
    {
      "square": "g8",
      "type": "k",
      "color": "b"
    },
    {
      "square": "a7",
      "type": "p",
      "color": "b"
    },
    {
      "square": "d7",
      "type": "r",
      "color": "b"
    },
    {
      "square": "e7",
      "type": "r",
      "color": "w"
    },
    {
      "square": "g7",
      "type": "b",
      "color": "b"
    },
    {
      "square": "d6",
      "type": "p",
      "color": "w"
    },
    {
      "square": "c5",
      "type": "p",
      "color": "b"
    },
    {
      "square": "f5",
      "type": "b",
      "color": "b"
    },
    {
      "square": "g5",
      "type": "r",
      "color": "w"
    },
    {
      "square": "c4",
      "type": "n",
      "color": "w"
    },
    {
      "square": "c3",
      "type": "p",
      "color": "w"
    },
    {
      "square": "a2",
      "type": "p",
      "color": "w"
    },
    {
      "square": "f2",
      "type": "p",
      "color": "w"
    },
    {
      "square": "e1",
      "type": "k",
      "color": "w"
    }
  ]
}