{
  "event": "Chinese Championship",
  "site": "Xinghua CHN",
  "date": "2010.05.24",
  "eventDate": "2010.05.24",
  "dateMillis": 1274630400000,
  "eventDateMillis": 1274630400000,
  "round": "1",
  "result": "1-0",
  "white": "Wang Hao",
  "black": "Ding Liren",
  "isDingWin": false,
  "isDraw": false,
  "isDingBlack": true,
  "moves": [
    "Kg2",
    "Rb5",
    "Rc6",
    "Kg7",
    "Rc7+",
    "Kh6",
    "Ra7",
    "e4",
    "Re7",
    "Rb4",
    "Ra7",
    "Rb5",
    "Kg3",
    "g5",
    "hxg5+",
    "Rxg5+",
    "Kf4",
    "Rg2",
    "Kxe4",
    "Rxf2",
    "Rxa5",
    "Kg7",
    "Ra7+",
    "Kg8",
    "b7",
    "Rf7",
    "Nd6",
    "Rd7",
    "Kd5",
    "Kf8",
    "Kc6",
    "Ke7",
    "Ne4",
    "h5",
    "Nc5",
    "Rd4",
    "Kc7",
    "Rbd8",
    "Ra8",
    "h4",
    "Rc8",
    "R4d5",
    "b4"
  ],
  "statePieceCount": 15,
  "endPieceCount": 10,
  "boardState": [
    {
      "square": "b8",
      "type": "r",
      "color": "b"
    },
    {
      "square": "f8",
      "type": "k",
      "color": "b"
    },
    {
      "square": "h7",
      "type": "p",
      "color": "b"
    },
    {
      "square": "b6",
      "type": "p",
      "color": "w"
    },
    {
      "square": "e6",
      "type": "r",
      "color": "w"
    },
    {
      "square": "g6",
      "type": "p",
      "color": "b"
    },
    {
      "square": "a5",
      "type": "p",
      "color": "b"
    },
    {
      "square": "d5",
      "type": "r",
      "color": "b"
    },
    {
      "square": "e5",
      "type": "p",
      "color": "b"
    },
    {
      "square": "c4",
      "type": "n",
      "color": "w"
    },
    {
      "square": "h4",
      "type": "p",
      "color": "w"
    },
    {
      "square": "b3",
      "type": "p",
      "color": "w"
    },
    {
      "square": "a2",
      "type": "p",
      "color": "w"
    },
    {
      "square": "f2",
      "type": "p",
      "color": "w"
    },
    {
      "square": "g1",
      "type": "k",
      "color": "w"
    }
  ]
}