{
  "event": "Chinese Championship",
  "site": "Xinghua CHN",
  "date": "2010.05.25",
  "eventDate": "2010.05.24",
  "dateMillis": 1274716800000,
  "eventDateMillis": 1274630400000,
  "round": "2",
  "result": "1-0",
  "white": "Ni Hua",
  "black": "Ding Liren",
  "isDingWin": false,
  "isDraw": false,
  "isDingBlack": true,
  "moves": [
    "e5",
    "Ke3",
    "Ra4",
    "Kxd3",
    "exf4",
    "Rh1+",
    "Kg7",
    "a3",
    "Ra5",
    "Rgg1",
    "h5",
    "Rc1",
    "Kh6",
    "Rc7",
    "Rb5",
    "b4",
    "h4",
    "Ke4",
    "Re5+",
    "Kf3",
    "Rd5",
    "a4",
    "b5",
    "Rc5",
    "Rd3+",
    "Ke4",
    "Rb3",
    "Kf5",
    "Kh5",
    "Ke4+"
  ],
  "statePieceCount": 15,
  "endPieceCount": 13,
  "boardState": [
    {
      "square": "a7",
      "type": "p",
      "color": "b"
    },
    {
      "square": "b7",
      "type": "p",
      "color": "b"
    },
    {
      "square": "h7",
      "type": "p",
      "color": "b"
    },
    {
      "square": "e6",
      "type": "p",
      "color": "b"
    },
    {
      "square": "g6",
      "type": "n",
      "color": "b"
    },
    {
      "square": "h6",
      "type": "k",
      "color": "b"
    },
    {
      "square": "d4",
      "type": "r",
      "color": "b"
    },
    {
      "square": "f4",
      "type": "p",
      "color": "w"
    },
    {
      "square": "g4",
      "type": "r",
      "color": "w"
    },
    {
      "square": "d3",
      "type": "p",
      "color": "b"
    },
    {
      "square": "a2",
      "type": "p",
      "color": "w"
    },
    {
      "square": "b2",
      "type": "p",
      "color": "w"
    },
    {
      "square": "d2",
      "type": "k",
      "color": "w"
    },
    {
      "square": "f2",
      "type": "p",
      "color": "w"
    },
    {
      "square": "c1",
      "type": "r",
      "color": "w"
    }
  ]
}