{
  "event": "Chinese Championship",
  "site": "Xinghua CHN",
  "date": "2010.06.02",
  "eventDate": "2010.05.24",
  "dateMillis": 1275408000000,
  "eventDateMillis": 1274630400000,
  "round": "9",
  "result": "0-1",
  "white": "Ding Liren",
  "black": "Zhou Jianchao",
  "isDingWin": false,
  "isDraw": false,
  "isDingBlack": false,
  "moves": [
    "Kg3",
    "Qg5+",
    "Kh3",
    "Qh5+",
    "Kg3",
    "Qe5+",
    "Kh3",
    "Rd8",
    "Rc1+",
    "Kb8",
    "Rd1",
    "Qe6+",
    "g4",
    "Rf8",
    "Qe4",
    "Qxe4",
    "fxe4",
    "Rf3+",
    "Kh4",
    "Rf2",
    "Rd7",
    "Rxa2",
    "Rxe7",
    "a5",
    "Kg3",
    "a4",
    "Rxh7",
    "a3",
    "Rd7",
    "Re2",
    "h4",
    "Rxe4",
    "h5",
    "gxh5",
    "gxh5",
    "Re6",
    "Rd1",
    "Kc7",
    "Ra1",
    "Ra6",
    "h6",
    "Rxh6",
    "Rxa3",
    "Rf6",
    "Rc3+",
    "Kd6",
    "Rb3",
    "Kc6",
    "Rc3+",
    "Kd5",
    "Rb3",
    "b6",
    "Rb1",
    "Kc6",
    "Rc1+",
    "Kb7",
    "Rb1",
    "Rf8",
    "Kg4",
    "Kc6",
    "Rc1+",
    "Kd5",
    "Rb1",
    "Kc5",
    "Rc1+",
    "Kd4",
    "Rb1",
    "Rb8",
    "Kf3",
    "b5",
    "Ke2",
    "Kc3",
    "Rc1+",
    "Kb2",
    "Rc7",
    "Rd8",
    "Rb7",
    "Rd5",
    "Ke3",
    "Kc3",
    "Rc7+",
    "Kb3"
  ],
  "statePieceCount": 15,
  "endPieceCount": 5,
  "boardState": [
    {
      "square": "c8",
      "type": "k",
      "color": "b"
    },
    {
      "square": "h8",
      "type": "r",
      "color": "b"
    },
    {
      "square": "b7",
      "type": "p",
      "color": "b"
    },
    {
      "square": "e7",
      "type": "p",
      "color": "b"
    },
    {
      "square": "h7",
      "type": "p",
      "color": "b"
    },
    {
      "square": "a6",
      "type": "p",
      "color": "b"
    },
    {
      "square": "g6",
      "type": "p",
      "color": "b"
    },
    {
      "square": "c5",
      "type": "q",
      "color": "b"
    },
    {
      "square": "f3",
      "type": "p",
      "color": "w"
    },
    {
      "square": "a2",
      "type": "p",
      "color": "w"
    },
    {
      "square": "f2",
      "type": "k",
      "color": "w"
    },
    {
      "square": "g2",
      "type": "p",
      "color": "w"
    },
    {
      "square": "h2",
      "type": "p",
      "color": "w"
    },
    {
      "square": "b1",
      "type": "q",
      "color": "w"
    },
    {
      "square": "h1",
      "type": "r",
      "color": "w"
    }
  ]
}