{
  "event": "Chinese Championship",
  "site": "Xinghua CHN",
  "date": "2010.06.03",
  "eventDate": "2010.05.24",
  "dateMillis": 1275494400000,
  "eventDateMillis": 1274630400000,
  "round": "10",
  "result": "1-0",
  "white": "Bu Xiangzhi",
  "black": "Ding Liren",
  "isDingWin": false,
  "isDraw": false,
  "isDingBlack": true,
  "moves": [
    "Kxf8",
    "a4",
    "Kf7",
    "a5",
    "Kf6",
    "Kf3",
    "Ke5",
    "Ke3",
    "h4",
    "Nd3+",
    "Kf6",
    "Kf3",
    "Ke6",
    "Kg4",
    "Kf6+",
    "Kh5",
    "h3",
    "Nf2",
    "Ke5",
    "Kxg5",
    "Kd4",
    "Kf6",
    "Kxc4",
    "e5",
    "Kxb4",
    "e6",
    "c5",
    "Nxh3",
    "c4",
    "Nf4",
    "Kc3",
    "h4",
    "Kd2",
    "Nd5",
    "c6",
    "e7",
    "Bd7",
    "Nb6",
    "c3",
    "Nxd7",
    "c2",
    "e8=Q",
    "c1=Q",
    "Qe5",
    "Qf1+",
    "Ke7"
  ],
  "statePieceCount": 15,
  "endPieceCount": 9,
  "boardState": [
    {
      "square": "c8",
      "type": "b",
      "color": "b"
    },
    {
      "square": "f8",
      "type": "r",
      "color": "w"
    },
    {
      "square": "c7",
      "type": "p",
      "color": "b"
    },
    {
      "square": "g7",
      "type": "k",
      "color": "b"
    },
    {
      "square": "a6",
      "type": "p",
      "color": "b"
    },
    {
      "square": "c6",
      "type": "p",
      "color": "b"
    },
    {
      "square": "c5",
      "type": "n",
      "color": "w"
    },
    {
      "square": "g5",
      "type": "p",
      "color": "b"
    },
    {
      "square": "h5",
      "type": "p",
      "color": "b"
    },
    {
      "square": "b4",
      "type": "p",
      "color": "w"
    },
    {
      "square": "c4",
      "type": "p",
      "color": "w"
    },
    {
      "square": "e4",
      "type": "p",
      "color": "w"
    },
    {
      "square": "a2",
      "type": "p",
      "color": "w"
    },
    {
      "square": "g2",
      "type": "k",
      "color": "w"
    },
    {
      "square": "h2",
      "type": "p",
      "color": "w"
    }
  ]
}