{
  "event": "Hainan Danzhou GM",
  "site": "Danzhou CHN",
  "date": "2010.06.13",
  "eventDate": "2010.06.11",
  "dateMillis": 1276358400000,
  "eventDateMillis": 1276185600000,
  "round": "3",
  "result": "0-1",
  "white": "Ding Liren",
  "black": "Bu Xiangzhi",
  "isDingWin": false,
  "isDraw": false,
  "isDingBlack": false,
  "moves": [
    "Rh1",
    "Bh3+",
    "Kxh3",
    "Qxf2",
    "b8=Q",
    "Bxb8",
    "Qxb8",
    "h5",
    "Qg3",
    "Qxb2",
    "Qg2",
    "Qe5",
    "Rf1",
    "Ne6",
    "Qg3",
    "Qxe4",
    "Kh2",
    "g5",
    "Qb8+",
    "Kg7",
    "Qe8",
    "Qh4+",
    "Kg1",
    "Qd4+"
  ],
  "statePieceCount": 15,
  "endPieceCount": 9,
  "boardState": [
    {
      "square": "f8",
      "type": "n",
      "color": "b"
    },
    {
      "square": "g8",
      "type": "k",
      "color": "b"
    },
    {
      "square": "b7",
      "type": "p",
      "color": "w"
    },
    {
      "square": "f7",
      "type": "p",
      "color": "b"
    },
    {
      "square": "g7",
      "type": "p",
      "color": "b"
    },
    {
      "square": "h7",
      "type": "p",
      "color": "b"
    },
    {
      "square": "e6",
      "type": "b",
      "color": "b"
    },
    {
      "square": "b5",
      "type": "q",
      "color": "w"
    },
    {
      "square": "e4",
      "type": "p",
      "color": "w"
    },
    {
      "square": "f4",
      "type": "q",
      "color": "b"
    },
    {
      "square": "b2",
      "type": "p",
      "color": "w"
    },
    {
      "square": "f2",
      "type": "b",
      "color": "w"
    },
    {
      "square": "g2",
      "type": "k",
      "color": "w"
    },
    {
      "square": "h2",
      "type": "b",
      "color": "b"
    },
    {
      "square": "f1",
      "type": "r",
      "color": "w"
    }
  ]
}