{
  "event": "Hainan Danzhou GM",
  "site": "Danzhou CHN",
  "date": "2010.06.15",
  "eventDate": "2010.06.11",
  "dateMillis": 1276531200000,
  "eventDateMillis": 1276185600000,
  "round": "5",
  "result": "0-1",
  "white": "Wang Hao",
  "black": "Ding Liren",
  "isDingWin": true,
  "isDraw": false,
  "isDingBlack": true,
  "moves": [
    "Rxd3",
    "Kf3",
    "Rd2",
    "Rxb7",
    "h6",
    "Rb1",
    "Rxa2",
    "Kxe3",
    "a5",
    "Kd3",
    "Rb2",
    "Rc1",
    "a4",
    "Rc8+",
    "Kh7",
    "Re8",
    "a3",
    "Kc3",
    "e1=Q+",
    "Rxe1",
    "Rxh2",
    "Re5",
    "Rg2",
    "Kd4",
    "Rxg3",
    "Ra5",
    "Kg6",
    "Ke5",
    "Kh5",
    "f5",
    "Kh4",
    "Ke4",
    "Rg4+",
    "Ke5",
    "Rg3",
    "Ke4",
    "Kh3",
    "Kf4",
    "Kg2",
    "Rc5",
    "Rf3+",
    "Ke4",
    "a2"
  ],
  "statePieceCount": 15,
  "endPieceCount": 8,
  "boardState": [
    {
      "square": "d8",
      "type": "r",
      "color": "b"
    },
    {
      "square": "h8",
      "type": "k",
      "color": "b"
    },
    {
      "square": "b7",
      "type": "p",
      "color": "b"
    },
    {
      "square": "g7",
      "type": "p",
      "color": "b"
    },
    {
      "square": "h7",
      "type": "p",
      "color": "b"
    },
    {
      "square": "a6",
      "type": "p",
      "color": "b"
    },
    {
      "square": "f4",
      "type": "p",
      "color": "w"
    },
    {
      "square": "d3",
      "type": "b",
      "color": "w"
    },
    {
      "square": "e3",
      "type": "p",
      "color": "b"
    },
    {
      "square": "g3",
      "type": "p",
      "color": "w"
    },
    {
      "square": "a2",
      "type": "p",
      "color": "w"
    },
    {
      "square": "e2",
      "type": "p",
      "color": "b"
    },
    {
      "square": "g2",
      "type": "k",
      "color": "w"
    },
    {
      "square": "h2",
      "type": "p",
      "color": "w"
    },
    {
      "square": "b1",
      "type": "r",
      "color": "w"
    }
  ]
}