{
  "event": "Hainan Danzhou GM",
  "site": "Danzhou CHN",
  "date": "2011.05.16",
  "eventDate": "2011.05.17",
  "dateMillis": 1305475200000,
  "eventDateMillis": 1305561600000,
  "round": "2",
  "result": "1/2-1/2",
  "white": "Ding Liren",
  "black": "Bu Xiangzhi",
  "isDingWin": false,
  "isDraw": true,
  "isDingBlack": false,
  "moves": [
    "Rh8",
    "Re7",
    "Nb6",
    "Nxb6",
    "Rxb2+",
    "Ke3",
    "Rxb6",
    "Rd1",
    "h4",
    "d6",
    "h3",
    "d7",
    "Rd8",
    "Rh7",
    "Kc7",
    "Ke4",
    "Re6+",
    "Kf5",
    "Rd6",
    "Rxd6",
    "Kxd6",
    "Rxh3",
    "Rxd7",
    "f4",
    "b5",
    "axb5",
    "Kc5",
    "Ke6",
    "Rd1",
    "f5",
    "Re1+",
    "Kd7",
    "Rd1+",
    "Kc7",
    "Kxb5",
    "Rf3",
    "Rc1+",
    "Kd7",
    "Rd1+",
    "Kc7",
    "Rc1+",
    "Kd7",
    "Rd1+",
    "Kc7"
  ],
  "statePieceCount": 15,
  "endPieceCount": 6,
  "boardState": [
    {
      "square": "b8",
      "type": "k",
      "color": "b"
    },
    {
      "square": "b7",
      "type": "p",
      "color": "b"
    },
    {
      "square": "d7",
      "type": "n",
      "color": "b"
    },
    {
      "square": "h7",
      "type": "r",
      "color": "b"
    },
    {
      "square": "e6",
      "type": "r",
      "color": "w"
    },
    {
      "square": "a5",
      "type": "p",
      "color": "b"
    },
    {
      "square": "d5",
      "type": "p",
      "color": "w"
    },
    {
      "square": "h5",
      "type": "p",
      "color": "b"
    },
    {
      "square": "a4",
      "type": "p",
      "color": "w"
    },
    {
      "square": "b4",
      "type": "r",
      "color": "b"
    },
    {
      "square": "c4",
      "type": "n",
      "color": "w"
    },
    {
      "square": "f3",
      "type": "p",
      "color": "w"
    },
    {
      "square": "b2",
      "type": "p",
      "color": "w"
    },
    {
      "square": "e2",
      "type": "k",
      "color": "w"
    },
    {
      "square": "c1",
      "type": "r",
      "color": "w"
    }
  ]
}