{
  "event": "Hainan Danzhou GM",
  "site": "Danzhou CHN",
  "date": "2011.05.22",
  "eventDate": "2011.05.17",
  "dateMillis": 1305993600000,
  "eventDateMillis": 1305561600000,
  "round": "7",
  "result": "1/2-1/2",
  "white": "Yifan Hou",
  "black": "Ding Liren",
  "isDingWin": false,
  "isDraw": true,
  "isDingBlack": true,
  "moves": [
    "Rb7",
    "R1f2",
    "Rc1+",
    "Kh2",
    "Rd1",
    "Rd4",
    "Kg7",
    "Rff4",
    "b3",
    "axb3",
    "Rd2",
    "b4",
    "Rxb2",
    "h4",
    "f5",
    "Kg3",
    "Re7",
    "Kf3",
    "h5",
    "Rc4",
    "Ree2",
    "g3",
    "Kh6",
    "Rc7",
    "Rf2+",
    "Ke3",
    "Rfe2+",
    "Kf3",
    "Rf2+",
    "Ke3",
    "Rfe2+"
  ],
  "statePieceCount": 15,
  "endPieceCount": 13,
  "boardState": [
    {
      "square": "c8",
      "type": "r",
      "color": "b"
    },
    {
      "square": "g8",
      "type": "k",
      "color": "b"
    },
    {
      "square": "e7",
      "type": "r",
      "color": "b"
    },
    {
      "square": "f7",
      "type": "p",
      "color": "b"
    },
    {
      "square": "h7",
      "type": "p",
      "color": "b"
    },
    {
      "square": "g6",
      "type": "p",
      "color": "b"
    },
    {
      "square": "b4",
      "type": "p",
      "color": "b"
    },
    {
      "square": "f4",
      "type": "r",
      "color": "w"
    },
    {
      "square": "d3",
      "type": "p",
      "color": "w"
    },
    {
      "square": "h3",
      "type": "p",
      "color": "w"
    },
    {
      "square": "a2",
      "type": "p",
      "color": "w"
    },
    {
      "square": "b2",
      "type": "p",
      "color": "w"
    },
    {
      "square": "g2",
      "type": "p",
      "color": "w"
    },
    {
      "square": "f1",
      "type": "r",
      "color": "w"
    },
    {
      "square": "h1",
      "type": "k",
      "color": "w"
    }
  ]
}