{
  "event": "Hainan Danzhou GM",
  "site": "Danzhou CHN",
  "date": "2011.05.24",
  "eventDate": "2011.05.17",
  "dateMillis": 1306166400000,
  "eventDateMillis": 1305561600000,
  "round": "9",
  "result": "1/2-1/2",
  "white": "Li Chao",
  "black": "Ding Liren",
  "isDingWin": false,
  "isDraw": true,
  "isDingBlack": true,
  "moves": [
    "Qf2",
    "Kg8",
    "Kg1",
    "Qc3",
    "e6",
    "Nxe6",
    "d5",
    "Nc5",
    "Qf4",
    "Kg7",
    "Bc4",
    "Qf6",
    "Qxf6+",
    "Kxf6",
    "d6",
    "Nb7",
    "d7",
    "Ke7",
    "Kf2",
    "Nd6",
    "Bd5",
    "Kxd7",
    "Ke3",
    "Ke7",
    "Kd4",
    "Kf6",
    "Bc6",
    "g5",
    "Bf3",
    "h4",
    "a4",
    "Ke6",
    "Kc5",
    "Ke5",
    "Kb6",
    "Nc4+",
    "Kb5",
    "Nb2"
  ],
  "statePieceCount": 15,
  "endPieceCount": 11,
  "boardState": [
    {
      "square": "f7",
      "type": "p",
      "color": "b"
    },
    {
      "square": "h7",
      "type": "k",
      "color": "b"
    },
    {
      "square": "g6",
      "type": "p",
      "color": "b"
    },
    {
      "square": "a5",
      "type": "p",
      "color": "b"
    },
    {
      "square": "e5",
      "type": "p",
      "color": "w"
    },
    {
      "square": "g5",
      "type": "n",
      "color": "b"
    },
    {
      "square": "h5",
      "type": "p",
      "color": "b"
    },
    {
      "square": "d4",
      "type": "p",
      "color": "w"
    },
    {
      "square": "f3",
      "type": "q",
      "color": "w"
    },
    {
      "square": "h3",
      "type": "p",
      "color": "w"
    },
    {
      "square": "a2",
      "type": "p",
      "color": "w"
    },
    {
      "square": "g2",
      "type": "p",
      "color": "w"
    },
    {
      "square": "c1",
      "type": "q",
      "color": "b"
    },
    {
      "square": "f1",
      "type": "b",
      "color": "w"
    },
    {
      "square": "h1",
      "type": "k",
      "color": "w"
    }
  ]
}