{
  "event": "Chinese League",
  "site": "Chaongqing CHN",
  "date": "2011.08.12",
  "eventDate": "2011.04.12",
  "dateMillis": 1313078400000,
  "eventDateMillis": 1302537600000,
  "round": "11",
  "result": "1-0",
  "white": "Ding Liren",
  "black": "Wu Xibin",
  "isDingWin": true,
  "isDraw": false,
  "isDingBlack": false,
  "moves": [
    "Bxb6"
  ],
  "statePieceCount": 15,
  "endPieceCount": 14,
  "boardState": [
    {
      "square": "c8",
      "type": "r",
      "color": "b"
    },
    {
      "square": "a7",
      "type": "b",
      "color": "w"
    },
    {
      "square": "f7",
      "type": "k",
      "color": "b"
    },
    {
      "square": "h7",
      "type": "p",
      "color": "b"
    },
    {
      "square": "b6",
      "type": "p",
      "color": "b"
    },
    {
      "square": "g6",
      "type": "p",
      "color": "b"
    },
    {
      "square": "a5",
      "type": "p",
      "color": "w"
    },
    {
      "square": "b5",
      "type": "p",
      "color": "w"
    },
    {
      "square": "e5",
      "type": "p",
      "color": "b"
    },
    {
      "square": "c4",
      "type": "p",
      "color": "w"
    },
    {
      "square": "d4",
      "type": "b",
      "color": "b"
    },
    {
      "square": "b3",
      "type": "k",
      "color": "w"
    },
    {
      "square": "f3",
      "type": "b",
      "color": "w"
    },
    {
      "square": "g2",
      "type": "p",
      "color": "w"
    },
    {
      "square": "h2",
      "type": "p",
      "color": "w"
    }
  ]
}