{
  "event": "Chinese League",
  "site": "Chaongqing CHN",
  "date": "2011.08.11",
  "eventDate": "2011.04.12",
  "dateMillis": 1312992000000,
  "eventDateMillis": 1302537600000,
  "round": "10",
  "result": "0-1",
  "white": "Wang Shuai",
  "black": "Ding Liren",
  "isDingWin": true,
  "isDraw": false,
  "isDingBlack": true,
  "moves": [
    "Nxh3",
    "Ng4",
    "Kg2",
    "Ne3+",
    "Kf3",
    "Nxc4",
    "Nc3",
    "b5",
    "Ne4",
    "Ne5+",
    "Ke3",
    "Be7",
    "Nf4",
    "Nc4+",
    "Kd4",
    "Nd6",
    "f6",
    "Bf8",
    "Nd5",
    "Nxe4",
    "Kxe4",
    "Bd6",
    "Kf5",
    "Bxg3",
    "Nb4",
    "h4",
    "Kg4",
    "a5",
    "Nc6",
    "a4",
    "a3",
    "Kg6",
    "Nd4",
    "b4",
    "axb4",
    "a3",
    "b5",
    "a2",
    "Nb3",
    "Kxf6",
    "b6",
    "Ke7",
    "b7",
    "Kd7"
  ],
  "statePieceCount": 15,
  "endPieceCount": 8,
  "boardState": [
    {
      "square": "f8",
      "type": "b",
      "color": "b"
    },
    {
      "square": "f7",
      "type": "p",
      "color": "b"
    },
    {
      "square": "a6",
      "type": "p",
      "color": "b"
    },
    {
      "square": "b6",
      "type": "p",
      "color": "b"
    },
    {
      "square": "f6",
      "type": "n",
      "color": "b"
    },
    {
      "square": "h6",
      "type": "k",
      "color": "b"
    },
    {
      "square": "f5",
      "type": "p",
      "color": "w"
    },
    {
      "square": "h5",
      "type": "p",
      "color": "b"
    },
    {
      "square": "c4",
      "type": "p",
      "color": "w"
    },
    {
      "square": "f4",
      "type": "n",
      "color": "w"
    },
    {
      "square": "g3",
      "type": "p",
      "color": "w"
    },
    {
      "square": "h3",
      "type": "p",
      "color": "b"
    },
    {
      "square": "a2",
      "type": "p",
      "color": "w"
    },
    {
      "square": "e2",
      "type": "n",
      "color": "w"
    },
    {
      "square": "g1",
      "type": "k",
      "color": "w"
    }
  ]
}