{
  "event": "Chinese League",
  "site": "Chengdu CHN",
  "date": "2011.05.26",
  "eventDate": "2011.04.12",
  "dateMillis": 1306339200000,
  "eventDateMillis": 1302537600000,
  "round": "4",
  "result": "1-0",
  "white": "Ding Liren",
  "black": "Wang Hao",
  "isDingWin": true,
  "isDraw": false,
  "isDingBlack": false,
  "moves": [
    "Qxa7+",
    "Kf8",
    "Re6"
  ],
  "statePieceCount": 15,
  "endPieceCount": 14,
  "boardState": [
    {
      "square": "d8",
      "type": "r",
      "color": "b"
    },
    {
      "square": "g8",
      "type": "r",
      "color": "b"
    },
    {
      "square": "a7",
      "type": "p",
      "color": "b"
    },
    {
      "square": "f7",
      "type": "k",
      "color": "b"
    },
    {
      "square": "f6",
      "type": "q",
      "color": "b"
    },
    {
      "square": "d5",
      "type": "p",
      "color": "w"
    },
    {
      "square": "g5",
      "type": "p",
      "color": "b"
    },
    {
      "square": "a4",
      "type": "p",
      "color": "w"
    },
    {
      "square": "d4",
      "type": "q",
      "color": "w"
    },
    {
      "square": "g4",
      "type": "p",
      "color": "w"
    },
    {
      "square": "c3",
      "type": "p",
      "color": "b"
    },
    {
      "square": "f3",
      "type": "p",
      "color": "b"
    },
    {
      "square": "e1",
      "type": "r",
      "color": "w"
    },
    {
      "square": "f1",
      "type": "b",
      "color": "w"
    },
    {
      "square": "g1",
      "type": "k",
      "color": "w"
    }
  ]
}