{
  "event": "Chinese League",
  "site": "Ningbo CHN",
  "date": "2011.04.14",
  "eventDate": "2011.04.12",
  "dateMillis": 1302710400000,
  "eventDateMillis": 1302537600000,
  "round": "3",
  "result": "0-1",
  "white": "Ding Liren",
  "black": "Li Chao",
  "isDingWin": false,
  "isDraw": false,
  "isDingBlack": false,
  "moves": [
    "e5",
    "Kc3",
    "e4",
    "Kd2",
    "Re6",
    "c5",
    "Bd7",
    "Bc4",
    "Re8",
    "g4",
    "fxg4",
    "fxe4",
    "Kc6",
    "e5",
    "Bf5",
    "Bf7",
    "Re7",
    "e6",
    "Kd5",
    "Rh1",
    "Bxe6",
    "Bxe6+",
    "Rxe6",
    "Kxd3",
    "Rg6",
    "Rh5+",
    "Kc6",
    "Ke2",
    "g3",
    "Kf1",
    "g2+",
    "Kg1",
    "Rg3"
  ],
  "statePieceCount": 15,
  "endPieceCount": 9,
  "boardState": [
    {
      "square": "c8",
      "type": "b",
      "color": "b"
    },
    {
      "square": "b7",
      "type": "p",
      "color": "b"
    },
    {
      "square": "c7",
      "type": "k",
      "color": "b"
    },
    {
      "square": "e7",
      "type": "p",
      "color": "b"
    },
    {
      "square": "d6",
      "type": "r",
      "color": "b"
    },
    {
      "square": "a5",
      "type": "p",
      "color": "b"
    },
    {
      "square": "b5",
      "type": "b",
      "color": "w"
    },
    {
      "square": "f5",
      "type": "p",
      "color": "b"
    },
    {
      "square": "c4",
      "type": "p",
      "color": "w"
    },
    {
      "square": "a3",
      "type": "p",
      "color": "w"
    },
    {
      "square": "b3",
      "type": "k",
      "color": "w"
    },
    {
      "square": "d3",
      "type": "p",
      "color": "b"
    },
    {
      "square": "f3",
      "type": "p",
      "color": "w"
    },
    {
      "square": "g2",
      "type": "p",
      "color": "w"
    },
    {
      "square": "e1",
      "type": "r",
      "color": "w"
    }
  ]
}