{
  "event": "Chinese Chess Championship",
  "site": "Xinghua CHN",
  "date": "2012.03.29",
  "eventDate": "2012.03.27",
  "dateMillis": 1332950400000,
  "eventDateMillis": 1332777600000,
  "round": "3",
  "result": "1-0",
  "white": "Ding Liren",
  "black": "Li Shilong",
  "isDingWin": true,
  "isDraw": false,
  "isDingBlack": false,
  "moves": [
    "Rxe1",
    "Ra8+",
    "Kg7",
    "a4",
    "Rc1+",
    "Kb4",
    "Rc4+",
    "Kb5",
    "Rxd4",
    "a5",
    "Rd2",
    "Rd8",
    "d4",
    "a6",
    "Rb2+",
    "Kc6",
    "Rc2+",
    "Kb7",
    "Rb2+",
    "Ka8",
    "Rd2",
    "a7",
    "d3",
    "Kb7"
  ],
  "statePieceCount": 15,
  "endPieceCount": 13,
  "boardState": [
    {
      "square": "g8",
      "type": "k",
      "color": "b"
    },
    {
      "square": "f7",
      "type": "p",
      "color": "b"
    },
    {
      "square": "a6",
      "type": "r",
      "color": "w"
    },
    {
      "square": "g6",
      "type": "p",
      "color": "b"
    },
    {
      "square": "d5",
      "type": "p",
      "color": "b"
    },
    {
      "square": "h5",
      "type": "p",
      "color": "b"
    },
    {
      "square": "d4",
      "type": "p",
      "color": "w"
    },
    {
      "square": "f4",
      "type": "p",
      "color": "w"
    },
    {
      "square": "c3",
      "type": "k",
      "color": "w"
    },
    {
      "square": "f3",
      "type": "p",
      "color": "w"
    },
    {
      "square": "g3",
      "type": "p",
      "color": "w"
    },
    {
      "square": "a2",
      "type": "p",
      "color": "w"
    },
    {
      "square": "h2",
      "type": "p",
      "color": "w"
    },
    {
      "square": "a1",
      "type": "r",
      "color": "b"
    },
    {
      "square": "e1",
      "type": "b",
      "color": "w"
    }
  ]
}