{
  "event": "Asian Continental Chess Championship",
  "site": "Ho Chi Minh VIE",
  "date": "2012.05.07",
  "eventDate": "2012.05.05",
  "dateMillis": 1336320000000,
  "eventDateMillis": 1336147200000,
  "round": "3",
  "result": "0-1",
  "white": "Marani Rajendran Venkatesh",
  "black": "Ding Liren",
  "isDingWin": true,
  "isDraw": false,
  "isDingBlack": true,
  "moves": [
    "R8d7",
    "Rf4+",
    "Ke2",
    "Rg2+",
    "Ke3",
    "Re4+",
    "Kf3",
    "Rh2",
    "Kg3",
    "Rhe2",
    "R1d3",
    "R4e3+",
    "Rxe3",
    "Rxe3+",
    "Kf4",
    "Rxh3",
    "Rxb7",
    "Kf6"
  ],
  "statePieceCount": 15,
  "endPieceCount": 11,
  "boardState": [
    {
      "square": "d8",
      "type": "r",
      "color": "w"
    },
    {
      "square": "a7",
      "type": "p",
      "color": "b"
    },
    {
      "square": "b7",
      "type": "p",
      "color": "b"
    },
    {
      "square": "f7",
      "type": "p",
      "color": "b"
    },
    {
      "square": "g7",
      "type": "k",
      "color": "b"
    },
    {
      "square": "g6",
      "type": "p",
      "color": "b"
    },
    {
      "square": "f5",
      "type": "p",
      "color": "b"
    },
    {
      "square": "g5",
      "type": "r",
      "color": "b"
    },
    {
      "square": "e4",
      "type": "r",
      "color": "b"
    },
    {
      "square": "b3",
      "type": "p",
      "color": "w"
    },
    {
      "square": "c3",
      "type": "p",
      "color": "w"
    },
    {
      "square": "h3",
      "type": "p",
      "color": "w"
    },
    {
      "square": "a2",
      "type": "p",
      "color": "w"
    },
    {
      "square": "d1",
      "type": "r",
      "color": "w"
    },
    {
      "square": "f1",
      "type": "k",
      "color": "w"
    }
  ]
}