{
  "event": "Asian Continental Chess Championship",
  "site": "Ho Chi Minh VIE",
  "date": "2012.05.06",
  "eventDate": "2012.05.05",
  "dateMillis": 1336233600000,
  "eventDateMillis": 1336147200000,
  "round": "2",
  "result": "1/2-1/2",
  "white": "Ding Liren",
  "black": "Yu Ruiyuan",
  "isDingWin": false,
  "isDraw": true,
  "isDingBlack": false,
  "moves": [
    "Kxf4",
    "Re7",
    "Rd6",
    "Re5",
    "Rd7+",
    "Re7",
    "Rd6",
    "Re5",
    "Rd5",
    "Re6",
    "Kf5",
    "Re7",
    "Rc5",
    "Re8",
    "Rc7+",
    "Re7",
    "Rxe7+",
    "Kxe7",
    "e5",
    "fxe5",
    "Kxe5",
    "Kd7",
    "Kf5",
    "Ke7",
    "Ke4"
  ],
  "statePieceCount": 15,
  "endPieceCount": 10,
  "boardState": [
    {
      "square": "b7",
      "type": "p",
      "color": "b"
    },
    {
      "square": "d7",
      "type": "r",
      "color": "b"
    },
    {
      "square": "f7",
      "type": "k",
      "color": "b"
    },
    {
      "square": "g7",
      "type": "p",
      "color": "b"
    },
    {
      "square": "a6",
      "type": "p",
      "color": "b"
    },
    {
      "square": "b6",
      "type": "r",
      "color": "w"
    },
    {
      "square": "f6",
      "type": "p",
      "color": "b"
    },
    {
      "square": "h6",
      "type": "p",
      "color": "b"
    },
    {
      "square": "a5",
      "type": "p",
      "color": "w"
    },
    {
      "square": "h5",
      "type": "p",
      "color": "w"
    },
    {
      "square": "e4",
      "type": "p",
      "color": "w"
    },
    {
      "square": "f4",
      "type": "p",
      "color": "b"
    },
    {
      "square": "g4",
      "type": "p",
      "color": "w"
    },
    {
      "square": "e3",
      "type": "k",
      "color": "w"
    },
    {
      "square": "b2",
      "type": "p",
      "color": "w"
    }
  ]
}