{
  "event": "Hainan Danzhou GM",
  "site": "Danzhou CHN",
  "date": "2012.06.05",
  "eventDate": "2012.05.29",
  "dateMillis": 1338825600000,
  "eventDateMillis": 1338220800000,
  "round": "7",
  "result": "0-1",
  "white": "Zhao Jun",
  "black": "Ding Liren",
  "isDingWin": true,
  "isDraw": false,
  "isDingBlack": true,
  "moves": [
    "Nbc2",
    "Kd6",
    "Nf3",
    "Ne4",
    "Ncd4",
    "Ba6",
    "g3",
    "Kc5",
    "Kg2",
    "Bc8",
    "Ng1",
    "Bd7",
    "Nge2",
    "g5",
    "Ng1",
    "Kc4",
    "Ngf3",
    "Kc3",
    "Nh2",
    "Kd2",
    "Nhf3+",
    "Kd1",
    "Ng1",
    "Bc8",
    "Ngf3",
    "g4",
    "Nh2",
    "f5",
    "Kg1",
    "Nd6",
    "Nc6",
    "Ke2",
    "Nd4+",
    "Ke1",
    "Nc2+",
    "Kd2",
    "Nd4",
    "Ba6",
    "Nf1+",
    "Ke1",
    "Nc2+",
    "Kd1",
    "Nd4",
    "Bd3",
    "Nh2",
    "Ke1",
    "Kg2",
    "Ne4",
    "f3",
    "Nd6",
    "Kg1",
    "Nc4",
    "Nc6",
    "Nxe3",
    "Ne5",
    "Be2",
    "fxg4",
    "fxg4",
    "Nxf7",
    "d4"
  ],
  "statePieceCount": 15,
  "endPieceCount": 11,
  "boardState": [
    {
      "square": "d7",
      "type": "k",
      "color": "b"
    },
    {
      "square": "f7",
      "type": "p",
      "color": "b"
    },
    {
      "square": "f6",
      "type": "p",
      "color": "b"
    },
    {
      "square": "g6",
      "type": "p",
      "color": "b"
    },
    {
      "square": "d5",
      "type": "p",
      "color": "b"
    },
    {
      "square": "h5",
      "type": "p",
      "color": "b"
    },
    {
      "square": "b4",
      "type": "n",
      "color": "w"
    },
    {
      "square": "c4",
      "type": "b",
      "color": "b"
    },
    {
      "square": "d4",
      "type": "n",
      "color": "w"
    },
    {
      "square": "h4",
      "type": "p",
      "color": "w"
    },
    {
      "square": "c3",
      "type": "n",
      "color": "b"
    },
    {
      "square": "e3",
      "type": "p",
      "color": "w"
    },
    {
      "square": "f2",
      "type": "p",
      "color": "w"
    },
    {
      "square": "g2",
      "type": "p",
      "color": "w"
    },
    {
      "square": "g1",
      "type": "k",
      "color": "w"
    }
  ]
}