{
  "event": "Hainan Danzhou GM",
  "site": "Danzhou CHN",
  "date": "2012.06.04",
  "eventDate": "2012.05.29",
  "dateMillis": 1338739200000,
  "eventDateMillis": 1338220800000,
  "round": "6",
  "result": "1-0",
  "white": "Ding Liren",
  "black": "Yifan Hou",
  "isDingWin": true,
  "isDraw": false,
  "isDingBlack": false,
  "moves": [
    "Kd7",
    "Be4",
    "g6",
    "Kd2",
    "Bf5",
    "Bxf5+",
    "gxf5",
    "Kc2",
    "Kc6",
    "Rb2",
    "Rd5",
    "Rb8",
    "a4",
    "Ra8",
    "Rb5",
    "Rxa4",
    "Kd5",
    "Ra6",
    "Rb7",
    "Rd6+",
    "Ke4",
    "e6",
    "Rg7",
    "g3",
    "f4",
    "Rd7",
    "Rg8",
    "e7"
  ],
  "statePieceCount": 15,
  "endPieceCount": 12,
  "boardState": [
    {
      "square": "a8",
      "type": "b",
      "color": "w"
    },
    {
      "square": "e7",
      "type": "k",
      "color": "b"
    },
    {
      "square": "g7",
      "type": "p",
      "color": "b"
    },
    {
      "square": "h7",
      "type": "p",
      "color": "b"
    },
    {
      "square": "e6",
      "type": "b",
      "color": "b"
    },
    {
      "square": "a5",
      "type": "p",
      "color": "b"
    },
    {
      "square": "b5",
      "type": "r",
      "color": "b"
    },
    {
      "square": "e5",
      "type": "p",
      "color": "w"
    },
    {
      "square": "c4",
      "type": "p",
      "color": "b"
    },
    {
      "square": "d4",
      "type": "p",
      "color": "w"
    },
    {
      "square": "c3",
      "type": "p",
      "color": "w"
    },
    {
      "square": "a2",
      "type": "r",
      "color": "w"
    },
    {
      "square": "g2",
      "type": "p",
      "color": "w"
    },
    {
      "square": "h2",
      "type": "p",
      "color": "w"
    },
    {
      "square": "e1",
      "type": "k",
      "color": "w"
    }
  ]
}