{
  "event": "World Junior Championship",
  "site": "Athens GRE",
  "date": "2012.08.08",
  "eventDate": "2012.08.02",
  "dateMillis": 1344355200000,
  "eventDateMillis": 1343836800000,
  "round": "7",
  "result": "1-0",
  "white": "Ding Liren",
  "black": "Tal Baron",
  "isDingWin": true,
  "isDraw": false,
  "isDingBlack": false,
  "moves": [
    "Kd7",
    "Qxg7+",
    "Kc6",
    "Qa7",
    "Rxc3",
    "Qa6+",
    "Kd7",
    "Qxa5",
    "Rc1+",
    "Kg2",
    "Ke8",
    "Qb6",
    "Re1",
    "Qxh6",
    "Re7",
    "Qc6+",
    "Rdd7",
    "f4",
    "Kf8",
    "f5",
    "Rc7",
    "Qd6",
    "Kf7",
    "Qxd5+",
    "Kg7",
    "Qd6",
    "Red7",
    "Qg6+",
    "Kh8",
    "d5",
    "c3",
    "d6"
  ],
  "statePieceCount": 15,
  "endPieceCount": 10,
  "boardState": [
    {
      "square": "d8",
      "type": "r",
      "color": "b"
    },
    {
      "square": "g7",
      "type": "p",
      "color": "b"
    },
    {
      "square": "e6",
      "type": "k",
      "color": "b"
    },
    {
      "square": "g6",
      "type": "q",
      "color": "w"
    },
    {
      "square": "h6",
      "type": "p",
      "color": "b"
    },
    {
      "square": "a5",
      "type": "p",
      "color": "b"
    },
    {
      "square": "d5",
      "type": "p",
      "color": "b"
    },
    {
      "square": "c4",
      "type": "p",
      "color": "b"
    },
    {
      "square": "d4",
      "type": "p",
      "color": "w"
    },
    {
      "square": "b3",
      "type": "r",
      "color": "b"
    },
    {
      "square": "c3",
      "type": "p",
      "color": "w"
    },
    {
      "square": "f3",
      "type": "p",
      "color": "w"
    },
    {
      "square": "g3",
      "type": "p",
      "color": "w"
    },
    {
      "square": "h2",
      "type": "p",
      "color": "w"
    },
    {
      "square": "g1",
      "type": "k",
      "color": "w"
    }
  ]
}