{
  "event": "Chess Olympiad",
  "site": "Istanbul TUR",
  "date": "2012.08.29",
  "eventDate": "2012.08.28",
  "dateMillis": 1346169600000,
  "eventDateMillis": 1346083200000,
  "round": "2.9",
  "result": "1/2-1/2",
  "white": "Ding Liren",
  "black": "Sabino Brunello",
  "isDingWin": false,
  "isDraw": true,
  "isDingBlack": false,
  "moves": [
    "Qxb5",
    "h6",
    "Bf4",
    "Bd4",
    "g4",
    "g5",
    "Qb4",
    "Bxf2+",
    "Kxf2",
    "gxf4",
    "Qxf4",
    "Ne4+",
    "Kf1",
    "Rc6",
    "Qb8+",
    "Kg7",
    "Qe5+",
    "Nf6",
    "g5"
  ],
  "statePieceCount": 15,
  "endPieceCount": 10,
  "boardState": [
    {
      "square": "c8",
      "type": "r",
      "color": "b"
    },
    {
      "square": "g8",
      "type": "k",
      "color": "b"
    },
    {
      "square": "f7",
      "type": "p",
      "color": "b"
    },
    {
      "square": "g7",
      "type": "p",
      "color": "b"
    },
    {
      "square": "h7",
      "type": "p",
      "color": "b"
    },
    {
      "square": "f6",
      "type": "n",
      "color": "b"
    },
    {
      "square": "b5",
      "type": "r",
      "color": "b"
    },
    {
      "square": "d5",
      "type": "p",
      "color": "b"
    },
    {
      "square": "c3",
      "type": "b",
      "color": "b"
    },
    {
      "square": "d3",
      "type": "q",
      "color": "w"
    },
    {
      "square": "g3",
      "type": "b",
      "color": "w"
    },
    {
      "square": "h3",
      "type": "p",
      "color": "w"
    },
    {
      "square": "f2",
      "type": "p",
      "color": "w"
    },
    {
      "square": "g2",
      "type": "p",
      "color": "w"
    },
    {
      "square": "g1",
      "type": "k",
      "color": "w"
    }
  ]
}