{
  "event": "Chess Olympiad",
  "site": "Istanbul TUR",
  "date": "2012.09.07",
  "eventDate": "2012.08.28",
  "dateMillis": 1346947200000,
  "eventDateMillis": 1346083200000,
  "round": "10.1",
  "result": "1-0",
  "white": "Ding Liren",
  "black": "Alexander Onischuk",
  "isDingWin": true,
  "isDraw": false,
  "isDingBlack": false,
  "moves": [
    "h5",
    "Rfb7",
    "Rdb6",
    "Rxb6",
    "Rxb6",
    "Rc7",
    "Rb5",
    "b3",
    "Kf5",
    "Ke2",
    "d4",
    "exd4",
    "cxd4",
    "Rc4",
    "Rxb3",
    "Rxd4",
    "Ra3",
    "Kf1",
    "Kg6",
    "Kg2",
    "Rb3",
    "Kh3",
    "Rb2",
    "Kg2",
    "Rb3",
    "Re4",
    "Ra3",
    "Re3",
    "Ra4",
    "Kf3",
    "Kg5",
    "h3",
    "Kg6",
    "Re4",
    "Ra3+",
    "Re3",
    "Ra4",
    "h4",
    "Kf5",
    "Rb3",
    "Kg6",
    "Ke3",
    "Rc4",
    "Rd3",
    "Ra4",
    "Rd4",
    "Ra2",
    "f3",
    "Ra5",
    "g4",
    "Ra1",
    "g5",
    "Rh1",
    "Rd6",
    "Rxh4",
    "f4",
    "Rh1",
    "Rxf6+",
    "Kg7",
    "Rh6",
    "Re1+",
    "Kf2",
    "Rh1",
    "Kg2",
    "Rh4",
    "Kf3",
    "Rh1",
    "Ke4",
    "h4",
    "Kf5",
    "h3",
    "Kg4",
    "h2",
    "Kg3"
  ],
  "statePieceCount": 15,
  "endPieceCount": 7,
  "boardState": [
    {
      "square": "a7",
      "type": "r",
      "color": "w"
    },
    {
      "square": "f7",
      "type": "r",
      "color": "w"
    },
    {
      "square": "h7",
      "type": "p",
      "color": "b"
    },
    {
      "square": "d6",
      "type": "r",
      "color": "b"
    },
    {
      "square": "f6",
      "type": "p",
      "color": "b"
    },
    {
      "square": "g6",
      "type": "k",
      "color": "b"
    },
    {
      "square": "c5",
      "type": "p",
      "color": "b"
    },
    {
      "square": "d5",
      "type": "p",
      "color": "b"
    },
    {
      "square": "b3",
      "type": "r",
      "color": "b"
    },
    {
      "square": "e3",
      "type": "p",
      "color": "w"
    },
    {
      "square": "g3",
      "type": "p",
      "color": "w"
    },
    {
      "square": "b2",
      "type": "p",
      "color": "w"
    },
    {
      "square": "f2",
      "type": "p",
      "color": "w"
    },
    {
      "square": "h2",
      "type": "p",
      "color": "w"
    },
    {
      "square": "f1",
      "type": "k",
      "color": "w"
    }
  ]
}