{
  "event": "Chess Olympiad",
  "site": "Istanbul TUR",
  "date": "2012.09.09",
  "eventDate": "2012.08.28",
  "dateMillis": 1347120000000,
  "eventDateMillis": 1346083200000,
  "round": "11.1",
  "result": "1/2-1/2",
  "white": "Andrei Volokitin",
  "black": "Ding Liren",
  "isDingWin": false,
  "isDraw": true,
  "isDingBlack": true,
  "moves": [
    "Kg6",
    "b3",
    "Rbd7",
    "Rd6",
    "Rxd6",
    "exd6",
    "Rxd6",
    "Ke3",
    "Ra6",
    "Rc2",
    "Kf5",
    "h3",
    "Ra5",
    "Kf3",
    "f6",
    "Ke3",
    "h5",
    "Kf3",
    "Rd5",
    "Ke3",
    "Rd1",
    "Rc5+",
    "Kg6",
    "Rc4",
    "Rh1",
    "h4",
    "Rh2",
    "Rxb4",
    "Rxa2",
    "Kf3",
    "Rh2",
    "Kg3",
    "Rh1",
    "Rb6",
    "Kf5",
    "Rb5+",
    "Ke4",
    "Rb6",
    "Kf5",
    "Rb5+",
    "e5",
    "fxe5",
    "fxe5",
    "Rb4",
    "Rc1",
    "Kf3",
    "Rc3+",
    "Kf2",
    "Rd3",
    "Ke2",
    "Rh3",
    "Kf2",
    "e4",
    "Rb5+",
    "Kg4",
    "Re5",
    "Kf4",
    "Rxh5",
    "Rxb3",
    "Rh8",
    "Rb2+",
    "Kf1",
    "Ke3",
    "h5",
    "Rf2+",
    "Ke1",
    "Rg2",
    "Kf1",
    "Rf2+"
  ],
  "statePieceCount": 15,
  "endPieceCount": 6,
  "boardState": [
    {
      "square": "d8",
      "type": "r",
      "color": "b"
    },
    {
      "square": "b7",
      "type": "r",
      "color": "b"
    },
    {
      "square": "f7",
      "type": "p",
      "color": "b"
    },
    {
      "square": "g7",
      "type": "k",
      "color": "b"
    },
    {
      "square": "a6",
      "type": "r",
      "color": "w"
    },
    {
      "square": "e6",
      "type": "p",
      "color": "b"
    },
    {
      "square": "h6",
      "type": "p",
      "color": "b"
    },
    {
      "square": "e5",
      "type": "p",
      "color": "w"
    },
    {
      "square": "b4",
      "type": "p",
      "color": "b"
    },
    {
      "square": "f4",
      "type": "p",
      "color": "w"
    },
    {
      "square": "a2",
      "type": "p",
      "color": "w"
    },
    {
      "square": "b2",
      "type": "p",
      "color": "w"
    },
    {
      "square": "e2",
      "type": "k",
      "color": "w"
    },
    {
      "square": "h2",
      "type": "p",
      "color": "w"
    },
    {
      "square": "c1",
      "type": "r",
      "color": "w"
    }
  ]
}