{
  "event": "SPICE Cup",
  "site": "St Louis, MO USA",
  "date": "2012.10.13",
  "eventDate": "2012.10.12",
  "dateMillis": 1350057600000,
  "eventDateMillis": 1349971200000,
  "round": "2",
  "result": "1-0",
  "white": "Georg Meier",
  "black": "Ding Liren",
  "isDingWin": false,
  "isDraw": false,
  "isDingBlack": true,
  "moves": [
    "Qxh3",
    "Rxd4",
    "Nxd4",
    "Re1+",
    "Kg2",
    "Nf4+",
    "Kf2",
    "Nxh3+",
    "Kxe1",
    "Kf6",
    "Nb3",
    "b6",
    "Nd4",
    "c5",
    "Nb5",
    "a6",
    "Nc3",
    "Ng5",
    "Ke2",
    "b5",
    "Nd5+",
    "Ke5",
    "Nc7",
    "Kd6",
    "Nxa6",
    "Kc6",
    "b4",
    "cxb4",
    "h4",
    "Ne4",
    "Kd3",
    "Ng3",
    "Kc2",
    "Kb6",
    "Nxb4",
    "Ka5",
    "Kb3",
    "Nh5",
    "Nc2",
    "Nf6",
    "Ne1",
    "Kb6",
    "Nd3",
    "Kc6",
    "Nf4",
    "Kd6",
    "Kb4",
    "Ke5",
    "Ne2",
    "Kf5",
    "Kxb5",
    "Kg4",
    "a4",
    "Nd5",
    "Kc5",
    "Nc7",
    "Nc3",
    "Kxh4",
    "Nd5",
    "Na6+",
    "Kb5",
    "Nb8",
    "Nb4"
  ],
  "statePieceCount": 15,
  "endPieceCount": 5,
  "boardState": [
    {
      "square": "d8",
      "type": "r",
      "color": "b"
    },
    {
      "square": "a7",
      "type": "p",
      "color": "b"
    },
    {
      "square": "b7",
      "type": "p",
      "color": "b"
    },
    {
      "square": "g7",
      "type": "k",
      "color": "b"
    },
    {
      "square": "c6",
      "type": "p",
      "color": "b"
    },
    {
      "square": "g6",
      "type": "n",
      "color": "b"
    },
    {
      "square": "e5",
      "type": "r",
      "color": "b"
    },
    {
      "square": "d4",
      "type": "n",
      "color": "w"
    },
    {
      "square": "g3",
      "type": "q",
      "color": "w"
    },
    {
      "square": "h3",
      "type": "b",
      "color": "b"
    },
    {
      "square": "a2",
      "type": "p",
      "color": "w"
    },
    {
      "square": "b2",
      "type": "p",
      "color": "w"
    },
    {
      "square": "e2",
      "type": "n",
      "color": "w"
    },
    {
      "square": "h2",
      "type": "p",
      "color": "w"
    },
    {
      "square": "h1",
      "type": "k",
      "color": "w"
    }
  ]
}