{
  "event": "SportAccord World Mind Games (Men's Rapid)",
  "site": "Beijing CHN",
  "date": "2012.12.14",
  "eventDate": "2012.12.14",
  "dateMillis": 1355414400000,
  "eventDateMillis": 1355414400000,
  "round": "1.8",
  "result": "1-0",
  "white": "Ding Liren",
  "black": "Vassily Ivanchuk",
  "isDingWin": true,
  "isDraw": false,
  "isDingBlack": false,
  "moves": [
    "Rxc7",
    "Rb3",
    "Ra7",
    "Rb2",
    "Rf1",
    "Rc8",
    "Rf2",
    "Rb1+",
    "Kg2",
    "g4",
    "Rxa5",
    "Rcc1",
    "Re2",
    "Rg1+",
    "Kf2",
    "Rgf1+",
    "Ke3",
    "Rb4",
    "Kd3",
    "Rf3+",
    "Kc2",
    "Kf7",
    "Ra7+",
    "Kf6",
    "Ra6",
    "Kf5",
    "Rexe6",
    "Rc4+",
    "Kd2",
    "Rd4+",
    "Kc2",
    "Rc4+",
    "Kb2",
    "Rb4+",
    "Ka2",
    "Rxa4+",
    "Rxa4",
    "Kxe6",
    "Rxg4",
    "Rf2+",
    "Kb3",
    "Rxh2",
    "Rh4",
    "Rg2",
    "Rxh6+",
    "Kd5",
    "Rg6",
    "Kc5",
    "b6",
    "Rg1",
    "Kc2",
    "Rg2+",
    "Kd3",
    "Rb2",
    "Ke4",
    "Re2+",
    "Kf5",
    "Rf2+"
  ],
  "statePieceCount": 15,
  "endPieceCount": 6,
  "boardState": [
    {
      "square": "f8",
      "type": "r",
      "color": "b"
    },
    {
      "square": "g8",
      "type": "k",
      "color": "b"
    },
    {
      "square": "c7",
      "type": "p",
      "color": "b"
    },
    {
      "square": "e6",
      "type": "p",
      "color": "b"
    },
    {
      "square": "h6",
      "type": "p",
      "color": "b"
    },
    {
      "square": "a5",
      "type": "p",
      "color": "b"
    },
    {
      "square": "b5",
      "type": "p",
      "color": "w"
    },
    {
      "square": "c5",
      "type": "r",
      "color": "w"
    },
    {
      "square": "g5",
      "type": "p",
      "color": "b"
    },
    {
      "square": "a4",
      "type": "p",
      "color": "w"
    },
    {
      "square": "f3",
      "type": "r",
      "color": "b"
    },
    {
      "square": "g3",
      "type": "p",
      "color": "w"
    },
    {
      "square": "h2",
      "type": "p",
      "color": "w"
    },
    {
      "square": "c1",
      "type": "r",
      "color": "w"
    },
    {
      "square": "g1",
      "type": "k",
      "color": "w"
    }
  ]
}