{
  "event": "SportAccord World Mind Games (Men's Rapid)",
  "site": "Beijing CHN",
  "date": "2012.12.15",
  "dateMillis": 1355500800000,
  "eventDateMillis": null,
  "round": "6.1",
  "result": "1/2-1/2",
  "white": "Laurent Fressinet",
  "black": "Ding Liren",
  "isDingWin": false,
  "isDraw": true,
  "isDingBlack": true,
  "moves": [
    "Rxa4",
    "c6",
    "Rxf4",
    "h5",
    "gxh5",
    "c7",
    "Rc4",
    "Rxc4",
    "dxc4",
    "Bd5",
    "Bc8",
    "Bxc4",
    "Kd7",
    "Bf7",
    "Kxc7",
    "Bxh5",
    "Kd7",
    "Bf7",
    "Ke7",
    "Bd5",
    "Be6",
    "Bb7",
    "h5",
    "Kg2",
    "Bc4",
    "Bc8",
    "Bd3",
    "Kg3",
    "Be4",
    "Kh4",
    "f4",
    "Kxh5",
    "f3",
    "Kg4",
    "f2",
    "Ba6",
    "Bg2",
    "Kg3",
    "f1=Q",
    "Bxf1",
    "Bxf1",
    "e6",
    "Kxe6"
  ],
  "statePieceCount": 15,
  "endPieceCount": 3,
  "boardState": [
    {
      "square": "e7",
      "type": "k",
      "color": "b"
    },
    {
      "square": "e6",
      "type": "b",
      "color": "b"
    },
    {
      "square": "g6",
      "type": "p",
      "color": "b"
    },
    {
      "square": "h6",
      "type": "p",
      "color": "b"
    },
    {
      "square": "c5",
      "type": "p",
      "color": "w"
    },
    {
      "square": "d5",
      "type": "p",
      "color": "b"
    },
    {
      "square": "e5",
      "type": "p",
      "color": "w"
    },
    {
      "square": "f5",
      "type": "p",
      "color": "b"
    },
    {
      "square": "a4",
      "type": "q",
      "color": "w"
    },
    {
      "square": "f4",
      "type": "p",
      "color": "w"
    },
    {
      "square": "h4",
      "type": "p",
      "color": "w"
    },
    {
      "square": "a3",
      "type": "r",
      "color": "b"
    },
    {
      "square": "c2",
      "type": "r",
      "color": "w"
    },
    {
      "square": "g2",
      "type": "b",
      "color": "w"
    },
    {
      "square": "g1",
      "type": "k",
      "color": "w"
    }
  ]
}