{
  "event": "Reykjavik Open",
  "site": "Reykjavik ISL",
  "date": "2013.02.19",
  "eventDate": "2013.02.19",
  "dateMillis": 1361203200000,
  "eventDateMillis": 1361203200000,
  "round": "1.5",
  "result": "1/2-1/2",
  "white": "Ding Liren",
  "black": "Sebastian Mihajlov",
  "isDingWin": false,
  "isDraw": true,
  "isDingBlack": false,
  "moves": [
    "Qe5",
    "Rd7",
    "Re7",
    "Rxe7",
    "Qxe7",
    "Bd5",
    "f6",
    "b3",
    "Qe5",
    "Kg2",
    "Qh5",
    "Bc4",
    "Qg6+",
    "Kf3",
    "Qh5+",
    "Kg3",
    "Qg6+",
    "Rg4",
    "Qh5",
    "Rf4",
    "Qg6+",
    "Kf3",
    "Qh5+",
    "Ke4",
    "Qh7+",
    "Kd4",
    "Qd7+",
    "Ke4",
    "Qh7+",
    "Kf3",
    "Qh5+",
    "Kg2",
    "Qg6+",
    "Kf1",
    "Qb1+",
    "Ke2",
    "Qc2+",
    "Kf3",
    "Qg6",
    "e4",
    "Qh5+",
    "Kg3",
    "Qg6+",
    "Rg4",
    "Qh6",
    "Rg8+",
    "Kc7",
    "Kg4",
    "Qd2",
    "Rg7+",
    "Kd6",
    "e5+",
    "fxe5",
    "Rf7",
    "Qd1+",
    "Kg5",
    "Qc1+",
    "Kg6",
    "Qg1+",
    "Kh6",
    "Qc1+"
  ],
  "statePieceCount": 15,
  "endPieceCount": 12,
  "boardState": [
    {
      "square": "b8",
      "type": "k",
      "color": "b"
    },
    {
      "square": "e8",
      "type": "r",
      "color": "b"
    },
    {
      "square": "b7",
      "type": "p",
      "color": "b"
    },
    {
      "square": "f7",
      "type": "p",
      "color": "b"
    },
    {
      "square": "d6",
      "type": "r",
      "color": "w"
    },
    {
      "square": "f6",
      "type": "q",
      "color": "b"
    },
    {
      "square": "a5",
      "type": "p",
      "color": "b"
    },
    {
      "square": "a4",
      "type": "p",
      "color": "w"
    },
    {
      "square": "d4",
      "type": "r",
      "color": "w"
    },
    {
      "square": "h4",
      "type": "p",
      "color": "w"
    },
    {
      "square": "e3",
      "type": "p",
      "color": "w"
    },
    {
      "square": "b2",
      "type": "p",
      "color": "w"
    },
    {
      "square": "f2",
      "type": "p",
      "color": "w"
    },
    {
      "square": "g2",
      "type": "b",
      "color": "w"
    },
    {
      "square": "f1",
      "type": "k",
      "color": "w"
    }
  ]
}