{
  "event": "Reykjavik Open",
  "site": "Reykjavik ISL",
  "date": "2013.02.21",
  "eventDate": "2013.02.19",
  "dateMillis": 1361376000000,
  "eventDateMillis": 1361203200000,
  "round": "4",
  "result": "1/2-1/2",
  "white": "Wei Yi",
  "black": "Ding Liren",
  "isDingWin": false,
  "isDraw": true,
  "isDingBlack": true,
  "moves": [
    "Rxb4",
    "Ra1",
    "Rc4",
    "a2",
    "Rc2",
    "Rb1",
    "Rxa2",
    "Rxc1",
    "Rf2",
    "Kg6",
    "Ke3",
    "Re1+",
    "Kf3",
    "Ra1",
    "Ke4",
    "Re1+",
    "Kf3",
    "Rg1",
    "h3",
    "Ra1",
    "fxg5",
    "hxg5",
    "Re2",
    "Ra3+",
    "Kg2",
    "Kg7",
    "Re1",
    "Kf8",
    "Re2",
    "Ke7",
    "Re1",
    "Ra7",
    "Kg3",
    "Kd7",
    "Re3",
    "Ke7"
  ],
  "statePieceCount": 15,
  "endPieceCount": 10,
  "boardState": [
    {
      "square": "f7",
      "type": "p",
      "color": "b"
    },
    {
      "square": "g7",
      "type": "k",
      "color": "b"
    },
    {
      "square": "e6",
      "type": "p",
      "color": "b"
    },
    {
      "square": "h6",
      "type": "p",
      "color": "b"
    },
    {
      "square": "b5",
      "type": "r",
      "color": "w"
    },
    {
      "square": "e5",
      "type": "p",
      "color": "w"
    },
    {
      "square": "g5",
      "type": "p",
      "color": "b"
    },
    {
      "square": "b4",
      "type": "b",
      "color": "b"
    },
    {
      "square": "f4",
      "type": "p",
      "color": "w"
    },
    {
      "square": "g4",
      "type": "p",
      "color": "w"
    },
    {
      "square": "a3",
      "type": "p",
      "color": "b"
    },
    {
      "square": "f3",
      "type": "k",
      "color": "w"
    },
    {
      "square": "a2",
      "type": "r",
      "color": "b"
    },
    {
      "square": "h2",
      "type": "p",
      "color": "w"
    },
    {
      "square": "c1",
      "type": "b",
      "color": "w"
    }
  ]
}