{
  "event": "Reykjavik Open",
  "site": "Reykjavik ISL",
  "date": "2013.02.20",
  "eventDate": "2013.02.19",
  "dateMillis": 1361289600000,
  "eventDateMillis": 1361203200000,
  "round": "3",
  "result": "1-0",
  "white": "Ding Liren",
  "black": "Gulnar Mammadova",
  "isDingWin": true,
  "isDraw": false,
  "isDingBlack": false,
  "moves": [
    "Ra7",
    "a6",
    "Rb5",
    "Bd3",
    "Qg3",
    "Rxh5",
    "Kf8",
    "e7+",
    "Ke8",
    "Bg6+",
    "Qxg6",
    "Rh8+",
    "Kxe7",
    "Qe5+",
    "Kf7",
    "Qe8+",
    "Kf6",
    "Rf8+",
    "Kg5",
    "Qe5+",
    "Kh4",
    "Qh2+",
    "Kg5",
    "Qf4+",
    "Kh5",
    "Rh8+",
    "Qh6",
    "Rxh6+",
    "gxh6",
    "Qf3+"
  ],
  "statePieceCount": 15,
  "endPieceCount": 10,
  "boardState": [
    {
      "square": "b8",
      "type": "r",
      "color": "b"
    },
    {
      "square": "g8",
      "type": "k",
      "color": "b"
    },
    {
      "square": "e7",
      "type": "r",
      "color": "b"
    },
    {
      "square": "g7",
      "type": "p",
      "color": "b"
    },
    {
      "square": "c6",
      "type": "p",
      "color": "b"
    },
    {
      "square": "e6",
      "type": "p",
      "color": "w"
    },
    {
      "square": "a5",
      "type": "p",
      "color": "w"
    },
    {
      "square": "c5",
      "type": "n",
      "color": "w"
    },
    {
      "square": "f5",
      "type": "r",
      "color": "w"
    },
    {
      "square": "h5",
      "type": "p",
      "color": "b"
    },
    {
      "square": "e4",
      "type": "b",
      "color": "w"
    },
    {
      "square": "g4",
      "type": "q",
      "color": "b"
    },
    {
      "square": "a3",
      "type": "k",
      "color": "w"
    },
    {
      "square": "c3",
      "type": "q",
      "color": "w"
    },
    {
      "square": "a2",
      "type": "p",
      "color": "w"
    }
  ]
}