{
  "event": "Alekhine Memorial",
  "site": "Paris/St Petersburg FRA/RUS",
  "date": "2013.04.29",
  "eventDate": "2013.04.21",
  "dateMillis": 1367164800000,
  "eventDateMillis": 1366473600000,
  "round": "7",
  "result": "1-0",
  "white": "Boris Gelfand",
  "black": "Ding Liren",
  "isDingWin": false,
  "isDraw": false,
  "isDingBlack": true,
  "moves": [
    "Kg1",
    "Be5",
    "Qg4",
    "Qxg4",
    "hxg4",
    "Nc4",
    "a4",
    "Bd4+",
    "Kh2",
    "Be5+",
    "Kh3",
    "Kg7",
    "Be4",
    "Kf8",
    "Kg2",
    "Ke7",
    "Kf3",
    "Kd6",
    "Ra2",
    "Kc7",
    "Ke2",
    "Kb6",
    "Bd3",
    "Nd6",
    "a5+",
    "Kc6",
    "a6",
    "Nb5",
    "Ra5",
    "Nc7",
    "Kd1",
    "Kd6",
    "Bc4",
    "Kc6",
    "Kc2",
    "Kb6",
    "Kb3",
    "Kc6",
    "Rc5+",
    "Kb6",
    "Bd3",
    "Bd4",
    "Rh5",
    "Be3",
    "Kxc3",
    "Bg5",
    "Rh1",
    "Nxa6",
    "Bxa6",
    "Kxa6",
    "Kc4",
    "Kb6",
    "Re1",
    "Bh4",
    "Re6+",
    "Kc7",
    "Kb5",
    "Kd7",
    "Ra6",
    "Ke7",
    "Rxa7+",
    "Ke6",
    "Kc4"
  ],
  "statePieceCount": 15,
  "endPieceCount": 8,
  "boardState": [
    {
      "square": "h8",
      "type": "k",
      "color": "b"
    },
    {
      "square": "a7",
      "type": "p",
      "color": "b"
    },
    {
      "square": "b6",
      "type": "n",
      "color": "b"
    },
    {
      "square": "d6",
      "type": "b",
      "color": "b"
    },
    {
      "square": "f6",
      "type": "p",
      "color": "b"
    },
    {
      "square": "h6",
      "type": "p",
      "color": "b"
    },
    {
      "square": "b4",
      "type": "p",
      "color": "w"
    },
    {
      "square": "d4",
      "type": "q",
      "color": "w"
    },
    {
      "square": "a3",
      "type": "p",
      "color": "w"
    },
    {
      "square": "c3",
      "type": "p",
      "color": "b"
    },
    {
      "square": "g3",
      "type": "q",
      "color": "b"
    },
    {
      "square": "h3",
      "type": "p",
      "color": "w"
    },
    {
      "square": "e2",
      "type": "r",
      "color": "w"
    },
    {
      "square": "g2",
      "type": "b",
      "color": "w"
    },
    {
      "square": "h2",
      "type": "k",
      "color": "w"
    }
  ]
}