{
  "event": "Hainan Danzhou GM",
  "site": "Danzhou CHN",
  "date": "2013.05.29",
  "eventDate": "2013.05.20",
  "dateMillis": 1369756800000,
  "eventDateMillis": 1368979200000,
  "round": "9.4",
  "result": "1-0",
  "white": "Ding Liren",
  "black": "Xiu Deshun",
  "isDingWin": true,
  "isDraw": false,
  "isDingBlack": false,
  "moves": [
    "Nxa4",
    "Rb8",
    "Rb1",
    "Rb5",
    "Nc5",
    "Kf8",
    "Kf1",
    "Be7",
    "Nd3",
    "Rb6",
    "Ke2",
    "Bd6",
    "b5",
    "Ke7",
    "h3",
    "Ke6",
    "Rb3",
    "Kd5",
    "Nb2",
    "Rb8",
    "Kd3",
    "Bc5",
    "Nc4",
    "Bb6",
    "Rb2",
    "Kc5",
    "Rc2",
    "Kd5",
    "Re2",
    "f6",
    "h4",
    "Bc5",
    "Rb2",
    "h5",
    "b6",
    "Kc6",
    "Na5+",
    "Kd7",
    "Nc4",
    "Kc6",
    "f4",
    "Kb7",
    "Rb5",
    "Kc6",
    "Rb2",
    "Kb7",
    "Ra2",
    "Kc6",
    "Ra6",
    "f5",
    "Ra7",
    "Rg8",
    "Rc7+",
    "Kb5",
    "b7"
  ],
  "statePieceCount": 15,
  "endPieceCount": 14,
  "boardState": [
    {
      "square": "d8",
      "type": "r",
      "color": "b"
    },
    {
      "square": "g8",
      "type": "k",
      "color": "b"
    },
    {
      "square": "f7",
      "type": "p",
      "color": "b"
    },
    {
      "square": "g7",
      "type": "p",
      "color": "b"
    },
    {
      "square": "f6",
      "type": "b",
      "color": "b"
    },
    {
      "square": "h6",
      "type": "p",
      "color": "b"
    },
    {
      "square": "c5",
      "type": "n",
      "color": "w"
    },
    {
      "square": "a4",
      "type": "p",
      "color": "b"
    },
    {
      "square": "b4",
      "type": "p",
      "color": "w"
    },
    {
      "square": "d4",
      "type": "p",
      "color": "b"
    },
    {
      "square": "f2",
      "type": "p",
      "color": "w"
    },
    {
      "square": "g2",
      "type": "p",
      "color": "w"
    },
    {
      "square": "h2",
      "type": "p",
      "color": "w"
    },
    {
      "square": "d1",
      "type": "r",
      "color": "w"
    },
    {
      "square": "g1",
      "type": "k",
      "color": "w"
    }
  ]
}