{
  "event": "Biel",
  "site": "Biel SUI",
  "date": "2013.07.22",
  "eventDate": "2012.07.22",
  "dateMillis": 1374422400000,
  "eventDateMillis": 1342886400000,
  "round": "1.3",
  "result": "1/2-1/2",
  "white": "Alexander Moiseenko",
  "black": "Ding Liren",
  "isDingWin": false,
  "isDraw": true,
  "isDingBlack": true,
  "moves": [
    "Rxa8",
    "Kg2",
    "Ra6",
    "Kf2",
    "Kf6",
    "Ke3",
    "Ra3+",
    "Rd3",
    "Rxd3+",
    "Kxd3",
    "Ke6",
    "Nd4+",
    "Ke7",
    "Ne2",
    "Ke6",
    "Nd4+",
    "Ke7",
    "Ne2",
    "Ke6"
  ],
  "statePieceCount": 15,
  "endPieceCount": 12,
  "boardState": [
    {
      "square": "a8",
      "type": "r",
      "color": "w"
    },
    {
      "square": "f8",
      "type": "r",
      "color": "b"
    },
    {
      "square": "f7",
      "type": "p",
      "color": "b"
    },
    {
      "square": "g7",
      "type": "k",
      "color": "b"
    },
    {
      "square": "h7",
      "type": "p",
      "color": "b"
    },
    {
      "square": "d6",
      "type": "p",
      "color": "b"
    },
    {
      "square": "g6",
      "type": "p",
      "color": "b"
    },
    {
      "square": "h5",
      "type": "n",
      "color": "b"
    },
    {
      "square": "e4",
      "type": "p",
      "color": "w"
    },
    {
      "square": "f4",
      "type": "p",
      "color": "w"
    },
    {
      "square": "f3",
      "type": "p",
      "color": "w"
    },
    {
      "square": "e2",
      "type": "n",
      "color": "w"
    },
    {
      "square": "h2",
      "type": "p",
      "color": "w"
    },
    {
      "square": "d1",
      "type": "r",
      "color": "w"
    },
    {
      "square": "h1",
      "type": "k",
      "color": "w"
    }
  ]
}