{
  "event": "Biel (Playoffs)",
  "site": "Biel SUI",
  "date": "2013.08.02",
  "eventDate": "2013.08.02",
  "dateMillis": 1375372800000,
  "eventDateMillis": 1375372800000,
  "round": "1.2",
  "result": "0-1",
  "white": "Ding Liren",
  "black": "Maxime Vachier-Lagrave",
  "isDingWin": false,
  "isDraw": false,
  "isDingBlack": false,
  "moves": [
    "Kxd1",
    "Bxg2",
    "Ke2",
    "Kg6",
    "Kxe3",
    "Kxg5",
    "Nd7",
    "h4",
    "Nxc5",
    "Bc6",
    "Nd3",
    "h3",
    "Kd4"
  ],
  "statePieceCount": 15,
  "endPieceCount": 10,
  "boardState": [
    {
      "square": "b7",
      "type": "b",
      "color": "b"
    },
    {
      "square": "g7",
      "type": "k",
      "color": "b"
    },
    {
      "square": "h7",
      "type": "p",
      "color": "b"
    },
    {
      "square": "a6",
      "type": "p",
      "color": "b"
    },
    {
      "square": "b6",
      "type": "n",
      "color": "w"
    },
    {
      "square": "c5",
      "type": "p",
      "color": "b"
    },
    {
      "square": "g5",
      "type": "p",
      "color": "w"
    },
    {
      "square": "h5",
      "type": "p",
      "color": "b"
    },
    {
      "square": "c4",
      "type": "p",
      "color": "w"
    },
    {
      "square": "c3",
      "type": "p",
      "color": "w"
    },
    {
      "square": "e3",
      "type": "p",
      "color": "b"
    },
    {
      "square": "a2",
      "type": "p",
      "color": "w"
    },
    {
      "square": "g2",
      "type": "p",
      "color": "w"
    },
    {
      "square": "c1",
      "type": "k",
      "color": "w"
    },
    {
      "square": "d1",
      "type": "r",
      "color": "b"
    }
  ]
}