{
  "event": "FIDE World Team Championship",
  "site": "Antalya TUR",
  "date": "2013.11.27",
  "eventDate": "2013.11.26",
  "dateMillis": 1385481600000,
  "eventDateMillis": 1385395200000,
  "round": "2",
  "result": "1-0",
  "white": "Anton Korobov",
  "black": "Ding Liren",
  "isDingWin": false,
  "isDraw": false,
  "isDingBlack": true,
  "moves": [
    "Ke4",
    "Ne7",
    "Rd1",
    "d5+",
    "Bxd5",
    "Rg3",
    "Bc4",
    "Kg7",
    "Rf1",
    "Kh6",
    "Rf7",
    "Ng6",
    "e7",
    "Rg1",
    "Kd5"
  ],
  "statePieceCount": 15,
  "endPieceCount": 14,
  "boardState": [
    {
      "square": "h8",
      "type": "k",
      "color": "b"
    },
    {
      "square": "g7",
      "type": "r",
      "color": "b"
    },
    {
      "square": "h7",
      "type": "p",
      "color": "b"
    },
    {
      "square": "a6",
      "type": "p",
      "color": "b"
    },
    {
      "square": "d6",
      "type": "p",
      "color": "b"
    },
    {
      "square": "e6",
      "type": "p",
      "color": "w"
    },
    {
      "square": "a5",
      "type": "p",
      "color": "b"
    },
    {
      "square": "c5",
      "type": "p",
      "color": "b"
    },
    {
      "square": "f5",
      "type": "n",
      "color": "b"
    },
    {
      "square": "a4",
      "type": "p",
      "color": "w"
    },
    {
      "square": "c4",
      "type": "b",
      "color": "w"
    },
    {
      "square": "b3",
      "type": "p",
      "color": "w"
    },
    {
      "square": "d3",
      "type": "k",
      "color": "w"
    },
    {
      "square": "h3",
      "type": "p",
      "color": "w"
    },
    {
      "square": "e1",
      "type": "r",
      "color": "w"
    }
  ]
}