{
  "event": "Chinese Championship",
  "site": "Xinghua CHN",
  "date": "2014.03.18",
  "eventDate": "2014.03.11",
  "dateMillis": 1395072000000,
  "eventDateMillis": 1394467200000,
  "round": "7",
  "result": "1/2-1/2",
  "white": "Zhou Jianchao",
  "black": "Ding Liren",
  "isDingWin": false,
  "isDraw": true,
  "isDingBlack": true,
  "moves": [
    "Rxg2",
    "Qd1+"
  ],
  "statePieceCount": 15,
  "endPieceCount": 14,
  "boardState": [
    {
      "square": "g8",
      "type": "k",
      "color": "b"
    },
    {
      "square": "e7",
      "type": "p",
      "color": "w"
    },
    {
      "square": "g7",
      "type": "b",
      "color": "b"
    },
    {
      "square": "a6",
      "type": "p",
      "color": "w"
    },
    {
      "square": "h6",
      "type": "p",
      "color": "b"
    },
    {
      "square": "b5",
      "type": "n",
      "color": "w"
    },
    {
      "square": "d5",
      "type": "p",
      "color": "w"
    },
    {
      "square": "e5",
      "type": "p",
      "color": "b"
    },
    {
      "square": "e4",
      "type": "p",
      "color": "w"
    },
    {
      "square": "f4",
      "type": "p",
      "color": "b"
    },
    {
      "square": "a3",
      "type": "b",
      "color": "w"
    },
    {
      "square": "d3",
      "type": "q",
      "color": "b"
    },
    {
      "square": "g2",
      "type": "b",
      "color": "b"
    },
    {
      "square": "g1",
      "type": "r",
      "color": "w"
    },
    {
      "square": "h1",
      "type": "k",
      "color": "w"
    }
  ]
}