{
  "event": "Chinese Championship",
  "site": "Xinghua CHN",
  "date": "2014.03.22",
  "eventDate": "2014.03.11",
  "dateMillis": 1395417600000,
  "eventDateMillis": 1394467200000,
  "round": "11",
  "result": "1-0",
  "white": "Ding Liren",
  "black": "Lin Chen",
  "isDingWin": true,
  "isDraw": false,
  "isDingBlack": false,
  "moves": [
    "Ng8",
    "Qe8",
    "Qb1+",
    "Bd1",
    "Qxa2",
    "h5",
    "Qb2",
    "Qe3",
    "a5",
    "d5",
    "Qf6",
    "f4",
    "Qd8",
    "Qe5",
    "Qh4+",
    "Kd2",
    "Qf2+",
    "Be2",
    "a4",
    "d6",
    "a3",
    "d7",
    "a2",
    "d8=Q"
  ],
  "statePieceCount": 15,
  "endPieceCount": 14,
  "boardState": [
    {
      "square": "d8",
      "type": "q",
      "color": "w"
    },
    {
      "square": "h8",
      "type": "k",
      "color": "b"
    },
    {
      "square": "g7",
      "type": "p",
      "color": "b"
    },
    {
      "square": "a6",
      "type": "p",
      "color": "b"
    },
    {
      "square": "f6",
      "type": "n",
      "color": "b"
    },
    {
      "square": "g6",
      "type": "p",
      "color": "w"
    },
    {
      "square": "f5",
      "type": "q",
      "color": "b"
    },
    {
      "square": "b4",
      "type": "p",
      "color": "b"
    },
    {
      "square": "d4",
      "type": "p",
      "color": "w"
    },
    {
      "square": "h4",
      "type": "p",
      "color": "w"
    },
    {
      "square": "b3",
      "type": "p",
      "color": "w"
    },
    {
      "square": "a2",
      "type": "p",
      "color": "w"
    },
    {
      "square": "e2",
      "type": "b",
      "color": "w"
    },
    {
      "square": "f2",
      "type": "p",
      "color": "w"
    },
    {
      "square": "e1",
      "type": "k",
      "color": "w"
    }
  ]
}