{
  "event": "Chinese Championship",
  "site": "Xinghua CHN",
  "date": "2014.03.21",
  "eventDate": "2014.03.11",
  "dateMillis": 1395331200000,
  "eventDateMillis": 1394467200000,
  "round": "10",
  "result": "1/2-1/2",
  "white": "Wei Yi",
  "black": "Ding Liren",
  "isDingWin": false,
  "isDraw": true,
  "isDingBlack": true,
  "moves": [
    "Rff8",
    "b7",
    "f4",
    "Rd6+",
    "Kc7",
    "gxf4",
    "Rxf4",
    "Rc6+",
    "Kd7",
    "Rd6+",
    "Kc7",
    "Rc6+"
  ],
  "statePieceCount": 15,
  "endPieceCount": 13,
  "boardState": [
    {
      "square": "b8",
      "type": "r",
      "color": "b"
    },
    {
      "square": "d7",
      "type": "k",
      "color": "b"
    },
    {
      "square": "b6",
      "type": "p",
      "color": "w"
    },
    {
      "square": "c6",
      "type": "r",
      "color": "w"
    },
    {
      "square": "e6",
      "type": "p",
      "color": "b"
    },
    {
      "square": "f6",
      "type": "r",
      "color": "b"
    },
    {
      "square": "a5",
      "type": "p",
      "color": "b"
    },
    {
      "square": "e5",
      "type": "p",
      "color": "w"
    },
    {
      "square": "f5",
      "type": "p",
      "color": "b"
    },
    {
      "square": "a4",
      "type": "p",
      "color": "w"
    },
    {
      "square": "g4",
      "type": "p",
      "color": "b"
    },
    {
      "square": "g3",
      "type": "p",
      "color": "w"
    },
    {
      "square": "f2",
      "type": "p",
      "color": "w"
    },
    {
      "square": "g2",
      "type": "b",
      "color": "w"
    },
    {
      "square": "f1",
      "type": "k",
      "color": "w"
    }
  ]
}