{
  "event": "Chinese Championship",
  "site": "Xinghua CHN",
  "date": "2014.03.19",
  "eventDate": "2014.03.11",
  "dateMillis": 1395158400000,
  "eventDateMillis": 1394467200000,
  "round": "8",
  "result": "1/2-1/2",
  "white": "Xiu Deshun",
  "black": "Ding Liren",
  "isDingWin": false,
  "isDraw": true,
  "isDingBlack": true,
  "moves": [
    "Rxf1+",
    "Kxf1",
    "Kf7",
    "Rd6",
    "Rc2",
    "b4",
    "Rb2",
    "Rd4",
    "g5",
    "h4",
    "Kg6",
    "hxg5",
    "Kxg5",
    "Rf4",
    "h5",
    "Rf6",
    "Rxb4",
    "Rxe6"
  ],
  "statePieceCount": 15,
  "endPieceCount": 9,
  "boardState": [
    {
      "square": "c8",
      "type": "r",
      "color": "b"
    },
    {
      "square": "g8",
      "type": "k",
      "color": "b"
    },
    {
      "square": "f7",
      "type": "r",
      "color": "b"
    },
    {
      "square": "g7",
      "type": "p",
      "color": "b"
    },
    {
      "square": "a6",
      "type": "r",
      "color": "w"
    },
    {
      "square": "e6",
      "type": "p",
      "color": "b"
    },
    {
      "square": "h6",
      "type": "p",
      "color": "b"
    },
    {
      "square": "b5",
      "type": "p",
      "color": "b"
    },
    {
      "square": "e5",
      "type": "p",
      "color": "w"
    },
    {
      "square": "e3",
      "type": "p",
      "color": "w"
    },
    {
      "square": "b2",
      "type": "p",
      "color": "w"
    },
    {
      "square": "g2",
      "type": "p",
      "color": "w"
    },
    {
      "square": "h2",
      "type": "p",
      "color": "w"
    },
    {
      "square": "f1",
      "type": "r",
      "color": "w"
    },
    {
      "square": "g1",
      "type": "k",
      "color": "w"
    }
  ]
}