{
  "event": "Asian Nations Cup",
  "site": "Tabriz IRI",
  "date": "2014.05.24",
  "eventDate": "2014.05.22",
  "dateMillis": 1400860800000,
  "eventDateMillis": 1400688000000,
  "round": "4.4",
  "result": "1/2-1/2",
  "white": "Le Quang Liem",
  "black": "Ding Liren",
  "isDingWin": false,
  "isDraw": true,
  "isDingBlack": true,
  "moves": [
    "gxf5",
    "Ke3",
    "Bf8"
  ],
  "statePieceCount": 15,
  "endPieceCount": 14,
  "boardState": [
    {
      "square": "g7",
      "type": "b",
      "color": "b"
    },
    {
      "square": "h7",
      "type": "k",
      "color": "b"
    },
    {
      "square": "g6",
      "type": "p",
      "color": "b"
    },
    {
      "square": "b5",
      "type": "p",
      "color": "b"
    },
    {
      "square": "f5",
      "type": "r",
      "color": "w"
    },
    {
      "square": "h5",
      "type": "p",
      "color": "b"
    },
    {
      "square": "b4",
      "type": "p",
      "color": "w"
    },
    {
      "square": "b3",
      "type": "r",
      "color": "b"
    },
    {
      "square": "d3",
      "type": "p",
      "color": "b"
    },
    {
      "square": "f3",
      "type": "k",
      "color": "w"
    },
    {
      "square": "d2",
      "type": "b",
      "color": "w"
    },
    {
      "square": "f2",
      "type": "p",
      "color": "w"
    },
    {
      "square": "g2",
      "type": "p",
      "color": "w"
    },
    {
      "square": "h2",
      "type": "p",
      "color": "w"
    },
    {
      "square": "d1",
      "type": "r",
      "color": "w"
    }
  ]
}