{
  "event": "Hainan Danzhou GM",
  "site": "Danzhou CHN",
  "date": "2014.06.26",
  "eventDate": "2014.06.25",
  "dateMillis": 1403712000000,
  "eventDateMillis": 1403625600000,
  "round": "2.5",
  "result": "1/2-1/2",
  "white": "Ding Liren",
  "black": "Arkadij Naiditsch",
  "isDingWin": false,
  "isDraw": true,
  "isDingBlack": false,
  "moves": [
    "Rxa2",
    "Bb5",
    "Rc2",
    "Ne3",
    "Rc5",
    "Bc4",
    "Kf8",
    "Ke2",
    "g5",
    "h5",
    "g4",
    "g3",
    "Ke7",
    "Kd3",
    "f5",
    "Kd4",
    "Rc8",
    "Bd3",
    "Kf6",
    "Nc4",
    "e5+",
    "Ke3",
    "Rc5",
    "Ke2",
    "Kg5",
    "Nd6",
    "Rc3",
    "Bxf5",
    "Rxb3",
    "Bg6",
    "Kf6",
    "Ne4+",
    "Ke7",
    "Nd2",
    "Rb2",
    "Kd3",
    "a4",
    "Kc3",
    "a3",
    "Bc2",
    "Rb8",
    "Bb3",
    "Kf6",
    "Ne4+",
    "Ke7",
    "Nd2",
    "Rc8+",
    "Nc4",
    "e4",
    "Kd4",
    "Rf8",
    "Kxe4",
    "Rxf2",
    "Nxa3",
    "Rf3",
    "Bd1",
    "Rxa3",
    "Kf4",
    "Kf6",
    "Kxg4",
    "Ke5",
    "Bf3",
    "Ra2",
    "Bc6",
    "Rc2",
    "Bb7",
    "Rh2",
    "Bc6",
    "Rf2",
    "Bf3",
    "Rf1",
    "Be2",
    "Rf8",
    "Kh3",
    "Ke4",
    "Kg2",
    "Ke3",
    "Bg4",
    "Rf2+",
    "Kg1",
    "Rb2",
    "Kf1",
    "Rb4",
    "Bf5",
    "Kf3",
    "g4",
    "Rd4",
    "Kg1",
    "Rd2",
    "Be6",
    "Rf2",
    "Bf5",
    "Kg3",
    "Bg6",
    "Rf3",
    "g5",
    "hxg5",
    "h6",
    "Ra3",
    "Kf1",
    "Ra1+",
    "Ke2",
    "g4",
    "h7",
    "Rh1",
    "Ke3",
    "Rh6",
    "Bf5",
    "Rh2",
    "Be4",
    "Rh5",
    "Bg6",
    "Rh6",
    "Bf5",
    "Kh4",
    "Kf4",
    "g3",
    "Kf3",
    "Rh5",
    "Bg6",
    "Rxh7",
    "Bxh7",
    "Kh3",
    "Be4",
    "Kh2",
    "Kg4",
    "g2"
  ],
  "statePieceCount": 15,
  "endPieceCount": 4,
  "boardState": [
    {
      "square": "g8",
      "type": "k",
      "color": "b"
    },
    {
      "square": "f7",
      "type": "p",
      "color": "b"
    },
    {
      "square": "g7",
      "type": "p",
      "color": "b"
    },
    {
      "square": "e6",
      "type": "p",
      "color": "b"
    },
    {
      "square": "h6",
      "type": "p",
      "color": "b"
    },
    {
      "square": "a5",
      "type": "p",
      "color": "b"
    },
    {
      "square": "c4",
      "type": "b",
      "color": "w"
    },
    {
      "square": "h4",
      "type": "p",
      "color": "w"
    },
    {
      "square": "b3",
      "type": "p",
      "color": "w"
    },
    {
      "square": "a2",
      "type": "r",
      "color": "w"
    },
    {
      "square": "c2",
      "type": "r",
      "color": "b"
    },
    {
      "square": "f2",
      "type": "p",
      "color": "w"
    },
    {
      "square": "g2",
      "type": "p",
      "color": "w"
    },
    {
      "square": "d1",
      "type": "n",
      "color": "w"
    },
    {
      "square": "f1",
      "type": "k",
      "color": "w"
    }
  ]
}