{
  "event": "Hainan Danzhou GM",
  "site": "Danzhou CHN",
  "date": "2014.07.02",
  "eventDate": "2014.06.25",
  "dateMillis": 1404230400000,
  "eventDateMillis": 1403625600000,
  "round": "7",
  "result": "0-1",
  "white": "Yu Yangyi",
  "black": "Ding Liren",
  "isDingWin": true,
  "isDraw": false,
  "isDingBlack": true,
  "moves": [
    "Rxg7",
    "Qxg7",
    "Rxg7",
    "Kxg7",
    "a4",
    "Rhd5",
    "a5",
    "Rxd4",
    "Qg5+",
    "Kf8",
    "Qf6",
    "R7d5",
    "Qh8+",
    "Ke7",
    "Qb8",
    "Rb5",
    "Qc7+",
    "Kf6",
    "Qc3",
    "e5",
    "a6",
    "bxa6",
    "Qc6+",
    "Kg5",
    "Qxa6",
    "Rdb4",
    "Qa8",
    "Rxb2+",
    "Kc1",
    "Rb8",
    "Qe4",
    "R2b5",
    "Qe3+",
    "Kg6",
    "Qg3+",
    "Kf6",
    "Qh4+",
    "Ke6",
    "Qh6+",
    "Ke7",
    "Qh4+",
    "Kd7",
    "Qf6",
    "Rc5+",
    "Kd2",
    "Rb2+",
    "Kd3",
    "Rb3+",
    "Kd2",
    "Ke8",
    "Qd6",
    "Rbc3",
    "Qf6",
    "Rc2+",
    "Kd1",
    "R2c4",
    "Kd2",
    "Rf4",
    "Qb6",
    "Rd5+",
    "Ke3",
    "Kf8",
    "Qc6",
    "Rfd4",
    "Qf6",
    "Rc5",
    "Ke2",
    "Rb5",
    "Ke3",
    "Rbd5",
    "Qh6+",
    "Ke7",
    "Qg5+",
    "Ke6",
    "Qh6+",
    "Kd7",
    "Qf6",
    "Rf4",
    "Qb6",
    "Rdd4",
    "Qb5+",
    "Kd6",
    "Qe8",
    "Rc4",
    "Kd3",
    "Rfd4+",
    "Ke3",
    "Rc3+",
    "Ke2",
    "Rc7",
    "Ke3",
    "Re7",
    "Qc8",
    "Rd7",
    "Qe8",
    "Rf4",
    "Qb8+",
    "Ke6",
    "Qe8+",
    "Re7",
    "Qh8",
    "f6",
    "Qg8+",
    "Kf5",
    "Qc8+",
    "Kg6",
    "Qg8+",
    "Rg7",
    "Qe8+",
    "Kg5",
    "Qd8",
    "Rg6",
    "Qe8",
    "Rd4",
    "Kf3",
    "Rd3+",
    "Ke4",
    "Rg3",
    "Qc8",
    "Rg4+",
    "Kf3",
    "Rf4+",
    "Ke3",
    "f5",
    "Qd8+",
    "Kg4",
    "Qd1+",
    "Kh4",
    "Qh1+",
    "Kg5",
    "Qh8",
    "e4",
    "Kd4",
    "Rf3",
    "Qh2",
    "Rh6",
    "Qb2",
    "Re6",
    "Kd5",
    "Re7",
    "Kd6",
    "Rh7",
    "Ke5",
    "Rhh3",
    "Qd2+",
    "Kg4",
    "Qe2",
    "Rhg3",
    "Qh2",
    "e3",
    "Qe2",
    "Kh3",
    "Kd4",
    "Rf2",
    "Qe1",
    "Kg2",
    "Kd3",
    "e2+",
    "Kd4",
    "f4",
    "Ke4",
    "Re3+",
    "Kf5",
    "Rf1",
    "Qd2"
  ],
  "statePieceCount": 15,
  "endPieceCount": 7,
  "boardState": [
    {
      "square": "h8",
      "type": "k",
      "color": "b"
    },
    {
      "square": "b7",
      "type": "p",
      "color": "b"
    },
    {
      "square": "d7",
      "type": "r",
      "color": "b"
    },
    {
      "square": "f7",
      "type": "p",
      "color": "b"
    },
    {
      "square": "g7",
      "type": "p",
      "color": "b"
    },
    {
      "square": "e6",
      "type": "p",
      "color": "b"
    },
    {
      "square": "f6",
      "type": "q",
      "color": "b"
    },
    {
      "square": "h5",
      "type": "r",
      "color": "b"
    },
    {
      "square": "d4",
      "type": "p",
      "color": "w"
    },
    {
      "square": "g4",
      "type": "r",
      "color": "w"
    },
    {
      "square": "a3",
      "type": "p",
      "color": "w"
    },
    {
      "square": "g3",
      "type": "r",
      "color": "w"
    },
    {
      "square": "b2",
      "type": "p",
      "color": "w"
    },
    {
      "square": "d2",
      "type": "q",
      "color": "w"
    },
    {
      "square": "b1",
      "type": "k",
      "color": "w"
    }
  ]
}