{
  "event": "Hainan Danzhou GM",
  "site": "Danzhou CHN",
  "date": "2014.07.03",
  "eventDate": "2014.06.25",
  "dateMillis": 1404316800000,
  "eventDateMillis": 1403625600000,
  "round": "8",
  "result": "1/2-1/2",
  "white": "Ding Liren",
  "black": "Qun Ma",
  "isDingWin": false,
  "isDraw": true,
  "isDingBlack": false,
  "moves": [
    "fxe6",
    "hxg6",
    "Ke8",
    "Kg5",
    "Kf8",
    "Kh5",
    "Kg8",
    "Kg5",
    "Kf8",
    "Kh5",
    "Kg8",
    "Kg5"
  ],
  "statePieceCount": 15,
  "endPieceCount": 13,
  "boardState": [
    {
      "square": "b7",
      "type": "p",
      "color": "b"
    },
    {
      "square": "e7",
      "type": "k",
      "color": "b"
    },
    {
      "square": "f7",
      "type": "p",
      "color": "b"
    },
    {
      "square": "g7",
      "type": "p",
      "color": "b"
    },
    {
      "square": "a6",
      "type": "p",
      "color": "b"
    },
    {
      "square": "c6",
      "type": "n",
      "color": "b"
    },
    {
      "square": "e6",
      "type": "b",
      "color": "w"
    },
    {
      "square": "g6",
      "type": "p",
      "color": "b"
    },
    {
      "square": "c5",
      "type": "p",
      "color": "w"
    },
    {
      "square": "e5",
      "type": "p",
      "color": "w"
    },
    {
      "square": "h5",
      "type": "p",
      "color": "w"
    },
    {
      "square": "a4",
      "type": "p",
      "color": "w"
    },
    {
      "square": "f4",
      "type": "k",
      "color": "w"
    },
    {
      "square": "g4",
      "type": "p",
      "color": "w"
    },
    {
      "square": "c3",
      "type": "b",
      "color": "w"
    }
  ]
}