{
  "event": "Chess Olympiad",
  "site": "Tromso NOR",
  "date": "2014.08.05",
  "eventDate": "2014.08.02",
  "dateMillis": 1407168000000,
  "eventDateMillis": 1406908800000,
  "round": "4.4",
  "result": "1/2-1/2",
  "white": "Ding Liren",
  "black": "Alexander Grischuk",
  "isDingWin": false,
  "isDraw": true,
  "isDingBlack": false,
  "moves": [
    "Bxc6",
    "e6",
    "b5",
    "Bd8",
    "d5",
    "Bc7",
    "dxe6",
    "fxe6",
    "Kf3",
    "Kf6",
    "Ke4",
    "Bb6",
    "Kd3",
    "Kf7",
    "Bf3",
    "Kf6",
    "Bg4",
    "Kf7",
    "Bf3",
    "Kf6",
    "Be4",
    "Kf7",
    "Bb7",
    "Kf6",
    "Kc4",
    "Ke7",
    "Bf3",
    "Kf7",
    "Kb4",
    "Kf6",
    "Be2",
    "Kf7",
    "Kc4",
    "Kf6",
    "Bd1",
    "Ba7",
    "Bf3",
    "Bb6",
    "Be2",
    "Ba7",
    "h4",
    "h5",
    "Bd3",
    "Bb6",
    "Kb4",
    "Kf7",
    "Bf1",
    "Ke7",
    "Bg2",
    "Kf7",
    "Bh3",
    "Ke7",
    "Bf1",
    "Kf7",
    "Bd3",
    "Kg7",
    "Be4",
    "Kf6",
    "Bc2",
    "Kf7",
    "Kc4",
    "Kf6",
    "Bd3",
    "Kf7",
    "Be2",
    "Kf6",
    "Bd1",
    "Ba7",
    "Kd3",
    "Bb6",
    "f3",
    "Kf7",
    "Bc2",
    "Kf6",
    "Bb3",
    "Ke7",
    "Bc2",
    "Kf6",
    "Bb1",
    "Kf7",
    "Ba2",
    "Ke7",
    "Bc4",
    "Bc7",
    "Ke2",
    "Kf6",
    "Bd3",
    "Kf7",
    "Bc2",
    "Kf6",
    "Kd3"
  ],
  "statePieceCount": 15,
  "endPieceCount": 12,
  "boardState": [
    {
      "square": "e7",
      "type": "p",
      "color": "b"
    },
    {
      "square": "f7",
      "type": "p",
      "color": "b"
    },
    {
      "square": "g7",
      "type": "k",
      "color": "b"
    },
    {
      "square": "h7",
      "type": "p",
      "color": "b"
    },
    {
      "square": "c6",
      "type": "q",
      "color": "b"
    },
    {
      "square": "f6",
      "type": "b",
      "color": "b"
    },
    {
      "square": "g6",
      "type": "p",
      "color": "b"
    },
    {
      "square": "b4",
      "type": "p",
      "color": "w"
    },
    {
      "square": "d4",
      "type": "p",
      "color": "w"
    },
    {
      "square": "e4",
      "type": "b",
      "color": "w"
    },
    {
      "square": "f4",
      "type": "p",
      "color": "w"
    },
    {
      "square": "e3",
      "type": "p",
      "color": "w"
    },
    {
      "square": "h3",
      "type": "p",
      "color": "w"
    },
    {
      "square": "f2",
      "type": "p",
      "color": "w"
    },
    {
      "square": "g2",
      "type": "k",
      "color": "w"
    }
  ]
}