{
  "event": "Chess Olympiad",
  "site": "Tromso NOR",
  "date": "2014.08.08",
  "eventDate": "2014.08.02",
  "dateMillis": 1407427200000,
  "eventDateMillis": 1406908800000,
  "round": "6.8",
  "result": "0-1",
  "white": "Mohamed Ezat",
  "black": "Ding Liren",
  "isDingWin": true,
  "isDraw": false,
  "isDingBlack": true,
  "moves": [
    "Ke7",
    "Qh4+",
    "f6",
    "g5",
    "Nd2+",
    "Ke2",
    "Kd8+",
    "Be6",
    "fxg5",
    "Qxg5+",
    "Qe7",
    "Qxd2",
    "Kc7",
    "Qh6",
    "Rf8",
    "a4",
    "Qf6",
    "Qh7+",
    "Kb8",
    "Qh2",
    "Qf4",
    "Qg3",
    "c4",
    "a5",
    "c3",
    "Qxf4",
    "Rxf4",
    "Kd3",
    "Rf3+",
    "Kc2",
    "Ka7",
    "Bg4",
    "Rxf2+",
    "Kxc3",
    "Ka6"
  ],
  "statePieceCount": 15,
  "endPieceCount": 8,
  "boardState": [
    {
      "square": "e8",
      "type": "r",
      "color": "b"
    },
    {
      "square": "f8",
      "type": "k",
      "color": "b"
    },
    {
      "square": "b7",
      "type": "p",
      "color": "b"
    },
    {
      "square": "c7",
      "type": "q",
      "color": "b"
    },
    {
      "square": "f7",
      "type": "p",
      "color": "b"
    },
    {
      "square": "d6",
      "type": "p",
      "color": "b"
    },
    {
      "square": "h6",
      "type": "q",
      "color": "w"
    },
    {
      "square": "c5",
      "type": "p",
      "color": "b"
    },
    {
      "square": "d5",
      "type": "p",
      "color": "w"
    },
    {
      "square": "f5",
      "type": "b",
      "color": "w"
    },
    {
      "square": "c4",
      "type": "n",
      "color": "b"
    },
    {
      "square": "g4",
      "type": "p",
      "color": "w"
    },
    {
      "square": "a3",
      "type": "p",
      "color": "w"
    },
    {
      "square": "f2",
      "type": "p",
      "color": "w"
    },
    {
      "square": "f1",
      "type": "k",
      "color": "w"
    }
  ]
}