{
  "event": "Chess Olympiad",
  "site": "Tromso NOR",
  "date": "2014.08.14",
  "eventDate": "2014.08.02",
  "dateMillis": 1407945600000,
  "eventDateMillis": 1406908800000,
  "round": "11.1",
  "result": "1-0",
  "white": "Ding Liren",
  "black": "Grzegorz Gajewski",
  "isDingWin": true,
  "isDraw": false,
  "isDingBlack": false,
  "moves": [
    "Rd1",
    "Qxa2",
    "Qc7",
    "Qa8",
    "d7",
    "d2",
    "Rxd2",
    "Qa1+",
    "Kg2",
    "Qf6",
    "Re2",
    "f4",
    "Qc5+",
    "Kf7",
    "Qh5+",
    "Qg6",
    "Qd5+",
    "Kf8",
    "Re5",
    "fxg3",
    "hxg3"
  ],
  "statePieceCount": 15,
  "endPieceCount": 11,
  "boardState": [
    {
      "square": "d8",
      "type": "r",
      "color": "b"
    },
    {
      "square": "f8",
      "type": "k",
      "color": "b"
    },
    {
      "square": "f7",
      "type": "q",
      "color": "b"
    },
    {
      "square": "g7",
      "type": "p",
      "color": "b"
    },
    {
      "square": "h7",
      "type": "p",
      "color": "b"
    },
    {
      "square": "c6",
      "type": "q",
      "color": "w"
    },
    {
      "square": "d6",
      "type": "p",
      "color": "w"
    },
    {
      "square": "f5",
      "type": "p",
      "color": "b"
    },
    {
      "square": "d3",
      "type": "p",
      "color": "b"
    },
    {
      "square": "g3",
      "type": "p",
      "color": "w"
    },
    {
      "square": "a2",
      "type": "p",
      "color": "w"
    },
    {
      "square": "f2",
      "type": "p",
      "color": "w"
    },
    {
      "square": "h2",
      "type": "p",
      "color": "w"
    },
    {
      "square": "b1",
      "type": "r",
      "color": "w"
    },
    {
      "square": "g1",
      "type": "k",
      "color": "w"
    }
  ]
}