{
  "event": "Qatar Masters",
  "site": "Doha QAT",
  "date": "2014.12.02",
  "eventDate": "2014.11.26",
  "dateMillis": 1417449600000,
  "eventDateMillis": 1416931200000,
  "round": "7.9",
  "result": "1/2-1/2",
  "white": "Ding Liren",
  "black": "Abhijeet Gupta",
  "isDingWin": false,
  "isDraw": true,
  "isDingBlack": false,
  "moves": [
    "Rxf3",
    "Rg1",
    "Qd8+",
    "Ke2",
    "Rf7",
    "Rg4",
    "Qd7",
    "Qe4",
    "Kf8",
    "Qb4+",
    "Kg8",
    "Qe4",
    "Kf8",
    "Rg5",
    "Ne6",
    "Qb4+",
    "Re7",
    "Rg3"
  ],
  "statePieceCount": 15,
  "endPieceCount": 14,
  "boardState": [
    {
      "square": "f8",
      "type": "r",
      "color": "b"
    },
    {
      "square": "g8",
      "type": "k",
      "color": "b"
    },
    {
      "square": "a7",
      "type": "p",
      "color": "b"
    },
    {
      "square": "b7",
      "type": "p",
      "color": "b"
    },
    {
      "square": "g7",
      "type": "n",
      "color": "b"
    },
    {
      "square": "g6",
      "type": "q",
      "color": "w"
    },
    {
      "square": "a5",
      "type": "q",
      "color": "b"
    },
    {
      "square": "e5",
      "type": "p",
      "color": "b"
    },
    {
      "square": "h4",
      "type": "p",
      "color": "w"
    },
    {
      "square": "c3",
      "type": "n",
      "color": "w"
    },
    {
      "square": "f3",
      "type": "p",
      "color": "w"
    },
    {
      "square": "a2",
      "type": "p",
      "color": "w"
    },
    {
      "square": "b2",
      "type": "p",
      "color": "w"
    },
    {
      "square": "d2",
      "type": "k",
      "color": "w"
    },
    {
      "square": "h1",
      "type": "r",
      "color": "w"
    }
  ]
}