{
  "event": "Qatar Masters",
  "site": "Doha QAT",
  "date": "2014.11.29",
  "eventDate": "2014.11.26",
  "dateMillis": 1417190400000,
  "eventDateMillis": 1416931200000,
  "round": "4.14",
  "result": "1/2-1/2",
  "white": "Kamil Miton",
  "black": "Ding Liren",
  "isDingWin": false,
  "isDraw": true,
  "isDingBlack": true,
  "moves": [
    "Qc6",
    "Kf6",
    "Qxd6+",
    "Bxd6",
    "Bc6",
    "Ke5",
    "Be8",
    "Kf6",
    "Bc6",
    "Bc5",
    "Kf1",
    "Ke5",
    "Be8",
    "f4",
    "gxf4+",
    "Kxf4"
  ],
  "statePieceCount": 15,
  "endPieceCount": 11,
  "boardState": [
    {
      "square": "g7",
      "type": "k",
      "color": "b"
    },
    {
      "square": "b6",
      "type": "p",
      "color": "b"
    },
    {
      "square": "d6",
      "type": "q",
      "color": "b"
    },
    {
      "square": "g6",
      "type": "p",
      "color": "b"
    },
    {
      "square": "d5",
      "type": "b",
      "color": "w"
    },
    {
      "square": "f5",
      "type": "p",
      "color": "b"
    },
    {
      "square": "g5",
      "type": "p",
      "color": "b"
    },
    {
      "square": "a4",
      "type": "p",
      "color": "w"
    },
    {
      "square": "b4",
      "type": "b",
      "color": "b"
    },
    {
      "square": "c4",
      "type": "q",
      "color": "w"
    },
    {
      "square": "e4",
      "type": "p",
      "color": "b"
    },
    {
      "square": "g3",
      "type": "p",
      "color": "w"
    },
    {
      "square": "h3",
      "type": "p",
      "color": "w"
    },
    {
      "square": "f2",
      "type": "p",
      "color": "w"
    },
    {
      "square": "g2",
      "type": "k",
      "color": "w"
    }
  ]
}