{
  "event": "Qatar Masters",
  "site": "Doha QAT",
  "date": "2014.12.03",
  "eventDate": "2014.11.26",
  "dateMillis": 1417536000000,
  "eventDateMillis": 1416931200000,
  "round": "8.11",
  "result": "0-1",
  "white": "Daniil Dubov",
  "black": "Ding Liren",
  "isDingWin": true,
  "isDraw": false,
  "isDingBlack": true,
  "moves": [
    "d2",
    "Qd7",
    "Qe2",
    "h5",
    "gxh5",
    "Qd5",
    "Ra6",
    "Qg5+",
    "Kh8",
    "Qd8+",
    "Kg7",
    "Qd4+",
    "Kg6",
    "f4",
    "h6",
    "f5+",
    "Kh7",
    "Qd5",
    "Rf6",
    "Qd7",
    "h4",
    "gxh4",
    "Qg4+",
    "Kh2",
    "Qxh4+",
    "Kg2",
    "Qg4+",
    "Kh2",
    "Qe2+",
    "Kg1",
    "h5",
    "Qd5",
    "h4",
    "Qd4",
    "h3",
    "Qh4+",
    "Rh6"
  ],
  "statePieceCount": 15,
  "endPieceCount": 12,
  "boardState": [
    {
      "square": "a8",
      "type": "r",
      "color": "b"
    },
    {
      "square": "g8",
      "type": "k",
      "color": "b"
    },
    {
      "square": "f7",
      "type": "p",
      "color": "b"
    },
    {
      "square": "h7",
      "type": "p",
      "color": "b"
    },
    {
      "square": "g6",
      "type": "p",
      "color": "b"
    },
    {
      "square": "b5",
      "type": "q",
      "color": "w"
    },
    {
      "square": "h4",
      "type": "p",
      "color": "w"
    },
    {
      "square": "b3",
      "type": "p",
      "color": "w"
    },
    {
      "square": "d3",
      "type": "p",
      "color": "b"
    },
    {
      "square": "f3",
      "type": "q",
      "color": "b"
    },
    {
      "square": "g3",
      "type": "p",
      "color": "w"
    },
    {
      "square": "a2",
      "type": "p",
      "color": "w"
    },
    {
      "square": "f2",
      "type": "p",
      "color": "w"
    },
    {
      "square": "f1",
      "type": "r",
      "color": "w"
    },
    {
      "square": "g1",
      "type": "k",
      "color": "w"
    }
  ]
}