{
  "event": "Qatar Masters",
  "site": "Doha QAT",
  "date": "2014.12.04",
  "eventDate": "2014.11.26",
  "dateMillis": 1417622400000,
  "eventDateMillis": 1416931200000,
  "round": "9.4",
  "result": "1/2-1/2",
  "white": "Ding Liren",
  "black": "Baskaran Adhiban",
  "isDingWin": false,
  "isDraw": true,
  "isDingBlack": false,
  "moves": [
    "Nxe4",
    "Ra1+",
    "Kb2",
    "Rda6",
    "Rh3",
    "R6a2+",
    "Kb3",
    "Ra3+",
    "Kb4",
    "Re3",
    "Ng5",
    "b6",
    "Rxb5",
    "Rd1",
    "Ka4",
    "Ra1+",
    "Kb4",
    "Rd1",
    "Ka4",
    "Ra1+",
    "Kb4"
  ],
  "statePieceCount": 15,
  "endPieceCount": 13,
  "boardState": [
    {
      "square": "b7",
      "type": "p",
      "color": "b"
    },
    {
      "square": "d6",
      "type": "r",
      "color": "b"
    },
    {
      "square": "g6",
      "type": "p",
      "color": "b"
    },
    {
      "square": "h6",
      "type": "k",
      "color": "b"
    },
    {
      "square": "b5",
      "type": "p",
      "color": "b"
    },
    {
      "square": "c5",
      "type": "r",
      "color": "w"
    },
    {
      "square": "e5",
      "type": "p",
      "color": "b"
    },
    {
      "square": "h5",
      "type": "p",
      "color": "b"
    },
    {
      "square": "a4",
      "type": "r",
      "color": "b"
    },
    {
      "square": "e4",
      "type": "b",
      "color": "b"
    },
    {
      "square": "h4",
      "type": "p",
      "color": "w"
    },
    {
      "square": "f3",
      "type": "p",
      "color": "w"
    },
    {
      "square": "d2",
      "type": "n",
      "color": "w"
    },
    {
      "square": "h2",
      "type": "r",
      "color": "w"
    },
    {
      "square": "c1",
      "type": "k",
      "color": "w"
    }
  ]
}