{
  "event": "Tata Steel Masters",
  "site": "Wijk aan Zee NED",
  "date": "2015.01.11",
  "eventDate": "2015.01.09",
  "dateMillis": 1420905600000,
  "eventDateMillis": 1420732800000,
  "round": "2",
  "result": "0-1",
  "white": "Yifan Hou",
  "black": "Ding Liren",
  "isDingWin": true,
  "isDraw": false,
  "isDingBlack": true,
  "moves": [
    "gxh3",
    "Bxe5",
    "Rd7",
    "Bb2",
    "Rd3",
    "e5",
    "Kf2",
    "e4",
    "Rb3",
    "Bc1",
    "Rc3",
    "Bb2",
    "Rb3",
    "Bc1",
    "Rc3",
    "Bg5",
    "Ke2",
    "Kf5",
    "a4",
    "Be7",
    "axb5",
    "axb5",
    "Ke3",
    "Bxc5+",
    "bxc5",
    "Ke5",
    "Rc1",
    "Kd5",
    "Rd1+",
    "Kxc5",
    "Kxe4",
    "Re6+",
    "Kf4",
    "b4",
    "Rc1+",
    "Kb5",
    "Rb1",
    "Rg6",
    "Re1",
    "b3",
    "Re5+",
    "Kb4",
    "Re8",
    "b2",
    "Rb8+",
    "Kc3",
    "Rc8+",
    "Kb3",
    "Rb8+",
    "Kc2",
    "Rc8+",
    "Kb1",
    "Rh8",
    "Rb6"
  ],
  "statePieceCount": 15,
  "endPieceCount": 7,
  "boardState": [
    {
      "square": "a7",
      "type": "r",
      "color": "w"
    },
    {
      "square": "a6",
      "type": "p",
      "color": "b"
    },
    {
      "square": "c6",
      "type": "r",
      "color": "b"
    },
    {
      "square": "e6",
      "type": "p",
      "color": "b"
    },
    {
      "square": "g6",
      "type": "k",
      "color": "b"
    },
    {
      "square": "b5",
      "type": "p",
      "color": "b"
    },
    {
      "square": "c5",
      "type": "b",
      "color": "w"
    },
    {
      "square": "e5",
      "type": "p",
      "color": "w"
    },
    {
      "square": "h5",
      "type": "p",
      "color": "b"
    },
    {
      "square": "b4",
      "type": "p",
      "color": "w"
    },
    {
      "square": "f4",
      "type": "b",
      "color": "b"
    },
    {
      "square": "a3",
      "type": "p",
      "color": "w"
    },
    {
      "square": "h3",
      "type": "p",
      "color": "b"
    },
    {
      "square": "g2",
      "type": "p",
      "color": "w"
    },
    {
      "square": "g1",
      "type": "k",
      "color": "w"
    }
  ]
}