{
  "event": "Tata Steel Masters",
  "site": "Wijk aan Zee NED",
  "date": "2015.01.23",
  "eventDate": "2015.01.10",
  "dateMillis": 1421942400000,
  "eventDateMillis": 1420819200000,
  "round": "11.5",
  "result": "0-1",
  "white": "Radoslaw Wojtaszek",
  "black": "Ding Liren",
  "isDingWin": true,
  "isDraw": false,
  "isDingBlack": true,
  "moves": [
    "Kg5",
    "Qg4+",
    "Kf6",
    "Qe6+",
    "Kg5",
    "Qg4+",
    "Kf6",
    "Qxh4+",
    "Qg5",
    "Qe4",
    "Qe5",
    "Qh4+",
    "Qg5",
    "Qe4",
    "Qe5",
    "Qc2",
    "Qe1+",
    "Kh2",
    "Kg7",
    "f3",
    "Re8",
    "Qf5",
    "Qe5+",
    "Qxe5+",
    "Rxe5",
    "Be4",
    "Re6",
    "Kg3",
    "Rd6",
    "Bd5",
    "a5",
    "Bb7",
    "b5",
    "cxb5",
    "c4",
    "Be4",
    "c3",
    "Kf4",
    "Rd2"
  ],
  "statePieceCount": 15,
  "endPieceCount": 11,
  "boardState": [
    {
      "square": "f8",
      "type": "r",
      "color": "b"
    },
    {
      "square": "a7",
      "type": "p",
      "color": "b"
    },
    {
      "square": "g7",
      "type": "q",
      "color": "b"
    },
    {
      "square": "b6",
      "type": "p",
      "color": "b"
    },
    {
      "square": "e6",
      "type": "q",
      "color": "w"
    },
    {
      "square": "f6",
      "type": "k",
      "color": "b"
    },
    {
      "square": "c5",
      "type": "p",
      "color": "b"
    },
    {
      "square": "d5",
      "type": "b",
      "color": "w"
    },
    {
      "square": "a4",
      "type": "p",
      "color": "w"
    },
    {
      "square": "c4",
      "type": "p",
      "color": "w"
    },
    {
      "square": "h4",
      "type": "p",
      "color": "b"
    },
    {
      "square": "h3",
      "type": "p",
      "color": "w"
    },
    {
      "square": "f2",
      "type": "p",
      "color": "w"
    },
    {
      "square": "g2",
      "type": "p",
      "color": "w"
    },
    {
      "square": "h1",
      "type": "k",
      "color": "w"
    }
  ]
}