{
  "event": "India-China Summit Match",
  "site": "Hyderabad IND",
  "date": "2015.03.10",
  "eventDate": "2015.02.28",
  "dateMillis": 1425916800000,
  "eventDateMillis": 1425052800000,
  "round": "8.4",
  "result": "0-1",
  "white": "Sethuraman P Sethuraman",
  "black": "Ding Liren",
  "isDingWin": true,
  "isDraw": false,
  "isDingBlack": true,
  "moves": [
    "Nxb4",
    "Nd4",
    "Nc6",
    "Qe3",
    "Rd7",
    "Ne6",
    "Rd1+",
    "Kf2",
    "Qf7+",
    "Rf4",
    "Qe7",
    "Re4",
    "Qf6+",
    "Rf4",
    "Qe7",
    "h4",
    "Rd6",
    "Re4",
    "Qf7+",
    "Kg1",
    "Qf6",
    "Kh2",
    "Rd5",
    "Qb6",
    "Ne5",
    "Ng5+",
    "Kg7",
    "Ne6+",
    "Kh7",
    "Rf4",
    "Qe7",
    "Nf8+",
    "Kg7",
    "Ne6+",
    "Kh7",
    "Nf8+",
    "Kg7",
    "h5",
    "Ng4+",
    "Rxg4",
    "Rxh5+",
    "Kg3",
    "Qe1+",
    "Qf2",
    "Qxc3+",
    "Qf3",
    "Qe1+",
    "Qf2",
    "Qxf2+",
    "Kxf2",
    "Rf5+",
    "Ke3",
    "Rxf8",
    "Rb4",
    "Rb8",
    "g4",
    "Kf6",
    "Kf4",
    "Rb6",
    "g5+",
    "hxg5+",
    "Kg4",
    "Ke5"
  ],
  "statePieceCount": 15,
  "endPieceCount": 7,
  "boardState": [
    {
      "square": "d8",
      "type": "r",
      "color": "b"
    },
    {
      "square": "c7",
      "type": "q",
      "color": "b"
    },
    {
      "square": "h7",
      "type": "k",
      "color": "b"
    },
    {
      "square": "g6",
      "type": "p",
      "color": "b"
    },
    {
      "square": "h6",
      "type": "p",
      "color": "b"
    },
    {
      "square": "b5",
      "type": "p",
      "color": "b"
    },
    {
      "square": "d5",
      "type": "n",
      "color": "b"
    },
    {
      "square": "b4",
      "type": "p",
      "color": "w"
    },
    {
      "square": "e4",
      "type": "r",
      "color": "w"
    },
    {
      "square": "c3",
      "type": "p",
      "color": "w"
    },
    {
      "square": "h3",
      "type": "p",
      "color": "w"
    },
    {
      "square": "d2",
      "type": "q",
      "color": "w"
    },
    {
      "square": "e2",
      "type": "n",
      "color": "w"
    },
    {
      "square": "g2",
      "type": "p",
      "color": "w"
    },
    {
      "square": "g1",
      "type": "k",
      "color": "w"
    }
  ]
}