{
  "event": "Chinese Championship",
  "site": "Xinghua CHN",
  "date": "2015.05.28",
  "eventDate": "2015.05.18",
  "dateMillis": 1432742400000,
  "eventDateMillis": 1431878400000,
  "round": "10.4",
  "result": "1/2-1/2",
  "white": "Lin Chen",
  "black": "Ding Liren",
  "isDingWin": false,
  "isDraw": true,
  "isDingBlack": true,
  "moves": [
    "bxc3",
    "Rgf1+",
    "Ke8",
    "Rxd6",
    "Rxd6",
    "exd6",
    "c2",
    "Rc1",
    "Bb3",
    "Nxc2",
    "Rxc2",
    "Rxc2",
    "Bxc2",
    "b4",
    "a4",
    "b5",
    "Kd7",
    "b6",
    "Kxd6",
    "b7",
    "Kc7",
    "b8=N",
    "Kxb8",
    "Kb2",
    "Bb3",
    "Ka1",
    "Kc7",
    "Kb2",
    "Kd6",
    "Ka1",
    "Kc5",
    "Kb2",
    "Kd4",
    "Ka1",
    "Kc3",
    "Kb1",
    "Bc4",
    "Ka1",
    "Kc2"
  ],
  "statePieceCount": 15,
  "endPieceCount": 5,
  "boardState": [
    {
      "square": "d8",
      "type": "r",
      "color": "b"
    },
    {
      "square": "f7",
      "type": "k",
      "color": "b"
    },
    {
      "square": "d6",
      "type": "p",
      "color": "b"
    },
    {
      "square": "e6",
      "type": "b",
      "color": "b"
    },
    {
      "square": "a5",
      "type": "p",
      "color": "b"
    },
    {
      "square": "c5",
      "type": "r",
      "color": "b"
    },
    {
      "square": "e5",
      "type": "p",
      "color": "w"
    },
    {
      "square": "b4",
      "type": "p",
      "color": "b"
    },
    {
      "square": "a3",
      "type": "p",
      "color": "w"
    },
    {
      "square": "c3",
      "type": "p",
      "color": "w"
    },
    {
      "square": "e3",
      "type": "n",
      "color": "w"
    },
    {
      "square": "b2",
      "type": "p",
      "color": "w"
    },
    {
      "square": "a1",
      "type": "k",
      "color": "w"
    },
    {
      "square": "d1",
      "type": "r",
      "color": "w"
    },
    {
      "square": "g1",
      "type": "r",
      "color": "w"
    }
  ]
}