{
  "event": "Hainan Danzhou GM",
  "site": "Danzhou CHN",
  "date": "2015.07.07",
  "eventDate": "2015.07.02",
  "dateMillis": 1436198400000,
  "eventDateMillis": 1435766400000,
  "round": "6",
  "result": "1-0",
  "white": "Ding Liren",
  "black": "Yu Yangyi",
  "isDingWin": true,
  "isDraw": false,
  "isDingBlack": false,
  "moves": [
    "Rf5+",
    "Kd6",
    "Rf6+",
    "Kc5",
    "Rxh6",
    "Rf7",
    "Be2",
    "Rf2",
    "g5",
    "Bc2",
    "Ke1",
    "Rf8",
    "Bg4",
    "Bd3",
    "Rf6",
    "Rxf6",
    "gxf6",
    "Kd6",
    "h5",
    "a5",
    "f7",
    "Ke7",
    "Be6",
    "a4",
    "Kd2",
    "Be4",
    "h6",
    "a3",
    "Kc1",
    "b5",
    "Bxd5",
    "a2",
    "Kb2",
    "Bb1",
    "h7"
  ],
  "statePieceCount": 15,
  "endPieceCount": 11,
  "boardState": [
    {
      "square": "f8",
      "type": "r",
      "color": "w"
    },
    {
      "square": "a7",
      "type": "p",
      "color": "b"
    },
    {
      "square": "d7",
      "type": "r",
      "color": "b"
    },
    {
      "square": "b6",
      "type": "p",
      "color": "b"
    },
    {
      "square": "h6",
      "type": "p",
      "color": "b"
    },
    {
      "square": "d5",
      "type": "p",
      "color": "b"
    },
    {
      "square": "e5",
      "type": "k",
      "color": "b"
    },
    {
      "square": "a4",
      "type": "b",
      "color": "b"
    },
    {
      "square": "c4",
      "type": "p",
      "color": "b"
    },
    {
      "square": "g4",
      "type": "p",
      "color": "w"
    },
    {
      "square": "h4",
      "type": "p",
      "color": "w"
    },
    {
      "square": "c3",
      "type": "p",
      "color": "w"
    },
    {
      "square": "e3",
      "type": "p",
      "color": "w"
    },
    {
      "square": "f3",
      "type": "b",
      "color": "w"
    },
    {
      "square": "d2",
      "type": "k",
      "color": "w"
    }
  ]
}