{
  "event": "World Cup",
  "site": "Baku AZE",
  "date": "2015.09.11",
  "eventDate": "2015.09.11",
  "dateMillis": 1441900800000,
  "eventDateMillis": 1441900800000,
  "round": "1.1",
  "result": "0-1",
  "white": "Tomas Krnan",
  "black": "Ding Liren",
  "isDingWin": true,
  "isDraw": false,
  "isDingBlack": true,
  "moves": [
    "h5",
    "Rh2",
    "Kg6",
    "Be1",
    "Kf7",
    "Re4",
    "Re8",
    "Rxe8",
    "Kxe8",
    "Kd3",
    "Kf7",
    "Bf2",
    "a6",
    "Ke4",
    "Re5+",
    "Kf3",
    "Kg6",
    "Be3",
    "h4",
    "Bf4",
    "Re1",
    "Kg4",
    "Rg1+",
    "Kh3",
    "Kf5",
    "Rf2",
    "Ke6",
    "Rd2",
    "Re1",
    "Bc7",
    "Be7",
    "Bf4",
    "Re4",
    "Bc7",
    "b5",
    "Bb6",
    "a5",
    "Bc7",
    "a4",
    "Bb8",
    "Re1",
    "Bc7",
    "Re3+",
    "Kg4",
    "Re4+",
    "Kf3",
    "Kf5",
    "Bh2",
    "Bg5",
    "Rd6",
    "Re3+",
    "Kf2",
    "Re6",
    "Rd1",
    "Kg4",
    "Bc7",
    "Be3+",
    "Kg2",
    "Bc5",
    "Rd2",
    "Re1",
    "c4",
    "h3+"
  ],
  "statePieceCount": 15,
  "endPieceCount": 13,
  "boardState": [
    {
      "square": "d8",
      "type": "r",
      "color": "b"
    },
    {
      "square": "a7",
      "type": "p",
      "color": "b"
    },
    {
      "square": "b7",
      "type": "p",
      "color": "b"
    },
    {
      "square": "h7",
      "type": "k",
      "color": "b"
    },
    {
      "square": "c6",
      "type": "p",
      "color": "b"
    },
    {
      "square": "e6",
      "type": "r",
      "color": "w"
    },
    {
      "square": "f6",
      "type": "b",
      "color": "b"
    },
    {
      "square": "h6",
      "type": "p",
      "color": "b"
    },
    {
      "square": "f5",
      "type": "r",
      "color": "b"
    },
    {
      "square": "a3",
      "type": "p",
      "color": "w"
    },
    {
      "square": "c3",
      "type": "p",
      "color": "w"
    },
    {
      "square": "b2",
      "type": "p",
      "color": "w"
    },
    {
      "square": "c2",
      "type": "k",
      "color": "w"
    },
    {
      "square": "d2",
      "type": "b",
      "color": "w"
    },
    {
      "square": "g2",
      "type": "r",
      "color": "w"
    }
  ]
}