{
  "event": "World Cup",
  "site": "Baku AZE",
  "date": "2015.09.22",
  "eventDate": "2015.09.11",
  "dateMillis": 1442851200000,
  "eventDateMillis": 1441900800000,
  "round": "4.6",
  "result": "0-1",
  "white": "Ding Liren",
  "black": "Wei Yi",
  "isDingWin": false,
  "isDraw": false,
  "isDingBlack": false,
  "moves": [
    "Kxg3",
    "Kf8",
    "Qc5+",
    "Kg8",
    "d6",
    "Bd7",
    "f3",
    "Qg7+",
    "Kf2",
    "Qf6",
    "h5",
    "Qf4",
    "Qd4",
    "Qh2+",
    "Ke1",
    "Qxh5",
    "Qf6",
    "Qg5",
    "Qe7",
    "Qxe7",
    "dxe7",
    "Kg7",
    "Bf5",
    "Bc6",
    "Be4",
    "Be8",
    "Bb7",
    "Kf6",
    "Bxa6",
    "Kxe7",
    "Bb7",
    "Kd6",
    "Kf2",
    "Bc6",
    "Bc8",
    "Kd5",
    "f4",
    "Kc4",
    "f5",
    "Kxb4",
    "f6",
    "Bd5"
  ],
  "statePieceCount": 15,
  "endPieceCount": 8,
  "boardState": [
    {
      "square": "e8",
      "type": "b",
      "color": "b"
    },
    {
      "square": "c7",
      "type": "q",
      "color": "w"
    },
    {
      "square": "f7",
      "type": "p",
      "color": "b"
    },
    {
      "square": "g7",
      "type": "k",
      "color": "b"
    },
    {
      "square": "a6",
      "type": "p",
      "color": "b"
    },
    {
      "square": "f6",
      "type": "q",
      "color": "b"
    },
    {
      "square": "h6",
      "type": "p",
      "color": "b"
    },
    {
      "square": "b5",
      "type": "p",
      "color": "b"
    },
    {
      "square": "d5",
      "type": "p",
      "color": "w"
    },
    {
      "square": "b4",
      "type": "p",
      "color": "w"
    },
    {
      "square": "e4",
      "type": "b",
      "color": "w"
    },
    {
      "square": "h4",
      "type": "p",
      "color": "w"
    },
    {
      "square": "g3",
      "type": "p",
      "color": "b"
    },
    {
      "square": "f2",
      "type": "p",
      "color": "w"
    },
    {
      "square": "h2",
      "type": "k",
      "color": "w"
    }
  ]
}