{
  "event": "Bilbao Masters",
  "site": "Bilbao ESP",
  "date": "2015.10.26",
  "eventDate": "2015.10.26",
  "dateMillis": 1445788800000,
  "eventDateMillis": 1445788800000,
  "round": "1.1",
  "result": "1-0",
  "white": "Wesley So",
  "black": "Ding Liren",
  "isDingWin": false,
  "isDraw": false,
  "isDingBlack": true,
  "moves": [
    "Qf7",
    "Bg5",
    "b5",
    "Nh6",
    "Qf8",
    "f6",
    "Kh7",
    "Nef5",
    "Kg6",
    "Bh4",
    "e4",
    "f7",
    "e3",
    "Be7",
    "e2",
    "Nh4+",
    "Kh7",
    "Bxf8",
    "e1=Q",
    "Bxd6",
    "Qf2+",
    "Kxh3",
    "Qf1+",
    "Kg4",
    "Qc4+",
    "Bf4",
    "Qe2+",
    "Nf3"
  ],
  "statePieceCount": 15,
  "endPieceCount": 12,
  "boardState": [
    {
      "square": "h8",
      "type": "k",
      "color": "b"
    },
    {
      "square": "a6",
      "type": "p",
      "color": "b"
    },
    {
      "square": "b6",
      "type": "p",
      "color": "b"
    },
    {
      "square": "d6",
      "type": "p",
      "color": "b"
    },
    {
      "square": "h6",
      "type": "b",
      "color": "w"
    },
    {
      "square": "d5",
      "type": "p",
      "color": "w"
    },
    {
      "square": "e5",
      "type": "p",
      "color": "b"
    },
    {
      "square": "f5",
      "type": "p",
      "color": "w"
    },
    {
      "square": "h5",
      "type": "q",
      "color": "b"
    },
    {
      "square": "g4",
      "type": "n",
      "color": "w"
    },
    {
      "square": "e3",
      "type": "n",
      "color": "w"
    },
    {
      "square": "g3",
      "type": "p",
      "color": "w"
    },
    {
      "square": "h3",
      "type": "p",
      "color": "b"
    },
    {
      "square": "a2",
      "type": "p",
      "color": "w"
    },
    {
      "square": "h2",
      "type": "k",
      "color": "w"
    }
  ]
}