{
  "event": "Bilbao Masters",
  "site": "Bilbao ESP",
  "date": "2015.10.30",
  "eventDate": "2015.10.26",
  "dateMillis": 1446134400000,
  "eventDateMillis": 1445788800000,
  "round": "4",
  "result": "1/2-1/2",
  "white": "Ding Liren",
  "black": "Wesley So",
  "isDingWin": false,
  "isDraw": true,
  "isDingBlack": false,
  "moves": [
    "Nf1+",
    "Kg1",
    "Rxg4",
    "hxg4",
    "Ne3",
    "Bh3",
    "Rd1+",
    "Kh2",
    "Rd2+",
    "Kg1",
    "Rd1+",
    "Kh2",
    "Rd2+"
  ],
  "statePieceCount": 15,
  "endPieceCount": 13,
  "boardState": [
    {
      "square": "g8",
      "type": "k",
      "color": "b"
    },
    {
      "square": "g7",
      "type": "r",
      "color": "b"
    },
    {
      "square": "b6",
      "type": "r",
      "color": "w"
    },
    {
      "square": "c5",
      "type": "p",
      "color": "b"
    },
    {
      "square": "c4",
      "type": "p",
      "color": "w"
    },
    {
      "square": "e4",
      "type": "p",
      "color": "w"
    },
    {
      "square": "f4",
      "type": "p",
      "color": "b"
    },
    {
      "square": "g4",
      "type": "r",
      "color": "w"
    },
    {
      "square": "h4",
      "type": "p",
      "color": "b"
    },
    {
      "square": "f3",
      "type": "p",
      "color": "w"
    },
    {
      "square": "g3",
      "type": "n",
      "color": "b"
    },
    {
      "square": "h3",
      "type": "p",
      "color": "w"
    },
    {
      "square": "d2",
      "type": "r",
      "color": "b"
    },
    {
      "square": "g2",
      "type": "b",
      "color": "w"
    },
    {
      "square": "h2",
      "type": "k",
      "color": "w"
    }
  ]
}