{
  "event": "Chinese Team Championship",
  "site": "China CHN",
  "date": "2015.08.23",
  "eventDate": "2015.04.10",
  "dateMillis": 1440259200000,
  "eventDateMillis": 1428595200000,
  "round": "15.5",
  "result": "0-1",
  "white": "Ni Hua",
  "black": "Ding Liren",
  "isDingWin": true,
  "isDraw": false,
  "isDingBlack": true,
  "moves": [
    "Nxc6+",
    "Kd7",
    "Ne5+",
    "Ke6",
    "Qd5+",
    "Ke7",
    "Nc6+",
    "Kf8",
    "Qd6+",
    "Kg7",
    "Qd4+",
    "Kh7",
    "Qd3+",
    "Qg6"
  ],
  "statePieceCount": 15,
  "endPieceCount": 14,
  "boardState": [
    {
      "square": "a8",
      "type": "r",
      "color": "b"
    },
    {
      "square": "d8",
      "type": "k",
      "color": "b"
    },
    {
      "square": "e8",
      "type": "q",
      "color": "b"
    },
    {
      "square": "a7",
      "type": "p",
      "color": "b"
    },
    {
      "square": "c6",
      "type": "p",
      "color": "b"
    },
    {
      "square": "h6",
      "type": "p",
      "color": "b"
    },
    {
      "square": "c5",
      "type": "q",
      "color": "w"
    },
    {
      "square": "e5",
      "type": "n",
      "color": "w"
    },
    {
      "square": "c4",
      "type": "p",
      "color": "w"
    },
    {
      "square": "e3",
      "type": "p",
      "color": "b"
    },
    {
      "square": "h3",
      "type": "p",
      "color": "w"
    },
    {
      "square": "a2",
      "type": "p",
      "color": "w"
    },
    {
      "square": "b2",
      "type": "p",
      "color": "w"
    },
    {
      "square": "e2",
      "type": "r",
      "color": "b"
    },
    {
      "square": "c1",
      "type": "k",
      "color": "w"
    }
  ]
}