{
  "event": "Tata Steel Masters",
  "site": "Wijk aan Zee NED",
  "date": "2016.01.16",
  "eventDate": "2016.01.15",
  "dateMillis": 1452873600000,
  "eventDateMillis": 1452787200000,
  "round": "1",
  "result": "1-0",
  "white": "Ding Liren",
  "black": "Michael Adams",
  "isDingWin": true,
  "isDraw": false,
  "isDingBlack": false,
  "moves": [
    "g6",
    "Bg2",
    "Bg4",
    "Bf1",
    "Be6",
    "Bg2",
    "Bg4",
    "Bf3",
    "Bxf3",
    "Kxf3",
    "Ne6",
    "e3",
    "Kg7",
    "h3",
    "h5",
    "Nd5",
    "Rh2",
    "h4",
    "Rc2",
    "Nb6",
    "Rc3",
    "Ke4",
    "Rc1",
    "Kf3",
    "Rc3",
    "Nd5",
    "Rb3",
    "Ke4",
    "Rb1",
    "Nc3",
    "Rb4+",
    "Kd5",
    "Kf8",
    "Ne4",
    "Rb3",
    "Nd6",
    "Rd3+",
    "Ke5",
    "Nd8",
    "Rd7",
    "Rxe3+",
    "Kf6",
    "Re6+",
    "Kg5",
    "Kg7",
    "f5",
    "Re3",
    "f6+",
    "Kh7",
    "Rxd8",
    "Re4",
    "Rh8+"
  ],
  "statePieceCount": 15,
  "endPieceCount": 11,
  "boardState": [
    {
      "square": "f8",
      "type": "n",
      "color": "b"
    },
    {
      "square": "a7",
      "type": "r",
      "color": "w"
    },
    {
      "square": "e7",
      "type": "n",
      "color": "w"
    },
    {
      "square": "f7",
      "type": "p",
      "color": "b"
    },
    {
      "square": "g7",
      "type": "p",
      "color": "b"
    },
    {
      "square": "h7",
      "type": "k",
      "color": "b"
    },
    {
      "square": "e6",
      "type": "b",
      "color": "b"
    },
    {
      "square": "h6",
      "type": "p",
      "color": "b"
    },
    {
      "square": "f4",
      "type": "p",
      "color": "w"
    },
    {
      "square": "g3",
      "type": "p",
      "color": "w"
    },
    {
      "square": "c2",
      "type": "r",
      "color": "b"
    },
    {
      "square": "e2",
      "type": "p",
      "color": "w"
    },
    {
      "square": "f2",
      "type": "k",
      "color": "w"
    },
    {
      "square": "h2",
      "type": "p",
      "color": "w"
    },
    {
      "square": "f1",
      "type": "b",
      "color": "w"
    }
  ]
}