{
  "event": "IMSA Elite Mind Games (Blitz)",
  "site": "Huai'an CHN",
  "date": "2016.02.28",
  "eventDate": "2016.02.28",
  "dateMillis": 1456588800000,
  "eventDateMillis": 1456588800000,
  "round": "2.5",
  "result": "0-1",
  "white": "Sergei Movsesian",
  "black": "Ding Liren",
  "isDingWin": true,
  "isDraw": false,
  "isDingBlack": true,
  "moves": [
    "Ra1",
    "d2",
    "Kf1",
    "Bb8",
    "Ke2",
    "Bb7",
    "f3",
    "Ke6",
    "Kxd2",
    "Be5",
    "Ra7",
    "Bc6",
    "Kd3",
    "Bd4",
    "Rh7",
    "Bd7",
    "h4",
    "gxh4",
    "Rxh4",
    "Ke5",
    "Rh5+",
    "Kf4",
    "Ke2",
    "Be8",
    "Rh4+",
    "Kf5",
    "Re4",
    "Bg6",
    "g4+",
    "Kg5",
    "Re7",
    "Bc2",
    "Rg7+",
    "Kf4",
    "Re7",
    "Bxb3",
    "Re4+",
    "Kg5",
    "Kd3",
    "Ba2",
    "Re8",
    "b3",
    "Rg8+",
    "Kf4"
  ],
  "statePieceCount": 15,
  "endPieceCount": 11,
  "boardState": [
    {
      "square": "a7",
      "type": "b",
      "color": "b"
    },
    {
      "square": "f7",
      "type": "k",
      "color": "b"
    },
    {
      "square": "a6",
      "type": "b",
      "color": "b"
    },
    {
      "square": "f6",
      "type": "p",
      "color": "b"
    },
    {
      "square": "c5",
      "type": "p",
      "color": "b"
    },
    {
      "square": "g5",
      "type": "p",
      "color": "b"
    },
    {
      "square": "b4",
      "type": "p",
      "color": "b"
    },
    {
      "square": "c4",
      "type": "p",
      "color": "w"
    },
    {
      "square": "b3",
      "type": "p",
      "color": "w"
    },
    {
      "square": "d3",
      "type": "p",
      "color": "b"
    },
    {
      "square": "h3",
      "type": "p",
      "color": "w"
    },
    {
      "square": "f2",
      "type": "p",
      "color": "w"
    },
    {
      "square": "g2",
      "type": "p",
      "color": "w"
    },
    {
      "square": "e1",
      "type": "r",
      "color": "w"
    },
    {
      "square": "g1",
      "type": "k",
      "color": "w"
    }
  ]
}