{
  "event": "IMSA Elite Mind Games (Rapid)",
  "site": "Huai'an CHN",
  "date": "2016.02.26",
  "eventDate": "2016.02.26",
  "dateMillis": 1456416000000,
  "eventDateMillis": 1456416000000,
  "round": "3.5",
  "result": "0-1",
  "white": "David Navara",
  "black": "Ding Liren",
  "isDingWin": true,
  "isDraw": false,
  "isDingBlack": true,
  "moves": [
    "Kxf8",
    "Qd8+",
    "Kg7",
    "Qg5+",
    "Kh7",
    "Rd1",
    "Qf3+",
    "Ke1",
    "Nc3",
    "Qh4+",
    "Kg6"
  ],
  "statePieceCount": 15,
  "endPieceCount": 14,
  "boardState": [
    {
      "square": "f8",
      "type": "r",
      "color": "w"
    },
    {
      "square": "g8",
      "type": "k",
      "color": "b"
    },
    {
      "square": "a7",
      "type": "p",
      "color": "b"
    },
    {
      "square": "f7",
      "type": "p",
      "color": "b"
    },
    {
      "square": "b6",
      "type": "p",
      "color": "b"
    },
    {
      "square": "d4",
      "type": "p",
      "color": "b"
    },
    {
      "square": "h4",
      "type": "q",
      "color": "w"
    },
    {
      "square": "b3",
      "type": "p",
      "color": "w"
    },
    {
      "square": "h3",
      "type": "q",
      "color": "b"
    },
    {
      "square": "a2",
      "type": "p",
      "color": "w"
    },
    {
      "square": "e2",
      "type": "n",
      "color": "b"
    },
    {
      "square": "f2",
      "type": "k",
      "color": "w"
    },
    {
      "square": "g2",
      "type": "b",
      "color": "b"
    },
    {
      "square": "h2",
      "type": "p",
      "color": "w"
    },
    {
      "square": "f1",
      "type": "r",
      "color": "w"
    }
  ]
}