{
  "event": "IMSA Elite Mind Games (Blitz)",
  "site": "Huai'an CHN",
  "date": "2016.03.01",
  "eventDate": "2016.02.28",
  "dateMillis": 1456761600000,
  "eventDateMillis": 1456588800000,
  "round": "23.8",
  "result": "0-1",
  "white": "Ding Liren",
  "black": "David Navara",
  "isDingWin": false,
  "isDraw": false,
  "isDingBlack": false,
  "moves": [
    "Kh6",
    "f4",
    "Qh3+",
    "Kf3",
    "Qh1+",
    "Ke3",
    "Qe1+",
    "Kd4",
    "Qd2+",
    "Qd3",
    "Qb4+",
    "Qc4",
    "Qd2+",
    "Qd3",
    "Qf2+",
    "Qe3",
    "Qxe3+",
    "Kxe3",
    "Rb5",
    "Kd4",
    "Rxb3",
    "g4",
    "Rg3",
    "g5+",
    "fxg5",
    "e5",
    "dxe5+",
    "fxe5",
    "Rg1",
    "e6",
    "Re1",
    "Kd5",
    "g4",
    "Rb7",
    "g3",
    "Rb2",
    "Kg5",
    "Kd6",
    "Kg4",
    "e7",
    "Kh3",
    "Kd7",
    "g2"
  ],
  "statePieceCount": 15,
  "endPieceCount": 9,
  "boardState": [
    {
      "square": "e7",
      "type": "r",
      "color": "w"
    },
    {
      "square": "g7",
      "type": "k",
      "color": "b"
    },
    {
      "square": "h7",
      "type": "p",
      "color": "b"
    },
    {
      "square": "d6",
      "type": "p",
      "color": "b"
    },
    {
      "square": "f6",
      "type": "p",
      "color": "b"
    },
    {
      "square": "g6",
      "type": "p",
      "color": "b"
    },
    {
      "square": "a5",
      "type": "p",
      "color": "b"
    },
    {
      "square": "h5",
      "type": "r",
      "color": "b"
    },
    {
      "square": "c4",
      "type": "q",
      "color": "w"
    },
    {
      "square": "e4",
      "type": "p",
      "color": "w"
    },
    {
      "square": "g4",
      "type": "k",
      "color": "w"
    },
    {
      "square": "b3",
      "type": "p",
      "color": "w"
    },
    {
      "square": "f3",
      "type": "p",
      "color": "w"
    },
    {
      "square": "g3",
      "type": "p",
      "color": "w"
    },
    {
      "square": "h2",
      "type": "q",
      "color": "b"
    }
  ]
}