{
  "event": "IMSA Elite Mind Games (Blitz)",
  "site": "Huai'an CHN",
  "date": "2016.02.29",
  "eventDate": "2016.02.28",
  "dateMillis": 1456675200000,
  "eventDateMillis": 1456588800000,
  "round": "12.7",
  "result": "1-0",
  "white": "Ding Liren",
  "black": "Evgeny Tomashevsky",
  "isDingWin": true,
  "isDraw": false,
  "isDingBlack": false,
  "moves": [
    "Rxd7",
    "Rxb6+",
    "Ke5",
    "Rb5+",
    "Rd5",
    "Rb7",
    "Ke6",
    "Kg2",
    "Rd3",
    "b4",
    "axb4",
    "Rxb4",
    "Ra3",
    "Re4+",
    "Kd5",
    "Rf4",
    "Ke6",
    "Kf1",
    "Ra2",
    "Ke1",
    "f6",
    "Re4+",
    "Kf5",
    "Rf4+",
    "Ke5",
    "Rb4",
    "Kf5",
    "Kf1",
    "Ke5",
    "Kg2",
    "Ra3",
    "Rb5+",
    "Ke6",
    "a5",
    "Kf7",
    "Rb7+",
    "Ke6",
    "Rb6+",
    "Kf5",
    "Rb5+",
    "Ke6",
    "Rc5",
    "Kd6",
    "Rb5",
    "Ke6",
    "Rb6+",
    "Ke5",
    "Ra6",
    "Kf5"
  ],
  "statePieceCount": 15,
  "endPieceCount": 11,
  "boardState": [
    {
      "square": "d8",
      "type": "r",
      "color": "b"
    },
    {
      "square": "b7",
      "type": "r",
      "color": "w"
    },
    {
      "square": "d7",
      "type": "b",
      "color": "w"
    },
    {
      "square": "f7",
      "type": "p",
      "color": "b"
    },
    {
      "square": "b6",
      "type": "p",
      "color": "b"
    },
    {
      "square": "d6",
      "type": "k",
      "color": "b"
    },
    {
      "square": "g6",
      "type": "p",
      "color": "b"
    },
    {
      "square": "a5",
      "type": "p",
      "color": "b"
    },
    {
      "square": "h5",
      "type": "p",
      "color": "b"
    },
    {
      "square": "a4",
      "type": "p",
      "color": "w"
    },
    {
      "square": "h4",
      "type": "p",
      "color": "w"
    },
    {
      "square": "b3",
      "type": "p",
      "color": "w"
    },
    {
      "square": "g3",
      "type": "p",
      "color": "w"
    },
    {
      "square": "f2",
      "type": "p",
      "color": "w"
    },
    {
      "square": "g1",
      "type": "k",
      "color": "w"
    }
  ]
}