{
  "event": "Ding - So",
  "site": "Shanghai CHN",
  "date": "2016.05.08",
  "eventDate": "2016.05.04",
  "dateMillis": 1462636800000,
  "eventDateMillis": 1462291200000,
  "round": "4",
  "result": "1/2-1/2",
  "white": "Wesley So",
  "black": "Ding Liren",
  "isDingWin": false,
  "isDraw": true,
  "isDingBlack": true,
  "moves": [
    "Rb1",
    "Ra6",
    "Rxb2",
    "Rcc6",
    "Rb1",
    "Rxe6+",
    "Kf7",
    "Reb6",
    "Rxb6",
    "Rxb6",
    "b2",
    "Kd3",
    "Rf1",
    "Rxb2",
    "Rxf4",
    "Rb7+",
    "Ke6",
    "Rxg7",
    "Kxe5",
    "Ke3",
    "Ra4",
    "Rg6",
    "Ra3+",
    "Kf2",
    "Kf4",
    "Kg2",
    "Rb3",
    "h3",
    "Rb2+",
    "Kf1",
    "Rb1+",
    "Ke2",
    "Rb2+",
    "Ke1",
    "h5",
    "gxh5",
    "Rb5",
    "Rg4+",
    "Kf3"
  ],
  "statePieceCount": 15,
  "endPieceCount": 6,
  "boardState": [
    {
      "square": "b7",
      "type": "r",
      "color": "b"
    },
    {
      "square": "e7",
      "type": "k",
      "color": "b"
    },
    {
      "square": "g7",
      "type": "p",
      "color": "b"
    },
    {
      "square": "e6",
      "type": "p",
      "color": "b"
    },
    {
      "square": "h6",
      "type": "p",
      "color": "b"
    },
    {
      "square": "e5",
      "type": "p",
      "color": "w"
    },
    {
      "square": "a4",
      "type": "r",
      "color": "w"
    },
    {
      "square": "c4",
      "type": "r",
      "color": "w"
    },
    {
      "square": "f4",
      "type": "p",
      "color": "w"
    },
    {
      "square": "g4",
      "type": "p",
      "color": "w"
    },
    {
      "square": "b3",
      "type": "p",
      "color": "b"
    },
    {
      "square": "e3",
      "type": "k",
      "color": "w"
    },
    {
      "square": "b2",
      "type": "p",
      "color": "w"
    },
    {
      "square": "h2",
      "type": "p",
      "color": "w"
    },
    {
      "square": "d1",
      "type": "r",
      "color": "b"
    }
  ]
}