{
  "event": "Hainan Danzhou GM",
  "site": "Danzhou CHN",
  "date": "2016.07.13",
  "eventDate": "2016.07.08",
  "dateMillis": 1468339200000,
  "eventDateMillis": 1467907200000,
  "round": "6.1",
  "result": "1/2-1/2",
  "white": "Yifan Hou",
  "black": "Ding Liren",
  "isDingWin": false,
  "isDraw": true,
  "isDingBlack": true,
  "moves": [
    "Bxb2",
    "Nb1",
    "Bc1",
    "Nc3",
    "a3",
    "Na2",
    "Bxf4",
    "h3",
    "Nf7",
    "Bxa3",
    "Ng5",
    "h4",
    "Nf7",
    "Bb2",
    "Be5",
    "Bd4",
    "Bxd4",
    "Kxd4",
    "Nh6",
    "g5",
    "Nf5+",
    "Ke5",
    "Nxh4",
    "Nc3",
    "Nf3+",
    "Kf6",
    "Nd2",
    "c5",
    "Nf3",
    "Ne4",
    "Kc6",
    "Kg7",
    "Nh4",
    "Nf6",
    "Kxc5",
    "Nxh7",
    "Kd4",
    "Nf8",
    "c5",
    "Nxg6",
    "Nf3",
    "Kf6",
    "Nxg5",
    "Kxg5",
    "c4",
    "Nf4",
    "c3",
    "Ne2+",
    "Kd3",
    "Nxc3"
  ],
  "statePieceCount": 15,
  "endPieceCount": 3,
  "boardState": [
    {
      "square": "c7",
      "type": "p",
      "color": "b"
    },
    {
      "square": "d7",
      "type": "k",
      "color": "b"
    },
    {
      "square": "g7",
      "type": "b",
      "color": "b"
    },
    {
      "square": "h7",
      "type": "p",
      "color": "b"
    },
    {
      "square": "d6",
      "type": "n",
      "color": "b"
    },
    {
      "square": "g6",
      "type": "p",
      "color": "b"
    },
    {
      "square": "a4",
      "type": "p",
      "color": "b"
    },
    {
      "square": "b4",
      "type": "b",
      "color": "w"
    },
    {
      "square": "c4",
      "type": "p",
      "color": "w"
    },
    {
      "square": "f4",
      "type": "p",
      "color": "w"
    },
    {
      "square": "g4",
      "type": "p",
      "color": "w"
    },
    {
      "square": "d3",
      "type": "k",
      "color": "w"
    },
    {
      "square": "b2",
      "type": "p",
      "color": "w"
    },
    {
      "square": "d2",
      "type": "n",
      "color": "w"
    },
    {
      "square": "h2",
      "type": "p",
      "color": "w"
    }
  ]
}