{
  "event": "Sinquefield Cup",
  "site": "Saint Louis, MO USA",
  "date": "2016.08.08",
  "eventDate": "2016.08.05",
  "dateMillis": 1470585600000,
  "eventDateMillis": 1470326400000,
  "round": "4.3",
  "result": "1/2-1/2",
  "white": "Ding Liren",
  "black": "Viswanathan Anand",
  "isDingWin": false,
  "isDraw": true,
  "isDingBlack": false,
  "moves": [
    "Kxe8",
    "Qe5+",
    "Kf8",
    "Qb8+",
    "Ke7",
    "Qe5+",
    "Kf8"
  ],
  "statePieceCount": 15,
  "endPieceCount": 14,
  "boardState": [
    {
      "square": "e8",
      "type": "r",
      "color": "w"
    },
    {
      "square": "f8",
      "type": "k",
      "color": "b"
    },
    {
      "square": "a7",
      "type": "p",
      "color": "b"
    },
    {
      "square": "b7",
      "type": "p",
      "color": "b"
    },
    {
      "square": "f7",
      "type": "p",
      "color": "b"
    },
    {
      "square": "g7",
      "type": "p",
      "color": "b"
    },
    {
      "square": "b6",
      "type": "q",
      "color": "b"
    },
    {
      "square": "h6",
      "type": "p",
      "color": "b"
    },
    {
      "square": "f5",
      "type": "q",
      "color": "w"
    },
    {
      "square": "h4",
      "type": "p",
      "color": "w"
    },
    {
      "square": "e3",
      "type": "p",
      "color": "w"
    },
    {
      "square": "g3",
      "type": "p",
      "color": "w"
    },
    {
      "square": "a2",
      "type": "p",
      "color": "w"
    },
    {
      "square": "f2",
      "type": "p",
      "color": "w"
    },
    {
      "square": "g2",
      "type": "k",
      "color": "w"
    }
  ]
}