{
  "event": "Sinquefield Cup",
  "site": "Saint Louis, MO USA",
  "date": "2016.08.07",
  "eventDate": "2016.08.04",
  "dateMillis": 1470499200000,
  "eventDateMillis": 1470240000000,
  "round": "3",
  "result": "1/2-1/2",
  "white": "Anish Giri",
  "black": "Ding Liren",
  "isDingWin": false,
  "isDraw": true,
  "isDingBlack": true,
  "moves": [
    "Rxc2",
    "Qh7+",
    "Ke6",
    "Qg8+",
    "Kf5",
    "Qh7+",
    "Ke6"
  ],
  "statePieceCount": 15,
  "endPieceCount": 14,
  "boardState": [
    {
      "square": "h8",
      "type": "r",
      "color": "w"
    },
    {
      "square": "f7",
      "type": "q",
      "color": "w"
    },
    {
      "square": "c6",
      "type": "q",
      "color": "b"
    },
    {
      "square": "d6",
      "type": "p",
      "color": "b"
    },
    {
      "square": "f6",
      "type": "p",
      "color": "b"
    },
    {
      "square": "h6",
      "type": "p",
      "color": "b"
    },
    {
      "square": "c5",
      "type": "r",
      "color": "b"
    },
    {
      "square": "e5",
      "type": "p",
      "color": "b"
    },
    {
      "square": "f5",
      "type": "k",
      "color": "b"
    },
    {
      "square": "a4",
      "type": "p",
      "color": "b"
    },
    {
      "square": "e3",
      "type": "p",
      "color": "w"
    },
    {
      "square": "c2",
      "type": "p",
      "color": "w"
    },
    {
      "square": "g2",
      "type": "p",
      "color": "w"
    },
    {
      "square": "h2",
      "type": "p",
      "color": "w"
    },
    {
      "square": "g1",
      "type": "k",
      "color": "w"
    }
  ]
}