{
  "event": "Chinese Chess League",
  "site": "CHN",
  "date": "2016.09.24",
  "eventDate": "2016.04.12",
  "dateMillis": 1474646400000,
  "eventDateMillis": 1460390400000,
  "round": "13.1",
  "result": "1/2-1/2",
  "white": "Ding Liren",
  "black": "Zeng Chongsheng",
  "isDingWin": false,
  "isDraw": true,
  "isDingBlack": false,
  "moves": [
    "Rc8",
    "Bf1",
    "Bxe4",
    "Re1",
    "Bg6",
    "Rxe5",
    "Rc1",
    "Re8+",
    "Kh7",
    "Rd8",
    "Rb1",
    "b5",
    "Bc2",
    "f3",
    "Ba4",
    "Rd5",
    "Kg6",
    "Kf2",
    "Kf6",
    "h4",
    "Ke6",
    "Bc4",
    "Rb4",
    "Rc5+",
    "Kd6",
    "Rc6+",
    "Ke7",
    "Rc5",
    "Kd6",
    "Rd5+",
    "Ke6",
    "Rd4+",
    "Ke5",
    "Re4+",
    "Kd6",
    "Bxf7",
    "Rxe4",
    "fxe4",
    "Bxb5",
    "Ke3",
    "Ke5"
  ],
  "statePieceCount": 15,
  "endPieceCount": 9,
  "boardState": [
    {
      "square": "f8",
      "type": "r",
      "color": "b"
    },
    {
      "square": "g8",
      "type": "k",
      "color": "b"
    },
    {
      "square": "b7",
      "type": "b",
      "color": "b"
    },
    {
      "square": "f7",
      "type": "p",
      "color": "b"
    },
    {
      "square": "g7",
      "type": "p",
      "color": "b"
    },
    {
      "square": "h6",
      "type": "p",
      "color": "b"
    },
    {
      "square": "e5",
      "type": "p",
      "color": "b"
    },
    {
      "square": "b4",
      "type": "p",
      "color": "w"
    },
    {
      "square": "c4",
      "type": "b",
      "color": "w"
    },
    {
      "square": "e4",
      "type": "p",
      "color": "w"
    },
    {
      "square": "f2",
      "type": "p",
      "color": "w"
    },
    {
      "square": "g2",
      "type": "p",
      "color": "w"
    },
    {
      "square": "h2",
      "type": "p",
      "color": "w"
    },
    {
      "square": "b1",
      "type": "r",
      "color": "w"
    },
    {
      "square": "g1",
      "type": "k",
      "color": "w"
    }
  ]
}