{
  "event": "TCh-CHN",
  "site": "China CHN",
  "date": "2015.12.09",
  "eventDate": "2015.04.10",
  "dateMillis": 1449590400000,
  "eventDateMillis": 1428595200000,
  "round": "20.5",
  "result": "1-0",
  "white": "Ding Liren",
  "black": "Qun Ma",
  "isDingWin": true,
  "isDraw": false,
  "isDingBlack": false,
  "moves": [
    "Rf5",
    "Rd7",
    "Ke3",
    "Nh7",
    "Ne6+",
    "Kg6",
    "d5",
    "cxd5",
    "Nf4+",
    "Kg7",
    "Nh5+",
    "Kg6",
    "Rc8",
    "Nf8",
    "e6",
    "Nxe6",
    "Rf6+",
    "Kg5",
    "Rxe6",
    "Kxg4",
    "Re5",
    "Rf7",
    "Rg8+",
    "Kh4",
    "Ng3"
  ],
  "statePieceCount": 15,
  "endPieceCount": 11,
  "boardState": [
    {
      "square": "f8",
      "type": "n",
      "color": "b"
    },
    {
      "square": "b7",
      "type": "p",
      "color": "b"
    },
    {
      "square": "f7",
      "type": "r",
      "color": "b"
    },
    {
      "square": "g7",
      "type": "k",
      "color": "b"
    },
    {
      "square": "c6",
      "type": "p",
      "color": "b"
    },
    {
      "square": "h6",
      "type": "p",
      "color": "b"
    },
    {
      "square": "a5",
      "type": "p",
      "color": "b"
    },
    {
      "square": "e5",
      "type": "p",
      "color": "w"
    },
    {
      "square": "h5",
      "type": "r",
      "color": "w"
    },
    {
      "square": "b4",
      "type": "b",
      "color": "b"
    },
    {
      "square": "d4",
      "type": "p",
      "color": "w"
    },
    {
      "square": "f4",
      "type": "n",
      "color": "w"
    },
    {
      "square": "g4",
      "type": "p",
      "color": "w"
    },
    {
      "square": "c2",
      "type": "r",
      "color": "w"
    },
    {
      "square": "f2",
      "type": "k",
      "color": "w"
    }
  ]
}