{
  "event": "6th Chinese Master Rapid",
  "site": "Shenzhen CHN",
  "date": "2016.11.27",
  "eventDate": "2016.11.27",
  "dateMillis": 1480176000000,
  "eventDateMillis": 1480176000000,
  "round": "3.4",
  "result": "1-0",
  "white": "Ding Liren",
  "black": "Lu Shanglei",
  "isDingWin": true,
  "isDraw": false,
  "isDingBlack": false,
  "moves": [
    "Bxd3",
    "Bxh6",
    "f6",
    "Bg7",
    "Kf7",
    "Bh8",
    "Kg6",
    "g4",
    "d4",
    "Kf2",
    "Bc4",
    "b3",
    "Bd5",
    "h4",
    "Kf7",
    "g5",
    "fxg5",
    "fxg5",
    "d3",
    "Ke3"
  ],
  "statePieceCount": 15,
  "endPieceCount": 11,
  "boardState": [
    {
      "square": "b7",
      "type": "p",
      "color": "b"
    },
    {
      "square": "e7",
      "type": "k",
      "color": "b"
    },
    {
      "square": "f7",
      "type": "p",
      "color": "b"
    },
    {
      "square": "g7",
      "type": "b",
      "color": "w"
    },
    {
      "square": "e6",
      "type": "p",
      "color": "b"
    },
    {
      "square": "h6",
      "type": "p",
      "color": "b"
    },
    {
      "square": "d5",
      "type": "p",
      "color": "b"
    },
    {
      "square": "f4",
      "type": "p",
      "color": "w"
    },
    {
      "square": "d3",
      "type": "b",
      "color": "w"
    },
    {
      "square": "g3",
      "type": "p",
      "color": "w"
    },
    {
      "square": "a2",
      "type": "p",
      "color": "w"
    },
    {
      "square": "b2",
      "type": "p",
      "color": "w"
    },
    {
      "square": "c2",
      "type": "b",
      "color": "b"
    },
    {
      "square": "h2",
      "type": "p",
      "color": "w"
    },
    {
      "square": "g1",
      "type": "k",
      "color": "w"
    }
  ]
}