{
  "event": "6th Chinese Master Rapid",
  "site": "Shenzhen CHN",
  "date": "2016.11.29",
  "eventDate": "2016.11.27",
  "dateMillis": 1480348800000,
  "eventDateMillis": 1480176000000,
  "round": "7.2",
  "result": "1-0",
  "white": "Ding Liren",
  "black": "Wang Yue",
  "isDingWin": true,
  "isDraw": false,
  "isDingBlack": false,
  "moves": [
    "gxf4",
    "g4",
    "Qc7",
    "Ra6",
    "Rf7",
    "Qe6",
    "Rf6",
    "Qe8",
    "Qf7",
    "Qe5",
    "Kh7",
    "Ra7",
    "Qxa7",
    "Qxf6",
    "Qg7",
    "Qf5+",
    "Kg8",
    "Qxf4",
    "Qe7",
    "Kg3",
    "c5",
    "dxc5",
    "Qxc5",
    "Qxh6",
    "d4",
    "Qg6+",
    "Kh8",
    "h6",
    "Qe5+",
    "Kg2"
  ],
  "statePieceCount": 15,
  "endPieceCount": 8,
  "boardState": [
    {
      "square": "f7",
      "type": "q",
      "color": "b"
    },
    {
      "square": "g7",
      "type": "k",
      "color": "b"
    },
    {
      "square": "c6",
      "type": "p",
      "color": "b"
    },
    {
      "square": "f6",
      "type": "r",
      "color": "b"
    },
    {
      "square": "h6",
      "type": "p",
      "color": "b"
    },
    {
      "square": "a5",
      "type": "r",
      "color": "w"
    },
    {
      "square": "d5",
      "type": "p",
      "color": "b"
    },
    {
      "square": "g5",
      "type": "p",
      "color": "b"
    },
    {
      "square": "h5",
      "type": "p",
      "color": "w"
    },
    {
      "square": "d4",
      "type": "p",
      "color": "w"
    },
    {
      "square": "f4",
      "type": "p",
      "color": "w"
    },
    {
      "square": "g3",
      "type": "p",
      "color": "w"
    },
    {
      "square": "e2",
      "type": "q",
      "color": "w"
    },
    {
      "square": "f2",
      "type": "p",
      "color": "w"
    },
    {
      "square": "h2",
      "type": "k",
      "color": "w"
    }
  ]
}