{
  "event": "Chinese Chess League",
  "site": "CHN",
  "date": "2016.12.02",
  "eventDate": "2016.04.12",
  "dateMillis": 1480608000000,
  "eventDateMillis": 1460390400000,
  "round": "19.4",
  "result": "1-0",
  "white": "Ding Liren",
  "black": "Jinshi Bai",
  "isDingWin": true,
  "isDraw": false,
  "isDingBlack": false,
  "moves": [
    "Qh6",
    "Rd7",
    "Qxh5",
    "Re7",
    "Qc5",
    "Rfe8",
    "f3",
    "a6",
    "Qf5",
    "Rf8",
    "g4",
    "Ne5",
    "Kf2",
    "Ng6",
    "Qc5",
    "Rfe8",
    "g5",
    "Re5",
    "Qc4+",
    "Kg7",
    "gxf6+",
    "Kxf6",
    "Qd4",
    "Kg5",
    "Qd2+",
    "Kf6",
    "Bd3",
    "Kg7",
    "Kg3",
    "R5e7",
    "Qb2+",
    "Kh6",
    "Qb6",
    "Rf8",
    "f4",
    "Kg7",
    "Qc5",
    "Rfe8",
    "Qd4+",
    "Kf8",
    "Bc4",
    "Rc8",
    "f5",
    "Ne5",
    "Be6",
    "Rg7+",
    "Kh3"
  ],
  "statePieceCount": 15,
  "endPieceCount": 12,
  "boardState": [
    {
      "square": "d8",
      "type": "r",
      "color": "b"
    },
    {
      "square": "f8",
      "type": "r",
      "color": "b"
    },
    {
      "square": "g8",
      "type": "k",
      "color": "b"
    },
    {
      "square": "a7",
      "type": "p",
      "color": "b"
    },
    {
      "square": "b7",
      "type": "p",
      "color": "b"
    },
    {
      "square": "h7",
      "type": "p",
      "color": "b"
    },
    {
      "square": "c6",
      "type": "n",
      "color": "b"
    },
    {
      "square": "f6",
      "type": "p",
      "color": "b"
    },
    {
      "square": "h5",
      "type": "p",
      "color": "b"
    },
    {
      "square": "e4",
      "type": "b",
      "color": "w"
    },
    {
      "square": "g3",
      "type": "p",
      "color": "w"
    },
    {
      "square": "e2",
      "type": "p",
      "color": "w"
    },
    {
      "square": "f2",
      "type": "p",
      "color": "w"
    },
    {
      "square": "c1",
      "type": "q",
      "color": "w"
    },
    {
      "square": "g1",
      "type": "k",
      "color": "w"
    }
  ]
}