{
  "event": "Shenzhen Masters",
  "site": "Shenzhen CHN",
  "date": "2017.03.25",
  "eventDate": "2017.03.22",
  "dateMillis": 1490371200000,
  "eventDateMillis": 1490112000000,
  "round": "3",
  "result": "1-0",
  "white": "Ding Liren",
  "black": "Peter Svidler",
  "isDingWin": true,
  "isDraw": false,
  "isDingBlack": false,
  "moves": [
    "Rxd1",
    "Ne5",
    "Bb5",
    "g5",
    "Rc1",
    "Rd6",
    "Rc8+",
    "Kg7",
    "Ba4",
    "Ra6",
    "Bb3",
    "Rc6",
    "Ra8",
    "Rc3",
    "Ba2",
    "Rc2",
    "Ra7",
    "Nc4",
    "Bd4",
    "Nd6",
    "Rd7",
    "Nb5",
    "Rxf7+",
    "Kg8",
    "Bxf6",
    "Rxa2",
    "Rg7+",
    "Kf8",
    "Rb7"
  ],
  "statePieceCount": 15,
  "endPieceCount": 11,
  "boardState": [
    {
      "square": "g8",
      "type": "k",
      "color": "b"
    },
    {
      "square": "f7",
      "type": "p",
      "color": "b"
    },
    {
      "square": "g7",
      "type": "p",
      "color": "b"
    },
    {
      "square": "a6",
      "type": "b",
      "color": "w"
    },
    {
      "square": "c6",
      "type": "n",
      "color": "b"
    },
    {
      "square": "e6",
      "type": "r",
      "color": "b"
    },
    {
      "square": "f6",
      "type": "n",
      "color": "b"
    },
    {
      "square": "h6",
      "type": "p",
      "color": "b"
    },
    {
      "square": "e3",
      "type": "b",
      "color": "w"
    },
    {
      "square": "g3",
      "type": "p",
      "color": "w"
    },
    {
      "square": "h3",
      "type": "p",
      "color": "w"
    },
    {
      "square": "f2",
      "type": "p",
      "color": "w"
    },
    {
      "square": "g2",
      "type": "k",
      "color": "w"
    },
    {
      "square": "a1",
      "type": "r",
      "color": "w"
    },
    {
      "square": "d1",
      "type": "r",
      "color": "b"
    }
  ]
}