{
  "event": "Shenzhen Masters",
  "site": "Shenzhen CHN",
  "date": "2017.03.24",
  "eventDate": "2017.03.22",
  "dateMillis": 1490284800000,
  "eventDateMillis": 1490112000000,
  "round": "2",
  "result": "1/2-1/2",
  "white": "Anish Giri",
  "black": "Ding Liren",
  "isDingWin": false,
  "isDraw": true,
  "isDingBlack": true,
  "moves": [
    "fxe5",
    "Re8",
    "Rd7+",
    "Re7",
    "Rd8",
    "Re8",
    "Rd7+",
    "Re7",
    "Rd8"
  ],
  "statePieceCount": 15,
  "endPieceCount": 14,
  "boardState": [
    {
      "square": "d8",
      "type": "r",
      "color": "w"
    },
    {
      "square": "a7",
      "type": "p",
      "color": "b"
    },
    {
      "square": "b7",
      "type": "p",
      "color": "b"
    },
    {
      "square": "e7",
      "type": "r",
      "color": "b"
    },
    {
      "square": "f7",
      "type": "k",
      "color": "b"
    },
    {
      "square": "g7",
      "type": "p",
      "color": "b"
    },
    {
      "square": "h7",
      "type": "p",
      "color": "b"
    },
    {
      "square": "c6",
      "type": "p",
      "color": "b"
    },
    {
      "square": "e5",
      "type": "p",
      "color": "b"
    },
    {
      "square": "e4",
      "type": "k",
      "color": "w"
    },
    {
      "square": "f4",
      "type": "p",
      "color": "w"
    },
    {
      "square": "a3",
      "type": "p",
      "color": "w"
    },
    {
      "square": "g3",
      "type": "p",
      "color": "w"
    },
    {
      "square": "h3",
      "type": "p",
      "color": "w"
    },
    {
      "square": "b2",
      "type": "p",
      "color": "w"
    }
  ]
}