{
  "event": "World Team Chess Championship",
  "site": "Khanty-Mansiysk RUS",
  "date": "2017.06.24",
  "eventDate": "2017.06.17",
  "dateMillis": 1498233600000,
  "eventDateMillis": 1497628800000,
  "round": "7.4",
  "result": "1/2-1/2",
  "white": "Ian Nepomniachtchi",
  "black": "Ding Liren",
  "isDingWin": false,
  "isDraw": true,
  "isDingBlack": true,
  "moves": [
    "Kxe2",
    "Kc6",
    "g4",
    "Kd6",
    "f5",
    "gxf5",
    "gxf5",
    "Rh7",
    "a4",
    "Rh5",
    "Bd3",
    "Rh2+",
    "Ke1",
    "Rh3",
    "Kd2",
    "Rh2+",
    "Ke1",
    "Rh3",
    "Kd2",
    "Rh2+",
    "Be2",
    "Rf2",
    "Nd8",
    "Kc7",
    "Ne6+",
    "Kd6",
    "Ng7",
    "Rg2",
    "Ne8+",
    "Ke5",
    "Nc7",
    "Kxf5",
    "Na6",
    "Ke5",
    "Nxc5",
    "f5",
    "Nd3+",
    "Kd6",
    "Ke1",
    "Rg1+",
    "Kd2",
    "Rg2",
    "Ke1",
    "Rg1+",
    "Bf1",
    "Rg3",
    "b4",
    "axb4",
    "Nxb4",
    "Ra3",
    "Bb5",
    "Kc5",
    "Nd3+",
    "Kb6",
    "Ke2",
    "f4",
    "Kf3",
    "Ka5",
    "Kxf4",
    "Rxa4",
    "Bxa4",
    "Kxa4",
    "Ke4",
    "Kb5"
  ],
  "statePieceCount": 15,
  "endPieceCount": 4,
  "boardState": [
    {
      "square": "e7",
      "type": "r",
      "color": "b"
    },
    {
      "square": "b6",
      "type": "k",
      "color": "b"
    },
    {
      "square": "e6",
      "type": "n",
      "color": "w"
    },
    {
      "square": "f6",
      "type": "p",
      "color": "b"
    },
    {
      "square": "g6",
      "type": "p",
      "color": "b"
    },
    {
      "square": "a5",
      "type": "p",
      "color": "b"
    },
    {
      "square": "c5",
      "type": "p",
      "color": "b"
    },
    {
      "square": "c4",
      "type": "b",
      "color": "w"
    },
    {
      "square": "d4",
      "type": "p",
      "color": "b"
    },
    {
      "square": "f4",
      "type": "p",
      "color": "w"
    },
    {
      "square": "b3",
      "type": "p",
      "color": "w"
    },
    {
      "square": "g3",
      "type": "p",
      "color": "w"
    },
    {
      "square": "a2",
      "type": "p",
      "color": "w"
    },
    {
      "square": "d2",
      "type": "k",
      "color": "w"
    },
    {
      "square": "e2",
      "type": "r",
      "color": "b"
    }
  ]
}