{
  "event": "Chinese Chess League",
  "site": "China CHN",
  "date": "2017.07.27",
  "eventDate": "2017.04.18",
  "dateMillis": 1501084800000,
  "eventDateMillis": 1492444800000,
  "round": "9.3",
  "result": "1-0",
  "white": "Ding Liren",
  "black": "Lin Chen",
  "isDingWin": true,
  "isDraw": false,
  "isDingBlack": false,
  "moves": [
    "Kxf1",
    "g5",
    "Ra6",
    "Rxb5",
    "Re7",
    "Rb1+",
    "Kg2"
  ],
  "statePieceCount": 15,
  "endPieceCount": 13,
  "boardState": [
    {
      "square": "a8",
      "type": "r",
      "color": "w"
    },
    {
      "square": "f7",
      "type": "r",
      "color": "w"
    },
    {
      "square": "b6",
      "type": "r",
      "color": "b"
    },
    {
      "square": "d6",
      "type": "p",
      "color": "b"
    },
    {
      "square": "g6",
      "type": "p",
      "color": "b"
    },
    {
      "square": "h6",
      "type": "k",
      "color": "b"
    },
    {
      "square": "b5",
      "type": "p",
      "color": "w"
    },
    {
      "square": "c5",
      "type": "p",
      "color": "b"
    },
    {
      "square": "d5",
      "type": "p",
      "color": "w"
    },
    {
      "square": "e5",
      "type": "b",
      "color": "b"
    },
    {
      "square": "h5",
      "type": "p",
      "color": "b"
    },
    {
      "square": "g3",
      "type": "p",
      "color": "w"
    },
    {
      "square": "f2",
      "type": "p",
      "color": "w"
    },
    {
      "square": "g2",
      "type": "k",
      "color": "w"
    },
    {
      "square": "f1",
      "type": "n",
      "color": "b"
    }
  ]
}