{
  "event": "Hainan Danzhou GM",
  "site": "Danzhou CHN",
  "date": "2017.07.12",
  "eventDate": "2017.07.09",
  "dateMillis": 1499788800000,
  "eventDateMillis": 1499529600000,
  "round": "4",
  "result": "1/2-1/2",
  "white": "Ding Liren",
  "black": "Wei Yi",
  "isDingWin": false,
  "isDraw": true,
  "isDingBlack": false,
  "moves": [
    "Rc8",
    "Rd7",
    "h5",
    "Rxa7",
    "Rc1+",
    "Kf2",
    "Ra1",
    "Kf3",
    "Rf1+",
    "Ke2",
    "Ra1",
    "Kd3",
    "Rd1+",
    "Kc2",
    "Ra1",
    "Kb2",
    "Ra5",
    "Rb7",
    "Rxa6",
    "Rxb4",
    "Re6",
    "Rh4",
    "g6",
    "b4",
    "Kf8",
    "Kc3",
    "Ke7",
    "Kd4",
    "Kd6",
    "e4",
    "Re5",
    "Rf4",
    "Ke6",
    "exd5+",
    "Rxd5+",
    "Kc3",
    "g5",
    "Re4+",
    "Kd6",
    "Re8",
    "Rf5",
    "Rh8",
    "h4",
    "gxh4",
    "Rf3+",
    "Kc4",
    "Rf4+",
    "Kb5",
    "Rxh4",
    "Rxh4",
    "gxh4",
    "Ka6",
    "Kc7",
    "Ka7",
    "Kc6",
    "Ka6",
    "Kc7",
    "Ka7",
    "Kc6",
    "Ka6"
  ],
  "statePieceCount": 15,
  "endPieceCount": 6,
  "boardState": [
    {
      "square": "f8",
      "type": "r",
      "color": "b"
    },
    {
      "square": "g8",
      "type": "k",
      "color": "b"
    },
    {
      "square": "a7",
      "type": "p",
      "color": "b"
    },
    {
      "square": "f7",
      "type": "p",
      "color": "b"
    },
    {
      "square": "g7",
      "type": "p",
      "color": "b"
    },
    {
      "square": "h7",
      "type": "p",
      "color": "b"
    },
    {
      "square": "a6",
      "type": "p",
      "color": "w"
    },
    {
      "square": "d6",
      "type": "r",
      "color": "w"
    },
    {
      "square": "d5",
      "type": "p",
      "color": "b"
    },
    {
      "square": "b4",
      "type": "p",
      "color": "b"
    },
    {
      "square": "b3",
      "type": "p",
      "color": "w"
    },
    {
      "square": "e3",
      "type": "p",
      "color": "w"
    },
    {
      "square": "g3",
      "type": "p",
      "color": "w"
    },
    {
      "square": "h2",
      "type": "p",
      "color": "w"
    },
    {
      "square": "g1",
      "type": "k",
      "color": "w"
    }
  ]
}