{
  "event": "Chinese Chess League",
  "site": "China CHN",
  "date": "2017.08.20",
  "eventDate": "2017.04.18",
  "dateMillis": 1503158400000,
  "eventDateMillis": 1492444800000,
  "round": "14.6",
  "result": "0-1",
  "white": "Yankai Li",
  "black": "Ding Liren",
  "isDingWin": true,
  "isDraw": false,
  "isDingBlack": true,
  "moves": [
    "Kxe7",
    "b4",
    "Rc4",
    "h4",
    "g6",
    "Bf2",
    "Ke6",
    "Kb3",
    "Rc3+",
    "Kb2",
    "Kd5",
    "Bg1",
    "Kc4",
    "Bf2",
    "Rb3+",
    "Ka2",
    "Be6",
    "Be1",
    "Kb5"
  ],
  "statePieceCount": 15,
  "endPieceCount": 14,
  "boardState": [
    {
      "square": "e8",
      "type": "k",
      "color": "b"
    },
    {
      "square": "e7",
      "type": "n",
      "color": "w"
    },
    {
      "square": "f7",
      "type": "p",
      "color": "b"
    },
    {
      "square": "g7",
      "type": "p",
      "color": "b"
    },
    {
      "square": "a6",
      "type": "p",
      "color": "b"
    },
    {
      "square": "c5",
      "type": "r",
      "color": "b"
    },
    {
      "square": "e5",
      "type": "p",
      "color": "b"
    },
    {
      "square": "f5",
      "type": "b",
      "color": "b"
    },
    {
      "square": "d4",
      "type": "p",
      "color": "b"
    },
    {
      "square": "a3",
      "type": "p",
      "color": "w"
    },
    {
      "square": "b3",
      "type": "p",
      "color": "w"
    },
    {
      "square": "b2",
      "type": "k",
      "color": "w"
    },
    {
      "square": "d2",
      "type": "r",
      "color": "w"
    },
    {
      "square": "h2",
      "type": "p",
      "color": "w"
    },
    {
      "square": "g1",
      "type": "b",
      "color": "w"
    }
  ]
}