{
  "event": "World Cup",
  "site": "Tbilisi GEO",
  "date": "2017.09.11",
  "eventDate": "2017.09.03",
  "dateMillis": 1505059200000,
  "eventDateMillis": 1504368000000,
  "round": "3.3",
  "result": "1/2-1/2",
  "white": "Vidit Santosh Gujrathi",
  "black": "Ding Liren",
  "isDingWin": false,
  "isDraw": true,
  "isDingBlack": true,
  "moves": [
    "gxf3",
    "Kf7",
    "Kf2",
    "g5",
    "Be5",
    "Nc4",
    "Bb8",
    "a6",
    "Ke2",
    "Kf6",
    "Kd3",
    "Ne5+",
    "Ke3",
    "Nc4+",
    "Kd4",
    "Nd2",
    "Ke3",
    "Nc4+",
    "Kd4",
    "Nd2",
    "Ke3",
    "Nc4+",
    "Kd4",
    "Nd2"
  ],
  "statePieceCount": 15,
  "endPieceCount": 14,
  "boardState": [
    {
      "square": "g8",
      "type": "k",
      "color": "b"
    },
    {
      "square": "a7",
      "type": "p",
      "color": "b"
    },
    {
      "square": "h7",
      "type": "p",
      "color": "b"
    },
    {
      "square": "b6",
      "type": "p",
      "color": "b"
    },
    {
      "square": "d6",
      "type": "n",
      "color": "b"
    },
    {
      "square": "g6",
      "type": "p",
      "color": "b"
    },
    {
      "square": "d5",
      "type": "p",
      "color": "w"
    },
    {
      "square": "f5",
      "type": "p",
      "color": "b"
    },
    {
      "square": "b4",
      "type": "p",
      "color": "w"
    },
    {
      "square": "c3",
      "type": "b",
      "color": "w"
    },
    {
      "square": "f3",
      "type": "p",
      "color": "b"
    },
    {
      "square": "a2",
      "type": "p",
      "color": "w"
    },
    {
      "square": "g2",
      "type": "p",
      "color": "w"
    },
    {
      "square": "h2",
      "type": "p",
      "color": "w"
    },
    {
      "square": "g1",
      "type": "k",
      "color": "w"
    }
  ]
}