{
  "event": "World Cup",
  "site": "Tbilisi GEO",
  "date": "2017.09.13",
  "eventDate": "2017.09.03",
  "dateMillis": 1505232000000,
  "eventDateMillis": 1504368000000,
  "round": "4.2",
  "result": "1-0",
  "white": "Ding Liren",
  "black": "Wang Hao",
  "isDingWin": true,
  "isDraw": false,
  "isDingBlack": false,
  "moves": [
    "Bxe4",
    "Rc8",
    "f4",
    "Kd8",
    "Kf3",
    "c5",
    "Ke3",
    "Rc7",
    "Ra8+",
    "Rc8",
    "Ra6",
    "Ke7",
    "Ra7",
    "c4",
    "Kd2",
    "c3+",
    "Kc2",
    "Kd8",
    "Bd3",
    "Rc5",
    "Ra8+",
    "Ke7",
    "Ra7",
    "Kd8",
    "Ra3",
    "Nb6",
    "Rxc3",
    "Rxc3+",
    "Kxc3",
    "Nd5+",
    "Kd4",
    "Ke7",
    "Be4",
    "Nb4",
    "Kc5",
    "Na2",
    "Kc4",
    "Nc1",
    "Bd3"
  ],
  "statePieceCount": 15,
  "endPieceCount": 11,
  "boardState": [
    {
      "square": "d8",
      "type": "r",
      "color": "b"
    },
    {
      "square": "a7",
      "type": "r",
      "color": "w"
    },
    {
      "square": "d7",
      "type": "n",
      "color": "b"
    },
    {
      "square": "e7",
      "type": "k",
      "color": "b"
    },
    {
      "square": "g7",
      "type": "p",
      "color": "b"
    },
    {
      "square": "c6",
      "type": "p",
      "color": "b"
    },
    {
      "square": "e6",
      "type": "p",
      "color": "b"
    },
    {
      "square": "g6",
      "type": "b",
      "color": "w"
    },
    {
      "square": "h6",
      "type": "p",
      "color": "b"
    },
    {
      "square": "e5",
      "type": "p",
      "color": "w"
    },
    {
      "square": "h5",
      "type": "p",
      "color": "w"
    },
    {
      "square": "e4",
      "type": "r",
      "color": "b"
    },
    {
      "square": "g3",
      "type": "p",
      "color": "w"
    },
    {
      "square": "f2",
      "type": "p",
      "color": "w"
    },
    {
      "square": "g2",
      "type": "k",
      "color": "w"
    }
  ]
}