{
  "event": "World Cup",
  "site": "Tbilisi GEO",
  "date": "2017.09.12",
  "eventDate": "2017.09.03",
  "dateMillis": 1505145600000,
  "eventDateMillis": 1504368000000,
  "round": "4.1",
  "result": "1/2-1/2",
  "white": "Wang Hao",
  "black": "Ding Liren",
  "isDingWin": false,
  "isDraw": true,
  "isDingBlack": true,
  "moves": [
    "Bd4",
    "e5",
    "Bxc5",
    "Bd3",
    "Kf2",
    "Be4",
    "g3",
    "g5",
    "Ke2",
    "g4",
    "Kd2",
    "Rd8+",
    "Ke1",
    "b3",
    "Bb6",
    "Rd6",
    "Bc7",
    "Rh6",
    "Rc4",
    "Bf3",
    "Rb4",
    "Rxh2",
    "Rxb3",
    "Re2+"
  ],
  "statePieceCount": 15,
  "endPieceCount": 12,
  "boardState": [
    {
      "square": "c8",
      "type": "r",
      "color": "b"
    },
    {
      "square": "g8",
      "type": "k",
      "color": "b"
    },
    {
      "square": "g7",
      "type": "p",
      "color": "b"
    },
    {
      "square": "h7",
      "type": "p",
      "color": "b"
    },
    {
      "square": "e6",
      "type": "p",
      "color": "b"
    },
    {
      "square": "c5",
      "type": "n",
      "color": "b"
    },
    {
      "square": "e5",
      "type": "b",
      "color": "w"
    },
    {
      "square": "b4",
      "type": "p",
      "color": "b"
    },
    {
      "square": "e3",
      "type": "p",
      "color": "w"
    },
    {
      "square": "b2",
      "type": "p",
      "color": "w"
    },
    {
      "square": "e2",
      "type": "b",
      "color": "b"
    },
    {
      "square": "g2",
      "type": "p",
      "color": "w"
    },
    {
      "square": "h2",
      "type": "p",
      "color": "w"
    },
    {
      "square": "c1",
      "type": "r",
      "color": "w"
    },
    {
      "square": "g1",
      "type": "k",
      "color": "w"
    }
  ]
}