{
  "event": "World Cup",
  "site": "Tbilisi GEO",
  "date": "2017.09.03",
  "eventDate": "2017.09.03",
  "dateMillis": 1504368000000,
  "eventDateMillis": 1504368000000,
  "round": "1.1",
  "result": "1-0",
  "white": "Ding Liren",
  "black": "Mohamed Amine Haddouche",
  "isDingWin": true,
  "isDraw": false,
  "isDingBlack": false,
  "moves": [
    "Kg7",
    "Rb6",
    "Ra2",
    "a6",
    "Ra4",
    "Kg2",
    "Ra2",
    "g4",
    "Ra4",
    "Kg3",
    "Ra3",
    "Kg2",
    "Ra4",
    "h3",
    "Ra2",
    "h4",
    "Ra4",
    "g5",
    "hxg5",
    "hxg5",
    "Ra2",
    "Rc6",
    "Ra3",
    "Rc7",
    "Ba5",
    "Rb7",
    "Bc3",
    "a7",
    "Ba1",
    "Nd4",
    "Bxd4",
    "exd4"
  ],
  "statePieceCount": 15,
  "endPieceCount": 11,
  "boardState": [
    {
      "square": "g8",
      "type": "k",
      "color": "b"
    },
    {
      "square": "f7",
      "type": "p",
      "color": "b"
    },
    {
      "square": "a6",
      "type": "r",
      "color": "w"
    },
    {
      "square": "g6",
      "type": "p",
      "color": "b"
    },
    {
      "square": "h6",
      "type": "p",
      "color": "b"
    },
    {
      "square": "a5",
      "type": "p",
      "color": "w"
    },
    {
      "square": "d5",
      "type": "p",
      "color": "b"
    },
    {
      "square": "c3",
      "type": "b",
      "color": "b"
    },
    {
      "square": "e3",
      "type": "p",
      "color": "w"
    },
    {
      "square": "f3",
      "type": "n",
      "color": "w"
    },
    {
      "square": "g3",
      "type": "p",
      "color": "w"
    },
    {
      "square": "b2",
      "type": "r",
      "color": "b"
    },
    {
      "square": "f2",
      "type": "p",
      "color": "w"
    },
    {
      "square": "h2",
      "type": "p",
      "color": "w"
    },
    {
      "square": "g1",
      "type": "k",
      "color": "w"
    }
  ]
}