{
  "event": "World Cup",
  "site": "Tbilisi GEO",
  "date": "2017.09.16",
  "eventDate": "2017.09.03",
  "dateMillis": 1505491200000,
  "eventDateMillis": 1504368000000,
  "round": "5.2",
  "result": "1-0",
  "white": "Ding Liren",
  "black": "Richard Rapport",
  "isDingWin": true,
  "isDraw": false,
  "isDingBlack": false,
  "moves": [
    "Rb6",
    "Rb4",
    "Rxb4",
    "cxb4",
    "Rb8",
    "Rb2",
    "Kf7",
    "Kf3",
    "Ke6",
    "Ke4",
    "d5+",
    "Kd3",
    "Kd6",
    "a4",
    "Rb7",
    "f4",
    "h5",
    "b5",
    "axb5",
    "axb5",
    "Kc5",
    "Rc2+",
    "Kxb5",
    "Kd4",
    "Rf7",
    "Kxd5"
  ],
  "statePieceCount": 15,
  "endPieceCount": 9,
  "boardState": [
    {
      "square": "b8",
      "type": "r",
      "color": "b"
    },
    {
      "square": "f8",
      "type": "r",
      "color": "b"
    },
    {
      "square": "g8",
      "type": "k",
      "color": "b"
    },
    {
      "square": "g7",
      "type": "p",
      "color": "b"
    },
    {
      "square": "h7",
      "type": "p",
      "color": "b"
    },
    {
      "square": "a6",
      "type": "p",
      "color": "b"
    },
    {
      "square": "d6",
      "type": "p",
      "color": "b"
    },
    {
      "square": "d4",
      "type": "r",
      "color": "w"
    },
    {
      "square": "c3",
      "type": "p",
      "color": "w"
    },
    {
      "square": "g3",
      "type": "p",
      "color": "w"
    },
    {
      "square": "a2",
      "type": "p",
      "color": "w"
    },
    {
      "square": "e2",
      "type": "r",
      "color": "w"
    },
    {
      "square": "f2",
      "type": "p",
      "color": "w"
    },
    {
      "square": "g2",
      "type": "k",
      "color": "w"
    },
    {
      "square": "h2",
      "type": "p",
      "color": "w"
    }
  ]
}