{
  "event": "World Cup",
  "site": "Tbilisi GEO",
  "date": "2017.09.26",
  "eventDate": "2017.09.03",
  "dateMillis": 1506355200000,
  "eventDateMillis": 1504368000000,
  "round": "7.4",
  "result": "1/2-1/2",
  "white": "Ding Liren",
  "black": "Levon Aronian",
  "isDingWin": false,
  "isDraw": true,
  "isDingBlack": false,
  "moves": [
    "Rh3",
    "Be4",
    "Nxe4",
    "Rxe4",
    "Rxh5",
    "Rd7+",
    "Kf6",
    "Rd6",
    "Re5",
    "Rxe5",
    "Kxe5",
    "Rxb6",
    "g5",
    "Rb7",
    "h5",
    "b6",
    "h4",
    "Rf7",
    "Rd8",
    "b7",
    "Rd1+",
    "Kg2",
    "Rb1",
    "f3"
  ],
  "statePieceCount": 15,
  "endPieceCount": 9,
  "boardState": [
    {
      "square": "g8",
      "type": "r",
      "color": "b"
    },
    {
      "square": "f7",
      "type": "k",
      "color": "b"
    },
    {
      "square": "g7",
      "type": "p",
      "color": "b"
    },
    {
      "square": "b6",
      "type": "p",
      "color": "b"
    },
    {
      "square": "c6",
      "type": "b",
      "color": "w"
    },
    {
      "square": "e6",
      "type": "p",
      "color": "b"
    },
    {
      "square": "h6",
      "type": "p",
      "color": "b"
    },
    {
      "square": "b5",
      "type": "p",
      "color": "w"
    },
    {
      "square": "c5",
      "type": "n",
      "color": "b"
    },
    {
      "square": "h5",
      "type": "p",
      "color": "w"
    },
    {
      "square": "g4",
      "type": "r",
      "color": "w"
    },
    {
      "square": "a3",
      "type": "r",
      "color": "b"
    },
    {
      "square": "f2",
      "type": "p",
      "color": "w"
    },
    {
      "square": "d1",
      "type": "r",
      "color": "w"
    },
    {
      "square": "g1",
      "type": "k",
      "color": "w"
    }
  ]
}