{
  "event": "World Cup",
  "site": "Tbilisi GEO",
  "date": "2017.09.21",
  "eventDate": "2017.09.03",
  "dateMillis": 1505923200000,
  "eventDateMillis": 1504368000000,
  "round": "6.5",
  "result": "0-1",
  "white": "Wesley So",
  "black": "Ding Liren",
  "isDingWin": true,
  "isDraw": false,
  "isDingBlack": true,
  "moves": [
    "Rc8",
    "Rb3",
    "h5",
    "Bb2",
    "Kh7",
    "h3",
    "Qe4",
    "Qd3",
    "Qe1+",
    "Qf1",
    "Qd2",
    "Qf2",
    "Qd1+",
    "Qf1",
    "Bxd4+",
    "Bxd4",
    "Qxd4+",
    "Kh1",
    "Qd5+",
    "Rf3",
    "Rc3",
    "Kg2",
    "Qc6",
    "h4",
    "Kg8",
    "a4",
    "f6",
    "a5",
    "Kg7",
    "a6",
    "Rc2+",
    "Kg1",
    "Rc1",
    "Rxf6",
    "Rxf1+",
    "Rxf1",
    "Qxa6",
    "Kg2",
    "Qe2+",
    "Rf2",
    "Qe4+",
    "Kh2",
    "g5",
    "hxg5",
    "h4",
    "Rf4",
    "Qe2+",
    "Kh3",
    "hxg3",
    "Kxg3",
    "Kg6",
    "Rf2",
    "Qe3+",
    "Kg2",
    "Kxg5",
    "Rf3",
    "Qe2+",
    "Kg3",
    "Qe1+",
    "Kg2",
    "Kg4",
    "Rf2",
    "Qe4+",
    "Kh2",
    "Kh4",
    "Ra2",
    "Qe5+",
    "Kg1",
    "Qd4+",
    "Kh2",
    "Qd6+",
    "Kg1",
    "Qc5+",
    "Kh2",
    "Qc7+",
    "Kg1",
    "Qb6+",
    "Kg2",
    "Qb7+",
    "Kh2",
    "Qb8+"
  ],
  "statePieceCount": 15,
  "endPieceCount": 4,
  "boardState": [
    {
      "square": "b8",
      "type": "r",
      "color": "b"
    },
    {
      "square": "g8",
      "type": "k",
      "color": "b"
    },
    {
      "square": "f7",
      "type": "p",
      "color": "b"
    },
    {
      "square": "g7",
      "type": "b",
      "color": "b"
    },
    {
      "square": "h7",
      "type": "p",
      "color": "b"
    },
    {
      "square": "g6",
      "type": "p",
      "color": "b"
    },
    {
      "square": "d5",
      "type": "q",
      "color": "b"
    },
    {
      "square": "d4",
      "type": "p",
      "color": "w"
    },
    {
      "square": "c3",
      "type": "b",
      "color": "w"
    },
    {
      "square": "g3",
      "type": "p",
      "color": "w"
    },
    {
      "square": "a2",
      "type": "p",
      "color": "w"
    },
    {
      "square": "b2",
      "type": "r",
      "color": "w"
    },
    {
      "square": "d2",
      "type": "q",
      "color": "w"
    },
    {
      "square": "h2",
      "type": "p",
      "color": "w"
    },
    {
      "square": "g1",
      "type": "k",
      "color": "w"
    }
  ]
}