{
  "event": "Champions Showdown: Carlsen - Ding (Blitz)",
  "site": "St Louis, MO USA",
  "date": "2017.11.14",
  "eventDate": "2017.11.14",
  "dateMillis": 1510588800000,
  "eventDateMillis": 1510588800000,
  "round": "11",
  "result": "1-0",
  "white": "Magnus Carlsen",
  "black": "Ding Liren",
  "isDingWin": false,
  "isDraw": false,
  "isDingBlack": true,
  "moves": [
    "Rg5",
    "Nf6",
    "Rf5",
    "Rxf5",
    "gxf5",
    "Ne8+",
    "Kf8",
    "Bc6",
    "Ke7",
    "h4",
    "Rb8",
    "h5",
    "Rb4",
    "Nd6"
  ],
  "statePieceCount": 15,
  "endPieceCount": 13,
  "boardState": [
    {
      "square": "d8",
      "type": "r",
      "color": "b"
    },
    {
      "square": "a7",
      "type": "p",
      "color": "b"
    },
    {
      "square": "d7",
      "type": "p",
      "color": "w"
    },
    {
      "square": "f7",
      "type": "p",
      "color": "b"
    },
    {
      "square": "g7",
      "type": "k",
      "color": "b"
    },
    {
      "square": "g6",
      "type": "p",
      "color": "b"
    },
    {
      "square": "c5",
      "type": "p",
      "color": "b"
    },
    {
      "square": "e5",
      "type": "r",
      "color": "b"
    },
    {
      "square": "c4",
      "type": "p",
      "color": "w"
    },
    {
      "square": "g4",
      "type": "n",
      "color": "w"
    },
    {
      "square": "a2",
      "type": "p",
      "color": "w"
    },
    {
      "square": "g2",
      "type": "b",
      "color": "w"
    },
    {
      "square": "h2",
      "type": "p",
      "color": "w"
    },
    {
      "square": "f1",
      "type": "r",
      "color": "w"
    },
    {
      "square": "h1",
      "type": "k",
      "color": "w"
    }
  ]
}