{
  "event": "FIDE Grand Prix Mallorca",
  "site": "Palma de Mallorca ESP",
  "date": "2017.11.19",
  "eventDate": "2017.11.16",
  "dateMillis": 1511020800000,
  "eventDateMillis": 1510761600000,
  "round": "4.4",
  "result": "0-1",
  "white": "Ernesto Inarkiev",
  "black": "Ding Liren",
  "isDingWin": true,
  "isDraw": false,
  "isDingBlack": true,
  "moves": [
    "c5",
    "Bc4",
    "Qg6+",
    "Kf3",
    "Qf5+",
    "Kg3",
    "Qe4",
    "b3",
    "Qxe3+",
    "Kg2",
    "Qd2+",
    "Kh1",
    "f5",
    "Rg1",
    "Qh6+",
    "Kg2",
    "Kg7",
    "Rd1",
    "Qg5+",
    "Kf2",
    "Qf4+",
    "Ke2",
    "Qh2+",
    "Ke3",
    "f4+",
    "Ke4",
    "Qxc2+",
    "Rd3",
    "Kf6",
    "Bxa6",
    "Qg2+",
    "Rf3",
    "Ke6"
  ],
  "statePieceCount": 15,
  "endPieceCount": 12,
  "boardState": [
    {
      "square": "h8",
      "type": "k",
      "color": "b"
    },
    {
      "square": "c7",
      "type": "p",
      "color": "b"
    },
    {
      "square": "f7",
      "type": "p",
      "color": "b"
    },
    {
      "square": "h7",
      "type": "p",
      "color": "b"
    },
    {
      "square": "a6",
      "type": "p",
      "color": "b"
    },
    {
      "square": "f6",
      "type": "q",
      "color": "b"
    },
    {
      "square": "e5",
      "type": "p",
      "color": "b"
    },
    {
      "square": "a4",
      "type": "p",
      "color": "w"
    },
    {
      "square": "b4",
      "type": "p",
      "color": "b"
    },
    {
      "square": "b3",
      "type": "b",
      "color": "w"
    },
    {
      "square": "e3",
      "type": "p",
      "color": "w"
    },
    {
      "square": "b2",
      "type": "p",
      "color": "w"
    },
    {
      "square": "c2",
      "type": "p",
      "color": "w"
    },
    {
      "square": "g2",
      "type": "k",
      "color": "w"
    },
    {
      "square": "a1",
      "type": "r",
      "color": "w"
    }
  ]
}