{
  "event": "Champions Showdown: Carlsen - Ding (Rapid G/20)",
  "site": "St Louis, MO USA",
  "date": "2017.11.12",
  "eventDate": "2017.10.21",
  "dateMillis": 1510416000000,
  "eventDateMillis": 1508515200000,
  "round": "2.1",
  "result": "0-1",
  "white": "Ding Liren",
  "black": "Magnus Carlsen",
  "isDingWin": false,
  "isDraw": false,
  "isDingBlack": false,
  "moves": [
    "Nxa7",
    "Kh4",
    "Kf8",
    "g5",
    "Kg7",
    "gxh6+",
    "Kxh6",
    "Kg3",
    "Nc8",
    "Kf2",
    "Nd6",
    "Ke1",
    "Ne4",
    "Bf3",
    "f5",
    "Ke2",
    "Nf6",
    "Kd3",
    "Ng4",
    "Kc3",
    "Kxh5",
    "Kb4",
    "Kh4",
    "Kb5",
    "Kg3",
    "Bd1",
    "Nxe3",
    "Bb3",
    "e5",
    "Kxb6",
    "exf4",
    "c5",
    "f3",
    "c6",
    "f2",
    "c7",
    "f1=Q",
    "c8=Q",
    "f6",
    "Qc7+",
    "Qf4",
    "Qxf4+",
    "Kxf4",
    "Kc5",
    "Ke4",
    "Ba4",
    "f4",
    "Bc6+",
    "Kd3",
    "Kd6",
    "Nf5+",
    "Kd7",
    "Nd4",
    "Bb7",
    "Ke3",
    "Ke7",
    "f5",
    "Kf6",
    "f3",
    "Kg5",
    "f2",
    "Bg2",
    "Nf3+",
    "Kf6",
    "f4"
  ],
  "statePieceCount": 15,
  "endPieceCount": 6,
  "boardState": [
    {
      "square": "a7",
      "type": "r",
      "color": "w"
    },
    {
      "square": "e7",
      "type": "k",
      "color": "b"
    },
    {
      "square": "f7",
      "type": "p",
      "color": "b"
    },
    {
      "square": "b6",
      "type": "p",
      "color": "b"
    },
    {
      "square": "c6",
      "type": "n",
      "color": "b"
    },
    {
      "square": "e6",
      "type": "p",
      "color": "b"
    },
    {
      "square": "f6",
      "type": "p",
      "color": "b"
    },
    {
      "square": "h6",
      "type": "p",
      "color": "b"
    },
    {
      "square": "h5",
      "type": "p",
      "color": "w"
    },
    {
      "square": "c4",
      "type": "p",
      "color": "w"
    },
    {
      "square": "f4",
      "type": "p",
      "color": "w"
    },
    {
      "square": "g4",
      "type": "p",
      "color": "w"
    },
    {
      "square": "e3",
      "type": "p",
      "color": "w"
    },
    {
      "square": "g3",
      "type": "k",
      "color": "w"
    },
    {
      "square": "e2",
      "type": "b",
      "color": "w"
    }
  ]
}