{
  "event": "Champions Showdown: Carlsen - Ding (Blitz)",
  "site": "St Louis, MO USA",
  "date": "2017.11.14",
  "eventDate": "2017.11.14",
  "dateMillis": 1510588800000,
  "eventDateMillis": 1510588800000,
  "round": "2",
  "result": "0-1",
  "white": "Ding Liren",
  "black": "Magnus Carlsen",
  "isDingWin": false,
  "isDraw": false,
  "isDingBlack": false,
  "moves": [
    "Bf6",
    "Qa8+",
    "Kg7",
    "Qa5",
    "Rb1+",
    "Kg2",
    "Ra1",
    "f4",
    "a3",
    "e4",
    "Bb2",
    "Qb4",
    "Re1",
    "Qb3",
    "Rxe4",
    "Kf3",
    "Re1",
    "h4",
    "h5",
    "Qc4",
    "e6",
    "Qb3",
    "d5",
    "Qa2",
    "Ra1",
    "Qb3",
    "Rc1",
    "Kg2",
    "Rc3",
    "Qa4",
    "Rc4",
    "Qa7",
    "Rc2+",
    "Kf3",
    "d4",
    "Qa5",
    "d3",
    "Qa4",
    "Rc1",
    "Qb4",
    "Rc8",
    "g4",
    "hxg4+",
    "Kxg4",
    "Rd8",
    "Qd2",
    "Bf6",
    "h5",
    "a2"
  ],
  "statePieceCount": 15,
  "endPieceCount": 12,
  "boardState": [
    {
      "square": "f8",
      "type": "k",
      "color": "b"
    },
    {
      "square": "e7",
      "type": "p",
      "color": "b"
    },
    {
      "square": "f7",
      "type": "p",
      "color": "b"
    },
    {
      "square": "h7",
      "type": "p",
      "color": "b"
    },
    {
      "square": "c6",
      "type": "q",
      "color": "w"
    },
    {
      "square": "d6",
      "type": "p",
      "color": "b"
    },
    {
      "square": "g6",
      "type": "p",
      "color": "b"
    },
    {
      "square": "a4",
      "type": "p",
      "color": "b"
    },
    {
      "square": "b4",
      "type": "r",
      "color": "b"
    },
    {
      "square": "c3",
      "type": "b",
      "color": "b"
    },
    {
      "square": "e3",
      "type": "p",
      "color": "w"
    },
    {
      "square": "g3",
      "type": "p",
      "color": "w"
    },
    {
      "square": "f2",
      "type": "p",
      "color": "w"
    },
    {
      "square": "h2",
      "type": "p",
      "color": "w"
    },
    {
      "square": "g1",
      "type": "k",
      "color": "w"
    }
  ]
}