{
  "event": "Champions Showdown: Carlsen - Ding (Rapid G/20)",
  "site": "St Louis, MO USA",
  "date": "2017.11.12",
  "eventDate": "2017.10.21",
  "dateMillis": 1510416000000,
  "eventDateMillis": 1508515200000,
  "round": "1.1",
  "result": "1/2-1/2",
  "white": "Magnus Carlsen",
  "black": "Ding Liren",
  "isDingWin": false,
  "isDraw": true,
  "isDingBlack": true,
  "moves": [
    "Qxe4",
    "g6",
    "a4",
    "bxa4"
  ],
  "statePieceCount": 15,
  "endPieceCount": 13,
  "boardState": [
    {
      "square": "d8",
      "type": "r",
      "color": "b"
    },
    {
      "square": "g8",
      "type": "k",
      "color": "b"
    },
    {
      "square": "f7",
      "type": "p",
      "color": "b"
    },
    {
      "square": "g7",
      "type": "p",
      "color": "b"
    },
    {
      "square": "f6",
      "type": "q",
      "color": "b"
    },
    {
      "square": "h6",
      "type": "p",
      "color": "b"
    },
    {
      "square": "b5",
      "type": "p",
      "color": "b"
    },
    {
      "square": "e4",
      "type": "n",
      "color": "b"
    },
    {
      "square": "d3",
      "type": "q",
      "color": "w"
    },
    {
      "square": "h3",
      "type": "p",
      "color": "w"
    },
    {
      "square": "a2",
      "type": "p",
      "color": "w"
    },
    {
      "square": "f2",
      "type": "p",
      "color": "w"
    },
    {
      "square": "g2",
      "type": "p",
      "color": "w"
    },
    {
      "square": "f1",
      "type": "r",
      "color": "w"
    },
    {
      "square": "g1",
      "type": "k",
      "color": "w"
    }
  ]
}