{
  "event": "Champions Showdown: Carlsen - Ding (Blitz G/10)",
  "site": "St. Louis, MO USA",
  "date": "2017.11.13",
  "eventDate": "2017.10.21",
  "dateMillis": 1510502400000,
  "eventDateMillis": 1508515200000,
  "round": "7.1",
  "result": "1-0",
  "white": "Magnus Carlsen",
  "black": "Ding Liren",
  "isDingWin": false,
  "isDraw": false,
  "isDingBlack": true,
  "moves": [
    "f5",
    "Ke2",
    "Kf6",
    "Kd2",
    "g5",
    "f4",
    "gxf4",
    "gxf4",
    "Bb2",
    "Bf2",
    "Kg6",
    "Kd1",
    "Bc3",
    "Bh4",
    "Bf6",
    "Be1",
    "Bd4",
    "Ke2",
    "Bb2",
    "Ba5",
    "Bc1",
    "Kf3",
    "Ba3",
    "Bc7",
    "Nd7",
    "Ke2",
    "Nf6",
    "Bd3",
    "Bc5",
    "Kd1",
    "Ne4",
    "Kc2",
    "Nf2",
    "Bf1",
    "Ne4",
    "Bg2",
    "Ng3",
    "Bf3",
    "Ne4",
    "Bg2",
    "Ng3",
    "Kd3",
    "h4",
    "Bd8",
    "Nh5",
    "Bg5",
    "Bf2",
    "Bf3",
    "Nf6",
    "Ke2",
    "Bg3",
    "Ke3",
    "Kf7",
    "Kd3",
    "Nh7",
    "Bh5+",
    "Kg7",
    "Be7",
    "Nf6",
    "c5",
    "dxc5",
    "Bf3",
    "Bxf4",
    "Bxc5",
    "Ne8",
    "Be7",
    "Nd6",
    "Bxh4",
    "Kg6"
  ],
  "statePieceCount": 15,
  "endPieceCount": 9,
  "boardState": [
    {
      "square": "f7",
      "type": "p",
      "color": "b"
    },
    {
      "square": "g7",
      "type": "k",
      "color": "b"
    },
    {
      "square": "d6",
      "type": "p",
      "color": "b"
    },
    {
      "square": "g6",
      "type": "p",
      "color": "b"
    },
    {
      "square": "c5",
      "type": "n",
      "color": "b"
    },
    {
      "square": "d5",
      "type": "p",
      "color": "w"
    },
    {
      "square": "e5",
      "type": "b",
      "color": "b"
    },
    {
      "square": "h5",
      "type": "p",
      "color": "b"
    },
    {
      "square": "c4",
      "type": "p",
      "color": "w"
    },
    {
      "square": "e3",
      "type": "b",
      "color": "w"
    },
    {
      "square": "f3",
      "type": "k",
      "color": "w"
    },
    {
      "square": "g3",
      "type": "p",
      "color": "w"
    },
    {
      "square": "h3",
      "type": "p",
      "color": "w"
    },
    {
      "square": "c2",
      "type": "b",
      "color": "w"
    },
    {
      "square": "f2",
      "type": "p",
      "color": "w"
    }
  ]
}