{
  "event": "IMSA Elite Mind Games (Blitz)",
  "site": "?",
  "date": "2017.12.13",
  "dateMillis": 1513094400000,
  "eventDateMillis": null,
  "round": "22.3",
  "result": "1/2-1/2",
  "white": "Ding Liren",
  "black": "Anton Korobov",
  "isDingWin": false,
  "isDraw": true,
  "isDingBlack": false,
  "moves": [
    "Rxb7",
    "Rc1",
    "Kf6",
    "Ke3",
    "Rd7",
    "a4",
    "Rd5",
    "Rc7",
    "Ra5",
    "b3",
    "h5",
    "Ke4",
    "g5",
    "fxg5+",
    "Kxg5",
    "h3",
    "Kf6",
    "g4",
    "hxg4",
    "hxg4",
    "Re5+",
    "Kf4",
    "Re1",
    "g5+",
    "Kg6",
    "Rxa7",
    "e5+",
    "Kf3",
    "Rb1",
    "Ke4",
    "Rxb3",
    "Kxe5",
    "Kxg5",
    "Kd5",
    "Rb4",
    "Kc6",
    "Kf4",
    "Ra6",
    "Ke3",
    "Rxb6",
    "Rxa4",
    "Rb5",
    "Rc4+",
    "Rc5",
    "Rxc5+",
    "Kxc5"
  ],
  "statePieceCount": 15,
  "endPieceCount": 2,
  "boardState": [
    {
      "square": "a7",
      "type": "p",
      "color": "b"
    },
    {
      "square": "b7",
      "type": "b",
      "color": "w"
    },
    {
      "square": "c7",
      "type": "r",
      "color": "b"
    },
    {
      "square": "g7",
      "type": "k",
      "color": "b"
    },
    {
      "square": "b6",
      "type": "p",
      "color": "b"
    },
    {
      "square": "e6",
      "type": "p",
      "color": "b"
    },
    {
      "square": "g6",
      "type": "p",
      "color": "b"
    },
    {
      "square": "h6",
      "type": "p",
      "color": "b"
    },
    {
      "square": "f4",
      "type": "p",
      "color": "w"
    },
    {
      "square": "g3",
      "type": "p",
      "color": "w"
    },
    {
      "square": "a2",
      "type": "p",
      "color": "w"
    },
    {
      "square": "b2",
      "type": "p",
      "color": "w"
    },
    {
      "square": "f2",
      "type": "k",
      "color": "w"
    },
    {
      "square": "h2",
      "type": "p",
      "color": "w"
    },
    {
      "square": "d1",
      "type": "r",
      "color": "w"
    }
  ]
}