{
  "event": "IMSA Elite Mind Games (Blitz)",
  "site": "?",
  "date": "2017.12.12",
  "dateMillis": 1513008000000,
  "eventDateMillis": null,
  "round": "4.5",
  "result": "0-1",
  "white": "Rauf Mamedov",
  "black": "Ding Liren",
  "isDingWin": true,
  "isDraw": false,
  "isDingBlack": true,
  "moves": [
    "Rc5",
    "Kf6",
    "Kg3",
    "b6",
    "Rd5",
    "Bc7",
    "Rd4",
    "Ke6",
    "Rd2",
    "a5",
    "Re2+",
    "Kf6",
    "Re8",
    "Bd6",
    "a3",
    "a4",
    "f3",
    "Bc5",
    "Ra8",
    "Bc2",
    "Re8",
    "Bd3",
    "Ra8",
    "b5",
    "Rd8",
    "Bc4",
    "Re8",
    "Be6",
    "Rb8",
    "Bc4",
    "Re8",
    "Bd6",
    "Rd8",
    "Ke7",
    "Rh8",
    "Bd3",
    "Rc8",
    "Kd7",
    "Ra8",
    "Bc5",
    "f5",
    "Be3",
    "f4",
    "Bc1",
    "Ra7+",
    "Ke8",
    "Ra8+",
    "Ke7",
    "Ra6",
    "Bxb2",
    "f6+",
    "Kd7",
    "f5",
    "Bxf5",
    "Kf4",
    "Be6",
    "Ra7+",
    "Kd6",
    "Ra6+",
    "Kd5",
    "Rb6",
    "Kc4",
    "Ke4",
    "Bxa3",
    "Rc6+",
    "Bc5"
  ],
  "statePieceCount": 15,
  "endPieceCount": 12,
  "boardState": [
    {
      "square": "d8",
      "type": "b",
      "color": "b"
    },
    {
      "square": "a7",
      "type": "p",
      "color": "b"
    },
    {
      "square": "b7",
      "type": "p",
      "color": "b"
    },
    {
      "square": "f7",
      "type": "p",
      "color": "b"
    },
    {
      "square": "g7",
      "type": "k",
      "color": "b"
    },
    {
      "square": "h7",
      "type": "p",
      "color": "b"
    },
    {
      "square": "f5",
      "type": "b",
      "color": "b"
    },
    {
      "square": "c4",
      "type": "r",
      "color": "w"
    },
    {
      "square": "f4",
      "type": "p",
      "color": "w"
    },
    {
      "square": "c3",
      "type": "p",
      "color": "w"
    },
    {
      "square": "h3",
      "type": "p",
      "color": "w"
    },
    {
      "square": "a2",
      "type": "p",
      "color": "w"
    },
    {
      "square": "b2",
      "type": "p",
      "color": "w"
    },
    {
      "square": "f2",
      "type": "p",
      "color": "w"
    },
    {
      "square": "g2",
      "type": "k",
      "color": "w"
    }
  ]
}