{
  "event": "IMSA Elite Mind Games (Rapid)",
  "site": "?",
  "date": "2017.12.10",
  "dateMillis": 1512835200000,
  "eventDateMillis": null,
  "round": "4.1",
  "result": "0-1",
  "white": "Ding Liren",
  "black": "Shakhriyar Mamedyarov",
  "isDingWin": false,
  "isDraw": false,
  "isDingBlack": false,
  "moves": [
    "Nxg5",
    "Rc2",
    "Rd3",
    "Bxc7",
    "Nf3+",
    "Kh1",
    "Rh4+",
    "Kg2",
    "Rg4+",
    "Kh1",
    "Nd2",
    "Rd1",
    "Rh3+",
    "Bh2",
    "Nf3",
    "Rf2",
    "Rgh4",
    "Kg2",
    "Nxh2",
    "Rd8+",
    "Kh7",
    "Rff8",
    "Ng4",
    "Rh8+",
    "Kg6",
    "Rxh4",
    "Rxh4",
    "Rd6+",
    "Kf5",
    "Rxc6",
    "Rh6",
    "Rc5+",
    "Ne5",
    "b4",
    "Rd6",
    "a4",
    "g5",
    "b5",
    "axb5",
    "Rxb5",
    "Rd4",
    "a5",
    "Kf4",
    "a6",
    "Ra4",
    "Rb6",
    "Ra2+",
    "Kf1",
    "g4"
  ],
  "statePieceCount": 15,
  "endPieceCount": 7,
  "boardState": [
    {
      "square": "g8",
      "type": "k",
      "color": "b"
    },
    {
      "square": "c7",
      "type": "p",
      "color": "b"
    },
    {
      "square": "g7",
      "type": "p",
      "color": "b"
    },
    {
      "square": "a6",
      "type": "p",
      "color": "b"
    },
    {
      "square": "c6",
      "type": "p",
      "color": "b"
    },
    {
      "square": "e6",
      "type": "n",
      "color": "b"
    },
    {
      "square": "g5",
      "type": "p",
      "color": "w"
    },
    {
      "square": "d4",
      "type": "r",
      "color": "b"
    },
    {
      "square": "e4",
      "type": "r",
      "color": "b"
    },
    {
      "square": "b3",
      "type": "p",
      "color": "w"
    },
    {
      "square": "g3",
      "type": "b",
      "color": "w"
    },
    {
      "square": "a2",
      "type": "p",
      "color": "w"
    },
    {
      "square": "f2",
      "type": "r",
      "color": "w"
    },
    {
      "square": "h2",
      "type": "k",
      "color": "w"
    },
    {
      "square": "f1",
      "type": "r",
      "color": "w"
    }
  ]
}