{
  "event": "World Championship Candidates",
  "site": "Berlin GER",
  "date": "2018.03.19",
  "eventDate": "2018.03.10",
  "dateMillis": 1521388800000,
  "eventDateMillis": 1520611200000,
  "round": "8",
  "result": "1/2-1/2",
  "white": "Ding Liren",
  "black": "Levon Aronian",
  "isDingWin": false,
  "isDraw": true,
  "isDingBlack": false,
  "moves": [
    "Rd8+",
    "Kc2",
    "Rc8",
    "Kd2",
    "Ba6",
    "Ne4",
    "Kf8",
    "f5",
    "Rd8+",
    "Ke3",
    "Rd5",
    "Rc1",
    "Rxf5",
    "Rc8+",
    "Ke7",
    "Rc7+",
    "Kf8",
    "Rc8+",
    "Ke7",
    "Rc7+",
    "Kf8",
    "Rc8+"
  ],
  "statePieceCount": 15,
  "endPieceCount": 14,
  "boardState": [
    {
      "square": "h8",
      "type": "r",
      "color": "b"
    },
    {
      "square": "b7",
      "type": "p",
      "color": "b"
    },
    {
      "square": "f7",
      "type": "k",
      "color": "b"
    },
    {
      "square": "g7",
      "type": "p",
      "color": "b"
    },
    {
      "square": "h7",
      "type": "p",
      "color": "b"
    },
    {
      "square": "f6",
      "type": "p",
      "color": "b"
    },
    {
      "square": "a4",
      "type": "p",
      "color": "w"
    },
    {
      "square": "c4",
      "type": "b",
      "color": "b"
    },
    {
      "square": "f4",
      "type": "p",
      "color": "w"
    },
    {
      "square": "c3",
      "type": "n",
      "color": "w"
    },
    {
      "square": "f3",
      "type": "p",
      "color": "w"
    },
    {
      "square": "e2",
      "type": "p",
      "color": "w"
    },
    {
      "square": "h2",
      "type": "p",
      "color": "w"
    },
    {
      "square": "d1",
      "type": "k",
      "color": "w"
    },
    {
      "square": "g1",
      "type": "r",
      "color": "w"
    }
  ]
}