{
  "event": "World Championship Candidates",
  "site": "Berlin GER",
  "date": "2018.03.20",
  "eventDate": "2018.03.10",
  "dateMillis": 1521475200000,
  "eventDateMillis": 1520611200000,
  "round": "9",
  "result": "1/2-1/2",
  "white": "Fabiano Caruana",
  "black": "Ding Liren",
  "isDingWin": false,
  "isDraw": true,
  "isDingBlack": true,
  "moves": [
    "Bxb3",
    "e6",
    "Ra7",
    "Nc5",
    "Bc4",
    "Nd7",
    "Bb5",
    "Nf8+",
    "Kg8",
    "Ng6",
    "Ne7",
    "Ra1",
    "Nc6",
    "Rd1",
    "Kh7",
    "Rd5",
    "Ba4",
    "Kf4",
    "Bc2",
    "Rc5",
    "Ba4",
    "g5",
    "hxg5+",
    "Rxg5",
    "Nd8",
    "Re5",
    "Be8",
    "e7"
  ],
  "statePieceCount": 15,
  "endPieceCount": 12,
  "boardState": [
    {
      "square": "f7",
      "type": "b",
      "color": "b"
    },
    {
      "square": "g7",
      "type": "p",
      "color": "b"
    },
    {
      "square": "h7",
      "type": "k",
      "color": "b"
    },
    {
      "square": "c6",
      "type": "n",
      "color": "b"
    },
    {
      "square": "h6",
      "type": "p",
      "color": "b"
    },
    {
      "square": "e5",
      "type": "p",
      "color": "w"
    },
    {
      "square": "h5",
      "type": "p",
      "color": "w"
    },
    {
      "square": "b4",
      "type": "p",
      "color": "b"
    },
    {
      "square": "g4",
      "type": "p",
      "color": "w"
    },
    {
      "square": "b3",
      "type": "p",
      "color": "w"
    },
    {
      "square": "d3",
      "type": "n",
      "color": "w"
    },
    {
      "square": "g3",
      "type": "k",
      "color": "w"
    },
    {
      "square": "a2",
      "type": "r",
      "color": "b"
    },
    {
      "square": "b2",
      "type": "b",
      "color": "w"
    },
    {
      "square": "e1",
      "type": "r",
      "color": "w"
    }
  ]
}