{
  "event": "World Championship Candidates",
  "site": "Berlin GER",
  "date": "2018.03.18",
  "eventDate": "2018.03.10",
  "dateMillis": 1521302400000,
  "eventDateMillis": 1520611200000,
  "round": "7",
  "result": "1/2-1/2",
  "white": "Vladimir Kramnik",
  "black": "Ding Liren",
  "isDingWin": false,
  "isDraw": true,
  "isDingBlack": true,
  "moves": [
    "Rc4",
    "h5",
    "h4",
    "Kh7",
    "Kg2",
    "f6",
    "Rd4",
    "Kg6",
    "Rc4",
    "Kf7",
    "Kh2",
    "Kg6",
    "Kg1",
    "Qb1+",
    "Kg2",
    "Qb3",
    "Rd4",
    "Kf7",
    "Rd5",
    "Qxa4",
    "Rxf5",
    "Kg6",
    "b6",
    "Qb3",
    "Rxa5",
    "Qxb6",
    "Rd5",
    "Qb2",
    "Rf5",
    "Qa2",
    "Rc5",
    "Qe2",
    "Rc4",
    "Qa2",
    "Rb4",
    "Qa5",
    "Rb8",
    "Qa2",
    "Rd8",
    "Qa5",
    "Rd5",
    "Qa2",
    "Rf5",
    "Qe6",
    "Rd5",
    "Qa6",
    "g4",
    "hxg4",
    "h5+",
    "Kf7",
    "Rd7+",
    "Ke6",
    "Rg7",
    "Qe2",
    "h6",
    "Qf3+",
    "Kg1",
    "g3",
    "Rxg3",
    "Qh5",
    "Rg7",
    "f5",
    "h7",
    "f4",
    "Ng4",
    "Qh3",
    "Rg6+",
    "Kf5",
    "Rg7",
    "Ke6",
    "Rg6+",
    "Kf5",
    "Nh6+",
    "Kxg6",
    "h8=Q",
    "Qxh6",
    "Qe8+",
    "Kf5",
    "Qb5+",
    "Kg4",
    "Qe2+",
    "Kf5",
    "Qb5+"
  ],
  "statePieceCount": 15,
  "endPieceCount": 7,
  "boardState": [
    {
      "square": "g8",
      "type": "k",
      "color": "b"
    },
    {
      "square": "f7",
      "type": "p",
      "color": "b"
    },
    {
      "square": "h7",
      "type": "p",
      "color": "b"
    },
    {
      "square": "a5",
      "type": "p",
      "color": "b"
    },
    {
      "square": "b5",
      "type": "p",
      "color": "w"
    },
    {
      "square": "f5",
      "type": "p",
      "color": "b"
    },
    {
      "square": "a4",
      "type": "p",
      "color": "w"
    },
    {
      "square": "e4",
      "type": "p",
      "color": "b"
    },
    {
      "square": "b3",
      "type": "q",
      "color": "b"
    },
    {
      "square": "e3",
      "type": "n",
      "color": "w"
    },
    {
      "square": "g3",
      "type": "p",
      "color": "w"
    },
    {
      "square": "h3",
      "type": "p",
      "color": "w"
    },
    {
      "square": "f2",
      "type": "p",
      "color": "w"
    },
    {
      "square": "c1",
      "type": "r",
      "color": "w"
    },
    {
      "square": "g1",
      "type": "k",
      "color": "w"
    }
  ]
}