{
  "event": "World Championship Candidates",
  "site": "Berlin GER",
  "date": "2018.03.24",
  "eventDate": "2018.03.10",
  "dateMillis": 1521820800000,
  "eventDateMillis": 1520611200000,
  "round": "12",
  "result": "0-1",
  "white": "Shakhriyar Mamedyarov",
  "black": "Ding Liren",
  "isDingWin": true,
  "isDraw": false,
  "isDingBlack": true,
  "moves": [
    "Bxf7",
    "Bxf7+",
    "Kh7",
    "Qh4+",
    "Qh6",
    "Rh5",
    "Qa7+"
  ],
  "statePieceCount": 15,
  "endPieceCount": 13,
  "boardState": [
    {
      "square": "a8",
      "type": "r",
      "color": "b"
    },
    {
      "square": "e8",
      "type": "b",
      "color": "b"
    },
    {
      "square": "g8",
      "type": "k",
      "color": "b"
    },
    {
      "square": "e7",
      "type": "q",
      "color": "w"
    },
    {
      "square": "f7",
      "type": "p",
      "color": "w"
    },
    {
      "square": "g7",
      "type": "p",
      "color": "b"
    },
    {
      "square": "b6",
      "type": "q",
      "color": "b"
    },
    {
      "square": "c5",
      "type": "r",
      "color": "w"
    },
    {
      "square": "b4",
      "type": "p",
      "color": "w"
    },
    {
      "square": "c4",
      "type": "b",
      "color": "w"
    },
    {
      "square": "e4",
      "type": "p",
      "color": "w"
    },
    {
      "square": "f3",
      "type": "p",
      "color": "w"
    },
    {
      "square": "h3",
      "type": "p",
      "color": "w"
    },
    {
      "square": "f2",
      "type": "k",
      "color": "w"
    },
    {
      "square": "a1",
      "type": "q",
      "color": "b"
    }
  ]
}