{
  "event": "Gashimov Memorial",
  "site": "Shamkir AZE",
  "date": "2018.04.27",
  "eventDate": "2018.04.19",
  "dateMillis": 1524758400000,
  "eventDateMillis": 1524067200000,
  "round": "8",
  "result": "1-0",
  "white": "Ding Liren",
  "black": "Rauf Mamedov",
  "isDingWin": true,
  "isDraw": false,
  "isDingBlack": false,
  "moves": [
    "Kxg3",
    "Rb3",
    "Kg2",
    "Rb2",
    "Rxa6",
    "f4",
    "exf4",
    "Rxf4",
    "Ra7+",
    "Kh6",
    "Kg3",
    "Rf6",
    "h4",
    "g5",
    "Rh8+",
    "Kg6",
    "Rg8+",
    "Kf5",
    "Rxg5+"
  ],
  "statePieceCount": 15,
  "endPieceCount": 10,
  "boardState": [
    {
      "square": "e8",
      "type": "r",
      "color": "w"
    },
    {
      "square": "f7",
      "type": "r",
      "color": "b"
    },
    {
      "square": "g7",
      "type": "k",
      "color": "b"
    },
    {
      "square": "a6",
      "type": "p",
      "color": "b"
    },
    {
      "square": "b6",
      "type": "r",
      "color": "b"
    },
    {
      "square": "g6",
      "type": "p",
      "color": "b"
    },
    {
      "square": "a5",
      "type": "r",
      "color": "w"
    },
    {
      "square": "f5",
      "type": "p",
      "color": "b"
    },
    {
      "square": "d4",
      "type": "p",
      "color": "w"
    },
    {
      "square": "e4",
      "type": "p",
      "color": "b"
    },
    {
      "square": "e3",
      "type": "p",
      "color": "w"
    },
    {
      "square": "g3",
      "type": "p",
      "color": "b"
    },
    {
      "square": "h3",
      "type": "p",
      "color": "w"
    },
    {
      "square": "f2",
      "type": "p",
      "color": "w"
    },
    {
      "square": "g2",
      "type": "k",
      "color": "w"
    }
  ]
}