{
  "event": "Gashimov Memorial",
  "site": "Shamkir AZE",
  "date": "2018.04.21",
  "eventDate": "2018.04.18",
  "dateMillis": 1524240000000,
  "eventDateMillis": 1523980800000,
  "round": "3",
  "result": "1/2-1/2",
  "white": "Ding Liren",
  "black": "Veselin Topalov",
  "isDingWin": false,
  "isDraw": true,
  "isDingBlack": false,
  "moves": [
    "dxe4",
    "Kf1",
    "Kg6",
    "Kg1",
    "Kh7",
    "Kh1",
    "Kh6",
    "Kg1",
    "Kg6",
    "Kh1",
    "Qd1+",
    "Kh2",
    "Qe2+",
    "Kg1",
    "Qd1+",
    "Kh2",
    "Qe2+",
    "Kg1",
    "Qe1+",
    "Kg2",
    "Qe2+"
  ],
  "statePieceCount": 15,
  "endPieceCount": 14,
  "boardState": [
    {
      "square": "g7",
      "type": "p",
      "color": "b"
    },
    {
      "square": "h7",
      "type": "k",
      "color": "b"
    },
    {
      "square": "e6",
      "type": "p",
      "color": "b"
    },
    {
      "square": "d5",
      "type": "p",
      "color": "b"
    },
    {
      "square": "h5",
      "type": "p",
      "color": "b"
    },
    {
      "square": "d4",
      "type": "p",
      "color": "w"
    },
    {
      "square": "e4",
      "type": "b",
      "color": "w"
    },
    {
      "square": "h4",
      "type": "p",
      "color": "w"
    },
    {
      "square": "a3",
      "type": "q",
      "color": "w"
    },
    {
      "square": "c3",
      "type": "p",
      "color": "b"
    },
    {
      "square": "e3",
      "type": "p",
      "color": "w"
    },
    {
      "square": "g3",
      "type": "p",
      "color": "w"
    },
    {
      "square": "c2",
      "type": "q",
      "color": "b"
    },
    {
      "square": "c1",
      "type": "b",
      "color": "w"
    },
    {
      "square": "e1",
      "type": "k",
      "color": "w"
    }
  ]
}