{
  "event": "Chess Olympiad",
  "site": "Batumi GEO",
  "date": "2018.09.27",
  "eventDate": "2018.09.24",
  "dateMillis": 1537977600000,
  "eventDateMillis": 1537718400000,
  "round": "4.6",
  "result": "1-0",
  "white": "Ding Liren",
  "black": "Ivan Saric",
  "isDingWin": true,
  "isDraw": false,
  "isDingBlack": false,
  "moves": [
    "Rxe5",
    "Rd6",
    "Bc4",
    "Rd4",
    "Ba6",
    "a4",
    "Re2",
    "Bc3",
    "Rc2",
    "Rd8+",
    "Kh7",
    "Rd6"
  ],
  "statePieceCount": 15,
  "endPieceCount": 14,
  "boardState": [
    {
      "square": "g8",
      "type": "k",
      "color": "b"
    },
    {
      "square": "f7",
      "type": "p",
      "color": "b"
    },
    {
      "square": "a6",
      "type": "r",
      "color": "w"
    },
    {
      "square": "e6",
      "type": "b",
      "color": "b"
    },
    {
      "square": "d5",
      "type": "r",
      "color": "b"
    },
    {
      "square": "e5",
      "type": "p",
      "color": "w"
    },
    {
      "square": "g5",
      "type": "p",
      "color": "w"
    },
    {
      "square": "h5",
      "type": "p",
      "color": "b"
    },
    {
      "square": "a3",
      "type": "p",
      "color": "w"
    },
    {
      "square": "d3",
      "type": "p",
      "color": "b"
    },
    {
      "square": "f3",
      "type": "p",
      "color": "w"
    },
    {
      "square": "b2",
      "type": "p",
      "color": "w"
    },
    {
      "square": "d2",
      "type": "b",
      "color": "w"
    },
    {
      "square": "g2",
      "type": "p",
      "color": "w"
    },
    {
      "square": "g1",
      "type": "k",
      "color": "w"
    }
  ]
}