{
  "event": "Tata Steel Masters",
  "site": "Leiden NED",
  "date": "2019.01.23",
  "eventDate": "2019.01.11",
  "dateMillis": 1548172800000,
  "eventDateMillis": 1547136000000,
  "round": "10",
  "result": "1/2-1/2",
  "white": "Ding Liren",
  "black": "Shakhriyar Mamedyarov",
  "isDingWin": false,
  "isDraw": true,
  "isDingBlack": false,
  "moves": [
    "Rxc1",
    "Rc7",
    "Rb1",
    "Bc3",
    "Bxc3",
    "Rxc3",
    "Ra1",
    "Rc7",
    "h4",
    "g5",
    "Kg3",
    "Kg7",
    "Ra5",
    "Kg6",
    "Ra6+",
    "Kg7",
    "h5",
    "Rb7",
    "Kf3",
    "Rc7",
    "Ra3",
    "Rb7",
    "e4",
    "Kf6",
    "Ke3",
    "Rd7",
    "Ra6+",
    "Kg7",
    "f3"
  ],
  "statePieceCount": 15,
  "endPieceCount": 12,
  "boardState": [
    {
      "square": "g8",
      "type": "k",
      "color": "b"
    },
    {
      "square": "a7",
      "type": "p",
      "color": "b"
    },
    {
      "square": "b7",
      "type": "r",
      "color": "b"
    },
    {
      "square": "f7",
      "type": "p",
      "color": "b"
    },
    {
      "square": "c6",
      "type": "r",
      "color": "w"
    },
    {
      "square": "g6",
      "type": "p",
      "color": "b"
    },
    {
      "square": "h6",
      "type": "p",
      "color": "b"
    },
    {
      "square": "e5",
      "type": "b",
      "color": "b"
    },
    {
      "square": "g4",
      "type": "p",
      "color": "w"
    },
    {
      "square": "e3",
      "type": "p",
      "color": "w"
    },
    {
      "square": "h3",
      "type": "p",
      "color": "w"
    },
    {
      "square": "f2",
      "type": "p",
      "color": "w"
    },
    {
      "square": "g2",
      "type": "k",
      "color": "w"
    },
    {
      "square": "c1",
      "type": "r",
      "color": "b"
    },
    {
      "square": "e1",
      "type": "b",
      "color": "w"
    }
  ]
}