{
  "event": "Tata Steel Masters",
  "site": "Wijk aan Zee NED",
  "date": "2019.01.27",
  "eventDate": "2019.01.12",
  "dateMillis": 1548518400000,
  "eventDateMillis": 1547222400000,
  "round": "13.4",
  "result": "1/2-1/2",
  "white": "Jan-Krzysztof Duda",
  "black": "Ding Liren",
  "isDingWin": false,
  "isDraw": true,
  "isDingBlack": true,
  "moves": [
    "fxe5",
    "Bb7"
  ],
  "statePieceCount": 15,
  "endPieceCount": 14,
  "boardState": [
    {
      "square": "c8",
      "type": "b",
      "color": "w"
    },
    {
      "square": "f7",
      "type": "p",
      "color": "b"
    },
    {
      "square": "b6",
      "type": "b",
      "color": "b"
    },
    {
      "square": "f6",
      "type": "p",
      "color": "b"
    },
    {
      "square": "g6",
      "type": "k",
      "color": "b"
    },
    {
      "square": "a5",
      "type": "p",
      "color": "b"
    },
    {
      "square": "c5",
      "type": "p",
      "color": "b"
    },
    {
      "square": "d5",
      "type": "p",
      "color": "b"
    },
    {
      "square": "e5",
      "type": "r",
      "color": "w"
    },
    {
      "square": "b3",
      "type": "p",
      "color": "w"
    },
    {
      "square": "c3",
      "type": "p",
      "color": "w"
    },
    {
      "square": "e3",
      "type": "p",
      "color": "w"
    },
    {
      "square": "h3",
      "type": "p",
      "color": "w"
    },
    {
      "square": "a2",
      "type": "p",
      "color": "w"
    },
    {
      "square": "d2",
      "type": "k",
      "color": "w"
    }
  ]
}