{
  "event": "World Team Chess Championship",
  "site": "Astana KAZ",
  "date": "2019.03.09",
  "eventDate": "2019.03.05",
  "dateMillis": 1552060800000,
  "eventDateMillis": 1551715200000,
  "round": "5.4",
  "result": "1/2-1/2",
  "white": "Ding Liren",
  "black": "Parham Maghsoodloo",
  "isDingWin": false,
  "isDraw": true,
  "isDingBlack": false,
  "moves": [
    "a4",
    "Kc2",
    "Kc5",
    "Rxe4",
    "Rh6",
    "Ng4",
    "Rh3",
    "Re7",
    "b3+",
    "axb3",
    "axb3+",
    "Kb2",
    "Nb6",
    "Ne3",
    "Nxc4+",
    "Kxb3",
    "Nxe3",
    "fxe3",
    "Rf3"
  ],
  "statePieceCount": 15,
  "endPieceCount": 8,
  "boardState": [
    {
      "square": "d7",
      "type": "n",
      "color": "b"
    },
    {
      "square": "d6",
      "type": "p",
      "color": "b"
    },
    {
      "square": "e6",
      "type": "r",
      "color": "w"
    },
    {
      "square": "f6",
      "type": "r",
      "color": "b"
    },
    {
      "square": "a5",
      "type": "p",
      "color": "b"
    },
    {
      "square": "d5",
      "type": "p",
      "color": "w"
    },
    {
      "square": "f5",
      "type": "p",
      "color": "w"
    },
    {
      "square": "b4",
      "type": "p",
      "color": "b"
    },
    {
      "square": "c4",
      "type": "p",
      "color": "w"
    },
    {
      "square": "d4",
      "type": "k",
      "color": "b"
    },
    {
      "square": "e4",
      "type": "p",
      "color": "b"
    },
    {
      "square": "e3",
      "type": "n",
      "color": "w"
    },
    {
      "square": "a2",
      "type": "p",
      "color": "w"
    },
    {
      "square": "d2",
      "type": "k",
      "color": "w"
    },
    {
      "square": "f2",
      "type": "p",
      "color": "w"
    }
  ]
}