{
  "event": "Match",
  "site": "Wenzhou, China",
  "date": "2018.08.11",
  "dateMillis": 1533916800000,
  "eventDateMillis": null,
  "round": "1",
  "result": "0-1",
  "white": "Veselin Topalov",
  "black": "Ding Liren",
  "isDingWin": true,
  "isDraw": false,
  "isDingBlack": true,
  "moves": [
    "Rc3",
    "Bd2",
    "Bxd6",
    "Rb7",
    "Rc7+",
    "Rxc7",
    "Bxc7",
    "exf3",
    "Kg3",
    "Be4",
    "Bb6",
    "Bxd5",
    "Bf2",
    "Bc1"
  ],
  "statePieceCount": 15,
  "endPieceCount": 10,
  "boardState": [
    {
      "square": "e7",
      "type": "r",
      "color": "b"
    },
    {
      "square": "h7",
      "type": "k",
      "color": "b"
    },
    {
      "square": "d6",
      "type": "p",
      "color": "b"
    },
    {
      "square": "g6",
      "type": "b",
      "color": "b"
    },
    {
      "square": "b5",
      "type": "n",
      "color": "w"
    },
    {
      "square": "d5",
      "type": "p",
      "color": "w"
    },
    {
      "square": "g5",
      "type": "p",
      "color": "b"
    },
    {
      "square": "a4",
      "type": "p",
      "color": "b"
    },
    {
      "square": "e4",
      "type": "p",
      "color": "b"
    },
    {
      "square": "a3",
      "type": "p",
      "color": "w"
    },
    {
      "square": "e3",
      "type": "r",
      "color": "w"
    },
    {
      "square": "f3",
      "type": "p",
      "color": "w"
    },
    {
      "square": "g3",
      "type": "b",
      "color": "w"
    },
    {
      "square": "h2",
      "type": "k",
      "color": "w"
    },
    {
      "square": "c1",
      "type": "b",
      "color": "b"
    }
  ]
}