{
  "event": "Gashimov Memorial",
  "site": "Shamkir AZE",
  "date": "2019.04.01",
  "eventDate": "2019.03.31",
  "dateMillis": 1554048000000,
  "eventDateMillis": 1553961600000,
  "round": "2",
  "result": "1-0",
  "white": "Ding Liren",
  "black": "Alexander Grischuk",
  "isDingWin": true,
  "isDraw": false,
  "isDingBlack": false,
  "moves": [
    "Rf3+",
    "Kg2",
    "Qe2+",
    "Kh3",
    "Rxf5",
    "Qxf5",
    "Qxd2",
    "Qf6+",
    "Kg8",
    "Qg6+",
    "Kh8",
    "Qxd6",
    "Nd3",
    "Qh6+",
    "Kg8",
    "Qe6+",
    "Kg7",
    "Qe7+",
    "Kg8",
    "d6",
    "Nf2+",
    "Kh4",
    "Qd4+",
    "Kh5",
    "Qd1+",
    "g4",
    "Nxg4",
    "Qe8+",
    "Kg7",
    "Qd7+",
    "Kh8",
    "Qxg4",
    "Qxd6",
    "Qc8+",
    "Kg7",
    "Qc3+",
    "Kh7",
    "Qc2+",
    "Kg7",
    "h4",
    "Qe6",
    "Qc7+",
    "Kh8",
    "Qd8+",
    "Kh7",
    "Qc7+",
    "Kh8",
    "Qb6",
    "Qc4",
    "Qd8+",
    "Kg7",
    "Qe7+",
    "Kg8",
    "Kh6",
    "Qc6+",
    "g6",
    "Qc1+",
    "Qg5",
    "Qd1",
    "Qf4"
  ],
  "statePieceCount": 15,
  "endPieceCount": 8,
  "boardState": [
    {
      "square": "c8",
      "type": "q",
      "color": "w"
    },
    {
      "square": "e7",
      "type": "q",
      "color": "b"
    },
    {
      "square": "g7",
      "type": "k",
      "color": "b"
    },
    {
      "square": "a6",
      "type": "p",
      "color": "b"
    },
    {
      "square": "d6",
      "type": "p",
      "color": "b"
    },
    {
      "square": "a5",
      "type": "p",
      "color": "w"
    },
    {
      "square": "c5",
      "type": "n",
      "color": "b"
    },
    {
      "square": "d5",
      "type": "p",
      "color": "w"
    },
    {
      "square": "f5",
      "type": "b",
      "color": "w"
    },
    {
      "square": "g5",
      "type": "p",
      "color": "w"
    },
    {
      "square": "b3",
      "type": "r",
      "color": "b"
    },
    {
      "square": "g3",
      "type": "p",
      "color": "w"
    },
    {
      "square": "d2",
      "type": "b",
      "color": "w"
    },
    {
      "square": "h2",
      "type": "p",
      "color": "w"
    },
    {
      "square": "f1",
      "type": "k",
      "color": "w"
    }
  ]
}