{
  "event": "Gashimov Memorial",
  "site": "Shamkir AZE",
  "date": "2019.04.06",
  "eventDate": "2019.03.30",
  "dateMillis": 1554480000000,
  "eventDateMillis": 1553875200000,
  "round": "6",
  "result": "1/2-1/2",
  "white": "Ding Liren",
  "black": "Magnus Carlsen",
  "isDingWin": false,
  "isDraw": true,
  "isDingBlack": false,
  "moves": [
    "gxf4",
    "Rd8",
    "a5",
    "Kf8",
    "Ke2",
    "Ke7",
    "Rb3",
    "Kd6",
    "Kd3",
    "Rd7",
    "h4",
    "Rc7",
    "Rb8",
    "Rc5",
    "Rb7",
    "Rxa5",
    "Rxf7",
    "Ra3+",
    "Kd4",
    "Ra4+",
    "Kd3",
    "Ra3+",
    "Kd4",
    "Ra4+"
  ],
  "statePieceCount": 15,
  "endPieceCount": 12,
  "boardState": [
    {
      "square": "e8",
      "type": "r",
      "color": "b"
    },
    {
      "square": "g8",
      "type": "k",
      "color": "b"
    },
    {
      "square": "a7",
      "type": "p",
      "color": "b"
    },
    {
      "square": "f7",
      "type": "p",
      "color": "b"
    },
    {
      "square": "g6",
      "type": "p",
      "color": "b"
    },
    {
      "square": "d5",
      "type": "p",
      "color": "b"
    },
    {
      "square": "h5",
      "type": "p",
      "color": "b"
    },
    {
      "square": "a4",
      "type": "p",
      "color": "w"
    },
    {
      "square": "f4",
      "type": "b",
      "color": "b"
    },
    {
      "square": "d3",
      "type": "r",
      "color": "w"
    },
    {
      "square": "e3",
      "type": "p",
      "color": "w"
    },
    {
      "square": "g3",
      "type": "p",
      "color": "w"
    },
    {
      "square": "f2",
      "type": "p",
      "color": "w"
    },
    {
      "square": "h2",
      "type": "p",
      "color": "w"
    },
    {
      "square": "f1",
      "type": "k",
      "color": "w"
    }
  ]
}