{
  "event": "Shenzhen Masters",
  "site": "Shenzhen CHN",
  "date": "2018.11.11",
  "eventDate": "2018.11.04",
  "dateMillis": 1541865600000,
  "eventDateMillis": 1541260800000,
  "round": "7.2",
  "result": "1-0",
  "white": "Maxime Vachier-Lagrave",
  "black": "Ding Liren",
  "isDingWin": false,
  "isDraw": false,
  "isDingBlack": true,
  "moves": [
    "Qf1+",
    "Ke7",
    "Rh7+",
    "Ke6",
    "Bc7",
    "Rxc7",
    "Rxc7",
    "Nd6",
    "Rxc5",
    "b6",
    "Rc6",
    "g3",
    "Qf3",
    "Qh2+",
    "Kf1",
    "Qh1+",
    "Ke2",
    "Qb1",
    "Qxh5",
    "Qa2+",
    "Kf3",
    "Kd7",
    "Rxb6",
    "Qf2+",
    "Kg4",
    "Qe2+",
    "Kh4",
    "Qxg2",
    "Qh7+",
    "Kc8",
    "Qg8+",
    "Kd7",
    "Rxd6+"
  ],
  "statePieceCount": 15,
  "endPieceCount": 8,
  "boardState": [
    {
      "square": "c8",
      "type": "r",
      "color": "b"
    },
    {
      "square": "b7",
      "type": "p",
      "color": "b"
    },
    {
      "square": "f7",
      "type": "k",
      "color": "b"
    },
    {
      "square": "h6",
      "type": "r",
      "color": "w"
    },
    {
      "square": "c5",
      "type": "p",
      "color": "b"
    },
    {
      "square": "e5",
      "type": "b",
      "color": "w"
    },
    {
      "square": "h5",
      "type": "p",
      "color": "b"
    },
    {
      "square": "e4",
      "type": "n",
      "color": "b"
    },
    {
      "square": "g4",
      "type": "p",
      "color": "b"
    },
    {
      "square": "h4",
      "type": "q",
      "color": "b"
    },
    {
      "square": "a3",
      "type": "p",
      "color": "w"
    },
    {
      "square": "e3",
      "type": "p",
      "color": "w"
    },
    {
      "square": "g2",
      "type": "p",
      "color": "w"
    },
    {
      "square": "a1",
      "type": "q",
      "color": "w"
    },
    {
      "square": "g1",
      "type": "k",
      "color": "w"
    }
  ]
}