{
  "event": "Grand Chess Tour Cote d�Ivoire (Rapid & Blitz)",
  "site": "Abidjan CIV",
  "date": "2019.05.11",
  "eventDate": "2019.05.11",
  "dateMillis": 1557504000000,
  "eventDateMillis": 1557504000000,
  "round": "6.3",
  "result": "1/2-1/2",
  "white": "Maxime Vachier-Lagrave",
  "black": "Ding Liren",
  "isDingWin": false,
  "isDraw": true,
  "isDingBlack": true,
  "moves": [
    "bxc6",
    "Nxf5",
    "Qd1+",
    "Kg2",
    "Qxb3",
    "Rxc6",
    "Bf8",
    "Ne3",
    "h4",
    "gxh4",
    "Qb4",
    "Rc4",
    "Qd6",
    "Bd5",
    "Qf6",
    "Rg4+",
    "Kh8",
    "Bf3",
    "Bc5",
    "Nc4",
    "Qc3",
    "Rf4",
    "Qg7+",
    "Rg4",
    "Qc3",
    "Rf4",
    "Qg7+",
    "Rg4"
  ],
  "statePieceCount": 15,
  "endPieceCount": 10,
  "boardState": [
    {
      "square": "d8",
      "type": "q",
      "color": "b"
    },
    {
      "square": "g8",
      "type": "k",
      "color": "b"
    },
    {
      "square": "b7",
      "type": "p",
      "color": "b"
    },
    {
      "square": "f7",
      "type": "p",
      "color": "b"
    },
    {
      "square": "g7",
      "type": "b",
      "color": "b"
    },
    {
      "square": "c6",
      "type": "p",
      "color": "w"
    },
    {
      "square": "c5",
      "type": "r",
      "color": "w"
    },
    {
      "square": "f5",
      "type": "p",
      "color": "b"
    },
    {
      "square": "h5",
      "type": "p",
      "color": "b"
    },
    {
      "square": "e4",
      "type": "b",
      "color": "w"
    },
    {
      "square": "h4",
      "type": "n",
      "color": "w"
    },
    {
      "square": "b3",
      "type": "p",
      "color": "w"
    },
    {
      "square": "g3",
      "type": "p",
      "color": "w"
    },
    {
      "square": "f2",
      "type": "p",
      "color": "w"
    },
    {
      "square": "g1",
      "type": "k",
      "color": "w"
    }
  ]
}