{
  "event": "Grand Chess Tour Cote d�Ivoire (Rapid & Blitz)",
  "site": "Abidjan CIV",
  "date": "2019.05.10",
  "eventDate": "2019.05.08",
  "dateMillis": 1557417600000,
  "eventDateMillis": 1557244800000,
  "round": "9",
  "result": "1/2-1/2",
  "white": "Ding Liren",
  "black": "Veselin Topalov",
  "isDingWin": false,
  "isDraw": true,
  "isDingBlack": false,
  "moves": [
    "Rf7+",
    "Kg8",
    "Rf2",
    "Ra1+",
    "Kg2",
    "Nf5",
    "Re4",
    "Re8",
    "h5",
    "Ra4",
    "Kf3",
    "Rxb4",
    "Rxb4",
    "cxb4",
    "Nxg6",
    "Nxe3",
    "Rb2",
    "Nd5",
    "Rd2",
    "Nf6",
    "Rd6",
    "Nxh5",
    "Rxb6",
    "Kg7",
    "Nf4",
    "Nxf4",
    "Kxf4",
    "Rf8+"
  ],
  "statePieceCount": 15,
  "endPieceCount": 6,
  "boardState": [
    {
      "square": "d8",
      "type": "r",
      "color": "b"
    },
    {
      "square": "g7",
      "type": "k",
      "color": "b"
    },
    {
      "square": "b6",
      "type": "p",
      "color": "b"
    },
    {
      "square": "g6",
      "type": "p",
      "color": "b"
    },
    {
      "square": "h6",
      "type": "p",
      "color": "b"
    },
    {
      "square": "c5",
      "type": "p",
      "color": "b"
    },
    {
      "square": "e5",
      "type": "n",
      "color": "w"
    },
    {
      "square": "b4",
      "type": "p",
      "color": "w"
    },
    {
      "square": "c4",
      "type": "r",
      "color": "w"
    },
    {
      "square": "h4",
      "type": "p",
      "color": "w"
    },
    {
      "square": "e3",
      "type": "p",
      "color": "w"
    },
    {
      "square": "g3",
      "type": "n",
      "color": "b"
    },
    {
      "square": "a2",
      "type": "r",
      "color": "b"
    },
    {
      "square": "f1",
      "type": "r",
      "color": "w"
    },
    {
      "square": "g1",
      "type": "k",
      "color": "w"
    }
  ]
}