{
  "event": "Grand Chess Tour Cote d�Ivoire (Rapid & Blitz)",
  "site": "Abidjan CIV",
  "date": "2019.05.11",
  "eventDate": "2019.05.11",
  "dateMillis": 1557504000000,
  "eventDateMillis": 1557504000000,
  "round": "8.5",
  "result": "1-0",
  "white": "Ding Liren",
  "black": "Veselin Topalov",
  "isDingWin": true,
  "isDraw": false,
  "isDingBlack": false,
  "moves": [
    "b4",
    "Kf2",
    "Kg7",
    "Ke3",
    "e5",
    "Bd3",
    "Rd5",
    "c6",
    "Bb6+",
    "Ke2",
    "Bc7",
    "g4",
    "Rd4",
    "Rc4",
    "Rxc4",
    "Bxc4",
    "e4",
    "Ke3",
    "Bxh2",
    "Kxe4",
    "Kf6",
    "Kd5",
    "Ke7",
    "Kc5",
    "Bd6+",
    "Kb6",
    "Kd8",
    "Bxf7",
    "Kc8",
    "Be6+",
    "Kb8",
    "Bf5",
    "Bc7+",
    "Kc5",
    "Be5",
    "b3"
  ],
  "statePieceCount": 15,
  "endPieceCount": 10,
  "boardState": [
    {
      "square": "d8",
      "type": "b",
      "color": "b"
    },
    {
      "square": "g8",
      "type": "k",
      "color": "b"
    },
    {
      "square": "f7",
      "type": "p",
      "color": "b"
    },
    {
      "square": "a6",
      "type": "b",
      "color": "w"
    },
    {
      "square": "e6",
      "type": "p",
      "color": "b"
    },
    {
      "square": "b5",
      "type": "p",
      "color": "b"
    },
    {
      "square": "c5",
      "type": "p",
      "color": "w"
    },
    {
      "square": "g5",
      "type": "p",
      "color": "b"
    },
    {
      "square": "d4",
      "type": "r",
      "color": "b"
    },
    {
      "square": "g3",
      "type": "p",
      "color": "w"
    },
    {
      "square": "a2",
      "type": "p",
      "color": "w"
    },
    {
      "square": "b2",
      "type": "p",
      "color": "w"
    },
    {
      "square": "c2",
      "type": "r",
      "color": "w"
    },
    {
      "square": "h2",
      "type": "p",
      "color": "w"
    },
    {
      "square": "g1",
      "type": "k",
      "color": "w"
    }
  ]
}