{
  "event": "Shenzhen Masters",
  "site": "Shenzhen CHN",
  "date": "2019.04.17",
  "eventDate": "2019.04.17",
  "dateMillis": 1555430400000,
  "eventDateMillis": 1555430400000,
  "round": "1.2",
  "result": "1/2-1/2",
  "white": "Ding Liren",
  "black": "Richard Rapport",
  "isDingWin": false,
  "isDraw": true,
  "isDingBlack": false,
  "moves": [
    "Rxe8+",
    "Kh7",
    "Ra8",
    "c5",
    "Rxa4",
    "cxb4",
    "axb4",
    "Rd4",
    "Kg2",
    "g5",
    "hxg5",
    "hxg5",
    "Kf3",
    "Rd2",
    "Ke3",
    "Rb2",
    "Kd4",
    "f5",
    "f4",
    "Kg6",
    "Kc5",
    "Rc2+",
    "Kd5",
    "Rd2+",
    "Kc6",
    "Rc2+",
    "Kd6",
    "Rd2+",
    "Kc7",
    "Rc2+",
    "Kd6",
    "Rd2+",
    "Kc5",
    "Rc2+",
    "Kd4",
    "Rd2+",
    "Kc3",
    "Rg2",
    "b5",
    "Rxg3+",
    "Kc4",
    "Re3",
    "b6",
    "Re8",
    "Kc5",
    "gxf4",
    "Rxf4",
    "Kg5",
    "Rb4",
    "f4",
    "b7",
    "Rb8",
    "Kc6",
    "f3",
    "Kc7",
    "Rxb7+",
    "Kxb7",
    "f2",
    "Rb1",
    "Kf4",
    "Kc6",
    "Kf3",
    "Kd5",
    "Kg2",
    "Ke4",
    "f1=R",
    "Rxf1",
    "Kxf1",
    "Kd5"
  ],
  "statePieceCount": 15,
  "endPieceCount": 2,
  "boardState": [
    {
      "square": "e8",
      "type": "q",
      "color": "b"
    },
    {
      "square": "g8",
      "type": "k",
      "color": "b"
    },
    {
      "square": "c7",
      "type": "p",
      "color": "b"
    },
    {
      "square": "f7",
      "type": "p",
      "color": "b"
    },
    {
      "square": "g7",
      "type": "p",
      "color": "b"
    },
    {
      "square": "h6",
      "type": "p",
      "color": "b"
    },
    {
      "square": "d5",
      "type": "r",
      "color": "b"
    },
    {
      "square": "a4",
      "type": "p",
      "color": "b"
    },
    {
      "square": "b4",
      "type": "p",
      "color": "w"
    },
    {
      "square": "h4",
      "type": "p",
      "color": "w"
    },
    {
      "square": "a3",
      "type": "p",
      "color": "w"
    },
    {
      "square": "g3",
      "type": "p",
      "color": "w"
    },
    {
      "square": "f2",
      "type": "p",
      "color": "w"
    },
    {
      "square": "e1",
      "type": "r",
      "color": "w"
    },
    {
      "square": "g1",
      "type": "k",
      "color": "w"
    }
  ]
}