{
  "event": "Shenzhen Masters",
  "site": "Shenzhen CHN",
  "date": "2019.04.20",
  "eventDate": "2019.04.17",
  "dateMillis": 1555689600000,
  "eventDateMillis": 1555430400000,
  "round": "4.2",
  "result": "1-0",
  "white": "Pentala Harikrishna",
  "black": "Ding Liren",
  "isDingWin": false,
  "isDraw": false,
  "isDingBlack": true,
  "moves": [
    "Nc5",
    "Bc6",
    "Kf8",
    "Nc4",
    "Ke7",
    "f3",
    "Kd8",
    "Ke2",
    "Kc7",
    "Bd5",
    "f6",
    "Bg8",
    "h6",
    "h4",
    "Nb7",
    "a4",
    "Nd6",
    "Nd2",
    "Kb6",
    "Nb3",
    "Bc3",
    "Bd5",
    "Bb4",
    "h5",
    "Bc3",
    "Kd3",
    "Be1",
    "Kc2",
    "Bf2",
    "Nc1",
    "f5",
    "Nd3",
    "Bg3",
    "Kb3",
    "fxe4",
    "Bxe4",
    "Ne8",
    "Kb4",
    "Nf6",
    "a5+",
    "Ka7",
    "Bg6",
    "Nd5+",
    "Kb5",
    "Nc7+",
    "Ka4",
    "Nd5",
    "Be4",
    "Nf6",
    "Nb4",
    "Nxh5",
    "Nc6+",
    "Ka8",
    "Nxe5+",
    "Kb8",
    "Nc6+",
    "Kc7",
    "Kb5",
    "Nf6",
    "Nd4",
    "Ne8",
    "a6",
    "Nd6+",
    "Kc5",
    "Bf2",
    "Kd5",
    "Nc8",
    "Nf5",
    "Nb6+",
    "Ke6",
    "Nd7",
    "Kf7",
    "g5",
    "Nxh6",
    "Kb6",
    "Bb7",
    "Be3",
    "Ke6",
    "Nc5+",
    "Kf5"
  ],
  "statePieceCount": 15,
  "endPieceCount": 10,
  "boardState": [
    {
      "square": "g8",
      "type": "k",
      "color": "b"
    },
    {
      "square": "f7",
      "type": "p",
      "color": "b"
    },
    {
      "square": "g7",
      "type": "p",
      "color": "b"
    },
    {
      "square": "h7",
      "type": "p",
      "color": "b"
    },
    {
      "square": "a5",
      "type": "n",
      "color": "w"
    },
    {
      "square": "e5",
      "type": "p",
      "color": "b"
    },
    {
      "square": "a4",
      "type": "b",
      "color": "w"
    },
    {
      "square": "d4",
      "type": "b",
      "color": "b"
    },
    {
      "square": "e4",
      "type": "p",
      "color": "w"
    },
    {
      "square": "a3",
      "type": "p",
      "color": "w"
    },
    {
      "square": "d3",
      "type": "n",
      "color": "b"
    },
    {
      "square": "h3",
      "type": "p",
      "color": "w"
    },
    {
      "square": "f2",
      "type": "p",
      "color": "w"
    },
    {
      "square": "g2",
      "type": "p",
      "color": "w"
    },
    {
      "square": "f1",
      "type": "k",
      "color": "w"
    }
  ]
}