{
  "event": "World Blitz Championship",
  "site": "Riyadh KSA",
  "date": "2017.12.29",
  "eventDate": "2017.12.29",
  "dateMillis": 1514476800000,
  "eventDateMillis": 1514476800000,
  "round": "6.1",
  "result": "1/2-1/2",
  "white": "Olexandr Bortnyk",
  "black": "Magnus Carlsen",
  "isDingWin": false,
  "isDraw": true,
  "isDingBlack": true,
  "moves": [
    "Rxf6",
    "Ke5",
    "Rf7",
    "Rb6",
    "Kh7",
    "Ne6",
    "Rf5+",
    "Ke4",
    "Kh6",
    "Nf4",
    "Rg5",
    "Ra6",
    "Rg1",
    "Ra8",
    "Re1+",
    "Kf3",
    "Rf1+",
    "Kg3",
    "Rg1+",
    "Kf2",
    "Rg4",
    "Kf3",
    "Rg1",
    "Ne6",
    "g5",
    "Nd4",
    "Kg6",
    "Kf2"
  ],
  "statePieceCount": 7,
  "endPieceCount": 6,
  "boardState": [
    {
      "square": "g8",
      "type": "k",
      "color": "b"
    },
    {
      "square": "b7",
      "type": "r",
      "color": "w"
    },
    {
      "square": "f6",
      "type": "p",
      "color": "w"
    },
    {
      "square": "g6",
      "type": "p",
      "color": "b"
    },
    {
      "square": "d4",
      "type": "n",
      "color": "w"
    },
    {
      "square": "e4",
      "type": "k",
      "color": "w"
    },
    {
      "square": "f1",
      "type": "r",
      "color": "b"
    }
  ]
}