{
  "event": "Pro Chess League",
  "site": "chess.com INT",
  "date": "2018.03.07",
  "eventDate": "2018.01.18",
  "dateMillis": 1520352000000,
  "eventDateMillis": 1516204800000,
  "round": "9",
  "result": "1/2-1/2",
  "white": "Ottomar Ladva",
  "black": "Magnus Carlsen",
  "isCarlsenWin": false,
  "isDraw": true,
  "isCarlsenBlack": true,
  "moves": [
    "Ra6+",
    "Kg7",
    "Kf3",
    "Rb3+",
    "Kf2",
    "Rb5",
    "Kf3",
    "Rf5+",
    "Kg2",
    "Rf6",
    "Ra7+",
    "Kg6",
    "Ra8",
    "Rb6",
    "Kh3",
    "Re6",
    "Rg8+",
    "Kf5",
    "g4+",
    "hxg4+",
    "Kg2",
    "Re2+",
    "Kg3",
    "Re3+",
    "Kg2",
    "g3",
    "Ra8",
    "Kg4",
    "Ra4+",
    "Kh5",
    "Rb4",
    "Ra3",
    "Rc4",
    "Re3",
    "Ra4",
    "Kg6",
    "Rb4",
    "Kf5",
    "Rb5+",
    "Kf4",
    "Rb4+",
    "Re4",
    "Rxe4+",
    "Kxe4",
    "Kxg3",
    "Kf5",
    "Kf3",
    "g4+",
    "Kg3",
    "Kg5",
    "Kg2",
    "Kf4",
    "Kf2",
    "Ke5",
    "Kg3",
    "Kd6",
    "Kxg4"
  ],
  "statePieceCount": 7,
  "endPieceCount": 2,
  "boardState": [
    {
      "square": "h6",
      "type": "k",
      "color": "b"
    },
    {
      "square": "a5",
      "type": "r",
      "color": "w"
    },
    {
      "square": "g5",
      "type": "p",
      "color": "b"
    },
    {
      "square": "h5",
      "type": "p",
      "color": "b"
    },
    {
      "square": "g3",
      "type": "p",
      "color": "w"
    },
    {
      "square": "e2",
      "type": "k",
      "color": "w"
    },
    {
      "square": "b1",
      "type": "r",
      "color": "b"
    }
  ],
  "nextTurn": "w"
}