{
  "event": "Biel",
  "site": "0:14:33-0:08:33",
  "date": "2018.07.23",
  "eventDate": "2018.07.21",
  "dateMillis": 1532275200000,
  "eventDateMillis": 1532102400000,
  "round": "2",
  "result": "0-1",
  "white": "Maxime Vachier-Lagrave",
  "black": "Magnus Carlsen",
  "isDingWin": true,
  "isDraw": false,
  "isDingBlack": true,
  "moves": [
    "Kd7",
    "Kf2",
    "Rb2+",
    "Re2",
    "Rh3",
    "Kg2",
    "Rxe2+",
    "Kxh3",
    "a2",
    "Kg3",
    "Kc7",
    "Kf3",
    "Kb7",
    "Ra4",
    "Rh2",
    "Ke3",
    "Kb6",
    "Kd3",
    "Kb5",
    "Ra8",
    "Kb4",
    "Kd4"
  ],
  "statePieceCount": 7,
  "endPieceCount": 5,
  "boardState": [
    {
      "square": "e7",
      "type": "k",
      "color": "b"
    },
    {
      "square": "a6",
      "type": "r",
      "color": "w"
    },
    {
      "square": "e6",
      "type": "r",
      "color": "w"
    },
    {
      "square": "a3",
      "type": "p",
      "color": "b"
    },
    {
      "square": "b3",
      "type": "r",
      "color": "b"
    },
    {
      "square": "c3",
      "type": "r",
      "color": "b"
    },
    {
      "square": "g2",
      "type": "k",
      "color": "w"
    }
  ]
}