{
  "event": "Carlsen - Caruana World Championship Match",
  "site": "London ENG",
  "date": "2018.11.28",
  "eventDate": "2018.11.09",
  "dateMillis": 1543334400000,
  "eventDateMillis": 1541692800000,
  "round": "13.1",
  "result": "1-0",
  "white": "Magnus Carlsen",
  "black": "Fabiano Caruana",
  "isCarlsenWin": true,
  "isDraw": false,
  "isCarlsenBlack": false,
  "moves": [
    "a4",
    "Ra5",
    "Ra1",
    "Kf3",
    "a3",
    "Ra6+",
    "Kg7",
    "Kg2",
    "Ra2+",
    "Kh3",
    "Ra1",
    "h5",
    "Kh7",
    "g4",
    "Kg7",
    "Kh4",
    "a2",
    "Kg5",
    "Kf7",
    "h6",
    "Rb1",
    "Ra7+",
    "Kg8",
    "Rxa2",
    "Rb5+",
    "Kg6",
    "Rb6+",
    "Kh5"
  ],
  "statePieceCount": 7,
  "endPieceCount": 6,
  "boardState": [
    {
      "square": "f6",
      "type": "k",
      "color": "b"
    },
    {
      "square": "a5",
      "type": "p",
      "color": "b"
    },
    {
      "square": "h5",
      "type": "r",
      "color": "w"
    },
    {
      "square": "h4",
      "type": "p",
      "color": "w"
    },
    {
      "square": "a3",
      "type": "r",
      "color": "b"
    },
    {
      "square": "g3",
      "type": "p",
      "color": "w"
    },
    {
      "square": "g2",
      "type": "k",
      "color": "w"
    }
  ],
  "nextTurn": "b"
}