{
  "event": "World Blitz Championship",
  "site": "St Petersburg RUS",
  "date": "2018.12.29",
  "eventDate": "2018.??.??",
  "dateMillis": 1546012800000,
  "eventDateMillis": null,
  "round": "1.1",
  "result": "1-0",
  "white": "Magnus Carlsen",
  "black": "Ivan Popov",
  "isCarlsenWin": true,
  "isDraw": false,
  "isCarlsenBlack": false,
  "moves": [
    "Kxc5",
    "Ke7",
    "Kc6",
    "e5",
    "Kd5",
    "Kf6",
    "c5"
  ],
  "statePieceCount": 7,
  "endPieceCount": 6,
  "boardState": [
    {
      "square": "d6",
      "type": "k",
      "color": "w"
    },
    {
      "square": "e6",
      "type": "p",
      "color": "b"
    },
    {
      "square": "f6",
      "type": "k",
      "color": "b"
    },
    {
      "square": "h6",
      "type": "p",
      "color": "b"
    },
    {
      "square": "c5",
      "type": "p",
      "color": "b"
    },
    {
      "square": "h5",
      "type": "p",
      "color": "w"
    },
    {
      "square": "c4",
      "type": "p",
      "color": "w"
    }
  ],
  "nextTurn": "w"
}