{
  "event": "Tata Steel Masters",
  "site": "Leiden NED",
  "date": "2019.01.23",
  "dateMillis": 1548172800000,
  "eventDateMillis": null,
  "round": "10",
  "result": "1-0",
  "white": "Magnus Carlsen",
  "black": "Viswanathan Anand",
  "isCarlsenWin": true,
  "isDraw": false,
  "isCarlsenBlack": false,
  "moves": [
    "cxb4",
    "Ne2"
  ],
  "statePieceCount": 7,
  "endPieceCount": 6,
  "boardState": [
    {
      "square": "c6",
      "type": "k",
      "color": "b"
    },
    {
      "square": "a5",
      "type": "p",
      "color": "w"
    },
    {
      "square": "b5",
      "type": "p",
      "color": "b"
    },
    {
      "square": "c5",
      "type": "p",
      "color": "b"
    },
    {
      "square": "e5",
      "type": "k",
      "color": "w"
    },
    {
      "square": "b4",
      "type": "p",
      "color": "w"
    },
    {
      "square": "c3",
      "type": "n",
      "color": "w"
    }
  ],
  "nextTurn": "b"
}