{
  "event": "Norway Chess",
  "site": "Stavanger NOR",
  "date": "2019.06.04",
  "eventDate": "2019.06.04",
  "dateMillis": 1559577600000,
  "eventDateMillis": 1559577600000,
  "round": "1.1",
  "result": "1/2-1/2",
  "white": "Magnus Carlsen",
  "black": "Viswanathan Anand",
  "isCarlsenWin": false,
  "isDraw": true,
  "isCarlsenBlack": false,
  "moves": [
    "Kh3",
    "Rd3",
    "Rc8",
    "g4+",
    "Kg2",
    "Rd2+",
    "Kf1",
    "Rc2",
    "c4",
    "Kg5",
    "c5",
    "Kf6",
    "c6",
    "Ke7",
    "c7",
    "Kd6",
    "Rd8+",
    "Kxc7",
    "Rd4",
    "Kc6",
    "Kg1",
    "Kc5",
    "Rxg4",
    "Kd5"
  ],
  "statePieceCount": 7,
  "endPieceCount": 5,
  "boardState": [
    {
      "square": "g5",
      "type": "p",
      "color": "b"
    },
    {
      "square": "h5",
      "type": "k",
      "color": "b"
    },
    {
      "square": "c4",
      "type": "r",
      "color": "w"
    },
    {
      "square": "c3",
      "type": "p",
      "color": "w"
    },
    {
      "square": "e3",
      "type": "r",
      "color": "b"
    },
    {
      "square": "g3",
      "type": "p",
      "color": "w"
    },
    {
      "square": "g2",
      "type": "k",
      "color": "w"
    }
  ],
  "nextTurn": "w"
}