{
  "event": "European Club Cup",
  "site": "Porto Carras GRE",
  "date": "2018.10.18",
  "eventDate": "2018.10.12",
  "dateMillis": 1539792000000,
  "eventDateMillis": 1539273600000,
  "round": "7.1",
  "result": "1/2-1/2",
  "white": "Peter Svidler",
  "black": "Magnus Carlsen",
  "isCarlsenWin": false,
  "isDraw": true,
  "isCarlsenBlack": true,
  "moves": [
    "gxh4",
    "Kd6",
    "Kg5",
    "Ke5",
    "Kxh5",
    "Kf5",
    "Kh6",
    "Kf6",
    "h5",
    "Kf7",
    "Kg5",
    "Kg7",
    "h6+",
    "Kh7",
    "Kh5",
    "Kh8",
    "Kg6",
    "Kg8",
    "h7+",
    "Kh8",
    "Kh6"
  ],
  "statePieceCount": 7,
  "endPieceCount": 5,
  "boardState": [
    {
      "square": "c6",
      "type": "k",
      "color": "b"
    },
    {
      "square": "f6",
      "type": "k",
      "color": "w"
    },
    {
      "square": "a5",
      "type": "p",
      "color": "b"
    },
    {
      "square": "h5",
      "type": "p",
      "color": "b"
    },
    {
      "square": "a4",
      "type": "p",
      "color": "w"
    },
    {
      "square": "h4",
      "type": "p",
      "color": "b"
    },
    {
      "square": "g3",
      "type": "p",
      "color": "w"
    }
  ],
  "nextTurn": "w"
}