{
  "event": "GCT Croatia",
  "site": "Zagreb CRO",
  "date": "2019.06.29",
  "eventDate": "2019.06.26",
  "dateMillis": 1561737600000,
  "eventDateMillis": 1561478400000,
  "round": "4.2",
  "result": "1/2-1/2",
  "white": "Magnus Carlsen",
  "black": "Shakhriyar Mamedyarov",
  "isDingWin": false,
  "isDraw": true,
  "isDingBlack": false,
  "moves": [
    "g3",
    "a4",
    "Ne4",
    "Rb1",
    "Nc5",
    "a5",
    "Ke5",
    "Kb2",
    "Kf4",
    "Kc3",
    "g2",
    "Kc4",
    "Na6",
    "Kb5",
    "Nb8",
    "Kc4",
    "Na6",
    "Kb5",
    "Nb8",
    "Kc4",
    "Na6",
    "Rg1",
    "Kg3",
    "Kd4",
    "Kf2",
    "Rxg2+",
    "Kxg2",
    "Ke5",
    "Nc5",
    "a6",
    "Nxa6",
    "Kxe6"
  ],
  "statePieceCount": 7,
  "endPieceCount": 3,
  "boardState": [
    {
      "square": "b6",
      "type": "r",
      "color": "w"
    },
    {
      "square": "e6",
      "type": "p",
      "color": "b"
    },
    {
      "square": "f6",
      "type": "k",
      "color": "b"
    },
    {
      "square": "g4",
      "type": "p",
      "color": "b"
    },
    {
      "square": "a2",
      "type": "p",
      "color": "w"
    },
    {
      "square": "f2",
      "type": "n",
      "color": "b"
    },
    {
      "square": "a1",
      "type": "k",
      "color": "w"
    }
  ]
}