{
  "event": "GCT St. Louis Rapid & Blitz",
  "site": "St Louis, MO USA",
  "date": "2019.08.14",
  "eventDate": "2019.08.13",
  "dateMillis": 1565712000000,
  "eventDateMillis": 1565625600000,
  "round": "16.4",
  "result": "1-0",
  "white": "Leinier Dominguez Perez",
  "black": "Magnus Carlsen",
  "isCarlsenWin": false,
  "isDraw": false,
  "isCarlsenBlack": true,
  "moves": [
    "Rf1",
    "Kb5",
    "f3",
    "Kc6",
    "Kd4",
    "Kd6",
    "f2",
    "Bg4",
    "Ke3",
    "c6",
    "Rg1",
    "Bh3",
    "Rh1",
    "c7",
    "Rxh3",
    "c8=Q",
    "Rh6+",
    "Kc5",
    "Rh5+",
    "Kc4",
    "Rh4+",
    "Kb3"
  ],
  "statePieceCount": 7,
  "endPieceCount": 6,
  "boardState": [
    {
      "square": "c8",
      "type": "b",
      "color": "w"
    },
    {
      "square": "f7",
      "type": "r",
      "color": "w"
    },
    {
      "square": "c5",
      "type": "p",
      "color": "w"
    },
    {
      "square": "e5",
      "type": "k",
      "color": "b"
    },
    {
      "square": "b4",
      "type": "k",
      "color": "w"
    },
    {
      "square": "f4",
      "type": "p",
      "color": "b"
    },
    {
      "square": "f3",
      "type": "r",
      "color": "b"
    }
  ],
  "nextTurn": "b"
}