{
  "event": "GCT Kolkata Rapid & Blitz",
  "site": "Kolkata IND",
  "date": "2019.11.24",
  "eventDate": "2019.11.22",
  "dateMillis": 1574524800000,
  "eventDateMillis": 1574352000000,
  "round": "8.3",
  "result": "1/2-1/2",
  "white": "Pentala Harikrishna",
  "black": "Magnus Carlsen",
  "isCarlsenWin": false,
  "isDraw": true,
  "isCarlsenBlack": true,
  "moves": [
    "Rxe2",
    "Rh2+",
    "Ke1",
    "Rxe2+",
    "Kxe2",
    "Ke4",
    "Kf1",
    "Kxf4",
    "Kf2"
  ],
  "statePieceCount": 7,
  "endPieceCount": 3,
  "boardState": [
    {
      "square": "h7",
      "type": "r",
      "color": "b"
    },
    {
      "square": "f5",
      "type": "p",
      "color": "b"
    },
    {
      "square": "d4",
      "type": "k",
      "color": "b"
    },
    {
      "square": "f4",
      "type": "p",
      "color": "w"
    },
    {
      "square": "e3",
      "type": "r",
      "color": "w"
    },
    {
      "square": "e2",
      "type": "p",
      "color": "b"
    },
    {
      "square": "f2",
      "type": "k",
      "color": "w"
    }
  ],
  "nextTurn": "w"
}