{
  "event": "London Chess Classic GCT Finals",
  "site": "London ENG",
  "date": "2019.12.03",
  "eventDate": "2019.12.02",
  "dateMillis": 1575302400000,
  "eventDateMillis": 1575216000000,
  "round": "1.2",
  "result": "1/2-1/2",
  "white": "Maxime Vachier-Lagrave",
  "black": "Magnus Carlsen",
  "isCarlsenWin": false,
  "isDraw": true,
  "isCarlsenBlack": true,
  "moves": [
    "Rxf6+",
    "Kxh5",
    "h4",
    "Rb2+",
    "Rf2",
    "Rxf2+",
    "Kxf2",
    "Kxh4"
  ],
  "statePieceCount": 7,
  "endPieceCount": 2,
  "boardState": [
    {
      "square": "f6",
      "type": "p",
      "color": "b"
    },
    {
      "square": "h6",
      "type": "k",
      "color": "b"
    },
    {
      "square": "b5",
      "type": "r",
      "color": "b"
    },
    {
      "square": "h5",
      "type": "p",
      "color": "w"
    },
    {
      "square": "f4",
      "type": "r",
      "color": "w"
    },
    {
      "square": "g2",
      "type": "k",
      "color": "w"
    },
    {
      "square": "h2",
      "type": "p",
      "color": "w"
    }
  ],
  "nextTurn": "w"
}