{
  "event": "World Rapid Championship",
  "site": "Moscow RUS",
  "date": "2019.12.26",
  "eventDate": "2019.12.26",
  "dateMillis": 1577289600000,
  "eventDateMillis": 1577289600000,
  "round": "3.1",
  "result": "1-0",
  "white": "Magnus Carlsen",
  "black": "Boris Savchenko",
  "isCarlsenWin": true,
  "isDraw": false,
  "isCarlsenBlack": false,
  "moves": [
    "Rh8",
    "Rh4",
    "h7",
    "Kb7",
    "Kf6",
    "f4",
    "Kxg6",
    "Rg4+",
    "Kh5",
    "Rg1",
    "Rf8"
  ],
  "statePieceCount": 7,
  "endPieceCount": 6,
  "boardState": [
    {
      "square": "h7",
      "type": "r",
      "color": "w"
    },
    {
      "square": "c6",
      "type": "k",
      "color": "b"
    },
    {
      "square": "e6",
      "type": "k",
      "color": "w"
    },
    {
      "square": "g6",
      "type": "p",
      "color": "b"
    },
    {
      "square": "h6",
      "type": "p",
      "color": "w"
    },
    {
      "square": "f5",
      "type": "p",
      "color": "b"
    },
    {
      "square": "f4",
      "type": "r",
      "color": "b"
    }
  ],
  "nextTurn": "w"
}