{
  "event": "World Rapid Championship",
  "site": "Moscow RUS",
  "date": "2019.12.27",
  "eventDate": "2019.12.26",
  "dateMillis": 1577376000000,
  "eventDateMillis": 1577289600000,
  "round": "7.1",
  "result": "1/2-1/2",
  "white": "Aleksandr Rakhmanov",
  "black": "Magnus Carlsen",
  "isCarlsenWin": false,
  "isDraw": true,
  "isCarlsenBlack": true,
  "moves": [
    "Kg6",
    "Rb5",
    "Ra1",
    "h5+",
    "Kh6",
    "Rf5",
    "Kg7",
    "f4",
    "Rg1+",
    "Kh3",
    "Kh6",
    "Rd5",
    "Kg7",
    "Kh4",
    "Kh6",
    "Rd6",
    "Rh1+",
    "Kg4",
    "Rxh5",
    "Rxf6+",
    "Kg7",
    "Kxh5",
    "Kxf6",
    "f5",
    "Kxf5"
  ],
  "statePieceCount": 7,
  "endPieceCount": 2,
  "boardState": [
    {
      "square": "a7",
      "type": "r",
      "color": "b"
    },
    {
      "square": "f6",
      "type": "p",
      "color": "b"
    },
    {
      "square": "f5",
      "type": "k",
      "color": "b"
    },
    {
      "square": "h5",
      "type": "r",
      "color": "w"
    },
    {
      "square": "h4",
      "type": "p",
      "color": "w"
    },
    {
      "square": "f3",
      "type": "p",
      "color": "w"
    },
    {
      "square": "g3",
      "type": "k",
      "color": "w"
    }
  ],
  "nextTurn": "b"
}