{
  "event": "World Blitz Championship (Tiebreaks)",
  "site": "Moscow RUS",
  "date": "2019.12.30",
  "eventDate": "2019.12.30",
  "dateMillis": 1577635200000,
  "eventDateMillis": 1577635200000,
  "round": "1",
  "result": "1/2-1/2",
  "white": "Hikaru Nakamura",
  "black": "Magnus Carlsen",
  "isCarlsenWin": false,
  "isDraw": true,
  "isCarlsenBlack": true,
  "moves": [
    "Kg6",
    "Rh8",
    "Re4",
    "h5+",
    "Kg5",
    "h6",
    "Rh4",
    "h7",
    "Kg6",
    "Kxd6",
    "Rxh7"
  ],
  "statePieceCount": 7,
  "endPieceCount": 5,
  "boardState": [
    {
      "square": "f7",
      "type": "k",
      "color": "b"
    },
    {
      "square": "d6",
      "type": "p",
      "color": "b"
    },
    {
      "square": "d5",
      "type": "k",
      "color": "w"
    },
    {
      "square": "f5",
      "type": "p",
      "color": "b"
    },
    {
      "square": "h5",
      "type": "r",
      "color": "w"
    },
    {
      "square": "f4",
      "type": "r",
      "color": "b"
    },
    {
      "square": "h4",
      "type": "p",
      "color": "w"
    }
  ],
  "nextTurn": "b"
}