{
  "event": "Tata Steel Masters",
  "site": "Wijk aan Zee NED",
  "date": "2020.01.13",
  "eventDate": "2020.01.11",
  "dateMillis": 1578844800000,
  "eventDateMillis": 1578672000000,
  "round": "3",
  "result": "1/2-1/2",
  "white": "Magnus Carlsen",
  "black": "Jeffery Xiong",
  "isDingWin": false,
  "isDraw": true,
  "isDingBlack": false,
  "moves": [
    "Kd5",
    "Bg6",
    "Rh6",
    "Kg5",
    "Rxh7",
    "Bxh7",
    "e5",
    "Kg4",
    "Kd4"
  ],
  "statePieceCount": 7,
  "endPieceCount": 5,
  "boardState": [
    {
      "square": "h7",
      "type": "p",
      "color": "w"
    },
    {
      "square": "a6",
      "type": "p",
      "color": "b"
    },
    {
      "square": "c6",
      "type": "k",
      "color": "b"
    },
    {
      "square": "e6",
      "type": "p",
      "color": "b"
    },
    {
      "square": "g4",
      "type": "k",
      "color": "w"
    },
    {
      "square": "d3",
      "type": "b",
      "color": "w"
    },
    {
      "square": "h2",
      "type": "r",
      "color": "b"
    }
  ]
}