{
  "event": "FIDE Online Steinitz Memorial",
  "site": "chess24.com INT",
  "date": "2020.05.15",
  "eventDate": "2020.05.15",
  "dateMillis": 1589472000000,
  "eventDateMillis": 1589472000000,
  "round": "1",
  "result": "1/2-1/2",
  "white": "Magnus Carlsen",
  "black": "Peter Svidler",
  "isDingWin": false,
  "isDraw": true,
  "isDingBlack": false,
  "moves": [
    "Nd4",
    "Bc4",
    "Kg3",
    "Kb4",
    "Kf4",
    "Kc3",
    "Ke4",
    "Ra8",
    "Nc6",
    "Be2",
    "f4",
    "Ra4+",
    "Ke5",
    "Bf3",
    "f5",
    "Ra6",
    "Nd4",
    "Rxf6",
    "Nb5+",
    "Kd2",
    "Kxf6",
    "Bg4",
    "Ke5",
    "Bxf5"
  ],
  "statePieceCount": 7,
  "endPieceCount": 4,
  "boardState": [
    {
      "square": "a6",
      "type": "b",
      "color": "b"
    },
    {
      "square": "e6",
      "type": "n",
      "color": "w"
    },
    {
      "square": "f6",
      "type": "r",
      "color": "w"
    },
    {
      "square": "a5",
      "type": "k",
      "color": "b"
    },
    {
      "square": "a3",
      "type": "r",
      "color": "b"
    },
    {
      "square": "f3",
      "type": "p",
      "color": "w"
    },
    {
      "square": "f2",
      "type": "k",
      "color": "w"
    }
  ]
}