{
  "event": "Chessable Masters",
  "site": "chess24.com INT",
  "date": "2020.06.24",
  "eventDate": "2020.06.25",
  "dateMillis": 1592928000000,
  "eventDateMillis": 1593014400000,
  "round": "1.12",
  "result": "0-1",
  "white": "Fabiano Caruana",
  "black": "Magnus Carlsen",
  "isCarlsenWin": true,
  "isDraw": false,
  "isCarlsenBlack": true,
  "moves": [
    "Kc1",
    "Kf5",
    "Bb8",
    "f3",
    "Ba7",
    "Kxe5",
    "Kd2",
    "Kf4",
    "Be3+",
    "Kg3"
  ],
  "statePieceCount": 7,
  "endPieceCount": 6,
  "boardState": [
    {
      "square": "a7",
      "type": "b",
      "color": "w"
    },
    {
      "square": "e5",
      "type": "p",
      "color": "w"
    },
    {
      "square": "f4",
      "type": "p",
      "color": "b"
    },
    {
      "square": "g4",
      "type": "k",
      "color": "b"
    },
    {
      "square": "d3",
      "type": "b",
      "color": "b"
    },
    {
      "square": "c2",
      "type": "p",
      "color": "b"
    },
    {
      "square": "b1",
      "type": "k",
      "color": "w"
    }
  ],
  "nextTurn": "w"
}