{
  "event": "Chessable Masters",
  "site": "chess24.com INT",
  "date": "2020.07.03",
  "eventDate": "2020.06.25",
  "dateMillis": 1593705600000,
  "eventDateMillis": 1593014400000,
  "round": "3.15",
  "result": "1/2-1/2",
  "white": "Anish Giri",
  "black": "Magnus Carlsen",
  "isDingWin": false,
  "isDraw": true,
  "isDingBlack": true,
  "moves": [
    "Rb1",
    "Rb6+",
    "Kf7",
    "b5",
    "Kg6",
    "Rb8",
    "Rb4+",
    "Kf3",
    "f5",
    "gxf5+",
    "Kxf5",
    "b6",
    "Ke6",
    "Rh8",
    "Kd7",
    "Rh6",
    "Kc8",
    "Ke3",
    "Kb7",
    "Kd3",
    "Rxb6",
    "Rxb6+",
    "Kxb6"
  ],
  "statePieceCount": 7,
  "endPieceCount": 2,
  "boardState": [
    {
      "square": "b8",
      "type": "r",
      "color": "w"
    },
    {
      "square": "e6",
      "type": "k",
      "color": "b"
    },
    {
      "square": "f6",
      "type": "p",
      "color": "b"
    },
    {
      "square": "b4",
      "type": "p",
      "color": "w"
    },
    {
      "square": "f4",
      "type": "k",
      "color": "w"
    },
    {
      "square": "g4",
      "type": "p",
      "color": "w"
    },
    {
      "square": "b3",
      "type": "r",
      "color": "b"
    }
  ]
}