{
  "event": "Legends of Chess",
  "site": "chess24.com INT",
  "date": "2020.08.03",
  "eventDate": "2020.07.31",
  "dateMillis": 1596384000000,
  "eventDateMillis": 1596124800000,
  "round": "2.16",
  "result": "1-0",
  "white": "Magnus Carlsen",
  "black": "Ian Nepomniachtchi",
  "isCarlsenWin": true,
  "isDraw": false,
  "isCarlsenBlack": false,
  "moves": [
    "Bxf6",
    "Kf5",
    "Ke7",
    "Kg6",
    "Bh8",
    "g4"
  ],
  "statePieceCount": 7,
  "endPieceCount": 6,
  "boardState": [
    {
      "square": "h8",
      "type": "b",
      "color": "b"
    },
    {
      "square": "h7",
      "type": "p",
      "color": "w"
    },
    {
      "square": "d6",
      "type": "k",
      "color": "b"
    },
    {
      "square": "f6",
      "type": "q",
      "color": "w"
    },
    {
      "square": "f4",
      "type": "p",
      "color": "w"
    },
    {
      "square": "g4",
      "type": "k",
      "color": "w"
    },
    {
      "square": "g3",
      "type": "p",
      "color": "w"
    }
  ],
  "nextTurn": "b"
}