{
  "event": "Magnus Carlsen Chess Tour Finals",
  "site": "chess24.com INT",
  "date": "2020.08.14",
  "eventDate": "2020.08.09",
  "dateMillis": 1597334400000,
  "eventDateMillis": 1596902400000,
  "round": "2.14",
  "result": "1/2-1/2",
  "white": "Magnus Carlsen",
  "black": "Hikaru Nakamura",
  "isDingWin": false,
  "isDraw": true,
  "isDingBlack": false,
  "moves": [
    "Bd5",
    "Bd6",
    "Be6",
    "Be5",
    "Bd5",
    "Ka3",
    "Be6",
    "Kb4",
    "Kf8",
    "Kc5",
    "a1=Q",
    "Bxa1",
    "Bf5",
    "g7+",
    "Kg8",
    "f7+",
    "Kxf7",
    "g8=Q+",
    "Kxg8",
    "Bh8",
    "Kxh8"
  ],
  "statePieceCount": 7,
  "endPieceCount": 3,
  "boardState": [
    {
      "square": "g8",
      "type": "k",
      "color": "b"
    },
    {
      "square": "e6",
      "type": "b",
      "color": "b"
    },
    {
      "square": "f6",
      "type": "p",
      "color": "w"
    },
    {
      "square": "g6",
      "type": "p",
      "color": "w"
    },
    {
      "square": "c5",
      "type": "b",
      "color": "w"
    },
    {
      "square": "a2",
      "type": "p",
      "color": "b"
    },
    {
      "square": "b2",
      "type": "k",
      "color": "w"
    }
  ]
}