{
  "event": "Magnus Carlsen Chess Tour Finals",
  "site": "chess24.com INT",
  "date": "2020.08.18",
  "eventDate": "2020.08.09",
  "dateMillis": 1597680000000,
  "eventDateMillis": 1596902400000,
  "round": "2.57",
  "result": "0-1",
  "white": "Magnus Carlsen",
  "black": "Hikaru Nakamura",
  "isCarlsenWin": false,
  "isDraw": false,
  "isCarlsenBlack": false,
  "moves": [
    "Kxa4",
    "f3",
    "a7",
    "f2",
    "a8=Q",
    "f1=Q",
    "Qd5+",
    "Qf5",
    "Qd2+",
    "Qf4+"
  ],
  "statePieceCount": 7,
  "endPieceCount": 6,
  "boardState": [
    {
      "square": "h7",
      "type": "p",
      "color": "b"
    },
    {
      "square": "a6",
      "type": "p",
      "color": "w"
    },
    {
      "square": "g6",
      "type": "p",
      "color": "b"
    },
    {
      "square": "b5",
      "type": "k",
      "color": "w"
    },
    {
      "square": "g5",
      "type": "k",
      "color": "b"
    },
    {
      "square": "a4",
      "type": "r",
      "color": "b"
    },
    {
      "square": "f4",
      "type": "p",
      "color": "b"
    }
  ],
  "nextTurn": "w"
}