{
  "event": "Norway Chess",
  "site": "Stavanger NOR",
  "date": "2020.10.15",
  "eventDate": "2020.10.05",
  "dateMillis": 1602691200000,
  "eventDateMillis": 1601827200000,
  "round": "9.1",
  "result": "0-1",
  "white": "Alireza Firouzja",
  "black": "Magnus Carlsen",
  "isCarlsenWin": true,
  "isDraw": false,
  "isCarlsenBlack": true,
  "moves": [
    "Bxh5",
    "Kxh5",
    "Kh3",
    "Kh6",
    "Kh4",
    "Kg7",
    "Kg3",
    "Kf8",
    "Kf2",
    "Ke7",
    "Ke2",
    "Ke8",
    "Ke3",
    "Kd7",
    "Kd3",
    "Kd6",
    "Kc3",
    "Kc5"
  ],
  "statePieceCount": 7,
  "endPieceCount": 5,
  "boardState": [
    {
      "square": "f7",
      "type": "b",
      "color": "w"
    },
    {
      "square": "f6",
      "type": "p",
      "color": "b"
    },
    {
      "square": "e5",
      "type": "p",
      "color": "b"
    },
    {
      "square": "g5",
      "type": "k",
      "color": "b"
    },
    {
      "square": "h5",
      "type": "n",
      "color": "b"
    },
    {
      "square": "e4",
      "type": "p",
      "color": "w"
    },
    {
      "square": "g3",
      "type": "k",
      "color": "w"
    }
  ],
  "nextTurn": "w"
}