{
  "event": "chess.com Speed Chess",
  "site": "chess.com INT",
  "date": "2020.11.02",
  "eventDate": "2020.11.01",
  "dateMillis": 1604246400000,
  "eventDateMillis": 1604160000000,
  "round": "1.25",
  "result": "0-1",
  "white": "Parham Maghsoodloo",
  "black": "Magnus Carlsen",
  "isDingWin": true,
  "isDraw": false,
  "isDingBlack": true,
  "moves": [
    "Ke5",
    "Kb5",
    "Kf6",
    "a4",
    "Kxg6",
    "a3",
    "f5",
    "a2",
    "Kxh5",
    "a1=Q",
    "Kg6",
    "Qh8",
    "f6",
    "Kc6",
    "f7",
    "Kd7"
  ],
  "statePieceCount": 7,
  "endPieceCount": 5,
  "boardState": [
    {
      "square": "g6",
      "type": "p",
      "color": "b"
    },
    {
      "square": "a5",
      "type": "p",
      "color": "b"
    },
    {
      "square": "h5",
      "type": "p",
      "color": "b"
    },
    {
      "square": "a4",
      "type": "k",
      "color": "b"
    },
    {
      "square": "d4",
      "type": "k",
      "color": "w"
    },
    {
      "square": "f4",
      "type": "p",
      "color": "w"
    },
    {
      "square": "h4",
      "type": "p",
      "color": "w"
    }
  ]
}