{
  "event": "Skilling Open",
  "site": "chess24.com INT",
  "date": "2020.11.22",
  "eventDate": "2020.11.22",
  "dateMillis": 1605974400000,
  "eventDateMillis": 1605974400000,
  "round": "5",
  "result": "1-0",
  "white": "Magnus Carlsen",
  "black": "Alireza Firouzja",
  "isCarlsenWin": true,
  "isDraw": false,
  "isCarlsenBlack": false,
  "moves": [
    "Kxc7",
    "g5",
    "Kd7",
    "g6",
    "Ke8",
    "Kg5",
    "Kf8",
    "Bc3",
    "Bc4",
    "f6",
    "Kg8",
    "Bb4",
    "Bb3",
    "Kf4"
  ],
  "statePieceCount": 7,
  "endPieceCount": 6,
  "boardState": [
    {
      "square": "c7",
      "type": "p",
      "color": "w"
    },
    {
      "square": "d7",
      "type": "k",
      "color": "b"
    },
    {
      "square": "a6",
      "type": "b",
      "color": "b"
    },
    {
      "square": "f6",
      "type": "b",
      "color": "w"
    },
    {
      "square": "f5",
      "type": "p",
      "color": "w"
    },
    {
      "square": "f4",
      "type": "k",
      "color": "w"
    },
    {
      "square": "g4",
      "type": "p",
      "color": "w"
    }
  ],
  "nextTurn": "b"
}