{
  "event": "Skilling Open",
  "site": "chess24.com INT",
  "date": "2020.11.22",
  "eventDate": "2020.11.22",
  "dateMillis": 1605974400000,
  "eventDateMillis": 1605974400000,
  "round": "2",
  "result": "1/2-1/2",
  "white": "Maxime Vachier-Lagrave",
  "black": "Magnus Carlsen",
  "isCarlsenWin": false,
  "isDraw": true,
  "isCarlsenBlack": true,
  "moves": [
    "Bf6",
    "Bg3",
    "Be7",
    "Kb5",
    "Kd5",
    "c4",
    "Bf6",
    "Bf2",
    "Ke6",
    "Kc5",
    "Kf7",
    "Bd4",
    "Be7+",
    "Kb5",
    "Bf6",
    "Kc5",
    "Be7+",
    "Kd5",
    "Bb4",
    "Be3",
    "Kxg6",
    "c3",
    "Bxc3",
    "Bxg5"
  ],
  "statePieceCount": 7,
  "endPieceCount": 4,
  "boardState": [
    {
      "square": "d8",
      "type": "b",
      "color": "w"
    },
    {
      "square": "d6",
      "type": "b",
      "color": "b"
    },
    {
      "square": "g6",
      "type": "p",
      "color": "b"
    },
    {
      "square": "c5",
      "type": "p",
      "color": "b"
    },
    {
      "square": "g5",
      "type": "p",
      "color": "w"
    },
    {
      "square": "c4",
      "type": "k",
      "color": "b"
    },
    {
      "square": "e4",
      "type": "k",
      "color": "w"
    }
  ],
  "nextTurn": "w"
}