{
  "event": "Airthings Masters",
  "site": "chess24.com INT",
  "date": "2020.12.29",
  "eventDate": "2020.12.29",
  "dateMillis": 1609171200000,
  "eventDateMillis": 1609171200000,
  "round": "1.11",
  "result": "1-0",
  "white": "Magnus Carlsen",
  "black": "Daniil Dubov",
  "isDingWin": true,
  "isDraw": false,
  "isDingBlack": false,
  "moves": [
    "gxf5",
    "Ra2",
    "Kd5",
    "Ra5+",
    "Ke4",
    "Ra4+",
    "Ke5",
    "h5",
    "Rh7",
    "h4",
    "f6",
    "Ra5+",
    "Ke6",
    "Ra6+",
    "Kf5",
    "Ra5+",
    "Kg6",
    "Ra4",
    "f7",
    "Rg4+",
    "Kf5",
    "Rg1",
    "Rxh4"
  ],
  "statePieceCount": 7,
  "endPieceCount": 5,
  "boardState": [
    {
      "square": "f7",
      "type": "r",
      "color": "w"
    },
    {
      "square": "h7",
      "type": "p",
      "color": "b"
    },
    {
      "square": "c5",
      "type": "k",
      "color": "w"
    },
    {
      "square": "f5",
      "type": "p",
      "color": "b"
    },
    {
      "square": "g4",
      "type": "p",
      "color": "w"
    },
    {
      "square": "c3",
      "type": "k",
      "color": "b"
    },
    {
      "square": "h2",
      "type": "r",
      "color": "b"
    }
  ]
}