{
  "event": "Airthings Masters",
  "site": "chess24.com INT",
  "date": "2020.12.26",
  "eventDate": "2020.12.26",
  "dateMillis": 1608912000000,
  "eventDateMillis": 1608912000000,
  "round": "1.4",
  "result": "1/2-1/2",
  "white": "Magnus Carlsen",
  "black": "Levon Aronian",
  "isDingWin": false,
  "isDraw": true,
  "isDingBlack": false,
  "moves": [
    "Kxd3",
    "Rg3+",
    "Kc2",
    "Rc3+",
    "Kb1",
    "Rxb3+",
    "Rb2",
    "Rxb2+",
    "Kxb2",
    "Kxa4"
  ],
  "statePieceCount": 7,
  "endPieceCount": 2,
  "boardState": [
    {
      "square": "a4",
      "type": "p",
      "color": "w"
    },
    {
      "square": "b4",
      "type": "k",
      "color": "b"
    },
    {
      "square": "g4",
      "type": "r",
      "color": "b"
    },
    {
      "square": "b3",
      "type": "p",
      "color": "w"
    },
    {
      "square": "d3",
      "type": "p",
      "color": "b"
    },
    {
      "square": "d2",
      "type": "k",
      "color": "w"
    },
    {
      "square": "f2",
      "type": "r",
      "color": "w"
    }
  ]
}