{
  "event": "New In Chess Classic",
  "site": "chess24.com INT",
  "date": "2021.05.01",
  "eventDate": "2021.04.24",
  "dateMillis": 1619798400000,
  "eventDateMillis": 1619193600000,
  "round": "3.11",
  "result": "1/2-1/2",
  "white": "Magnus Carlsen",
  "black": "Hikaru Nakamura",
  "isCarlsenWin": false,
  "isDraw": true,
  "isCarlsenBlack": false,
  "moves": [
    "Rb5",
    "Rf4",
    "Ra5",
    "Ke7",
    "Ra6",
    "h5",
    "a5",
    "Ra4",
    "Kh3",
    "h4",
    "Ra8",
    "Kxe6",
    "a6",
    "Kd7",
    "a7",
    "Kc7",
    "Rh8",
    "Rxa7",
    "Rh7+",
    "Kb8",
    "Rxa7",
    "Kxa7",
    "Kxh4"
  ],
  "statePieceCount": 7,
  "endPieceCount": 2,
  "boardState": [
    {
      "square": "f8",
      "type": "k",
      "color": "b"
    },
    {
      "square": "e6",
      "type": "p",
      "color": "w"
    },
    {
      "square": "h6",
      "type": "p",
      "color": "b"
    },
    {
      "square": "f5",
      "type": "r",
      "color": "b"
    },
    {
      "square": "a4",
      "type": "p",
      "color": "w"
    },
    {
      "square": "b4",
      "type": "r",
      "color": "w"
    },
    {
      "square": "g2",
      "type": "k",
      "color": "w"
    }
  ],
  "nextTurn": "w"
}