{
  "event": "Aimchess US Rapid",
  "site": "chess24.com INT",
  "date": "2021.09.03",
  "eventDate": "2021.08.28",
  "dateMillis": 1630598400000,
  "eventDateMillis": 1630080000000,
  "round": "2.22",
  "result": "1/2-1/2",
  "white": "Magnus Carlsen",
  "black": "Levon Aronian",
  "isDingWin": false,
  "isDraw": true,
  "isDingBlack": false,
  "moves": [
    "Rd4",
    "Rxa6",
    "Rxd7",
    "Kf3",
    "Kf7",
    "Ke4",
    "Ke7",
    "Ke5",
    "Rd2",
    "Ra7+",
    "Kd8",
    "a4",
    "Kc8",
    "Ra5",
    "Kb7",
    "Rd5",
    "Rxd5+",
    "Kxd5",
    "Kb6",
    "Ke4",
    "Ka5",
    "Kf3",
    "Kxa4"
  ],
  "statePieceCount": 7,
  "endPieceCount": 2,
  "boardState": [
    {
      "square": "d7",
      "type": "p",
      "color": "w"
    },
    {
      "square": "g7",
      "type": "k",
      "color": "b"
    },
    {
      "square": "a6",
      "type": "p",
      "color": "b"
    },
    {
      "square": "e6",
      "type": "r",
      "color": "w"
    },
    {
      "square": "c4",
      "type": "r",
      "color": "b"
    },
    {
      "square": "a2",
      "type": "p",
      "color": "w"
    },
    {
      "square": "g2",
      "type": "k",
      "color": "w"
    }
  ]
}