{
  "event": "Aimchess US Rapid",
  "site": "chess24.com INT",
  "date": "2021.09.04",
  "eventDate": "2021.08.28",
  "dateMillis": 1630684800000,
  "eventDateMillis": 1630080000000,
  "round": "3.14",
  "result": "1/2-1/2",
  "white": "Magnus Carlsen",
  "black": "Vladislav Artemiev",
  "isDingWin": false,
  "isDraw": true,
  "isDingBlack": false,
  "moves": [
    "Kxh4",
    "Rf4+",
    "Kg5",
    "Rf3",
    "Rc4",
    "Kf2",
    "Rf4",
    "Rxf4",
    "Kxf4",
    "g3+",
    "Kg4",
    "Kg2",
    "h4",
    "gxh4",
    "Kxh4"
  ],
  "statePieceCount": 7,
  "endPieceCount": 2,
  "boardState": [
    {
      "square": "f6",
      "type": "r",
      "color": "w"
    },
    {
      "square": "h5",
      "type": "p",
      "color": "b"
    },
    {
      "square": "g4",
      "type": "k",
      "color": "b"
    },
    {
      "square": "h4",
      "type": "p",
      "color": "w"
    },
    {
      "square": "c2",
      "type": "r",
      "color": "b"
    },
    {
      "square": "g2",
      "type": "p",
      "color": "w"
    },
    {
      "square": "f1",
      "type": "k",
      "color": "w"
    }
  ]
}