{
  "event": "Meltwater Tour Final 2021",
  "site": "Chess24 INT",
  "date": "2021.10.01",
  "eventDate": "2021.09.23",
  "dateMillis": 1633017600000,
  "eventDateMillis": 1632326400000,
  "round": "6.2",
  "result": "1/2-1/2",
  "white": "Magnus Carlsen",
  "black": "Anish Giri",
  "isDingWin": false,
  "isDraw": true,
  "isDingBlack": false,
  "moves": [
    "Kxg5",
    "Be2",
    "Bxg3",
    "Kxg3",
    "h4+",
    "Kh3",
    "Kf4",
    "Kxh4"
  ],
  "statePieceCount": 7,
  "endPieceCount": 3,
  "boardState": [
    {
      "square": "d6",
      "type": "b",
      "color": "b"
    },
    {
      "square": "f6",
      "type": "k",
      "color": "b"
    },
    {
      "square": "g5",
      "type": "p",
      "color": "w"
    },
    {
      "square": "h5",
      "type": "p",
      "color": "b"
    },
    {
      "square": "c4",
      "type": "b",
      "color": "w"
    },
    {
      "square": "f3",
      "type": "k",
      "color": "w"
    },
    {
      "square": "g3",
      "type": "p",
      "color": "w"
    }
  ]
}