{
  "event": "Airthings Masters",
  "site": "Chess24",
  "date": "2022.02.23",
  "eventDate": "2022.02.13",
  "dateMillis": 1645545600000,
  "eventDateMillis": 1644681600000,
  "round": "3.2",
  "result": "1/2-1/2",
  "white": "Magnus Carlsen",
  "black": "Quang Liem Le",
  "isCarlsenWin": false,
  "isDraw": true,
  "isCarlsenBlack": false,
  "moves": [
    "Kg7",
    "Nh5+",
    "Kxf7",
    "Nxg3",
    "Ra1",
    "Rh6",
    "Ra5+",
    "Kf4",
    "Ra4+",
    "Ne4",
    "Ke7",
    "Ke5",
    "Ra5+",
    "Kd4",
    "Ra4+",
    "Kd5",
    "Ra5+",
    "Nc5",
    "Kf7",
    "Rc6",
    "Ra1",
    "Ke5",
    "Re1+",
    "Ne4",
    "Ke7",
    "Rc7+",
    "Kd8",
    "Ra7",
    "Ke8",
    "Kd5",
    "Kf8",
    "Nd6",
    "Kg8",
    "Nf5",
    "Kf8",
    "Kd6",
    "Rd1+",
    "Ke6",
    "Re1+",
    "Kf6",
    "Ke8",
    "Ng7+",
    "Kd8",
    "Ne6+",
    "Kc8",
    "Ke7",
    "Kb8",
    "Rd7",
    "Kc8",
    "Rd6",
    "Rh1",
    "Rc6+",
    "Kb7",
    "Nd8+",
    "Kb8",
    "Rc2",
    "Re1+",
    "Ne6",
    "Kb7",
    "Rc4",
    "Kb6",
    "Kd6",
    "Kb5",
    "Rc5+",
    "Kb4",
    "Nd4",
    "Rh1",
    "Rc8",
    "Rh6+",
    "Kd5",
    "Rh5+",
    "Ke4",
    "Rh4+",
    "Ke3",
    "Rh3+",
    "Nf3",
    "Rh7",
    "Kd3",
    "Rh3",
    "Ke4",
    "Rh7",
    "Ne5",
    "Rh4+",
    "Kd5",
    "Rh5",
    "Rc4+",
    "Kb3",
    "Re4",
    "Kc3",
    "Re3+",
    "Kd2",
    "Rg3",
    "Kc2",
    "Kd4",
    "Rh4+",
    "Ng4",
    "Rh8",
    "Ne3+",
    "Kb3",
    "Nd5+",
    "Kb2",
    "Nb6",
    "Rh4+",
    "Kc5"
  ],
  "statePieceCount": 7,
  "endPieceCount": 5,
  "boardState": [
    {
      "square": "f7",
      "type": "p",
      "color": "b"
    },
    {
      "square": "h6",
      "type": "k",
      "color": "w"
    },
    {
      "square": "e5",
      "type": "k",
      "color": "b"
    },
    {
      "square": "f4",
      "type": "n",
      "color": "b"
    },
    {
      "square": "g3",
      "type": "p",
      "color": "w"
    },
    {
      "square": "h2",
      "type": "r",
      "color": "b"
    },
    {
      "square": "f1",
      "type": "r",
      "color": "w"
    }
  ],
  "nextTurn": "w"
}