{
  "event": "Oslo Esports Cup",
  "site": "Oslo NOR",
  "date": "2022.04.26",
  "eventDate": "2022.04.22",
  "dateMillis": 1650902400000,
  "eventDateMillis": 1650556800000,
  "round": "5.4",
  "result": "1/2-1/2",
  "white": "Magnus Carlsen",
  "black": "Van Foreest, Jorden",
  "isDingWin": false,
  "isDraw": true,
  "isDingBlack": false,
  "moves": [
    "Kxa5",
    "Kc5",
    "a2",
    "Bxa2",
    "Bxa2",
    "f7",
    "Bxf7"
  ],
  "statePieceCount": 7,
  "endPieceCount": 3,
  "boardState": [
    {
      "square": "c6",
      "type": "k",
      "color": "w"
    },
    {
      "square": "f6",
      "type": "p",
      "color": "w"
    },
    {
      "square": "a5",
      "type": "r",
      "color": "w"
    },
    {
      "square": "b4",
      "type": "k",
      "color": "b"
    },
    {
      "square": "c4",
      "type": "b",
      "color": "b"
    },
    {
      "square": "a3",
      "type": "p",
      "color": "b"
    },
    {
      "square": "b1",
      "type": "b",
      "color": "w"
    }
  ]
}