{
  "event": "Chessable Masters",
  "site": "chess24.com INT",
  "date": "2022.05.21",
  "eventDate": "2022.05.19",
  "dateMillis": 1653062400000,
  "eventDateMillis": 1652889600000,
  "round": "12.1",
  "result": "1/2-1/2",
  "white": "Magnus Carlsen",
  "black": "Yi Wei",
  "isCarlsenWin": false,
  "isDraw": true,
  "isCarlsenBlack": false,
  "moves": [
    "e6",
    "Kxh5",
    "Rg7",
    "Kh4",
    "e7",
    "h5",
    "Kd6",
    "Rd3+",
    "Ke6",
    "Re3+",
    "Kf7",
    "Rf3+",
    "Kg8",
    "Re3",
    "Kf8",
    "Rf3+",
    "Rf7",
    "Re3",
    "Rg7",
    "Rf3+",
    "Kg8",
    "Re3",
    "Kf7",
    "Rf3+",
    "Kg6",
    "Re3",
    "Kf5",
    "Re1",
    "Kf6",
    "Rf1+",
    "Ke6",
    "Re1+",
    "Kf7",
    "Rf1+",
    "Kg8",
    "Re1",
    "Kf8",
    "Rf1+",
    "Rf7",
    "Re1",
    "e8=R",
    "Rxe8+",
    "Kxe8",
    "Kg3",
    "Rg7+",
    "Kf3",
    "Rh7",
    "Kg4",
    "Ke7",
    "h4",
    "Ke6",
    "h3",
    "Ke5",
    "Kg3",
    "Ke4",
    "h2",
    "Ke3",
    "Kg2",
    "Ke2",
    "h1=Q",
    "Rxh1",
    "Kxh1"
  ],
  "statePieceCount": 7,
  "endPieceCount": 2,
  "boardState": [
    {
      "square": "f7",
      "type": "r",
      "color": "w"
    },
    {
      "square": "h6",
      "type": "p",
      "color": "b"
    },
    {
      "square": "d5",
      "type": "k",
      "color": "w"
    },
    {
      "square": "e5",
      "type": "p",
      "color": "w"
    },
    {
      "square": "g5",
      "type": "k",
      "color": "b"
    },
    {
      "square": "h5",
      "type": "p",
      "color": "w"
    },
    {
      "square": "e3",
      "type": "r",
      "color": "b"
    }
  ],
  "nextTurn": "w"
}