{
  "event": "FTX Crypto Cup",
  "site": "Miami, FL USA",
  "date": "2022.08.17",
  "eventDate": "2022.08.15",
  "dateMillis": 1660665600000,
  "eventDateMillis": 1660492800000,
  "round": "3.3",
  "result": "1/2-1/2",
  "white": "Levon Aronian",
  "black": "Magnus Carlsen",
  "isCarlsenWin": false,
  "isDraw": true,
  "isCarlsenBlack": true,
  "moves": [
    "Kxg2",
    "Kf6",
    "Kf3",
    "Kxf5",
    "g4+",
    "hxg4+",
    "Kg3",
    "Kg6",
    "Kxg4",
    "Kh6",
    "h5",
    "Kh7",
    "Kg5",
    "Kg7",
    "h6+",
    "Kh7",
    "Kh5",
    "Kh8",
    "Kg6",
    "Kg8",
    "h7+",
    "Kh8",
    "Kh6"
  ],
  "statePieceCount": 7,
  "endPieceCount": 3,
  "boardState": [
    {
      "square": "e7",
      "type": "k",
      "color": "b"
    },
    {
      "square": "f5",
      "type": "p",
      "color": "w"
    },
    {
      "square": "h5",
      "type": "p",
      "color": "b"
    },
    {
      "square": "h4",
      "type": "p",
      "color": "w"
    },
    {
      "square": "g3",
      "type": "p",
      "color": "w"
    },
    {
      "square": "g2",
      "type": "r",
      "color": "b"
    },
    {
      "square": "h2",
      "type": "k",
      "color": "w"
    }
  ],
  "nextTurn": "w"
}