{
  "event": "FTX Crypto Cup",
  "site": "Miami, FL USA",
  "date": "2022.08.21",
  "eventDate": "2022.08.15",
  "dateMillis": 1661011200000,
  "eventDateMillis": 1660492800000,
  "round": "7.2",
  "result": "1/2-1/2",
  "white": "R Praggnanandhaa",
  "black": "Magnus Carlsen",
  "isDingWin": false,
  "isDraw": true,
  "isDingBlack": true,
  "moves": [
    "Ke3",
    "h4",
    "Ra6+",
    "Kf5",
    "Ra5+",
    "Kg6",
    "Ra6+",
    "Kh5",
    "Ra8",
    "Rb2",
    "Rh8+",
    "Kg6",
    "f4",
    "h3",
    "fxg5",
    "Kxg5",
    "Kf3",
    "h2",
    "Kg3",
    "Ra2",
    "Rxh2",
    "Rxh2",
    "Kxh2"
  ],
  "statePieceCount": 7,
  "endPieceCount": 2,
  "boardState": [
    {
      "square": "e6",
      "type": "k",
      "color": "b"
    },
    {
      "square": "g5",
      "type": "p",
      "color": "b"
    },
    {
      "square": "h5",
      "type": "p",
      "color": "b"
    },
    {
      "square": "a3",
      "type": "r",
      "color": "w"
    },
    {
      "square": "d3",
      "type": "k",
      "color": "w"
    },
    {
      "square": "f3",
      "type": "p",
      "color": "w"
    },
    {
      "square": "g2",
      "type": "r",
      "color": "b"
    }
  ]
}