{
  "event": "World Blitz Championship",
  "site": "Riyadh KSA",
  "date": "2017.12.30",
  "eventDate": "2017.12.29",
  "dateMillis": 1514563200000,
  "eventDateMillis": 1514476800000,
  "round": "19.1",
  "result": "1-0",
  "white": "Magnus Carlsen",
  "black": "Vladislav Artemiev",
  "isCarlsenWin": true,
  "isDraw": false,
  "isCarlsenBlack": false,
  "moves": [
    "Qxe4+",
    "Nf3",
    "Qb7",
    "h4",
    "Nd7",
    "Qc6",
    "Qa7",
    "Qc8+",
    "Kg7",
    "Qc3+",
    "Kg8",
    "h5",
    "gxh5",
    "gxh5",
    "h6",
    "Qc6",
    "Kh7",
    "Nd4",
    "Nc5",
    "Nf5",
    "Ne6",
    "Qc1",
    "Qb7+",
    "f3",
    "Ng5",
    "Qc6",
    "Qxc6",
    "bxc6",
    "Ne6",
    "Kf2",
    "b5",
    "Ke3",
    "f6",
    "Kd2",
    "Kg8",
    "Kc3",
    "Kf8",
    "Kb4",
    "Nc7",
    "Nxh6",
    "Ke7",
    "Nf5+",
    "Kf7",
    "Kc5",
    "Kf8",
    "Nd4"
  ],
  "statePieceCount": 15,
  "endPieceCount": 9,
  "boardState": [
    {
      "square": "b8",
      "type": "n",
      "color": "b"
    },
    {
      "square": "e8",
      "type": "q",
      "color": "b"
    },
    {
      "square": "g8",
      "type": "k",
      "color": "b"
    },
    {
      "square": "f7",
      "type": "p",
      "color": "b"
    },
    {
      "square": "h7",
      "type": "p",
      "color": "b"
    },
    {
      "square": "b6",
      "type": "p",
      "color": "b"
    },
    {
      "square": "d6",
      "type": "q",
      "color": "w"
    },
    {
      "square": "g6",
      "type": "p",
      "color": "b"
    },
    {
      "square": "b5",
      "type": "p",
      "color": "w"
    },
    {
      "square": "d4",
      "type": "n",
      "color": "w"
    },
    {
      "square": "e4",
      "type": "p",
      "color": "w"
    },
    {
      "square": "g4",
      "type": "p",
      "color": "w"
    },
    {
      "square": "h3",
      "type": "p",
      "color": "w"
    },
    {
      "square": "f2",
      "type": "p",
      "color": "w"
    },
    {
      "square": "g2",
      "type": "k",
      "color": "w"
    }
  ],
  "nextTurn": "b"
}