{
  "event": "Chess.com Speed Chess Championship 2017/18",
  "site": "chess.com INT",
  "date": "2018.01.03",
  "eventDate": "2017.05.03",
  "dateMillis": 1514908800000,
  "eventDateMillis": 1493740800000,
  "round": "4.2",
  "result": "1/2-1/2",
  "white": "Magnus Carlsen",
  "black": "Hikaru Nakamura",
  "isDingWin": false,
  "isDraw": true,
  "isDingBlack": false,
  "moves": [
    "Rh1",
    "h4",
    "Kg7",
    "Ne4",
    "h6",
    "Nc5",
    "Rb6",
    "Nd3",
    "Re6",
    "Kg2",
    "Rb1",
    "Kf2",
    "Re7",
    "b4",
    "Rh1",
    "Kg2",
    "Rb1",
    "Kf2",
    "Rb3",
    "Kf1",
    "Ra3",
    "Kf2",
    "Ra1",
    "Kg2",
    "Rd1",
    "Kf2",
    "Ra1",
    "Kg2",
    "Ra6",
    "Kf2",
    "Rf6",
    "Nf4",
    "Rd6",
    "Nd3",
    "c6",
    "Rc4",
    "Rde6",
    "Nf4",
    "Rd6",
    "Nd3",
    "Ra7",
    "Rc2",
    "Re6",
    "Nc5",
    "Rd6",
    "Nd3",
    "Ra1",
    "Kg2",
    "Ra6",
    "Kf2",
    "Rb6",
    "Rc4",
    "Re6",
    "Nc5",
    "Re7",
    "Nd3",
    "Re6",
    "Nc5",
    "Re8",
    "Nd3",
    "Ra6",
    "Rc2",
    "Ra3",
    "Rxc6",
    "Ra2",
    "Nc1",
    "Rb2",
    "Rc4",
    "Rd8",
    "Re4",
    "Rd1",
    "Rc4",
    "g5",
    "hxg5",
    "hxg5",
    "g4",
    "Rd8"
  ],
  "statePieceCount": 15,
  "endPieceCount": 12,
  "boardState": [
    {
      "square": "g8",
      "type": "k",
      "color": "b"
    },
    {
      "square": "c7",
      "type": "p",
      "color": "b"
    },
    {
      "square": "f7",
      "type": "p",
      "color": "b"
    },
    {
      "square": "h7",
      "type": "p",
      "color": "b"
    },
    {
      "square": "g6",
      "type": "p",
      "color": "b"
    },
    {
      "square": "b3",
      "type": "r",
      "color": "b"
    },
    {
      "square": "c3",
      "type": "n",
      "color": "w"
    },
    {
      "square": "f3",
      "type": "p",
      "color": "w"
    },
    {
      "square": "g3",
      "type": "p",
      "color": "w"
    },
    {
      "square": "b2",
      "type": "p",
      "color": "w"
    },
    {
      "square": "c2",
      "type": "r",
      "color": "w"
    },
    {
      "square": "e2",
      "type": "p",
      "color": "w"
    },
    {
      "square": "f2",
      "type": "k",
      "color": "w"
    },
    {
      "square": "h2",
      "type": "p",
      "color": "w"
    },
    {
      "square": "a1",
      "type": "r",
      "color": "b"
    }
  ]
}