{
  "event": "Chess.com Speed Chess Championship 2017/18",
  "site": "chess.com INT",
  "date": "2018.01.03",
  "eventDate": "2017.05.03",
  "dateMillis": 1514908800000,
  "eventDateMillis": 1493740800000,
  "round": "4.12",
  "result": "0-1",
  "white": "Magnus Carlsen",
  "black": "Hikaru Nakamura",
  "isDingWin": false,
  "isDraw": false,
  "isDingBlack": false,
  "moves": [
    "Qd4",
    "Rc1+",
    "Kh2",
    "Qb8+",
    "g3",
    "hxg3+",
    "Kg2",
    "Rc7",
    "Qd5+",
    "Kh7",
    "Ra8",
    "Qb7",
    "Qd8",
    "Kh6",
    "Qh4+",
    "Kg7",
    "Qh8+",
    "Kf7",
    "Rf8+",
    "Ke6",
    "Rf6+",
    "Kd5",
    "Qd8+",
    "Kc4",
    "Qd4+",
    "Kb5",
    "Rd6",
    "Rc4",
    "Rd5+",
    "Kb4",
    "Qd2+",
    "Ka3",
    "Ra5+",
    "Ra4",
    "Qc1+",
    "b2",
    "Qc3+",
    "Qb3",
    "Rxa4+",
    "Kxa4",
    "Qc6+",
    "Qb5",
    "Qc2+",
    "Ka3",
    "Qc3+",
    "Ka2",
    "Qc2",
    "Qb3",
    "Qd2",
    "gxf2",
    "Kxf2",
    "Qd3",
    "Qa5+",
    "Kb3"
  ],
  "statePieceCount": 15,
  "endPieceCount": 10,
  "boardState": [
    {
      "square": "e8",
      "type": "q",
      "color": "b"
    },
    {
      "square": "g8",
      "type": "k",
      "color": "b"
    },
    {
      "square": "a7",
      "type": "r",
      "color": "w"
    },
    {
      "square": "c6",
      "type": "r",
      "color": "b"
    },
    {
      "square": "d6",
      "type": "q",
      "color": "w"
    },
    {
      "square": "g6",
      "type": "p",
      "color": "b"
    },
    {
      "square": "f5",
      "type": "p",
      "color": "b"
    },
    {
      "square": "e4",
      "type": "p",
      "color": "b"
    },
    {
      "square": "h4",
      "type": "p",
      "color": "b"
    },
    {
      "square": "b3",
      "type": "p",
      "color": "b"
    },
    {
      "square": "e3",
      "type": "p",
      "color": "w"
    },
    {
      "square": "h3",
      "type": "p",
      "color": "w"
    },
    {
      "square": "f2",
      "type": "p",
      "color": "w"
    },
    {
      "square": "g2",
      "type": "p",
      "color": "w"
    },
    {
      "square": "g1",
      "type": "k",
      "color": "w"
    }
  ]
}