{
  "event": "Tata Steel Masters",
  "site": "Wijk aan Zee NED",
  "date": "2018.01.15",
  "eventDate": "2018.01.12",
  "dateMillis": 1515945600000,
  "eventDateMillis": 1515686400000,
  "round": "3",
  "result": "1/2-1/2",
  "white": "Magnus Carlsen",
  "black": "Wei Yi",
  "isCarlsenWin": false,
  "isDraw": true,
  "isCarlsenBlack": false,
  "moves": [
    "Rxa6",
    "Bf8",
    "Ra8",
    "g6",
    "e3",
    "Kg7",
    "Kg2",
    "h5",
    "h3",
    "Bd6",
    "Rd8",
    "Be5",
    "Re8",
    "Bd6",
    "Rd8",
    "Be5",
    "g4",
    "hxg4",
    "hxg4",
    "Rc5",
    "g5",
    "Rb5",
    "Kh3",
    "Rc5",
    "Ne7",
    "Rc2",
    "Kg2",
    "Rc7",
    "Rg8+",
    "Kh7",
    "Re8",
    "Rc5",
    "Rc8",
    "Rb5",
    "Rf8",
    "Kg7",
    "Rg8+",
    "Kh7",
    "Rf8",
    "Kg7",
    "Rg8+",
    "Kh7"
  ],
  "statePieceCount": 15,
  "endPieceCount": 12,
  "boardState": [
    {
      "square": "g8",
      "type": "k",
      "color": "b"
    },
    {
      "square": "a7",
      "type": "r",
      "color": "w"
    },
    {
      "square": "f7",
      "type": "p",
      "color": "b"
    },
    {
      "square": "g7",
      "type": "p",
      "color": "b"
    },
    {
      "square": "a6",
      "type": "p",
      "color": "b"
    },
    {
      "square": "h6",
      "type": "p",
      "color": "b"
    },
    {
      "square": "d5",
      "type": "n",
      "color": "w"
    },
    {
      "square": "c4",
      "type": "r",
      "color": "b"
    },
    {
      "square": "e4",
      "type": "p",
      "color": "b"
    },
    {
      "square": "a3",
      "type": "b",
      "color": "b"
    },
    {
      "square": "g3",
      "type": "p",
      "color": "w"
    },
    {
      "square": "e2",
      "type": "p",
      "color": "w"
    },
    {
      "square": "f2",
      "type": "p",
      "color": "w"
    },
    {
      "square": "h2",
      "type": "p",
      "color": "w"
    },
    {
      "square": "g1",
      "type": "k",
      "color": "w"
    }
  ],
  "nextTurn": "w"
}