{
  "event": "Tata Steel Masters",
  "site": "Hilversum NED",
  "date": "2018.01.17",
  "eventDate": "2017.01.14",
  "dateMillis": 1516118400000,
  "eventDateMillis": 1484323200000,
  "round": "5",
  "result": "1/2-1/2",
  "white": "Magnus Carlsen",
  "black": "Vladimir Kramnik",
  "isCarlsenWin": false,
  "isDraw": true,
  "isCarlsenBlack": false,
  "moves": [
    "fxg4",
    "Rxe4",
    "Rxc7",
    "Rxa4",
    "Rc6",
    "Kf7",
    "g5",
    "hxg5",
    "Rxb6",
    "Rb4",
    "Rb8",
    "Kf6",
    "b6",
    "Ke5",
    "Kh2",
    "Rb3",
    "g4",
    "Kf4",
    "b7",
    "Kxg4",
    "Re8",
    "Rxb7",
    "Rxe6",
    "Rb2+",
    "Kg1",
    "Kf3",
    "Ra6",
    "Rg2+",
    "Kh1",
    "Re2",
    "Kg1",
    "g4",
    "Ra1",
    "Re8",
    "Rb1",
    "g3",
    "Rb3+",
    "Re3",
    "Rb1",
    "Re8",
    "Rb3+",
    "Kg4",
    "Rb5",
    "Re1+",
    "Kg2",
    "Re2+",
    "Kg1",
    "g5",
    "Rb8",
    "Re1+",
    "Kg2",
    "Re2+",
    "Kg1",
    "Ra2",
    "Rc8",
    "Ra1+",
    "Kg2",
    "Ra2+",
    "Kg1",
    "g2",
    "Rc4+",
    "Kh3",
    "Rc3+",
    "Kh4",
    "Rc4+",
    "g4",
    "Rc3",
    "Kh5"
  ],
  "statePieceCount": 15,
  "endPieceCount": 6,
  "boardState": [
    {
      "square": "g8",
      "type": "k",
      "color": "b"
    },
    {
      "square": "c7",
      "type": "p",
      "color": "b"
    },
    {
      "square": "g7",
      "type": "p",
      "color": "b"
    },
    {
      "square": "b6",
      "type": "p",
      "color": "b"
    },
    {
      "square": "e6",
      "type": "p",
      "color": "b"
    },
    {
      "square": "h6",
      "type": "p",
      "color": "b"
    },
    {
      "square": "b5",
      "type": "p",
      "color": "w"
    },
    {
      "square": "a4",
      "type": "p",
      "color": "w"
    },
    {
      "square": "d4",
      "type": "r",
      "color": "b"
    },
    {
      "square": "e4",
      "type": "n",
      "color": "w"
    },
    {
      "square": "g4",
      "type": "n",
      "color": "b"
    },
    {
      "square": "f3",
      "type": "p",
      "color": "w"
    },
    {
      "square": "g2",
      "type": "p",
      "color": "w"
    },
    {
      "square": "c1",
      "type": "r",
      "color": "w"
    },
    {
      "square": "g1",
      "type": "k",
      "color": "w"
    }
  ],
  "nextTurn": "w"
}