{
  "event": "Tata Steel Masters",
  "site": "Wijk aan Zee NED",
  "date": "2018.01.20",
  "eventDate": "2017.01.14",
  "dateMillis": 1516377600000,
  "eventDateMillis": 1484323200000,
  "round": "7",
  "result": "1-0",
  "white": "Magnus Carlsen",
  "black": "Yifan Hou",
  "isCarlsenWin": true,
  "isDraw": false,
  "isCarlsenBlack": false,
  "moves": [
    "cxb6",
    "Nd8",
    "Bc7",
    "Ra8",
    "Kc4",
    "Nb7",
    "Kb5",
    "Ra2",
    "g4",
    "Ke7",
    "g3",
    "Nd6+",
    "Bxd6+",
    "Kxd6",
    "Nc4+",
    "Kd7",
    "Kc5",
    "Rc2",
    "f5",
    "exf5",
    "gxf5",
    "Rf2",
    "Nd6",
    "Rg2",
    "Ne4",
    "Rb2",
    "g4",
    "Rb1",
    "Nd2",
    "Rh1",
    "d5",
    "h5",
    "d6",
    "Kc8",
    "gxh5",
    "Rxh5",
    "Kc6",
    "Kb8",
    "Ne4",
    "Rxf5",
    "Nc5"
  ],
  "statePieceCount": 15,
  "endPieceCount": 7,
  "boardState": [
    {
      "square": "c8",
      "type": "r",
      "color": "b"
    },
    {
      "square": "e8",
      "type": "k",
      "color": "b"
    },
    {
      "square": "g7",
      "type": "p",
      "color": "b"
    },
    {
      "square": "b6",
      "type": "r",
      "color": "b"
    },
    {
      "square": "c6",
      "type": "n",
      "color": "b"
    },
    {
      "square": "d6",
      "type": "b",
      "color": "w"
    },
    {
      "square": "e6",
      "type": "p",
      "color": "b"
    },
    {
      "square": "h6",
      "type": "p",
      "color": "b"
    },
    {
      "square": "c5",
      "type": "p",
      "color": "w"
    },
    {
      "square": "e5",
      "type": "n",
      "color": "w"
    },
    {
      "square": "d4",
      "type": "p",
      "color": "w"
    },
    {
      "square": "f4",
      "type": "p",
      "color": "w"
    },
    {
      "square": "d3",
      "type": "k",
      "color": "w"
    },
    {
      "square": "g3",
      "type": "p",
      "color": "w"
    },
    {
      "square": "g2",
      "type": "p",
      "color": "w"
    }
  ],
  "nextTurn": "w"
}