{
  "event": "Pro Chess League",
  "site": "chess.com INT",
  "date": "2018.02.04",
  "eventDate": "2018.01.18",
  "dateMillis": 1517673600000,
  "eventDateMillis": 1516204800000,
  "round": "4",
  "result": "0-1",
  "white": "Robert Fontaine",
  "black": "Magnus Carlsen",
  "isCarlsenWin": true,
  "isDraw": false,
  "isCarlsenBlack": true,
  "moves": [
    "dxc4",
    "Rf3",
    "Nd5",
    "Bc1",
    "Rc6",
    "Bd2",
    "Rf6",
    "Rh3",
    "Rg6",
    "Rh5",
    "Nf6",
    "Ra5",
    "Ne4",
    "Be1",
    "Rxg4+",
    "Kf1",
    "a6",
    "Re5",
    "Nf6",
    "Re7",
    "Rf4+",
    "Kg2",
    "Re4",
    "Rxe4",
    "Nxe4",
    "Kf3",
    "Nd6",
    "Kf4",
    "Kf6",
    "d5",
    "Ke7",
    "Bh4+",
    "f6",
    "Bf2",
    "Nb5",
    "Be1",
    "Kd6",
    "Ke4",
    "b6",
    "Bg3+",
    "Kd7",
    "d6",
    "Nxc3+",
    "Kd4",
    "Ne2+"
  ],
  "statePieceCount": 15,
  "endPieceCount": 10,
  "boardState": [
    {
      "square": "c8",
      "type": "r",
      "color": "b"
    },
    {
      "square": "a7",
      "type": "p",
      "color": "b"
    },
    {
      "square": "b7",
      "type": "p",
      "color": "b"
    },
    {
      "square": "e7",
      "type": "n",
      "color": "b"
    },
    {
      "square": "f7",
      "type": "p",
      "color": "b"
    },
    {
      "square": "g7",
      "type": "k",
      "color": "b"
    },
    {
      "square": "d5",
      "type": "p",
      "color": "b"
    },
    {
      "square": "b4",
      "type": "p",
      "color": "w"
    },
    {
      "square": "c4",
      "type": "n",
      "color": "w"
    },
    {
      "square": "d4",
      "type": "p",
      "color": "w"
    },
    {
      "square": "g4",
      "type": "p",
      "color": "w"
    },
    {
      "square": "c3",
      "type": "p",
      "color": "w"
    },
    {
      "square": "d3",
      "type": "r",
      "color": "w"
    },
    {
      "square": "b2",
      "type": "b",
      "color": "w"
    },
    {
      "square": "g1",
      "type": "k",
      "color": "w"
    }
  ],
  "nextTurn": "b"
}