{
  "event": "Pro Chess League",
  "site": "chess.com INT",
  "date": "2018.02.04",
  "eventDate": "2018.01.18",
  "dateMillis": 1517673600000,
  "eventDateMillis": 1516204800000,
  "round": "4",
  "result": "0-1",
  "white": "Magnus Carlsen",
  "black": "Luka Lenic",
  "isCarlsenWin": false,
  "isDraw": false,
  "isCarlsenBlack": false,
  "moves": [
    "Rf2",
    "Kg3",
    "Rxb2",
    "a4",
    "Rc2",
    "Rd3",
    "Rc1",
    "Re3",
    "Rg1+",
    "Kf3",
    "Rh1",
    "Kg3",
    "Rg1+",
    "Kf3",
    "Rh1",
    "Kg3",
    "Rc1",
    "Kg4",
    "Kf7",
    "Bc4+",
    "Kf8",
    "Bb5",
    "d5",
    "Re5",
    "Rd6",
    "f5",
    "Rg1+",
    "Kf4",
    "gxf5",
    "Rxf5+",
    "Ke7",
    "Rh5",
    "d4",
    "Rh7+",
    "Kd8",
    "Ke5",
    "Rgg6",
    "cxd4",
    "Rge6+",
    "Kf5",
    "cxd4",
    "Bc4",
    "Re1",
    "Rh8+",
    "Kc7",
    "Rh7+",
    "Kb6",
    "Bd3",
    "Re3",
    "Be4",
    "d3",
    "Ke5",
    "Rxe4+",
    "Kxd6",
    "d2"
  ],
  "statePieceCount": 15,
  "endPieceCount": 8,
  "boardState": [
    {
      "square": "f8",
      "type": "k",
      "color": "b"
    },
    {
      "square": "d6",
      "type": "p",
      "color": "b"
    },
    {
      "square": "f6",
      "type": "r",
      "color": "b"
    },
    {
      "square": "g6",
      "type": "p",
      "color": "b"
    },
    {
      "square": "a5",
      "type": "p",
      "color": "b"
    },
    {
      "square": "b5",
      "type": "b",
      "color": "w"
    },
    {
      "square": "c5",
      "type": "p",
      "color": "b"
    },
    {
      "square": "f4",
      "type": "p",
      "color": "w"
    },
    {
      "square": "g4",
      "type": "k",
      "color": "w"
    },
    {
      "square": "h4",
      "type": "p",
      "color": "w"
    },
    {
      "square": "a3",
      "type": "p",
      "color": "w"
    },
    {
      "square": "c3",
      "type": "p",
      "color": "w"
    },
    {
      "square": "b2",
      "type": "p",
      "color": "w"
    },
    {
      "square": "e2",
      "type": "r",
      "color": "b"
    },
    {
      "square": "d1",
      "type": "r",
      "color": "w"
    }
  ],
  "nextTurn": "b"
}