{
  "event": "Pro Chess League",
  "site": "chess.com INT",
  "date": "2018.02.04",
  "eventDate": "2018.01.18",
  "dateMillis": 1517673600000,
  "eventDateMillis": 1516204800000,
  "round": "4",
  "result": "0-1",
  "white": "Georg Meier",
  "black": "Magnus Carlsen",
  "isCarlsenWin": true,
  "isDraw": false,
  "isCarlsenBlack": true,
  "moves": [
    "d6",
    "Nd5",
    "Ra7",
    "Rd8",
    "Kf1",
    "Nc3",
    "Ra6",
    "Nd5",
    "Ra7",
    "Kf8",
    "Ke2",
    "Nc3+",
    "Ke1",
    "Nb5",
    "Rb7",
    "Nxd6",
    "Rxb6",
    "Nf5",
    "Rb5",
    "Nxg3",
    "fxg3",
    "Ra8",
    "Kd2",
    "a4",
    "Kc2",
    "a3",
    "Kb1",
    "a2+",
    "Ka1",
    "Ra7",
    "g4",
    "h6",
    "f4",
    "Kf7",
    "g5",
    "Ke6",
    "g6",
    "Kd6",
    "f5",
    "Kc6",
    "Rb8",
    "Kd5",
    "Re8",
    "Kd4",
    "Re6",
    "Kd5",
    "Re8",
    "Kd6",
    "Re2",
    "Ra5",
    "Re6+",
    "Kd7",
    "Rb6",
    "Rxf5",
    "Rb7+",
    "Ke6",
    "Rxg7",
    "Rxh5",
    "Kxa2",
    "Kf5",
    "Kb3",
    "Rh1",
    "Kc3",
    "Re1",
    "Kd2",
    "Re8",
    "Kd3",
    "Kg5",
    "Kd4",
    "h5",
    "Kd3",
    "f5",
    "Kd2",
    "Kf6",
    "Rb7",
    "Kxg6"
  ],
  "statePieceCount": 15,
  "endPieceCount": 6,
  "boardState": [
    {
      "square": "c8",
      "type": "r",
      "color": "b"
    },
    {
      "square": "g8",
      "type": "k",
      "color": "b"
    },
    {
      "square": "e7",
      "type": "r",
      "color": "w"
    },
    {
      "square": "g7",
      "type": "p",
      "color": "b"
    },
    {
      "square": "h7",
      "type": "p",
      "color": "b"
    },
    {
      "square": "b6",
      "type": "p",
      "color": "b"
    },
    {
      "square": "f6",
      "type": "p",
      "color": "b"
    },
    {
      "square": "a5",
      "type": "p",
      "color": "b"
    },
    {
      "square": "d5",
      "type": "p",
      "color": "w"
    },
    {
      "square": "h5",
      "type": "p",
      "color": "w"
    },
    {
      "square": "c3",
      "type": "n",
      "color": "b"
    },
    {
      "square": "f3",
      "type": "p",
      "color": "w"
    },
    {
      "square": "g3",
      "type": "b",
      "color": "w"
    },
    {
      "square": "f2",
      "type": "p",
      "color": "w"
    },
    {
      "square": "g1",
      "type": "k",
      "color": "w"
    }
  ],
  "nextTurn": "w"
}