{
  "event": "Pro Chess League",
  "site": "chess.com INT",
  "date": "2018.02.24",
  "eventDate": "2018.01.18",
  "dateMillis": 1519401600000,
  "eventDateMillis": 1516204800000,
  "round": "7",
  "result": "1/2-1/2",
  "white": "Aleksandr Shimanov",
  "black": "Magnus Carlsen",
  "isCarlsenWin": false,
  "isDraw": true,
  "isCarlsenBlack": true,
  "moves": [
    "bxa4",
    "h5",
    "a3",
    "Qf7",
    "f4",
    "Bxf4",
    "Qb1+",
    "Kh2",
    "Bf6",
    "Qd5",
    "a2",
    "e4",
    "Qb6",
    "Qxa2",
    "Qd4",
    "Qe2",
    "Qc5",
    "Bg3",
    "Bd4",
    "e5",
    "Kg8",
    "e6",
    "Kf8",
    "Qf3+",
    "Bf6",
    "Qb7",
    "Qxh5+",
    "Kg1",
    "Qd1+",
    "Kh2",
    "Qh5+",
    "Kg1",
    "Qd1+",
    "Kh2",
    "Qh5+",
    "Kg1"
  ],
  "statePieceCount": 15,
  "endPieceCount": 11,
  "boardState": [
    {
      "square": "e7",
      "type": "b",
      "color": "b"
    },
    {
      "square": "g7",
      "type": "p",
      "color": "b"
    },
    {
      "square": "h7",
      "type": "k",
      "color": "b"
    },
    {
      "square": "h6",
      "type": "p",
      "color": "b"
    },
    {
      "square": "b5",
      "type": "p",
      "color": "b"
    },
    {
      "square": "f5",
      "type": "p",
      "color": "b"
    },
    {
      "square": "a4",
      "type": "p",
      "color": "w"
    },
    {
      "square": "e4",
      "type": "q",
      "color": "b"
    },
    {
      "square": "h4",
      "type": "p",
      "color": "w"
    },
    {
      "square": "e3",
      "type": "p",
      "color": "w"
    },
    {
      "square": "g3",
      "type": "b",
      "color": "w"
    },
    {
      "square": "a2",
      "type": "q",
      "color": "w"
    },
    {
      "square": "f2",
      "type": "p",
      "color": "w"
    },
    {
      "square": "g2",
      "type": "p",
      "color": "w"
    },
    {
      "square": "g1",
      "type": "k",
      "color": "w"
    }
  ],
  "nextTurn": "b"
}