{
  "event": "Pro Chess League",
  "site": "chess.com INT",
  "date": "2018.02.28",
  "eventDate": "2018.01.18",
  "dateMillis": 1519747200000,
  "eventDateMillis": 1516204800000,
  "round": "8",
  "result": "0-1",
  "white": "Magnus Carlsen",
  "black": "Babu M R Lalith",
  "isCarlsenWin": false,
  "isDraw": false,
  "isCarlsenBlack": false,
  "moves": [
    "Qxg7",
    "Qf4",
    "Rc4",
    "h3+",
    "Kh1",
    "Qf3+",
    "Kh2",
    "Qf2+",
    "Kxh3",
    "Qf3+",
    "Kh2",
    "Qf2+",
    "Kh3",
    "Qf3+",
    "Kh2",
    "Rc8",
    "Qe5",
    "Qf2+",
    "Kh3",
    "Qf3+",
    "Kh2",
    "a6",
    "Rf4",
    "Qc6",
    "Rc4",
    "Qh6+",
    "Kg3",
    "Qh1",
    "Kf2",
    "Rf8+",
    "Rf4",
    "Rg8",
    "Ke2",
    "Qh2+",
    "Ke3",
    "Qxc2",
    "Rc4",
    "Qg2",
    "Qxc7+",
    "Ka8",
    "Rc2",
    "Re8+",
    "Kd4",
    "Qg4+",
    "Kc3",
    "Rc8",
    "Qc4",
    "Rxc4+",
    "dxc4",
    "Qf3+",
    "Kb4",
    "Kb8",
    "Rc3",
    "Qd1",
    "a4",
    "Kc7",
    "c5",
    "Kc6",
    "Ka3",
    "a5",
    "Rc4",
    "Kd5",
    "Rc3",
    "Qd4",
    "c6",
    "Qb4+",
    "Ka2",
    "Qxa4+",
    "Kb1",
    "bxc6",
    "Rh3",
    "Kc5",
    "Rc3+",
    "Kb5",
    "Re3",
    "Qd4",
    "Rb3+",
    "Kc4",
    "Ra3",
    "Kb4",
    "Ka1",
    "a4",
    "Kb1",
    "Qd1+",
    "Ka2",
    "Qd5+",
    "Kb1",
    "Qb3",
    "Rxb3+",
    "Kxb3",
    "Ka1",
    "Kc4",
    "Ka2",
    "Kb4",
    "Ka1",
    "a3",
    "bxa3+",
    "Kxa3",
    "Kb1",
    "Kb3"
  ],
  "statePieceCount": 15,
  "endPieceCount": 3,
  "boardState": [
    {
      "square": "b8",
      "type": "k",
      "color": "b"
    },
    {
      "square": "d8",
      "type": "r",
      "color": "b"
    },
    {
      "square": "a7",
      "type": "p",
      "color": "b"
    },
    {
      "square": "b7",
      "type": "p",
      "color": "b"
    },
    {
      "square": "c7",
      "type": "p",
      "color": "b"
    },
    {
      "square": "g7",
      "type": "r",
      "color": "b"
    },
    {
      "square": "f6",
      "type": "q",
      "color": "w"
    },
    {
      "square": "c5",
      "type": "r",
      "color": "w"
    },
    {
      "square": "a4",
      "type": "q",
      "color": "b"
    },
    {
      "square": "h4",
      "type": "p",
      "color": "b"
    },
    {
      "square": "a3",
      "type": "p",
      "color": "w"
    },
    {
      "square": "d3",
      "type": "p",
      "color": "w"
    },
    {
      "square": "b2",
      "type": "p",
      "color": "w"
    },
    {
      "square": "c2",
      "type": "p",
      "color": "w"
    },
    {
      "square": "g2",
      "type": "k",
      "color": "w"
    }
  ],
  "nextTurn": "w"
}