{
  "event": "Pro Chess League",
  "site": "chess.com INT",
  "date": "2018.03.07",
  "eventDate": "2018.01.18",
  "dateMillis": 1520352000000,
  "eventDateMillis": 1516204800000,
  "round": "9",
  "result": "1-0",
  "white": "Magnus Carlsen",
  "black": "Avital Boruchovsky",
  "isDingWin": true,
  "isDraw": false,
  "isDingBlack": false,
  "moves": [
    "h5",
    "Rh6",
    "Rg7",
    "Bxg7"
  ],
  "statePieceCount": 15,
  "endPieceCount": 14,
  "boardState": [
    {
      "square": "b7",
      "type": "k",
      "color": "b"
    },
    {
      "square": "c7",
      "type": "b",
      "color": "b"
    },
    {
      "square": "e7",
      "type": "r",
      "color": "b"
    },
    {
      "square": "a6",
      "type": "b",
      "color": "b"
    },
    {
      "square": "b6",
      "type": "p",
      "color": "b"
    },
    {
      "square": "f6",
      "type": "r",
      "color": "w"
    },
    {
      "square": "h6",
      "type": "p",
      "color": "b"
    },
    {
      "square": "d5",
      "type": "p",
      "color": "b"
    },
    {
      "square": "f5",
      "type": "p",
      "color": "w"
    },
    {
      "square": "b4",
      "type": "p",
      "color": "w"
    },
    {
      "square": "d4",
      "type": "b",
      "color": "w"
    },
    {
      "square": "c3",
      "type": "p",
      "color": "w"
    },
    {
      "square": "e3",
      "type": "n",
      "color": "w"
    },
    {
      "square": "e2",
      "type": "p",
      "color": "w"
    },
    {
      "square": "f2",
      "type": "k",
      "color": "w"
    }
  ]
}