{
  "event": "Pro Chess League",
  "site": "chess.com INT",
  "date": "2018.03.07",
  "eventDate": "2018.01.18",
  "dateMillis": 1520352000000,
  "eventDateMillis": 1516204800000,
  "round": "9",
  "result": "1-0",
  "white": "Magnus Carlsen",
  "black": "Jaan Yukhanovich Ehlvest",
  "isDingWin": true,
  "isDraw": false,
  "isDingBlack": false,
  "moves": [
    "Qh2",
    "Ra8",
    "f5",
    "Qg5+",
    "Kb2",
    "Qxf5",
    "Qh8+",
    "Kf7",
    "g8=Q+",
    "Rxg8",
    "Qh7+"
  ],
  "statePieceCount": 15,
  "endPieceCount": 13,
  "boardState": [
    {
      "square": "g8",
      "type": "k",
      "color": "b"
    },
    {
      "square": "b7",
      "type": "b",
      "color": "b"
    },
    {
      "square": "e7",
      "type": "q",
      "color": "b"
    },
    {
      "square": "g7",
      "type": "p",
      "color": "w"
    },
    {
      "square": "d6",
      "type": "r",
      "color": "w"
    },
    {
      "square": "e6",
      "type": "p",
      "color": "b"
    },
    {
      "square": "g6",
      "type": "p",
      "color": "b"
    },
    {
      "square": "c5",
      "type": "n",
      "color": "b"
    },
    {
      "square": "e5",
      "type": "b",
      "color": "w"
    },
    {
      "square": "f4",
      "type": "p",
      "color": "w"
    },
    {
      "square": "b3",
      "type": "p",
      "color": "w"
    },
    {
      "square": "a2",
      "type": "r",
      "color": "b"
    },
    {
      "square": "c2",
      "type": "p",
      "color": "w"
    },
    {
      "square": "e2",
      "type": "q",
      "color": "w"
    },
    {
      "square": "c1",
      "type": "k",
      "color": "w"
    }
  ]
}