{
  "event": "GRENKE Chess Classic",
  "site": "Baden-Baden GER",
  "date": "2018.04.09",
  "eventDate": "2018.03.31",
  "dateMillis": 1523203200000,
  "eventDateMillis": 1522425600000,
  "round": "9",
  "result": "1/2-1/2",
  "white": "Viswanathan Anand",
  "black": "Magnus Carlsen",
  "isCarlsenWin": false,
  "isDraw": true,
  "isCarlsenBlack": true,
  "moves": [
    "Be6",
    "Rd2",
    "gxh4"
  ],
  "statePieceCount": 15,
  "endPieceCount": 14,
  "boardState": [
    {
      "square": "b7",
      "type": "b",
      "color": "b"
    },
    {
      "square": "d7",
      "type": "r",
      "color": "b"
    },
    {
      "square": "f7",
      "type": "b",
      "color": "w"
    },
    {
      "square": "b6",
      "type": "k",
      "color": "b"
    },
    {
      "square": "f6",
      "type": "p",
      "color": "b"
    },
    {
      "square": "a5",
      "type": "p",
      "color": "b"
    },
    {
      "square": "b4",
      "type": "p",
      "color": "b"
    },
    {
      "square": "f4",
      "type": "p",
      "color": "w"
    },
    {
      "square": "h4",
      "type": "p",
      "color": "b"
    },
    {
      "square": "a3",
      "type": "p",
      "color": "w"
    },
    {
      "square": "g3",
      "type": "p",
      "color": "w"
    },
    {
      "square": "b2",
      "type": "p",
      "color": "w"
    },
    {
      "square": "h2",
      "type": "p",
      "color": "w"
    },
    {
      "square": "a1",
      "type": "k",
      "color": "w"
    },
    {
      "square": "c1",
      "type": "r",
      "color": "w"
    }
  ],
  "nextTurn": "w"
}