{
  "event": "GRENKE Chess Classic",
  "site": "Baden-Baden GER",
  "date": "2018.04.08",
  "eventDate": "2018.03.31",
  "dateMillis": 1523116800000,
  "eventDateMillis": 1522425600000,
  "round": "8",
  "result": "1/2-1/2",
  "white": "Magnus Carlsen",
  "black": "Nikita Vitiugov",
  "isCarlsenWin": false,
  "isDraw": true,
  "isCarlsenBlack": false,
  "moves": [
    "hxg4",
    "Ra8",
    "Kf7",
    "Rc8",
    "Bf4",
    "Kd1",
    "Kg7",
    "Ke2",
    "Kf7",
    "Rf8+",
    "Kg7",
    "Rd8",
    "Kf7",
    "Kf2",
    "Kg7",
    "Rd7+",
    "Kf6",
    "g3",
    "Bc1",
    "Rd1",
    "Bg5",
    "Ke2",
    "Ke6",
    "Rh1",
    "Ra6",
    "Ba3",
    "Rb6",
    "Rh7",
    "Rb7",
    "Kd1",
    "Rb8",
    "Kc2",
    "Rd8",
    "Rg7",
    "Rd2+",
    "Kc1",
    "Bf6",
    "Kxd2",
    "Bxg7",
    "Bc5",
    "Kd7",
    "Be3"
  ],
  "statePieceCount": 15,
  "endPieceCount": 12,
  "boardState": [
    {
      "square": "c7",
      "type": "p",
      "color": "b"
    },
    {
      "square": "c6",
      "type": "r",
      "color": "b"
    },
    {
      "square": "e6",
      "type": "k",
      "color": "b"
    },
    {
      "square": "a5",
      "type": "r",
      "color": "w"
    },
    {
      "square": "e5",
      "type": "p",
      "color": "b"
    },
    {
      "square": "h5",
      "type": "p",
      "color": "b"
    },
    {
      "square": "b4",
      "type": "b",
      "color": "w"
    },
    {
      "square": "c4",
      "type": "p",
      "color": "b"
    },
    {
      "square": "e4",
      "type": "p",
      "color": "w"
    },
    {
      "square": "g4",
      "type": "p",
      "color": "w"
    },
    {
      "square": "c3",
      "type": "p",
      "color": "w"
    },
    {
      "square": "g3",
      "type": "b",
      "color": "b"
    },
    {
      "square": "b2",
      "type": "p",
      "color": "w"
    },
    {
      "square": "c2",
      "type": "k",
      "color": "w"
    },
    {
      "square": "g2",
      "type": "p",
      "color": "w"
    }
  ],
  "nextTurn": "b"
}