{
  "event": "Norway Chess",
  "site": "Stavanger NOR",
  "date": "2018.05.29",
  "eventDate": "2018.05.27",
  "dateMillis": 1527523200000,
  "eventDateMillis": 1527350400000,
  "round": "2",
  "result": "1/2-1/2",
  "white": "Sergey Karjakin",
  "black": "Magnus Carlsen",
  "isCarlsenWin": false,
  "isDraw": true,
  "isCarlsenBlack": true,
  "moves": [
    "Rxb8",
    "Rd7",
    "Ke8",
    "Rc7",
    "b5",
    "Rc6",
    "Ra8",
    "c4",
    "Kd7",
    "cxb5",
    "axb5",
    "Rb6",
    "Rxa2",
    "Rxb5",
    "Ra4",
    "Kg3",
    "Rd4",
    "Rb7+",
    "Ke6",
    "Rb6+",
    "Kf5",
    "Rb5+",
    "Ke6",
    "Rb6+",
    "Kf5",
    "Rb5+",
    "Ke6"
  ],
  "statePieceCount": 15,
  "endPieceCount": 10,
  "boardState": [
    {
      "square": "b8",
      "type": "r",
      "color": "w"
    },
    {
      "square": "e8",
      "type": "r",
      "color": "b"
    },
    {
      "square": "f8",
      "type": "k",
      "color": "b"
    },
    {
      "square": "b7",
      "type": "p",
      "color": "b"
    },
    {
      "square": "f7",
      "type": "p",
      "color": "b"
    },
    {
      "square": "g7",
      "type": "p",
      "color": "b"
    },
    {
      "square": "h7",
      "type": "p",
      "color": "b"
    },
    {
      "square": "a6",
      "type": "p",
      "color": "b"
    },
    {
      "square": "c3",
      "type": "p",
      "color": "w"
    },
    {
      "square": "f3",
      "type": "p",
      "color": "w"
    },
    {
      "square": "a2",
      "type": "p",
      "color": "w"
    },
    {
      "square": "b2",
      "type": "p",
      "color": "w"
    },
    {
      "square": "f2",
      "type": "k",
      "color": "w"
    },
    {
      "square": "h2",
      "type": "p",
      "color": "w"
    },
    {
      "square": "d1",
      "type": "r",
      "color": "w"
    }
  ],
  "nextTurn": "b"
}