{
  "event": "Biel",
  "site": "Biel SUI",
  "date": "2018.07.31",
  "eventDate": "2018.07.22",
  "dateMillis": 1532966400000,
  "eventDateMillis": 1532188800000,
  "round": "9",
  "result": "1-0",
  "white": "Shakhriyar Mamedyarov",
  "black": "Magnus Carlsen",
  "isDingWin": false,
  "isDraw": false,
  "isDingBlack": true,
  "moves": [
    "Rcd1",
    "Be7",
    "Kh3",
    "Rc7",
    "h5",
    "gxh5",
    "f5",
    "f6",
    "e6",
    "Rb3",
    "Rd7",
    "Rbc3",
    "Ra1",
    "Kg7",
    "Ra8",
    "Kh6",
    "Re8",
    "Bb4",
    "Rb8",
    "Be7",
    "Be4",
    "R3c4",
    "Bd5",
    "R4c5",
    "Be4",
    "Rc4",
    "Bd5",
    "R4c5",
    "Rb7",
    "Rxd7",
    "Rxd7",
    "Ra5",
    "Bc6",
    "Ba3",
    "Rf7",
    "Re5",
    "Kh4",
    "Bc1",
    "e7"
  ],
  "statePieceCount": 15,
  "endPieceCount": 12,
  "boardState": [
    {
      "square": "b8",
      "type": "r",
      "color": "b"
    },
    {
      "square": "g8",
      "type": "k",
      "color": "b"
    },
    {
      "square": "b7",
      "type": "r",
      "color": "b"
    },
    {
      "square": "f7",
      "type": "p",
      "color": "b"
    },
    {
      "square": "h7",
      "type": "p",
      "color": "b"
    },
    {
      "square": "g6",
      "type": "p",
      "color": "b"
    },
    {
      "square": "d5",
      "type": "r",
      "color": "w"
    },
    {
      "square": "e5",
      "type": "p",
      "color": "w"
    },
    {
      "square": "f4",
      "type": "p",
      "color": "w"
    },
    {
      "square": "h4",
      "type": "p",
      "color": "w"
    },
    {
      "square": "a3",
      "type": "b",
      "color": "b"
    },
    {
      "square": "g3",
      "type": "p",
      "color": "w"
    },
    {
      "square": "g2",
      "type": "b",
      "color": "w"
    },
    {
      "square": "h2",
      "type": "k",
      "color": "w"
    },
    {
      "square": "c1",
      "type": "r",
      "color": "w"
    }
  ]
}