{
  "event": "Sinquefield Cup",
  "site": "St Louis, MO USA",
  "date": "2018.08.27",
  "eventDate": "2018.08.17",
  "dateMillis": 1535299200000,
  "eventDateMillis": 1534435200000,
  "round": "9",
  "result": "1-0",
  "white": "Magnus Carlsen",
  "black": "Hikaru Nakamura",
  "isDingWin": true,
  "isDraw": false,
  "isDingBlack": false,
  "moves": [
    "Qxd7",
    "Rd5",
    "Qc7",
    "Qd2",
    "Ra8",
    "Rd7",
    "Qc4",
    "f3",
    "Qc5+",
    "Kh2",
    "Qc6",
    "Rd6",
    "Qc5",
    "Ra6",
    "Qe7",
    "Qe3",
    "Kh7",
    "Kg3",
    "Qb7",
    "Qa3",
    "f6",
    "Kh2",
    "Qc7",
    "Qa1",
    "Qb7",
    "Qa5",
    "Qd7",
    "Qa2",
    "Qe7",
    "Qf2",
    "Qb7",
    "Qa2",
    "Qe7",
    "Qd5",
    "Rb8",
    "Qa5",
    "Rb7",
    "Qe1",
    "Qd7",
    "Qh4+",
    "Kg8",
    "Qf2",
    "Qf7",
    "Qa2",
    "Qxa2",
    "Rxa2",
    "Kh7",
    "Ra6",
    "Kg6",
    "h4",
    "Kh5",
    "Kh3",
    "Rf7",
    "g4+",
    "Kh6",
    "Kg3",
    "g5",
    "h5",
    "Kg7",
    "Kf2",
    "Rb7",
    "Ra3",
    "Kh6",
    "Ke3",
    "a5",
    "Rxa5",
    "Rb3+",
    "Kf2",
    "Rb2+",
    "Kg3",
    "Kg7",
    "Ra7+",
    "Kg8",
    "Ra1",
    "Kg7",
    "Rf1",
    "Ra2",
    "Rf2",
    "Ra3",
    "Rd2",
    "Ra7",
    "Kf2",
    "Kf7",
    "Ke2",
    "Rb7",
    "Rd3",
    "Ra7",
    "Kd2",
    "Ke6",
    "Kc3",
    "Ke7",
    "Kc4",
    "Rc7+",
    "Kb5",
    "Rc1",
    "Rb3",
    "Kf7",
    "Kb6",
    "Rc2",
    "Kb7",
    "Rc1",
    "Kb8",
    "Kg8",
    "Rb6",
    "Kg7",
    "Rb7+",
    "Kg8",
    "Rc7",
    "Rb1+",
    "Kc8",
    "Rb3",
    "Kd7",
    "Rxf3",
    "Ke6",
    "Rf4",
    "h6",
    "Kh8",
    "Rb7",
    "Kg8",
    "Rg7+",
    "Kh8",
    "Kf7",
    "Rxe4",
    "Kg6",
    "Ra4",
    "Rh7+"
  ],
  "statePieceCount": 15,
  "endPieceCount": 9,
  "boardState": [
    {
      "square": "e8",
      "type": "r",
      "color": "b"
    },
    {
      "square": "g8",
      "type": "k",
      "color": "b"
    },
    {
      "square": "a7",
      "type": "p",
      "color": "b"
    },
    {
      "square": "d7",
      "type": "r",
      "color": "w"
    },
    {
      "square": "f7",
      "type": "p",
      "color": "b"
    },
    {
      "square": "g7",
      "type": "p",
      "color": "b"
    },
    {
      "square": "e6",
      "type": "q",
      "color": "b"
    },
    {
      "square": "c5",
      "type": "r",
      "color": "w"
    },
    {
      "square": "e5",
      "type": "p",
      "color": "b"
    },
    {
      "square": "e4",
      "type": "p",
      "color": "w"
    },
    {
      "square": "h3",
      "type": "p",
      "color": "w"
    },
    {
      "square": "e2",
      "type": "q",
      "color": "w"
    },
    {
      "square": "f2",
      "type": "p",
      "color": "w"
    },
    {
      "square": "g2",
      "type": "p",
      "color": "w"
    },
    {
      "square": "g1",
      "type": "k",
      "color": "w"
    }
  ]
}