{
  "event": "Biel",
  "site": "Biel SUI",
  "date": "2018.07.27",
  "eventDate": "2018.07.22",
  "dateMillis": 1532620800000,
  "eventDateMillis": 1532188800000,
  "round": "6",
  "result": "1/2-1/2",
  "white": "David Navara",
  "black": "Magnus Carlsen",
  "isCarlsenWin": false,
  "isDraw": true,
  "isCarlsenBlack": true,
  "moves": [
    "Nxa3",
    "Rc5",
    "Kf7",
    "Nd4",
    "Ke7",
    "Rc3",
    "Nb1",
    "Rc7+",
    "Kd6",
    "Nb5+",
    "Kxd5",
    "Rc1",
    "a3",
    "Rxb1",
    "a2",
    "Nc3+",
    "Kd4",
    "Nxa2",
    "Rxa2",
    "Rb7",
    "Ke4",
    "Kg2",
    "g5",
    "Rxh7",
    "Kf5",
    "Rg7",
    "g4",
    "Rh7",
    "Kg6",
    "Rh4",
    "f5",
    "h3"
  ],
  "statePieceCount": 15,
  "endPieceCount": 9,
  "boardState": [
    {
      "square": "a8",
      "type": "r",
      "color": "b"
    },
    {
      "square": "g8",
      "type": "k",
      "color": "b"
    },
    {
      "square": "g7",
      "type": "p",
      "color": "b"
    },
    {
      "square": "h7",
      "type": "p",
      "color": "b"
    },
    {
      "square": "c6",
      "type": "n",
      "color": "w"
    },
    {
      "square": "f6",
      "type": "p",
      "color": "b"
    },
    {
      "square": "b5",
      "type": "r",
      "color": "w"
    },
    {
      "square": "d5",
      "type": "p",
      "color": "w"
    },
    {
      "square": "a4",
      "type": "p",
      "color": "b"
    },
    {
      "square": "c4",
      "type": "n",
      "color": "b"
    },
    {
      "square": "a3",
      "type": "p",
      "color": "w"
    },
    {
      "square": "g3",
      "type": "p",
      "color": "w"
    },
    {
      "square": "f2",
      "type": "p",
      "color": "w"
    },
    {
      "square": "h2",
      "type": "p",
      "color": "w"
    },
    {
      "square": "g1",
      "type": "k",
      "color": "w"
    }
  ],
  "nextTurn": "b"
}