{
  "event": "Biel",
  "site": "Biel SUI",
  "date": "2018.07.26",
  "eventDate": "2018.07.22",
  "dateMillis": 1532534400000,
  "eventDateMillis": 1532188800000,
  "round": "5",
  "result": "1/2-1/2",
  "white": "Magnus Carlsen",
  "black": "Shakhriyar Mamedyarov",
  "isCarlsenWin": false,
  "isDraw": true,
  "isCarlsenBlack": false,
  "moves": [
    "Qxd5",
    "Qc1",
    "f6",
    "Qc2",
    "e4",
    "Kf1",
    "Kf7",
    "Qa4",
    "Qd3+",
    "Kg1",
    "Kg8",
    "Qa2+",
    "Kh7",
    "Kh2",
    "Qd1",
    "Qa3",
    "Qd2",
    "Qe3",
    "Qd5",
    "Qc1",
    "Kg8",
    "Kg1",
    "Kf7",
    "Qa1",
    "Kg8",
    "Qc1",
    "Kf7",
    "Qb1",
    "Ne7",
    "Bxe7",
    "Kxe7",
    "Qb6",
    "Qd1+",
    "Kh2",
    "Qd4",
    "Qb7+",
    "Ke6",
    "Qc6+",
    "Ke7",
    "Kg2",
    "e3",
    "Qb7+",
    "Ke6",
    "Qc8+",
    "Kd5",
    "fxe3",
    "Qg4",
    "Qd8+"
  ],
  "statePieceCount": 15,
  "endPieceCount": 11,
  "boardState": [
    {
      "square": "g8",
      "type": "k",
      "color": "b"
    },
    {
      "square": "f7",
      "type": "p",
      "color": "b"
    },
    {
      "square": "g7",
      "type": "p",
      "color": "b"
    },
    {
      "square": "d6",
      "type": "b",
      "color": "w"
    },
    {
      "square": "g6",
      "type": "n",
      "color": "b"
    },
    {
      "square": "c5",
      "type": "p",
      "color": "w"
    },
    {
      "square": "d5",
      "type": "n",
      "color": "w"
    },
    {
      "square": "e5",
      "type": "p",
      "color": "b"
    },
    {
      "square": "h5",
      "type": "p",
      "color": "b"
    },
    {
      "square": "e4",
      "type": "q",
      "color": "b"
    },
    {
      "square": "h4",
      "type": "p",
      "color": "w"
    },
    {
      "square": "g3",
      "type": "p",
      "color": "w"
    },
    {
      "square": "f2",
      "type": "p",
      "color": "w"
    },
    {
      "square": "f1",
      "type": "q",
      "color": "w"
    },
    {
      "square": "g1",
      "type": "k",
      "color": "w"
    }
  ],
  "nextTurn": "b"
}