{
  "event": "Carlsen - Caruana World Championship Match",
  "site": "London ENG",
  "date": "2018.11.15",
  "eventDate": "2018.11.09",
  "dateMillis": 1542211200000,
  "eventDateMillis": 1541692800000,
  "round": "5",
  "result": "1/2-1/2",
  "white": "Fabiano Caruana",
  "black": "Magnus Carlsen",
  "isDingWin": false,
  "isDraw": true,
  "isDingBlack": true,
  "moves": [
    "Kf1",
    "h5",
    "h3",
    "Ke4",
    "Ng5+",
    "Kf5",
    "Nxf7",
    "Nxf7",
    "Rxf7+",
    "Bf6"
  ],
  "statePieceCount": 15,
  "endPieceCount": 12,
  "boardState": [
    {
      "square": "d8",
      "type": "n",
      "color": "b"
    },
    {
      "square": "c7",
      "type": "r",
      "color": "w"
    },
    {
      "square": "f7",
      "type": "p",
      "color": "b"
    },
    {
      "square": "g7",
      "type": "b",
      "color": "b"
    },
    {
      "square": "h7",
      "type": "p",
      "color": "b"
    },
    {
      "square": "g6",
      "type": "p",
      "color": "b"
    },
    {
      "square": "d5",
      "type": "r",
      "color": "b"
    },
    {
      "square": "e5",
      "type": "p",
      "color": "b"
    },
    {
      "square": "d3",
      "type": "k",
      "color": "b"
    },
    {
      "square": "e3",
      "type": "b",
      "color": "w"
    },
    {
      "square": "f3",
      "type": "n",
      "color": "w"
    },
    {
      "square": "f2",
      "type": "p",
      "color": "w"
    },
    {
      "square": "g2",
      "type": "p",
      "color": "w"
    },
    {
      "square": "h2",
      "type": "p",
      "color": "w"
    },
    {
      "square": "g1",
      "type": "k",
      "color": "w"
    }
  ]
}