{
  "event": "Carlsen - Caruana World Championship Match",
  "site": "London ENG",
  "date": "2018.11.21",
  "eventDate": "2018.11.09",
  "dateMillis": 1542729600000,
  "eventDateMillis": 1541692800000,
  "round": "9",
  "result": "1/2-1/2",
  "white": "Magnus Carlsen",
  "black": "Fabiano Caruana",
  "isCarlsenWin": false,
  "isDraw": true,
  "isCarlsenBlack": false,
  "moves": [
    "Kxg1",
    "Bd6",
    "Qa4",
    "f4",
    "Qxa7",
    "fxe3",
    "Qxe3",
    "Qxh4",
    "a4",
    "Qf6",
    "Bd1",
    "Qe5",
    "Qxe5+",
    "Bxe5",
    "a5",
    "Kg7",
    "a6",
    "Bd4",
    "Kg2",
    "Kf6",
    "f4",
    "Bb6",
    "Kf3",
    "h6",
    "Ke4",
    "Ba7",
    "Bg4",
    "Bg1",
    "Kd5",
    "Bb6",
    "Kc6",
    "Be3",
    "Kb7",
    "Bb6",
    "Bh3",
    "Be3",
    "Kc6",
    "Bb6",
    "Kd5",
    "Ba7",
    "Ke4",
    "Bb6",
    "Bf1",
    "Ke6",
    "Bc4+",
    "Kf6",
    "Bd3",
    "Ke6"
  ],
  "statePieceCount": 15,
  "endPieceCount": 8,
  "boardState": [
    {
      "square": "h8",
      "type": "k",
      "color": "b"
    },
    {
      "square": "a7",
      "type": "p",
      "color": "b"
    },
    {
      "square": "c7",
      "type": "p",
      "color": "b"
    },
    {
      "square": "h7",
      "type": "p",
      "color": "b"
    },
    {
      "square": "f6",
      "type": "q",
      "color": "b"
    },
    {
      "square": "c5",
      "type": "b",
      "color": "b"
    },
    {
      "square": "f5",
      "type": "p",
      "color": "b"
    },
    {
      "square": "f4",
      "type": "q",
      "color": "w"
    },
    {
      "square": "h4",
      "type": "p",
      "color": "w"
    },
    {
      "square": "e3",
      "type": "p",
      "color": "w"
    },
    {
      "square": "f3",
      "type": "b",
      "color": "w"
    },
    {
      "square": "a2",
      "type": "p",
      "color": "w"
    },
    {
      "square": "f2",
      "type": "p",
      "color": "w"
    },
    {
      "square": "g1",
      "type": "r",
      "color": "b"
    },
    {
      "square": "h1",
      "type": "k",
      "color": "w"
    }
  ],
  "nextTurn": "w"
}