{
  "event": "Carlsen - Caruana World Championship Match",
  "site": "London ENG",
  "date": "2018.11.24",
  "eventDate": "2018.11.09",
  "dateMillis": 1542988800000,
  "eventDateMillis": 1541692800000,
  "round": "11",
  "result": "1/2-1/2",
  "white": "Magnus Carlsen",
  "black": "Fabiano Caruana",
  "isCarlsenWin": false,
  "isDraw": true,
  "isCarlsenBlack": false,
  "moves": [
    "h5",
    "Ke3",
    "Kd7",
    "Kd4",
    "g6",
    "g3",
    "Be2",
    "Bf8",
    "Kc6",
    "b3",
    "Bd1",
    "Kd3",
    "Bg4",
    "c4",
    "Be6",
    "Kd4",
    "bxc4",
    "bxc4",
    "Bg4",
    "c5",
    "Be6",
    "Bh6",
    "Bd5",
    "Be3",
    "Be6",
    "Ke5",
    "Bd5",
    "Kf4",
    "Be6",
    "Kg5",
    "Bd5",
    "g4",
    "hxg4",
    "Kxg4",
    "Ba2",
    "Kg5",
    "Bb3",
    "Kf6",
    "Ba2",
    "h4",
    "Bb3",
    "f4",
    "Ba2",
    "Ke7",
    "Bb3",
    "Kf6",
    "Ba2",
    "f5",
    "Bb1",
    "Bf2",
    "Bc2"
  ],
  "statePieceCount": 15,
  "endPieceCount": 11,
  "boardState": [
    {
      "square": "e8",
      "type": "k",
      "color": "b"
    },
    {
      "square": "f7",
      "type": "p",
      "color": "b"
    },
    {
      "square": "g7",
      "type": "p",
      "color": "b"
    },
    {
      "square": "a6",
      "type": "p",
      "color": "b"
    },
    {
      "square": "h6",
      "type": "p",
      "color": "b"
    },
    {
      "square": "b5",
      "type": "p",
      "color": "b"
    },
    {
      "square": "c5",
      "type": "b",
      "color": "w"
    },
    {
      "square": "c4",
      "type": "b",
      "color": "b"
    },
    {
      "square": "a3",
      "type": "p",
      "color": "w"
    },
    {
      "square": "b2",
      "type": "p",
      "color": "w"
    },
    {
      "square": "c2",
      "type": "p",
      "color": "w"
    },
    {
      "square": "d2",
      "type": "k",
      "color": "w"
    },
    {
      "square": "f2",
      "type": "p",
      "color": "w"
    },
    {
      "square": "g2",
      "type": "p",
      "color": "w"
    },
    {
      "square": "h2",
      "type": "p",
      "color": "w"
    }
  ],
  "nextTurn": "b"
}