{
  "event": "Carlsen - Caruana World Championship Match",
  "site": "London ENG",
  "date": "2018.11.28",
  "eventDate": "2018.11.09",
  "dateMillis": 1543334400000,
  "eventDateMillis": 1541692800000,
  "round": "13.3",
  "result": "1-0",
  "white": "Magnus Carlsen",
  "black": "Fabiano Caruana",
  "isDingWin": true,
  "isDraw": false,
  "isDingBlack": false,
  "moves": [
    "exf5",
    "Qe3",
    "Ne6",
    "b4",
    "Ng5",
    "c5",
    "Qf6",
    "c6",
    "Ne6",
    "a4",
    "Nc7",
    "Qf4",
    "Ne6",
    "Qd6",
    "Qa1+",
    "Kh2",
    "Nd4",
    "c7",
    "Qc3",
    "Qc5",
    "Qe3",
    "c8=Q",
    "f4",
    "Qg4"
  ],
  "statePieceCount": 15,
  "endPieceCount": 14,
  "boardState": [
    {
      "square": "g7",
      "type": "p",
      "color": "b"
    },
    {
      "square": "h7",
      "type": "k",
      "color": "b"
    },
    {
      "square": "a6",
      "type": "p",
      "color": "b"
    },
    {
      "square": "d6",
      "type": "q",
      "color": "b"
    },
    {
      "square": "e6",
      "type": "p",
      "color": "b"
    },
    {
      "square": "h6",
      "type": "p",
      "color": "b"
    },
    {
      "square": "f5",
      "type": "p",
      "color": "w"
    },
    {
      "square": "c4",
      "type": "p",
      "color": "w"
    },
    {
      "square": "d4",
      "type": "n",
      "color": "b"
    },
    {
      "square": "e4",
      "type": "q",
      "color": "w"
    },
    {
      "square": "b3",
      "type": "p",
      "color": "w"
    },
    {
      "square": "h3",
      "type": "p",
      "color": "w"
    },
    {
      "square": "a2",
      "type": "p",
      "color": "w"
    },
    {
      "square": "g2",
      "type": "b",
      "color": "w"
    },
    {
      "square": "h1",
      "type": "k",
      "color": "w"
    }
  ]
}