{
  "event": "World Rapid Championship",
  "site": "St Petersburg RUS",
  "date": "2018.12.27",
  "eventDate": "2018.12.26",
  "dateMillis": 1545840000000,
  "eventDateMillis": 1545753600000,
  "round": "9.1",
  "result": "0-1",
  "white": "Hrant Melkumyan",
  "black": "Magnus Carlsen",
  "isCarlsenWin": true,
  "isDraw": false,
  "isCarlsenBlack": true,
  "moves": [
    "Rd2",
    "Rb3",
    "e4",
    "c3",
    "Rb6+",
    "Kg7",
    "exf5",
    "cxd2",
    "Ke2",
    "g5",
    "b5",
    "Rd3",
    "Kd1",
    "Rd5",
    "Rb7",
    "Kf6",
    "b6",
    "Rd6",
    "Rb8",
    "Kxf5",
    "b7",
    "Rd7",
    "Rf8",
    "Rxb7",
    "Kxd2",
    "Kf4",
    "Ke2",
    "Kg3",
    "Rg8",
    "f6",
    "Rg6",
    "Rb6",
    "f4",
    "Kxf4",
    "Kf2",
    "Rb2+",
    "Kf1",
    "Kg3",
    "Rxf6",
    "Rxg2"
  ],
  "statePieceCount": 15,
  "endPieceCount": 7,
  "boardState": [
    {
      "square": "f7",
      "type": "p",
      "color": "b"
    },
    {
      "square": "f6",
      "type": "k",
      "color": "b"
    },
    {
      "square": "g6",
      "type": "p",
      "color": "b"
    },
    {
      "square": "b5",
      "type": "r",
      "color": "w"
    },
    {
      "square": "f5",
      "type": "n",
      "color": "b"
    },
    {
      "square": "b4",
      "type": "p",
      "color": "w"
    },
    {
      "square": "c4",
      "type": "p",
      "color": "b"
    },
    {
      "square": "h4",
      "type": "p",
      "color": "b"
    },
    {
      "square": "a3",
      "type": "r",
      "color": "b"
    },
    {
      "square": "e3",
      "type": "p",
      "color": "w"
    },
    {
      "square": "f3",
      "type": "p",
      "color": "w"
    },
    {
      "square": "h3",
      "type": "p",
      "color": "w"
    },
    {
      "square": "f2",
      "type": "k",
      "color": "w"
    },
    {
      "square": "g2",
      "type": "p",
      "color": "w"
    },
    {
      "square": "d1",
      "type": "r",
      "color": "w"
    }
  ],
  "nextTurn": "w"
}