{
  "event": "World Blitz Championship",
  "site": "St Petersburg RUS",
  "date": "2018.12.29",
  "eventDate": "2018.??.??",
  "dateMillis": 1546012800000,
  "eventDateMillis": null,
  "round": "9.1",
  "result": "1/2-1/2",
  "white": "Dmitry Andreikin",
  "black": "Magnus Carlsen",
  "isCarlsenWin": false,
  "isDraw": true,
  "isCarlsenBlack": true,
  "moves": [
    "Rd6+",
    "Kxc5",
    "Rxd7",
    "Rb8",
    "Rd3",
    "Rb6",
    "g3",
    "Re6",
    "gxf4",
    "gxf4",
    "Rc3+",
    "Kb4",
    "Rc4+",
    "Kxb3",
    "Rxf4",
    "Rb6",
    "Rh4",
    "Ka3",
    "Re4",
    "Rb2+",
    "Ke3",
    "h5",
    "h4",
    "Rb3+",
    "Ke2",
    "Rb2+",
    "Ke3",
    "Rb3+",
    "Kf2",
    "Rc3",
    "f4",
    "Rc5",
    "Ke3",
    "Kb3",
    "Rd4",
    "Kc3",
    "Ke4",
    "Rc8",
    "Rd3+",
    "Kb4",
    "Rd4+",
    "Kc3",
    "Rd3+",
    "Kb4",
    "f5",
    "Kxa4",
    "f6",
    "Kb4",
    "Kf5",
    "a4",
    "f7",
    "a3",
    "Kg6",
    "a2",
    "Rd1",
    "Kb3",
    "Ra1",
    "Kb2",
    "Rxa2+",
    "Kxa2",
    "Kxh5",
    "Kb3",
    "Kg6",
    "Kc4",
    "Kg7",
    "Kd5",
    "h5",
    "Ke6",
    "f8=Q",
    "Rxf8",
    "Kxf8",
    "Kf6",
    "h6",
    "Kg6"
  ],
  "statePieceCount": 15,
  "endPieceCount": 3,
  "boardState": [
    {
      "square": "a8",
      "type": "r",
      "color": "b"
    },
    {
      "square": "d7",
      "type": "b",
      "color": "b"
    },
    {
      "square": "b6",
      "type": "r",
      "color": "w"
    },
    {
      "square": "h6",
      "type": "p",
      "color": "b"
    },
    {
      "square": "a5",
      "type": "p",
      "color": "b"
    },
    {
      "square": "c5",
      "type": "p",
      "color": "w"
    },
    {
      "square": "d5",
      "type": "k",
      "color": "b"
    },
    {
      "square": "g5",
      "type": "p",
      "color": "b"
    },
    {
      "square": "a4",
      "type": "p",
      "color": "w"
    },
    {
      "square": "f4",
      "type": "p",
      "color": "b"
    },
    {
      "square": "b3",
      "type": "p",
      "color": "w"
    },
    {
      "square": "f3",
      "type": "p",
      "color": "w"
    },
    {
      "square": "h3",
      "type": "p",
      "color": "w"
    },
    {
      "square": "f2",
      "type": "k",
      "color": "w"
    },
    {
      "square": "g2",
      "type": "p",
      "color": "w"
    }
  ],
  "nextTurn": "w"
}