{
  "event": "World Blitz Championship",
  "site": "St Petersburg RUS",
  "date": "2018.12.30",
  "eventDate": "2018.12.29",
  "dateMillis": 1546099200000,
  "eventDateMillis": 1546012800000,
  "round": "16.1",
  "result": "0-1",
  "white": "Saveliy Golubov",
  "black": "Magnus Carlsen",
  "isDingWin": true,
  "isDraw": false,
  "isDingBlack": true,
  "moves": [
    "bxa5",
    "bxa5",
    "f4",
    "Ke7",
    "Kf3",
    "Kd6",
    "Be8",
    "Nb1",
    "a4",
    "Nc3",
    "Ke3",
    "Nd5+",
    "Kf3",
    "Nc7",
    "Bh5",
    "Kc5",
    "Ke3",
    "Nd5+",
    "Kf3",
    "Kb4",
    "Be8",
    "Nb6",
    "Bf7",
    "Nxa4",
    "Bxe6",
    "Nc5",
    "Bxf5",
    "a4",
    "Bb1",
    "a3",
    "Ba2",
    "Kc3",
    "f5",
    "Kb2",
    "Bd5",
    "Nb3"
  ],
  "statePieceCount": 15,
  "endPieceCount": 10,
  "boardState": [
    {
      "square": "f7",
      "type": "k",
      "color": "b"
    },
    {
      "square": "g7",
      "type": "p",
      "color": "b"
    },
    {
      "square": "b6",
      "type": "p",
      "color": "b"
    },
    {
      "square": "c6",
      "type": "b",
      "color": "w"
    },
    {
      "square": "e6",
      "type": "p",
      "color": "b"
    },
    {
      "square": "h6",
      "type": "p",
      "color": "b"
    },
    {
      "square": "a5",
      "type": "p",
      "color": "b"
    },
    {
      "square": "f5",
      "type": "p",
      "color": "b"
    },
    {
      "square": "b4",
      "type": "p",
      "color": "w"
    },
    {
      "square": "h4",
      "type": "p",
      "color": "w"
    },
    {
      "square": "a3",
      "type": "p",
      "color": "w"
    },
    {
      "square": "c3",
      "type": "n",
      "color": "b"
    },
    {
      "square": "f3",
      "type": "p",
      "color": "w"
    },
    {
      "square": "f2",
      "type": "p",
      "color": "w"
    },
    {
      "square": "g2",
      "type": "k",
      "color": "w"
    }
  ]
}