{
  "event": "Tata Steel Masters",
  "site": "Wijk aan Zee NED",
  "date": "2019.01.27",
  "dateMillis": 1548518400000,
  "eventDateMillis": null,
  "round": "13",
  "result": "1/2-1/2",
  "white": "Anish Giri",
  "black": "Magnus Carlsen",
  "isCarlsenWin": false,
  "isDraw": true,
  "isCarlsenBlack": true,
  "moves": [
    "Qf8",
    "Qxe5+"
  ],
  "statePieceCount": 15,
  "endPieceCount": 14,
  "boardState": [
    {
      "square": "b8",
      "type": "r",
      "color": "b"
    },
    {
      "square": "c8",
      "type": "q",
      "color": "b"
    },
    {
      "square": "h8",
      "type": "k",
      "color": "b"
    },
    {
      "square": "h7",
      "type": "p",
      "color": "b"
    },
    {
      "square": "d6",
      "type": "q",
      "color": "w"
    },
    {
      "square": "g6",
      "type": "p",
      "color": "b"
    },
    {
      "square": "e5",
      "type": "p",
      "color": "b"
    },
    {
      "square": "b4",
      "type": "r",
      "color": "b"
    },
    {
      "square": "d3",
      "type": "b",
      "color": "w"
    },
    {
      "square": "b2",
      "type": "p",
      "color": "w"
    },
    {
      "square": "f2",
      "type": "p",
      "color": "w"
    },
    {
      "square": "g2",
      "type": "p",
      "color": "w"
    },
    {
      "square": "h2",
      "type": "p",
      "color": "w"
    },
    {
      "square": "f1",
      "type": "r",
      "color": "w"
    },
    {
      "square": "g1",
      "type": "k",
      "color": "w"
    }
  ],
  "nextTurn": "b"
}