{
  "event": "Tata Steel Masters",
  "site": "Wijk aan Zee NED",
  "date": "2019.01.19",
  "dateMillis": 1547827200000,
  "eventDateMillis": null,
  "round": "7",
  "result": "1/2-1/2",
  "white": "Vladimir Fedoseev",
  "black": "Magnus Carlsen",
  "isCarlsenWin": false,
  "isDraw": true,
  "isCarlsenBlack": true,
  "moves": [
    "Rxa6",
    "Rxb3",
    "Rd1",
    "Rb4",
    "Rd7",
    "Kg7",
    "Raa7",
    "Rf5",
    "f3",
    "Rb2",
    "e4",
    "Rf4",
    "e5",
    "Re2",
    "Re7",
    "Rf5",
    "e6",
    "Kf8",
    "Rxf7+",
    "Rxf7",
    "Rxf7+",
    "Kg8",
    "Re7",
    "Kf8",
    "Rf7+",
    "Kg8",
    "h5",
    "gxh5",
    "Rf5",
    "Rxe6",
    "Rxh5",
    "Kg7",
    "Kf2",
    "Ra6",
    "g4",
    "Ra2+",
    "Kg3",
    "Ra3",
    "Rd5",
    "Kf6",
    "Kf4",
    "Ra4+",
    "Ke3",
    "Ra1",
    "f4",
    "Rg1",
    "Rd6+",
    "Kg7",
    "Kf3",
    "Re1",
    "Rb6",
    "Rg1",
    "Re6",
    "Ra1",
    "Ke4",
    "Ra4+",
    "Kf5",
    "Ra5+",
    "Re5",
    "Ra7",
    "Rd5",
    "Rf7+",
    "Ke4",
    "Re7+",
    "Kd4",
    "Re1",
    "Rd7+",
    "Kf6",
    "Rd6+",
    "Kg7",
    "Kd5",
    "Rg1",
    "Ke6",
    "Rxg4",
    "Rd7+",
    "Kg8",
    "f5",
    "Rf4",
    "Kf6",
    "Rf1",
    "Rd8+",
    "Kh7",
    "Rd7+",
    "Kg8",
    "Rd8+",
    "Kh7",
    "Rd7+"
  ],
  "statePieceCount": 15,
  "endPieceCount": 6,
  "boardState": [
    {
      "square": "g8",
      "type": "k",
      "color": "b"
    },
    {
      "square": "f7",
      "type": "p",
      "color": "b"
    },
    {
      "square": "a6",
      "type": "p",
      "color": "b"
    },
    {
      "square": "g6",
      "type": "p",
      "color": "b"
    },
    {
      "square": "h6",
      "type": "p",
      "color": "b"
    },
    {
      "square": "e5",
      "type": "r",
      "color": "b"
    },
    {
      "square": "b4",
      "type": "r",
      "color": "b"
    },
    {
      "square": "h4",
      "type": "p",
      "color": "w"
    },
    {
      "square": "b3",
      "type": "p",
      "color": "w"
    },
    {
      "square": "e3",
      "type": "p",
      "color": "w"
    },
    {
      "square": "a2",
      "type": "r",
      "color": "w"
    },
    {
      "square": "f2",
      "type": "p",
      "color": "w"
    },
    {
      "square": "g2",
      "type": "p",
      "color": "w"
    },
    {
      "square": "f1",
      "type": "r",
      "color": "w"
    },
    {
      "square": "g1",
      "type": "k",
      "color": "w"
    }
  ],
  "nextTurn": "w"
}