{
  "event": "Tata Steel Masters",
  "site": "Wijk aan Zee NED",
  "date": "2019.01.26",
  "dateMillis": 1548432000000,
  "eventDateMillis": null,
  "round": "12",
  "result": "1-0",
  "white": "Magnus Carlsen",
  "black": "Jan-Krzysztof Duda",
  "isCarlsenWin": true,
  "isDraw": false,
  "isCarlsenBlack": false,
  "moves": [
    "Bxf3",
    "Rxf3",
    "Rd8",
    "Rf2",
    "Rb4",
    "Bb5",
    "Ra8",
    "a4",
    "c6",
    "Be2",
    "Ra5",
    "Rf3",
    "f5",
    "Kf2",
    "Rc5",
    "Bd1",
    "e5",
    "Ne2",
    "Kf6",
    "Ra3",
    "Rb1",
    "Ke1",
    "e4",
    "g3",
    "Ke5",
    "h4",
    "Ra5",
    "h5",
    "c5",
    "Kd2",
    "c4",
    "Kc2",
    "Rb8",
    "Kc3",
    "Rb1",
    "Kc2",
    "Rb8",
    "Kc1",
    "Rb6",
    "Bc2",
    "Rd6",
    "Nf4",
    "Rc5",
    "Re3",
    "Kd4",
    "Re1",
    "Rh6",
    "Kd2",
    "Re5",
    "Ne2+",
    "Kc5",
    "Rh1",
    "Re8",
    "Kc3",
    "Rg8",
    "Rb1",
    "Rxh5",
    "Bxe4",
    "Re8",
    "Nf4",
    "Rg5",
    "Rb5+",
    "Kd6",
    "Bxf5",
    "Rxg3+",
    "Kd4",
    "Rg1",
    "Rb6+",
    "Ke7",
    "Ng6+",
    "Kf7",
    "Ne5+",
    "Kg8",
    "Nxc4",
    "Ra8",
    "a5",
    "Ra1",
    "Rb5",
    "Ra7",
    "Be4",
    "Rc7",
    "Rf5",
    "Kg7",
    "Bc2",
    "Rc1",
    "Kc3",
    "Rf7",
    "Rxf7+",
    "Kxf7",
    "Na3"
  ],
  "statePieceCount": 15,
  "endPieceCount": 6,
  "boardState": [
    {
      "square": "g8",
      "type": "r",
      "color": "b"
    },
    {
      "square": "c7",
      "type": "p",
      "color": "b"
    },
    {
      "square": "f7",
      "type": "p",
      "color": "b"
    },
    {
      "square": "g7",
      "type": "k",
      "color": "b"
    },
    {
      "square": "c6",
      "type": "b",
      "color": "b"
    },
    {
      "square": "e6",
      "type": "p",
      "color": "b"
    },
    {
      "square": "f6",
      "type": "r",
      "color": "w"
    },
    {
      "square": "c4",
      "type": "b",
      "color": "w"
    },
    {
      "square": "c3",
      "type": "n",
      "color": "w"
    },
    {
      "square": "f3",
      "type": "r",
      "color": "w"
    },
    {
      "square": "a2",
      "type": "p",
      "color": "w"
    },
    {
      "square": "b2",
      "type": "r",
      "color": "b"
    },
    {
      "square": "g2",
      "type": "p",
      "color": "w"
    },
    {
      "square": "h2",
      "type": "p",
      "color": "w"
    },
    {
      "square": "g1",
      "type": "k",
      "color": "w"
    }
  ],
  "nextTurn": "b"
}