{
  "event": "Tata Steel Masters",
  "site": "Wijk aan Zee NED",
  "date": "2019.01.18",
  "dateMillis": 1547740800000,
  "eventDateMillis": null,
  "round": "6",
  "result": "1-0",
  "white": "Magnus Carlsen",
  "black": "Shakhriyar Mamedyarov",
  "isDingWin": true,
  "isDraw": false,
  "isDingBlack": false,
  "moves": [
    "Nxd3",
    "e5",
    "Bb7",
    "e4",
    "Nc5",
    "Ke5",
    "a6",
    "Ra2",
    "Bc6",
    "h5",
    "Bxb5",
    "g4",
    "hxg4",
    "hxg4",
    "Bc4",
    "Ra1+",
    "Kh2",
    "f4",
    "b5",
    "f3",
    "b6",
    "Kf4",
    "Nxe4"
  ],
  "statePieceCount": 15,
  "endPieceCount": 10,
  "boardState": [
    {
      "square": "e6",
      "type": "p",
      "color": "b"
    },
    {
      "square": "f6",
      "type": "k",
      "color": "b"
    },
    {
      "square": "h6",
      "type": "p",
      "color": "b"
    },
    {
      "square": "a5",
      "type": "p",
      "color": "w"
    },
    {
      "square": "b5",
      "type": "p",
      "color": "b"
    },
    {
      "square": "c5",
      "type": "n",
      "color": "w"
    },
    {
      "square": "f5",
      "type": "p",
      "color": "b"
    },
    {
      "square": "g5",
      "type": "p",
      "color": "b"
    },
    {
      "square": "b4",
      "type": "p",
      "color": "w"
    },
    {
      "square": "d3",
      "type": "r",
      "color": "b"
    },
    {
      "square": "f3",
      "type": "b",
      "color": "w"
    },
    {
      "square": "h3",
      "type": "p",
      "color": "w"
    },
    {
      "square": "c2",
      "type": "r",
      "color": "b"
    },
    {
      "square": "g2",
      "type": "p",
      "color": "w"
    },
    {
      "square": "g1",
      "type": "k",
      "color": "w"
    }
  ]
}