{
  "event": "Gashimov Memorial",
  "site": "Shamkir AZE",
  "date": "2019.04.07",
  "eventDate": "2019.03.31",
  "dateMillis": 1554566400000,
  "eventDateMillis": 1553961600000,
  "round": "7.3",
  "result": "1-0",
  "white": "Magnus Carlsen",
  "black": "Anish Giri",
  "isDingWin": true,
  "isDraw": false,
  "isDingBlack": false,
  "moves": [
    "Rxg6+",
    "Kh7",
    "Rc6",
    "Bg4",
    "Rf4",
    "Rg7"
  ],
  "statePieceCount": 15,
  "endPieceCount": 14,
  "boardState": [
    {
      "square": "c8",
      "type": "b",
      "color": "b"
    },
    {
      "square": "e8",
      "type": "b",
      "color": "w"
    },
    {
      "square": "a7",
      "type": "r",
      "color": "b"
    },
    {
      "square": "g7",
      "type": "k",
      "color": "b"
    },
    {
      "square": "g6",
      "type": "p",
      "color": "b"
    },
    {
      "square": "h6",
      "type": "p",
      "color": "b"
    },
    {
      "square": "d5",
      "type": "p",
      "color": "w"
    },
    {
      "square": "a4",
      "type": "p",
      "color": "b"
    },
    {
      "square": "b4",
      "type": "p",
      "color": "b"
    },
    {
      "square": "h4",
      "type": "b",
      "color": "b"
    },
    {
      "square": "a3",
      "type": "p",
      "color": "w"
    },
    {
      "square": "f3",
      "type": "r",
      "color": "w"
    },
    {
      "square": "b2",
      "type": "p",
      "color": "w"
    },
    {
      "square": "g1",
      "type": "r",
      "color": "w"
    },
    {
      "square": "h1",
      "type": "k",
      "color": "w"
    }
  ]
}