{
  "event": "GRENKE Chess Classic",
  "site": "Karlsruhe GER",
  "date": "2019.04.20",
  "eventDate": "2019.04.20",
  "dateMillis": 1555689600000,
  "eventDateMillis": 1555689600000,
  "round": "1",
  "result": "0-1",
  "white": "Vincent Keymer",
  "black": "Magnus Carlsen",
  "isDingWin": true,
  "isDraw": false,
  "isDingBlack": true,
  "moves": [
    "Nxc3",
    "Bf2",
    "Ne2",
    "Ka4",
    "Nxh5",
    "Ka5",
    "Nf6",
    "Kb6",
    "Kf7",
    "Kc7",
    "Ke7",
    "Be3",
    "Nd4",
    "Bg6",
    "h5",
    "Bf2",
    "Nf3",
    "Bf5",
    "Nd2",
    "Bh4",
    "e3",
    "Bd3",
    "Nf3",
    "Bxf6+",
    "Kxf6",
    "Kxd6",
    "h4",
    "Kc7",
    "Nd4",
    "Kc8",
    "e2"
  ],
  "statePieceCount": 15,
  "endPieceCount": 10,
  "boardState": [
    {
      "square": "g7",
      "type": "k",
      "color": "b"
    },
    {
      "square": "d6",
      "type": "p",
      "color": "b"
    },
    {
      "square": "f6",
      "type": "n",
      "color": "b"
    },
    {
      "square": "h6",
      "type": "p",
      "color": "b"
    },
    {
      "square": "c5",
      "type": "p",
      "color": "b"
    },
    {
      "square": "d5",
      "type": "p",
      "color": "w"
    },
    {
      "square": "f5",
      "type": "b",
      "color": "w"
    },
    {
      "square": "h5",
      "type": "p",
      "color": "w"
    },
    {
      "square": "a4",
      "type": "n",
      "color": "b"
    },
    {
      "square": "c4",
      "type": "p",
      "color": "w"
    },
    {
      "square": "e4",
      "type": "p",
      "color": "b"
    },
    {
      "square": "f4",
      "type": "p",
      "color": "w"
    },
    {
      "square": "h4",
      "type": "b",
      "color": "w"
    },
    {
      "square": "a3",
      "type": "k",
      "color": "w"
    },
    {
      "square": "c3",
      "type": "p",
      "color": "w"
    }
  ]
}