{
  "event": "GRENKE Chess Classic",
  "site": "Baden-Baden GER",
  "date": "2019.04.26",
  "eventDate": "2019.04.20",
  "dateMillis": 1556208000000,
  "eventDateMillis": 1555689600000,
  "round": "6",
  "result": "0-1",
  "white": "Georg Meier",
  "black": "Magnus Carlsen",
  "isDingWin": true,
  "isDraw": false,
  "isDingBlack": true,
  "moves": [
    "Qb2",
    "h5",
    "h4",
    "Ba5",
    "Qb8+",
    "Nf8",
    "Qa8",
    "Bc3",
    "Qc6",
    "Qc1",
    "Qd5",
    "Ne6",
    "Qc4",
    "Ba5",
    "Qd5",
    "Bb4",
    "Qb5",
    "Qc3",
    "Qd5",
    "Qc1",
    "Qb5",
    "Bc3",
    "Qa4",
    "Bd4",
    "Nd1",
    "Kg7",
    "Kf3",
    "Bf6",
    "Ke2",
    "Nd4+",
    "Kd3",
    "Qb1+",
    "Kxd2",
    "Qe4"
  ],
  "statePieceCount": 15,
  "endPieceCount": 14,
  "boardState": [
    {
      "square": "g8",
      "type": "k",
      "color": "b"
    },
    {
      "square": "f7",
      "type": "p",
      "color": "b"
    },
    {
      "square": "h7",
      "type": "p",
      "color": "b"
    },
    {
      "square": "e6",
      "type": "n",
      "color": "b"
    },
    {
      "square": "g6",
      "type": "p",
      "color": "b"
    },
    {
      "square": "b4",
      "type": "b",
      "color": "b"
    },
    {
      "square": "b3",
      "type": "q",
      "color": "w"
    },
    {
      "square": "e3",
      "type": "n",
      "color": "w"
    },
    {
      "square": "g3",
      "type": "p",
      "color": "w"
    },
    {
      "square": "d2",
      "type": "p",
      "color": "b"
    },
    {
      "square": "f2",
      "type": "p",
      "color": "w"
    },
    {
      "square": "g2",
      "type": "k",
      "color": "w"
    },
    {
      "square": "h2",
      "type": "p",
      "color": "w"
    },
    {
      "square": "e1",
      "type": "q",
      "color": "b"
    },
    {
      "square": "f1",
      "type": "n",
      "color": "w"
    }
  ]
}