{
  "event": "Grand Chess Tour Cote d�Ivoire (Rapid & Blitz)",
  "site": "Abidjan CIV",
  "date": "2019.05.12",
  "eventDate": "2019.05.11",
  "dateMillis": 1557590400000,
  "eventDateMillis": 1557504000000,
  "round": "16.1",
  "result": "1/2-1/2",
  "white": "Magnus Carlsen",
  "black": "Wesley So",
  "isCarlsenWin": false,
  "isDraw": true,
  "isCarlsenBlack": false,
  "moves": [
    "Bxf5",
    "Kf6",
    "Bc2",
    "Rd4",
    "Rb4",
    "Nc5",
    "Kf3",
    "Ke6",
    "Ke3",
    "Kd5",
    "Rb6",
    "Rc4",
    "Bd1",
    "Rc1",
    "Be2",
    "Rc2",
    "Bd1",
    "Rc1",
    "Kd2",
    "Ra1",
    "Rb4",
    "Ne4+",
    "Ke2",
    "Nxf2",
    "Bxa4",
    "Nh1",
    "Bb3+",
    "Kd6",
    "g4",
    "f5",
    "gxf5",
    "Ng3+",
    "Kf3",
    "Nxf5",
    "Kg4",
    "Nd4",
    "Kxg5",
    "Rg1+",
    "Kh4",
    "Nxb3",
    "Rxb3",
    "e4",
    "Rg3",
    "Rb1",
    "Rb3",
    "Rg1",
    "a4",
    "Ra1",
    "Rb4",
    "e3",
    "Re4",
    "e2",
    "Rxe2",
    "Rxa4+",
    "Kg3",
    "Kc5"
  ],
  "statePieceCount": 15,
  "endPieceCount": 5,
  "boardState": [
    {
      "square": "d7",
      "type": "r",
      "color": "b"
    },
    {
      "square": "e7",
      "type": "k",
      "color": "b"
    },
    {
      "square": "f7",
      "type": "p",
      "color": "b"
    },
    {
      "square": "e6",
      "type": "n",
      "color": "b"
    },
    {
      "square": "b5",
      "type": "r",
      "color": "w"
    },
    {
      "square": "e5",
      "type": "p",
      "color": "b"
    },
    {
      "square": "f5",
      "type": "q",
      "color": "b"
    },
    {
      "square": "g5",
      "type": "p",
      "color": "b"
    },
    {
      "square": "a4",
      "type": "p",
      "color": "b"
    },
    {
      "square": "e4",
      "type": "b",
      "color": "w"
    },
    {
      "square": "a3",
      "type": "p",
      "color": "w"
    },
    {
      "square": "g3",
      "type": "p",
      "color": "w"
    },
    {
      "square": "b2",
      "type": "p",
      "color": "w"
    },
    {
      "square": "f2",
      "type": "p",
      "color": "w"
    },
    {
      "square": "g2",
      "type": "k",
      "color": "w"
    }
  ],
  "nextTurn": "w"
}