{
  "event": "Grand Chess Tour Cote d�Ivoire (Rapid & Blitz)",
  "site": "Abidjan CIV",
  "date": "2019.05.11",
  "eventDate": "2019.05.11",
  "dateMillis": 1557504000000,
  "eventDateMillis": 1557504000000,
  "round": "6.4",
  "result": "1/2-1/2",
  "white": "Magnus Carlsen",
  "black": "Ian Nepomniachtchi",
  "isCarlsenWin": false,
  "isDraw": true,
  "isCarlsenBlack": false,
  "moves": [
    "Rb7+",
    "Ke6",
    "a4",
    "Bd8",
    "Kg2",
    "h5",
    "Kf3",
    "Bf6",
    "Rb6+",
    "Kf5",
    "Rb7",
    "Ke6",
    "a5",
    "Bxc3",
    "a6",
    "Ba5",
    "Ke2",
    "c3",
    "Kd3",
    "Rd8+",
    "Kc2",
    "Rd6",
    "Rb3",
    "Rxa6",
    "Bd4",
    "Rd6",
    "Bxc3",
    "Rc6",
    "Kd3",
    "Bxc3",
    "Rxc3",
    "Rxc3+",
    "Kxc3",
    "Kf5",
    "f3",
    "g5",
    "Kd4",
    "Ke6",
    "Ke4",
    "f6",
    "h4",
    "f5+",
    "Ke3",
    "f4+",
    "gxf4",
    "gxh4"
  ],
  "statePieceCount": 15,
  "endPieceCount": 6,
  "boardState": [
    {
      "square": "a8",
      "type": "r",
      "color": "b"
    },
    {
      "square": "a7",
      "type": "b",
      "color": "w"
    },
    {
      "square": "d7",
      "type": "k",
      "color": "b"
    },
    {
      "square": "e7",
      "type": "b",
      "color": "b"
    },
    {
      "square": "f7",
      "type": "p",
      "color": "b"
    },
    {
      "square": "h7",
      "type": "p",
      "color": "b"
    },
    {
      "square": "g6",
      "type": "p",
      "color": "b"
    },
    {
      "square": "c4",
      "type": "p",
      "color": "b"
    },
    {
      "square": "c3",
      "type": "p",
      "color": "w"
    },
    {
      "square": "g3",
      "type": "p",
      "color": "w"
    },
    {
      "square": "a2",
      "type": "p",
      "color": "w"
    },
    {
      "square": "f2",
      "type": "p",
      "color": "w"
    },
    {
      "square": "h2",
      "type": "p",
      "color": "w"
    },
    {
      "square": "b1",
      "type": "r",
      "color": "w"
    },
    {
      "square": "g1",
      "type": "k",
      "color": "w"
    }
  ],
  "nextTurn": "w"
}