{
  "event": "Grand Chess Tour Cote d�Ivoire (Rapid & Blitz)",
  "site": "Abidjan CIV",
  "date": "2019.05.10",
  "eventDate": "2019.05.08",
  "dateMillis": 1557417600000,
  "eventDateMillis": 1557244800000,
  "round": "9",
  "result": "0-1",
  "white": "Wei Yi",
  "black": "Magnus Carlsen",
  "isCarlsenWin": true,
  "isDraw": false,
  "isCarlsenBlack": true,
  "moves": [
    "Rc1",
    "Qc4+",
    "Ke3",
    "Qc7",
    "f4",
    "Qe7+",
    "Kf2",
    "Qe4",
    "Re1",
    "Qd3",
    "Re2",
    "f6",
    "Ke1",
    "Kf7",
    "Re3",
    "Qb1+",
    "Kf2",
    "h5",
    "h3",
    "h4",
    "Be1",
    "Kg6",
    "Rf3",
    "Kf5",
    "Ke2",
    "Qe4+",
    "Kf1",
    "b4",
    "cxb4",
    "Qxd4",
    "Bxh4",
    "Qc4+",
    "Kg1",
    "Qxb4",
    "Kf1",
    "Qc4+",
    "Kg1",
    "Qe2",
    "Bf2",
    "d4",
    "Bxd4",
    "Qd1+",
    "Kh2",
    "Qxd4",
    "Rf1",
    "g6",
    "Rf3",
    "Qd2",
    "Rf1",
    "Ke4",
    "Rf3",
    "Qe2",
    "Rg3",
    "Qh5",
    "Rg4",
    "Ke3"
  ],
  "statePieceCount": 15,
  "endPieceCount": 9,
  "boardState": [
    {
      "square": "g8",
      "type": "k",
      "color": "b"
    },
    {
      "square": "f7",
      "type": "p",
      "color": "b"
    },
    {
      "square": "g7",
      "type": "p",
      "color": "b"
    },
    {
      "square": "h6",
      "type": "p",
      "color": "b"
    },
    {
      "square": "b5",
      "type": "p",
      "color": "b"
    },
    {
      "square": "d5",
      "type": "p",
      "color": "b"
    },
    {
      "square": "d4",
      "type": "p",
      "color": "w"
    },
    {
      "square": "b3",
      "type": "q",
      "color": "b"
    },
    {
      "square": "c3",
      "type": "p",
      "color": "w"
    },
    {
      "square": "d2",
      "type": "b",
      "color": "w"
    },
    {
      "square": "e2",
      "type": "k",
      "color": "w"
    },
    {
      "square": "f2",
      "type": "p",
      "color": "w"
    },
    {
      "square": "g2",
      "type": "p",
      "color": "w"
    },
    {
      "square": "h2",
      "type": "p",
      "color": "w"
    },
    {
      "square": "a1",
      "type": "r",
      "color": "w"
    }
  ],
  "nextTurn": "w"
}