{
  "event": "Lindores Abbey Stars",
  "site": "Newburgh SCO",
  "date": "2019.05.26",
  "eventDate": "2019.05.25",
  "dateMillis": 1558800000000,
  "eventDateMillis": 1558713600000,
  "round": "4.1",
  "result": "1/2-1/2",
  "white": "Viswanathan Anand",
  "black": "Magnus Carlsen",
  "isCarlsenWin": false,
  "isDraw": true,
  "isCarlsenBlack": true,
  "moves": [
    "cxd4",
    "g5",
    "g3",
    "Kg7",
    "f4",
    "gxf4",
    "gxf4",
    "Kf6",
    "Kf2",
    "Bc8",
    "h4",
    "Kf5",
    "Ke3",
    "h6",
    "Bf3",
    "Bd7",
    "Bd1",
    "Bc8",
    "Bf3",
    "Bd7",
    "Bd1"
  ],
  "statePieceCount": 15,
  "endPieceCount": 12,
  "boardState": [
    {
      "square": "g8",
      "type": "k",
      "color": "b"
    },
    {
      "square": "b7",
      "type": "b",
      "color": "b"
    },
    {
      "square": "c7",
      "type": "p",
      "color": "b"
    },
    {
      "square": "f7",
      "type": "p",
      "color": "b"
    },
    {
      "square": "h7",
      "type": "p",
      "color": "b"
    },
    {
      "square": "d6",
      "type": "p",
      "color": "b"
    },
    {
      "square": "g6",
      "type": "p",
      "color": "b"
    },
    {
      "square": "d4",
      "type": "b",
      "color": "b"
    },
    {
      "square": "c3",
      "type": "p",
      "color": "w"
    },
    {
      "square": "h3",
      "type": "p",
      "color": "w"
    },
    {
      "square": "b2",
      "type": "p",
      "color": "w"
    },
    {
      "square": "f2",
      "type": "p",
      "color": "w"
    },
    {
      "square": "g2",
      "type": "p",
      "color": "w"
    },
    {
      "square": "d1",
      "type": "b",
      "color": "w"
    },
    {
      "square": "g1",
      "type": "k",
      "color": "w"
    }
  ],
  "nextTurn": "w"
}