{
  "event": "Norway Chess (Blitz)",
  "site": "Stavanger NOR",
  "date": "2019.06.03",
  "eventDate": "2019.06.03",
  "dateMillis": 1559491200000,
  "eventDateMillis": 1559491200000,
  "round": "9.1",
  "result": "0-1",
  "white": "Magnus Carlsen",
  "black": "Maxime Vachier-Lagrave",
  "isCarlsenWin": false,
  "isDraw": false,
  "isCarlsenBlack": false,
  "moves": [
    "e7",
    "Qe8",
    "Qxd5+",
    "Kh8",
    "Qe5",
    "Rb6",
    "Qxe4",
    "Rf6"
  ],
  "statePieceCount": 15,
  "endPieceCount": 13,
  "boardState": [
    {
      "square": "b8",
      "type": "r",
      "color": "b"
    },
    {
      "square": "f8",
      "type": "q",
      "color": "b"
    },
    {
      "square": "g8",
      "type": "k",
      "color": "b"
    },
    {
      "square": "a7",
      "type": "p",
      "color": "b"
    },
    {
      "square": "d7",
      "type": "q",
      "color": "w"
    },
    {
      "square": "g7",
      "type": "p",
      "color": "b"
    },
    {
      "square": "h7",
      "type": "p",
      "color": "b"
    },
    {
      "square": "e6",
      "type": "p",
      "color": "w"
    },
    {
      "square": "d5",
      "type": "p",
      "color": "b"
    },
    {
      "square": "f5",
      "type": "p",
      "color": "w"
    },
    {
      "square": "e4",
      "type": "p",
      "color": "b"
    },
    {
      "square": "h3",
      "type": "p",
      "color": "w"
    },
    {
      "square": "c2",
      "type": "p",
      "color": "w"
    },
    {
      "square": "g2",
      "type": "p",
      "color": "w"
    },
    {
      "square": "h1",
      "type": "k",
      "color": "w"
    }
  ],
  "nextTurn": "w"
}