{
  "event": "Norway Chess",
  "site": "Stavanger NOR",
  "date": "2019.06.04",
  "eventDate": "2019.06.04",
  "dateMillis": 1559577600000,
  "eventDateMillis": 1559577600000,
  "round": "1.1",
  "result": "1/2-1/2",
  "white": "Magnus Carlsen",
  "black": "Viswanathan Anand",
  "isCarlsenWin": false,
  "isDraw": true,
  "isCarlsenBlack": false,
  "moves": [
    "Qxc5+",
    "Qxc5",
    "Rxc5",
    "Rxf4",
    "h6",
    "Rf3",
    "Kg8",
    "Rd3",
    "Ra5",
    "Rd7",
    "Rxa4",
    "Rxb7",
    "Ra2",
    "h4",
    "Kh7",
    "Kh2",
    "Rd2",
    "Rc7",
    "Kg6",
    "Kg3",
    "Kh5",
    "Rc5+",
    "g5",
    "Kh3",
    "Rd3+",
    "g3",
    "Re3",
    "Kg2",
    "Rd3",
    "Rc4",
    "Re3",
    "hxg5",
    "hxg5",
    "Kh3",
    "Rd3",
    "Rc8",
    "g4+",
    "Kg2",
    "Rd2+",
    "Kf1",
    "Rc2",
    "c4",
    "Kg5",
    "c5",
    "Kf6",
    "c6",
    "Ke7",
    "c7",
    "Kd6",
    "Rd8+",
    "Kxc7",
    "Rd4",
    "Kc6",
    "Kg1",
    "Kc5",
    "Rxg4",
    "Kd5"
  ],
  "statePieceCount": 15,
  "endPieceCount": 5,
  "boardState": [
    {
      "square": "c8",
      "type": "r",
      "color": "b"
    },
    {
      "square": "h8",
      "type": "k",
      "color": "b"
    },
    {
      "square": "b7",
      "type": "p",
      "color": "b"
    },
    {
      "square": "g7",
      "type": "p",
      "color": "b"
    },
    {
      "square": "h7",
      "type": "p",
      "color": "b"
    },
    {
      "square": "b5",
      "type": "q",
      "color": "w"
    },
    {
      "square": "c5",
      "type": "b",
      "color": "w"
    },
    {
      "square": "e5",
      "type": "q",
      "color": "b"
    },
    {
      "square": "a4",
      "type": "p",
      "color": "w"
    },
    {
      "square": "f4",
      "type": "p",
      "color": "b"
    },
    {
      "square": "c3",
      "type": "p",
      "color": "w"
    },
    {
      "square": "g2",
      "type": "p",
      "color": "w"
    },
    {
      "square": "h2",
      "type": "p",
      "color": "w"
    },
    {
      "square": "f1",
      "type": "r",
      "color": "w"
    },
    {
      "square": "g1",
      "type": "k",
      "color": "w"
    }
  ],
  "nextTurn": "b"
}