{
  "event": "Norway Chess",
  "site": "Stavanger NOR",
  "date": "2019.06.14",
  "eventDate": "2019.06.04",
  "dateMillis": 1560441600000,
  "eventDateMillis": 1559577600000,
  "round": "9.1",
  "result": "1/2-1/2",
  "white": "Fabiano Caruana",
  "black": "Magnus Carlsen",
  "isCarlsenWin": false,
  "isDraw": true,
  "isCarlsenBlack": true,
  "moves": [
    "Rf3",
    "Qa8",
    "Re2",
    "Kg6",
    "Rf5",
    "f6",
    "Nh2",
    "Nh6",
    "Rf1",
    "Kg7",
    "Rd1",
    "Qa3",
    "Rd7+",
    "Kg6",
    "Nf3",
    "Qxc3",
    "Nh4+",
    "Kh5",
    "Rh7",
    "Qd3",
    "Re1",
    "c3",
    "Nf3",
    "Qc2+",
    "Kh3",
    "Kg6",
    "Rc7",
    "Nf7",
    "Nh4+",
    "Kg7",
    "Nf5+",
    "Kg6",
    "Nh4+",
    "Kg7",
    "Nf5+"
  ],
  "statePieceCount": 15,
  "endPieceCount": 14,
  "boardState": [
    {
      "square": "a7",
      "type": "q",
      "color": "b"
    },
    {
      "square": "f7",
      "type": "p",
      "color": "b"
    },
    {
      "square": "g7",
      "type": "k",
      "color": "b"
    },
    {
      "square": "b5",
      "type": "p",
      "color": "b"
    },
    {
      "square": "e5",
      "type": "p",
      "color": "b"
    },
    {
      "square": "b4",
      "type": "p",
      "color": "w"
    },
    {
      "square": "c4",
      "type": "p",
      "color": "b"
    },
    {
      "square": "e4",
      "type": "p",
      "color": "w"
    },
    {
      "square": "g4",
      "type": "n",
      "color": "b"
    },
    {
      "square": "c3",
      "type": "p",
      "color": "w"
    },
    {
      "square": "e3",
      "type": "r",
      "color": "w"
    },
    {
      "square": "g3",
      "type": "p",
      "color": "w"
    },
    {
      "square": "d2",
      "type": "r",
      "color": "w"
    },
    {
      "square": "g2",
      "type": "k",
      "color": "w"
    },
    {
      "square": "f1",
      "type": "n",
      "color": "w"
    }
  ],
  "nextTurn": "w"
}