{
  "event": "Norway Chess",
  "site": "Stavanger NOR",
  "date": "2019.06.14",
  "eventDate": "2019.06.04",
  "dateMillis": 1560441600000,
  "eventDateMillis": 1559577600000,
  "round": "9.1",
  "result": "1-0",
  "white": "Fabiano Caruana",
  "black": "Magnus Carlsen",
  "isCarlsenWin": false,
  "isDraw": false,
  "isCarlsenBlack": true,
  "moves": [
    "Bc6",
    "Rxc6+",
    "Kd5",
    "Ra6",
    "Re2",
    "Ra2",
    "Kc6",
    "h4",
    "h5",
    "Kh2",
    "Kb6",
    "Kg3",
    "Rd2",
    "f4",
    "g6",
    "Kf3",
    "Kb7",
    "b4",
    "c4",
    "dxc4",
    "d3",
    "Ke3",
    "Rxg2",
    "Kxd3",
    "Rg4",
    "Ra5",
    "Rxf4",
    "Rg5",
    "Rxh4",
    "Rxg6",
    "Rh1"
  ],
  "statePieceCount": 15,
  "endPieceCount": 8,
  "boardState": [
    {
      "square": "e7",
      "type": "r",
      "color": "b"
    },
    {
      "square": "g7",
      "type": "p",
      "color": "b"
    },
    {
      "square": "h7",
      "type": "p",
      "color": "b"
    },
    {
      "square": "b6",
      "type": "r",
      "color": "w"
    },
    {
      "square": "e6",
      "type": "k",
      "color": "b"
    },
    {
      "square": "c5",
      "type": "p",
      "color": "b"
    },
    {
      "square": "d4",
      "type": "p",
      "color": "b"
    },
    {
      "square": "e4",
      "type": "b",
      "color": "b"
    },
    {
      "square": "b3",
      "type": "p",
      "color": "w"
    },
    {
      "square": "d3",
      "type": "p",
      "color": "w"
    },
    {
      "square": "f3",
      "type": "p",
      "color": "w"
    },
    {
      "square": "c2",
      "type": "p",
      "color": "w"
    },
    {
      "square": "g2",
      "type": "p",
      "color": "w"
    },
    {
      "square": "h2",
      "type": "p",
      "color": "w"
    },
    {
      "square": "g1",
      "type": "k",
      "color": "w"
    }
  ],
  "nextTurn": "b"
}