{
  "event": "Norway Chess",
  "site": "Stavanger NOR",
  "date": "2019.06.10",
  "eventDate": "2019.06.04",
  "dateMillis": 1560096000000,
  "eventDateMillis": 1559577600000,
  "round": "6.1",
  "result": "1/2-1/2",
  "white": "Magnus Carlsen",
  "black": "Ding Liren",
  "isCarlsenWin": false,
  "isDraw": true,
  "isCarlsenBlack": false,
  "moves": [
    "Rxh7",
    "Nf6",
    "Rh4",
    "Nxe4",
    "fxe4",
    "c5",
    "bxc5+",
    "Kxc5",
    "Kd3",
    "g5",
    "Rg4",
    "Rg6",
    "Kc3",
    "a5",
    "b4+",
    "axb4+",
    "Kc2",
    "Kc4",
    "e5+",
    "Kd5",
    "Rxb4",
    "g4",
    "Rxb5+",
    "Ke4",
    "Rb4+",
    "Kxe3",
    "e6",
    "Kf3",
    "Rb3+",
    "Kf2",
    "Rb4",
    "Kf3",
    "Rb3+",
    "Kf4",
    "Rb4+",
    "Kf5",
    "Rb5+",
    "Kxe6",
    "Kd3",
    "g3",
    "Rb6+",
    "Kf5",
    "Rxg6",
    "Kxg6",
    "Ke2",
    "Kg5",
    "Kf3",
    "Kh4",
    "Kg2",
    "Kg4",
    "Kg1",
    "Kh3",
    "Kh1",
    "g2+"
  ],
  "statePieceCount": 15,
  "endPieceCount": 3,
  "boardState": [
    {
      "square": "d7",
      "type": "n",
      "color": "b"
    },
    {
      "square": "h7",
      "type": "r",
      "color": "b"
    },
    {
      "square": "a6",
      "type": "p",
      "color": "b"
    },
    {
      "square": "b6",
      "type": "k",
      "color": "b"
    },
    {
      "square": "c6",
      "type": "p",
      "color": "b"
    },
    {
      "square": "e6",
      "type": "r",
      "color": "b"
    },
    {
      "square": "g6",
      "type": "p",
      "color": "b"
    },
    {
      "square": "b5",
      "type": "p",
      "color": "b"
    },
    {
      "square": "b4",
      "type": "p",
      "color": "w"
    },
    {
      "square": "e4",
      "type": "b",
      "color": "w"
    },
    {
      "square": "e3",
      "type": "p",
      "color": "w"
    },
    {
      "square": "f3",
      "type": "p",
      "color": "w"
    },
    {
      "square": "b2",
      "type": "p",
      "color": "w"
    },
    {
      "square": "e2",
      "type": "k",
      "color": "w"
    },
    {
      "square": "h1",
      "type": "r",
      "color": "w"
    }
  ],
  "nextTurn": "w"
}