{
  "event": "GCT Croatia",
  "site": "Zagreb CRO",
  "date": "2019.06.27",
  "eventDate": "2019.06.26",
  "dateMillis": 1561564800000,
  "eventDateMillis": 1561478400000,
  "round": "2.1",
  "result": "1/2-1/2",
  "white": "Magnus Carlsen",
  "black": "Viswanathan Anand",
  "isDingWin": false,
  "isDraw": true,
  "isDingBlack": false,
  "moves": [
    "Rxc1+",
    "Kg2",
    "Nc8",
    "Rd3",
    "Rc7",
    "Rd8+",
    "Kg7",
    "h4",
    "Ne7",
    "Nh5+",
    "Kh6",
    "Nf6",
    "Kg6",
    "Ne8",
    "Rc6",
    "Rd7",
    "Re6",
    "h5+",
    "Kh6",
    "Nd6",
    "f5",
    "Nxb7",
    "Ng8",
    "Nd6",
    "Nf6",
    "Nxf5+",
    "Kg5",
    "Nd4",
    "Nxd7",
    "Nxe6+",
    "Kxh5",
    "Kf3",
    "Kg6",
    "Kf4",
    "Kf6",
    "Ng5",
    "h6",
    "Ne4+",
    "Ke6",
    "Kg4",
    "Ke5",
    "f3",
    "Kd4",
    "Kf5",
    "Ke3",
    "f4",
    "h5",
    "Ng5",
    "Nc5",
    "Kg6",
    "Kf2",
    "f5",
    "Kxg3",
    "Ne6",
    "Nd7",
    "Kxh5",
    "Kf3",
    "Kg5",
    "Ke4",
    "Nc7",
    "a5",
    "Nb5",
    "Kd3",
    "Kg6",
    "a4",
    "Kf7",
    "Ne5+",
    "Kf6",
    "Nf3",
    "Ke7",
    "Kc2",
    "f6",
    "Ng5",
    "Nd4+",
    "Kb2",
    "Ne6",
    "Nh7",
    "f7",
    "Kxa2",
    "Ng5",
    "a3",
    "Nxh7",
    "Kb1",
    "f8=Q",
    "a2",
    "Qf5+",
    "Kb2",
    "Qe5+",
    "Kb1",
    "Qe4+",
    "Kb2",
    "Qe2+",
    "Kb1",
    "Nf6",
    "a1=Q",
    "Nd5",
    "Qg7+",
    "Kd6",
    "Qf8+",
    "Ke5",
    "Qe8+",
    "Kd4",
    "Qxe2",
    "Nc3+",
    "Ka1",
    "Nxe2"
  ],
  "statePieceCount": 15,
  "endPieceCount": 3,
  "boardState": [
    {
      "square": "c8",
      "type": "r",
      "color": "b"
    },
    {
      "square": "g8",
      "type": "k",
      "color": "b"
    },
    {
      "square": "a7",
      "type": "p",
      "color": "b"
    },
    {
      "square": "b7",
      "type": "p",
      "color": "b"
    },
    {
      "square": "f7",
      "type": "p",
      "color": "b"
    },
    {
      "square": "h7",
      "type": "p",
      "color": "b"
    },
    {
      "square": "b6",
      "type": "n",
      "color": "b"
    },
    {
      "square": "f4",
      "type": "n",
      "color": "w"
    },
    {
      "square": "a3",
      "type": "r",
      "color": "w"
    },
    {
      "square": "g3",
      "type": "p",
      "color": "w"
    },
    {
      "square": "a2",
      "type": "p",
      "color": "w"
    },
    {
      "square": "f2",
      "type": "p",
      "color": "w"
    },
    {
      "square": "h2",
      "type": "p",
      "color": "w"
    },
    {
      "square": "c1",
      "type": "r",
      "color": "w"
    },
    {
      "square": "g1",
      "type": "k",
      "color": "w"
    }
  ]
}