{
  "event": "GCT Croatia",
  "site": "Zagreb CRO",
  "date": "2019.06.30",
  "eventDate": "2019.06.26",
  "dateMillis": 1561824000000,
  "eventDateMillis": 1561478400000,
  "round": "5",
  "result": "1/2-1/2",
  "white": "Sergey Karjakin",
  "black": "Magnus Carlsen",
  "isCarlsenWin": false,
  "isDraw": true,
  "isCarlsenBlack": true,
  "moves": [
    "Rxe6",
    "R8d6",
    "Rxd6",
    "Rxd6",
    "a4",
    "b6",
    "b4",
    "Rd1+",
    "Kf2",
    "Ra1",
    "Rc6",
    "Ra2+",
    "Kf3",
    "Ra3+",
    "Kf2",
    "Ra2+",
    "Kf3",
    "Ra3+",
    "Kf2",
    "Ra2+"
  ],
  "statePieceCount": 15,
  "endPieceCount": 12,
  "boardState": [
    {
      "square": "d8",
      "type": "r",
      "color": "b"
    },
    {
      "square": "g8",
      "type": "k",
      "color": "b"
    },
    {
      "square": "b7",
      "type": "p",
      "color": "b"
    },
    {
      "square": "g7",
      "type": "p",
      "color": "b"
    },
    {
      "square": "a6",
      "type": "p",
      "color": "b"
    },
    {
      "square": "e6",
      "type": "n",
      "color": "b"
    },
    {
      "square": "h6",
      "type": "p",
      "color": "b"
    },
    {
      "square": "d5",
      "type": "r",
      "color": "b"
    },
    {
      "square": "c4",
      "type": "r",
      "color": "w"
    },
    {
      "square": "b3",
      "type": "p",
      "color": "w"
    },
    {
      "square": "h3",
      "type": "p",
      "color": "w"
    },
    {
      "square": "a2",
      "type": "p",
      "color": "w"
    },
    {
      "square": "g2",
      "type": "p",
      "color": "w"
    },
    {
      "square": "e1",
      "type": "r",
      "color": "w"
    },
    {
      "square": "g1",
      "type": "k",
      "color": "w"
    }
  ],
  "nextTurn": "w"
}