{
  "event": "GCT St. Louis Rapid & Blitz",
  "site": "St Louis, MO USA",
  "date": "2019.08.11",
  "eventDate": "2019.08.10",
  "dateMillis": 1565452800000,
  "eventDateMillis": 1565366400000,
  "round": "6.4",
  "result": "1/2-1/2",
  "white": "Yu Yangyi",
  "black": "Magnus Carlsen",
  "isCarlsenWin": false,
  "isDraw": true,
  "isCarlsenBlack": true,
  "moves": [
    "hxg4",
    "Kg7",
    "Qc2",
    "Kf8",
    "Bd8",
    "Kg7",
    "Bc7",
    "Ba7",
    "Kf3",
    "Kg6",
    "Kg3",
    "Qb4",
    "Kg2",
    "Qc5",
    "Qxc5",
    "Bxc5",
    "Bb6",
    "Be7",
    "Kf3",
    "Kf7",
    "Ke2",
    "Ke6",
    "Kd3",
    "Kd7",
    "Kc4",
    "Ke6",
    "f3",
    "Bd6",
    "Bd8",
    "Bf8",
    "Bb6",
    "Bd6",
    "Bd8",
    "Bf8",
    "Bc7",
    "Bd6",
    "Bb6",
    "Be7",
    "Bc7",
    "Kd7",
    "Bb6",
    "Kc6",
    "Be3",
    "Bd8",
    "Bd2",
    "Be7",
    "Bc3",
    "Bc5"
  ],
  "statePieceCount": 15,
  "endPieceCount": 12,
  "boardState": [
    {
      "square": "c7",
      "type": "b",
      "color": "w"
    },
    {
      "square": "a6",
      "type": "p",
      "color": "b"
    },
    {
      "square": "f6",
      "type": "p",
      "color": "b"
    },
    {
      "square": "g6",
      "type": "k",
      "color": "b"
    },
    {
      "square": "a5",
      "type": "p",
      "color": "w"
    },
    {
      "square": "c5",
      "type": "b",
      "color": "b"
    },
    {
      "square": "e5",
      "type": "p",
      "color": "b"
    },
    {
      "square": "g5",
      "type": "p",
      "color": "b"
    },
    {
      "square": "d4",
      "type": "q",
      "color": "b"
    },
    {
      "square": "e4",
      "type": "p",
      "color": "w"
    },
    {
      "square": "g4",
      "type": "p",
      "color": "b"
    },
    {
      "square": "h3",
      "type": "p",
      "color": "w"
    },
    {
      "square": "e2",
      "type": "q",
      "color": "w"
    },
    {
      "square": "f2",
      "type": "p",
      "color": "w"
    },
    {
      "square": "g2",
      "type": "k",
      "color": "w"
    }
  ],
  "nextTurn": "w"
}