{
  "event": "Sinquefield Cup",
  "site": "St Louis, MO USA",
  "date": "2019.08.20",
  "eventDate": "2019.08.17",
  "dateMillis": 1566230400000,
  "eventDateMillis": 1565971200000,
  "round": "4.2",
  "result": "1/2-1/2",
  "white": "Shakhriyar Mamedyarov",
  "black": "Magnus Carlsen",
  "isCarlsenWin": false,
  "isDraw": true,
  "isCarlsenBlack": true,
  "moves": [
    "Bxc2",
    "Nd5",
    "Bc5",
    "Nb4",
    "Bb3",
    "Nxa6",
    "Bxa3",
    "Nc7",
    "Bc4",
    "e6",
    "Bd6",
    "Bc6",
    "b4",
    "Nd5",
    "Kg6",
    "e7",
    "Bxd5+",
    "Bxd5",
    "Bxe7",
    "Kf3",
    "Kf6",
    "Ke4",
    "Kg5",
    "Kf3",
    "Kh4",
    "Be6",
    "Bg5",
    "Kg2",
    "Bf4",
    "h3",
    "Kg5",
    "Kf3",
    "Kf6",
    "Bg8",
    "Ke5",
    "h4",
    "g5",
    "hxg5",
    "hxg5",
    "Ke2",
    "Kd4",
    "Kd1",
    "Kc3",
    "Bf7",
    "b3",
    "Be6",
    "Be3",
    "Bf7",
    "Bf4",
    "Be6",
    "Be3",
    "Bf7",
    "Bf4",
    "Be6"
  ],
  "statePieceCount": 15,
  "endPieceCount": 7,
  "boardState": [
    {
      "square": "g7",
      "type": "p",
      "color": "b"
    },
    {
      "square": "h7",
      "type": "k",
      "color": "b"
    },
    {
      "square": "a6",
      "type": "p",
      "color": "b"
    },
    {
      "square": "b6",
      "type": "b",
      "color": "b"
    },
    {
      "square": "g6",
      "type": "b",
      "color": "b"
    },
    {
      "square": "h6",
      "type": "p",
      "color": "b"
    },
    {
      "square": "b5",
      "type": "p",
      "color": "b"
    },
    {
      "square": "e5",
      "type": "p",
      "color": "w"
    },
    {
      "square": "f4",
      "type": "n",
      "color": "w"
    },
    {
      "square": "g4",
      "type": "p",
      "color": "w"
    },
    {
      "square": "a3",
      "type": "p",
      "color": "w"
    },
    {
      "square": "f3",
      "type": "b",
      "color": "w"
    },
    {
      "square": "c2",
      "type": "q",
      "color": "w"
    },
    {
      "square": "g2",
      "type": "k",
      "color": "w"
    },
    {
      "square": "h2",
      "type": "p",
      "color": "w"
    }
  ],
  "nextTurn": "b"
}