{
  "event": "GCT St. Louis Rapid & Blitz",
  "site": "St Louis, MO USA",
  "date": "2019.08.14",
  "eventDate": "2019.08.13",
  "dateMillis": 1565712000000,
  "eventDateMillis": 1565625600000,
  "round": "17.1",
  "result": "1/2-1/2",
  "white": "Magnus Carlsen",
  "black": "Levon Aronian",
  "isDingWin": false,
  "isDraw": true,
  "isDingBlack": false,
  "moves": [
    "Rxe3",
    "g5",
    "Nc6",
    "Rb7",
    "Nb4+",
    "Kd2",
    "Rd3+",
    "Ke2",
    "Rd4",
    "Rxb6",
    "Nd5",
    "Ra6",
    "Nc3+",
    "Ke3",
    "Nxa4",
    "Ra5",
    "Rb4",
    "Ne4",
    "Nb6",
    "Rxe5+",
    "Kf8",
    "Rc5",
    "Rc4",
    "Rb5",
    "Nd7",
    "h4",
    "Ra4",
    "Kf4",
    "Rc4",
    "Ra5",
    "Rb4",
    "Ra8+",
    "Ke7",
    "Ra7",
    "Ke6",
    "Ra6+",
    "Ke7",
    "Ra7"
  ],
  "statePieceCount": 15,
  "endPieceCount": 11,
  "boardState": [
    {
      "square": "e8",
      "type": "k",
      "color": "b"
    },
    {
      "square": "a7",
      "type": "r",
      "color": "w"
    },
    {
      "square": "f7",
      "type": "p",
      "color": "b"
    },
    {
      "square": "h7",
      "type": "p",
      "color": "b"
    },
    {
      "square": "b6",
      "type": "p",
      "color": "b"
    },
    {
      "square": "g6",
      "type": "p",
      "color": "b"
    },
    {
      "square": "a5",
      "type": "n",
      "color": "b"
    },
    {
      "square": "e5",
      "type": "p",
      "color": "b"
    },
    {
      "square": "a4",
      "type": "p",
      "color": "w"
    },
    {
      "square": "g4",
      "type": "p",
      "color": "w"
    },
    {
      "square": "b3",
      "type": "r",
      "color": "b"
    },
    {
      "square": "e3",
      "type": "b",
      "color": "w"
    },
    {
      "square": "g3",
      "type": "n",
      "color": "w"
    },
    {
      "square": "c2",
      "type": "k",
      "color": "w"
    },
    {
      "square": "h2",
      "type": "p",
      "color": "w"
    }
  ]
}