{
  "event": "GCT St. Louis Rapid & Blitz",
  "site": "St Louis, MO USA",
  "date": "2019.08.13",
  "eventDate": "2019.08.13",
  "dateMillis": 1565625600000,
  "eventDateMillis": 1565625600000,
  "round": "4.4",
  "result": "1-0",
  "white": "Ding Liren",
  "black": "Magnus Carlsen",
  "isCarlsenWin": false,
  "isDraw": false,
  "isCarlsenBlack": true,
  "moves": [
    "Qxb4",
    "Kg7",
    "a5",
    "d4",
    "a6",
    "Qb6",
    "Qe7+",
    "Kh6",
    "a7",
    "Bd5",
    "Bc4",
    "Bb7",
    "a8=Q",
    "Bxa8",
    "Qf8+",
    "Kg5",
    "Qxa8",
    "f5",
    "Qd5",
    "Kh6",
    "g3",
    "Qf6",
    "Kg2",
    "Qb6",
    "h4",
    "Qf6",
    "Qe6",
    "Qd8",
    "Qe5",
    "Qb6",
    "Qd5",
    "Qf6",
    "Bd3",
    "Qb6",
    "Qf3",
    "Kg7",
    "Qf4",
    "Qc6+",
    "Kh2",
    "Qc5",
    "h5",
    "Kf6",
    "h6",
    "g5",
    "Qb8",
    "Kg6",
    "g4",
    "Kxh6",
    "gxf5",
    "g4",
    "Kg3",
    "Qd5",
    "Qf8+",
    "Kh5",
    "Qe8+",
    "Kg5",
    "Qe7+"
  ],
  "statePieceCount": 15,
  "endPieceCount": 10,
  "boardState": [
    {
      "square": "g8",
      "type": "k",
      "color": "b"
    },
    {
      "square": "c7",
      "type": "q",
      "color": "b"
    },
    {
      "square": "h7",
      "type": "p",
      "color": "b"
    },
    {
      "square": "e6",
      "type": "b",
      "color": "b"
    },
    {
      "square": "f6",
      "type": "p",
      "color": "b"
    },
    {
      "square": "g6",
      "type": "p",
      "color": "b"
    },
    {
      "square": "b5",
      "type": "b",
      "color": "w"
    },
    {
      "square": "d5",
      "type": "p",
      "color": "b"
    },
    {
      "square": "a4",
      "type": "p",
      "color": "w"
    },
    {
      "square": "b4",
      "type": "b",
      "color": "b"
    },
    {
      "square": "d4",
      "type": "q",
      "color": "w"
    },
    {
      "square": "h3",
      "type": "p",
      "color": "w"
    },
    {
      "square": "f2",
      "type": "p",
      "color": "w"
    },
    {
      "square": "g2",
      "type": "p",
      "color": "w"
    },
    {
      "square": "g1",
      "type": "k",
      "color": "w"
    }
  ],
  "nextTurn": "w"
}