{
  "event": "Isle of Man Grand Swiss",
  "site": "Douglas IMN",
  "date": "2019.10.13",
  "eventDate": "2019.10.10",
  "dateMillis": 1570896000000,
  "eventDateMillis": 1570636800000,
  "round": "4.7",
  "result": "1/2-1/2",
  "white": "Vladislav Kovalev",
  "black": "Magnus Carlsen",
  "isCarlsenWin": false,
  "isDraw": true,
  "isCarlsenBlack": true,
  "moves": [
    "Kh7",
    "Qd5",
    "Qg5",
    "Qe4+",
    "Qg6",
    "Qd5",
    "Qg5",
    "Qd6",
    "Qg6",
    "Qc7",
    "Qg5",
    "Qd6",
    "Qg6",
    "Qc7",
    "Qg5",
    "Qc6",
    "Qe7",
    "Qxb5",
    "Rxd7",
    "Qf5+",
    "g6",
    "Qf8",
    "Qxf8",
    "Rxf8",
    "Kg7",
    "Ra8",
    "Kf6",
    "Kg2",
    "Rxd3",
    "Rxa7",
    "Rd2+",
    "Kg1"
  ],
  "statePieceCount": 15,
  "endPieceCount": 9,
  "boardState": [
    {
      "square": "d8",
      "type": "r",
      "color": "b"
    },
    {
      "square": "h8",
      "type": "k",
      "color": "b"
    },
    {
      "square": "a7",
      "type": "p",
      "color": "b"
    },
    {
      "square": "d7",
      "type": "p",
      "color": "w"
    },
    {
      "square": "g7",
      "type": "p",
      "color": "b"
    },
    {
      "square": "g6",
      "type": "q",
      "color": "b"
    },
    {
      "square": "h6",
      "type": "p",
      "color": "b"
    },
    {
      "square": "b5",
      "type": "p",
      "color": "b"
    },
    {
      "square": "c5",
      "type": "q",
      "color": "w"
    },
    {
      "square": "f4",
      "type": "r",
      "color": "w"
    },
    {
      "square": "a3",
      "type": "p",
      "color": "w"
    },
    {
      "square": "d3",
      "type": "p",
      "color": "w"
    },
    {
      "square": "g3",
      "type": "p",
      "color": "w"
    },
    {
      "square": "h2",
      "type": "p",
      "color": "w"
    },
    {
      "square": "h1",
      "type": "k",
      "color": "w"
    }
  ],
  "nextTurn": "b"
}