{
  "event": "GCT Kolkata Rapid & Blitz",
  "site": "Kolkata IND",
  "date": "2019.11.22",
  "eventDate": "2019.11.22",
  "dateMillis": 1574352000000,
  "eventDateMillis": 1574352000000,
  "round": "3",
  "result": "0-1",
  "white": "Levon Aronian",
  "black": "Magnus Carlsen",
  "isCarlsenWin": true,
  "isDraw": false,
  "isCarlsenBlack": true,
  "moves": [
    "h5",
    "Ke3",
    "Kf7",
    "Bc3",
    "Ke6",
    "Nb4",
    "g5",
    "Kf2",
    "Rf7",
    "Kg2",
    "g4",
    "fxg4",
    "Rg7",
    "Nd5",
    "Rxg4+",
    "Kf3",
    "Rg1",
    "Kf2",
    "Rg7",
    "Kf3",
    "h4",
    "Be1",
    "h3",
    "Bg3",
    "Rb7",
    "Nb4",
    "a5",
    "Nd3",
    "Rb3",
    "Ke2",
    "Kf6",
    "Bh2",
    "Kg5",
    "Bg3",
    "Kg4",
    "Bh2",
    "Rxd3",
    "Kxd3",
    "Kf3",
    "Kd2",
    "Kxe4",
    "Ke2",
    "d5",
    "Bg3",
    "d4",
    "Bh2",
    "Kd5",
    "Kd2",
    "e4",
    "Ke2",
    "Kc4",
    "Be5",
    "Kb3",
    "Kd2",
    "d3",
    "Kd1",
    "e3",
    "Kc1",
    "Kc4"
  ],
  "statePieceCount": 15,
  "endPieceCount": 10,
  "boardState": [
    {
      "square": "g8",
      "type": "k",
      "color": "b"
    },
    {
      "square": "d7",
      "type": "r",
      "color": "b"
    },
    {
      "square": "h7",
      "type": "p",
      "color": "b"
    },
    {
      "square": "a6",
      "type": "p",
      "color": "b"
    },
    {
      "square": "c6",
      "type": "n",
      "color": "w"
    },
    {
      "square": "d6",
      "type": "p",
      "color": "b"
    },
    {
      "square": "g6",
      "type": "p",
      "color": "b"
    },
    {
      "square": "e5",
      "type": "p",
      "color": "b"
    },
    {
      "square": "a4",
      "type": "p",
      "color": "b"
    },
    {
      "square": "b4",
      "type": "b",
      "color": "w"
    },
    {
      "square": "e4",
      "type": "p",
      "color": "w"
    },
    {
      "square": "a3",
      "type": "p",
      "color": "w"
    },
    {
      "square": "d3",
      "type": "k",
      "color": "w"
    },
    {
      "square": "f3",
      "type": "p",
      "color": "w"
    },
    {
      "square": "b2",
      "type": "p",
      "color": "w"
    }
  ],
  "nextTurn": "b"
}