{
  "event": "London Chess Classic GCT Finals",
  "site": "London ENG",
  "date": "2019.12.03",
  "eventDate": "2019.12.02",
  "dateMillis": 1575302400000,
  "eventDateMillis": 1575216000000,
  "round": "1.2",
  "result": "1/2-1/2",
  "white": "Maxime Vachier-Lagrave",
  "black": "Magnus Carlsen",
  "isCarlsenWin": false,
  "isDraw": true,
  "isCarlsenBlack": true,
  "moves": [
    "Rxd2",
    "g3",
    "fxe6",
    "Rxe6",
    "Ra2",
    "Rc6",
    "Ra3",
    "Rxc7",
    "Rxb3",
    "Ra7",
    "Ra3",
    "g4",
    "h5",
    "gxh5",
    "Kh7",
    "Kg2",
    "Ra5",
    "f4",
    "Ra3",
    "Ra8",
    "a5",
    "Ra6",
    "a4",
    "f5",
    "Rb3",
    "Rxa4",
    "Rb5",
    "Rf4",
    "Kh6",
    "f6",
    "gxf6",
    "Rxf6+",
    "Kxh5",
    "h4",
    "Rb2+",
    "Rf2",
    "Rxf2+",
    "Kxf2",
    "Kxh4"
  ],
  "statePieceCount": 15,
  "endPieceCount": 2,
  "boardState": [
    {
      "square": "d8",
      "type": "r",
      "color": "b"
    },
    {
      "square": "g8",
      "type": "k",
      "color": "b"
    },
    {
      "square": "c7",
      "type": "p",
      "color": "b"
    },
    {
      "square": "f7",
      "type": "p",
      "color": "b"
    },
    {
      "square": "g7",
      "type": "p",
      "color": "b"
    },
    {
      "square": "a6",
      "type": "p",
      "color": "b"
    },
    {
      "square": "e6",
      "type": "p",
      "color": "w"
    },
    {
      "square": "h6",
      "type": "p",
      "color": "b"
    },
    {
      "square": "e5",
      "type": "r",
      "color": "w"
    },
    {
      "square": "b3",
      "type": "p",
      "color": "w"
    },
    {
      "square": "d2",
      "type": "n",
      "color": "w"
    },
    {
      "square": "f2",
      "type": "p",
      "color": "w"
    },
    {
      "square": "g2",
      "type": "p",
      "color": "w"
    },
    {
      "square": "h2",
      "type": "p",
      "color": "w"
    },
    {
      "square": "g1",
      "type": "k",
      "color": "w"
    }
  ],
  "nextTurn": "b"
}