{
  "event": "London Chess Classic GCT Finals",
  "site": "London ENG",
  "date": "2019.12.07",
  "eventDate": "2019.12.02",
  "dateMillis": 1575648000000,
  "eventDateMillis": 1575216000000,
  "round": "2.2",
  "result": "1/2-1/2",
  "white": "Levon Aronian",
  "black": "Magnus Carlsen",
  "isCarlsenWin": false,
  "isDraw": true,
  "isCarlsenBlack": true,
  "moves": [
    "Rf4",
    "Qg6",
    "Rxf8+",
    "Kg7",
    "Qd1",
    "Kxf8",
    "Nf4",
    "Qe8",
    "Nxe6+",
    "Qxe6",
    "Qd8+",
    "Kf7",
    "Qc7+",
    "Ke8",
    "Qb8+",
    "Kd7",
    "Qb7+",
    "Kd8",
    "Qb8+",
    "Kd7",
    "Qa7+",
    "Ke8",
    "b3",
    "Qh3+",
    "Ke2",
    "Qxh4",
    "Qb8+",
    "Ke7",
    "Qc7+",
    "Kf8",
    "Qc5+",
    "Kg7",
    "Qe5+",
    "Kg8",
    "a4",
    "Qh1",
    "Qb8+",
    "Kf7",
    "Qf4+",
    "Ke8",
    "Qb8+",
    "Kd7",
    "Qa7+",
    "Kd8",
    "Qd4+",
    "Ke8",
    "Qe5+",
    "Kd7",
    "Qd4+",
    "Ke8",
    "b4",
    "Qg2+",
    "Qf2",
    "Qg5",
    "f4",
    "Qd5",
    "Qe3+",
    "Kf7",
    "Qa7+",
    "Ke8",
    "Qc5",
    "Qa2+",
    "Kf3",
    "Qxa4",
    "Qxh5+",
    "Ke7",
    "Qe5+",
    "Kf7",
    "Qd5+",
    "Kg7",
    "Qd4+",
    "Kf7",
    "Qd5+",
    "Kg7",
    "Qd4+",
    "Kf7"
  ],
  "statePieceCount": 15,
  "endPieceCount": 8,
  "boardState": [
    {
      "square": "f8",
      "type": "b",
      "color": "b"
    },
    {
      "square": "h8",
      "type": "k",
      "color": "b"
    },
    {
      "square": "f7",
      "type": "q",
      "color": "b"
    },
    {
      "square": "a6",
      "type": "p",
      "color": "b"
    },
    {
      "square": "e6",
      "type": "r",
      "color": "b"
    },
    {
      "square": "h6",
      "type": "p",
      "color": "b"
    },
    {
      "square": "d5",
      "type": "n",
      "color": "w"
    },
    {
      "square": "h5",
      "type": "p",
      "color": "b"
    },
    {
      "square": "d4",
      "type": "r",
      "color": "w"
    },
    {
      "square": "h4",
      "type": "p",
      "color": "w"
    },
    {
      "square": "f3",
      "type": "p",
      "color": "w"
    },
    {
      "square": "a2",
      "type": "p",
      "color": "w"
    },
    {
      "square": "b2",
      "type": "p",
      "color": "w"
    },
    {
      "square": "e2",
      "type": "q",
      "color": "w"
    },
    {
      "square": "f1",
      "type": "k",
      "color": "w"
    }
  ],
  "nextTurn": "w"
}