{
  "event": "World Rapid Championship",
  "site": "Moscow RUS",
  "date": "2019.12.28",
  "eventDate": "2019.12.26",
  "dateMillis": 1577462400000,
  "eventDateMillis": 1577289600000,
  "round": "12.1",
  "result": "0-1",
  "white": "Levon Aronian",
  "black": "Magnus Carlsen",
  "isCarlsenWin": true,
  "isDraw": false,
  "isCarlsenBlack": true,
  "moves": [
    "Qxf1",
    "Qe4+",
    "Qg2",
    "Qxh4+",
    "Kg1",
    "Qd4+",
    "Kh2",
    "Qd1",
    "Qe4",
    "Kf8",
    "Qxb4+",
    "Ke8",
    "Qb5+",
    "Ke7",
    "Qc5+",
    "Ke6",
    "Qc8+",
    "Ke5",
    "Bb2+",
    "Ke4",
    "Qb7+",
    "Nxb7"
  ],
  "statePieceCount": 15,
  "endPieceCount": 11,
  "boardState": [
    {
      "square": "d8",
      "type": "n",
      "color": "b"
    },
    {
      "square": "g8",
      "type": "k",
      "color": "b"
    },
    {
      "square": "g7",
      "type": "p",
      "color": "b"
    },
    {
      "square": "f6",
      "type": "p",
      "color": "b"
    },
    {
      "square": "g6",
      "type": "p",
      "color": "w"
    },
    {
      "square": "e5",
      "type": "q",
      "color": "b"
    },
    {
      "square": "b4",
      "type": "p",
      "color": "b"
    },
    {
      "square": "h4",
      "type": "p",
      "color": "w"
    },
    {
      "square": "b3",
      "type": "p",
      "color": "w"
    },
    {
      "square": "f3",
      "type": "q",
      "color": "w"
    },
    {
      "square": "a2",
      "type": "p",
      "color": "w"
    },
    {
      "square": "c2",
      "type": "p",
      "color": "b"
    },
    {
      "square": "c1",
      "type": "b",
      "color": "w"
    },
    {
      "square": "f1",
      "type": "r",
      "color": "b"
    },
    {
      "square": "h1",
      "type": "k",
      "color": "w"
    }
  ],
  "nextTurn": "w"
}