{
  "event": "World Blitz Championship",
  "site": "Moscow RUS",
  "date": "2019.12.29",
  "eventDate": "2019.12.29",
  "dateMillis": 1577548800000,
  "eventDateMillis": 1577548800000,
  "round": "5.2",
  "result": "0-1",
  "white": "Radoslaw Wojtaszek",
  "black": "Magnus Carlsen",
  "isDingWin": true,
  "isDraw": false,
  "isDingBlack": true,
  "moves": [
    "R1d3",
    "Qb2",
    "Rd7",
    "Qe2",
    "R3d6",
    "a5",
    "Ra6",
    "Qe1+",
    "Kg2",
    "Qe4+",
    "Kg1",
    "a4",
    "Raa7",
    "Qc4",
    "Kf2",
    "Kg7",
    "Rdc7",
    "Qd5",
    "Ke3",
    "g5",
    "Re7",
    "gxf4+",
    "gxf4",
    "Qc5+",
    "Kd3",
    "Qc4+",
    "Ke3",
    "Qxc3+",
    "Ke4",
    "Qc4+",
    "Kf5",
    "Qc2+",
    "Kg4",
    "Qg6+",
    "Kf3",
    "Qd3+",
    "Kg4",
    "Kg6",
    "Ra6+",
    "Kg7",
    "Raa7",
    "h5+",
    "Kh4",
    "Qf5",
    "Kg3",
    "Qg4+",
    "Kf2",
    "Qxf4+",
    "Ke2",
    "Kg6",
    "Ra6+",
    "Kg5",
    "Rf6",
    "Qe4+",
    "Kf2",
    "a3",
    "Rfxf7",
    "a2",
    "Rg7+",
    "Kh4",
    "Ra7",
    "Qxe5"
  ],
  "statePieceCount": 15,
  "endPieceCount": 9,
  "boardState": [
    {
      "square": "f8",
      "type": "k",
      "color": "b"
    },
    {
      "square": "f7",
      "type": "p",
      "color": "b"
    },
    {
      "square": "h7",
      "type": "p",
      "color": "b"
    },
    {
      "square": "a6",
      "type": "p",
      "color": "b"
    },
    {
      "square": "g6",
      "type": "p",
      "color": "b"
    },
    {
      "square": "b5",
      "type": "p",
      "color": "b"
    },
    {
      "square": "d5",
      "type": "r",
      "color": "w"
    },
    {
      "square": "e5",
      "type": "p",
      "color": "w"
    },
    {
      "square": "f4",
      "type": "p",
      "color": "w"
    },
    {
      "square": "a3",
      "type": "q",
      "color": "b"
    },
    {
      "square": "c3",
      "type": "p",
      "color": "w"
    },
    {
      "square": "g3",
      "type": "p",
      "color": "w"
    },
    {
      "square": "h2",
      "type": "p",
      "color": "w"
    },
    {
      "square": "d1",
      "type": "r",
      "color": "w"
    },
    {
      "square": "g1",
      "type": "k",
      "color": "w"
    }
  ]
}