{
  "event": "World Blitz Championship",
  "site": "Moscow RUS",
  "date": "2019.12.30",
  "eventDate": "2019.12.29",
  "dateMillis": 1577635200000,
  "eventDateMillis": 1577548800000,
  "round": "13.1",
  "result": "0-1",
  "white": "Maxim Matlakov",
  "black": "Magnus Carlsen",
  "isCarlsenWin": true,
  "isDraw": false,
  "isCarlsenBlack": true,
  "moves": [
    "Bxa1"
  ],
  "statePieceCount": 15,
  "endPieceCount": 14,
  "boardState": [
    {
      "square": "a8",
      "type": "r",
      "color": "b"
    },
    {
      "square": "b7",
      "type": "p",
      "color": "b"
    },
    {
      "square": "e7",
      "type": "k",
      "color": "b"
    },
    {
      "square": "g7",
      "type": "b",
      "color": "b"
    },
    {
      "square": "c6",
      "type": "p",
      "color": "b"
    },
    {
      "square": "g6",
      "type": "p",
      "color": "b"
    },
    {
      "square": "c4",
      "type": "p",
      "color": "w"
    },
    {
      "square": "e3",
      "type": "p",
      "color": "w"
    },
    {
      "square": "a2",
      "type": "p",
      "color": "b"
    },
    {
      "square": "c2",
      "type": "r",
      "color": "w"
    },
    {
      "square": "e2",
      "type": "b",
      "color": "w"
    },
    {
      "square": "g2",
      "type": "p",
      "color": "w"
    },
    {
      "square": "h2",
      "type": "p",
      "color": "w"
    },
    {
      "square": "a1",
      "type": "r",
      "color": "w"
    },
    {
      "square": "g1",
      "type": "k",
      "color": "w"
    }
  ],
  "nextTurn": "b"
}