{
  "event": "World Blitz Championship",
  "site": "Moscow RUS",
  "date": "2019.12.30",
  "eventDate": "2019.12.29",
  "dateMillis": 1577635200000,
  "eventDateMillis": 1577548800000,
  "round": "15.1",
  "result": "1/2-1/2",
  "white": "Vachier-Lagrave, Maxime",
  "black": "Magnus Carlsen",
  "isCarlsenWin": false,
  "isDraw": true,
  "isCarlsenBlack": true,
  "moves": [
    "Bxc1",
    "Ke6",
    "Kf1",
    "Nc7",
    "Bd2",
    "a5",
    "Ke2",
    "Kd5",
    "Kd3",
    "Ne6",
    "Be3",
    "f4",
    "Bd2",
    "f3",
    "gxf3",
    "Nxd4",
    "f4",
    "Ne6",
    "Be3",
    "Nc5+",
    "Bxc5",
    "Kxc5",
    "b3",
    "Kd5",
    "Ke3",
    "e5",
    "fxe5",
    "Kxe5",
    "f4+",
    "Kd5",
    "Kd3",
    "f5",
    "Ke3",
    "Kc5"
  ],
  "statePieceCount": 15,
  "endPieceCount": 8,
  "boardState": [
    {
      "square": "a7",
      "type": "p",
      "color": "b"
    },
    {
      "square": "e7",
      "type": "p",
      "color": "b"
    },
    {
      "square": "f7",
      "type": "k",
      "color": "b"
    },
    {
      "square": "f6",
      "type": "p",
      "color": "b"
    },
    {
      "square": "h6",
      "type": "b",
      "color": "w"
    },
    {
      "square": "d5",
      "type": "n",
      "color": "b"
    },
    {
      "square": "f5",
      "type": "p",
      "color": "b"
    },
    {
      "square": "b4",
      "type": "p",
      "color": "b"
    },
    {
      "square": "d4",
      "type": "p",
      "color": "w"
    },
    {
      "square": "a2",
      "type": "p",
      "color": "w"
    },
    {
      "square": "b2",
      "type": "p",
      "color": "w"
    },
    {
      "square": "f2",
      "type": "p",
      "color": "w"
    },
    {
      "square": "g2",
      "type": "p",
      "color": "w"
    },
    {
      "square": "c1",
      "type": "r",
      "color": "b"
    },
    {
      "square": "g1",
      "type": "k",
      "color": "w"
    }
  ],
  "nextTurn": "w"
}