{
  "event": "World Blitz Championship (Tiebreaks)",
  "site": "Moscow RUS",
  "date": "2019.12.30",
  "eventDate": "2019.12.30",
  "dateMillis": 1577635200000,
  "eventDateMillis": 1577635200000,
  "round": "1",
  "result": "1/2-1/2",
  "white": "Hikaru Nakamura",
  "black": "Magnus Carlsen",
  "isDingWin": false,
  "isDraw": true,
  "isDingBlack": true,
  "moves": [
    "Nxd6+",
    "cxd6",
    "Nxd5",
    "Ke6",
    "Nb4",
    "Ne4",
    "Kd3",
    "Ra3",
    "Rc8",
    "Kd7",
    "Rh8",
    "Nxc3",
    "Rh7+",
    "Ke6",
    "Rh6+",
    "Kf7",
    "Kc4",
    "Ne2",
    "Nd5",
    "Nxf4",
    "Nxf4",
    "Ra4+",
    "Kd5",
    "Rxf4",
    "Rxh5",
    "Kg6",
    "Rh8",
    "Re4",
    "h5+",
    "Kg5",
    "h6",
    "Rh4",
    "h7",
    "Kg6",
    "Kxd6",
    "Rxh7"
  ],
  "statePieceCount": 15,
  "endPieceCount": 5,
  "boardState": [
    {
      "square": "b8",
      "type": "r",
      "color": "w"
    },
    {
      "square": "c7",
      "type": "p",
      "color": "b"
    },
    {
      "square": "f7",
      "type": "k",
      "color": "b"
    },
    {
      "square": "d6",
      "type": "p",
      "color": "b"
    },
    {
      "square": "c5",
      "type": "n",
      "color": "b"
    },
    {
      "square": "d5",
      "type": "n",
      "color": "b"
    },
    {
      "square": "f5",
      "type": "p",
      "color": "b"
    },
    {
      "square": "h5",
      "type": "p",
      "color": "b"
    },
    {
      "square": "a4",
      "type": "r",
      "color": "b"
    },
    {
      "square": "c4",
      "type": "n",
      "color": "w"
    },
    {
      "square": "f4",
      "type": "p",
      "color": "w"
    },
    {
      "square": "h4",
      "type": "p",
      "color": "w"
    },
    {
      "square": "c3",
      "type": "p",
      "color": "w"
    },
    {
      "square": "e3",
      "type": "n",
      "color": "w"
    },
    {
      "square": "e2",
      "type": "k",
      "color": "w"
    }
  ]
}