{
  "event": "World Blitz Championship",
  "site": "Moscow RUS",
  "date": "2019.12.30",
  "eventDate": "2019.12.29",
  "dateMillis": 1577635200000,
  "eventDateMillis": 1577548800000,
  "round": "16.1",
  "result": "1-0",
  "white": "Magnus Carlsen",
  "black": "Daniil Dubov",
  "isCarlsenWin": true,
  "isDraw": false,
  "isCarlsenBlack": false,
  "moves": [
    "Qxg4",
    "Qxb7"
  ],
  "statePieceCount": 15,
  "endPieceCount": 13,
  "boardState": [
    {
      "square": "b7",
      "type": "b",
      "color": "b"
    },
    {
      "square": "f7",
      "type": "q",
      "color": "w"
    },
    {
      "square": "g7",
      "type": "p",
      "color": "b"
    },
    {
      "square": "h7",
      "type": "k",
      "color": "b"
    },
    {
      "square": "b6",
      "type": "p",
      "color": "b"
    },
    {
      "square": "f6",
      "type": "p",
      "color": "b"
    },
    {
      "square": "c5",
      "type": "p",
      "color": "b"
    },
    {
      "square": "g4",
      "type": "r",
      "color": "w"
    },
    {
      "square": "h4",
      "type": "q",
      "color": "b"
    },
    {
      "square": "a3",
      "type": "p",
      "color": "w"
    },
    {
      "square": "h3",
      "type": "n",
      "color": "w"
    },
    {
      "square": "b2",
      "type": "p",
      "color": "w"
    },
    {
      "square": "e2",
      "type": "p",
      "color": "w"
    },
    {
      "square": "h2",
      "type": "k",
      "color": "w"
    },
    {
      "square": "e1",
      "type": "r",
      "color": "w"
    }
  ],
  "nextTurn": "b"
}