{
  "event": "Tata Steel Masters",
  "site": "Wijk aan Zee NED",
  "date": "2020.01.26",
  "eventDate": "2020.01.11",
  "dateMillis": 1579968000000,
  "eventDateMillis": 1578672000000,
  "round": "13",
  "result": "1/2-1/2",
  "white": "Wesley So",
  "black": "Magnus Carlsen",
  "isDingWin": false,
  "isDraw": true,
  "isDingBlack": true,
  "moves": [
    "Rxe2",
    "Rc3",
    "Re7",
    "f3",
    "Ke8",
    "Kf2",
    "Kd7",
    "Ra3",
    "Re5",
    "Rxa7",
    "Rc5",
    "Ke3",
    "Rxc2",
    "g4",
    "h5",
    "gxh5",
    "Rc4",
    "Ra5",
    "Rxh4",
    "Rg5",
    "Ke6",
    "Rc5",
    "Ra4",
    "h6",
    "gxh6",
    "Rxc7",
    "Kf6",
    "Rc6+",
    "Kg7",
    "Rc2",
    "Kg6",
    "Kf2",
    "h5",
    "Kg3",
    "Kg5",
    "Rc7",
    "h4+",
    "Kh3",
    "f5",
    "Rh7",
    "Rc4",
    "Rh8",
    "Rc1",
    "a3",
    "Kf4",
    "Rh5",
    "Ra1",
    "a4",
    "Ra2",
    "Rxh4+",
    "Kxf3",
    "Rb4",
    "f4",
    "Rb3+",
    "Kf2",
    "Kg4",
    "Rxa4",
    "Rf3+",
    "Kg2",
    "Rxf4",
    "Rxf4+",
    "Kxf4"
  ],
  "statePieceCount": 15,
  "endPieceCount": 2,
  "boardState": [
    {
      "square": "e8",
      "type": "r",
      "color": "b"
    },
    {
      "square": "f8",
      "type": "k",
      "color": "b"
    },
    {
      "square": "a7",
      "type": "p",
      "color": "b"
    },
    {
      "square": "c7",
      "type": "p",
      "color": "b"
    },
    {
      "square": "f7",
      "type": "p",
      "color": "b"
    },
    {
      "square": "g7",
      "type": "p",
      "color": "b"
    },
    {
      "square": "h7",
      "type": "p",
      "color": "b"
    },
    {
      "square": "h4",
      "type": "p",
      "color": "w"
    },
    {
      "square": "b3",
      "type": "r",
      "color": "w"
    },
    {
      "square": "a2",
      "type": "p",
      "color": "w"
    },
    {
      "square": "c2",
      "type": "p",
      "color": "w"
    },
    {
      "square": "e2",
      "type": "b",
      "color": "w"
    },
    {
      "square": "f2",
      "type": "p",
      "color": "w"
    },
    {
      "square": "g2",
      "type": "p",
      "color": "w"
    },
    {
      "square": "g1",
      "type": "k",
      "color": "w"
    }
  ]
}