{
  "event": "Tata Steel Masters",
  "site": "Wijk aan Zee NED",
  "date": "2020.01.13",
  "eventDate": "2020.01.11",
  "dateMillis": 1578844800000,
  "eventDateMillis": 1578672000000,
  "round": "3",
  "result": "1/2-1/2",
  "white": "Magnus Carlsen",
  "black": "Jeffery Xiong",
  "isCarlsenWin": false,
  "isDraw": true,
  "isCarlsenBlack": false,
  "moves": [
    "Kxf4",
    "Rxa4+",
    "Kf3",
    "Ra3",
    "Ke4",
    "f6",
    "Rb8",
    "Bd7",
    "Rb7",
    "fxe5",
    "g5",
    "hxg5",
    "h6",
    "Kd6",
    "Rb6+",
    "Bc6+",
    "Rxc6+",
    "Kxc6",
    "h7",
    "Ra4+",
    "Kxe5",
    "Rh4",
    "Kf6",
    "g4",
    "Kg5",
    "Rh2",
    "Kxg4",
    "Kd5",
    "Bg6",
    "Rh6",
    "Kg5",
    "Rxh7",
    "Bxh7",
    "e5",
    "Kg4",
    "Kd4"
  ],
  "statePieceCount": 15,
  "endPieceCount": 5,
  "boardState": [
    {
      "square": "c8",
      "type": "b",
      "color": "b"
    },
    {
      "square": "e7",
      "type": "k",
      "color": "b"
    },
    {
      "square": "f7",
      "type": "p",
      "color": "b"
    },
    {
      "square": "a6",
      "type": "p",
      "color": "b"
    },
    {
      "square": "b6",
      "type": "r",
      "color": "w"
    },
    {
      "square": "e6",
      "type": "p",
      "color": "b"
    },
    {
      "square": "h6",
      "type": "p",
      "color": "b"
    },
    {
      "square": "a5",
      "type": "r",
      "color": "b"
    },
    {
      "square": "e5",
      "type": "p",
      "color": "w"
    },
    {
      "square": "h5",
      "type": "p",
      "color": "w"
    },
    {
      "square": "a4",
      "type": "p",
      "color": "w"
    },
    {
      "square": "f4",
      "type": "p",
      "color": "b"
    },
    {
      "square": "g4",
      "type": "p",
      "color": "w"
    },
    {
      "square": "d3",
      "type": "b",
      "color": "w"
    },
    {
      "square": "e3",
      "type": "k",
      "color": "w"
    }
  ],
  "nextTurn": "w"
}