{
  "event": "Magnus Carlsen Invitational",
  "site": "chess24.com INT",
  "date": "2020.04.26",
  "eventDate": "2020.04.18",
  "dateMillis": 1587830400000,
  "eventDateMillis": 1587139200000,
  "round": "5.3",
  "result": "1/2-1/2",
  "white": "Anish Giri",
  "black": "Magnus Carlsen",
  "isCarlsenWin": false,
  "isDraw": true,
  "isCarlsenBlack": true,
  "moves": [
    "Ne5",
    "Nxe5",
    "dxe5",
    "Qc5+",
    "Kh1",
    "Rf8",
    "Rf1",
    "Rxf1+",
    "Qxf1",
    "Qe7",
    "Qb5",
    "Kg7",
    "Qxb3",
    "Qh4+",
    "Kg1",
    "Qxg4",
    "Qd3",
    "h5",
    "Qd8",
    "Qf5",
    "Qd6",
    "Kxg6",
    "g3",
    "Qb1+",
    "Kh2",
    "Qc2+",
    "Kh3",
    "Qc4",
    "Qd1",
    "Qe4",
    "Qa1",
    "Kf5",
    "Qd1",
    "Kg6",
    "g4",
    "Qe3+",
    "Kh4",
    "Qf2+",
    "Kh3",
    "Qe3+",
    "Kh4",
    "Qg5+",
    "Kh3",
    "Qxe5",
    "Qd3+",
    "Kh6",
    "gxh5",
    "Kxh5",
    "Kg2",
    "Kg4",
    "Qf3+",
    "Kg5",
    "Qg3+",
    "Kf5",
    "Qf3+",
    "Qf4",
    "Qh5+",
    "Ke4",
    "Qe2+",
    "Qe3",
    "Qc4+",
    "Kf5",
    "Qb5+",
    "Kf4",
    "Qf1+",
    "Kg5",
    "Qc4",
    "e5",
    "Qg8+",
    "Kf4",
    "Qf7+",
    "Ke4",
    "Qb7+",
    "Kd3",
    "Qb3+",
    "Ke2",
    "Qb2+",
    "Kd3",
    "Qb3+",
    "Ke4",
    "Qb7+",
    "Kd3",
    "Qb3+"
  ],
  "statePieceCount": 15,
  "endPieceCount": 5,
  "boardState": [
    {
      "square": "g8",
      "type": "k",
      "color": "b"
    },
    {
      "square": "e6",
      "type": "p",
      "color": "b"
    },
    {
      "square": "f6",
      "type": "r",
      "color": "b"
    },
    {
      "square": "g6",
      "type": "p",
      "color": "w"
    },
    {
      "square": "h6",
      "type": "p",
      "color": "b"
    },
    {
      "square": "d5",
      "type": "q",
      "color": "b"
    },
    {
      "square": "c4",
      "type": "n",
      "color": "b"
    },
    {
      "square": "d4",
      "type": "p",
      "color": "w"
    },
    {
      "square": "g4",
      "type": "p",
      "color": "w"
    },
    {
      "square": "b3",
      "type": "p",
      "color": "b"
    },
    {
      "square": "f3",
      "type": "n",
      "color": "w"
    },
    {
      "square": "e2",
      "type": "q",
      "color": "w"
    },
    {
      "square": "g2",
      "type": "p",
      "color": "w"
    },
    {
      "square": "d1",
      "type": "r",
      "color": "w"
    },
    {
      "square": "g1",
      "type": "k",
      "color": "w"
    }
  ],
  "nextTurn": "w"
}