{
  "event": "Magnus Carlsen Invitational",
  "site": "chess24.com INT",
  "date": "2020.04.22",
  "eventDate": "2020.04.18",
  "dateMillis": 1587484800000,
  "eventDateMillis": 1587139200000,
  "round": "3.3",
  "result": "1/2-1/2",
  "white": "Fabiano Caruana",
  "black": "Magnus Carlsen",
  "isCarlsenWin": false,
  "isDraw": true,
  "isCarlsenBlack": true,
  "moves": [
    "Nxc2",
    "Qxf4",
    "Nd4",
    "Qe4",
    "Qb6",
    "Rd5",
    "Nf3",
    "Rd3",
    "Qb8+",
    "Kh7",
    "Qb1",
    "Re3",
    "Qf1",
    "Rd3",
    "Bf2",
    "Rb3",
    "Kh2",
    "Rb1",
    "Qa6",
    "Rb2",
    "Qa7",
    "Qf4+",
    "Kh1",
    "Qc1+",
    "Bg1",
    "Qc2",
    "Nh4",
    "Qe4",
    "Qe7",
    "Rb7",
    "Qd8",
    "Rb3",
    "Nf3",
    "Rxf3",
    "gxf3",
    "Qxf3+",
    "Kh2",
    "Qf4+",
    "Kg2",
    "Qe4+",
    "Kf1",
    "Qf3+",
    "Bf2",
    "Qxh3+",
    "Kg1",
    "Qg4+",
    "Kf1",
    "Qh3+",
    "Kg1",
    "Qg4+",
    "Kf1",
    "Qh3+"
  ],
  "statePieceCount": 15,
  "endPieceCount": 9,
  "boardState": [
    {
      "square": "d8",
      "type": "r",
      "color": "b"
    },
    {
      "square": "g8",
      "type": "k",
      "color": "b"
    },
    {
      "square": "a7",
      "type": "q",
      "color": "w"
    },
    {
      "square": "f7",
      "type": "p",
      "color": "b"
    },
    {
      "square": "g7",
      "type": "p",
      "color": "b"
    },
    {
      "square": "h6",
      "type": "p",
      "color": "b"
    },
    {
      "square": "e5",
      "type": "p",
      "color": "w"
    },
    {
      "square": "d4",
      "type": "q",
      "color": "b"
    },
    {
      "square": "f4",
      "type": "p",
      "color": "w"
    },
    {
      "square": "e3",
      "type": "n",
      "color": "w"
    },
    {
      "square": "h3",
      "type": "p",
      "color": "w"
    },
    {
      "square": "c2",
      "type": "r",
      "color": "b"
    },
    {
      "square": "g2",
      "type": "p",
      "color": "w"
    },
    {
      "square": "g1",
      "type": "b",
      "color": "w"
    },
    {
      "square": "h1",
      "type": "k",
      "color": "w"
    }
  ],
  "nextTurn": "w"
}