{
  "event": "Magnus Carlsen Invitational",
  "site": "chess24.com INT",
  "date": "2020.04.28",
  "eventDate": "2020.04.18",
  "dateMillis": 1588003200000,
  "eventDateMillis": 1587139200000,
  "round": "6.2",
  "result": "1/2-1/2",
  "white": "Ian Nepomniachtchi",
  "black": "Magnus Carlsen",
  "isCarlsenWin": false,
  "isDraw": true,
  "isCarlsenBlack": true,
  "moves": [
    "Qa1",
    "Ke8",
    "Rxd4",
    "Qe6",
    "h4",
    "Rd7",
    "Qa4",
    "Ne5",
    "Bf4",
    "Nc6",
    "Rc4",
    "Ne7",
    "Rc7",
    "Nd5",
    "Rc6",
    "Qe1+",
    "Kh2",
    "Kf7",
    "Qa2",
    "Qe4",
    "g3",
    "h6",
    "h5",
    "Qf3",
    "Kg1",
    "Kg8",
    "Rc8+",
    "Kh7",
    "Qa8",
    "Qd1+",
    "Kh2",
    "Qxh5+",
    "Kg1",
    "Qd1+",
    "Kh2",
    "Nxf4",
    "Rh8+",
    "Kg6",
    "Qe8+",
    "Kg5",
    "gxf4+",
    "Kxf4",
    "Rf8",
    "Kg5",
    "Qe3+",
    "Kg6",
    "Qe6+",
    "Kh7",
    "Qg8+",
    "Kg6",
    "Qe6+",
    "Kh7",
    "Qg8+",
    "Kg6",
    "Qe6+"
  ],
  "statePieceCount": 15,
  "endPieceCount": 10,
  "boardState": [
    {
      "square": "c7",
      "type": "r",
      "color": "b"
    },
    {
      "square": "d7",
      "type": "k",
      "color": "b"
    },
    {
      "square": "g7",
      "type": "p",
      "color": "b"
    },
    {
      "square": "h7",
      "type": "p",
      "color": "b"
    },
    {
      "square": "g6",
      "type": "n",
      "color": "b"
    },
    {
      "square": "d5",
      "type": "q",
      "color": "b"
    },
    {
      "square": "f5",
      "type": "p",
      "color": "b"
    },
    {
      "square": "b4",
      "type": "r",
      "color": "w"
    },
    {
      "square": "d4",
      "type": "p",
      "color": "b"
    },
    {
      "square": "d2",
      "type": "b",
      "color": "w"
    },
    {
      "square": "f2",
      "type": "p",
      "color": "w"
    },
    {
      "square": "g2",
      "type": "p",
      "color": "w"
    },
    {
      "square": "h2",
      "type": "p",
      "color": "w"
    },
    {
      "square": "e1",
      "type": "q",
      "color": "w"
    },
    {
      "square": "g1",
      "type": "k",
      "color": "w"
    }
  ],
  "nextTurn": "w"
}