{
  "event": "Magnus Carlsen Invitational",
  "site": "chess24.com INT",
  "date": "2020.05.03",
  "eventDate": "2020.04.18",
  "dateMillis": 1588435200000,
  "eventDateMillis": 1587139200000,
  "round": "2.1",
  "result": "1-0",
  "white": "Magnus Carlsen",
  "black": "Hikaru Nakamura",
  "isCarlsenWin": true,
  "isDraw": false,
  "isCarlsenBlack": false,
  "moves": [
    "Rxe6",
    "fxe6",
    "Rb5",
    "Ra1",
    "Rxb7",
    "Rf1+",
    "Ke2",
    "Rh1",
    "h4",
    "Rg1",
    "Kf2",
    "Rd1",
    "Rb3",
    "Ra1",
    "Nd6",
    "Be5",
    "Ne4",
    "Ra5",
    "Kf3",
    "Kf5",
    "Nd2",
    "Bf6",
    "Nc4",
    "Ra1",
    "Nd6+",
    "Kg6",
    "Ne4",
    "Re1",
    "Kf2",
    "Re3",
    "Nd2",
    "Re5",
    "Ne4",
    "Rf5+",
    "Ke2",
    "Ra5",
    "Rb6",
    "Kf5",
    "Kf3",
    "Be5",
    "Rb3",
    "Ra1",
    "Rb5",
    "Re1",
    "Nd6+",
    "Kg6",
    "Nc4",
    "Bf6",
    "Rb6",
    "Kf5",
    "Kf2",
    "Rd1",
    "Nd6+",
    "Kg4",
    "Ne4",
    "Be5",
    "Rxe6",
    "Kf5",
    "Ke2",
    "Rg1",
    "Rh6",
    "Bxg3",
    "Rxh5+",
    "Kf4",
    "Rh8",
    "Re1+",
    "Kd2",
    "Re3",
    "h5",
    "Be1+",
    "Kc2",
    "Rh3",
    "h6",
    "Kf5",
    "h7",
    "Kg6",
    "Rg8+",
    "Kxh7",
    "Nf6+",
    "Kh6",
    "Rh8+",
    "Kg6",
    "Rxh3",
    "Kxf6",
    "Kb3",
    "Ke5",
    "Kc4",
    "Bf2",
    "Rf3",
    "Be3",
    "Rf8",
    "Ke6",
    "Kc5",
    "Bg1",
    "Kc6",
    "Be3",
    "Re8+"
  ],
  "statePieceCount": 15,
  "endPieceCount": 6,
  "boardState": [
    {
      "square": "b7",
      "type": "p",
      "color": "b"
    },
    {
      "square": "f7",
      "type": "p",
      "color": "b"
    },
    {
      "square": "b6",
      "type": "r",
      "color": "w"
    },
    {
      "square": "e6",
      "type": "r",
      "color": "b"
    },
    {
      "square": "f6",
      "type": "b",
      "color": "b"
    },
    {
      "square": "g6",
      "type": "k",
      "color": "b"
    },
    {
      "square": "d5",
      "type": "r",
      "color": "w"
    },
    {
      "square": "h5",
      "type": "p",
      "color": "b"
    },
    {
      "square": "a4",
      "type": "r",
      "color": "b"
    },
    {
      "square": "c4",
      "type": "n",
      "color": "w"
    },
    {
      "square": "d4",
      "type": "p",
      "color": "b"
    },
    {
      "square": "d3",
      "type": "p",
      "color": "w"
    },
    {
      "square": "f3",
      "type": "k",
      "color": "w"
    },
    {
      "square": "g3",
      "type": "p",
      "color": "w"
    },
    {
      "square": "h2",
      "type": "p",
      "color": "w"
    }
  ],
  "nextTurn": "w"
}