{
  "event": "Magnus Carlsen Invitational",
  "site": "chess24.com INT",
  "date": "2020.05.03",
  "eventDate": "2020.04.18",
  "dateMillis": 1588435200000,
  "eventDateMillis": 1587139200000,
  "round": "2.4",
  "result": "1/2-1/2",
  "white": "Hikaru Nakamura",
  "black": "Magnus Carlsen",
  "isCarlsenWin": false,
  "isDraw": true,
  "isCarlsenBlack": true,
  "moves": [
    "Be7",
    "Ne4",
    "f5",
    "Ng3",
    "g6",
    "a4",
    "Kf7",
    "Ne2",
    "Kf6",
    "Ra6",
    "Rb2",
    "Nf4",
    "Kf7",
    "Nd3",
    "Ra2",
    "Ra7",
    "Kf6",
    "f4",
    "Bd6",
    "Ra6",
    "Ke7",
    "Ne5",
    "Bxe5",
    "fxe5",
    "Kd7",
    "Kg2",
    "g5",
    "Rd6+",
    "Ke7",
    "Ra6",
    "Kd7",
    "a5",
    "h5",
    "Rd6+",
    "Ke7",
    "a6",
    "h4",
    "Rb6",
    "Kd7",
    "Rd6+",
    "Ke7",
    "h3",
    "Ra5",
    "f4",
    "g4",
    "Rb6",
    "Ra2+",
    "Kh1",
    "Ra1+",
    "Kg2",
    "Ra2+",
    "Kf1",
    "Ra1+",
    "Kg2",
    "Ra2+"
  ],
  "statePieceCount": 15,
  "endPieceCount": 13,
  "boardState": [
    {
      "square": "b8",
      "type": "r",
      "color": "b"
    },
    {
      "square": "e8",
      "type": "k",
      "color": "b"
    },
    {
      "square": "a7",
      "type": "r",
      "color": "w"
    },
    {
      "square": "f7",
      "type": "p",
      "color": "b"
    },
    {
      "square": "g7",
      "type": "p",
      "color": "b"
    },
    {
      "square": "h7",
      "type": "p",
      "color": "b"
    },
    {
      "square": "e6",
      "type": "p",
      "color": "b"
    },
    {
      "square": "f6",
      "type": "b",
      "color": "b"
    },
    {
      "square": "c5",
      "type": "n",
      "color": "w"
    },
    {
      "square": "a3",
      "type": "p",
      "color": "w"
    },
    {
      "square": "e3",
      "type": "p",
      "color": "w"
    },
    {
      "square": "f3",
      "type": "p",
      "color": "w"
    },
    {
      "square": "f2",
      "type": "p",
      "color": "w"
    },
    {
      "square": "h2",
      "type": "p",
      "color": "w"
    },
    {
      "square": "g1",
      "type": "k",
      "color": "w"
    }
  ],
  "nextTurn": "b"
}