{
  "event": "Lindores Abbey Rapid Challenge",
  "site": "chess24.com INT",
  "date": "2020.05.19",
  "eventDate": "2020.05.19",
  "dateMillis": 1589817600000,
  "eventDateMillis": 1589817600000,
  "round": "3.2",
  "result": "1/2-1/2",
  "white": "Ding Liren",
  "black": "Magnus Carlsen",
  "isCarlsenWin": false,
  "isDraw": true,
  "isCarlsenBlack": true,
  "moves": [
    "fxe4",
    "Ne5",
    "Nf5+",
    "Kf6",
    "Rd6+",
    "Kg5",
    "Kd4",
    "Kf4",
    "Ng7",
    "Nf3+",
    "Kc3",
    "Ne5",
    "Kd4",
    "Nf3+",
    "Kc3",
    "Ne5",
    "Kd4"
  ],
  "statePieceCount": 15,
  "endPieceCount": 14,
  "boardState": [
    {
      "square": "d7",
      "type": "n",
      "color": "b"
    },
    {
      "square": "e7",
      "type": "k",
      "color": "b"
    },
    {
      "square": "f7",
      "type": "r",
      "color": "b"
    },
    {
      "square": "h7",
      "type": "p",
      "color": "b"
    },
    {
      "square": "b6",
      "type": "p",
      "color": "b"
    },
    {
      "square": "c6",
      "type": "p",
      "color": "b"
    },
    {
      "square": "h6",
      "type": "p",
      "color": "w"
    },
    {
      "square": "a4",
      "type": "p",
      "color": "b"
    },
    {
      "square": "d4",
      "type": "n",
      "color": "w"
    },
    {
      "square": "e4",
      "type": "p",
      "color": "b"
    },
    {
      "square": "a3",
      "type": "p",
      "color": "w"
    },
    {
      "square": "e3",
      "type": "k",
      "color": "w"
    },
    {
      "square": "f3",
      "type": "p",
      "color": "w"
    },
    {
      "square": "b2",
      "type": "p",
      "color": "w"
    },
    {
      "square": "d1",
      "type": "r",
      "color": "w"
    }
  ],
  "nextTurn": "w"
}