{
  "event": "Lindores Abbey Rapid Challenge",
  "site": "chess24.com INT",
  "date": "2020.05.19",
  "eventDate": "2020.05.19",
  "dateMillis": 1589817600000,
  "eventDateMillis": 1589817600000,
  "round": "4.5",
  "result": "1/2-1/2",
  "white": "Magnus Carlsen",
  "black": "Hikaru Nakamura",
  "isCarlsenWin": false,
  "isDraw": true,
  "isCarlsenBlack": false,
  "moves": [
    "Bc3",
    "Kc2",
    "Be1",
    "Qd5",
    "Qxf3",
    "Qe5+",
    "Kg8",
    "Qe8+",
    "Kg7",
    "Qe5+",
    "Kg8",
    "Qe8+",
    "Kg7",
    "Qe5+"
  ],
  "statePieceCount": 15,
  "endPieceCount": 14,
  "boardState": [
    {
      "square": "b7",
      "type": "r",
      "color": "w"
    },
    {
      "square": "f7",
      "type": "n",
      "color": "b"
    },
    {
      "square": "g7",
      "type": "k",
      "color": "b"
    },
    {
      "square": "a6",
      "type": "p",
      "color": "b"
    },
    {
      "square": "f6",
      "type": "q",
      "color": "b"
    },
    {
      "square": "h6",
      "type": "p",
      "color": "b"
    },
    {
      "square": "a5",
      "type": "p",
      "color": "w"
    },
    {
      "square": "c5",
      "type": "q",
      "color": "w"
    },
    {
      "square": "g5",
      "type": "p",
      "color": "b"
    },
    {
      "square": "h5",
      "type": "p",
      "color": "w"
    },
    {
      "square": "e4",
      "type": "p",
      "color": "w"
    },
    {
      "square": "g4",
      "type": "p",
      "color": "w"
    },
    {
      "square": "f3",
      "type": "p",
      "color": "w"
    },
    {
      "square": "b2",
      "type": "b",
      "color": "b"
    },
    {
      "square": "b1",
      "type": "k",
      "color": "w"
    }
  ],
  "nextTurn": "b"
}