{
  "event": "Lindores Abbey Rapid Challenge",
  "site": "chess24.com INT",
  "date": "2020.05.26",
  "eventDate": "2020.05.23",
  "dateMillis": 1590422400000,
  "eventDateMillis": 1590163200000,
  "round": "1.21",
  "result": "0-1",
  "white": "Wesley So",
  "black": "Magnus Carlsen",
  "isCarlsenWin": true,
  "isDraw": false,
  "isCarlsenBlack": true,
  "moves": [
    "Bxc4",
    "a4",
    "Rxh4",
    "axb5",
    "axb5",
    "Kd2",
    "Kf7",
    "Ra1",
    "Rf4",
    "Ra7+",
    "Kf6",
    "Ra6+",
    "Kg5",
    "Ke1",
    "d2+",
    "Kxd2",
    "Rxf2+",
    "Kd1",
    "Rf4",
    "Rc6",
    "Kh5",
    "Rc8",
    "g5",
    "Rh8+",
    "Kg6",
    "Ke1",
    "g4",
    "Rh4",
    "Kg5",
    "Rh7",
    "Rf3",
    "Kd2",
    "Rf2+",
    "Kd1",
    "g3"
  ],
  "statePieceCount": 15,
  "endPieceCount": 9,
  "boardState": [
    {
      "square": "f8",
      "type": "k",
      "color": "b"
    },
    {
      "square": "g7",
      "type": "p",
      "color": "b"
    },
    {
      "square": "a6",
      "type": "p",
      "color": "b"
    },
    {
      "square": "e6",
      "type": "b",
      "color": "b"
    },
    {
      "square": "b5",
      "type": "p",
      "color": "b"
    },
    {
      "square": "c4",
      "type": "p",
      "color": "w"
    },
    {
      "square": "f4",
      "type": "r",
      "color": "b"
    },
    {
      "square": "h4",
      "type": "p",
      "color": "w"
    },
    {
      "square": "c3",
      "type": "p",
      "color": "w"
    },
    {
      "square": "d3",
      "type": "p",
      "color": "b"
    },
    {
      "square": "e3",
      "type": "n",
      "color": "w"
    },
    {
      "square": "a2",
      "type": "p",
      "color": "w"
    },
    {
      "square": "f2",
      "type": "p",
      "color": "w"
    },
    {
      "square": "d1",
      "type": "r",
      "color": "w"
    },
    {
      "square": "e1",
      "type": "k",
      "color": "w"
    }
  ],
  "nextTurn": "b"
}