{
  "event": "Lindores Abbey Rapid Challenge",
  "site": "chess24.com INT",
  "date": "2020.05.30",
  "eventDate": "2020.05.23",
  "dateMillis": 1590768000000,
  "eventDateMillis": 1590163200000,
  "round": "2.33",
  "result": "1-0",
  "white": "Magnus Carlsen",
  "black": "Hikaru Nakamura",
  "isDingWin": true,
  "isDraw": false,
  "isDingBlack": false,
  "moves": [
    "h4",
    "Rc5",
    "Bb2",
    "Rb5",
    "Ba3",
    "Rc8",
    "h5",
    "Ra5",
    "Bb2",
    "Rxa2",
    "Rd2",
    "Kg8",
    "Bb1",
    "Ra5",
    "Rd7",
    "Rb5",
    "Ba2+",
    "Kh7",
    "Bxg7",
    "g4",
    "Be5+",
    "Kh6",
    "Bf4+",
    "Kxh5",
    "Bf7+",
    "Kh4",
    "Kh2",
    "g3+",
    "fxg3+",
    "Kg4",
    "Be6+",
    "Kh5",
    "Rh7+",
    "Kg6",
    "Rh6+",
    "Kg7",
    "Bxc8"
  ],
  "statePieceCount": 15,
  "endPieceCount": 10,
  "boardState": [
    {
      "square": "c8",
      "type": "r",
      "color": "b"
    },
    {
      "square": "f8",
      "type": "r",
      "color": "b"
    },
    {
      "square": "h8",
      "type": "k",
      "color": "b"
    },
    {
      "square": "a7",
      "type": "p",
      "color": "b"
    },
    {
      "square": "b7",
      "type": "p",
      "color": "b"
    },
    {
      "square": "g7",
      "type": "p",
      "color": "b"
    },
    {
      "square": "g6",
      "type": "b",
      "color": "w"
    },
    {
      "square": "e5",
      "type": "b",
      "color": "w"
    },
    {
      "square": "g5",
      "type": "p",
      "color": "b"
    },
    {
      "square": "a2",
      "type": "p",
      "color": "w"
    },
    {
      "square": "f2",
      "type": "p",
      "color": "w"
    },
    {
      "square": "g2",
      "type": "p",
      "color": "w"
    },
    {
      "square": "h2",
      "type": "p",
      "color": "w"
    },
    {
      "square": "d1",
      "type": "r",
      "color": "w"
    },
    {
      "square": "g1",
      "type": "k",
      "color": "w"
    }
  ]
}