{
  "event": "Lindores Abbey Rapid Challenge",
  "site": "chess24.com INT",
  "date": "2020.05.29",
  "eventDate": "2020.05.19",
  "dateMillis": 1590681600000,
  "eventDateMillis": 1589817600000,
  "round": "2.22",
  "result": "1/2-1/2",
  "white": "Magnus Carlsen",
  "black": "Hikaru Nakamura",
  "isCarlsenWin": false,
  "isDraw": true,
  "isCarlsenBlack": false,
  "moves": [
    "Rxh4",
    "Rdd2",
    "Rh1+",
    "Ka2",
    "Rg1",
    "Bxh5",
    "g6",
    "Bxg6",
    "Rxg6",
    "Rh2+",
    "Kg7",
    "Rhg2",
    "Rd8",
    "Rxg6+",
    "Kxg6",
    "Re2",
    "Rf8",
    "b4",
    "Rf2",
    "Rxf2",
    "Bxf2",
    "Kb3",
    "Kf5",
    "Kc4",
    "Ke6",
    "Kb5",
    "Kd7",
    "Ka6",
    "Kc7",
    "b5",
    "Be3",
    "b4",
    "Bd2",
    "Kxa7",
    "Bxc3",
    "b6+",
    "Kc6",
    "b7",
    "Be5",
    "b8=Q",
    "Bxb8+",
    "Kxb8",
    "Kb5",
    "Kb7",
    "Kxb4"
  ],
  "statePieceCount": 15,
  "endPieceCount": 2,
  "boardState": [
    {
      "square": "f8",
      "type": "r",
      "color": "b"
    },
    {
      "square": "h8",
      "type": "k",
      "color": "b"
    },
    {
      "square": "a7",
      "type": "p",
      "color": "b"
    },
    {
      "square": "g7",
      "type": "p",
      "color": "b"
    },
    {
      "square": "b6",
      "type": "b",
      "color": "b"
    },
    {
      "square": "g6",
      "type": "b",
      "color": "w"
    },
    {
      "square": "h5",
      "type": "p",
      "color": "b"
    },
    {
      "square": "f4",
      "type": "r",
      "color": "b"
    },
    {
      "square": "h4",
      "type": "p",
      "color": "w"
    },
    {
      "square": "b3",
      "type": "p",
      "color": "w"
    },
    {
      "square": "c3",
      "type": "p",
      "color": "w"
    },
    {
      "square": "b2",
      "type": "p",
      "color": "w"
    },
    {
      "square": "e2",
      "type": "r",
      "color": "w"
    },
    {
      "square": "b1",
      "type": "k",
      "color": "w"
    },
    {
      "square": "d1",
      "type": "r",
      "color": "w"
    }
  ],
  "nextTurn": "b"
}