{
  "event": "Clutch International",
  "site": "lichess.org INT",
  "date": "2020.06.06",
  "eventDate": "2020.06.06",
  "dateMillis": 1591372800000,
  "eventDateMillis": 1591372800000,
  "round": "1.6",
  "result": "1/2-1/2",
  "white": "Jeffery Xiong",
  "black": "Magnus Carlsen",
  "isDingWin": false,
  "isDraw": true,
  "isDingBlack": true,
  "moves": [
    "Rxe5+",
    "Rxe5",
    "Rxc4",
    "Kd3",
    "Rg4",
    "g3",
    "Kc6",
    "c4",
    "Rg5",
    "Re7",
    "a5",
    "Kd4",
    "Kd6",
    "Rb7",
    "Rg4+",
    "Kd3",
    "Kc6",
    "Re7",
    "h5",
    "Re6+",
    "Kc7",
    "Re5",
    "g6",
    "Re6",
    "Rg5",
    "Kd4",
    "Kb7",
    "Rf6",
    "h4",
    "gxh4",
    "Rg4+",
    "Kc3",
    "Rxh4",
    "Rxg6",
    "Rxh2",
    "c5",
    "Rh3+",
    "Kc4",
    "bxc5",
    "Kxc5",
    "Rxa3",
    "Kb5",
    "a4",
    "Rg7+",
    "Kc8",
    "Rg4",
    "Kc7",
    "Rxa4",
    "Rxa4",
    "Kxa4"
  ],
  "statePieceCount": 15,
  "endPieceCount": 2,
  "boardState": [
    {
      "square": "c8",
      "type": "r",
      "color": "b"
    },
    {
      "square": "a7",
      "type": "p",
      "color": "b"
    },
    {
      "square": "b7",
      "type": "k",
      "color": "b"
    },
    {
      "square": "e7",
      "type": "r",
      "color": "b"
    },
    {
      "square": "g7",
      "type": "p",
      "color": "b"
    },
    {
      "square": "b6",
      "type": "p",
      "color": "b"
    },
    {
      "square": "h6",
      "type": "p",
      "color": "b"
    },
    {
      "square": "d5",
      "type": "r",
      "color": "w"
    },
    {
      "square": "e5",
      "type": "r",
      "color": "w"
    },
    {
      "square": "c4",
      "type": "p",
      "color": "w"
    },
    {
      "square": "a3",
      "type": "p",
      "color": "w"
    },
    {
      "square": "c3",
      "type": "p",
      "color": "w"
    },
    {
      "square": "e3",
      "type": "k",
      "color": "w"
    },
    {
      "square": "g2",
      "type": "p",
      "color": "w"
    },
    {
      "square": "h2",
      "type": "p",
      "color": "w"
    }
  ]
}