{
  "event": "Lindores Abbey Rapid Challenge",
  "site": "chess24.com INT",
  "date": "2020.05.30",
  "eventDate": "2020.05.23",
  "dateMillis": 1590768000000,
  "eventDateMillis": 1590163200000,
  "round": "2.35",
  "result": "0-1",
  "white": "Magnus Carlsen",
  "black": "Hikaru Nakamura",
  "isCarlsenWin": false,
  "isDraw": false,
  "isCarlsenBlack": false,
  "moves": [
    "Qxc6",
    "Rf8"
  ],
  "statePieceCount": 15,
  "endPieceCount": 14,
  "boardState": [
    {
      "square": "h8",
      "type": "k",
      "color": "b"
    },
    {
      "square": "f7",
      "type": "r",
      "color": "b"
    },
    {
      "square": "g7",
      "type": "p",
      "color": "b"
    },
    {
      "square": "h7",
      "type": "p",
      "color": "b"
    },
    {
      "square": "c6",
      "type": "p",
      "color": "b"
    },
    {
      "square": "f6",
      "type": "p",
      "color": "b"
    },
    {
      "square": "a4",
      "type": "n",
      "color": "b"
    },
    {
      "square": "b4",
      "type": "q",
      "color": "b"
    },
    {
      "square": "h4",
      "type": "p",
      "color": "w"
    },
    {
      "square": "b3",
      "type": "n",
      "color": "w"
    },
    {
      "square": "f3",
      "type": "q",
      "color": "w"
    },
    {
      "square": "g3",
      "type": "p",
      "color": "w"
    },
    {
      "square": "b2",
      "type": "p",
      "color": "w"
    },
    {
      "square": "f2",
      "type": "p",
      "color": "w"
    },
    {
      "square": "h2",
      "type": "k",
      "color": "w"
    }
  ],
  "nextTurn": "w"
}