{
  "event": "Clutch International",
  "site": "lichess.org INT",
  "date": "2020.06.11",
  "eventDate": "2020.06.06",
  "dateMillis": 1591804800000,
  "eventDateMillis": 1591372800000,
  "round": "2.4",
  "result": "1/2-1/2",
  "white": "Levon Aronian",
  "black": "Magnus Carlsen",
  "isCarlsenWin": false,
  "isDraw": true,
  "isCarlsenBlack": true,
  "moves": [
    "Qb5",
    "Qg3+",
    "Kf7",
    "Rh4",
    "Qc5",
    "Rh7",
    "Rg8",
    "h4",
    "Qd4",
    "h5",
    "Kf8",
    "Kh3",
    "a4",
    "Qa3+",
    "Kf7",
    "Qg3",
    "Kf8",
    "Qa3+",
    "Ke8",
    "Qg3",
    "f4",
    "Qg6+",
    "Kf8",
    "Qg5",
    "Qd3+",
    "Kh4",
    "Qxh7",
    "Qd8+",
    "Kf7",
    "Qxd7+",
    "Kf8",
    "Qd8+",
    "Kf7",
    "Qd7+",
    "Kf8",
    "Qd8+",
    "Kf7",
    "Qd7+"
  ],
  "statePieceCount": 15,
  "endPieceCount": 13,
  "boardState": [
    {
      "square": "d8",
      "type": "r",
      "color": "b"
    },
    {
      "square": "d7",
      "type": "p",
      "color": "b"
    },
    {
      "square": "g7",
      "type": "p",
      "color": "b"
    },
    {
      "square": "e6",
      "type": "p",
      "color": "b"
    },
    {
      "square": "g6",
      "type": "k",
      "color": "b"
    },
    {
      "square": "a5",
      "type": "p",
      "color": "b"
    },
    {
      "square": "e5",
      "type": "p",
      "color": "w"
    },
    {
      "square": "f5",
      "type": "p",
      "color": "b"
    },
    {
      "square": "a4",
      "type": "q",
      "color": "b"
    },
    {
      "square": "d4",
      "type": "r",
      "color": "w"
    },
    {
      "square": "h4",
      "type": "q",
      "color": "w"
    },
    {
      "square": "h3",
      "type": "p",
      "color": "w"
    },
    {
      "square": "a2",
      "type": "p",
      "color": "w"
    },
    {
      "square": "g2",
      "type": "p",
      "color": "w"
    },
    {
      "square": "h2",
      "type": "k",
      "color": "w"
    }
  ],
  "nextTurn": "b"
}