{
  "event": "Chessable Masters",
  "site": "chess24.com INT",
  "date": "2020.06.20",
  "eventDate": "2020.06.20",
  "dateMillis": 1592582400000,
  "eventDateMillis": 1592582400000,
  "round": "1.3",
  "result": "1/2-1/2",
  "white": "Hikaru Nakamura",
  "black": "Magnus Carlsen",
  "isCarlsenWin": false,
  "isDraw": true,
  "isCarlsenBlack": true,
  "moves": [
    "Rxc3",
    "Qxa4",
    "Kh2",
    "Qd7",
    "Ra3",
    "a5",
    "g3",
    "Qd5",
    "Qc3",
    "Ra8",
    "h4",
    "a4",
    "Qb4",
    "Qc6",
    "Qd4",
    "h5",
    "Qb4",
    "g6",
    "Qd4",
    "Kh7",
    "Qf4",
    "Qd7",
    "Qb4",
    "Ra6",
    "Qf4",
    "Ra5",
    "Qb4",
    "Rf5",
    "Qb2",
    "Qa7",
    "Re3",
    "Qc5",
    "Kg1",
    "Qc6",
    "Qa2",
    "Kg7",
    "Kh2",
    "Kh7",
    "Ra3",
    "Qc5",
    "Kg2",
    "Qc6+",
    "Kh2",
    "Qc5",
    "Kg2",
    "Rxf2+",
    "Qxf2",
    "Qxa3",
    "Qxf7+",
    "Kh6",
    "Qg8",
    "Qb2+",
    "Kh3",
    "Qg7",
    "Qe8",
    "Qd4",
    "Qe7",
    "Qd5",
    "Kh2",
    "Qa2+",
    "Kh3",
    "Qd5",
    "Kh2",
    "Qd4",
    "Kh3",
    "Qa1",
    "Kh2",
    "Qa2+",
    "Kh3",
    "Qc4",
    "Kh2",
    "Qc2+",
    "Kh3",
    "Qf5+",
    "Kh2",
    "Qc8",
    "Qe3+",
    "Kh7",
    "Qa7+"
  ],
  "statePieceCount": 15,
  "endPieceCount": 9,
  "boardState": [
    {
      "square": "d8",
      "type": "r",
      "color": "b"
    },
    {
      "square": "g8",
      "type": "k",
      "color": "b"
    },
    {
      "square": "a7",
      "type": "p",
      "color": "b"
    },
    {
      "square": "f7",
      "type": "p",
      "color": "b"
    },
    {
      "square": "g7",
      "type": "p",
      "color": "b"
    },
    {
      "square": "h6",
      "type": "p",
      "color": "b"
    },
    {
      "square": "a4",
      "type": "p",
      "color": "w"
    },
    {
      "square": "d4",
      "type": "q",
      "color": "b"
    },
    {
      "square": "c3",
      "type": "n",
      "color": "b"
    },
    {
      "square": "f3",
      "type": "q",
      "color": "w"
    },
    {
      "square": "h3",
      "type": "p",
      "color": "w"
    },
    {
      "square": "f2",
      "type": "p",
      "color": "w"
    },
    {
      "square": "g2",
      "type": "p",
      "color": "w"
    },
    {
      "square": "c1",
      "type": "r",
      "color": "w"
    },
    {
      "square": "g1",
      "type": "k",
      "color": "w"
    }
  ],
  "nextTurn": "w"
}