{
  "event": "Chessable Masters",
  "site": "chess24.com INT",
  "date": "2020.06.20",
  "eventDate": "2020.06.20",
  "dateMillis": 1592582400000,
  "eventDateMillis": 1592582400000,
  "round": "2.1",
  "result": "0-1",
  "white": "Pentala Harikrishna",
  "black": "Magnus Carlsen",
  "isDingWin": true,
  "isDraw": false,
  "isDingBlack": true,
  "moves": [
    "Ng5",
    "Bd5",
    "Bf3",
    "Bxf3",
    "Qxf3",
    "Qf6",
    "Qe3",
    "Ne6",
    "Nf3",
    "Qf5",
    "Kg2",
    "Qd5",
    "Kg1",
    "Kf6",
    "Qc3+",
    "Ke7",
    "Qe3",
    "Qc5",
    "Qd3",
    "Qc1+",
    "Kg2",
    "Qc6",
    "Kg1",
    "Nc5",
    "Qe3+",
    "Qe4",
    "Qc3",
    "Ne6",
    "Qa3",
    "Ke8",
    "Kg2",
    "g5",
    "Kg1",
    "g4",
    "Ng5",
    "Nxg5",
    "hxg5",
    "Qe1+",
    "Kg2",
    "Qe5",
    "Qa8+",
    "Ke7",
    "Qg8",
    "Qe4+",
    "Kg1",
    "Qg6",
    "Qc8",
    "Qb1+",
    "Kh2",
    "Qb6",
    "Kg2",
    "Qc5",
    "Qg8",
    "Qf5",
    "Qb8",
    "Qe4+",
    "Kg1",
    "d5",
    "Qc7+",
    "Kf8",
    "Qd8+",
    "Kg7",
    "Qf6+",
    "Kg8",
    "Qd8+",
    "Kh7",
    "Qf6",
    "Qg6",
    "Qf4",
    "Qe6",
    "Qd4",
    "Kg6",
    "Kf1",
    "Kxg5",
    "Qg7+",
    "Kf5",
    "Qh8",
    "Ke4",
    "Qxh5",
    "Kd3",
    "Qh7+",
    "Qe4",
    "Qh6",
    "Kc2",
    "Qc6+",
    "Qc4+"
  ],
  "statePieceCount": 15,
  "endPieceCount": 9,
  "boardState": [
    {
      "square": "b7",
      "type": "b",
      "color": "b"
    },
    {
      "square": "f7",
      "type": "p",
      "color": "b"
    },
    {
      "square": "g7",
      "type": "k",
      "color": "b"
    },
    {
      "square": "d6",
      "type": "p",
      "color": "b"
    },
    {
      "square": "g6",
      "type": "p",
      "color": "b"
    },
    {
      "square": "c5",
      "type": "n",
      "color": "b"
    },
    {
      "square": "h5",
      "type": "p",
      "color": "b"
    },
    {
      "square": "h4",
      "type": "p",
      "color": "w"
    },
    {
      "square": "e3",
      "type": "q",
      "color": "w"
    },
    {
      "square": "f3",
      "type": "n",
      "color": "w"
    },
    {
      "square": "g3",
      "type": "p",
      "color": "w"
    },
    {
      "square": "b2",
      "type": "q",
      "color": "b"
    },
    {
      "square": "e2",
      "type": "b",
      "color": "w"
    },
    {
      "square": "f2",
      "type": "p",
      "color": "w"
    },
    {
      "square": "h2",
      "type": "k",
      "color": "w"
    }
  ]
}