{
  "event": "Clutch International",
  "site": "lichess.org INT",
  "date": "2020.06.12",
  "eventDate": "2020.06.06",
  "dateMillis": 1591891200000,
  "eventDateMillis": 1591372800000,
  "round": "2.12",
  "result": "1/2-1/2",
  "white": "Magnus Carlsen",
  "black": "Levon Aronian",
  "isCarlsenWin": false,
  "isDraw": true,
  "isCarlsenBlack": false,
  "moves": [
    "Kxd1",
    "Kd7",
    "Kc2",
    "Kc7",
    "Kb3",
    "Kb6",
    "a3",
    "a6",
    "Kb2",
    "Kb7",
    "Kb1",
    "Kb8",
    "Kb2",
    "Kb7",
    "Kb1",
    "Kb8",
    "Kb2",
    "Kb7"
  ],
  "statePieceCount": 15,
  "endPieceCount": 14,
  "boardState": [
    {
      "square": "a7",
      "type": "p",
      "color": "b"
    },
    {
      "square": "c6",
      "type": "p",
      "color": "b"
    },
    {
      "square": "e6",
      "type": "k",
      "color": "b"
    },
    {
      "square": "g6",
      "type": "p",
      "color": "b"
    },
    {
      "square": "b5",
      "type": "p",
      "color": "b"
    },
    {
      "square": "d5",
      "type": "p",
      "color": "b"
    },
    {
      "square": "f5",
      "type": "p",
      "color": "b"
    },
    {
      "square": "g5",
      "type": "p",
      "color": "w"
    },
    {
      "square": "b4",
      "type": "p",
      "color": "w"
    },
    {
      "square": "d4",
      "type": "p",
      "color": "w"
    },
    {
      "square": "f4",
      "type": "p",
      "color": "w"
    },
    {
      "square": "c3",
      "type": "p",
      "color": "w"
    },
    {
      "square": "a2",
      "type": "p",
      "color": "w"
    },
    {
      "square": "d2",
      "type": "k",
      "color": "w"
    },
    {
      "square": "d1",
      "type": "n",
      "color": "b"
    }
  ],
  "nextTurn": "w"
}