{
  "event": "Chessable Masters",
  "site": "chess24.com INT",
  "date": "2020.06.22",
  "eventDate": "2020.06.20",
  "dateMillis": 1592755200000,
  "eventDateMillis": 1592582400000,
  "round": "8.3",
  "result": "1/2-1/2",
  "white": "Alexander Grischuk",
  "black": "Magnus Carlsen",
  "isCarlsenWin": false,
  "isDraw": true,
  "isCarlsenBlack": true,
  "moves": [
    "Qf4",
    "Qe2",
    "Rd8",
    "Rd1",
    "Qf5",
    "Bf3",
    "Rxd1+",
    "Qxd1",
    "Qc5",
    "Qe1",
    "g6",
    "g3",
    "Kg7",
    "Kg2",
    "Qc2",
    "Qe5+",
    "Kg8",
    "Qe2",
    "Qxe2",
    "Bxe2",
    "Bc5",
    "g4",
    "g5",
    "Bc4",
    "Kf8",
    "Kf3",
    "Ke7",
    "Ke2",
    "f6",
    "Kf3",
    "Kd6",
    "h3",
    "Ke5",
    "b3",
    "Kd4",
    "Bg8",
    "Bb4",
    "Bc4",
    "Bc5",
    "Bg8",
    "Bb4",
    "Bc4",
    "Bc5"
  ],
  "statePieceCount": 15,
  "endPieceCount": 11,
  "boardState": [
    {
      "square": "f8",
      "type": "r",
      "color": "b"
    },
    {
      "square": "h8",
      "type": "k",
      "color": "b"
    },
    {
      "square": "a7",
      "type": "b",
      "color": "b"
    },
    {
      "square": "f7",
      "type": "p",
      "color": "b"
    },
    {
      "square": "g7",
      "type": "p",
      "color": "b"
    },
    {
      "square": "d6",
      "type": "q",
      "color": "b"
    },
    {
      "square": "h6",
      "type": "p",
      "color": "b"
    },
    {
      "square": "b5",
      "type": "q",
      "color": "w"
    },
    {
      "square": "d5",
      "type": "b",
      "color": "w"
    },
    {
      "square": "b2",
      "type": "p",
      "color": "w"
    },
    {
      "square": "f2",
      "type": "p",
      "color": "w"
    },
    {
      "square": "g2",
      "type": "p",
      "color": "w"
    },
    {
      "square": "h2",
      "type": "p",
      "color": "w"
    },
    {
      "square": "e1",
      "type": "r",
      "color": "w"
    },
    {
      "square": "g1",
      "type": "k",
      "color": "w"
    }
  ],
  "nextTurn": "b"
}