{
  "event": "Clutch International",
  "site": "lichess.org INT",
  "date": "2020.06.14",
  "eventDate": "2020.06.06",
  "dateMillis": 1592064000000,
  "eventDateMillis": 1591372800000,
  "round": "3.9",
  "result": "1-0",
  "white": "Fabiano Caruana",
  "black": "Magnus Carlsen",
  "isCarlsenWin": false,
  "isDraw": false,
  "isCarlsenBlack": true,
  "moves": [
    "Be3",
    "Re6",
    "Qb1+",
    "Re1",
    "Qb2",
    "Re8+",
    "Rg8",
    "Rxg8+",
    "Kxg8",
    "Qd8+",
    "Kf7",
    "Qd7+",
    "Kg6",
    "Qe8+",
    "Kg7",
    "Qe7+",
    "Kg6",
    "d6",
    "Qd2",
    "Rb1",
    "b3",
    "d7",
    "b2",
    "d8=Q"
  ],
  "statePieceCount": 15,
  "endPieceCount": 13,
  "boardState": [
    {
      "square": "h8",
      "type": "k",
      "color": "b"
    },
    {
      "square": "g7",
      "type": "r",
      "color": "b"
    },
    {
      "square": "h7",
      "type": "p",
      "color": "b"
    },
    {
      "square": "g6",
      "type": "q",
      "color": "b"
    },
    {
      "square": "c5",
      "type": "b",
      "color": "b"
    },
    {
      "square": "d5",
      "type": "p",
      "color": "w"
    },
    {
      "square": "e5",
      "type": "r",
      "color": "w"
    },
    {
      "square": "h5",
      "type": "p",
      "color": "b"
    },
    {
      "square": "b4",
      "type": "p",
      "color": "b"
    },
    {
      "square": "f4",
      "type": "p",
      "color": "b"
    },
    {
      "square": "h4",
      "type": "q",
      "color": "w"
    },
    {
      "square": "f3",
      "type": "p",
      "color": "w"
    },
    {
      "square": "e2",
      "type": "r",
      "color": "w"
    },
    {
      "square": "g2",
      "type": "p",
      "color": "w"
    },
    {
      "square": "h1",
      "type": "k",
      "color": "w"
    }
  ],
  "nextTurn": "b"
}