{
  "event": "Chessable Masters",
  "site": "chess24.com INT",
  "date": "2020.06.22",
  "eventDate": "2020.06.20",
  "dateMillis": 1592755200000,
  "eventDateMillis": 1592582400000,
  "round": "7.1",
  "result": "1/2-1/2",
  "white": "Magnus Carlsen",
  "black": "Pentala Harikrishna",
  "isCarlsenWin": false,
  "isDraw": true,
  "isCarlsenBlack": false,
  "moves": [
    "Rxh5",
    "Re8",
    "c4",
    "Nc3",
    "Be4",
    "b6",
    "a3",
    "Nxe4",
    "Kxe4",
    "Rc8",
    "Kd3",
    "Rc5",
    "Kc3",
    "Kg7",
    "a4",
    "f6",
    "Rh1",
    "Rc7",
    "Rd1",
    "Kg6",
    "Rd5",
    "Kf5",
    "a5",
    "bxa5",
    "Rxa5",
    "Ke4",
    "Ra6",
    "Rf7",
    "Rd6",
    "Kf3",
    "Rd2",
    "Rc7",
    "Kb4",
    "Rb7+",
    "Kc5",
    "e4",
    "Kd6",
    "Rh7",
    "c5",
    "Rh2",
    "Rd5",
    "Rxf2",
    "Rf5+",
    "Kxg3",
    "Rxf2",
    "Kxf2",
    "c6",
    "e3",
    "c7",
    "e2",
    "c8=Q",
    "e1=Q",
    "Qf5+",
    "Kg2",
    "Qxf6",
    "Qb4+",
    "Kd5",
    "a5",
    "Qd4",
    "Qb3+",
    "Qc4",
    "a4",
    "Kd4",
    "Qb2+",
    "Kd3",
    "a3",
    "Qc2+",
    "Qxc2+",
    "Kxc2",
    "a2",
    "Kb2",
    "a1=Q+",
    "Kxa1"
  ],
  "statePieceCount": 15,
  "endPieceCount": 2,
  "boardState": [
    {
      "square": "a8",
      "type": "r",
      "color": "b"
    },
    {
      "square": "g8",
      "type": "k",
      "color": "b"
    },
    {
      "square": "a7",
      "type": "p",
      "color": "b"
    },
    {
      "square": "b7",
      "type": "p",
      "color": "b"
    },
    {
      "square": "f7",
      "type": "p",
      "color": "b"
    },
    {
      "square": "d5",
      "type": "n",
      "color": "b"
    },
    {
      "square": "e5",
      "type": "p",
      "color": "b"
    },
    {
      "square": "h5",
      "type": "p",
      "color": "b"
    },
    {
      "square": "c3",
      "type": "p",
      "color": "w"
    },
    {
      "square": "d3",
      "type": "b",
      "color": "w"
    },
    {
      "square": "f3",
      "type": "k",
      "color": "w"
    },
    {
      "square": "g3",
      "type": "p",
      "color": "w"
    },
    {
      "square": "a2",
      "type": "p",
      "color": "w"
    },
    {
      "square": "f2",
      "type": "p",
      "color": "w"
    },
    {
      "square": "h1",
      "type": "r",
      "color": "w"
    }
  ],
  "nextTurn": "w"
}