{
  "event": "Chessable Masters",
  "site": "chess24.com INT",
  "date": "2020.07.04",
  "eventDate": "2020.06.25",
  "dateMillis": 1593792000000,
  "eventDateMillis": 1593014400000,
  "round": "3.22",
  "result": "1/2-1/2",
  "white": "Anish Giri",
  "black": "Magnus Carlsen",
  "isCarlsenWin": false,
  "isDraw": true,
  "isCarlsenBlack": true,
  "moves": [
    "axb6",
    "g4",
    "b5",
    "Nb2",
    "Kf7",
    "Re5",
    "Nd6",
    "Kg2",
    "Re7",
    "Rxe7+",
    "Kxe7",
    "f4",
    "h5",
    "h3",
    "hxg4",
    "hxg4",
    "g5",
    "Kf3",
    "Kf6",
    "Nd1",
    "gxf4",
    "Kxf4",
    "Nc8",
    "Ne3",
    "Nb6",
    "g5+",
    "Kg6",
    "Kg4",
    "Nd7",
    "Kf4",
    "Nc5",
    "Ke5",
    "Kxg5",
    "Nxc4",
    "bxc4",
    "Kd4",
    "Na4",
    "Kxc4",
    "Nxc3"
  ],
  "statePieceCount": 15,
  "endPieceCount": 3,
  "boardState": [
    {
      "square": "c8",
      "type": "n",
      "color": "b"
    },
    {
      "square": "g8",
      "type": "k",
      "color": "b"
    },
    {
      "square": "a7",
      "type": "p",
      "color": "b"
    },
    {
      "square": "c7",
      "type": "r",
      "color": "b"
    },
    {
      "square": "h7",
      "type": "p",
      "color": "b"
    },
    {
      "square": "b6",
      "type": "p",
      "color": "w"
    },
    {
      "square": "g6",
      "type": "p",
      "color": "b"
    },
    {
      "square": "a4",
      "type": "n",
      "color": "w"
    },
    {
      "square": "c4",
      "type": "p",
      "color": "b"
    },
    {
      "square": "c3",
      "type": "p",
      "color": "w"
    },
    {
      "square": "f2",
      "type": "p",
      "color": "w"
    },
    {
      "square": "g2",
      "type": "p",
      "color": "w"
    },
    {
      "square": "h2",
      "type": "p",
      "color": "w"
    },
    {
      "square": "e1",
      "type": "r",
      "color": "w"
    },
    {
      "square": "g1",
      "type": "k",
      "color": "w"
    }
  ],
  "nextTurn": "b"
}