{
  "event": "Legends of Chess",
  "site": "chess24.com INT",
  "date": "2020.07.25",
  "eventDate": "2020.07.21",
  "dateMillis": 1595606400000,
  "eventDateMillis": 1595260800000,
  "round": "5.4",
  "result": "1/2-1/2",
  "white": "Vassily Ivanchuk",
  "black": "Magnus Carlsen",
  "isCarlsenWin": false,
  "isDraw": true,
  "isCarlsenBlack": true,
  "moves": [
    "fxe4",
    "a5",
    "h4",
    "h5",
    "g3",
    "b6",
    "Kf3",
    "Kf6",
    "Ke3",
    "g5",
    "Kf3",
    "g4+",
    "Ke3",
    "Ke6",
    "Rc3",
    "b5",
    "axb5",
    "Rxb5",
    "Kd3",
    "Kd6",
    "Ke3",
    "Rc5",
    "Rxc5",
    "Kxc5",
    "Kd3",
    "Kb4",
    "Kc2",
    "a4",
    "bxa4",
    "Kxa4",
    "Kc3",
    "Kb5",
    "Kb3",
    "Kc5",
    "Kc3",
    "Kb5",
    "Kb3",
    "Kc5",
    "Kc3",
    "Kb5"
  ],
  "statePieceCount": 15,
  "endPieceCount": 8,
  "boardState": [
    {
      "square": "b7",
      "type": "p",
      "color": "b"
    },
    {
      "square": "g7",
      "type": "p",
      "color": "b"
    },
    {
      "square": "h7",
      "type": "p",
      "color": "b"
    },
    {
      "square": "a6",
      "type": "p",
      "color": "b"
    },
    {
      "square": "e6",
      "type": "k",
      "color": "b"
    },
    {
      "square": "e5",
      "type": "p",
      "color": "b"
    },
    {
      "square": "a4",
      "type": "p",
      "color": "w"
    },
    {
      "square": "b4",
      "type": "r",
      "color": "b"
    },
    {
      "square": "e4",
      "type": "n",
      "color": "b"
    },
    {
      "square": "b3",
      "type": "p",
      "color": "w"
    },
    {
      "square": "d3",
      "type": "r",
      "color": "w"
    },
    {
      "square": "e3",
      "type": "k",
      "color": "w"
    },
    {
      "square": "f3",
      "type": "p",
      "color": "w"
    },
    {
      "square": "g2",
      "type": "p",
      "color": "w"
    },
    {
      "square": "h2",
      "type": "p",
      "color": "w"
    }
  ],
  "nextTurn": "w"
}