{
  "event": "Legends of Chess",
  "site": "chess24.com INT",
  "date": "2020.07.26",
  "eventDate": "2020.07.21",
  "dateMillis": 1595692800000,
  "eventDateMillis": 1595260800000,
  "round": "6.3",
  "result": "1/2-1/2",
  "white": "Ding Liren",
  "black": "Magnus Carlsen",
  "isCarlsenWin": false,
  "isDraw": true,
  "isCarlsenBlack": true,
  "moves": [
    "Rxb2",
    "Qxb2",
    "Qe4",
    "Qb4",
    "Qc2",
    "h5",
    "h4",
    "Kg8",
    "Kf1",
    "Kg7",
    "e3",
    "Kg8",
    "Ke2",
    "Kg7",
    "Qc6",
    "Qb2+",
    "Kf3",
    "Qb4",
    "Qd7",
    "Qb3",
    "Qd4+",
    "Kh7",
    "Kg2",
    "Qb7+",
    "Kf1",
    "Qb1+",
    "Ke2",
    "Qc2+",
    "Kf3",
    "Qb3",
    "Qe4",
    "Qd1+",
    "Kg2",
    "Qb3",
    "g4",
    "hxg4",
    "Qxg4",
    "Qd5+",
    "Qf3",
    "Qc4",
    "h5",
    "g5",
    "Qf5+",
    "Kh6",
    "e4",
    "Qe6",
    "Qxe6+",
    "fxe6",
    "Kg3",
    "Kxh5",
    "f4",
    "Kg6",
    "Kg4",
    "gxf4",
    "Kxf4",
    "Kf6",
    "e5+",
    "Kg6",
    "Kg4",
    "Kh6",
    "Kh4",
    "Kg6",
    "Kg4",
    "Kh6",
    "Kh4",
    "Kg6",
    "Kg4"
  ],
  "statePieceCount": 15,
  "endPieceCount": 6,
  "boardState": [
    {
      "square": "e7",
      "type": "q",
      "color": "w"
    },
    {
      "square": "f7",
      "type": "p",
      "color": "b"
    },
    {
      "square": "g7",
      "type": "k",
      "color": "b"
    },
    {
      "square": "h7",
      "type": "p",
      "color": "b"
    },
    {
      "square": "g6",
      "type": "p",
      "color": "b"
    },
    {
      "square": "a5",
      "type": "p",
      "color": "b"
    },
    {
      "square": "a4",
      "type": "p",
      "color": "w"
    },
    {
      "square": "d4",
      "type": "q",
      "color": "b"
    },
    {
      "square": "g3",
      "type": "p",
      "color": "w"
    },
    {
      "square": "b2",
      "type": "r",
      "color": "b"
    },
    {
      "square": "e2",
      "type": "p",
      "color": "w"
    },
    {
      "square": "f2",
      "type": "p",
      "color": "w"
    },
    {
      "square": "h2",
      "type": "p",
      "color": "w"
    },
    {
      "square": "b1",
      "type": "r",
      "color": "w"
    },
    {
      "square": "g1",
      "type": "k",
      "color": "w"
    }
  ],
  "nextTurn": "w"
}