{
  "event": "Legends of Chess",
  "site": "chess24.com INT",
  "date": "2020.07.21",
  "eventDate": "2020.07.21",
  "dateMillis": 1595260800000,
  "eventDateMillis": 1595260800000,
  "round": "1.2",
  "result": "1-0",
  "white": "Magnus Carlsen",
  "black": "Anish Giri",
  "isCarlsenWin": true,
  "isDraw": false,
  "isCarlsenBlack": false,
  "moves": [
    "Rxg3",
    "Bg4",
    "Rxc5",
    "Rf1+",
    "Kb2",
    "Nd1+",
    "Ka3",
    "Nxc3",
    "Rxg4"
  ],
  "statePieceCount": 15,
  "endPieceCount": 11,
  "boardState": [
    {
      "square": "f8",
      "type": "r",
      "color": "b"
    },
    {
      "square": "g8",
      "type": "k",
      "color": "b"
    },
    {
      "square": "a7",
      "type": "p",
      "color": "b"
    },
    {
      "square": "g7",
      "type": "p",
      "color": "b"
    },
    {
      "square": "c5",
      "type": "p",
      "color": "b"
    },
    {
      "square": "f5",
      "type": "b",
      "color": "b"
    },
    {
      "square": "h5",
      "type": "r",
      "color": "w"
    },
    {
      "square": "b3",
      "type": "p",
      "color": "w"
    },
    {
      "square": "c3",
      "type": "b",
      "color": "w"
    },
    {
      "square": "e3",
      "type": "n",
      "color": "b"
    },
    {
      "square": "g3",
      "type": "p",
      "color": "b"
    },
    {
      "square": "a2",
      "type": "p",
      "color": "w"
    },
    {
      "square": "e2",
      "type": "p",
      "color": "w"
    },
    {
      "square": "a1",
      "type": "k",
      "color": "w"
    },
    {
      "square": "g1",
      "type": "r",
      "color": "w"
    }
  ],
  "nextTurn": "w"
}