{
  "event": "Legends of Chess",
  "site": "chess24.com INT",
  "date": "2020.07.22",
  "eventDate": "2020.07.21",
  "dateMillis": 1595347200000,
  "eventDateMillis": 1595260800000,
  "round": "2.1",
  "result": "1/2-1/2",
  "white": "Magnus Carlsen",
  "black": "Viswanathan Anand",
  "isCarlsenWin": false,
  "isDraw": true,
  "isCarlsenBlack": false,
  "moves": [
    "Ra8",
    "Rxc1",
    "Rxa5",
    "Bc6",
    "Rxa3",
    "Kf2",
    "g5",
    "Kg3",
    "Kg7",
    "h4",
    "Ra5",
    "Be4",
    "Kf6",
    "Rc6",
    "Kg7",
    "Rc1",
    "Kf6",
    "Rc6",
    "Kg7",
    "Rc1"
  ],
  "statePieceCount": 15,
  "endPieceCount": 12,
  "boardState": [
    {
      "square": "b8",
      "type": "r",
      "color": "b"
    },
    {
      "square": "g8",
      "type": "k",
      "color": "b"
    },
    {
      "square": "c7",
      "type": "r",
      "color": "w"
    },
    {
      "square": "f7",
      "type": "p",
      "color": "b"
    },
    {
      "square": "e6",
      "type": "b",
      "color": "b"
    },
    {
      "square": "g6",
      "type": "p",
      "color": "b"
    },
    {
      "square": "h6",
      "type": "p",
      "color": "b"
    },
    {
      "square": "a5",
      "type": "b",
      "color": "w"
    },
    {
      "square": "a4",
      "type": "b",
      "color": "w"
    },
    {
      "square": "g4",
      "type": "p",
      "color": "w"
    },
    {
      "square": "a3",
      "type": "p",
      "color": "w"
    },
    {
      "square": "f3",
      "type": "p",
      "color": "w"
    },
    {
      "square": "h2",
      "type": "p",
      "color": "w"
    },
    {
      "square": "c1",
      "type": "n",
      "color": "b"
    },
    {
      "square": "g1",
      "type": "k",
      "color": "w"
    }
  ],
  "nextTurn": "b"
}