{
  "event": "Legends of Chess",
  "site": "chess24.com INT",
  "date": "2020.07.29",
  "eventDate": "2020.07.21",
  "dateMillis": 1595952000000,
  "eventDateMillis": 1595260800000,
  "round": "9.2",
  "result": "1/2-1/2",
  "white": "Vladimir Kramnik",
  "black": "Magnus Carlsen",
  "isCarlsenWin": false,
  "isDraw": true,
  "isCarlsenBlack": true,
  "moves": [
    "Kh3",
    "Re8",
    "Qg4",
    "Qxb2",
    "Rxd6",
    "Qa1",
    "Qf3",
    "Qe5",
    "Qb3",
    "Kh8",
    "Qd5",
    "Qa1",
    "e5",
    "Qf1+",
    "Kh2",
    "Qe2+",
    "Kh3",
    "Bxe5",
    "Rd8",
    "Qf1+",
    "Kh2",
    "Qf2+",
    "Qg2",
    "Bxg3+",
    "Kh3",
    "Qxg2+",
    "Kxg2",
    "Rxd8",
    "Nxd8",
    "Bxh4",
    "Ne6",
    "g6",
    "Nf4",
    "Kg7",
    "Kh3",
    "Be7",
    "Kg4",
    "Bd6",
    "Nd5",
    "h5+",
    "Kg5",
    "Ba3",
    "Nc3",
    "Bc1+",
    "Kh4",
    "Bb2",
    "Ne4",
    "Bf6+",
    "Kh3",
    "Kf7",
    "Ng3",
    "h4",
    "Ne4",
    "Ke6",
    "Kg4",
    "Ke5",
    "Nf2",
    "Kd4",
    "Kf3",
    "Be5",
    "Nh3",
    "Bg3",
    "Ng5",
    "Ke5",
    "Kg4",
    "Bf2",
    "Nh7",
    "Ke4",
    "Nf8",
    "g5",
    "Ne6",
    "Be3",
    "Nxg5+",
    "Bxg5",
    "Kh3",
    "Kf3",
    "Kh2",
    "Bf4+",
    "Kh1",
    "h3",
    "Kg1",
    "h2+",
    "Kh1",
    "Kg3"
  ],
  "statePieceCount": 15,
  "endPieceCount": 4,
  "boardState": [
    {
      "square": "b8",
      "type": "r",
      "color": "b"
    },
    {
      "square": "g8",
      "type": "k",
      "color": "b"
    },
    {
      "square": "g7",
      "type": "p",
      "color": "b"
    },
    {
      "square": "h7",
      "type": "p",
      "color": "b"
    },
    {
      "square": "d6",
      "type": "p",
      "color": "b"
    },
    {
      "square": "e6",
      "type": "n",
      "color": "w"
    },
    {
      "square": "f6",
      "type": "b",
      "color": "b"
    },
    {
      "square": "b4",
      "type": "q",
      "color": "b"
    },
    {
      "square": "e4",
      "type": "p",
      "color": "w"
    },
    {
      "square": "h4",
      "type": "p",
      "color": "w"
    },
    {
      "square": "g3",
      "type": "p",
      "color": "w"
    },
    {
      "square": "b2",
      "type": "p",
      "color": "w"
    },
    {
      "square": "e2",
      "type": "q",
      "color": "w"
    },
    {
      "square": "g2",
      "type": "k",
      "color": "w"
    },
    {
      "square": "d1",
      "type": "r",
      "color": "w"
    }
  ],
  "nextTurn": "w"
}