{
  "event": "Legends of Chess",
  "site": "chess24.com INT",
  "date": "2020.08.01",
  "eventDate": "2020.07.31",
  "dateMillis": 1596211200000,
  "eventDateMillis": 1596124800000,
  "round": "1.23",
  "result": "1/2-1/2",
  "white": "Magnus Carlsen",
  "black": "Peter Svidler",
  "isCarlsenWin": false,
  "isDraw": true,
  "isCarlsenBlack": false,
  "moves": [
    "Bxb6",
    "Kf7",
    "Bc5",
    "g5",
    "Kf2",
    "h5",
    "Bb6",
    "h4",
    "Bd8",
    "Ke6",
    "Ke3",
    "Kf5",
    "Kf2",
    "Ke6",
    "Ke3",
    "Kf5",
    "Kf2",
    "Ke6"
  ],
  "statePieceCount": 15,
  "endPieceCount": 14,
  "boardState": [
    {
      "square": "g8",
      "type": "k",
      "color": "b"
    },
    {
      "square": "g7",
      "type": "p",
      "color": "b"
    },
    {
      "square": "a6",
      "type": "p",
      "color": "b"
    },
    {
      "square": "b6",
      "type": "q",
      "color": "b"
    },
    {
      "square": "f6",
      "type": "p",
      "color": "b"
    },
    {
      "square": "h6",
      "type": "p",
      "color": "b"
    },
    {
      "square": "d5",
      "type": "b",
      "color": "b"
    },
    {
      "square": "e5",
      "type": "p",
      "color": "b"
    },
    {
      "square": "b3",
      "type": "p",
      "color": "w"
    },
    {
      "square": "e3",
      "type": "b",
      "color": "w"
    },
    {
      "square": "f3",
      "type": "p",
      "color": "w"
    },
    {
      "square": "h3",
      "type": "p",
      "color": "w"
    },
    {
      "square": "a2",
      "type": "p",
      "color": "w"
    },
    {
      "square": "g2",
      "type": "p",
      "color": "w"
    },
    {
      "square": "g1",
      "type": "k",
      "color": "w"
    }
  ],
  "nextTurn": "w"
}