{
  "event": "Legends of Chess",
  "site": "chess24.com INT",
  "date": "2020.08.03",
  "eventDate": "2020.07.31",
  "dateMillis": 1596384000000,
  "eventDateMillis": 1596124800000,
  "round": "2.15",
  "result": "0-1",
  "white": "Ian Nepomniachtchi",
  "black": "Magnus Carlsen",
  "isCarlsenWin": true,
  "isDraw": false,
  "isCarlsenBlack": true,
  "moves": [
    "hxg5",
    "Qg3",
    "R6d5",
    "Rc8",
    "Rd3",
    "Qf4",
    "R3d4",
    "Qh2",
    "Rd2",
    "Qc7",
    "R2d4",
    "Rh8",
    "Rd7",
    "Qe5",
    "R7d5",
    "Qe3",
    "Rd3",
    "Qc1",
    "Rc3",
    "Qf4",
    "Rc2",
    "b4",
    "a4",
    "b3+",
    "Kxb3",
    "Rb8+",
    "Ka2",
    "Qxa4+",
    "Kb1",
    "Rh8",
    "Rc1",
    "Qb3",
    "Rd2",
    "Qe6",
    "Rc5",
    "a5",
    "Rcd5",
    "a4",
    "Ka2",
    "Qe3",
    "R2d3",
    "Qb6",
    "Rd6",
    "Qg1",
    "R6d5",
    "Rh1",
    "Ka3",
    "Qa1+",
    "Kb4",
    "Qxb2+",
    "Ka5",
    "Rh8",
    "Rb5",
    "Ra8+"
  ],
  "statePieceCount": 15,
  "endPieceCount": 11,
  "boardState": [
    {
      "square": "f8",
      "type": "r",
      "color": "b"
    },
    {
      "square": "f7",
      "type": "p",
      "color": "b"
    },
    {
      "square": "g7",
      "type": "k",
      "color": "b"
    },
    {
      "square": "a6",
      "type": "p",
      "color": "b"
    },
    {
      "square": "d6",
      "type": "r",
      "color": "w"
    },
    {
      "square": "f6",
      "type": "n",
      "color": "w"
    },
    {
      "square": "g6",
      "type": "p",
      "color": "b"
    },
    {
      "square": "b5",
      "type": "p",
      "color": "b"
    },
    {
      "square": "g5",
      "type": "p",
      "color": "b"
    },
    {
      "square": "d4",
      "type": "r",
      "color": "w"
    },
    {
      "square": "h4",
      "type": "p",
      "color": "w"
    },
    {
      "square": "a3",
      "type": "p",
      "color": "w"
    },
    {
      "square": "a2",
      "type": "k",
      "color": "w"
    },
    {
      "square": "b2",
      "type": "p",
      "color": "w"
    },
    {
      "square": "f2",
      "type": "q",
      "color": "b"
    }
  ],
  "nextTurn": "w"
}