{
  "event": "Legends of Chess",
  "site": "chess24.com INT",
  "date": "2020.08.03",
  "eventDate": "2020.07.31",
  "dateMillis": 1596384000000,
  "eventDateMillis": 1596124800000,
  "round": "2.11",
  "result": "0-1",
  "white": "Ian Nepomniachtchi",
  "black": "Magnus Carlsen",
  "isCarlsenWin": true,
  "isDraw": false,
  "isCarlsenBlack": true,
  "moves": [
    "Qxf4+",
    "Kb1",
    "Rxd6",
    "Qxd6",
    "h5",
    "c4",
    "Qxf3",
    "Qxe5+",
    "Qf6",
    "Qd5",
    "h4",
    "c5",
    "Qf1+",
    "Ka2",
    "Qg2+",
    "Kb3",
    "Qg3+",
    "Ka4",
    "h3",
    "c6",
    "h2",
    "Qd7+",
    "Kh6",
    "Qd8",
    "Qe5",
    "Qh4+",
    "Kg7",
    "Kb3",
    "Qb5+",
    "Kc3",
    "Qxc6+",
    "Kd3",
    "Qd6+",
    "Ke2",
    "Qxa3",
    "Kf2",
    "Qb2+",
    "Kg3",
    "Qf6",
    "Qh3",
    "Qc3+"
  ],
  "statePieceCount": 15,
  "endPieceCount": 8,
  "boardState": [
    {
      "square": "d8",
      "type": "r",
      "color": "b"
    },
    {
      "square": "g7",
      "type": "k",
      "color": "b"
    },
    {
      "square": "h7",
      "type": "p",
      "color": "b"
    },
    {
      "square": "a6",
      "type": "p",
      "color": "b"
    },
    {
      "square": "d6",
      "type": "r",
      "color": "w"
    },
    {
      "square": "g6",
      "type": "p",
      "color": "b"
    },
    {
      "square": "e5",
      "type": "p",
      "color": "b"
    },
    {
      "square": "g5",
      "type": "q",
      "color": "b"
    },
    {
      "square": "b4",
      "type": "q",
      "color": "w"
    },
    {
      "square": "e4",
      "type": "p",
      "color": "w"
    },
    {
      "square": "f4",
      "type": "r",
      "color": "w"
    },
    {
      "square": "a3",
      "type": "p",
      "color": "w"
    },
    {
      "square": "f3",
      "type": "p",
      "color": "w"
    },
    {
      "square": "c2",
      "type": "p",
      "color": "w"
    },
    {
      "square": "c1",
      "type": "k",
      "color": "w"
    }
  ],
  "nextTurn": "b"
}