{
  "event": "Magnus Carlsen Chess Tour Finals",
  "site": "chess24.com INT",
  "date": "2020.08.10",
  "eventDate": "2020.08.09",
  "dateMillis": 1596988800000,
  "eventDateMillis": 1596902400000,
  "round": "1.21",
  "result": "1-0",
  "white": "Magnus Carlsen",
  "black": "Ding Liren",
  "isCarlsenWin": true,
  "isDraw": false,
  "isCarlsenBlack": false,
  "moves": [
    "Kc3",
    "Nb2",
    "Rxa5",
    "Nd3",
    "Bd4",
    "Rc7+",
    "Kd2",
    "Rc4",
    "Ra7+",
    "Kg6",
    "Rxg7+",
    "Kf5",
    "Be3",
    "Nc5",
    "g4+",
    "Ke5",
    "Ra7",
    "Nb3+",
    "Kd1",
    "Rc3",
    "Bxh6",
    "Rd3+",
    "Kc2",
    "Nd4+",
    "Kb2",
    "Kd5",
    "Be3",
    "e5",
    "h4",
    "Rb3+",
    "Ka2",
    "Rc3",
    "h5",
    "Rc2+",
    "Kb1",
    "Re2",
    "Rc7"
  ],
  "statePieceCount": 15,
  "endPieceCount": 12,
  "boardState": [
    {
      "square": "b7",
      "type": "r",
      "color": "b"
    },
    {
      "square": "f7",
      "type": "k",
      "color": "b"
    },
    {
      "square": "g7",
      "type": "p",
      "color": "b"
    },
    {
      "square": "a6",
      "type": "r",
      "color": "w"
    },
    {
      "square": "e6",
      "type": "p",
      "color": "b"
    },
    {
      "square": "h6",
      "type": "p",
      "color": "b"
    },
    {
      "square": "a5",
      "type": "p",
      "color": "b"
    },
    {
      "square": "c5",
      "type": "b",
      "color": "w"
    },
    {
      "square": "c4",
      "type": "n",
      "color": "b"
    },
    {
      "square": "e4",
      "type": "p",
      "color": "b"
    },
    {
      "square": "a3",
      "type": "p",
      "color": "w"
    },
    {
      "square": "c2",
      "type": "k",
      "color": "w"
    },
    {
      "square": "f2",
      "type": "p",
      "color": "w"
    },
    {
      "square": "g2",
      "type": "p",
      "color": "w"
    },
    {
      "square": "h2",
      "type": "p",
      "color": "w"
    }
  ],
  "nextTurn": "w"
}