{
  "event": "Magnus Carlsen Chess Tour Finals",
  "site": "chess24.com INT",
  "date": "2020.08.15",
  "eventDate": "2020.08.09",
  "dateMillis": 1597420800000,
  "eventDateMillis": 1596902400000,
  "round": "2.25",
  "result": "1/2-1/2",
  "white": "Magnus Carlsen",
  "black": "Hikaru Nakamura",
  "isCarlsenWin": false,
  "isDraw": true,
  "isCarlsenBlack": false,
  "moves": [
    "Rf6",
    "Rc7",
    "Rd2",
    "g3",
    "Rxb2",
    "Rxa7",
    "Rf7",
    "Rxf7",
    "Kxf7",
    "Rxe6",
    "Kxg7",
    "Re7+",
    "Kg6",
    "Ra7",
    "b5",
    "Ra6+",
    "Kg7",
    "h4",
    "b4",
    "Rb6",
    "Rxa2",
    "Rxb4",
    "h5",
    "Rf4",
    "Kg6",
    "Rf2",
    "Ra3",
    "Kg2",
    "Ra4",
    "Rb2",
    "Ra3",
    "Rb6+",
    "Kg7",
    "Rb5",
    "Kg6",
    "Rg5+",
    "Kh6",
    "Re5",
    "Kg6",
    "Re6+",
    "Kg7",
    "Kf2",
    "Rb3",
    "Re3",
    "Rb5",
    "Kf3",
    "Kf6",
    "Ra3",
    "Rf5+",
    "Kg2",
    "Rb5",
    "Ra6+",
    "Kg7",
    "Re6",
    "Rb3",
    "Kf2",
    "Ra3",
    "Re3",
    "Ra5",
    "Kf3",
    "Kf6",
    "Re4",
    "Kf5",
    "Rf4+",
    "Kg6",
    "Rb4",
    "Kf5",
    "Rb6",
    "Ra3+",
    "Kg2",
    "Ra5",
    "Rh6",
    "Ke4",
    "Rf6",
    "Rf5",
    "Ra6",
    "Rc5",
    "Re6+",
    "Re5",
    "Rxe5+",
    "Kxe5",
    "Kf3",
    "Kf5",
    "g4+",
    "hxg4+",
    "Kg3",
    "Kg6",
    "Kxg4",
    "Kh6",
    "h5",
    "Kh7",
    "Kg5",
    "Kh8",
    "h6",
    "Kg8",
    "Kg6",
    "Kh8",
    "h7"
  ],
  "statePieceCount": 15,
  "endPieceCount": 3,
  "boardState": [
    {
      "square": "f8",
      "type": "r",
      "color": "b"
    },
    {
      "square": "g8",
      "type": "k",
      "color": "b"
    },
    {
      "square": "a7",
      "type": "p",
      "color": "b"
    },
    {
      "square": "g7",
      "type": "p",
      "color": "w"
    },
    {
      "square": "b6",
      "type": "p",
      "color": "b"
    },
    {
      "square": "e6",
      "type": "p",
      "color": "b"
    },
    {
      "square": "h6",
      "type": "p",
      "color": "b"
    },
    {
      "square": "d4",
      "type": "r",
      "color": "b"
    },
    {
      "square": "a2",
      "type": "p",
      "color": "w"
    },
    {
      "square": "b2",
      "type": "p",
      "color": "w"
    },
    {
      "square": "g2",
      "type": "p",
      "color": "w"
    },
    {
      "square": "h2",
      "type": "p",
      "color": "w"
    },
    {
      "square": "c1",
      "type": "r",
      "color": "w"
    },
    {
      "square": "e1",
      "type": "r",
      "color": "w"
    },
    {
      "square": "g1",
      "type": "k",
      "color": "w"
    }
  ],
  "nextTurn": "b"
}