{
  "event": "Magnus Carlsen Chess Tour Finals",
  "site": "chess24.com INT",
  "date": "2020.08.16",
  "eventDate": "2020.08.09",
  "dateMillis": 1597507200000,
  "eventDateMillis": 1596902400000,
  "round": "2.36",
  "result": "1/2-1/2",
  "white": "Magnus Carlsen",
  "black": "Hikaru Nakamura",
  "isCarlsenWin": false,
  "isDraw": true,
  "isCarlsenBlack": false,
  "moves": [
    "Rc1",
    "fxe4",
    "fxe4",
    "Nd6",
    "Rxc5",
    "Nxe4",
    "Rc7+",
    "Ke6",
    "Nf4+",
    "Kf6",
    "Kf3",
    "Nd2+",
    "Kg4",
    "Nxb3",
    "Rxh7",
    "Nd4",
    "Ra7",
    "Rd6",
    "Ra8",
    "Nf5",
    "Rf8+",
    "Kg7",
    "Ra8",
    "Kf6",
    "Ra2",
    "Nh6+",
    "Kf3",
    "g5",
    "Ng2",
    "Nf5",
    "Ne1",
    "Kg6",
    "Kf2",
    "Rf6",
    "Ra4",
    "Rb6",
    "Nf3",
    "Rb2+",
    "Kg1",
    "Ne3",
    "Re4",
    "Rb1+",
    "Kf2",
    "Nd1+",
    "Kg2",
    "Rb2+",
    "Kg1",
    "Rb3",
    "Re6+",
    "Kh5",
    "Ne5",
    "Ne3",
    "h3",
    "Rb2",
    "Re8",
    "Kh6",
    "g4",
    "Rg2+",
    "Kh1",
    "Rg3",
    "Rh8+",
    "Kg7",
    "Rh5",
    "Kf6",
    "Nd3",
    "Nxg4",
    "Nc5",
    "Nf2+",
    "Kh2",
    "Rxh3+",
    "Rxh3",
    "Nxh3",
    "Ne4+",
    "Ke7",
    "Nxg5",
    "Nxg5"
  ],
  "statePieceCount": 15,
  "endPieceCount": 3,
  "boardState": [
    {
      "square": "c8",
      "type": "n",
      "color": "b"
    },
    {
      "square": "d8",
      "type": "r",
      "color": "b"
    },
    {
      "square": "f7",
      "type": "k",
      "color": "b"
    },
    {
      "square": "h7",
      "type": "p",
      "color": "b"
    },
    {
      "square": "g6",
      "type": "p",
      "color": "b"
    },
    {
      "square": "c5",
      "type": "p",
      "color": "b"
    },
    {
      "square": "d5",
      "type": "n",
      "color": "w"
    },
    {
      "square": "f5",
      "type": "p",
      "color": "b"
    },
    {
      "square": "e4",
      "type": "p",
      "color": "w"
    },
    {
      "square": "b3",
      "type": "p",
      "color": "w"
    },
    {
      "square": "f3",
      "type": "p",
      "color": "w"
    },
    {
      "square": "g3",
      "type": "p",
      "color": "w"
    },
    {
      "square": "g2",
      "type": "k",
      "color": "w"
    },
    {
      "square": "h2",
      "type": "p",
      "color": "w"
    },
    {
      "square": "d1",
      "type": "r",
      "color": "w"
    }
  ],
  "nextTurn": "w"
}