{
  "event": "Magnus Carlsen Chess Tour Finals",
  "site": "chess24.com INT",
  "date": "2020.08.14",
  "eventDate": "2020.08.09",
  "dateMillis": 1597334400000,
  "eventDateMillis": 1596902400000,
  "round": "2.13",
  "result": "1/2-1/2",
  "white": "Hikaru Nakamura",
  "black": "Magnus Carlsen",
  "isDingWin": false,
  "isDraw": true,
  "isDingBlack": true,
  "moves": [
    "Nxe5",
    "Ke3",
    "f5",
    "c5",
    "dxc5",
    "d6",
    "h3",
    "d7",
    "Nf7",
    "Nxa6",
    "h2",
    "Nxc5",
    "h1=Q",
    "Rxh1",
    "Bxh1",
    "Ne6",
    "Bd5",
    "d8=Q+",
    "Nxd8",
    "Nxd8",
    "Kf8",
    "a6",
    "Ke7",
    "Nb7",
    "g5",
    "Kd4",
    "Ke6",
    "Nd8+",
    "Kd6",
    "a7",
    "Ba8",
    "Nf7+",
    "Kc7",
    "Nxg5",
    "Kb6",
    "Ke5",
    "Kxa7",
    "Kxf5",
    "Be4+",
    "Nxe4"
  ],
  "statePieceCount": 15,
  "endPieceCount": 3,
  "boardState": [
    {
      "square": "b8",
      "type": "n",
      "color": "w"
    },
    {
      "square": "g8",
      "type": "k",
      "color": "b"
    },
    {
      "square": "f7",
      "type": "p",
      "color": "b"
    },
    {
      "square": "g7",
      "type": "p",
      "color": "b"
    },
    {
      "square": "a6",
      "type": "p",
      "color": "b"
    },
    {
      "square": "d6",
      "type": "p",
      "color": "b"
    },
    {
      "square": "a5",
      "type": "p",
      "color": "w"
    },
    {
      "square": "d5",
      "type": "p",
      "color": "w"
    },
    {
      "square": "e5",
      "type": "b",
      "color": "w"
    },
    {
      "square": "c4",
      "type": "p",
      "color": "w"
    },
    {
      "square": "e4",
      "type": "b",
      "color": "b"
    },
    {
      "square": "g4",
      "type": "n",
      "color": "b"
    },
    {
      "square": "h4",
      "type": "p",
      "color": "b"
    },
    {
      "square": "e2",
      "type": "k",
      "color": "w"
    },
    {
      "square": "c1",
      "type": "r",
      "color": "w"
    }
  ]
}