{
  "event": "Magnus Carlsen Chess Tour Finals",
  "site": "chess24.com INT",
  "date": "2020.08.20",
  "eventDate": "2020.08.09",
  "dateMillis": 1597852800000,
  "eventDateMillis": 1596902400000,
  "round": "2.72",
  "result": "1/2-1/2",
  "white": "Magnus Carlsen",
  "black": "Hikaru Nakamura",
  "isCarlsenWin": false,
  "isDraw": true,
  "isCarlsenBlack": false,
  "moves": [
    "exd5",
    "Kg4",
    "Rxe5",
    "Rxa7+",
    "Re7",
    "Rxe7+",
    "Kxe7",
    "Kf5",
    "Kf7",
    "f4",
    "gxf4",
    "Bxf4",
    "d4",
    "Bd2",
    "d3",
    "Ke4",
    "Ke6",
    "Kxd3",
    "Kf5",
    "f3",
    "Bf8",
    "Kc4",
    "Ke5",
    "Be3",
    "Bg7",
    "Kc5",
    "Ke6",
    "Kc6",
    "Kf7",
    "Kd5",
    "Bf8",
    "Bd4",
    "Ba3",
    "Bc5",
    "Bc1",
    "Ke4",
    "Bb2",
    "Be3",
    "Bg7",
    "f4",
    "Ke6",
    "f5+",
    "Kf7",
    "Bc5",
    "Bb2",
    "Bd4",
    "Ba3",
    "Ke5",
    "Be7",
    "Be3",
    "Bf6+",
    "Kd5",
    "Bg7",
    "Bd4",
    "Bf8",
    "f6",
    "Ba3",
    "Ke5",
    "Bc1",
    "Kf5",
    "Bg5",
    "Be5",
    "Bh4",
    "Bf4",
    "Bxf6",
    "Bxh6",
    "Bg7",
    "Bxg7",
    "Kxg7",
    "Kg5",
    "Kh7",
    "h6",
    "Kh8",
    "Kg6",
    "Kg8",
    "h7+",
    "Kh8",
    "Kh6"
  ],
  "statePieceCount": 15,
  "endPieceCount": 3,
  "boardState": [
    {
      "square": "a7",
      "type": "p",
      "color": "b"
    },
    {
      "square": "e7",
      "type": "r",
      "color": "b"
    },
    {
      "square": "f7",
      "type": "k",
      "color": "b"
    },
    {
      "square": "g7",
      "type": "b",
      "color": "b"
    },
    {
      "square": "a6",
      "type": "r",
      "color": "w"
    },
    {
      "square": "e6",
      "type": "p",
      "color": "b"
    },
    {
      "square": "h6",
      "type": "p",
      "color": "b"
    },
    {
      "square": "d5",
      "type": "r",
      "color": "w"
    },
    {
      "square": "e5",
      "type": "p",
      "color": "w"
    },
    {
      "square": "g5",
      "type": "p",
      "color": "b"
    },
    {
      "square": "h5",
      "type": "p",
      "color": "w"
    },
    {
      "square": "e3",
      "type": "b",
      "color": "w"
    },
    {
      "square": "f3",
      "type": "p",
      "color": "w"
    },
    {
      "square": "g3",
      "type": "k",
      "color": "w"
    },
    {
      "square": "f2",
      "type": "p",
      "color": "w"
    }
  ],
  "nextTurn": "b"
}