{
  "event": "Magnus Carlsen Chess Tour Finals",
  "site": "chess24.com INT",
  "date": "2020.08.18",
  "eventDate": "2020.08.09",
  "dateMillis": 1597680000000,
  "eventDateMillis": 1596902400000,
  "round": "2.57",
  "result": "0-1",
  "white": "Magnus Carlsen",
  "black": "Hikaru Nakamura",
  "isCarlsenWin": false,
  "isDraw": false,
  "isCarlsenBlack": false,
  "moves": [
    "Qxf4+",
    "Rxf4",
    "a5",
    "Rc4",
    "Ra6",
    "Rxc3",
    "Rxa7",
    "Ra3",
    "Kg1",
    "c4",
    "Kf2",
    "Ra2+",
    "Ke3",
    "Rxg2",
    "Kd4",
    "Rh2",
    "a6",
    "Rxh3",
    "Kxc4",
    "Rh1",
    "Rd7",
    "Ra1",
    "Kb5",
    "Kg5",
    "Rd4",
    "f4",
    "Ra4",
    "Rxa4",
    "Kxa4",
    "f3",
    "a7",
    "f2",
    "a8=Q",
    "f1=Q",
    "Qd5+",
    "Qf5",
    "Qd2+",
    "Qf4+"
  ],
  "statePieceCount": 15,
  "endPieceCount": 6,
  "boardState": [
    {
      "square": "a7",
      "type": "p",
      "color": "b"
    },
    {
      "square": "h7",
      "type": "p",
      "color": "b"
    },
    {
      "square": "d6",
      "type": "r",
      "color": "w"
    },
    {
      "square": "g6",
      "type": "p",
      "color": "b"
    },
    {
      "square": "h6",
      "type": "k",
      "color": "b"
    },
    {
      "square": "c5",
      "type": "p",
      "color": "b"
    },
    {
      "square": "f5",
      "type": "p",
      "color": "b"
    },
    {
      "square": "a4",
      "type": "p",
      "color": "w"
    },
    {
      "square": "e4",
      "type": "r",
      "color": "b"
    },
    {
      "square": "f4",
      "type": "q",
      "color": "b"
    },
    {
      "square": "c3",
      "type": "p",
      "color": "w"
    },
    {
      "square": "h3",
      "type": "p",
      "color": "w"
    },
    {
      "square": "g2",
      "type": "p",
      "color": "w"
    },
    {
      "square": "h2",
      "type": "k",
      "color": "w"
    },
    {
      "square": "f1",
      "type": "q",
      "color": "w"
    }
  ],
  "nextTurn": "w"
}