{
  "event": "Magnus Carlsen Chess Tour Finals",
  "site": "chess24.com INT",
  "date": "2020.08.19",
  "eventDate": "2020.08.09",
  "dateMillis": 1597766400000,
  "eventDateMillis": 1596902400000,
  "round": "2.62",
  "result": "1/2-1/2",
  "white": "Hikaru Nakamura",
  "black": "Magnus Carlsen",
  "isCarlsenWin": false,
  "isDraw": true,
  "isCarlsenBlack": true,
  "moves": [
    "Kg7",
    "Ng4",
    "Nd4",
    "Rc5",
    "f6",
    "b4",
    "c6",
    "Kh2",
    "Rb7",
    "Rc4",
    "g5",
    "Ne3",
    "Kg6",
    "Kg3",
    "Ra7",
    "Nc2",
    "Nxc2",
    "Rxc2",
    "Ra4",
    "Rb2",
    "Ra3",
    "Kf2",
    "Kh5",
    "Rc2",
    "Ra6",
    "Ke2",
    "Kh4",
    "Kd3",
    "Kg3",
    "Kc4",
    "Ra1",
    "Kc5",
    "Rb1",
    "Re2",
    "Rc1+",
    "Kd6",
    "Rb1",
    "Ke6",
    "Rxb4",
    "Kxf6",
    "Kf4",
    "Rc2",
    "c5",
    "Rc3",
    "Rb6+",
    "Ke7",
    "Rb2",
    "Ke6",
    "Rxg2",
    "Rxc5",
    "Rg3",
    "Rxe5",
    "Rxf3",
    "Rf5+",
    "Kxe4",
    "Rxf3",
    "Kxf3",
    "Kf5",
    "Kg3",
    "Kxg5",
    "Kxh3"
  ],
  "statePieceCount": 15,
  "endPieceCount": 2,
  "boardState": [
    {
      "square": "g8",
      "type": "k",
      "color": "b"
    },
    {
      "square": "c7",
      "type": "p",
      "color": "b"
    },
    {
      "square": "e7",
      "type": "r",
      "color": "b"
    },
    {
      "square": "f7",
      "type": "p",
      "color": "b"
    },
    {
      "square": "e6",
      "type": "n",
      "color": "b"
    },
    {
      "square": "g6",
      "type": "p",
      "color": "b"
    },
    {
      "square": "h6",
      "type": "n",
      "color": "w"
    },
    {
      "square": "e5",
      "type": "p",
      "color": "b"
    },
    {
      "square": "e4",
      "type": "p",
      "color": "w"
    },
    {
      "square": "b3",
      "type": "p",
      "color": "w"
    },
    {
      "square": "f3",
      "type": "p",
      "color": "w"
    },
    {
      "square": "h3",
      "type": "p",
      "color": "w"
    },
    {
      "square": "c2",
      "type": "r",
      "color": "w"
    },
    {
      "square": "g2",
      "type": "p",
      "color": "w"
    },
    {
      "square": "g1",
      "type": "k",
      "color": "w"
    }
  ],
  "nextTurn": "b"
}