{
  "event": "Magnus Carlsen Chess Tour Finals",
  "site": "chess24.com INT",
  "date": "2020.08.18",
  "eventDate": "2020.08.09",
  "dateMillis": 1597680000000,
  "eventDateMillis": 1596902400000,
  "round": "2.51",
  "result": "1/2-1/2",
  "white": "Hikaru Nakamura",
  "black": "Magnus Carlsen",
  "isCarlsenWin": false,
  "isDraw": true,
  "isCarlsenBlack": true,
  "moves": [
    "Qe4+",
    "Kg3",
    "Qe1+",
    "Qf2",
    "Qxc3+",
    "Kf4",
    "Qxa3",
    "Ke5",
    "Qe7+",
    "Kxd5",
    "Kb5",
    "Qf5",
    "a5",
    "c3",
    "a4",
    "Qb1+",
    "Ka5",
    "Kc6",
    "Qe6+",
    "Kc7",
    "Qe7+",
    "Kc6",
    "Qe8+",
    "Kc7",
    "Qe7+",
    "Kc6"
  ],
  "statePieceCount": 15,
  "endPieceCount": 12,
  "boardState": [
    {
      "square": "f8",
      "type": "q",
      "color": "w"
    },
    {
      "square": "a7",
      "type": "p",
      "color": "b"
    },
    {
      "square": "g7",
      "type": "p",
      "color": "b"
    },
    {
      "square": "a6",
      "type": "k",
      "color": "b"
    },
    {
      "square": "b6",
      "type": "p",
      "color": "b"
    },
    {
      "square": "e6",
      "type": "q",
      "color": "b"
    },
    {
      "square": "d5",
      "type": "p",
      "color": "b"
    },
    {
      "square": "g5",
      "type": "p",
      "color": "w"
    },
    {
      "square": "c4",
      "type": "p",
      "color": "b"
    },
    {
      "square": "d4",
      "type": "p",
      "color": "w"
    },
    {
      "square": "f4",
      "type": "k",
      "color": "w"
    },
    {
      "square": "g4",
      "type": "p",
      "color": "w"
    },
    {
      "square": "a3",
      "type": "p",
      "color": "w"
    },
    {
      "square": "c3",
      "type": "p",
      "color": "w"
    },
    {
      "square": "c2",
      "type": "p",
      "color": "w"
    }
  ],
  "nextTurn": "b"
}