{
  "event": "St. Louis Rapid & Blitz",
  "site": "lichess.org INT",
  "date": "2020.09.18",
  "eventDate": "2020.09.18",
  "dateMillis": 1600358400000,
  "eventDateMillis": 1600358400000,
  "round": "2.5",
  "result": "1-0",
  "white": "Magnus Carlsen",
  "black": "Jeffery Xiong",
  "isCarlsenWin": true,
  "isDraw": false,
  "isCarlsenBlack": false,
  "moves": [
    "axb4",
    "Rf5",
    "Rh4+",
    "Rh5",
    "Rc4",
    "Rf5",
    "g4",
    "Rf3",
    "g5",
    "Rh3",
    "Rcc8"
  ],
  "statePieceCount": 15,
  "endPieceCount": 14,
  "boardState": [
    {
      "square": "f8",
      "type": "r",
      "color": "w"
    },
    {
      "square": "f7",
      "type": "p",
      "color": "b"
    },
    {
      "square": "g7",
      "type": "p",
      "color": "b"
    },
    {
      "square": "h7",
      "type": "k",
      "color": "b"
    },
    {
      "square": "e6",
      "type": "p",
      "color": "b"
    },
    {
      "square": "g6",
      "type": "p",
      "color": "b"
    },
    {
      "square": "b5",
      "type": "r",
      "color": "b"
    },
    {
      "square": "e5",
      "type": "p",
      "color": "w"
    },
    {
      "square": "h5",
      "type": "r",
      "color": "b"
    },
    {
      "square": "b4",
      "type": "p",
      "color": "b"
    },
    {
      "square": "e4",
      "type": "r",
      "color": "w"
    },
    {
      "square": "a3",
      "type": "p",
      "color": "w"
    },
    {
      "square": "g3",
      "type": "p",
      "color": "w"
    },
    {
      "square": "f2",
      "type": "p",
      "color": "w"
    },
    {
      "square": "g1",
      "type": "k",
      "color": "w"
    }
  ],
  "nextTurn": "w"
}