{
  "event": "Norway Chess",
  "site": "Stavanger NOR",
  "date": "2020.10.16",
  "eventDate": "2020.10.05",
  "dateMillis": 1602777600000,
  "eventDateMillis": 1601827200000,
  "round": "10.1",
  "result": "0-1",
  "white": "Magnus Carlsen",
  "black": "Levon Aronian",
  "isCarlsenWin": false,
  "isDraw": false,
  "isCarlsenBlack": false,
  "moves": [
    "Rxc2",
    "f3",
    "Kf8",
    "Kh2",
    "Ke7",
    "Kh3",
    "Ke6",
    "Rd3",
    "Rc4",
    "Kg3",
    "Ke5",
    "Rd7",
    "Rc3",
    "Ra7",
    "f6",
    "Ra8",
    "Kd6",
    "Kf4",
    "Kc7",
    "g4",
    "Kb7",
    "Rg8",
    "hxg4",
    "fxg4",
    "Rxa3",
    "Rxg6",
    "b4",
    "Rxf6",
    "b3",
    "Rf7+",
    "Kb6",
    "Rf8",
    "Ra7",
    "Rb8+",
    "Rb7",
    "Rd8",
    "c5",
    "Ke3",
    "c4",
    "Rd1",
    "c3",
    "Rb1",
    "Kc5",
    "Kd3"
  ],
  "statePieceCount": 15,
  "endPieceCount": 9,
  "boardState": [
    {
      "square": "g8",
      "type": "k",
      "color": "b"
    },
    {
      "square": "f7",
      "type": "p",
      "color": "b"
    },
    {
      "square": "c6",
      "type": "p",
      "color": "b"
    },
    {
      "square": "g6",
      "type": "p",
      "color": "b"
    },
    {
      "square": "b5",
      "type": "p",
      "color": "b"
    },
    {
      "square": "h5",
      "type": "p",
      "color": "b"
    },
    {
      "square": "c4",
      "type": "r",
      "color": "b"
    },
    {
      "square": "e4",
      "type": "p",
      "color": "w"
    },
    {
      "square": "h4",
      "type": "p",
      "color": "w"
    },
    {
      "square": "a3",
      "type": "p",
      "color": "w"
    },
    {
      "square": "b3",
      "type": "r",
      "color": "w"
    },
    {
      "square": "c2",
      "type": "r",
      "color": "w"
    },
    {
      "square": "f2",
      "type": "p",
      "color": "w"
    },
    {
      "square": "g2",
      "type": "p",
      "color": "w"
    },
    {
      "square": "g1",
      "type": "k",
      "color": "w"
    }
  ],
  "nextTurn": "b"
}