{
  "event": "St. Louis Rapid & Blitz",
  "site": "lichess.org INT",
  "date": "2020.09.18",
  "eventDate": "2020.09.18",
  "dateMillis": 1600358400000,
  "eventDateMillis": 1600358400000,
  "round": "4.4",
  "result": "1-0",
  "white": "Magnus Carlsen",
  "black": "Levon Aronian",
  "isCarlsenWin": true,
  "isDraw": false,
  "isCarlsenBlack": false,
  "moves": [
    "h4",
    "Be3",
    "Rg7",
    "a4",
    "e4",
    "d6",
    "g3+",
    "Kf1",
    "cxd6",
    "h3",
    "Rd8",
    "Rd5+",
    "Ke6",
    "Rh5",
    "Rb7",
    "Rh6+",
    "Kd5",
    "Rc1",
    "Rb3",
    "Bg5",
    "Re8",
    "Bxh4",
    "g2+",
    "Kg1",
    "e3",
    "Rd1+",
    "Kc4",
    "Rhxd6",
    "f2+",
    "Kxg2",
    "Rg8+",
    "Kf3",
    "Rg1",
    "R6d4+",
    "Kc3",
    "Bxf2",
    "exf2",
    "Kxf2",
    "Rxd1",
    "Rxd1",
    "Kc2",
    "Rh1",
    "Ra3",
    "h4",
    "Kd3",
    "Kf3",
    "Kd4+",
    "Kf4",
    "Rxa4",
    "h5",
    "Kd5+",
    "Kf5",
    "Ra2",
    "h6",
    "Rf2+",
    "Kg6",
    "Rg2+",
    "Kf6",
    "Rf2+",
    "Ke7",
    "Re2+",
    "Kd7",
    "Ra2",
    "Rh5+",
    "Ke4",
    "h7",
    "Ra7+",
    "Ke6"
  ],
  "statePieceCount": 15,
  "endPieceCount": 5,
  "boardState": [
    {
      "square": "h8",
      "type": "r",
      "color": "b"
    },
    {
      "square": "a7",
      "type": "b",
      "color": "w"
    },
    {
      "square": "c7",
      "type": "p",
      "color": "b"
    },
    {
      "square": "f7",
      "type": "r",
      "color": "b"
    },
    {
      "square": "c6",
      "type": "r",
      "color": "w"
    },
    {
      "square": "d5",
      "type": "p",
      "color": "w"
    },
    {
      "square": "e5",
      "type": "p",
      "color": "b"
    },
    {
      "square": "f5",
      "type": "k",
      "color": "b"
    },
    {
      "square": "h5",
      "type": "p",
      "color": "b"
    },
    {
      "square": "g4",
      "type": "p",
      "color": "b"
    },
    {
      "square": "a3",
      "type": "p",
      "color": "w"
    },
    {
      "square": "f3",
      "type": "p",
      "color": "b"
    },
    {
      "square": "d2",
      "type": "r",
      "color": "w"
    },
    {
      "square": "f2",
      "type": "k",
      "color": "w"
    },
    {
      "square": "h2",
      "type": "p",
      "color": "w"
    }
  ],
  "nextTurn": "b"
}