{
  "event": "Norway Chess",
  "site": "Stavanger NOR",
  "date": "2020.10.07",
  "eventDate": "2020.10.05",
  "dateMillis": 1602000000000,
  "eventDateMillis": 1601827200000,
  "round": "3.1",
  "result": "0-1",
  "white": "Aryan Tari",
  "black": "Magnus Carlsen",
  "isDingWin": true,
  "isDraw": false,
  "isDingBlack": true,
  "moves": [
    "Bxf4+",
    "Rxf4",
    "Qg3+",
    "Rf3",
    "Qe1+",
    "Kd4",
    "Qe5+",
    "Kxc4",
    "Qe4+",
    "Kc5",
    "Qxf3",
    "Kd6",
    "Bc8"
  ],
  "statePieceCount": 15,
  "endPieceCount": 11,
  "boardState": [
    {
      "square": "b8",
      "type": "k",
      "color": "b"
    },
    {
      "square": "d7",
      "type": "b",
      "color": "b"
    },
    {
      "square": "f7",
      "type": "p",
      "color": "b"
    },
    {
      "square": "h7",
      "type": "p",
      "color": "b"
    },
    {
      "square": "a6",
      "type": "q",
      "color": "w"
    },
    {
      "square": "f6",
      "type": "p",
      "color": "b"
    },
    {
      "square": "e5",
      "type": "b",
      "color": "b"
    },
    {
      "square": "c4",
      "type": "p",
      "color": "b"
    },
    {
      "square": "f4",
      "type": "n",
      "color": "w"
    },
    {
      "square": "a3",
      "type": "p",
      "color": "w"
    },
    {
      "square": "c3",
      "type": "p",
      "color": "w"
    },
    {
      "square": "e3",
      "type": "k",
      "color": "w"
    },
    {
      "square": "f3",
      "type": "r",
      "color": "w"
    },
    {
      "square": "h3",
      "type": "p",
      "color": "w"
    },
    {
      "square": "g2",
      "type": "q",
      "color": "b"
    }
  ]
}