{
  "event": "Norway Chess",
  "site": "Stavanger NOR",
  "date": "2020.10.06",
  "eventDate": "2020.10.05",
  "dateMillis": 1601913600000,
  "eventDateMillis": 1601827200000,
  "round": "2.1",
  "result": "1-0",
  "white": "Magnus Carlsen",
  "black": "Alireza Firouzja",
  "isDingWin": true,
  "isDraw": false,
  "isDingBlack": false,
  "moves": [
    "Rxe4",
    "Kg8",
    "Ka3",
    "Kf7",
    "Kb4",
    "h5",
    "a4",
    "Ke6",
    "a5",
    "Rg3",
    "a6",
    "b6",
    "Kc4",
    "Rg4",
    "Kd3",
    "Rg3+",
    "Re3",
    "Rg4",
    "Rf3",
    "c5",
    "dxc5",
    "bxc5",
    "Rf8",
    "Kxe5",
    "Rf7"
  ],
  "statePieceCount": 15,
  "endPieceCount": 11,
  "boardState": [
    {
      "square": "h8",
      "type": "k",
      "color": "b"
    },
    {
      "square": "a7",
      "type": "p",
      "color": "b"
    },
    {
      "square": "b7",
      "type": "p",
      "color": "b"
    },
    {
      "square": "g7",
      "type": "p",
      "color": "b"
    },
    {
      "square": "c6",
      "type": "p",
      "color": "b"
    },
    {
      "square": "h6",
      "type": "p",
      "color": "b"
    },
    {
      "square": "e5",
      "type": "p",
      "color": "w"
    },
    {
      "square": "d4",
      "type": "p",
      "color": "w"
    },
    {
      "square": "e4",
      "type": "b",
      "color": "b"
    },
    {
      "square": "h4",
      "type": "p",
      "color": "w"
    },
    {
      "square": "b3",
      "type": "p",
      "color": "w"
    },
    {
      "square": "f3",
      "type": "r",
      "color": "b"
    },
    {
      "square": "a2",
      "type": "p",
      "color": "w"
    },
    {
      "square": "b2",
      "type": "k",
      "color": "w"
    },
    {
      "square": "e1",
      "type": "r",
      "color": "w"
    }
  ]
}