{
  "event": "St. Louis Rapid & Blitz",
  "site": "lichess.org INT",
  "date": "2020.09.19",
  "eventDate": "2020.09.18",
  "dateMillis": 1600444800000,
  "eventDateMillis": 1600358400000,
  "round": "15.1",
  "result": "1-0",
  "white": "Magnus Carlsen",
  "black": "Pentala Harikrishna",
  "isCarlsenWin": true,
  "isDraw": false,
  "isCarlsenBlack": false,
  "moves": [
    "fxe3",
    "Bc6",
    "Be4",
    "Bd7",
    "Bd3",
    "Bc6",
    "Rc2",
    "Rb4",
    "Bb5",
    "Bxb5",
    "axb5",
    "Rc4",
    "Kf2",
    "Ke7",
    "Ke2",
    "f5",
    "Kd3",
    "Rb4",
    "Ra2",
    "Kf6",
    "Ra6",
    "Rb2",
    "Rxb6",
    "Rxg2",
    "Nd5+",
    "Ke5",
    "Nf4"
  ],
  "statePieceCount": 15,
  "endPieceCount": 10,
  "boardState": [
    {
      "square": "f8",
      "type": "k",
      "color": "b"
    },
    {
      "square": "f7",
      "type": "p",
      "color": "b"
    },
    {
      "square": "b6",
      "type": "p",
      "color": "b"
    },
    {
      "square": "e6",
      "type": "p",
      "color": "b"
    },
    {
      "square": "g6",
      "type": "p",
      "color": "b"
    },
    {
      "square": "d5",
      "type": "b",
      "color": "b"
    },
    {
      "square": "a4",
      "type": "p",
      "color": "w"
    },
    {
      "square": "c3",
      "type": "n",
      "color": "w"
    },
    {
      "square": "e3",
      "type": "b",
      "color": "b"
    },
    {
      "square": "b2",
      "type": "r",
      "color": "b"
    },
    {
      "square": "c2",
      "type": "b",
      "color": "w"
    },
    {
      "square": "f2",
      "type": "p",
      "color": "w"
    },
    {
      "square": "g2",
      "type": "p",
      "color": "w"
    },
    {
      "square": "c1",
      "type": "r",
      "color": "w"
    },
    {
      "square": "g1",
      "type": "k",
      "color": "w"
    }
  ],
  "nextTurn": "w"
}