{
  "event": "Norway Chess",
  "site": "Stavanger NOR",
  "date": "2020.10.06",
  "eventDate": "2020.10.05",
  "dateMillis": 1601913600000,
  "eventDateMillis": 1601827200000,
  "round": "2.1",
  "result": "1/2-1/2",
  "white": "Magnus Carlsen",
  "black": "Alireza Firouzja",
  "isCarlsenWin": false,
  "isDraw": true,
  "isCarlsenBlack": false,
  "moves": [
    "Rxd4",
    "Rxb3",
    "Rd8+",
    "Kh7",
    "h5",
    "Ra3",
    "Rd4",
    "Ra4",
    "e5",
    "Ra5",
    "Rxb4",
    "Rxe5",
    "Rxb6"
  ],
  "statePieceCount": 15,
  "endPieceCount": 10,
  "boardState": [
    {
      "square": "g8",
      "type": "k",
      "color": "b"
    },
    {
      "square": "f7",
      "type": "p",
      "color": "b"
    },
    {
      "square": "g7",
      "type": "p",
      "color": "b"
    },
    {
      "square": "b6",
      "type": "p",
      "color": "b"
    },
    {
      "square": "h6",
      "type": "p",
      "color": "b"
    },
    {
      "square": "b4",
      "type": "p",
      "color": "b"
    },
    {
      "square": "d4",
      "type": "n",
      "color": "b"
    },
    {
      "square": "e4",
      "type": "p",
      "color": "w"
    },
    {
      "square": "g4",
      "type": "p",
      "color": "w"
    },
    {
      "square": "h4",
      "type": "p",
      "color": "w"
    },
    {
      "square": "a3",
      "type": "r",
      "color": "b"
    },
    {
      "square": "b3",
      "type": "p",
      "color": "w"
    },
    {
      "square": "d3",
      "type": "r",
      "color": "w"
    },
    {
      "square": "f3",
      "type": "p",
      "color": "w"
    },
    {
      "square": "g3",
      "type": "k",
      "color": "w"
    }
  ],
  "nextTurn": "w"
}