{
  "event": "St. Louis Rapid & Blitz",
  "site": "lichess.org INT",
  "date": "2020.09.18",
  "eventDate": "2020.09.18",
  "dateMillis": 1600358400000,
  "eventDateMillis": 1600358400000,
  "round": "8.2",
  "result": "1-0",
  "white": "Magnus Carlsen",
  "black": "Leinier Dominguez Perez",
  "isDingWin": true,
  "isDraw": false,
  "isDingBlack": false,
  "moves": [
    "c4",
    "dxc4",
    "bxc4",
    "c5",
    "Rxe5+",
    "Bxe5",
    "Kg1",
    "Kf6",
    "Kf1",
    "Kg5",
    "Ke2",
    "Kf4",
    "Bf3",
    "Bf6",
    "Kd3",
    "Ke5",
    "Kc3",
    "Kd6+",
    "Kb3",
    "Kc7",
    "Bd5",
    "Bg5",
    "Kc3",
    "Kd6",
    "Ba8",
    "Bf6+",
    "Kd3",
    "Ke5",
    "Ke3",
    "Kf5",
    "Kf3",
    "Be5",
    "h4",
    "Bd6",
    "Be4+",
    "Kf6",
    "Kg4",
    "Be5",
    "h5",
    "Bd6",
    "h6",
    "Bc7",
    "h7",
    "Kg7",
    "Kf3",
    "a5",
    "Bc2",
    "Be5",
    "Ke4",
    "Bc3",
    "Kf4",
    "Be1",
    "Ke5",
    "Kh8",
    "Kd5",
    "Bb4",
    "Kc6",
    "Kg7",
    "Kb5",
    "Kh8",
    "Ka4",
    "Kg7",
    "a3",
    "Bd2",
    "Kb5",
    "Bc1",
    "a4"
  ],
  "statePieceCount": 15,
  "endPieceCount": 11,
  "boardState": [
    {
      "square": "a7",
      "type": "p",
      "color": "b"
    },
    {
      "square": "e7",
      "type": "k",
      "color": "b"
    },
    {
      "square": "c6",
      "type": "p",
      "color": "b"
    },
    {
      "square": "d5",
      "type": "p",
      "color": "b"
    },
    {
      "square": "e5",
      "type": "r",
      "color": "b"
    },
    {
      "square": "f4",
      "type": "b",
      "color": "b"
    },
    {
      "square": "g4",
      "type": "b",
      "color": "w"
    },
    {
      "square": "b3",
      "type": "p",
      "color": "w"
    },
    {
      "square": "c3",
      "type": "p",
      "color": "w"
    },
    {
      "square": "g3",
      "type": "p",
      "color": "b"
    },
    {
      "square": "h3",
      "type": "p",
      "color": "w"
    },
    {
      "square": "a2",
      "type": "p",
      "color": "w"
    },
    {
      "square": "e2",
      "type": "r",
      "color": "w"
    },
    {
      "square": "g2",
      "type": "p",
      "color": "w"
    },
    {
      "square": "h1",
      "type": "k",
      "color": "w"
    }
  ]
}