{
  "event": "chess.com Speed Chess",
  "site": "chess.com INT",
  "date": "2020.11.02",
  "eventDate": "2020.11.01",
  "dateMillis": 1604246400000,
  "eventDateMillis": 1604160000000,
  "round": "1.12",
  "result": "1/2-1/2",
  "white": "Parham Maghsoodloo",
  "black": "Magnus Carlsen",
  "isCarlsenWin": false,
  "isDraw": true,
  "isCarlsenBlack": true,
  "moves": [
    "Bxh6",
    "Rd8",
    "Ra6",
    "Rd5",
    "h4",
    "R8xd6",
    "Ra8+",
    "Rd8",
    "Ra6",
    "R8d6",
    "Ra8+",
    "Kh7",
    "Bg5",
    "e4",
    "Kh3",
    "Rxg5",
    "hxg5",
    "e3",
    "Ra1",
    "Rd2",
    "Re1",
    "e2",
    "b4",
    "Kg6",
    "Kg4",
    "e5",
    "Kf3",
    "Rd3+",
    "Ke4",
    "Rxc3",
    "Rxe2",
    "Rc4+",
    "Kxe5",
    "Rxb4",
    "Re4",
    "Rxe4+",
    "Kxe4",
    "Kxg5",
    "Kd4",
    "Kg4",
    "Kc5",
    "Kxg3",
    "Kxb5"
  ],
  "statePieceCount": 15,
  "endPieceCount": 2,
  "boardState": [
    {
      "square": "f8",
      "type": "r",
      "color": "b"
    },
    {
      "square": "g8",
      "type": "k",
      "color": "b"
    },
    {
      "square": "d6",
      "type": "p",
      "color": "w"
    },
    {
      "square": "e6",
      "type": "p",
      "color": "b"
    },
    {
      "square": "h6",
      "type": "p",
      "color": "b"
    },
    {
      "square": "b5",
      "type": "p",
      "color": "b"
    },
    {
      "square": "c5",
      "type": "r",
      "color": "b"
    },
    {
      "square": "e5",
      "type": "p",
      "color": "b"
    },
    {
      "square": "c3",
      "type": "p",
      "color": "w"
    },
    {
      "square": "g3",
      "type": "p",
      "color": "w"
    },
    {
      "square": "h3",
      "type": "p",
      "color": "w"
    },
    {
      "square": "b2",
      "type": "p",
      "color": "w"
    },
    {
      "square": "h2",
      "type": "k",
      "color": "w"
    },
    {
      "square": "a1",
      "type": "r",
      "color": "w"
    },
    {
      "square": "c1",
      "type": "b",
      "color": "w"
    }
  ],
  "nextTurn": "w"
}