{
  "event": "chess.com Speed Chess",
  "site": "chess.com INT",
  "date": "2020.11.02",
  "eventDate": "2020.11.01",
  "dateMillis": 1604246400000,
  "eventDateMillis": 1604160000000,
  "round": "1.26",
  "result": "1-0",
  "white": "Magnus Carlsen",
  "black": "Parham Maghsoodloo",
  "isCarlsenWin": true,
  "isDraw": false,
  "isCarlsenBlack": false,
  "moves": [
    "Qxc5",
    "Be6",
    "Kh7",
    "Qxc8",
    "Qe5",
    "Qg8+",
    "Kg6",
    "Bf7+",
    "Kf5",
    "Bxh5",
    "Qe1+",
    "Kh2",
    "Qxf2",
    "Qd5+"
  ],
  "statePieceCount": 15,
  "endPieceCount": 11,
  "boardState": [
    {
      "square": "b8",
      "type": "q",
      "color": "w"
    },
    {
      "square": "c8",
      "type": "n",
      "color": "b"
    },
    {
      "square": "h8",
      "type": "k",
      "color": "b"
    },
    {
      "square": "g7",
      "type": "p",
      "color": "b"
    },
    {
      "square": "f6",
      "type": "p",
      "color": "b"
    },
    {
      "square": "h6",
      "type": "p",
      "color": "b"
    },
    {
      "square": "c5",
      "type": "n",
      "color": "w"
    },
    {
      "square": "f5",
      "type": "q",
      "color": "b"
    },
    {
      "square": "h5",
      "type": "b",
      "color": "b"
    },
    {
      "square": "b3",
      "type": "b",
      "color": "w"
    },
    {
      "square": "a2",
      "type": "p",
      "color": "w"
    },
    {
      "square": "b2",
      "type": "p",
      "color": "w"
    },
    {
      "square": "f2",
      "type": "p",
      "color": "w"
    },
    {
      "square": "g2",
      "type": "p",
      "color": "w"
    },
    {
      "square": "g1",
      "type": "k",
      "color": "w"
    }
  ],
  "nextTurn": "b"
}