{
  "event": "chess.com Speed Chess",
  "site": "chess.com INT",
  "date": "2020.11.02",
  "eventDate": "2020.11.01",
  "dateMillis": 1604246400000,
  "eventDateMillis": 1604160000000,
  "round": "1.19",
  "result": "1-0",
  "white": "Magnus Carlsen",
  "black": "Parham Maghsoodloo",
  "isCarlsenWin": true,
  "isDraw": false,
  "isCarlsenBlack": false,
  "moves": [
    "c5",
    "Kf2",
    "Ke6",
    "Rd1",
    "c4",
    "Ke2",
    "Kxe5",
    "Kd2",
    "Kd4",
    "Re1",
    "Rd8",
    "Re4+",
    "Kc5+",
    "Kc1",
    "g5",
    "Re5+",
    "Kd4",
    "Rxg5",
    "Re8",
    "Kd2",
    "c3+",
    "bxc3+",
    "Kc4",
    "Rg7",
    "b2",
    "Rb7",
    "Rd8+",
    "Kc2",
    "Re8",
    "Rb4+",
    "Kc5",
    "Kxb2",
    "Re2+",
    "Kb3",
    "Rxg2",
    "h4",
    "Rg1",
    "Rxf4",
    "Rb1+",
    "Kc2",
    "Rh1",
    "a4",
    "Ra1",
    "Kb2",
    "Rh1",
    "Rb4",
    "h6",
    "a5",
    "Rh3",
    "a6"
  ],
  "statePieceCount": 15,
  "endPieceCount": 9,
  "boardState": [
    {
      "square": "c8",
      "type": "r",
      "color": "b"
    },
    {
      "square": "c7",
      "type": "p",
      "color": "b"
    },
    {
      "square": "e7",
      "type": "k",
      "color": "b"
    },
    {
      "square": "g7",
      "type": "p",
      "color": "b"
    },
    {
      "square": "h7",
      "type": "p",
      "color": "b"
    },
    {
      "square": "d5",
      "type": "r",
      "color": "w"
    },
    {
      "square": "e5",
      "type": "p",
      "color": "w"
    },
    {
      "square": "f4",
      "type": "p",
      "color": "b"
    },
    {
      "square": "a3",
      "type": "p",
      "color": "w"
    },
    {
      "square": "b3",
      "type": "p",
      "color": "b"
    },
    {
      "square": "f3",
      "type": "p",
      "color": "w"
    },
    {
      "square": "b2",
      "type": "p",
      "color": "w"
    },
    {
      "square": "g2",
      "type": "p",
      "color": "w"
    },
    {
      "square": "h2",
      "type": "p",
      "color": "w"
    },
    {
      "square": "g1",
      "type": "k",
      "color": "w"
    }
  ],
  "nextTurn": "b"
}