{
  "event": "Skilling Open",
  "site": "chess24.com INT",
  "date": "2020.11.24",
  "eventDate": "2020.11.22",
  "dateMillis": 1606147200000,
  "eventDateMillis": 1605974400000,
  "round": "13.3",
  "result": "1-0",
  "white": "Magnus Carlsen",
  "black": "Vidit Santosh Gujrathi",
  "isDingWin": true,
  "isDraw": false,
  "isDingBlack": false,
  "moves": [
    "Rxf8",
    "Rf1",
    "Rxf1+",
    "Qxf1",
    "h6",
    "Qf8+",
    "Kh7",
    "Qf5+",
    "Kh8",
    "Qxe5",
    "Qc1+",
    "Kf2",
    "Qd2+",
    "Kf3",
    "Qd3+",
    "Kf4",
    "Qd2+",
    "Kf5",
    "Qd3+",
    "Ke6",
    "Qc4+",
    "Kd7",
    "c5",
    "Qb8+",
    "Kh7",
    "Qb1+",
    "Kh8",
    "Qb6",
    "Qxc3",
    "a6",
    "Qd2+",
    "Kc8",
    "c4",
    "a7",
    "Qxg2",
    "Qb8",
    "Qc6+",
    "Kd8",
    "Qd5+",
    "Ke7+",
    "Kh7",
    "a8=Q",
    "Qg5+",
    "Kd7",
    "Qf5+",
    "Kc6",
    "Qe4+",
    "Kc5",
    "Qe3+",
    "Kxc4",
    "Qe2+",
    "Kb3",
    "Qd3+",
    "Kb2",
    "Qd2+",
    "Ka1",
    "Qd4+",
    "Qb2"
  ],
  "statePieceCount": 15,
  "endPieceCount": 8,
  "boardState": [
    {
      "square": "a8",
      "type": "r",
      "color": "b"
    },
    {
      "square": "f8",
      "type": "r",
      "color": "w"
    },
    {
      "square": "h8",
      "type": "k",
      "color": "b"
    },
    {
      "square": "c7",
      "type": "p",
      "color": "b"
    },
    {
      "square": "g7",
      "type": "p",
      "color": "b"
    },
    {
      "square": "h7",
      "type": "p",
      "color": "b"
    },
    {
      "square": "a6",
      "type": "q",
      "color": "w"
    },
    {
      "square": "a5",
      "type": "p",
      "color": "w"
    },
    {
      "square": "e5",
      "type": "p",
      "color": "b"
    },
    {
      "square": "c3",
      "type": "p",
      "color": "w"
    },
    {
      "square": "b2",
      "type": "q",
      "color": "b"
    },
    {
      "square": "g2",
      "type": "p",
      "color": "w"
    },
    {
      "square": "h2",
      "type": "p",
      "color": "w"
    },
    {
      "square": "a1",
      "type": "r",
      "color": "w"
    },
    {
      "square": "g1",
      "type": "k",
      "color": "w"
    }
  ]
}