{
  "event": "Skilling Open",
  "site": "chess24.com INT",
  "date": "2020.11.25",
  "eventDate": "2020.11.25",
  "dateMillis": 1606233600000,
  "eventDateMillis": 1606233600000,
  "round": "1.13",
  "result": "1/2-1/2",
  "white": "Magnus Carlsen",
  "black": "Anish Giri",
  "isDingWin": false,
  "isDraw": true,
  "isDingBlack": false,
  "moves": [
    "hxg4",
    "Re5+",
    "Kf4",
    "Rd5",
    "Ne2",
    "Rd1",
    "Re3",
    "Bb7",
    "Nc3",
    "Rf1+",
    "Kg3",
    "Rg1+",
    "Kf4",
    "Rf1+",
    "Kg3",
    "Rg1+",
    "Kf4",
    "Rf1+"
  ],
  "statePieceCount": 15,
  "endPieceCount": 14,
  "boardState": [
    {
      "square": "f8",
      "type": "k",
      "color": "b"
    },
    {
      "square": "a7",
      "type": "p",
      "color": "b"
    },
    {
      "square": "f7",
      "type": "p",
      "color": "b"
    },
    {
      "square": "a6",
      "type": "b",
      "color": "b"
    },
    {
      "square": "f6",
      "type": "p",
      "color": "b"
    },
    {
      "square": "d5",
      "type": "r",
      "color": "b"
    },
    {
      "square": "f5",
      "type": "p",
      "color": "w"
    },
    {
      "square": "c4",
      "type": "p",
      "color": "b"
    },
    {
      "square": "d4",
      "type": "n",
      "color": "w"
    },
    {
      "square": "g4",
      "type": "p",
      "color": "b"
    },
    {
      "square": "a3",
      "type": "p",
      "color": "w"
    },
    {
      "square": "c3",
      "type": "r",
      "color": "w"
    },
    {
      "square": "e3",
      "type": "k",
      "color": "w"
    },
    {
      "square": "h3",
      "type": "p",
      "color": "w"
    },
    {
      "square": "c2",
      "type": "p",
      "color": "w"
    }
  ]
}