{
  "event": "Skilling Open",
  "site": "chess24.com INT",
  "date": "2020.11.22",
  "eventDate": "2020.11.22",
  "dateMillis": 1605974400000,
  "eventDateMillis": 1605974400000,
  "round": "5",
  "result": "1-0",
  "white": "Magnus Carlsen",
  "black": "Alireza Firouzja",
  "isCarlsenWin": true,
  "isDraw": false,
  "isCarlsenBlack": false,
  "moves": [
    "Nxe4",
    "Bd5",
    "Nd6",
    "Nc3",
    "f3",
    "f6",
    "e4",
    "Bc6",
    "Nf5",
    "Nb5",
    "Ne7",
    "Be8",
    "c6",
    "Na7",
    "c7",
    "Bd7",
    "Bf2",
    "Nc8",
    "Nd5",
    "Kg8",
    "g4",
    "hxg4",
    "hxg4",
    "Kf7",
    "Bc5",
    "Bc6",
    "f4",
    "Bb5",
    "f5",
    "Bd3",
    "Nb6",
    "Nxb6",
    "Bxb6",
    "Ba6",
    "Bd4",
    "g6",
    "Kg3",
    "gxf5",
    "exf5",
    "Ke7",
    "Kf4",
    "Kd7",
    "Bxf6",
    "Kxc7",
    "g5",
    "Kd7",
    "g6",
    "Ke8",
    "Kg5",
    "Kf8",
    "Bc3",
    "Bc4",
    "f6",
    "Kg8",
    "Bb4",
    "Bb3",
    "Kf4"
  ],
  "statePieceCount": 15,
  "endPieceCount": 6,
  "boardState": [
    {
      "square": "f7",
      "type": "p",
      "color": "b"
    },
    {
      "square": "g7",
      "type": "p",
      "color": "b"
    },
    {
      "square": "h7",
      "type": "k",
      "color": "b"
    },
    {
      "square": "e6",
      "type": "b",
      "color": "b"
    },
    {
      "square": "c5",
      "type": "p",
      "color": "w"
    },
    {
      "square": "h5",
      "type": "p",
      "color": "b"
    },
    {
      "square": "e4",
      "type": "p",
      "color": "b"
    },
    {
      "square": "e3",
      "type": "p",
      "color": "w"
    },
    {
      "square": "g3",
      "type": "b",
      "color": "w"
    },
    {
      "square": "h3",
      "type": "p",
      "color": "w"
    },
    {
      "square": "d2",
      "type": "n",
      "color": "w"
    },
    {
      "square": "e2",
      "type": "n",
      "color": "b"
    },
    {
      "square": "f2",
      "type": "p",
      "color": "w"
    },
    {
      "square": "g2",
      "type": "p",
      "color": "w"
    },
    {
      "square": "h2",
      "type": "k",
      "color": "w"
    }
  ],
  "nextTurn": "w"
}