{
  "event": "Skilling Open",
  "site": "chess24.com INT",
  "date": "2020.11.23",
  "eventDate": "2020.11.22",
  "dateMillis": 1606060800000,
  "eventDateMillis": 1605974400000,
  "round": "8",
  "result": "1/2-1/2",
  "white": "Ding Liren",
  "black": "Magnus Carlsen",
  "isDingWin": false,
  "isDraw": true,
  "isDingBlack": true,
  "moves": [
    "Rxf2",
    "b4",
    "Re2",
    "Rc8+",
    "Kf7",
    "Rc7+",
    "Kg6",
    "Rxa7",
    "Rxe3",
    "a4",
    "Ra3",
    "a5",
    "bxa5",
    "bxa5",
    "f5",
    "a6",
    "f4",
    "Ra8",
    "Ra2",
    "Rf8",
    "Rxa6",
    "Rxf4",
    "Rf6",
    "Kg3",
    "Rxf4",
    "Kxf4",
    "Kf6",
    "g4",
    "g5+",
    "Ke4",
    "Ke6",
    "Kd4",
    "Kd6",
    "Ke4",
    "Ke6",
    "Kd4",
    "Kd6",
    "Ke4",
    "Ke6"
  ],
  "statePieceCount": 15,
  "endPieceCount": 6,
  "boardState": [
    {
      "square": "f8",
      "type": "k",
      "color": "b"
    },
    {
      "square": "a7",
      "type": "p",
      "color": "b"
    },
    {
      "square": "g7",
      "type": "p",
      "color": "b"
    },
    {
      "square": "b6",
      "type": "p",
      "color": "b"
    },
    {
      "square": "c6",
      "type": "r",
      "color": "w"
    },
    {
      "square": "f6",
      "type": "p",
      "color": "b"
    },
    {
      "square": "h6",
      "type": "p",
      "color": "b"
    },
    {
      "square": "a3",
      "type": "p",
      "color": "w"
    },
    {
      "square": "e3",
      "type": "p",
      "color": "w"
    },
    {
      "square": "h3",
      "type": "p",
      "color": "w"
    },
    {
      "square": "b2",
      "type": "p",
      "color": "w"
    },
    {
      "square": "d2",
      "type": "r",
      "color": "b"
    },
    {
      "square": "f2",
      "type": "p",
      "color": "w"
    },
    {
      "square": "g2",
      "type": "p",
      "color": "w"
    },
    {
      "square": "h2",
      "type": "k",
      "color": "w"
    }
  ]
}