{
  "event": "Skilling Open",
  "site": "chess24.com INT",
  "date": "2020.11.30",
  "eventDate": "2020.11.25",
  "dateMillis": 1606665600000,
  "eventDateMillis": 1606233600000,
  "round": "3.22",
  "result": "0-1",
  "white": "Magnus Carlsen",
  "black": "Wesley So",
  "isDingWin": false,
  "isDraw": false,
  "isDingBlack": false,
  "moves": [
    "Bc1",
    "e5",
    "b4",
    "Nec3",
    "Bf1",
    "e4",
    "Kf2",
    "Ke5",
    "Bh3",
    "b6",
    "Bb2",
    "Kd4",
    "Bf1",
    "b5",
    "Ke1",
    "Ke3",
    "Bc1+",
    "Kd4",
    "Bb2",
    "e3",
    "Ba1",
    "g6",
    "Bh3",
    "Kd3",
    "Bc8",
    "Nb1",
    "Bb2",
    "Nd2",
    "Bg4",
    "Nc3",
    "Bxc3",
    "Kxc3",
    "Ke2",
    "Nc4",
    "Bc8",
    "Nxa3",
    "Bxa6",
    "Kd4",
    "h4",
    "Nb1",
    "Kd1",
    "Nc3+",
    "Kc2",
    "g5",
    "hxg5",
    "hxg5",
    "g4",
    "Kc4",
    "Bc8",
    "Kxb4",
    "Kd3",
    "e2",
    "Kd2",
    "Ka3",
    "Bf5",
    "b4",
    "Bd3",
    "b3"
  ],
  "statePieceCount": 15,
  "endPieceCount": 8,
  "boardState": [
    {
      "square": "b7",
      "type": "p",
      "color": "b"
    },
    {
      "square": "g7",
      "type": "p",
      "color": "b"
    },
    {
      "square": "a6",
      "type": "p",
      "color": "b"
    },
    {
      "square": "d6",
      "type": "k",
      "color": "b"
    },
    {
      "square": "e6",
      "type": "p",
      "color": "b"
    },
    {
      "square": "h6",
      "type": "p",
      "color": "b"
    },
    {
      "square": "d5",
      "type": "n",
      "color": "b"
    },
    {
      "square": "e4",
      "type": "n",
      "color": "b"
    },
    {
      "square": "a3",
      "type": "p",
      "color": "w"
    },
    {
      "square": "b3",
      "type": "p",
      "color": "w"
    },
    {
      "square": "g3",
      "type": "p",
      "color": "w"
    },
    {
      "square": "d2",
      "type": "b",
      "color": "w"
    },
    {
      "square": "e2",
      "type": "b",
      "color": "w"
    },
    {
      "square": "h2",
      "type": "p",
      "color": "w"
    },
    {
      "square": "g1",
      "type": "k",
      "color": "w"
    }
  ]
}