{
  "event": "Skilling Open",
  "site": "chess24.com INT",
  "date": "2020.11.28",
  "eventDate": "2020.11.25",
  "dateMillis": 1606492800000,
  "eventDateMillis": 1606233600000,
  "round": "2.22",
  "result": "1-0",
  "white": "Magnus Carlsen",
  "black": "Ian Nepomniachtchi",
  "isCarlsenWin": true,
  "isDraw": false,
  "isCarlsenBlack": false,
  "moves": [
    "gxh3",
    "Qe5",
    "Qd1",
    "Nf8",
    "h4",
    "Kg6",
    "Qd8",
    "Qg7",
    "Qe8+",
    "Kh7",
    "Qxb5",
    "Ng6",
    "Qxa4",
    "Ne5",
    "Qf4",
    "Qh8",
    "b4",
    "Kg6",
    "Qe3",
    "Kf7",
    "b5",
    "Qb8",
    "Bf4",
    "Qg8+",
    "Kf1",
    "Ng4",
    "Qa7+",
    "Kg6",
    "Qe7",
    "Nf6",
    "h5+"
  ],
  "statePieceCount": 15,
  "endPieceCount": 12,
  "boardState": [
    {
      "square": "c7",
      "type": "q",
      "color": "b"
    },
    {
      "square": "f7",
      "type": "k",
      "color": "b"
    },
    {
      "square": "e6",
      "type": "p",
      "color": "b"
    },
    {
      "square": "g6",
      "type": "n",
      "color": "b"
    },
    {
      "square": "b5",
      "type": "p",
      "color": "b"
    },
    {
      "square": "f5",
      "type": "p",
      "color": "b"
    },
    {
      "square": "g5",
      "type": "b",
      "color": "w"
    },
    {
      "square": "a4",
      "type": "p",
      "color": "b"
    },
    {
      "square": "c3",
      "type": "p",
      "color": "w"
    },
    {
      "square": "h3",
      "type": "r",
      "color": "b"
    },
    {
      "square": "b2",
      "type": "p",
      "color": "w"
    },
    {
      "square": "e2",
      "type": "q",
      "color": "w"
    },
    {
      "square": "f2",
      "type": "p",
      "color": "w"
    },
    {
      "square": "g2",
      "type": "p",
      "color": "w"
    },
    {
      "square": "g1",
      "type": "k",
      "color": "w"
    }
  ],
  "nextTurn": "w"
}