{
  "event": "Skilling Open",
  "site": "chess24.com INT",
  "date": "2020.11.27",
  "eventDate": "2020.11.25",
  "dateMillis": 1606406400000,
  "eventDateMillis": 1606233600000,
  "round": "2.12",
  "result": "1/2-1/2",
  "white": "Ian Nepomniachtchi",
  "black": "Magnus Carlsen",
  "isCarlsenWin": false,
  "isDraw": true,
  "isCarlsenBlack": true,
  "moves": [
    "Nd6",
    "Nc7",
    "Ke7",
    "Nd5+",
    "Ke6",
    "Nc3",
    "f5",
    "Kg1",
    "f4",
    "b3",
    "Kd7",
    "a4",
    "g5",
    "Kf2",
    "h5",
    "Kf3",
    "Kc6",
    "Nd5",
    "g4+",
    "hxg4",
    "hxg4+",
    "Kxg4",
    "Nxe4",
    "Ne7+",
    "Kd6",
    "Ng6",
    "Nf6+",
    "Kf5",
    "Nd5",
    "Nxe5",
    "bxa4",
    "bxa4",
    "Nxb4",
    "Ng6",
    "Nd5",
    "Nxf4",
    "Ne3+",
    "Ke4",
    "Nxg2",
    "Nxg2",
    "Kc5"
  ],
  "statePieceCount": 15,
  "endPieceCount": 4,
  "boardState": [
    {
      "square": "c8",
      "type": "n",
      "color": "b"
    },
    {
      "square": "f7",
      "type": "k",
      "color": "b"
    },
    {
      "square": "h7",
      "type": "p",
      "color": "b"
    },
    {
      "square": "a6",
      "type": "n",
      "color": "w"
    },
    {
      "square": "f6",
      "type": "p",
      "color": "b"
    },
    {
      "square": "g6",
      "type": "p",
      "color": "b"
    },
    {
      "square": "b5",
      "type": "p",
      "color": "b"
    },
    {
      "square": "e5",
      "type": "p",
      "color": "b"
    },
    {
      "square": "b4",
      "type": "p",
      "color": "w"
    },
    {
      "square": "e4",
      "type": "p",
      "color": "w"
    },
    {
      "square": "a3",
      "type": "p",
      "color": "w"
    },
    {
      "square": "h3",
      "type": "p",
      "color": "w"
    },
    {
      "square": "b2",
      "type": "p",
      "color": "w"
    },
    {
      "square": "g2",
      "type": "p",
      "color": "w"
    },
    {
      "square": "h1",
      "type": "k",
      "color": "w"
    }
  ],
  "nextTurn": "b"
}