{
  "event": "Airthings Masters",
  "site": "chess24.com INT",
  "date": "2020.12.29",
  "eventDate": "2020.12.29",
  "dateMillis": 1609171200000,
  "eventDateMillis": 1609171200000,
  "round": "1.12",
  "result": "1/2-1/2",
  "white": "Daniil Dubov",
  "black": "Magnus Carlsen",
  "isDingWin": false,
  "isDraw": true,
  "isDingBlack": true,
  "moves": [
    "Rxg7+",
    "Kf6",
    "Rh7",
    "h6",
    "Kc5",
    "Be3+",
    "Kc4",
    "Rd6",
    "Kb5",
    "Rd3",
    "Kc4",
    "Rd6",
    "Kb5",
    "Rd3",
    "Kc4"
  ],
  "statePieceCount": 15,
  "endPieceCount": 14,
  "boardState": [
    {
      "square": "g8",
      "type": "r",
      "color": "b"
    },
    {
      "square": "f7",
      "type": "p",
      "color": "b"
    },
    {
      "square": "g7",
      "type": "p",
      "color": "w"
    },
    {
      "square": "b6",
      "type": "k",
      "color": "b"
    },
    {
      "square": "c6",
      "type": "n",
      "color": "b"
    },
    {
      "square": "e6",
      "type": "p",
      "color": "b"
    },
    {
      "square": "e5",
      "type": "p",
      "color": "w"
    },
    {
      "square": "g5",
      "type": "k",
      "color": "w"
    },
    {
      "square": "h5",
      "type": "p",
      "color": "w"
    },
    {
      "square": "a4",
      "type": "p",
      "color": "b"
    },
    {
      "square": "b4",
      "type": "p",
      "color": "b"
    },
    {
      "square": "e4",
      "type": "p",
      "color": "w"
    },
    {
      "square": "f4",
      "type": "b",
      "color": "w"
    },
    {
      "square": "d3",
      "type": "r",
      "color": "w"
    },
    {
      "square": "b2",
      "type": "p",
      "color": "w"
    }
  ]
}