{
  "event": "Tata Steel",
  "site": "Wijk aan Zee NED",
  "date": "2021.01.18",
  "eventDate": "2021.01.15",
  "dateMillis": 1610899200000,
  "eventDateMillis": 1610640000000,
  "round": "3",
  "result": "1/2-1/2",
  "white": "Magnus Carlsen",
  "black": "Aryan Tari",
  "isDingWin": false,
  "isDraw": true,
  "isDingBlack": false,
  "moves": [
    "Ne5",
    "Bh3",
    "h5",
    "Ka2",
    "Re7",
    "Ne1",
    "Bf4",
    "Nf3",
    "Nxf3",
    "Rf5+",
    "Kg6",
    "Rxf4",
    "Nxh2",
    "Kb3",
    "Ng4",
    "Bxg4",
    "hxg4",
    "Rxg4+",
    "Kf5",
    "Rb4",
    "Kxe6",
    "Rb6+",
    "Kf7",
    "Kb4",
    "Ke8",
    "Rd6",
    "Rd7",
    "Kc5",
    "Rxd6",
    "Kxd6",
    "Kd8",
    "b4",
    "Kc8",
    "a4",
    "Kd8",
    "b5",
    "axb5",
    "axb5",
    "Kc8",
    "b6",
    "Kb8",
    "Kd7",
    "Ka8",
    "Kc7"
  ],
  "statePieceCount": 15,
  "endPieceCount": 4,
  "boardState": [
    {
      "square": "b7",
      "type": "p",
      "color": "b"
    },
    {
      "square": "c7",
      "type": "r",
      "color": "b"
    },
    {
      "square": "a6",
      "type": "p",
      "color": "b"
    },
    {
      "square": "c6",
      "type": "n",
      "color": "b"
    },
    {
      "square": "e6",
      "type": "p",
      "color": "w"
    },
    {
      "square": "f6",
      "type": "k",
      "color": "b"
    },
    {
      "square": "h6",
      "type": "p",
      "color": "b"
    },
    {
      "square": "d5",
      "type": "r",
      "color": "w"
    },
    {
      "square": "g5",
      "type": "b",
      "color": "b"
    },
    {
      "square": "g4",
      "type": "b",
      "color": "w"
    },
    {
      "square": "a3",
      "type": "p",
      "color": "w"
    },
    {
      "square": "b2",
      "type": "p",
      "color": "w"
    },
    {
      "square": "g2",
      "type": "n",
      "color": "w"
    },
    {
      "square": "h2",
      "type": "p",
      "color": "w"
    },
    {
      "square": "b1",
      "type": "k",
      "color": "w"
    }
  ]
}