{
  "event": "Opera Euro Rapid",
  "site": "chess24.com INT",
  "date": "2021.02.06",
  "eventDate": "2021.02.06",
  "dateMillis": 1612540800000,
  "eventDateMillis": 1612540800000,
  "round": "3.3",
  "result": "0-1",
  "white": "Matthias Bluebaum",
  "black": "Magnus Carlsen",
  "isDingWin": true,
  "isDraw": false,
  "isDingBlack": true,
  "moves": [
    "bxc5",
    "Bxc5",
    "Rd5",
    "Rc3+",
    "Kh2",
    "Kf6",
    "a5",
    "Bf2",
    "Kh1",
    "Ra3",
    "Rd6+",
    "Be6",
    "Ra6",
    "Ke5",
    "Rc1",
    "h4",
    "Rb1",
    "Bc4",
    "Rh6",
    "Bg3",
    "Rd1",
    "Bd3",
    "a6",
    "Bf5",
    "Rc1",
    "Kd4",
    "Rf6",
    "Bd3",
    "Re6",
    "Bxa6",
    "Rd6+",
    "Ke3",
    "Re6+",
    "Kd2"
  ],
  "statePieceCount": 15,
  "endPieceCount": 12,
  "boardState": [
    {
      "square": "a7",
      "type": "p",
      "color": "b"
    },
    {
      "square": "e7",
      "type": "b",
      "color": "b"
    },
    {
      "square": "g7",
      "type": "k",
      "color": "b"
    },
    {
      "square": "c5",
      "type": "p",
      "color": "b"
    },
    {
      "square": "f5",
      "type": "b",
      "color": "b"
    },
    {
      "square": "h5",
      "type": "p",
      "color": "b"
    },
    {
      "square": "a4",
      "type": "p",
      "color": "w"
    },
    {
      "square": "b4",
      "type": "p",
      "color": "w"
    },
    {
      "square": "f4",
      "type": "p",
      "color": "b"
    },
    {
      "square": "e3",
      "type": "r",
      "color": "b"
    },
    {
      "square": "f3",
      "type": "p",
      "color": "w"
    },
    {
      "square": "d2",
      "type": "r",
      "color": "w"
    },
    {
      "square": "g2",
      "type": "p",
      "color": "w"
    },
    {
      "square": "d1",
      "type": "r",
      "color": "w"
    },
    {
      "square": "g1",
      "type": "k",
      "color": "w"
    }
  ]
}