{
  "event": "Magnus Carlsen Invitational",
  "site": "chess24.com INT",
  "date": "2021.03.13",
  "eventDate": "2021.03.13",
  "dateMillis": 1615564800000,
  "eventDateMillis": 1615564800000,
  "round": "1.7",
  "result": "0-1",
  "white": "Jorden van Foreest",
  "black": "Magnus Carlsen",
  "isDingWin": true,
  "isDraw": false,
  "isDingBlack": true,
  "moves": [
    "fxe3",
    "Rd8",
    "Rb7",
    "Rf8",
    "Bc4",
    "Rf6+",
    "Kg7",
    "Rf3",
    "e2",
    "Kf2",
    "Bb5",
    "Re3",
    "Rf7+",
    "Rf3",
    "Rd7",
    "Re3",
    "Rd2",
    "Bb6",
    "Rb2",
    "Bd4",
    "Rb1",
    "Bc3",
    "Rf1+",
    "Kg3",
    "h5",
    "h4",
    "g4",
    "Re4",
    "Rc1",
    "Bd2",
    "Rd1"
  ],
  "statePieceCount": 15,
  "endPieceCount": 14,
  "boardState": [
    {
      "square": "b8",
      "type": "r",
      "color": "b"
    },
    {
      "square": "d7",
      "type": "r",
      "color": "w"
    },
    {
      "square": "h7",
      "type": "p",
      "color": "b"
    },
    {
      "square": "e6",
      "type": "p",
      "color": "b"
    },
    {
      "square": "g6",
      "type": "k",
      "color": "b"
    },
    {
      "square": "a5",
      "type": "b",
      "color": "w"
    },
    {
      "square": "d5",
      "type": "b",
      "color": "b"
    },
    {
      "square": "e5",
      "type": "p",
      "color": "w"
    },
    {
      "square": "g5",
      "type": "p",
      "color": "b"
    },
    {
      "square": "b4",
      "type": "p",
      "color": "w"
    },
    {
      "square": "f4",
      "type": "p",
      "color": "b"
    },
    {
      "square": "e3",
      "type": "p",
      "color": "w"
    },
    {
      "square": "h3",
      "type": "p",
      "color": "w"
    },
    {
      "square": "g2",
      "type": "p",
      "color": "w"
    },
    {
      "square": "g1",
      "type": "k",
      "color": "w"
    }
  ]
}