{
  "event": "Magnus Carlsen Invitational",
  "site": "chess24.com INT",
  "date": "2021.03.14",
  "eventDate": "2021.03.13",
  "dateMillis": 1615651200000,
  "eventDateMillis": 1615564800000,
  "round": "8.3",
  "result": "0-1",
  "white": "Ian Nepomniachtchi",
  "black": "Magnus Carlsen",
  "isDingWin": true,
  "isDraw": false,
  "isDingBlack": true,
  "moves": [
    "Rxd2",
    "b2"
  ],
  "statePieceCount": 15,
  "endPieceCount": 14,
  "boardState": [
    {
      "square": "a7",
      "type": "k",
      "color": "b"
    },
    {
      "square": "b7",
      "type": "r",
      "color": "b"
    },
    {
      "square": "h7",
      "type": "p",
      "color": "b"
    },
    {
      "square": "b6",
      "type": "q",
      "color": "b"
    },
    {
      "square": "e6",
      "type": "b",
      "color": "b"
    },
    {
      "square": "f6",
      "type": "p",
      "color": "w"
    },
    {
      "square": "a5",
      "type": "p",
      "color": "b"
    },
    {
      "square": "e5",
      "type": "q",
      "color": "w"
    },
    {
      "square": "d4",
      "type": "r",
      "color": "w"
    },
    {
      "square": "h4",
      "type": "p",
      "color": "w"
    },
    {
      "square": "a3",
      "type": "p",
      "color": "w"
    },
    {
      "square": "b3",
      "type": "p",
      "color": "b"
    },
    {
      "square": "c3",
      "type": "p",
      "color": "w"
    },
    {
      "square": "d2",
      "type": "r",
      "color": "b"
    },
    {
      "square": "b1",
      "type": "k",
      "color": "w"
    }
  ]
}