{
  "event": "Magnus Carlsen Invitational",
  "site": "chess24.com INT",
  "date": "2021.03.15",
  "eventDate": "2021.03.13",
  "dateMillis": 1615737600000,
  "eventDateMillis": 1615564800000,
  "round": "12.5",
  "result": "1/2-1/2",
  "white": "Wesley So",
  "black": "Magnus Carlsen",
  "isDingWin": false,
  "isDraw": true,
  "isDingBlack": true,
  "moves": [
    "Kxe6",
    "b4",
    "Kd6",
    "Kb3",
    "Kc7",
    "Kc3",
    "Kb6",
    "Kb3",
    "Ka6",
    "Kc3",
    "Kb6",
    "Kb3",
    "Ka6",
    "Kc3",
    "Kb6"
  ],
  "statePieceCount": 15,
  "endPieceCount": 14,
  "boardState": [
    {
      "square": "a7",
      "type": "p",
      "color": "b"
    },
    {
      "square": "g7",
      "type": "p",
      "color": "b"
    },
    {
      "square": "c6",
      "type": "p",
      "color": "b"
    },
    {
      "square": "d6",
      "type": "k",
      "color": "b"
    },
    {
      "square": "e6",
      "type": "n",
      "color": "w"
    },
    {
      "square": "f6",
      "type": "p",
      "color": "b"
    },
    {
      "square": "d5",
      "type": "p",
      "color": "b"
    },
    {
      "square": "g5",
      "type": "p",
      "color": "b"
    },
    {
      "square": "a4",
      "type": "p",
      "color": "w"
    },
    {
      "square": "d4",
      "type": "p",
      "color": "w"
    },
    {
      "square": "g4",
      "type": "p",
      "color": "w"
    },
    {
      "square": "b3",
      "type": "p",
      "color": "w"
    },
    {
      "square": "c3",
      "type": "k",
      "color": "w"
    },
    {
      "square": "h3",
      "type": "p",
      "color": "w"
    },
    {
      "square": "f2",
      "type": "p",
      "color": "w"
    }
  ]
}