{
  "event": "Magnus Carlsen Invitational",
  "site": "chess24.com INT",
  "date": "2021.03.16",
  "eventDate": "2021.03.13",
  "dateMillis": 1615824000000,
  "eventDateMillis": 1615564800000,
  "round": "1.13",
  "result": "1/2-1/2",
  "white": "Magnus Carlsen",
  "black": "Levon Aronian",
  "isDingWin": false,
  "isDraw": true,
  "isDingBlack": false,
  "moves": [
    "Rxc3",
    "Rxa6",
    "Rc1+",
    "Kh2",
    "e5",
    "g4",
    "Ke6",
    "d7+",
    "Kxd7",
    "Rxf6",
    "Rc2",
    "Kg3",
    "Rxa2",
    "Rf5",
    "Ra3+",
    "Kg2",
    "Ke6",
    "Rxg5",
    "Ra7",
    "Rf5",
    "Rb7",
    "Kg3",
    "Rb3+",
    "Kg2",
    "Rb7",
    "Kg3",
    "Rb3+",
    "Kg2",
    "Rb7"
  ],
  "statePieceCount": 15,
  "endPieceCount": 9,
  "boardState": [
    {
      "square": "c8",
      "type": "r",
      "color": "b"
    },
    {
      "square": "f7",
      "type": "k",
      "color": "b"
    },
    {
      "square": "h7",
      "type": "p",
      "color": "b"
    },
    {
      "square": "a6",
      "type": "p",
      "color": "b"
    },
    {
      "square": "b6",
      "type": "r",
      "color": "w"
    },
    {
      "square": "d6",
      "type": "p",
      "color": "w"
    },
    {
      "square": "e6",
      "type": "p",
      "color": "b"
    },
    {
      "square": "f6",
      "type": "p",
      "color": "b"
    },
    {
      "square": "g5",
      "type": "p",
      "color": "b"
    },
    {
      "square": "c3",
      "type": "p",
      "color": "w"
    },
    {
      "square": "h3",
      "type": "p",
      "color": "w"
    },
    {
      "square": "a2",
      "type": "p",
      "color": "w"
    },
    {
      "square": "f2",
      "type": "p",
      "color": "w"
    },
    {
      "square": "g2",
      "type": "p",
      "color": "w"
    },
    {
      "square": "g1",
      "type": "k",
      "color": "w"
    }
  ]
}