{
  "event": "Magnus Carlsen Invitational",
  "site": "chess24.com INT",
  "date": "2021.03.17",
  "eventDate": "2021.03.13",
  "dateMillis": 1615910400000,
  "eventDateMillis": 1615564800000,
  "round": "1.21",
  "result": "0-1",
  "white": "Levon Aronian",
  "black": "Magnus Carlsen",
  "isDingWin": true,
  "isDraw": false,
  "isDingBlack": true,
  "moves": [
    "Kg3",
    "Rc2",
    "Rd3",
    "Bd5",
    "Kf4",
    "Kf6",
    "g4",
    "Rf2",
    "h4",
    "b5",
    "Kg3",
    "Rxf3+",
    "Rxf3+",
    "Bxf3",
    "Kxf3",
    "c5",
    "Ke4",
    "c6",
    "Kf4",
    "a5",
    "Ke4",
    "a4",
    "Kd3",
    "Ke5",
    "Ke3",
    "b4",
    "Kd2",
    "b3"
  ],
  "statePieceCount": 15,
  "endPieceCount": 11,
  "boardState": [
    {
      "square": "d8",
      "type": "r",
      "color": "w"
    },
    {
      "square": "b7",
      "type": "p",
      "color": "b"
    },
    {
      "square": "c7",
      "type": "p",
      "color": "b"
    },
    {
      "square": "a6",
      "type": "p",
      "color": "b"
    },
    {
      "square": "c6",
      "type": "p",
      "color": "b"
    },
    {
      "square": "e6",
      "type": "b",
      "color": "b"
    },
    {
      "square": "g6",
      "type": "k",
      "color": "b"
    },
    {
      "square": "h6",
      "type": "p",
      "color": "b"
    },
    {
      "square": "a3",
      "type": "p",
      "color": "w"
    },
    {
      "square": "c3",
      "type": "p",
      "color": "w"
    },
    {
      "square": "f3",
      "type": "n",
      "color": "w"
    },
    {
      "square": "h3",
      "type": "p",
      "color": "w"
    },
    {
      "square": "f2",
      "type": "r",
      "color": "b"
    },
    {
      "square": "g2",
      "type": "p",
      "color": "w"
    },
    {
      "square": "h2",
      "type": "k",
      "color": "w"
    }
  ]
}