{
  "event": "Magnus Carlsen Invitational",
  "site": "chess24.com INT",
  "date": "2021.03.19",
  "eventDate": "2021.03.13",
  "dateMillis": 1616083200000,
  "eventDateMillis": 1615564800000,
  "round": "2.23",
  "result": "0-1",
  "white": "Ian Nepomniachtchi",
  "black": "Magnus Carlsen",
  "isDingWin": true,
  "isDraw": false,
  "isDingBlack": true,
  "moves": [
    "Re4",
    "d3",
    "Qxe6+",
    "Qxe6",
    "Rxe6",
    "d2",
    "Rd6",
    "c5",
    "g4",
    "c4",
    "Kg3",
    "c3",
    "Kh4",
    "Kf8",
    "Bf3",
    "Rc1",
    "Rd3",
    "Ke7",
    "Kg5",
    "Rf1",
    "Re3+",
    "Kd6",
    "Rd3+",
    "Ke5",
    "Rxc3",
    "Rxf3",
    "Rxf3",
    "d1=Q",
    "Rf5+",
    "Ke4",
    "a5",
    "Qd6",
    "Kh4",
    "g6"
  ],
  "statePieceCount": 15,
  "endPieceCount": 9,
  "boardState": [
    {
      "square": "g8",
      "type": "k",
      "color": "b"
    },
    {
      "square": "e7",
      "type": "q",
      "color": "b"
    },
    {
      "square": "g7",
      "type": "p",
      "color": "b"
    },
    {
      "square": "a6",
      "type": "p",
      "color": "b"
    },
    {
      "square": "c6",
      "type": "p",
      "color": "b"
    },
    {
      "square": "e6",
      "type": "b",
      "color": "b"
    },
    {
      "square": "e5",
      "type": "q",
      "color": "w"
    },
    {
      "square": "a4",
      "type": "p",
      "color": "w"
    },
    {
      "square": "d4",
      "type": "p",
      "color": "b"
    },
    {
      "square": "h4",
      "type": "r",
      "color": "w"
    },
    {
      "square": "g3",
      "type": "p",
      "color": "w"
    },
    {
      "square": "h3",
      "type": "p",
      "color": "w"
    },
    {
      "square": "c2",
      "type": "r",
      "color": "b"
    },
    {
      "square": "g2",
      "type": "b",
      "color": "w"
    },
    {
      "square": "h2",
      "type": "k",
      "color": "w"
    }
  ]
}