{
  "event": "Magnus Carlsen Invitational",
  "site": "chess24.com INT",
  "date": "2021.03.21",
  "dateMillis": 1616256000000,
  "eventDateMillis": null,
  "round": "3.22",
  "result": "1/2-1/2",
  "white": "Magnus Carlsen",
  "black": "Wesley So",
  "isDingWin": false,
  "isDraw": true,
  "isDingBlack": false,
  "moves": [
    "hxg4",
    "Rb8",
    "g5",
    "Qb6",
    "Rxd5+",
    "Qxd4",
    "Rxd4",
    "Rxb3",
    "Rd6",
    "Rb4",
    "Rxa6",
    "Rg4+",
    "Kf1",
    "Rxg5",
    "a5",
    "Re5",
    "Kg2",
    "g5",
    "f4",
    "gxf4",
    "Kf3",
    "Rf5",
    "Ra8",
    "Kh7",
    "a6",
    "Rf6",
    "Rf8",
    "Rxa6",
    "Rxf7+",
    "Kg6",
    "Rxf4",
    "Rf6",
    "Rxf6+",
    "Kxf6"
  ],
  "statePieceCount": 15,
  "endPieceCount": 2,
  "boardState": [
    {
      "square": "d8",
      "type": "r",
      "color": "b"
    },
    {
      "square": "f7",
      "type": "p",
      "color": "b"
    },
    {
      "square": "g7",
      "type": "k",
      "color": "b"
    },
    {
      "square": "a6",
      "type": "p",
      "color": "b"
    },
    {
      "square": "f6",
      "type": "q",
      "color": "b"
    },
    {
      "square": "g6",
      "type": "p",
      "color": "b"
    },
    {
      "square": "d5",
      "type": "p",
      "color": "b"
    },
    {
      "square": "e5",
      "type": "r",
      "color": "w"
    },
    {
      "square": "a4",
      "type": "p",
      "color": "w"
    },
    {
      "square": "d4",
      "type": "q",
      "color": "w"
    },
    {
      "square": "g4",
      "type": "p",
      "color": "b"
    },
    {
      "square": "b3",
      "type": "p",
      "color": "w"
    },
    {
      "square": "h3",
      "type": "p",
      "color": "w"
    },
    {
      "square": "f2",
      "type": "p",
      "color": "w"
    },
    {
      "square": "g1",
      "type": "k",
      "color": "w"
    }
  ]
}