{
  "event": "New In Chess Classic",
  "site": "chess24.com INT",
  "date": "2021.04.25",
  "eventDate": "2021.04.24",
  "dateMillis": 1619280000000,
  "eventDateMillis": 1619193600000,
  "round": "10.8",
  "result": "1/2-1/2",
  "white": "Magnus Carlsen",
  "black": "Hikaru Nakamura",
  "isDingWin": false,
  "isDraw": true,
  "isDingBlack": false,
  "moves": [
    "Nxc4",
    "Nd5",
    "Nd6",
    "Ba3",
    "Ne4",
    "Ne7",
    "f4",
    "exf4",
    "Kf3",
    "Bc1",
    "Kg4",
    "Nd5",
    "Bd4",
    "Be3",
    "Nc3",
    "Ne7",
    "Ne2",
    "Nd5",
    "Nc3",
    "Ne7",
    "Ne2",
    "Nd5",
    "Nc3"
  ],
  "statePieceCount": 15,
  "endPieceCount": 13,
  "boardState": [
    {
      "square": "g8",
      "type": "k",
      "color": "b"
    },
    {
      "square": "c7",
      "type": "n",
      "color": "b"
    },
    {
      "square": "g7",
      "type": "p",
      "color": "b"
    },
    {
      "square": "d6",
      "type": "n",
      "color": "w"
    },
    {
      "square": "f6",
      "type": "p",
      "color": "b"
    },
    {
      "square": "e5",
      "type": "p",
      "color": "b"
    },
    {
      "square": "f5",
      "type": "p",
      "color": "w"
    },
    {
      "square": "c4",
      "type": "p",
      "color": "b"
    },
    {
      "square": "h4",
      "type": "p",
      "color": "b"
    },
    {
      "square": "f3",
      "type": "p",
      "color": "w"
    },
    {
      "square": "h3",
      "type": "p",
      "color": "w"
    },
    {
      "square": "e2",
      "type": "k",
      "color": "w"
    },
    {
      "square": "g2",
      "type": "p",
      "color": "w"
    },
    {
      "square": "a1",
      "type": "b",
      "color": "w"
    },
    {
      "square": "c1",
      "type": "b",
      "color": "b"
    }
  ]
}