{
  "event": "New In Chess Classic",
  "site": "chess24.com INT",
  "date": "2021.04.25",
  "eventDate": "2021.04.24",
  "dateMillis": 1619280000000,
  "eventDateMillis": 1619193600000,
  "round": "9.1",
  "result": "1-0",
  "white": "Magnus Carlsen",
  "black": "Gawain Jones",
  "isDingWin": true,
  "isDraw": false,
  "isDingBlack": false,
  "moves": [
    "hxg3",
    "Re2",
    "Rxb5",
    "Rxb2",
    "Rxb7",
    "d5",
    "Rd7"
  ],
  "statePieceCount": 15,
  "endPieceCount": 11,
  "boardState": [
    {
      "square": "e8",
      "type": "r",
      "color": "b"
    },
    {
      "square": "g8",
      "type": "k",
      "color": "b"
    },
    {
      "square": "b7",
      "type": "p",
      "color": "b"
    },
    {
      "square": "f7",
      "type": "p",
      "color": "b"
    },
    {
      "square": "d6",
      "type": "p",
      "color": "b"
    },
    {
      "square": "b5",
      "type": "p",
      "color": "b"
    },
    {
      "square": "h5",
      "type": "r",
      "color": "w"
    },
    {
      "square": "b4",
      "type": "p",
      "color": "w"
    },
    {
      "square": "f4",
      "type": "p",
      "color": "w"
    },
    {
      "square": "c3",
      "type": "p",
      "color": "w"
    },
    {
      "square": "g3",
      "type": "q",
      "color": "b"
    },
    {
      "square": "b2",
      "type": "p",
      "color": "w"
    },
    {
      "square": "g2",
      "type": "p",
      "color": "w"
    },
    {
      "square": "h2",
      "type": "p",
      "color": "w"
    },
    {
      "square": "g1",
      "type": "k",
      "color": "w"
    }
  ]
}