{
  "event": "New In Chess Classic",
  "site": "chess24.com INT",
  "date": "2021.04.25",
  "eventDate": "2021.04.24",
  "dateMillis": 1619280000000,
  "eventDateMillis": 1619193600000,
  "round": "8.8",
  "result": "1/2-1/2",
  "white": "Johan-Sebastian Christiansen",
  "black": "Magnus Carlsen",
  "isDingWin": false,
  "isDraw": true,
  "isDingBlack": true,
  "moves": [
    "Rxc2+",
    "Kg1",
    "a5",
    "a4",
    "h4",
    "Rb1",
    "h3",
    "Rb5",
    "Rg2+",
    "Kh1",
    "Ra2",
    "Kg1",
    "Rxa4",
    "Kf2",
    "Ra3",
    "Rb8+",
    "Kg7",
    "Ra8",
    "a4",
    "g4",
    "g5",
    "fxg5",
    "Kg6",
    "Rg8+",
    "Kh7",
    "Ra8",
    "Kg7",
    "Ke2",
    "Ra2+",
    "Kf3",
    "Rxh2",
    "Kg3",
    "Ra2",
    "Kxh3",
    "a3",
    "Kg3",
    "Ra1",
    "Kf2",
    "a2",
    "Kg2",
    "Kg6",
    "Rg8+",
    "Kh7",
    "Ra8",
    "Kg7",
    "Kh2",
    "Re1",
    "Rxa2",
    "Rxe5",
    "Kg3",
    "Rxg5",
    "Kf4",
    "Rb5",
    "Ra4",
    "Kf6",
    "Ra8",
    "e5+",
    "Kf3",
    "Rb3+",
    "Ke4",
    "Rb4+",
    "Kf3",
    "Kg7",
    "Re8",
    "f6",
    "Ra8",
    "Rb3+",
    "Kg2",
    "Kf7",
    "Kf2",
    "Kg7",
    "Kg2",
    "Rc3",
    "Kf2",
    "Rh3",
    "Kg2",
    "Rh8",
    "Ra7+",
    "Kg6",
    "Kg3",
    "Rb8",
    "Kh4",
    "Rg8",
    "Kg3",
    "Rh8",
    "Rb7",
    "Ra8",
    "Re7",
    "Ra3+",
    "Kh4",
    "Ra1",
    "Kg3",
    "Ra4",
    "Kh4",
    "Ra8",
    "Kg3",
    "Rg8",
    "Rb7",
    "Rg7",
    "Rb8",
    "Rd7",
    "Ra8",
    "Kf7",
    "Ra6",
    "Ke7",
    "g5",
    "fxg5",
    "Rg6",
    "Rd3+",
    "Kf2",
    "Kf7",
    "Rxg5",
    "Ke6",
    "Ke2",
    "Ra3",
    "Rh5",
    "Kd5",
    "Rh4",
    "Ra2+",
    "Ke3",
    "Ra3+",
    "Ke2",
    "Ra2+",
    "Ke3",
    "Ra3+",
    "Ke2"
  ],
  "statePieceCount": 15,
  "endPieceCount": 5,
  "boardState": [
    {
      "square": "c8",
      "type": "r",
      "color": "b"
    },
    {
      "square": "g8",
      "type": "k",
      "color": "b"
    },
    {
      "square": "a7",
      "type": "p",
      "color": "b"
    },
    {
      "square": "f7",
      "type": "p",
      "color": "b"
    },
    {
      "square": "e6",
      "type": "p",
      "color": "b"
    },
    {
      "square": "g6",
      "type": "p",
      "color": "b"
    },
    {
      "square": "e5",
      "type": "p",
      "color": "w"
    },
    {
      "square": "h5",
      "type": "p",
      "color": "b"
    },
    {
      "square": "f4",
      "type": "p",
      "color": "w"
    },
    {
      "square": "a3",
      "type": "p",
      "color": "w"
    },
    {
      "square": "g3",
      "type": "p",
      "color": "w"
    },
    {
      "square": "c2",
      "type": "r",
      "color": "w"
    },
    {
      "square": "f2",
      "type": "k",
      "color": "w"
    },
    {
      "square": "h2",
      "type": "p",
      "color": "w"
    },
    {
      "square": "a1",
      "type": "r",
      "color": "w"
    }
  ]
}