{
  "event": "New In Chess Classic",
  "site": "chess24.com INT",
  "date": "2021.04.25",
  "eventDate": "2021.04.24",
  "dateMillis": 1619280000000,
  "eventDateMillis": 1619193600000,
  "round": "6.7",
  "result": "0-1",
  "white": "Aryan Tari",
  "black": "Magnus Carlsen",
  "isDingWin": true,
  "isDraw": false,
  "isDingBlack": true,
  "moves": [
    "hxg4",
    "Ng3",
    "Kh2",
    "Ne2",
    "Be1",
    "Kg5",
    "Kh3",
    "Nf4+",
    "Kh2",
    "Kxg4",
    "Bd2",
    "Ne2",
    "Be1",
    "b4",
    "cxb4",
    "Nxd4",
    "Bf2",
    "Nb5",
    "Be1",
    "d4",
    "Bd2",
    "Kf5",
    "Kh3",
    "Kxe5",
    "Kxh4",
    "Kd5",
    "Kg5",
    "e5",
    "Kf6",
    "e4",
    "Kxf7",
    "e3",
    "Bc1",
    "Ke4",
    "g4",
    "d3"
  ],
  "statePieceCount": 15,
  "endPieceCount": 8,
  "boardState": [
    {
      "square": "f7",
      "type": "p",
      "color": "b"
    },
    {
      "square": "e6",
      "type": "p",
      "color": "b"
    },
    {
      "square": "g6",
      "type": "k",
      "color": "b"
    },
    {
      "square": "b5",
      "type": "p",
      "color": "b"
    },
    {
      "square": "d5",
      "type": "p",
      "color": "b"
    },
    {
      "square": "e5",
      "type": "p",
      "color": "w"
    },
    {
      "square": "f5",
      "type": "n",
      "color": "b"
    },
    {
      "square": "d4",
      "type": "p",
      "color": "w"
    },
    {
      "square": "g4",
      "type": "q",
      "color": "b"
    },
    {
      "square": "h4",
      "type": "p",
      "color": "b"
    },
    {
      "square": "c3",
      "type": "p",
      "color": "w"
    },
    {
      "square": "h3",
      "type": "p",
      "color": "w"
    },
    {
      "square": "f2",
      "type": "b",
      "color": "w"
    },
    {
      "square": "g2",
      "type": "p",
      "color": "w"
    },
    {
      "square": "g1",
      "type": "k",
      "color": "w"
    }
  ]
}