{
  "event": "New In Chess Classic",
  "site": "chess24.com INT",
  "date": "2021.04.28",
  "eventDate": "2021.04.24",
  "dateMillis": 1619539200000,
  "eventDateMillis": 1619193600000,
  "round": "1.21",
  "result": "1/2-1/2",
  "white": "Teimour Radjabov",
  "black": "Magnus Carlsen",
  "isDingWin": false,
  "isDraw": true,
  "isDingBlack": true,
  "moves": [
    "Bxh4",
    "b5",
    "Ke3",
    "Kc7",
    "Kd4",
    "Kc6",
    "Bd8",
    "Bc4",
    "Ba5",
    "Bf1",
    "g3",
    "Be2",
    "f4",
    "Bg4",
    "Bd8",
    "h5",
    "Ba5",
    "Bf5",
    "Bd8",
    "a6",
    "Ba5",
    "Bg4",
    "Bd8",
    "Bf5",
    "Ba5",
    "Bg4",
    "Bd8",
    "Bf5"
  ],
  "statePieceCount": 15,
  "endPieceCount": 14,
  "boardState": [
    {
      "square": "c8",
      "type": "k",
      "color": "b"
    },
    {
      "square": "a7",
      "type": "p",
      "color": "b"
    },
    {
      "square": "b7",
      "type": "p",
      "color": "b"
    },
    {
      "square": "f7",
      "type": "p",
      "color": "b"
    },
    {
      "square": "h7",
      "type": "p",
      "color": "b"
    },
    {
      "square": "e6",
      "type": "p",
      "color": "b"
    },
    {
      "square": "f6",
      "type": "b",
      "color": "w"
    },
    {
      "square": "d5",
      "type": "b",
      "color": "b"
    },
    {
      "square": "e5",
      "type": "p",
      "color": "w"
    },
    {
      "square": "h4",
      "type": "r",
      "color": "b"
    },
    {
      "square": "a3",
      "type": "p",
      "color": "w"
    },
    {
      "square": "f3",
      "type": "p",
      "color": "w"
    },
    {
      "square": "f2",
      "type": "k",
      "color": "w"
    },
    {
      "square": "g2",
      "type": "p",
      "color": "w"
    },
    {
      "square": "h2",
      "type": "p",
      "color": "w"
    }
  ]
}