{
  "event": "New In Chess Classic",
  "site": "chess24.com INT",
  "date": "2021.04.25",
  "eventDate": "2021.04.24",
  "dateMillis": 1619280000000,
  "eventDateMillis": 1619193600000,
  "round": "7.2",
  "result": "1/2-1/2",
  "white": "Magnus Carlsen",
  "black": "Levon Aronian",
  "isDingWin": false,
  "isDraw": true,
  "isDingBlack": false,
  "moves": [
    "Nxe1",
    "Bd4",
    "b3",
    "b4",
    "g3",
    "Ne6",
    "Bd5",
    "Nc5",
    "Nf3",
    "Bc3",
    "Ke2",
    "g6",
    "Ke3",
    "Nd7",
    "Nd4",
    "h5",
    "Nb5",
    "Bb2",
    "Nd6",
    "f5",
    "h4",
    "Ke7",
    "Nc4",
    "Bc3",
    "Ke2",
    "Ne5",
    "Ne3",
    "Ng4",
    "Ng2",
    "Bd4",
    "f3",
    "Ne5",
    "Nf4",
    "Bc5",
    "Bg8",
    "Bd6",
    "Ke3",
    "Bc5+",
    "Ke2",
    "Bd6",
    "Ke3",
    "Bc5+",
    "Ke2"
  ],
  "statePieceCount": 15,
  "endPieceCount": 14,
  "boardState": [
    {
      "square": "f8",
      "type": "k",
      "color": "b"
    },
    {
      "square": "f7",
      "type": "p",
      "color": "b"
    },
    {
      "square": "g7",
      "type": "p",
      "color": "b"
    },
    {
      "square": "c6",
      "type": "b",
      "color": "w"
    },
    {
      "square": "h6",
      "type": "p",
      "color": "b"
    },
    {
      "square": "b5",
      "type": "p",
      "color": "b"
    },
    {
      "square": "c5",
      "type": "b",
      "color": "b"
    },
    {
      "square": "f4",
      "type": "n",
      "color": "b"
    },
    {
      "square": "f3",
      "type": "n",
      "color": "w"
    },
    {
      "square": "h3",
      "type": "p",
      "color": "w"
    },
    {
      "square": "b2",
      "type": "p",
      "color": "w"
    },
    {
      "square": "f2",
      "type": "p",
      "color": "w"
    },
    {
      "square": "g2",
      "type": "p",
      "color": "w"
    },
    {
      "square": "e1",
      "type": "r",
      "color": "b"
    },
    {
      "square": "f1",
      "type": "k",
      "color": "w"
    }
  ]
}