{
  "event": "FTX Crypto Cup",
  "site": "chess24.com INT",
  "date": "2021.05.23",
  "eventDate": "2021.05.23",
  "dateMillis": 1621699200000,
  "eventDateMillis": 1621699200000,
  "round": "1.4",
  "result": "0-1",
  "white": "Shakhriyar Mamedyarov",
  "black": "Magnus Carlsen",
  "isDingWin": true,
  "isDraw": false,
  "isDingBlack": true,
  "moves": [
    "Bf3",
    "Rxe7",
    "Bh5+",
    "Ke6",
    "Qg6+",
    "Qf6",
    "Qg3",
    "Qe5",
    "Qg6+",
    "Kd7",
    "Bf3",
    "Qe6",
    "Qg3",
    "Qd6",
    "Qg5",
    "Kc7",
    "Re1",
    "Qe5",
    "Qg6",
    "Qf4"
  ],
  "statePieceCount": 15,
  "endPieceCount": 14,
  "boardState": [
    {
      "square": "e8",
      "type": "r",
      "color": "b"
    },
    {
      "square": "a7",
      "type": "p",
      "color": "b"
    },
    {
      "square": "e7",
      "type": "p",
      "color": "w"
    },
    {
      "square": "f7",
      "type": "k",
      "color": "b"
    },
    {
      "square": "g7",
      "type": "p",
      "color": "b"
    },
    {
      "square": "d5",
      "type": "p",
      "color": "b"
    },
    {
      "square": "g5",
      "type": "q",
      "color": "w"
    },
    {
      "square": "a4",
      "type": "p",
      "color": "w"
    },
    {
      "square": "c4",
      "type": "p",
      "color": "b"
    },
    {
      "square": "d4",
      "type": "q",
      "color": "b"
    },
    {
      "square": "h4",
      "type": "p",
      "color": "w"
    },
    {
      "square": "e3",
      "type": "n",
      "color": "b"
    },
    {
      "square": "g2",
      "type": "b",
      "color": "w"
    },
    {
      "square": "b1",
      "type": "r",
      "color": "w"
    },
    {
      "square": "h1",
      "type": "k",
      "color": "w"
    }
  ]
}