{
  "event": "FTX Crypto Cup",
  "site": "chess24.com INT",
  "date": "2021.05.23",
  "eventDate": "2021.05.23",
  "dateMillis": 1621699200000,
  "eventDateMillis": 1621699200000,
  "round": "4.4",
  "result": "0-1",
  "white": "Magnus Carlsen",
  "black": "Maxime Vachier-Lagrave",
  "isDingWin": false,
  "isDraw": false,
  "isDingBlack": false,
  "moves": [
    "Qd1",
    "f4",
    "Qxh5",
    "Qe1+",
    "Kb2",
    "Qc3+",
    "Kb1",
    "f3",
    "g6",
    "Qe1+",
    "Kb2",
    "f2",
    "Qg5+",
    "f6"
  ],
  "statePieceCount": 15,
  "endPieceCount": 14,
  "boardState": [
    {
      "square": "e7",
      "type": "k",
      "color": "b"
    },
    {
      "square": "f7",
      "type": "p",
      "color": "b"
    },
    {
      "square": "d6",
      "type": "p",
      "color": "b"
    },
    {
      "square": "a5",
      "type": "p",
      "color": "b"
    },
    {
      "square": "e5",
      "type": "q",
      "color": "b"
    },
    {
      "square": "f5",
      "type": "p",
      "color": "b"
    },
    {
      "square": "g5",
      "type": "p",
      "color": "w"
    },
    {
      "square": "h5",
      "type": "p",
      "color": "b"
    },
    {
      "square": "b4",
      "type": "p",
      "color": "b"
    },
    {
      "square": "h4",
      "type": "p",
      "color": "w"
    },
    {
      "square": "b3",
      "type": "p",
      "color": "w"
    },
    {
      "square": "a2",
      "type": "p",
      "color": "w"
    },
    {
      "square": "c2",
      "type": "p",
      "color": "w"
    },
    {
      "square": "b1",
      "type": "k",
      "color": "w"
    },
    {
      "square": "f1",
      "type": "q",
      "color": "w"
    }
  ]
}