{
  "event": "FTX Crypto Cup",
  "site": "chess24.com INT",
  "date": "2021.05.25",
  "eventDate": "2021.05.23",
  "dateMillis": 1621872000000,
  "eventDateMillis": 1621699200000,
  "round": "12.2",
  "result": "1/2-1/2",
  "white": "Alireza Firouzja",
  "black": "Magnus Carlsen",
  "isDingWin": false,
  "isDraw": true,
  "isDingBlack": true,
  "moves": [
    "Rd2",
    "Qh2",
    "Kxe7",
    "Qc7+",
    "Qd7",
    "Re1+",
    "Kf7",
    "Qc4+",
    "Qd5",
    "Qc7+",
    "Qd7",
    "Qc4+",
    "Qd5",
    "Qc7+",
    "Qd7"
  ],
  "statePieceCount": 15,
  "endPieceCount": 14,
  "boardState": [
    {
      "square": "d8",
      "type": "r",
      "color": "b"
    },
    {
      "square": "a7",
      "type": "p",
      "color": "b"
    },
    {
      "square": "e7",
      "type": "n",
      "color": "w"
    },
    {
      "square": "f7",
      "type": "k",
      "color": "b"
    },
    {
      "square": "g7",
      "type": "p",
      "color": "b"
    },
    {
      "square": "b6",
      "type": "p",
      "color": "b"
    },
    {
      "square": "f6",
      "type": "p",
      "color": "b"
    },
    {
      "square": "e5",
      "type": "q",
      "color": "w"
    },
    {
      "square": "b4",
      "type": "p",
      "color": "w"
    },
    {
      "square": "g4",
      "type": "q",
      "color": "b"
    },
    {
      "square": "a3",
      "type": "p",
      "color": "w"
    },
    {
      "square": "c3",
      "type": "p",
      "color": "w"
    },
    {
      "square": "g2",
      "type": "p",
      "color": "w"
    },
    {
      "square": "f1",
      "type": "r",
      "color": "w"
    },
    {
      "square": "g1",
      "type": "k",
      "color": "w"
    }
  ]
}