{
  "event": "FTX Crypto Cup",
  "site": "chess24.com INT",
  "date": "2021.05.27",
  "eventDate": "2021.05.23",
  "dateMillis": 1622044800000,
  "eventDateMillis": 1621699200000,
  "round": "1.21",
  "result": "0-1",
  "white": "Magnus Carlsen",
  "black": "Hikaru Nakamura",
  "isDingWin": false,
  "isDraw": false,
  "isDingBlack": false,
  "moves": [
    "Qe4",
    "Qc5",
    "Rc2",
    "Qd6",
    "Be2",
    "h4",
    "gxh4",
    "Ng6",
    "Kf1",
    "Bb6",
    "Bf3",
    "Ne5",
    "Rd2",
    "Qc5",
    "Rc2",
    "Nxf3",
    "Rxc5",
    "Nd2+",
    "Ke2",
    "Nxe4",
    "Rc6",
    "Bxf2",
    "hxg5",
    "Nxg5",
    "a5",
    "Ne4",
    "Kd3",
    "Nc5+",
    "Kc4",
    "Nb7",
    "Rh6+",
    "Kg7",
    "Rh5",
    "Ra8",
    "Rf5",
    "Nd6+"
  ],
  "statePieceCount": 15,
  "endPieceCount": 8,
  "boardState": [
    {
      "square": "f8",
      "type": "r",
      "color": "b"
    },
    {
      "square": "h8",
      "type": "k",
      "color": "b"
    },
    {
      "square": "b7",
      "type": "q",
      "color": "w"
    },
    {
      "square": "c7",
      "type": "b",
      "color": "b"
    },
    {
      "square": "b5",
      "type": "b",
      "color": "w"
    },
    {
      "square": "e5",
      "type": "n",
      "color": "b"
    },
    {
      "square": "g5",
      "type": "p",
      "color": "b"
    },
    {
      "square": "h5",
      "type": "p",
      "color": "b"
    },
    {
      "square": "a4",
      "type": "p",
      "color": "w"
    },
    {
      "square": "c3",
      "type": "q",
      "color": "b"
    },
    {
      "square": "g3",
      "type": "p",
      "color": "w"
    },
    {
      "square": "h3",
      "type": "p",
      "color": "w"
    },
    {
      "square": "e2",
      "type": "r",
      "color": "w"
    },
    {
      "square": "f2",
      "type": "p",
      "color": "w"
    },
    {
      "square": "g2",
      "type": "k",
      "color": "w"
    }
  ]
}