{
  "event": "FTX Crypto Cup",
  "site": "chess24.com INT",
  "date": "2021.05.29",
  "eventDate": "2021.05.23",
  "dateMillis": 1622217600000,
  "eventDateMillis": 1621699200000,
  "round": "2.21",
  "result": "0-1",
  "white": "Teimour Radjabov",
  "black": "Magnus Carlsen",
  "isDingWin": true,
  "isDraw": false,
  "isDingBlack": true,
  "moves": [
    "Nxc2",
    "a5",
    "Ra1",
    "Ra8",
    "Nd4",
    "a4",
    "Kf2",
    "Nd7",
    "Ke2",
    "Ne5",
    "Kd2",
    "Nc4+",
    "Kd3",
    "a3",
    "e4",
    "Ne5+",
    "Ke3",
    "dxe4",
    "Kxe4",
    "Kf6",
    "Nb5",
    "Ra4+",
    "Kd5",
    "Ra5",
    "Kc5",
    "a2",
    "Kb4",
    "Nc6+",
    "Kc4",
    "Ra4+",
    "Kc5",
    "Na5"
  ],
  "statePieceCount": 15,
  "endPieceCount": 12,
  "boardState": [
    {
      "square": "d8",
      "type": "r",
      "color": "b"
    },
    {
      "square": "f7",
      "type": "k",
      "color": "b"
    },
    {
      "square": "g7",
      "type": "p",
      "color": "b"
    },
    {
      "square": "a6",
      "type": "p",
      "color": "b"
    },
    {
      "square": "f6",
      "type": "n",
      "color": "b"
    },
    {
      "square": "h6",
      "type": "p",
      "color": "b"
    },
    {
      "square": "d5",
      "type": "p",
      "color": "b"
    },
    {
      "square": "d4",
      "type": "n",
      "color": "w"
    },
    {
      "square": "g4",
      "type": "p",
      "color": "w"
    },
    {
      "square": "e3",
      "type": "p",
      "color": "w"
    },
    {
      "square": "f3",
      "type": "p",
      "color": "w"
    },
    {
      "square": "c2",
      "type": "r",
      "color": "b"
    },
    {
      "square": "g2",
      "type": "p",
      "color": "w"
    },
    {
      "square": "e1",
      "type": "r",
      "color": "w"
    },
    {
      "square": "g1",
      "type": "k",
      "color": "w"
    }
  ]
}