{
  "event": "Goldmoney Asian Rapid",
  "site": "chess24.com INT",
  "date": "2021.06.28",
  "eventDate": "2021.06.26",
  "dateMillis": 1624809600000,
  "eventDateMillis": 1624636800000,
  "round": "15.4",
  "result": "1-0",
  "white": "Magnus Carlsen",
  "black": "Vidit Santosh Gujrathi",
  "isDingWin": true,
  "isDraw": false,
  "isDingBlack": false,
  "moves": [
    "h4",
    "Rb3",
    "hxg3",
    "hxg3",
    "Kd7",
    "Kc2",
    "Kc7",
    "Rc3+",
    "Kb6",
    "Re3",
    "Kc7",
    "Bd3",
    "Kd7",
    "Kc3",
    "Rh8",
    "a4",
    "Rc8+",
    "Kd4",
    "b6",
    "b4",
    "Ra8",
    "Bc2",
    "Rc8",
    "Bb3",
    "Ne4",
    "Ke5",
    "Rc6",
    "Rd3+",
    "Ke7",
    "Kd4",
    "Rd6+",
    "Ke3",
    "Rxd3+",
    "Kxd3",
    "Nxg3",
    "a5",
    "bxa5",
    "bxa5",
    "Kd6",
    "a6",
    "Kc7",
    "Bxe6",
    "Kb6",
    "Bc4",
    "Nh5",
    "Ke3",
    "Ka7",
    "Be2",
    "Ng3",
    "Bf3",
    "Nf1+",
    "Ke2",
    "Nh2",
    "Bh5",
    "Kxa6",
    "Kf2",
    "Kb6",
    "Kg2",
    "Ng4",
    "Bxg4",
    "fxg4",
    "Kg3",
    "Kc7",
    "Kxg4",
    "Kd6",
    "Kf5",
    "Ke7",
    "Kg6",
    "Kf8",
    "Kf6",
    "Kg8",
    "Ke7"
  ],
  "statePieceCount": 15,
  "endPieceCount": 3,
  "boardState": [
    {
      "square": "g8",
      "type": "r",
      "color": "b"
    },
    {
      "square": "b7",
      "type": "p",
      "color": "b"
    },
    {
      "square": "e7",
      "type": "k",
      "color": "b"
    },
    {
      "square": "b6",
      "type": "r",
      "color": "w"
    },
    {
      "square": "d6",
      "type": "n",
      "color": "b"
    },
    {
      "square": "e6",
      "type": "p",
      "color": "b"
    },
    {
      "square": "f5",
      "type": "p",
      "color": "b"
    },
    {
      "square": "h5",
      "type": "p",
      "color": "b"
    },
    {
      "square": "f4",
      "type": "p",
      "color": "w"
    },
    {
      "square": "a3",
      "type": "p",
      "color": "w"
    },
    {
      "square": "g3",
      "type": "p",
      "color": "w"
    },
    {
      "square": "b2",
      "type": "p",
      "color": "w"
    },
    {
      "square": "e2",
      "type": "b",
      "color": "w"
    },
    {
      "square": "h2",
      "type": "p",
      "color": "w"
    },
    {
      "square": "b1",
      "type": "k",
      "color": "w"
    }
  ]
}