{
  "event": "Goldmoney Asian Rapid",
  "site": "chess24.com INT",
  "date": "2021.06.27",
  "eventDate": "2021.06.26",
  "dateMillis": 1624723200000,
  "eventDateMillis": 1624636800000,
  "round": "6.1",
  "result": "1-0",
  "white": "Levon Aronian",
  "black": "Magnus Carlsen",
  "isDingWin": false,
  "isDraw": false,
  "isDingBlack": true,
  "moves": [
    "Bb6",
    "Ra8",
    "b5",
    "Bd5",
    "Rc2",
    "Bg5",
    "a5",
    "Be3",
    "Nd7",
    "Bf4",
    "Re2",
    "Ke6",
    "Nc5+",
    "Kf7",
    "Ne4",
    "Rc8",
    "a6",
    "Rb8",
    "Bg1",
    "Rxb5",
    "Nc3",
    "Ra5",
    "Nxd5",
    "Rxd5",
    "Ra2",
    "Rd8",
    "a7",
    "Ra8",
    "Rb2",
    "e4",
    "fxe4",
    "Ke6",
    "Kf3",
    "Bd6",
    "Rb7",
    "Ke5",
    "Bh2+",
    "Kd4",
    "Bxd6",
    "exd6",
    "Kf4",
    "Rf8+",
    "Kg5",
    "Ra8",
    "Re7"
  ],
  "statePieceCount": 15,
  "endPieceCount": 9,
  "boardState": [
    {
      "square": "a7",
      "type": "r",
      "color": "b"
    },
    {
      "square": "e7",
      "type": "p",
      "color": "b"
    },
    {
      "square": "f7",
      "type": "k",
      "color": "b"
    },
    {
      "square": "c6",
      "type": "b",
      "color": "b"
    },
    {
      "square": "f6",
      "type": "b",
      "color": "b"
    },
    {
      "square": "g6",
      "type": "p",
      "color": "b"
    },
    {
      "square": "a5",
      "type": "b",
      "color": "w"
    },
    {
      "square": "c5",
      "type": "n",
      "color": "w"
    },
    {
      "square": "e5",
      "type": "p",
      "color": "b"
    },
    {
      "square": "a4",
      "type": "p",
      "color": "w"
    },
    {
      "square": "b4",
      "type": "p",
      "color": "w"
    },
    {
      "square": "c4",
      "type": "r",
      "color": "w"
    },
    {
      "square": "g4",
      "type": "p",
      "color": "w"
    },
    {
      "square": "f3",
      "type": "p",
      "color": "w"
    },
    {
      "square": "g2",
      "type": "k",
      "color": "w"
    }
  ]
}