{
  "event": "Goldmoney Asian Rapid",
  "site": "chess24.com INT",
  "date": "2021.06.28",
  "eventDate": "2021.06.26",
  "dateMillis": 1624809600000,
  "eventDateMillis": 1624636800000,
  "round": "14.5",
  "result": "1/2-1/2",
  "white": "Arjun Erigaisi",
  "black": "Magnus Carlsen",
  "isDingWin": false,
  "isDraw": true,
  "isDingBlack": true,
  "moves": [
    "gxh4",
    "Kd6",
    "Kd2",
    "Nc6",
    "Kd3",
    "Ne7",
    "Kc4",
    "Kc6",
    "b4",
    "Ng6",
    "Ng2",
    "f5",
    "f4",
    "Ne7",
    "Ne3",
    "Nd5",
    "b5+",
    "Kd6",
    "Nxd5",
    "exd5+",
    "Kd3",
    "Ke6",
    "Ke3",
    "Kd6",
    "Kd3",
    "Ke6",
    "Ke3",
    "Kd6",
    "Kd3"
  ],
  "statePieceCount": 15,
  "endPieceCount": 12,
  "boardState": [
    {
      "square": "e7",
      "type": "k",
      "color": "b"
    },
    {
      "square": "b6",
      "type": "p",
      "color": "b"
    },
    {
      "square": "e6",
      "type": "p",
      "color": "b"
    },
    {
      "square": "f6",
      "type": "p",
      "color": "b"
    },
    {
      "square": "a5",
      "type": "p",
      "color": "b"
    },
    {
      "square": "h5",
      "type": "p",
      "color": "b"
    },
    {
      "square": "a4",
      "type": "p",
      "color": "w"
    },
    {
      "square": "b4",
      "type": "n",
      "color": "b"
    },
    {
      "square": "d4",
      "type": "p",
      "color": "w"
    },
    {
      "square": "h4",
      "type": "p",
      "color": "b"
    },
    {
      "square": "b3",
      "type": "p",
      "color": "w"
    },
    {
      "square": "e3",
      "type": "n",
      "color": "w"
    },
    {
      "square": "f3",
      "type": "p",
      "color": "w"
    },
    {
      "square": "g3",
      "type": "p",
      "color": "w"
    },
    {
      "square": "e2",
      "type": "k",
      "color": "w"
    }
  ]
}