{
  "event": "Goldmoney Asian Rapid",
  "site": "chess24.com INT",
  "date": "2021.06.30",
  "eventDate": "2021.06.26",
  "dateMillis": 1624982400000,
  "eventDateMillis": 1624636800000,
  "round": "1.23",
  "result": "1-0",
  "white": "Wesley So",
  "black": "Magnus Carlsen",
  "isDingWin": false,
  "isDraw": false,
  "isDingBlack": true,
  "moves": [
    "Rxf7",
    "Rc5+",
    "Kb1",
    "Kg8",
    "Re7",
    "Rf7",
    "Rd8+",
    "Rf8",
    "Rd1",
    "h6",
    "a3",
    "a5",
    "Rdd7",
    "Rg5",
    "Rxc7",
    "Rf1+",
    "Rc1",
    "Rf2",
    "h4",
    "Rg4",
    "Rh1",
    "Re2",
    "Ka2",
    "a4",
    "h5",
    "Rg5",
    "Rh4",
    "Rb5",
    "Rb4",
    "Rxh5",
    "Rxa4",
    "Rg5",
    "Rb4",
    "Kh7",
    "a4",
    "h5",
    "Ka3",
    "Kh6",
    "Rc4",
    "Rg3",
    "a5",
    "Rgxe3+",
    "Rxe3",
    "Rxe3+",
    "Ka4",
    "g5",
    "a6",
    "g4",
    "Rc6+",
    "Kg5",
    "b4",
    "Re1",
    "Rc3",
    "h4",
    "a7",
    "Re8",
    "Rc5+",
    "Kf4",
    "b5",
    "g3",
    "b6",
    "g2",
    "b7",
    "Re4+",
    "Ka5",
    "g1=Q",
    "b8=Q+",
    "Ke3",
    "Rc3+"
  ],
  "statePieceCount": 15,
  "endPieceCount": 8,
  "boardState": [
    {
      "square": "f8",
      "type": "r",
      "color": "b"
    },
    {
      "square": "h8",
      "type": "k",
      "color": "b"
    },
    {
      "square": "a7",
      "type": "p",
      "color": "b"
    },
    {
      "square": "c7",
      "type": "p",
      "color": "b"
    },
    {
      "square": "f7",
      "type": "p",
      "color": "b"
    },
    {
      "square": "g7",
      "type": "p",
      "color": "b"
    },
    {
      "square": "h7",
      "type": "p",
      "color": "b"
    },
    {
      "square": "e5",
      "type": "r",
      "color": "b"
    },
    {
      "square": "e3",
      "type": "p",
      "color": "w"
    },
    {
      "square": "h3",
      "type": "p",
      "color": "w"
    },
    {
      "square": "a2",
      "type": "p",
      "color": "w"
    },
    {
      "square": "b2",
      "type": "p",
      "color": "w"
    },
    {
      "square": "c1",
      "type": "k",
      "color": "w"
    },
    {
      "square": "d1",
      "type": "r",
      "color": "w"
    },
    {
      "square": "f1",
      "type": "r",
      "color": "w"
    }
  ]
}