{
  "event": "Goldmoney Asian Rapid",
  "site": "chess24.com INT",
  "date": "2021.07.02",
  "eventDate": "2021.06.26",
  "dateMillis": 1625155200000,
  "eventDateMillis": 1624636800000,
  "round": "2.22",
  "result": "1/2-1/2",
  "white": "Levon Aronian",
  "black": "Magnus Carlsen",
  "isDingWin": false,
  "isDraw": true,
  "isDingBlack": true,
  "moves": [
    "Nd7",
    "c3",
    "e6",
    "b4",
    "Kg6",
    "b5",
    "Kxh6",
    "Nd1",
    "Kg5",
    "Nb2",
    "Bc2",
    "Ke3",
    "f5",
    "Kd2",
    "Bb1",
    "Na4",
    "Bxa2",
    "Nxb6",
    "Nxb6",
    "Bxb6",
    "Bxc4",
    "Ke3",
    "f4+",
    "Ke4",
    "Bd5+",
    "Ke5",
    "c4",
    "Bf2",
    "Kg4",
    "b6",
    "Kf3",
    "Bh4",
    "Kg4",
    "Bf2",
    "f3",
    "Be1",
    "Kh3",
    "Kf4",
    "Kg2",
    "Ke3",
    "e5",
    "Bh4",
    "Bb7",
    "Be1",
    "Bd5",
    "Bh4",
    "Bb7",
    "Be1",
    "Bd5"
  ],
  "statePieceCount": 15,
  "endPieceCount": 9,
  "boardState": [
    {
      "square": "f8",
      "type": "n",
      "color": "b"
    },
    {
      "square": "a7",
      "type": "b",
      "color": "w"
    },
    {
      "square": "e7",
      "type": "p",
      "color": "b"
    },
    {
      "square": "f7",
      "type": "k",
      "color": "b"
    },
    {
      "square": "b6",
      "type": "p",
      "color": "b"
    },
    {
      "square": "f6",
      "type": "p",
      "color": "b"
    },
    {
      "square": "h6",
      "type": "p",
      "color": "w"
    },
    {
      "square": "c5",
      "type": "p",
      "color": "b"
    },
    {
      "square": "c4",
      "type": "p",
      "color": "w"
    },
    {
      "square": "e4",
      "type": "b",
      "color": "b"
    },
    {
      "square": "b3",
      "type": "p",
      "color": "w"
    },
    {
      "square": "e3",
      "type": "n",
      "color": "w"
    },
    {
      "square": "a2",
      "type": "p",
      "color": "w"
    },
    {
      "square": "c2",
      "type": "p",
      "color": "w"
    },
    {
      "square": "f2",
      "type": "k",
      "color": "w"
    }
  ]
}