{
  "event": "Goldmoney Asian Rapid",
  "site": "chess24.com INT",
  "date": "2021.07.01",
  "eventDate": "2021.06.26",
  "dateMillis": 1625068800000,
  "eventDateMillis": 1624636800000,
  "round": "2.12",
  "result": "1-0",
  "white": "Magnus Carlsen",
  "black": "Levon Aronian",
  "isDingWin": true,
  "isDraw": false,
  "isDingBlack": false,
  "moves": [
    "hxg4",
    "Rh8",
    "d5",
    "exd5+",
    "Kf5",
    "Rh2",
    "Rxb6",
    "Rf2+",
    "Kxg5",
    "d4",
    "Rd6",
    "Rxb2",
    "Rxd4",
    "Rb3",
    "a4",
    "Rb4",
    "Rf4",
    "Kf8",
    "Kf5",
    "Rb1",
    "e6",
    "Ke7",
    "exf7",
    "Kxf7",
    "Kg5+",
    "Kg7",
    "Rf5",
    "Rb6",
    "Rxa5",
    "Rg6+",
    "Kf4",
    "Rc6",
    "Re5",
    "Kf6",
    "g5+",
    "Kg6",
    "a5",
    "Rc1",
    "Re6+",
    "Kf7",
    "Rb6",
    "Rc4+",
    "Ke3",
    "Ra4",
    "a6",
    "Kg7",
    "g6",
    "Kh6",
    "Kd3",
    "Kg7",
    "Kc3",
    "Kh6",
    "Kb3",
    "Ra1",
    "Rc6"
  ],
  "statePieceCount": 15,
  "endPieceCount": 6,
  "boardState": [
    {
      "square": "f8",
      "type": "r",
      "color": "b"
    },
    {
      "square": "f7",
      "type": "p",
      "color": "b"
    },
    {
      "square": "g7",
      "type": "k",
      "color": "b"
    },
    {
      "square": "b6",
      "type": "p",
      "color": "b"
    },
    {
      "square": "c6",
      "type": "r",
      "color": "w"
    },
    {
      "square": "e6",
      "type": "p",
      "color": "b"
    },
    {
      "square": "a5",
      "type": "p",
      "color": "b"
    },
    {
      "square": "e5",
      "type": "p",
      "color": "w"
    },
    {
      "square": "g5",
      "type": "p",
      "color": "b"
    },
    {
      "square": "d4",
      "type": "p",
      "color": "w"
    },
    {
      "square": "e4",
      "type": "k",
      "color": "w"
    },
    {
      "square": "g4",
      "type": "p",
      "color": "b"
    },
    {
      "square": "a3",
      "type": "p",
      "color": "w"
    },
    {
      "square": "h3",
      "type": "p",
      "color": "w"
    },
    {
      "square": "b2",
      "type": "p",
      "color": "w"
    }
  ]
}