{
  "event": "FIDE World Cup 2021",
  "site": "Krasnaya Polyana (Sochi) RUS",
  "date": "2021.07.24",
  "eventDate": "2021.07.12",
  "dateMillis": 1627056000000,
  "eventDateMillis": 1626019200000,
  "round": "4.4",
  "result": "1-0",
  "white": "Magnus Carlsen",
  "black": "Radoslaw Wojtaszek",
  "isDingWin": true,
  "isDraw": false,
  "isDingBlack": false,
  "moves": [
    "Qe1+",
    "Kg2",
    "Qe4+",
    "Kh2",
    "fxg5",
    "Qb8+",
    "Kf7",
    "Qc7+",
    "Kf6",
    "Qd6+",
    "Kf7",
    "Qg6+",
    "Qxg6",
    "hxg6+",
    "Kxg6",
    "g4",
    "Kf6",
    "Kg3",
    "Ke6",
    "Kf3"
  ],
  "statePieceCount": 15,
  "endPieceCount": 11,
  "boardState": [
    {
      "square": "g8",
      "type": "k",
      "color": "b"
    },
    {
      "square": "a7",
      "type": "q",
      "color": "w"
    },
    {
      "square": "g7",
      "type": "p",
      "color": "b"
    },
    {
      "square": "f6",
      "type": "p",
      "color": "b"
    },
    {
      "square": "b5",
      "type": "p",
      "color": "b"
    },
    {
      "square": "d5",
      "type": "p",
      "color": "b"
    },
    {
      "square": "g5",
      "type": "b",
      "color": "w"
    },
    {
      "square": "h5",
      "type": "p",
      "color": "w"
    },
    {
      "square": "b4",
      "type": "p",
      "color": "w"
    },
    {
      "square": "d4",
      "type": "p",
      "color": "w"
    },
    {
      "square": "e4",
      "type": "q",
      "color": "b"
    },
    {
      "square": "a3",
      "type": "p",
      "color": "w"
    },
    {
      "square": "g3",
      "type": "p",
      "color": "w"
    },
    {
      "square": "f2",
      "type": "p",
      "color": "w"
    },
    {
      "square": "g1",
      "type": "k",
      "color": "w"
    }
  ]
}