{
  "event": "Aimchess US Rapid",
  "site": "chess24.com INT",
  "date": "2021.08.29",
  "eventDate": "2021.08.28",
  "dateMillis": 1630166400000,
  "eventDateMillis": 1630080000000,
  "round": "9.4",
  "result": "1/2-1/2",
  "white": "Magnus Carlsen",
  "black": "Shakhriyar Mamedyarov",
  "isDingWin": false,
  "isDraw": true,
  "isDingBlack": false,
  "moves": [
    "Rb7",
    "h6",
    "Rxb5",
    "Nd5",
    "a6",
    "Ra4",
    "a7",
    "Nxe3",
    "Rb8+",
    "Kf7",
    "a8=Q",
    "Rxa8",
    "Rxa8",
    "Nd5",
    "Ra7+",
    "Kg6",
    "g3",
    "h5",
    "Kg2",
    "f5",
    "h4",
    "Kf6",
    "Kf3",
    "e5",
    "Ra6+",
    "Kf7",
    "Ke2",
    "g6",
    "Ra5",
    "Ke6",
    "Kd3",
    "Nf6",
    "Ra6+",
    "Kf7",
    "Ra7+",
    "Kf8",
    "f3",
    "e4+",
    "Ke3",
    "exf3",
    "Kxf3",
    "Nd5",
    "Ke2",
    "Ne7",
    "Ke3",
    "Nd5+",
    "Kd4",
    "Nf6",
    "Ke5",
    "Ne4",
    "Rd7",
    "Kg8",
    "g4",
    "hxg4",
    "h5",
    "g3",
    "h6",
    "Kh8",
    "Rg7",
    "g5",
    "Ra7",
    "g2",
    "Ra1",
    "Kh7",
    "Rg1",
    "Kxh6",
    "Kxf5",
    "Ng3+",
    "Kg4",
    "Nh5",
    "Rxg2",
    "Kg6",
    "Kf3",
    "Nf6",
    "Rxg5+",
    "Kxg5"
  ],
  "statePieceCount": 15,
  "endPieceCount": 3,
  "boardState": [
    {
      "square": "g8",
      "type": "k",
      "color": "b"
    },
    {
      "square": "d7",
      "type": "r",
      "color": "w"
    },
    {
      "square": "g7",
      "type": "p",
      "color": "b"
    },
    {
      "square": "h7",
      "type": "p",
      "color": "b"
    },
    {
      "square": "e6",
      "type": "p",
      "color": "b"
    },
    {
      "square": "f6",
      "type": "p",
      "color": "b"
    },
    {
      "square": "a5",
      "type": "p",
      "color": "w"
    },
    {
      "square": "b5",
      "type": "p",
      "color": "b"
    },
    {
      "square": "b4",
      "type": "n",
      "color": "b"
    },
    {
      "square": "e4",
      "type": "r",
      "color": "b"
    },
    {
      "square": "e3",
      "type": "b",
      "color": "w"
    },
    {
      "square": "h3",
      "type": "p",
      "color": "w"
    },
    {
      "square": "f2",
      "type": "p",
      "color": "w"
    },
    {
      "square": "g2",
      "type": "p",
      "color": "w"
    },
    {
      "square": "g1",
      "type": "k",
      "color": "w"
    }
  ]
}