{
  "event": "Aimchess US Rapid",
  "site": "chess24.com INT",
  "date": "2021.09.03",
  "eventDate": "2021.08.28",
  "dateMillis": 1630598400000,
  "eventDateMillis": 1630080000000,
  "round": "2.24",
  "result": "1-0",
  "white": "Magnus Carlsen",
  "black": "Levon Aronian",
  "isDingWin": true,
  "isDraw": false,
  "isDingBlack": false,
  "moves": [
    "Rxc1",
    "Be7",
    "Rxc4",
    "Rc8",
    "Nc3",
    "Kf8",
    "Nd5"
  ],
  "statePieceCount": 15,
  "endPieceCount": 13,
  "boardState": [
    {
      "square": "e8",
      "type": "r",
      "color": "b"
    },
    {
      "square": "g8",
      "type": "k",
      "color": "b"
    },
    {
      "square": "c7",
      "type": "p",
      "color": "w"
    },
    {
      "square": "f7",
      "type": "p",
      "color": "b"
    },
    {
      "square": "f6",
      "type": "p",
      "color": "b"
    },
    {
      "square": "h6",
      "type": "p",
      "color": "b"
    },
    {
      "square": "c5",
      "type": "b",
      "color": "b"
    },
    {
      "square": "c4",
      "type": "b",
      "color": "b"
    },
    {
      "square": "e4",
      "type": "n",
      "color": "w"
    },
    {
      "square": "f4",
      "type": "p",
      "color": "w"
    },
    {
      "square": "h3",
      "type": "p",
      "color": "w"
    },
    {
      "square": "f2",
      "type": "p",
      "color": "w"
    },
    {
      "square": "a1",
      "type": "r",
      "color": "w"
    },
    {
      "square": "c1",
      "type": "q",
      "color": "b"
    },
    {
      "square": "g1",
      "type": "k",
      "color": "w"
    }
  ]
}