{
  "event": "Aimchess US Rapid",
  "site": "chess24.com INT",
  "date": "2021.09.04",
  "eventDate": "2021.08.28",
  "dateMillis": 1630684800000,
  "eventDateMillis": 1630080000000,
  "round": "3.12",
  "result": "1-0",
  "white": "Magnus Carlsen",
  "black": "Vladislav Artemiev",
  "isDingWin": true,
  "isDraw": false,
  "isDingBlack": false,
  "moves": [
    "Rxc4",
    "Nf5",
    "g6",
    "Nd6"
  ],
  "statePieceCount": 15,
  "endPieceCount": 14,
  "boardState": [
    {
      "square": "d8",
      "type": "k",
      "color": "b"
    },
    {
      "square": "f7",
      "type": "p",
      "color": "b"
    },
    {
      "square": "g7",
      "type": "p",
      "color": "b"
    },
    {
      "square": "h7",
      "type": "p",
      "color": "b"
    },
    {
      "square": "c6",
      "type": "n",
      "color": "b"
    },
    {
      "square": "a4",
      "type": "r",
      "color": "b"
    },
    {
      "square": "c4",
      "type": "p",
      "color": "w"
    },
    {
      "square": "d4",
      "type": "n",
      "color": "w"
    },
    {
      "square": "h4",
      "type": "p",
      "color": "w"
    },
    {
      "square": "c3",
      "type": "n",
      "color": "b"
    },
    {
      "square": "h3",
      "type": "r",
      "color": "w"
    },
    {
      "square": "f2",
      "type": "p",
      "color": "w"
    },
    {
      "square": "g2",
      "type": "p",
      "color": "w"
    },
    {
      "square": "e1",
      "type": "n",
      "color": "w"
    },
    {
      "square": "f1",
      "type": "k",
      "color": "w"
    }
  ]
}