{
  "event": "Armageddon",
  "site": "Stavanger NOR",
  "date": "2021.09.09",
  "dateMillis": 1631116800000,
  "eventDateMillis": null,
  "round": "3.2",
  "result": "1/2-1/2",
  "white": "Richard Rapport",
  "black": "Magnus Carlsen",
  "isDingWin": false,
  "isDraw": true,
  "isDingBlack": true,
  "moves": [
    "Qxe6+",
    "Kd8",
    "Qd6+",
    "Ke8",
    "Bf3",
    "Ne5+",
    "Kf1",
    "Nxf3",
    "Qe6+",
    "Kd8",
    "Qf6+",
    "Ke8",
    "Qxf3",
    "Rc5",
    "Kg1",
    "Rxa2",
    "Qf4",
    "Rcc2",
    "Qb8+",
    "Ke7",
    "Qe5+",
    "Kf7",
    "Qd5+",
    "Kg6",
    "Qf5+",
    "Kg7",
    "Qg5+",
    "Kh7",
    "Qh5+",
    "Kg7",
    "Qg5+"
  ],
  "statePieceCount": 15,
  "endPieceCount": 11,
  "boardState": [
    {
      "square": "c8",
      "type": "k",
      "color": "b"
    },
    {
      "square": "a7",
      "type": "p",
      "color": "b"
    },
    {
      "square": "b7",
      "type": "p",
      "color": "b"
    },
    {
      "square": "d6",
      "type": "q",
      "color": "w"
    },
    {
      "square": "e6",
      "type": "b",
      "color": "b"
    },
    {
      "square": "g5",
      "type": "r",
      "color": "b"
    },
    {
      "square": "d4",
      "type": "p",
      "color": "b"
    },
    {
      "square": "e4",
      "type": "p",
      "color": "w"
    },
    {
      "square": "g4",
      "type": "n",
      "color": "b"
    },
    {
      "square": "b3",
      "type": "p",
      "color": "w"
    },
    {
      "square": "d3",
      "type": "p",
      "color": "w"
    },
    {
      "square": "a2",
      "type": "p",
      "color": "w"
    },
    {
      "square": "g2",
      "type": "b",
      "color": "w"
    },
    {
      "square": "h2",
      "type": "r",
      "color": "b"
    },
    {
      "square": "g1",
      "type": "k",
      "color": "w"
    }
  ]
}