{
  "event": "9th Norway Chess 2021",
  "site": "Stavanger NOR",
  "date": "2021.09.08",
  "eventDate": "2021.09.07",
  "dateMillis": 1631030400000,
  "eventDateMillis": 1630944000000,
  "round": "2.1",
  "result": "1/2-1/2",
  "white": "Magnus Carlsen",
  "black": "Aryan Tari",
  "isDingWin": false,
  "isDraw": true,
  "isDingBlack": false,
  "moves": [
    "Qe4+",
    "Kf1",
    "Qxd4",
    "Re1",
    "Qxa4",
    "Kg1",
    "Kf8",
    "Rh8+",
    "Kg7",
    "Rc8",
    "f3",
    "gxf3",
    "Qa5",
    "Re4",
    "c5",
    "a4",
    "d5",
    "Re7",
    "Qxa4",
    "Rexc7",
    "c4",
    "Rc6",
    "Qa1+",
    "Kg2",
    "Qe5",
    "Kh3",
    "Qg5",
    "Kh2",
    "Qf4+",
    "Kg2",
    "Qf5",
    "Kg3",
    "Qh5",
    "Kg2",
    "Qh4",
    "R8c7",
    "Qg5+"
  ],
  "statePieceCount": 15,
  "endPieceCount": 10,
  "boardState": [
    {
      "square": "g8",
      "type": "k",
      "color": "b"
    },
    {
      "square": "c7",
      "type": "p",
      "color": "b"
    },
    {
      "square": "f7",
      "type": "p",
      "color": "b"
    },
    {
      "square": "c6",
      "type": "p",
      "color": "b"
    },
    {
      "square": "d6",
      "type": "p",
      "color": "b"
    },
    {
      "square": "g6",
      "type": "q",
      "color": "b"
    },
    {
      "square": "a4",
      "type": "p",
      "color": "w"
    },
    {
      "square": "d4",
      "type": "p",
      "color": "w"
    },
    {
      "square": "f4",
      "type": "p",
      "color": "b"
    },
    {
      "square": "h4",
      "type": "r",
      "color": "w"
    },
    {
      "square": "a2",
      "type": "p",
      "color": "w"
    },
    {
      "square": "e2",
      "type": "k",
      "color": "w"
    },
    {
      "square": "f2",
      "type": "p",
      "color": "w"
    },
    {
      "square": "g2",
      "type": "p",
      "color": "w"
    },
    {
      "square": "a1",
      "type": "r",
      "color": "w"
    }
  ]
}