{
  "event": "Meltwater Tour Final 2021",
  "site": "Chess24 INT",
  "date": "2021.10.01",
  "eventDate": "2021.09.23",
  "dateMillis": 1633017600000,
  "eventDateMillis": 1632326400000,
  "round": "6.4",
  "result": "1/2-1/2",
  "white": "Magnus Carlsen",
  "black": "Anish Giri",
  "isDingWin": false,
  "isDraw": true,
  "isDingBlack": false,
  "moves": [
    "Rb8",
    "Rb1",
    "Qc2",
    "Raa1",
    "Rb3",
    "h4",
    "h5",
    "Rc1",
    "Qxb2",
    "Qxb2",
    "Rxb2",
    "Ra3",
    "Rbb8",
    "Rac3",
    "Rb7",
    "g3",
    "Kg7",
    "Rc8",
    "Rxc8",
    "Rxc8",
    "Rb1+",
    "Kg2",
    "Rb2",
    "Kg1",
    "Rb1+",
    "Kg2",
    "Rb2",
    "Kg1",
    "Rb1+"
  ],
  "statePieceCount": 15,
  "endPieceCount": 10,
  "boardState": [
    {
      "square": "d8",
      "type": "r",
      "color": "b"
    },
    {
      "square": "f8",
      "type": "r",
      "color": "b"
    },
    {
      "square": "g8",
      "type": "k",
      "color": "b"
    },
    {
      "square": "f7",
      "type": "p",
      "color": "b"
    },
    {
      "square": "h7",
      "type": "p",
      "color": "b"
    },
    {
      "square": "a6",
      "type": "r",
      "color": "w"
    },
    {
      "square": "f6",
      "type": "q",
      "color": "w"
    },
    {
      "square": "g6",
      "type": "p",
      "color": "b"
    },
    {
      "square": "b3",
      "type": "q",
      "color": "b"
    },
    {
      "square": "h3",
      "type": "p",
      "color": "w"
    },
    {
      "square": "b2",
      "type": "p",
      "color": "w"
    },
    {
      "square": "f2",
      "type": "p",
      "color": "w"
    },
    {
      "square": "g2",
      "type": "p",
      "color": "w"
    },
    {
      "square": "f1",
      "type": "r",
      "color": "w"
    },
    {
      "square": "g1",
      "type": "k",
      "color": "w"
    }
  ]
}