{
  "event": "Meltwater Tour Final 2021",
  "site": "Chess24 INT",
  "date": "2021.10.02",
  "eventDate": "2021.09.23",
  "dateMillis": 1633104000000,
  "eventDateMillis": 1632326400000,
  "round": "7.3",
  "result": "0-1",
  "white": "Magnus Carlsen",
  "black": "Teimour Radjabov",
  "isDingWin": false,
  "isDraw": false,
  "isDingBlack": false,
  "moves": [
    "axb5",
    "Ra5",
    "c4",
    "Ra7",
    "Kg8",
    "Rb7",
    "g6",
    "Kh2",
    "Kf8",
    "Kh1",
    "Ke8",
    "Bb4",
    "Qf6",
    "Bc3",
    "Qf5",
    "Kh2",
    "g5",
    "Rb6",
    "h5",
    "Rh6",
    "g4",
    "hxg4",
    "hxg4",
    "fxg4",
    "Qxg4",
    "Rh3",
    "Kd7",
    "Rf3",
    "Ke6",
    "Kg1",
    "Qf5",
    "Kf1",
    "Kd5",
    "Kg1",
    "Kc5",
    "Kh2",
    "b4",
    "Bh8",
    "Kd5",
    "Rh3",
    "Ke4",
    "Rf3",
    "Qh7+",
    "Rh3",
    "Qc7",
    "Kg1",
    "Qb6+",
    "Kh2",
    "Qb8",
    "Kg1",
    "c3",
    "Bxc3",
    "bxc3",
    "bxc3",
    "Qb6+",
    "Kh2",
    "Qf2",
    "Rf3",
    "Qe3",
    "Rh3",
    "Kd3",
    "Rf3",
    "Kxc3",
    "Kh3",
    "Kd4",
    "Kh4",
    "Ke4",
    "Kg4",
    "Qe2"
  ],
  "statePieceCount": 15,
  "endPieceCount": 6,
  "boardState": [
    {
      "square": "a7",
      "type": "r",
      "color": "w"
    },
    {
      "square": "g7",
      "type": "p",
      "color": "b"
    },
    {
      "square": "h7",
      "type": "k",
      "color": "b"
    },
    {
      "square": "a6",
      "type": "p",
      "color": "b"
    },
    {
      "square": "h6",
      "type": "p",
      "color": "b"
    },
    {
      "square": "b5",
      "type": "p",
      "color": "w"
    },
    {
      "square": "c5",
      "type": "p",
      "color": "b"
    },
    {
      "square": "g5",
      "type": "q",
      "color": "b"
    },
    {
      "square": "f4",
      "type": "p",
      "color": "b"
    },
    {
      "square": "c3",
      "type": "b",
      "color": "w"
    },
    {
      "square": "f3",
      "type": "p",
      "color": "w"
    },
    {
      "square": "h3",
      "type": "p",
      "color": "w"
    },
    {
      "square": "b2",
      "type": "p",
      "color": "w"
    },
    {
      "square": "g2",
      "type": "p",
      "color": "w"
    },
    {
      "square": "h1",
      "type": "k",
      "color": "w"
    }
  ]
}