{
  "event": "Meltwater Tour Final 2021",
  "site": "Chess24 INT",
  "date": "2021.10.03",
  "eventDate": "2021.09.23",
  "dateMillis": 1633190400000,
  "eventDateMillis": 1632326400000,
  "round": "8.3",
  "result": "1/2-1/2",
  "white": "Levon Aronian",
  "black": "Magnus Carlsen",
  "isDingWin": false,
  "isDraw": true,
  "isDingBlack": true,
  "moves": [
    "Rxe2",
    "Rb8",
    "Ke7",
    "Bd5",
    "Ke8",
    "h4",
    "f5",
    "Kf1",
    "Rd2",
    "Kg2",
    "Kd7",
    "Bg8",
    "h6",
    "Bh7",
    "Rd6",
    "h5",
    "gxh5",
    "Bxf5+",
    "Ke7",
    "Be4",
    "h4",
    "gxh4",
    "Rd4",
    "Bd5",
    "Rxh4",
    "Rb7+",
    "Kd6",
    "Kg3",
    "Bg5",
    "Rf7",
    "Ke5",
    "f4+",
    "Rxf4",
    "Rxf4",
    "Bxf4+",
    "Kg4",
    "Bg5",
    "Kh5",
    "Bf4",
    "Kg4",
    "Bg5",
    "Kh5",
    "Bf4",
    "Kg4"
  ],
  "statePieceCount": 15,
  "endPieceCount": 7,
  "boardState": [
    {
      "square": "d8",
      "type": "b",
      "color": "b"
    },
    {
      "square": "f8",
      "type": "k",
      "color": "b"
    },
    {
      "square": "b7",
      "type": "r",
      "color": "w"
    },
    {
      "square": "f7",
      "type": "p",
      "color": "b"
    },
    {
      "square": "h7",
      "type": "p",
      "color": "b"
    },
    {
      "square": "c6",
      "type": "b",
      "color": "w"
    },
    {
      "square": "g6",
      "type": "p",
      "color": "b"
    },
    {
      "square": "c5",
      "type": "p",
      "color": "b"
    },
    {
      "square": "c4",
      "type": "p",
      "color": "w"
    },
    {
      "square": "g3",
      "type": "p",
      "color": "w"
    },
    {
      "square": "a2",
      "type": "r",
      "color": "b"
    },
    {
      "square": "e2",
      "type": "p",
      "color": "w"
    },
    {
      "square": "f2",
      "type": "p",
      "color": "w"
    },
    {
      "square": "h2",
      "type": "p",
      "color": "w"
    },
    {
      "square": "g1",
      "type": "k",
      "color": "w"
    }
  ]
}