{
  "event": "World Blitz 2021",
  "site": "Warsaw POL",
  "date": "2021.12.29",
  "eventDate": "2021.12.29",
  "dateMillis": 1640707200000,
  "eventDateMillis": 1640707200000,
  "round": "2.1",
  "result": "1-0",
  "white": "Magnus Carlsen",
  "black": "Sanan Sjugirov",
  "isDingWin": true,
  "isDraw": false,
  "isDingBlack": false,
  "moves": [
    "Qxa4",
    "Qb7",
    "f6",
    "Qe7",
    "Qa3",
    "h4",
    "h5",
    "Qe8",
    "Kh6",
    "Qh8+",
    "Kg6",
    "Qf8",
    "Qb4",
    "Qe8+",
    "Kh6",
    "Qc8",
    "Qd2",
    "Qf5",
    "Qe3",
    "Kh3",
    "Qc1",
    "Kh2",
    "Qd2",
    "Qc8",
    "Qf4+",
    "Kh3",
    "Qd2",
    "Qd8",
    "Qb4",
    "g4",
    "hxg4+",
    "Kxg4",
    "Kh7",
    "Qe8",
    "Qd2",
    "Qh5+",
    "Kg8",
    "Kf5",
    "Qc3",
    "Ke6",
    "Qc8+",
    "Kxd6",
    "Qd8+",
    "Kc6",
    "Qc8+",
    "Kb5",
    "Qb7+",
    "Kc4",
    "Qa6+",
    "Kc3",
    "Qa3+",
    "Kd2",
    "Qb4+",
    "Ke2",
    "Qb2+",
    "Kf1",
    "Qc1+",
    "Kg2",
    "Qd2+",
    "Kh3",
    "Qd1",
    "Qf5",
    "Kf7",
    "Qe6+",
    "Kg6",
    "Qg4+",
    "Kf7",
    "Qg2",
    "f5",
    "h5",
    "Kf8",
    "Kh4",
    "Qd2",
    "Qxd2"
  ],
  "statePieceCount": 15,
  "endPieceCount": 10,
  "boardState": [
    {
      "square": "f7",
      "type": "p",
      "color": "b"
    },
    {
      "square": "g7",
      "type": "p",
      "color": "b"
    },
    {
      "square": "h7",
      "type": "k",
      "color": "b"
    },
    {
      "square": "d6",
      "type": "p",
      "color": "b"
    },
    {
      "square": "h6",
      "type": "p",
      "color": "b"
    },
    {
      "square": "d5",
      "type": "p",
      "color": "w"
    },
    {
      "square": "e5",
      "type": "p",
      "color": "b"
    },
    {
      "square": "a4",
      "type": "r",
      "color": "w"
    },
    {
      "square": "c4",
      "type": "q",
      "color": "b"
    },
    {
      "square": "e4",
      "type": "p",
      "color": "w"
    },
    {
      "square": "f3",
      "type": "p",
      "color": "w"
    },
    {
      "square": "h3",
      "type": "p",
      "color": "w"
    },
    {
      "square": "b2",
      "type": "q",
      "color": "w"
    },
    {
      "square": "g2",
      "type": "p",
      "color": "w"
    },
    {
      "square": "h2",
      "type": "k",
      "color": "w"
    }
  ]
}