{
  "event": "World Blitz 2021",
  "site": "Warsaw POL",
  "date": "2021.12.30",
  "eventDate": "2021.12.29",
  "dateMillis": 1640793600000,
  "eventDateMillis": 1640707200000,
  "round": "18.1",
  "result": "1/2-1/2",
  "white": "Kirill Alekseenko",
  "black": "Magnus Carlsen",
  "isDingWin": false,
  "isDraw": true,
  "isDingBlack": true,
  "moves": [
    "Bxg6",
    "Nf4",
    "Be8",
    "Ke7",
    "Bd7",
    "b4",
    "Bf5",
    "Nd5",
    "g4",
    "Ne3",
    "Rd7+",
    "Ke8",
    "Be6",
    "hxg4",
    "fxg4",
    "b3",
    "Rb7",
    "Rc2+",
    "Kg3",
    "b2",
    "h5",
    "Rc3",
    "Kh2",
    "Rc2+",
    "Kg3",
    "Rc3",
    "Kh2",
    "Rc2+"
  ],
  "statePieceCount": 15,
  "endPieceCount": 12,
  "boardState": [
    {
      "square": "c6",
      "type": "p",
      "color": "b"
    },
    {
      "square": "e6",
      "type": "k",
      "color": "b"
    },
    {
      "square": "f6",
      "type": "p",
      "color": "b"
    },
    {
      "square": "g6",
      "type": "p",
      "color": "b"
    },
    {
      "square": "b5",
      "type": "p",
      "color": "b"
    },
    {
      "square": "d5",
      "type": "n",
      "color": "b"
    },
    {
      "square": "e5",
      "type": "p",
      "color": "b"
    },
    {
      "square": "h5",
      "type": "p",
      "color": "b"
    },
    {
      "square": "h4",
      "type": "p",
      "color": "w"
    },
    {
      "square": "f3",
      "type": "p",
      "color": "w"
    },
    {
      "square": "d2",
      "type": "r",
      "color": "w"
    },
    {
      "square": "g2",
      "type": "p",
      "color": "w"
    },
    {
      "square": "h2",
      "type": "k",
      "color": "w"
    },
    {
      "square": "b1",
      "type": "b",
      "color": "w"
    },
    {
      "square": "c1",
      "type": "r",
      "color": "b"
    }
  ]
}