{
  "event": "84th Tata Steel Masters",
  "site": "Wijk aan Zee NED",
  "date": "2022.01.16",
  "eventDate": "2022.01.14",
  "dateMillis": 1642262400000,
  "eventDateMillis": 1642089600000,
  "round": "2",
  "result": "1-0",
  "white": "Magnus Carlsen",
  "black": "A Giri",
  "isDingWin": true,
  "isDraw": false,
  "isDingBlack": false,
  "moves": [
    "Bxd4",
    "Ne6",
    "Be3"
  ],
  "statePieceCount": 15,
  "endPieceCount": 14,
  "boardState": [
    {
      "square": "c8",
      "type": "r",
      "color": "b"
    },
    {
      "square": "b7",
      "type": "r",
      "color": "w"
    },
    {
      "square": "c7",
      "type": "n",
      "color": "b"
    },
    {
      "square": "h7",
      "type": "p",
      "color": "b"
    },
    {
      "square": "a6",
      "type": "p",
      "color": "b"
    },
    {
      "square": "f6",
      "type": "p",
      "color": "b"
    },
    {
      "square": "g6",
      "type": "k",
      "color": "b"
    },
    {
      "square": "a4",
      "type": "p",
      "color": "w"
    },
    {
      "square": "d4",
      "type": "p",
      "color": "b"
    },
    {
      "square": "g3",
      "type": "p",
      "color": "w"
    },
    {
      "square": "b2",
      "type": "b",
      "color": "w"
    },
    {
      "square": "e2",
      "type": "p",
      "color": "w"
    },
    {
      "square": "f2",
      "type": "p",
      "color": "w"
    },
    {
      "square": "h2",
      "type": "p",
      "color": "w"
    },
    {
      "square": "f1",
      "type": "k",
      "color": "w"
    }
  ]
}