{
  "event": "84th Tata Steel Masters",
  "site": "Wijk aan Zee NED",
  "date": "2022.01.18",
  "eventDate": "2022.01.14",
  "dateMillis": 1642435200000,
  "eventDateMillis": 1642089600000,
  "round": "4",
  "result": "1/2-1/2",
  "white": "Magnus Carlsen",
  "black": "Van Foreest,Jorden",
  "isDingWin": false,
  "isDraw": true,
  "isDingBlack": false,
  "moves": [
    "Kxg7",
    "a3",
    "Kg6",
    "Kg2",
    "Kh5",
    "Rh1",
    "c5",
    "Bxc5",
    "Qg6+",
    "Kf1",
    "Qa6+",
    "Kg2",
    "Qg6+",
    "Kf1",
    "Qa6+",
    "Kg2"
  ],
  "statePieceCount": 15,
  "endPieceCount": 13,
  "boardState": [
    {
      "square": "g8",
      "type": "k",
      "color": "b"
    },
    {
      "square": "g7",
      "type": "q",
      "color": "w"
    },
    {
      "square": "a6",
      "type": "q",
      "color": "b"
    },
    {
      "square": "c6",
      "type": "p",
      "color": "b"
    },
    {
      "square": "d5",
      "type": "p",
      "color": "b"
    },
    {
      "square": "a4",
      "type": "p",
      "color": "b"
    },
    {
      "square": "b4",
      "type": "b",
      "color": "w"
    },
    {
      "square": "d4",
      "type": "p",
      "color": "w"
    },
    {
      "square": "e4",
      "type": "p",
      "color": "b"
    },
    {
      "square": "h4",
      "type": "p",
      "color": "w"
    },
    {
      "square": "e3",
      "type": "p",
      "color": "w"
    },
    {
      "square": "a2",
      "type": "p",
      "color": "w"
    },
    {
      "square": "f2",
      "type": "p",
      "color": "w"
    },
    {
      "square": "c1",
      "type": "r",
      "color": "w"
    },
    {
      "square": "g1",
      "type": "k",
      "color": "w"
    }
  ]
}