{
  "event": "84th Tata Steel Masters",
  "site": "Wijk aan Zee NED",
  "date": "2022.01.20",
  "eventDate": "2022.01.14",
  "dateMillis": 1642608000000,
  "eventDateMillis": 1642089600000,
  "round": "5",
  "result": "1/2-1/2",
  "white": "Grandelius,N",
  "black": "Magnus Carlsen",
  "isDingWin": false,
  "isDraw": true,
  "isDingBlack": true,
  "moves": [
    "Rc8",
    "R6g5",
    "Bd3",
    "Rf5+",
    "Kg8",
    "Rf2",
    "Rh6",
    "Rd1",
    "Bxe4",
    "Re1",
    "Rh4",
    "a4",
    "Rc5",
    "Ba3",
    "Rc8",
    "Be7",
    "Rg4",
    "h3",
    "Rg2",
    "Rxg2",
    "Bxg2",
    "Rxe5",
    "d3",
    "Bc5",
    "Ra8",
    "cxd3",
    "Rxa4",
    "Kd2",
    "Bxh3",
    "Re4"
  ],
  "statePieceCount": 15,
  "endPieceCount": 8,
  "boardState": [
    {
      "square": "b8",
      "type": "r",
      "color": "b"
    },
    {
      "square": "f7",
      "type": "k",
      "color": "b"
    },
    {
      "square": "g7",
      "type": "p",
      "color": "b"
    },
    {
      "square": "h7",
      "type": "r",
      "color": "b"
    },
    {
      "square": "g6",
      "type": "r",
      "color": "w"
    },
    {
      "square": "e5",
      "type": "p",
      "color": "b"
    },
    {
      "square": "c4",
      "type": "b",
      "color": "b"
    },
    {
      "square": "d4",
      "type": "p",
      "color": "b"
    },
    {
      "square": "e4",
      "type": "p",
      "color": "w"
    },
    {
      "square": "a3",
      "type": "p",
      "color": "w"
    },
    {
      "square": "b2",
      "type": "b",
      "color": "w"
    },
    {
      "square": "c2",
      "type": "p",
      "color": "w"
    },
    {
      "square": "h2",
      "type": "p",
      "color": "w"
    },
    {
      "square": "c1",
      "type": "k",
      "color": "w"
    },
    {
      "square": "g1",
      "type": "r",
      "color": "w"
    }
  ]
}