{
  "event": "Norwegian League",
  "site": "Oslo NOR",
  "date": "2022.02.05",
  "dateMillis": 1643990400000,
  "eventDateMillis": null,
  "round": "5",
  "result": "1/2-1/2",
  "white": "Magnus Carlsen",
  "black": "Tallaksen Ostmoe, Geir Sune",
  "isDingWin": false,
  "isDraw": true,
  "isDingBlack": false,
  "moves": [
    "hxg3",
    "Rg6",
    "Rd7+",
    "Ka6",
    "Rd8",
    "Kb7",
    "Bf2",
    "Rf6",
    "Be1",
    "g6",
    "Bd2",
    "Bd6",
    "Be3",
    "c5",
    "g4",
    "Kxb6",
    "Re8",
    "Kc6",
    "g5",
    "Kd7",
    "Ra8",
    "Rf3",
    "Kd2",
    "Ke6",
    "Ra6",
    "Ke7",
    "Ra7+",
    "Kf8",
    "Ra4",
    "Be7",
    "Rxc4",
    "Rg3",
    "Bxc5",
    "Rxg5",
    "Bb4",
    "Rg2+",
    "Kd3",
    "Rg3+",
    "Kc2",
    "Bxb4",
    "cxb4",
    "Ke7",
    "b5",
    "Rf3",
    "Rc5",
    "Kd6",
    "Rd5+",
    "Ke6",
    "Rd8",
    "Ke7",
    "Rg8",
    "Kd6",
    "Rxg6+",
    "Kc5",
    "b6",
    "Rf7",
    "Re6",
    "Kd4",
    "Kb3",
    "Rf1",
    "Ka4",
    "Kxe4",
    "Rd6",
    "Rb1",
    "Ka5",
    "Kf3",
    "Rf6+",
    "Kg3",
    "Rf5",
    "e4",
    "Rb5",
    "Ra1+",
    "Kb4",
    "Ra8",
    "Kc3",
    "e3",
    "Kd3",
    "Kf4",
    "b7",
    "Rd8+",
    "Ke2",
    "Rb8",
    "Rb4+",
    "Ke5",
    "Kxe3",
    "Kd5",
    "Kd3",
    "Kc6",
    "Kc4",
    "Rxb7",
    "Rxb7",
    "Kxb7"
  ],
  "statePieceCount": 15,
  "endPieceCount": 2,
  "boardState": [
    {
      "square": "b8",
      "type": "b",
      "color": "b"
    },
    {
      "square": "b7",
      "type": "k",
      "color": "b"
    },
    {
      "square": "g7",
      "type": "p",
      "color": "b"
    },
    {
      "square": "b6",
      "type": "p",
      "color": "w"
    },
    {
      "square": "c6",
      "type": "p",
      "color": "b"
    },
    {
      "square": "f6",
      "type": "r",
      "color": "b"
    },
    {
      "square": "c5",
      "type": "b",
      "color": "w"
    },
    {
      "square": "e5",
      "type": "p",
      "color": "b"
    },
    {
      "square": "c4",
      "type": "p",
      "color": "b"
    },
    {
      "square": "e4",
      "type": "p",
      "color": "w"
    },
    {
      "square": "c3",
      "type": "p",
      "color": "w"
    },
    {
      "square": "g3",
      "type": "p",
      "color": "b"
    },
    {
      "square": "c2",
      "type": "k",
      "color": "w"
    },
    {
      "square": "h2",
      "type": "p",
      "color": "w"
    },
    {
      "square": "d1",
      "type": "r",
      "color": "w"
    }
  ]
}