{
  "event": "Airthings Masters",
  "site": "Chess24",
  "date": "2022.02.20",
  "eventDate": "2022.02.13",
  "dateMillis": 1645286400000,
  "eventDateMillis": 1644681600000,
  "round": "6.6",
  "result": "1-0",
  "white": "Magnus Carlsen",
  "black": "Vincent Keymer",
  "isDingWin": true,
  "isDraw": false,
  "isDingBlack": false,
  "moves": [
    "Rxe7",
    "Nxf3+",
    "Kg2",
    "Ne5",
    "Ne4",
    "Ng6",
    "Nf6",
    "Nxe7",
    "Rxe7"
  ],
  "statePieceCount": 15,
  "endPieceCount": 11,
  "boardState": [
    {
      "square": "d8",
      "type": "r",
      "color": "b"
    },
    {
      "square": "g8",
      "type": "b",
      "color": "b"
    },
    {
      "square": "h8",
      "type": "k",
      "color": "b"
    },
    {
      "square": "a7",
      "type": "r",
      "color": "w"
    },
    {
      "square": "c7",
      "type": "r",
      "color": "w"
    },
    {
      "square": "e7",
      "type": "r",
      "color": "b"
    },
    {
      "square": "d6",
      "type": "n",
      "color": "w"
    },
    {
      "square": "e6",
      "type": "p",
      "color": "b"
    },
    {
      "square": "e5",
      "type": "n",
      "color": "b"
    },
    {
      "square": "g4",
      "type": "p",
      "color": "w"
    },
    {
      "square": "h4",
      "type": "p",
      "color": "b"
    },
    {
      "square": "f3",
      "type": "b",
      "color": "w"
    },
    {
      "square": "h3",
      "type": "p",
      "color": "w"
    },
    {
      "square": "f2",
      "type": "p",
      "color": "w"
    },
    {
      "square": "h2",
      "type": "k",
      "color": "w"
    }
  ]
}