{
  "event": "Airthings Masters",
  "site": "Chess24",
  "date": "2022.02.22",
  "eventDate": "2022.02.13",
  "dateMillis": 1645459200000,
  "eventDateMillis": 1644681600000,
  "round": "13.7",
  "result": "1/2-1/2",
  "white": "Levon Aronian",
  "black": "Magnus Carlsen",
  "isDingWin": false,
  "isDraw": true,
  "isDingBlack": true,
  "moves": [
    "Kc7",
    "Ne4",
    "Bb4",
    "Ng5",
    "f6",
    "Nf3",
    "Rd8",
    "Kg2",
    "Kb6",
    "h4",
    "h6",
    "Re6",
    "Rd6",
    "Re8",
    "g5",
    "Rb8+",
    "Kc7",
    "Rh8",
    "g4",
    "Nh2",
    "f5",
    "Rf8",
    "Rd5",
    "Rf7+",
    "Kb6",
    "Nf1",
    "Bc5",
    "h5",
    "f4",
    "Rxf4",
    "Rxh5",
    "Rxg4",
    "Rg5",
    "Rxg5",
    "hxg5",
    "Nd2",
    "Kb5",
    "f3",
    "Kb4",
    "Kf1",
    "Bd6",
    "Ke2",
    "Bf4",
    "Nc4",
    "a4",
    "Kd3",
    "axb3",
    "axb3",
    "Kxb3",
    "Na5+",
    "Kb4",
    "Nxc6+",
    "Kc5",
    "Nd4",
    "Kd5",
    "Ne2",
    "Ke5",
    "Nxf4",
    "Kxf4",
    "Ke2",
    "g4",
    "fxg4",
    "Kxg4"
  ],
  "statePieceCount": 15,
  "endPieceCount": 2,
  "boardState": [
    {
      "square": "d8",
      "type": "k",
      "color": "b"
    },
    {
      "square": "h8",
      "type": "r",
      "color": "b"
    },
    {
      "square": "f7",
      "type": "p",
      "color": "b"
    },
    {
      "square": "h7",
      "type": "p",
      "color": "b"
    },
    {
      "square": "c6",
      "type": "p",
      "color": "b"
    },
    {
      "square": "g6",
      "type": "p",
      "color": "b"
    },
    {
      "square": "a5",
      "type": "p",
      "color": "b"
    },
    {
      "square": "c5",
      "type": "n",
      "color": "w"
    },
    {
      "square": "b3",
      "type": "p",
      "color": "w"
    },
    {
      "square": "c3",
      "type": "b",
      "color": "b"
    },
    {
      "square": "h3",
      "type": "p",
      "color": "w"
    },
    {
      "square": "a2",
      "type": "p",
      "color": "w"
    },
    {
      "square": "e2",
      "type": "r",
      "color": "w"
    },
    {
      "square": "f2",
      "type": "p",
      "color": "w"
    },
    {
      "square": "g1",
      "type": "k",
      "color": "w"
    }
  ]
}