{
  "event": "Charity Cup",
  "site": "Chess24",
  "date": "2022.03.21",
  "eventDate": "2022.03.19",
  "dateMillis": 1647792000000,
  "eventDateMillis": 1647619200000,
  "round": "10.6",
  "result": "1/2-1/2",
  "white": "Magnus Carlsen",
  "black": "Van Foreest, Jorden",
  "isDingWin": false,
  "isDraw": true,
  "isDingBlack": false,
  "moves": [
    "Ng5",
    "Rb2",
    "Kg2",
    "Rd2",
    "Kh2",
    "Rd1",
    "Kg2",
    "Rd4",
    "Kg1",
    "Kf8",
    "Kg2",
    "Ke7",
    "Kg1",
    "Bg7",
    "Kg2",
    "Bh6",
    "Nh3",
    "Kf6",
    "Ng1",
    "Bc1",
    "e3",
    "Rd2",
    "Ne2",
    "Ba3",
    "Kf1",
    "Bc5",
    "Nf4",
    "Bb4",
    "Nh3",
    "Kg7",
    "Ng5",
    "Ba5",
    "Nh3",
    "Bd8",
    "Nf4",
    "Bf6",
    "Ke1",
    "Ra2",
    "Kf1",
    "Kf8",
    "Nh3",
    "Ke7",
    "Nf4",
    "Kd8",
    "Be2",
    "Rb2",
    "Bd3",
    "Rd2",
    "Bb5",
    "Be5",
    "Nh3",
    "Rxd5",
    "Bc4",
    "Rd1+",
    "Ke2",
    "Rh1",
    "Ng5",
    "f6",
    "Bd5",
    "Rb1",
    "Nf7+",
    "Kd7",
    "Nh8",
    "g5",
    "Ng6",
    "Rb2+",
    "Kf1",
    "Bc3",
    "Bf3",
    "g4",
    "Bd5",
    "Be5",
    "Nxe5+",
    "dxe5",
    "Bf7",
    "f5",
    "Bxh5",
    "e4",
    "Bg6",
    "Rb5",
    "h5",
    "Ke6",
    "Kg2",
    "Kf6",
    "Kg1",
    "Kg5",
    "Kg2",
    "Rb1",
    "Be8",
    "Rb8",
    "Bg6",
    "Rb1",
    "Be8",
    "Rb8",
    "Bg6",
    "Rb1"
  ],
  "statePieceCount": 15,
  "endPieceCount": 11,
  "boardState": [
    {
      "square": "b7",
      "type": "r",
      "color": "b"
    },
    {
      "square": "f7",
      "type": "p",
      "color": "b"
    },
    {
      "square": "g7",
      "type": "k",
      "color": "b"
    },
    {
      "square": "d6",
      "type": "p",
      "color": "b"
    },
    {
      "square": "g6",
      "type": "p",
      "color": "b"
    },
    {
      "square": "d5",
      "type": "p",
      "color": "w"
    },
    {
      "square": "e5",
      "type": "b",
      "color": "b"
    },
    {
      "square": "h5",
      "type": "p",
      "color": "b"
    },
    {
      "square": "e4",
      "type": "n",
      "color": "w"
    },
    {
      "square": "h4",
      "type": "p",
      "color": "w"
    },
    {
      "square": "f3",
      "type": "b",
      "color": "w"
    },
    {
      "square": "g3",
      "type": "p",
      "color": "w"
    },
    {
      "square": "e2",
      "type": "p",
      "color": "w"
    },
    {
      "square": "f2",
      "type": "p",
      "color": "w"
    },
    {
      "square": "h2",
      "type": "k",
      "color": "w"
    }
  ]
}