{
  "event": "Charity Cup",
  "site": "Chess24",
  "date": "2022.03.24",
  "eventDate": "2022.03.19",
  "dateMillis": 1648051200000,
  "eventDateMillis": 1647619200000,
  "round": "2.4",
  "result": "1/2-1/2",
  "white": "Liren Ding",
  "black": "Magnus Carlsen",
  "isDingWin": false,
  "isDraw": true,
  "isDingBlack": true,
  "moves": [
    "Bxg4",
    "hxg4",
    "Rxf7",
    "Rb2+",
    "Kg3",
    "Ke6",
    "Rc7",
    "Kxf6",
    "Rxc6+",
    "Kf5",
    "Rd6",
    "Rb3+",
    "Kh2",
    "Rb5",
    "Kg3",
    "Rb3+",
    "Kh2",
    "Rb5",
    "Kg3",
    "Rb3+"
  ],
  "statePieceCount": 15,
  "endPieceCount": 10,
  "boardState": [
    {
      "square": "b8",
      "type": "r",
      "color": "b"
    },
    {
      "square": "e7",
      "type": "r",
      "color": "w"
    },
    {
      "square": "f7",
      "type": "p",
      "color": "b"
    },
    {
      "square": "c6",
      "type": "p",
      "color": "b"
    },
    {
      "square": "d6",
      "type": "k",
      "color": "b"
    },
    {
      "square": "f6",
      "type": "p",
      "color": "w"
    },
    {
      "square": "g6",
      "type": "p",
      "color": "b"
    },
    {
      "square": "d5",
      "type": "p",
      "color": "b"
    },
    {
      "square": "h5",
      "type": "p",
      "color": "b"
    },
    {
      "square": "d4",
      "type": "p",
      "color": "w"
    },
    {
      "square": "g4",
      "type": "b",
      "color": "b"
    },
    {
      "square": "h4",
      "type": "p",
      "color": "w"
    },
    {
      "square": "e2",
      "type": "b",
      "color": "w"
    },
    {
      "square": "f2",
      "type": "k",
      "color": "w"
    },
    {
      "square": "g2",
      "type": "p",
      "color": "w"
    }
  ]
}