{
  "event": "Charity Cup",
  "site": "Chess24",
  "date": "2022.03.22",
  "eventDate": "2022.03.19",
  "dateMillis": 1647878400000,
  "eventDateMillis": 1647619200000,
  "round": "15.6",
  "result": "1/2-1/2",
  "white": "Santosh Gujrathi Vidit",
  "black": "Magnus Carlsen",
  "isDingWin": false,
  "isDraw": true,
  "isDingBlack": true,
  "moves": [
    "Bxc6",
    "b3",
    "Nc5",
    "Nxf6",
    "Nxb3",
    "e5",
    "Kg2",
    "Kf7",
    "f4",
    "d3",
    "fxe5",
    "Ng4",
    "Bd5+",
    "Kg6",
    "Kf3",
    "Nxe5+",
    "Kf4",
    "Kf6",
    "Bg8",
    "Ng6+",
    "Ke3",
    "Nf8",
    "Nd4",
    "Kg6",
    "Kxd3",
    "Kxh6",
    "Ke3",
    "Kg5",
    "Be6",
    "Nxe6",
    "Nxe6+",
    "Kg4",
    "Kf2",
    "h5",
    "Nd4",
    "h4",
    "gxh4",
    "Kxh4",
    "Nxf5+"
  ],
  "statePieceCount": 15,
  "endPieceCount": 3,
  "boardState": [
    {
      "square": "e8",
      "type": "n",
      "color": "b"
    },
    {
      "square": "g8",
      "type": "k",
      "color": "b"
    },
    {
      "square": "d7",
      "type": "n",
      "color": "w"
    },
    {
      "square": "h7",
      "type": "p",
      "color": "b"
    },
    {
      "square": "c6",
      "type": "n",
      "color": "b"
    },
    {
      "square": "e6",
      "type": "p",
      "color": "b"
    },
    {
      "square": "f6",
      "type": "p",
      "color": "w"
    },
    {
      "square": "h6",
      "type": "p",
      "color": "w"
    },
    {
      "square": "b5",
      "type": "b",
      "color": "w"
    },
    {
      "square": "f5",
      "type": "p",
      "color": "b"
    },
    {
      "square": "b4",
      "type": "p",
      "color": "b"
    },
    {
      "square": "d4",
      "type": "p",
      "color": "b"
    },
    {
      "square": "g3",
      "type": "p",
      "color": "w"
    },
    {
      "square": "f2",
      "type": "p",
      "color": "w"
    },
    {
      "square": "h2",
      "type": "k",
      "color": "w"
    }
  ]
}