{
  "event": "Charity Cup",
  "site": "Chess24",
  "date": "2022.03.22",
  "eventDate": "2022.03.19",
  "dateMillis": 1647878400000,
  "eventDateMillis": 1647619200000,
  "round": "13.5",
  "result": "1/2-1/2",
  "white": "Quang Liem Le",
  "black": "Magnus Carlsen",
  "isDingWin": false,
  "isDraw": true,
  "isDingBlack": true,
  "moves": [
    "Rxd6",
    "Rb4",
    "Rxb2",
    "a4",
    "Kf8",
    "Kg3",
    "Ke7",
    "Rb7+",
    "Rd7",
    "Rb6",
    "Ra2",
    "Rxb3",
    "Rxa4",
    "Rb6",
    "Rd4",
    "Rb3",
    "Ra7",
    "Re3+",
    "Kd6",
    "Be4",
    "Rd1",
    "Kf4",
    "Ra4",
    "Kg3",
    "Rg1+",
    "Bg2",
    "Rd4",
    "Rf3",
    "Ke7",
    "Re3+",
    "Kf8",
    "Kh2",
    "Ra1",
    "Kg3",
    "Rd2",
    "Rf3",
    "Re1",
    "Rf6",
    "Re5",
    "Kf4",
    "Re1",
    "Kg3",
    "Kg7",
    "Rf4",
    "Re5",
    "Rg4",
    "Rd3+",
    "Kh2",
    "Kf8",
    "Bh1",
    "Rd2",
    "Kg3",
    "Rd3+",
    "Kh2",
    "Ke7",
    "Bg2",
    "Kd6",
    "Bh1",
    "Rf5",
    "f4",
    "Rd4",
    "Kg3",
    "Kc5",
    "Bf3",
    "Kc4",
    "Rh4",
    "Kc3",
    "Bg2",
    "Kd2",
    "Bf3",
    "Ke3",
    "Rh1",
    "Rfxf4",
    "Re1+",
    "Kd2",
    "Re5",
    "Rf5",
    "Rxf5",
    "gxf5",
    "Kf2",
    "Kd3",
    "Bh5",
    "Rxd5",
    "Bxf7",
    "Rd4",
    "Kf3",
    "Rg4",
    "Be6",
    "Rxg5",
    "Kf4",
    "Rh5",
    "Bxf5+",
    "Rxf5+",
    "Kxf5"
  ],
  "statePieceCount": 15,
  "endPieceCount": 2,
  "boardState": [
    {
      "square": "d8",
      "type": "r",
      "color": "b"
    },
    {
      "square": "g8",
      "type": "k",
      "color": "b"
    },
    {
      "square": "f7",
      "type": "p",
      "color": "b"
    },
    {
      "square": "d6",
      "type": "p",
      "color": "w"
    },
    {
      "square": "g6",
      "type": "p",
      "color": "b"
    },
    {
      "square": "d5",
      "type": "p",
      "color": "w"
    },
    {
      "square": "g5",
      "type": "p",
      "color": "w"
    },
    {
      "square": "a4",
      "type": "r",
      "color": "w"
    },
    {
      "square": "a3",
      "type": "p",
      "color": "w"
    },
    {
      "square": "b3",
      "type": "p",
      "color": "b"
    },
    {
      "square": "f3",
      "type": "b",
      "color": "w"
    },
    {
      "square": "b2",
      "type": "p",
      "color": "w"
    },
    {
      "square": "d2",
      "type": "r",
      "color": "b"
    },
    {
      "square": "f2",
      "type": "p",
      "color": "w"
    },
    {
      "square": "g2",
      "type": "k",
      "color": "w"
    }
  ]
}