{
  "event": "Chessable Masters",
  "site": "chess24.com INT",
  "date": "2022.05.21",
  "eventDate": "2022.05.19",
  "dateMillis": 1653062400000,
  "eventDateMillis": 1652889600000,
  "round": "9.1",
  "result": "0-1",
  "white": "Gawain C B Jones",
  "black": "Magnus Carlsen",
  "isDingWin": true,
  "isDraw": false,
  "isDingBlack": true,
  "moves": [
    "Rc1+",
    "Kb7",
    "Rc2",
    "f4",
    "Rd2",
    "Be6",
    "Rd8",
    "Bc3",
    "Rd6",
    "Bc4+",
    "Kf2",
    "Kxa7",
    "Rxg6",
    "Nd3+",
    "Kg1",
    "Bb2",
    "Rg5",
    "Kb6",
    "Rxh5",
    "Bxa3",
    "Rh8",
    "Bc5+",
    "Kh2",
    "a3"
  ],
  "statePieceCount": 15,
  "endPieceCount": 11,
  "boardState": [
    {
      "square": "h8",
      "type": "b",
      "color": "b"
    },
    {
      "square": "a7",
      "type": "n",
      "color": "w"
    },
    {
      "square": "c7",
      "type": "k",
      "color": "b"
    },
    {
      "square": "d7",
      "type": "b",
      "color": "b"
    },
    {
      "square": "g6",
      "type": "p",
      "color": "b"
    },
    {
      "square": "f5",
      "type": "p",
      "color": "b"
    },
    {
      "square": "h5",
      "type": "p",
      "color": "b"
    },
    {
      "square": "a4",
      "type": "p",
      "color": "b"
    },
    {
      "square": "h4",
      "type": "p",
      "color": "w"
    },
    {
      "square": "a3",
      "type": "p",
      "color": "w"
    },
    {
      "square": "f3",
      "type": "p",
      "color": "w"
    },
    {
      "square": "b2",
      "type": "n",
      "color": "b"
    },
    {
      "square": "e2",
      "type": "k",
      "color": "w"
    },
    {
      "square": "g2",
      "type": "p",
      "color": "w"
    },
    {
      "square": "h1",
      "type": "r",
      "color": "w"
    }
  ]
}