{
  "event": "Norway Chess",
  "site": "Stavanger NOR",
  "date": "2022.06.01",
  "eventDate": "2022.05.31",
  "dateMillis": 1654012800000,
  "eventDateMillis": 1653926400000,
  "round": "4",
  "result": "1-0",
  "white": "Wesley So",
  "black": "Magnus Carlsen",
  "isDingWin": false,
  "isDraw": false,
  "isDingBlack": true,
  "moves": [
    "dxc5",
    "Qxc5",
    "Be6",
    "Ne3",
    "Rc8",
    "Qd6",
    "Qg5",
    "Qf4",
    "Qc5",
    "e5",
    "Ra8",
    "Qg5+",
    "Kh7",
    "Kh2",
    "Rg8",
    "Qh4+",
    "Kg7",
    "Nf5+",
    "Bxf5",
    "Qf6+",
    "Kh7",
    "Qxf5+",
    "Kg7",
    "Qf6+"
  ],
  "statePieceCount": 15,
  "endPieceCount": 11,
  "boardState": [
    {
      "square": "c8",
      "type": "b",
      "color": "b"
    },
    {
      "square": "f8",
      "type": "r",
      "color": "b"
    },
    {
      "square": "g8",
      "type": "k",
      "color": "b"
    },
    {
      "square": "c7",
      "type": "q",
      "color": "w"
    },
    {
      "square": "f7",
      "type": "p",
      "color": "b"
    },
    {
      "square": "d6",
      "type": "p",
      "color": "b"
    },
    {
      "square": "f6",
      "type": "q",
      "color": "b"
    },
    {
      "square": "c5",
      "type": "p",
      "color": "w"
    },
    {
      "square": "e4",
      "type": "p",
      "color": "w"
    },
    {
      "square": "g4",
      "type": "p",
      "color": "b"
    },
    {
      "square": "g3",
      "type": "p",
      "color": "w"
    },
    {
      "square": "g2",
      "type": "p",
      "color": "w"
    },
    {
      "square": "d1",
      "type": "r",
      "color": "w"
    },
    {
      "square": "f1",
      "type": "n",
      "color": "w"
    },
    {
      "square": "g1",
      "type": "k",
      "color": "w"
    }
  ]
}