{
  "event": "SuperUnited Croatia",
  "site": "Zagreb CRO",
  "dateMillis": null,
  "eventDateMillis": null,
  "round": "1.3",
  "result": "1/2-1/2",
  "white": "Magnus Carlsen",
  "black": "Nepomniachtchi, Ian",
  "isDingWin": false,
  "isDraw": true,
  "isDingBlack": false,
  "moves": [
    "Rb3",
    "Bc1",
    "Bxb7",
    "Ke7",
    "b5",
    "Rd8",
    "Be4",
    "h6",
    "Kg2",
    "Rd2",
    "Rc3",
    "Bb2",
    "Rc7+",
    "Rd7",
    "Rc2",
    "Bd4",
    "f3",
    "Bb6",
    "Kh3",
    "Rd4",
    "Rb2",
    "Kf6",
    "Kg4",
    "Rc4",
    "h4",
    "Rc5",
    "Rb1",
    "Ke7",
    "Rb3",
    "Kf6",
    "Rb1",
    "Ke7",
    "Rb3",
    "Kf6",
    "Rb1",
    "Ke5"
  ],
  "statePieceCount": 15,
  "endPieceCount": 14,
  "boardState": [
    {
      "square": "d8",
      "type": "k",
      "color": "b"
    },
    {
      "square": "h8",
      "type": "r",
      "color": "b"
    },
    {
      "square": "a7",
      "type": "p",
      "color": "b"
    },
    {
      "square": "b7",
      "type": "p",
      "color": "b"
    },
    {
      "square": "g7",
      "type": "p",
      "color": "b"
    },
    {
      "square": "h7",
      "type": "p",
      "color": "b"
    },
    {
      "square": "e6",
      "type": "p",
      "color": "b"
    },
    {
      "square": "b4",
      "type": "p",
      "color": "w"
    },
    {
      "square": "e4",
      "type": "b",
      "color": "w"
    },
    {
      "square": "a3",
      "type": "b",
      "color": "b"
    },
    {
      "square": "g3",
      "type": "p",
      "color": "w"
    },
    {
      "square": "f2",
      "type": "p",
      "color": "w"
    },
    {
      "square": "h2",
      "type": "p",
      "color": "w"
    },
    {
      "square": "b1",
      "type": "r",
      "color": "w"
    },
    {
      "square": "g1",
      "type": "k",
      "color": "w"
    }
  ]
}