{
  "event": "SuperUnited Croatia",
  "site": "Zagreb CRO",
  "dateMillis": null,
  "eventDateMillis": null,
  "round": "6.4",
  "result": "1/2-1/2",
  "white": "Magnus Carlsen",
  "black": "Dominguez Perez, Leinier",
  "isDingWin": false,
  "isDraw": true,
  "isDingBlack": false,
  "moves": [
    "Kd2",
    "Kg8",
    "Qxd4",
    "h3",
    "Qe4",
    "Rf8",
    "a6",
    "h2",
    "a7",
    "h1=Q",
    "Qxh1",
    "Qxf4+",
    "Kd1",
    "Qa4+",
    "Ke1",
    "Qa5+",
    "Kf1",
    "Qxc7",
    "a8=Q",
    "Qc1+",
    "Kf2",
    "Qc5+",
    "e3",
    "Qc2+",
    "Kg3",
    "Qc7+",
    "Kf2",
    "Qc2+",
    "Kg1",
    "Qc1+",
    "Kh2",
    "Qc7+",
    "Kh3",
    "Qd7+",
    "Kg3",
    "Qc7+"
  ],
  "statePieceCount": 15,
  "endPieceCount": 11,
  "boardState": [
    {
      "square": "a8",
      "type": "r",
      "color": "b"
    },
    {
      "square": "c7",
      "type": "r",
      "color": "w"
    },
    {
      "square": "f7",
      "type": "p",
      "color": "b"
    },
    {
      "square": "h7",
      "type": "k",
      "color": "b"
    },
    {
      "square": "g6",
      "type": "p",
      "color": "b"
    },
    {
      "square": "a5",
      "type": "p",
      "color": "w"
    },
    {
      "square": "e5",
      "type": "q",
      "color": "w"
    },
    {
      "square": "d4",
      "type": "p",
      "color": "b"
    },
    {
      "square": "f4",
      "type": "p",
      "color": "w"
    },
    {
      "square": "h4",
      "type": "p",
      "color": "b"
    },
    {
      "square": "d3",
      "type": "p",
      "color": "w"
    },
    {
      "square": "g3",
      "type": "q",
      "color": "b"
    },
    {
      "square": "a2",
      "type": "p",
      "color": "w"
    },
    {
      "square": "e2",
      "type": "p",
      "color": "w"
    },
    {
      "square": "e1",
      "type": "k",
      "color": "w"
    }
  ]
}