{
  "event": "SuperUnited Croatia",
  "site": "Zagreb CRO",
  "dateMillis": null,
  "eventDateMillis": null,
  "round": "4.5",
  "result": "1/2-1/2",
  "white": "Magnus Carlsen",
  "black": "Firouzja, Alireza",
  "isDingWin": false,
  "isDraw": true,
  "isDingBlack": false,
  "moves": [
    "Bxc2",
    "Kg7",
    "h4",
    "g5",
    "hxg5",
    "hxg5",
    "g4",
    "Bc3",
    "Bd3",
    "Bb4",
    "Bc2",
    "Bc3",
    "Bd3"
  ],
  "statePieceCount": 15,
  "endPieceCount": 12,
  "boardState": [
    {
      "square": "g8",
      "type": "k",
      "color": "b"
    },
    {
      "square": "f7",
      "type": "p",
      "color": "b"
    },
    {
      "square": "e6",
      "type": "p",
      "color": "b"
    },
    {
      "square": "f6",
      "type": "b",
      "color": "b"
    },
    {
      "square": "g6",
      "type": "p",
      "color": "b"
    },
    {
      "square": "h6",
      "type": "p",
      "color": "b"
    },
    {
      "square": "a5",
      "type": "p",
      "color": "b"
    },
    {
      "square": "a4",
      "type": "p",
      "color": "w"
    },
    {
      "square": "d3",
      "type": "b",
      "color": "w"
    },
    {
      "square": "e3",
      "type": "p",
      "color": "w"
    },
    {
      "square": "g3",
      "type": "p",
      "color": "w"
    },
    {
      "square": "c2",
      "type": "r",
      "color": "b"
    },
    {
      "square": "f2",
      "type": "p",
      "color": "w"
    },
    {
      "square": "g2",
      "type": "k",
      "color": "w"
    },
    {
      "square": "h2",
      "type": "p",
      "color": "w"
    }
  ]
}