{
  "event": "SuperUnited Croatia",
  "site": "Zagreb CRO",
  "date": "2022.07.23",
  "dateMillis": 1658505600000,
  "eventDateMillis": null,
  "round": "8.5",
  "result": "0-1",
  "white": "Alireza Firouzja",
  "black": "Magnus Carlsen",
  "isDingWin": true,
  "isDraw": false,
  "isDingBlack": true,
  "moves": [
    "Rxa2",
    "Nxa2",
    "Bc4",
    "Nb4",
    "Kg6",
    "Kf2",
    "Kf5",
    "Nc6",
    "Bd5",
    "Nd8",
    "Kxe5",
    "Nxf7+",
    "Kd4"
  ],
  "statePieceCount": 15,
  "endPieceCount": 11,
  "boardState": [
    {
      "square": "f7",
      "type": "p",
      "color": "b"
    },
    {
      "square": "g7",
      "type": "p",
      "color": "b"
    },
    {
      "square": "h7",
      "type": "k",
      "color": "b"
    },
    {
      "square": "b6",
      "type": "p",
      "color": "b"
    },
    {
      "square": "e6",
      "type": "p",
      "color": "b"
    },
    {
      "square": "h6",
      "type": "p",
      "color": "b"
    },
    {
      "square": "e5",
      "type": "p",
      "color": "w"
    },
    {
      "square": "c3",
      "type": "n",
      "color": "w"
    },
    {
      "square": "f3",
      "type": "p",
      "color": "w"
    },
    {
      "square": "a2",
      "type": "r",
      "color": "w"
    },
    {
      "square": "d2",
      "type": "r",
      "color": "b"
    },
    {
      "square": "e2",
      "type": "b",
      "color": "b"
    },
    {
      "square": "g2",
      "type": "p",
      "color": "w"
    },
    {
      "square": "h2",
      "type": "p",
      "color": "w"
    },
    {
      "square": "g1",
      "type": "k",
      "color": "w"
    }
  ]
}