{
  "event": "FTX Crypto Cup",
  "site": "Miami, FL USA",
  "date": "2022.08.15",
  "eventDate": "2022.08.15",
  "dateMillis": 1660492800000,
  "eventDateMillis": 1660492800000,
  "round": "1.1",
  "result": "1/2-1/2",
  "white": "Anish Giri",
  "black": "Magnus Carlsen",
  "isDingWin": false,
  "isDraw": true,
  "isDingBlack": true,
  "moves": [
    "Rxc6",
    "Rd1",
    "Kf6",
    "Rd7",
    "Ra6",
    "Kb2",
    "Rb6+",
    "Kc3",
    "Ra6",
    "Kb3",
    "Rb6+",
    "Kc3",
    "Ra6",
    "Kb3",
    "Rb6+",
    "Kc3"
  ],
  "statePieceCount": 15,
  "endPieceCount": 14,
  "boardState": [
    {
      "square": "c8",
      "type": "r",
      "color": "b"
    },
    {
      "square": "a7",
      "type": "p",
      "color": "b"
    },
    {
      "square": "e7",
      "type": "p",
      "color": "b"
    },
    {
      "square": "g7",
      "type": "k",
      "color": "b"
    },
    {
      "square": "c6",
      "type": "b",
      "color": "w"
    },
    {
      "square": "e6",
      "type": "p",
      "color": "b"
    },
    {
      "square": "g6",
      "type": "p",
      "color": "b"
    },
    {
      "square": "h6",
      "type": "p",
      "color": "b"
    },
    {
      "square": "g4",
      "type": "p",
      "color": "w"
    },
    {
      "square": "a2",
      "type": "p",
      "color": "w"
    },
    {
      "square": "c2",
      "type": "p",
      "color": "w"
    },
    {
      "square": "f2",
      "type": "p",
      "color": "w"
    },
    {
      "square": "h2",
      "type": "p",
      "color": "w"
    },
    {
      "square": "c1",
      "type": "k",
      "color": "w"
    },
    {
      "square": "g1",
      "type": "r",
      "color": "w"
    }
  ]
}