{
  "event": "FTX Crypto Cup",
  "site": "Miami, FL USA",
  "date": "2022.08.16",
  "eventDate": "2022.08.15",
  "dateMillis": 1660579200000,
  "eventDateMillis": 1660492800000,
  "round": "2.3",
  "result": "1-0",
  "white": "Magnus Carlsen",
  "black": "Hans Moke Niemann",
  "isDingWin": true,
  "isDraw": false,
  "isDingBlack": false,
  "moves": [
    "b4",
    "Ne6",
    "Bc4",
    "Nd4",
    "Re1+",
    "Kd6",
    "Rd1",
    "Ke5",
    "f4+",
    "Ke4",
    "Bf1",
    "Kd5",
    "a5",
    "bxa5",
    "bxa5",
    "Rb8",
    "a6",
    "Kc5",
    "Rc1+",
    "Kd6",
    "Ke3",
    "Nc6",
    "Rc3",
    "Na7",
    "Bc4",
    "Re8+",
    "Kf3",
    "Re7",
    "Re3",
    "Rd7",
    "Rd3+",
    "Kc7",
    "Rxd7+",
    "Kxd7",
    "Bf7",
    "Kc6",
    "Bxg6",
    "Kb6",
    "h5",
    "Nc6",
    "h6",
    "gxh6",
    "gxh6"
  ],
  "statePieceCount": 15,
  "endPieceCount": 8,
  "boardState": [
    {
      "square": "h8",
      "type": "r",
      "color": "b"
    },
    {
      "square": "e7",
      "type": "k",
      "color": "b"
    },
    {
      "square": "g7",
      "type": "p",
      "color": "b"
    },
    {
      "square": "b6",
      "type": "p",
      "color": "b"
    },
    {
      "square": "g6",
      "type": "p",
      "color": "b"
    },
    {
      "square": "b5",
      "type": "b",
      "color": "w"
    },
    {
      "square": "c5",
      "type": "n",
      "color": "b"
    },
    {
      "square": "f5",
      "type": "p",
      "color": "b"
    },
    {
      "square": "g5",
      "type": "p",
      "color": "w"
    },
    {
      "square": "a4",
      "type": "p",
      "color": "w"
    },
    {
      "square": "h4",
      "type": "p",
      "color": "w"
    },
    {
      "square": "f3",
      "type": "p",
      "color": "w"
    },
    {
      "square": "b2",
      "type": "p",
      "color": "w"
    },
    {
      "square": "f2",
      "type": "k",
      "color": "w"
    },
    {
      "square": "h1",
      "type": "r",
      "color": "w"
    }
  ]
}