{
  "event": "FTX Crypto Cup",
  "site": "Miami, FL USA",
  "date": "2022.08.20",
  "eventDate": "2022.08.15",
  "dateMillis": 1660924800000,
  "eventDateMillis": 1660492800000,
  "round": "6.4",
  "result": "1/2-1/2",
  "white": "Magnus Carlsen",
  "black": "Alireza Firouzja",
  "isDingWin": false,
  "isDraw": true,
  "isDingBlack": false,
  "moves": [
    "Kxc8",
    "Kf3",
    "Kd7",
    "Kg4",
    "Ke7",
    "Kh5",
    "Kf8",
    "f4",
    "Kg8",
    "Kg4",
    "b4",
    "f5",
    "g6",
    "f6",
    "Kf8",
    "Kh4",
    "Kg8",
    "g4",
    "Kf8",
    "g5",
    "h5",
    "Kg3",
    "Ke8",
    "h4",
    "Kd7",
    "Kh2",
    "Kc6",
    "Kh1",
    "Kc7",
    "Kh2",
    "Kc6",
    "Kh1",
    "Kc7",
    "Kh2",
    "Kc6"
  ],
  "statePieceCount": 15,
  "endPieceCount": 14,
  "boardState": [
    {
      "square": "c8",
      "type": "r",
      "color": "w"
    },
    {
      "square": "d7",
      "type": "k",
      "color": "b"
    },
    {
      "square": "f7",
      "type": "p",
      "color": "b"
    },
    {
      "square": "g7",
      "type": "p",
      "color": "b"
    },
    {
      "square": "e6",
      "type": "p",
      "color": "b"
    },
    {
      "square": "h6",
      "type": "p",
      "color": "b"
    },
    {
      "square": "b5",
      "type": "p",
      "color": "b"
    },
    {
      "square": "d5",
      "type": "p",
      "color": "b"
    },
    {
      "square": "e5",
      "type": "p",
      "color": "w"
    },
    {
      "square": "d4",
      "type": "p",
      "color": "w"
    },
    {
      "square": "b3",
      "type": "p",
      "color": "w"
    },
    {
      "square": "g3",
      "type": "p",
      "color": "w"
    },
    {
      "square": "e2",
      "type": "k",
      "color": "w"
    },
    {
      "square": "f2",
      "type": "p",
      "color": "w"
    },
    {
      "square": "h2",
      "type": "p",
      "color": "w"
    }
  ]
}