{
  "event": "FTX Crypto Cup",
  "site": "Miami, FL USA",
  "date": "2022.08.20",
  "eventDate": "2022.08.15",
  "dateMillis": 1660924800000,
  "eventDateMillis": 1660492800000,
  "round": "6.6",
  "result": "1/2-1/2",
  "white": "Alireza Firouzja",
  "black": "Magnus Carlsen",
  "isDingWin": false,
  "isDraw": true,
  "isDingBlack": true,
  "moves": [
    "g4",
    "h5",
    "gxf5",
    "Ng5",
    "Kg2",
    "h4",
    "h3",
    "Bf6",
    "Re2",
    "Rd5",
    "c4",
    "Rxf5",
    "b4",
    "Rf4",
    "Rc6",
    "Nf3",
    "b5",
    "Nd4",
    "Rc8+",
    "Kh7",
    "Re3",
    "Nc2",
    "Re2",
    "Nd4",
    "Ree8",
    "Nf5",
    "Re1",
    "Bd4",
    "Re2",
    "Nd6",
    "Rc6",
    "Nf7",
    "b6",
    "Ne5",
    "Rc8",
    "Bxb6",
    "c5",
    "Bxc5",
    "Rxc5",
    "Nd7",
    "Rg5",
    "Kh6",
    "Rg4",
    "Rxg4+",
    "hxg4",
    "Kg5",
    "Kf3",
    "Kf6",
    "Ra2",
    "Ne5+",
    "Kf4",
    "g5+",
    "Ke4",
    "Nxg4",
    "Ra6+",
    "Kg7",
    "Kf5",
    "Nxf2",
    "Ra2",
    "Nh3",
    "Ra7+",
    "Kh6",
    "Ra6+",
    "Kh5",
    "Ra8",
    "Kh6",
    "Rh8+",
    "Kg7",
    "Rh5",
    "Kf7",
    "Rh7+",
    "Ke8",
    "Rh6",
    "Nf4",
    "Kxg5",
    "Nd5",
    "Kf5",
    "Kd7",
    "Ke5",
    "Nc7",
    "Rxh4",
    "Kc6",
    "Rc4+",
    "Kd7",
    "Rc1",
    "Nb5",
    "Rb1",
    "Kc6",
    "Rh1",
    "Nc7",
    "Rh8",
    "Kd7",
    "Rh7+",
    "Kc6",
    "Rh6+",
    "Kd7",
    "Rb6",
    "Ne8",
    "Rb7+",
    "Nc7"
  ],
  "statePieceCount": 15,
  "endPieceCount": 4,
  "boardState": [
    {
      "square": "g8",
      "type": "k",
      "color": "b"
    },
    {
      "square": "d7",
      "type": "r",
      "color": "b"
    },
    {
      "square": "e7",
      "type": "b",
      "color": "b"
    },
    {
      "square": "g7",
      "type": "p",
      "color": "b"
    },
    {
      "square": "h7",
      "type": "p",
      "color": "b"
    },
    {
      "square": "a6",
      "type": "r",
      "color": "w"
    },
    {
      "square": "e5",
      "type": "r",
      "color": "w"
    },
    {
      "square": "f5",
      "type": "p",
      "color": "b"
    },
    {
      "square": "e4",
      "type": "n",
      "color": "b"
    },
    {
      "square": "c3",
      "type": "p",
      "color": "w"
    },
    {
      "square": "b2",
      "type": "p",
      "color": "w"
    },
    {
      "square": "f2",
      "type": "p",
      "color": "w"
    },
    {
      "square": "g2",
      "type": "p",
      "color": "w"
    },
    {
      "square": "h2",
      "type": "p",
      "color": "w"
    },
    {
      "square": "g1",
      "type": "k",
      "color": "w"
    }
  ]
}