{
  "event": "TCh-CHN Men",
  "site": "Suzhou, Jiangsu CHN",
  "date": "2001.04.04",
  "eventDate": "2001.03.02",
  "dateMillis": 986313600000,
  "eventDateMillis": 983462400000,
  "round": "9",
  "result": "1-0",
  "white": "Ding Liren",
  "black": "Tong Qiu",
  "isDingWin": true,
  "isDraw": false,
  "isDingBlack": false,
  "moves": [
    "a5",
    "Ke6",
    "a4",
    "f5",
    "a3",
    "f6",
    "Bxf6",
    "Kxf6",
    "Kc8",
    "c7",
    "Kd7",
    "c5",
    "Kc8",
    "Ke7",
    "Kb7",
    "Kd7",
    "Ka7",
    "c4"
  ],
  "statePieceCount": 10,
  "endPieceCount": 8,
  "boardState": [
    {
      "square": "d8",
      "type": "k",
      "color": "b"
    },
    {
      "square": "a6",
      "type": "p",
      "color": "b"
    },
    {
      "square": "c6",
      "type": "p",
      "color": "w"
    },
    {
      "square": "d6",
      "type": "b",
      "color": "w"
    },
    {
      "square": "f5",
      "type": "k",
      "color": "w"
    },
    {
      "square": "c4",
      "type": "p",
      "color": "w"
    },
    {
      "square": "f4",
      "type": "p",
      "color": "w"
    },
    {
      "square": "c3",
      "type": "b",
      "color": "b"
    },
    {
      "square": "a2",
      "type": "p",
      "color": "w"
    },
    {
      "square": "c2",
      "type": "p",
      "color": "w"
    }
  ],
  "nextTurn": "b"
}