{
  "event": "8th Asian Continental Chess Championship",
  "site": "Subic Bay Free Port",
  "date": "2009.05.13",
  "eventDate": "2009.05.13",
  "dateMillis": 1242144000000,
  "eventDateMillis": 1242144000000,
  "round": "1.3",
  "result": "1/2-1/2",
  "white": "Zhou Jianchao",
  "black": "Ding Liren",
  "isDingWin": false,
  "isDraw": true,
  "isDingBlack": true,
  "moves": [
    "Ne7",
    "Rf6",
    "Nf5+",
    "Kg6",
    "Ne7+",
    "Kg7",
    "Nf5+",
    "Kg6",
    "Qh8",
    "Re6+",
    "Kd4",
    "Rd1+",
    "Ke3",
    "Re1+",
    "Kf3",
    "R1xe4",
    "Qg7+",
    "Kxf5",
    "Qxf7+",
    "Ke5"
  ],
  "statePieceCount": 10,
  "endPieceCount": 7,
  "boardState": [
    {
      "square": "c8",
      "type": "q",
      "color": "w"
    },
    {
      "square": "f7",
      "type": "b",
      "color": "b"
    },
    {
      "square": "g7",
      "type": "k",
      "color": "b"
    },
    {
      "square": "d5",
      "type": "n",
      "color": "w"
    },
    {
      "square": "e5",
      "type": "k",
      "color": "w"
    },
    {
      "square": "g5",
      "type": "p",
      "color": "b"
    },
    {
      "square": "b4",
      "type": "p",
      "color": "w"
    },
    {
      "square": "e4",
      "type": "p",
      "color": "w"
    },
    {
      "square": "f3",
      "type": "r",
      "color": "b"
    },
    {
      "square": "g1",
      "type": "r",
      "color": "b"
    }
  ]
}