{
  "event": "Russia vs China (Rapid)",
  "site": "Sochi RUS",
  "date": "2009.08.21",
  "eventDate": "2009.08.21",
  "dateMillis": 1250784000000,
  "eventDateMillis": 1250784000000,
  "round": "3",
  "result": "1-0",
  "white": "Nikita Vitiugov",
  "black": "Ding Liren",
  "isDingWin": false,
  "isDraw": false,
  "isDingBlack": true,
  "moves": [
    "Kg6",
    "Rd3",
    "Nxe5",
    "Ra3",
    "Nc6+",
    "Kc4",
    "Rh7",
    "Kd5",
    "Ne7+",
    "Ke5",
    "Rh5+",
    "Kd6",
    "Nc8+",
    "Kc6",
    "h3",
    "Ra1",
    "Ne7+",
    "Kd6",
    "Nc8+",
    "Kc6",
    "Kf6",
    "Rf1+",
    "Ke7",
    "Rf7+",
    "Ke8",
    "Rf1",
    "Ne7+",
    "Kb6",
    "Nc8+",
    "Kc6",
    "Ne7+",
    "Kb5",
    "Nc8",
    "a6",
    "h2",
    "Rh1",
    "Kd8",
    "Kc6",
    "Ne7+",
    "Kb7",
    "Rxc5",
    "a7",
    "Rc7+",
    "Ka6",
    "Rc6+",
    "Kb5",
    "Rc8",
    "Rxh2",
    "Kc7",
    "Ka6",
    "Re8",
    "Rd2",
    "Kc6"
  ],
  "statePieceCount": 10,
  "endPieceCount": 7,
  "boardState": [
    {
      "square": "e7",
      "type": "r",
      "color": "b"
    },
    {
      "square": "f7",
      "type": "k",
      "color": "b"
    },
    {
      "square": "d6",
      "type": "r",
      "color": "w"
    },
    {
      "square": "e6",
      "type": "p",
      "color": "w"
    },
    {
      "square": "a5",
      "type": "p",
      "color": "w"
    },
    {
      "square": "c5",
      "type": "n",
      "color": "w"
    },
    {
      "square": "e5",
      "type": "p",
      "color": "w"
    },
    {
      "square": "b4",
      "type": "k",
      "color": "w"
    },
    {
      "square": "h4",
      "type": "p",
      "color": "b"
    },
    {
      "square": "f3",
      "type": "n",
      "color": "b"
    }
  ]
}