{
  "event": "Russia vs China (Rapid)",
  "site": "Sochi RUS",
  "date": "2009.08.22",
  "eventDate": "2009.08.21",
  "dateMillis": 1250870400000,
  "eventDateMillis": 1250784000000,
  "round": "9",
  "result": "1/2-1/2",
  "white": "Artyom Timofeev",
  "black": "Ding Liren",
  "isDingWin": false,
  "isDraw": true,
  "isDingBlack": true,
  "moves": [
    "Ra5",
    "Ke2",
    "e5",
    "Kd3",
    "Kf5",
    "Kc3",
    "Ra8",
    "Re4",
    "f6",
    "Kb3",
    "Rb8+",
    "Ka3",
    "Rg8",
    "Re2",
    "Kf4",
    "a5",
    "f5",
    "Kb4",
    "Ra8",
    "Ra2",
    "e4",
    "fxe4",
    "fxe4",
    "a6",
    "e3",
    "Kc3",
    "e2",
    "Kd2",
    "Kg3",
    "Kxe2",
    "Kxg2",
    "Ke3+",
    "Kg3",
    "a7",
    "h4",
    "Ra6",
    "Re8+",
    "Kd2",
    "h3",
    "a8=Q",
    "Rxa8",
    "Rxa8",
    "h2",
    "Rg8+",
    "Kf2",
    "Rh8",
    "Kg2",
    "Rxh2+",
    "Kxh2"
  ],
  "statePieceCount": 10,
  "endPieceCount": 2,
  "boardState": [
    {
      "square": "f7",
      "type": "p",
      "color": "b"
    },
    {
      "square": "e6",
      "type": "p",
      "color": "b"
    },
    {
      "square": "f6",
      "type": "k",
      "color": "b"
    },
    {
      "square": "g5",
      "type": "r",
      "color": "b"
    },
    {
      "square": "h5",
      "type": "p",
      "color": "b"
    },
    {
      "square": "a4",
      "type": "p",
      "color": "w"
    },
    {
      "square": "b4",
      "type": "r",
      "color": "w"
    },
    {
      "square": "f3",
      "type": "p",
      "color": "w"
    },
    {
      "square": "g2",
      "type": "p",
      "color": "w"
    },
    {
      "square": "f1",
      "type": "k",
      "color": "w"
    }
  ],
  "nextTurn": "b"
}