{
  "event": "Chinese Championship",
  "site": "Xinghua CHN",
  "date": "2010.06.03",
  "eventDate": "2010.05.24",
  "dateMillis": 1275494400000,
  "eventDateMillis": 1274630400000,
  "round": "10",
  "result": "1-0",
  "white": "Bu Xiangzhi",
  "black": "Ding Liren",
  "isDingWin": false,
  "isDraw": false,
  "isDingBlack": true,
  "moves": [
    "c4",
    "Nf4",
    "Kc3",
    "h4",
    "Kd2",
    "Nd5",
    "c6",
    "e7",
    "Bd7",
    "Nb6",
    "c3",
    "Nxd7",
    "c2",
    "e8=Q",
    "c1=Q",
    "Qe5",
    "Qf1+",
    "Ke7"
  ],
  "statePieceCount": 10,
  "endPieceCount": 9,
  "boardState": [
    {
      "square": "c8",
      "type": "b",
      "color": "b"
    },
    {
      "square": "c7",
      "type": "p",
      "color": "b"
    },
    {
      "square": "a6",
      "type": "p",
      "color": "b"
    },
    {
      "square": "e6",
      "type": "p",
      "color": "w"
    },
    {
      "square": "f6",
      "type": "k",
      "color": "w"
    },
    {
      "square": "a5",
      "type": "p",
      "color": "w"
    },
    {
      "square": "c5",
      "type": "p",
      "color": "b"
    },
    {
      "square": "b4",
      "type": "k",
      "color": "b"
    },
    {
      "square": "h3",
      "type": "n",
      "color": "w"
    },
    {
      "square": "h2",
      "type": "p",
      "color": "w"
    }
  ],
  "nextTurn": "b"
}