{
  "event": "Hainan Danzhou GM",
  "site": "Danzhou CHN",
  "date": "2010.06.15",
  "eventDate": "2010.06.11",
  "dateMillis": 1276531200000,
  "eventDateMillis": 1276185600000,
  "round": "5",
  "result": "0-1",
  "white": "Wang Hao",
  "black": "Ding Liren",
  "isDingWin": true,
  "isDraw": false,
  "isDingBlack": true,
  "moves": [
    "Rxh2",
    "Re5",
    "Rg2",
    "Kd4",
    "Rxg3",
    "Ra5",
    "Kg6",
    "Ke5",
    "Kh5",
    "f5",
    "Kh4",
    "Ke4",
    "Rg4+",
    "Ke5",
    "Rg3",
    "Ke4",
    "Kh3",
    "Kf4",
    "Kg2",
    "Rc5",
    "Rf3+",
    "Ke4",
    "a2"
  ],
  "statePieceCount": 10,
  "endPieceCount": 8,
  "boardState": [
    {
      "square": "g7",
      "type": "p",
      "color": "b"
    },
    {
      "square": "h7",
      "type": "k",
      "color": "b"
    },
    {
      "square": "h6",
      "type": "p",
      "color": "b"
    },
    {
      "square": "f4",
      "type": "p",
      "color": "w"
    },
    {
      "square": "a3",
      "type": "p",
      "color": "b"
    },
    {
      "square": "c3",
      "type": "k",
      "color": "w"
    },
    {
      "square": "g3",
      "type": "p",
      "color": "w"
    },
    {
      "square": "b2",
      "type": "r",
      "color": "b"
    },
    {
      "square": "h2",
      "type": "p",
      "color": "w"
    },
    {
      "square": "e1",
      "type": "r",
      "color": "w"
    }
  ],
  "nextTurn": "b"
}