{
  "event": "Chinese Championship",
  "site": "Xinghua Jiangsu CHN",
  "date": "2011.04.01",
  "eventDate": "2011.03.30",
  "dateMillis": 1301587200000,
  "eventDateMillis": 1301414400000,
  "round": "3",
  "result": "0-1",
  "white": "Bu Xiangzhi",
  "black": "Ding Liren",
  "isDingWin": true,
  "isDraw": false,
  "isDingBlack": true,
  "moves": [
    "Kxc2",
    "h3",
    "f4",
    "f5"
  ],
  "statePieceCount": 10,
  "endPieceCount": 9,
  "boardState": [
    {
      "square": "a7",
      "type": "b",
      "color": "b"
    },
    {
      "square": "f7",
      "type": "p",
      "color": "b"
    },
    {
      "square": "g7",
      "type": "k",
      "color": "b"
    },
    {
      "square": "d5",
      "type": "n",
      "color": "w"
    },
    {
      "square": "e4",
      "type": "b",
      "color": "w"
    },
    {
      "square": "h4",
      "type": "p",
      "color": "b"
    },
    {
      "square": "f3",
      "type": "p",
      "color": "w"
    },
    {
      "square": "c2",
      "type": "r",
      "color": "b"
    },
    {
      "square": "g2",
      "type": "n",
      "color": "b"
    },
    {
      "square": "d1",
      "type": "k",
      "color": "w"
    }
  ],
  "nextTurn": "w"
}