{
  "event": "Chinese League",
  "site": "Chaongqing CHN",
  "date": "2011.08.11",
  "eventDate": "2011.04.12",
  "dateMillis": 1312992000000,
  "eventDateMillis": 1302537600000,
  "round": "10",
  "result": "0-1",
  "white": "Wang Shuai",
  "black": "Ding Liren",
  "isDingWin": true,
  "isDraw": false,
  "isDingBlack": true,
  "moves": [
    "Nb4",
    "h4",
    "Kg4",
    "a5",
    "Nc6",
    "a4",
    "a3",
    "Kg6",
    "Nd4",
    "b4",
    "axb4",
    "a3",
    "b5",
    "a2",
    "Nb3",
    "Kxf6",
    "b6",
    "Ke7",
    "b7",
    "Kd7"
  ],
  "statePieceCount": 10,
  "endPieceCount": 8,
  "boardState": [
    {
      "square": "f7",
      "type": "p",
      "color": "b"
    },
    {
      "square": "a6",
      "type": "p",
      "color": "b"
    },
    {
      "square": "f6",
      "type": "p",
      "color": "w"
    },
    {
      "square": "h6",
      "type": "k",
      "color": "b"
    },
    {
      "square": "b5",
      "type": "p",
      "color": "b"
    },
    {
      "square": "d5",
      "type": "n",
      "color": "w"
    },
    {
      "square": "f5",
      "type": "k",
      "color": "w"
    },
    {
      "square": "h5",
      "type": "p",
      "color": "b"
    },
    {
      "square": "g3",
      "type": "b",
      "color": "b"
    },
    {
      "square": "a2",
      "type": "p",
      "color": "w"
    }
  ],
  "nextTurn": "w"
}