{
  "event": "Chinese Chess Championship",
  "site": "Xinghua CHN",
  "date": "2012.04.04",
  "eventDate": "2012.03.27",
  "dateMillis": 1333468800000,
  "eventDateMillis": 1332777600000,
  "round": "8",
  "result": "1/2-1/2",
  "white": "Ding Liren",
  "black": "Zhao Jun",
  "isDingWin": false,
  "isDraw": true,
  "isDingBlack": false,
  "moves": [
    "Rd4",
    "Ra6",
    "Rxg4",
    "Rxa5",
    "Bf3",
    "Ra7",
    "Kg3",
    "Rc7",
    "Rg5",
    "Ra7",
    "Rc5",
    "Rd7",
    "Be4",
    "Re7",
    "Kf4",
    "Rf7+",
    "Ke3",
    "Re7",
    "Kf4",
    "Rf7+",
    "Kg4",
    "Re7",
    "Bd5",
    "Re5"
  ],
  "statePieceCount": 10,
  "endPieceCount": 8,
  "boardState": [
    {
      "square": "h7",
      "type": "p",
      "color": "b"
    },
    {
      "square": "c6",
      "type": "r",
      "color": "b"
    },
    {
      "square": "g6",
      "type": "p",
      "color": "b"
    },
    {
      "square": "h6",
      "type": "k",
      "color": "b"
    },
    {
      "square": "a5",
      "type": "p",
      "color": "w"
    },
    {
      "square": "d5",
      "type": "r",
      "color": "w"
    },
    {
      "square": "g4",
      "type": "b",
      "color": "b"
    },
    {
      "square": "h4",
      "type": "p",
      "color": "w"
    },
    {
      "square": "g2",
      "type": "b",
      "color": "w"
    },
    {
      "square": "h2",
      "type": "k",
      "color": "w"
    }
  ],
  "nextTurn": "w"
}