{
  "event": "Chinese League",
  "site": "Beijing CHN",
  "date": "2012.06.28",
  "eventDate": "2012.04.28",
  "dateMillis": 1340812800000,
  "eventDateMillis": 1335542400000,
  "round": "6",
  "result": "1-0",
  "white": "Ding Liren",
  "black": "Zhou Jianchao",
  "isDingWin": true,
  "isDraw": false,
  "isDingBlack": false,
  "moves": [
    "Rxa5",
    "Kd6",
    "Kg7",
    "Bxc6",
    "Bxc6",
    "Kxc6",
    "h5",
    "Re5",
    "Kg6",
    "Kb6",
    "Ra8",
    "c6",
    "Rb8+",
    "Ka7",
    "Rh8",
    "c7",
    "h4",
    "Kb7",
    "Kf6",
    "Rc5"
  ],
  "statePieceCount": 10,
  "endPieceCount": 6,
  "boardState": [
    {
      "square": "g8",
      "type": "k",
      "color": "b"
    },
    {
      "square": "b7",
      "type": "b",
      "color": "w"
    },
    {
      "square": "h7",
      "type": "p",
      "color": "b"
    },
    {
      "square": "c6",
      "type": "p",
      "color": "b"
    },
    {
      "square": "a5",
      "type": "p",
      "color": "w"
    },
    {
      "square": "c5",
      "type": "p",
      "color": "w"
    },
    {
      "square": "d5",
      "type": "b",
      "color": "b"
    },
    {
      "square": "e5",
      "type": "k",
      "color": "w"
    },
    {
      "square": "a4",
      "type": "r",
      "color": "b"
    },
    {
      "square": "e1",
      "type": "r",
      "color": "w"
    }
  ]
}