{
  "event": "SportAccord World Mind Games (Men's Blindfold)",
  "site": "Beijing CHN",
  "date": "2012.12.18",
  "eventDate": "2012.12.18",
  "dateMillis": 1355760000000,
  "eventDateMillis": 1355760000000,
  "round": "2.4",
  "result": "1-0",
  "white": "Ding Liren",
  "black": "Gata Kamsky",
  "isDingWin": true,
  "isDraw": false,
  "isDingBlack": false,
  "moves": [
    "Qxb4",
    "Qb2",
    "Qb5",
    "f6",
    "b4",
    "g5",
    "Qc5",
    "Qd2",
    "b5",
    "Qf4+",
    "Kg2",
    "Qd2+",
    "Qf2",
    "Qb4",
    "b6",
    "Kg7",
    "Qe3",
    "Kf7",
    "Kh3",
    "Qb5",
    "Qd4",
    "Qf1+",
    "Kg3",
    "Qe1+",
    "Kg2",
    "Qe2+",
    "Qf2",
    "Qb5",
    "Qa2+",
    "Kg6",
    "Qg8+",
    "Kh6",
    "Qe6",
    "Qb2+",
    "Kh3",
    "Qa1",
    "Kg2",
    "Qb2+",
    "Kf1",
    "Qb1+",
    "Ke2",
    "Qc2+",
    "Ke3",
    "Qc3+",
    "Ke4",
    "Qb4+",
    "Kd3",
    "Qb5+",
    "Kc3",
    "Qc5+",
    "Kb2",
    "Qb5+",
    "Kc2",
    "Qc5+",
    "Kd3",
    "Qb5+",
    "Ke3",
    "Qc5+",
    "Ke2",
    "Qc2+",
    "Kf1",
    "Qb1+",
    "Kg2",
    "Qb2+",
    "Kg3",
    "Qa1",
    "Qe3",
    "Qb1",
    "f4",
    "Qb5",
    "fxg5+",
    "fxg5",
    "Qd4",
    "Kg6",
    "Qe4+",
    "Kg7",
    "Qd4+",
    "Kf7",
    "Kf2",
    "Ke6",
    "Ke3",
    "Qb3+",
    "Kd2",
    "Qa2+",
    "Kc3",
    "Qa1+",
    "Kc4",
    "Qf1+",
    "Kc5",
    "Qf8+",
    "Kb5",
    "Qe8+",
    "Kb4",
    "Qb8",
    "Qc4+",
    "Kd6",
    "Qc5+",
    "Ke6",
    "Kb5",
    "Qg3",
    "b7",
    "Qb3+",
    "Kc6",
    "Qf3+",
    "Kb6",
    "Qb3+",
    "Kc7",
    "Qg3+",
    "Kc8"
  ],
  "statePieceCount": 10,
  "endPieceCount": 7,
  "boardState": [
    {
      "square": "g8",
      "type": "k",
      "color": "b"
    },
    {
      "square": "f7",
      "type": "p",
      "color": "b"
    },
    {
      "square": "g7",
      "type": "p",
      "color": "b"
    },
    {
      "square": "b4",
      "type": "b",
      "color": "b"
    },
    {
      "square": "c4",
      "type": "q",
      "color": "w"
    },
    {
      "square": "g4",
      "type": "p",
      "color": "w"
    },
    {
      "square": "b3",
      "type": "p",
      "color": "w"
    },
    {
      "square": "f3",
      "type": "p",
      "color": "w"
    },
    {
      "square": "g3",
      "type": "k",
      "color": "w"
    },
    {
      "square": "a2",
      "type": "q",
      "color": "b"
    }
  ]
}