{
  "event": "Biel",
  "site": "Biel SUI",
  "date": "2013.07.26",
  "eventDate": "2013.07.22",
  "dateMillis": 1374768000000,
  "eventDateMillis": 1374422400000,
  "round": "5",
  "result": "1/2-1/2",
  "white": "Ian Nepomniachtchi",
  "black": "Ding Liren",
  "isDingWin": false,
  "isDraw": true,
  "isDingBlack": true,
  "moves": [
    "Kf3",
    "Rc5",
    "Rh7+",
    "Kg8",
    "Rxb7",
    "Rxf5+",
    "Kg4",
    "Rf7",
    "Rb8",
    "Rf8",
    "Rd8",
    "Kg7",
    "Kg3",
    "Rf5",
    "h4",
    "Nf6",
    "Bxf6+"
  ],
  "statePieceCount": 10,
  "endPieceCount": 7,
  "boardState": [
    {
      "square": "e8",
      "type": "n",
      "color": "b"
    },
    {
      "square": "b7",
      "type": "p",
      "color": "b"
    },
    {
      "square": "f7",
      "type": "k",
      "color": "b"
    },
    {
      "square": "c6",
      "type": "p",
      "color": "b"
    },
    {
      "square": "h6",
      "type": "r",
      "color": "w"
    },
    {
      "square": "f5",
      "type": "p",
      "color": "w"
    },
    {
      "square": "g5",
      "type": "b",
      "color": "w"
    },
    {
      "square": "c4",
      "type": "r",
      "color": "b"
    },
    {
      "square": "h3",
      "type": "p",
      "color": "w"
    },
    {
      "square": "f2",
      "type": "k",
      "color": "w"
    }
  ]
}