{
  "event": "Cappelle-la-Grande",
  "site": "Cappelle-la-Grande FRA",
  "date": "2014.03.03",
  "eventDate": "2014.03.01",
  "dateMillis": 1393776000000,
  "eventDateMillis": 1393603200000,
  "round": "4.4",
  "result": "0-1",
  "white": "Nikita Maiorov",
  "black": "Ding Liren",
  "isDingWin": true,
  "isDraw": false,
  "isDingBlack": true,
  "moves": [
    "c3",
    "Ke2",
    "Kxg3",
    "Bc8",
    "Kh4",
    "Bb7",
    "Kg5",
    "Kd3",
    "c2",
    "Kd2",
    "g3",
    "Bf3",
    "Kf5",
    "Bg2",
    "Ke5",
    "Bf1",
    "Bc4",
    "Bh3",
    "Bd3",
    "Bg2",
    "Be4",
    "Bf1",
    "Kf5",
    "Bh3+",
    "Kg5",
    "Kc1",
    "Kh4",
    "Bf1",
    "Kg4",
    "Kd2",
    "Kf3",
    "Bh3",
    "g2"
  ],
  "statePieceCount": 10,
  "endPieceCount": 9,
  "boardState": [
    {
      "square": "f5",
      "type": "b",
      "color": "w"
    },
    {
      "square": "a4",
      "type": "p",
      "color": "b"
    },
    {
      "square": "c4",
      "type": "p",
      "color": "b"
    },
    {
      "square": "g4",
      "type": "p",
      "color": "b"
    },
    {
      "square": "a3",
      "type": "p",
      "color": "w"
    },
    {
      "square": "b3",
      "type": "b",
      "color": "b"
    },
    {
      "square": "e3",
      "type": "p",
      "color": "w"
    },
    {
      "square": "g3",
      "type": "p",
      "color": "w"
    },
    {
      "square": "h3",
      "type": "k",
      "color": "b"
    },
    {
      "square": "f2",
      "type": "k",
      "color": "w"
    }
  ],
  "nextTurn": "b"
}