{
  "event": "Hainan Danzhou GM",
  "site": "Danzhou CHN",
  "date": "2014.06.27",
  "eventDate": "2014.06.25",
  "dateMillis": 1403798400000,
  "eventDateMillis": 1403625600000,
  "round": "3.2",
  "result": "1/2-1/2",
  "white": "Bu Xiangzhi",
  "black": "Ding Liren",
  "isDingWin": false,
  "isDraw": true,
  "isDingBlack": true,
  "moves": [
    "fxg6",
    "Qd5+",
    "Kh7",
    "Qd7+",
    "Kh6",
    "Qh3+",
    "Kg5",
    "Qh4+",
    "Kf5",
    "Ne7+",
    "Ke6",
    "Qe4+",
    "Kd7",
    "Nxg6",
    "Qa2+",
    "Kf3",
    "Qb3+",
    "Ke2",
    "Qb2+",
    "Kd1",
    "Qb3+",
    "Ke2",
    "Qb2+",
    "Kd1",
    "Qb3+"
  ],
  "statePieceCount": 10,
  "endPieceCount": 8,
  "boardState": [
    {
      "square": "b8",
      "type": "b",
      "color": "b"
    },
    {
      "square": "c8",
      "type": "n",
      "color": "w"
    },
    {
      "square": "g8",
      "type": "k",
      "color": "b"
    },
    {
      "square": "f7",
      "type": "p",
      "color": "b"
    },
    {
      "square": "a6",
      "type": "q",
      "color": "b"
    },
    {
      "square": "g6",
      "type": "b",
      "color": "w"
    },
    {
      "square": "d4",
      "type": "p",
      "color": "b"
    },
    {
      "square": "f3",
      "type": "q",
      "color": "w"
    },
    {
      "square": "g3",
      "type": "p",
      "color": "w"
    },
    {
      "square": "g2",
      "type": "k",
      "color": "w"
    }
  ]
}