{
  "event": "Hainan Danzhou GM",
  "site": "Danzhou CHN",
  "date": "2014.07.03",
  "eventDate": "2014.06.25",
  "dateMillis": 1404316800000,
  "eventDateMillis": 1403625600000,
  "round": "8",
  "result": "0-1",
  "white": "Xiu Deshun",
  "black": "Ding Liren",
  "isDingWin": true,
  "isDraw": false,
  "isDingBlack": true,
  "moves": [
    "b4",
    "Kxh3",
    "b5",
    "Kg4",
    "b6",
    "h3",
    "b7",
    "h2",
    "b8=Q",
    "h1=Q",
    "Qf8",
    "Qe4+"
  ],
  "statePieceCount": 10,
  "endPieceCount": 9,
  "boardState": [
    {
      "square": "f7",
      "type": "p",
      "color": "b"
    },
    {
      "square": "e6",
      "type": "p",
      "color": "b"
    },
    {
      "square": "g6",
      "type": "p",
      "color": "b"
    },
    {
      "square": "e5",
      "type": "p",
      "color": "w"
    },
    {
      "square": "a4",
      "type": "k",
      "color": "w"
    },
    {
      "square": "f4",
      "type": "p",
      "color": "w"
    },
    {
      "square": "h4",
      "type": "p",
      "color": "b"
    },
    {
      "square": "h3",
      "type": "p",
      "color": "w"
    },
    {
      "square": "b2",
      "type": "p",
      "color": "w"
    },
    {
      "square": "g2",
      "type": "k",
      "color": "b"
    }
  ],
  "nextTurn": "w"
}