{
  "event": "Chess Olympiad",
  "site": "Tromso NOR",
  "date": "2014.08.08",
  "eventDate": "2014.08.02",
  "dateMillis": 1407427200000,
  "eventDateMillis": 1406908800000,
  "round": "6.8",
  "result": "0-1",
  "white": "Mohamed Ezat",
  "black": "Ding Liren",
  "isDingWin": true,
  "isDraw": false,
  "isDingBlack": true,
  "moves": [
    "Kd3",
    "Rf3+",
    "Kc2",
    "Ka7",
    "Bg4",
    "Rxf2+",
    "Kxc3",
    "Ka6"
  ],
  "statePieceCount": 10,
  "endPieceCount": 8,
  "boardState": [
    {
      "square": "b8",
      "type": "k",
      "color": "b"
    },
    {
      "square": "b7",
      "type": "p",
      "color": "b"
    },
    {
      "square": "d6",
      "type": "p",
      "color": "b"
    },
    {
      "square": "e6",
      "type": "b",
      "color": "w"
    },
    {
      "square": "a5",
      "type": "p",
      "color": "w"
    },
    {
      "square": "d5",
      "type": "p",
      "color": "w"
    },
    {
      "square": "f4",
      "type": "r",
      "color": "b"
    },
    {
      "square": "c3",
      "type": "p",
      "color": "b"
    },
    {
      "square": "e2",
      "type": "k",
      "color": "w"
    },
    {
      "square": "f2",
      "type": "p",
      "color": "w"
    }
  ]
}