{
  "event": "Tata Steel Masters",
  "site": "Wijk aan Zee NED",
  "date": "2015.01.17",
  "eventDate": "2015.01.09",
  "dateMillis": 1421424000000,
  "eventDateMillis": 1420732800000,
  "round": "7",
  "result": "1-0",
  "white": "Ding Liren",
  "black": "Loek van Wely",
  "isDingWin": true,
  "isDraw": false,
  "isDingBlack": false,
  "moves": [
    "Bxg3",
    "Nxh6",
    "Rf4",
    "Rg2",
    "Bf2",
    "Rg4",
    "Rf3+",
    "Ke2",
    "Rf8",
    "Re4",
    "Kd6",
    "Ng4",
    "Bg1",
    "Kd3",
    "Rf3+",
    "Kc4",
    "Ra3",
    "h6",
    "Ra4+",
    "Kc3",
    "Ra3+",
    "Kb4",
    "Rh3",
    "Kc4",
    "Rh4",
    "d5",
    "Be3",
    "Nf6",
    "Rh3",
    "Re6+",
    "Kc7",
    "d6+",
    "Kb7",
    "d7"
  ],
  "statePieceCount": 10,
  "endPieceCount": 8,
  "boardState": [
    {
      "square": "f8",
      "type": "r",
      "color": "b"
    },
    {
      "square": "d7",
      "type": "k",
      "color": "b"
    },
    {
      "square": "d6",
      "type": "b",
      "color": "b"
    },
    {
      "square": "h6",
      "type": "p",
      "color": "b"
    },
    {
      "square": "h5",
      "type": "p",
      "color": "w"
    },
    {
      "square": "d4",
      "type": "p",
      "color": "w"
    },
    {
      "square": "g4",
      "type": "n",
      "color": "w"
    },
    {
      "square": "d3",
      "type": "k",
      "color": "w"
    },
    {
      "square": "g3",
      "type": "p",
      "color": "w"
    },
    {
      "square": "a2",
      "type": "r",
      "color": "w"
    }
  ]
}