{
  "event": "Ding Liren - Gelfand",
  "site": "Wenzhou CHN",
  "date": "2015.07.16",
  "eventDate": "2015.07.16",
  "dateMillis": 1436976000000,
  "eventDateMillis": 1436976000000,
  "round": "1",
  "result": "1/2-1/2",
  "white": "Boris Gelfand",
  "black": "Ding Liren",
  "isDingWin": false,
  "isDraw": true,
  "isDingBlack": true,
  "moves": [
    "Bc4",
    "Bh4",
    "Kc2",
    "h5",
    "Rb7+",
    "Kf8",
    "Rf7+",
    "Ke8",
    "Rxf4",
    "Bxg5",
    "Rf1",
    "Rh2+",
    "Kb3",
    "Ke7",
    "Bd3",
    "h4",
    "Bxg6",
    "Re2",
    "Rf3",
    "Re3+"
  ],
  "statePieceCount": 10,
  "endPieceCount": 7,
  "boardState": [
    {
      "square": "g7",
      "type": "k",
      "color": "b"
    },
    {
      "square": "h7",
      "type": "p",
      "color": "b"
    },
    {
      "square": "g6",
      "type": "p",
      "color": "b"
    },
    {
      "square": "b5",
      "type": "r",
      "color": "w"
    },
    {
      "square": "g5",
      "type": "p",
      "color": "w"
    },
    {
      "square": "f4",
      "type": "p",
      "color": "b"
    },
    {
      "square": "h3",
      "type": "r",
      "color": "b"
    },
    {
      "square": "d2",
      "type": "k",
      "color": "w"
    },
    {
      "square": "e2",
      "type": "b",
      "color": "w"
    },
    {
      "square": "f2",
      "type": "b",
      "color": "b"
    }
  ],
  "nextTurn": "w"
}