{
  "event": "Chinese Team Championship",
  "site": "China CHN",
  "date": "2015.08.21",
  "eventDate": "2015.04.10",
  "dateMillis": 1440086400000,
  "eventDateMillis": 1428595200000,
  "round": "13.6",
  "result": "0-1",
  "white": "Jinshi Bai",
  "black": "Ding Liren",
  "isDingWin": true,
  "isDraw": false,
  "isDingBlack": true,
  "moves": [
    "Kf6",
    "Rc4",
    "Ke5",
    "e4",
    "Kf4",
    "Kh2",
    "Kf3",
    "e5",
    "dxe5",
    "d6",
    "e4",
    "d7",
    "Rd1",
    "Rxc2",
    "Rxd7",
    "Rc6",
    "e3",
    "Rf6+",
    "Ke2",
    "Rxb6",
    "Kd2",
    "Ra6",
    "e2",
    "Ra2+",
    "Ke3",
    "Ra1"
  ],
  "statePieceCount": 10,
  "endPieceCount": 6,
  "boardState": [
    {
      "square": "g7",
      "type": "k",
      "color": "b"
    },
    {
      "square": "b6",
      "type": "p",
      "color": "b"
    },
    {
      "square": "d6",
      "type": "p",
      "color": "b"
    },
    {
      "square": "b5",
      "type": "p",
      "color": "w"
    },
    {
      "square": "d5",
      "type": "p",
      "color": "w"
    },
    {
      "square": "g4",
      "type": "r",
      "color": "w"
    },
    {
      "square": "e3",
      "type": "p",
      "color": "w"
    },
    {
      "square": "c2",
      "type": "p",
      "color": "b"
    },
    {
      "square": "g2",
      "type": "k",
      "color": "w"
    },
    {
      "square": "c1",
      "type": "r",
      "color": "b"
    }
  ],
  "nextTurn": "b"
}