{
  "event": "IMSA Elite Mind Games (Blitz)",
  "site": "Huai'an CHN",
  "date": "2016.03.01",
  "eventDate": "2016.02.28",
  "dateMillis": 1456761600000,
  "eventDateMillis": 1456588800000,
  "round": "25.8",
  "result": "1-0",
  "white": "Shakhriyar Mamedyarov",
  "black": "Ding Liren",
  "isDingWin": false,
  "isDraw": false,
  "isDingBlack": true,
  "moves": [
    "Kxg6",
    "Qf4",
    "f6",
    "Qxh4",
    "Qxd6+",
    "Qg3+",
    "Qxg3+",
    "Kxg3",
    "Kg5",
    "Kf3",
    "f5",
    "g3",
    "Kg6",
    "Kf4",
    "Kf6",
    "h4",
    "Kg6",
    "h5+",
    "Kf6",
    "h6",
    "Kg6",
    "h7",
    "Kxh7",
    "Kxf5",
    "Kh6",
    "g4",
    "Kg7",
    "Ke4"
  ],
  "statePieceCount": 10,
  "endPieceCount": 3,
  "boardState": [
    {
      "square": "f7",
      "type": "p",
      "color": "b"
    },
    {
      "square": "h7",
      "type": "k",
      "color": "b"
    },
    {
      "square": "d6",
      "type": "p",
      "color": "w"
    },
    {
      "square": "g6",
      "type": "p",
      "color": "w"
    },
    {
      "square": "e5",
      "type": "q",
      "color": "w"
    },
    {
      "square": "h4",
      "type": "p",
      "color": "b"
    },
    {
      "square": "d3",
      "type": "q",
      "color": "b"
    },
    {
      "square": "h3",
      "type": "p",
      "color": "w"
    },
    {
      "square": "g2",
      "type": "p",
      "color": "w"
    },
    {
      "square": "h2",
      "type": "k",
      "color": "w"
    }
  ]
}