{
  "event": "Chinese Chess League",
  "site": "CHN",
  "date": "2016.06.23",
  "eventDate": "2016.04.12",
  "dateMillis": 1466611200000,
  "eventDateMillis": 1460390400000,
  "round": "5.5",
  "result": "1/2-1/2",
  "white": "Ding Liren",
  "black": "Ernesto Inarkiev",
  "isDingWin": false,
  "isDraw": true,
  "isDingBlack": false,
  "moves": [
    "Ra2",
    "a6",
    "d4",
    "Rd7",
    "Rxa6",
    "Rxd4"
  ],
  "statePieceCount": 10,
  "endPieceCount": 8,
  "boardState": [
    {
      "square": "g8",
      "type": "k",
      "color": "b"
    },
    {
      "square": "a7",
      "type": "r",
      "color": "w"
    },
    {
      "square": "g7",
      "type": "p",
      "color": "b"
    },
    {
      "square": "h6",
      "type": "p",
      "color": "b"
    },
    {
      "square": "a5",
      "type": "p",
      "color": "w"
    },
    {
      "square": "d5",
      "type": "p",
      "color": "b"
    },
    {
      "square": "g3",
      "type": "p",
      "color": "w"
    },
    {
      "square": "c2",
      "type": "r",
      "color": "b"
    },
    {
      "square": "h2",
      "type": "p",
      "color": "w"
    },
    {
      "square": "g1",
      "type": "k",
      "color": "w"
    }
  ],
  "nextTurn": "b"
}