{
  "event": "Chess Olympiad",
  "site": "Baku AZE",
  "date": "2016.09.06",
  "eventDate": "2016.09.02",
  "dateMillis": 1473091200000,
  "eventDateMillis": 1472745600000,
  "round": "5.1",
  "result": "1/2-1/2",
  "white": "Ding Liren",
  "black": "Ruslan Ponomariov",
  "isDingWin": false,
  "isDraw": true,
  "isDingBlack": false,
  "moves": [
    "hxg5",
    "fxg5",
    "Rxg5",
    "Kxd3",
    "Ra5",
    "Kc4",
    "f5",
    "Kb4",
    "Ra1",
    "Kb5",
    "f4",
    "Rd4",
    "f3",
    "Rf4",
    "Rb1+",
    "Ka5",
    "Ra1+",
    "Kb6",
    "Rb1+",
    "Kc7",
    "Rc1+",
    "Kb7",
    "Rb1+",
    "Kc6"
  ],
  "statePieceCount": 10,
  "endPieceCount": 6,
  "boardState": [
    {
      "square": "f7",
      "type": "p",
      "color": "b"
    },
    {
      "square": "g7",
      "type": "k",
      "color": "b"
    },
    {
      "square": "a6",
      "type": "p",
      "color": "w"
    },
    {
      "square": "d6",
      "type": "r",
      "color": "w"
    },
    {
      "square": "h6",
      "type": "p",
      "color": "b"
    },
    {
      "square": "g5",
      "type": "p",
      "color": "w"
    },
    {
      "square": "f4",
      "type": "p",
      "color": "w"
    },
    {
      "square": "d3",
      "type": "p",
      "color": "b"
    },
    {
      "square": "e3",
      "type": "k",
      "color": "w"
    },
    {
      "square": "g2",
      "type": "r",
      "color": "b"
    }
  ]
}