{
  "event": "FIDE Grand Prix Moscow",
  "site": "Moscow RUS",
  "date": "2017.05.13",
  "eventDate": "2017.05.12",
  "dateMillis": 1494604800000,
  "eventDateMillis": 1494518400000,
  "round": "2.4",
  "result": "1-0",
  "white": "Ding Liren",
  "black": "Ernesto Inarkiev",
  "isDingWin": true,
  "isDraw": false,
  "isDingBlack": false,
  "moves": [
    "Kxg5",
    "Bc2",
    "Rc7+",
    "Ke6",
    "h6",
    "Rd5+",
    "Kg4",
    "Rd7",
    "Rc6+",
    "Rd6",
    "Rc7",
    "Rd7",
    "Rc5",
    "Rd5",
    "Rc8",
    "a5",
    "Re8+",
    "Kd7",
    "Ra8",
    "a4",
    "h7",
    "Bxh7",
    "Ra7+",
    "Kc6",
    "Rxh7",
    "Ra5",
    "Rh6+",
    "Kd7",
    "Kf4",
    "a3",
    "Rh1",
    "a2",
    "Ra1",
    "Kc6",
    "Ke4",
    "Kb5",
    "Kd3",
    "Ra8",
    "Kc2",
    "Kc4",
    "Kb2",
    "Rb8+",
    "Kxa2",
    "Kd3",
    "Rh1",
    "Kc2",
    "Ka3",
    "Kd3",
    "Rh5",
    "Rb1",
    "Ka4",
    "Rb8",
    "Rb5",
    "Ra8+",
    "Kb4",
    "Rc8",
    "Rb7",
    "Rc4+",
    "Kb5",
    "Rc8",
    "Bg7",
    "Rd8",
    "c4"
  ],
  "statePieceCount": 10,
  "endPieceCount": 6,
  "boardState": [
    {
      "square": "f7",
      "type": "k",
      "color": "b"
    },
    {
      "square": "a6",
      "type": "p",
      "color": "b"
    },
    {
      "square": "d6",
      "type": "r",
      "color": "b"
    },
    {
      "square": "c5",
      "type": "r",
      "color": "w"
    },
    {
      "square": "g5",
      "type": "p",
      "color": "b"
    },
    {
      "square": "h5",
      "type": "p",
      "color": "w"
    },
    {
      "square": "d4",
      "type": "b",
      "color": "w"
    },
    {
      "square": "h4",
      "type": "k",
      "color": "w"
    },
    {
      "square": "c3",
      "type": "p",
      "color": "w"
    },
    {
      "square": "d1",
      "type": "b",
      "color": "b"
    }
  ]
}