{
  "event": "Chinese Chess League",
  "site": "China CHN",
  "date": "2017.05.25",
  "eventDate": "2017.04.18",
  "dateMillis": 1495641600000,
  "eventDateMillis": 1492444800000,
  "round": "7.4",
  "result": "1/2-1/2",
  "white": "Ding Liren",
  "black": "Qun Ma",
  "isDingWin": false,
  "isDraw": true,
  "isDingBlack": false,
  "moves": [
    "Rb2",
    "Kg2",
    "Rd2",
    "Re7",
    "h5",
    "Rd7",
    "g3",
    "Rf7",
    "gxf2",
    "Rxf2",
    "Rd3",
    "Rc2",
    "Rxe3",
    "c6",
    "Re8",
    "c7",
    "Rc8",
    "Rc5"
  ],
  "statePieceCount": 10,
  "endPieceCount": 7,
  "boardState": [
    {
      "square": "h7",
      "type": "p",
      "color": "b"
    },
    {
      "square": "c5",
      "type": "p",
      "color": "w"
    },
    {
      "square": "d5",
      "type": "p",
      "color": "b"
    },
    {
      "square": "e5",
      "type": "r",
      "color": "w"
    },
    {
      "square": "g4",
      "type": "p",
      "color": "b"
    },
    {
      "square": "h4",
      "type": "k",
      "color": "b"
    },
    {
      "square": "e3",
      "type": "p",
      "color": "w"
    },
    {
      "square": "f2",
      "type": "p",
      "color": "w"
    },
    {
      "square": "h2",
      "type": "k",
      "color": "w"
    },
    {
      "square": "b1",
      "type": "r",
      "color": "b"
    }
  ],
  "nextTurn": "b"
}