{
  "event": "Chinese Chess League",
  "site": "China CHN",
  "date": "2017.07.28",
  "eventDate": "2017.04.18",
  "dateMillis": 1501171200000,
  "eventDateMillis": 1492444800000,
  "round": "10.5",
  "result": "1/2-1/2",
  "white": "Ziji Zhang",
  "black": "Ding Liren",
  "isDingWin": false,
  "isDraw": true,
  "isDingBlack": true,
  "moves": [
    "Rxc4",
    "Ra2+",
    "Ke3",
    "Rxh2",
    "Kf4",
    "Rf2+",
    "Kxg4",
    "Kg7",
    "Rc5",
    "Re2",
    "Rg5+",
    "Kf6",
    "Rf5+",
    "Kg6",
    "Rf4",
    "Re3",
    "Kh4"
  ],
  "statePieceCount": 10,
  "endPieceCount": 7,
  "boardState": [
    {
      "square": "a7",
      "type": "r",
      "color": "b"
    },
    {
      "square": "f7",
      "type": "p",
      "color": "b"
    },
    {
      "square": "h6",
      "type": "k",
      "color": "b"
    },
    {
      "square": "c5",
      "type": "r",
      "color": "w"
    },
    {
      "square": "c4",
      "type": "b",
      "color": "b"
    },
    {
      "square": "e4",
      "type": "p",
      "color": "w"
    },
    {
      "square": "g4",
      "type": "p",
      "color": "b"
    },
    {
      "square": "g3",
      "type": "p",
      "color": "w"
    },
    {
      "square": "f2",
      "type": "k",
      "color": "w"
    },
    {
      "square": "h2",
      "type": "p",
      "color": "w"
    }
  ],
  "nextTurn": "w"
}