{
  "event": "Maotai Prince Cup Kings",
  "site": "Jinzhou",
  "date": "2009.09.24",
  "dateMillis": 1253721600000,
  "eventDateMillis": null,
  "round": "7",
  "result": "1-0",
  "white": "Ding Liren",
  "black": "Li Chao",
  "isDingWin": true,
  "isDraw": false,
  "isDingBlack": false,
  "moves": [
    "Rb7",
    "Nc3",
    "f4",
    "Ke6",
    "Kf3",
    "Kd6",
    "f5",
    "Nd5",
    "Rxb5",
    "c3",
    "Ke2"
  ],
  "statePieceCount": 10,
  "endPieceCount": 9,
  "boardState": [
    {
      "square": "a7",
      "type": "r",
      "color": "w"
    },
    {
      "square": "h7",
      "type": "p",
      "color": "b"
    },
    {
      "square": "f6",
      "type": "k",
      "color": "b"
    },
    {
      "square": "b5",
      "type": "p",
      "color": "b"
    },
    {
      "square": "c4",
      "type": "p",
      "color": "b"
    },
    {
      "square": "g3",
      "type": "p",
      "color": "w"
    },
    {
      "square": "f2",
      "type": "p",
      "color": "w"
    },
    {
      "square": "g2",
      "type": "k",
      "color": "w"
    },
    {
      "square": "h2",
      "type": "p",
      "color": "w"
    },
    {
      "square": "d1",
      "type": "n",
      "color": "b"
    }
  ],
  "nextTurn": "w"
}