{
  "event": "European Club Cup",
  "site": "Antalya TUR",
  "date": "2017.10.13",
  "eventDate": "2017.10.08",
  "dateMillis": 1507824000000,
  "eventDateMillis": 1507392000000,
  "round": "6.1",
  "result": "1/2-1/2",
  "white": "Ding Liren",
  "black": "Vladimir Kramnik",
  "isDingWin": false,
  "isDraw": true,
  "isDingBlack": false,
  "moves": [
    "Qf6+",
    "Kg2",
    "Qxd6",
    "Qa8",
    "Qd3",
    "h3",
    "Qb3",
    "Qe4+",
    "Kh8",
    "Qa8+",
    "Kh7",
    "Qe4+"
  ],
  "statePieceCount": 10,
  "endPieceCount": 9,
  "boardState": [
    {
      "square": "e8",
      "type": "q",
      "color": "w"
    },
    {
      "square": "g7",
      "type": "p",
      "color": "b"
    },
    {
      "square": "h7",
      "type": "k",
      "color": "b"
    },
    {
      "square": "d6",
      "type": "p",
      "color": "w"
    },
    {
      "square": "g5",
      "type": "q",
      "color": "b"
    },
    {
      "square": "h5",
      "type": "p",
      "color": "w"
    },
    {
      "square": "a3",
      "type": "p",
      "color": "b"
    },
    {
      "square": "f3",
      "type": "k",
      "color": "w"
    },
    {
      "square": "f2",
      "type": "p",
      "color": "w"
    },
    {
      "square": "h2",
      "type": "p",
      "color": "w"
    }
  ]
}