{
  "event": "Champions Showdown: Carlsen - Ding (Blitz)",
  "site": "St Louis, MO USA",
  "date": "2017.11.14",
  "eventDate": "2017.11.14",
  "dateMillis": 1510588800000,
  "eventDateMillis": 1510588800000,
  "round": "3",
  "result": "0-1",
  "white": "Magnus Carlsen",
  "black": "Ding Liren",
  "isDingWin": true,
  "isDraw": false,
  "isDingBlack": true,
  "moves": [
    "Kxh5",
    "d3",
    "Kg4",
    "d2",
    "Ba4",
    "Ke2",
    "Kf4",
    "d1=Q"
  ],
  "statePieceCount": 10,
  "endPieceCount": 9,
  "boardState": [
    {
      "square": "a7",
      "type": "p",
      "color": "b"
    },
    {
      "square": "b6",
      "type": "p",
      "color": "b"
    },
    {
      "square": "b5",
      "type": "b",
      "color": "w"
    },
    {
      "square": "c5",
      "type": "p",
      "color": "b"
    },
    {
      "square": "g5",
      "type": "k",
      "color": "w"
    },
    {
      "square": "h5",
      "type": "n",
      "color": "b"
    },
    {
      "square": "d4",
      "type": "p",
      "color": "b"
    },
    {
      "square": "a3",
      "type": "p",
      "color": "w"
    },
    {
      "square": "e3",
      "type": "k",
      "color": "b"
    },
    {
      "square": "b2",
      "type": "p",
      "color": "w"
    }
  ],
  "nextTurn": "w"
}