{
  "event": "IMSA Elite Mind Games (Blitz)",
  "site": "?",
  "date": "2017.12.13",
  "dateMillis": 1513094400000,
  "eventDateMillis": null,
  "round": "12.4",
  "result": "1/2-1/2",
  "white": "Shakhriyar Mamedyarov",
  "black": "Ding Liren",
  "isDingWin": false,
  "isDraw": true,
  "isDingBlack": true,
  "moves": [
    "Nc7+",
    "Kd8",
    "Nd5",
    "Rh1",
    "e6",
    "Rc1+",
    "Kb4",
    "Re1",
    "Rd7+",
    "Kc8",
    "Rc7+",
    "Kd8",
    "Rd7+",
    "Kc8",
    "Nb6+",
    "Kb8",
    "Kb5",
    "Rxe6",
    "Rd8+",
    "Kc7",
    "Rd7+",
    "Kb8",
    "Rd8+",
    "Kc7",
    "Rd7+",
    "Kb8",
    "Rd8+"
  ],
  "statePieceCount": 10,
  "endPieceCount": 9,
  "boardState": [
    {
      "square": "e8",
      "type": "k",
      "color": "b"
    },
    {
      "square": "a7",
      "type": "r",
      "color": "w"
    },
    {
      "square": "e6",
      "type": "n",
      "color": "w"
    },
    {
      "square": "g6",
      "type": "p",
      "color": "b"
    },
    {
      "square": "c5",
      "type": "k",
      "color": "w"
    },
    {
      "square": "e5",
      "type": "p",
      "color": "w"
    },
    {
      "square": "f5",
      "type": "n",
      "color": "b"
    },
    {
      "square": "h5",
      "type": "p",
      "color": "b"
    },
    {
      "square": "f4",
      "type": "p",
      "color": "w"
    },
    {
      "square": "h4",
      "type": "r",
      "color": "b"
    }
  ]
}