{
  "event": "IMSA Elite Mind Games (Blitz)",
  "site": "?",
  "date": "2017.12.12",
  "dateMillis": 1513008000000,
  "eventDateMillis": null,
  "round": "8.1",
  "result": "0-1",
  "white": "Ding Liren",
  "black": "Wang Hao",
  "isDingWin": false,
  "isDraw": false,
  "isDingBlack": false,
  "moves": [
    "Rc8",
    "Kxd5",
    "Rc7",
    "Ke6",
    "Rc1",
    "d5",
    "Kf3",
    "Kd6",
    "Kf4",
    "d4",
    "Kf5",
    "Kd5",
    "Kf6",
    "Rd7",
    "Rc7",
    "Rd6+",
    "Kxf7",
    "d3",
    "Rc1",
    "Rxb6",
    "g5",
    "Rb2",
    "g6",
    "Rf2+",
    "Ke7",
    "Rg2",
    "Kf7",
    "d2",
    "Rd1",
    "Kd4",
    "g7",
    "Kd3",
    "Ra1",
    "Ke2",
    "g8=Q"
  ],
  "statePieceCount": 10,
  "endPieceCount": 7,
  "boardState": [
    {
      "square": "a8",
      "type": "r",
      "color": "w"
    },
    {
      "square": "b7",
      "type": "p",
      "color": "b"
    },
    {
      "square": "e7",
      "type": "r",
      "color": "b"
    },
    {
      "square": "f7",
      "type": "p",
      "color": "b"
    },
    {
      "square": "b6",
      "type": "p",
      "color": "w"
    },
    {
      "square": "d6",
      "type": "p",
      "color": "b"
    },
    {
      "square": "d5",
      "type": "p",
      "color": "w"
    },
    {
      "square": "e4",
      "type": "k",
      "color": "b"
    },
    {
      "square": "g4",
      "type": "p",
      "color": "w"
    },
    {
      "square": "g2",
      "type": "k",
      "color": "w"
    }
  ],
  "nextTurn": "w"
}