{
  "event": "World Blitz Championship",
  "site": "Riyadh KSA",
  "date": "2017.12.29",
  "eventDate": "2017.12.29",
  "dateMillis": 1514476800000,
  "eventDateMillis": 1514476800000,
  "round": "5.7",
  "result": "0-1",
  "white": "Ding Liren",
  "black": "Georg Meier",
  "isDingWin": false,
  "isDraw": false,
  "isDingBlack": false,
  "moves": [
    "Rg8",
    "Ke4",
    "Rxg6",
    "d5",
    "Rc6",
    "c4",
    "g6",
    "Rg3",
    "Kf2",
    "Rg4",
    "Rd6",
    "Rxf4+",
    "Ke2",
    "Rg4",
    "Re6+",
    "Kd4",
    "Rf6",
    "c3",
    "Rxf5",
    "Rg2+",
    "Kd1",
    "Rxg6",
    "Rf4+",
    "Kd3",
    "Rf3+",
    "Kc4"
  ],
  "statePieceCount": 10,
  "endPieceCount": 6,
  "boardState": [
    {
      "square": "e8",
      "type": "r",
      "color": "w"
    },
    {
      "square": "d6",
      "type": "p",
      "color": "b"
    },
    {
      "square": "g6",
      "type": "p",
      "color": "b"
    },
    {
      "square": "c5",
      "type": "p",
      "color": "b"
    },
    {
      "square": "d5",
      "type": "k",
      "color": "b"
    },
    {
      "square": "f5",
      "type": "p",
      "color": "b"
    },
    {
      "square": "g5",
      "type": "p",
      "color": "w"
    },
    {
      "square": "f4",
      "type": "p",
      "color": "w"
    },
    {
      "square": "b3",
      "type": "r",
      "color": "b"
    },
    {
      "square": "e2",
      "type": "k",
      "color": "w"
    }
  ]
}