{
  "event": "World Championship Candidates",
  "site": "Berlin GER",
  "date": "2018.03.23",
  "eventDate": "2018.03.10",
  "dateMillis": 1521734400000,
  "eventDateMillis": 1520611200000,
  "round": "11",
  "result": "1/2-1/2",
  "white": "Ding Liren",
  "black": "Alexander Grischuk",
  "isDingWin": false,
  "isDraw": true,
  "isDingBlack": false,
  "moves": [
    "Rxa6+",
    "Kd5",
    "Bh7",
    "Nc4",
    "Kg4",
    "Bf6",
    "Ra7",
    "Kd4",
    "Bg8",
    "Nd6",
    "Kf3",
    "Kc5",
    "Ra8",
    "b4",
    "Ke2",
    "Bc3",
    "Kd3",
    "Kb6",
    "Ke3",
    "Kc6",
    "Kf4",
    "Nb7",
    "Kf5",
    "Nc5",
    "g4",
    "Kb5",
    "g5",
    "b3",
    "Kg6",
    "Kb4",
    "Bd5",
    "Bd4",
    "Kh7",
    "Kc3",
    "g6",
    "b2",
    "Ba2",
    "Kc2",
    "Rb8",
    "Ne4",
    "Rb4",
    "Nc3",
    "Be6",
    "Kc1",
    "Bf5",
    "Be5",
    "Rb7",
    "b1=Q",
    "Bxb1",
    "Nxb1",
    "Rxg7",
    "Nc3",
    "Re7",
    "Bd4",
    "Rd7",
    "Be5",
    "Kh6",
    "Kc2",
    "Kg5",
    "Kb3",
    "Kf5",
    "Bh8",
    "Rb7+",
    "Kc2",
    "Rh7",
    "Bd4",
    "Ke6",
    "Kb3",
    "Rd7",
    "Bh8",
    "Rd8",
    "Bg7",
    "Kf7",
    "Be5",
    "Re8",
    "Bd4",
    "Rb8+",
    "Kc2",
    "Rb7",
    "Be5",
    "Rb6",
    "Bd4",
    "Rf6",
    "Bxf6",
    "Kxf6",
    "Nd5+",
    "Kf7",
    "Ne3",
    "Kf6",
    "Nd5+",
    "Kf7",
    "Ne3",
    "g7",
    "Nf5"
  ],
  "statePieceCount": 10,
  "endPieceCount": 4,
  "boardState": [
    {
      "square": "a7",
      "type": "r",
      "color": "w"
    },
    {
      "square": "e7",
      "type": "b",
      "color": "b"
    },
    {
      "square": "g7",
      "type": "p",
      "color": "b"
    },
    {
      "square": "a6",
      "type": "p",
      "color": "b"
    },
    {
      "square": "e6",
      "type": "k",
      "color": "b"
    },
    {
      "square": "b5",
      "type": "p",
      "color": "b"
    },
    {
      "square": "a3",
      "type": "n",
      "color": "b"
    },
    {
      "square": "h3",
      "type": "k",
      "color": "w"
    },
    {
      "square": "c2",
      "type": "b",
      "color": "w"
    },
    {
      "square": "g2",
      "type": "p",
      "color": "w"
    }
  ],
  "nextTurn": "w"
}