{
  "event": "Chess Olympiad",
  "site": "Batumi GEO",
  "date": "2018.09.28",
  "eventDate": "2018.09.24",
  "dateMillis": 1538064000000,
  "eventDateMillis": 1537718400000,
  "round": "5.3",
  "result": "1/2-1/2",
  "white": "Ding Liren",
  "black": "David Navara",
  "isDingWin": false,
  "isDraw": true,
  "isDingBlack": false,
  "moves": [
    "fxg5",
    "Ra8",
    "g4",
    "Ke1",
    "Kg7",
    "a7",
    "Kh7",
    "Kd1",
    "Kg7",
    "Kc1",
    "Kh7",
    "Kb1",
    "Ra3",
    "Kb2",
    "Ra4",
    "Kb3",
    "Ra5",
    "Kb4",
    "Ra2",
    "Kc5",
    "Kg7",
    "Kd5",
    "Rd2+",
    "Ke4",
    "Re2+",
    "Kf5",
    "Rxf2+",
    "Kg5",
    "Ra2",
    "Kxh5",
    "Ra5+",
    "Kxg4",
    "Ra4+"
  ],
  "statePieceCount": 10,
  "endPieceCount": 6,
  "boardState": [
    {
      "square": "a7",
      "type": "r",
      "color": "w"
    },
    {
      "square": "a6",
      "type": "p",
      "color": "w"
    },
    {
      "square": "f6",
      "type": "p",
      "color": "b"
    },
    {
      "square": "h6",
      "type": "k",
      "color": "b"
    },
    {
      "square": "g5",
      "type": "p",
      "color": "w"
    },
    {
      "square": "h5",
      "type": "p",
      "color": "b"
    },
    {
      "square": "g3",
      "type": "p",
      "color": "w"
    },
    {
      "square": "a2",
      "type": "r",
      "color": "b"
    },
    {
      "square": "f2",
      "type": "p",
      "color": "w"
    },
    {
      "square": "f1",
      "type": "k",
      "color": "w"
    }
  ]
}