{
  "event": "European Club Cup",
  "site": "Porto Carras GRE",
  "date": "2018.10.13",
  "eventDate": "2018.10.12",
  "dateMillis": 1539360000000,
  "eventDateMillis": 1539273600000,
  "round": "2.1",
  "result": "0-1",
  "white": "David Gorodetzky",
  "black": "Ding Liren",
  "isDingWin": true,
  "isDraw": false,
  "isDingBlack": true,
  "moves": [
    "Rf2+",
    "Kg5",
    "b2",
    "e6",
    "fxe6",
    "Kg6",
    "Rc2",
    "Rb1",
    "Rg2+",
    "Kf7",
    "e5",
    "Ke6",
    "e4",
    "Kd5",
    "Kb4",
    "Kxe4",
    "Kc3",
    "Kf5",
    "Kc2",
    "Rh1",
    "b1=Q",
    "Rxb1",
    "Kxb1",
    "e4",
    "Kc2",
    "e5",
    "Kd3",
    "e6",
    "Kd4"
  ],
  "statePieceCount": 10,
  "endPieceCount": 6,
  "boardState": [
    {
      "square": "f7",
      "type": "p",
      "color": "b"
    },
    {
      "square": "g7",
      "type": "p",
      "color": "b"
    },
    {
      "square": "b5",
      "type": "k",
      "color": "b"
    },
    {
      "square": "e5",
      "type": "p",
      "color": "w"
    },
    {
      "square": "f5",
      "type": "k",
      "color": "w"
    },
    {
      "square": "h5",
      "type": "p",
      "color": "w"
    },
    {
      "square": "b3",
      "type": "p",
      "color": "b"
    },
    {
      "square": "e3",
      "type": "p",
      "color": "w"
    },
    {
      "square": "d2",
      "type": "r",
      "color": "b"
    },
    {
      "square": "g1",
      "type": "r",
      "color": "w"
    }
  ],
  "nextTurn": "b"
}