{
  "event": "World Team Chess Championship",
  "site": "Astana KAZ",
  "date": "2019.03.07",
  "eventDate": "2019.03.05",
  "dateMillis": 1551888000000,
  "eventDateMillis": 1551715200000,
  "round": "3.1",
  "result": "1/2-1/2",
  "white": "Ding Liren",
  "black": "Sergey Karjakin",
  "isDingWin": false,
  "isDraw": true,
  "isDingBlack": false,
  "moves": [
    "Rxe5",
    "Bc4",
    "Rf5+",
    "Ke4",
    "Rxf2",
    "b4",
    "Ke8",
    "b5",
    "Nc8",
    "Kd4",
    "Rf6",
    "Bd3",
    "Nb6",
    "Be4",
    "Kd7",
    "Bc6+"
  ],
  "statePieceCount": 10,
  "endPieceCount": 8,
  "boardState": [
    {
      "square": "f8",
      "type": "k",
      "color": "b"
    },
    {
      "square": "e7",
      "type": "n",
      "color": "b"
    },
    {
      "square": "f7",
      "type": "p",
      "color": "b"
    },
    {
      "square": "h7",
      "type": "r",
      "color": "w"
    },
    {
      "square": "b5",
      "type": "b",
      "color": "w"
    },
    {
      "square": "e5",
      "type": "p",
      "color": "w"
    },
    {
      "square": "g5",
      "type": "r",
      "color": "b"
    },
    {
      "square": "b3",
      "type": "p",
      "color": "w"
    },
    {
      "square": "f3",
      "type": "k",
      "color": "w"
    },
    {
      "square": "f2",
      "type": "p",
      "color": "w"
    }
  ]
}