{
  "event": "Shenzhen Masters",
  "site": "Shenzhen CHN",
  "date": "2018.11.11",
  "eventDate": "2018.11.04",
  "dateMillis": 1541865600000,
  "eventDateMillis": 1541260800000,
  "round": "7.2",
  "result": "1-0",
  "white": "Maxime Vachier-Lagrave",
  "black": "Ding Liren",
  "isDingWin": false,
  "isDraw": false,
  "isDingBlack": true,
  "moves": [
    "Qf2+",
    "Kg4",
    "Qe2+",
    "Kh4",
    "Qxg2",
    "Qh7+",
    "Kc8",
    "Qg8+",
    "Kd7",
    "Rxd6+"
  ],
  "statePieceCount": 10,
  "endPieceCount": 8,
  "boardState": [
    {
      "square": "d7",
      "type": "k",
      "color": "b"
    },
    {
      "square": "b6",
      "type": "r",
      "color": "w"
    },
    {
      "square": "d6",
      "type": "n",
      "color": "b"
    },
    {
      "square": "h5",
      "type": "q",
      "color": "w"
    },
    {
      "square": "a3",
      "type": "p",
      "color": "w"
    },
    {
      "square": "e3",
      "type": "p",
      "color": "w"
    },
    {
      "square": "f3",
      "type": "k",
      "color": "w"
    },
    {
      "square": "g3",
      "type": "p",
      "color": "b"
    },
    {
      "square": "a2",
      "type": "q",
      "color": "b"
    },
    {
      "square": "g2",
      "type": "p",
      "color": "w"
    }
  ],
  "nextTurn": "b"
}