{
  "event": "PRO League Group Stage",
  "site": "chess.com INT",
  "date": "2019.01.08",
  "eventDate": "2019.01.08",
  "dateMillis": 1546876800000,
  "eventDateMillis": 1546876800000,
  "round": "1",
  "result": "0-1",
  "white": "John Bartholomew",
  "black": "Ding Liren",
  "isDingWin": true,
  "isDraw": false,
  "isDingBlack": true,
  "moves": [
    "gxf3",
    "b4",
    "Rb7",
    "Rc4",
    "Kg2",
    "g5",
    "Kf1",
    "Kg6",
    "Ke2",
    "f6",
    "Rb5",
    "Rf4",
    "Ke3",
    "Kf7",
    "Rb6",
    "Ke7",
    "Ke2",
    "Kd7",
    "Rb8",
    "Kc6",
    "Ke3",
    "Kc5",
    "Rc8+",
    "Kb5",
    "Ke2",
    "Ka4",
    "Ke3",
    "Ka3",
    "Ke2",
    "b3",
    "Ra8+",
    "Ra4",
    "Rb8",
    "b2",
    "Kd2",
    "Ka2",
    "Kc2",
    "Rc4+",
    "Kd3",
    "Rc5",
    "Ra8+",
    "Kb1",
    "Kd2",
    "Rd5+",
    "Ke2",
    "Kc2",
    "Rc8+",
    "Kb3",
    "Rb8+",
    "Kc3",
    "Rb7",
    "Rd4"
  ],
  "statePieceCount": 10,
  "endPieceCount": 9,
  "boardState": [
    {
      "square": "d7",
      "type": "r",
      "color": "w"
    },
    {
      "square": "f7",
      "type": "p",
      "color": "b"
    },
    {
      "square": "g7",
      "type": "k",
      "color": "b"
    },
    {
      "square": "g6",
      "type": "p",
      "color": "b"
    },
    {
      "square": "b5",
      "type": "p",
      "color": "b"
    },
    {
      "square": "f3",
      "type": "b",
      "color": "b"
    },
    {
      "square": "c2",
      "type": "r",
      "color": "b"
    },
    {
      "square": "f2",
      "type": "p",
      "color": "w"
    },
    {
      "square": "g2",
      "type": "p",
      "color": "w"
    },
    {
      "square": "g1",
      "type": "k",
      "color": "w"
    }
  ]
}