{
  "event": "PRO League Group Stage",
  "site": "chess.com INT",
  "date": "2019.02.20",
  "eventDate": "2019.01.08",
  "dateMillis": 1550592000000,
  "eventDateMillis": 1546876800000,
  "round": "7",
  "result": "1/2-1/2",
  "white": "Quang Liem Le",
  "black": "Ding Liren",
  "isDingWin": false,
  "isDraw": true,
  "isDingBlack": true,
  "moves": [
    "Nd3",
    "Be7",
    "Nb4",
    "Bxb4",
    "Kxb4",
    "Kd6",
    "Kc4",
    "Kc6",
    "Kc3",
    "Kd6",
    "Kb4",
    "Kc6",
    "Kc4"
  ],
  "statePieceCount": 10,
  "endPieceCount": 8,
  "boardState": [
    {
      "square": "d7",
      "type": "k",
      "color": "b"
    },
    {
      "square": "a6",
      "type": "p",
      "color": "b"
    },
    {
      "square": "b6",
      "type": "p",
      "color": "b"
    },
    {
      "square": "e6",
      "type": "p",
      "color": "b"
    },
    {
      "square": "f6",
      "type": "b",
      "color": "b"
    },
    {
      "square": "a4",
      "type": "p",
      "color": "w"
    },
    {
      "square": "c4",
      "type": "k",
      "color": "w"
    },
    {
      "square": "d4",
      "type": "p",
      "color": "w"
    },
    {
      "square": "e4",
      "type": "p",
      "color": "w"
    },
    {
      "square": "f4",
      "type": "n",
      "color": "w"
    }
  ],
  "nextTurn": "w"
}