{
  "event": "Norway Chess (Blitz)",
  "site": "Stavanger NOR",
  "date": "2019.06.03",
  "eventDate": "2019.06.03",
  "dateMillis": 1559491200000,
  "eventDateMillis": 1559491200000,
  "round": "7.2",
  "result": "0-1",
  "white": "Ding Liren",
  "black": "Maxime Vachier-Lagrave",
  "isDingWin": false,
  "isDraw": false,
  "isDingBlack": false,
  "moves": [
    "hxg6",
    "Bh6",
    "Nf3",
    "Bb3+",
    "Ke1",
    "Ba4",
    "Kf2",
    "Be8",
    "Ne5",
    "d2",
    "Nd3+",
    "Kd4",
    "Nb2"
  ],
  "statePieceCount": 10,
  "endPieceCount": 9,
  "boardState": [
    {
      "square": "g6",
      "type": "p",
      "color": "b"
    },
    {
      "square": "c5",
      "type": "k",
      "color": "b"
    },
    {
      "square": "d5",
      "type": "p",
      "color": "w"
    },
    {
      "square": "h5",
      "type": "p",
      "color": "w"
    },
    {
      "square": "e4",
      "type": "p",
      "color": "w"
    },
    {
      "square": "f4",
      "type": "b",
      "color": "b"
    },
    {
      "square": "d3",
      "type": "p",
      "color": "b"
    },
    {
      "square": "a2",
      "type": "b",
      "color": "b"
    },
    {
      "square": "d2",
      "type": "n",
      "color": "w"
    },
    {
      "square": "d1",
      "type": "k",
      "color": "w"
    }
  ]
}