{
  "event": "Navara - Ding Match",
  "site": "Prague CZE",
  "date": "2019.06.17",
  "eventDate": "2019.06.17",
  "dateMillis": 1560700800000,
  "eventDateMillis": 1560700800000,
  "round": "3",
  "result": "1/2-1/2",
  "white": "David Navara",
  "black": "Ding Liren",
  "isDingWin": false,
  "isDraw": true,
  "isDingBlack": true,
  "moves": [
    "Rxa3",
    "Bf5",
    "Nf7",
    "Kc6",
    "Kh2",
    "g6",
    "Kg3",
    "h5",
    "Ne5+",
    "Kb5",
    "Nf3",
    "Be4",
    "Nh4",
    "Ne7",
    "Kf2",
    "Nd5",
    "Rg3",
    "Kc4",
    "Rg5",
    "Nxf4",
    "Ke3",
    "Ne6",
    "Re5",
    "Nc5",
    "Rxe4+",
    "Nxe4",
    "Kxe4",
    "g5",
    "Nf5"
  ],
  "statePieceCount": 10,
  "endPieceCount": 5,
  "boardState": [
    {
      "square": "b7",
      "type": "k",
      "color": "b"
    },
    {
      "square": "g7",
      "type": "p",
      "color": "b"
    },
    {
      "square": "h7",
      "type": "p",
      "color": "b"
    },
    {
      "square": "d5",
      "type": "n",
      "color": "b"
    },
    {
      "square": "e5",
      "type": "n",
      "color": "w"
    },
    {
      "square": "f4",
      "type": "p",
      "color": "w"
    },
    {
      "square": "g4",
      "type": "b",
      "color": "b"
    },
    {
      "square": "a3",
      "type": "r",
      "color": "b"
    },
    {
      "square": "c3",
      "type": "r",
      "color": "w"
    },
    {
      "square": "g1",
      "type": "k",
      "color": "w"
    }
  ],
  "nextTurn": "w"
}