{
  "event": "GCT Croatia",
  "site": "Zagreb CRO",
  "date": "2019.06.30",
  "eventDate": "2019.06.26",
  "dateMillis": 1561824000000,
  "eventDateMillis": 1561478400000,
  "round": "5",
  "result": "0-1",
  "white": "Anish Giri",
  "black": "Ding Liren",
  "isDingWin": true,
  "isDraw": false,
  "isDingBlack": true,
  "moves": [
    "a5",
    "Rg4",
    "a6",
    "Rxg2",
    "Kc4",
    "Ra2",
    "Kxb4",
    "h5",
    "Kb5",
    "h4",
    "Rc6",
    "h3",
    "Rc3",
    "h2",
    "Rf3+",
    "Ke7",
    "Rh3",
    "g5"
  ],
  "statePieceCount": 10,
  "endPieceCount": 8,
  "boardState": [
    {
      "square": "f7",
      "type": "k",
      "color": "b"
    },
    {
      "square": "g7",
      "type": "p",
      "color": "b"
    },
    {
      "square": "b6",
      "type": "r",
      "color": "w"
    },
    {
      "square": "e6",
      "type": "p",
      "color": "b"
    },
    {
      "square": "h6",
      "type": "p",
      "color": "b"
    },
    {
      "square": "a4",
      "type": "p",
      "color": "w"
    },
    {
      "square": "b4",
      "type": "p",
      "color": "b"
    },
    {
      "square": "h4",
      "type": "r",
      "color": "b"
    },
    {
      "square": "d3",
      "type": "k",
      "color": "w"
    },
    {
      "square": "g2",
      "type": "p",
      "color": "w"
    }
  ],
  "nextTurn": "w"
}