{
  "event": "GCT Croatia",
  "site": "Zagreb CRO",
  "date": "2019.07.05",
  "eventDate": "2019.06.26",
  "dateMillis": 1562256000000,
  "eventDateMillis": 1561478400000,
  "round": "9.3",
  "result": "1/2-1/2",
  "white": "Fabiano Caruana",
  "black": "Ding Liren",
  "isDingWin": false,
  "isDraw": true,
  "isDingBlack": true,
  "moves": [
    "Bxe3",
    "Qe4",
    "Bf4",
    "Nh5+",
    "Kh6",
    "Nxf4",
    "Qg4+",
    "Kf2",
    "exf4",
    "Qh1+",
    "Kg5",
    "Qd5+",
    "f5",
    "Qg8+",
    "Kf6",
    "Qf8+",
    "Ke6",
    "Qe8+",
    "Kf6",
    "Qf8+",
    "Ke6",
    "Qe8+"
  ],
  "statePieceCount": 10,
  "endPieceCount": 7,
  "boardState": [
    {
      "square": "d7",
      "type": "q",
      "color": "b"
    },
    {
      "square": "g7",
      "type": "k",
      "color": "b"
    },
    {
      "square": "f6",
      "type": "p",
      "color": "b"
    },
    {
      "square": "e5",
      "type": "p",
      "color": "b"
    },
    {
      "square": "g5",
      "type": "b",
      "color": "b"
    },
    {
      "square": "b4",
      "type": "q",
      "color": "w"
    },
    {
      "square": "e3",
      "type": "p",
      "color": "w"
    },
    {
      "square": "g3",
      "type": "n",
      "color": "w"
    },
    {
      "square": "b2",
      "type": "p",
      "color": "w"
    },
    {
      "square": "g2",
      "type": "k",
      "color": "w"
    }
  ],
  "nextTurn": "b"
}