{
  "event": "World Cup",
  "site": "Khanty-Mansiysk RUS",
  "date": "2019.09.20",
  "eventDate": "2019.09.10",
  "dateMillis": 1568908800000,
  "eventDateMillis": 1568044800000,
  "round": "4.1",
  "result": "1/2-1/2",
  "white": "Ding Liren",
  "black": "Kirill Alekseenko",
  "isDingWin": false,
  "isDraw": true,
  "isDingBlack": false,
  "moves": [
    "hxg4",
    "Qc1",
    "Qe5+",
    "Kh7",
    "Kg2",
    "Qc6+",
    "e4",
    "Qd7",
    "Qf4",
    "Kg7",
    "g5",
    "Qd4",
    "Kg3",
    "Qc3+",
    "Kg4",
    "Qc8+",
    "Kf3",
    "Qc3+",
    "Qe3",
    "Qa1",
    "Kg2",
    "Qe5",
    "Kf3",
    "Qa1",
    "Kf4",
    "Qb2",
    "Qc5",
    "Qd2+",
    "Kg3",
    "Qd3+",
    "f3",
    "Qd2",
    "Qe5+",
    "Kg8",
    "Qf6",
    "Qe1+",
    "Kf4",
    "Qc1+",
    "Kg4"
  ],
  "statePieceCount": 10,
  "endPieceCount": 9,
  "boardState": [
    {
      "square": "b8",
      "type": "q",
      "color": "w"
    },
    {
      "square": "f7",
      "type": "p",
      "color": "b"
    },
    {
      "square": "g7",
      "type": "k",
      "color": "b"
    },
    {
      "square": "g6",
      "type": "p",
      "color": "b"
    },
    {
      "square": "c5",
      "type": "q",
      "color": "b"
    },
    {
      "square": "g4",
      "type": "p",
      "color": "b"
    },
    {
      "square": "e3",
      "type": "p",
      "color": "w"
    },
    {
      "square": "g3",
      "type": "k",
      "color": "w"
    },
    {
      "square": "h3",
      "type": "p",
      "color": "w"
    },
    {
      "square": "f2",
      "type": "p",
      "color": "w"
    }
  ]
}