{
  "event": "World Cup",
  "site": "Khanty-Mansiysk RUS",
  "date": "2019.10.04",
  "eventDate": "2019.09.10",
  "dateMillis": 1570118400000,
  "eventDateMillis": 1568044800000,
  "round": "7.9",
  "result": "0-1",
  "white": "Ding Liren",
  "black": "Teimour Radjabov",
  "isDingWin": false,
  "isDraw": false,
  "isDingBlack": false,
  "moves": [
    "Ke3",
    "Kf6",
    "Bd7",
    "Ke5",
    "Be8",
    "Nd5+",
    "Kd3",
    "Ne7",
    "Kc4",
    "a5",
    "Kc5",
    "Kf6",
    "Kb5",
    "Nf5",
    "Kxa5",
    "Nxg3",
    "Bb5",
    "g5",
    "Kb4",
    "Ke5",
    "Kc3",
    "Kf4",
    "Kd2",
    "Ne4+",
    "Ke1",
    "Kg3",
    "Bd7",
    "h4",
    "e3",
    "Nf2",
    "Kf1",
    "Nxh3",
    "e4",
    "Nf4",
    "e5",
    "h3",
    "Bc6",
    "h2",
    "Bb7",
    "g4",
    "Bc6",
    "Kh3",
    "Bb7",
    "g3",
    "Bc8+",
    "Kh4",
    "Bb7",
    "Kg5",
    "Be4",
    "Kg4",
    "e6",
    "Nxe6",
    "Kg2",
    "Nf4+",
    "Kh1",
    "Nh3",
    "Bf3+",
    "Kf4",
    "Kg2",
    "Nf2",
    "Kf1",
    "Kxf3"
  ],
  "statePieceCount": 10,
  "endPieceCount": 5,
  "boardState": [
    {
      "square": "g7",
      "type": "k",
      "color": "b"
    },
    {
      "square": "a6",
      "type": "p",
      "color": "b"
    },
    {
      "square": "e6",
      "type": "b",
      "color": "w"
    },
    {
      "square": "g6",
      "type": "p",
      "color": "b"
    },
    {
      "square": "h5",
      "type": "p",
      "color": "b"
    },
    {
      "square": "b4",
      "type": "n",
      "color": "b"
    },
    {
      "square": "g3",
      "type": "p",
      "color": "w"
    },
    {
      "square": "h3",
      "type": "p",
      "color": "w"
    },
    {
      "square": "e2",
      "type": "p",
      "color": "w"
    },
    {
      "square": "f2",
      "type": "k",
      "color": "w"
    }
  ],
  "nextTurn": "w"
}