{
  "event": "World Cup",
  "site": "Khanty-Mansiysk RUS",
  "date": "2019.09.30",
  "eventDate": "2019.09.10",
  "dateMillis": 1569772800000,
  "eventDateMillis": 1568044800000,
  "round": "7.1",
  "result": "1/2-1/2",
  "white": "Teimour Radjabov",
  "black": "Ding Liren",
  "isDingWin": false,
  "isDraw": true,
  "isDingBlack": true,
  "moves": [
    "Rb3",
    "f3",
    "Rxc3",
    "Rxb5"
  ],
  "statePieceCount": 10,
  "endPieceCount": 8,
  "boardState": [
    {
      "square": "g8",
      "type": "k",
      "color": "b"
    },
    {
      "square": "g7",
      "type": "p",
      "color": "b"
    },
    {
      "square": "h7",
      "type": "p",
      "color": "b"
    },
    {
      "square": "b5",
      "type": "p",
      "color": "b"
    },
    {
      "square": "d5",
      "type": "r",
      "color": "w"
    },
    {
      "square": "c3",
      "type": "p",
      "color": "w"
    },
    {
      "square": "g3",
      "type": "k",
      "color": "w"
    },
    {
      "square": "h3",
      "type": "p",
      "color": "w"
    },
    {
      "square": "b2",
      "type": "r",
      "color": "b"
    },
    {
      "square": "f2",
      "type": "p",
      "color": "w"
    }
  ]
}