{
  "event": "GCT Kolkata Rapid & Blitz",
  "site": "Kolkata IND",
  "date": "2019.11.26",
  "eventDate": "2019.11.25",
  "dateMillis": 1574697600000,
  "eventDateMillis": 1574611200000,
  "round": "15.1",
  "result": "0-1",
  "white": "Ding Liren",
  "black": "Pentala Harikrishna",
  "isDingWin": false,
  "isDraw": false,
  "isDingBlack": false,
  "moves": [
    "Qc7",
    "h5",
    "Qd7",
    "h4+",
    "Kh2",
    "Kg7",
    "Qd4+",
    "Kh6",
    "Qe3",
    "f5",
    "Qd2",
    "Bc6",
    "Qe3",
    "Kh5",
    "Qd2",
    "Rg4",
    "Qe2",
    "Kg5",
    "Qd2+",
    "Kf6",
    "Qd8+",
    "Kg7",
    "Qc7+",
    "Kh6",
    "Qd6",
    "f4",
    "Qf6",
    "f3",
    "Qd6",
    "Rg2+",
    "Kh3",
    "Rg3+",
    "Kh2",
    "Rg5",
    "Qf6",
    "Rg2+",
    "Kh3",
    "Rg3+",
    "Kh2",
    "Rg5",
    "Kh3",
    "f2",
    "Kh2",
    "Rg2+",
    "Kh3",
    "Rg3+",
    "Kh2",
    "Rf3",
    "Qd6",
    "Rf7",
    "Qf4+",
    "Rxf4"
  ],
  "statePieceCount": 10,
  "endPieceCount": 9,
  "boardState": [
    {
      "square": "b7",
      "type": "p",
      "color": "b"
    },
    {
      "square": "d7",
      "type": "q",
      "color": "w"
    },
    {
      "square": "f7",
      "type": "p",
      "color": "b"
    },
    {
      "square": "h7",
      "type": "k",
      "color": "b"
    },
    {
      "square": "b6",
      "type": "p",
      "color": "w"
    },
    {
      "square": "g6",
      "type": "n",
      "color": "b"
    },
    {
      "square": "h6",
      "type": "p",
      "color": "b"
    },
    {
      "square": "e4",
      "type": "b",
      "color": "b"
    },
    {
      "square": "f4",
      "type": "r",
      "color": "b"
    },
    {
      "square": "g3",
      "type": "k",
      "color": "w"
    }
  ]
}