{
  "event": "London Chess Classic GCT Finals",
  "site": "London ENG",
  "date": "2019.12.06",
  "eventDate": "2019.12.02",
  "dateMillis": 1575561600000,
  "eventDateMillis": 1575216000000,
  "round": "2.1",
  "result": "1/2-1/2",
  "white": "Maxime Vachier-Lagrave",
  "black": "Ding Liren",
  "isDingWin": false,
  "isDraw": true,
  "isDingBlack": true,
  "moves": [
    "Qxe4",
    "Qh8+",
    "Ke7",
    "Qc8",
    "Qd4",
    "g4",
    "c4",
    "g5",
    "c3",
    "Kg2",
    "Kd6",
    "f3",
    "Qd2+",
    "Kh3",
    "Kd5",
    "Qf5",
    "Kc6",
    "Qc8+",
    "Kd6",
    "Qf8+",
    "Kc6",
    "Qc8+",
    "Kb5",
    "Qb7+",
    "Kc5",
    "Qa7+",
    "Kd6",
    "Qb8+",
    "Kd5",
    "Qb7+",
    "Kd4",
    "Qe4+",
    "Kc5",
    "Qxe5+",
    "Kc4",
    "Qe4+",
    "Kb3",
    "Qb1+",
    "Ka3",
    "Qa1+",
    "Kb4",
    "Qb1+",
    "Kc5",
    "Qf5+",
    "Qd5",
    "Qc8+",
    "Kd4",
    "Qg4+",
    "Kd3",
    "g6",
    "c2",
    "gxf7",
    "c1=Q",
    "f8=Q",
    "Qh1+",
    "Kg3",
    "Qe5+",
    "Qgf4",
    "Qg1+",
    "Kh4",
    "Qh1+",
    "Kg3",
    "Qee1+",
    "Kg4",
    "Qhh4+",
    "Kf5",
    "Qh5+",
    "Kf6",
    "Qa1+",
    "Ke6",
    "Qa2+",
    "Kf6",
    "Qb2+",
    "Ke6",
    "Qb3+",
    "Kf6",
    "Qb2+",
    "Ke6",
    "Qb3+",
    "Kf6",
    "Qc3+",
    "Ke6",
    "Qg6+",
    "Q4f6",
    "Qc6+",
    "Ke7",
    "Qc5+",
    "Ke6",
    "Qc6+",
    "Ke7",
    "Qc7+",
    "Ke6",
    "Qb6+",
    "Ke7",
    "Qc5+",
    "Ke6",
    "Qcf5+",
    "Ke7",
    "Qc5+"
  ],
  "statePieceCount": 10,
  "endPieceCount": 7,
  "boardState": [
    {
      "square": "e8",
      "type": "k",
      "color": "b"
    },
    {
      "square": "f7",
      "type": "p",
      "color": "b"
    },
    {
      "square": "c5",
      "type": "p",
      "color": "b"
    },
    {
      "square": "e5",
      "type": "p",
      "color": "b"
    },
    {
      "square": "h5",
      "type": "q",
      "color": "w"
    },
    {
      "square": "a4",
      "type": "q",
      "color": "b"
    },
    {
      "square": "e4",
      "type": "p",
      "color": "w"
    },
    {
      "square": "g3",
      "type": "p",
      "color": "w"
    },
    {
      "square": "f2",
      "type": "p",
      "color": "w"
    },
    {
      "square": "g1",
      "type": "k",
      "color": "w"
    }
  ],
  "nextTurn": "b"
}