{
  "event": "London Chess Classic GCT Finals",
  "site": "London ENG",
  "date": "2019.12.08",
  "eventDate": "2019.12.02",
  "dateMillis": 1575734400000,
  "eventDateMillis": 1575216000000,
  "round": "2.8",
  "result": "1-0",
  "white": "Maxime Vachier-Lagrave",
  "black": "Ding Liren",
  "isDingWin": false,
  "isDraw": false,
  "isDingBlack": true,
  "moves": [
    "Kd7",
    "Kf6",
    "Ke8",
    "Kg7",
    "Ke7",
    "Kxh6",
    "Kf6",
    "Kh7",
    "Kxf5",
    "Kg7",
    "Kg5",
    "h6"
  ],
  "statePieceCount": 10,
  "endPieceCount": 8,
  "boardState": [
    {
      "square": "e7",
      "type": "k",
      "color": "b"
    },
    {
      "square": "f7",
      "type": "p",
      "color": "b"
    },
    {
      "square": "h6",
      "type": "p",
      "color": "b"
    },
    {
      "square": "b5",
      "type": "p",
      "color": "b"
    },
    {
      "square": "e5",
      "type": "k",
      "color": "w"
    },
    {
      "square": "f5",
      "type": "p",
      "color": "w"
    },
    {
      "square": "h5",
      "type": "p",
      "color": "w"
    },
    {
      "square": "b4",
      "type": "p",
      "color": "w"
    },
    {
      "square": "c4",
      "type": "p",
      "color": "b"
    },
    {
      "square": "c3",
      "type": "p",
      "color": "w"
    }
  ],
  "nextTurn": "b"
}