{
  "event": "Magnus Carlsen Invitational",
  "site": "chess24.com INT",
  "date": "2020.04.23",
  "eventDate": "2020.04.18",
  "dateMillis": 1587571200000,
  "eventDateMillis": 1587139200000,
  "round": "3.1",
  "result": "1/2-1/2",
  "white": "Maxime Vachier-Lagrave",
  "black": "Ding Liren",
  "isDingWin": false,
  "isDraw": true,
  "isDingBlack": true,
  "moves": [
    "Bxg4",
    "b4",
    "Bd7",
    "Rg3",
    "Kg7",
    "Kg2",
    "f6",
    "gxf6+",
    "Kxf6",
    "Rc3"
  ],
  "statePieceCount": 10,
  "endPieceCount": 7,
  "boardState": [
    {
      "square": "g8",
      "type": "k",
      "color": "b"
    },
    {
      "square": "f7",
      "type": "p",
      "color": "b"
    },
    {
      "square": "d6",
      "type": "b",
      "color": "w"
    },
    {
      "square": "g5",
      "type": "p",
      "color": "w"
    },
    {
      "square": "e4",
      "type": "r",
      "color": "b"
    },
    {
      "square": "g4",
      "type": "p",
      "color": "w"
    },
    {
      "square": "b2",
      "type": "p",
      "color": "w"
    },
    {
      "square": "e2",
      "type": "b",
      "color": "b"
    },
    {
      "square": "h2",
      "type": "k",
      "color": "w"
    },
    {
      "square": "g1",
      "type": "r",
      "color": "w"
    }
  ],
  "nextTurn": "b"
}