{
  "event": "FIDE Chess.com Online Nations Cup",
  "site": "chess.com INT",
  "date": "2020.05.05",
  "eventDate": "2020.05.05",
  "dateMillis": 1588608000000,
  "eventDateMillis": 1588608000000,
  "round": "2.3",
  "result": "1/2-1/2",
  "white": "Maxime Vachier-Lagrave",
  "black": "Ding Liren",
  "isDingWin": false,
  "isDraw": true,
  "isDingBlack": true,
  "moves": [
    "Rxb7",
    "Ra4",
    "Kg6",
    "Kf3",
    "Kg5",
    "Ra5+",
    "f5",
    "Ra4",
    "Rc7",
    "Kg2",
    "Rd7",
    "Kf3",
    "Rf7",
    "Ra5",
    "Rc7",
    "Ra4",
    "Rc3+",
    "Kg2",
    "Rc7",
    "Kf3",
    "Rc3+",
    "Kg2",
    "Rc7",
    "Kf3"
  ],
  "statePieceCount": 10,
  "endPieceCount": 9,
  "boardState": [
    {
      "square": "b8",
      "type": "r",
      "color": "b"
    },
    {
      "square": "a7",
      "type": "p",
      "color": "b"
    },
    {
      "square": "b7",
      "type": "b",
      "color": "w"
    },
    {
      "square": "f7",
      "type": "p",
      "color": "b"
    },
    {
      "square": "g7",
      "type": "k",
      "color": "b"
    },
    {
      "square": "h5",
      "type": "p",
      "color": "b"
    },
    {
      "square": "e4",
      "type": "r",
      "color": "w"
    },
    {
      "square": "g3",
      "type": "p",
      "color": "w"
    },
    {
      "square": "a2",
      "type": "p",
      "color": "w"
    },
    {
      "square": "f2",
      "type": "k",
      "color": "w"
    }
  ],
  "nextTurn": "b"
}