{
  "event": "Magnus Carlsen Invitational",
  "site": "chess24.com INT",
  "date": "2020.04.21",
  "eventDate": "2020.04.18",
  "dateMillis": 1587398400000,
  "eventDateMillis": 1587139200000,
  "round": "2.4",
  "result": "1-0",
  "white": "Fabiano Caruana",
  "black": "Ding Liren",
  "isDingWin": false,
  "isDraw": false,
  "isDingBlack": true,
  "moves": [
    "Ke6",
    "Rb2",
    "d6",
    "Re2+",
    "Kd5",
    "Rxf2",
    "d7",
    "Rf8",
    "Kc6",
    "Kg5",
    "d8=Q+",
    "Rxd8",
    "Rxd8",
    "Kh4",
    "Rd3"
  ],
  "statePieceCount": 10,
  "endPieceCount": 7,
  "boardState": [
    {
      "square": "b6",
      "type": "p",
      "color": "b"
    },
    {
      "square": "h6",
      "type": "k",
      "color": "b"
    },
    {
      "square": "b5",
      "type": "r",
      "color": "b"
    },
    {
      "square": "d5",
      "type": "p",
      "color": "w"
    },
    {
      "square": "f5",
      "type": "k",
      "color": "w"
    },
    {
      "square": "h5",
      "type": "p",
      "color": "b"
    },
    {
      "square": "a4",
      "type": "p",
      "color": "b"
    },
    {
      "square": "h3",
      "type": "p",
      "color": "w"
    },
    {
      "square": "f2",
      "type": "p",
      "color": "w"
    },
    {
      "square": "d1",
      "type": "r",
      "color": "w"
    }
  ]
}