{
  "event": "Magnus Carlsen Invitational",
  "site": "chess24.com INT",
  "date": "2020.04.25",
  "eventDate": "2020.04.18",
  "dateMillis": 1587744000000,
  "eventDateMillis": 1587139200000,
  "round": "4.5",
  "result": "1/2-1/2",
  "white": "Anish Giri",
  "black": "Ding Liren",
  "isDingWin": false,
  "isDraw": true,
  "isDingBlack": true,
  "moves": [
    "Rxf8",
    "Rxa5",
    "Kd6",
    "Rh5",
    "Rf3",
    "c3",
    "c5",
    "Kb3",
    "Rf4",
    "Rh6+",
    "Kd7",
    "Rh7+",
    "Kc6",
    "Rh8",
    "Kb6",
    "Rb8+",
    "Kc6",
    "Ra8",
    "Kb6",
    "Ra1",
    "Kc6",
    "Re1",
    "Kb6"
  ],
  "statePieceCount": 10,
  "endPieceCount": 8,
  "boardState": [
    {
      "square": "f8",
      "type": "r",
      "color": "w"
    },
    {
      "square": "c7",
      "type": "p",
      "color": "b"
    },
    {
      "square": "e7",
      "type": "k",
      "color": "b"
    },
    {
      "square": "c6",
      "type": "p",
      "color": "b"
    },
    {
      "square": "a5",
      "type": "p",
      "color": "b"
    },
    {
      "square": "d5",
      "type": "r",
      "color": "w"
    },
    {
      "square": "a2",
      "type": "k",
      "color": "w"
    },
    {
      "square": "b2",
      "type": "p",
      "color": "w"
    },
    {
      "square": "c2",
      "type": "p",
      "color": "w"
    },
    {
      "square": "f2",
      "type": "r",
      "color": "b"
    }
  ],
  "nextTurn": "b"
}