{
  "event": "Lindores Abbey Rapid Challenge",
  "site": "chess24.com INT",
  "date": "2020.05.23",
  "eventDate": "2020.05.23",
  "dateMillis": 1590163200000,
  "eventDateMillis": 1590163200000,
  "round": "1.15",
  "result": "1-0",
  "white": "Yu Yangyi",
  "black": "Ding Liren",
  "isDingWin": false,
  "isDraw": false,
  "isDingBlack": true,
  "moves": [
    "Rxa4",
    "Rf4+",
    "Ke6",
    "Kd1",
    "Ra1+",
    "Kc2",
    "a4",
    "Kd3",
    "a3",
    "Re4+",
    "Kd6",
    "Re2",
    "a2",
    "Ke4"
  ],
  "statePieceCount": 10,
  "endPieceCount": 9,
  "boardState": [
    {
      "square": "f7",
      "type": "k",
      "color": "b"
    },
    {
      "square": "a5",
      "type": "p",
      "color": "b"
    },
    {
      "square": "c5",
      "type": "p",
      "color": "b"
    },
    {
      "square": "a4",
      "type": "p",
      "color": "w"
    },
    {
      "square": "c4",
      "type": "p",
      "color": "w"
    },
    {
      "square": "d4",
      "type": "b",
      "color": "b"
    },
    {
      "square": "g4",
      "type": "r",
      "color": "w"
    },
    {
      "square": "g3",
      "type": "p",
      "color": "w"
    },
    {
      "square": "a2",
      "type": "r",
      "color": "b"
    },
    {
      "square": "e1",
      "type": "k",
      "color": "w"
    }
  ]
}