{
  "event": "Chessable Masters",
  "site": "chess24.com INT",
  "date": "2020.06.28",
  "eventDate": "2020.06.25",
  "dateMillis": 1593273600000,
  "eventDateMillis": 1593014400000,
  "round": "1.24",
  "result": "1-0",
  "white": "Ding Liren",
  "black": "Hikaru Nakamura",
  "isDingWin": true,
  "isDraw": false,
  "isDingBlack": false,
  "moves": [
    "Rxh4",
    "Ka5",
    "Kd7",
    "Rc5",
    "Rh1",
    "b6",
    "h4",
    "b7",
    "Ra1+",
    "Kb6",
    "Rb1+",
    "Ka7",
    "Ra1+",
    "Kb8",
    "h3",
    "Rc2",
    "Rh1",
    "Ra2",
    "Rb1",
    "Ka7"
  ],
  "statePieceCount": 10,
  "endPieceCount": 9,
  "boardState": [
    {
      "square": "c8",
      "type": "r",
      "color": "w"
    },
    {
      "square": "f7",
      "type": "p",
      "color": "b"
    },
    {
      "square": "b6",
      "type": "k",
      "color": "w"
    },
    {
      "square": "e6",
      "type": "k",
      "color": "b"
    },
    {
      "square": "b5",
      "type": "p",
      "color": "w"
    },
    {
      "square": "f5",
      "type": "p",
      "color": "b"
    },
    {
      "square": "h5",
      "type": "p",
      "color": "b"
    },
    {
      "square": "d4",
      "type": "r",
      "color": "b"
    },
    {
      "square": "h4",
      "type": "p",
      "color": "w"
    },
    {
      "square": "f3",
      "type": "p",
      "color": "w"
    }
  ],
  "nextTurn": "b"
}