{
  "event": "Chessable Masters",
  "site": "chess24.com INT",
  "date": "2020.06.29",
  "eventDate": "2020.06.25",
  "dateMillis": 1593360000000,
  "eventDateMillis": 1593014400000,
  "round": "1.32",
  "result": "0-1",
  "white": "Hikaru Nakamura",
  "black": "Ding Liren",
  "isDingWin": true,
  "isDraw": false,
  "isDingBlack": true,
  "moves": [
    "Kf7",
    "h4",
    "h6",
    "Ng3",
    "Ke6",
    "Ne4",
    "Kd5",
    "Ng3",
    "Kc4",
    "h5",
    "Qg5",
    "Bg1",
    "Kd5",
    "Bf2",
    "Ke6",
    "Bg1",
    "Qd2+",
    "Bf2",
    "Qd3",
    "Nf1",
    "Kf5",
    "Ne3+",
    "Kg5",
    "Ng4",
    "Kxh5",
    "Be3",
    "Qc3",
    "Kf2",
    "Kh4",
    "Bxh6",
    "Qxd4+",
    "Ke2",
    "Kg3",
    "Bd2",
    "Qc4+",
    "Ke3",
    "Qb3+",
    "Kd4",
    "c5+",
    "Ke4",
    "Qxf3+"
  ],
  "statePieceCount": 10,
  "endPieceCount": 6,
  "boardState": [
    {
      "square": "f8",
      "type": "k",
      "color": "b"
    },
    {
      "square": "c7",
      "type": "p",
      "color": "b"
    },
    {
      "square": "h7",
      "type": "p",
      "color": "b"
    },
    {
      "square": "d4",
      "type": "p",
      "color": "w"
    },
    {
      "square": "e4",
      "type": "n",
      "color": "w"
    },
    {
      "square": "f3",
      "type": "p",
      "color": "w"
    },
    {
      "square": "f2",
      "type": "b",
      "color": "w"
    },
    {
      "square": "g2",
      "type": "k",
      "color": "w"
    },
    {
      "square": "h2",
      "type": "p",
      "color": "w"
    },
    {
      "square": "c1",
      "type": "q",
      "color": "b"
    }
  ]
}