{
  "event": "Legends of Chess",
  "site": "chess24.com INT",
  "date": "2020.07.21",
  "eventDate": "2020.07.21",
  "dateMillis": 1595260800000,
  "eventDateMillis": 1595260800000,
  "round": "1.2",
  "result": "0-1",
  "white": "Ding Liren",
  "black": "Boris Gelfand",
  "isDingWin": false,
  "isDraw": false,
  "isDingBlack": false,
  "moves": [
    "Rxh7",
    "Ra6",
    "Ke2",
    "a3",
    "Rh1",
    "Ke7",
    "Kd2",
    "Kf6",
    "Kc2",
    "a2",
    "Kb2",
    "Ke5",
    "Ka1",
    "g5",
    "Re1+",
    "Kd4",
    "Rd1+",
    "Ke4",
    "Re1+",
    "Kf4",
    "Re3",
    "Ra5",
    "Rf3+",
    "Ke4",
    "Re3+",
    "Kd4",
    "Re8",
    "Kd3",
    "f3",
    "f4",
    "Re4",
    "Rc5",
    "g3",
    "fxg3",
    "Rg4",
    "Ke3",
    "Rxg3",
    "Kf4",
    "Rh3",
    "Rc3",
    "Kxa2",
    "g4"
  ],
  "statePieceCount": 10,
  "endPieceCount": 6,
  "boardState": [
    {
      "square": "a8",
      "type": "r",
      "color": "b"
    },
    {
      "square": "f8",
      "type": "k",
      "color": "b"
    },
    {
      "square": "b7",
      "type": "r",
      "color": "w"
    },
    {
      "square": "h7",
      "type": "p",
      "color": "b"
    },
    {
      "square": "g6",
      "type": "p",
      "color": "b"
    },
    {
      "square": "f5",
      "type": "p",
      "color": "b"
    },
    {
      "square": "a4",
      "type": "p",
      "color": "b"
    },
    {
      "square": "f2",
      "type": "p",
      "color": "w"
    },
    {
      "square": "g2",
      "type": "p",
      "color": "w"
    },
    {
      "square": "f1",
      "type": "k",
      "color": "w"
    }
  ],
  "nextTurn": "w"
}