{
  "event": "Legends of Chess",
  "site": "chess24.com INT",
  "date": "2020.07.24",
  "eventDate": "2020.07.21",
  "dateMillis": 1595520000000,
  "eventDateMillis": 1595260800000,
  "round": "4.1",
  "result": "1-0",
  "white": "Peter Svidler",
  "black": "Ding Liren",
  "isDingWin": false,
  "isDraw": false,
  "isDingBlack": true,
  "moves": [
    "fxe6",
    "Ra7",
    "Ke8",
    "g5",
    "Kd8",
    "Kh6",
    "e5",
    "Kxh7",
    "e4",
    "g6",
    "e3",
    "Rxa3"
  ],
  "statePieceCount": 10,
  "endPieceCount": 7,
  "boardState": [
    {
      "square": "f8",
      "type": "k",
      "color": "b"
    },
    {
      "square": "b7",
      "type": "r",
      "color": "w"
    },
    {
      "square": "f7",
      "type": "p",
      "color": "b"
    },
    {
      "square": "h7",
      "type": "p",
      "color": "b"
    },
    {
      "square": "e6",
      "type": "r",
      "color": "w"
    },
    {
      "square": "h5",
      "type": "k",
      "color": "w"
    },
    {
      "square": "g4",
      "type": "p",
      "color": "w"
    },
    {
      "square": "h4",
      "type": "p",
      "color": "w"
    },
    {
      "square": "a3",
      "type": "p",
      "color": "b"
    },
    {
      "square": "b2",
      "type": "b",
      "color": "b"
    }
  ],
  "nextTurn": "b"
}