{
  "event": "Legends of Chess",
  "site": "chess24.com INT",
  "date": "2020.07.29",
  "eventDate": "2020.07.21",
  "dateMillis": 1595952000000,
  "eventDateMillis": 1595260800000,
  "round": "9.1",
  "result": "1-0",
  "white": "Ding Liren",
  "black": "Peter Leko",
  "isDingWin": true,
  "isDraw": false,
  "isDingBlack": false,
  "moves": [
    "Nxb4",
    "f5",
    "Nd5",
    "f6",
    "Nxf6+",
    "gxf6",
    "Ke6",
    "Nf4+",
    "Kxf6",
    "Nxh5+",
    "Kg5",
    "Nf4",
    "Kh4",
    "Kf3",
    "b4",
    "Kg2",
    "b3",
    "Nd3",
    "Kh5",
    "Kg3",
    "Kg5",
    "h4+",
    "Kf5",
    "Kf3",
    "Ke6",
    "Nc5+"
  ],
  "statePieceCount": 10,
  "endPieceCount": 5,
  "boardState": [
    {
      "square": "d6",
      "type": "k",
      "color": "b"
    },
    {
      "square": "g6",
      "type": "n",
      "color": "w"
    },
    {
      "square": "b5",
      "type": "p",
      "color": "b"
    },
    {
      "square": "d5",
      "type": "n",
      "color": "b"
    },
    {
      "square": "g5",
      "type": "p",
      "color": "w"
    },
    {
      "square": "h5",
      "type": "p",
      "color": "b"
    },
    {
      "square": "b4",
      "type": "p",
      "color": "w"
    },
    {
      "square": "e4",
      "type": "k",
      "color": "w"
    },
    {
      "square": "f4",
      "type": "p",
      "color": "w"
    },
    {
      "square": "h3",
      "type": "p",
      "color": "w"
    }
  ],
  "nextTurn": "b"
}