{
  "event": "Skilling Open",
  "site": "chess24.com INT",
  "date": "2020.11.24",
  "eventDate": "2020.11.22",
  "dateMillis": 1606147200000,
  "eventDateMillis": 1605974400000,
  "round": "13.8",
  "result": "1-0",
  "white": "Jan-Krzysztof Duda",
  "black": "Ding Liren",
  "isDingWin": false,
  "isDraw": false,
  "isDingBlack": true,
  "moves": [
    "Nc7",
    "a7",
    "h5",
    "Ke3",
    "Kg7",
    "Nc4",
    "Kg6",
    "Nb6",
    "Kf5",
    "Kf3",
    "g4+",
    "Kg2",
    "Kg5",
    "a8=Q",
    "Nxa8",
    "Nxa8",
    "f5",
    "Nc7",
    "h4",
    "gxh4+",
    "Kxh4",
    "Ne6"
  ],
  "statePieceCount": 10,
  "endPieceCount": 6,
  "boardState": [
    {
      "square": "g8",
      "type": "k",
      "color": "b"
    },
    {
      "square": "f7",
      "type": "p",
      "color": "b"
    },
    {
      "square": "a6",
      "type": "p",
      "color": "w"
    },
    {
      "square": "e6",
      "type": "n",
      "color": "b"
    },
    {
      "square": "h6",
      "type": "p",
      "color": "b"
    },
    {
      "square": "a5",
      "type": "n",
      "color": "w"
    },
    {
      "square": "g5",
      "type": "p",
      "color": "b"
    },
    {
      "square": "g3",
      "type": "p",
      "color": "w"
    },
    {
      "square": "d2",
      "type": "k",
      "color": "w"
    },
    {
      "square": "f2",
      "type": "p",
      "color": "w"
    }
  ],
  "nextTurn": "b"
}