{
  "event": "Opera Euro Rapid",
  "site": "chess24.com INT",
  "date": "2021.02.06",
  "eventDate": "2021.02.06",
  "dateMillis": 1612540800000,
  "eventDateMillis": 1612540800000,
  "round": "2.6",
  "result": "1/2-1/2",
  "white": "Ding Liren",
  "black": "Matthias Bluebaum",
  "isDingWin": false,
  "isDraw": true,
  "isDingBlack": false,
  "moves": [
    "Rh7+",
    "Ke8",
    "f6",
    "Rf3",
    "Re7+",
    "Kd8",
    "Ra7",
    "a3",
    "Bf4",
    "a2",
    "f7",
    "Rxf4+",
    "Kxf4",
    "Bxf7",
    "Ke5",
    "Kc8",
    "Kd6",
    "Bd5",
    "Ra3",
    "Kb7",
    "Kd7",
    "Bc4",
    "Kd6",
    "Bd5",
    "Ke5",
    "Bc4",
    "Kd4",
    "Bd5",
    "Kc3",
    "Be6",
    "Kb2",
    "Bd5",
    "Kc3",
    "Be6"
  ],
  "statePieceCount": 10,
  "endPieceCount": 7,
  "boardState": [
    {
      "square": "e7",
      "type": "k",
      "color": "b"
    },
    {
      "square": "c6",
      "type": "p",
      "color": "b"
    },
    {
      "square": "h6",
      "type": "r",
      "color": "w"
    },
    {
      "square": "c5",
      "type": "p",
      "color": "w"
    },
    {
      "square": "d5",
      "type": "b",
      "color": "b"
    },
    {
      "square": "e5",
      "type": "b",
      "color": "w"
    },
    {
      "square": "f5",
      "type": "p",
      "color": "w"
    },
    {
      "square": "a4",
      "type": "p",
      "color": "b"
    },
    {
      "square": "g4",
      "type": "k",
      "color": "w"
    },
    {
      "square": "a3",
      "type": "r",
      "color": "b"
    }
  ],
  "nextTurn": "w"
}