{
  "event": "FTX Crypto Cup",
  "site": "chess24.com INT",
  "date": "2021.05.23",
  "eventDate": "2021.05.23",
  "dateMillis": 1621699200000,
  "eventDateMillis": 1621699200000,
  "round": "4.1",
  "result": "1/2-1/2",
  "white": "Levon Aronian",
  "black": "Ding Liren",
  "isDingWin": false,
  "isDraw": true,
  "isDingBlack": true,
  "moves": [
    "gxf6",
    "Ng6",
    "Kd3",
    "a4",
    "Kxd4",
    "a3",
    "Bc4+",
    "Kb2",
    "Bd5",
    "Nf8",
    "f7",
    "a2",
    "Bxa2",
    "Kxa2",
    "Kc4",
    "Kb2",
    "Kb5",
    "Kc3",
    "Kxb6",
    "Kd4",
    "Kc7",
    "Ke5",
    "Kd8",
    "Kf6",
    "Ke8",
    "Nh7",
    "f4",
    "Kf5",
    "f8=Q+",
    "Nxf8",
    "Kxf8",
    "Kxf4"
  ],
  "statePieceCount": 10,
  "endPieceCount": 2,
  "boardState": [
    {
      "square": "e7",
      "type": "n",
      "color": "b"
    },
    {
      "square": "b6",
      "type": "p",
      "color": "b"
    },
    {
      "square": "f6",
      "type": "p",
      "color": "b"
    },
    {
      "square": "a5",
      "type": "p",
      "color": "b"
    },
    {
      "square": "b5",
      "type": "b",
      "color": "w"
    },
    {
      "square": "g5",
      "type": "p",
      "color": "w"
    },
    {
      "square": "d4",
      "type": "p",
      "color": "b"
    },
    {
      "square": "b3",
      "type": "k",
      "color": "b"
    },
    {
      "square": "f3",
      "type": "p",
      "color": "w"
    },
    {
      "square": "d2",
      "type": "k",
      "color": "w"
    }
  ]
}