{
  "event": "FTX Crypto Cup",
  "site": "chess24.com INT",
  "date": "2021.05.25",
  "eventDate": "2021.05.23",
  "dateMillis": 1621872000000,
  "eventDateMillis": 1621699200000,
  "round": "13.4",
  "result": "1/2-1/2",
  "white": "Ding Liren",
  "black": "Shakhriyar Mamedyarov",
  "isDingWin": false,
  "isDraw": true,
  "isDingBlack": false,
  "moves": [
    "Rxf6",
    "Kg5",
    "Re6",
    "Ra2+",
    "Kd3",
    "Ra3+",
    "Kc4",
    "Kf4",
    "Rxh6",
    "Kxe4",
    "Rh8",
    "Kf4",
    "Rg8",
    "e4",
    "g5",
    "e3",
    "g6",
    "Kg5",
    "g7",
    "Kg6",
    "Re8",
    "Kxg7",
    "Kb4",
    "Kf7",
    "Re4",
    "Rd3",
    "Kc4",
    "Ra3",
    "Kb4",
    "Rd3",
    "Kc4",
    "Ra3",
    "Kb4"
  ],
  "statePieceCount": 10,
  "endPieceCount": 6,
  "boardState": [
    {
      "square": "a6",
      "type": "p",
      "color": "b"
    },
    {
      "square": "f6",
      "type": "p",
      "color": "b"
    },
    {
      "square": "g6",
      "type": "r",
      "color": "w"
    },
    {
      "square": "h6",
      "type": "p",
      "color": "b"
    },
    {
      "square": "a5",
      "type": "r",
      "color": "b"
    },
    {
      "square": "e5",
      "type": "p",
      "color": "b"
    },
    {
      "square": "e4",
      "type": "p",
      "color": "w"
    },
    {
      "square": "g4",
      "type": "p",
      "color": "w"
    },
    {
      "square": "h4",
      "type": "k",
      "color": "b"
    },
    {
      "square": "e2",
      "type": "k",
      "color": "w"
    }
  ]
}