{
  "event": "Goldmoney Asian Rapid",
  "site": "chess24.com INT",
  "date": "2021.06.26",
  "eventDate": "2021.06.26",
  "dateMillis": 1624636800000,
  "eventDateMillis": 1624636800000,
  "round": "4.8",
  "result": "1/2-1/2",
  "white": "Ding Liren",
  "black": "D Gukesh",
  "isDingWin": false,
  "isDraw": true,
  "isDingBlack": false,
  "moves": [
    "gxh6",
    "g5",
    "hxg5",
    "hxg5",
    "Kd6",
    "Kf6",
    "Ne5",
    "g6",
    "Nd7+",
    "Kf7",
    "Ne5+",
    "Kf6",
    "Nd7+",
    "Kf7",
    "Ne5+",
    "Kf6"
  ],
  "statePieceCount": 10,
  "endPieceCount": 7,
  "boardState": [
    {
      "square": "g7",
      "type": "p",
      "color": "b"
    },
    {
      "square": "h6",
      "type": "n",
      "color": "w"
    },
    {
      "square": "d5",
      "type": "k",
      "color": "b"
    },
    {
      "square": "f5",
      "type": "k",
      "color": "w"
    },
    {
      "square": "e4",
      "type": "p",
      "color": "b"
    },
    {
      "square": "g4",
      "type": "p",
      "color": "w"
    },
    {
      "square": "h4",
      "type": "p",
      "color": "w"
    },
    {
      "square": "d3",
      "type": "n",
      "color": "b"
    },
    {
      "square": "e3",
      "type": "p",
      "color": "w"
    },
    {
      "square": "f2",
      "type": "p",
      "color": "w"
    }
  ]
}