{
  "event": "Goldmoney Asian Rapid",
  "site": "chess24.com INT",
  "date": "2021.07.02",
  "eventDate": "2021.06.26",
  "dateMillis": 1625155200000,
  "eventDateMillis": 1624636800000,
  "round": "2.21",
  "result": "1/2-1/2",
  "white": "Ding Liren",
  "black": "Vladislav Artemiev",
  "isDingWin": false,
  "isDraw": true,
  "isDingBlack": false,
  "moves": [
    "Nc1",
    "Ba5",
    "Rc5",
    "Rb7+",
    "Kg6",
    "Bd2",
    "Ne2+",
    "Kf2",
    "Nd4",
    "Be3",
    "Rc2+",
    "Kf1",
    "Nf5",
    "Bf2",
    "Nh6",
    "Rb5",
    "Ng4",
    "Bd4",
    "Rd2",
    "Bb6",
    "Rc2",
    "Ba7",
    "Rc4",
    "g3",
    "Rc2",
    "Bb8",
    "Nh2+",
    "Kg1",
    "Nf3+",
    "Kf1",
    "Nd4",
    "Ra5",
    "Rb2",
    "Bf4",
    "Ne6",
    "Bd6",
    "Rd2",
    "Bb8",
    "Rd8",
    "Ba7",
    "Ra8",
    "Bb6",
    "Rxa5",
    "Bxa5",
    "Kf5",
    "Kg2",
    "Kg4",
    "Bc3",
    "f5",
    "Be5",
    "Nc5",
    "Bd6",
    "Nd3",
    "Bc7",
    "Ne1+",
    "Kf2",
    "Nc2",
    "Bb8"
  ],
  "statePieceCount": 10,
  "endPieceCount": 8,
  "boardState": [
    {
      "square": "c7",
      "type": "r",
      "color": "b"
    },
    {
      "square": "g7",
      "type": "k",
      "color": "b"
    },
    {
      "square": "f6",
      "type": "p",
      "color": "b"
    },
    {
      "square": "h5",
      "type": "p",
      "color": "b"
    },
    {
      "square": "h4",
      "type": "p",
      "color": "w"
    },
    {
      "square": "b3",
      "type": "r",
      "color": "w"
    },
    {
      "square": "c3",
      "type": "b",
      "color": "w"
    },
    {
      "square": "d3",
      "type": "n",
      "color": "b"
    },
    {
      "square": "g2",
      "type": "p",
      "color": "w"
    },
    {
      "square": "g1",
      "type": "k",
      "color": "w"
    }
  ]
}