{
  "event": "Goldmoney Asian Rapid",
  "site": "chess24.com INT",
  "date": "2021.07.04",
  "eventDate": "2021.06.26",
  "dateMillis": 1625328000000,
  "eventDateMillis": 1624636800000,
  "round": "3.21",
  "result": "1-0",
  "white": "Ding Liren",
  "black": "Magnus Carlsen",
  "isDingWin": true,
  "isDraw": false,
  "isDingBlack": false,
  "moves": [
    "Qh3+",
    "Kg1",
    "Qxb3",
    "Qe5+",
    "Kf8",
    "a5",
    "Qa3",
    "Qg5",
    "Qb4",
    "Qf5",
    "Qa3",
    "Qc8+",
    "Ke7",
    "a6",
    "g3",
    "Qb7+",
    "Kf6",
    "a7",
    "Qc1+",
    "Kg2",
    "gxf2",
    "Qb6+",
    "Ke7",
    "Qxf2",
    "Qg5+",
    "Kh3",
    "Qa5",
    "Kg4",
    "Qa1",
    "Qc5+",
    "Kf6",
    "Qc6+",
    "Kg7",
    "a8=Q",
    "Qg1+",
    "Kf5"
  ],
  "statePieceCount": 10,
  "endPieceCount": 7,
  "boardState": [
    {
      "square": "f7",
      "type": "p",
      "color": "b"
    },
    {
      "square": "g7",
      "type": "k",
      "color": "b"
    },
    {
      "square": "a5",
      "type": "q",
      "color": "w"
    },
    {
      "square": "a4",
      "type": "p",
      "color": "w"
    },
    {
      "square": "e4",
      "type": "p",
      "color": "w"
    },
    {
      "square": "g4",
      "type": "p",
      "color": "b"
    },
    {
      "square": "h4",
      "type": "q",
      "color": "b"
    },
    {
      "square": "b3",
      "type": "p",
      "color": "w"
    },
    {
      "square": "f2",
      "type": "p",
      "color": "w"
    },
    {
      "square": "g2",
      "type": "k",
      "color": "w"
    }
  ],
  "nextTurn": "b"
}