{
  "event": "Charity Cup",
  "site": "Chess24",
  "date": "2022.03.21",
  "eventDate": "2022.03.19",
  "dateMillis": 1647792000000,
  "eventDateMillis": 1647619200000,
  "round": "12.4",
  "result": "1-0",
  "white": "Ding Liren",
  "black": "Quang Liem Le",
  "isDingWin": true,
  "isDraw": false,
  "isDingBlack": false,
  "moves": [
    "Ra2",
    "bxa5",
    "bxa5",
    "Ra7",
    "Rxa3",
    "Kg2",
    "a4",
    "h4",
    "Ke8",
    "h5",
    "Ra2+",
    "Kg3",
    "Ra1",
    "h6",
    "Rh1",
    "h7",
    "Kf8",
    "g5",
    "a3",
    "g6"
  ],
  "statePieceCount": 10,
  "endPieceCount": 7,
  "boardState": [
    {
      "square": "d8",
      "type": "k",
      "color": "b"
    },
    {
      "square": "h7",
      "type": "r",
      "color": "w"
    },
    {
      "square": "b6",
      "type": "p",
      "color": "b"
    },
    {
      "square": "a5",
      "type": "p",
      "color": "b"
    },
    {
      "square": "b4",
      "type": "p",
      "color": "w"
    },
    {
      "square": "g4",
      "type": "p",
      "color": "w"
    },
    {
      "square": "a3",
      "type": "p",
      "color": "w"
    },
    {
      "square": "h3",
      "type": "p",
      "color": "w"
    },
    {
      "square": "c2",
      "type": "r",
      "color": "b"
    },
    {
      "square": "g1",
      "type": "k",
      "color": "w"
    }
  ],
  "nextTurn": "b"
}