{
  "event": "Charity Cup",
  "site": "Chess24",
  "date": "2022.03.23",
  "eventDate": "2022.03.19",
  "dateMillis": 1647964800000,
  "eventDateMillis": 1647619200000,
  "round": "1.13",
  "result": "1-0",
  "white": "Ding Liren",
  "black": "Van Foreest, Jorden",
  "isDingWin": true,
  "isDraw": false,
  "isDingBlack": false,
  "moves": [
    "Nc4",
    "Kg5",
    "b5",
    "Nc5",
    "Kg3",
    "Kf5",
    "Kf3",
    "Ke6",
    "b6",
    "Kd5",
    "Na5",
    "Nd7",
    "b7",
    "Kc5",
    "Nb3+",
    "Kc4",
    "Nd2+",
    "Kd5",
    "Ne4",
    "Kc6",
    "Nf6",
    "Nb8",
    "Nxh7",
    "Kxb7",
    "Nf8",
    "Kc6",
    "Ke4",
    "Kc5",
    "Nxg6",
    "Nd7",
    "Nf4",
    "Nf6+",
    "Ke5",
    "Nd7+",
    "Kf5",
    "Kd6",
    "Ke4",
    "Kc5",
    "Ne6+",
    "Kc4",
    "Nxd4",
    "Nf6+",
    "Kf5",
    "Nd5",
    "Ke5",
    "Nb4",
    "Nf5",
    "Nd3+",
    "Kf6",
    "Nf4",
    "h4"
  ],
  "statePieceCount": 10,
  "endPieceCount": 6,
  "boardState": [
    {
      "square": "h7",
      "type": "p",
      "color": "b"
    },
    {
      "square": "g6",
      "type": "p",
      "color": "b"
    },
    {
      "square": "h6",
      "type": "k",
      "color": "b"
    },
    {
      "square": "b4",
      "type": "p",
      "color": "w"
    },
    {
      "square": "d4",
      "type": "p",
      "color": "b"
    },
    {
      "square": "e4",
      "type": "n",
      "color": "b"
    },
    {
      "square": "e3",
      "type": "n",
      "color": "w"
    },
    {
      "square": "h3",
      "type": "p",
      "color": "w"
    },
    {
      "square": "g2",
      "type": "p",
      "color": "w"
    },
    {
      "square": "h2",
      "type": "k",
      "color": "w"
    }
  ]
}