{
  "event": "Team Asian Games Q2",
  "site": "Hangzhou CHN",
  "date": "2022.04.18",
  "eventDate": "2022.04.14",
  "dateMillis": 1650211200000,
  "eventDateMillis": 1649865600000,
  "round": "5.2",
  "result": "1-0",
  "white": "Ding Liren",
  "black": "Zhong Zhang",
  "isDingWin": true,
  "isDraw": false,
  "isDingBlack": false,
  "moves": [
    "Kd4",
    "Bf6",
    "c3",
    "bxc3+",
    "Kxc3",
    "g4",
    "Kc4",
    "Kg3",
    "Bd5",
    "f4",
    "Be4",
    "f5",
    "Kd5",
    "Kf4",
    "Bd3",
    "Bg7",
    "Bc2",
    "Kg5",
    "Kc6",
    "e6",
    "Kd5"
  ],
  "statePieceCount": 10,
  "endPieceCount": 8,
  "boardState": [
    {
      "square": "f7",
      "type": "p",
      "color": "b"
    },
    {
      "square": "e6",
      "type": "b",
      "color": "b"
    },
    {
      "square": "e5",
      "type": "p",
      "color": "w"
    },
    {
      "square": "c4",
      "type": "p",
      "color": "b"
    },
    {
      "square": "h4",
      "type": "b",
      "color": "w"
    },
    {
      "square": "e3",
      "type": "k",
      "color": "b"
    },
    {
      "square": "f3",
      "type": "p",
      "color": "w"
    },
    {
      "square": "b2",
      "type": "p",
      "color": "w"
    },
    {
      "square": "g2",
      "type": "p",
      "color": "w"
    },
    {
      "square": "h2",
      "type": "k",
      "color": "w"
    }
  ]
}