{
  "event": "Team Asian Games Q2",
  "site": "Hangzhou CHN",
  "date": "2022.04.23",
  "eventDate": "2022.04.14",
  "dateMillis": 1650643200000,
  "eventDateMillis": 1649865600000,
  "round": "9.1",
  "result": "0-1",
  "white": "Zhong Zhang",
  "black": "Ding Liren",
  "isDingWin": true,
  "isDraw": false,
  "isDingBlack": true,
  "moves": [
    "Qf3+",
    "Ke1",
    "Qxg3+",
    "Kd2",
    "Qf4+",
    "Kc3",
    "Qc1+",
    "Kb3",
    "Qd1+",
    "Kc3",
    "Kf3",
    "Qe8",
    "Qc1+",
    "Kb3",
    "g4",
    "Qh5",
    "Qd1+",
    "Ka3",
    "Qa1+",
    "Kb3",
    "Qe5",
    "Qh1+",
    "Kf2",
    "Qh4+",
    "g3",
    "b5",
    "Qf6"
  ],
  "statePieceCount": 10,
  "endPieceCount": 9,
  "boardState": [
    {
      "square": "e7",
      "type": "p",
      "color": "b"
    },
    {
      "square": "d6",
      "type": "p",
      "color": "b"
    },
    {
      "square": "b5",
      "type": "q",
      "color": "w"
    },
    {
      "square": "d5",
      "type": "p",
      "color": "w"
    },
    {
      "square": "g5",
      "type": "p",
      "color": "b"
    },
    {
      "square": "b4",
      "type": "p",
      "color": "w"
    },
    {
      "square": "e4",
      "type": "q",
      "color": "b"
    },
    {
      "square": "g4",
      "type": "k",
      "color": "b"
    },
    {
      "square": "g3",
      "type": "p",
      "color": "w"
    },
    {
      "square": "f2",
      "type": "k",
      "color": "w"
    }
  ],
  "nextTurn": "b"
}