{
  "event": "Team Asian Games Q2",
  "site": "Hangzhou CHN",
  "date": "2022.04.22",
  "eventDate": "2022.04.14",
  "dateMillis": 1650556800000,
  "eventDateMillis": 1649865600000,
  "round": "8.1",
  "result": "1/2-1/2",
  "white": "Ding Liren",
  "black": "Yi Wei",
  "isDingWin": false,
  "isDraw": true,
  "isDingBlack": false,
  "moves": [
    "Bxa5",
    "Kb7",
    "Bd8",
    "Bg4",
    "Ba5",
    "Bf3",
    "Bd8",
    "Bg4"
  ],
  "statePieceCount": 10,
  "endPieceCount": 9,
  "boardState": [
    {
      "square": "d8",
      "type": "b",
      "color": "b"
    },
    {
      "square": "a7",
      "type": "k",
      "color": "w"
    },
    {
      "square": "d7",
      "type": "b",
      "color": "w"
    },
    {
      "square": "c6",
      "type": "p",
      "color": "w"
    },
    {
      "square": "d6",
      "type": "k",
      "color": "b"
    },
    {
      "square": "h6",
      "type": "p",
      "color": "b"
    },
    {
      "square": "a5",
      "type": "p",
      "color": "w"
    },
    {
      "square": "f4",
      "type": "p",
      "color": "b"
    },
    {
      "square": "h3",
      "type": "p",
      "color": "w"
    },
    {
      "square": "g2",
      "type": "p",
      "color": "w"
    }
  ],
  "nextTurn": "b"
}