{
  "event": "Chessable Masters",
  "site": "chess24.com INT",
  "date": "2022.05.23",
  "eventDate": "2022.05.19",
  "dateMillis": 1653235200000,
  "eventDateMillis": 1652889600000,
  "round": "3.2",
  "result": "1-0",
  "white": "Shakhriyar Mamedyarov",
  "black": "Ding Liren",
  "isDingWin": false,
  "isDraw": false,
  "isDingBlack": true,
  "moves": [
    "Bxb4",
    "Bc7",
    "Bd2",
    "Bh2",
    "a5",
    "Bc7",
    "a6",
    "Kc6",
    "Ke4",
    "Bh2",
    "Bf4",
    "Bg1",
    "Ke5"
  ],
  "statePieceCount": 10,
  "endPieceCount": 9,
  "boardState": [
    {
      "square": "b6",
      "type": "b",
      "color": "b"
    },
    {
      "square": "g6",
      "type": "p",
      "color": "b"
    },
    {
      "square": "d5",
      "type": "k",
      "color": "b"
    },
    {
      "square": "h5",
      "type": "p",
      "color": "b"
    },
    {
      "square": "a4",
      "type": "p",
      "color": "w"
    },
    {
      "square": "b4",
      "type": "p",
      "color": "b"
    },
    {
      "square": "d3",
      "type": "k",
      "color": "w"
    },
    {
      "square": "h3",
      "type": "p",
      "color": "w"
    },
    {
      "square": "d2",
      "type": "b",
      "color": "w"
    },
    {
      "square": "g2",
      "type": "p",
      "color": "w"
    }
  ],
  "nextTurn": "w"
}