{
  "event": "Chessable Masters",
  "site": "chess24.com INT",
  "date": "2022.05.25",
  "eventDate": "2022.05.19",
  "dateMillis": 1653408000000,
  "eventDateMillis": 1652889600000,
  "round": "16.1",
  "result": "0-1",
  "white": "Ding Liren",
  "black": "R Praggnanandhaa",
  "isDingWin": false,
  "isDraw": false,
  "isDingBlack": false,
  "moves": [
    "Rxc6",
    "Rg2+",
    "Kh3",
    "Kh7",
    "Rc4",
    "Rxf2",
    "Kg3",
    "Rf1",
    "Rh4+",
    "Kg8",
    "Ra4",
    "g6",
    "Ra7",
    "Kg7",
    "Kg4",
    "Kf6",
    "Ra5",
    "Ke6",
    "Kf4",
    "Kf6",
    "Ra6+",
    "Kg7",
    "Kg3",
    "f5",
    "Ra5",
    "Kf6",
    "Ra6+",
    "Ke5"
  ],
  "statePieceCount": 10,
  "endPieceCount": 8,
  "boardState": [
    {
      "square": "g8",
      "type": "k",
      "color": "b"
    },
    {
      "square": "c7",
      "type": "r",
      "color": "w"
    },
    {
      "square": "f7",
      "type": "p",
      "color": "b"
    },
    {
      "square": "g7",
      "type": "p",
      "color": "b"
    },
    {
      "square": "c6",
      "type": "p",
      "color": "b"
    },
    {
      "square": "g5",
      "type": "r",
      "color": "b"
    },
    {
      "square": "e3",
      "type": "p",
      "color": "w"
    },
    {
      "square": "f3",
      "type": "p",
      "color": "b"
    },
    {
      "square": "f2",
      "type": "p",
      "color": "w"
    },
    {
      "square": "h2",
      "type": "k",
      "color": "w"
    }
  ],
  "nextTurn": "w"
}