{
  "event": "Chessable Masters",
  "site": "chess24.com INT",
  "date": "2022.05.26",
  "eventDate": "2022.05.19",
  "dateMillis": 1653494400000,
  "eventDateMillis": 1652889600000,
  "round": "21.1",
  "result": "1/2-1/2",
  "white": "Ding Liren",
  "black": "R Praggnanandhaa",
  "isDingWin": false,
  "isDraw": true,
  "isDingBlack": false,
  "moves": [
    "fxg6",
    "Qe7+",
    "Kh6",
    "Qf8+",
    "Kh7",
    "Qf7+",
    "Kh6",
    "Qf8+",
    "Kg5",
    "Qe7+",
    "Kf5",
    "Qf7+",
    "Kg5",
    "Qe7+",
    "Kf4",
    "Qf6+",
    "Ke3",
    "Kg3",
    "g5",
    "Kxg4",
    "Kd3",
    "Qf1+",
    "Kc3",
    "Qe1+",
    "Kb2",
    "Qd2+",
    "Nc2",
    "Qd6",
    "Nb4",
    "Qd2+",
    "Kb3",
    "Qd1+",
    "Kc3",
    "Qe1+",
    "Kd4",
    "Qf2+",
    "Kc4",
    "Qe2+",
    "Kc5",
    "Kxg5",
    "Rxa5",
    "Qe3+",
    "Kc6+",
    "Kh6",
    "Rd5",
    "Qc3+",
    "Kb5",
    "Qc7",
    "Nc6",
    "Qh2",
    "Kc5",
    "Qf2+",
    "Nd4",
    "Qa2",
    "Rd6+",
    "Kg5",
    "Re6",
    "Qa5+",
    "Kc4",
    "Qa4+",
    "Kd5",
    "Qd7+",
    "Ke4",
    "Qh7+",
    "Ke3",
    "Qa7",
    "Bd3",
    "Kg4",
    "Re5",
    "Kh4",
    "Be2",
    "Qa3+",
    "Ke4",
    "Qb4",
    "Rf5",
    "Kg3",
    "Rf3+",
    "Kh4",
    "Rf5",
    "Kg3",
    "Ke3",
    "Qe7+",
    "Kd3",
    "Qa3+",
    "Kc4",
    "Qa2+",
    "Kc5",
    "Qa7+",
    "Kd5",
    "Qa8+",
    "Ke5",
    "Qb8+",
    "Ke4",
    "Qa8+",
    "Rd5",
    "Kf2",
    "Bg4",
    "Qb7",
    "Be6",
    "Qa8",
    "Bd7",
    "Qb7",
    "Bc6",
    "Qb1+",
    "Ke5",
    "Qb8+",
    "Ke4",
    "Qb1+",
    "Ke5",
    "Qb8+",
    "Ke4",
    "Qb1+"
  ],
  "statePieceCount": 10,
  "endPieceCount": 6,
  "boardState": [
    {
      "square": "f7",
      "type": "p",
      "color": "b"
    },
    {
      "square": "h7",
      "type": "k",
      "color": "b"
    },
    {
      "square": "a6",
      "type": "b",
      "color": "b"
    },
    {
      "square": "g6",
      "type": "p",
      "color": "w"
    },
    {
      "square": "a5",
      "type": "p",
      "color": "w"
    },
    {
      "square": "b5",
      "type": "r",
      "color": "b"
    },
    {
      "square": "g5",
      "type": "q",
      "color": "w"
    },
    {
      "square": "b4",
      "type": "n",
      "color": "b"
    },
    {
      "square": "g4",
      "type": "p",
      "color": "b"
    },
    {
      "square": "h2",
      "type": "k",
      "color": "w"
    }
  ]
}