{
  "event": "Chessable Masters",
  "site": "chess24.com INT",
  "date": "2022.05.26",
  "eventDate": "2022.05.19",
  "dateMillis": 1653494400000,
  "eventDateMillis": 1652889600000,
  "round": "20.1",
  "result": "1-0",
  "white": "R Praggnanandhaa",
  "black": "Ding Liren",
  "isDingWin": false,
  "isDraw": false,
  "isDingBlack": true,
  "moves": [
    "gxh3",
    "Rb8+",
    "Kc7",
    "Rb3",
    "a6",
    "Rc3+",
    "Kd7",
    "Rd3+",
    "Ke7",
    "Re3+",
    "Kf7"
  ],
  "statePieceCount": 10,
  "endPieceCount": 9,
  "boardState": [
    {
      "square": "a8",
      "type": "r",
      "color": "b"
    },
    {
      "square": "b6",
      "type": "k",
      "color": "w"
    },
    {
      "square": "a5",
      "type": "p",
      "color": "w"
    },
    {
      "square": "g5",
      "type": "k",
      "color": "b"
    },
    {
      "square": "f4",
      "type": "p",
      "color": "b"
    },
    {
      "square": "h4",
      "type": "p",
      "color": "b"
    },
    {
      "square": "f3",
      "type": "p",
      "color": "w"
    },
    {
      "square": "h3",
      "type": "p",
      "color": "b"
    },
    {
      "square": "a2",
      "type": "r",
      "color": "w"
    },
    {
      "square": "g2",
      "type": "p",
      "color": "w"
    }
  ]
}