{
  "event": "Chessable Masters",
  "site": "chess24.com INT",
  "date": "2022.05.26",
  "eventDate": "2022.05.19",
  "dateMillis": 1653494400000,
  "eventDateMillis": 1652889600000,
  "round": "23.1",
  "result": "1/2-1/2",
  "white": "R Praggnanandhaa",
  "black": "Ding Liren",
  "isDingWin": false,
  "isDraw": true,
  "isDingBlack": true,
  "moves": [
    "Rb7+",
    "Kf8",
    "Kg6",
    "Ra6+",
    "Kh7",
    "Bd4",
    "Ng6+",
    "Ke8",
    "Rb8+",
    "Kf7",
    "Rb7+",
    "Ke8",
    "h5",
    "Bf6",
    "Rxg7",
    "Bxg7",
    "Kxg7",
    "Ra4",
    "Kxh6",
    "Rxg4",
    "Kg7",
    "Rg1",
    "h6",
    "Rh1",
    "h7",
    "Rxh7+",
    "Kxh7"
  ],
  "statePieceCount": 10,
  "endPieceCount": 3,
  "boardState": [
    {
      "square": "a7",
      "type": "b",
      "color": "b"
    },
    {
      "square": "e7",
      "type": "k",
      "color": "b"
    },
    {
      "square": "g7",
      "type": "p",
      "color": "b"
    },
    {
      "square": "h6",
      "type": "p",
      "color": "b"
    },
    {
      "square": "e5",
      "type": "n",
      "color": "w"
    },
    {
      "square": "f5",
      "type": "k",
      "color": "w"
    },
    {
      "square": "a4",
      "type": "r",
      "color": "b"
    },
    {
      "square": "g4",
      "type": "p",
      "color": "w"
    },
    {
      "square": "h4",
      "type": "p",
      "color": "w"
    },
    {
      "square": "b1",
      "type": "r",
      "color": "w"
    }
  ],
  "nextTurn": "w"
}