{
  "event": "FIDE Candidates",
  "site": "Madrid ESP",
  "date": "2022.06.29",
  "eventDate": "2022.06.17",
  "dateMillis": 1656432000000,
  "eventDateMillis": 1655395200000,
  "round": "10.1",
  "result": "0-1",
  "white": "Richard Rapport",
  "black": "Ding Liren",
  "isDingWin": true,
  "isDraw": false,
  "isDingBlack": true,
  "moves": [
    "Ka5",
    "Kg1",
    "b4",
    "Kf2",
    "Ka4",
    "Ke3",
    "Kb3",
    "Kf4",
    "Kc2",
    "Ke5",
    "b3",
    "Kd6",
    "Kd3",
    "Ba1",
    "Kxe4",
    "Kc5",
    "Kd3"
  ],
  "statePieceCount": 10,
  "endPieceCount": 9,
  "boardState": [
    {
      "square": "c8",
      "type": "b",
      "color": "b"
    },
    {
      "square": "b6",
      "type": "k",
      "color": "b"
    },
    {
      "square": "h6",
      "type": "p",
      "color": "b"
    },
    {
      "square": "b5",
      "type": "p",
      "color": "b"
    },
    {
      "square": "d4",
      "type": "b",
      "color": "w"
    },
    {
      "square": "e4",
      "type": "p",
      "color": "w"
    },
    {
      "square": "g4",
      "type": "p",
      "color": "b"
    },
    {
      "square": "g3",
      "type": "p",
      "color": "w"
    },
    {
      "square": "g2",
      "type": "p",
      "color": "w"
    },
    {
      "square": "h1",
      "type": "k",
      "color": "w"
    }
  ]
}