{
  "event": "TCh-CHN Men",
  "site": "Suzhou, Jiangsu CHN",
  "date": "2001.04.04",
  "eventDate": "2001.03.02",
  "dateMillis": 986313600000,
  "eventDateMillis": 983462400000,
  "round": "9",
  "result": "1-0",
  "white": "Ding Liren",
  "black": "Tong Qiu",
  "isDingWin": true,
  "isDraw": false,
  "isDingBlack": false,
  "moves": [
    "e4",
    "c5",
    "Nf3",
    "Nf6",
    "Nc3",
    "d5",
    "exd5",
    "Nxd5",
    "Bb5+",
    "Nc6",
    "Ne5",
    "Nxc3",
    "dxc3",
    "Qxd1+",
    "Kxd1",
    "Bd7",
    "Bxc6",
    "Bxc6",
    "Nxc6",
    "bxc6",
    "Be3",
    "e6",
    "Ke2",
    "O-O-O",
    "Rhd1",
    "Be7",
    "Rxd8+",
    "Rxd8",
    "Rd1",
    "Rxd1",
    "Kxd1",
    "Kb7",
    "b3",
    "c4",
    "Kd2",
    "f5",
    "f4",
    "c5",
    "g3",
    "Kc6",
    "bxc4",
    "Kb6",
    "Kc1",
    "h6",
    "h4",
    "h5",
    "Kd2",
    "Bd6",
    "Kc1",
    "e5",
    "Kb2",
    "Kc6",
    "Bd2",
    "Kd7",
    "Kb3",
    "exf4",
    "gxf4",
    "Be7",
    "Be1",
    "Kc6",
    "Bf2",
    "Kb6",
    "Bg3",
    "Bd6",
    "Ka4",
    "Bc7",
    "Ka3",
    "Kc6",
    "Ka4",
    "a6",
    "Kb3",
    "Kd7",
    "Kb2",
    "Ke6",
    "Kc1",
    "Bd6",
    "Kd2",
    "Be7",
    "Kd3",
    "Kd7",
    "Kd2",
    "Kd6",
    "Kd3",
    "g6",
    "Kd2",
    "Bf6",
    "Bf2",
    "Kc6",
    "Kd3",
    "Kb6",
    "Kd2",
    "Ka5",
    "Be1",
    "Ka4",
    "Bf2",
    "Ka5",
    "Be1",
    "Ka4",
    "Bf2",
    "Be7",
    "Kc1",
    "Bd6",
    "Bg3",
    "Ka3",
    "Kb1",
    "Bc7",
    "Ka1",
    "Bd8",
    "Bf2",
    "Be7",
    "Kb1",
    "Bd6",
    "Bg3",
    "Ka4",
    "Kb2",
    "Be7",
    "Bf2",
    "Bf6",
    "Bg3",
    "Ka5",
    "Kb3",
    "Kb6",
    "Kb2",
    "Kc6",
    "Kb3",
    "Kd6",
    "Kb2",
    "Ke6",
    "Bf2",
    "Be7",
    "Kb3",
    "Bd6",
    "Bg3",
    "Kf7",
    "Ka4",
    "Bc7",
    "Kb3",
    "Kg7",
    "Kb2",
    "Bd8",
    "Bf2",
    "Be7",
    "Kc1",
    "Bd6",
    "Bg3",
    "g5",
    "hxg5",
    "Kg6",
    "Kd2",
    "h4",
    "Bh2",
    "Kh5",
    "Ke2",
    "Kg4",
    "Kf2",
    "h3",
    "Kg1",
    "Be7",
    "Kh1",
    "Bd6",
    "g6",
    "Bf8",
    "Bg1",
    "Kh5",
    "Bxc5",
    "Bh6",
    "Bd6",
    "Kxg6",
    "c5",
    "Kf7",
    "c6",
    "Ke8",
    "Kh2",
    "Bg7",
    "Be5",
    "Bf8",
    "Kxh3",
    "Be7",
    "Kg3",
    "Kd8",
    "Kf3",
    "Bc5",
    "Ke2",
    "Kc8",
    "Kd3",
    "Bb6",
    "Kc4",
    "Kd8",
    "Kd5",
    "Kc8",
    "c4",
    "Ba5",
    "Bd6",
    "Kd8",
    "Ke6",
    "Bc3",
    "Kxf5",
    "a5",
    "Ke6",
    "a4",
    "f5",
    "a3",
    "f6",
    "Bxf6",
    "Kxf6",
    "Kc8",
    "c7",
    "Kd7",
    "c5",
    "Kc8",
    "Ke7",
    "Kb7",
    "Kd7",
    "Ka7",
    "c4"
  ]
}