{
  "event": "TCh-CHN Men",
  "site": "Suzhou, Jiangsu CHN",
  "date": "2001.03.30",
  "eventDate": "2001.03.02",
  "dateMillis": 985881600000,
  "eventDateMillis": 983462400000,
  "round": "5",
  "result": "1/2-1/2",
  "white": "Ding Liren",
  "black": "Yang Xu",
  "isDingWin": false,
  "isDraw": true,
  "isDingBlack": false,
  "moves": [
    "e4",
    "c6",
    "d4",
    "d5",
    "e5",
    "Bf5",
    "Nf3",
    "e6",
    "c3",
    "Nd7",
    "Bd3",
    "Bxd3",
    "Qxd3",
    "c5",
    "O-O",
    "Ne7",
    "Be3",
    "Nc6",
    "Nbd2",
    "Be7",
    "a3",
    "O-O",
    "b4",
    "c4",
    "Qc2",
    "f5",
    "exf6",
    "Bxf6",
    "b5",
    "Ne7",
    "Bf4",
    "Ng6",
    "Bd6",
    "Re8",
    "Bg3",
    "e5",
    "Qf5",
    "Kh8",
    "dxe5",
    "Ndxe5",
    "Nd4",
    "Nd3",
    "N2f3",
    "Bxd4",
    "Nxd4",
    "Rf8",
    "Qg4",
    "Qc8",
    "Qg5",
    "Ngf4",
    "Bxf4",
    "Nxf4",
    "Rae1",
    "Rf6",
    "Re3",
    "Qf8",
    "Rf3",
    "Re8",
    "Kh1",
    "h6",
    "Qg4",
    "Re4",
    "a4",
    "Qe8",
    "Re3",
    "Nd3",
    "Rxe4",
    "dxe4",
    "Qe2",
    "Qe5",
    "Qe3",
    "Qh5",
    "h3",
    "Qf7",
    "Kg1",
    "Qd5",
    "Kh1",
    "Qe5",
    "Kg1",
    "Rg6",
    "Ne2",
    "Rf6",
    "Nd4",
    "Rf7",
    "Ne2",
    "b6",
    "Nd4",
    "Kh7",
    "Nc6",
    "Qf5",
    "Nd4",
    "Qg6",
    "Kh1",
    "Nc5",
    "Ra1",
    "Rd7",
    "Kg1",
    "Rd5",
    "a5",
    "Rg5",
    "g3",
    "Rh5",
    "Kg2",
    "Rd5",
    "axb6",
    "axb6",
    "Rb1",
    "Ne6",
    "Nxe6",
    "Qxe6",
    "Re1",
    "Re5",
    "Qd4",
    "Rxb5",
    "Qxe4+",
    "Qxe4+",
    "Rxe4",
    "Rc5",
    "f4",
    "b5",
    "Kf3",
    "Rd5"
  ]
}