{
  "event": "TCh-CHN Men",
  "site": "Suzhou, Jiangsu CHN",
  "date": "2001.04.02",
  "eventDate": "2001.03.02",
  "dateMillis": 986140800000,
  "eventDateMillis": 983462400000,
  "round": "7",
  "result": "1/2-1/2",
  "white": "Liu Renhui",
  "black": "Ding Liren",
  "isDingWin": false,
  "isDraw": true,
  "isDingBlack": true,
  "moves": [
    "e4",
    "e6",
    "d4",
    "d5",
    "exd5",
    "exd5",
    "Bd3",
    "Bd6",
    "Ne2",
    "Nf6",
    "Bf4",
    "O-O",
    "O-O",
    "c6",
    "Nd2",
    "Bxf4",
    "Nxf4",
    "Qd6",
    "Qf3",
    "Be6",
    "c3",
    "Nbd7",
    "Nxe6",
    "fxe6",
    "Qh3",
    "e5",
    "dxe5",
    "Nxe5",
    "Bc2",
    "Rae8",
    "Rae1",
    "c5",
    "Nf3",
    "Nxf3+",
    "Qxf3",
    "Rxe1",
    "Rxe1",
    "b6",
    "Qh3",
    "d4",
    "cxd4",
    "cxd4",
    "Qf5",
    "Qb4",
    "Re2",
    "Kh8",
    "Bd3",
    "a5",
    "h3",
    "Qc5",
    "Re5",
    "Qc1+",
    "Kh2",
    "g6",
    "Qg5",
    "Qxg5",
    "Rxg5",
    "Nh5",
    "Kg1",
    "Nf4",
    "Rg3",
    "Rc8",
    "Rf3",
    "g5",
    "a4",
    "Rc1+",
    "Kh2",
    "Rd1",
    "Bc4",
    "h6",
    "g3",
    "Ng6",
    "Rf5",
    "Rb1",
    "b3",
    "d3",
    "Bxd3",
    "Rxb3",
    "Bb5",
    "Kg7",
    "Kg2",
    "Ne7",
    "Re5",
    "Kf6",
    "Re4",
    "Rb4",
    "Re2",
    "Nd5",
    "Rc2",
    "Ke5",
    "Rc6",
    "h5",
    "Rg6",
    "g4",
    "Rg5+",
    "Kd6",
    "Rxh5",
    "gxh3+",
    "Rxh3",
    "Nc3",
    "Rh6+",
    "Kc5",
    "Rc6+",
    "Kd4",
    "Rxb6",
    "Nxa4",
    "Rh6",
    "Nc3",
    "Rh4+",
    "Kc5",
    "Rxb4",
    "axb4",
    "Bd3",
    "b3",
    "g4",
    "Kd4",
    "Bh7",
    "b2",
    "f3",
    "Ke5",
    "Kg3",
    "b1=Q",
    "Bxb1",
    "Nxb1",
    "f4+",
    "Kf6",
    "Kh4",
    "Nc3",
    "g5+",
    "Kg7",
    "f5",
    "Ne4",
    "Kh5",
    "Ng3+",
    "Kg4",
    "Ne4",
    "Kf4",
    "Nxg5",
    "Kxg5",
    "Kf7",
    "f6",
    "Kf8",
    "Kf5",
    "Kf7",
    "Ke5",
    "Kf8",
    "Ke6",
    "Ke8"
  ]
}