{
  "event": "TCh-CHN Men",
  "site": "Suzhou, Jiangsu CHN",
  "date": "2001.03.27",
  "eventDate": "2001.03.02",
  "dateMillis": 985622400000,
  "eventDateMillis": 983462400000,
  "round": "2",
  "result": "1-0",
  "white": "Wang Chaoran",
  "black": "Ding Liren",
  "isDingWin": false,
  "isDraw": false,
  "isDingBlack": true,
  "moves": [
    "d4",
    "Nf6",
    "c4",
    "g6",
    "Nc3",
    "Bg7",
    "e4",
    "d6",
    "f3",
    "O-O",
    "Be3",
    "e5",
    "Nge2",
    "c6",
    "Qd2",
    "Nbd7",
    "O-O-O",
    "Qc7",
    "g4",
    "a6",
    "h4",
    "b5",
    "Ng3",
    "Qa5",
    "Kb1",
    "Nb6",
    "dxe5",
    "dxe5",
    "Bc5",
    "b4",
    "Bxb6",
    "Qxb6",
    "Na4",
    "Qa5",
    "b3",
    "Be6",
    "Be2",
    "Rfd8",
    "Qe3",
    "Nd7",
    "h5",
    "Qc7",
    "Nf5",
    "Bf8",
    "Qg5",
    "f6",
    "Nh6+",
    "Kg7",
    "Qe3",
    "Qa7",
    "Qc1",
    "Nc5",
    "Nxc5",
    "Bxc5",
    "hxg6",
    "Rxd1",
    "Bxd1",
    "hxg6",
    "Nf5+",
    "gxf5",
    "Qh6+",
    "Kf7",
    "gxf5",
    "Bxf5",
    "exf5",
    "Rg8",
    "f4",
    "Bf8",
    "Qh5+",
    "Ke7",
    "fxe5",
    "Qd4",
    "exf6+",
    "Kxf6",
    "Re1",
    "Rg3",
    "Qe8",
    "Qc5",
    "Qe6+",
    "Kg7",
    "f6+",
    "Kg6",
    "Qg8+",
    "Kxf6",
    "Qxg3"
  ]
}