{
  "event": "TCh-CHN Men",
  "site": "Suzhou, Jiangsu CHN",
  "date": "2001.03.26",
  "eventDate": "2001.03.02",
  "dateMillis": 985536000000,
  "eventDateMillis": 983462400000,
  "round": "1",
  "result": "0-1",
  "white": "Ding Liren",
  "black": "Wu Wenjin",
  "isDingWin": false,
  "isDraw": false,
  "isDingBlack": false,
  "moves": [
    "e4",
    "e5",
    "Nf3",
    "Nc6",
    "Bb5",
    "Nf6",
    "O-O",
    "Nxe4",
    "d4",
    "Nd6",
    "Bxc6",
    "dxc6",
    "dxe5",
    "Nf5",
    "Qxd8+",
    "Kxd8",
    "Nc3",
    "h6",
    "Bd2",
    "Be6",
    "Rad1",
    "Kc8",
    "Rfe1",
    "b6",
    "a3",
    "Kb7",
    "Bc1",
    "Re8",
    "h3",
    "c5",
    "Ne4",
    "Ne7",
    "b3",
    "a5",
    "Nc3",
    "Nc6",
    "Bb2",
    "c4",
    "bxc4",
    "Bxc4",
    "Ne4",
    "Be6",
    "Rd2",
    "Be7",
    "Red1",
    "Rd8",
    "Kf1",
    "Rxd2",
    "Rxd2",
    "a4",
    "Nd4",
    "Nxd4",
    "Rxd4",
    "b5",
    "f4",
    "h5",
    "Kf2",
    "Kc6",
    "Kf3",
    "g6",
    "Ke3",
    "Rd8",
    "Rxd8",
    "Bxd8",
    "Kd4",
    "Be7",
    "Bc1",
    "Bf5",
    "Bb2",
    "b4",
    "axb4",
    "Bxb4",
    "c3",
    "a3",
    "Ba1",
    "Be7",
    "c4",
    "Bxe4",
    "Kxe4",
    "Kc5",
    "Kd3",
    "Kb4",
    "g4",
    "hxg4",
    "hxg4",
    "Kb3",
    "f5",
    "gxf5",
    "gxf5",
    "Ka2",
    "Bc3",
    "Kb1",
    "e6",
    "fxe6",
    "fxe6",
    "a2",
    "Ke4",
    "Ba3",
    "Kd3",
    "c6",
    "Bd4",
    "a1=Q",
    "Bxa1",
    "Kxa1",
    "Kd4",
    "Be7",
    "c5",
    "Kb2",
    "Kc4",
    "Ka3"
  ]
}