{
  "event": "TCh-CHN Men",
  "site": "Suzhou, Jiangsu CHN",
  "date": "2001.03.29",
  "eventDate": "2001.03.02",
  "dateMillis": 985795200000,
  "eventDateMillis": 983462400000,
  "round": "4",
  "result": "1-0",
  "white": "Tang Zijian",
  "black": "Ding Liren",
  "isDingWin": false,
  "isDraw": false,
  "isDingBlack": true,
  "moves": [
    "d4",
    "Nf6",
    "Nf3",
    "g6",
    "Bg5",
    "Bg7",
    "Nbd2",
    "d5",
    "e3",
    "O-O",
    "c4",
    "c6",
    "Bd3",
    "h6",
    "Bh4",
    "Be6",
    "O-O",
    "Nbd7",
    "Qc2",
    "Rc8",
    "c5",
    "g5",
    "Bg3",
    "Nh5",
    "Rfe1",
    "f5",
    "b4",
    "Qe8",
    "Nb3",
    "Nxg3",
    "hxg3",
    "Rb8",
    "b5",
    "Qc8",
    "a4",
    "Nf6",
    "Ne5",
    "Ne4",
    "Rab1",
    "Qc7",
    "b6",
    "Qc8",
    "Nf3",
    "a6",
    "Nfd2",
    "Qd7",
    "Nf1",
    "Rbe8",
    "f3",
    "Nf6",
    "Qe2",
    "Qc8",
    "Na1",
    "Nd7",
    "Nd2",
    "Nb8",
    "Ndb3",
    "Bd7",
    "f4",
    "g4",
    "Kf2",
    "e6",
    "Rh1",
    "Rf6",
    "Nc1",
    "Kf7",
    "Na2",
    "Ke7",
    "Nb4",
    "Rff8"
  ]
}