{
  "event": "TCh-CHN Men",
  "site": "Suzhou, Jiangsu CHN",
  "date": "2001.03.28",
  "eventDate": "2001.03.02",
  "dateMillis": 985708800000,
  "eventDateMillis": 983462400000,
  "round": "3",
  "result": "1-0",
  "white": "Ding Liren",
  "black": "Zhang Jianhua",
  "isDingWin": true,
  "isDraw": false,
  "isDingBlack": false,
  "moves": [
    "e4",
    "e5",
    "Nf3",
    "d6",
    "d4",
    "Nf6",
    "Nc3",
    "Nbd7",
    "Bc4",
    "h6",
    "O-O",
    "Be7",
    "Qe2",
    "O-O",
    "Be3",
    "a6",
    "a4",
    "c6",
    "dxe5",
    "Nxe5",
    "Nxe5",
    "dxe5",
    "a5",
    "c5",
    "Rfd1",
    "Qc7",
    "f3",
    "b6",
    "axb6",
    "Qxb6",
    "b3",
    "Bb7",
    "Ra2",
    "Rfd8",
    "Rda1",
    "a5",
    "Qe1",
    "Bc6",
    "Na4",
    "Bxa4",
    "Rxa4",
    "Rd7",
    "Rxa5",
    "Raa7",
    "Rxa7",
    "Rxa7",
    "Qc3",
    "Bd6",
    "Qb2",
    "Bb8",
    "Rxa7",
    "Qxa7",
    "b4",
    "Bd6",
    "b5",
    "Qb6",
    "Qa3",
    "g5",
    "Qa6",
    "Nd7",
    "Qc8+",
    "Nf8",
    "Qe8",
    "Qa7",
    "b6",
    "Qe7",
    "Qxe7",
    "Bxe7",
    "Bb5",
    "Ne6",
    "b7",
    "Bd6",
    "Bc4",
    "Nd8",
    "Bd5",
    "c4",
    "Ba7",
    "Nxb7",
    "Bxb7",
    "Kg7",
    "Kf2",
    "Kf6",
    "Ke3",
    "c3",
    "Kd3",
    "Bb4",
    "Kc4",
    "Ba5",
    "g4",
    "Kg6",
    "Kb5",
    "Bc7",
    "Kb4",
    "h5",
    "h3",
    "h4",
    "Kxc3",
    "Kf6",
    "Kb4",
    "Ke6",
    "c4",
    "Bd6+",
    "c5",
    "Be7",
    "Kb5",
    "Kd7",
    "c6+",
    "Kc7",
    "Bc5",
    "Bf6",
    "Bb6+",
    "Kb8",
    "Ka6",
    "Bd8",
    "Bxd8",
    "f5",
    "c7+"
  ]
}