{
  "event": "TCh-CHN A",
  "site": "WEN ZHOU",
  "date": "2008.03.28",
  "eventDate": "2008.03.26",
  "dateMillis": 1206633600000,
  "eventDateMillis": 1206460800000,
  "round": "3",
  "result": "1/2-1/2",
  "white": "Ni Hua",
  "black": "Ding Liren",
  "isDingWin": false,
  "isDraw": true,
  "isDingBlack": true,
  "moves": [
    "e4",
    "e6",
    "d4",
    "d5",
    "Nd2",
    "dxe4",
    "Nxe4",
    "Nd7",
    "Nf3",
    "Ngf6",
    "Nxf6+",
    "Nxf6",
    "c3",
    "Be7",
    "Bd3",
    "O-O",
    "Qe2",
    "b6",
    "Bf4",
    "Bb7",
    "O-O-O",
    "Qc8",
    "h4",
    "c5",
    "Be5",
    "cxd4",
    "Nxd4",
    "Qc5",
    "Rh3",
    "Nd7",
    "Bf4",
    "Bd5",
    "Rg3",
    "Bf6",
    "Nf3",
    "Bxf3",
    "gxf3",
    "Ne5",
    "Be4",
    "Rad8",
    "Rdg1",
    "Ng6",
    "Bg5",
    "Be5",
    "Be3",
    "Qc7",
    "Rg5",
    "Nf4",
    "Qf1",
    "Bxc3",
    "bxc3",
    "Qxc3+",
    "Kb1",
    "Qb4+",
    "Ka1",
    "Qc3+",
    "Kb1",
    "Qb4+"
  ]
}