{
  "event": "8th Asian Continental Chess Championship",
  "site": "Subic Bay Free Port",
  "date": "2009.05.14",
  "eventDate": "2009.05.13",
  "dateMillis": 1242230400000,
  "eventDateMillis": 1242144000000,
  "round": "2.14",
  "result": "1/2-1/2",
  "white": "Ding Liren",
  "black": "Parimarjan Negi",
  "isDingWin": false,
  "isDraw": true,
  "isDingBlack": false,
  "moves": [
    "d4",
    "Nf6",
    "c4",
    "g6",
    "Nc3",
    "d5",
    "cxd5",
    "Nxd5",
    "e4",
    "Nxc3",
    "bxc3",
    "Bg7",
    "Nf3",
    "c5",
    "Rb1",
    "O-O",
    "Be2",
    "cxd4",
    "cxd4",
    "Qa5+",
    "Bd2",
    "Qxa2",
    "O-O",
    "Bg4",
    "Rxb7",
    "Bxf3",
    "Bxf3",
    "Bxd4",
    "Bb4",
    "Rd8",
    "Qc1",
    "Na6",
    "Bxe7",
    "Rac8",
    "Qf4",
    "Nc5",
    "Bxd8",
    "Nxb7",
    "Bf6",
    "Bxf6",
    "Qxf6",
    "Qe6",
    "Qd4",
    "Qb6",
    "Qxb6",
    "axb6",
    "Rb1",
    "Nc5",
    "h4",
    "Re8",
    "Rxb6",
    "Nxe4",
    "Bxe4",
    "Rxe4",
    "g3",
    "h5",
    "Kg2",
    "Kg7",
    "Ra6",
    "Rb4"
  ]
}