{
  "event": "8th Asian Continental Chess Championship",
  "site": "Subic Bay Free Port",
  "date": "2009.05.16",
  "eventDate": "2009.05.13",
  "dateMillis": 1242403200000,
  "eventDateMillis": 1242144000000,
  "round": "4.18",
  "result": "1/2-1/2",
  "white": "Ngoc Truongson Nguyen",
  "black": "Ding Liren",
  "isDingWin": false,
  "isDraw": true,
  "isDingBlack": true,
  "moves": [
    "e4",
    "e6",
    "d4",
    "d5",
    "Nd2",
    "c5",
    "exd5",
    "Qxd5",
    "Ngf3",
    "cxd4",
    "Bc4",
    "Qd6",
    "O-O",
    "Nf6",
    "Nb3",
    "Nc6",
    "Nbxd4",
    "Nxd4",
    "Nxd4",
    "a6",
    "Re1",
    "Qc7",
    "Bf1",
    "Bc5",
    "Bg5",
    "Bd7",
    "c3",
    "O-O-O",
    "b4",
    "Bd6",
    "h3",
    "Bh2+",
    "Kh1",
    "Bf4",
    "Bxf4",
    "Qxf4",
    "Qe2",
    "Rhe8",
    "a4",
    "e5",
    "Nb3",
    "Be6",
    "c4",
    "Bf5",
    "Qb2",
    "Ne4",
    "Re2",
    "Ng5",
    "Re3",
    "Bxh3",
    "gxh3",
    "Nf3",
    "Rxf3",
    "Qxf3+",
    "Bg2",
    "Rd1+",
    "Rxd1",
    "Qxd1+",
    "Kh2",
    "e4",
    "Nd2",
    "f5",
    "c5",
    "Qe2",
    "Qc1",
    "Qxf2",
    "Nc4",
    "Kb8",
    "Nd6",
    "Re6",
    "Qg5",
    "Rf6",
    "Qxg7",
    "Qf4+",
    "Qg3",
    "Qxg3+",
    "Kxg3",
    "Rg6+",
    "Kh2",
    "e3",
    "Bf3",
    "f4",
    "Ne4",
    "b6",
    "h4",
    "bxc5",
    "bxc5",
    "h6",
    "Nc3",
    "Rg3",
    "Bh5",
    "e2",
    "Nxe2",
    "Ra3",
    "Nxf4",
    "Rxa4",
    "Kg3",
    "Rc4",
    "Be2",
    "Rc3+",
    "Nd3",
    "a5",
    "Kf4",
    "Rc4+",
    "Ke3",
    "a4",
    "Ne5",
    "Rxh4",
    "Nc6+",
    "Kc8",
    "Nd4",
    "a3",
    "Bc4",
    "Rh2",
    "Be6+",
    "Kd8",
    "Ne2",
    "Kc7",
    "Bd5",
    "h5",
    "Nc3",
    "Rb2",
    "Kf4",
    "h4",
    "Kg4",
    "Rb4+",
    "Kh3",
    "Kd8",
    "Be6",
    "Rd4"
  ]
}