{
  "event": "8th Asian Continental Chess Championship",
  "site": "Subic Bay Free Port",
  "date": "2009.05.15",
  "eventDate": "2009.05.13",
  "dateMillis": 1242316800000,
  "eventDateMillis": 1242144000000,
  "round": "3.13",
  "result": "1/2-1/2",
  "white": "Ding Liren",
  "black": "Ehsan Ghaem Maghami",
  "isDingWin": false,
  "isDraw": true,
  "isDingBlack": false,
  "moves": [
    "d4",
    "Nf6",
    "Nf3",
    "e6",
    "c4",
    "b6",
    "g3",
    "Ba6",
    "Qc2",
    "Bb7",
    "Bg2",
    "c5",
    "d5",
    "exd5",
    "cxd5",
    "Nxd5",
    "O-O",
    "Nc6",
    "Nh4",
    "Nc7",
    "Qe4+",
    "Qe7",
    "Qxe7+",
    "Bxe7",
    "Nf5",
    "Bf8",
    "Nc3",
    "O-O-O",
    "Rd1",
    "d5",
    "Bh3",
    "Ne6",
    "Rxd5",
    "g6",
    "Nh6",
    "Bxh6",
    "Bxh6",
    "Rxd5",
    "Nxd5",
    "Ncd4",
    "Nf4",
    "f5",
    "Nxe6",
    "Nxe6",
    "Rd1",
    "Nd4",
    "Rd2",
    "Re8",
    "Be3",
    "a5",
    "g4",
    "fxg4",
    "Bxg4+",
    "Kb8",
    "Kf1",
    "Re4",
    "Bxd4",
    "Rxd4",
    "Rxd4",
    "cxd4",
    "e3",
    "dxe3",
    "fxe3",
    "Kc7",
    "Kf2",
    "Kd6",
    "Be2",
    "Ke5",
    "a3",
    "h6",
    "h4",
    "Bd5",
    "Bd3",
    "Be4",
    "Ba6",
    "Bc2",
    "Bb7",
    "Kf6",
    "Kg3",
    "g5",
    "Bf3",
    "Bf5",
    "Bd1",
    "Ke6",
    "hxg5",
    "hxg5",
    "Bb3+",
    "Ke5",
    "Kf3",
    "Kd6",
    "Ba2",
    "Ke5",
    "Bb3",
    "Bd7",
    "Bc2",
    "Bc6+",
    "Kg4",
    "Be4",
    "Ba4",
    "Kf6",
    "Bb3",
    "Bb1",
    "Ba4",
    "Bd3",
    "Bd1",
    "Bc4",
    "Bc2",
    "Be2+",
    "Kg3",
    "Ke5",
    "Kf2",
    "Bg4",
    "Bb3",
    "Kd6",
    "Kg3",
    "Bh5",
    "Bc4",
    "Kc5",
    "Be6",
    "a4",
    "Bg4",
    "Bxg4",
    "Kxg4",
    "Kd5",
    "Kf5",
    "g4",
    "Kf4",
    "b5",
    "e4+",
    "Kd4",
    "e5",
    "g3",
    "Kxg3",
    "Kxe5",
    "Kf3",
    "Kd4",
    "Ke2",
    "Kc4",
    "Kd2",
    "Kb3",
    "Kc1",
    "b4",
    "axb4",
    "Kxb4",
    "Kb1"
  ]
}