{
  "event": "8th Asian Continental Chess Championship",
  "site": "Subic Bay Free Port",
  "date": "2009.05.20",
  "eventDate": "2009.05.13",
  "dateMillis": 1242748800000,
  "eventDateMillis": 1242144000000,
  "round": "8.2",
  "result": "1/2-1/2",
  "white": "Le Quang Liem",
  "black": "Ding Liren",
  "isDingWin": false,
  "isDraw": true,
  "isDingBlack": true,
  "moves": [
    "d4",
    "Nf6",
    "Nf3",
    "g6",
    "Bg5",
    "Bg7",
    "Nbd2",
    "O-O",
    "c3",
    "d5",
    "e3",
    "Nbd7",
    "Be2",
    "Re8",
    "O-O",
    "e5",
    "dxe5",
    "Nxe5",
    "Re1",
    "c6",
    "Qb3",
    "Nxf3+",
    "Bxf3",
    "h6",
    "Bxf6",
    "Qxf6",
    "Rad1",
    "Qe7",
    "h3",
    "Be6",
    "Qc2",
    "Qg5",
    "Kf1",
    "Qe5",
    "Kg1",
    "Qg5",
    "Kf1",
    "Qe5",
    "Kg1"
  ]
}