{
  "event": "8th Asian Continental Chess Championship",
  "site": "Subic Bay Free Port",
  "date": "2009.05.19",
  "eventDate": "2009.05.13",
  "dateMillis": 1242662400000,
  "eventDateMillis": 1242144000000,
  "round": "7.9",
  "result": "1-0",
  "white": "Ding Liren",
  "black": "Enamul Hossain",
  "isDingWin": true,
  "isDraw": false,
  "isDingBlack": false,
  "moves": [
    "d4",
    "d5",
    "c4",
    "c6",
    "Nf3",
    "Nf6",
    "Nc3",
    "dxc4",
    "a4",
    "Bf5",
    "Ne5",
    "Nbd7",
    "Nxc4",
    "Qc7",
    "g3",
    "e5",
    "dxe5",
    "Nxe5",
    "Bf4",
    "Nfd7",
    "Bg2",
    "f6",
    "O-O",
    "Nc5",
    "Ne3",
    "Bg6",
    "b4",
    "Ne6",
    "Qb3",
    "Bf7",
    "Qb1",
    "Nxf4",
    "gxf4",
    "Ng6",
    "b5",
    "Rc8",
    "bxc6",
    "bxc6",
    "Nb5",
    "Qb8",
    "Rc1",
    "Be7",
    "Bxc6+",
    "Kf8",
    "Qe4",
    "Nxf4",
    "Nf5",
    "Qe5",
    "Qxe5",
    "fxe5",
    "Bf3",
    "Rxc1+",
    "Rxc1",
    "Be6",
    "Nxe7",
    "Kxe7",
    "e3",
    "Nh3+",
    "Kg2",
    "Ng5",
    "Rc7+",
    "Kf6",
    "Rxa7",
    "Rd8",
    "Nc7",
    "e4",
    "Be2",
    "Bh3+",
    "Kg3",
    "g6",
    "a5",
    "Rd2",
    "Ne8+",
    "Ke5",
    "Re7+",
    "Kd5",
    "Bg4",
    "Bxg4",
    "Kxg4",
    "Nf3",
    "Rd7+",
    "Kc6",
    "Rxd2",
    "Nxd2",
    "Nf6"
  ]
}