{
  "event": "Chinese Championship",
  "site": "Xinghua Jiangsu CHN",
  "date": "2009.05.28",
  "eventDate": "2009.05.26",
  "dateMillis": 1243440000000,
  "eventDateMillis": 1243267200000,
  "round": "3",
  "result": "1-0",
  "white": "Ding Liren",
  "black": "Li Shilong",
  "isDingWin": true,
  "isDraw": false,
  "isDingBlack": false,
  "moves": [
    "d4",
    "Nf6",
    "c4",
    "g6",
    "Nc3",
    "Bg7",
    "Nf3",
    "O-O",
    "e4",
    "d6",
    "Be2",
    "e5",
    "O-O",
    "Na6",
    "Re1",
    "c6",
    "Be3",
    "exd4",
    "Nxd4",
    "Re8",
    "f3",
    "Nc5",
    "Qd2",
    "a5",
    "Rad1",
    "Nfd7",
    "Bf1",
    "a4",
    "Nde2",
    "Qb6",
    "Qxd6",
    "Nxe4",
    "Qf4",
    "Nec5",
    "Ne4",
    "Qa5",
    "Nd6",
    "Rf8",
    "Qh4",
    "Bxb2",
    "Nd4",
    "Qc7",
    "Qe7",
    "Qd8",
    "Bh6",
    "Nb6",
    "Qe5",
    "Ne6",
    "Nxe6",
    "Bxe5",
    "Nxd8",
    "Rxd8",
    "Rxe5",
    "Be6",
    "Ree1",
    "a3",
    "Be3",
    "Na4",
    "Nxb7",
    "Rdb8",
    "Nc5",
    "Nc3",
    "Rd2",
    "Rb2",
    "Nxe6",
    "fxe6",
    "Ra1",
    "c5",
    "Rf2",
    "Rc8",
    "Bf4",
    "Rd8",
    "Be5",
    "Nd1",
    "Bxb2",
    "axb2",
    "Rxd1"
  ]
}