{
  "event": "8th Asian Continental Chess Championship",
  "site": "Subic Bay Free Port",
  "date": "2009.05.17",
  "eventDate": "2009.05.13",
  "dateMillis": 1242489600000,
  "eventDateMillis": 1242144000000,
  "round": "5.26",
  "result": "1-0",
  "white": "Ding Liren",
  "black": "Hassan Abdullah",
  "isDingWin": true,
  "isDraw": false,
  "isDingBlack": false,
  "moves": [
    "d4",
    "Nf6",
    "Nf3",
    "e6",
    "c4",
    "b6",
    "g3",
    "Bb7",
    "Bg2",
    "Be7",
    "Nc3",
    "O-O",
    "Bf4",
    "Ne4",
    "Qc2",
    "Nxc3",
    "Ng5",
    "Ne4",
    "Bxe4",
    "Bxg5",
    "Bxb7",
    "Bxf4",
    "Bxa8",
    "Bd6",
    "Bf3",
    "f5",
    "c5",
    "Be7",
    "O-O",
    "bxc5",
    "dxc5",
    "Na6",
    "b4",
    "c6",
    "Qa4",
    "Qc8",
    "Rfd1",
    "g5",
    "Rd3",
    "g4",
    "Bg2",
    "Bf6",
    "Rad1",
    "Rf7",
    "Rc1",
    "Qb7",
    "Rc4",
    "Nc7",
    "e4",
    "fxe4",
    "Rxe4",
    "h5",
    "Rf4",
    "Kg7",
    "Qd1",
    "Nb5",
    "h3",
    "Nc3",
    "Qd2",
    "Nd5",
    "Bxd5",
    "cxd5",
    "hxg4",
    "e5",
    "Rxf6",
    "Rxf6",
    "Rxd5"
  ]
}