{
  "event": "8th Asian Continental Chess Championship",
  "site": "Subic Bay Free Port",
  "date": "2009.05.22",
  "eventDate": "2009.05.13",
  "dateMillis": 1242921600000,
  "eventDateMillis": 1242144000000,
  "round": "10.11",
  "result": "1/2-1/2",
  "white": "Ding Liren",
  "black": "Anton Filippov",
  "isDingWin": false,
  "isDraw": true,
  "isDingBlack": false,
  "moves": [
    "d4",
    "Nf6",
    "Nf3",
    "e6",
    "c4",
    "Bb4+",
    "Nbd2",
    "b6",
    "a3",
    "Bxd2+",
    "Qxd2",
    "a5",
    "b3",
    "Bb7",
    "e3",
    "d6",
    "Bb2",
    "Nbd7",
    "Be2",
    "O-O",
    "O-O",
    "Qe7",
    "Rad1",
    "Rac8",
    "Qc2",
    "Be4",
    "Bd3",
    "Bg6",
    "e4",
    "e5",
    "Nh4",
    "exd4",
    "Nxg6",
    "hxg6",
    "Bxd4",
    "Nc5",
    "Rfe1",
    "Nxd3",
    "Rxd3",
    "Nd7",
    "Rde3",
    "g5",
    "Qe2",
    "Rfe8",
    "Qh5",
    "Ne5",
    "Rg3",
    "f6",
    "h4",
    "Qf7",
    "Qxf7+",
    "Nxf7",
    "hxg5",
    "Nxg5",
    "Bxf6",
    "gxf6",
    "f4",
    "Re7",
    "Rf1",
    "Rxe4",
    "fxg5",
    "f5",
    "Rxf5",
    "a4",
    "bxa4",
    "Rxc4",
    "g6",
    "Rf8",
    "Rxf8+",
    "Kxf8",
    "g7+",
    "Kg8",
    "a5",
    "bxa5",
    "Kf1",
    "Re4",
    "Kf2",
    "Re7",
    "Rg5",
    "Re5",
    "Rg4",
    "Re7",
    "Rg5",
    "Rf7+",
    "Ke1",
    "Rxg7",
    "Rxa5",
    "Kf7",
    "Rf5+",
    "Ke6",
    "Rf2",
    "Rg4",
    "Re2+",
    "Kd7",
    "Kf2",
    "Ra4",
    "Re3",
    "d5",
    "Kf3",
    "Kd6",
    "g4",
    "d4",
    "Rb3",
    "Kd5",
    "g5",
    "c5",
    "g6",
    "Ra6",
    "g7",
    "Rg6",
    "Rb7",
    "Kc4",
    "Ke4",
    "Kc3",
    "Kf5",
    "Rg1",
    "a4",
    "d3",
    "Kf6",
    "d2",
    "Rd7",
    "c4",
    "a5",
    "Rf1+",
    "Ke7",
    "Rg1",
    "Kf7",
    "Rf1+",
    "Ke7",
    "Re1+",
    "Kf7"
  ]
}