{
  "event": "Chinese Championship",
  "site": "Xinghua Jiangsu CHN",
  "date": "2009.05.30",
  "eventDate": "2009.05.26",
  "dateMillis": 1243612800000,
  "eventDateMillis": 1243267200000,
  "round": "5",
  "result": "0-1",
  "white": "Zhang Pengxiang",
  "black": "Ding Liren",
  "isDingWin": true,
  "isDraw": false,
  "isDingBlack": true,
  "moves": [
    "e4",
    "e6",
    "d4",
    "d5",
    "Nc3",
    "Nf6",
    "Bg5",
    "dxe4",
    "Nxe4",
    "Nbd7",
    "Nf3",
    "h6",
    "Nxf6+",
    "Nxf6",
    "Be3",
    "Nd5",
    "Bd3",
    "Nxe3",
    "fxe3",
    "Bd6",
    "e4",
    "c5",
    "e5",
    "Be7",
    "Qe2",
    "Qa5+",
    "c3",
    "Bd7",
    "O-O",
    "Qb6",
    "Kh1",
    "a5",
    "Nd2",
    "cxd4",
    "Nc4",
    "Qc7",
    "cxd4",
    "Bc6",
    "Qg4",
    "O-O",
    "Rae1",
    "b5",
    "Nd2",
    "Rad8",
    "Ne4",
    "Rxd4",
    "Nf6+",
    "Bxf6",
    "Qxd4",
    "Rd8",
    "Qg4",
    "Bxe5",
    "Bg6",
    "Rd4",
    "Qh3",
    "Bf6",
    "Rc1",
    "Qd6",
    "Bb1",
    "Rh4",
    "Rxc6",
    "Qxc6",
    "Qd3",
    "Rg4",
    "Rg1",
    "g6",
    "h3",
    "Rd4",
    "Qe3",
    "Qd5",
    "Bc2",
    "Rd2",
    "Be4",
    "Qg5",
    "Qa7",
    "Qf4",
    "Qxa5",
    "Be5",
    "Qa8+",
    "Kg7",
    "g3",
    "Qf2"
  ]
}