{
  "event": "Chinese Championship",
  "site": "Xinghua Jiangsu CHN",
  "date": "2009.05.29",
  "eventDate": "2009.05.26",
  "dateMillis": 1243526400000,
  "eventDateMillis": 1243267200000,
  "round": "4",
  "result": "1/2-1/2",
  "white": "Ding Liren",
  "black": "Chong Liang",
  "isDingWin": false,
  "isDraw": true,
  "isDingBlack": false,
  "moves": [
    "d4",
    "Nf6",
    "c4",
    "e6",
    "Nf3",
    "d5",
    "Nc3",
    "Be7",
    "Bf4",
    "O-O",
    "e3",
    "dxc4",
    "Bxc4",
    "a6",
    "O-O",
    "b5",
    "Bd3",
    "Bb7",
    "Qe2",
    "c5",
    "dxc5",
    "Bxc5",
    "e4",
    "Be7",
    "Rfd1",
    "Nbd7",
    "Rac1",
    "Rc8",
    "a3",
    "Re8",
    "b4",
    "Ba8",
    "Bb1",
    "Qb6",
    "Ba2",
    "Nf8",
    "e5",
    "N6d7",
    "Bg3",
    "Qb7",
    "Bb1",
    "Nb6",
    "Ne4",
    "Rxc1",
    "Rxc1",
    "Rc8",
    "Rd1",
    "Nd5",
    "Qd2",
    "h6",
    "Bh4",
    "Ng6",
    "Bxe7",
    "Qxe7",
    "Nc5",
    "Ngf4",
    "Re1",
    "a5",
    "Be4",
    "axb4",
    "axb4",
    "Nxb4",
    "Qxb4",
    "Rxc5",
    "Bxa8",
    "Nd3",
    "Qd4",
    "Nxe1",
    "Nxe1",
    "Rc4",
    "Qe3",
    "b4",
    "g3",
    "Rc3",
    "Qd2",
    "Qc7",
    "Be4",
    "b3",
    "Kg2",
    "g6",
    "Nf3",
    "Kg7",
    "h4",
    "Rc4",
    "Bd3",
    "Ra4",
    "h5",
    "g5",
    "Nxg5",
    "Qxe5",
    "Nf3",
    "Qf6",
    "Bb1",
    "b2",
    "Qd3",
    "Ra5",
    "Qe4",
    "Rd5",
    "Qg4+",
    "Kh8",
    "Qb4",
    "Kg8",
    "Qg4+",
    "Qg7",
    "Qb4",
    "Rd8",
    "Qe4",
    "Rd5",
    "Qb4",
    "Rd8",
    "Qe4",
    "Rd1",
    "Qa8+",
    "Qf8",
    "Qe4",
    "Qg7",
    "Qa8+",
    "Qf8",
    "Qe4",
    "Qg7"
  ]
}