{
  "event": "8th Asian Continental Chess Championship",
  "site": "Subic Bay Free Port",
  "date": "2009.05.18",
  "eventDate": "2009.05.13",
  "dateMillis": 1242576000000,
  "eventDateMillis": 1242144000000,
  "round": "6.14",
  "result": "0-1",
  "white": "Dzhurabek Khamrakulov",
  "black": "Ding Liren",
  "isDingWin": true,
  "isDraw": false,
  "isDingBlack": true,
  "moves": [
    "e4",
    "e6",
    "Qe2",
    "c5",
    "f4",
    "Nf6",
    "Nf3",
    "d5",
    "e5",
    "Nfd7",
    "c3",
    "c4",
    "d4",
    "cxd3",
    "Qxd3",
    "Qb6",
    "Qe2",
    "Nc6",
    "Be3",
    "Bc5",
    "Bxc5",
    "Nxc5",
    "Qb5",
    "Qxb5",
    "Bxb5",
    "Bd7",
    "Na3",
    "a6",
    "Be2",
    "f6",
    "exf6",
    "gxf6",
    "Rd1",
    "Na4",
    "Rd2",
    "b5",
    "O-O",
    "b4",
    "cxb4",
    "Nxb4",
    "Nd4",
    "Ke7",
    "Re1",
    "Nc5",
    "Nac2",
    "Ne4",
    "Rdd1",
    "Nxc2",
    "Nxc2",
    "Rhb8",
    "b3",
    "Nc3",
    "Rd2",
    "Nxa2",
    "Bg4",
    "Nc3",
    "f5",
    "e5",
    "Rd3",
    "Rxb3",
    "Ne3",
    "Bc6",
    "Bd1",
    "Rab8",
    "Bxb3",
    "Rxb3",
    "Rd2",
    "a5",
    "Rc1",
    "d4",
    "Nd1",
    "Be4",
    "Nxc3",
    "dxc3",
    "Ra2",
    "Rb2",
    "Ra4",
    "Rxg2+",
    "Kf1",
    "Rg4",
    "Kf2",
    "Bxf5",
    "Rxg4",
    "Bxg4",
    "Rxc3",
    "a4",
    "Rc4",
    "Bd7",
    "Rh4",
    "a3",
    "Rxh7+",
    "Kd6",
    "Rh8",
    "Kc5",
    "Ra8",
    "Kb4",
    "h4",
    "Ba4",
    "Rb8+",
    "Bb5",
    "Ra8",
    "Bc6",
    "Rb8+",
    "Ka5",
    "Rb1",
    "Be4",
    "Rb3",
    "Ka4",
    "Rb6",
    "Bd3",
    "Ke3",
    "Bb5",
    "Rd6",
    "a2",
    "Rd1",
    "Be8",
    "h5",
    "Bxh5",
    "Rd8",
    "Bf7",
    "Kd2",
    "Ka3"
  ]
}