{
  "event": "Chinese Championship",
  "site": "Xinghua Jiangsu CHN",
  "date": "2009.05.26",
  "eventDate": "2009.05.26",
  "dateMillis": 1243267200000,
  "eventDateMillis": 1243267200000,
  "round": "1",
  "result": "1/2-1/2",
  "white": "Ding Liren",
  "black": "Bu Xiangzhi",
  "isDingWin": false,
  "isDraw": true,
  "isDingBlack": false,
  "moves": [
    "d4",
    "d5",
    "c4",
    "c6",
    "Nc3",
    "Nf6",
    "e3",
    "g6",
    "Nf3",
    "Bg7",
    "Qb3",
    "O-O",
    "Bd2",
    "e6",
    "Bd3",
    "Nbd7",
    "O-O",
    "c5",
    "a4",
    "Rb8",
    "Rfd1",
    "b6",
    "Nb5",
    "a6",
    "Nd6",
    "Qc7",
    "Nxc8",
    "Rfxc8",
    "Rdc1",
    "b5",
    "axb5",
    "axb5",
    "cxd5",
    "Nxd5",
    "e4",
    "Ne7",
    "dxc5",
    "Nxc5",
    "Qa3",
    "Qb6",
    "Rxc5",
    "Qxc5",
    "Qxc5",
    "Rxc5",
    "Bb4",
    "Rc7",
    "Bd6",
    "Rd7",
    "Bxb8",
    "Rxd3",
    "Be5",
    "Nc6",
    "Ra8+",
    "Bf8",
    "Kf1",
    "Nxe5",
    "Nxe5",
    "Rd2",
    "Ke1",
    "Rd4",
    "f3",
    "Kg7",
    "Ra7",
    "Bb4+",
    "Ke2",
    "Rd2+",
    "Kf1",
    "Rd1+",
    "Ke2",
    "Rd2+",
    "Kf1",
    "Rd1+",
    "Ke2"
  ]
}