{
  "event": "8th Asian Continental Chess Championship",
  "site": "Subic Bay Free Port",
  "date": "2009.05.21",
  "eventDate": "2009.05.13",
  "dateMillis": 1242835200000,
  "eventDateMillis": 1242144000000,
  "round": "9.5",
  "result": "1-0",
  "white": "Krishnan Sasikiran",
  "black": "Ding Liren",
  "isDingWin": false,
  "isDraw": false,
  "isDingBlack": true,
  "moves": [
    "d4",
    "Nf6",
    "Nf3",
    "g6",
    "Bg5",
    "Bg7",
    "Nbd2",
    "O-O",
    "e3",
    "d6",
    "c3",
    "Nbd7",
    "Bd3",
    "e5",
    "O-O",
    "h6",
    "Bh4",
    "g5",
    "Bg3",
    "Nh5",
    "Qc2",
    "Nxg3",
    "hxg3",
    "d5",
    "dxe5",
    "g4",
    "Nh4",
    "Nxe5",
    "Bh7+",
    "Kh8",
    "Bf5",
    "Be6",
    "f4",
    "gxf3",
    "Ndxf3",
    "Nxf3+",
    "Rxf3",
    "Kg8",
    "Raf1",
    "Qg5",
    "Qf2",
    "h5",
    "g4",
    "hxg4",
    "Rf4",
    "Bxf5",
    "Nxf5",
    "Rae8",
    "Qg3",
    "Re4",
    "Rxe4",
    "dxe4",
    "Rf4",
    "Rd8",
    "Rxg4",
    "Qxf5",
    "Rxg7+",
    "Kf8",
    "Rg8+",
    "Ke7",
    "Qxc7+",
    "Rd7",
    "Qb8",
    "Kf6",
    "Rd8",
    "Rxd8",
    "Qxd8+",
    "Kg6",
    "Qd6+",
    "Kg7",
    "Qg3+",
    "Kf8",
    "Qb8+",
    "Kg7",
    "Qxb7",
    "a5",
    "Qb6",
    "Qg4",
    "Qd4+",
    "f6",
    "a4",
    "Qh4",
    "Qd2",
    "Qg3",
    "Qd7+"
  ]
}