{
  "event": "Chinese Championship",
  "site": "Xinghua Jiangsu CHN",
  "date": "2009.05.27",
  "eventDate": "2009.05.26",
  "dateMillis": 1243353600000,
  "eventDateMillis": 1243267200000,
  "round": "2",
  "result": "1/2-1/2",
  "white": "Ji Dan",
  "black": "Ding Liren",
  "isDingWin": false,
  "isDraw": true,
  "isDingBlack": true,
  "moves": [
    "e4",
    "e6",
    "d4",
    "d5",
    "exd5",
    "exd5",
    "Nf3",
    "Bg4",
    "h3",
    "Bh5",
    "Qe2+",
    "Qe7",
    "Be3",
    "Nc6",
    "Nc3",
    "O-O-O",
    "O-O-O",
    "f6",
    "g4",
    "Bf7",
    "Bg2",
    "Qd7",
    "Nd2",
    "Bb4",
    "Nb3",
    "Bxc3",
    "bxc3",
    "Qd6",
    "Qd2",
    "Na5",
    "Nxa5",
    "Qa3+",
    "Kb1",
    "Qxa5",
    "Ka1",
    "Ne7",
    "Rb1",
    "Rd6",
    "c4",
    "Qxd2",
    "Bxd2",
    "b6",
    "Rhe1",
    "Nc6",
    "Bf4",
    "Nxd4",
    "Bxd6",
    "Nxc2+",
    "Kb2",
    "Nxe1",
    "Rxe1",
    "cxd6",
    "Re7",
    "Bg6",
    "Rxa7",
    "Re8",
    "Ra8+",
    "Kc7",
    "Rxe8",
    "Bxe8"
  ]
}