{
  "event": "Chinese Championship",
  "site": "Xinghua Jiangsu CHN",
  "date": "2009.06.03",
  "eventDate": "2009.05.26",
  "dateMillis": 1243958400000,
  "eventDateMillis": 1243267200000,
  "round": "8",
  "result": "1/2-1/2",
  "white": "Ding Liren",
  "black": "Zhou Weiqi",
  "isDingWin": false,
  "isDraw": true,
  "isDingBlack": false,
  "moves": [
    "d4",
    "Nf6",
    "Nf3",
    "e6",
    "c4",
    "d5",
    "Nc3",
    "Bb4",
    "cxd5",
    "exd5",
    "Bg5",
    "Nbd7",
    "Qb3",
    "c5",
    "a3",
    "Bxc3+",
    "Qxc3",
    "h6",
    "Qe3+",
    "Qe7",
    "Qxe7+",
    "Kxe7",
    "Bh4",
    "g5",
    "Bg3",
    "Ne4",
    "dxc5",
    "Ndxc5",
    "Nd4",
    "Ne6",
    "Be5",
    "f6",
    "Nxe6",
    "Bxe6",
    "Bd4",
    "Rhc8",
    "e3",
    "Rc7",
    "Bd3",
    "Rac8",
    "f3",
    "Nc5",
    "Bc2",
    "Nd7",
    "Bb3",
    "Nc5",
    "Bc2",
    "Nd7",
    "Bb3",
    "Nc5",
    "Bc2"
  ]
}