{
  "event": "Chinese Championship",
  "site": "Xinghua Jiangsu CHN",
  "date": "2009.06.02",
  "eventDate": "2009.05.26",
  "dateMillis": 1243872000000,
  "eventDateMillis": 1243267200000,
  "round": "7",
  "result": "0-1",
  "white": "Yifan Hou",
  "black": "Ding Liren",
  "isDingWin": true,
  "isDraw": false,
  "isDingBlack": true,
  "moves": [
    "e4",
    "e6",
    "d4",
    "d5",
    "Nc3",
    "Nf6",
    "e5",
    "Nfd7",
    "f4",
    "c5",
    "Nf3",
    "Nc6",
    "Be3",
    "Be7",
    "Qd2",
    "O-O",
    "Be2",
    "a6",
    "O-O",
    "b5",
    "a3",
    "Bb7",
    "Nd1",
    "cxd4",
    "Nxd4",
    "Qc7",
    "Nf2",
    "Rac8",
    "c3",
    "Nc5",
    "Qe1",
    "Nxd4",
    "cxd4",
    "Ne4",
    "Nd3",
    "Qb6",
    "b4",
    "Rc3",
    "Rf3",
    "Rfc8",
    "Nc5",
    "Rxe3",
    "Rxe3",
    "Nxc5",
    "dxc5",
    "Rxc5",
    "Kh1",
    "Rc7",
    "Rc1",
    "Rd7",
    "Qd2",
    "g6",
    "h3",
    "d4",
    "Rg3",
    "Bh4",
    "Rb3",
    "Bd5",
    "Rb2",
    "d3",
    "Bf3",
    "Bc4",
    "Kh2",
    "Qd4",
    "g3",
    "Bd8",
    "Re1",
    "Bb6",
    "Rbb1",
    "Qf2+",
    "Qxf2",
    "Bxf2",
    "Red1",
    "d2",
    "Kg2",
    "Be1",
    "Ra1",
    "Rd3",
    "g4",
    "Re3",
    "a4",
    "Bb3",
    "axb5",
    "Bxd1",
    "Bxd1",
    "axb5",
    "Ra5",
    "Bh4",
    "Ra2",
    "Rd3",
    "Ra5",
    "Rc3",
    "Ra2",
    "Be1",
    "Rc2",
    "Rg3+",
    "Kf1",
    "Rxh3",
    "Ke2",
    "Rh2+",
    "Kf3",
    "h5",
    "gxh5",
    "gxh5",
    "Rc5",
    "h4",
    "Rxb5",
    "Rf2+",
    "Kg4",
    "Rg2+",
    "Kh3",
    "Rg3+",
    "Kh2",
    "Bf2",
    "Rb8+",
    "Kg7",
    "Rd8",
    "Be3",
    "f5",
    "exf5",
    "Rd7",
    "Bf4",
    "e6",
    "Re3+",
    "Kg2",
    "h3+",
    "Kf2",
    "h2",
    "Rxf7+",
    "Kg8",
    "Kg2",
    "Re1"
  ]
}