{
  "event": "Chinese Championship",
  "site": "Xinghua Jiangsu CHN",
  "date": "2009.06.05",
  "eventDate": "2009.05.26",
  "dateMillis": 1244131200000,
  "eventDateMillis": 1243267200000,
  "round": "10",
  "result": "1-0",
  "white": "Ding Liren",
  "black": "Wang Hao",
  "isDingWin": true,
  "isDraw": false,
  "isDingBlack": false,
  "moves": [
    "d4",
    "Nf6",
    "Nf3",
    "e6",
    "c4",
    "d5",
    "Nc3",
    "c6",
    "e3",
    "a6",
    "c5",
    "Nbd7",
    "b4",
    "g6",
    "Bd3",
    "Bg7",
    "O-O",
    "O-O",
    "Na4",
    "Re8",
    "Bb2",
    "e5",
    "dxe5",
    "Ng4",
    "e6",
    "fxe6",
    "Bxg7",
    "Kxg7",
    "e4",
    "Rf8",
    "h3",
    "Ngf6",
    "Re1",
    "Nh5",
    "Bf1",
    "Qf6",
    "exd5",
    "exd5",
    "Qd4",
    "Kg8",
    "Qxf6",
    "Ndxf6",
    "Nb6",
    "Rb8",
    "Re7",
    "Ng7",
    "Rae1",
    "Ne4",
    "R1xe4",
    "dxe4",
    "Ng5",
    "Rf5",
    "Bc4+",
    "Kf8",
    "Rc7",
    "Rxg5",
    "Nxc8",
    "Rf5",
    "Nd6",
    "Rf4",
    "g3",
    "Rf3",
    "Nxe4",
    "h6",
    "Kg2",
    "Rf5",
    "h4",
    "Rd8",
    "Rxb7",
    "Rd4",
    "Nd6",
    "Rf6",
    "Rb8+",
    "Ke7",
    "Nc8+",
    "Kd7",
    "Nb6+",
    "Kc7",
    "Ra8",
    "Ne6",
    "Bxa6",
    "Rf8",
    "Bc8",
    "Nd8",
    "Bd7",
    "Kb7",
    "Rc8",
    "Rxd7",
    "Nxd7",
    "Re8",
    "Nb6",
    "g5",
    "hxg5",
    "hxg5",
    "a4",
    "g4",
    "Ra8"
  ]
}