{
  "event": "Russia - China",
  "site": "Sochi RUS",
  "date": "2009.08.17",
  "eventDate": "2009.08.15",
  "dateMillis": 1250438400000,
  "eventDateMillis": 1250265600000,
  "round": "3",
  "result": "1-0",
  "white": "Ding Liren",
  "black": "Nikita Vitiugov",
  "isDingWin": true,
  "isDraw": false,
  "isDingBlack": false,
  "moves": [
    "d4",
    "Nf6",
    "Nf3",
    "d5",
    "c4",
    "e6",
    "Nc3",
    "c6",
    "e3",
    "Nbd7",
    "Qc2",
    "Bd6",
    "g4",
    "h6",
    "h3",
    "a6",
    "c5",
    "Be7",
    "Rg1",
    "b6",
    "cxb6",
    "Qxb6",
    "g5",
    "hxg5",
    "Nxg5",
    "Rg8",
    "Na4",
    "Qa7",
    "Qxc6",
    "Bb7",
    "Qc2",
    "Rc8",
    "Nc3",
    "e5",
    "Bd2",
    "exd4",
    "exd4",
    "Qxd4",
    "Be3",
    "Qb4",
    "O-O-O",
    "Nc5",
    "f3",
    "Bc6",
    "Bd4",
    "a5",
    "Rg2",
    "a4",
    "Re2",
    "Rc7",
    "Be5",
    "Rd7",
    "Rd4",
    "Qb6",
    "h4",
    "a3",
    "b3",
    "Rb7",
    "Bh3",
    "Rh8",
    "b4",
    "Ncd7",
    "Na4",
    "Qb5",
    "Bd6",
    "Ng8",
    "Nc3",
    "Qb6",
    "Qf5",
    "Kd8",
    "Nxf7+",
    "Kc8",
    "Bc5",
    "Nh6",
    "Bxb6",
    "Nxf5",
    "Bxf5",
    "Bf6",
    "Nxd5",
    "Kb8",
    "Nxf6"
  ]
}