{
  "event": "Russia - China",
  "site": "Sochi RUS",
  "date": "2009.08.18",
  "eventDate": "2009.08.15",
  "dateMillis": 1250524800000,
  "eventDateMillis": 1250265600000,
  "round": "4",
  "result": "1/2-1/2",
  "white": "Artyom Timofeev",
  "black": "Ding Liren",
  "isDingWin": false,
  "isDraw": true,
  "isDingBlack": true,
  "moves": [
    "e4",
    "e6",
    "d4",
    "d5",
    "Nd2",
    "dxe4",
    "Nxe4",
    "Nd7",
    "Nf3",
    "Ngf6",
    "Nxf6+",
    "Nxf6",
    "Ne5",
    "a6",
    "Bd3",
    "c5",
    "dxc5",
    "Qd5",
    "Qe2",
    "Qxg2",
    "Rf1",
    "Qxh2",
    "Bg5",
    "Qh5",
    "Qd2",
    "h6",
    "Bf4",
    "Nd5",
    "Be4",
    "Qh4",
    "Bxd5",
    "exd5",
    "O-O-O",
    "Be6",
    "Rfe1",
    "Qf6",
    "Ng4",
    "Qf5",
    "f3",
    "Be7",
    "Kb1",
    "Rc8",
    "Bd6",
    "Qg5",
    "Qd4",
    "Bxd6",
    "cxd6",
    "O-O",
    "Rg1",
    "Bxg4",
    "Rxg4",
    "Rc4",
    "Rxg5",
    "Rxd4",
    "Rxd4",
    "hxg5",
    "Rxd5",
    "f6",
    "c4",
    "Kf7",
    "c5",
    "Ke6",
    "Rd2",
    "Kd7",
    "b4",
    "b6",
    "Kb2",
    "bxc5",
    "bxc5",
    "Kc6",
    "Rc2",
    "Rb8+",
    "Kc1",
    "Rb4",
    "Kd2",
    "g4",
    "fxg4",
    "Rxg4",
    "Ke3"
  ]
}