{
  "event": "Russia - China",
  "site": "Sochi RUS",
  "date": "2009.08.19",
  "eventDate": "2009.08.15",
  "dateMillis": 1250611200000,
  "eventDateMillis": 1250265600000,
  "round": "5",
  "result": "0-1",
  "white": "Ding Liren",
  "black": "Vladimir Malakhov",
  "isDingWin": false,
  "isDraw": false,
  "isDingBlack": false,
  "moves": [
    "d4",
    "d5",
    "c4",
    "c6",
    "Nf3",
    "Nf6",
    "Nc3",
    "a6",
    "e3",
    "b5",
    "c5",
    "g6",
    "Bd3",
    "Bg7",
    "e4",
    "dxe4",
    "Nxe4",
    "Nxe4",
    "Bxe4",
    "Be6",
    "O-O",
    "Bd5",
    "Re1",
    "Bxe4",
    "Rxe4",
    "Nd7",
    "Bg5",
    "Nf6",
    "Bxf6",
    "Bxf6",
    "Qb3",
    "O-O",
    "Rae1",
    "e6",
    "Qe3",
    "Qd5",
    "a3",
    "Rad8",
    "h4",
    "Bg7",
    "Qf4",
    "a5",
    "R1e2",
    "a4",
    "Qe3",
    "Rd7",
    "Kh2",
    "Rfd8",
    "g4",
    "Rb7",
    "Qc3",
    "b4",
    "axb4",
    "Rdb8",
    "Kg2",
    "Rxb4",
    "g5",
    "Rb3",
    "Qc1",
    "R8b4",
    "h5",
    "gxh5",
    "Qf4",
    "Rxb2",
    "R2e3",
    "R2b3",
    "Kg3",
    "Rxe3",
    "Rxe3",
    "Bxd4",
    "Nxd4",
    "Rxd4",
    "Qb8+"
  ]
}