{
  "event": "Russia - China",
  "site": "Sochi RUS",
  "date": "2009.08.15",
  "eventDate": "2009.08.15",
  "dateMillis": 1250265600000,
  "eventDateMillis": 1250265600000,
  "round": "1",
  "result": "1/2-1/2",
  "white": "Ding Liren",
  "black": "Evgeny Tomashevsky",
  "isDingWin": false,
  "isDraw": true,
  "isDingBlack": false,
  "moves": [
    "d4",
    "Nf6",
    "c4",
    "e6",
    "Nf3",
    "b6",
    "g3",
    "Bb7",
    "Bg2",
    "Be7",
    "Nc3",
    "O-O",
    "Bf4",
    "Bb4",
    "O-O",
    "Bxc3",
    "bxc3",
    "d6",
    "a4",
    "Be4",
    "Re1",
    "Nc6",
    "Bf1",
    "Na5",
    "Nd2",
    "Bb7",
    "e4",
    "Nd7",
    "Qc2",
    "e5",
    "Be3",
    "Qe7",
    "f3",
    "Rae8",
    "Bd3",
    "Ba6",
    "Rab1",
    "Qe6",
    "Rb4",
    "f6",
    "Qa2",
    "Qf7",
    "Rbb1",
    "Kh8",
    "Bf2",
    "Re7",
    "Re3",
    "Rfe8",
    "Rbe1",
    "Nf8",
    "f4",
    "Nd7",
    "Rf3",
    "Qg8",
    "Ree3",
    "Rd8",
    "h4",
    "Qf7",
    "Kh2",
    "Rde8",
    "g4",
    "exf4",
    "Rxf4",
    "Qg8",
    "Rg3",
    "Nf8",
    "Rg1",
    "c5",
    "Rf5",
    "Rd7",
    "d5",
    "Ng6",
    "Nf3"
  ]
}