{
  "event": "Russia vs China (Blitz)",
  "site": "Sochi RUS",
  "date": "2009.08.23",
  "eventDate": "2009.08.23",
  "dateMillis": 1250956800000,
  "eventDateMillis": 1250956800000,
  "round": "7",
  "result": "0-1",
  "white": "Ding Liren",
  "black": "Ian Nepomniachtchi",
  "isDingWin": false,
  "isDraw": false,
  "isDingBlack": false,
  "moves": [
    "d4",
    "Nf6",
    "Nf3",
    "g6",
    "c4",
    "Bg7",
    "Nc3",
    "d5",
    "e3",
    "Nc6",
    "Qb3",
    "dxc4",
    "Bxc4",
    "O-O",
    "Be2",
    "a6",
    "O-O",
    "b5",
    "Rd1",
    "Bb7",
    "d5",
    "Na5",
    "Qb4",
    "c6",
    "a4",
    "Nxd5",
    "Nxd5",
    "cxd5",
    "axb5",
    "axb5",
    "Qxb5",
    "Ba6",
    "Qxa5",
    "Bxe2",
    "Qxa8",
    "Bxd1",
    "Qxd8",
    "Rxd8",
    "Nd4",
    "e5",
    "Nc6",
    "Re8",
    "Bd2",
    "Be2",
    "Bc3",
    "f6",
    "f4",
    "Bb5",
    "Nb4",
    "d4",
    "exd4",
    "exf4",
    "Ra5",
    "Be2",
    "Nd5",
    "g5",
    "Ra7",
    "Bc4",
    "Ne7+",
    "Kh8",
    "Nf5",
    "Bf8",
    "Rc7",
    "Bd3",
    "g4",
    "h5",
    "d5",
    "hxg4",
    "Bxf6+",
    "Kg8",
    "Ne7+",
    "Kf7",
    "d6",
    "Kxf6",
    "d7",
    "Rd8",
    "Nc6",
    "Bc5+",
    "Kg2",
    "Bb6",
    "Rb7",
    "Be4+",
    "Kf1",
    "Bxc6",
    "Rxb6",
    "Rxd7",
    "Rxc6+",
    "Kf5",
    "Rc5+",
    "Ke4",
    "Rxg5",
    "Kf3",
    "Ke1",
    "Rb7",
    "Rc5",
    "Rxb2",
    "Rc3+",
    "Kg2",
    "Rc4",
    "Kxh2",
    "Rxf4",
    "g3",
    "Rh4+",
    "Kg1",
    "Rh3",
    "g2",
    "Rh4",
    "Rb8"
  ]
}