{
  "event": "Russia vs China (Blitz)",
  "site": "Sochi RUS",
  "date": "2009.08.23",
  "eventDate": "2009.08.23",
  "dateMillis": 1250956800000,
  "eventDateMillis": 1250956800000,
  "round": "1",
  "result": "1-0",
  "white": "Ding Liren",
  "black": "Evgeny Tomashevsky",
  "isDingWin": true,
  "isDraw": false,
  "isDingBlack": false,
  "moves": [
    "d4",
    "d6",
    "Nf3",
    "Bg4",
    "c4",
    "Nd7",
    "Nc3",
    "g6",
    "e4",
    "Bg7",
    "Be2",
    "c5",
    "d5",
    "Ngf6",
    "O-O",
    "O-O",
    "h3",
    "Bxf3",
    "Bxf3",
    "a6",
    "Be2",
    "Qc7",
    "a4",
    "e6",
    "dxe6",
    "fxe6",
    "Bg5",
    "Rae8",
    "Qd2",
    "Ne5",
    "Rad1",
    "Nf7",
    "Bf4",
    "Rd8",
    "Bh2",
    "Qa5",
    "f4",
    "Nd7",
    "f5",
    "exf5",
    "exf5",
    "Be5",
    "fxg6",
    "hxg6",
    "Bg4",
    "Bxh2+",
    "Kxh2",
    "Nde5",
    "Be6",
    "Kg7",
    "Qf4",
    "Rde8",
    "Qf6+",
    "Kh7",
    "Ne4",
    "Qd8",
    "Bd5",
    "Qe7",
    "Ng5+",
    "Kh6",
    "Ne6",
    "Qxf6",
    "Rxf6",
    "Rh8",
    "Rdf1",
    "Ng5",
    "Nxg5",
    "Kxg5",
    "Rxd6",
    "Rd8",
    "Re6",
    "Rde8",
    "Rb6",
    "Ng4+",
    "Kg3",
    "Ne3",
    "Rf3",
    "Nxd5",
    "cxd5",
    "Rh7",
    "Rff6",
    "Rg7",
    "h4+",
    "Kh5",
    "Rbe6",
    "Rxe6",
    "dxe6",
    "g5",
    "hxg5",
    "Kxg5",
    "Rf7",
    "Rg6",
    "e7",
    "Re6",
    "a5",
    "Kg6",
    "e8=Q",
    "Rxe8",
    "Rxb7",
    "Re2",
    "Kf3",
    "Rc2",
    "g4",
    "Kg5",
    "Rg7+",
    "Kf6",
    "Ra7",
    "Ke5",
    "Rxa6",
    "Rxb2",
    "Rc6",
    "Rb3+",
    "Ke2",
    "Kd5",
    "Rb6",
    "Rg3",
    "Rg6",
    "Ra3",
    "a6",
    "c4",
    "g5",
    "Ra2+",
    "Ke3",
    "Ra3+",
    "Kd2",
    "Ra2+",
    "Kc3",
    "Ra3+",
    "Kb2",
    "Rb3+",
    "Kc2",
    "Ra3",
    "Rf6",
    "Ke5",
    "Rb6",
    "Kd4",
    "g6",
    "Ra2+",
    "Kb1",
    "Rg2",
    "a7"
  ]
}