{
  "event": "Russia vs China (Blitz)",
  "site": "Sochi RUS",
  "date": "2009.08.23",
  "eventDate": "2009.08.23",
  "dateMillis": 1250956800000,
  "eventDateMillis": 1250956800000,
  "round": "8",
  "result": "0-1",
  "white": "Nikita Vitiugov",
  "black": "Ding Liren",
  "isDingWin": true,
  "isDraw": false,
  "isDingBlack": true,
  "moves": [
    "d4",
    "Nf6",
    "Bg5",
    "d5",
    "Bxf6",
    "exf6",
    "e3",
    "Bd6",
    "c4",
    "dxc4",
    "Bxc4",
    "f5",
    "Nc3",
    "O-O",
    "Nge2",
    "Nd7",
    "Qc2",
    "Nf6",
    "a3",
    "c6",
    "h3",
    "Re8",
    "O-O-O",
    "b5",
    "Bb3",
    "a5",
    "g4",
    "b4",
    "axb4",
    "axb4",
    "Na4",
    "Ne4",
    "Nf4",
    "Bxf4",
    "exf4",
    "Be6",
    "Bxe6",
    "Rxe6",
    "f3",
    "b3",
    "Qxb3",
    "Nf2",
    "d5",
    "Rd6",
    "Nc5",
    "Nxh1",
    "Nb7",
    "Qb8",
    "Kc2",
    "Rxd5",
    "Rxd5",
    "cxd5",
    "Qxd5",
    "Qc7+",
    "Nc5",
    "Rc8",
    "b4",
    "Ng3",
    "Kb3",
    "Ne2",
    "gxf5",
    "Nxf4",
    "Qe4",
    "Nxh3",
    "f6",
    "g6",
    "Qh4",
    "Nf4",
    "Qg5",
    "Ne6",
    "Qh6",
    "Qb6"
  ]
}