{
  "event": "Russia vs China (Blitz)",
  "site": "Sochi RUS",
  "date": "2009.08.23",
  "eventDate": "2009.08.23",
  "dateMillis": 1250956800000,
  "eventDateMillis": 1250956800000,
  "round": "5",
  "result": "1-0",
  "white": "Ding Liren",
  "black": "Vladimir Malakhov",
  "isDingWin": true,
  "isDraw": false,
  "isDingBlack": false,
  "moves": [
    "d4",
    "d5",
    "c4",
    "c6",
    "Nc3",
    "Nf6",
    "e3",
    "a6",
    "Qc2",
    "e6",
    "Nf3",
    "c5",
    "cxd5",
    "exd5",
    "Be2",
    "Nc6",
    "O-O",
    "Be6",
    "Rd1",
    "Nb4",
    "Qb1",
    "Qc8",
    "e4",
    "dxe4",
    "Nxe4",
    "Be7",
    "Bg5",
    "c4",
    "Bxf6",
    "gxf6",
    "Qc1",
    "b5",
    "Qh6",
    "Nd5",
    "Qg7",
    "Kd7",
    "b3",
    "c3",
    "Nc5+",
    "Bxc5",
    "dxc5",
    "Ke7",
    "Rxd5",
    "Bxd5",
    "Re1",
    "Be6",
    "Nd4",
    "Rg8",
    "Qxh7",
    "Qxc5",
    "Nxe6",
    "Kxe6",
    "Bf3+",
    "Kd6",
    "Qxf7"
  ]
}