{
  "event": "Russia vs China (Blitz)",
  "site": "Sochi RUS",
  "date": "2009.08.23",
  "eventDate": "2009.08.23",
  "dateMillis": 1250956800000,
  "eventDateMillis": 1250956800000,
  "round": "3",
  "result": "0-1",
  "white": "Ding Liren",
  "black": "Nikita Vitiugov",
  "isDingWin": false,
  "isDraw": false,
  "isDingBlack": false,
  "moves": [
    "d4",
    "Nf6",
    "Nf3",
    "c5",
    "d5",
    "e6",
    "c4",
    "exd5",
    "cxd5",
    "Bd6",
    "Nc3",
    "Bc7",
    "d6",
    "Ba5",
    "Bg5",
    "h6",
    "Bh4",
    "O-O",
    "e3",
    "Bxc3+",
    "bxc3",
    "b6",
    "Bd3",
    "Bb7",
    "O-O",
    "Re8",
    "Re1",
    "g5",
    "Nxg5",
    "hxg5",
    "Bxg5",
    "Re6",
    "Bf5",
    "Qe8",
    "Bxe6",
    "Qxe6",
    "e4",
    "Nxe4",
    "f3",
    "Qg6",
    "Bf4",
    "Qf6",
    "Qc1",
    "Nxd6",
    "Bxd6",
    "Nc6",
    "Qf4",
    "Qxf4",
    "Bxf4",
    "Na5",
    "Re7",
    "Bc6",
    "Rae1",
    "Nc4",
    "Re8+",
    "Rxe8",
    "Rxe8+",
    "Kg7",
    "Re2",
    "a5",
    "Kf2",
    "b5",
    "h4",
    "b4",
    "h5",
    "bxc3",
    "Rc2",
    "Nb2",
    "Be5+",
    "Kh6",
    "Bxc3",
    "Na4",
    "g4",
    "d5",
    "Bd2+",
    "Kg7",
    "h6+",
    "Kg6",
    "g5",
    "d4",
    "f4",
    "Be4",
    "Rc4",
    "Nb2",
    "Rc1",
    "Nd3+",
    "Ke2",
    "Nxc1+",
    "Bxc1",
    "c4",
    "Bb2",
    "c3",
    "Ba1",
    "a4",
    "a3",
    "Kh5"
  ]
}