{
  "event": "Russia vs China (Blitz)",
  "site": "Sochi RUS",
  "date": "2009.08.23",
  "eventDate": "2009.08.23",
  "dateMillis": 1250956800000,
  "eventDateMillis": 1250956800000,
  "round": "4",
  "result": "0-1",
  "white": "Artyom Timofeev",
  "black": "Ding Liren",
  "isDingWin": true,
  "isDraw": false,
  "isDingBlack": true,
  "moves": [
    "e4",
    "e6",
    "d4",
    "d5",
    "Nd2",
    "dxe4",
    "Nxe4",
    "Nd7",
    "Nf3",
    "Ngf6",
    "Nxf6+",
    "Nxf6",
    "Ne5",
    "Nd7",
    "Bf4",
    "Nxe5",
    "Bxe5",
    "Bd7",
    "Bd3",
    "Bc6",
    "Qg4",
    "h5",
    "Qe2",
    "Qd7",
    "O-O-O",
    "O-O-O",
    "Kb1",
    "f6",
    "Bf4",
    "Bxg2",
    "Rhg1",
    "Bc6",
    "h4",
    "Bd6",
    "Bxd6",
    "cxd6",
    "f4",
    "Kb8",
    "Rg3",
    "Rhe8",
    "Qxh5",
    "e5",
    "fxe5",
    "dxe5",
    "dxe5",
    "fxe5",
    "a3",
    "e4",
    "Be2",
    "Qc7",
    "Rxd8+",
    "Rxd8",
    "Qg5",
    "Rd7",
    "h5",
    "a6",
    "Rg1",
    "Qb6",
    "Qf4+",
    "Ka7",
    "Rg3",
    "Qd4",
    "Qe3",
    "Qxe3",
    "Rxe3",
    "Kb6",
    "b4",
    "Kc7",
    "Kc1",
    "Kd6",
    "Kd2",
    "Ke5+",
    "Ke1",
    "Rf7",
    "Rg3",
    "Kf4",
    "Rg6",
    "Ke3",
    "Rg3+",
    "Kf4",
    "Rg6",
    "e3",
    "Rg4+",
    "Ke5",
    "Bc4",
    "Rf4",
    "Rg5+",
    "Kd4",
    "Bd3",
    "Rh4",
    "Rxg7",
    "Bf3",
    "Rg1",
    "Rxh5",
    "Be2",
    "Bxe2",
    "Kxe2",
    "Rh2+",
    "Kd1",
    "Rd2+",
    "Ke1",
    "Rxc2",
    "Rg7",
    "Ra2",
    "Rxb7",
    "Rxa3",
    "b5",
    "a5",
    "b6",
    "Kc5",
    "Rb8",
    "Kc6",
    "b7",
    "Kc7",
    "Re8",
    "Kxb7",
    "Ke2",
    "a4",
    "Re6",
    "Rb3",
    "Re4",
    "a3",
    "Ra4",
    "Kb6",
    "Kd1",
    "Kb5",
    "Re4",
    "Rc3",
    "Ke1"
  ]
}