{
  "event": "Russia vs China (Rapid)",
  "site": "Sochi RUS",
  "date": "2009.08.21",
  "eventDate": "2009.08.21",
  "dateMillis": 1250784000000,
  "eventDateMillis": 1250784000000,
  "round": "1",
  "result": "1/2-1/2",
  "white": "Evgeny Tomashevsky",
  "black": "Ding Liren",
  "isDingWin": false,
  "isDraw": true,
  "isDingBlack": true,
  "moves": [
    "c4",
    "g6",
    "e4",
    "Bg7",
    "d4",
    "d6",
    "Nc3",
    "Nf6",
    "f3",
    "O-O",
    "Be3",
    "e5",
    "d5",
    "Nh5",
    "Qd2",
    "f5",
    "O-O-O",
    "a6",
    "Bd3",
    "c5",
    "exf5",
    "Bxf5",
    "Bxf5",
    "gxf5",
    "Nge2",
    "Nf6",
    "Qc2",
    "Kh8",
    "Bg5",
    "Qc8",
    "Ng3",
    "Ng8",
    "a4",
    "b5",
    "cxb5",
    "axb5",
    "Nxb5",
    "Qd7",
    "Nh5",
    "Na6",
    "Bd2",
    "c4",
    "Nxg7",
    "Kxg7",
    "Na3",
    "Nc5",
    "a5",
    "Nb3+",
    "Kb1",
    "Nd4",
    "Qxc4",
    "Rfc8",
    "Qd3",
    "Rab8",
    "Rc1",
    "Rb3",
    "Qa6",
    "Rcb8",
    "Nc4",
    "Qa4",
    "Qxd6",
    "Rxb2+",
    "Nxb2",
    "Rxb2+",
    "Kxb2",
    "Qb3+",
    "Ka1",
    "Qa4+",
    "Kb2",
    "Qb3+"
  ]
}