{
  "event": "Russia vs China (Rapid)",
  "site": "Sochi RUS",
  "date": "2009.08.22",
  "eventDate": "2009.08.21",
  "dateMillis": 1250870400000,
  "eventDateMillis": 1250784000000,
  "round": "6",
  "result": "0-1",
  "white": "Ding Liren",
  "black": "Evgeny Tomashevsky",
  "isDingWin": false,
  "isDraw": false,
  "isDingBlack": false,
  "moves": [
    "d4",
    "Nf6",
    "c4",
    "e6",
    "Nf3",
    "b6",
    "g3",
    "Bb7",
    "Bg2",
    "Be7",
    "Nc3",
    "O-O",
    "Bf4",
    "Bb4",
    "Rc1",
    "d6",
    "O-O",
    "Bxc3",
    "Rxc3",
    "Nbd7",
    "b3",
    "Qe7",
    "Bc1",
    "h6",
    "Re1",
    "a5",
    "Bb2",
    "Be4",
    "Nh4",
    "Bxg2",
    "Kxg2",
    "d5",
    "cxd5",
    "Nxd5",
    "Rc1",
    "c5",
    "Nf3",
    "Rfd8",
    "e4",
    "N5f6",
    "a4",
    "Rac8",
    "d5",
    "exd5",
    "e5",
    "Nh7",
    "Qxd5",
    "Ndf8",
    "Qe4",
    "Ng5",
    "Nxg5",
    "hxg5",
    "Rcd1",
    "Ne6",
    "Bc3",
    "Rd7",
    "Rxd7",
    "Qxd7",
    "Re2",
    "c4",
    "Rd2",
    "Qe8",
    "Bd4",
    "cxb3",
    "Bxb6",
    "Rb8",
    "Rd6",
    "Qc8",
    "Be3",
    "b2",
    "Qb1",
    "g4",
    "h3",
    "gxh3+",
    "Kh2",
    "Qc3",
    "Kxh3",
    "Qxe5",
    "Rd2",
    "g6",
    "Kg2",
    "Qf5",
    "Rd1",
    "Qg4",
    "Rd2",
    "Qb4",
    "Re2",
    "Qb7+",
    "Kg1",
    "Qb3",
    "Kg2",
    "Qa3",
    "Ba7",
    "Rb7",
    "Rxe6",
    "fxe6",
    "Qxg6+",
    "Kf8",
    "Qf6+",
    "Ke8",
    "Qxe6+",
    "Qe7",
    "Qg8+",
    "Kd7",
    "Qd5+",
    "Kc8",
    "Qc6+",
    "Qc7",
    "Qe8+",
    "Qd8",
    "Qc6+",
    "Rc7",
    "Qa6+",
    "Kd7",
    "Qb5+",
    "Ke6",
    "Qe2+",
    "Kf7",
    "Qh5+",
    "Kg8",
    "Qg6+",
    "Rg7",
    "Qe6+",
    "Kh8",
    "Qh6+",
    "Kg8",
    "Qe6+",
    "Kh7",
    "Qh3+",
    "Kg6",
    "Qe6+",
    "Kh7",
    "Qh3+",
    "Kg6",
    "Qe6+",
    "Qf6",
    "Qxf6+",
    "Kxf6",
    "Bd4+",
    "Ke6",
    "Bxb2",
    "Rc7",
    "g4",
    "Rc4",
    "Kg3",
    "Rxa4",
    "f4",
    "Rb4",
    "f5+",
    "Kf7",
    "Be5",
    "Rb5",
    "Kf4",
    "a4",
    "Bc3",
    "Rb3",
    "Ba1",
    "Rb4+",
    "Kg5",
    "a3",
    "Kh5",
    "Rb1"
  ]
}