{
  "event": "Russia vs China (Rapid)",
  "site": "Sochi RUS",
  "date": "2009.08.22",
  "eventDate": "2009.08.21",
  "dateMillis": 1250870400000,
  "eventDateMillis": 1250784000000,
  "round": "9",
  "result": "1/2-1/2",
  "white": "Artyom Timofeev",
  "black": "Ding Liren",
  "isDingWin": false,
  "isDraw": true,
  "isDingBlack": true,
  "moves": [
    "e4",
    "e6",
    "d4",
    "d5",
    "Nd2",
    "c5",
    "exd5",
    "Qxd5",
    "Ngf3",
    "cxd4",
    "Bc4",
    "Qd6",
    "Bb3",
    "Nc6",
    "Nc4",
    "Qd8",
    "O-O",
    "Nf6",
    "Qe2",
    "d3",
    "cxd3",
    "Be7",
    "d4",
    "O-O",
    "Nce5",
    "Nxd4",
    "Nxd4",
    "Qxd4",
    "Bg5",
    "Nd5",
    "Rfd1",
    "Qb4",
    "Bxe7",
    "Nxe7",
    "Rac1",
    "Nc6",
    "Nxc6",
    "bxc6",
    "Rxc6",
    "Bb7",
    "Qc4",
    "Qxc4",
    "Rxc4",
    "Bd5",
    "Rc3",
    "Bxb3",
    "Rxb3",
    "Rfb8",
    "Rxb8+",
    "Rxb8",
    "b3",
    "g5",
    "Kf1",
    "a5",
    "Rd4",
    "h5",
    "f3",
    "Kg7",
    "h4",
    "Rb5",
    "hxg5",
    "Rxg5",
    "a4",
    "Kf6",
    "b4",
    "axb4",
    "Rxb4",
    "Ra5",
    "Ke2",
    "e5",
    "Kd3",
    "Kf5",
    "Kc3",
    "Ra8",
    "Re4",
    "f6",
    "Kb3",
    "Rb8+",
    "Ka3",
    "Rg8",
    "Re2",
    "Kf4",
    "a5",
    "f5",
    "Kb4",
    "Ra8",
    "Ra2",
    "e4",
    "fxe4",
    "fxe4",
    "a6",
    "e3",
    "Kc3",
    "e2",
    "Kd2",
    "Kg3",
    "Kxe2",
    "Kxg2",
    "Ke3+",
    "Kg3",
    "a7",
    "h4",
    "Ra6",
    "Re8+",
    "Kd2",
    "h3",
    "a8=Q",
    "Rxa8",
    "Rxa8",
    "h2",
    "Rg8+",
    "Kf2",
    "Rh8",
    "Kg2",
    "Rxh2+",
    "Kxh2"
  ]
}