{
  "event": "Russia vs China (Blitz)",
  "site": "Sochi RUS",
  "date": "2009.08.23",
  "eventDate": "2009.08.23",
  "dateMillis": 1250956800000,
  "eventDateMillis": 1250956800000,
  "round": "2",
  "result": "1-0",
  "white": "Ian Nepomniachtchi",
  "black": "Ding Liren",
  "isDingWin": false,
  "isDraw": false,
  "isDingBlack": true,
  "moves": [
    "e4",
    "e6",
    "Nc3",
    "d5",
    "Nf3",
    "Nf6",
    "e5",
    "Nfd7",
    "d4",
    "c5",
    "dxc5",
    "Nc6",
    "Bf4",
    "Nxc5",
    "h4",
    "a6",
    "a3",
    "b5",
    "h5",
    "h6",
    "Rh3",
    "Bb7",
    "b4",
    "Ne4",
    "Nxe4",
    "dxe4",
    "Nd2",
    "Qd4",
    "c3",
    "Qd5",
    "c4",
    "bxc4",
    "Nxc4",
    "Rd8",
    "Nb6",
    "Qxd1+",
    "Rxd1",
    "Be7",
    "Rg3",
    "Rxd1+",
    "Kxd1",
    "Bg5",
    "Bxg5",
    "hxg5",
    "Rxg5",
    "Rh7",
    "Nc4",
    "f6",
    "exf6",
    "gxf6",
    "Rc5",
    "Kd7",
    "g4",
    "e5",
    "Ne3",
    "Nd4",
    "Ra5",
    "Kd6",
    "Bxa6",
    "Bc6",
    "Bc4",
    "f5",
    "Nxf5+",
    "Nxf5",
    "gxf5",
    "Rxh5",
    "f6",
    "Rf5",
    "Ra6",
    "Kc7",
    "Ke1",
    "Bb7",
    "Re6",
    "Bc8",
    "Re7+",
    "Kd6",
    "Re8",
    "Bd7",
    "f7"
  ]
}