{
  "event": "Russia vs China (Blitz)",
  "site": "Sochi RUS",
  "date": "2009.08.23",
  "eventDate": "2009.08.23",
  "dateMillis": 1250956800000,
  "eventDateMillis": 1250956800000,
  "round": "9",
  "result": "0-1",
  "white": "Ding Liren",
  "black": "Artyom Timofeev",
  "isDingWin": false,
  "isDraw": false,
  "isDingBlack": false,
  "moves": [
    "d4",
    "d5",
    "c4",
    "e6",
    "Nf3",
    "c6",
    "Bg5",
    "Be7",
    "Bxe7",
    "Qxe7",
    "Nc3",
    "Nf6",
    "e3",
    "O-O",
    "Be2",
    "b6",
    "a4",
    "dxc4",
    "Bxc4",
    "Bb7",
    "O-O",
    "c5",
    "dxc5",
    "Qxc5",
    "b3",
    "Nc6",
    "Rc1",
    "Rfd8",
    "Qe2",
    "Qb4",
    "Na2",
    "Qa3",
    "Nc3",
    "Na5",
    "Nb5",
    "Qb4",
    "Nbd4",
    "Ne4",
    "Nxe6",
    "fxe6",
    "Bxe6+",
    "Kh8",
    "Ne5",
    "Ng5",
    "Bf5",
    "Rf8",
    "Bb1",
    "Qh4",
    "f4",
    "Nf7",
    "Nd7",
    "Rfd8",
    "Rc7",
    "Qe7",
    "Qh5",
    "Nh6",
    "Rd1",
    "Bc6",
    "Ne5",
    "Qxc7",
    "Rxd8+",
    "Rxd8",
    "Ng6+",
    "hxg6"
  ]
}