{
  "event": "Russia vs China (Rapid)",
  "site": "Sochi RUS",
  "date": "2009.08.22",
  "eventDate": "2009.08.21",
  "dateMillis": 1250870400000,
  "eventDateMillis": 1250784000000,
  "round": "8",
  "result": "1/2-1/2",
  "white": "Ding Liren",
  "black": "Nikita Vitiugov",
  "isDingWin": false,
  "isDraw": true,
  "isDingBlack": false,
  "moves": [
    "d4",
    "Nf6",
    "Nf3",
    "c5",
    "d5",
    "g6",
    "Nc3",
    "Bg7",
    "e4",
    "d6",
    "h3",
    "O-O",
    "Bg5",
    "h6",
    "Be3",
    "Na6",
    "Qd2",
    "Kh7",
    "g4",
    "Nc7",
    "g5",
    "hxg5",
    "Nxg5+",
    "Kg8",
    "Bg2",
    "b5",
    "Ne2",
    "Nh5",
    "Bf3",
    "Nf6",
    "h4",
    "Bg4",
    "Ng3",
    "Bxf3",
    "Nxf3",
    "Ng4",
    "h5",
    "b4",
    "Rb1",
    "e6",
    "Bg5",
    "f6",
    "h6",
    "fxg5",
    "hxg7",
    "Kxg7",
    "Qxg5",
    "Qxg5",
    "Nxg5",
    "exd5",
    "Rh7+",
    "Kf6",
    "f4",
    "Ne6",
    "Nxe6",
    "Kxe6",
    "f5+",
    "gxf5",
    "exf5+",
    "Kf6",
    "Ke2",
    "Rh8",
    "Rbh1",
    "Rxh7",
    "Rxh7",
    "Kg5",
    "Rg7+",
    "Kf4",
    "Nh5+",
    "Kxf5",
    "Ng3+"
  ]
}