{
  "event": "Russia vs China (Rapid)",
  "site": "Sochi RUS",
  "date": "2009.08.21",
  "eventDate": "2009.08.21",
  "dateMillis": 1250784000000,
  "eventDateMillis": 1250784000000,
  "round": "2",
  "result": "0-1",
  "white": "Ding Liren",
  "black": "Ian Nepomniachtchi",
  "isDingWin": false,
  "isDraw": false,
  "isDingBlack": false,
  "moves": [
    "d4",
    "Nf6",
    "c4",
    "c5",
    "d5",
    "b5",
    "Nf3",
    "g6",
    "Qc2",
    "bxc4",
    "e4",
    "Bg7",
    "Bxc4",
    "d6",
    "O-O",
    "O-O",
    "Nc3",
    "Nbd7",
    "h3",
    "Rb8",
    "Re1",
    "Nb6",
    "Bf1",
    "Bb7",
    "Bf4",
    "Qc8",
    "Rad1",
    "Ba6",
    "Bxa6",
    "Qxa6",
    "e5",
    "Ne8",
    "b3",
    "Rd8",
    "Bg5",
    "f6",
    "exf6",
    "exf6",
    "Bf4",
    "Qc8",
    "Bg3",
    "Qd7",
    "Re6",
    "Nc8",
    "Rde1",
    "Nc7",
    "R6e2",
    "Qf7",
    "Qd3",
    "h6",
    "Bf4",
    "f5",
    "h4",
    "Rfe8",
    "Bd2",
    "Rxe2",
    "Rxe2",
    "Nb6",
    "g3",
    "Ncxd5",
    "Nxd5",
    "Qxd5",
    "Qxd5+",
    "Nxd5",
    "Ba5",
    "Rd7",
    "Ne1",
    "Kf7",
    "Rd2",
    "Nf6",
    "f3",
    "Ng8",
    "Rd3",
    "Ne7",
    "Bc3",
    "Bxc3",
    "Rxc3",
    "Nc6",
    "Nc2",
    "a5",
    "Kf2",
    "Ra7",
    "a3",
    "Rb7",
    "g4",
    "f4",
    "Ke2",
    "Ke6",
    "Kd2",
    "g5",
    "h5",
    "Ne5",
    "Ne1",
    "a4",
    "bxa4",
    "Ra7",
    "Rb3",
    "Rxa4",
    "Nc2",
    "Ra6",
    "Ke2",
    "d5",
    "Rb8",
    "d4",
    "Re8+",
    "Kd5",
    "Rd8+",
    "Kc4"
  ]
}