{
  "event": "Russia vs China (Rapid)",
  "site": "Sochi RUS",
  "date": "2009.08.21",
  "eventDate": "2009.08.21",
  "dateMillis": 1250784000000,
  "eventDateMillis": 1250784000000,
  "round": "3",
  "result": "1-0",
  "white": "Nikita Vitiugov",
  "black": "Ding Liren",
  "isDingWin": false,
  "isDraw": false,
  "isDingBlack": true,
  "moves": [
    "e4",
    "e6",
    "d4",
    "d5",
    "Nc3",
    "Nf6",
    "e5",
    "Nfd7",
    "f4",
    "c5",
    "Nf3",
    "Nc6",
    "Be3",
    "a6",
    "Qd2",
    "b5",
    "a3",
    "Bb7",
    "Bd3",
    "Qc7",
    "dxc5",
    "Nxc5",
    "Qf2",
    "Nxd3+",
    "cxd3",
    "b4",
    "Bb6",
    "Qb8",
    "Na4",
    "Be7",
    "O-O",
    "O-O",
    "Bc5",
    "Bxc5",
    "Qxc5",
    "Qa7",
    "Qxa7",
    "Rxa7",
    "Rfc1",
    "a5",
    "Nc5",
    "bxa3",
    "bxa3",
    "Ba8",
    "Rab1",
    "Rc8",
    "Na4",
    "Bb7",
    "Rb6",
    "Ne7",
    "Rxc8+",
    "Nxc8",
    "Rb3",
    "Bc6",
    "Nc5",
    "Be8",
    "Rb8",
    "Rc7",
    "d4",
    "Kf8",
    "Kf2",
    "Na7",
    "Ke3",
    "Nb5",
    "a4",
    "Na3",
    "Kd3",
    "Ke7",
    "Nd2",
    "f6",
    "Ra8",
    "fxe5",
    "fxe5",
    "Bg6+",
    "Kc3",
    "Nc2",
    "Rxa5",
    "Ne3",
    "Ra6",
    "Kf7",
    "g3",
    "Ng4",
    "Nf3",
    "h6",
    "Kb4",
    "Be4",
    "Nd2",
    "Nxh2",
    "Ndxe4",
    "dxe4",
    "Nxe4",
    "Nf3",
    "Rd6",
    "h5",
    "Nc5",
    "Re7",
    "a5",
    "g5",
    "d5",
    "h4",
    "gxh4",
    "gxh4",
    "dxe6+",
    "Kg6",
    "Rd3",
    "Nxe5",
    "Ra3",
    "Nc6+",
    "Kc4",
    "Rh7",
    "Kd5",
    "Ne7+",
    "Ke5",
    "Rh5+",
    "Kd6",
    "Nc8+",
    "Kc6",
    "h3",
    "Ra1",
    "Ne7+",
    "Kd6",
    "Nc8+",
    "Kc6",
    "Kf6",
    "Rf1+",
    "Ke7",
    "Rf7+",
    "Ke8",
    "Rf1",
    "Ne7+",
    "Kb6",
    "Nc8+",
    "Kc6",
    "Ne7+",
    "Kb5",
    "Nc8",
    "a6",
    "h2",
    "Rh1",
    "Kd8",
    "Kc6",
    "Ne7+",
    "Kb7",
    "Rxc5",
    "a7",
    "Rc7+",
    "Ka6",
    "Rc6+",
    "Kb5",
    "Rc8",
    "Rxh2",
    "Kc7",
    "Ka6",
    "Re8",
    "Rd2",
    "Kc6"
  ]
}