{
  "event": "Russia vs China (Rapid)",
  "site": "Sochi RUS",
  "date": "2009.08.22",
  "eventDate": "2009.08.21",
  "dateMillis": 1250870400000,
  "eventDateMillis": 1250784000000,
  "round": "10",
  "result": "1-0",
  "white": "Ding Liren",
  "black": "Vladimir Malakhov",
  "isDingWin": true,
  "isDraw": false,
  "isDingBlack": false,
  "moves": [
    "d4",
    "d5",
    "c4",
    "c6",
    "Nf3",
    "Nf6",
    "Nc3",
    "a6",
    "e3",
    "b5",
    "c5",
    "g6",
    "Bd3",
    "Bg7",
    "e4",
    "dxe4",
    "Nxe4",
    "Nxe4",
    "Bxe4",
    "Be6",
    "a4",
    "Bd5",
    "Qc2",
    "O-O",
    "O-O",
    "e6",
    "Bf4",
    "Nd7",
    "Bxd5",
    "exd5",
    "b4",
    "Re8",
    "Rfe1",
    "Rxe1+",
    "Rxe1",
    "Nf8",
    "Qd3",
    "Ne6",
    "Bd6",
    "Qd7",
    "Ra1",
    "Qb7",
    "h4",
    "Re8",
    "Ne5",
    "bxa4",
    "Rxa4",
    "Qb5",
    "Qxb5",
    "axb5",
    "Ra6",
    "Bxe5",
    "Bxe5",
    "Rc8",
    "g4",
    "Nf8",
    "f4",
    "Ne6",
    "Kf2",
    "h5",
    "gxh5",
    "gxh5",
    "Kf3",
    "Ng7",
    "Ra2",
    "f6",
    "Bxf6",
    "Nf5",
    "Ra7",
    "Re8",
    "Kf2",
    "Re6",
    "Be5",
    "Re7",
    "Ra8+",
    "Kf7",
    "Rh8",
    "Ke6",
    "Rc8",
    "Ra7",
    "Rxc6+",
    "Kd7",
    "Rf6",
    "Ra2+",
    "Kf3",
    "Ra3+",
    "Ke2",
    "Ng3+",
    "Kd1",
    "Ne4",
    "Rh6",
    "Rd3+",
    "Ke2",
    "Rc3",
    "f5",
    "Rc2+",
    "Kd1",
    "Rc4",
    "Rh7+",
    "Ke8",
    "f6",
    "Rxb4",
    "c6",
    "Rc4",
    "c7"
  ]
}