{
  "event": "Russia vs China (Rapid)",
  "site": "Sochi RUS",
  "date": "2009.08.22",
  "eventDate": "2009.08.21",
  "dateMillis": 1250870400000,
  "eventDateMillis": 1250784000000,
  "round": "7",
  "result": "1-0",
  "white": "Ian Nepomniachtchi",
  "black": "Ding Liren",
  "isDingWin": false,
  "isDraw": false,
  "isDingBlack": true,
  "moves": [
    "e4",
    "e6",
    "d4",
    "d5",
    "Nc3",
    "dxe4",
    "Nxe4",
    "Nd7",
    "Nf3",
    "Ngf6",
    "Bg5",
    "h6",
    "Nxf6+",
    "Nxf6",
    "Be3",
    "Nd5",
    "Bd2",
    "c5",
    "Ne5",
    "a6",
    "c3",
    "cxd4",
    "Qa4+",
    "Bd7",
    "Qxd4",
    "Rc8",
    "Nxd7",
    "Qxd7",
    "g3",
    "f5",
    "Bg2",
    "Bc5",
    "Qd3",
    "b5",
    "O-O",
    "Kf7",
    "a4",
    "Rhd8",
    "axb5",
    "axb5",
    "Qe2",
    "Nf6",
    "Rfd1",
    "Qd3",
    "Qxd3",
    "Rxd3",
    "Bf1",
    "Rd6",
    "Be1",
    "Rxd1",
    "Rxd1",
    "Rb8",
    "b4",
    "Be7",
    "Ra1",
    "Ne4",
    "f3",
    "Nd6",
    "Ra7",
    "Rc8",
    "Bf2",
    "Rxc3",
    "Bc5",
    "Ke8",
    "Bxb5+",
    "Nxb5",
    "Rxe7+",
    "Kd8",
    "Rxe6",
    "Rxf3",
    "Rg6",
    "f4",
    "Kg2",
    "Rd3",
    "gxf4",
    "Rd7",
    "Kf3",
    "Ke8",
    "Rb6",
    "Nc3",
    "Rd6",
    "Rb7",
    "f5",
    "Kf7",
    "Rd8",
    "g5",
    "Rf8+",
    "Kg7",
    "f6+",
    "Kh7",
    "Kg4",
    "Nd5",
    "Kf5",
    "Nxb4",
    "f7",
    "Kg7",
    "Ke4"
  ]
}