{
  "event": "Russia vs China (Rapid)",
  "site": "Sochi RUS",
  "date": "2009.08.21",
  "eventDate": "2009.08.21",
  "dateMillis": 1250784000000,
  "eventDateMillis": 1250784000000,
  "round": "4",
  "result": "1/2-1/2",
  "white": "Ding Liren",
  "black": "Artyom Timofeev",
  "isDingWin": false,
  "isDraw": true,
  "isDingBlack": false,
  "moves": [
    "Nf3",
    "c5",
    "g3",
    "g6",
    "Bg2",
    "Bg7",
    "O-O",
    "Nc6",
    "c4",
    "e6",
    "Nc3",
    "Nge7",
    "a3",
    "O-O",
    "b4",
    "b6",
    "Rb1",
    "d6",
    "e3",
    "Bb7",
    "d4",
    "cxd4",
    "exd4",
    "Rc8",
    "Qd3",
    "Qd7",
    "Bb2",
    "Nf5",
    "d5",
    "Ne5",
    "Nxe5",
    "dxe5",
    "Rfd1",
    "Rfd8",
    "Qf1",
    "Ba8",
    "dxe6",
    "Qxe6",
    "Rxd8+",
    "Rxd8",
    "Nd5",
    "Rc8",
    "Rd1",
    "h5",
    "Qe2",
    "Kh7",
    "Re1",
    "b5",
    "Bxe5",
    "Rxc4",
    "Nf6+",
    "Bxf6",
    "Bxa8",
    "Nd4",
    "Bxd4",
    "Qxe2",
    "Rxe2",
    "Rxd4",
    "Bc6",
    "a6"
  ]
}