{
  "event": "9th Asian Continental",
  "site": "Olongapo City PHI",
  "date": "2010.04.22",
  "eventDate": "2010.04.21",
  "dateMillis": 1271865600000,
  "eventDateMillis": 1271779200000,
  "round": "2",
  "result": "1-0",
  "white": "Ding Liren",
  "black": "Lou Yiping",
  "isDingWin": true,
  "isDraw": false,
  "isDingBlack": false,
  "moves": [
    "Nf3",
    "Nf6",
    "c4",
    "c5",
    "Nc3",
    "Nc6",
    "d4",
    "cxd4",
    "Nxd4",
    "e6",
    "a3",
    "Be7",
    "e4",
    "O-O",
    "Nf3",
    "Qc7",
    "Bd3",
    "b6",
    "O-O",
    "Bb7",
    "Bg5",
    "Rad8",
    "Qd2",
    "d6",
    "Rfd1",
    "h6",
    "Bh4",
    "Ng4",
    "Nb5",
    "Qb8",
    "Bxe7",
    "Nxe7",
    "Re1",
    "Ne5",
    "Nbd4",
    "N7g6",
    "Rac1",
    "Rc8",
    "Nxe5",
    "dxe5",
    "Nb3",
    "Rfd8",
    "Qe3",
    "Qd6",
    "Bf1",
    "Ne7",
    "c5",
    "bxc5",
    "Rxc5",
    "Nc6",
    "Rec1",
    "Nd4",
    "Na5",
    "Rxc5",
    "Nxb7",
    "Rxc1",
    "Nxd6",
    "Rd1",
    "Nc4",
    "Rc8",
    "Nxe5",
    "Rcc1",
    "g3",
    "Rxf1+",
    "Kg2",
    "Rg1+",
    "Kh3",
    "Rcd1",
    "Qc3",
    "f6",
    "Qc8+",
    "Kh7",
    "Nd7",
    "e5",
    "Nf8+",
    "Kg8",
    "Ng6+",
    "Kh7",
    "Ne7"
  ]
}