{
  "event": "9th Asian Continental",
  "site": "Olongapo City PHI",
  "date": "2010.04.29",
  "eventDate": "2010.04.21",
  "dateMillis": 1272470400000,
  "eventDateMillis": 1271779200000,
  "round": "9",
  "result": "1-0",
  "white": "Le Quang Liem",
  "black": "Ding Liren",
  "isDingWin": false,
  "isDraw": false,
  "isDingBlack": true,
  "moves": [
    "d4",
    "Nf6",
    "c4",
    "g6",
    "Nc3",
    "Bg7",
    "e4",
    "d6",
    "Nf3",
    "O-O",
    "Be2",
    "e5",
    "O-O",
    "Nc6",
    "d5",
    "Ne7",
    "Ne1",
    "Nd7",
    "f3",
    "f5",
    "g4",
    "Nf6",
    "Nd3",
    "c6",
    "Be3",
    "Kh8",
    "Kh1",
    "b6",
    "Rg1",
    "Bb7",
    "g5",
    "Nh5",
    "Qd2",
    "Qd7",
    "a4",
    "cxd5",
    "cxd5",
    "f4",
    "Bf2",
    "h6",
    "Nb5",
    "a6",
    "Na3",
    "hxg5",
    "Nc4",
    "Rab8",
    "Qb4",
    "Nc8",
    "Rxg5",
    "Kh7",
    "Rag1",
    "Rg8",
    "Rxg6",
    "Ng3+",
    "Bxg3",
    "Kxg6",
    "Bxf4+",
    "Kh7",
    "Bg5",
    "Bh6",
    "f4",
    "exf4",
    "Bg4",
    "Qf7",
    "Bxh6",
    "Bxd5",
    "Nd2",
    "Kxh6",
    "exd5",
    "Qxd5+",
    "Qe4",
    "Qxe4+",
    "Nxe4",
    "Rf8",
    "Rd1",
    "a5",
    "Ndf2",
    "b5",
    "axb5",
    "Rxb5",
    "Bxc8",
    "Rxc8",
    "Nxd6",
    "Rxb2",
    "Nd3",
    "Rcc2",
    "Nxb2",
    "Rxb2",
    "Ra1",
    "Kg5",
    "Nc4",
    "Rc2",
    "Ne5",
    "Kf5",
    "Nd3",
    "Ke4",
    "Ne1",
    "Rc4",
    "Kg2",
    "a4",
    "Ra2",
    "Kf5",
    "Nf3",
    "Rb4",
    "Re2",
    "a3",
    "Re5+",
    "Kf6",
    "Ra5",
    "Rb3",
    "Ra4",
    "Rb2+",
    "Kh3",
    "a2",
    "Kg4",
    "Ke6",
    "h4",
    "Kd5",
    "h5",
    "Kc5",
    "h6",
    "Kb5",
    "Ra8",
    "Rg2+",
    "Kf5"
  ]
}