{
  "event": "9th Asian Continental",
  "site": "Olongapo City PHI",
  "date": "2010.04.26",
  "eventDate": "2010.04.21",
  "dateMillis": 1272211200000,
  "eventDateMillis": 1271779200000,
  "round": "6",
  "result": "1/2-1/2",
  "white": "Ding Liren",
  "black": "Li Chao",
  "isDingWin": false,
  "isDraw": true,
  "isDingBlack": false,
  "moves": [
    "d4",
    "Nf6",
    "c4",
    "g6",
    "Nc3",
    "d5",
    "cxd5",
    "Nxd5",
    "e4",
    "Nxc3",
    "bxc3",
    "Bg7",
    "Be3",
    "c5",
    "Nf3",
    "Qa5",
    "Qd2",
    "Nc6",
    "Rb1",
    "a6",
    "Rc1",
    "Bg4",
    "d5",
    "Rd8",
    "Be2",
    "O-O",
    "O-O",
    "Bxf3",
    "Bxf3",
    "e6",
    "Rfd1",
    "exd5",
    "exd5",
    "Ne5",
    "d6",
    "Rfe8",
    "Qd5",
    "Bf8",
    "Qxc5",
    "Nxf3+",
    "gxf3",
    "Qxc5",
    "Bxc5",
    "Re5",
    "Bb4",
    "a5",
    "Ba3",
    "b5",
    "Rc2",
    "Rf5",
    "Re2",
    "f6",
    "Re3",
    "Kf7",
    "Rd4",
    "Rd7",
    "Kf1",
    "Rh5",
    "h4",
    "g5",
    "hxg5",
    "Rxg5",
    "f4",
    "Rf5",
    "Kg2",
    "h5",
    "Kf3",
    "Rd8",
    "Ke4",
    "Ke6",
    "Kf3+",
    "Kf7",
    "Kg3",
    "Rd7",
    "Kg2",
    "Rd8",
    "Kf3",
    "Rd7",
    "Ke4",
    "Ke6",
    "Kf3+",
    "Kf7",
    "Red3",
    "Ke6",
    "Ke4",
    "Rd8",
    "Rd5",
    "Rxd5",
    "Rxd5",
    "Bxd6",
    "Bxd6",
    "Rxd6",
    "Rxb5",
    "Rd2",
    "Rxa5",
    "Rxf2",
    "Ra6+",
    "Ke7",
    "Kf5",
    "h4",
    "a4",
    "h3",
    "Rxf6",
    "Rc2",
    "Re6+",
    "Kf7",
    "Re3",
    "h2",
    "Rh3",
    "Kg7",
    "Ke5",
    "Rxc3",
    "Rxh2"
  ]
}