{
  "event": "9th Asian Continental",
  "site": "Olongapo City PHI",
  "date": "2010.04.27",
  "eventDate": "2010.04.21",
  "dateMillis": 1272297600000,
  "eventDateMillis": 1271779200000,
  "round": "7",
  "result": "0-1",
  "white": "Bayarsaikhan Gundavaa",
  "black": "Ding Liren",
  "isDingWin": true,
  "isDraw": false,
  "isDingBlack": true,
  "moves": [
    "d4",
    "Nf6",
    "Nf3",
    "g6",
    "Bg5",
    "Bg7",
    "Nbd2",
    "O-O",
    "c3",
    "d5",
    "e3",
    "Nbd7",
    "Be2",
    "Re8",
    "O-O",
    "e5",
    "dxe5",
    "Nxe5",
    "Nxe5",
    "Rxe5",
    "Nf3",
    "Re8",
    "Qb3",
    "c6",
    "Rfd1",
    "Qb6",
    "Bxf6",
    "Bxf6",
    "Rd2",
    "Qc5",
    "Rad1",
    "b5",
    "Nd4",
    "Bb7",
    "a4",
    "a6",
    "Qc2",
    "Qd6",
    "b4",
    "Bd8",
    "g3",
    "h5",
    "Bf3",
    "Bb6",
    "Kg2",
    "h4",
    "Kg1",
    "Qf6",
    "Bg2",
    "Re7",
    "Nb3",
    "Rae8",
    "Nc5",
    "Bc8",
    "Qd3",
    "Bc7",
    "e4",
    "Bg4",
    "Rf1",
    "h3",
    "Bh1",
    "Bb6",
    "exd5",
    "cxd5",
    "Bxd5",
    "Bxc5",
    "bxc5",
    "Be2",
    "Rxe2",
    "Rxe2",
    "axb5",
    "axb5",
    "Bf3",
    "Rd2"
  ]
}