{
  "event": "9th Asian Continental",
  "site": "Olongapo City PHI",
  "date": "2010.04.21",
  "eventDate": "2010.04.21",
  "dateMillis": 1271779200000,
  "eventDateMillis": 1271779200000,
  "round": "1",
  "result": "0-1",
  "white": "Wang Chen",
  "black": "Ding Liren",
  "isDingWin": true,
  "isDraw": false,
  "isDingBlack": true,
  "moves": [
    "e4",
    "c5",
    "Nf3",
    "e6",
    "c4",
    "Nc6",
    "Nc3",
    "Nf6",
    "Be2",
    "Qb6",
    "O-O",
    "Be7",
    "d3",
    "d6",
    "Be3",
    "Ng4",
    "Qd2",
    "O-O",
    "Bg5",
    "Nge5",
    "Bxe7",
    "Nxe7",
    "Rab1",
    "N7c6",
    "a3",
    "a5",
    "Nb5",
    "Rd8",
    "Rfd1",
    "Bd7",
    "Qe3",
    "Nxf3+",
    "Bxf3",
    "Nd4",
    "Nxd4",
    "cxd4",
    "Qe2",
    "e5",
    "Bg4",
    "Be8",
    "f4",
    "Qc7",
    "Rdc1",
    "a4",
    "fxe5",
    "dxe5",
    "c5",
    "Ra5",
    "Qc2",
    "Rda8",
    "Qc4",
    "R8a6",
    "b4",
    "axb3",
    "Rxb3",
    "Rxa3",
    "Rxa3",
    "Rxa3",
    "Qd5",
    "Rc3",
    "Ra1",
    "h5",
    "Bf5",
    "g6",
    "Ra8",
    "Qe7",
    "Qd8",
    "Kf8",
    "Qd6",
    "Rxc5"
  ]
}