{
  "event": "9th Asian Continental",
  "site": "Olongapo City PHI",
  "date": "2010.04.25",
  "eventDate": "2010.04.21",
  "dateMillis": 1272124800000,
  "eventDateMillis": 1271779200000,
  "round": "5",
  "result": "0-1",
  "white": "Tamijani Homayoon Toufighi",
  "black": "Ding Liren",
  "isDingWin": true,
  "isDraw": false,
  "isDingBlack": true,
  "moves": [
    "e4",
    "c5",
    "c3",
    "d5",
    "exd5",
    "Qxd5",
    "d4",
    "Nf6",
    "Nf3",
    "e6",
    "Bd3",
    "Be7",
    "O-O",
    "O-O",
    "Be3",
    "Rd8",
    "Qe2",
    "Nc6",
    "a3",
    "b6",
    "Rd1",
    "Bb7",
    "Nbd2",
    "cxd4",
    "cxd4",
    "Bf8",
    "Rac1",
    "Rac8",
    "h3",
    "h6",
    "Bb1",
    "b5",
    "Bc2",
    "b4",
    "Nc4",
    "bxa3",
    "bxa3",
    "Ba6",
    "Bd3",
    "Na5",
    "Nxa5",
    "Bxd3",
    "Qxd3",
    "Qxa5",
    "Ne5",
    "Qxa3",
    "Qxa3",
    "Bxa3",
    "Ra1",
    "Bd6",
    "Nd3",
    "Rc7",
    "d5",
    "Nxd5",
    "Bxa7",
    "Nc3",
    "Bb6",
    "Nxd1",
    "Rxd1",
    "Rdc8",
    "Bxc7",
    "Rxc7",
    "Kf1",
    "h5",
    "Rc1",
    "Ra7",
    "Rc6",
    "Be7",
    "g4",
    "Kh7",
    "Ne5",
    "Bf6",
    "Rc5",
    "Bxe5",
    "Rxe5",
    "hxg4",
    "hxg4",
    "Ra4",
    "f3",
    "Ra2",
    "Rb5",
    "Kg6",
    "Rb7",
    "e5",
    "Ke1",
    "e4",
    "fxe4",
    "Rg2",
    "Rb6+",
    "Kg5",
    "Rb7",
    "Rxg4",
    "Rb5+",
    "Kf6"
  ]
}