{
  "event": "9th Asian Continental",
  "site": "Olongapo City PHI",
  "date": "2010.04.23",
  "eventDate": "2010.04.21",
  "dateMillis": 1271952000000,
  "eventDateMillis": 1271779200000,
  "round": "3",
  "result": "1/2-1/2",
  "white": "Yu Ruiyuan",
  "black": "Ding Liren",
  "isDingWin": false,
  "isDraw": true,
  "isDingBlack": true,
  "moves": [
    "e4",
    "c5",
    "Nf3",
    "e6",
    "d4",
    "cxd4",
    "Nxd4",
    "a6",
    "Bd3",
    "Bc5",
    "Nb3",
    "Be7",
    "O-O",
    "d6",
    "c4",
    "Nf6",
    "Nc3",
    "b6",
    "Be3",
    "Bb7",
    "f4",
    "Nbd7",
    "Nd2",
    "O-O",
    "Rc1",
    "Qb8",
    "Qe2",
    "Rd8",
    "Bd4",
    "e5",
    "Be3",
    "b5",
    "cxb5",
    "axb5",
    "Bxb5",
    "d5",
    "exd5",
    "Nxd5",
    "Nxd5",
    "Bxd5",
    "a3",
    "Bf6",
    "Kh1",
    "h5",
    "Bc4",
    "Qb7",
    "Bxd5",
    "Qxd5",
    "Qxh5",
    "g6",
    "Qf3",
    "Qxf3",
    "Nxf3",
    "exf4",
    "Bd4",
    "Bxd4",
    "Nxd4",
    "Ne5",
    "Nc6",
    "Nxc6",
    "Rxc6",
    "Rd2",
    "h4",
    "Rxb2",
    "Rxf4",
    "Ra7",
    "Rc3",
    "Ra2",
    "Rff3",
    "Ra4",
    "Rc8+",
    "Kg7",
    "Rc7",
    "Rxh4+",
    "Kg1",
    "Rg4",
    "Rcxf7+",
    "Kg8",
    "Rf2",
    "Ra1+",
    "Kh2",
    "Rxa3"
  ]
}