{
  "event": "9th Asian Continental",
  "site": "Olongapo City PHI",
  "date": "2010.04.28",
  "eventDate": "2010.04.21",
  "dateMillis": 1272384000000,
  "eventDateMillis": 1271779200000,
  "round": "8",
  "result": "1/2-1/2",
  "white": "Ding Liren",
  "black": "Abhijeet Gupta",
  "isDingWin": false,
  "isDraw": true,
  "isDingBlack": false,
  "moves": [
    "d4",
    "Nf6",
    "c4",
    "g6",
    "Nc3",
    "d5",
    "cxd5",
    "Nxd5",
    "e4",
    "Nxc3",
    "bxc3",
    "Bg7",
    "Nf3",
    "c5",
    "Be3",
    "Qa5",
    "Qd2",
    "O-O",
    "Rc1",
    "Rd8",
    "d5",
    "e6",
    "Bg5",
    "f6",
    "Bf4",
    "Qa4",
    "Qc2",
    "Qxc2",
    "Rxc2",
    "exd5",
    "exd5",
    "Bf5",
    "Rb2",
    "Be4",
    "Bc4",
    "Nd7",
    "Nd2",
    "Bxg2",
    "Rg1",
    "Bh3",
    "Rg3",
    "Bf5",
    "Rxb7",
    "Nb6",
    "d6+",
    "Nxc4",
    "Nxc4",
    "g5",
    "h4",
    "h6",
    "Re7",
    "Rd7",
    "hxg5",
    "hxg5",
    "Bxg5",
    "fxg5",
    "Rxg5",
    "Rxe7+",
    "dxe7",
    "Re8",
    "Rxf5",
    "Bxc3+",
    "Kd1",
    "Bd4",
    "Na5",
    "Rxe7",
    "Nb3",
    "Rd7",
    "Kc2",
    "c4",
    "Nd2",
    "Re7",
    "Nxc4",
    "Re2+",
    "Kd3",
    "Rxf2",
    "Rg5+",
    "Bg7",
    "Ra5",
    "Rf7",
    "Ne3",
    "Rd7+",
    "Nd5",
    "Kf7",
    "Kc4",
    "Ke6",
    "Ra6+",
    "Ke5",
    "Nb4",
    "Rc7+",
    "Kb5",
    "Rb7+"
  ]
}