{
  "event": "9th Asian Continental",
  "site": "Olongapo City PHI",
  "date": "2010.04.24",
  "eventDate": "2010.04.21",
  "dateMillis": 1272038400000,
  "eventDateMillis": 1271779200000,
  "round": "4",
  "result": "1/2-1/2",
  "white": "Ding Liren",
  "black": "Ni Hua",
  "isDingWin": false,
  "isDraw": true,
  "isDingBlack": false,
  "moves": [
    "d4",
    "d5",
    "c4",
    "c6",
    "Nc3",
    "Nf6",
    "e3",
    "a6",
    "Nf3",
    "b5",
    "b3",
    "Bg4",
    "h3",
    "Bxf3",
    "Qxf3",
    "e5",
    "dxe5",
    "Bb4",
    "Bd2",
    "Bxc3",
    "Bxc3",
    "Ne4",
    "Bb4",
    "bxc4",
    "Qg4",
    "c5",
    "f3",
    "cxb4",
    "fxe4",
    "O-O",
    "exd5",
    "Qxd5",
    "Bxc4",
    "Qxe5",
    "O-O",
    "Nc6",
    "Qf3",
    "Qc7",
    "Rac1",
    "Ne5",
    "Qe4",
    "Qb8",
    "Rf5",
    "Nxc4",
    "Rxc4",
    "a5",
    "Qf4",
    "g6",
    "Rd5",
    "Ra7",
    "Qxb8",
    "Rxb8",
    "Rdd4",
    "Rb5",
    "Kf2",
    "h5",
    "e4",
    "Kg7",
    "Kf3",
    "Kf6",
    "Rc6+",
    "Ke7",
    "Rdc4"
  ]
}