{
  "event": "Chinese Championship",
  "site": "Xinghua CHN",
  "date": "2010.05.26",
  "eventDate": "2010.05.24",
  "dateMillis": 1274803200000,
  "eventDateMillis": 1274630400000,
  "round": "3",
  "result": "1-0",
  "white": "Ding Liren",
  "black": "Li Shilong",
  "isDingWin": true,
  "isDraw": false,
  "isDingBlack": false,
  "moves": [
    "d4",
    "Nf6",
    "Nf3",
    "e6",
    "c4",
    "Bb4+",
    "Nbd2",
    "b6",
    "a3",
    "Bxd2+",
    "Qxd2",
    "Bb7",
    "e3",
    "O-O",
    "Be2",
    "d6",
    "O-O",
    "Nbd7",
    "b4",
    "Ne4",
    "Qc2",
    "f5",
    "d5",
    "e5",
    "Ne1",
    "Ng5",
    "f4",
    "Ne4",
    "Nf3",
    "c6",
    "dxc6",
    "Bxc6",
    "Bb2",
    "Qe7",
    "Rad1",
    "Kh8",
    "Ba1",
    "Rae8",
    "Qb2",
    "h6",
    "fxe5",
    "Nxe5",
    "Nxe5",
    "dxe5",
    "Bh5",
    "Qg5",
    "Bxe8",
    "Rxe8",
    "Qe2",
    "Re6",
    "Rf3",
    "Qh5",
    "b5",
    "Bb7",
    "Rd8+",
    "Kh7",
    "Rd7",
    "Bc8",
    "Rc7",
    "Nd6",
    "Rg3"
  ]
}