{
  "event": "Chinese Championship",
  "site": "Xinghua CHN",
  "date": "2010.06.02",
  "eventDate": "2010.05.24",
  "dateMillis": 1275408000000,
  "eventDateMillis": 1274630400000,
  "round": "9",
  "result": "0-1",
  "white": "Ding Liren",
  "black": "Zhou Jianchao",
  "isDingWin": false,
  "isDraw": false,
  "isDingBlack": false,
  "moves": [
    "d4",
    "Nf6",
    "c4",
    "g6",
    "Nc3",
    "d5",
    "cxd5",
    "Nxd5",
    "e4",
    "Nxc3",
    "bxc3",
    "Bg7",
    "Nf3",
    "c5",
    "Be3",
    "Qa5",
    "Qd2",
    "Nc6",
    "Rb1",
    "a6",
    "Rc1",
    "f5",
    "dxc5",
    "fxe4",
    "Nd4",
    "Bd7",
    "Be2",
    "O-O-O",
    "Nb3",
    "Qc7",
    "Qc2",
    "Ne5",
    "Nd2",
    "Nd3+",
    "Bxd3",
    "exd3",
    "Qxd3",
    "Bb5",
    "Qb1",
    "Rxd2",
    "Kxd2",
    "Qd7+",
    "Ke1",
    "Qg4",
    "c4",
    "Bxc4",
    "Rxc4",
    "Qxc4",
    "f3",
    "Bd4",
    "Bxd4",
    "Qxd4",
    "Ke2",
    "Qc4+",
    "Kf2",
    "Qxc5+",
    "Kg3",
    "Qg5+",
    "Kh3",
    "Qh5+",
    "Kg3",
    "Qe5+",
    "Kh3",
    "Rd8",
    "Rc1+",
    "Kb8",
    "Rd1",
    "Qe6+",
    "g4",
    "Rf8",
    "Qe4",
    "Qxe4",
    "fxe4",
    "Rf3+",
    "Kh4",
    "Rf2",
    "Rd7",
    "Rxa2",
    "Rxe7",
    "a5",
    "Kg3",
    "a4",
    "Rxh7",
    "a3",
    "Rd7",
    "Re2",
    "h4",
    "Rxe4",
    "h5",
    "gxh5",
    "gxh5",
    "Re6",
    "Rd1",
    "Kc7",
    "Ra1",
    "Ra6",
    "h6",
    "Rxh6",
    "Rxa3",
    "Rf6",
    "Rc3+",
    "Kd6",
    "Rb3",
    "Kc6",
    "Rc3+",
    "Kd5",
    "Rb3",
    "b6",
    "Rb1",
    "Kc6",
    "Rc1+",
    "Kb7",
    "Rb1",
    "Rf8",
    "Kg4",
    "Kc6",
    "Rc1+",
    "Kd5",
    "Rb1",
    "Kc5",
    "Rc1+",
    "Kd4",
    "Rb1",
    "Rb8",
    "Kf3",
    "b5",
    "Ke2",
    "Kc3",
    "Rc1+",
    "Kb2",
    "Rc7",
    "Rd8",
    "Rb7",
    "Rd5",
    "Ke3",
    "Kc3",
    "Rc7+",
    "Kb3"
  ]
}