{
  "event": "Chinese Championship",
  "site": "Xinghua CHN",
  "date": "2010.05.27",
  "eventDate": "2010.05.24",
  "dateMillis": 1274889600000,
  "eventDateMillis": 1274630400000,
  "round": "4",
  "result": "1/2-1/2",
  "white": "Ji Dan",
  "black": "Ding Liren",
  "isDingWin": false,
  "isDraw": true,
  "isDingBlack": true,
  "moves": [
    "e4",
    "c5",
    "Nf3",
    "e6",
    "d4",
    "cxd4",
    "Nxd4",
    "a6",
    "Bd3",
    "Bc5",
    "Nb3",
    "Be7",
    "c4",
    "d6",
    "Nc3",
    "Nf6",
    "O-O",
    "b6",
    "Be3",
    "Nbd7",
    "f3",
    "O-O",
    "Qd2",
    "Ne5",
    "Rfd1",
    "Bb7",
    "Bf1",
    "Rc8",
    "Qf2",
    "Nxc4",
    "Bxc4",
    "Rxc4",
    "Bxb6",
    "Qa8",
    "Na5",
    "Rcc8",
    "Rac1",
    "d5",
    "Nxb7",
    "Qxb7",
    "exd5",
    "Nxd5",
    "Nxd5",
    "Qxd5",
    "Qd4",
    "Qb5",
    "Qf2",
    "Rxc1",
    "Rxc1",
    "h5",
    "b3",
    "Rb8",
    "Bc7",
    "Rc8",
    "Rc4",
    "Bd8",
    "Bxd8",
    "Rxd8",
    "Qc2",
    "Qb6+",
    "Kh1",
    "Qa5",
    "h3",
    "Qe1+",
    "Kh2",
    "h4",
    "Rc8",
    "Qg3+",
    "Kh1",
    "Qe1+"
  ]
}