{
  "event": "Chinese Championship",
  "site": "Xinghua CHN",
  "date": "2010.06.03",
  "eventDate": "2010.05.24",
  "dateMillis": 1275494400000,
  "eventDateMillis": 1274630400000,
  "round": "10",
  "result": "1-0",
  "white": "Bu Xiangzhi",
  "black": "Ding Liren",
  "isDingWin": false,
  "isDraw": false,
  "isDingBlack": true,
  "moves": [
    "Nf3",
    "Nf6",
    "c4",
    "g6",
    "b3",
    "Bg7",
    "Bb2",
    "O-O",
    "g3",
    "d6",
    "d4",
    "e5",
    "dxe5",
    "Nfd7",
    "Nc3",
    "dxe5",
    "Qd2",
    "Re8",
    "Rd1",
    "e4",
    "Nh4",
    "Nc6",
    "Bg2",
    "f5",
    "O-O",
    "Nde5",
    "Qc1",
    "Bd7",
    "f3",
    "exf3",
    "Nxf3",
    "Nxf3+",
    "Bxf3",
    "Rb8",
    "Bd5+",
    "Kh8",
    "Bxc6",
    "bxc6",
    "Qd2",
    "Be6",
    "Na4",
    "Qxd2",
    "Bxg7+",
    "Kxg7",
    "Rxd2",
    "Rf8",
    "Rf3",
    "Rbd8",
    "Rfd3",
    "Rxd3",
    "Rxd3",
    "f4",
    "Nc5",
    "Bc8",
    "b4",
    "a6",
    "Kg2",
    "g5",
    "e4",
    "h5",
    "gxf4",
    "Rxf4",
    "Rd8",
    "Rf8",
    "Rxf8",
    "Kxf8",
    "a4",
    "Kf7",
    "a5",
    "Kf6",
    "Kf3",
    "Ke5",
    "Ke3",
    "h4",
    "Nd3+",
    "Kf6",
    "Kf3",
    "Ke6",
    "Kg4",
    "Kf6+",
    "Kh5",
    "h3",
    "Nf2",
    "Ke5",
    "Kxg5",
    "Kd4",
    "Kf6",
    "Kxc4",
    "e5",
    "Kxb4",
    "e6",
    "c5",
    "Nxh3",
    "c4",
    "Nf4",
    "Kc3",
    "h4",
    "Kd2",
    "Nd5",
    "c6",
    "e7",
    "Bd7",
    "Nb6",
    "c3",
    "Nxd7",
    "c2",
    "e8=Q",
    "c1=Q",
    "Qe5",
    "Qf1+",
    "Ke7"
  ]
}