{
  "event": "Chinese Championship",
  "site": "Xinghua CHN",
  "date": "2010.05.25",
  "eventDate": "2010.05.24",
  "dateMillis": 1274716800000,
  "eventDateMillis": 1274630400000,
  "round": "2",
  "result": "1-0",
  "white": "Ni Hua",
  "black": "Ding Liren",
  "isDingWin": false,
  "isDraw": false,
  "isDingBlack": true,
  "moves": [
    "e4",
    "e6",
    "d4",
    "d5",
    "Nd2",
    "Be7",
    "e5",
    "c5",
    "c3",
    "Nc6",
    "Ndf3",
    "cxd4",
    "cxd4",
    "Bb4+",
    "Bd2",
    "Qa5",
    "Bd3",
    "f6",
    "Ne2",
    "Bxd2+",
    "Qxd2",
    "Qxd2+",
    "Kxd2",
    "Nge7",
    "Rac1",
    "Bd7",
    "h4",
    "O-O",
    "Ke3",
    "fxe5",
    "dxe5",
    "d4+",
    "Kd2",
    "Rad8",
    "h5",
    "Be8",
    "Rh4",
    "Rxf3",
    "gxf3",
    "Nxe5",
    "Be4",
    "d3",
    "Ng3",
    "g5",
    "hxg6",
    "N7xg6",
    "Rh5",
    "Bc6",
    "f4",
    "Nf3+",
    "Bxf3",
    "Bxf3",
    "Rg5",
    "Kg7",
    "Nh5+",
    "Kh6",
    "Nf6",
    "Rd4",
    "Ng4+",
    "Bxg4",
    "Rxg4",
    "e5",
    "Ke3",
    "Ra4",
    "Kxd3",
    "exf4",
    "Rh1+",
    "Kg7",
    "a3",
    "Ra5",
    "Rgg1",
    "h5",
    "Rc1",
    "Kh6",
    "Rc7",
    "Rb5",
    "b4",
    "h4",
    "Ke4",
    "Re5+",
    "Kf3",
    "Rd5",
    "a4",
    "b5",
    "Rc5",
    "Rd3+",
    "Ke4",
    "Rb3",
    "Kf5",
    "Kh5",
    "Ke4+"
  ]
}