{
  "event": "Chinese Championship",
  "site": "Xinghua CHN",
  "date": "2010.05.31",
  "eventDate": "2010.05.24",
  "dateMillis": 1275235200000,
  "eventDateMillis": 1274630400000,
  "round": "7",
  "result": "1/2-1/2",
  "white": "Ding Liren",
  "black": "Zhang Ziyang",
  "isDingWin": false,
  "isDraw": true,
  "isDingBlack": false,
  "moves": [
    "d4",
    "Nf6",
    "c4",
    "e6",
    "Nf3",
    "d5",
    "Nc3",
    "c6",
    "e3",
    "Nbd7",
    "Qc2",
    "Bd6",
    "Bd3",
    "O-O",
    "O-O",
    "dxc4",
    "Bxc4",
    "Qe7",
    "h3",
    "c5",
    "e4",
    "cxd4",
    "Nxd4",
    "Ne5",
    "Bb3",
    "b6",
    "Be3",
    "Bc5",
    "f4",
    "Nc6",
    "Qf2",
    "Nxd4",
    "Bxd4",
    "Bxd4",
    "Qxd4",
    "Rd8",
    "Qe3",
    "Bb7",
    "e5",
    "Nd5",
    "Bxd5",
    "Bxd5",
    "Rad1",
    "Bc4",
    "Rfe1",
    "Rxd1",
    "Rxd1",
    "Rd8",
    "Rd4",
    "Ba6",
    "Kh2",
    "h6",
    "Qd2",
    "Rxd4",
    "Qxd4",
    "Bb7",
    "Nd1",
    "Qh4",
    "Nf2",
    "Qe7",
    "Ne4",
    "Qh4",
    "Qf2",
    "Qd8",
    "Nd6",
    "Bd5",
    "a3",
    "Qc7",
    "Qd2",
    "Qc6"
  ]
}