{
  "event": "Chinese Championship",
  "site": "Xinghua CHN",
  "date": "2010.06.01",
  "eventDate": "2010.05.24",
  "dateMillis": 1275321600000,
  "eventDateMillis": 1274630400000,
  "round": "8",
  "result": "0-1",
  "white": "Lu Shanglei",
  "black": "Ding Liren",
  "isDingWin": true,
  "isDraw": false,
  "isDingBlack": true,
  "moves": [
    "e4",
    "e6",
    "d4",
    "d5",
    "Nd2",
    "Be7",
    "Bd3",
    "c5",
    "dxc5",
    "Nf6",
    "Qe2",
    "O-O",
    "Ngf3",
    "a5",
    "O-O",
    "Na6",
    "e5",
    "Nd7",
    "c3",
    "Naxc5",
    "Bc2",
    "b6",
    "Re1",
    "f6",
    "b4",
    "axb4",
    "cxb4",
    "Na6",
    "exf6",
    "Nxf6",
    "b5",
    "Nc5",
    "Bb2",
    "Qe8",
    "Ne5",
    "Bb7",
    "f3",
    "Bd6",
    "Nd3",
    "Qxb5",
    "Bd4",
    "Qc6",
    "Nxc5",
    "Bxc5",
    "Nb3",
    "Rfe8",
    "Rac1",
    "Qd6",
    "Kh1",
    "Ba6",
    "Qe3",
    "Nd7",
    "f4",
    "Bc4",
    "Qh3",
    "h6",
    "Qg4",
    "Bxd4",
    "Nxd4",
    "Nf6",
    "Qh3",
    "Qxf4",
    "Nxe6",
    "Qg4",
    "Qxg4",
    "Nxg4",
    "Bg6",
    "Re7",
    "Nd4",
    "Ne5",
    "Bb1",
    "Rf8",
    "g3",
    "Ree8",
    "Kg2",
    "Ng4",
    "Bg6",
    "Ne3+",
    "Kg1",
    "Re5",
    "Rc3",
    "Ng4",
    "Rxe5",
    "Nxe5",
    "Bf5",
    "Kf7",
    "Ra3",
    "Kf6",
    "Kg2",
    "g6",
    "Bc2",
    "Ke7",
    "Ra7+",
    "Kd6",
    "a4",
    "Bf1+",
    "Kg1",
    "Bh3"
  ]
}