{
  "event": "Chinese Championship",
  "site": "Xinghua CHN",
  "date": "2010.05.24",
  "eventDate": "2010.05.24",
  "dateMillis": 1274630400000,
  "eventDateMillis": 1274630400000,
  "round": "1",
  "result": "1-0",
  "white": "Wang Hao",
  "black": "Ding Liren",
  "isDingWin": false,
  "isDraw": false,
  "isDingBlack": true,
  "moves": [
    "d4",
    "Nf6",
    "c4",
    "g6",
    "g3",
    "Bg7",
    "Bg2",
    "O-O",
    "Nc3",
    "d6",
    "Nf3",
    "Nc6",
    "O-O",
    "a6",
    "b3",
    "Rb8",
    "Nd5",
    "Nd7",
    "e4",
    "e6",
    "Ne3",
    "Nc5",
    "dxc5",
    "Bxa1",
    "cxd6",
    "Bc3",
    "Ba3",
    "Bb4",
    "Bxb4",
    "Nxb4",
    "e5",
    "Nc6",
    "Qd2",
    "cxd6",
    "exd6",
    "e5",
    "Rd1",
    "Be6",
    "h4",
    "f6",
    "c5",
    "b6",
    "d7",
    "Rf7",
    "Qd6",
    "Qxd7",
    "Ng5",
    "fxg5",
    "Bxc6",
    "Qxd6",
    "Rxd6",
    "Re7",
    "cxb6",
    "gxh4",
    "gxh4",
    "a5",
    "Nc4",
    "Kf8",
    "Bd5",
    "Rd7",
    "Rxe6",
    "Rxd5",
    "Kg2",
    "Rb5",
    "Rc6",
    "Kg7",
    "Rc7+",
    "Kh6",
    "Ra7",
    "e4",
    "Re7",
    "Rb4",
    "Ra7",
    "Rb5",
    "Kg3",
    "g5",
    "hxg5+",
    "Rxg5+",
    "Kf4",
    "Rg2",
    "Kxe4",
    "Rxf2",
    "Rxa5",
    "Kg7",
    "Ra7+",
    "Kg8",
    "b7",
    "Rf7",
    "Nd6",
    "Rd7",
    "Kd5",
    "Kf8",
    "Kc6",
    "Ke7",
    "Ne4",
    "h5",
    "Nc5",
    "Rd4",
    "Kc7",
    "Rbd8",
    "Ra8",
    "h4",
    "Rc8",
    "R4d5",
    "b4"
  ]
}