{
  "event": "Chinese Championship",
  "site": "Xinghua CHN",
  "date": "2010.05.29",
  "eventDate": "2010.05.24",
  "dateMillis": 1275062400000,
  "eventDateMillis": 1274630400000,
  "round": "6",
  "result": "1/2-1/2",
  "white": "Li Chao",
  "black": "Ding Liren",
  "isDingWin": false,
  "isDraw": true,
  "isDingBlack": true,
  "moves": [
    "e4",
    "e6",
    "d4",
    "d5",
    "Nc3",
    "Nf6",
    "e5",
    "Nfd7",
    "f4",
    "c5",
    "Nf3",
    "Nc6",
    "Be3",
    "a6",
    "Qd2",
    "b5",
    "a3",
    "Qb6",
    "Ne2",
    "b4",
    "axb4",
    "Qxb4",
    "c3",
    "Qb7",
    "dxc5",
    "Nxc5",
    "Ned4",
    "Be7",
    "Be2",
    "O-O",
    "O-O",
    "a5",
    "b4",
    "Nxd4",
    "Nxd4",
    "Ne4",
    "Qc2",
    "axb4",
    "cxb4",
    "Bd7",
    "b5",
    "Rfc8",
    "Qb2",
    "Bc5",
    "Rxa8",
    "Rxa8",
    "Ra1",
    "h6",
    "Rxa8+",
    "Qxa8",
    "Kf1",
    "Qa7",
    "g3",
    "Bb6",
    "Kg2",
    "Qa5",
    "Nb3",
    "Qc3",
    "Qxc3",
    "Nxc3",
    "Bxb6"
  ]
}