{
  "event": "Chinese Championship",
  "site": "Xinghua CHN",
  "date": "2010.05.28",
  "eventDate": "2010.05.24",
  "dateMillis": 1274976000000,
  "eventDateMillis": 1274630400000,
  "round": "5",
  "result": "1-0",
  "white": "Ding Liren",
  "black": "Yifan Hou",
  "isDingWin": true,
  "isDraw": false,
  "isDingBlack": false,
  "moves": [
    "d4",
    "Nf6",
    "c4",
    "e6",
    "Nf3",
    "d5",
    "Nc3",
    "Bb4",
    "Bg5",
    "h6",
    "Bxf6",
    "Qxf6",
    "Qa4+",
    "Nc6",
    "e3",
    "O-O",
    "Be2",
    "Bd7",
    "Qb3",
    "dxc4",
    "Qxc4",
    "Bd6",
    "O-O",
    "e5",
    "d5",
    "Na5",
    "Qd3",
    "Qe7",
    "e4",
    "a6",
    "Rac1",
    "b5",
    "a3",
    "f5",
    "Nd2",
    "f4",
    "b4",
    "Nb7",
    "Rc2",
    "Rf6",
    "Rfc1",
    "g5",
    "h3",
    "Qf7",
    "Bg4",
    "Bxg4",
    "hxg4",
    "h5",
    "Qh3",
    "Rh6",
    "gxh5",
    "Rxh5",
    "Qg4",
    "Kg7",
    "Nf3",
    "Kg6",
    "g3",
    "Rd8",
    "Ne2",
    "Rdh8",
    "Rc6",
    "Kf6",
    "Qf5+",
    "Kg7",
    "Qxf7+",
    "Kxf7",
    "Rxc7+",
    "Bxc7",
    "Rxc7+",
    "Ke8",
    "Rxb7",
    "Rh1+",
    "Kg2",
    "g4",
    "gxf4",
    "gxf3+",
    "Kxf3",
    "R8h2",
    "fxe5",
    "Rf1",
    "Ke3",
    "Rfxf2",
    "Nd4",
    "Rf1",
    "Nf5",
    "Re1+",
    "Kd4",
    "Kd8",
    "e6"
  ]
}