{
  "event": "Hainan Danzhou GM",
  "site": "Danzhou CHN",
  "date": "2010.06.15",
  "eventDate": "2010.06.11",
  "dateMillis": 1276531200000,
  "eventDateMillis": 1276185600000,
  "round": "5",
  "result": "0-1",
  "white": "Wang Hao",
  "black": "Ding Liren",
  "isDingWin": true,
  "isDraw": false,
  "isDingBlack": true,
  "moves": [
    "e4",
    "e6",
    "d4",
    "d5",
    "Nc3",
    "Nf6",
    "e5",
    "Nfd7",
    "f4",
    "c5",
    "Nf3",
    "Nc6",
    "Be3",
    "Qb6",
    "Na4",
    "Qa5+",
    "c3",
    "cxd4",
    "b4",
    "Nxb4",
    "cxb4",
    "Bxb4+",
    "Bd2",
    "Bxd2+",
    "Nxd2",
    "O-O",
    "g3",
    "f6",
    "Bh3",
    "fxe5",
    "O-O",
    "e4",
    "Bxe6+",
    "Kh8",
    "Rc1",
    "d3",
    "Rxc8",
    "Raxc8",
    "Bxd7",
    "Rc7",
    "Nb3",
    "Qb4",
    "Nac5",
    "Rxc5",
    "Nxc5",
    "Qxc5+",
    "Kg2",
    "d4",
    "Ba4",
    "Qc3",
    "Qg4",
    "e3",
    "Qe6",
    "Qd2+",
    "Kh3",
    "e2",
    "Rb1",
    "Qe3",
    "Qxe3",
    "dxe3",
    "Bb5",
    "Rd8",
    "Kg2",
    "a6",
    "Bxd3",
    "Rxd3",
    "Kf3",
    "Rd2",
    "Rxb7",
    "h6",
    "Rb1",
    "Rxa2",
    "Kxe3",
    "a5",
    "Kd3",
    "Rb2",
    "Rc1",
    "a4",
    "Rc8+",
    "Kh7",
    "Re8",
    "a3",
    "Kc3",
    "e1=Q+",
    "Rxe1",
    "Rxh2",
    "Re5",
    "Rg2",
    "Kd4",
    "Rxg3",
    "Ra5",
    "Kg6",
    "Ke5",
    "Kh5",
    "f5",
    "Kh4",
    "Ke4",
    "Rg4+",
    "Ke5",
    "Rg3",
    "Ke4",
    "Kh3",
    "Kf4",
    "Kg2",
    "Rc5",
    "Rf3+",
    "Ke4",
    "a2"
  ]
}