{
  "event": "Hainan Danzhou GM",
  "site": "Danzhou CHN",
  "date": "2010.06.11",
  "eventDate": "2010.06.11",
  "dateMillis": 1276185600000,
  "eventDateMillis": 1276185600000,
  "round": "1",
  "result": "1-0",
  "white": "Ding Liren",
  "black": "Zhou Jianchao",
  "isDingWin": true,
  "isDraw": false,
  "isDingBlack": false,
  "moves": [
    "d4",
    "d5",
    "c4",
    "c6",
    "Nf3",
    "Nf6",
    "Nc3",
    "dxc4",
    "a4",
    "Bf5",
    "Ne5",
    "e6",
    "f3",
    "Bb4",
    "Nxc4",
    "O-O",
    "Kf2",
    "c5",
    "e4",
    "Bxc3",
    "bxc3",
    "Bxe4",
    "fxe4",
    "Nxe4+",
    "Kg1",
    "Nxc3",
    "Qe1",
    "cxd4",
    "Ba3",
    "Nc6",
    "Bxf8",
    "Qxf8",
    "h4",
    "Qc5",
    "Nd2",
    "Nb4",
    "Qf2",
    "Rd8",
    "Rh3",
    "Nbd5",
    "Rd3",
    "e5",
    "Re1",
    "Qc7",
    "Ne4",
    "Nxa4",
    "Rg3",
    "Nf4",
    "Nf6+",
    "Kh8",
    "Ne8",
    "Rxe8",
    "Qxf4",
    "Re7",
    "Qg4",
    "f6",
    "Ra3",
    "Qc6",
    "Rea1",
    "Nb6",
    "Rxa7",
    "e4",
    "Qh5",
    "h6",
    "Qg6",
    "Qc8",
    "Re1",
    "Qc6",
    "Kh1",
    "d3",
    "Bxd3",
    "Qc3",
    "Raa1",
    "f5",
    "Qxf5"
  ]
}