{
  "event": "Hainan Danzhou GM",
  "site": "Danzhou CHN",
  "date": "2010.06.12",
  "eventDate": "2010.06.11",
  "dateMillis": 1276272000000,
  "eventDateMillis": 1276185600000,
  "round": "2",
  "result": "0-1",
  "white": "Zhou Weiqi",
  "black": "Ding Liren",
  "isDingWin": true,
  "isDraw": false,
  "isDingBlack": true,
  "moves": [
    "d4",
    "Nf6",
    "Nf3",
    "g6",
    "g3",
    "Bg7",
    "Bg2",
    "O-O",
    "O-O",
    "d5",
    "c4",
    "c6",
    "b3",
    "dxc4",
    "bxc4",
    "c5",
    "Bb2",
    "Qb6",
    "Qb3",
    "Ne4",
    "e3",
    "Nc6",
    "Ne5",
    "Nd6",
    "Nd2",
    "cxd4",
    "exd4",
    "Be6",
    "Rfc1",
    "Rfc8",
    "c5",
    "Bxb3",
    "cxb6",
    "Ba4",
    "bxa7",
    "Rxa7",
    "Ndc4",
    "Nxc4",
    "Rxc4",
    "Rd8",
    "Nxc6",
    "bxc6",
    "Bxc6",
    "Bxc6",
    "Rxc6",
    "Bxd4",
    "Bxd4",
    "Rxd4",
    "Rc3",
    "g5",
    "h3",
    "h5",
    "a3",
    "f6",
    "Kg2",
    "Kf7",
    "Rb3",
    "Rda4",
    "Rc3",
    "R7a6",
    "Rb3",
    "f5",
    "Rc3",
    "h4",
    "Ra2",
    "hxg3",
    "fxg3",
    "Kf6",
    "Kf2",
    "e5",
    "Kf3",
    "e4+",
    "Ke3",
    "R6a5",
    "Kf2",
    "Ke5",
    "Rb3",
    "Rd4",
    "Rb8",
    "Rd3",
    "a4",
    "f4",
    "Re8+",
    "Kd4",
    "gxf4",
    "gxf4",
    "Rd8+",
    "Kc4",
    "Rc8+",
    "Kb3",
    "Rcc2",
    "Rg5",
    "Rab2+",
    "Ka3",
    "Ra2+",
    "Kb4",
    "a5",
    "Rf3+",
    "Ke1",
    "Rg1+",
    "Ke2",
    "Re3+",
    "Kd2",
    "Rd3+",
    "Ke2",
    "f3+",
    "Kf2",
    "Rg2+",
    "Ke1",
    "Rxc2",
    "Rxc2",
    "e3",
    "Rc1",
    "Rd2",
    "Rb1+",
    "Kxa5",
    "Kf1",
    "Rf2+",
    "Kg1",
    "Rg2+",
    "Kh1",
    "Rg8"
  ]
}