{
  "event": "Hainan Danzhou GM",
  "site": "Danzhou CHN",
  "date": "2010.06.13",
  "eventDate": "2010.06.11",
  "dateMillis": 1276358400000,
  "eventDateMillis": 1276185600000,
  "round": "3",
  "result": "0-1",
  "white": "Ding Liren",
  "black": "Bu Xiangzhi",
  "isDingWin": false,
  "isDraw": false,
  "isDingBlack": false,
  "moves": [
    "d4",
    "d5",
    "c4",
    "c6",
    "Nf3",
    "Nf6",
    "Nc3",
    "dxc4",
    "a4",
    "Bf5",
    "Ne5",
    "Nbd7",
    "Nxc4",
    "Nb6",
    "Ne5",
    "a5",
    "e3",
    "Nbd7",
    "Qb3",
    "Nxe5",
    "dxe5",
    "Nd7",
    "e4",
    "Be6",
    "Qxb7",
    "Rb8",
    "Qa7",
    "Nxe5",
    "f4",
    "Nd7",
    "Be3",
    "Bb3",
    "Nb5",
    "cxb5",
    "Bxb5",
    "Rxb5",
    "axb5",
    "e5",
    "O-O",
    "exf4",
    "Bf2",
    "Bd6",
    "b6",
    "O-O",
    "Qxa5",
    "f3",
    "b7",
    "Qb8",
    "Qb5",
    "Bxh2+",
    "Kh1",
    "fxg2+",
    "Kxg2",
    "Be6",
    "Ra8",
    "Qf4",
    "Rxf8+",
    "Nxf8",
    "Rh1",
    "Bh3+",
    "Kxh3",
    "Qxf2",
    "b8=Q",
    "Bxb8",
    "Qxb8",
    "h5",
    "Qg3",
    "Qxb2",
    "Qg2",
    "Qe5",
    "Rf1",
    "Ne6",
    "Qg3",
    "Qxe4",
    "Kh2",
    "g5",
    "Qb8+",
    "Kg7",
    "Qe8",
    "Qh4+",
    "Kg1",
    "Qd4+"
  ]
}