{
  "event": "Hainan Danzhou GM",
  "site": "Danzhou CHN",
  "date": "2010.06.20",
  "eventDate": "2010.06.11",
  "dateMillis": 1276963200000,
  "eventDateMillis": 1276185600000,
  "round": "9",
  "result": "1/2-1/2",
  "white": "Ni Hua",
  "black": "Ding Liren",
  "isDingWin": false,
  "isDraw": true,
  "isDingBlack": true,
  "moves": [
    "e4",
    "e6",
    "d4",
    "d5",
    "Nd2",
    "c5",
    "exd5",
    "Qxd5",
    "dxc5",
    "Nf6",
    "Ngf3",
    "Qxc5",
    "Bd3",
    "Be7",
    "O-O",
    "O-O",
    "Qe2",
    "Nbd7",
    "Ne4",
    "Qc7",
    "Nxf6+",
    "Nxf6",
    "Ne5",
    "b6",
    "Bf4",
    "Bd6",
    "Rad1",
    "Bb7",
    "Rfe1",
    "Nd5",
    "Bg3",
    "Rad8",
    "Be4",
    "Kh8",
    "Bf3",
    "f6",
    "c4",
    "Bxe5",
    "Bxe5",
    "fxe5",
    "cxd5",
    "Bxd5",
    "Bxd5",
    "Rxd5",
    "Rxd5",
    "exd5",
    "Qxe5",
    "Qc5",
    "Qe3",
    "h6",
    "Qxc5",
    "bxc5",
    "Kf1",
    "Rb8",
    "b3",
    "c4",
    "bxc4",
    "dxc4",
    "Rc1",
    "Rb2",
    "Rxc4",
    "Rxa2"
  ]
}