{
  "event": "Hainan Danzhou GM",
  "site": "Danzhou CHN",
  "date": "2010.06.18",
  "eventDate": "2010.06.11",
  "dateMillis": 1276790400000,
  "eventDateMillis": 1276185600000,
  "round": "7",
  "result": "1/2-1/2",
  "white": "Zhao Jun",
  "black": "Ding Liren",
  "isDingWin": false,
  "isDraw": true,
  "isDingBlack": true,
  "moves": [
    "e4",
    "e6",
    "d4",
    "d5",
    "Nd2",
    "c5",
    "Ngf3",
    "cxd4",
    "Nxd4",
    "Nc6",
    "Bb5",
    "Bd7",
    "Nxc6",
    "Bxc6",
    "Bxc6+",
    "bxc6",
    "c4",
    "Qa5",
    "O-O",
    "Nf6",
    "e5",
    "Nd7",
    "Re1",
    "Rb8",
    "Qc2",
    "Qa6",
    "b3",
    "Bc5",
    "Nf3",
    "h6",
    "Be3",
    "Bxe3",
    "Rxe3",
    "O-O",
    "Rc3",
    "c5",
    "Re1",
    "d4",
    "Rd3",
    "Qc6",
    "Qe2",
    "f5",
    "exf6",
    "Rxf6",
    "Ne5",
    "Nxe5",
    "Qxe5",
    "Rd8",
    "f3",
    "Rg6",
    "Qh5",
    "Rg5",
    "Qh4",
    "Rf8",
    "Re4",
    "e5",
    "Qe1",
    "Qg6",
    "Qe2",
    "Rf4",
    "Rxf4",
    "exf4",
    "Rd1",
    "Qf5",
    "b4"
  ]
}