{
  "event": "Wch U12",
  "site": "Heraklio",
  "date": "2004.11.06",
  "dateMillis": 1099670400000,
  "eventDateMillis": null,
  "round": "4",
  "result": "1-0",
  "white": "Ding Liren",
  "black": "Wesley So",
  "isDingWin": true,
  "isDraw": false,
  "isDingBlack": false,
  "moves": [
    "Nf3",
    "c5",
    "g3",
    "Nc6",
    "Bg2",
    "g6",
    "c3",
    "e5",
    "d4",
    "cxd4",
    "cxd4",
    "e4",
    "Ne5",
    "f5",
    "Nc3",
    "Bg7",
    "Bf4",
    "Nge7",
    "Nc4",
    "Nxd4",
    "Bh6",
    "Ne6",
    "Bxg7",
    "Nxg7",
    "Nd6+",
    "Kf8",
    "Qd2",
    "a6",
    "O-O-O",
    "b5",
    "g4",
    "h6",
    "gxf5",
    "gxf5",
    "Bxe4",
    "Rb8",
    "Rhg1",
    "Rh7",
    "Qd4",
    "fxe4",
    "Qf6+",
    "Kg8",
    "Nd5",
    "Nc6",
    "Qg6"
  ]
}