{
  "event": "Hainan Danzhou GM",
  "site": "Danzhou CHN",
  "date": "2010.06.19",
  "eventDate": "2010.06.11",
  "dateMillis": 1276876800000,
  "eventDateMillis": 1276185600000,
  "round": "8",
  "result": "1/2-1/2",
  "white": "Ding Liren",
  "black": "Li Chao",
  "isDingWin": false,
  "isDraw": true,
  "isDingBlack": false,
  "moves": [
    "d4",
    "Nf6",
    "c4",
    "g6",
    "Nc3",
    "d5",
    "cxd5",
    "Nxd5",
    "e4",
    "Nxc3",
    "bxc3",
    "Bg7",
    "Nf3",
    "c5",
    "Be3",
    "O-O",
    "Qd2",
    "Bg4",
    "Ng5",
    "cxd4",
    "cxd4",
    "Nc6",
    "h3",
    "Bd7",
    "Rb1",
    "Rc8",
    "Nf3",
    "e5",
    "d5",
    "Nd4",
    "Bxd4",
    "exd4",
    "Bd3",
    "b6",
    "O-O",
    "Re8",
    "Rfe1",
    "Rc3",
    "Bb5",
    "Bxb5",
    "Rxb5",
    "Qc7",
    "e5",
    "Qc4",
    "Qb2",
    "Rxf3",
    "gxf3",
    "Rxe5",
    "Rxe5",
    "Bxe5",
    "Qb3",
    "Qc1+",
    "Kg2",
    "Qf4",
    "Kf1",
    "Qh2",
    "Qc2",
    "Qxh3+",
    "Ke2",
    "Qd7",
    "a4",
    "h5",
    "Qe4",
    "Qc7",
    "f4",
    "Bf6",
    "Kf3",
    "Qd7",
    "Kg2",
    "Qg4+",
    "Kh2",
    "d3",
    "Qxd3",
    "Qxf4+",
    "Kg2",
    "Be7",
    "a5",
    "h4",
    "Qf3",
    "Qa4",
    "Rb2",
    "Qxa5",
    "Rc2",
    "Bc5",
    "Rc4",
    "h3+",
    "Qxh3",
    "Qa2",
    "Rxc5",
    "bxc5",
    "Qc8+",
    "Kg7",
    "Qxc5",
    "Qd2",
    "d6",
    "Kf6",
    "Qc7",
    "Qd5+",
    "Kg3",
    "Qg5+",
    "Kh2",
    "Qh4+",
    "Kg1",
    "Qg4+",
    "Kf1",
    "Qd1+",
    "Kg2",
    "Ke5"
  ]
}