{
  "event": "Hainan Danzhou GM",
  "site": "Danzhou CHN",
  "date": "2010.06.17",
  "eventDate": "2010.06.11",
  "dateMillis": 1276704000000,
  "eventDateMillis": 1276185600000,
  "round": "6",
  "result": "1/2-1/2",
  "white": "Ding Liren",
  "black": "Yifan Hou",
  "isDingWin": false,
  "isDraw": true,
  "isDingBlack": false,
  "moves": [
    "d4",
    "Nf6",
    "c4",
    "e6",
    "Nf3",
    "b6",
    "g3",
    "Bb4+",
    "Bd2",
    "Bxd2+",
    "Qxd2",
    "Ba6",
    "b3",
    "O-O",
    "Bg2",
    "d5",
    "O-O",
    "c6",
    "Rc1",
    "Nbd7",
    "a4",
    "h6",
    "Na3",
    "Bb7",
    "b4",
    "a5",
    "cxd5",
    "exd5",
    "b5",
    "c5",
    "Ne5",
    "Re8",
    "Nxd7",
    "Nxd7",
    "Nc4",
    "Re6",
    "Rab1",
    "cxd4",
    "Qxd4",
    "dxc4",
    "Bxb7",
    "Nc5",
    "Bd5",
    "Rd6",
    "e4",
    "Nb3",
    "Qxc4",
    "Nxc1",
    "Rxc1",
    "Ra7",
    "Qc8",
    "Rad7",
    "Kf1",
    "Qxc8",
    "Rxc8+",
    "Rd8",
    "Rc4",
    "Kf8",
    "Ke2",
    "Ke7",
    "Ke3",
    "f5",
    "f3",
    "fxe4",
    "fxe4",
    "Kd7",
    "Bc6+"
  ]
}