{
  "event": "Aeroflot Open",
  "site": "Moscow RUS",
  "date": "2011.02.10",
  "eventDate": "2011.02.08",
  "dateMillis": 1297267200000,
  "eventDateMillis": 1297094400000,
  "round": "3",
  "result": "1-0",
  "white": "Ding Liren",
  "black": "Daniele Vocaturo",
  "isDingWin": true,
  "isDraw": false,
  "isDingBlack": false,
  "moves": [
    "d4",
    "Nf6",
    "Nf3",
    "e6",
    "c4",
    "c5",
    "d5",
    "d6",
    "Nc3",
    "g6",
    "h3",
    "Bg7",
    "e4",
    "O-O",
    "Bd3",
    "exd5",
    "exd5",
    "Re8+",
    "Be3",
    "Bh6",
    "O-O",
    "Bxe3",
    "fxe3",
    "Qe7",
    "e4",
    "Nbd7",
    "Qd2",
    "Rf8",
    "Bc2",
    "Nh5",
    "Qh6",
    "f6",
    "g4",
    "Ng7",
    "e5",
    "Nxe5",
    "Nxe5",
    "Qxe5",
    "Rae1",
    "Qd4+",
    "Kg2",
    "f5",
    "Rf4",
    "Qd2+",
    "Re2",
    "Qxf4",
    "Qxf4",
    "fxg4",
    "Qxd6",
    "gxh3+",
    "Kg1",
    "Bg4",
    "Re7",
    "Rad8",
    "Qe5",
    "Nh5",
    "d6",
    "h2+",
    "Qxh2",
    "Rf4",
    "Nd5",
    "Rxc4",
    "Qd2",
    "Bf3",
    "Qh6",
    "Rg4+",
    "Kf2",
    "Bxd5",
    "Qxh7+",
    "Kf8",
    "Qh8+"
  ]
}