{
  "event": "Aeroflot Open",
  "site": "Moscow RUS",
  "date": "2011.02.11",
  "eventDate": "2011.02.08",
  "dateMillis": 1297353600000,
  "eventDateMillis": 1297094400000,
  "round": "4",
  "result": "0-1",
  "white": "Krikor Sevag Mekhitarian",
  "black": "Ding Liren",
  "isDingWin": true,
  "isDraw": false,
  "isDingBlack": true,
  "moves": [
    "d4",
    "Nf6",
    "c4",
    "g6",
    "Nc3",
    "Bg7",
    "e4",
    "d6",
    "Nf3",
    "O-O",
    "Be2",
    "e5",
    "O-O",
    "Nc6",
    "d5",
    "Ne7",
    "Ne1",
    "Ne8",
    "Nd3",
    "f5",
    "Bd2",
    "c5",
    "Rb1",
    "Nf6",
    "f3",
    "f4",
    "b4",
    "b6",
    "bxc5",
    "bxc5",
    "Qa4",
    "g5",
    "Nf2",
    "h5",
    "h3",
    "Rf7",
    "Rb3",
    "Bf8",
    "Rfb1",
    "g4",
    "fxg4",
    "hxg4",
    "hxg4",
    "Bd7",
    "Qa6",
    "Rg7",
    "Nb5",
    "Nc8",
    "Ba5",
    "Nb6",
    "Nxa7",
    "Nxg4",
    "Nxg4",
    "Qg5",
    "Bxb6",
    "Bxg4",
    "Bf1",
    "Be2",
    "R3b2",
    "f3",
    "Qa3",
    "Rb8",
    "Nb5",
    "Rxb6",
    "Qc3",
    "Rbb7",
    "Qd2",
    "Qxg2+"
  ]
}