{
  "event": "Aeroflot Open",
  "site": "Moscow RUS",
  "date": "2011.02.16",
  "eventDate": "2011.02.08",
  "dateMillis": 1297785600000,
  "eventDateMillis": 1297094400000,
  "round": "9",
  "result": "1/2-1/2",
  "white": "Ding Liren",
  "black": "Vadim Zvjaginsev",
  "isDingWin": false,
  "isDraw": true,
  "isDingBlack": false,
  "moves": [
    "d4",
    "Nf6",
    "c4",
    "c5",
    "d5",
    "b5",
    "Nf3",
    "g6",
    "cxb5",
    "a6",
    "bxa6",
    "Bxa6",
    "Nc3",
    "d6",
    "g3",
    "Bg7",
    "Bg2",
    "O-O",
    "O-O",
    "Bb7",
    "e4",
    "Nbd7",
    "h3",
    "Nb6",
    "Qc2",
    "Nc4",
    "Rd1",
    "Nd7",
    "Nd2",
    "Nde5",
    "a4"
  ]
}