{
  "event": "Aeroflot Open",
  "site": "Moscow RUS",
  "date": "2011.02.09",
  "eventDate": "2011.02.08",
  "dateMillis": 1297180800000,
  "eventDateMillis": 1297094400000,
  "round": "2",
  "result": "1/2-1/2",
  "white": "Evgeny E Vorobiov",
  "black": "Ding Liren",
  "isDingWin": false,
  "isDraw": true,
  "isDingBlack": true,
  "moves": [
    "d4",
    "Nf6",
    "c4",
    "g6",
    "g3",
    "c6",
    "Nf3",
    "d5",
    "cxd5",
    "cxd5",
    "Bg2",
    "Bg7",
    "Nc3",
    "O-O",
    "Ne5",
    "e6",
    "O-O"
  ]
}