{
  "event": "Aeroflot Open",
  "site": "Moscow RUS",
  "date": "2011.02.13",
  "eventDate": "2011.02.08",
  "dateMillis": 1297526400000,
  "eventDateMillis": 1297094400000,
  "round": "6",
  "result": "0-1",
  "white": "Gata Kamsky",
  "black": "Ding Liren",
  "isDingWin": true,
  "isDraw": false,
  "isDingBlack": true,
  "moves": [
    "e4",
    "e6",
    "d4",
    "d5",
    "Nc3",
    "Nf6",
    "e5",
    "Nfd7",
    "f4",
    "c5",
    "Nf3",
    "Nc6",
    "Ne2",
    "Be7",
    "c3",
    "O-O",
    "Be3",
    "f6",
    "g3",
    "Qb6",
    "Qd2",
    "fxe5",
    "dxe5",
    "Rd8",
    "Bh3",
    "d4",
    "Bf2",
    "d3",
    "Nc1",
    "Nf8",
    "b3",
    "Qa6",
    "a4",
    "b5",
    "O-O",
    "Bb7",
    "Ra2",
    "b4",
    "c4",
    "Na5",
    "Be3",
    "Nxc4",
    "bxc4",
    "Qxc4",
    "f5",
    "exf5",
    "Bxf5",
    "Qd5",
    "Bxd3",
    "c4",
    "Bb1",
    "Qc6",
    "Qe1",
    "Ng6",
    "Raf2",
    "Nxe5",
    "Ne2",
    "Rd3",
    "Ned4",
    "Qd5",
    "Bxd3",
    "Nxd3",
    "Qd2",
    "Nxf2",
    "Rxf2",
    "Rf8",
    "h4",
    "c3",
    "Qd3",
    "Bc5",
    "Bf4",
    "Rd8",
    "Be5",
    "Re8",
    "Bf4",
    "Re1+",
    "Rf1",
    "Qxf3",
    "Qxf3",
    "Bxd4+"
  ]
}