{
  "event": "Aeroflot Open",
  "site": "Moscow RUS",
  "date": "2011.02.14",
  "eventDate": "2011.02.08",
  "dateMillis": 1297612800000,
  "eventDateMillis": 1297094400000,
  "round": "7",
  "result": "1/2-1/2",
  "white": "Ding Liren",
  "black": "Boris Grachev",
  "isDingWin": false,
  "isDraw": true,
  "isDingBlack": false,
  "moves": [
    "d4",
    "d5",
    "c4",
    "e6",
    "Nf3",
    "Nf6",
    "Nc3",
    "Be7",
    "Bf4",
    "O-O",
    "e3",
    "c5",
    "dxc5",
    "Bxc5",
    "a3",
    "Nc6",
    "Qc2",
    "Bd7",
    "Rd1",
    "Rc8",
    "cxd5",
    "exd5",
    "Be2",
    "Be6",
    "O-O",
    "Qe7",
    "Na4",
    "Bd6",
    "Bxd6",
    "Qxd6",
    "Nc3",
    "a6",
    "Rd2",
    "Qe7",
    "Qa4",
    "h6",
    "Rfd1",
    "Rc7",
    "h3",
    "Rfc8",
    "Qf4",
    "Nh5",
    "Qh2",
    "Nf6",
    "Qf4",
    "Nh5",
    "Qh2",
    "Nf6",
    "Nd4",
    "Nxd4",
    "Rxd4",
    "Ne4",
    "Nxe4",
    "dxe4",
    "Rxe4"
  ]
}