{
  "event": "Aeroflot Open",
  "site": "Moscow RUS",
  "date": "2011.02.12",
  "eventDate": "2011.02.08",
  "dateMillis": 1297440000000,
  "eventDateMillis": 1297094400000,
  "round": "5",
  "result": "1/2-1/2",
  "white": "Ding Liren",
  "black": "Artyom Timofeev",
  "isDingWin": false,
  "isDraw": true,
  "isDingBlack": false,
  "moves": [
    "d4",
    "d5",
    "c4",
    "dxc4",
    "e4",
    "Nc6",
    "Nf3",
    "Bg4",
    "Be3",
    "e6",
    "Bxc4",
    "Bxf3",
    "gxf3",
    "Qf6",
    "Nc3",
    "O-O-O",
    "Qa4",
    "Qxf3",
    "Rg1",
    "Bb4",
    "d5",
    "exd5",
    "exd5",
    "Re8",
    "dxc6",
    "Rxe3+",
    "Kf1",
    "Bc5",
    "Rg3",
    "Qh1+",
    "Rg1",
    "Qf3",
    "Rg3"
  ]
}