{
  "event": "Aeroflot Open",
  "site": "Moscow RUS",
  "date": "2011.02.15",
  "eventDate": "2011.02.08",
  "dateMillis": 1297699200000,
  "eventDateMillis": 1297094400000,
  "round": "8",
  "result": "1/2-1/2",
  "white": "Dmitry Jakovenko",
  "black": "Ding Liren",
  "isDingWin": false,
  "isDraw": true,
  "isDingBlack": true,
  "moves": [
    "d4",
    "Nf6",
    "c4",
    "g6",
    "g3",
    "c6",
    "Bg2",
    "d5",
    "Nf3",
    "Bg7",
    "cxd5",
    "cxd5",
    "O-O",
    "O-O",
    "Ne5",
    "Bf5",
    "Nc3",
    "Ne4",
    "Qb3",
    "Nc6",
    "Nxc6",
    "bxc6",
    "Nxe4",
    "Bxe4",
    "Bxe4",
    "dxe4",
    "Rd1",
    "Qb6",
    "Be3",
    "Qxb3",
    "axb3",
    "Rfb8",
    "Rdc1",
    "Rxb3",
    "Rxc6",
    "h5",
    "Rc7",
    "Bf6",
    "Raxa7"
  ]
}