{
  "event": "Chinese Championship",
  "site": "Xinghua Jiangsu CHN",
  "date": "2011.04.03",
  "eventDate": "2011.03.30",
  "dateMillis": 1301760000000,
  "eventDateMillis": 1301414400000,
  "round": "5",
  "result": "1/2-1/2",
  "white": "Zhao Jun",
  "black": "Ding Liren",
  "isDingWin": false,
  "isDraw": true,
  "isDingBlack": true,
  "moves": [
    "d4",
    "Nf6",
    "c4",
    "g6",
    "Nc3",
    "Bg7",
    "g3",
    "O-O",
    "Bg2",
    "d6",
    "Nf3",
    "Nc6",
    "O-O",
    "Rb8",
    "Bf4",
    "a6",
    "Rc1",
    "Bd7",
    "b3",
    "b5",
    "Qd3",
    "Re8",
    "Rfd1",
    "b4",
    "Nd5",
    "Nxd5",
    "cxd5",
    "Na7",
    "h3",
    "Nb5",
    "Bd2",
    "a5",
    "Kh2",
    "e6",
    "dxe6",
    "Bxe6",
    "e4",
    "c5",
    "dxc5",
    "dxc5",
    "Qc2",
    "Rc8",
    "Be3",
    "Nd4",
    "Qb1",
    "Qb6",
    "Nxd4",
    "cxd4",
    "Bd2",
    "Rxc1",
    "Rxc1",
    "Rc8",
    "Rxc8+",
    "Bxc8",
    "Bf1",
    "d3",
    "Be3",
    "Bd4",
    "Qxd3",
    "Bxe3",
    "fxe3",
    "Qf6",
    "Bg2",
    "Be6",
    "Qd4",
    "Kg7",
    "Qd3",
    "Kg8",
    "Qd4",
    "Qe7",
    "Qb6",
    "Qg5",
    "Qb8+",
    "Kg7"
  ]
}