{
  "event": "Chinese Championship",
  "site": "Xinghua Jiangsu CHN",
  "date": "2011.03.30",
  "eventDate": "2011.03.30",
  "dateMillis": 1301414400000,
  "eventDateMillis": 1301414400000,
  "round": "1",
  "result": "1/2-1/2",
  "white": "Zhou Jianchao",
  "black": "Ding Liren",
  "isDingWin": false,
  "isDraw": true,
  "isDingBlack": true,
  "moves": [
    "d4",
    "Nf6",
    "c4",
    "g6",
    "Nc3",
    "Bg7",
    "e4",
    "d6",
    "Nf3",
    "O-O",
    "Be2",
    "e5",
    "O-O",
    "Nc6",
    "d5",
    "Ne7",
    "Ne1",
    "Nd7",
    "f3",
    "f5",
    "Be3",
    "f4",
    "Bf2",
    "g5",
    "Nd3",
    "Nf6",
    "c5",
    "Ng6",
    "Rc1",
    "Rf7",
    "a4",
    "Bf8",
    "a5",
    "Rg7",
    "b4",
    "h5",
    "cxd6",
    "cxd6",
    "Nb5",
    "g4",
    "Kh1",
    "g3",
    "Bxa7",
    "Bh3",
    "gxh3",
    "Nh4",
    "Rg1",
    "Qd7",
    "Bf1",
    "Qxb5",
    "Nxf4",
    "Qd7",
    "Ne6",
    "g2+",
    "Bxg2",
    "Rxa7",
    "Nxg7",
    "Bxg7",
    "Qc2",
    "Bh6",
    "Qf2",
    "Bxc1",
    "Rxc1",
    "Nxg2",
    "Qxa7",
    "Nf4",
    "Qb8+",
    "Ne8",
    "Qc8",
    "Qb5",
    "Qc4",
    "Qa4",
    "Qc8",
    "Qb5",
    "Qc4",
    "Qa4",
    "Qc8"
  ]
}