{
  "event": "Chinese Championship",
  "site": "Xinghua Jiangsu CHN",
  "date": "2011.03.31",
  "eventDate": "2011.03.30",
  "dateMillis": 1301500800000,
  "eventDateMillis": 1301414400000,
  "round": "2",
  "result": "1-0",
  "white": "Ding Liren",
  "black": "Zhang Ziyang",
  "isDingWin": true,
  "isDraw": false,
  "isDingBlack": false,
  "moves": [
    "d4",
    "d5",
    "c4",
    "c6",
    "Nf3",
    "Nf6",
    "Nc3",
    "g6",
    "Qb3",
    "Bg7",
    "cxd5",
    "cxd5",
    "Bg5",
    "e6",
    "e3",
    "Nc6",
    "Bb5",
    "Bd7",
    "O-O",
    "O-O",
    "Ne5",
    "h6",
    "Nxd7",
    "Qxd7",
    "Bh4",
    "Rfc8",
    "Rac1",
    "a6",
    "Bd3",
    "b5",
    "Qd1",
    "Na5",
    "b3",
    "Rc6",
    "f3",
    "Rac8",
    "Qd2",
    "Qc7",
    "Ne2",
    "Qb6",
    "Rxc6",
    "Nxc6",
    "Rc1",
    "Qb7",
    "Bb1",
    "Ne7",
    "g4",
    "Nc6",
    "Kg2",
    "Nb8",
    "Bg3",
    "Bf8",
    "Nf4",
    "Rxc1",
    "Qxc1",
    "Qc6",
    "Qd2",
    "Nbd7",
    "Qc2",
    "Qxc2+",
    "Bxc2",
    "Bd6",
    "Be1",
    "Nb8",
    "Nd3",
    "Nfd7",
    "h3",
    "Nc6",
    "Kf2",
    "Kf8",
    "b4",
    "Nb6",
    "Nc5",
    "Nb8",
    "Ke2",
    "Ke7",
    "Bc3",
    "Nc4",
    "e4",
    "Bxc5",
    "dxc5",
    "Nc6",
    "exd5",
    "exd5",
    "a4",
    "Ke6",
    "axb5",
    "axb5",
    "f4",
    "f5",
    "Bd3",
    "h5",
    "gxf5+",
    "gxf5",
    "Kf3",
    "Ne7",
    "Kg3",
    "Ng6",
    "h4",
    "Ne7",
    "Be2",
    "Nc6",
    "Bxh5",
    "d4",
    "Be1",
    "d3",
    "Bf3",
    "Nd4",
    "Bc3",
    "Nxf3",
    "Kxf3",
    "d2",
    "Ke2",
    "d1=Q+",
    "Kxd1",
    "Ne3+",
    "Kd2",
    "Ng2",
    "h5"
  ]
}