{
  "event": "Chinese Championship",
  "site": "Xinghua Jiangsu CHN",
  "date": "2011.04.02",
  "eventDate": "2011.03.30",
  "dateMillis": 1301673600000,
  "eventDateMillis": 1301414400000,
  "round": "4",
  "result": "1/2-1/2",
  "white": "Ding Liren",
  "black": "Yu Yangyi",
  "isDingWin": false,
  "isDraw": true,
  "isDingBlack": false,
  "moves": [
    "d4",
    "Nf6",
    "c4",
    "e6",
    "Nc3",
    "Bb4",
    "f3",
    "c5",
    "d5",
    "O-O",
    "e4",
    "Re8",
    "Ne2",
    "d6",
    "Nf4",
    "exd5",
    "cxd5",
    "Nbd7",
    "Be2",
    "Ne5",
    "Nd3",
    "Nxd3+",
    "Qxd3",
    "Nh5",
    "Be3",
    "f5",
    "O-O",
    "Bxc3",
    "bxc3",
    "Qh4",
    "Qd2",
    "h6",
    "Bf2",
    "Qg5",
    "Qxg5",
    "hxg5",
    "Bb5",
    "Re5",
    "Rfe1",
    "Nf4",
    "Bg3",
    "a6",
    "Bf1",
    "fxe4",
    "Rxe4",
    "Rxe4",
    "fxe4",
    "Bg4",
    "Re1",
    "Rd8",
    "h3",
    "Bc8",
    "e5",
    "dxe5",
    "Rxe5",
    "Kf7",
    "d6",
    "Ne6",
    "Rf5+",
    "Kg6",
    "Bd3",
    "Kh6",
    "Be4",
    "Nf4",
    "Rxc5",
    "Ne2+",
    "Kh2",
    "Nxg3",
    "Kxg3",
    "Be6",
    "h4",
    "gxh4+",
    "Kxh4",
    "g6",
    "g4",
    "Rxd6",
    "Rc7",
    "g5+",
    "Kg3",
    "Rd7",
    "Rxd7",
    "Bxd7",
    "Bxb7",
    "Be6",
    "Bxa6",
    "Bxa2",
    "c4",
    "Kg7",
    "Kf3",
    "Kf6",
    "Ke4",
    "Ke6",
    "c5",
    "Bd5+",
    "Kd4",
    "Bf3",
    "Bc8+",
    "Ke7",
    "Ke3",
    "Bd1",
    "Kd2",
    "Bf3",
    "Ke3",
    "Bd1",
    "Ke4",
    "Kd8",
    "Bf5",
    "Kc7",
    "Ke3",
    "Kc6",
    "Kd4",
    "Be2",
    "Be6",
    "Bd1"
  ]
}