{
  "event": "Chinese Championship",
  "site": "Xinghua Jiangsu CHN",
  "date": "2011.04.01",
  "eventDate": "2011.03.30",
  "dateMillis": 1301587200000,
  "eventDateMillis": 1301414400000,
  "round": "3",
  "result": "0-1",
  "white": "Bu Xiangzhi",
  "black": "Ding Liren",
  "isDingWin": true,
  "isDraw": false,
  "isDingBlack": true,
  "moves": [
    "d4",
    "Nf6",
    "c4",
    "g6",
    "g3",
    "Bg7",
    "Bg2",
    "O-O",
    "Nc3",
    "d6",
    "Nf3",
    "Nc6",
    "O-O",
    "a6",
    "Qd3",
    "e5",
    "dxe5",
    "dxe5",
    "Qxd8",
    "Rxd8",
    "Bg5",
    "Re8",
    "Rfd1",
    "h6",
    "Be3",
    "e4",
    "Nd2",
    "Bf5",
    "h3",
    "g5",
    "g4",
    "Bg6",
    "Rac1",
    "Re5",
    "a3",
    "Rd8",
    "b4",
    "Ree8",
    "Kf1",
    "Nd4",
    "Ke1",
    "b6",
    "Nf1",
    "c5",
    "Ng3",
    "Bf8",
    "Na4",
    "Re6",
    "Bxd4",
    "cxd4",
    "Nf5",
    "d3",
    "c5",
    "bxc5",
    "Nxc5",
    "Re5",
    "Nxa6",
    "Ra8",
    "Nc5",
    "dxe2",
    "Rd4",
    "Bxf5",
    "gxf5",
    "Rxa3",
    "Nxe4",
    "Nh5",
    "Kxe2",
    "Rxf5",
    "Kf1",
    "Ra2",
    "Rd2",
    "Rxd2",
    "Nxd2",
    "Bxb4",
    "Ne4",
    "Nf4",
    "Ng3",
    "Ra5",
    "Be4",
    "Bc5",
    "Nf5",
    "h5",
    "h4",
    "gxh4",
    "Nxh4",
    "Ra2",
    "f3",
    "Ba7",
    "Nf5",
    "Kh7",
    "Ne3+",
    "Kg7",
    "Nd5",
    "Rf2+",
    "Ke1",
    "Ng2+",
    "Kd1",
    "h4",
    "Rc2",
    "Rxc2",
    "Kxc2",
    "h3",
    "f4",
    "f5"
  ]
}