{
  "event": "Chinese Championship",
  "site": "Xinghua Jiangsu CHN",
  "date": "2011.04.07",
  "eventDate": "2011.03.30",
  "dateMillis": 1302105600000,
  "eventDateMillis": 1301414400000,
  "round": "8",
  "result": "1/2-1/2",
  "white": "Yifan Hou",
  "black": "Ding Liren",
  "isDingWin": false,
  "isDraw": true,
  "isDingBlack": true,
  "moves": [
    "e4",
    "e6",
    "d4",
    "d5",
    "Nc3",
    "Nf6",
    "Bg5",
    "dxe4",
    "Nxe4",
    "Nbd7",
    "Nf3",
    "h6",
    "Nxf6+",
    "Nxf6",
    "Bh4",
    "c5",
    "Bc4",
    "a6",
    "O-O",
    "Be7",
    "Bb3",
    "O-O",
    "Qe2",
    "cxd4",
    "Rad1",
    "Nd7",
    "Bxe7",
    "Qxe7",
    "Rxd4",
    "Nc5",
    "Ne5",
    "Bd7",
    "Nxd7",
    "Nxd7",
    "c3",
    "Rfd8",
    "Rfd1",
    "Nf6",
    "Qd3",
    "Rxd4",
    "Qxd4",
    "Rc8",
    "f3",
    "Qc7",
    "Qd6",
    "Qxd6",
    "Rxd6",
    "Kf8",
    "Kf2",
    "Ke7",
    "Rd4",
    "Ne8",
    "h4",
    "h5",
    "Rc4",
    "Rd8",
    "Ke2",
    "g6",
    "Bc2",
    "Rd7"
  ]
}