{
  "event": "Chinese Championship",
  "site": "Xinghua Jiangsu CHN",
  "date": "2011.04.06",
  "eventDate": "2011.03.30",
  "dateMillis": 1302019200000,
  "eventDateMillis": 1301414400000,
  "round": "7",
  "result": "1-0",
  "white": "Ding Liren",
  "black": "Ni Hua",
  "isDingWin": true,
  "isDraw": false,
  "isDingBlack": false,
  "moves": [
    "d4",
    "d5",
    "c4",
    "c6",
    "Nf3",
    "Nf6",
    "Nc3",
    "dxc4",
    "a4",
    "Bf5",
    "Ne5",
    "Nbd7",
    "Nxc4",
    "Nb6",
    "Ne5",
    "a5",
    "e3",
    "Nbd7",
    "Nc4",
    "e6",
    "f3",
    "Bb4",
    "e4",
    "Bg6",
    "Be2",
    "Nb6",
    "Ne5",
    "Nfd7",
    "Nd3",
    "O-O",
    "O-O",
    "Qe7",
    "Qb3",
    "e5",
    "dxe5",
    "Nxe5",
    "Nxb4",
    "Qxb4",
    "Qxb4",
    "axb4",
    "Nd1",
    "f5",
    "Be3",
    "Ned7",
    "exf5",
    "Rxf5",
    "Bd2",
    "Re5",
    "Re1",
    "Rae8",
    "Kf2",
    "Nc5",
    "Bxb4",
    "Rxe2+",
    "Rxe2",
    "Nd3+",
    "Kf1",
    "Rxe2",
    "Kxe2",
    "Nxb4",
    "Ne3",
    "Kf7",
    "a5",
    "Nd7",
    "Kd2",
    "Ke6",
    "Kc3",
    "c5",
    "Nc4",
    "Nd5+",
    "Kd2",
    "N5f6",
    "Re1+",
    "Kd5",
    "b3",
    "Ng8",
    "g4",
    "h6",
    "h4",
    "Kd4",
    "Re6"
  ]
}