{
  "event": "Chinese Championship",
  "site": "Xinghua Jiangsu CHN",
  "date": "2011.04.09",
  "eventDate": "2011.03.30",
  "dateMillis": 1302278400000,
  "eventDateMillis": 1301414400000,
  "round": "10",
  "result": "0-1",
  "white": "Xiu Deshun",
  "black": "Ding Liren",
  "isDingWin": true,
  "isDraw": false,
  "isDingBlack": true,
  "moves": [
    "d4",
    "Nf6",
    "c4",
    "g6",
    "Nc3",
    "Bg7",
    "e4",
    "d6",
    "f3",
    "O-O",
    "Be3",
    "Nc6",
    "Qd2",
    "a6",
    "Nge2",
    "Rb8",
    "h4",
    "h5",
    "Nd5",
    "b5",
    "O-O-O",
    "bxc4",
    "Nxf6+",
    "exf6",
    "Nf4",
    "f5",
    "Bxc4",
    "Ne7",
    "Bb3",
    "c6",
    "Kb1",
    "a5",
    "e5",
    "Rb5",
    "Bc4",
    "Rb4",
    "b3",
    "d5",
    "Be2",
    "c5",
    "dxc5",
    "Qc7",
    "Bd4",
    "Rxd4",
    "Qxd4",
    "Bxe5",
    "Nxd5",
    "Nxd5",
    "Qxd5",
    "Be6",
    "Qd2",
    "Qxc5",
    "Rc1",
    "Qb6",
    "Bc4",
    "Rd8"
  ]
}