{
  "event": "Chinese Championship",
  "site": "Xinghua Jiangsu CHN",
  "date": "2011.04.10",
  "eventDate": "2011.03.30",
  "dateMillis": 1302364800000,
  "eventDateMillis": 1301414400000,
  "round": "11",
  "result": "1-0",
  "white": "Ding Liren",
  "black": "Wang Yue",
  "isDingWin": true,
  "isDraw": false,
  "isDingBlack": false,
  "moves": [
    "d4",
    "d5",
    "c4",
    "c6",
    "Nf3",
    "Nf6",
    "Nc3",
    "dxc4",
    "a4",
    "Bf5",
    "Ne5",
    "Nbd7",
    "Nxc4",
    "Qc7",
    "g3",
    "e5",
    "dxe5",
    "Nxe5",
    "Bf4",
    "Rd8",
    "Qc1",
    "Bd6",
    "Nxd6+",
    "Qxd6",
    "Bg2",
    "O-O",
    "O-O",
    "a5",
    "Qe3",
    "Nfg4",
    "Qb6",
    "Qb4",
    "Qxb4",
    "axb4",
    "Na2",
    "Ng6",
    "Rfd1",
    "b3",
    "Nc3",
    "N4e5",
    "Rxd8",
    "Rxd8",
    "Bc1",
    "h5",
    "a5",
    "h4",
    "f4",
    "h3",
    "Bf1",
    "Ng4",
    "e4",
    "Bc8",
    "Bxh3",
    "f5",
    "e5",
    "Ne7",
    "Bf1",
    "Be6",
    "h3",
    "Nh6",
    "Be3",
    "Nf7",
    "Na4",
    "Nd5",
    "Kf2",
    "Ra8",
    "Nc5",
    "Nd8",
    "Nxe6",
    "Nxe6",
    "Bc4",
    "Kf7",
    "Bxb3",
    "Ke7",
    "Bxd5",
    "cxd5",
    "b4",
    "Kd7",
    "Rd1",
    "Kc6",
    "b5+",
    "Kxb5",
    "Rxd5+",
    "Kc4",
    "Rd6",
    "Nc7",
    "Rd4+",
    "Kb5",
    "Rd7",
    "Kc6",
    "Rd6+",
    "Kb5",
    "Bb6"
  ]
}