{
  "event": "6th TCh-CHN",
  "site": "Ningbo CHN",
  "date": "2010.04.18",
  "dateMillis": 1271520000000,
  "eventDateMillis": null,
  "round": "3",
  "result": "1-0",
  "white": "Ding Liren",
  "black": "Wei Yi",
  "isDingWin": true,
  "isDraw": false,
  "isDingBlack": false,
  "moves": [
    "d4",
    "d5",
    "c4",
    "e6",
    "Nf3",
    "c5",
    "cxd5",
    "exd5",
    "Nc3",
    "Nc6",
    "g3",
    "Nf6",
    "Bg2",
    "Be7",
    "O-O",
    "O-O",
    "dxc5",
    "Bxc5",
    "Na4",
    "Be7",
    "Be3",
    "b6",
    "Rc1",
    "Bb7",
    "Nc3",
    "Qd7",
    "Qa4",
    "Na5",
    "Qxd7",
    "Nxd7",
    "Nd4",
    "Nf6",
    "Nf5",
    "Bb4",
    "Bd4",
    "Rfd8",
    "Bxf6",
    "gxf6",
    "Rfd1",
    "Nc4",
    "Nxd5",
    "Bxd5",
    "Bxd5",
    "Rac8",
    "Rd4",
    "b5",
    "a3",
    "Bc5",
    "Rg4+",
    "Kf8",
    "Bxc4",
    "Bb6",
    "Rc2",
    "bxc4",
    "Rgxc4",
    "Rxc4",
    "Rxc4",
    "Rd1+",
    "Kg2",
    "Ke8",
    "Re4+",
    "Kd8",
    "Rh4",
    "Rd2",
    "Kf3",
    "Rxb2",
    "Rxh7",
    "Rb3+",
    "e3",
    "Rxa3",
    "Rxf7",
    "Rd3",
    "h4",
    "Ke8",
    "Rb7"
  ]
}