{
  "event": "World Chess Team Championship",
  "site": "Ningbo CHN",
  "date": "2011.07.25",
  "eventDate": "2011.07.17",
  "dateMillis": 1311523200000,
  "eventDateMillis": 1310832000000,
  "round": "8",
  "result": "1/2-1/2",
  "white": "Parimarjan Negi",
  "black": "Ding Liren",
  "isDingWin": false,
  "isDraw": true,
  "isDingBlack": true,
  "moves": [
    "e4",
    "c5",
    "Nf3",
    "e6",
    "d4",
    "cxd4",
    "Nxd4",
    "a6",
    "Bd3",
    "Bc5",
    "Nb3",
    "Ba7",
    "O-O",
    "Nc6",
    "Qg4",
    "Nf6",
    "Qg3",
    "d6",
    "Nc3",
    "b5",
    "Qxg7",
    "Rg8",
    "Qh6",
    "Ne5",
    "Qh3",
    "Bb7",
    "Be3",
    "b4",
    "Ne2",
    "Nxe4",
    "Bxe4",
    "Bxe4",
    "Ng3",
    "Bxc2",
    "Bxa7",
    "Rxa7",
    "Nd4",
    "Bd3",
    "Rfe1",
    "Qg5",
    "Nxe6",
    "Qg4",
    "Qxg4",
    "Rxg4",
    "Nc5",
    "Bg6",
    "h3",
    "Rd4",
    "Nb3",
    "Rc4",
    "Rad1",
    "Re7",
    "Nd2",
    "Rd4",
    "Nde4",
    "Nd3",
    "Re3",
    "Bxe4",
    "Nxe4",
    "Rexe4",
    "Rdxd3",
    "Kd7",
    "Kf1",
    "Rxd3",
    "Rxe4",
    "b3",
    "axb3",
    "Rxb3",
    "Ra4",
    "Rxb2",
    "Rxa6",
    "Ke6",
    "Ra4",
    "Kf5",
    "Rh4",
    "Rb1+",
    "Ke2",
    "Rb2+",
    "Ke3",
    "Rb3+",
    "Ke2",
    "Rb2+"
  ]
}