{
  "event": "World Chess Team Championship",
  "site": "Ningbo CHN",
  "date": "2011.07.23",
  "eventDate": "2011.07.17",
  "dateMillis": 1311350400000,
  "eventDateMillis": 1310832000000,
  "round": "6",
  "result": "1-0",
  "white": "Ding Liren",
  "black": "Mohamed Ezat",
  "isDingWin": true,
  "isDraw": false,
  "isDingBlack": false,
  "moves": [
    "d4",
    "Nf6",
    "c4",
    "g6",
    "Nc3",
    "Bg7",
    "e4",
    "d6",
    "Nf3",
    "O-O",
    "h3",
    "c5",
    "d5",
    "a6",
    "a4",
    "e6",
    "Bd3",
    "exd5",
    "cxd5",
    "Nbd7",
    "O-O",
    "b6",
    "Bf4",
    "Qe7",
    "Qd2",
    "Ne8",
    "Rab1",
    "Ne5",
    "Nxe5",
    "dxe5",
    "Bg5",
    "f6",
    "Be3",
    "Nd6",
    "b4",
    "c4",
    "Bc2",
    "b5",
    "f4",
    "f5",
    "Rbe1",
    "Bd7",
    "Bc5",
    "Rae8",
    "exf5",
    "gxf5",
    "axb5",
    "axb5",
    "fxe5",
    "Bxe5",
    "Rxe5",
    "Qxe5",
    "Qg5+",
    "Kh8",
    "Qh4",
    "Qg7",
    "Bd4",
    "Re5",
    "Rf3",
    "Rfe8",
    "Rg3",
    "Qe7",
    "Qh6",
    "Bc8",
    "Rg6"
  ]
}