{
  "event": "World Chess Team Championship",
  "site": "Ningbo CHN",
  "date": "2011.07.18",
  "eventDate": "2011.07.17",
  "dateMillis": 1310918400000,
  "eventDateMillis": 1310832000000,
  "round": "2",
  "result": "1-0",
  "white": "Ding Liren",
  "black": "Alexander Areshchenko",
  "isDingWin": true,
  "isDraw": false,
  "isDingBlack": false,
  "moves": [
    "d4",
    "Nf6",
    "c4",
    "g6",
    "f3",
    "Nc6",
    "d5",
    "Ne5",
    "e4",
    "d6",
    "Nc3",
    "Bg7",
    "f4",
    "Ned7",
    "Nh3",
    "O-O",
    "Be2",
    "Nc5",
    "Nf2",
    "Re8",
    "O-O",
    "e5",
    "f5",
    "gxf5",
    "exf5",
    "Bxf5",
    "Ng4",
    "Bxg4",
    "Bxg4",
    "Nxg4",
    "Qxg4",
    "Qd7",
    "Rf5",
    "e4",
    "Bh6",
    "f6",
    "b4",
    "Na6",
    "Bxg7",
    "Qxg7",
    "Qf4",
    "Nxb4",
    "Nxe4",
    "Kh8",
    "Rf1",
    "Nd3",
    "Qh4",
    "Re5",
    "R5f3",
    "f5",
    "Nf6",
    "Nc5",
    "Rh3",
    "Re7",
    "Nxh7"
  ]
}