{
  "event": "World Chess Team Championship",
  "site": "Ningbo CHN",
  "date": "2011.07.19",
  "eventDate": "2011.07.17",
  "dateMillis": 1311004800000,
  "eventDateMillis": 1310832000000,
  "round": "3",
  "result": "1-0",
  "white": "Tamir Nabaty",
  "black": "Ding Liren",
  "isDingWin": false,
  "isDraw": false,
  "isDingBlack": true,
  "moves": [
    "e4",
    "e6",
    "d4",
    "d5",
    "Nc3",
    "Nf6",
    "e5",
    "Nfd7",
    "f4",
    "c5",
    "Nf3",
    "Nc6",
    "Be3",
    "a6",
    "Qd2",
    "b5",
    "dxc5",
    "Bxc5",
    "Bd3",
    "Qb6",
    "Bf2",
    "b4",
    "Na4",
    "Bxf2+",
    "Qxf2",
    "Qxf2+",
    "Kxf2",
    "O-O",
    "Rhe1",
    "a5",
    "c4",
    "bxc3",
    "bxc3",
    "Ba6",
    "Bxa6",
    "Rxa6",
    "Rab1",
    "Ra7",
    "Rb5",
    "Rc8",
    "Reb1",
    "Rac7",
    "Rb7",
    "Kf8",
    "Ke3",
    "Nd8",
    "Rxc7",
    "Rxc7",
    "Nd2",
    "g5",
    "g3",
    "gxf4+",
    "gxf4",
    "Nc5",
    "Nxc5",
    "Rxc5",
    "Kd3",
    "Nc6",
    "a4",
    "Ne7",
    "Rb8+",
    "Rc8",
    "Rxc8+",
    "Nxc8",
    "c4",
    "Nb6",
    "cxd5",
    "Nxd5",
    "Kc4",
    "Kg7",
    "Nb3",
    "Nxf4",
    "Nxa5",
    "Nd5",
    "Nc6",
    "f6",
    "a5",
    "fxe5",
    "a6",
    "Nc7",
    "a7",
    "Kf6",
    "Kc5",
    "Na8",
    "Kd6",
    "e4",
    "Ne5",
    "Kf5",
    "Nc4",
    "Kf6",
    "Kd7",
    "h6",
    "h3",
    "e5",
    "Kd6",
    "Kf7",
    "Kd7",
    "Kf6",
    "h4",
    "h5",
    "Ne3",
    "Kf7",
    "Nd5",
    "Kf8",
    "Kc6",
    "e3",
    "Nxe3",
    "Ke7",
    "Nd5+",
    "Kd8",
    "Kb7"
  ]
}