{
  "event": "World Cup",
  "site": "Khanty-Mansiysk RUS",
  "date": "2011.08.28",
  "eventDate": "2011.08.28",
  "dateMillis": 1314460800000,
  "eventDateMillis": 1314460800000,
  "round": "1.1",
  "result": "1/2-1/2",
  "white": "Wesley So",
  "black": "Ding Liren",
  "isDingWin": false,
  "isDraw": true,
  "isDingBlack": true,
  "moves": [
    "d4",
    "Nf6",
    "c4",
    "g6",
    "Nc3",
    "Bg7",
    "e4",
    "d6",
    "Be2",
    "O-O",
    "Nf3",
    "e5",
    "O-O",
    "Nc6",
    "d5",
    "Ne7",
    "Ne1",
    "Nd7",
    "Be3",
    "f5",
    "f3",
    "f4",
    "Bf2",
    "g5",
    "g4",
    "h5",
    "h3",
    "Rf6",
    "Nd3",
    "Rh6",
    "c5",
    "Nxc5",
    "Nxc5",
    "dxc5",
    "Bxc5",
    "Ng6",
    "Rc1",
    "hxg4",
    "hxg4",
    "Rh3",
    "Kg2",
    "Rg3+",
    "Kf2",
    "Nh4",
    "Rg1",
    "Rh3",
    "Rh1",
    "Rg3",
    "Kf1",
    "Bf8",
    "Bf2",
    "a6",
    "Bxg3",
    "fxg3",
    "Rg1",
    "Qf6",
    "Rxg3",
    "Qf4",
    "Qe1",
    "Bd6",
    "Rc2",
    "Bd7",
    "Nd1",
    "b6",
    "Qf2",
    "Bc5",
    "Rxc5",
    "bxc5",
    "Ne3",
    "Bb5",
    "b3",
    "Bxe2+",
    "Kxe2",
    "a5",
    "d6",
    "cxd6",
    "Nd5",
    "Qc1",
    "Qe3",
    "Qxe3+",
    "Kxe3"
  ]
}