{
  "event": "World Cup",
  "site": "Khanty-Mansiysk RUS",
  "date": "2011.08.29",
  "eventDate": "2011.08.28",
  "dateMillis": 1314547200000,
  "eventDateMillis": 1314460800000,
  "round": "1.2",
  "result": "1/2-1/2",
  "white": "Ding Liren",
  "black": "Wesley So",
  "isDingWin": false,
  "isDraw": true,
  "isDingBlack": false,
  "moves": [
    "Nf3",
    "Nf6",
    "c4",
    "e6",
    "d4",
    "d5",
    "Nc3",
    "dxc4",
    "e4",
    "Bb4",
    "Bg5",
    "c5",
    "Bxc4",
    "cxd4",
    "Nxd4",
    "Qa5",
    "Bd2",
    "Qc5",
    "Bb5+",
    "Bd7",
    "Nb3",
    "Qc7",
    "O-O",
    "Bxc3",
    "Bxd7+",
    "Qxd7",
    "Bxc3",
    "Nc6",
    "Qe2",
    "Qe7",
    "f3",
    "O-O",
    "Qb5",
    "Rfd8",
    "Rfd1",
    "Rac8",
    "Rac1",
    "Rxd1+",
    "Rxd1",
    "Qc7",
    "Be1",
    "a6",
    "Qc5",
    "Rd8",
    "Rc1",
    "Rc8",
    "Bg3",
    "Qd8",
    "Qd6",
    "Qxd6",
    "Bxd6",
    "b6",
    "a4",
    "Ne8",
    "Ba3",
    "Rc7",
    "Nd2",
    "f6",
    "Kf2",
    "e5",
    "b3",
    "Kf7",
    "Nc4",
    "b5",
    "axb5"
  ]
}