{
  "event": "World Cup",
  "site": "Khanty-Mansiysk RUS",
  "date": "2011.08.30",
  "eventDate": "2011.08.28",
  "dateMillis": 1314633600000,
  "eventDateMillis": 1314460800000,
  "round": "1.3",
  "result": "1-0",
  "white": "Wesley So",
  "black": "Ding Liren",
  "isDingWin": false,
  "isDraw": false,
  "isDingBlack": true,
  "moves": [
    "d4",
    "Nf6",
    "c4",
    "g6",
    "Nc3",
    "Bg7",
    "e4",
    "d6",
    "f3",
    "O-O",
    "Be3",
    "Nc6",
    "Nge2",
    "a6",
    "Qd2",
    "Rb8",
    "Rc1",
    "e6",
    "g3",
    "Ne7",
    "b4",
    "Nd7",
    "Rd1",
    "b5",
    "cxb5",
    "axb5",
    "Nc1",
    "c6",
    "Nb3",
    "Nb6",
    "Na5",
    "d5",
    "Be2",
    "Nc4",
    "Nxc4",
    "bxc4",
    "a3",
    "e5",
    "dxe5",
    "Bxe5",
    "Bd4",
    "Bxd4",
    "Qxd4",
    "Be6",
    "Kf2",
    "Qc7",
    "Qc5",
    "Qe5",
    "Rc1",
    "Nc8",
    "Rhd1",
    "Nb6",
    "f4",
    "Qg7",
    "Qd4",
    "Qxd4+",
    "Rxd4",
    "Ra8",
    "Ra1",
    "dxe4",
    "Nxe4",
    "Bd5",
    "Nc3",
    "Be6",
    "Ne4",
    "Rfd8",
    "Rxd8+",
    "Rxd8",
    "Nc5",
    "Bd5",
    "a4",
    "Rb8",
    "a5",
    "Nc8",
    "a6",
    "Na7",
    "Nb7",
    "Nb5",
    "Na5",
    "Nd6",
    "Bf3",
    "Nc8",
    "Nxc6",
    "Bxc6",
    "Bxc6",
    "Rxb4",
    "a7",
    "Rb2+",
    "Ke3",
    "Nxa7",
    "Rxa7"
  ]
}