{
  "event": "World Cup",
  "site": "Khanty-Mansiysk RUS",
  "date": "2011.08.30",
  "eventDate": "2011.08.28",
  "dateMillis": 1314633600000,
  "eventDateMillis": 1314460800000,
  "round": "1.4",
  "result": "1/2-1/2",
  "white": "Ding Liren",
  "black": "Wesley So",
  "isDingWin": false,
  "isDraw": true,
  "isDingBlack": false,
  "moves": [
    "d4",
    "Nf6",
    "c4",
    "e6",
    "Nf3",
    "Bb4+",
    "Nbd2",
    "O-O",
    "a3",
    "Be7",
    "e4",
    "d5",
    "e5",
    "Nfd7",
    "Bd3",
    "c5",
    "h4",
    "g6",
    "h5",
    "cxd4",
    "Qc2",
    "Nc5",
    "Be2",
    "Nc6",
    "b4",
    "d3",
    "Bxd3",
    "Nxd3+",
    "Qxd3",
    "dxc4",
    "Qxc4",
    "Qd5",
    "hxg6",
    "fxg6",
    "Qe2",
    "Nd4",
    "Nxd4",
    "Qxd4",
    "Rb1",
    "Bd7",
    "Rb3",
    "Bc6",
    "Rd3",
    "Qf4",
    "Nb3",
    "Qe4",
    "Qxe4",
    "Bxe4",
    "Rd7",
    "Rf7",
    "O-O",
    "Bc6",
    "Rc7",
    "Bf8",
    "Rxf7",
    "Kxf7",
    "Be3",
    "Bd5",
    "Nd4",
    "a5",
    "Rc1",
    "axb4",
    "axb4",
    "Bxb4",
    "Rc7+",
    "Kg8",
    "Bg5",
    "Ba5",
    "Re7",
    "Bb4",
    "Rc7",
    "Ba5",
    "Rd7",
    "Bc3",
    "Nc2",
    "Bxe5",
    "f4",
    "Bg7",
    "Nb4",
    "Be4"
  ]
}