{
  "event": "Hainan Danzhou GM",
  "site": "Danzhou CHN",
  "date": "2011.05.18",
  "eventDate": "2011.05.17",
  "dateMillis": 1305648000000,
  "eventDateMillis": 1305561600000,
  "round": "4",
  "result": "0-1",
  "white": "Ding Liren",
  "black": "Zhou Weiqi",
  "isDingWin": false,
  "isDraw": false,
  "isDingBlack": false,
  "moves": [
    "d4",
    "e6",
    "c4",
    "Nf6",
    "Nc3",
    "Bb4",
    "f3",
    "d5",
    "a3",
    "Bxc3+",
    "bxc3",
    "c5",
    "cxd5",
    "Nxd5",
    "dxc5",
    "f5",
    "e4",
    "fxe4",
    "Qc2",
    "Nd7",
    "fxe4",
    "N5f6",
    "c6",
    "bxc6",
    "Nf3",
    "Qa5",
    "Bd2",
    "O-O",
    "c4",
    "Qc7",
    "c5",
    "Ng4",
    "Rc1",
    "Nde5",
    "Be2",
    "Ba6",
    "Qb3",
    "Bxe2",
    "Kxe2",
    "Qc8",
    "Rc3",
    "Rb8",
    "Qa4",
    "Rb2",
    "Qxa7",
    "Rf7",
    "Qa4",
    "Qb8",
    "h3",
    "Ra7",
    "Qd1",
    "Nf6",
    "Rc2",
    "Qb5+",
    "Kf2",
    "Nxe4+",
    "Kg1",
    "Nxf3+"
  ]
}