{
  "event": "Hainan Danzhou GM",
  "site": "Danzhou CHN",
  "date": "2011.05.24",
  "eventDate": "2011.05.17",
  "dateMillis": 1306166400000,
  "eventDateMillis": 1305561600000,
  "round": "9",
  "result": "1/2-1/2",
  "white": "Li Chao",
  "black": "Ding Liren",
  "isDingWin": false,
  "isDraw": true,
  "isDingBlack": true,
  "moves": [
    "e4",
    "e6",
    "d4",
    "d5",
    "Nc3",
    "Nf6",
    "e5",
    "Nfd7",
    "f4",
    "c5",
    "Nf3",
    "Nc6",
    "Be3",
    "a6",
    "Qd2",
    "b5",
    "Be2",
    "Qb6",
    "Nd1",
    "cxd4",
    "Nxd4",
    "Nxd4",
    "Bxd4",
    "Bc5",
    "c3",
    "b4",
    "O-O",
    "O-O",
    "Nf2",
    "a5",
    "Qe3",
    "bxc3",
    "bxc3",
    "Ba6",
    "Nd3",
    "Bxd4",
    "cxd4",
    "Rac8",
    "Rab1",
    "Qa7",
    "f5",
    "exf5",
    "Rxf5",
    "Rc2",
    "Bf1",
    "Re8",
    "Kh1",
    "Rc3",
    "Rd1",
    "Nf8",
    "Qe1",
    "Bxd3",
    "Bxd3",
    "Rec8",
    "Rf3",
    "g6",
    "Bf5",
    "Rxf3",
    "Bxc8",
    "Rf4",
    "Qd2",
    "Re4",
    "h3",
    "h5",
    "Qc3",
    "Re2",
    "Qb3",
    "Qc7",
    "Ba6",
    "Rc2",
    "Qxd5",
    "Ne6",
    "Qa8+",
    "Kh7",
    "Qf3",
    "Rc1",
    "Bf1",
    "Ng5",
    "Rxc1",
    "Qxc1",
    "Qf2",
    "Kg8",
    "Kg1",
    "Qc3",
    "e6",
    "Nxe6",
    "d5",
    "Nc5",
    "Qf4",
    "Kg7",
    "Bc4",
    "Qf6",
    "Qxf6+",
    "Kxf6",
    "d6",
    "Nb7",
    "d7",
    "Ke7",
    "Kf2",
    "Nd6",
    "Bd5",
    "Kxd7",
    "Ke3",
    "Ke7",
    "Kd4",
    "Kf6",
    "Bc6",
    "g5",
    "Bf3",
    "h4",
    "a4",
    "Ke6",
    "Kc5",
    "Ke5",
    "Kb6",
    "Nc4+",
    "Kb5",
    "Nb2"
  ]
}