{
  "event": "Hainan Danzhou GM",
  "site": "Danzhou CHN",
  "date": "2011.05.22",
  "eventDate": "2011.05.17",
  "dateMillis": 1305993600000,
  "eventDateMillis": 1305561600000,
  "round": "7",
  "result": "1/2-1/2",
  "white": "Yifan Hou",
  "black": "Ding Liren",
  "isDingWin": false,
  "isDraw": true,
  "isDingBlack": true,
  "moves": [
    "e4",
    "c5",
    "Nf3",
    "e6",
    "d4",
    "cxd4",
    "Nxd4",
    "a6",
    "Bd3",
    "Bc5",
    "Nb3",
    "Ba7",
    "Qe2",
    "Nc6",
    "Nc3",
    "b5",
    "Be3",
    "d6",
    "f4",
    "Nf6",
    "O-O",
    "b4",
    "Nd1",
    "O-O",
    "Bxa7",
    "Rxa7",
    "Kh1",
    "e5",
    "Ne3",
    "Re8",
    "Rad1",
    "exf4",
    "Rxf4",
    "Rae7",
    "Rdf1",
    "d5",
    "Bxa6",
    "Nxe4",
    "Bxc8",
    "Nd6",
    "Qa6",
    "Nb8",
    "Qa8",
    "Qxc8",
    "Qxd5",
    "Qc7",
    "Nf5",
    "Nxf5",
    "Rxf5",
    "Nc6",
    "h3",
    "Ne5",
    "Qc5",
    "g6",
    "R5f4",
    "Qxc5",
    "Nxc5",
    "Rc8",
    "Nd3",
    "Nxd3",
    "cxd3",
    "Rb7",
    "R1f2",
    "Rc1+",
    "Kh2",
    "Rd1",
    "Rd4",
    "Kg7",
    "Rff4",
    "b3",
    "axb3",
    "Rd2",
    "b4",
    "Rxb2",
    "h4",
    "f5",
    "Kg3",
    "Re7",
    "Kf3",
    "h5",
    "Rc4",
    "Ree2",
    "g3",
    "Kh6",
    "Rc7",
    "Rf2+",
    "Ke3",
    "Rfe2+",
    "Kf3",
    "Rf2+",
    "Ke3",
    "Rfe2+"
  ]
}