{
  "event": "Hainan Danzhou GM",
  "site": "Danzhou CHN",
  "date": "2011.05.16",
  "eventDate": "2011.05.17",
  "dateMillis": 1305475200000,
  "eventDateMillis": 1305561600000,
  "round": "2",
  "result": "1/2-1/2",
  "white": "Ding Liren",
  "black": "Bu Xiangzhi",
  "isDingWin": false,
  "isDraw": true,
  "isDingBlack": false,
  "moves": [
    "d4",
    "d5",
    "c4",
    "c6",
    "Nf3",
    "Nf6",
    "Nc3",
    "dxc4",
    "a4",
    "Bf5",
    "Ne5",
    "Nbd7",
    "Nxc4",
    "Nb6",
    "Ne5",
    "a5",
    "e3",
    "g6",
    "Bd3",
    "Bxd3",
    "Nxd3",
    "Nbd5",
    "Qb3",
    "Qb6",
    "Qxb6",
    "Nxb6",
    "Ke2",
    "Nfd5",
    "Nxd5",
    "Nxd5",
    "Bd2",
    "e6",
    "Rhc1",
    "Be7",
    "e4",
    "Nf6",
    "f3",
    "Nd7",
    "Rc3",
    "Kd8",
    "Rb3",
    "Kc8",
    "Rc1",
    "Re8",
    "g4",
    "Ra6",
    "g5",
    "Rh8",
    "h4",
    "h6",
    "gxh6",
    "Bf8",
    "h5",
    "gxh5",
    "Rb5",
    "Nf6",
    "Ne5",
    "Bxh6",
    "Bxh6",
    "Rxh6",
    "Nxf7",
    "Rh7",
    "Nd6+",
    "Kb8",
    "Re5",
    "Rb6",
    "Nc4",
    "Rb4",
    "Rxe6",
    "Nd7",
    "d5",
    "cxd5",
    "exd5",
    "Rh8",
    "Re7",
    "Nb6",
    "Nxb6",
    "Rxb2+",
    "Ke3",
    "Rxb6",
    "Rd1",
    "h4",
    "d6",
    "h3",
    "d7",
    "Rd8",
    "Rh7",
    "Kc7",
    "Ke4",
    "Re6+",
    "Kf5",
    "Rd6",
    "Rxd6",
    "Kxd6",
    "Rxh3",
    "Rxd7",
    "f4",
    "b5",
    "axb5",
    "Kc5",
    "Ke6",
    "Rd1",
    "f5",
    "Re1+",
    "Kd7",
    "Rd1+",
    "Kc7",
    "Kxb5",
    "Rf3",
    "Rc1+",
    "Kd7",
    "Rd1+",
    "Kc7",
    "Rc1+",
    "Kd7",
    "Rd1+",
    "Kc7"
  ]
}