{
  "event": "Hainan Danzhou GM",
  "site": "Danzhou CHN",
  "date": "2011.05.20",
  "eventDate": "2011.05.17",
  "dateMillis": 1305820800000,
  "eventDateMillis": 1305561600000,
  "round": "6",
  "result": "1/2-1/2",
  "white": "Ding Liren",
  "black": "Yu Yangyi",
  "isDingWin": false,
  "isDraw": true,
  "isDingBlack": false,
  "moves": [
    "d4",
    "Nf6",
    "c4",
    "e6",
    "Nf3",
    "Bb4+",
    "Bd2",
    "Bxd2+",
    "Qxd2",
    "O-O",
    "g3",
    "d5",
    "Bg2",
    "Qe7",
    "O-O",
    "Rd8",
    "Qc2",
    "Nc6",
    "Rd1",
    "dxc4",
    "Na3",
    "Bd7",
    "Nxc4",
    "Nb4",
    "Qb3",
    "Rab8",
    "Rac1",
    "Be8",
    "Qa3",
    "b6",
    "Qb3",
    "c5",
    "dxc5",
    "Rxd1+",
    "Rxd1",
    "Qxc5",
    "Nfe5",
    "b5",
    "Ne3",
    "a5",
    "Nd3",
    "Nxd3",
    "Qxd3",
    "Rc8",
    "a3",
    "h6",
    "Qd2",
    "b4",
    "axb4",
    "axb4",
    "Qd4",
    "Qb5",
    "Qd2",
    "Qc5",
    "Qd4",
    "Qb5",
    "Qd2",
    "Qc5"
  ]
}