{
  "event": "Hainan Danzhou GM",
  "site": "Danzhou CHN",
  "date": "2011.05.15",
  "eventDate": "2011.05.17",
  "dateMillis": 1305388800000,
  "eventDateMillis": 1305561600000,
  "round": "1",
  "result": "1/2-1/2",
  "white": "Wang Yue",
  "black": "Ding Liren",
  "isDingWin": false,
  "isDraw": true,
  "isDingBlack": true,
  "moves": [
    "e4",
    "e6",
    "d4",
    "d5",
    "Nc3",
    "Nf6",
    "e5",
    "Nfd7",
    "f4",
    "c5",
    "Nf3",
    "Nc6",
    "Be3",
    "a6",
    "Qd2",
    "b5",
    "dxc5",
    "Bxc5",
    "Bd3",
    "Qb6",
    "Bf2",
    "Bb7",
    "O-O",
    "Rc8",
    "Rae1",
    "Bxf2+",
    "Rxf2",
    "Ne7",
    "Ne2",
    "Nc5",
    "Qe3",
    "Qa5",
    "Ned4",
    "Ne4",
    "a3",
    "Nxf2",
    "Qxf2",
    "Qb6",
    "c3",
    "h6",
    "f5",
    "exf5",
    "e6",
    "O-O",
    "Ne5",
    "fxe6",
    "Nd7",
    "Qd6",
    "Nxf8",
    "Rxf8",
    "Rxe6",
    "Qc7",
    "Qg3",
    "Qxg3",
    "hxg3",
    "Rf7",
    "Nxf5",
    "Nxf5",
    "Re8+",
    "Rf8",
    "Rxf8+",
    "Kxf8",
    "Bxf5",
    "Ke7",
    "Kf2",
    "Kd6",
    "Bd3",
    "Ke5",
    "Ke3",
    "Bc6",
    "b4",
    "Bd7",
    "Be2",
    "Bf5",
    "g4",
    "Bd7",
    "g5",
    "hxg5",
    "g3",
    "g6",
    "Bd1",
    "Bf5",
    "a4",
    "Bd7",
    "axb5",
    "axb5",
    "Be2",
    "Bc6",
    "Bd3",
    "Be8",
    "Bb1",
    "Bf7",
    "Bc2",
    "Be8",
    "Bd3",
    "g4",
    "Bc2",
    "Bf7",
    "Bb1",
    "Be8",
    "Bd3",
    "g5",
    "Bb1",
    "Bh5",
    "Bc2",
    "Bf7",
    "Bd3",
    "Be8",
    "Bc2",
    "Bf7",
    "Bh7",
    "Be8",
    "Bd3",
    "Bc6",
    "Bg6",
    "Bd7",
    "Bh5",
    "Bc6",
    "Bxg4",
    "Be8",
    "Be2",
    "Bc6",
    "Bd3",
    "Be8",
    "Bc2",
    "Bc6",
    "Bb3",
    "Be8",
    "Bd1",
    "Bc6",
    "Bh5",
    "Bd7",
    "Bg6",
    "Bc6",
    "Bh5",
    "Bd7",
    "Bg6",
    "Bc6",
    "Bf7",
    "Kf6",
    "Bg8",
    "Ke5",
    "Bf7",
    "Kf6",
    "Bg8",
    "Ke5",
    "Bf7"
  ]
}