{
  "event": "Hainan Danzhou GM",
  "site": "Danzhou CHN",
  "date": "2011.05.17",
  "eventDate": "2011.05.17",
  "dateMillis": 1305561600000,
  "eventDateMillis": 1305561600000,
  "round": "3",
  "result": "1/2-1/2",
  "white": "Zhou Jianchao",
  "black": "Ding Liren",
  "isDingWin": false,
  "isDraw": true,
  "isDingBlack": true,
  "moves": [
    "d4",
    "Nf6",
    "c4",
    "g6",
    "Nc3",
    "Bg7",
    "e4",
    "d6",
    "Nf3",
    "O-O",
    "Be2",
    "e5",
    "O-O",
    "Nc6",
    "d5",
    "Ne7",
    "Ne1",
    "Nd7",
    "f3",
    "f5",
    "Bg5",
    "f4",
    "Bh4",
    "h5",
    "Nd3",
    "Bh6",
    "Bf2",
    "g5",
    "c5",
    "Nf6",
    "Rc1",
    "g4",
    "Nb5",
    "g3",
    "hxg3",
    "fxg3",
    "Bxg3",
    "Ng6",
    "Be1",
    "a6",
    "Nc3",
    "h4",
    "f4",
    "exf4",
    "Bh5",
    "Nxh5",
    "Qxh5",
    "Qg5",
    "Qxg5",
    "Bxg5",
    "Bd2",
    "Bd7",
    "Rf3",
    "Rf7",
    "Rcf1",
    "Raf8",
    "Ne2",
    "Bg4",
    "R3f2",
    "Bxe2",
    "Rxe2",
    "f3",
    "gxf3",
    "Bxd2",
    "Rxd2",
    "Rxf3",
    "Rxf3",
    "Rxf3",
    "c6",
    "bxc6",
    "dxc6",
    "h3",
    "Kh2",
    "Kg7",
    "e5",
    "d5",
    "Nf2",
    "Nf4",
    "Ng4",
    "Kf7",
    "Nf6",
    "Ke6",
    "Ne8",
    "Kxe5",
    "Nxc7",
    "Kd6",
    "Nxa6",
    "Kxc6",
    "a4",
    "Kb6",
    "Nb4",
    "Kc5",
    "Na6+",
    "Kd6",
    "Nb4",
    "Rb3",
    "Nxd5",
    "Nxd5",
    "a5",
    "Ke5",
    "a6",
    "Nf6",
    "Re2+",
    "Kd6",
    "a7",
    "Ng4+",
    "Kh1",
    "Rf3",
    "Re1",
    "Rf8",
    "Ra1",
    "Ra8",
    "Ra4",
    "Ne5",
    "Kh2",
    "Nc6",
    "Kxh3",
    "Nxa7",
    "Kg3",
    "Rg8+",
    "Kf3",
    "Nc6",
    "Rh4",
    "Kd5",
    "Ke3",
    "Rg2",
    "b4",
    "Rb2",
    "Rh5+",
    "Ne5",
    "Rh4",
    "Rb3+",
    "Kd2",
    "Nf3+",
    "Kc2",
    "Re3",
    "Rh5+",
    "Kc4",
    "Rc5+",
    "Kxb4",
    "Rc8",
    "Ne5",
    "Kd2",
    "Rh3",
    "Ke2",
    "Nd3",
    "Kd2",
    "Nc5",
    "Ke2",
    "Kc4",
    "Kd2",
    "Rh7",
    "Ke3",
    "Re7+",
    "Kf4",
    "Kd4",
    "Rd8+",
    "Nd7",
    "Kf5",
    "Kd5"
  ]
}