{
  "event": "Hainan Danzhou GM",
  "site": "Danzhou CHN",
  "date": "2011.05.19",
  "eventDate": "2011.05.17",
  "dateMillis": 1305734400000,
  "eventDateMillis": 1305561600000,
  "round": "5",
  "result": "1-0",
  "white": "Wang Hao",
  "black": "Ding Liren",
  "isDingWin": false,
  "isDraw": false,
  "isDingBlack": true,
  "moves": [
    "d4",
    "Nf6",
    "c4",
    "g6",
    "Nc3",
    "Bg7",
    "e4",
    "d6",
    "f3",
    "O-O",
    "Be3",
    "Nc6",
    "Nge2",
    "a6",
    "Qd2",
    "Rb8",
    "h4",
    "h5",
    "Nc1",
    "e5",
    "d5",
    "Nd4",
    "Nb3",
    "c5",
    "dxc6",
    "bxc6",
    "Nxd4",
    "exd4",
    "Bxd4",
    "Re8",
    "Rd1",
    "d5",
    "cxd5",
    "cxd5",
    "e5",
    "Nd7",
    "f4",
    "f6",
    "Ba7",
    "Rb7",
    "Qxd5+",
    "Kh8",
    "Be3",
    "fxe5",
    "f5",
    "Rxb2",
    "Qf7",
    "e4",
    "Bd4",
    "Nf6",
    "Qxg6",
    "Rf8",
    "Be2",
    "Qc7",
    "O-O",
    "Rc2",
    "Nd5",
    "Nxd5",
    "Bxg7+",
    "Qxg7",
    "Qxh5+",
    "Qh7",
    "Rxd5",
    "Qxh5",
    "Bxh5",
    "e3",
    "f6",
    "Rxa2",
    "Bf3",
    "Be6",
    "Rh5+",
    "Kg8",
    "Re5",
    "Bc4",
    "Rc1"
  ]
}