{
  "event": "Hainan Danzhou GM",
  "site": "Danzhou CHN",
  "date": "2011.05.23",
  "eventDate": "2011.05.17",
  "dateMillis": 1306080000000,
  "eventDateMillis": 1305561600000,
  "round": "8",
  "result": "0-1",
  "white": "Ding Liren",
  "black": "Ni Hua",
  "isDingWin": false,
  "isDraw": false,
  "isDingBlack": false,
  "moves": [
    "d4",
    "d5",
    "c4",
    "c6",
    "Nc3",
    "Nf6",
    "e3",
    "a6",
    "Nf3",
    "b5",
    "b3",
    "Bg4",
    "Be2",
    "Nbd7",
    "O-O",
    "e6",
    "h3",
    "Bh5",
    "Bb2",
    "Bd6",
    "c5",
    "Bb8",
    "Ne5",
    "Bxe2",
    "Nxe2",
    "Qc7",
    "Nf4",
    "a5",
    "a4",
    "b4",
    "f3",
    "Nf8",
    "e4",
    "N8d7",
    "Qc2",
    "Nxe5",
    "dxe5",
    "Nd7",
    "Nd3",
    "f6",
    "f4",
    "dxe4",
    "exf6",
    "exd3",
    "fxg7",
    "Rg8",
    "Qxd3",
    "Ba7",
    "Qxh7",
    "O-O-O",
    "Rad1",
    "Nxc5",
    "Rxd8+",
    "Qxd8",
    "Kh2",
    "Kb7",
    "Bf6",
    "Qe8",
    "Rd1",
    "Bb6",
    "Be7",
    "Qf7",
    "Bxc5",
    "Bxc5",
    "Rd7+",
    "Qxd7",
    "Qxg8",
    "Bd4",
    "h4",
    "Bxg7",
    "h5",
    "Qe7",
    "g3",
    "Kc7",
    "Qa8",
    "Qc5",
    "Qe8",
    "Bd4",
    "h6",
    "Qc2+",
    "Kh3",
    "Qxb3",
    "Qe7+",
    "Kb6",
    "Qd8+",
    "Kc5",
    "Qe7+",
    "Kc4",
    "Qxe6+",
    "Kc3",
    "Qxc6+",
    "Qc4",
    "Qf3+",
    "Qd3",
    "Qc6+",
    "Kd2",
    "Qg2+",
    "Ke1",
    "Qd5",
    "b3"
  ]
}