{
  "event": "Chinese League",
  "site": "Shenzhen CHN",
  "date": "2011.07.10",
  "eventDate": "2011.04.12",
  "dateMillis": 1310227200000,
  "eventDateMillis": 1302537600000,
  "round": "8",
  "result": "1/2-1/2",
  "white": "Ding Liren",
  "black": "Gao Rui",
  "isDingWin": false,
  "isDraw": true,
  "isDingBlack": false,
  "moves": [
    "d4",
    "Nf6",
    "c4",
    "e6",
    "Nf3",
    "c5",
    "d5",
    "d6",
    "Nc3",
    "g6",
    "e4",
    "exd5",
    "exd5",
    "Bg4",
    "Qe2+",
    "Qe7",
    "Qxe7+",
    "Bxe7",
    "Nd2",
    "O-O",
    "Bd3",
    "Na6",
    "O-O",
    "Rfe8",
    "f3",
    "Bd7",
    "a3",
    "Nh5",
    "f4",
    "f5",
    "Nf3",
    "Bf6",
    "g3",
    "Nc7",
    "a4",
    "Na6",
    "Nb5",
    "Bxb5",
    "axb5",
    "Nb4",
    "Bb1",
    "a6",
    "bxa6",
    "bxa6",
    "Kf2",
    "Re7",
    "Re1",
    "Rae8",
    "Rxe7",
    "Rxe7",
    "Ra3",
    "Rb7",
    "h3",
    "Ng7",
    "Kf1",
    "Nh5",
    "Ng5",
    "Re7",
    "g4",
    "Bxg5",
    "fxg5",
    "fxg4",
    "hxg4",
    "Rf7+",
    "Kg1",
    "Ng7",
    "Kg2",
    "Ne8",
    "Re3",
    "Kf8",
    "Re1",
    "Re7",
    "Be3",
    "a5",
    "Kf3",
    "Rf7+",
    "Bf4",
    "Re7",
    "Be3",
    "Rf7+",
    "Bf4",
    "Re7",
    "Rh1",
    "Rb7",
    "Be4",
    "Na2",
    "Rh2",
    "Rb3+",
    "Be3",
    "Rb7",
    "Bb1",
    "Nc3",
    "Bd3",
    "Na4",
    "Bc1",
    "Rf7+",
    "Ke2",
    "Rb7",
    "Kd1",
    "Nb6",
    "Bd2",
    "Na4",
    "Bc1",
    "Nb6",
    "Kc2",
    "Rf7",
    "Bd2",
    "a4",
    "Bc3",
    "Nd7",
    "Kd2",
    "Nc7",
    "Re2",
    "Rf4",
    "Re4",
    "Nb6",
    "Ba5"
  ]
}