{
  "event": "Chinese League",
  "site": "Ningbo CHN",
  "date": "2011.04.12",
  "eventDate": "2011.04.12",
  "dateMillis": 1302537600000,
  "eventDateMillis": 1302537600000,
  "round": "1",
  "result": "1-0",
  "white": "Ding Liren",
  "black": "Zhonghan Ma",
  "isDingWin": true,
  "isDraw": false,
  "isDingBlack": false,
  "moves": [
    "d4",
    "d5",
    "c4",
    "c6",
    "Nf3",
    "Nf6",
    "Nc3",
    "a6",
    "e3",
    "b5",
    "b3",
    "Bg4",
    "Bd2",
    "Nbd7",
    "h3",
    "Bxf3",
    "Qxf3",
    "e6",
    "Bd3",
    "Bd6",
    "Qd1",
    "O-O",
    "c5",
    "Bc7",
    "f4",
    "b4",
    "Ne2",
    "a5",
    "Qc2",
    "g6",
    "g4",
    "Ra7",
    "Kf2",
    "Qe7",
    "Rag1",
    "Rfa8",
    "h4",
    "a4",
    "Nc1",
    "axb3",
    "axb3",
    "Ra1",
    "h5",
    "e5",
    "hxg6",
    "fxg6",
    "dxe5",
    "Bxe5",
    "g5",
    "Nh5",
    "Bxg6",
    "hxg6",
    "Qxg6+",
    "Ng7",
    "Qh7+",
    "Kf7",
    "g6+",
    "Ke8",
    "Qg8+",
    "Qf8",
    "Qxf8+",
    "Kxf8",
    "fxe5",
    "Nxe5",
    "Ke2",
    "Ke7",
    "Bxb4",
    "Ke6",
    "Bc3",
    "R1a7",
    "Rh7",
    "Nf5",
    "g7",
    "Rg8",
    "Bxe5",
    "Kxe5",
    "Rg6",
    "d4",
    "Nd3+",
    "Kd5",
    "e4+"
  ]
}