{
  "event": "Chinese League",
  "site": "Chengdu CHN",
  "date": "2011.05.26",
  "eventDate": "2011.04.12",
  "dateMillis": 1306339200000,
  "eventDateMillis": 1302537600000,
  "round": "4",
  "result": "1-0",
  "white": "Ding Liren",
  "black": "Wang Hao",
  "isDingWin": true,
  "isDraw": false,
  "isDingBlack": false,
  "moves": [
    "d4",
    "Nf6",
    "c4",
    "e6",
    "Nf3",
    "d5",
    "Nc3",
    "Bb4",
    "cxd5",
    "exd5",
    "Bg5",
    "h6",
    "Bh4",
    "c5",
    "e3",
    "c4",
    "Nd2",
    "g5",
    "Bg3",
    "Bf5",
    "Be2",
    "Nc6",
    "h4",
    "Rg8",
    "a3",
    "Bxc3",
    "bxc3",
    "b5",
    "O-O",
    "Qe7",
    "Re1",
    "Kf8",
    "hxg5",
    "hxg5",
    "e4",
    "Nxe4",
    "Nxe4",
    "dxe4",
    "a4",
    "b4",
    "d5",
    "Rd8",
    "Bxc4",
    "Ne5",
    "Bf1",
    "bxc3",
    "Qd4",
    "f6",
    "f3",
    "exf3",
    "Bxe5",
    "fxe5",
    "Rxe5",
    "Qf6",
    "Rae1",
    "Kg7",
    "g4",
    "Bg6",
    "Re7+",
    "Bf7",
    "Rxf7+",
    "Kxf7",
    "Qxa7+",
    "Kf8",
    "Re6"
  ]
}