{
  "event": "Chinese League",
  "site": "Ningbo CHN",
  "date": "2011.04.14",
  "eventDate": "2011.04.12",
  "dateMillis": 1302710400000,
  "eventDateMillis": 1302537600000,
  "round": "3",
  "result": "0-1",
  "white": "Ding Liren",
  "black": "Li Chao",
  "isDingWin": false,
  "isDraw": false,
  "isDingBlack": false,
  "moves": [
    "d4",
    "Nf6",
    "c4",
    "g6",
    "f3",
    "d5",
    "cxd5",
    "Nxd5",
    "e4",
    "Nb6",
    "Nc3",
    "Bg7",
    "Be3",
    "O-O",
    "Qd2",
    "Nc6",
    "O-O-O",
    "f5",
    "e5",
    "Nb4",
    "Nh3",
    "a5",
    "a3",
    "N4d5",
    "Nf4",
    "Nxf4",
    "Bxf4",
    "c6",
    "h4",
    "Be6",
    "h5",
    "Nd5",
    "hxg6",
    "hxg6",
    "Bh6",
    "Nxc3",
    "bxc3",
    "Qb6",
    "Bxg7",
    "Kxg7",
    "d5",
    "cxd5",
    "Qh6+",
    "Kf7",
    "Qh7+",
    "Ke8",
    "Qxg6+",
    "Kd7",
    "Rh6",
    "Qe3+",
    "Kc2",
    "Qxe5",
    "Bb5+",
    "Kd6",
    "c4",
    "Rf6",
    "Qg7",
    "Rc8",
    "Rh8",
    "d4",
    "Rxc8",
    "Bxc8",
    "Qh8",
    "Kc7",
    "Qh4",
    "Rd6",
    "Qe1",
    "d3+",
    "Kb3",
    "Qxe1",
    "Rxe1",
    "e5",
    "Kc3",
    "e4",
    "Kd2",
    "Re6",
    "c5",
    "Bd7",
    "Bc4",
    "Re8",
    "g4",
    "fxg4",
    "fxe4",
    "Kc6",
    "e5",
    "Bf5",
    "Bf7",
    "Re7",
    "e6",
    "Kd5",
    "Rh1",
    "Bxe6",
    "Bxe6+",
    "Rxe6",
    "Kxd3",
    "Rg6",
    "Rh5+",
    "Kc6",
    "Ke2",
    "g3",
    "Kf1",
    "g2+",
    "Kg1",
    "Rg3"
  ]
}