{
  "event": "Chinese League",
  "site": "Chengdu CHN",
  "date": "2011.05.27",
  "eventDate": "2011.04.12",
  "dateMillis": 1306425600000,
  "eventDateMillis": 1302537600000,
  "round": "5",
  "result": "0-1",
  "white": "Li Haoyu",
  "black": "Ding Liren",
  "isDingWin": true,
  "isDraw": false,
  "isDingBlack": true,
  "moves": [
    "e4",
    "c5",
    "c3",
    "Nf6",
    "e5",
    "Nd5",
    "d4",
    "cxd4",
    "Nf3",
    "d6",
    "cxd4",
    "Nc6",
    "Bc4",
    "Nb6",
    "Bb5",
    "dxe5",
    "Nxe5",
    "Bd7",
    "Nxd7",
    "Qxd7",
    "Nc3",
    "e6",
    "O-O",
    "Be7",
    "Qg4",
    "O-O",
    "Rd1",
    "f5",
    "Qf3",
    "a6",
    "Bxc6",
    "Qxc6",
    "Qxc6",
    "bxc6",
    "Bf4",
    "Rfc8",
    "f3",
    "Kf7",
    "Rac1",
    "a5",
    "Bg3",
    "a4",
    "Rc2",
    "g5",
    "Re2",
    "Bb4",
    "Rde1",
    "a3",
    "Rc1",
    "axb2",
    "Rxb2",
    "Ba3",
    "Rxb6",
    "Bxc1",
    "Rb7+",
    "Kg8",
    "Be5",
    "Bd2",
    "Ne2",
    "Rxa2",
    "Ng3",
    "Rca8",
    "h4",
    "R2a7",
    "Rb6",
    "gxh4",
    "Nh5",
    "Rc8",
    "Ng3",
    "Rca8",
    "Nh5",
    "Rc8",
    "Kh2",
    "Kf7",
    "Kh3",
    "Kg6",
    "Kh2",
    "Kf7",
    "Kh3",
    "Kg6",
    "g4",
    "hxg3",
    "Nxg3",
    "Ba5",
    "Rb1",
    "Bc7"
  ]
}