{
  "event": "Chinese League",
  "site": "Ningbo CHN",
  "date": "2011.04.13",
  "eventDate": "2011.04.12",
  "dateMillis": 1302624000000,
  "eventDateMillis": 1302537600000,
  "round": "2",
  "result": "0-1",
  "white": "Fan Chen",
  "black": "Ding Liren",
  "isDingWin": true,
  "isDraw": false,
  "isDingBlack": true,
  "moves": [
    "e4",
    "c5",
    "Nf3",
    "e6",
    "d4",
    "cxd4",
    "Nxd4",
    "a6",
    "Be2",
    "Nf6",
    "Nc3",
    "Bb4",
    "Qd3",
    "d6",
    "f3",
    "Nbd7",
    "a3",
    "Ne5",
    "Qd2",
    "Bc5",
    "f4",
    "Neg4",
    "Nb3",
    "Bf2+",
    "Kf1",
    "Ba7",
    "Bxg4",
    "Nxg4",
    "Qe2",
    "Nf2",
    "Rg1",
    "Qb6",
    "Na4",
    "Qc6",
    "Nc3",
    "Bd7",
    "g4",
    "e5",
    "Rg2",
    "Nh3",
    "f5",
    "Rc8",
    "Qd3",
    "Nf4",
    "Bxf4",
    "exf4",
    "Rd2",
    "g5",
    "Nd5",
    "Qb5",
    "c4",
    "Qxc4",
    "Qxc4",
    "Rxc4",
    "Na5",
    "Rd4",
    "Rc2",
    "Bb5+",
    "Kg2",
    "O-O",
    "Nb3",
    "Rd3",
    "Nc1",
    "Rd1",
    "h4",
    "h6",
    "a4",
    "Bc6",
    "Ne7+",
    "Kg7",
    "Nxc6",
    "bxc6",
    "Nb3",
    "f3+",
    "Kh3",
    "Rxa1",
    "Nxa1",
    "f2",
    "Rc1",
    "Re8"
  ]
}