{
  "event": "Chinese League",
  "site": "Chaongqing CHN",
  "date": "2011.08.11",
  "eventDate": "2011.04.12",
  "dateMillis": 1312992000000,
  "eventDateMillis": 1302537600000,
  "round": "10",
  "result": "0-1",
  "white": "Wang Shuai",
  "black": "Ding Liren",
  "isDingWin": true,
  "isDraw": false,
  "isDingBlack": true,
  "moves": [
    "e4",
    "c5",
    "Nf3",
    "e6",
    "d4",
    "cxd4",
    "Nxd4",
    "a6",
    "Bd3",
    "Nf6",
    "O-O",
    "d6",
    "c4",
    "b6",
    "Nc3",
    "Bb7",
    "Qe2",
    "g6",
    "f4",
    "Bg7",
    "f5",
    "Qe7",
    "Bg5",
    "Nbd7",
    "Nf3",
    "O-O",
    "Kh1",
    "h6",
    "Be3",
    "exf5",
    "exf5",
    "g5",
    "Bg1",
    "Qxe2",
    "Bxe2",
    "g4",
    "Nh4",
    "Rfe8",
    "Rad1",
    "Bf8",
    "Bd4",
    "h5",
    "Kg1",
    "Re7",
    "Rf2",
    "Rae8",
    "Bf1",
    "Bh6",
    "g3",
    "Re1",
    "Rxe1",
    "Rxe1",
    "Re2",
    "Rc1",
    "Kf2",
    "Bf3",
    "Re1",
    "Rc2+",
    "Kg1",
    "Ne5",
    "Bg2",
    "Bxg2",
    "Bxe5",
    "dxe5",
    "Nxg2",
    "Rxb2",
    "Rxe5",
    "Bf8",
    "Re2",
    "Rxe2",
    "Nxe2",
    "Kg7",
    "Ngf4",
    "Kh6",
    "h4",
    "gxh3",
    "Nxh3",
    "Ng4",
    "Kg2",
    "Ne3+",
    "Kf3",
    "Nxc4",
    "Nc3",
    "b5",
    "Ne4",
    "Ne5+",
    "Ke3",
    "Be7",
    "Nf4",
    "Nc4+",
    "Kd4",
    "Nd6",
    "f6",
    "Bf8",
    "Nd5",
    "Nxe4",
    "Kxe4",
    "Bd6",
    "Kf5",
    "Bxg3",
    "Nb4",
    "h4",
    "Kg4",
    "a5",
    "Nc6",
    "a4",
    "a3",
    "Kg6",
    "Nd4",
    "b4",
    "axb4",
    "a3",
    "b5",
    "a2",
    "Nb3",
    "Kxf6",
    "b6",
    "Ke7",
    "b7",
    "Kd7"
  ]
}