{
  "event": "Chinese League",
  "site": "Chengdu CHN",
  "date": "2011.05.28",
  "eventDate": "2011.04.12",
  "dateMillis": 1306512000000,
  "eventDateMillis": 1302537600000,
  "round": "6",
  "result": "1/2-1/2",
  "white": "Ding Liren",
  "black": "Ni Hua",
  "isDingWin": false,
  "isDraw": true,
  "isDingBlack": false,
  "moves": [
    "d4",
    "d5",
    "c4",
    "c6",
    "Nf3",
    "Nf6",
    "Nc3",
    "dxc4",
    "a4",
    "Bf5",
    "Ne5",
    "Nbd7",
    "Nxc4",
    "Qc7",
    "g3",
    "e5",
    "dxe5",
    "Nxe5",
    "Bf4",
    "Nfd7",
    "Bg2",
    "g5",
    "Ne3",
    "gxf4",
    "Nxf5",
    "O-O-O",
    "Qc2",
    "fxg3",
    "hxg3",
    "Kb8",
    "O-O-O",
    "Bb4",
    "Kb1",
    "Qb6",
    "Na2",
    "Nf6",
    "Nxb4",
    "Qxb4",
    "Qc3",
    "Qxc3",
    "bxc3",
    "Rhe8",
    "Rxd8+",
    "Rxd8",
    "Kc2",
    "Kc7",
    "Ne3",
    "h5",
    "Bf3",
    "Rh8",
    "Ng2",
    "Ng6",
    "Nh4",
    "a5",
    "Nxg6",
    "fxg6",
    "g4",
    "Kd6",
    "gxh5",
    "gxh5",
    "Rh4",
    "Ke5",
    "Kd2",
    "Kf5",
    "Ke1",
    "Kg5",
    "Rc4",
    "h4",
    "Kf1",
    "Nd7",
    "Re4",
    "Kf6",
    "Bg4",
    "h3",
    "Kg1",
    "Ne5",
    "Rf4+",
    "Ke7",
    "Bf5",
    "Rf8",
    "Kh2",
    "b5",
    "Kxh3",
    "bxa4",
    "Re4",
    "Rxf5",
    "f4",
    "Kd6",
    "fxe5+",
    "Rxe5",
    "Rxa4",
    "Rxe2",
    "Rxa5",
    "Re3+",
    "Kg4",
    "Rxc3",
    "Kf4",
    "Rd3",
    "Ke4",
    "Rd1",
    "Ra2",
    "Kc5",
    "Rc2+",
    "Kb6",
    "Rb2+",
    "Kc7",
    "Ke3",
    "c5",
    "Rd2"
  ]
}