{
  "event": "Chinese League",
  "site": "Chaongqing CHN",
  "date": "2011.08.12",
  "eventDate": "2011.04.12",
  "dateMillis": 1313078400000,
  "eventDateMillis": 1302537600000,
  "round": "11",
  "result": "1-0",
  "white": "Ding Liren",
  "black": "Wu Xibin",
  "isDingWin": true,
  "isDraw": false,
  "isDingBlack": false,
  "moves": [
    "Nf3",
    "c5",
    "c4",
    "Nc6",
    "Nc3",
    "g6",
    "e3",
    "Bg7",
    "d4",
    "cxd4",
    "exd4",
    "d6",
    "Be2",
    "e5",
    "dxe5",
    "dxe5",
    "Qxd8+",
    "Nxd8",
    "Nb5",
    "Kf8",
    "Nc7",
    "Rb8",
    "Be3",
    "Nc6",
    "O-O-O",
    "Nge7",
    "b4",
    "Bg4",
    "b5",
    "Bxf3",
    "Bxf3",
    "Nd4",
    "Rxd4",
    "exd4",
    "Bf4",
    "d3",
    "Ne6+",
    "fxe6",
    "Bxb8",
    "b6",
    "Rd1",
    "Kf7",
    "Bxa7",
    "Bd4",
    "Rxd3",
    "Bxf2",
    "Kb2",
    "Rc8",
    "Kb3",
    "Nf5",
    "a4",
    "e5",
    "a5",
    "Nd4+",
    "Rxd4",
    "Bxd4",
    "Bxb6"
  ]
}