{
  "event": "Chinese Chess Championship",
  "site": "Xinghua CHN",
  "date": "2012.03.28",
  "eventDate": "2012.03.27",
  "dateMillis": 1332864000000,
  "eventDateMillis": 1332777600000,
  "round": "2",
  "result": "1/2-1/2",
  "white": "Yifan Hou",
  "black": "Ding Liren",
  "isDingWin": false,
  "isDraw": true,
  "isDingBlack": true,
  "moves": [
    "e4",
    "e6",
    "d4",
    "d5",
    "Nc3",
    "Nf6",
    "e5",
    "Nfd7",
    "f4",
    "c5",
    "Nf3",
    "Nc6",
    "Be3",
    "a6",
    "Qd2",
    "b5",
    "a3",
    "Qa5",
    "Ra2",
    "Qb6",
    "g3",
    "cxd4",
    "Nxd4",
    "Bc5",
    "Nce2",
    "a5",
    "c3",
    "a4",
    "Bh3",
    "Na5",
    "Bf2",
    "Nc4",
    "Qc2",
    "f6",
    "Bxe6",
    "fxe5",
    "fxe5",
    "Ndxe5",
    "Bxc8",
    "Rxc8",
    "Qf5",
    "Rb8",
    "Nf4",
    "g6",
    "Qe6+",
    "Qxe6",
    "Ndxe6",
    "Bxf2+",
    "Kxf2",
    "Kf7",
    "h3",
    "Rhe8",
    "Nc7",
    "g5",
    "Nxe8",
    "Rxe8",
    "Rd1",
    "gxf4",
    "gxf4",
    "Nd7",
    "Rxd5",
    "Nf6",
    "Rxb5",
    "Re3",
    "b3",
    "Ne4+",
    "Kg2",
    "Ncd2",
    "Rb7+",
    "Kg8",
    "Rxd2",
    "Nxd2",
    "bxa4",
    "Rxc3",
    "f5",
    "Ne4",
    "a5",
    "Rg3+",
    "Kh2",
    "Rxa3",
    "Ra7",
    "Ra2+",
    "Kg1",
    "Ng5",
    "f6",
    "Nxh3+",
    "Kh1",
    "Nf2+",
    "Kg1",
    "Ne4",
    "Rg7+",
    "Kf8",
    "Rxh7",
    "Rxa5",
    "Rh4",
    "Nxf6",
    "Kg2",
    "Kf7",
    "Rd4",
    "Ke6",
    "Kf3",
    "Ra3+",
    "Ke2",
    "Nd5",
    "Rh4",
    "Ke5",
    "Rh8",
    "Ke4",
    "Re8+",
    "Kd4",
    "Rd8"
  ]
}