{
  "event": "Chinese Chess Championship",
  "site": "Xinghua CHN",
  "date": "2012.03.27",
  "eventDate": "2012.03.27",
  "dateMillis": 1332777600000,
  "eventDateMillis": 1332777600000,
  "round": "1",
  "result": "1-0",
  "white": "Ding Liren",
  "black": "Wang Yue",
  "isDingWin": true,
  "isDraw": false,
  "isDingBlack": false,
  "moves": [
    "d4",
    "Nf6",
    "c4",
    "e6",
    "Nf3",
    "d5",
    "Nc3",
    "Be7",
    "Bf4",
    "O-O",
    "a3",
    "dxc4",
    "e3",
    "Nd5",
    "Bxc4",
    "Nxf4",
    "exf4",
    "c5",
    "dxc5",
    "Qc7",
    "g3",
    "Qxc5",
    "Qe2",
    "Nd7",
    "O-O",
    "Qh5",
    "Rfd1",
    "Rd8",
    "Nd5",
    "Bd6",
    "Ne3",
    "Nf8",
    "Ne5",
    "Qxe2",
    "Bxe2",
    "Be7",
    "Bf3",
    "Rxd1+",
    "Rxd1",
    "Rb8",
    "Rc1",
    "Bd8",
    "N3c4",
    "f6",
    "Nf7",
    "Be7",
    "Ncd6",
    "Bd7",
    "Rc7",
    "b5",
    "f5",
    "exf5",
    "Rxa7",
    "h6",
    "Bd5",
    "Kh7",
    "Rc7",
    "Kg6",
    "Nb7",
    "h5",
    "b4",
    "h4",
    "f4",
    "Ra8",
    "Na5",
    "Ra6",
    "Kf2",
    "hxg3+",
    "hxg3",
    "Rb6",
    "Rb7",
    "Ra6",
    "Rc7",
    "Rb6",
    "Ke3",
    "Be6",
    "Nc6",
    "Rxc6",
    "Nh8+",
    "Kh7",
    "Bxc6",
    "Bd6",
    "Rb7",
    "Kxh8",
    "Rxb5",
    "g5",
    "Bd5",
    "Kg7",
    "Bxe6",
    "Nxe6",
    "Rb6",
    "gxf4+",
    "gxf4",
    "Bxf4+",
    "Kf3",
    "Nc7",
    "a4",
    "Bh2",
    "a5",
    "Nd5",
    "Rb5",
    "Ne7",
    "a6",
    "Bg1",
    "Rb7",
    "Kf8",
    "b5",
    "Nd5",
    "Rd7",
    "Nc3",
    "Kg2",
    "Bb6",
    "Rd6",
    "Na4",
    "Rd7",
    "Nc3",
    "Rb7",
    "Nd5",
    "Kf1",
    "Ke8",
    "Ke2",
    "f4",
    "Kd3",
    "f3",
    "a7",
    "Bxa7",
    "Rxa7",
    "f2",
    "Ra1",
    "Kd7",
    "Rf1",
    "Nf4+",
    "Kc4",
    "Nh3",
    "Kc5",
    "Kc7",
    "b6+",
    "Kb7",
    "Kb5",
    "f5",
    "Ka5",
    "f4",
    "Kb5",
    "Ng5",
    "Rxf2",
    "Ne6",
    "Rd2",
    "f3",
    "Rd7+",
    "Kc8",
    "Rf7",
    "Kb8",
    "Rf6",
    "Nd4+",
    "Ka6"
  ]
}