{
  "event": "Chinese Chess Championship",
  "site": "Xinghua CHN",
  "date": "2012.04.03",
  "eventDate": "2012.03.27",
  "dateMillis": 1333382400000,
  "eventDateMillis": 1332777600000,
  "round": "7",
  "result": "0-1",
  "white": "Zhou Jianchao",
  "black": "Ding Liren",
  "isDingWin": true,
  "isDraw": false,
  "isDingBlack": true,
  "moves": [
    "d4",
    "Nf6",
    "c4",
    "g6",
    "Nc3",
    "Bg7",
    "e4",
    "d6",
    "f3",
    "O-O",
    "Be3",
    "Nc6",
    "Nge2",
    "a6",
    "Qd2",
    "Rb8",
    "Rc1",
    "e6",
    "b3",
    "Nd7",
    "h4",
    "h5",
    "d5",
    "Nce5",
    "Nf4",
    "Nf6",
    "Be2",
    "c5",
    "dxe6",
    "Bxe6",
    "Rd1",
    "Qa5",
    "Na4",
    "Qxd2+",
    "Rxd2",
    "Rfd8",
    "Nb6",
    "Nc6",
    "Kf2",
    "Nd4",
    "b4",
    "Nd7",
    "bxc5",
    "dxc5",
    "Rb1",
    "Ne5",
    "Nxe6",
    "fxe6",
    "f4",
    "Nec6",
    "e5",
    "Bf8",
    "g3",
    "Kf7",
    "Bd3",
    "Ne7",
    "Na4",
    "Nef5",
    "Bxf5",
    "Nxf5",
    "Rxd8",
    "Rxd8",
    "Rxb7+",
    "Kg8",
    "Nb2",
    "Be7",
    "Rb3",
    "Kf7",
    "Nd3",
    "Rd7",
    "Kf3",
    "a5",
    "a4",
    "Rd4",
    "Nb2",
    "Rd7",
    "Rb5",
    "Bd8",
    "Rb3",
    "Be7",
    "Rb5",
    "Bd8",
    "Bxc5",
    "Rd2",
    "Bf2",
    "Rc2",
    "c5",
    "Rc3+",
    "Kg2",
    "Ke8",
    "Nd1",
    "Rc4",
    "Nb2",
    "Rc3",
    "Nd1",
    "Rc4",
    "Ne3",
    "Rxa4",
    "Nxf5",
    "gxf5",
    "c6",
    "Rc4",
    "Bc5",
    "a4",
    "Kf1",
    "Rc3",
    "Bb6",
    "Rb3",
    "Rc5",
    "Rxb6",
    "c7",
    "Bxc7",
    "Rxc7",
    "Ra6",
    "Rc2",
    "a3",
    "Ra2",
    "Kd7",
    "Ke2",
    "Kc6",
    "Kd2",
    "Kd5",
    "Kd3",
    "Ra8",
    "Kc2",
    "Ke4",
    "Kb1",
    "Kf3",
    "Rd2",
    "Kxg3",
    "Rd6",
    "Re8"
  ]
}