{
  "event": "Chinese Chess Championship",
  "site": "Xinghua CHN",
  "date": "2012.04.02",
  "eventDate": "2012.03.27",
  "dateMillis": 1333296000000,
  "eventDateMillis": 1332777600000,
  "round": "6",
  "result": "1/2-1/2",
  "white": "Ding Liren",
  "black": "Liu Qingnan",
  "isDingWin": false,
  "isDraw": true,
  "isDingBlack": false,
  "moves": [
    "d4",
    "d6",
    "Nf3",
    "g6",
    "c4",
    "Bg7",
    "Nc3",
    "Bg4",
    "e3",
    "Nf6",
    "h3",
    "Bxf3",
    "Qxf3",
    "Nc6",
    "g4",
    "O-O",
    "g5",
    "Nh5",
    "h4",
    "e5",
    "d5",
    "Nb4",
    "Qd1",
    "f5",
    "e4",
    "Nf4",
    "a3",
    "Na6",
    "b4",
    "Nb8",
    "Rg1",
    "Nd7",
    "Be3",
    "Qe7",
    "Rc1",
    "a5",
    "b5",
    "b6",
    "h5",
    "gxh5",
    "exf5",
    "Rxf5",
    "Ne4",
    "Nc5",
    "Bxc5",
    "bxc5",
    "Rc3",
    "Qf7",
    "Qf3",
    "Rf8",
    "Qh1",
    "Qg6",
    "Rcg3",
    "Kh8",
    "f3",
    "R5f7",
    "Qh4",
    "h6",
    "Kd1",
    "hxg5",
    "Rxg5",
    "Qh7",
    "Bd3",
    "Bf6",
    "Bc2",
    "Bxg5",
    "Nxg5",
    "Qg7",
    "Nxf7+",
    "Qxf7",
    "Rg5",
    "Rg8",
    "Be4",
    "Rg7",
    "Rxg7",
    "Kxg7",
    "Qg5+",
    "Kf8",
    "Qd8+",
    "Kg7",
    "Qg5+",
    "Kf8",
    "Qd8+",
    "Kg7",
    "b6",
    "cxb6",
    "Qxd6",
    "Qf6",
    "Qc7+",
    "Kh6",
    "d6",
    "Ne6",
    "Qxb6",
    "Qd8",
    "Qc6",
    "Kg5",
    "d7",
    "Nf8",
    "Qxc5",
    "Qxd7+",
    "Ke2",
    "Qg7",
    "f4+",
    "Kh4",
    "fxe5",
    "Ne6",
    "Qf2+",
    "Qg3",
    "Qxg3+",
    "Kxg3",
    "Bd5",
    "Nc7",
    "e6",
    "h4",
    "e7",
    "h3",
    "Ke3",
    "h2",
    "Bf3",
    "a4",
    "c5",
    "Ne8",
    "Bh1",
    "Nc7",
    "c6",
    "Ne8",
    "Kd4",
    "Kf4",
    "Kc5",
    "Ke5",
    "Kb5",
    "Kd6",
    "Kxa4",
    "Kxe7",
    "Kb5",
    "Kd8",
    "Kb6",
    "Kc8",
    "a4",
    "Nd6",
    "a5",
    "Nc4+",
    "Kb5",
    "Nd6+",
    "Kc5",
    "Kc7",
    "a6",
    "Nc8"
  ]
}