{
  "event": "Chinese Chess Championship",
  "site": "Xinghua CHN",
  "date": "2012.03.30",
  "eventDate": "2012.03.27",
  "dateMillis": 1333036800000,
  "eventDateMillis": 1332777600000,
  "round": "4",
  "result": "0-1",
  "white": "Wang Chen",
  "black": "Ding Liren",
  "isDingWin": true,
  "isDraw": false,
  "isDingBlack": true,
  "moves": [
    "e4",
    "c5",
    "Nf3",
    "d6",
    "Bb5+",
    "Nd7",
    "O-O",
    "a6",
    "Bd3",
    "Ngf6",
    "c3",
    "b5",
    "Bc2",
    "Bb7",
    "Qe2",
    "e6",
    "d4",
    "Be7",
    "Nbd2",
    "Qc7",
    "Bd3",
    "O-O",
    "Re1",
    "e5",
    "dxe5",
    "dxe5",
    "c4",
    "b4",
    "Nf1",
    "Rfe8",
    "Qc2",
    "Nf8",
    "Ne3",
    "Ne6",
    "Nd5",
    "Qd6",
    "a3",
    "a5",
    "b3",
    "Nd7",
    "Bd2",
    "Bf8",
    "Bf1",
    "Bc6",
    "g3",
    "Qb8",
    "a4",
    "Nd4",
    "Qd1",
    "Ra6",
    "Bh3",
    "Nb6",
    "Rf1",
    "Nc8",
    "Nxd4",
    "cxd4",
    "Qh5",
    "Nd6",
    "Rae1",
    "Ra7",
    "f4",
    "Bxd5",
    "cxd5",
    "Rae7",
    "Qf3",
    "Qa7",
    "f5",
    "Rc7",
    "f6",
    "g6",
    "Qg4",
    "Rc2",
    "Rf2",
    "d3",
    "Be3",
    "Qc7",
    "Rxc2",
    "dxc2",
    "Bd2",
    "Qc5+",
    "Kg2",
    "Qd4",
    "Bc1",
    "Rc8",
    "Qe2",
    "Rc3",
    "Bg4",
    "Nb7",
    "Qb5",
    "Nd6",
    "Qe2",
    "Qc5"
  ]
}