{
  "event": "Chinese Chess Championship",
  "site": "Xinghua CHN",
  "date": "2012.03.31",
  "eventDate": "2012.03.27",
  "dateMillis": 1333123200000,
  "eventDateMillis": 1332777600000,
  "round": "5",
  "result": "1-0",
  "white": "Ding Liren",
  "black": "Lu Shanglei",
  "isDingWin": true,
  "isDraw": false,
  "isDingBlack": false,
  "moves": [
    "Nf3",
    "Nf6",
    "c4",
    "e6",
    "d4",
    "d5",
    "Nc3",
    "dxc4",
    "e4",
    "Bb4",
    "Bxc4",
    "Nxe4",
    "O-O",
    "Nxc3",
    "bxc3",
    "Be7",
    "Ne5",
    "O-O",
    "Qg4",
    "c5",
    "Bh6",
    "Bf6",
    "Bd3",
    "Re8",
    "f4",
    "g6",
    "Bxg6",
    "fxg6",
    "Nxg6",
    "hxg6",
    "Qxg6+",
    "Kh8",
    "Bg5",
    "Bxg5",
    "fxg5",
    "Re7",
    "Qh6+",
    "Kg8",
    "g6",
    "Nd7",
    "Rf3",
    "Nf8",
    "Raf1",
    "Nxg6",
    "Rg3",
    "Rg7",
    "Rxg6"
  ]
}