{
  "event": "Chinese Chess Championship",
  "site": "Xinghua CHN",
  "date": "2012.03.29",
  "eventDate": "2012.03.27",
  "dateMillis": 1332950400000,
  "eventDateMillis": 1332777600000,
  "round": "3",
  "result": "1-0",
  "white": "Ding Liren",
  "black": "Li Shilong",
  "isDingWin": true,
  "isDraw": false,
  "isDingBlack": false,
  "moves": [
    "d4",
    "Nf6",
    "c4",
    "e6",
    "Nf3",
    "b6",
    "g3",
    "Ba6",
    "b3",
    "Bb4+",
    "Bd2",
    "Be7",
    "Nc3",
    "d5",
    "cxd5",
    "exd5",
    "Bg2",
    "O-O",
    "O-O",
    "Bb7",
    "Bc1",
    "Nbd7",
    "Bb2",
    "Re8",
    "Rc1",
    "c5",
    "Nh4",
    "g6",
    "Nf3",
    "Rb8",
    "e3",
    "Bf8",
    "Rc2",
    "a6",
    "Ne2",
    "Rc8",
    "Nf4",
    "c4",
    "Ne5",
    "b5",
    "bxc4",
    "bxc4",
    "Bc3",
    "Bd6",
    "Rb2",
    "Ba8",
    "Nxd7",
    "Qxd7",
    "Bh3",
    "Qc6",
    "Bxc8",
    "Qxc8",
    "Bb4",
    "Bc7",
    "Qa4",
    "h5",
    "Ba5",
    "c3",
    "Rc2",
    "Bxf4",
    "exf4",
    "Bc6",
    "Qb3",
    "Bb5",
    "Qxc3",
    "Qxc3",
    "Rxc3",
    "Bxf1",
    "Kxf1",
    "Rb8",
    "Rc6",
    "Rb1+",
    "Kg2",
    "Ne4",
    "Rxa6",
    "Rb2",
    "Be1",
    "Rb1",
    "Kf1",
    "Rd1",
    "Ke2",
    "Rc1",
    "f3",
    "Nc3+",
    "Kd2",
    "Ra1",
    "Kxc3",
    "Rxe1",
    "Ra8+",
    "Kg7",
    "a4",
    "Rc1+",
    "Kb4",
    "Rc4+",
    "Kb5",
    "Rxd4",
    "a5",
    "Rd2",
    "Rd8",
    "d4",
    "a6",
    "Rb2+",
    "Kc6",
    "Rc2+",
    "Kb7",
    "Rb2+",
    "Ka8",
    "Rd2",
    "a7",
    "d3",
    "Kb7"
  ]
}