{
  "event": "Chinese Chess Championship",
  "site": "Xinghua CHN",
  "date": "2012.04.05",
  "eventDate": "2012.03.27",
  "dateMillis": 1333555200000,
  "eventDateMillis": 1332777600000,
  "round": "9",
  "result": "1/2-1/2",
  "white": "Yu Yangyi",
  "black": "Ding Liren",
  "isDingWin": false,
  "isDraw": true,
  "isDingBlack": true,
  "moves": [
    "e4",
    "e6",
    "d4",
    "d5",
    "Nc3",
    "Nf6",
    "e5",
    "Nfd7",
    "f4",
    "c5",
    "Nf3",
    "Nc6",
    "Be3",
    "a6",
    "Qd2",
    "b5",
    "a3",
    "Qa5",
    "Be2",
    "b4",
    "Nd1",
    "Rb8",
    "O-O",
    "bxa3",
    "Qxa5",
    "Nxa5",
    "dxc5",
    "axb2",
    "Nxb2",
    "Rxb2",
    "Rxa5",
    "Rxc2",
    "Bxa6",
    "Bxc5",
    "Bxc5",
    "Rxc5",
    "Rxc5",
    "Nxc5",
    "Bxc8",
    "O-O",
    "Rc1",
    "Rxc8",
    "Nd4",
    "Rc7",
    "Nb5",
    "Rc8",
    "Na7",
    "Rc7",
    "Nb5",
    "Rc8",
    "Na7",
    "Rc7",
    "Nb5"
  ]
}