{
  "event": "Chinese Chess Championship",
  "site": "Xinghua CHN",
  "date": "2012.04.06",
  "eventDate": "2012.03.27",
  "dateMillis": 1333641600000,
  "eventDateMillis": 1332777600000,
  "round": "10",
  "result": "1/2-1/2",
  "white": "Ding Liren",
  "black": "Bu Xiangzhi",
  "isDingWin": false,
  "isDraw": true,
  "isDingBlack": false,
  "moves": [
    "d4",
    "d5",
    "c4",
    "c6",
    "Nf3",
    "Nf6",
    "Nc3",
    "a6",
    "a4",
    "e6",
    "Bg5",
    "Be7",
    "e3",
    "a5",
    "Be2",
    "O-O",
    "O-O",
    "Na6",
    "Qb3",
    "Nb4",
    "Na2",
    "dxc4",
    "Qxc4",
    "Nxa2",
    "Qxa2",
    "Nd5",
    "Bxe7",
    "Qxe7",
    "Ne5",
    "Nb4",
    "Qb3",
    "b6",
    "Rfc1",
    "Bb7",
    "Bf3",
    "Rfc8",
    "Nc4",
    "Qd8",
    "Rc3",
    "Rab8",
    "Rd1",
    "Ba6",
    "e4",
    "Bxc4",
    "Rxc4",
    "Qe7",
    "e5",
    "c5",
    "Qc3",
    "g6",
    "g3",
    "Kg7",
    "h4",
    "h5",
    "b3",
    "cxd4",
    "Rdxd4",
    "Rxc4",
    "bxc4"
  ]
}