{
  "event": "Chinese Chess Championship",
  "site": "Xinghua CHN",
  "date": "2012.04.04",
  "eventDate": "2012.03.27",
  "dateMillis": 1333468800000,
  "eventDateMillis": 1332777600000,
  "round": "8",
  "result": "1/2-1/2",
  "white": "Ding Liren",
  "black": "Zhao Jun",
  "isDingWin": false,
  "isDraw": true,
  "isDingBlack": false,
  "moves": [
    "d4",
    "Nf6",
    "c4",
    "g6",
    "Nc3",
    "Bg7",
    "e4",
    "d6",
    "Nf3",
    "O-O",
    "Be2",
    "e5",
    "O-O",
    "Na6",
    "Be3",
    "Ng4",
    "Bg5",
    "Qe8",
    "h3",
    "f6",
    "Bc1",
    "Nh6",
    "Rb1",
    "Nf7",
    "b4",
    "exd4",
    "Nxd4",
    "c5",
    "bxc5",
    "Nxc5",
    "Ba3",
    "b6",
    "Nd5",
    "Rb8",
    "Re1",
    "Bd7",
    "Nb5",
    "Rb7",
    "Bf1",
    "Qd8",
    "Bb2",
    "a6",
    "Nd4",
    "Re8",
    "f3",
    "Ne5",
    "Ba1",
    "Kh8",
    "Qd2",
    "Nc6",
    "Nb3",
    "Be6",
    "Red1",
    "Rd7",
    "Nxc5",
    "dxc5",
    "Qb2",
    "f5",
    "Qxb6",
    "Bxa1",
    "Qxd8",
    "Rdxd8",
    "Rxa1",
    "fxe4",
    "Nf6",
    "exf3",
    "Nxe8",
    "Rxe8",
    "Rd6",
    "Nd4",
    "Re1",
    "a5",
    "Re5",
    "Kg7",
    "Rxc5",
    "fxg2",
    "Bxg2",
    "Ne2+",
    "Kh2",
    "Bf5",
    "Rxa5",
    "Re3",
    "Rd2",
    "Nf4",
    "h4",
    "Rc3",
    "c5",
    "Kh6",
    "Ra4",
    "Nd3",
    "c6",
    "Ne5",
    "Rd5",
    "Ng4+",
    "Rxg4",
    "Bxg4",
    "a4",
    "Rc4",
    "a5",
    "Rxc6",
    "Rd4",
    "Ra6",
    "Rxg4",
    "Rxa5",
    "Bf3",
    "Ra7",
    "Kg3",
    "Rc7",
    "Rg5",
    "Ra7",
    "Rc5",
    "Rd7",
    "Be4",
    "Re7",
    "Kf4",
    "Rf7+",
    "Ke3",
    "Re7",
    "Kf4",
    "Rf7+",
    "Kg4",
    "Re7",
    "Bd5",
    "Re5"
  ]
}