{
  "event": "Chinese Chess Championship",
  "site": "Xinghua CHN",
  "date": "2012.04.07",
  "eventDate": "2012.03.27",
  "dateMillis": 1333728000000,
  "eventDateMillis": 1332777600000,
  "round": "11",
  "result": "1/2-1/2",
  "white": "Ni Hua",
  "black": "Ding Liren",
  "isDingWin": false,
  "isDraw": true,
  "isDingBlack": true,
  "moves": [
    "e4",
    "e6",
    "d4",
    "d5",
    "Nc3",
    "Nf6",
    "Bg5",
    "dxe4",
    "Nxe4",
    "Nbd7",
    "Nf3",
    "h6",
    "Nxf6+",
    "Nxf6",
    "Bh4",
    "c5",
    "Bc4",
    "cxd4",
    "O-O",
    "Be7",
    "Qe2",
    "O-O",
    "Rad1",
    "Qb6",
    "Nxd4",
    "Qxb2",
    "Nf5",
    "exf5",
    "Qxe7",
    "Be6",
    "Bxe6",
    "fxe6",
    "Qxe6+",
    "Kh8",
    "Qxf5",
    "Rac8",
    "Rc1",
    "Qd4",
    "Bg3",
    "Ne4",
    "Be5",
    "Rxf5",
    "Bxd4",
    "Nc3",
    "Rfe1",
    "Rf7",
    "Bxc3",
    "Rxc3",
    "Re3",
    "Rc4",
    "Kf1",
    "Rfc7",
    "c3",
    "b5",
    "a3",
    "a5",
    "Rb1",
    "R7c5",
    "Ke2",
    "Rxc3",
    "Rxc3",
    "Rxc3"
  ]
}