{
  "event": "Asian Continental Chess Championship",
  "site": "Ho Chi Minh VIE",
  "date": "2012.05.08",
  "eventDate": "2012.05.05",
  "dateMillis": 1336406400000,
  "eventDateMillis": 1336147200000,
  "round": "4",
  "result": "1-0",
  "white": "Ding Liren",
  "black": "Sethuraman P Sethuraman",
  "isDingWin": true,
  "isDraw": false,
  "isDingBlack": false,
  "moves": [
    "d4",
    "Nf6",
    "c4",
    "g6",
    "f3",
    "d5",
    "cxd5",
    "Nxd5",
    "e4",
    "Nb6",
    "Nc3",
    "Bg7",
    "Be3",
    "O-O",
    "Qd2",
    "Qd6",
    "f4",
    "Qb4",
    "Nf3",
    "Rd8",
    "a3",
    "Qb3",
    "Bd3",
    "Nc4",
    "Bxc4",
    "Qxc4",
    "Rc1",
    "Nc6",
    "Nd5",
    "Qa4",
    "O-O",
    "e6",
    "Nc3",
    "Qb3",
    "Qf2",
    "Bd7",
    "Rb1",
    "Qc4",
    "Rbc1",
    "Qb3",
    "d5",
    "exd5",
    "exd5",
    "Ne7",
    "Nd4",
    "Bxd4",
    "Bxd4",
    "Nxd5",
    "Qh4",
    "Bc6",
    "Qh6",
    "f6",
    "Ne4",
    "Qd3",
    "Bxf6",
    "Rd7",
    "Rfe1",
    "Ne3",
    "Qh3",
    "Nf5",
    "Qxd3",
    "Rxd3",
    "Bc3",
    "h5",
    "Nc5",
    "Re3",
    "Kf2",
    "Rae8",
    "Be5",
    "Rxe1",
    "Rxe1",
    "Rd8",
    "Bc3",
    "Rd5",
    "Ne4",
    "Rd3",
    "Ng5",
    "Rd8",
    "Re6",
    "Rd6",
    "g3",
    "Rxe6",
    "Nxe6",
    "Nd6",
    "Ke3",
    "Nf5+",
    "Ke2",
    "Bb5+",
    "Kf2",
    "Bc4",
    "Nc5",
    "Bd5",
    "Nd7",
    "Bc6",
    "Ne5",
    "Be8",
    "h3",
    "Kh7",
    "g4",
    "Nd6",
    "Kf3",
    "Nf7",
    "Nd3",
    "Bc6+",
    "Kg3",
    "hxg4",
    "hxg4",
    "b6",
    "Bf6",
    "Kg8",
    "Be7",
    "Kg7",
    "Nb4",
    "Bb7",
    "Nc2",
    "Nh6",
    "Ne3",
    "Bc8",
    "Bd8",
    "c6",
    "Kh4",
    "Be6",
    "Bc7",
    "Nf7",
    "f5",
    "gxf5",
    "gxf5",
    "Bd7",
    "Kg4",
    "Kf6",
    "Kf4",
    "Ke7",
    "Bb8",
    "a6",
    "Ba7",
    "b5",
    "Bc5+",
    "Kf6",
    "Bf8",
    "Ne5",
    "Bg7+",
    "Kxg7",
    "Kxe5",
    "Kf7",
    "b4",
    "Ke7",
    "f6+",
    "Kf7",
    "Nf5",
    "Kg6",
    "Kd6",
    "Be8",
    "Ke7",
    "Kxf5",
    "Kxe8",
    "Kxf6",
    "Kd7"
  ]
}