{
  "event": "Asian Continental Chess Championship",
  "site": "Ho Chi Minh VIE",
  "date": "2012.05.07",
  "eventDate": "2012.05.05",
  "dateMillis": 1336320000000,
  "eventDateMillis": 1336147200000,
  "round": "3",
  "result": "0-1",
  "white": "Marani Rajendran Venkatesh",
  "black": "Ding Liren",
  "isDingWin": true,
  "isDraw": false,
  "isDingBlack": true,
  "moves": [
    "e4",
    "c6",
    "Nc3",
    "d5",
    "Nf3",
    "Bg4",
    "h3",
    "Bh5",
    "exd5",
    "cxd5",
    "Bb5+",
    "Nc6",
    "g4",
    "Bg6",
    "Ne5",
    "Rc8",
    "d4",
    "e6",
    "Qe2",
    "Bd6",
    "Nxg6",
    "hxg6",
    "Nxd5",
    "Kf8",
    "Bxc6",
    "Rxc6",
    "Ne3",
    "Nf6",
    "c3",
    "Bb8",
    "Qf3",
    "e5",
    "dxe5",
    "Nd7",
    "Qd5",
    "Qe8",
    "b3",
    "Bxe5",
    "Ba3+",
    "Kg8",
    "Rd1",
    "Nf6",
    "Qf3",
    "Ne4",
    "Kf1",
    "Nxf2",
    "Kxf2",
    "Rf6",
    "Nf5",
    "gxf5",
    "g5",
    "Re6",
    "Rd5",
    "Rh4",
    "Rhd1",
    "Bc7",
    "Bd6",
    "Bb6+",
    "Bc5",
    "Bxc5+",
    "Rxc5",
    "g6",
    "Rcd5",
    "Qe7",
    "Qg3",
    "Ree4",
    "Kg1",
    "Rh5",
    "Rd8+",
    "Kg7",
    "Kf1",
    "Qxg5",
    "Qxg5",
    "Rxg5",
    "R8d7",
    "Rf4+",
    "Ke2",
    "Rg2+",
    "Ke3",
    "Re4+",
    "Kf3",
    "Rh2",
    "Kg3",
    "Rhe2",
    "R1d3",
    "R4e3+",
    "Rxe3",
    "Rxe3+",
    "Kf4",
    "Rxh3",
    "Rxb7",
    "Kf6"
  ]
}