{
  "event": "Asian Continental Chess Championship",
  "site": "Ho Chi Minh VIE",
  "date": "2012.05.05",
  "eventDate": "2012.05.05",
  "dateMillis": 1336147200000,
  "eventDateMillis": 1336147200000,
  "round": "1",
  "result": "0-1",
  "white": "Kirill Kuderinov",
  "black": "Ding Liren",
  "isDingWin": true,
  "isDraw": false,
  "isDingBlack": true,
  "moves": [
    "d4",
    "Nf6",
    "Nf3",
    "g6",
    "g3",
    "Bg7",
    "Bg2",
    "O-O",
    "O-O",
    "d6",
    "Nc3",
    "d5",
    "Bf4",
    "c6",
    "Qd2",
    "Bf5",
    "Ne5",
    "Nbd7",
    "Rad1",
    "Re8",
    "Nxd7",
    "Nxd7",
    "e4",
    "dxe4",
    "Bxe4",
    "Bg4",
    "Rb1",
    "e5",
    "dxe5",
    "Nxe5",
    "Qxd8",
    "Raxd8",
    "Kg2",
    "f5",
    "Bxe5",
    "fxe4",
    "Bxg7",
    "Kxg7",
    "Nd1",
    "Be2",
    "Re1",
    "Rd2",
    "Ne3",
    "Rf8",
    "Rbc1",
    "g5",
    "Kg1",
    "h5",
    "h3",
    "Rf3",
    "Kg2",
    "h4",
    "gxh4",
    "gxh4",
    "a4",
    "Kg6",
    "b4",
    "Kg5",
    "c4",
    "Bd3",
    "Ng4",
    "Kf4",
    "c5",
    "Rg3+",
    "Kh2",
    "e3",
    "Red1",
    "Be4"
  ]
}