{
  "event": "Asian Continental Chess Championship",
  "site": "Ho Chi Minh VIE",
  "date": "2012.05.06",
  "eventDate": "2012.05.05",
  "dateMillis": 1336233600000,
  "eventDateMillis": 1336147200000,
  "round": "2",
  "result": "1/2-1/2",
  "white": "Ding Liren",
  "black": "Yu Ruiyuan",
  "isDingWin": false,
  "isDraw": true,
  "isDingBlack": false,
  "moves": [
    "d4",
    "d5",
    "c4",
    "c6",
    "Nf3",
    "Nf6",
    "Nc3",
    "dxc4",
    "a4",
    "Bf5",
    "Ne5",
    "e6",
    "f3",
    "c5",
    "e4",
    "Bg6",
    "Be3",
    "cxd4",
    "Qxd4",
    "Qxd4",
    "Bxd4",
    "Nfd7",
    "Nxd7",
    "Nxd7",
    "Bxc4",
    "a6",
    "h4",
    "Rc8",
    "Ba2",
    "h6",
    "Rd1",
    "Rg8",
    "Ne2",
    "Bb4+",
    "Kf2",
    "Ke7",
    "Nf4",
    "Bh7",
    "Nd3",
    "Bd6",
    "Rd2",
    "f6",
    "g4",
    "Bg6",
    "Ke2",
    "Rgd8",
    "Rhd1",
    "Be8",
    "Be3",
    "Rc6",
    "a5",
    "Rdc8",
    "Bb3",
    "Nc5",
    "Nxc5",
    "Bxc5",
    "Ba4",
    "R6c7",
    "Bxc5+",
    "Rxc5",
    "Bxe8",
    "Kxe8",
    "Rd6",
    "Rc2+",
    "R1d2",
    "Rxd2+",
    "Kxd2",
    "e5",
    "Rb6",
    "Rc7",
    "Ke3",
    "Kf7",
    "h5",
    "Rd7",
    "f4",
    "exf4+",
    "Kxf4",
    "Re7",
    "Rd6",
    "Re5",
    "Rd7+",
    "Re7",
    "Rd6",
    "Re5",
    "Rd5",
    "Re6",
    "Kf5",
    "Re7",
    "Rc5",
    "Re8",
    "Rc7+",
    "Re7",
    "Rxe7+",
    "Kxe7",
    "e5",
    "fxe5",
    "Kxe5",
    "Kd7",
    "Kf5",
    "Ke7",
    "Ke4"
  ]
}