{
  "event": "Asian Continental Chess Championship",
  "site": "Ho Chi Minh VIE",
  "date": "2012.05.10",
  "eventDate": "2012.05.05",
  "dateMillis": 1336579200000,
  "eventDateMillis": 1336147200000,
  "round": "6",
  "result": "1/2-1/2",
  "white": "Ding Liren",
  "black": "John Paul Gomez",
  "isDingWin": false,
  "isDraw": true,
  "isDingBlack": false,
  "moves": [
    "d4",
    "Nf6",
    "c4",
    "g6",
    "Nc3",
    "d5",
    "Nf3",
    "Bg7",
    "Qa4+",
    "Bd7",
    "Qb3",
    "dxc4",
    "Qxc4",
    "O-O",
    "Bf4",
    "Na6",
    "e4",
    "c5",
    "e5",
    "Nh5",
    "Be3",
    "cxd4",
    "Qxd4",
    "Bc6",
    "Be2",
    "Qc7",
    "O-O",
    "Bxf3",
    "Bxf3",
    "Bxe5",
    "Qe4",
    "Nc5",
    "Qh4",
    "Bxc3",
    "bxc3",
    "Ng7",
    "Bxc5",
    "Qxc5",
    "Bxb7",
    "Rab8",
    "Rab1",
    "Nf5",
    "Qa4",
    "Nd6",
    "Bf3",
    "Nc4",
    "Qd7",
    "Ne5",
    "Qd4",
    "Nxf3+",
    "gxf3",
    "Qxd4",
    "cxd4",
    "Rfd8",
    "Rxb8",
    "Rxb8",
    "Rc1",
    "Rb7",
    "d5",
    "Kg7",
    "Rc6",
    "Kh6",
    "f4",
    "Kg7",
    "Kg2",
    "Kf8",
    "Rc8+",
    "Kg7",
    "Rc6",
    "Kf8",
    "Rc8+",
    "Kg7"
  ]
}