{
  "event": "Asian Continental Chess Championship",
  "site": "Ho Chi Minh VIE",
  "date": "2012.05.09",
  "eventDate": "2012.05.05",
  "dateMillis": 1336492800000,
  "eventDateMillis": 1336147200000,
  "round": "5",
  "result": "1/2-1/2",
  "white": "Liu Qingnan",
  "black": "Ding Liren",
  "isDingWin": false,
  "isDraw": true,
  "isDingBlack": true,
  "moves": [
    "e4",
    "e6",
    "Qe2",
    "c5",
    "g3",
    "Nc6",
    "Nf3",
    "g6",
    "Bg2",
    "Bg7",
    "O-O",
    "Nge7",
    "c3",
    "O-O",
    "d4",
    "cxd4",
    "cxd4",
    "d5",
    "Rd1",
    "dxe4",
    "Qxe4",
    "Nf5",
    "Na3",
    "Nfxd4",
    "Nxd4",
    "Bxd4",
    "Be3",
    "e5",
    "Bxd4",
    "exd4",
    "Nb5",
    "Bf5",
    "Qf4",
    "Bc2",
    "Rd2",
    "d3",
    "Bxc6",
    "bxc6",
    "Na3",
    "Qb8",
    "Qxb8",
    "Rfxb8",
    "b3",
    "a5",
    "Nxc2",
    "dxc2",
    "Rxc2",
    "a4",
    "bxa4",
    "Rb6",
    "Rc4",
    "Rba6",
    "Rac1",
    "Rxa4",
    "Rxa4",
    "Rxa4",
    "Rxc6",
    "Rxa2",
    "h4",
    "Kg7"
  ]
}