{
  "event": "Asian Continental Chess Championship",
  "site": "Ho Chi Minh VIE",
  "date": "2012.05.13",
  "eventDate": "2012.05.05",
  "dateMillis": 1336838400000,
  "eventDateMillis": 1336147200000,
  "round": "9",
  "result": "1/2-1/2",
  "white": "Oliver Barbosa",
  "black": "Ding Liren",
  "isDingWin": false,
  "isDraw": true,
  "isDingBlack": true,
  "moves": [
    "Nf3",
    "Nf6",
    "c4",
    "g6",
    "b3",
    "Bg7",
    "Bb2",
    "O-O",
    "g3",
    "d6",
    "d4",
    "e5",
    "dxe5",
    "dxe5",
    "Qxd8",
    "Rxd8",
    "Nxe5",
    "Na6",
    "Nd3",
    "Bf5",
    "Nc3",
    "Ng4",
    "h3",
    "Ne5",
    "O-O-O",
    "Nxd3+",
    "exd3",
    "Nb4",
    "a3",
    "Bxc3",
    "Bxc3",
    "Nxd3+",
    "Bxd3",
    "Rxd3",
    "Rxd3",
    "Bxd3",
    "Rd1",
    "Bf5",
    "h4",
    "Re8",
    "Bf6",
    "Kf8",
    "Kb2",
    "Re6",
    "Rd8+",
    "Re8",
    "Kc3",
    "Rxd8",
    "Bxd8",
    "c6",
    "Kd4",
    "Ke8",
    "Bc7",
    "Kd7",
    "Bb8",
    "a6",
    "a4",
    "Bc2",
    "Kc3",
    "Bd1"
  ]
}