{
  "event": "Asian Continental Chess Championship",
  "site": "Ho Chi Minh VIE",
  "date": "2012.05.11",
  "eventDate": "2012.05.05",
  "dateMillis": 1336665600000,
  "eventDateMillis": 1336147200000,
  "round": "7",
  "result": "1-0",
  "white": "Parimarjan Negi",
  "black": "Ding Liren",
  "isDingWin": false,
  "isDraw": false,
  "isDingBlack": true,
  "moves": [
    "e4",
    "e6",
    "d4",
    "d5",
    "e5",
    "c5",
    "c3",
    "Nc6",
    "Nf3",
    "Qb6",
    "a3",
    "Bd7",
    "b4",
    "cxd4",
    "cxd4",
    "Rc8",
    "Bb2",
    "Nge7",
    "Nc3",
    "Na5",
    "Nd2",
    "Nc4",
    "Bxc4",
    "dxc4",
    "Nde4",
    "Nd5",
    "Nxd5",
    "exd5",
    "Nc5",
    "Qc6",
    "O-O",
    "Bf5",
    "Qf3",
    "Bg6",
    "e6",
    "fxe6",
    "Rfe1",
    "Bxc5",
    "dxc5",
    "Rf8",
    "Qg4",
    "Rf5",
    "Bxg7",
    "b6",
    "Bd4",
    "bxc5",
    "bxc5",
    "Rb8",
    "Re3",
    "Kd7",
    "Rae1",
    "Bf7",
    "Qg7",
    "h5",
    "Re5",
    "Rf4",
    "Qh7",
    "c3",
    "Be3"
  ]
}