{
  "event": "Hainan Danzhou GM",
  "site": "Danzhou CHN",
  "date": "2012.06.01",
  "eventDate": "2012.05.29",
  "dateMillis": 1338480000000,
  "eventDateMillis": 1338220800000,
  "round": "4",
  "result": "1/2-1/2",
  "white": "Ding Liren",
  "black": "Zhou Weiqi",
  "isDingWin": false,
  "isDraw": true,
  "isDingBlack": false,
  "moves": [
    "d4",
    "Nf6",
    "c4",
    "e6",
    "Nf3",
    "d5",
    "Nc3",
    "Be7",
    "Bf4",
    "O-O",
    "e3",
    "Nbd7",
    "c5",
    "Nh5",
    "Bd3",
    "Nxf4",
    "exf4",
    "b6",
    "b4",
    "a5",
    "a3",
    "c6",
    "O-O",
    "Qc7",
    "g3",
    "Ba6",
    "Kg2",
    "Bf6",
    "Ne5",
    "Nxe5",
    "fxe5",
    "Be7",
    "Qe2",
    "Bxd3",
    "Qxd3",
    "axb4",
    "axb4",
    "Qb7",
    "Na4",
    "b5",
    "Nc3",
    "Rxa1",
    "Rxa1",
    "Ra8",
    "Qb1",
    "Ra6",
    "Rxa6",
    "Qxa6",
    "Qa2",
    "Qxa2",
    "Nxa2",
    "f5",
    "Nc1",
    "Kf7",
    "Nb3",
    "Bd8",
    "Na5",
    "Bxa5",
    "bxa5",
    "b4",
    "a6",
    "b3",
    "a7",
    "b2",
    "a8=Q",
    "b1=Q",
    "Qxc6",
    "Qe4+",
    "Kg1",
    "Qe1+",
    "Kg2",
    "Qe4+",
    "Kg1",
    "Qe1+",
    "Kg2",
    "Qe4+"
  ]
}