{
  "event": "Hainan Danzhou GM",
  "site": "Danzhou CHN",
  "date": "2012.05.30",
  "eventDate": "2012.05.29",
  "dateMillis": 1338307200000,
  "eventDateMillis": 1338220800000,
  "round": "2",
  "result": "1/2-1/2",
  "white": "Ding Liren",
  "black": "Wen Yang",
  "isDingWin": false,
  "isDraw": true,
  "isDingBlack": false,
  "moves": [
    "d4",
    "Nf6",
    "c4",
    "g6",
    "Nc3",
    "Bg7",
    "e4",
    "d6",
    "Nf3",
    "O-O",
    "Be2",
    "e5",
    "O-O",
    "Nc6",
    "d5",
    "Ne7",
    "b4",
    "Nh5",
    "Re1",
    "f5",
    "c5",
    "Nf6",
    "Bg5",
    "Ne8",
    "a4",
    "h6",
    "Bxe7",
    "Qxe7",
    "c6",
    "bxc6",
    "dxc6",
    "Be6",
    "Bd3",
    "Rd8",
    "Rc1",
    "Qf7",
    "Qc2",
    "fxe4",
    "Bxe4",
    "g5",
    "Rcd1",
    "Nf6",
    "Bg6",
    "Qe7",
    "b5",
    "Kh8",
    "a5",
    "Rb8",
    "Rb1",
    "Nd5",
    "Nxd5",
    "Bxd5",
    "Be4",
    "Be6",
    "Red1",
    "g4",
    "Ne1",
    "Qf7",
    "Bg6",
    "Qf6",
    "Be4",
    "Qf7",
    "Bg6",
    "Qf6",
    "g3",
    "d5",
    "Ng2",
    "Bg8",
    "Nh4",
    "Be6",
    "Qc5",
    "Ra8",
    "Bc2",
    "e4",
    "Bb3",
    "d4",
    "Bxe6",
    "Qxe6",
    "Qe7",
    "Qxe7",
    "Ng6+",
    "Kh7",
    "Nxe7",
    "Rf7",
    "Nd5",
    "Be5",
    "Re1",
    "Rd8",
    "Nb4",
    "e3",
    "Nd3",
    "Rd5",
    "Kg2",
    "Bd6",
    "Re2",
    "h5",
    "b6",
    "axb6",
    "axb6",
    "cxb6",
    "Rxb6",
    "h4",
    "gxh4",
    "Rh5",
    "Rb7",
    "Rxb7",
    "cxb7",
    "Rxh4",
    "fxe3",
    "Rxh2+",
    "Kf1",
    "Rh1+",
    "Kg2",
    "Rh2+",
    "Kf1",
    "Rh1+",
    "Kg2"
  ]
}