{
  "event": "Hainan Danzhou GM",
  "site": "Danzhou CHN",
  "date": "2012.05.31",
  "eventDate": "2012.05.29",
  "dateMillis": 1338393600000,
  "eventDateMillis": 1338220800000,
  "round": "3",
  "result": "1/2-1/2",
  "white": "Ni Hua",
  "black": "Ding Liren",
  "isDingWin": false,
  "isDraw": true,
  "isDingBlack": true,
  "moves": [
    "e4",
    "c6",
    "d4",
    "d5",
    "e5",
    "Bf5",
    "Nf3",
    "e6",
    "Be2",
    "c5",
    "Be3",
    "cxd4",
    "Nxd4",
    "Ne7",
    "Nd2",
    "Nbc6",
    "N2f3",
    "Bg4",
    "O-O",
    "Bxf3",
    "Nxf3",
    "Qc7",
    "c4",
    "dxc4",
    "Bxc4",
    "Nf5",
    "Qe2",
    "Nxe3",
    "Qxe3",
    "Qb6",
    "Qxb6",
    "axb6",
    "a3",
    "g6",
    "Rfc1",
    "Bh6",
    "Rc3",
    "O-O",
    "Bb5",
    "Rfc8",
    "Rd1",
    "Na5",
    "Rxc8+",
    "Rxc8",
    "b4",
    "Nc6",
    "Rd7",
    "Bc1",
    "Rxb7",
    "Bxa3",
    "Rxb6",
    "Nxb4",
    "g3",
    "Nd5",
    "Rc6",
    "Rxc6",
    "Bxc6",
    "Nc3",
    "Kg2",
    "Kg7",
    "Nd2",
    "Bc5",
    "Ne4",
    "Nxe4",
    "Bxe4",
    "Bd4"
  ]
}