{
  "event": "Hainan Danzhou GM",
  "site": "Danzhou CHN",
  "date": "2012.05.29",
  "eventDate": "2012.05.29",
  "dateMillis": 1338220800000,
  "eventDateMillis": 1338220800000,
  "round": "1",
  "result": "1/2-1/2",
  "white": "Ding Liren",
  "black": "Wang Yue",
  "isDingWin": false,
  "isDraw": true,
  "isDingBlack": false,
  "moves": [
    "d4",
    "d5",
    "c4",
    "c6",
    "Nf3",
    "Nf6",
    "Nc3",
    "a6",
    "a4",
    "e6",
    "Bg5",
    "Be7",
    "e3",
    "a5",
    "Be2",
    "Na6",
    "O-O",
    "Nb4",
    "Qb3",
    "O-O",
    "Na2",
    "dxc4",
    "Qxc4",
    "Nxa2",
    "Qxa2",
    "Nd5",
    "Bxe7",
    "Qxe7",
    "Ne5",
    "Rd8",
    "Qc4",
    "Bd7",
    "Qc5",
    "Be8",
    "Rfd1",
    "f6",
    "Nd3",
    "Qxc5",
    "Nxc5",
    "b6",
    "Nd3",
    "Bg6",
    "Bf3",
    "Bxd3",
    "Rxd3",
    "Nb4",
    "Rdd1",
    "Kf7",
    "Kf1",
    "Ke7",
    "Rac1",
    "Rac8",
    "Rc4",
    "c5",
    "Rdc1",
    "Nd3",
    "R1c2",
    "Nb4",
    "Rc1",
    "Nd3",
    "R1c2",
    "Nb4",
    "Rc1",
    "Nd3"
  ]
}