{
  "event": "Hainan Danzhou GM",
  "site": "Danzhou CHN",
  "date": "2012.06.02",
  "eventDate": "2012.05.29",
  "dateMillis": 1338566400000,
  "eventDateMillis": 1338220800000,
  "round": "5",
  "result": "1-0",
  "white": "Bu Xiangzhi",
  "black": "Ding Liren",
  "isDingWin": false,
  "isDraw": false,
  "isDingBlack": true,
  "moves": [
    "Nf3",
    "Nf6",
    "b3",
    "d5",
    "Bb2",
    "Bg4",
    "e3",
    "Nbd7",
    "Be2",
    "e6",
    "h3",
    "Bxf3",
    "Bxf3",
    "Bd6",
    "O-O",
    "c6",
    "c4",
    "O-O",
    "d4",
    "e5",
    "cxd5",
    "cxd5",
    "dxe5",
    "Bxe5",
    "Nc3",
    "Rc8",
    "Rc1",
    "Re8",
    "Qd2",
    "Nb6",
    "Rfd1",
    "Rc6",
    "a4",
    "a5",
    "Ba3",
    "g6",
    "Nxd5",
    "Nbxd5",
    "Bxd5",
    "Rxc1",
    "Qxc1",
    "Nxd5",
    "Qc4",
    "Qc7",
    "Rxd5",
    "Qxc4",
    "bxc4",
    "Bc3",
    "Rd3",
    "Ba1",
    "Rd1",
    "Bc3",
    "Rc1",
    "Bd2",
    "Rb1",
    "Re4",
    "Rxb7",
    "Rxc4",
    "Rb8+",
    "Kg7",
    "Bb2+",
    "Kh6",
    "Rb7",
    "f5",
    "Bf6",
    "Rc6",
    "Bd8",
    "Rc8",
    "Rd7",
    "Rc2",
    "h4"
  ]
}