{
  "event": "Hainan Danzhou GM",
  "site": "Danzhou CHN",
  "date": "2012.06.04",
  "eventDate": "2012.05.29",
  "dateMillis": 1338739200000,
  "eventDateMillis": 1338220800000,
  "round": "6",
  "result": "1-0",
  "white": "Ding Liren",
  "black": "Yifan Hou",
  "isDingWin": true,
  "isDraw": false,
  "isDingBlack": false,
  "moves": [
    "Nf3",
    "Nf6",
    "c4",
    "e6",
    "Nc3",
    "d5",
    "d4",
    "Bb4",
    "cxd5",
    "exd5",
    "Bg5",
    "Nbd7",
    "e3",
    "c5",
    "Be2",
    "Qa5",
    "O-O",
    "Bxc3",
    "bxc3",
    "c4",
    "Qc2",
    "Ne4",
    "Rac1",
    "Nb6",
    "Bf4",
    "O-O",
    "Ne5",
    "Re8",
    "f3",
    "Nd6",
    "e4",
    "Be6",
    "Ng4",
    "Nb5",
    "Ne3",
    "Rad8",
    "Bg3",
    "Qa3",
    "Qd2",
    "f6",
    "e5",
    "fxe5",
    "Bxe5",
    "Nd7",
    "f4",
    "Nxe5",
    "fxe5",
    "Rf8",
    "Rxf8+",
    "Rxf8",
    "Bf3",
    "Nc7",
    "Rb1",
    "b5",
    "Qb2",
    "Qxb2",
    "Rxb2",
    "a5",
    "a4",
    "Rb8",
    "axb5",
    "Rxb5",
    "Ra2",
    "Kf8",
    "Kf2",
    "Ke7",
    "Ke1",
    "Na8",
    "Nxc4",
    "dxc4",
    "Bxa8",
    "Kd7",
    "Be4",
    "g6",
    "Kd2",
    "Bf5",
    "Bxf5+",
    "gxf5",
    "Kc2",
    "Kc6",
    "Rb2",
    "Rd5",
    "Rb8",
    "a4",
    "Ra8",
    "Rb5",
    "Rxa4",
    "Kd5",
    "Ra6",
    "Rb7",
    "Rd6+",
    "Ke4",
    "e6",
    "Rg7",
    "g3",
    "f4",
    "Rd7",
    "Rg8",
    "e7"
  ]
}