{
  "event": "Hainan Danzhou GM",
  "site": "Danzhou CHN",
  "date": "2012.06.07",
  "eventDate": "2012.05.29",
  "dateMillis": 1338998400000,
  "eventDateMillis": 1338220800000,
  "round": "9",
  "result": "1/2-1/2",
  "white": "Yu Yangyi",
  "black": "Ding Liren",
  "isDingWin": false,
  "isDraw": true,
  "isDingBlack": true,
  "moves": [
    "e4",
    "e6",
    "d4",
    "d5",
    "e5",
    "c5",
    "c3",
    "Nc6",
    "Nf3",
    "Qb6",
    "a3",
    "Nge7",
    "b4",
    "cxd4",
    "cxd4",
    "Nf5",
    "Be3",
    "Bd7",
    "Bd3",
    "Nxe3",
    "fxe3",
    "Rc8",
    "O-O",
    "Be7",
    "Qe1",
    "f5",
    "exf6",
    "Bxf6",
    "Nc3",
    "O-O",
    "Na4",
    "Qd8",
    "Nc5",
    "b6",
    "Nxd7",
    "Qxd7",
    "Ra2",
    "Qd6",
    "b5",
    "Nd8",
    "g4",
    "g6",
    "g5",
    "Bg7",
    "h4",
    "e5",
    "dxe5",
    "Qe6",
    "h5",
    "gxh5",
    "g6",
    "h6",
    "Rg2",
    "Nb7",
    "Qh4",
    "Rc3",
    "Qd4",
    "Rc5",
    "Qh4",
    "Rc3",
    "Qd4",
    "Rc5",
    "Qh4",
    "Rc3"
  ]
}