{
  "event": "Chinese League",
  "site": "Beijing CHN",
  "date": "2012.06.29",
  "eventDate": "2012.04.28",
  "dateMillis": 1340899200000,
  "eventDateMillis": 1335542400000,
  "round": "7",
  "result": "0-1",
  "white": "Zeng Chongsheng",
  "black": "Ding Liren",
  "isDingWin": true,
  "isDraw": false,
  "isDingBlack": true,
  "moves": [
    "e4",
    "c6",
    "d4",
    "d5",
    "e5",
    "Bf5",
    "h4",
    "h6",
    "g4",
    "Bd7",
    "Nd2",
    "c5",
    "dxc5",
    "Qc7",
    "e6",
    "Bxe6",
    "Nb3",
    "Nf6",
    "Be2",
    "Nc6",
    "Nh3",
    "Bd7",
    "c3",
    "O-O-O",
    "g5",
    "Bxh3",
    "Rxh3",
    "hxg5",
    "Bxg5",
    "Ne4",
    "Be3",
    "e5",
    "Qc2",
    "Qd7",
    "Rh2",
    "f5",
    "f4",
    "Qc7",
    "fxe5",
    "Qxe5",
    "Rh3",
    "Rxh4",
    "Rf3",
    "Rh1+",
    "Bf1",
    "Rh2",
    "Bg2",
    "g5",
    "O-O-O",
    "g4",
    "Bf4",
    "Bh6"
  ]
}