{
  "event": "Chinese League",
  "site": "Beijing CHN",
  "date": "2012.06.28",
  "eventDate": "2012.04.28",
  "dateMillis": 1340812800000,
  "eventDateMillis": 1335542400000,
  "round": "6",
  "result": "1-0",
  "white": "Ding Liren",
  "black": "Zhou Jianchao",
  "isDingWin": true,
  "isDraw": false,
  "isDingBlack": false,
  "moves": [
    "d4",
    "Nf6",
    "c4",
    "g6",
    "f3",
    "Bg7",
    "e4",
    "d6",
    "Nc3",
    "O-O",
    "Nge2",
    "e5",
    "Bg5",
    "exd4",
    "Nxd4",
    "Nc6",
    "Nc2",
    "Ne5",
    "Qd2",
    "Be6",
    "b3",
    "c6",
    "Rd1",
    "Qa5",
    "Be2",
    "Nfd7",
    "Na4",
    "Qxd2+",
    "Rxd2",
    "Nb6",
    "Nxb6",
    "axb6",
    "Nd4",
    "Bc8",
    "Be7",
    "Re8",
    "Bxd6",
    "Bh6",
    "a4",
    "Bxd2+",
    "Kxd2",
    "f5",
    "exf5",
    "Bxf5",
    "Bc7",
    "Nd7",
    "g4",
    "Be6",
    "Bd1",
    "Bf7",
    "Bc2",
    "Rac8",
    "Bf4",
    "Nc5",
    "Kc3",
    "Ne6",
    "Nxe6",
    "Bxe6",
    "Bd6",
    "b5",
    "Bd3",
    "Bf7",
    "Rf1",
    "Red8",
    "c5",
    "bxa4",
    "bxa4",
    "Rd7",
    "a5",
    "Re8",
    "f4",
    "Bd5",
    "h4",
    "Re3",
    "Kd4",
    "Rh3",
    "h5",
    "gxh5",
    "Bf5",
    "Rf7",
    "Re1",
    "hxg4",
    "Bxg4",
    "Rh4",
    "Bc8",
    "Rhxf4+",
    "Bxf4",
    "Rxf4+",
    "Ke5",
    "Ra4",
    "Bxb7",
    "Rxa5",
    "Kd6",
    "Kg7",
    "Bxc6",
    "Bxc6",
    "Kxc6",
    "h5",
    "Re5",
    "Kg6",
    "Kb6",
    "Ra8",
    "c6",
    "Rb8+",
    "Ka7",
    "Rh8",
    "c7",
    "h4",
    "Kb7",
    "Kf6",
    "Rc5"
  ]
}