{
  "event": "Chinese League",
  "site": "Beijing CHN",
  "date": "2012.04.29",
  "eventDate": "2012.04.28",
  "dateMillis": 1335628800000,
  "eventDateMillis": 1335542400000,
  "round": "2",
  "result": "1-0",
  "white": "Ding Liren",
  "black": "Gao Rui",
  "isDingWin": true,
  "isDraw": false,
  "isDingBlack": false,
  "moves": [
    "Nf3",
    "c5",
    "c4",
    "Nf6",
    "Nc3",
    "Nc6",
    "g3",
    "d5",
    "cxd5",
    "Nxd5",
    "Bg2",
    "g6",
    "h4",
    "Bg7",
    "h5",
    "Nxc3",
    "dxc3",
    "Qxd1+",
    "Kxd1",
    "O-O",
    "h6",
    "Bh8",
    "Ng5",
    "Bd7",
    "Be3",
    "b6",
    "Kc2",
    "Rac8",
    "Rad1",
    "Rfd8",
    "Bd5",
    "e6",
    "Be4",
    "Na5",
    "g4",
    "Nc4",
    "Bf4",
    "Be5",
    "e3",
    "Bxf4",
    "exf4",
    "f6",
    "Nf3",
    "Be8",
    "g5",
    "Nd6",
    "Nd2",
    "Bb5",
    "Bg2",
    "fxg5",
    "Bh3",
    "Nf5",
    "fxg5",
    "Bd3+",
    "Kc1",
    "Rd6",
    "Nf3",
    "Rcd8",
    "Ne5",
    "c4",
    "Ng4",
    "Kf7",
    "Bg2",
    "Kg8",
    "Rde1",
    "Kh8",
    "Re5",
    "Ne7",
    "Rhe1",
    "Bf5",
    "Ne3",
    "Bd3",
    "Bh3",
    "Nc6",
    "Rxe6",
    "Rxe6",
    "Bxe6",
    "Ne5",
    "f4",
    "Nf3",
    "Rd1",
    "b5",
    "Bd5",
    "Re8",
    "Ng4",
    "Be2",
    "Bxf3",
    "Bxd1",
    "Kxd1"
  ]
}