{
  "event": "Chinese League",
  "site": "Beijing CHN",
  "date": "2012.04.28",
  "eventDate": "2012.04.28",
  "dateMillis": 1335542400000,
  "eventDateMillis": 1335542400000,
  "round": "1",
  "result": "1/2-1/2",
  "white": "Ding Liren",
  "black": "Lin Chen",
  "isDingWin": false,
  "isDraw": true,
  "isDingBlack": false,
  "moves": [
    "d4",
    "d5",
    "c4",
    "e5",
    "dxe5",
    "d4",
    "Nf3",
    "Nc6",
    "a3",
    "Bg4",
    "Nbd2",
    "Qe7",
    "h3",
    "Bh5",
    "g3",
    "O-O-O",
    "Bg2",
    "Nxe5",
    "Nxe5",
    "Qxe5",
    "Nf3",
    "Bxf3",
    "Bxf3",
    "d3",
    "Bf4",
    "Qd4",
    "O-O",
    "Nf6",
    "e3",
    "Qd7",
    "Qb3",
    "c6",
    "Qa4",
    "Bd6",
    "Bxd6",
    "Qxd6",
    "Qxa7",
    "Rhe8",
    "b4",
    "Ne4",
    "b5",
    "f5",
    "bxc6",
    "Qxc6",
    "Qa8+",
    "Kd7",
    "Qa5",
    "g6",
    "Rfd1",
    "Kc8",
    "Rab1",
    "Qa6",
    "Qb4",
    "Rd7",
    "c5",
    "Kb8",
    "Bxe4",
    "Rxe4",
    "Qc3",
    "Rc4",
    "Qe5+",
    "Ka7",
    "Qe8",
    "Qc6",
    "Rb6",
    "Qa4",
    "Rd2",
    "Rc1+",
    "Kg2",
    "Qe4+",
    "Qxe4",
    "fxe4",
    "Rb4",
    "Rc2",
    "Rd1",
    "Rf7",
    "Rf1",
    "Rd7",
    "Rd1",
    "Rf7",
    "Rf1",
    "Rd7",
    "Rd1"
  ]
}