{
  "event": "Chinese League",
  "site": "Taizhou CHN",
  "date": "2012.06.27",
  "eventDate": "2012.04.28",
  "dateMillis": 1340726400000,
  "eventDateMillis": 1335542400000,
  "round": "5",
  "result": "0-1",
  "white": "Wang Hao",
  "black": "Ding Liren",
  "isDingWin": true,
  "isDraw": false,
  "isDingBlack": true,
  "moves": [
    "d4",
    "Nf6",
    "c4",
    "g6",
    "Nc3",
    "Bg7",
    "e4",
    "d6",
    "Nf3",
    "O-O",
    "Be2",
    "e5",
    "O-O",
    "Nc6",
    "d5",
    "Ne7",
    "b4",
    "Nh5",
    "g3",
    "f5",
    "Ng5",
    "Nf6",
    "Bf3",
    "Rb8",
    "b5",
    "h6",
    "Ne6",
    "Bxe6",
    "dxe6",
    "Qc8",
    "Ba3",
    "Rd8",
    "Nd5",
    "Qxe6",
    "exf5",
    "gxf5",
    "Nxc7",
    "Qxc4",
    "Rc1",
    "Qf7",
    "Qa4",
    "Nc8",
    "Rfd1",
    "e4",
    "Be2",
    "Kh7",
    "Bb2",
    "Rd7",
    "Bxf6",
    "Bxf6",
    "Bc4",
    "Qg7",
    "Ne6",
    "Qe7",
    "Nf4",
    "Nb6",
    "Qxa7",
    "Qd8",
    "Ne6",
    "Ra8",
    "Nxd8",
    "Rxa7",
    "Ne6",
    "Ra8",
    "Bb3",
    "Be5",
    "a4",
    "Re7",
    "Nc7",
    "Ra5",
    "Nd5"
  ]
}