{
  "event": "Chinese League",
  "site": "Beijing CHN",
  "date": "2012.04.30",
  "eventDate": "2012.04.28",
  "dateMillis": 1335715200000,
  "eventDateMillis": 1335542400000,
  "round": "3",
  "result": "1/2-1/2",
  "white": "Qun Ma",
  "black": "Ding Liren",
  "isDingWin": false,
  "isDraw": true,
  "isDingBlack": true,
  "moves": [
    "e4",
    "c6",
    "d4",
    "d5",
    "Nd2",
    "dxe4",
    "Nxe4",
    "Nd7",
    "Nf3",
    "Ngf6",
    "Nxf6+",
    "Nxf6",
    "Ne5",
    "Nd7",
    "Nxd7",
    "Bxd7",
    "Bc4",
    "Bf5",
    "c3",
    "e6",
    "Bf4",
    "Bd6",
    "Qf3",
    "O-O",
    "Bxd6",
    "Qxd6",
    "O-O",
    "Rfd8",
    "Rfe1",
    "b5",
    "Bd3",
    "Bxd3",
    "Qxd3",
    "c5",
    "Qxb5",
    "cxd4",
    "cxd4",
    "Qxd4",
    "Qe2",
    "Qd2",
    "Rac1",
    "Qa5",
    "Qc4",
    "Rd2",
    "Red1",
    "Rad8",
    "Rxd2",
    "Qxd2",
    "Rb1",
    "g6",
    "g3",
    "Rd5",
    "Qc1",
    "a5",
    "Qxd2",
    "Rxd2",
    "a3",
    "a4",
    "b3"
  ]
}