{
  "event": "Russia - China",
  "site": "St Petersburg RUS",
  "date": "2012.07.03",
  "eventDate": "2012.07.02",
  "dateMillis": 1341244800000,
  "eventDateMillis": 1341158400000,
  "round": "2",
  "result": "1/2-1/2",
  "white": "Ding Liren",
  "black": "Dmitry Jakovenko",
  "isDingWin": false,
  "isDraw": true,
  "isDingBlack": false,
  "moves": [
    "d4",
    "d5",
    "c4",
    "c6",
    "Nf3",
    "Nf6",
    "Nc3",
    "dxc4",
    "a4",
    "e6",
    "e3",
    "c5",
    "Bxc4",
    "cxd4",
    "exd4",
    "Be7",
    "O-O",
    "Nc6",
    "Qe2",
    "O-O",
    "Rd1",
    "Nd5",
    "Qe4",
    "Nf6",
    "Qh4",
    "Nb4",
    "Qg3",
    "Kh8",
    "Bg5",
    "Nfd5",
    "Bxe7",
    "Qxe7",
    "Rac1",
    "Nf6",
    "Qe5",
    "Nc6",
    "Qf4",
    "Nb4",
    "Ne4",
    "Nfd5",
    "Bxd5",
    "Nxd5",
    "Qd6",
    "Qxd6",
    "Nxd6",
    "Kg8",
    "Rd2",
    "Rd8",
    "Rdc2",
    "Rxd6",
    "Rxc8+",
    "Rd8",
    "Rxa8",
    "Rxa8",
    "g3",
    "f6",
    "h4",
    "Rd8",
    "b3",
    "Kf7",
    "Kf1",
    "Kg6",
    "Ke2",
    "h5",
    "Nd2",
    "Kf5",
    "Kf3",
    "Rd7",
    "Rc5",
    "b6",
    "Rc4",
    "g5",
    "Nf1",
    "e5",
    "dxe5",
    "g4+",
    "Ke2",
    "Kxe5",
    "Ne3",
    "Nxe3",
    "Kxe3",
    "Rd1"
  ]
}