{
  "event": "Russia - China",
  "site": "St Petersburg RUS",
  "date": "2012.07.04",
  "eventDate": "2012.07.02",
  "dateMillis": 1341331200000,
  "eventDateMillis": 1341158400000,
  "round": "3",
  "result": "1/2-1/2",
  "white": "Evgeny Tomashevsky",
  "black": "Ding Liren",
  "isDingWin": false,
  "isDraw": true,
  "isDingBlack": true,
  "moves": [
    "d4",
    "Nf6",
    "c4",
    "g6",
    "Nc3",
    "Bg7",
    "e4",
    "d6",
    "f3",
    "O-O",
    "Nge2",
    "c5",
    "d5",
    "e6",
    "Ng3",
    "exd5",
    "cxd5",
    "a6",
    "a4",
    "h5",
    "Bg5",
    "Qe8",
    "Bd3",
    "Nh7",
    "Bf4",
    "Qe7",
    "O-O",
    "Nd7",
    "Qd2",
    "Ne5",
    "Be2",
    "h4",
    "Nh1",
    "f5",
    "exf5",
    "gxf5",
    "Nf2",
    "Qf6",
    "a5",
    "Bd7",
    "Kh1",
    "Rae8",
    "Rae1",
    "Ng6",
    "Bh6",
    "Bxh6",
    "Qxh6",
    "Qg5",
    "Qxg5",
    "Nxg5",
    "Bc4",
    "Kg7",
    "b3",
    "Kf6",
    "h3",
    "Nf7",
    "Nd3",
    "Nfe5",
    "Nxe5",
    "Nxe5",
    "Kg1",
    "Rg8",
    "Kf2",
    "Rg7",
    "Rg1",
    "Rb8",
    "g4",
    "hxg3+",
    "Rxg3",
    "Rxg3",
    "Kxg3",
    "b5",
    "axb6",
    "Rxb6",
    "Ra1",
    "Nxc4",
    "bxc4",
    "Rb4",
    "Rxa6",
    "Rxc4",
    "Ne2",
    "Ke5",
    "Ra7",
    "f4+",
    "Kh4",
    "Bf5",
    "Kg5",
    "Bxh3"
  ]
}