{
  "event": "Russia - China",
  "site": "St Petersburg RUS",
  "date": "2012.07.06",
  "eventDate": "2012.07.02",
  "dateMillis": 1341504000000,
  "eventDateMillis": 1341158400000,
  "round": "5",
  "result": "1/2-1/2",
  "white": "Ian Nepomniachtchi",
  "black": "Ding Liren",
  "isDingWin": false,
  "isDraw": true,
  "isDingBlack": true,
  "moves": [
    "e4",
    "e6",
    "d4",
    "d5",
    "Nc3",
    "Nf6",
    "e5",
    "Nfd7",
    "f4",
    "c5",
    "Nf3",
    "Nc6",
    "Be3",
    "a6",
    "Qd2",
    "b5",
    "Nd1",
    "Be7",
    "Bd3",
    "c4",
    "Be2",
    "Qa5",
    "c3",
    "b4",
    "O-O",
    "Nb6",
    "Bf2",
    "Rb8",
    "Bh4",
    "bxc3",
    "bxc3",
    "Na4",
    "Bxe7",
    "Nxe7",
    "Qc1",
    "O-O",
    "Qa3",
    "Nc6",
    "Qc1",
    "Na7",
    "Qe3",
    "Bd7",
    "h4",
    "Nb2",
    "h5",
    "Ba4",
    "Nf2",
    "Bc2",
    "h6",
    "g6",
    "Ng4",
    "Nb5",
    "Rfc1",
    "Bd3",
    "Bxd3",
    "Nxd3",
    "Nf6+",
    "Kh8",
    "Nd7",
    "Nxc1",
    "Rxc1",
    "Qc7",
    "Nf6",
    "Qe7",
    "Ng5",
    "Nc7",
    "Ngxh7",
    "Rfd8",
    "Qe1",
    "Ne8",
    "Nxe8",
    "Kxh7",
    "Nf6+",
    "Kh8",
    "Rc2",
    "Rb5",
    "Kh2",
    "Rdb8",
    "Qg3",
    "Rb1",
    "f5",
    "exf5",
    "Nxd5",
    "Qf8",
    "Qg5",
    "Re1",
    "Rc1",
    "Re2",
    "Rf1",
    "Qd8",
    "Ne7",
    "Qf8",
    "Nd5",
    "Qd8",
    "Nf6",
    "Rbb2",
    "Rg1",
    "Rb6",
    "Ne4",
    "Qxg5",
    "Nxg5",
    "Rb7",
    "Rd1"
  ]
}