{
  "event": "Russia - China",
  "site": "St Petersburg RUS",
  "date": "2012.07.05",
  "eventDate": "2012.07.02",
  "dateMillis": 1341417600000,
  "eventDateMillis": 1341158400000,
  "round": "4",
  "result": "1-0",
  "white": "Ding Liren",
  "black": "Maxim Matlakov",
  "isDingWin": true,
  "isDraw": false,
  "isDingBlack": false,
  "moves": [
    "Nf3",
    "d5",
    "d4",
    "Nf6",
    "c4",
    "e6",
    "Nc3",
    "Be7",
    "Bf4",
    "O-O",
    "a3",
    "b6",
    "e3",
    "c5",
    "dxc5",
    "bxc5",
    "Be2",
    "Nc6",
    "O-O",
    "Ba6",
    "Nb5",
    "Rc8",
    "Qa4",
    "Qb6",
    "Rfd1",
    "Rfd8",
    "Ne5",
    "Bxb5",
    "Qxb5",
    "Qxb5",
    "cxb5",
    "Nxe5",
    "Bxe5",
    "Nd7",
    "Bc3",
    "Bf6",
    "a4",
    "c4",
    "e4",
    "dxe4",
    "a5",
    "Kf8",
    "Rd6",
    "Bxc3",
    "bxc3",
    "Ne5",
    "Ra6",
    "Rc7",
    "b6",
    "axb6",
    "Rxb6",
    "Ke7",
    "a6",
    "Ra7",
    "Ra5",
    "Kf6",
    "Kf1",
    "Rd2",
    "Ke1",
    "Rd8",
    "h4",
    "Rda8",
    "Kd2",
    "Nd7",
    "Rd6",
    "Rc7",
    "Rd4",
    "Nb6",
    "Rd6",
    "Nc8",
    "Rd8",
    "Ke7",
    "Rg8",
    "g6",
    "Ra4",
    "Nb6",
    "Rxa8",
    "Nxa4",
    "Rb8",
    "Kd6",
    "Bxc4",
    "Nc5",
    "Rb6+",
    "Ke5",
    "Bb5",
    "f5",
    "Bc6",
    "Ra7",
    "Bb7",
    "h6",
    "Ke2",
    "g5",
    "hxg5",
    "hxg5",
    "f3",
    "exf3+",
    "Kxf3",
    "Nd7",
    "Rb5+",
    "Kd6",
    "c4",
    "Nc5",
    "Rb6+",
    "Ke5",
    "Ke3",
    "f4+",
    "Kf3",
    "Kd4",
    "Kg4",
    "Kxc4",
    "Rc6",
    "Kd4",
    "Rxc5"
  ]
}