{
  "event": "Russia - China",
  "site": "St Petersburg RUS",
  "date": "2012.07.02",
  "eventDate": "2012.07.02",
  "dateMillis": 1341158400000,
  "eventDateMillis": 1341158400000,
  "round": "1",
  "result": "1-0",
  "white": "Nikita Vitiugov",
  "black": "Ding Liren",
  "isDingWin": false,
  "isDraw": false,
  "isDingBlack": true,
  "moves": [
    "d4",
    "Nf6",
    "c4",
    "g6",
    "Nc3",
    "Bg7",
    "e4",
    "d6",
    "f3",
    "O-O",
    "Be3",
    "c5",
    "Nge2",
    "b6",
    "d5",
    "e6",
    "Nf4",
    "exd5",
    "Nfxd5",
    "Nc6",
    "Qd2",
    "Nxd5",
    "Nxd5",
    "Be6",
    "Bd3",
    "Bxd5",
    "cxd5",
    "Nd4",
    "O-O",
    "b5",
    "Kh1",
    "Qd7",
    "Rae1",
    "b4",
    "f4",
    "h5",
    "f5",
    "Be5",
    "Bxd4",
    "Bxd4",
    "e5",
    "Bxe5",
    "Rxe5",
    "dxe5",
    "f6",
    "Kh7",
    "Rf5"
  ]
}