{
  "event": "World Junior Championship",
  "site": "Athens GRE",
  "date": "2012.08.03",
  "eventDate": "2012.08.02",
  "dateMillis": 1343923200000,
  "eventDateMillis": 1343836800000,
  "round": "3",
  "result": "1-0",
  "white": "Ding Liren",
  "black": "Nikolaos Aggelis",
  "isDingWin": true,
  "isDraw": false,
  "isDingBlack": false,
  "moves": [
    "Nf3",
    "Nf6",
    "c4",
    "g6",
    "Nc3",
    "d5",
    "cxd5",
    "Nxd5",
    "h4",
    "Nxc3",
    "bxc3",
    "Bg7",
    "h5",
    "c5",
    "g3",
    "Nc6",
    "Bg2",
    "Qa5",
    "Qb3",
    "Qa6",
    "Rb1",
    "O-O",
    "hxg6",
    "hxg6",
    "Ng5",
    "Bg4",
    "Qb5",
    "Qxa2",
    "Rb2",
    "Qa1",
    "O-O",
    "Rac8",
    "Qc4",
    "Ne5",
    "Qe4",
    "Bf6",
    "Rxb7",
    "Bxg5",
    "Qxe5",
    "Bf6",
    "Qe4",
    "Bf5",
    "Qf4",
    "e5",
    "Qc4",
    "Be6",
    "Bd5",
    "Bxd5",
    "Qxd5",
    "Rb8",
    "Rxb8",
    "Rxb8",
    "Qxc5",
    "Rb1",
    "Qa3",
    "Be7",
    "Qxe7",
    "Rxc1",
    "Qd8+",
    "Kg7",
    "Rxc1",
    "Qxc1+",
    "Kg2",
    "Qa3",
    "Qd5",
    "a5",
    "Qxe5+",
    "Kh7",
    "c4",
    "a4",
    "c5",
    "Qc1",
    "Qc3",
    "Qxc3",
    "dxc3",
    "a3",
    "c6",
    "a2",
    "c7",
    "a1=Q",
    "c8=Q",
    "Qb2",
    "Qc4"
  ]
}