{
  "event": "World Junior Championship",
  "site": "Athens GRE",
  "date": "2012.08.03",
  "eventDate": "2012.08.02",
  "dateMillis": 1343923200000,
  "eventDateMillis": 1343836800000,
  "round": "2",
  "result": "1/2-1/2",
  "white": "Gao Rui",
  "black": "Ding Liren",
  "isDingWin": false,
  "isDraw": true,
  "isDingBlack": true,
  "moves": [
    "e4",
    "c6",
    "d4",
    "d5",
    "Nc3",
    "dxe4",
    "Nxe4",
    "Nd7",
    "Nf3",
    "Ngf6",
    "Nxf6+",
    "Nxf6",
    "c3",
    "g6",
    "Bd3",
    "Bg7",
    "h3",
    "O-O",
    "O-O",
    "b6",
    "Bf4",
    "Bb7",
    "Qe2",
    "e6",
    "Rad1",
    "Qe7",
    "Ba6",
    "Rfd8",
    "Bxb7",
    "Qxb7",
    "Be5",
    "Rd7",
    "Nd2",
    "Rad8",
    "Qf3",
    "Ne8",
    "Bxg7",
    "Kxg7",
    "Nc4",
    "Rd5",
    "Ne3",
    "R5d7",
    "Ng4",
    "Rd6",
    "a3",
    "Qc7",
    "Qe2",
    "h5",
    "Ne5",
    "Nf6",
    "Rd3",
    "Rd5",
    "Rfd1",
    "c5",
    "Nf3",
    "a5",
    "Qe3",
    "a4",
    "dxc5",
    "bxc5",
    "c4",
    "Rxd3",
    "Rxd3",
    "Rxd3",
    "Qxd3",
    "Qf4",
    "Qc3",
    "h4",
    "Ne1",
    "Qd6",
    "Nd3",
    "e5",
    "f3",
    "Nd7",
    "f4",
    "f6",
    "fxe5",
    "fxe5",
    "b3",
    "axb3",
    "Qxb3",
    "Qd4+",
    "Nf2",
    "e4",
    "Kf1",
    "Nf6",
    "Ke2",
    "g5",
    "Ng4",
    "Kg6",
    "a4",
    "Nxg4",
    "hxg4",
    "Qd7",
    "a5",
    "Qxg4+",
    "Kf2",
    "Qf4+",
    "Ke2",
    "Qh2",
    "Kf2",
    "Qe5",
    "Ke2",
    "Qa1",
    "Qc2",
    "Kf5",
    "Qd2",
    "Kg6",
    "Qc2",
    "Kf5",
    "Qd2",
    "Kg6"
  ]
}