{
  "event": "World Junior Championship",
  "site": "Athens GRE",
  "date": "2012.08.03",
  "eventDate": "2012.08.02",
  "dateMillis": 1343923200000,
  "eventDateMillis": 1343836800000,
  "round": "4",
  "result": "1/2-1/2",
  "white": "Mustafa Yilmaz",
  "black": "Ding Liren",
  "isDingWin": false,
  "isDraw": true,
  "isDingBlack": true,
  "moves": [
    "c4",
    "g6",
    "Nc3",
    "Bg7",
    "g3",
    "Nf6",
    "Bg2",
    "O-O",
    "Nf3",
    "d6",
    "O-O",
    "Nc6",
    "Rb1",
    "a5",
    "a3",
    "e5",
    "d3",
    "Nd4",
    "b4",
    "axb4",
    "axb4",
    "c6",
    "Bg5",
    "h6",
    "Bxf6",
    "Qxf6",
    "b5",
    "Bg4",
    "Ne4",
    "Qe7",
    "Nxd4",
    "exd4",
    "bxc6",
    "bxc6",
    "Re1",
    "d5",
    "Nd2",
    "Be6",
    "cxd5",
    "cxd5",
    "Rb5",
    "Qd6",
    "Qb1",
    "Rfb8",
    "Nf3",
    "g5",
    "h3",
    "Bf6",
    "Rxb8+",
    "Rxb8",
    "Qa1",
    "Qb6",
    "Rc1",
    "Kg7",
    "Rc2",
    "h5",
    "Qc1",
    "Qd8",
    "h4",
    "gxh4",
    "gxh4",
    "Bxh4",
    "Nxd4",
    "Bg4",
    "Rc6",
    "Bg5",
    "e3",
    "Rb7",
    "Rc5",
    "Qf6",
    "Rxd5",
    "Bh4",
    "f4",
    "Rb4",
    "Nc6",
    "Ra4",
    "Ne5",
    "Be6",
    "Rb5",
    "Bg3",
    "Qc2",
    "Ra1+",
    "Rb1",
    "Ra2",
    "Rb2",
    "Ra1+",
    "Rb1",
    "Ra2",
    "Rb2"
  ]
}