{
  "event": "World Junior Championship",
  "site": "Athens GRE",
  "date": "2012.08.06",
  "eventDate": "2012.08.02",
  "dateMillis": 1344182400000,
  "eventDateMillis": 1343836800000,
  "round": "5",
  "result": "1-0",
  "white": "Ding Liren",
  "black": "Vladislav Kovalev",
  "isDingWin": true,
  "isDraw": false,
  "isDingBlack": false,
  "moves": [
    "d4",
    "d5",
    "c4",
    "dxc4",
    "e4",
    "Nf6",
    "e5",
    "Nd5",
    "Bxc4",
    "Nb6",
    "Bd3",
    "Nc6",
    "Be3",
    "Nb4",
    "Be4",
    "f5",
    "exf6",
    "exf6",
    "Nc3",
    "f5",
    "Bb1",
    "Bd6",
    "Nf3",
    "O-O",
    "O-O",
    "c6",
    "a3",
    "N4d5",
    "Ba2",
    "Bc7",
    "Re1",
    "Qd6",
    "Bd2",
    "Kh8",
    "Rc1",
    "Bd7",
    "Re5",
    "Nxc3",
    "Bxc3",
    "Qg6",
    "Re1",
    "Rae8",
    "Qd3",
    "Re4",
    "Ne5",
    "Bxe5",
    "dxe5",
    "Rxe1+",
    "Rxe1",
    "Be6",
    "Qd6",
    "Re8",
    "Bb1",
    "Nd5",
    "Bd2",
    "Qf7",
    "Bd3",
    "Kg8",
    "Bf1",
    "Qe7",
    "Qxe7",
    "Rxe7",
    "f3",
    "Rd7",
    "Kf2",
    "Kf7",
    "Rc1",
    "a6",
    "g3",
    "Rd8",
    "Be2",
    "Rd7",
    "h4",
    "h5",
    "b4",
    "Rd8",
    "Bg5",
    "Re8",
    "Be3",
    "Rd8",
    "f4",
    "g6",
    "Bc5",
    "Ra8",
    "Bd6",
    "a5",
    "b5",
    "cxb5",
    "Bf3",
    "b4",
    "Rc5",
    "Nc3",
    "Rc7+",
    "Kg8",
    "Bxb7",
    "Ne4+",
    "Ke3",
    "Rd8",
    "Be7",
    "Rd1",
    "axb4",
    "axb4",
    "Bxb4",
    "Nxg3",
    "Bc8",
    "Bxc8",
    "Rxc8+",
    "Kf7",
    "Rc7+",
    "Kg8",
    "Rc8+",
    "Kf7",
    "Rf8+",
    "Kg7",
    "e6",
    "Rb1",
    "Rf7+",
    "Kg8",
    "Rf8+",
    "Kg7",
    "Rb8",
    "Rb3+",
    "Kd4",
    "Ne2+",
    "Kc4",
    "Rxb4+",
    "Rxb4",
    "Nxf4",
    "e7",
    "Kf7",
    "Kc5",
    "Ne6+",
    "Kd6",
    "Ng7",
    "Kd7",
    "Ne8",
    "Rb1",
    "Ng7",
    "Rd1",
    "Ne8",
    "Rg1",
    "Ng7",
    "Rb1",
    "Ne8",
    "Rb6",
    "Ng7",
    "Ra6"
  ]
}