{
  "event": "World Junior Championship",
  "site": "Athens GRE",
  "date": "2012.08.07",
  "eventDate": "2012.08.02",
  "dateMillis": 1344268800000,
  "eventDateMillis": 1343836800000,
  "round": "6",
  "result": "1/2-1/2",
  "white": "A R Saleh Salem",
  "black": "Ding Liren",
  "isDingWin": false,
  "isDraw": true,
  "isDingBlack": true,
  "moves": [
    "d4",
    "Nf6",
    "c4",
    "g6",
    "Nf3",
    "Bg7",
    "g3",
    "O-O",
    "Bg2",
    "d6",
    "O-O",
    "c6",
    "Nc3",
    "Bf5",
    "Nh4",
    "Be6",
    "d5",
    "cxd5",
    "cxd5",
    "Bd7",
    "Be3",
    "Ng4",
    "Bd4",
    "Bxd4",
    "Qxd4",
    "Qb6",
    "Qd2",
    "Na6",
    "h3",
    "Nf6",
    "e4",
    "Nc5",
    "Rae1",
    "Rac8",
    "e5",
    "dxe5",
    "Rxe5",
    "e6",
    "Rfe1",
    "Rfd8",
    "R1e2",
    "exd5",
    "Rxd5",
    "Be6",
    "Rxd8+",
    "Rxd8",
    "Qg5",
    "Kg7",
    "Rd2",
    "Rd3",
    "Nf3",
    "Rxc3",
    "bxc3",
    "Nce4",
    "Qe5",
    "Nxd2",
    "Nxd2",
    "Bxa2",
    "c4",
    "Qe6",
    "Qd4",
    "a5",
    "Bxb7",
    "a4",
    "Bd5",
    "Qe7",
    "Qb2",
    "Bb3",
    "Ne4",
    "Bd1",
    "Qc3",
    "h5",
    "c5",
    "Bb3",
    "Bxb3",
    "Qxe4",
    "Bc2",
    "Qc6",
    "h4",
    "a3",
    "Qxa3",
    "Nd7",
    "Qa1+",
    "Kg8",
    "Ba4",
    "Qa6",
    "c6",
    "Nc5",
    "c7",
    "Nxa4",
    "Qxa4"
  ]
}