{
  "event": "World Junior Championship",
  "site": "Athens GRE",
  "date": "2012.08.08",
  "eventDate": "2012.08.02",
  "dateMillis": 1344355200000,
  "eventDateMillis": 1343836800000,
  "round": "7",
  "result": "1-0",
  "white": "Ding Liren",
  "black": "Tal Baron",
  "isDingWin": true,
  "isDraw": false,
  "isDingBlack": false,
  "moves": [
    "Nf3",
    "Nf6",
    "c4",
    "e6",
    "d4",
    "d5",
    "Nc3",
    "Bb4",
    "cxd5",
    "exd5",
    "Bg5",
    "Nbd7",
    "e3",
    "c5",
    "Be2",
    "h6",
    "Bh4",
    "Qa5",
    "O-O",
    "Bxc3",
    "bxc3",
    "c4",
    "Qc2",
    "Ne4",
    "Rfc1",
    "Nb6",
    "a4",
    "Bf5",
    "Qb2",
    "O-O",
    "Bd1",
    "Rfe8",
    "Nd2",
    "Nxd2",
    "Qxd2",
    "Re6",
    "Bc2",
    "Bxc2",
    "Qxc2",
    "Nc8",
    "Bg3",
    "Qd8",
    "Rcb1",
    "Qd7",
    "a5",
    "a6",
    "Re1",
    "Qe7",
    "Qf5",
    "Qd8",
    "f3",
    "Ne7",
    "Qb1",
    "b5",
    "axb6",
    "Rxb6",
    "Qc2",
    "Rb3",
    "e4",
    "Qb6",
    "Re2",
    "a5",
    "Rae1",
    "Qb5",
    "Bd6",
    "Ng6",
    "g3",
    "Rd8",
    "e5",
    "Qd7",
    "e6",
    "Qxd6",
    "exf7+",
    "Kxf7",
    "Re6",
    "Qxe6",
    "Rxe6",
    "Kxe6",
    "Qxg6+",
    "Kd7",
    "Qxg7+",
    "Kc6",
    "Qa7",
    "Rxc3",
    "Qa6+",
    "Kd7",
    "Qxa5",
    "Rc1+",
    "Kg2",
    "Ke8",
    "Qb6",
    "Re1",
    "Qxh6",
    "Re7",
    "Qc6+",
    "Rdd7",
    "f4",
    "Kf8",
    "f5",
    "Rc7",
    "Qd6",
    "Kf7",
    "Qxd5+",
    "Kg7",
    "Qd6",
    "Red7",
    "Qg6+",
    "Kh8",
    "d5",
    "c3",
    "d6"
  ]
}