{
  "event": "World Junior Championship",
  "site": "Athens GRE",
  "date": "2012.08.10",
  "eventDate": "2012.08.02",
  "dateMillis": 1344528000000,
  "eventDateMillis": 1343836800000,
  "round": "8",
  "result": "1/2-1/2",
  "white": "Ding Liren",
  "black": "Alexander Ipatov",
  "isDingWin": false,
  "isDraw": true,
  "isDingBlack": false,
  "moves": [
    "Nf3",
    "d5",
    "d4",
    "Nf6",
    "c4",
    "e6",
    "Nc3",
    "Nbd7",
    "Bf4",
    "dxc4",
    "e3",
    "a6",
    "a4",
    "Bd6",
    "Bg5",
    "h6",
    "Bh4",
    "b6",
    "Bxc4",
    "Bb7",
    "O-O",
    "Qe7",
    "d5",
    "e5",
    "Qe2",
    "g5",
    "Bg3",
    "Nf8",
    "Nd2",
    "Ng6",
    "f3",
    "h5",
    "Nde4",
    "Nxe4",
    "fxe4",
    "Bc8",
    "Be1",
    "g4",
    "Qd3",
    "Qg5",
    "Ne2",
    "h4",
    "Bd2",
    "O-O",
    "Nc3",
    "Kg7",
    "Qe2",
    "Ne7",
    "b3",
    "f6",
    "Rac1",
    "Qg6",
    "Bd3",
    "Rf7",
    "Be1",
    "Qg5",
    "Bd2",
    "Qg6",
    "Rc2",
    "Ng8",
    "Nd1",
    "Nh6",
    "Nc3",
    "Bb7"
  ]
}