{
  "event": "World Junior Championship",
  "site": "Athens",
  "date": "2012.08.02",
  "eventDate": "2012.08.02",
  "dateMillis": 1343836800000,
  "eventDateMillis": 1343836800000,
  "round": "1.1",
  "result": "1-0",
  "white": "Ding Liren",
  "black": "Shiyam Thavandiran",
  "isDingWin": true,
  "isDraw": false,
  "isDingBlack": false,
  "moves": [
    "d4",
    "Nf6",
    "c4",
    "e6",
    "Nf3",
    "Bb4+",
    "Nbd2",
    "O-O",
    "a3",
    "Be7",
    "e4",
    "d5",
    "e5",
    "Nfd7",
    "Bd3",
    "c5",
    "h4",
    "h6",
    "Bb1",
    "Nc6",
    "Qc2",
    "f5",
    "exf6",
    "Nxf6",
    "dxc5",
    "Bxc5",
    "O-O",
    "Bd6",
    "b4",
    "Ne7",
    "Bb2",
    "Nf5",
    "Qb3",
    "Kh8",
    "Bxf5",
    "exf5",
    "Rfe1",
    "Ne4",
    "Rad1",
    "Be6",
    "Qe3",
    "Qe7",
    "Qxh6+",
    "Kg8",
    "Bxg7",
    "Rfe8",
    "Nxe4",
    "fxe4",
    "Bb2"
  ]
}