{
  "event": "World Junior Championship",
  "site": "Athens GRE",
  "date": "2012.08.13",
  "eventDate": "2012.08.02",
  "dateMillis": 1344787200000,
  "eventDateMillis": 1343836800000,
  "round": "11",
  "result": "1/2-1/2",
  "white": "Ding Liren",
  "black": "Yu Yangyi",
  "isDingWin": false,
  "isDraw": true,
  "isDingBlack": false,
  "moves": [
    "d4",
    "Nf6",
    "c4",
    "e6",
    "g3",
    "Bb4+",
    "Bd2",
    "Be7",
    "Bg2",
    "d5",
    "Nf3",
    "O-O",
    "O-O",
    "c6",
    "Qc2",
    "b6",
    "Rd1",
    "Nbd7",
    "Bf4",
    "Ba6",
    "Ne5",
    "Nxe5",
    "dxe5",
    "Nh5",
    "Bc1",
    "f5",
    "cxd5",
    "cxd5",
    "Nc3",
    "Qe8",
    "Nxd5",
    "exd5",
    "Bxd5+",
    "Kh8",
    "Bxa8",
    "Qxa8",
    "Rd7",
    "f4",
    "Rxe7",
    "Qd8",
    "Rxa7",
    "fxg3",
    "hxg3",
    "Nxg3",
    "fxg3",
    "Qd4+",
    "e3",
    "Qg4",
    "Rxa6",
    "Qxg3+",
    "Qg2",
    "Qe1+",
    "Kh2",
    "Qh4+",
    "Kg1",
    "Qe1+",
    "Kh2",
    "Qh4+",
    "Kg1",
    "Qe1+"
  ]
}