{
  "event": "World Junior Championship",
  "site": "Athens GRE",
  "date": "2012.08.11",
  "eventDate": "2012.08.02",
  "dateMillis": 1344614400000,
  "eventDateMillis": 1343836800000,
  "round": "10",
  "result": "0-1",
  "white": "Sahaj Grover",
  "black": "Ding Liren",
  "isDingWin": true,
  "isDraw": false,
  "isDingBlack": true,
  "moves": [
    "d4",
    "Nf6",
    "c4",
    "g6",
    "Nc3",
    "Bg7",
    "e4",
    "O-O",
    "Nf3",
    "d6",
    "h3",
    "e5",
    "d5",
    "Nh5",
    "g3",
    "Na6",
    "Be2",
    "f5",
    "exf5",
    "gxf5",
    "Ng5",
    "Nf6",
    "Be3",
    "Nc5",
    "b4",
    "Na6",
    "Qb3",
    "Kh8",
    "f4",
    "exf4",
    "Bxf4",
    "h6",
    "Ne6",
    "Bxe6",
    "dxe6",
    "Ne4",
    "Nd5",
    "Qe8",
    "e7",
    "Rf7",
    "O-O",
    "c6",
    "Ne3",
    "Bxa1",
    "Rxa1",
    "Qxe7",
    "Bh5",
    "Rg7",
    "Kh2",
    "Qf6",
    "Rg1",
    "Nc7"
  ]
}