{
  "event": "World Junior Championship",
  "site": "Athens GRE",
  "date": "2012.08.15",
  "eventDate": "2012.08.02",
  "dateMillis": 1344960000000,
  "eventDateMillis": 1343836800000,
  "round": "13.1",
  "result": "1/2-1/2",
  "white": "Ding Liren",
  "black": "Richard Rapport",
  "isDingWin": false,
  "isDraw": true,
  "isDingBlack": false,
  "moves": [
    "d4",
    "d5",
    "c4",
    "c6",
    "Nf3",
    "Nf6",
    "Nc3",
    "dxc4",
    "a4",
    "Bf5",
    "Ne5",
    "e6",
    "f3",
    "c5",
    "e4",
    "Bg6",
    "Be3",
    "cxd4",
    "Qxd4",
    "Qxd4",
    "Bxd4",
    "Nfd7",
    "Nxd7",
    "Nxd7",
    "Bxc4",
    "Rc8",
    "Bb3",
    "a6",
    "h4",
    "h5",
    "Rd1",
    "Nb8",
    "Rd2",
    "Rg8",
    "Kf2",
    "Rd8",
    "Rhd1",
    "Rxd4",
    "Rxd4",
    "Bc5",
    "Kg3",
    "Bxd4",
    "Rxd4",
    "Nc6",
    "Rd2",
    "Ke7",
    "Ne2",
    "e5",
    "Nc3",
    "Rd8",
    "Nd5+",
    "Kf8",
    "Kf2",
    "f6",
    "Rc2",
    "Bf7",
    "Rc3",
    "Rc8",
    "Nb6",
    "Rd8",
    "Bd5",
    "Bxd5",
    "exd5",
    "Nb4",
    "a5",
    "Ke8",
    "Rc7",
    "Nxd5",
    "Rxb7",
    "Nf4",
    "Nc4",
    "Rd4",
    "b3",
    "Nd3+",
    "Kg3",
    "Nc5",
    "Rxg7",
    "Nxb3",
    "Ne3",
    "Rd7",
    "Rg8+",
    "Kf7",
    "Ra8",
    "Nxa5"
  ]
}