{
  "event": "World Junior Championship",
  "site": "Athens GRE",
  "date": "2012.08.14",
  "eventDate": "2012.08.02",
  "dateMillis": 1344873600000,
  "eventDateMillis": 1343836800000,
  "round": "12",
  "result": "0-1",
  "white": "Aleksandr Shimanov",
  "black": "Ding Liren",
  "isDingWin": true,
  "isDraw": false,
  "isDingBlack": true,
  "moves": [
    "d4",
    "Nf6",
    "c4",
    "g6",
    "Nc3",
    "Bg7",
    "e4",
    "d6",
    "Nf3",
    "O-O",
    "Be2",
    "e5",
    "O-O",
    "exd4",
    "Nxd4",
    "Re8",
    "f3",
    "c6",
    "Kh1",
    "Nh5",
    "g4",
    "Nf6",
    "Rg1",
    "a6",
    "a4",
    "a5",
    "Bf4",
    "h5",
    "g5",
    "Nh7",
    "Nb3",
    "Na6",
    "Be3",
    "Qe7",
    "Qd2",
    "Nc5",
    "Qc2",
    "Nxb3",
    "Qxb3",
    "Nf8",
    "Rad1",
    "Ne6",
    "Qc2",
    "Be5",
    "Qd2",
    "Nc5",
    "Qc2",
    "Ra6",
    "Rb1",
    "Kh7",
    "Nd1",
    "Bg7",
    "Nf2",
    "Ra8",
    "Rbd1",
    "b6",
    "Nd3",
    "Nxe4",
    "Bxb6",
    "Nxg5",
    "Nf4",
    "Qe5",
    "Qc1",
    "Ne6",
    "Nxe6",
    "Bxe6",
    "Bd3",
    "Rab8",
    "Bc7",
    "Rxb2",
    "Rd2",
    "Qe3",
    "Rxb2",
    "Qxf3+",
    "Rbg2",
    "Qxd3",
    "Re1",
    "Bh6",
    "Qa1",
    "Qxc4",
    "Bxd6",
    "Rd8"
  ]
}