{
  "event": "World Junior Championship",
  "site": "Athens GRE",
  "date": "2012.08.11",
  "eventDate": "2012.08.02",
  "dateMillis": 1344614400000,
  "eventDateMillis": 1343836800000,
  "round": "9",
  "result": "1/2-1/2",
  "white": "Peter Schreiner",
  "black": "Ding Liren",
  "isDingWin": false,
  "isDraw": true,
  "isDingBlack": true,
  "moves": [
    "d4",
    "Nf6",
    "c4",
    "g6",
    "g3",
    "Bg7",
    "Bg2",
    "O-O",
    "Nc3",
    "d6",
    "Nf3",
    "Nc6",
    "O-O",
    "a6",
    "Qd3",
    "e5",
    "dxe5",
    "dxe5",
    "Qxd8",
    "Rxd8",
    "Bg5",
    "Re8",
    "Nd2",
    "Nd4",
    "Rfd1",
    "Ne6",
    "Bxf6",
    "Bxf6",
    "e3",
    "Bd8",
    "b4",
    "f5",
    "c5",
    "e4",
    "Nc4",
    "Ng5",
    "h4",
    "Nf7",
    "Nd5",
    "Rb8",
    "Bf1",
    "Kg7",
    "Be2",
    "c6",
    "Ndb6",
    "Bxb6",
    "Nxb6",
    "Be6",
    "Bc4",
    "Kf6",
    "Nd7+",
    "Bxd7",
    "Rxd7",
    "Ne5",
    "Rd6+",
    "Kg7",
    "Be2",
    "Rbd8",
    "Rad1",
    "Rxd6",
    "Rxd6",
    "Re7",
    "Kf1",
    "Rd7",
    "Rxd7+",
    "Nxd7",
    "Ke1",
    "Kf6",
    "Kd2",
    "a5"
  ]
}