{
  "event": "Chess Olympiad",
  "site": "Istanbul TUR",
  "date": "2012.08.28",
  "eventDate": "2012.08.28",
  "dateMillis": 1346083200000,
  "eventDateMillis": 1346083200000,
  "round": "1.3",
  "result": "1-0",
  "white": "Ding Liren",
  "black": "Gillan Bwalya",
  "isDingWin": true,
  "isDraw": false,
  "isDingBlack": false,
  "moves": [
    "Nf3",
    "Nf6",
    "c4",
    "e6",
    "d4",
    "d5",
    "Nc3",
    "Be7",
    "Bf4",
    "O-O",
    "e3",
    "c6",
    "Bd3",
    "dxc4",
    "Bxc4",
    "Nd5",
    "O-O",
    "Nxf4",
    "exf4",
    "Nd7",
    "Qe2",
    "Nf6",
    "Rad1",
    "Nd5",
    "g3",
    "Nxc3",
    "bxc3",
    "Bf6",
    "h4",
    "Qa5",
    "Ng5",
    "g6",
    "Rd3",
    "Bd7",
    "Re3",
    "Rad8",
    "Rb1",
    "Bc8",
    "Qf3",
    "a6",
    "h5",
    "b5",
    "Bb3",
    "Qc7",
    "hxg6",
    "hxg6",
    "Qh1",
    "Rfe8",
    "Qh7+",
    "Kf8",
    "Rbe1",
    "Bg7",
    "Re5",
    "b4",
    "cxb4",
    "Rxd4",
    "f5",
    "Bxe5",
    "Rxe5",
    "gxf5",
    "Bxe6",
    "Bxe6",
    "Rxe6"
  ]
}