{
  "event": "Chess Olympiad",
  "site": "Istanbul TUR",
  "date": "2012.08.29",
  "eventDate": "2012.08.28",
  "dateMillis": 1346169600000,
  "eventDateMillis": 1346083200000,
  "round": "2.9",
  "result": "1/2-1/2",
  "white": "Ding Liren",
  "black": "Sabino Brunello",
  "isDingWin": false,
  "isDraw": true,
  "isDingBlack": false,
  "moves": [
    "d4",
    "d5",
    "c4",
    "c6",
    "Nf3",
    "Nf6",
    "Nc3",
    "dxc4",
    "a4",
    "e6",
    "e3",
    "c5",
    "Bxc4",
    "Nc6",
    "O-O",
    "Be7",
    "Qe2",
    "cxd4",
    "exd4",
    "O-O",
    "Rd1",
    "Nb4",
    "Ne5",
    "Bd7",
    "a5",
    "Rc8",
    "a6",
    "bxa6",
    "Bxa6",
    "Nxa6",
    "Rxa6",
    "Rc7",
    "Bf4",
    "Bc8",
    "Raa1",
    "a6",
    "Bg3",
    "Bb7",
    "Nd3",
    "Rc6",
    "Nc5",
    "Qc8",
    "b4",
    "Rb6",
    "d5",
    "Rxb4",
    "Nxb7",
    "Rxb7",
    "Rac1",
    "Ba3",
    "Rc2",
    "exd5",
    "Nb5",
    "axb5",
    "Rxc8",
    "Rxc8",
    "Qd3",
    "Bb2",
    "h3",
    "Rb6",
    "Rb1",
    "Bc3",
    "Rxb5",
    "Rxb5",
    "Qxb5",
    "h6",
    "Bf4",
    "Bd4",
    "g4",
    "g5",
    "Qb4",
    "Bxf2+",
    "Kxf2",
    "gxf4",
    "Qxf4",
    "Ne4+",
    "Kf1",
    "Rc6",
    "Qb8+",
    "Kg7",
    "Qe5+",
    "Nf6",
    "g5"
  ]
}