{
  "event": "Chess Olympiad",
  "site": "Istanbul TUR",
  "date": "2012.08.30",
  "eventDate": "2012.08.28",
  "dateMillis": 1346256000000,
  "eventDateMillis": 1346083200000,
  "round": "3.10",
  "result": "0-1",
  "white": "Ding Liren",
  "black": "Mircea-Emilian Parligras",
  "isDingWin": false,
  "isDraw": false,
  "isDingBlack": false,
  "moves": [
    "d4",
    "Nf6",
    "c4",
    "e6",
    "Nf3",
    "d5",
    "Nc3",
    "Bb4",
    "Qa4+",
    "Nc6",
    "Bg5",
    "h6",
    "Bxf6",
    "Qxf6",
    "e3",
    "O-O",
    "Be2",
    "Bd7",
    "Qb3",
    "dxc4",
    "Qxc4",
    "Qg6",
    "O-O",
    "Bd6",
    "Nb5",
    "Rac8",
    "Rac1",
    "Be7",
    "a3",
    "a6",
    "Nc3",
    "Bd6",
    "Rfd1",
    "Ne7",
    "g3",
    "Nd5",
    "Nh4",
    "Qg5",
    "Ne4",
    "Qe7",
    "Qb3",
    "Nb6",
    "Nc3",
    "a5",
    "Bf3",
    "Rb8",
    "Be4",
    "Rfd8",
    "Bb1",
    "Be8",
    "d5",
    "Nxd5",
    "Nxd5",
    "exd5",
    "Rxd5",
    "a4",
    "Qd3",
    "g6",
    "Rd1",
    "Bc6",
    "Rd4",
    "Qf6",
    "Qc4",
    "Be5",
    "Rxd8+",
    "Rxd8",
    "Rxd8+",
    "Qxd8",
    "Be4",
    "Qd1+",
    "Kg2",
    "Qb3",
    "Qxb3",
    "Bxe4+"
  ]
}