{
  "event": "Chess Olympiad",
  "site": "Istanbul TUR",
  "date": "2012.09.01",
  "eventDate": "2012.08.28",
  "dateMillis": 1346428800000,
  "eventDateMillis": 1346083200000,
  "round": "5.9",
  "result": "0-1",
  "white": "Pouria Darini",
  "black": "Ding Liren",
  "isDingWin": true,
  "isDraw": false,
  "isDingBlack": true,
  "moves": [
    "e4",
    "c6",
    "d4",
    "d5",
    "Nc3",
    "dxe4",
    "Nxe4",
    "Nd7",
    "Ng5",
    "Ngf6",
    "Bd3",
    "g6",
    "N1f3",
    "Bg7",
    "Qe2",
    "O-O",
    "h4",
    "h6",
    "h5",
    "gxh5",
    "Nh3",
    "Re8",
    "Bf4",
    "c5",
    "Ne5",
    "cxd4",
    "O-O-O",
    "Nc5",
    "Bc4",
    "Be6",
    "Kb1",
    "Qb6",
    "Ka1",
    "Rac8",
    "Rhe1",
    "Bxc4",
    "Qxc4",
    "Ne6",
    "Qd3",
    "Ng4",
    "Bg3",
    "Qc5",
    "Nxf7",
    "Kxf7",
    "Rxe6",
    "Kxe6",
    "Nf4+",
    "Kd7",
    "Qg6",
    "Bf6",
    "Nxh5",
    "Rg8",
    "Qf7",
    "Qc4",
    "Qh7",
    "Qxc2",
    "Nxf6+",
    "Nxf6",
    "Rxd4+",
    "Ke8"
  ]
}