{
  "event": "Chess Olympiad",
  "site": "Istanbul TUR",
  "date": "2012.09.04",
  "eventDate": "2012.08.28",
  "dateMillis": 1346688000000,
  "eventDateMillis": 1346083200000,
  "round": "7.2",
  "result": "1/2-1/2",
  "white": "Ding Liren",
  "black": "Vladimir Eduardovich Akopian",
  "isDingWin": false,
  "isDraw": true,
  "isDingBlack": false,
  "moves": [
    "d4",
    "Nf6",
    "c4",
    "e6",
    "Nf3",
    "b6",
    "g3",
    "Bb7",
    "Bg2",
    "Bb4+",
    "Bd2",
    "c5",
    "Bxb4",
    "cxb4",
    "O-O",
    "O-O",
    "Qd3",
    "d6",
    "Nbd2",
    "Qc7",
    "e4",
    "e5",
    "Ne1",
    "exd4",
    "Nc2",
    "Nc6",
    "Nxd4",
    "Nxd4",
    "Qxd4",
    "Rfe8",
    "f3",
    "Nd7",
    "Rfd1",
    "Ne5",
    "Rac1",
    "Rad8",
    "Nf1",
    "f5",
    "f4",
    "Ng4",
    "exf5",
    "Bxg2",
    "Kxg2",
    "Nf6",
    "Re1",
    "Qc6+",
    "Kg1",
    "Qc8",
    "Qd3",
    "Qc5+",
    "Kg2",
    "Qc6+",
    "Qf3",
    "Qa4",
    "Qb3",
    "Qc6+",
    "Qf3",
    "Qa4",
    "Qb3",
    "Qc6+",
    "Qf3"
  ]
}