{
  "event": "Chess Olympiad",
  "site": "Istanbul TUR",
  "date": "2012.09.03",
  "eventDate": "2012.08.28",
  "dateMillis": 1346601600000,
  "eventDateMillis": 1346083200000,
  "round": "6.6",
  "result": "0-1",
  "white": "Dalibor Stojanovic",
  "black": "Ding Liren",
  "isDingWin": true,
  "isDraw": false,
  "isDingBlack": true,
  "moves": [
    "e4",
    "c5",
    "Nf3",
    "e6",
    "d4",
    "cxd4",
    "Nxd4",
    "a6",
    "Bd3",
    "Nf6",
    "O-O",
    "d6",
    "c4",
    "b6",
    "Nc3",
    "Bb7",
    "Qe2",
    "g6",
    "Bc2",
    "Bg7",
    "Rd1",
    "Nbd7",
    "Nf3",
    "Qc7",
    "Bf4",
    "e5",
    "Bg5",
    "h6",
    "Bxf6",
    "Nxf6",
    "Ba4+",
    "Ke7",
    "Nd5+",
    "Nxd5",
    "cxd5",
    "b5",
    "Bb3",
    "Rhc8",
    "Ne1",
    "Qb6",
    "a4",
    "bxa4",
    "Bxa4",
    "Kf8",
    "Nc2",
    "a5",
    "Qe3",
    "Rc5",
    "Ne1",
    "Ba6",
    "Bc6",
    "Rb8",
    "Nd3",
    "Bxd3",
    "Qxd3",
    "Bf6",
    "g3",
    "h5",
    "Rdb1",
    "Qb4",
    "Ra4",
    "Qb3",
    "Qxb3",
    "Rxb3",
    "Kg2",
    "Bd8",
    "Ra3",
    "Rb4",
    "Ra4",
    "Rxa4",
    "Bxa4",
    "Rc4",
    "Bb5",
    "Rxe4",
    "b3",
    "Rb4",
    "Bd3",
    "Rd4",
    "Bc4",
    "Bb6",
    "Rb2",
    "Rd1",
    "Re2",
    "f5",
    "h4",
    "e4",
    "Rb2",
    "Kg7",
    "f4",
    "Rg1+",
    "Kh2",
    "Rc1",
    "Kg2",
    "Bc5",
    "Ra2",
    "Bb4",
    "Bb5",
    "Rc3",
    "Bc4",
    "Kf6",
    "Kh2",
    "Ke7",
    "Kg2",
    "Kd8",
    "Kh2",
    "Rxc4",
    "bxc4",
    "Kc7",
    "Kg2",
    "Kb6",
    "Kf2",
    "Kc5",
    "Rc2",
    "a4"
  ]
}