{
  "event": "Chess Olympiad",
  "site": "Istanbul TUR",
  "date": "2012.09.06",
  "eventDate": "2012.08.28",
  "dateMillis": 1346860800000,
  "eventDateMillis": 1346083200000,
  "round": "9.2",
  "result": "1-0",
  "white": "Ding Liren",
  "black": "Oliver Barbosa",
  "isDingWin": true,
  "isDraw": false,
  "isDingBlack": false,
  "moves": [
    "d4",
    "d5",
    "c4",
    "c6",
    "Nf3",
    "Nf6",
    "Nc3",
    "dxc4",
    "a4",
    "e6",
    "e4",
    "Bb4",
    "e5",
    "Nd5",
    "Bd2",
    "a5",
    "Bxc4",
    "Be7",
    "h4",
    "h6",
    "h5",
    "Na6",
    "Ne4",
    "Nab4",
    "Rh3",
    "b6",
    "Rg3",
    "Bf8",
    "Kf1",
    "Qd7",
    "Qe2",
    "Bb7",
    "Nd6+",
    "Bxd6",
    "exd6",
    "Qxd6",
    "Ne5",
    "Rg8",
    "Bxh6",
    "f6",
    "Bxg7",
    "fxe5",
    "h6",
    "O-O-O",
    "h7",
    "Rxg7",
    "Rxg7",
    "exd4",
    "Rg8",
    "Qh2",
    "h8=Q"
  ]
}