{
  "event": "Chess Olympiad",
  "site": "Istanbul TUR",
  "date": "2012.09.07",
  "eventDate": "2012.08.28",
  "dateMillis": 1346947200000,
  "eventDateMillis": 1346083200000,
  "round": "10.1",
  "result": "1-0",
  "white": "Ding Liren",
  "black": "Alexander Onischuk",
  "isDingWin": true,
  "isDraw": false,
  "isDingBlack": false,
  "moves": [
    "d4",
    "d5",
    "c4",
    "e6",
    "Nc3",
    "Be7",
    "Bf4",
    "Nf6",
    "e3",
    "O-O",
    "Nf3",
    "b6",
    "Be2",
    "Bb7",
    "O-O",
    "c5",
    "dxc5",
    "bxc5",
    "Qb3",
    "Qb6",
    "Ne5",
    "Nc6",
    "Bf3",
    "Qxb3",
    "axb3",
    "Nb4",
    "Ra5",
    "Rfc8",
    "Rfa1",
    "a6",
    "Na4",
    "Nc6",
    "Nxc6",
    "Rxc6",
    "Bg5",
    "Rc7",
    "Bxf6",
    "gxf6",
    "cxd5",
    "Bxd5",
    "Bxd5",
    "exd5",
    "Nb6",
    "Rd8",
    "Rxa6",
    "Rc6",
    "g3",
    "Kg7",
    "Kf1",
    "Rdd6",
    "Ra7",
    "Rxb6",
    "Rxe7",
    "Rxb3",
    "Raa7",
    "Kg6",
    "Rxf7",
    "h5",
    "Rfb7",
    "Rdb6",
    "Rxb6",
    "Rxb6",
    "Rc7",
    "Rb5",
    "b3",
    "Kf5",
    "Ke2",
    "d4",
    "exd4",
    "cxd4",
    "Rc4",
    "Rxb3",
    "Rxd4",
    "Ra3",
    "Kf1",
    "Kg6",
    "Kg2",
    "Rb3",
    "Kh3",
    "Rb2",
    "Kg2",
    "Rb3",
    "Re4",
    "Ra3",
    "Re3",
    "Ra4",
    "Kf3",
    "Kg5",
    "h3",
    "Kg6",
    "Re4",
    "Ra3+",
    "Re3",
    "Ra4",
    "h4",
    "Kf5",
    "Rb3",
    "Kg6",
    "Ke3",
    "Rc4",
    "Rd3",
    "Ra4",
    "Rd4",
    "Ra2",
    "f3",
    "Ra5",
    "g4",
    "Ra1",
    "g5",
    "Rh1",
    "Rd6",
    "Rxh4",
    "f4",
    "Rh1",
    "Rxf6+",
    "Kg7",
    "Rh6",
    "Re1+",
    "Kf2",
    "Rh1",
    "Kg2",
    "Rh4",
    "Kf3",
    "Rh1",
    "Ke4",
    "h4",
    "Kf5",
    "h3",
    "Kg4",
    "h2",
    "Kg3"
  ]
}