{
  "event": "FIDE Zonal 3.5",
  "site": "Tianjin CHN",
  "date": "2011.03.27",
  "dateMillis": 1301155200000,
  "eventDateMillis": null,
  "round": "8",
  "result": "0-1",
  "white": "Ding Liren",
  "black": "Li Chao",
  "isDingWin": false,
  "isDraw": false,
  "isDingBlack": false,
  "moves": [
    "d4",
    "Nf6",
    "c4",
    "g6",
    "Nc3",
    "d5",
    "Nf3",
    "Bg7",
    "Qa4+",
    "Bd7",
    "Qb3",
    "dxc4",
    "Qxc4",
    "O-O",
    "Bf4",
    "Bc6",
    "e3",
    "Nd5",
    "Bg3",
    "Nb6",
    "Qb3",
    "Bxf3",
    "gxf3",
    "N8d7",
    "Rd1",
    "c6",
    "Bg2",
    "a5",
    "a4",
    "Nf6",
    "Ne4",
    "Nfd5",
    "Nc5",
    "Ra7",
    "h4",
    "e5",
    "e4",
    "Nb4",
    "dxe5",
    "Qe7",
    "Qc3",
    "Na6",
    "Nxa6",
    "Rxa6",
    "Qd4",
    "c5",
    "Qd6",
    "Qe8",
    "Qxc5",
    "Nxa4",
    "Qa3",
    "Rb6",
    "O-O",
    "Nxb2",
    "Rd5",
    "a4",
    "f4",
    "Rb3",
    "Qa2",
    "Nc4",
    "Bh3",
    "Qc6",
    "Bd7",
    "Qb6",
    "Kh1",
    "a3",
    "Rc1",
    "Ra8",
    "Kh2",
    "Ne3",
    "Rd6",
    "Qb4",
    "Rd2",
    "Rb2",
    "Rxb2",
    "Qxb2",
    "Ra1",
    "Ra6",
    "Kg1",
    "Nc2"
  ]
}