{
  "event": "Chess Olympiad",
  "site": "Istanbul TUR",
  "date": "2012.09.09",
  "eventDate": "2012.08.28",
  "dateMillis": 1347120000000,
  "eventDateMillis": 1346083200000,
  "round": "11.1",
  "result": "1/2-1/2",
  "white": "Andrei Volokitin",
  "black": "Ding Liren",
  "isDingWin": false,
  "isDraw": true,
  "isDingBlack": true,
  "moves": [
    "e4",
    "e6",
    "d4",
    "d5",
    "Nc3",
    "Nf6",
    "e5",
    "Nfd7",
    "f4",
    "c5",
    "Nf3",
    "Nc6",
    "Be3",
    "a6",
    "Ne2",
    "Be7",
    "c3",
    "b5",
    "dxc5",
    "Nxc5",
    "Ned4",
    "Bd7",
    "Nxc6",
    "Bxc6",
    "Nd4",
    "Bd7",
    "Be2",
    "Na4",
    "Qd2",
    "Rb8",
    "O-O",
    "b4",
    "c4",
    "Nb6",
    "Rac1",
    "Nxc4",
    "Bxc4",
    "dxc4",
    "Rxc4",
    "O-O",
    "Rfc1",
    "Rb7",
    "Nc6",
    "Bxc6",
    "Qxd8",
    "Rxd8",
    "Rxc6",
    "g5",
    "Rxa6",
    "gxf4",
    "Bxf4",
    "Kg7",
    "Kf2",
    "h6",
    "Ke2",
    "Bg5",
    "g3",
    "Bxf4",
    "gxf4",
    "Kg6",
    "b3",
    "Rbd7",
    "Rd6",
    "Rxd6",
    "exd6",
    "Rxd6",
    "Ke3",
    "Ra6",
    "Rc2",
    "Kf5",
    "h3",
    "Ra5",
    "Kf3",
    "f6",
    "Ke3",
    "h5",
    "Kf3",
    "Rd5",
    "Ke3",
    "Rd1",
    "Rc5+",
    "Kg6",
    "Rc4",
    "Rh1",
    "h4",
    "Rh2",
    "Rxb4",
    "Rxa2",
    "Kf3",
    "Rh2",
    "Kg3",
    "Rh1",
    "Rb6",
    "Kf5",
    "Rb5+",
    "Ke4",
    "Rb6",
    "Kf5",
    "Rb5+",
    "e5",
    "fxe5",
    "fxe5",
    "Rb4",
    "Rc1",
    "Kf3",
    "Rc3+",
    "Kf2",
    "Rd3",
    "Ke2",
    "Rh3",
    "Kf2",
    "e4",
    "Rb5+",
    "Kg4",
    "Re5",
    "Kf4",
    "Rxh5",
    "Rxb3",
    "Rh8",
    "Rb2+",
    "Kf1",
    "Ke3",
    "h5",
    "Rf2+",
    "Ke1",
    "Rg2",
    "Kf1",
    "Rf2+"
  ]
}