{
  "event": "SPICE Cup",
  "site": "St Louis, MO USA",
  "date": "2012.10.12",
  "eventDate": "2012.10.12",
  "dateMillis": 1349971200000,
  "eventDateMillis": 1349971200000,
  "round": "1",
  "result": "1/2-1/2",
  "white": "Ding Liren",
  "black": "Wesley So",
  "isDingWin": false,
  "isDraw": true,
  "isDingBlack": false,
  "moves": [
    "d4",
    "d5",
    "c4",
    "e6",
    "Nc3",
    "Be7",
    "Nf3",
    "Nf6",
    "Bf4",
    "O-O",
    "e3",
    "Nbd7",
    "c5",
    "Ne4",
    "Rc1",
    "c6",
    "Nxe4",
    "dxe4",
    "Ne5",
    "Nxe5",
    "Bxe5",
    "b6",
    "Qa4",
    "bxc5",
    "dxc5",
    "Qd5",
    "Bd4",
    "Bd7",
    "Be2",
    "Qf5",
    "O-O",
    "e5",
    "Bc3",
    "Bxc5",
    "Qa5",
    "Bb6",
    "Qxe5",
    "Qxe5",
    "Bxe5",
    "Rfe8",
    "Rfd1",
    "Be6",
    "Rxc6",
    "Bxa2",
    "Bc3",
    "Bb3",
    "Ra1",
    "f5",
    "h4",
    "Rac8",
    "Rxc8",
    "Rxc8",
    "g4",
    "g6",
    "Kg2",
    "Be6",
    "h5",
    "g5",
    "Rd1",
    "Rd8",
    "Rxd8+",
    "Bxd8",
    "gxf5",
    "Bxf5",
    "Bc4+",
    "Kf8",
    "h6",
    "Ke7",
    "Bg8",
    "Bc7",
    "b4",
    "Kf8",
    "Bd5",
    "Ke7",
    "Kf1",
    "Kd6",
    "Bf7",
    "Kc6",
    "Be8+",
    "Kd5",
    "Bf6",
    "g4",
    "Bd4",
    "a6",
    "Bf7+",
    "Kc6",
    "Be8+",
    "Kd5",
    "Bf7+",
    "Kc6",
    "Be8+",
    "Kd5"
  ]
}