{
  "event": "SPICE Cup",
  "site": "St Louis USA",
  "date": "2012.10.16",
  "eventDate": "2012.10.13",
  "dateMillis": 1350316800000,
  "eventDateMillis": 1350057600000,
  "round": "4",
  "result": "1/2-1/2",
  "white": "Maxime Vachier-Lagrave",
  "black": "Ding Liren",
  "isDingWin": false,
  "isDraw": true,
  "isDingBlack": true,
  "moves": [
    "d4",
    "Nf6",
    "c4",
    "g6",
    "g3",
    "Bg7",
    "Bg2",
    "O-O",
    "Nf3",
    "d6",
    "O-O",
    "Nc6",
    "Nc3",
    "Rb8",
    "Bf4",
    "a6",
    "Rc1",
    "h6",
    "Qd3",
    "Ng4",
    "Bd2",
    "e5",
    "d5",
    "Ne7",
    "h3",
    "Nf6",
    "c5",
    "Ne8",
    "cxd6",
    "cxd6",
    "e4",
    "f5",
    "Rfd1",
    "Nf6",
    "Be3",
    "Nh5",
    "Ne2",
    "Bd7",
    "Qb3",
    "b5",
    "Rc6",
    "Bxc6",
    "dxc6+",
    "Kh7",
    "exf5",
    "Nxf5",
    "g4",
    "Nxe3",
    "fxe3",
    "Nf6",
    "g5",
    "Ne8",
    "gxh6",
    "Bxh6",
    "Nxe5",
    "Qh4",
    "Ng4",
    "Nf6",
    "Nxh6",
    "Kxh6",
    "Qe6",
    "Rbe8",
    "Qxd6",
    "Ne4",
    "Bxe4",
    "Qxe4",
    "Qd4",
    "Qxe3+",
    "Qxe3+",
    "Rxe3",
    "Nc3",
    "Kg7",
    "Rd6",
    "b4",
    "Nd5",
    "Rg3+",
    "Kh2",
    "Rd3",
    "Rd7+",
    "Kh6",
    "Kg2",
    "Rd2+",
    "Kg3",
    "Rd3+",
    "Kg2",
    "Rd2+",
    "Kg3",
    "Rxb2",
    "c7",
    "Rc2",
    "Nxb4",
    "Rc3+",
    "Kg2",
    "Rf5",
    "Nd5",
    "Rxd5",
    "Rxd5",
    "Rxc7",
    "Ra5",
    "Rc2+",
    "Kg3",
    "Rc3+",
    "Kg2",
    "Rc2+",
    "Kg3",
    "Rc3+"
  ]
}