{
  "event": "SPICE Cup",
  "site": "St Louis USA",
  "date": "2012.10.16",
  "eventDate": "2012.10.12",
  "dateMillis": 1350316800000,
  "eventDateMillis": 1349971200000,
  "round": "5",
  "result": "1-0",
  "white": "Ding Liren",
  "black": "Csaba Balogh",
  "isDingWin": true,
  "isDraw": false,
  "isDingBlack": false,
  "moves": [
    "d4",
    "d5",
    "c4",
    "c6",
    "Nf3",
    "Nf6",
    "Nc3",
    "dxc4",
    "a4",
    "e6",
    "e4",
    "Bb4",
    "e5",
    "Nd5",
    "Bd2",
    "b5",
    "axb5",
    "Bxc3",
    "bxc3",
    "cxb5",
    "Ng5",
    "Nc6",
    "Qh5",
    "Qe7",
    "h4",
    "Bb7",
    "Rh3",
    "Nd8",
    "Rg3",
    "g6",
    "Qe2",
    "f5",
    "exf6",
    "Nxf6",
    "Re3",
    "Bd5",
    "Nh3",
    "O-O",
    "Nf4",
    "Qb7",
    "h5",
    "Ne4",
    "g3",
    "Rxf4",
    "gxf4",
    "Nf7",
    "hxg6",
    "hxg6",
    "f3",
    "Ned6",
    "Bh3",
    "Nf5",
    "Bxf5",
    "gxf5",
    "Bc1",
    "a5",
    "Ba3",
    "b4",
    "Rb1",
    "Qb5",
    "Qg2+",
    "Kf8",
    "Qg6",
    "Ke7",
    "Qxf5",
    "Rh8",
    "Rxe6+",
    "Kd8",
    "Qxf7",
    "Bxe6",
    "Qf6+",
    "Kd7",
    "Qxh8",
    "Qf5",
    "Rd1",
    "bxa3",
    "d5",
    "Bf7",
    "Qe5",
    "Qc2",
    "d6",
    "a2",
    "Qe7+",
    "Kc6",
    "Qe4+"
  ]
}