{
  "event": "SPICE Cup",
  "site": "St Louis USA",
  "date": "2012.10.17",
  "eventDate": "2012.10.12",
  "dateMillis": 1350403200000,
  "eventDateMillis": 1349971200000,
  "round": "6",
  "result": "1/2-1/2",
  "white": "Wesley So",
  "black": "Ding Liren",
  "isDingWin": false,
  "isDraw": true,
  "isDingBlack": true,
  "moves": [
    "d4",
    "Nf6",
    "c4",
    "g6",
    "Nc3",
    "Bg7",
    "g3",
    "O-O",
    "Bg2",
    "d6",
    "Nf3",
    "Nbd7",
    "O-O",
    "e5",
    "e4",
    "exd4",
    "Nxd4",
    "Re8",
    "h3",
    "Nc5",
    "Re1",
    "Bd7",
    "Rb1",
    "a5",
    "Ndb5",
    "Bc6",
    "Qc2",
    "Nfd7",
    "Be3",
    "a4",
    "Rbd1",
    "Qb8",
    "f4",
    "Nb6",
    "b4",
    "axb3",
    "axb3",
    "Rd8",
    "g4",
    "Na6",
    "Bd4",
    "Bxb5",
    "Bxg7",
    "Kxg7",
    "Nxb5",
    "c6",
    "Nd4",
    "Kg8",
    "e5",
    "dxe5",
    "fxe5",
    "Nc5",
    "b4",
    "Ne6",
    "Nxe6",
    "fxe6",
    "Bf1",
    "Qc7",
    "Qc3",
    "Na4",
    "Qe3",
    "Rxd1",
    "Rxd1",
    "Qb6",
    "Qxb6",
    "Nxb6",
    "Rd6",
    "Ra4",
    "c5",
    "Nd5",
    "b5",
    "cxb5",
    "Bxb5",
    "Ra1+",
    "Kf2",
    "Rc1",
    "Bd7",
    "Nc7",
    "c6",
    "bxc6",
    "Rxc6",
    "Rxc6",
    "Bxc6",
    "g5",
    "Ke3",
    "Kf7",
    "Kd4",
    "Ke7",
    "Be4",
    "Kf7",
    "Kc5",
    "Ke7",
    "Kc6",
    "Na6",
    "Kb5",
    "Nc7+",
    "Kc5",
    "Na6+",
    "Kd4",
    "Nb8",
    "Bxh7",
    "Nc6+",
    "Ke4",
    "Kf7",
    "Kf3",
    "Nxe5+",
    "Kg3",
    "Kf6",
    "h4",
    "gxh4+",
    "Kxh4",
    "Nxg4",
    "Kxg4"
  ]
}