{
  "event": "SPICE Cup",
  "site": "St Louis USA",
  "date": "2012.10.18",
  "eventDate": "2012.10.12",
  "dateMillis": 1350489600000,
  "eventDateMillis": 1349971200000,
  "round": "7",
  "result": "1-0",
  "white": "Ding Liren",
  "black": "Georg Meier",
  "isDingWin": true,
  "isDraw": false,
  "isDingBlack": false,
  "moves": [
    "d4",
    "Nf6",
    "c4",
    "e6",
    "Nf3",
    "d5",
    "Nc3",
    "dxc4",
    "e4",
    "Bb4",
    "Bxc4",
    "Nxe4",
    "O-O",
    "Nxc3",
    "bxc3",
    "Be7",
    "Ne5",
    "O-O",
    "Qg4",
    "Nc6",
    "Re1",
    "f5",
    "Qf3",
    "Nxe5",
    "Rxe5",
    "Kh8",
    "Re1",
    "c5",
    "Bf4",
    "cxd4",
    "Rad1",
    "Bf6",
    "cxd4",
    "Re8",
    "Re3",
    "Bd7",
    "Qh5",
    "g6",
    "Qe2",
    "Ba4",
    "Rd2",
    "Rc8",
    "h3",
    "g5",
    "Be5",
    "f4",
    "Bxf6+",
    "Qxf6",
    "Re5",
    "Bd7",
    "f3",
    "h6",
    "Rd1",
    "a6",
    "Re1",
    "Kg7",
    "Bb3",
    "b5",
    "Qd2",
    "Kh8",
    "Kh2",
    "Kg7",
    "Qa5",
    "h5",
    "Qxa6",
    "g4",
    "Qb7",
    "Re7",
    "Qe4",
    "g3+",
    "Kh1",
    "Be8",
    "d5",
    "Bg6",
    "Qb4",
    "Rec7",
    "Rxe6",
    "Qf5",
    "Qd4+",
    "Kh6",
    "Qd2",
    "Rc3",
    "d6",
    "Rd3",
    "d7",
    "Rd8",
    "Qe2",
    "Rc3",
    "Rd1",
    "Kg7",
    "Rxg6+"
  ]
}