{
  "event": "SPICE Cup",
  "site": "St Louis, MO USA",
  "date": "2012.10.13",
  "eventDate": "2012.10.12",
  "dateMillis": 1350057600000,
  "eventDateMillis": 1349971200000,
  "round": "2",
  "result": "1-0",
  "white": "Georg Meier",
  "black": "Ding Liren",
  "isDingWin": false,
  "isDraw": false,
  "isDingBlack": true,
  "moves": [
    "Nf3",
    "Nf6",
    "c4",
    "g6",
    "Nc3",
    "Bg7",
    "e4",
    "d6",
    "d4",
    "O-O",
    "Be2",
    "e5",
    "O-O",
    "exd4",
    "Nxd4",
    "Re8",
    "f3",
    "c6",
    "Kh1",
    "Nh5",
    "g4",
    "Nf6",
    "Be3",
    "Qe7",
    "Rg1",
    "Na6",
    "Rg2",
    "h5",
    "gxh5",
    "Nxh5",
    "Qd2",
    "Bh3",
    "Rg5",
    "Nf6",
    "Rag1",
    "Nc5",
    "Bd3",
    "Rad8",
    "Bc2",
    "d5",
    "e5",
    "dxc4",
    "Bxg6",
    "fxg6",
    "Rxg6",
    "Nh5",
    "f4",
    "Ne6",
    "Qe2",
    "Nhxf4",
    "Bxf4",
    "Nxf4",
    "Qxc4+",
    "Nd5",
    "Rxg7+",
    "Qxg7",
    "Rxg7+",
    "Kxg7",
    "Qd3",
    "Nf4",
    "Qg3+",
    "Ng6",
    "Nce2",
    "Rxe5",
    "Qxh3",
    "Rxd4",
    "Nxd4",
    "Re1+",
    "Kg2",
    "Nf4+",
    "Kf2",
    "Nxh3+",
    "Kxe1",
    "Kf6",
    "Nb3",
    "b6",
    "Nd4",
    "c5",
    "Nb5",
    "a6",
    "Nc3",
    "Ng5",
    "Ke2",
    "b5",
    "Nd5+",
    "Ke5",
    "Nc7",
    "Kd6",
    "Nxa6",
    "Kc6",
    "b4",
    "cxb4",
    "h4",
    "Ne4",
    "Kd3",
    "Ng3",
    "Kc2",
    "Kb6",
    "Nxb4",
    "Ka5",
    "Kb3",
    "Nh5",
    "Nc2",
    "Nf6",
    "Ne1",
    "Kb6",
    "Nd3",
    "Kc6",
    "Nf4",
    "Kd6",
    "Kb4",
    "Ke5",
    "Ne2",
    "Kf5",
    "Kxb5",
    "Kg4",
    "a4",
    "Nd5",
    "Kc5",
    "Nc7",
    "Nc3",
    "Kxh4",
    "Nd5",
    "Na6+",
    "Kb5",
    "Nb8",
    "Nb4"
  ]
}