{
  "event": "SPICE Cup",
  "site": "St Louis USA",
  "date": "2012.10.19",
  "eventDate": "2012.10.12",
  "dateMillis": 1350576000000,
  "eventDateMillis": 1349971200000,
  "round": "8",
  "result": "1/2-1/2",
  "white": "Le Quang Liem",
  "black": "Ding Liren",
  "isDingWin": false,
  "isDraw": true,
  "isDingBlack": true,
  "moves": [
    "d4",
    "Nf6",
    "c4",
    "g6",
    "Nc3",
    "Bg7",
    "g3",
    "O-O",
    "Bg2",
    "d6",
    "Nf3",
    "Nc6",
    "O-O",
    "Rb8",
    "b3",
    "a6",
    "Nd5",
    "Bg4",
    "Bb2",
    "Nxd5",
    "cxd5",
    "Nb4",
    "e4",
    "c6",
    "Qd2",
    "a5",
    "dxc6",
    "bxc6",
    "h3",
    "Bxf3",
    "Bxf3",
    "c5",
    "Rfc1",
    "e6",
    "Be2",
    "Rc8",
    "a3",
    "Nc6",
    "dxc5",
    "dxc5",
    "Qxd8",
    "Rfxd8",
    "Bxg7",
    "Kxg7",
    "Ba6",
    "Rb8",
    "Rxc5",
    "Nd4",
    "Bc4",
    "Nxb3",
    "Bxb3",
    "Rxb3",
    "Rxa5",
    "Rd2",
    "Kg2",
    "Rbb2",
    "Rf1",
    "Ra2",
    "h4",
    "Rd3",
    "Re1",
    "Rdd2",
    "Rf1",
    "Rd3",
    "Re1",
    "Rdd2"
  ]
}