{
  "event": "SPICE Cup",
  "site": "St Louis USA",
  "date": "2012.10.21",
  "eventDate": "2012.10.12",
  "dateMillis": 1350748800000,
  "eventDateMillis": 1349971200000,
  "round": "10",
  "result": "1/2-1/2",
  "white": "Csaba Balogh",
  "black": "Ding Liren",
  "isDingWin": false,
  "isDraw": true,
  "isDingBlack": true,
  "moves": [
    "e4",
    "c6",
    "d4",
    "d5",
    "Nc3",
    "dxe4",
    "Nxe4",
    "Nd7",
    "Ng5",
    "Ngf6",
    "Bd3",
    "e5",
    "Bc4",
    "Nd5",
    "N1f3",
    "exd4",
    "Qxd4",
    "N7f6",
    "Ne5",
    "Qa5+",
    "Bd2",
    "Bc5",
    "Qh4",
    "Qc7",
    "O-O-O",
    "O-O",
    "Rhe1",
    "h6",
    "Ngf3",
    "Re8",
    "g4",
    "Bd6",
    "g5",
    "hxg5",
    "Qxg5",
    "Nh7",
    "Qh5",
    "Nhf6",
    "Qg5",
    "Nh7",
    "Qh5",
    "Nhf6",
    "Qg5",
    "Nh7",
    "Qh5"
  ]
}