{
  "event": "SPICE Cup",
  "site": "St Louis USA",
  "date": "2012.10.21",
  "eventDate": "2012.10.12",
  "dateMillis": 1350748800000,
  "eventDateMillis": 1349971200000,
  "round": "9",
  "result": "1/2-1/2",
  "white": "Ding Liren",
  "black": "Maxime Vachier-Lagrave",
  "isDingWin": false,
  "isDraw": true,
  "isDingBlack": false,
  "moves": [
    "Nf3",
    "c5",
    "c4",
    "Nc6",
    "Nc3",
    "e5",
    "e3",
    "Nf6",
    "d4",
    "e4",
    "Ne5",
    "g6",
    "Be2",
    "Bg7",
    "O-O",
    "O-O",
    "b3",
    "Ne7",
    "f3",
    "d6",
    "Ng4",
    "Nxg4",
    "fxg4",
    "Nc6",
    "Nxe4",
    "f5",
    "gxf5",
    "Bxf5",
    "Nf2",
    "cxd4",
    "Bf3",
    "Qh4",
    "Bd5+",
    "Kh8",
    "g3",
    "Qe7",
    "e4",
    "Be6",
    "Bf4",
    "Bxd5",
    "exd5",
    "g5",
    "Bxg5",
    "Qxg5",
    "dxc6",
    "bxc6",
    "Qg4",
    "Qxg4",
    "Nxg4",
    "h5",
    "Nf2",
    "Rae8",
    "Nd3",
    "Re3",
    "Nf4",
    "Kg8",
    "Nxh5",
    "Be5",
    "Rae1",
    "Rxf1+",
    "Kxf1",
    "Rc3",
    "Re2",
    "a5",
    "Nf4",
    "a4",
    "bxa4",
    "Bxf4",
    "gxf4",
    "Rxc4",
    "Re6",
    "d3",
    "Rxd6",
    "Rxf4+",
    "Ke1",
    "Rxa4",
    "Rxd3",
    "Rxa2",
    "Rc3",
    "Rxh2",
    "Rxc6"
  ]
}