{
  "event": "SportAccord World Mind Games (Men's Rapid)",
  "site": "Beijing CHN",
  "date": "2012.12.14",
  "eventDate": "2012.12.14",
  "dateMillis": 1355414400000,
  "eventDateMillis": 1355414400000,
  "round": "1.8",
  "result": "1-0",
  "white": "Ding Liren",
  "black": "Vassily Ivanchuk",
  "isDingWin": true,
  "isDraw": false,
  "isDingBlack": false,
  "moves": [
    "d4",
    "e6",
    "c4",
    "Bb4+",
    "Nd2",
    "b6",
    "a3",
    "Bxd2+",
    "Qxd2",
    "Bb7",
    "Nf3",
    "f5",
    "e3",
    "Nf6",
    "b4",
    "a5",
    "b5",
    "d6",
    "Be2",
    "Nbd7",
    "O-O",
    "O-O",
    "a4",
    "Qe8",
    "Ne1",
    "g5",
    "Nd3",
    "Qg6",
    "Ba3",
    "Rf7",
    "c5",
    "bxc5",
    "dxc5",
    "Ne4",
    "Qc2",
    "Nexc5",
    "Bxc5",
    "Nxc5",
    "Nxc5",
    "dxc5",
    "Qxc5",
    "f4",
    "f3",
    "fxe3",
    "Qxe3",
    "Bd5",
    "Rac1",
    "Qf6",
    "g3",
    "Raf8",
    "Rc5",
    "h6",
    "Rfc1",
    "Bxf3",
    "Bxf3",
    "Qxf3",
    "Qxf3",
    "Rxf3",
    "Rxc7",
    "Rb3",
    "Ra7",
    "Rb2",
    "Rf1",
    "Rc8",
    "Rf2",
    "Rb1+",
    "Kg2",
    "g4",
    "Rxa5",
    "Rcc1",
    "Re2",
    "Rg1+",
    "Kf2",
    "Rgf1+",
    "Ke3",
    "Rb4",
    "Kd3",
    "Rf3+",
    "Kc2",
    "Kf7",
    "Ra7+",
    "Kf6",
    "Ra6",
    "Kf5",
    "Rexe6",
    "Rc4+",
    "Kd2",
    "Rd4+",
    "Kc2",
    "Rc4+",
    "Kb2",
    "Rb4+",
    "Ka2",
    "Rxa4+",
    "Rxa4",
    "Kxe6",
    "Rxg4",
    "Rf2+",
    "Kb3",
    "Rxh2",
    "Rh4",
    "Rg2",
    "Rxh6+",
    "Kd5",
    "Rg6",
    "Kc5",
    "b6",
    "Rg1",
    "Kc2",
    "Rg2+",
    "Kd3",
    "Rb2",
    "Ke4",
    "Re2+",
    "Kf5",
    "Rf2+"
  ]
}