{
  "event": "SportAccord World Mind Games (Men's Rapid)",
  "site": "Beijing CHN",
  "date": "2012.12.14",
  "eventDate": "2012.12.14",
  "dateMillis": 1355414400000,
  "eventDateMillis": 1355414400000,
  "round": "4.3",
  "result": "1-0",
  "white": "Ding Liren",
  "black": "Baadur Aleksandrovich Jobava",
  "isDingWin": true,
  "isDraw": false,
  "isDingBlack": false,
  "moves": [
    "d4",
    "Nf6",
    "c4",
    "g6",
    "Nc3",
    "Bg7",
    "e4",
    "O-O",
    "Nf3",
    "c5",
    "d5",
    "e6",
    "Bd3",
    "exd5",
    "cxd5",
    "d6",
    "h3",
    "Re8",
    "O-O",
    "Nbd7",
    "Re1",
    "Ne5",
    "Nxe5",
    "Rxe5",
    "Bf4",
    "Re8",
    "Nb5",
    "Nh5",
    "Bxd6",
    "Bxh3",
    "gxh3",
    "a6",
    "e5",
    "Nf4",
    "Bf1",
    "axb5",
    "Qg4",
    "Nxd5",
    "Bxb5",
    "Re6",
    "Bc4",
    "Ra4",
    "b3",
    "h5",
    "Qf3",
    "Qg5+",
    "Qg3",
    "Qxg3+",
    "fxg3",
    "Rxc4",
    "bxc4",
    "Nb4",
    "Rab1",
    "b6",
    "Re2",
    "Bf8",
    "Rd1",
    "Bg7",
    "Rb1",
    "Bf8",
    "Rd2",
    "Bh6",
    "Rdd1",
    "Nxa2",
    "Rxb6",
    "Nc3",
    "Ra1",
    "Ne4",
    "Ra8+",
    "Kh7",
    "Rb7",
    "Ng5",
    "h4",
    "Nf3+",
    "Kf2",
    "Nd4",
    "Rxf7+",
    "Bg7",
    "Bf8",
    "Nf5"
  ]
}