{
  "event": "SportAccord World Mind Games (Men's Rapid)",
  "site": "Beijing CHN",
  "date": "2012.12.14",
  "eventDate": "2012.12.14",
  "dateMillis": 1355414400000,
  "eventDateMillis": 1355414400000,
  "round": "3.5",
  "result": "0-1",
  "white": "Teimour Radjabov",
  "black": "Ding Liren",
  "isDingWin": true,
  "isDraw": false,
  "isDingBlack": true,
  "moves": [
    "d4",
    "Nf6",
    "c4",
    "g6",
    "Nc3",
    "Bg7",
    "Nf3",
    "O-O",
    "g3",
    "d6",
    "Bg2",
    "Nc6",
    "O-O",
    "a6",
    "Bf4",
    "Bf5",
    "d5",
    "Na5",
    "Nd2",
    "c5",
    "e4",
    "Bd7",
    "Re1",
    "Ng4",
    "Qc2",
    "b5",
    "cxb5",
    "axb5",
    "Ne2",
    "b4",
    "Nf3",
    "Bb5",
    "Rad1",
    "Nc4",
    "h3",
    "Nge5",
    "Nxe5",
    "Nxe5",
    "Nc1",
    "Qa5",
    "b3",
    "Rfc8",
    "Qd2",
    "c4",
    "Bh6",
    "c3",
    "Qf4",
    "Bxh6",
    "Qxh6",
    "Qa3",
    "Qe3",
    "c2",
    "Rd4",
    "Rc3",
    "Qd2",
    "Nd3",
    "Nxd3",
    "Rxd3",
    "Rxd3",
    "Bxd3",
    "e5",
    "Rc8",
    "Qc1",
    "Qxc1",
    "Rxc1",
    "dxe5",
    "f3",
    "Ra8",
    "Kf2",
    "Rxa2",
    "Ke3",
    "Bc4"
  ]
}