{
  "event": "SportAccord World Mind Games (Men's Rapid)",
  "site": "Beijing CHN",
  "date": "2012.12.14",
  "eventDate": "2012.12.14",
  "dateMillis": 1355414400000,
  "eventDateMillis": 1355414400000,
  "round": "2.2",
  "result": "1-0",
  "white": "Hikaru Nakamura",
  "black": "Ding Liren",
  "isDingWin": false,
  "isDraw": false,
  "isDingBlack": true,
  "moves": [
    "e4",
    "c6",
    "Nc3",
    "d5",
    "Nf3",
    "Bg4",
    "h3",
    "Bh5",
    "Be2",
    "e6",
    "O-O",
    "Nf6",
    "d3",
    "Be7",
    "Bf4",
    "O-O",
    "Nd2",
    "Bxe2",
    "Qxe2",
    "a5",
    "e5",
    "Nfd7",
    "Qg4",
    "Kh8",
    "a3",
    "b5",
    "Nf3",
    "Na6",
    "Ne2",
    "Nac5",
    "Ned4",
    "Qc8",
    "Rfe1",
    "b4",
    "axb4",
    "axb4",
    "b3",
    "Ra3",
    "Rad1",
    "Ra2",
    "Qh5",
    "Nb7",
    "Bg5",
    "Bc5",
    "Bd2",
    "Bxd4",
    "Nxd4",
    "c5",
    "Nf3",
    "Qe8",
    "Rc1",
    "f5",
    "Qh4",
    "d4",
    "Ra1",
    "Rxc2",
    "Ra7",
    "Nd8",
    "Ra8",
    "Kg8",
    "Bg5",
    "h6",
    "Rxd8",
    "Qf7",
    "Be7",
    "Rxd8",
    "Bxd8",
    "Rc3",
    "Ra1",
    "Rxd3",
    "Ra7",
    "Rxb3",
    "Qe7",
    "Qxe7",
    "Bxe7",
    "Rb1+",
    "Kh2",
    "b3",
    "Nd2",
    "Rb2",
    "Nxb3",
    "Nxe5",
    "Nxc5",
    "d3",
    "Ra8+",
    "Kf7",
    "Bd6",
    "d2",
    "Ra7+",
    "Kg8",
    "Bxe5",
    "d1=Q",
    "Rxg7+",
    "Kf8",
    "Nd7+",
    "Ke8",
    "Bxb2",
    "Qd2",
    "Be5",
    "Qxf2",
    "Nf6+",
    "Kd8",
    "Bd6",
    "Kc8",
    "Rc7+",
    "Kd8",
    "Rb7"
  ]
}