{
  "event": "SportAccord World Mind Games (Men's Rapid)",
  "site": "Beijing CHN",
  "date": "2012.12.15",
  "dateMillis": 1355500800000,
  "eventDateMillis": null,
  "round": "7.2",
  "result": "0-1",
  "white": "Ding Liren",
  "black": "Alexander Grischuk",
  "isDingWin": false,
  "isDraw": false,
  "isDingBlack": false,
  "moves": [
    "Nf3",
    "c5",
    "c4",
    "Nc6",
    "Nc3",
    "e5",
    "e3",
    "f5",
    "d3",
    "Nf6",
    "Nd5",
    "d6",
    "Nxf6+",
    "Qxf6",
    "g3",
    "g5",
    "Bg2",
    "Bg7",
    "O-O",
    "O-O",
    "Bd2",
    "Be6",
    "Bc3",
    "g4",
    "Nd2",
    "h5",
    "Rb1",
    "Rad8",
    "b4",
    "cxb4",
    "Bxb4",
    "h4",
    "Bc3",
    "Rf7",
    "Rb5",
    "Qh6",
    "Re1",
    "hxg3",
    "hxg3",
    "Bf6",
    "Nf1",
    "Rh7",
    "Qb3",
    "Rdd7",
    "d4",
    "a6",
    "Rb6",
    "Nd8",
    "dxe5",
    "dxe5",
    "Rd1",
    "e4",
    "Rdd6",
    "Bxc3",
    "Qxc3",
    "Nc6",
    "Rdxc6",
    "bxc6",
    "Rxc6",
    "Rd1",
    "f4",
    "gxf3"
  ]
}