{
  "event": "SportAccord World Mind Games (Men's Rapid)",
  "site": "Beijing CHN",
  "date": "2012.12.15",
  "dateMillis": 1355500800000,
  "eventDateMillis": null,
  "round": "5.2",
  "result": "1-0",
  "white": "Ding Liren",
  "black": "Peter Leko",
  "isDingWin": true,
  "isDraw": false,
  "isDingBlack": false,
  "moves": [
    "d4",
    "Nf6",
    "c4",
    "e6",
    "Nc3",
    "Bb4",
    "f3",
    "d5",
    "a3",
    "Bxc3+",
    "bxc3",
    "c5",
    "cxd5",
    "Nxd5",
    "dxc5",
    "Qa5",
    "e4",
    "Nf6",
    "Be3",
    "O-O",
    "Qb3",
    "Nfd7",
    "a4",
    "Qc7",
    "Qa3",
    "b6",
    "a5",
    "bxc5",
    "a6",
    "c4",
    "Qa5",
    "Nxa6",
    "Qxc7",
    "Nxc7",
    "Bxc4",
    "a5",
    "Be2",
    "f5",
    "exf5",
    "exf5",
    "Nh3",
    "Ba6",
    "c4",
    "Ne5",
    "Bf4",
    "Rfe8",
    "Kf2",
    "Re7",
    "Rxa5",
    "Nxc4",
    "Bxc4+",
    "Bxc4",
    "Bxc7"
  ]
}