{
  "event": "SportAccord World Mind Games (Men's Blitz)",
  "site": "Beijing CHN",
  "date": "2012.12.16",
  "eventDate": "2012.12.16",
  "dateMillis": 1355587200000,
  "eventDateMillis": 1355587200000,
  "round": "1.3",
  "result": "0-1",
  "white": "Ding Liren",
  "black": "Baadur Aleksandrovich Jobava",
  "isDingWin": false,
  "isDraw": false,
  "isDingBlack": false,
  "moves": [
    "d4",
    "Nf6",
    "c4",
    "d6",
    "Nf3",
    "g6",
    "Nc3",
    "Bf5",
    "d5",
    "Bg7",
    "Nd4",
    "Bd7",
    "e4",
    "O-O",
    "Be2",
    "Na6",
    "O-O",
    "Nc5",
    "f3",
    "a5",
    "Bg5",
    "h6",
    "Be3",
    "Kh7",
    "Qd2",
    "e5",
    "Nb3",
    "b6",
    "Nxc5",
    "bxc5",
    "g4",
    "Ng8",
    "Kg2",
    "Bf6",
    "h4",
    "Bxh4",
    "Rh1",
    "g5",
    "Rxh4",
    "gxh4",
    "Rh1",
    "Ne7",
    "Rxh4",
    "Nf5",
    "exf5",
    "Qxh4",
    "Ne4",
    "Rg8",
    "Bf2",
    "Qd8",
    "Kf1",
    "Rb8",
    "Bd3",
    "f6",
    "Bh4",
    "Rg5",
    "Bxg5",
    "hxg5",
    "Nxg5+",
    "Kg7",
    "Ne6+",
    "Bxe6",
    "fxe6",
    "Qh8",
    "Qg2",
    "Qh6",
    "g5",
    "Qxg5",
    "Qxg5+",
    "fxg5",
    "b3",
    "Kf6",
    "Kg2",
    "a4",
    "Bc2",
    "a3",
    "Kg3",
    "Rh8",
    "Kg2",
    "Rh4",
    "Bd3",
    "Rd4"
  ]
}