{
  "event": "SportAccord World Mind Games (Men's Rapid)",
  "site": "Beijing CHN",
  "date": "2012.12.15",
  "dateMillis": 1355500800000,
  "eventDateMillis": null,
  "round": "6.1",
  "result": "1/2-1/2",
  "white": "Laurent Fressinet",
  "black": "Ding Liren",
  "isDingWin": false,
  "isDraw": true,
  "isDingBlack": true,
  "moves": [
    "d4",
    "Nf6",
    "Nf3",
    "g6",
    "c4",
    "Bg7",
    "g3",
    "O-O",
    "Bg2",
    "d6",
    "O-O",
    "Nc6",
    "Nc3",
    "a6",
    "Re1",
    "Rb8",
    "Rb1",
    "b5",
    "cxb5",
    "axb5",
    "b4",
    "e6",
    "e4",
    "Ne7",
    "h3",
    "Bb7",
    "Qc2",
    "Ba8",
    "Be3",
    "Nd7",
    "Nd2",
    "c6",
    "Nb3",
    "Nb6",
    "Na5",
    "Qd7",
    "Rbd1",
    "Nc4",
    "Nxc4",
    "bxc4",
    "a3",
    "Bb7",
    "e5",
    "d5",
    "f4",
    "Ra8",
    "Ra1",
    "Rfb8",
    "g4",
    "Bc8",
    "Na4",
    "Qc7",
    "Nc5",
    "f5",
    "Bf2",
    "Kf7",
    "Bh4",
    "Ra7",
    "Qf2",
    "Rba8",
    "Re3",
    "Ng8",
    "Bf3",
    "Ke8",
    "gxf5",
    "exf5",
    "b5",
    "Bf8",
    "bxc6",
    "Bxc5",
    "dxc5",
    "Qxc6",
    "Rc3",
    "Be6",
    "Qd4",
    "Ra5",
    "Rxc4",
    "Rxa3",
    "Rxa3",
    "Rxa3",
    "Bg2",
    "Ne7",
    "Bxe7",
    "Kxe7",
    "Rc2",
    "h6",
    "h4",
    "Qa4",
    "Qxa4",
    "Rxa4",
    "c6",
    "Rxf4",
    "h5",
    "gxh5",
    "c7",
    "Rc4",
    "Rxc4",
    "dxc4",
    "Bd5",
    "Bc8",
    "Bxc4",
    "Kd7",
    "Bf7",
    "Kxc7",
    "Bxh5",
    "Kd7",
    "Bf7",
    "Ke7",
    "Bd5",
    "Be6",
    "Bb7",
    "h5",
    "Kg2",
    "Bc4",
    "Bc8",
    "Bd3",
    "Kg3",
    "Be4",
    "Kh4",
    "f4",
    "Kxh5",
    "f3",
    "Kg4",
    "f2",
    "Ba6",
    "Bg2",
    "Kg3",
    "f1=Q",
    "Bxf1",
    "Bxf1",
    "e6",
    "Kxe6"
  ]
}