{
  "event": "SportAccord World Mind Games (Men's Blindfold)",
  "site": "Beijing CHN",
  "date": "2012.12.19",
  "eventDate": "2012.12.18",
  "dateMillis": 1355846400000,
  "eventDateMillis": 1355760000000,
  "round": "5.2",
  "result": "0-1",
  "white": "Ding Liren",
  "black": "Shakhriyar Mamedyarov",
  "isDingWin": false,
  "isDraw": false,
  "isDingBlack": false,
  "moves": [
    "d4",
    "d5",
    "c4",
    "c6",
    "Nf3",
    "Nf6",
    "Nc3",
    "e6",
    "Bg5",
    "Nbd7",
    "e3",
    "Qa5",
    "cxd5",
    "Nxd5",
    "Rc1",
    "Bb4",
    "a3",
    "Bxc3+",
    "bxc3",
    "h6",
    "Bh4",
    "b6",
    "Qb3",
    "O-O",
    "Nd2",
    "b5",
    "Be2",
    "c5",
    "O-O",
    "cxd4",
    "exd4",
    "Ba6",
    "Bf3",
    "N7b6",
    "Bg3",
    "Rac8",
    "Bd6",
    "Rfd8",
    "Bb4",
    "Qa4",
    "Qb1",
    "Bb7",
    "Rfd1",
    "Qa6",
    "Ne4",
    "Na4",
    "Be2",
    "Nxb4",
    "Qxb4",
    "Bxe4",
    "Bxb5",
    "Qb7",
    "Bxa4",
    "Bxg2",
    "Qxb7",
    "Bxb7",
    "c4",
    "Bf3",
    "Rd2",
    "e5",
    "Bd1",
    "Ba8",
    "Bg4",
    "Rc6",
    "Kf1",
    "Rg6",
    "Be2",
    "exd4",
    "c5",
    "Bg2+",
    "Ke1",
    "Be4",
    "Rb2",
    "d3",
    "Bf1",
    "Rf6",
    "Rc3",
    "Re8",
    "Kd1",
    "Bf3+",
    "Kc1",
    "Re1+",
    "Kd2",
    "Rxf1",
    "Rb8+",
    "Kh7"
  ]
}