{
  "event": "SportAccord World Mind Games (Men's Blitz)",
  "site": "Beijing CHN",
  "date": "2012.12.16",
  "eventDate": "2012.12.16",
  "dateMillis": 1355587200000,
  "eventDateMillis": 1355587200000,
  "round": "6.8",
  "result": "0-1",
  "white": "Ding Liren",
  "black": "Shakhriyar Mamedyarov",
  "isDingWin": false,
  "isDraw": false,
  "isDingBlack": false,
  "moves": [
    "d4",
    "d5",
    "c4",
    "c6",
    "Nc3",
    "Nf6",
    "Nf3",
    "e6",
    "Bg5",
    "Nbd7",
    "e3",
    "Qa5",
    "cxd5",
    "Nxd5",
    "Qd2",
    "Bb4",
    "Rc1",
    "b6",
    "a3",
    "Bxc3",
    "bxc3",
    "h6",
    "Bh4",
    "c5",
    "c4",
    "Qxd2+",
    "Nxd2",
    "Ne7",
    "f3",
    "f5",
    "Bd3",
    "Ba6",
    "O-O",
    "Kf7",
    "Nb3",
    "Rac8",
    "Rfd1",
    "Rhd8",
    "Bf1",
    "g5",
    "Bf2",
    "cxd4",
    "exd4",
    "Nf6",
    "a4",
    "g4",
    "f4",
    "Ne4",
    "a5",
    "Rd7",
    "axb6",
    "axb6",
    "Bd3",
    "Nxf2",
    "Kxf2",
    "h5",
    "Ke3",
    "h4",
    "Rc2",
    "Bb7",
    "Ra1",
    "Rcd8",
    "Bf1",
    "g3",
    "h3",
    "Be4",
    "Rcc1",
    "b5",
    "cxb5",
    "Nd5+",
    "Kd2",
    "Nxf4",
    "b6",
    "Rb8",
    "Rc7",
    "Rxc7",
    "bxc7",
    "Rc8",
    "Ra7",
    "Bxg2",
    "Ba6",
    "Bb7",
    "Bxb7",
    "Rxc7",
    "Nc5",
    "g2",
    "Ra1",
    "Rxb7",
    "Nxb7",
    "Nxh3",
    "Ke3",
    "g1=Q+",
    "Rxg1",
    "Nxg1",
    "Nd8+",
    "Kf6",
    "Nc6",
    "h3",
    "Kf2",
    "Ne2",
    "Kf3",
    "f4",
    "Ne5",
    "Kf5",
    "Nc6",
    "Ng3"
  ]
}