{
  "event": "SportAccord World Mind Games (Men's Blitz)",
  "site": "Beijing CHN",
  "date": "2012.12.17",
  "eventDate": "2012.12.16",
  "dateMillis": 1355673600000,
  "eventDateMillis": 1355587200000,
  "round": "11.4",
  "result": "1-0",
  "white": "Peter Leko",
  "black": "Ding Liren",
  "isDingWin": false,
  "isDraw": false,
  "isDingBlack": true,
  "moves": [
    "c4",
    "g6",
    "g3",
    "Bg7",
    "Bg2",
    "e5",
    "Nc3",
    "Nc6",
    "e3",
    "d6",
    "Nge2",
    "f5",
    "O-O",
    "Nf6",
    "d3",
    "O-O",
    "b3",
    "Be6",
    "Nd5",
    "Qd7",
    "Bb2",
    "Rae8",
    "Qd2",
    "Nd8",
    "Qa5",
    "Nxd5",
    "cxd5",
    "Bf7",
    "Qxa7",
    "g5",
    "Rac1",
    "Bh5",
    "f3",
    "Bg6",
    "e4",
    "g4",
    "f4",
    "fxe4",
    "dxe4",
    "exf4",
    "Bxg7",
    "Qxg7",
    "Nxf4",
    "Bxe4",
    "Bxe4",
    "Rxe4",
    "Nh5",
    "Qe5",
    "Rxf8+",
    "Kxf8",
    "Qf2+",
    "Nf7",
    "Nf6",
    "Re2",
    "Nd7+"
  ]
}