{
  "event": "SportAccord World Mind Games (Men's Blindfold)",
  "site": "Beijing CHN",
  "date": "2012.12.19",
  "eventDate": "2012.12.18",
  "dateMillis": 1355846400000,
  "eventDateMillis": 1355760000000,
  "round": "6.3",
  "result": "1/2-1/2",
  "white": "Peter Leko",
  "black": "Ding Liren",
  "isDingWin": false,
  "isDraw": true,
  "isDingBlack": true,
  "moves": [
    "e4",
    "c6",
    "d4",
    "d5",
    "Nc3",
    "dxe4",
    "Nxe4",
    "Nd7",
    "Nf3",
    "Ngf6",
    "Nxf6+",
    "Nxf6",
    "c3",
    "Bg4",
    "h3",
    "Bxf3",
    "Qxf3",
    "e6",
    "g3",
    "Qd5",
    "Bg2",
    "Qxf3",
    "Bxf3",
    "Be7",
    "Ke2",
    "O-O",
    "Rd1",
    "Rfd8",
    "c4",
    "Rd7",
    "Be3",
    "a6",
    "Rd3",
    "Rad8",
    "Rad1",
    "h6",
    "Bg2",
    "g5",
    "b3",
    "Kg7",
    "Bc1",
    "Kg6",
    "Be3",
    "Kg7",
    "Bc1",
    "Kg6",
    "Be3",
    "Kg7"
  ]
}