{
  "event": "SportAccord World Mind Games (Men's Blitz)",
  "site": "Beijing CHN",
  "date": "2012.12.16",
  "eventDate": "2012.12.16",
  "dateMillis": 1355587200000,
  "eventDateMillis": 1355587200000,
  "round": "3.2",
  "result": "0-1",
  "white": "Ding Liren",
  "black": "Laurent Fressinet",
  "isDingWin": false,
  "isDraw": false,
  "isDingBlack": false,
  "moves": [
    "d4",
    "Nf6",
    "c4",
    "Nc6",
    "Nf3",
    "e6",
    "Nc3",
    "Bb4",
    "Qc2",
    "d6",
    "a3",
    "Bxc3+",
    "Qxc3",
    "O-O",
    "b4",
    "e5",
    "Bb2",
    "Re8",
    "e3",
    "Bg4",
    "d5",
    "Nb8",
    "Nd2",
    "c6",
    "e4",
    "a5",
    "Bd3",
    "Nbd7",
    "O-O",
    "c5",
    "Nb3",
    "b6",
    "f3",
    "Bh5",
    "bxa5",
    "bxa5",
    "a4",
    "h6",
    "Bc1",
    "Bg6",
    "Bd2",
    "Nh5",
    "g3",
    "Rf8",
    "Nxa5",
    "f5",
    "Nc6",
    "Qe8",
    "a5",
    "fxe4",
    "fxe4",
    "Ndf6",
    "Qc2",
    "Qd7",
    "Bc3",
    "Kh7",
    "Rae1",
    "Ng4",
    "Qg2",
    "Rxf1+",
    "Qxf1",
    "Ngf6",
    "Qf3",
    "Qh3",
    "Qg2",
    "Qd7",
    "Bd2",
    "Qb7",
    "Rb1",
    "Qd7",
    "h3",
    "Qe8",
    "Be3",
    "Qd7",
    "Kh2",
    "Qe8",
    "Rb7",
    "Qc8",
    "Rb6",
    "Ra6",
    "Rxa6",
    "Qxa6",
    "Qb2",
    "Bxe4",
    "Bxe4+",
    "Nxe4",
    "Qb5",
    "Qc8",
    "g4",
    "Qf8",
    "gxh5",
    "Qf3",
    "Qb3",
    "Qg3+",
    "Kh1",
    "Nf2+",
    "Bxf2",
    "Qxb3",
    "a6",
    "Qxc4"
  ]
}