{
  "event": "SportAccord World Mind Games (Men's Blitz)",
  "site": "Beijing CHN",
  "date": "2012.12.16",
  "eventDate": "2012.12.16",
  "dateMillis": 1355587200000,
  "eventDateMillis": 1355587200000,
  "round": "2.7",
  "result": "0-1",
  "white": "Anish Giri",
  "black": "Ding Liren",
  "isDingWin": true,
  "isDraw": false,
  "isDingBlack": true,
  "moves": [
    "e4",
    "e6",
    "d4",
    "d5",
    "Nd2",
    "c5",
    "Ngf3",
    "cxd4",
    "exd5",
    "Qxd5",
    "Bc4",
    "Qd6",
    "O-O",
    "Nf6",
    "Nb3",
    "Nc6",
    "Nbxd4",
    "Nxd4",
    "Nxd4",
    "Be7",
    "c3",
    "O-O",
    "Qf3",
    "Qc7",
    "Bb3",
    "a6",
    "Re1",
    "Bd6",
    "h3",
    "Bh2+",
    "Kh1",
    "Be5",
    "Be3",
    "Bd7",
    "Rad1",
    "Rfd8",
    "Rd2",
    "Be8",
    "Red1",
    "Qe7",
    "Kg1",
    "h6",
    "a3",
    "Rac8",
    "Ba2",
    "Ba4",
    "Re1",
    "Qc7",
    "Bxe6",
    "Bxd4",
    "Bxc8",
    "Bxe3",
    "Qxb7",
    "Rxc8",
    "Qxc7",
    "Bxf2+",
    "Kxf2",
    "Rxc7",
    "Rd4",
    "Bb3",
    "Rb4",
    "Be6",
    "Rb8+",
    "Kh7",
    "Rb6",
    "a5",
    "a4",
    "Nd7",
    "Rb5",
    "Nc5",
    "Rd1",
    "Nxa4",
    "Rd2",
    "Nc5",
    "Rd4",
    "a4",
    "Ke3",
    "Bb3",
    "Rd6",
    "Ne6",
    "Rdb6",
    "Kg6",
    "Rb7",
    "Rc8",
    "Rb8",
    "Rc4",
    "Rb4",
    "Rc5",
    "R8b5",
    "Rc7",
    "Rb7",
    "Rc8",
    "Rb8",
    "Rxb8",
    "Rxb8",
    "f5",
    "Rc8",
    "Kf6",
    "c4",
    "Ke5",
    "g3",
    "g5",
    "Kd3",
    "f4",
    "g4",
    "Kd6",
    "Rh8",
    "Kc5",
    "Rc8+",
    "Kd6",
    "Rh8",
    "f3",
    "Rxh6",
    "Ke5",
    "Ke3",
    "Bxc4",
    "Kxf3",
    "Nc5",
    "Rg6",
    "Nd3",
    "Rxg5+",
    "Kd4",
    "Ra5",
    "Nxb2",
    "g5",
    "Kc3",
    "g6",
    "Kb4",
    "Ra8",
    "a3",
    "Rb8+",
    "Kc3",
    "Ra8",
    "Kb4",
    "Rb8+",
    "Kc3",
    "Ra8",
    "Bd5+",
    "Kf4",
    "Bxa8",
    "Ke5",
    "Nc4+",
    "Ke6",
    "Ne3",
    "Ke5",
    "a2"
  ]
}