{
  "event": "SportAccord World Mind Games (Men's Blitz)",
  "site": "Beijing CHN",
  "date": "2012.12.17",
  "eventDate": "2012.12.16",
  "dateMillis": 1355673600000,
  "eventDateMillis": 1355587200000,
  "round": "14.4",
  "result": "1-0",
  "white": "Ding Liren",
  "black": "Alexander Morozevich",
  "isDingWin": true,
  "isDraw": false,
  "isDingBlack": false,
  "moves": [
    "Nf3",
    "g6",
    "e4",
    "c5",
    "c3",
    "Bg7",
    "d4",
    "cxd4",
    "cxd4",
    "d5",
    "e5",
    "a6",
    "h3",
    "Nc6",
    "Nc3",
    "f6",
    "exf6",
    "exf6",
    "Bd3",
    "Nge7",
    "O-O",
    "O-O",
    "Re1",
    "Rf7",
    "a3",
    "Bf5",
    "Bxf5",
    "Nxf5",
    "g4",
    "Nfe7",
    "Na4",
    "g5",
    "Nc5",
    "Ng6",
    "b4",
    "Bf8",
    "Qb3",
    "b6",
    "Ne6",
    "Qd7",
    "Ra2",
    "Bd6",
    "Rae2",
    "Rc8",
    "Qd3",
    "a5",
    "bxa5",
    "Nxa5",
    "h4",
    "gxh4",
    "Qf5",
    "Rc3",
    "Kh1",
    "Ne7",
    "Qh5",
    "Rxf3",
    "g5",
    "Rh3+",
    "Kg2",
    "Rh2+",
    "Kg1",
    "Ng6",
    "Bf4",
    "fxg5",
    "Bxh2",
    "Bxh2+",
    "Kxh2",
    "Rf5",
    "Nxg5",
    "Rf8",
    "Re7",
    "Qd6+",
    "Kh1",
    "h6",
    "Qxh6"
  ]
}