{
  "event": "SportAccord World Mind Games (Men's Blitz)",
  "site": "Beijing CHN",
  "date": "2012.12.17",
  "eventDate": "2012.12.16",
  "dateMillis": 1355673600000,
  "eventDateMillis": 1355587200000,
  "round": "9.3",
  "result": "0-1",
  "white": "Viktor Antonovich Bologan",
  "black": "Ding Liren",
  "isDingWin": true,
  "isDraw": false,
  "isDingBlack": true,
  "moves": [
    "d4",
    "Nf6",
    "c4",
    "g6",
    "Nc3",
    "Bg7",
    "e4",
    "d6",
    "f3",
    "O-O",
    "Nge2",
    "c5",
    "d5",
    "e6",
    "Ng3",
    "exd5",
    "cxd5",
    "a6",
    "a4",
    "h5",
    "Be2",
    "h4",
    "Nf1",
    "Nh7",
    "Be3",
    "f5",
    "exf5",
    "gxf5",
    "Bf4",
    "Qf6",
    "Ne3",
    "Nd7",
    "Nc4",
    "Ne5",
    "O-O",
    "Nxc4",
    "Bxc4",
    "Bd7",
    "Kh1",
    "Rf7",
    "Qb3",
    "Re8",
    "h3",
    "Nf8",
    "Rae1",
    "Ng6",
    "Bh2",
    "f4",
    "Re6",
    "Bxe6",
    "dxe6",
    "Rfe7",
    "Nd5",
    "Qd4",
    "Nxe7+",
    "Rxe7",
    "Rd1",
    "Qxb2",
    "Qxb2",
    "Bxb2",
    "Rxd6",
    "Bd4",
    "Bd5",
    "Kg7",
    "Rd7",
    "Kf6",
    "Rxb7",
    "Rxb7",
    "Bxb7",
    "a5",
    "Bd5",
    "Be3",
    "Bg1",
    "Nf8",
    "Bxe3",
    "fxe3",
    "Kg1",
    "Nxe6",
    "Bxe6",
    "Kxe6",
    "Kf1",
    "Ke5",
    "Ke2",
    "Kf4",
    "Kd3",
    "c4+",
    "Ke2",
    "c3",
    "Kd3",
    "c2",
    "Kxc2",
    "Kg3",
    "Kd1",
    "Kf2"
  ]
}