{
  "event": "SportAccord World Mind Games (Men's Blitz)",
  "site": "Beijing CHN",
  "date": "2012.12.16",
  "eventDate": "2012.12.16",
  "dateMillis": 1355587200000,
  "eventDateMillis": 1355587200000,
  "round": "5.1",
  "result": "0-1",
  "white": "Ding Liren",
  "black": "Vassily Ivanchuk",
  "isDingWin": false,
  "isDraw": false,
  "isDingBlack": false,
  "moves": [
    "d4",
    "e6",
    "c4",
    "c5",
    "d5",
    "exd5",
    "cxd5",
    "g6",
    "Nc3",
    "d6",
    "e4",
    "Bg7",
    "Bd3",
    "Ne7",
    "Nf3",
    "Bg4",
    "h3",
    "Bxf3",
    "Qxf3",
    "Nd7",
    "O-O",
    "O-O",
    "Qe2",
    "a6",
    "a4",
    "Re8",
    "Qc2",
    "Rc8",
    "Rd1",
    "h6",
    "Be2",
    "g5",
    "g3",
    "Ng6",
    "Kg2",
    "Qe7",
    "Bg4",
    "Rc7",
    "Bf5",
    "c4",
    "Ne2",
    "Nde5",
    "Be3",
    "Nd3",
    "Bd4",
    "Bxd4",
    "Nxd4",
    "Nge5",
    "Qc3",
    "h5",
    "a5",
    "h4",
    "Rf1",
    "hxg3",
    "fxg3",
    "Rb8",
    "b3",
    "b5",
    "b4",
    "Qf8",
    "Ra2",
    "Qg7",
    "Kh1",
    "Re8",
    "Rh2",
    "Rce7",
    "h4",
    "g4",
    "h5",
    "Nf3",
    "Rxf3",
    "gxf3",
    "h6",
    "Qxg3",
    "h7+",
    "Kh8",
    "Nxf3+",
    "Qg7",
    "Qxg7+",
    "Kxg7",
    "Rg2+",
    "Kh8",
    "Ng5",
    "c3",
    "Rc2",
    "Rc7",
    "Nxf7+",
    "Rxf7",
    "Rxc3",
    "Ne5",
    "Kg2",
    "Ref8",
    "Kg3",
    "Rg7+",
    "Kf2",
    "Rxh7"
  ]
}