{
  "event": "SportAccord World Mind Games (Men's Blindfold)",
  "site": "Beijing CHN",
  "date": "2012.12.18",
  "eventDate": "2012.12.18",
  "dateMillis": 1355760000000,
  "eventDateMillis": 1355760000000,
  "round": "2.4",
  "result": "1-0",
  "white": "Ding Liren",
  "black": "Gata Kamsky",
  "isDingWin": true,
  "isDraw": false,
  "isDingBlack": false,
  "moves": [
    "d4",
    "d5",
    "c4",
    "c6",
    "Nf3",
    "Nf6",
    "Nc3",
    "a6",
    "g3",
    "Bf5",
    "Bg2",
    "e6",
    "O-O",
    "h6",
    "Nd2",
    "Nbd7",
    "e4",
    "dxe4",
    "Ndxe4",
    "Nxe4",
    "Nxe4",
    "Bxe4",
    "Bxe4",
    "Nf6",
    "Bc2",
    "Qd7",
    "Be3",
    "Be7",
    "Qf3",
    "O-O",
    "Rad1",
    "Rfd8",
    "Bf4",
    "Qe8",
    "g4",
    "Nh7",
    "Kg2",
    "Rd7",
    "d5",
    "cxd5",
    "cxd5",
    "Rxd5",
    "Rxd5",
    "exd5",
    "Qxd5",
    "Nf8",
    "Qxb7",
    "Ne6",
    "Bg3",
    "Nc5",
    "Qf3",
    "Rd8",
    "Rd1",
    "Rxd1",
    "Bxd1",
    "Bf6",
    "b4",
    "Ne4",
    "Bb3",
    "Nd2",
    "Qd5",
    "Nxb3",
    "axb3",
    "Be7",
    "Qb7",
    "Bf8",
    "Qxa6",
    "Qe4+",
    "f3",
    "Qxb4",
    "Qd3",
    "Qa5",
    "Qc2",
    "h5",
    "h3",
    "hxg4",
    "hxg4",
    "Qd5",
    "Bf2",
    "Qe5",
    "Qd2",
    "Qb5",
    "Qc3",
    "Qb7",
    "Qc4",
    "Bb4",
    "Bd4",
    "Bf8",
    "Bc3",
    "Qa8",
    "Bb4",
    "Qa2+",
    "Kg3",
    "Bxb4",
    "Qxb4",
    "Qb2",
    "Qb5",
    "f6",
    "b4",
    "g5",
    "Qc5",
    "Qd2",
    "b5",
    "Qf4+",
    "Kg2",
    "Qd2+",
    "Qf2",
    "Qb4",
    "b6",
    "Kg7",
    "Qe3",
    "Kf7",
    "Kh3",
    "Qb5",
    "Qd4",
    "Qf1+",
    "Kg3",
    "Qe1+",
    "Kg2",
    "Qe2+",
    "Qf2",
    "Qb5",
    "Qa2+",
    "Kg6",
    "Qg8+",
    "Kh6",
    "Qe6",
    "Qb2+",
    "Kh3",
    "Qa1",
    "Kg2",
    "Qb2+",
    "Kf1",
    "Qb1+",
    "Ke2",
    "Qc2+",
    "Ke3",
    "Qc3+",
    "Ke4",
    "Qb4+",
    "Kd3",
    "Qb5+",
    "Kc3",
    "Qc5+",
    "Kb2",
    "Qb5+",
    "Kc2",
    "Qc5+",
    "Kd3",
    "Qb5+",
    "Ke3",
    "Qc5+",
    "Ke2",
    "Qc2+",
    "Kf1",
    "Qb1+",
    "Kg2",
    "Qb2+",
    "Kg3",
    "Qa1",
    "Qe3",
    "Qb1",
    "f4",
    "Qb5",
    "fxg5+",
    "fxg5",
    "Qd4",
    "Kg6",
    "Qe4+",
    "Kg7",
    "Qd4+",
    "Kf7",
    "Kf2",
    "Ke6",
    "Ke3",
    "Qb3+",
    "Kd2",
    "Qa2+",
    "Kc3",
    "Qa1+",
    "Kc4",
    "Qf1+",
    "Kc5",
    "Qf8+",
    "Kb5",
    "Qe8+",
    "Kb4",
    "Qb8",
    "Qc4+",
    "Kd6",
    "Qc5+",
    "Ke6",
    "Kb5",
    "Qg3",
    "b7",
    "Qb3+",
    "Kc6",
    "Qf3+",
    "Kb6",
    "Qb3+",
    "Kc7",
    "Qg3+",
    "Kc8"
  ]
}