{
  "event": "SportAccord World Mind Games (Men's Blitz)",
  "site": "Beijing CHN",
  "date": "2012.12.16",
  "eventDate": "2012.12.16",
  "dateMillis": 1355587200000,
  "eventDateMillis": 1355587200000,
  "round": "4.8",
  "result": "1-0",
  "white": "Gata Kamsky",
  "black": "Ding Liren",
  "isDingWin": false,
  "isDraw": false,
  "isDingBlack": true,
  "moves": [
    "b3",
    "g6",
    "Bb2",
    "Nf6",
    "g3",
    "Bg7",
    "Bg2",
    "d5",
    "e3",
    "O-O",
    "Ne2",
    "c5",
    "d3",
    "Nc6",
    "Nd2",
    "Re8",
    "h3",
    "e5",
    "g4",
    "d4",
    "Bxc6",
    "bxc6",
    "e4",
    "h5",
    "f3",
    "Nh7",
    "Ng3",
    "Qh4",
    "Kf2",
    "Bh6",
    "Kg2",
    "Ng5",
    "Ndf1",
    "Ne6",
    "Ne2",
    "f5",
    "Bc1",
    "Nf4+",
    "Bxf4",
    "exf4",
    "Qe1",
    "Qf6",
    "Nh2",
    "a5",
    "a4",
    "Bg5",
    "Rg1",
    "Ra7",
    "gxh5",
    "gxh5",
    "Kh1",
    "Kh7",
    "Qf2",
    "Bh4",
    "Qg2",
    "Be6",
    "Nxf4",
    "Rg8",
    "Qe2",
    "Rxg1+",
    "Rxg1",
    "Bf7",
    "exf5",
    "Re7",
    "Qg2",
    "Re5",
    "Ng6",
    "Bxg6",
    "Qxg6+",
    "Qxg6",
    "fxg6+",
    "Kg7",
    "f4",
    "Re2",
    "Nf3",
    "Bf6",
    "Rg2",
    "Re3",
    "Nd2",
    "Re1+",
    "Rg1",
    "Re2",
    "Rg2",
    "Re1+",
    "Kh2",
    "Bd8",
    "Nf3",
    "Re3",
    "Ne5",
    "Bc7",
    "Rg5",
    "h4",
    "Kg2",
    "Re2+",
    "Kf3",
    "Rxc2",
    "Kg4",
    "Rc3",
    "Kh5",
    "Rxb3",
    "Rf5",
    "Bxe5",
    "Rxe5",
    "Rxd3",
    "Re7+",
    "Kf6",
    "Rf7+",
    "Ke6",
    "f5+",
    "Kd6",
    "g7",
    "Rg3",
    "Rf6+",
    "Kd5",
    "Rg6"
  ]
}