{
  "event": "SportAccord World Mind Games (Men's Blindfold)",
  "site": "Beijing CHN",
  "date": "2012.12.19",
  "eventDate": "2012.12.18",
  "dateMillis": 1355846400000,
  "eventDateMillis": 1355760000000,
  "round": "7.2",
  "result": "1/2-1/2",
  "white": "Hikaru Nakamura",
  "black": "Ding Liren",
  "isDingWin": false,
  "isDraw": true,
  "isDingBlack": true,
  "moves": [
    "Nf3",
    "Nf6",
    "c4",
    "g6",
    "Nc3",
    "Bg7",
    "e4",
    "d6",
    "d4",
    "O-O",
    "Be2",
    "e5",
    "dxe5",
    "dxe5",
    "Qxd8",
    "Rxd8",
    "Nd5",
    "Nxd5",
    "cxd5",
    "c6",
    "Bc4",
    "b5",
    "Bb3",
    "Bb7",
    "Bg5",
    "Rd7",
    "Rc1",
    "a5",
    "a3",
    "a4",
    "Ba2",
    "cxd5",
    "Bxd5",
    "Na6",
    "Bxb7",
    "Rxb7",
    "Ke2",
    "b4",
    "Rc4",
    "Bf8",
    "Nxe5",
    "bxa3",
    "bxa3",
    "Rb2+",
    "Kf3",
    "Rb3+",
    "Be3",
    "Nc5",
    "Ra1",
    "Ne6",
    "Nd7",
    "Bg7",
    "e5",
    "Bh6",
    "Nf6+",
    "Kg7",
    "Ng4",
    "Bxe3",
    "Nxe3",
    "Rb5",
    "Rd1",
    "Rb3",
    "Ra1",
    "Rb5",
    "Rd1",
    "Rb3",
    "Ra1"
  ]
}