{
  "event": "SportAccord World Mind Games (Men's Blindfold)",
  "site": "Beijing CHN",
  "date": "2012.12.18",
  "eventDate": "2012.12.18",
  "dateMillis": 1355760000000,
  "eventDateMillis": 1355760000000,
  "round": "1.8",
  "result": "1/2-1/2",
  "white": "Vassily Ivanchuk",
  "black": "Ding Liren",
  "isDingWin": false,
  "isDraw": true,
  "isDingBlack": true,
  "moves": [
    "e4",
    "c6",
    "d4",
    "d5",
    "Nc3",
    "dxe4",
    "Nxe4",
    "Nd7",
    "Nf3",
    "Ngf6",
    "Nxf6+",
    "Nxf6",
    "c3",
    "Bg4",
    "h3",
    "Bxf3",
    "Qxf3",
    "e6",
    "Be2",
    "Be7",
    "O-O",
    "O-O",
    "Rd1",
    "Qd5",
    "c4",
    "Qxf3",
    "Bxf3",
    "Rfd8",
    "Be3",
    "Rd7",
    "Rd2",
    "a6",
    "Rad1",
    "Rad8",
    "a3",
    "g6",
    "g4",
    "Bd6",
    "Kg2",
    "Bb8",
    "Kf1",
    "Ba7",
    "Ke2",
    "Re8",
    "Bf4",
    "Red8",
    "Be3",
    "Re8",
    "b4",
    "Kg7",
    "Rd3",
    "Ng8",
    "Kd2",
    "Ne7",
    "a4",
    "Red8",
    "Kc2",
    "Bb8",
    "Ra3",
    "Ba7",
    "Rad3",
    "Bb8",
    "Ra3",
    "Ba7"
  ]
}