{
  "event": "SportAccord World Mind Games (Men's Blitz)",
  "site": "Beijing CHN",
  "date": "2012.12.17",
  "eventDate": "2012.12.16",
  "dateMillis": 1355673600000,
  "eventDateMillis": 1355587200000,
  "round": "12.5",
  "result": "1/2-1/2",
  "white": "Ding Liren",
  "black": "Wang Hao",
  "isDingWin": false,
  "isDraw": true,
  "isDingBlack": false,
  "moves": [
    "Nf3",
    "d5",
    "d4",
    "Nf6",
    "c4",
    "c6",
    "Nc3",
    "a6",
    "c5",
    "Bf5",
    "Nh4",
    "Bg6",
    "Bf4",
    "Nbd7",
    "e3",
    "e6",
    "h3",
    "Be7",
    "Nxg6",
    "hxg6",
    "Bd3",
    "Nh5",
    "Bh2",
    "f5",
    "b4",
    "Nhf6",
    "a4",
    "g5",
    "f3",
    "Qc8",
    "b5",
    "Bd8",
    "b6",
    "Be7",
    "Qe2",
    "Kf7",
    "e4",
    "g6",
    "O-O-O",
    "Qg8",
    "Rde1",
    "Re8",
    "Bc7",
    "f4",
    "Qf2",
    "Nh5",
    "Ne2",
    "Bf6",
    "e5",
    "Bd8",
    "Bd6",
    "Be7",
    "Kc2",
    "Rf8",
    "Nc1",
    "Qg7",
    "Nb3",
    "Ng3",
    "Rhg1",
    "Bxd6",
    "cxd6",
    "Kg8",
    "Rb1",
    "Kh7",
    "a5",
    "Rc8",
    "Rge1",
    "Rhd8",
    "Nc5",
    "Nxc5",
    "dxc5",
    "Qf7",
    "Kc3",
    "Nf5",
    "Bxf5",
    "Qxf5",
    "Kd4",
    "Kg7",
    "Qd2",
    "Rh8",
    "Qd3",
    "Rh4",
    "Qxf5",
    "gxf5",
    "Re2",
    "Rch8",
    "Rf1",
    "Kf7",
    "Ref2",
    "Ke8",
    "Kd3",
    "Kf7",
    "Kc3",
    "Ke8",
    "Kd3",
    "Kf7",
    "Kc3",
    "Ke8",
    "Kd3",
    "Kf7",
    "Kc3",
    "Ke8",
    "Kd3"
  ]
}