{
  "event": "SportAccord World Mind Games (Men's Blindfold)",
  "site": "Beijing CHN",
  "date": "2012.12.18",
  "eventDate": "2012.12.18",
  "dateMillis": 1355760000000,
  "eventDateMillis": 1355760000000,
  "round": "4.3",
  "result": "0-1",
  "white": "Sergey Karjakin",
  "black": "Ding Liren",
  "isDingWin": true,
  "isDraw": false,
  "isDingBlack": true,
  "moves": [
    "e4",
    "c6",
    "d4",
    "d5",
    "e5",
    "Bf5",
    "Nf3",
    "e6",
    "Be2",
    "Ne7",
    "O-O",
    "h6",
    "a4",
    "Nd7",
    "a5",
    "Qc7",
    "c3",
    "Bxb1",
    "Rxb1",
    "Qxa5",
    "b4",
    "Qc7",
    "Ne1",
    "a6",
    "f4",
    "g6",
    "g4",
    "f5",
    "h3",
    "O-O-O",
    "Nd3",
    "g5",
    "fxg5",
    "hxg5",
    "Bxg5",
    "Ng6",
    "gxf5",
    "exf5",
    "Rxf5",
    "Be7",
    "Bg4",
    "Rdg8",
    "Kh2",
    "Kb8",
    "Bxe7",
    "Nxe7",
    "Rf7",
    "Nf8",
    "Nc5",
    "Ka7",
    "Ra1",
    "Nfg6",
    "Qe2",
    "Qb6",
    "Bh5",
    "Rxh5",
    "Qxh5",
    "Qb5",
    "Qf3",
    "Nh4",
    "Qf1",
    "Nef5",
    "Qxb5",
    "Rg2+",
    "Kh1",
    "Ng3#"
  ]
}