{
  "event": "SportAccord World Mind Games (Men's Blitz)",
  "site": "Beijing CHN",
  "date": "2012.12.17",
  "eventDate": "2012.12.16",
  "dateMillis": 1355673600000,
  "eventDateMillis": 1355587200000,
  "round": "10.6",
  "result": "0-1",
  "white": "Ding Liren",
  "black": "Sergey Karjakin",
  "isDingWin": false,
  "isDraw": false,
  "isDingBlack": false,
  "moves": [
    "d4",
    "d5",
    "c4",
    "dxc4",
    "e4",
    "Nf6",
    "e5",
    "Nd5",
    "Bxc4",
    "Nb6",
    "Bd3",
    "Nc6",
    "Be3",
    "Nb4",
    "Be4",
    "f5",
    "exf6",
    "exf6",
    "Nc3",
    "f5",
    "Bb1",
    "N4d5",
    "Nf3",
    "Nxe3",
    "fxe3",
    "Bd6",
    "O-O",
    "O-O",
    "e4",
    "c6",
    "exf5",
    "Bxf5",
    "Bxf5",
    "Rxf5",
    "Qb3+",
    "Kh8",
    "Rae1",
    "Qd7",
    "Ne4",
    "Raf8",
    "Nxd6",
    "Qxd6",
    "Re6",
    "Qd7",
    "Rfe1",
    "Nd5",
    "R6e5",
    "Rxe5",
    "dxe5",
    "Qg4",
    "Kh1",
    "Nf4",
    "Qc2",
    "h5",
    "Ng1",
    "Ne6",
    "Nf3",
    "Nf4",
    "Ng1",
    "Re8",
    "Qe4",
    "Rxe5"
  ]
}