{
  "event": "SportAccord World Mind Games (Men's Blitz)",
  "site": "Beijing CHN",
  "date": "2012.12.16",
  "eventDate": "2012.12.16",
  "dateMillis": 1355587200000,
  "eventDateMillis": 1355587200000,
  "round": "8.7",
  "result": "1/2-1/2",
  "white": "Ding Liren",
  "black": "Levon Aronian",
  "isDingWin": false,
  "isDraw": true,
  "isDingBlack": false,
  "moves": [
    "d4",
    "Nf6",
    "c4",
    "e6",
    "Nf3",
    "b6",
    "g3",
    "Bb7",
    "Bg2",
    "Bb4+",
    "Bd2",
    "c5",
    "O-O",
    "O-O",
    "Bxb4",
    "cxb4",
    "Qd3",
    "a5",
    "Nbd2",
    "Na6",
    "e4",
    "d6",
    "Rad1",
    "Qe8",
    "Ne1",
    "e5",
    "Nc2",
    "Rd8",
    "Rfe1",
    "Qe6",
    "b3",
    "Rfe8",
    "Nf1",
    "Qc8",
    "f3",
    "g6",
    "Nfe3",
    "Kg7",
    "h4",
    "h5",
    "Kh2",
    "Qa8",
    "Qd2",
    "Nc7",
    "Nf5+",
    "Kg8",
    "Qh6",
    "Ne6",
    "d5",
    "gxf5",
    "dxe6",
    "Rxe6",
    "Qg5+",
    "Kh8",
    "exf5",
    "Nh7",
    "Qxh5",
    "Re7",
    "Nd4",
    "Red7",
    "Nb5",
    "f6",
    "Re3",
    "d5",
    "cxd5",
    "Bxd5",
    "Rc1",
    "Bc6",
    "g4",
    "Bxb5",
    "g5",
    "Rg7",
    "g6",
    "Rc8",
    "Rd1",
    "Rd8",
    "Rc1",
    "Rc8",
    "Rd1",
    "Rd8",
    "Rc1",
    "Rc8",
    "Rd1"
  ]
}