{
  "event": "SportAccord World Mind Games (Men's Blitz)",
  "site": "Beijing CHN",
  "date": "2012.12.16",
  "eventDate": "2012.12.16",
  "dateMillis": 1355587200000,
  "eventDateMillis": 1355587200000,
  "round": "7.2",
  "result": "1-0",
  "white": "Alexander Grischuk",
  "black": "Ding Liren",
  "isDingWin": false,
  "isDraw": false,
  "isDingBlack": true,
  "moves": [
    "d4",
    "Nf6",
    "c4",
    "g6",
    "Nc3",
    "Bg7",
    "e4",
    "d6",
    "h3",
    "O-O",
    "Be3",
    "c5",
    "d5",
    "e6",
    "Nf3",
    "exd5",
    "exd5",
    "Qa5",
    "Bd2",
    "a6",
    "Be2",
    "Qc7",
    "O-O",
    "b5",
    "cxb5",
    "axb5",
    "Nxb5",
    "Qb6",
    "Bf4",
    "Rd8",
    "a4",
    "Bb7",
    "Bc4",
    "Ne8",
    "Re1",
    "Nd7",
    "Qd2",
    "Ba6",
    "Rab1",
    "Rdc8",
    "Bf1",
    "Ndf6",
    "Bc4",
    "Rd8",
    "b3",
    "Nc7",
    "a5",
    "Qb8",
    "Nxd6"
  ]
}