{
  "event": "Reykjavik Open",
  "site": "Reykjavik ISL",
  "date": "2013.02.19",
  "eventDate": "2013.02.19",
  "dateMillis": 1361203200000,
  "eventDateMillis": 1361203200000,
  "round": "1.5",
  "result": "1/2-1/2",
  "white": "Ding Liren",
  "black": "Sebastian Mihajlov",
  "isDingWin": false,
  "isDraw": true,
  "isDingBlack": false,
  "moves": [
    "d4",
    "d5",
    "c4",
    "c6",
    "Nf3",
    "Nf6",
    "Nc3",
    "dxc4",
    "a4",
    "Bf5",
    "Ne5",
    "Nbd7",
    "Nxc4",
    "Qc7",
    "g3",
    "e5",
    "dxe5",
    "Nxe5",
    "Bf4",
    "Nfd7",
    "Bg2",
    "g5",
    "Ne3",
    "gxf4",
    "Nxf5",
    "O-O-O",
    "Qc2",
    "Nc5",
    "O-O",
    "fxg3",
    "hxg3",
    "Ne6",
    "Rfc1",
    "Kb8",
    "Qe4",
    "Nc5",
    "Qh4",
    "Ng6",
    "Qc4",
    "Ne5",
    "Qf4",
    "a5",
    "Rd1",
    "Re8",
    "Ne4",
    "Nxe4",
    "Qxe4",
    "Bb4",
    "Rac1",
    "h5",
    "Rd4",
    "h4",
    "Nxh4",
    "Ng6",
    "Qf3",
    "Nxh4",
    "gxh4",
    "Qe5",
    "e3",
    "Bd6",
    "Kf1",
    "Rh6",
    "Rxc6",
    "Rf6",
    "Qxf6",
    "Qxf6",
    "Rcxd6",
    "Qe5",
    "Rd7",
    "Re7",
    "Rxe7",
    "Qxe7",
    "Bd5",
    "f6",
    "b3",
    "Qe5",
    "Kg2",
    "Qh5",
    "Bc4",
    "Qg6+",
    "Kf3",
    "Qh5+",
    "Kg3",
    "Qg6+",
    "Rg4",
    "Qh5",
    "Rf4",
    "Qg6+",
    "Kf3",
    "Qh5+",
    "Ke4",
    "Qh7+",
    "Kd4",
    "Qd7+",
    "Ke4",
    "Qh7+",
    "Kf3",
    "Qh5+",
    "Kg2",
    "Qg6+",
    "Kf1",
    "Qb1+",
    "Ke2",
    "Qc2+",
    "Kf3",
    "Qg6",
    "e4",
    "Qh5+",
    "Kg3",
    "Qg6+",
    "Rg4",
    "Qh6",
    "Rg8+",
    "Kc7",
    "Kg4",
    "Qd2",
    "Rg7+",
    "Kd6",
    "e5+",
    "fxe5",
    "Rf7",
    "Qd1+",
    "Kg5",
    "Qc1+",
    "Kg6",
    "Qg1+",
    "Kh6",
    "Qc1+"
  ]
}