{
  "event": "Reykjavik Open",
  "site": "Reykjavik ISL",
  "date": "2013.02.23",
  "eventDate": "2013.02.19",
  "dateMillis": 1361548800000,
  "eventDateMillis": 1361203200000,
  "round": "6",
  "result": "1/2-1/2",
  "white": "Yury Markovich Shulman",
  "black": "Ding Liren",
  "isDingWin": false,
  "isDraw": true,
  "isDingBlack": true,
  "moves": [
    "d4",
    "Nf6",
    "c4",
    "g6",
    "Nc3",
    "Bg7",
    "e4",
    "d6",
    "Nf3",
    "O-O",
    "Be2",
    "e5",
    "Be3",
    "Qe8",
    "dxe5",
    "Ng4",
    "Bg5",
    "Nxe5",
    "O-O",
    "Nxf3+",
    "Bxf3",
    "Bxc3",
    "bxc3",
    "Qe5",
    "Qd2",
    "Nd7",
    "Bf4",
    "Qe7",
    "Rfe1",
    "Ne5",
    "Be2",
    "Re8",
    "Bg3",
    "b6",
    "f4",
    "Nd7",
    "e5",
    "Bb7",
    "Bg4",
    "Nc5",
    "f5",
    "Ne4",
    "Rxe4",
    "Bxe4",
    "f6",
    "Qf8",
    "exd6",
    "cxd6",
    "Bxd6",
    "Rad8",
    "Rd1",
    "h5",
    "Bxf8",
    "Rxd2",
    "Rxd2",
    "hxg4",
    "Be7",
    "Rc8",
    "Rd4",
    "Bf5",
    "c5",
    "bxc5",
    "Rd8+",
    "Rxd8",
    "Bxd8",
    "Kf8",
    "Be7+",
    "Ke8",
    "Bxc5",
    "a6",
    "Kf2",
    "Be6",
    "a3"
  ]
}