{
  "event": "Reykjavik Open",
  "site": "Reykjavik ISL",
  "date": "2013.02.22",
  "eventDate": "2013.02.19",
  "dateMillis": 1361462400000,
  "eventDateMillis": 1361203200000,
  "round": "5",
  "result": "1-0",
  "white": "Ding Liren",
  "black": "Frode Olav Olsen Urkedal",
  "isDingWin": true,
  "isDraw": false,
  "isDingBlack": false,
  "moves": [
    "d4",
    "Nf6",
    "c4",
    "e6",
    "Nf3",
    "d5",
    "Nc3",
    "Bb4",
    "cxd5",
    "exd5",
    "Bg5",
    "h6",
    "Bh4",
    "c5",
    "e3",
    "O-O",
    "Be2",
    "g5",
    "Bg3",
    "Ne4",
    "Rc1",
    "c4",
    "O-O",
    "Bxc3",
    "bxc3",
    "Qa5",
    "Ne5",
    "Qxa2",
    "Bf3",
    "Nf6",
    "h4",
    "Qa6",
    "hxg5",
    "hxg5",
    "e4",
    "dxe4",
    "Be2",
    "b5",
    "f4",
    "Nh7",
    "fxg5",
    "Nxg5",
    "Bf4",
    "Qh6",
    "Bg4",
    "Na6",
    "Bxc8",
    "Raxc8",
    "Ng4",
    "Qg6",
    "Bxg5",
    "Qxg5",
    "Rf5",
    "Qg6",
    "Qd2",
    "f6",
    "Qf4",
    "Kg7",
    "Rf1",
    "Rc6",
    "d5",
    "Rb6",
    "d6"
  ]
}