{
  "event": "Reykjavik Open",
  "site": "Reykjavik ISL",
  "date": "2013.02.27",
  "eventDate": "2013.02.19",
  "dateMillis": 1361894400000,
  "eventDateMillis": 1361203200000,
  "round": "10",
  "result": "0-1",
  "white": "Throstur Thorhallsson",
  "black": "Ding Liren",
  "isDingWin": true,
  "isDraw": false,
  "isDingBlack": true,
  "moves": [
    "e4",
    "c6",
    "d4",
    "d5",
    "Nc3",
    "dxe4",
    "Nxe4",
    "Bf5",
    "Ng3",
    "Bg6",
    "h4",
    "h6",
    "Nf3",
    "e6",
    "h5",
    "Bh7",
    "Bd3",
    "Bxd3",
    "Qxd3",
    "Nf6",
    "Bf4",
    "Qa5+",
    "Bd2",
    "Bb4",
    "c3",
    "Be7",
    "O-O",
    "Nbd7",
    "c4",
    "Qc7",
    "Rfe1",
    "O-O",
    "Bc3",
    "b5",
    "cxb5",
    "cxb5",
    "Qxb5",
    "Rab8",
    "Qd3",
    "Nd5",
    "Rac1",
    "Qb7",
    "Ne5",
    "Nxe5",
    "dxe5",
    "Rfd8",
    "Qe4",
    "Qa6",
    "Bd4",
    "Qa4",
    "a3",
    "a5",
    "Rc2",
    "Nf6",
    "exf6",
    "Rxd4",
    "Qe5",
    "Bd6",
    "Qe2",
    "Bxg3",
    "fxg3",
    "gxf6",
    "Rc7",
    "Qb5",
    "Qf2",
    "Qb6",
    "Rc2",
    "Rd3",
    "Rc8+",
    "Kg7",
    "Rxb8",
    "Qxb8",
    "Kh2",
    "Rd5",
    "Re4",
    "Rxh5+",
    "Kg1",
    "Qb3",
    "Rg4+",
    "Rg5",
    "Qe2",
    "Kf8",
    "Rxg5",
    "hxg5",
    "Kh2",
    "a4",
    "Qd2",
    "e5",
    "Qe2",
    "Kg7",
    "g4",
    "Qd5",
    "g3",
    "e4",
    "Kg1",
    "Qd4+",
    "Kg2",
    "e3",
    "Kf3",
    "f5",
    "gxf5",
    "g4+",
    "Kg2",
    "Qe4+",
    "Kh2",
    "Qf3",
    "f6+",
    "Kh6",
    "Qd3",
    "Qf2+",
    "Kh1",
    "Qe1+"
  ]
}