{
  "event": "Reykjavik Open",
  "site": "Reykjavik ISL",
  "date": "2013.02.26",
  "eventDate": "2013.02.19",
  "dateMillis": 1361808000000,
  "eventDateMillis": 1361203200000,
  "round": "9",
  "result": "0-1",
  "white": "Ding Liren",
  "black": "Pavel Eljanov",
  "isDingWin": false,
  "isDraw": false,
  "isDingBlack": false,
  "moves": [
    "d4",
    "d5",
    "c4",
    "c6",
    "Nf3",
    "Nf6",
    "Nc3",
    "a6",
    "e3",
    "Bf5",
    "Qb3",
    "b5",
    "c5",
    "a5",
    "Ne5",
    "a4",
    "Qd1",
    "g6",
    "Bd2",
    "Bg7",
    "g4",
    "Be6",
    "Bg2",
    "h5",
    "h3",
    "Qc7",
    "f4",
    "hxg4",
    "hxg4",
    "Rxh1+",
    "Bxh1",
    "Nbd7",
    "g5",
    "Nxe5",
    "fxe5",
    "Ng4",
    "Qf3",
    "Nxe5",
    "dxe5",
    "Qxe5",
    "Qf4",
    "Qxf4",
    "exf4",
    "b4",
    "Ne2",
    "a3"
  ]
}