{
  "event": "Reykjavik Open",
  "site": "Reykjavik ISL",
  "date": "2013.02.21",
  "eventDate": "2013.02.19",
  "dateMillis": 1361376000000,
  "eventDateMillis": 1361203200000,
  "round": "4",
  "result": "1/2-1/2",
  "white": "Wei Yi",
  "black": "Ding Liren",
  "isDingWin": false,
  "isDraw": true,
  "isDingBlack": true,
  "moves": [
    "e4",
    "e6",
    "d4",
    "d5",
    "Nd2",
    "c5",
    "Ngf3",
    "cxd4",
    "Nxd4",
    "Nc6",
    "Bb5",
    "Bd7",
    "Nxc6",
    "bxc6",
    "Bd3",
    "Bd6",
    "O-O",
    "Qc7",
    "Nf3",
    "Ne7",
    "c4",
    "O-O",
    "Re1",
    "dxc4",
    "Bxc4",
    "Ng6",
    "Qd3",
    "Ne5",
    "Nxe5",
    "Bxe5",
    "f4",
    "Bf6",
    "Be3",
    "Rfd8",
    "e5",
    "Be7",
    "Qc2",
    "g6",
    "Rac1",
    "a5",
    "Bd3",
    "a4",
    "Be4",
    "Rdb8",
    "Red1",
    "Be8",
    "Rd4",
    "Qb6",
    "Bxc6",
    "Qxc6",
    "Qxc6",
    "Bxc6",
    "Rxc6",
    "Rxb2",
    "Rd7",
    "Bf8",
    "Rd2",
    "Rab8",
    "Rdc2",
    "Rb1+",
    "Kf2",
    "a3",
    "Bc1",
    "Kg7",
    "R6c3",
    "R1b2",
    "Ke3",
    "Be7",
    "g4",
    "h6",
    "Kf3",
    "R8b5",
    "Rc7",
    "Bd8",
    "Rc8",
    "g5",
    "R2c3",
    "Ba5",
    "R3c5",
    "Rxc5",
    "Rxc5",
    "Bb4",
    "Rb5",
    "Rxa2",
    "Rxb4",
    "Ra1",
    "Rc4",
    "a2",
    "Rc2",
    "Rb1",
    "Rxa2",
    "Rxc1",
    "Rf2",
    "Kg6",
    "Ke3",
    "Re1+",
    "Kf3",
    "Ra1",
    "Ke4",
    "Re1+",
    "Kf3",
    "Rg1",
    "h3",
    "Ra1",
    "fxg5",
    "hxg5",
    "Re2",
    "Ra3+",
    "Kg2",
    "Kg7",
    "Re1",
    "Kf8",
    "Re2",
    "Ke7",
    "Re1",
    "Ra7",
    "Kg3",
    "Kd7",
    "Re3",
    "Ke7"
  ]
}