{
  "event": "Reykjavik Open",
  "site": "Reykjavik ISL",
  "date": "2013.02.25",
  "eventDate": "2013.02.19",
  "dateMillis": 1361721600000,
  "eventDateMillis": 1361203200000,
  "round": "8",
  "result": "0-1",
  "white": "Alexander Ipatov",
  "black": "Ding Liren",
  "isDingWin": true,
  "isDraw": false,
  "isDingBlack": true,
  "moves": [
    "d4",
    "Nf6",
    "c4",
    "g6",
    "g3",
    "Bg7",
    "Bg2",
    "O-O",
    "Nc3",
    "d6",
    "e3",
    "e5",
    "Nge2",
    "Re8",
    "h3",
    "h5",
    "O-O",
    "e4",
    "b4",
    "Nbd7",
    "Nf4",
    "Nf8",
    "a4",
    "N8h7",
    "a5",
    "a6",
    "b5",
    "Bf5",
    "bxa6",
    "bxa6",
    "Rb1",
    "Ng5",
    "Rb4",
    "Qd7",
    "Kh2",
    "Rab8",
    "Rxb8",
    "Rxb8",
    "Bd2",
    "Rb2",
    "Qc1",
    "Rb8",
    "Qd1",
    "Rb2",
    "Qc1",
    "Rb3",
    "Qc2",
    "Nf3+",
    "Kh1",
    "Rb8",
    "h4",
    "c6",
    "Bxf3",
    "exf3",
    "e4",
    "Bh3",
    "Re1",
    "Bh6",
    "Kg1",
    "Bxf4",
    "Bxf4",
    "Bg2"
  ]
}