{
  "event": "Reykjavik Open",
  "site": "Reykjavik ISL",
  "date": "2013.02.20",
  "eventDate": "2013.02.19",
  "dateMillis": 1361289600000,
  "eventDateMillis": 1361203200000,
  "round": "3",
  "result": "1-0",
  "white": "Ding Liren",
  "black": "Gulnar Mammadova",
  "isDingWin": true,
  "isDraw": false,
  "isDingBlack": false,
  "moves": [
    "d4",
    "d5",
    "c4",
    "c6",
    "Nf3",
    "Nf6",
    "Nc3",
    "e6",
    "Qb3",
    "dxc4",
    "Qxc4",
    "b5",
    "Qd3",
    "Nbd7",
    "e4",
    "b4",
    "Na4",
    "Qa5",
    "b3",
    "Bb7",
    "Be3",
    "Be7",
    "Nd2",
    "e5",
    "Nc4",
    "Qc7",
    "f3",
    "Rd8",
    "dxe5",
    "Nxe5",
    "Qc2",
    "O-O",
    "Nc5",
    "Bc8",
    "Rc1",
    "Rfe8",
    "Be2",
    "Nxc4",
    "Qxc4",
    "Bd6",
    "g3",
    "Nd5",
    "Bd4",
    "Nc3",
    "Bxc3",
    "Bxg3+",
    "hxg3",
    "Qxg3+",
    "Kf1",
    "Bh3+",
    "Rxh3",
    "Qxh3+",
    "Kf2",
    "Qh4+",
    "Ke3",
    "bxc3",
    "Qxc3",
    "f5",
    "Bc4+",
    "Kh8",
    "Rf1",
    "Qh6+",
    "Ke2",
    "Qh2+",
    "Rf2",
    "Qd6",
    "Bd3",
    "Re7",
    "b4",
    "Qd5",
    "Kd1",
    "fxe4",
    "fxe4",
    "Qg5",
    "Kc2",
    "Qg3",
    "Rf5",
    "Qg2+",
    "Kb3",
    "Rb8",
    "Ka3",
    "Qg4",
    "e5",
    "h5",
    "e6",
    "Kg8",
    "Be4",
    "a5",
    "bxa5",
    "Ra7",
    "a6",
    "Rb5",
    "Bd3",
    "Qg3",
    "Rxh5",
    "Kf8",
    "e7+",
    "Ke8",
    "Bg6+",
    "Qxg6",
    "Rh8+",
    "Kxe7",
    "Qe5+",
    "Kf7",
    "Qe8+",
    "Kf6",
    "Rf8+",
    "Kg5",
    "Qe5+",
    "Kh4",
    "Qh2+",
    "Kg5",
    "Qf4+",
    "Kh5",
    "Rh8+",
    "Qh6",
    "Rxh6+",
    "gxh6",
    "Qf3+"
  ]
}