{
  "event": "Alekhine Memorial",
  "site": "Paris/St Petersburg FRA/RUS",
  "date": "2013.04.24",
  "eventDate": "2013.04.21",
  "dateMillis": 1366732800000,
  "eventDateMillis": 1366473600000,
  "round": "4",
  "result": "1/2-1/2",
  "white": "Ding Liren",
  "black": "Vladimir Kramnik",
  "isDingWin": false,
  "isDraw": true,
  "isDingBlack": false,
  "moves": [
    "d4",
    "Nf6",
    "c4",
    "e6",
    "Nf3",
    "d5",
    "Nc3",
    "c5",
    "cxd5",
    "Nxd5",
    "e4",
    "Nxc3",
    "bxc3",
    "cxd4",
    "cxd4",
    "Bb4+",
    "Bd2",
    "Bxd2+",
    "Qxd2",
    "O-O",
    "Bc4",
    "Nd7",
    "O-O",
    "b6",
    "a4",
    "Bb7",
    "Bd3",
    "Rc8",
    "a5",
    "Qc7",
    "Rfb1",
    "h6",
    "h3",
    "Rfd8",
    "Ra3",
    "Qd6",
    "Rab3",
    "Rc7",
    "axb6",
    "Nxb6",
    "Ra1",
    "f5",
    "Qe2",
    "fxe4",
    "Bxe4",
    "Bxe4",
    "Qxe4",
    "Qd5",
    "Qxd5",
    "Nxd5",
    "Rba3",
    "Nc3",
    "Rxa7",
    "Ne2+",
    "Kh2",
    "Rxa7",
    "Rxa7",
    "Nxd4",
    "Nxd4",
    "Rxd4",
    "Ra6",
    "Kf7",
    "Ra7+",
    "Kg8",
    "Ra6",
    "Kf7",
    "Ra7+",
    "Kg8"
  ]
}