{
  "event": "Alekhine Memorial",
  "site": "Paris/St Petersburg FRA/RUS",
  "date": "2013.04.21",
  "eventDate": "2013.04.21",
  "dateMillis": 1366473600000,
  "eventDateMillis": 1366473600000,
  "round": "1",
  "result": "1-0",
  "white": "Ding Liren",
  "black": "Levon Aronian",
  "isDingWin": true,
  "isDraw": false,
  "isDingBlack": false,
  "moves": [
    "d4",
    "d5",
    "c4",
    "c6",
    "Nf3",
    "Nf6",
    "Nc3",
    "a6",
    "e3",
    "e6",
    "c5",
    "Nbd7",
    "b4",
    "b6",
    "Bb2",
    "a5",
    "a3",
    "Be7",
    "Bd3",
    "O-O",
    "O-O",
    "Ba6",
    "Ne1",
    "Bc4",
    "Bxc4",
    "dxc4",
    "Qe2",
    "Rb8",
    "Ra2",
    "b5",
    "e4",
    "Rb7",
    "Nc2",
    "Nb8",
    "Raa1",
    "Qc8",
    "Rad1",
    "Rd8",
    "Bc1",
    "Na6",
    "Bf4",
    "Rbd7",
    "h3",
    "Ne8",
    "Qe3",
    "Bf6",
    "e5",
    "Be7",
    "Ne4",
    "Nac7",
    "Nd6",
    "Qa8",
    "Qg3",
    "Nd5",
    "Ne3",
    "Nc3",
    "Rde1",
    "Bxd6",
    "exd6",
    "Ne4",
    "Qh4",
    "Nd2",
    "Nd5",
    "Nxf1",
    "Nb6",
    "Qa7",
    "Rxf1",
    "Nf6",
    "Be5",
    "Nd5",
    "Nxd5",
    "exd5",
    "Bxg7",
    "Kxg7",
    "Qg5+",
    "Kf8",
    "Qf6",
    "Kg8",
    "Qg5+",
    "Kf8",
    "Qf6",
    "Kg8",
    "Re1",
    "axb4",
    "Re5",
    "h6",
    "Rh5",
    "Qxa3",
    "Qxh6",
    "f6",
    "Qxf6"
  ]
}