{
  "event": "Alekhine Memorial",
  "site": "Paris/St Petersburg FRA/RUS",
  "date": "2013.04.22",
  "eventDate": "2013.04.21",
  "dateMillis": 1366560000000,
  "eventDateMillis": 1366473600000,
  "round": "2",
  "result": "1-0",
  "white": "Maxime Vachier-Lagrave",
  "black": "Ding Liren",
  "isDingWin": false,
  "isDraw": false,
  "isDingBlack": true,
  "moves": [
    "e4",
    "c6",
    "d4",
    "d5",
    "e5",
    "Bf5",
    "h4",
    "h6",
    "g4",
    "Be4",
    "f3",
    "Bh7",
    "e6",
    "Nf6",
    "Bf4",
    "Qb6",
    "Nc3",
    "Qxb2",
    "Kd2",
    "Qb6",
    "Nge2",
    "a6",
    "Rb1",
    "Qa7",
    "Na4",
    "b5",
    "Nc5",
    "Bg8",
    "Be5",
    "fxe6",
    "Nf4",
    "Nbd7",
    "Nxd7",
    "Nxd7",
    "Ng6",
    "Nxe5",
    "dxe5",
    "Rh7",
    "h5",
    "c5",
    "f4",
    "Bf7",
    "Qf3",
    "O-O-O",
    "Be2",
    "c4",
    "a4",
    "Kc7",
    "axb5",
    "axb5",
    "Rxb5",
    "Qd4+",
    "Ke1",
    "Ra8",
    "Rb1",
    "Ra2",
    "c3",
    "Qd2+",
    "Kf2",
    "Rc2",
    "Qe3",
    "Qxe3+",
    "Kxe3",
    "Rxc3+",
    "Kd4",
    "Rc2",
    "Rhe1",
    "Kc6",
    "Rb8",
    "Bxg6",
    "hxg6",
    "Rh8",
    "Reb1",
    "Rd2+",
    "Ke3",
    "Ra2",
    "R8b6+"
  ]
}