{
  "event": "Alekhine Memorial",
  "site": "Paris/St Petersburg FRA/RUS",
  "date": "2013.04.25",
  "eventDate": "2013.04.21",
  "dateMillis": 1366819200000,
  "eventDateMillis": 1366473600000,
  "round": "5",
  "result": "1-0",
  "white": "Viswanathan Anand",
  "black": "Ding Liren",
  "isDingWin": false,
  "isDraw": false,
  "isDingBlack": true,
  "moves": [
    "e4",
    "c6",
    "d4",
    "d5",
    "Nc3",
    "dxe4",
    "Nxe4",
    "Bf5",
    "Ng3",
    "Bg6",
    "h4",
    "h6",
    "Nf3",
    "e6",
    "Ne5",
    "Bh7",
    "Bd3",
    "Bxd3",
    "Qxd3",
    "Nd7",
    "f4",
    "Bb4+",
    "c3",
    "Be7",
    "Bd2",
    "Ngf6",
    "Qe2",
    "c5",
    "dxc5",
    "Qc7",
    "b4",
    "O-O",
    "O-O",
    "a5",
    "a3",
    "Nxe5",
    "fxe5",
    "Nd7",
    "Ne4",
    "axb4",
    "cxb4",
    "Qxe5",
    "Bc3",
    "Qc7",
    "Rad1",
    "Rad8",
    "Qg4",
    "g6",
    "Nd6",
    "e5",
    "Qc4",
    "Nb6",
    "Qe4",
    "Nd7",
    "h5",
    "gxh5",
    "Qf5",
    "Bf6",
    "Qxh5",
    "Qc6",
    "Rxf6",
    "Nxf6",
    "Qxe5"
  ]
}