{
  "event": "Alekhine Memorial",
  "site": "Paris/St Petersburg FRA/RUS",
  "date": "2013.05.01",
  "eventDate": "2013.04.21",
  "dateMillis": 1367337600000,
  "eventDateMillis": 1366473600000,
  "round": "9",
  "result": "1/2-1/2",
  "white": "Nikita Vitiugov",
  "black": "Ding Liren",
  "isDingWin": false,
  "isDraw": true,
  "isDingBlack": true,
  "moves": [
    "d4",
    "Nf6",
    "c4",
    "g6",
    "Nc3",
    "Bg7",
    "e4",
    "d6",
    "f3",
    "O-O",
    "Be3",
    "c5",
    "dxc5",
    "dxc5",
    "Qxd8",
    "Rxd8",
    "Bxc5",
    "Nc6",
    "Nge2",
    "b6",
    "Ba3",
    "Bb7",
    "Nd5",
    "e6",
    "Ne7+",
    "Nxe7",
    "Bxe7",
    "Rdc8",
    "Rc1",
    "Nd7",
    "b3",
    "a6",
    "Rd1",
    "Ne5",
    "Nc1",
    "Nc6",
    "Bg5",
    "Nb4",
    "Kf2",
    "b5",
    "Bd2",
    "a5",
    "cxb5",
    "Rc2",
    "Be2",
    "f5",
    "a3",
    "Na2",
    "Nxa2",
    "Rxa2",
    "exf5",
    "gxf5",
    "Bf4",
    "a4",
    "bxa4",
    "Rxa4",
    "Rd8+",
    "Kf7",
    "Rd7+",
    "Kg6",
    "Rxb7",
    "Rxf4",
    "Rd1",
    "Rc4",
    "Re7",
    "Kf6",
    "Rdd7",
    "Rcc2",
    "Rf7+",
    "Ke5",
    "Rxg7",
    "Rxe2+",
    "Kf1",
    "Reb2",
    "Rd1",
    "Kf6",
    "Rg8",
    "Rxb5",
    "Re1",
    "Rbb2"
  ]
}