{
  "event": "Alekhine Memorial",
  "site": "Paris/St Petersburg FRA/RUS",
  "date": "2013.04.28",
  "eventDate": "2013.04.21",
  "dateMillis": 1367078400000,
  "eventDateMillis": 1366473600000,
  "round": "6",
  "result": "1/2-1/2",
  "white": "Ding Liren",
  "black": "Peter Svidler",
  "isDingWin": false,
  "isDraw": true,
  "isDingBlack": false,
  "moves": [
    "Nf3",
    "c5",
    "c4",
    "Nc6",
    "Nc3",
    "e5",
    "e3",
    "Nf6",
    "d4",
    "e4",
    "Ne5",
    "h5",
    "Be2",
    "Qc7",
    "Rb1",
    "a6",
    "f4",
    "cxd4",
    "exd4",
    "Bb4",
    "a3",
    "Bxc3+",
    "bxc3",
    "d6",
    "Nxc6",
    "bxc6",
    "h3",
    "Qa5",
    "O-O",
    "O-O",
    "Be3",
    "Bd7",
    "Rb3",
    "c5",
    "Qd2",
    "Rab8",
    "Rfb1",
    "Rxb3",
    "Rxb3",
    "Rc8",
    "d5",
    "Qd8",
    "Qb2",
    "g6",
    "Rb7",
    "Ne8",
    "Qb1",
    "Kf8",
    "Kh2",
    "Rc7",
    "Rb8",
    "Rc8",
    "Rb7",
    "Rc7",
    "Rb8",
    "Rc8",
    "Rb7"
  ]
}