{
  "event": "Alekhine Memorial",
  "site": "Paris/St Petersburg FRA/RUS",
  "date": "2013.04.30",
  "eventDate": "2013.04.21",
  "dateMillis": 1367251200000,
  "eventDateMillis": 1366473600000,
  "round": "8",
  "result": "1/2-1/2",
  "white": "Ding Liren",
  "black": "Michael Adams",
  "isDingWin": false,
  "isDraw": true,
  "isDingBlack": false,
  "moves": [
    "d4",
    "Nf6",
    "c4",
    "e6",
    "Nc3",
    "Bb4",
    "f3",
    "d5",
    "a3",
    "Bxc3+",
    "bxc3",
    "c5",
    "cxd5",
    "Nxd5",
    "dxc5",
    "f5",
    "Nh3",
    "Qa5",
    "Qd2",
    "Nf6",
    "c4",
    "Qxc5",
    "a4",
    "Nc6",
    "e3",
    "Qa5",
    "Be2",
    "O-O",
    "O-O",
    "Rd8",
    "Qb2",
    "e5",
    "Nf2",
    "h6",
    "Ra2",
    "Qc7",
    "Bd2",
    "Be6",
    "a5",
    "b6",
    "Rfa1",
    "Rab8",
    "axb6",
    "axb6",
    "Bc3",
    "Nd7",
    "e4",
    "Nc5",
    "exf5",
    "Bxf5",
    "Re1",
    "Re8",
    "Bf1",
    "Re7",
    "Nd1",
    "Bd3",
    "Ne3",
    "Re6",
    "Qf2",
    "Qf7",
    "Nd5",
    "Bxf1",
    "Rxf1",
    "Qg6",
    "Rd1",
    "Kh7",
    "Qe3",
    "Rd8",
    "Rf1",
    "Ne7",
    "Nxb6",
    "Nb3",
    "Na4",
    "Rd3",
    "Qe1",
    "Nf5",
    "Qb1",
    "Nfd4",
    "Rb2",
    "Rxf3",
    "Qxg6+",
    "Rxg6",
    "Rxf3",
    "Nxf3+",
    "Kf2",
    "Nfd4",
    "Bxd4",
    "Nxd4",
    "Nc5"
  ]
}