{
  "event": "Hainan Danzhou GM",
  "site": "Danzhou CHN",
  "date": "2013.05.22",
  "eventDate": "2013.05.20",
  "dateMillis": 1369152000000,
  "eventDateMillis": 1368979200000,
  "round": "3.5",
  "result": "1/2-1/2",
  "white": "Zhou Jianchao",
  "black": "Ding Liren",
  "isDingWin": false,
  "isDraw": true,
  "isDingBlack": true,
  "moves": [
    "c4",
    "g6",
    "Nc3",
    "Bg7",
    "g3",
    "Nf6",
    "Bg2",
    "O-O",
    "e4",
    "c5",
    "Nge2",
    "Nc6",
    "O-O",
    "d6",
    "d3",
    "Bg4",
    "f3",
    "Bd7",
    "Be3",
    "a6",
    "a4",
    "Rb8",
    "d4",
    "cxd4",
    "Nxd4",
    "Nxd4",
    "Bxd4",
    "Qa5",
    "Rf2",
    "Rfc8",
    "Bf1",
    "Be6",
    "b3",
    "Nd7",
    "Bxg7",
    "Kxg7",
    "Qd4+",
    "Kg8",
    "f4",
    "Qc5",
    "Qxc5",
    "Rxc5",
    "Re1",
    "Kf8",
    "Ne2",
    "f6",
    "Nd4",
    "Bf7",
    "Bh3",
    "Rc7",
    "Bxd7",
    "Rxd7",
    "f5",
    "gxf5",
    "exf5",
    "Rc8",
    "Ne6+",
    "Bxe6",
    "Rxe6",
    "Rc5",
    "Re4",
    "d5",
    "Rd4",
    "Rd6",
    "cxd5",
    "Rdxd5",
    "Rxd5",
    "Rxd5",
    "Rf4",
    "b5",
    "axb5",
    "Rxb5",
    "b4",
    "a5",
    "bxa5",
    "Rxa5",
    "Kg2",
    "Ra2+",
    "Rf2",
    "Ra4",
    "Kf3",
    "h5",
    "Re2",
    "Kf7",
    "Re4",
    "Ra3+",
    "Re3",
    "Ra4",
    "h3",
    "Rb4",
    "g4",
    "hxg4+"
  ]
}