{
  "event": "Hainan Danzhou GM",
  "site": "Danzhou CHN",
  "date": "2013.05.29",
  "eventDate": "2013.05.20",
  "dateMillis": 1369756800000,
  "eventDateMillis": 1368979200000,
  "round": "9.4",
  "result": "1-0",
  "white": "Ding Liren",
  "black": "Xiu Deshun",
  "isDingWin": true,
  "isDraw": false,
  "isDingBlack": false,
  "moves": [
    "d4",
    "Nf6",
    "c4",
    "e6",
    "Nf3",
    "d5",
    "Nc3",
    "c5",
    "cxd5",
    "cxd4",
    "Qxd4",
    "exd5",
    "Bg5",
    "Be7",
    "Qa4+",
    "Nc6",
    "e3",
    "h6",
    "Bh4",
    "O-O",
    "Bb5",
    "Bd7",
    "O-O",
    "a6",
    "Bxc6",
    "bxc6",
    "Ne5",
    "Qc7",
    "Nxd7",
    "Qxd7",
    "Rfd1",
    "Qb7",
    "Qc2",
    "Rfe8",
    "Rac1",
    "Rac8",
    "Rd3",
    "Red8",
    "Na4",
    "c5",
    "Rb3",
    "Qa7",
    "Qf5",
    "Rc6",
    "Rd3",
    "Qb7",
    "Rdd1",
    "Qb4",
    "Bxf6",
    "Bxf6",
    "Qc2",
    "d4",
    "Qc4",
    "Qb8",
    "e4",
    "Qe5",
    "Qd3",
    "c4",
    "Rxc4",
    "Rxc4",
    "Qxc4",
    "Qxe4",
    "Nc5",
    "Qc6",
    "b4",
    "Qb5",
    "Qxb5",
    "axb5",
    "a4",
    "bxa4",
    "Nxa4",
    "Rb8",
    "Rb1",
    "Rb5",
    "Nc5",
    "Kf8",
    "Kf1",
    "Be7",
    "Nd3",
    "Rb6",
    "Ke2",
    "Bd6",
    "b5",
    "Ke7",
    "h3",
    "Ke6",
    "Rb3",
    "Kd5",
    "Nb2",
    "Rb8",
    "Kd3",
    "Bc5",
    "Nc4",
    "Bb6",
    "Rb2",
    "Kc5",
    "Rc2",
    "Kd5",
    "Re2",
    "f6",
    "h4",
    "Bc5",
    "Rb2",
    "h5",
    "b6",
    "Kc6",
    "Na5+",
    "Kd7",
    "Nc4",
    "Kc6",
    "f4",
    "Kb7",
    "Rb5",
    "Kc6",
    "Rb2",
    "Kb7",
    "Ra2",
    "Kc6",
    "Ra6",
    "f5",
    "Ra7",
    "Rg8",
    "Rc7+",
    "Kb5",
    "b7"
  ]
}