{
  "event": "Hainan Danzhou GM",
  "site": "Danzhou CHN",
  "date": "2013.05.21",
  "eventDate": "2013.05.20",
  "dateMillis": 1369065600000,
  "eventDateMillis": 1368979200000,
  "round": "2.3",
  "result": "1-0",
  "white": "Ding Liren",
  "black": "Wei Yi",
  "isDingWin": true,
  "isDraw": false,
  "isDingBlack": false,
  "moves": [
    "c4",
    "Nf6",
    "Nc3",
    "e6",
    "e4",
    "d5",
    "cxd5",
    "exd5",
    "e5",
    "Ne4",
    "d4",
    "Bb4",
    "Qa4+",
    "Nc6",
    "Bb5",
    "Bd7",
    "Ne2",
    "O-O",
    "O-O",
    "Bxc3",
    "bxc3",
    "a6",
    "Bxc6",
    "Bxc6",
    "Qc2",
    "f6",
    "f3",
    "Ng5",
    "Bxg5",
    "fxg5",
    "f4",
    "Qd7",
    "f5",
    "Ba4",
    "Qb1",
    "Bb5",
    "e6",
    "Qe7",
    "Rf2",
    "h5",
    "g4",
    "h4",
    "Nc1",
    "Bc4",
    "Nd3",
    "Bxd3",
    "Qxd3",
    "a5",
    "Rb1",
    "b6",
    "Re2",
    "Rfd8",
    "Rf1",
    "Kh8",
    "Qf3",
    "c6",
    "Re5",
    "Rd6",
    "f6",
    "gxf6",
    "Qxf6+",
    "Qxf6",
    "Rxf6",
    "Re8",
    "Kg2",
    "Kg7",
    "Rff5",
    "Rdxe6",
    "Rxg5+",
    "Kh6",
    "Rh5+",
    "Kg6",
    "Kh3",
    "Rxe5",
    "dxe5",
    "Rf8",
    "Kxh4",
    "Rf2",
    "Rg5+",
    "Kh6",
    "h3",
    "Rc2",
    "Rg8",
    "Rxc3",
    "g5+",
    "Kh7",
    "Rd8",
    "Re3",
    "Rd6",
    "Rxe5",
    "Rxc6",
    "d4",
    "Rd6",
    "Re2",
    "a4",
    "d3",
    "Rxd3",
    "Re4+",
    "Kh5",
    "Rxa4",
    "g6+",
    "Kg7",
    "Rd7+",
    "Kg8",
    "Rb7",
    "Rb4",
    "h4",
    "a4",
    "Kg5",
    "a3",
    "h5",
    "Rb5+",
    "Kf6"
  ]
}