{
  "event": "Hainan Danzhou GM",
  "site": "Danzhou CHN",
  "date": "2013.05.23",
  "eventDate": "2013.05.20",
  "dateMillis": 1369238400000,
  "eventDateMillis": 1368979200000,
  "round": "4.2",
  "result": "1-0",
  "white": "Ding Liren",
  "black": "Wen Yang",
  "isDingWin": true,
  "isDraw": false,
  "isDingBlack": false,
  "moves": [
    "d4",
    "Nf6",
    "c4",
    "g6",
    "g3",
    "Bg7",
    "Bg2",
    "O-O",
    "Nc3",
    "d6",
    "Nf3",
    "Nc6",
    "O-O",
    "a6",
    "Bf4",
    "Ng4",
    "h3",
    "e5",
    "Bg5",
    "f6",
    "Bc1",
    "Nh6",
    "dxe5",
    "dxe5",
    "Qxd8",
    "Nxd8",
    "Nd5",
    "Ne6",
    "Nd2",
    "c6",
    "Nb6",
    "Rb8",
    "b4",
    "Nd4",
    "e3",
    "Ne2+",
    "Kh2",
    "Nxc1",
    "Raxc1",
    "f5",
    "Nb3",
    "f4",
    "Nc5",
    "f3",
    "Bh1",
    "g5",
    "g4",
    "e4",
    "Nxe4",
    "Be5+",
    "Kg1",
    "Nxg4",
    "hxg4",
    "Bxg4",
    "Rfd1",
    "Rf7",
    "c5"
  ]
}