{
  "event": "Hainan Danzhou GM",
  "site": "Danzhou CHN",
  "date": "2013.05.27",
  "eventDate": "2013.05.20",
  "dateMillis": 1369584000000,
  "eventDateMillis": 1368979200000,
  "round": "7.5",
  "result": "1-0",
  "white": "Ding Liren",
  "black": "Ni Hua",
  "isDingWin": true,
  "isDraw": false,
  "isDingBlack": false,
  "moves": [
    "d4",
    "d5",
    "c4",
    "c6",
    "Nc3",
    "Nf6",
    "e3",
    "g6",
    "Nf3",
    "Bg7",
    "Be2",
    "O-O",
    "O-O",
    "b6",
    "b4",
    "Ne4",
    "Bb2",
    "Nxc3",
    "Bxc3",
    "e6",
    "a4",
    "a6",
    "Ne5",
    "Bb7",
    "c5",
    "b5",
    "Ra3",
    "Nd7",
    "Qa1",
    "Qc7",
    "Qb2",
    "f6",
    "Nd3",
    "e5",
    "Rfa1",
    "exd4",
    "Bxd4",
    "Ne5",
    "Nf4",
    "Qe7",
    "Qc3",
    "Nc4",
    "R3a2",
    "Rae8",
    "h4",
    "g5",
    "Nh5",
    "gxh4",
    "axb5",
    "axb5",
    "Ra7",
    "Rb8",
    "R1a6",
    "Ra8",
    "Qc2",
    "Qd7",
    "Bd3",
    "Qg4",
    "Bxh7+",
    "Kh8",
    "Qg6",
    "Qxg6",
    "Bxg6",
    "Bxa6",
    "Rxg7",
    "Ne5",
    "Rh7+",
    "Kg8",
    "Nxf6+",
    "Rxf6",
    "Bxe5",
    "Rxg6",
    "Rh8+",
    "Kf7",
    "Rxa8",
    "Bb7",
    "Rb8",
    "Ba6",
    "Kh2",
    "Ke6",
    "Bd4",
    "Kf5",
    "f3",
    "Rh6",
    "Kh3",
    "Rh7",
    "Rf8+",
    "Ke6",
    "Ra8",
    "Bb7",
    "Rh8"
  ]
}