{
  "event": "Hainan Danzhou GM",
  "site": "Danzhou CHN",
  "date": "2013.05.25",
  "eventDate": "2013.05.20",
  "dateMillis": 1369411200000,
  "eventDateMillis": 1368979200000,
  "round": "6.1",
  "result": "1/2-1/2",
  "white": "Zhou Weiqi",
  "black": "Ding Liren",
  "isDingWin": false,
  "isDraw": true,
  "isDingBlack": true,
  "moves": [
    "e4",
    "c6",
    "d4",
    "d5",
    "exd5",
    "cxd5",
    "c4",
    "Nf6",
    "Nc3",
    "Nc6",
    "Bg5",
    "dxc4",
    "Bxc4",
    "h6",
    "Bh4",
    "Qxd4",
    "Qxd4",
    "Nxd4",
    "O-O-O",
    "e5",
    "Bg3",
    "Be6",
    "Bxe6",
    "Nxe6",
    "Bxe5",
    "Be7",
    "Nge2",
    "O-O",
    "Nd4",
    "Ng4",
    "Bg3",
    "Nxd4",
    "Rxd4",
    "Nf6",
    "Rhd1",
    "Rac8",
    "Kb1",
    "Rfe8",
    "Nd5",
    "Nxd5",
    "Rxd5",
    "Bf6",
    "Bf4",
    "Re2",
    "R5d2",
    "Rxd2",
    "Rxd2",
    "Rd8",
    "Rxd8+",
    "Bxd8",
    "g4",
    "Kh7",
    "Kc2",
    "Kg6",
    "Kd3",
    "h5",
    "h3",
    "hxg4",
    "hxg4",
    "f5",
    "gxf5+",
    "Kxf5",
    "Bb8",
    "a6",
    "f3",
    "Bf6",
    "b3",
    "b5",
    "a4",
    "g5",
    "axb5",
    "axb5",
    "Bd6",
    "Bg7",
    "Bb8",
    "Bf6",
    "Bd6",
    "Bg7",
    "Bb8",
    "Bf6"
  ]
}