{
  "event": "Biel",
  "site": "Biel SUI",
  "date": "2013.07.25",
  "eventDate": "2012.07.22",
  "dateMillis": 1374681600000,
  "eventDateMillis": 1342886400000,
  "round": "4.2",
  "result": "1-0",
  "white": "Ding Liren",
  "black": "Maxime Vachier-Lagrave",
  "isDingWin": true,
  "isDraw": false,
  "isDingBlack": false,
  "moves": [
    "Nf3",
    "c5",
    "c4",
    "Nc6",
    "Nc3",
    "Nf6",
    "g3",
    "d5",
    "cxd5",
    "Nxd5",
    "Bg2",
    "g6",
    "h4",
    "Bg7",
    "h5",
    "e6",
    "h6",
    "Bf6",
    "Ne4",
    "Be7",
    "b4",
    "cxb4",
    "Bb2",
    "O-O",
    "Rc1",
    "Bd7",
    "Nc5",
    "Rc8",
    "O-O",
    "b6",
    "Nxd7",
    "Qxd7",
    "e4",
    "Nf6",
    "Qe2",
    "Ng4",
    "Bh3",
    "Nxh6",
    "Qe3",
    "g5",
    "Nxg5",
    "f5",
    "exf5",
    "Nxf5",
    "Qxe6+",
    "Qxe6",
    "Nxe6",
    "Bc5",
    "Rc4",
    "h5",
    "d4",
    "Nfxd4",
    "Nxd4",
    "Ne5",
    "Bxc8"
  ]
}