{
  "event": "Biel",
  "site": "Biel SUI",
  "date": "2013.07.26",
  "eventDate": "2013.07.22",
  "dateMillis": 1374768000000,
  "eventDateMillis": 1374422400000,
  "round": "5",
  "result": "1/2-1/2",
  "white": "Ian Nepomniachtchi",
  "black": "Ding Liren",
  "isDingWin": false,
  "isDraw": true,
  "isDingBlack": true,
  "moves": [
    "d4",
    "Nf6",
    "c4",
    "g6",
    "Nc3",
    "Bg7",
    "e4",
    "d6",
    "Nf3",
    "O-O",
    "h3",
    "Na6",
    "Bg5",
    "Qe8",
    "g4",
    "c6",
    "Bg2",
    "e5",
    "Be3",
    "exd4",
    "Nxd4",
    "Nc5",
    "f3",
    "Nfd7",
    "Qe2",
    "Nb6",
    "Rd1",
    "f5",
    "exf5",
    "gxf5",
    "b3",
    "h5",
    "gxh5",
    "Qxh5",
    "f4",
    "Qh6",
    "O-O",
    "Bd7",
    "Qd2",
    "Be8",
    "Nde2",
    "Bh5",
    "Qxd6",
    "Ne6",
    "Bf3",
    "Rf6",
    "Qd2",
    "Rg6+",
    "Kh2",
    "Bg4",
    "Ng1",
    "Rd8",
    "Qe1",
    "Rd7",
    "Nce2",
    "Bc3",
    "Qg3",
    "Bf6",
    "Rxd7",
    "Nxd7",
    "Bxg4",
    "Rxg4",
    "Qf3",
    "Rg7",
    "Ng3",
    "Qg6",
    "Nh5",
    "Rh7",
    "Qg3",
    "Kf7",
    "Qxg6+",
    "Kxg6",
    "Nxf6",
    "Nxf6",
    "Kg2",
    "Ne4",
    "Nf3",
    "Kh5",
    "Nd2",
    "Rg7+",
    "Kh2",
    "Nxd2",
    "Bxd2",
    "Rd7",
    "Be3",
    "a6",
    "Kg2",
    "Rd3",
    "Re1",
    "Rc3",
    "Re2",
    "a5",
    "Kf2",
    "a4",
    "Rd2",
    "axb3",
    "axb3",
    "Rxb3",
    "Rd6",
    "Nf8",
    "Rf6",
    "Nh7",
    "Rxf5+",
    "Kg6",
    "Re5",
    "Nf6",
    "f5+",
    "Kf7",
    "Re6",
    "Ne8",
    "Rh6",
    "Rb4",
    "Bg5",
    "Rxc4",
    "Kf3",
    "Rc5",
    "Rh7+",
    "Kg8",
    "Rxb7",
    "Rxf5+",
    "Kg4",
    "Rf7",
    "Rb8",
    "Rf8",
    "Rd8",
    "Kg7",
    "Kg3",
    "Rf5",
    "h4",
    "Nf6",
    "Bxf6+"
  ]
}