{
  "event": "Biel",
  "site": "Biel SUI",
  "date": "2013.07.24",
  "eventDate": "2013.07.22",
  "dateMillis": 1374595200000,
  "eventDateMillis": 1374422400000,
  "round": "3",
  "result": "1/2-1/2",
  "white": "Ding Liren",
  "black": "Richard Rapport",
  "isDingWin": false,
  "isDraw": true,
  "isDingBlack": false,
  "moves": [
    "d4",
    "Nf6",
    "c4",
    "c5",
    "d5",
    "g6",
    "Nc3",
    "Bg7",
    "e4",
    "O-O",
    "f4",
    "d6",
    "Nf3",
    "e6",
    "Be2",
    "exd5",
    "cxd5",
    "Bg4",
    "O-O",
    "Nbd7",
    "h3",
    "Bxf3",
    "Bxf3",
    "Re8",
    "g4",
    "h6",
    "h4",
    "h5",
    "g5",
    "Ng4",
    "Bxg4",
    "hxg4",
    "Qxg4",
    "Bd4+",
    "Kh2",
    "Bxc3",
    "bxc3",
    "Rxe4",
    "Bd2",
    "Qe7",
    "Rae1",
    "Nb6",
    "f5",
    "Re8",
    "Qg3",
    "Nxd5",
    "fxg6",
    "fxg6",
    "c4",
    "Re2+",
    "Kg1",
    "Qe4",
    "Rxe2",
    "Qxe2",
    "cxd5",
    "Qxd2",
    "Qf3",
    "Qd4+",
    "Kg2",
    "Qg7",
    "Qf6",
    "c4",
    "Qxd6",
    "Re2+",
    "Rf2",
    "Rxf2+",
    "Kxf2",
    "Qd4+",
    "Kf3",
    "Qd3+",
    "Kf2",
    "Qd2+",
    "Kf3",
    "Qd3+",
    "Kf2",
    "Qd4+",
    "Kf3",
    "Qd3+",
    "Kf2",
    "Qd4+"
  ]
}