{
  "event": "Biel",
  "site": "Biel SUI",
  "date": "2013.07.23",
  "eventDate": "2012.07.22",
  "dateMillis": 1374508800000,
  "eventDateMillis": 1342886400000,
  "round": "2.1",
  "result": "1-0",
  "white": "Etienne Bacrot",
  "black": "Ding Liren",
  "isDingWin": false,
  "isDraw": false,
  "isDingBlack": true,
  "moves": [
    "d4",
    "Nf6",
    "c4",
    "g6",
    "Nc3",
    "Bg7",
    "e4",
    "d6",
    "h3",
    "O-O",
    "Be3",
    "e5",
    "d5",
    "a5",
    "Nf3",
    "Na6",
    "g4",
    "Nc5",
    "Nd2",
    "c6",
    "Be2",
    "Bd7",
    "g5",
    "Ne8",
    "Nb3",
    "Nxb3",
    "Qxb3",
    "a4",
    "Qc2",
    "f5",
    "h4",
    "f4",
    "Bd2",
    "Nc7",
    "f3",
    "cxd5",
    "cxd5",
    "Qb8",
    "b4",
    "Rc8",
    "Qd3",
    "Bf8",
    "Rb1",
    "Be7",
    "b5",
    "Bd8",
    "Rb4",
    "Ne8",
    "b6",
    "Rc5",
    "Qb1",
    "h6",
    "gxh6",
    "Kh7",
    "Nb5",
    "Kxh6",
    "a3",
    "Kh5",
    "Kd1",
    "Bxh4",
    "Be1",
    "g5",
    "Bf2",
    "Kg6",
    "Bxc5",
    "dxc5",
    "Rb2",
    "Qd8",
    "Nc7",
    "Rc8",
    "Bb5",
    "Nd6",
    "Bxd7",
    "Qxd7",
    "Qc2",
    "c4",
    "Rb4",
    "Rh8",
    "Ne6",
    "Kf6",
    "Qg2",
    "Nf7",
    "Qh3",
    "Ke7",
    "Qf5",
    "Rc8",
    "Ng7",
    "c3",
    "Kc2",
    "Rc5",
    "Qxd7+",
    "Kxd7",
    "Nf5",
    "Nd6",
    "Nxd6",
    "Kxd6",
    "Rxa4",
    "Rb5",
    "Rb4"
  ]
}