{
  "event": "Biel",
  "site": "Biel SUI",
  "date": "2013.07.27",
  "eventDate": "2013.07.22",
  "dateMillis": 1374854400000,
  "eventDateMillis": 1374422400000,
  "round": "6",
  "result": "1-0",
  "white": "Ding Liren",
  "black": "Alexander Moiseenko",
  "isDingWin": true,
  "isDraw": false,
  "isDingBlack": false,
  "moves": [
    "d4",
    "Nf6",
    "c4",
    "e6",
    "Nf3",
    "d5",
    "Nc3",
    "Be7",
    "Bf4",
    "O-O",
    "e3",
    "Nbd7",
    "c5",
    "Ne4",
    "Rc1",
    "f5",
    "h3",
    "c6",
    "Be2",
    "Bf6",
    "O-O",
    "Qe8",
    "Bh2",
    "b6",
    "Nxe4",
    "fxe4",
    "Ne5",
    "Bxe5",
    "Bxe5",
    "Nxe5",
    "dxe5",
    "Bd7",
    "Qd4",
    "b5",
    "f4",
    "exf3",
    "gxf3",
    "Qh5",
    "Kh2",
    "Be8",
    "Rg1",
    "Bg6",
    "Rg3",
    "Bf5",
    "Rcg1",
    "Rf7",
    "R1g2",
    "Qh6",
    "Kg1",
    "a5",
    "h4",
    "Rfa7",
    "Rg5",
    "Rf8",
    "h5",
    "Bb1",
    "a3",
    "Rf5",
    "f4",
    "Be4",
    "R2g3",
    "g6",
    "Bg4",
    "Rxg5",
    "fxg5",
    "Qg7",
    "Bxe6+",
    "Kf8",
    "h6",
    "Qc7",
    "Bh3",
    "Ke8",
    "Kf2",
    "Qf7+",
    "Ke1",
    "Qc7",
    "Rg1",
    "Qb8",
    "e6"
  ]
}