{
  "event": "Biel",
  "site": "Biel SUI",
  "date": "2013.07.22",
  "eventDate": "2012.07.22",
  "dateMillis": 1374422400000,
  "eventDateMillis": 1342886400000,
  "round": "1.3",
  "result": "1/2-1/2",
  "white": "Alexander Moiseenko",
  "black": "Ding Liren",
  "isDingWin": false,
  "isDraw": true,
  "isDingBlack": true,
  "moves": [
    "d4",
    "Nf6",
    "c4",
    "g6",
    "Nc3",
    "Bg7",
    "e4",
    "d6",
    "Bd3",
    "O-O",
    "Nge2",
    "Nc6",
    "O-O",
    "Nd7",
    "Be3",
    "e5",
    "d5",
    "Nd4",
    "Bb1",
    "c5",
    "dxc6",
    "bxc6",
    "Nxd4",
    "exd4",
    "Bxd4",
    "Ne5",
    "Ne2",
    "c5",
    "Bc3",
    "Nxc4",
    "Bxg7",
    "Kxg7",
    "b3",
    "Ne5",
    "f4",
    "Ng4",
    "Qd2",
    "Ba6",
    "Bd3",
    "Bxd3",
    "Qxd3",
    "Qb6",
    "Kh1",
    "c4",
    "Qg3",
    "Nf6",
    "Qf3",
    "Rae8",
    "Nc3",
    "cxb3",
    "axb3",
    "Qxb3",
    "Rxa7",
    "Rc8",
    "Ne2",
    "Qxf3",
    "gxf3",
    "Nh5",
    "Rd1",
    "Ra8",
    "Rxa8",
    "Rxa8",
    "Kg2",
    "Ra6",
    "Kf2",
    "Kf6",
    "Ke3",
    "Ra3+",
    "Rd3",
    "Rxd3+",
    "Kxd3",
    "Ke6",
    "Nd4+",
    "Ke7",
    "Ne2",
    "Ke6",
    "Nd4+",
    "Ke7",
    "Ne2",
    "Ke6"
  ]
}