{
  "event": "Biel (Playoffs)",
  "site": "Biel SUI",
  "date": "2013.08.02",
  "eventDate": "2013.08.02",
  "dateMillis": 1375372800000,
  "eventDateMillis": 1375372800000,
  "round": "1.1",
  "result": "1-0",
  "white": "Maxime Vachier-Lagrave",
  "black": "Ding Liren",
  "isDingWin": false,
  "isDraw": false,
  "isDingBlack": true,
  "moves": [
    "e4",
    "c6",
    "d4",
    "d5",
    "e5",
    "Bf5",
    "Nf3",
    "e6",
    "Be2",
    "Ne7",
    "O-O",
    "Nd7",
    "Nbd2",
    "Nc8",
    "Re1",
    "Be7",
    "Nf1",
    "O-O",
    "Be3",
    "Ncb6",
    "Ng3",
    "Bg6",
    "c3",
    "Nc4",
    "Bc1",
    "c5",
    "Bxc4",
    "dxc4",
    "d5",
    "exd5",
    "Qxd5",
    "b5",
    "e6",
    "fxe6",
    "Qxe6+",
    "Rf7",
    "Bf4",
    "Nf8",
    "Qe3",
    "Bf6",
    "Qxc5",
    "Qb6",
    "Qxb6",
    "axb6",
    "Be5",
    "Be7",
    "a3",
    "Bc5",
    "Bd4",
    "Nd7",
    "Rad1",
    "Bc2",
    "Rc1",
    "Bd3",
    "Ne4",
    "h6",
    "Re3",
    "Re8",
    "Rce1",
    "Re6",
    "Nxc5",
    "Rxe3",
    "Bxe3",
    "bxc5",
    "Rd1",
    "Re7",
    "Ne1",
    "Be4",
    "Kf1",
    "Kf7",
    "f3",
    "Bc6",
    "Kf2",
    "Re6",
    "h4",
    "h5",
    "Rd2",
    "g6",
    "g3",
    "Rf6",
    "Bf4",
    "Rf5",
    "Ng2",
    "Rd5",
    "Re2",
    "Rd3",
    "Be3",
    "Ne5",
    "Nf4",
    "Rd1",
    "Bxc5",
    "Nd3+",
    "Nxd3",
    "cxd3",
    "Re3",
    "Rd2+",
    "Ke1",
    "Rxb2",
    "Rxd3",
    "Rg2",
    "Bf2",
    "Rh2",
    "Kf1",
    "b4",
    "c4",
    "bxa3",
    "Rxa3",
    "Rh1+",
    "Bg1"
  ]
}