{
  "event": "Biel",
  "site": "Biel SUI",
  "date": "2013.08.01",
  "eventDate": "2012.07.22",
  "dateMillis": 1375286400000,
  "eventDateMillis": 1342886400000,
  "round": "10.1",
  "result": "1-0",
  "white": "Maxime Vachier-Lagrave",
  "black": "Ding Liren",
  "isDingWin": false,
  "isDraw": false,
  "isDingBlack": true,
  "moves": [
    "c4",
    "g6",
    "e4",
    "Bg7",
    "d4",
    "d6",
    "Ne2",
    "Nf6",
    "Nec3",
    "O-O",
    "Be2",
    "Nfd7",
    "d5",
    "e6",
    "O-O",
    "exd5",
    "cxd5",
    "c6",
    "Bf4",
    "Be5",
    "Bxe5",
    "dxe5",
    "Na3",
    "Nb6",
    "Rc1",
    "Qe7",
    "Qd3",
    "Rd8",
    "Rfd1",
    "Bd7",
    "Nc4",
    "Nxc4",
    "Qxc4",
    "Be8",
    "Qb3",
    "b6",
    "a4",
    "Qc7",
    "a5",
    "bxa5",
    "Qa3",
    "a6",
    "Na4",
    "Qb7",
    "Nc5",
    "Qb4",
    "Qxb4",
    "axb4",
    "Nb7",
    "Rd7",
    "Na5",
    "Rc7",
    "d6",
    "Rc8",
    "Nc4",
    "Nd7",
    "Bg4",
    "Rd8",
    "Bxd7",
    "Bxd7",
    "Nxe5",
    "a5",
    "Rd4",
    "b3",
    "Nxd7",
    "Rxd7",
    "Rxc6",
    "Kg7",
    "Rb6",
    "a4",
    "e5",
    "g5",
    "h4",
    "Ra5",
    "Re4",
    "Kg6",
    "g4",
    "h5",
    "gxh5+",
    "Kxh5",
    "Rbb4",
    "Rda7",
    "Kg2",
    "gxh4",
    "Rxh4+",
    "Kg6",
    "Rhd4",
    "Rd7",
    "Rxa4",
    "Rxe5",
    "Rab4",
    "Re6",
    "Rb6",
    "Kf5",
    "Kf3",
    "Kg5",
    "Rd5+",
    "Kf6",
    "Rd4",
    "Kg5",
    "Rd3",
    "Kf6",
    "Rd5",
    "Kg6",
    "Rd2",
    "Kg7",
    "Kf4",
    "Kg6",
    "f3",
    "Kf6",
    "Rd5",
    "Rd8",
    "Rf5+",
    "Kg6",
    "Rd5",
    "Kf6",
    "Rd3",
    "Rd7",
    "Kg4",
    "Kg6",
    "f4",
    "f5+",
    "Kf3",
    "Rd8",
    "Rd2",
    "Rd7",
    "Rd5",
    "Rd8",
    "Rbb5",
    "Rdxd6",
    "Rxf5",
    "Re1",
    "Rg5+",
    "Kf6",
    "Rbf5+",
    "Ke6",
    "Re5+",
    "Rxe5",
    "Rxe5+",
    "Kf6",
    "Ke3",
    "Rb6",
    "Kd3",
    "Rd6+",
    "Kc3",
    "Rd1",
    "Re4",
    "Kf5",
    "Rd4"
  ]
}