{
  "event": "Biel",
  "site": "Biel SUI",
  "date": "2013.07.31",
  "eventDate": "2012.07.22",
  "dateMillis": 1375200000000,
  "eventDateMillis": 1342886400000,
  "round": "9.2",
  "result": "1/2-1/2",
  "white": "Ding Liren",
  "black": "Ian Nepomniachtchi",
  "isDingWin": false,
  "isDraw": true,
  "isDingBlack": false,
  "moves": [
    "Nf3",
    "Nf6",
    "c4",
    "c5",
    "Nc3",
    "d5",
    "cxd5",
    "Nxd5",
    "g3",
    "Nc6",
    "Bg2",
    "Nc7",
    "O-O",
    "e5",
    "a3",
    "Rb8",
    "Rb1",
    "f6",
    "d3",
    "Be6",
    "Be3",
    "Qd7",
    "Nd2",
    "Be7",
    "b4",
    "cxb4",
    "axb4",
    "b5",
    "Rc1",
    "Rc8",
    "Nb3",
    "O-O",
    "Nc5",
    "Bxc5",
    "Bxc5",
    "Rfd8",
    "Ne4",
    "Na6",
    "Qd2",
    "Nd4",
    "Qb2",
    "Nb3",
    "Rc3",
    "Nbxc5",
    "Nxc5",
    "Nxc5",
    "Rxc5",
    "Rxc5",
    "bxc5",
    "Rb8",
    "c6",
    "Qc7",
    "d4",
    "exd4",
    "Qxd4",
    "b4",
    "Ra1",
    "a5",
    "Bd5",
    "Bf7",
    "Bxf7+",
    "Qxf7",
    "Qd6",
    "Rc8",
    "Rxa5",
    "b3",
    "Qb4",
    "h6",
    "Qb7",
    "Rc7",
    "Ra7",
    "b2",
    "Ra8+",
    "Kh7",
    "Qxb2",
    "Rxc6",
    "Qb1+",
    "f5",
    "Ra5",
    "g6",
    "Qd3",
    "Rc7",
    "Rd5",
    "Re7",
    "Rd6",
    "h5",
    "f3",
    "Qg7",
    "Kf2",
    "Qf7",
    "Qd2",
    "Qe8",
    "h3",
    "Qb5",
    "Qd3",
    "Qe8",
    "Rd4",
    "Qc6",
    "g4",
    "hxg4",
    "hxg4",
    "Qc7",
    "Kg2",
    "Qe5",
    "Rd7",
    "Rxd7",
    "Qxd7+",
    "Kh6",
    "Qd2+",
    "f4",
    "Qd3",
    "g5",
    "Qe4",
    "Qc5",
    "Kf1",
    "Qc1+",
    "Kf2",
    "Qc5+",
    "e3",
    "fxe3+",
    "Qxe3",
    "Qc2+",
    "Kg3",
    "Qc7+",
    "Kh3",
    "Qc6",
    "Qe4",
    "Qc1"
  ]
}