{
  "event": "Biel",
  "site": "Biel SUI",
  "date": "2013.07.30",
  "eventDate": "2012.07.22",
  "dateMillis": 1375113600000,
  "eventDateMillis": 1342886400000,
  "round": "8.3",
  "result": "0-1",
  "white": "Richard Rapport",
  "black": "Ding Liren",
  "isDingWin": true,
  "isDraw": false,
  "isDingBlack": true,
  "moves": [
    "d4",
    "Nf6",
    "c4",
    "g6",
    "Nc3",
    "Bg7",
    "e4",
    "d6",
    "Nge2",
    "O-O",
    "Ng3",
    "Nbd7",
    "Be2",
    "h5",
    "h4",
    "a6",
    "Bg5",
    "c5",
    "d5",
    "b5",
    "b3",
    "Nh7",
    "Bd2",
    "b4",
    "Na4",
    "Bxa1",
    "Qxa1",
    "e5",
    "Bh6",
    "Re8",
    "f4",
    "Ra7",
    "f5",
    "Kh8",
    "Qc1",
    "Rg8",
    "Bg5",
    "Nxg5",
    "hxg5",
    "Kg7",
    "Qe3",
    "Rh8",
    "Bxh5",
    "gxh5",
    "Nxh5+",
    "Kf8",
    "g6",
    "fxg6",
    "fxg6",
    "Kg8",
    "Qf3",
    "Qe7",
    "g4",
    "Rh6",
    "Nb6",
    "Nxb6",
    "Nf6+",
    "Qxf6",
    "Qxf6",
    "Rxh1+",
    "Kf2",
    "Bxg4",
    "Qxd6",
    "Nc8",
    "Qd8+",
    "Kg7",
    "Qg5",
    "Bd7",
    "Qxe5+",
    "Kxg6",
    "Qg3+",
    "Kh7",
    "Qf4",
    "Be8",
    "Qf5+",
    "Bg6",
    "Qxc8",
    "Rf7+",
    "Ke3",
    "Re1+",
    "Kd2",
    "Rxe4",
    "Qxc5",
    "Rff4",
    "d6",
    "Rd4+",
    "Ke3",
    "Rfe4+",
    "Kf2",
    "Rd2+",
    "Kf3",
    "Red4",
    "Qxb4",
    "Rxd6",
    "Qb8",
    "Rf6+",
    "Ke3",
    "Rd3+",
    "Ke2",
    "Re6+",
    "Kf2",
    "Bh5",
    "Kf1",
    "Rf3+",
    "Kg2",
    "Rg6+",
    "Kh2",
    "Rf7",
    "Qe5",
    "Rfg7",
    "Qf5",
    "Bg4",
    "Qe4",
    "Bd7",
    "b4",
    "Kh8",
    "Qa8+",
    "Rg8"
  ]
}