{
  "event": "Biel",
  "site": "Biel SUI",
  "date": "2013.07.29",
  "eventDate": "2013.07.22",
  "dateMillis": 1375027200000,
  "eventDateMillis": 1374422400000,
  "round": "7",
  "result": "1/2-1/2",
  "white": "Ding Liren",
  "black": "Etienne Bacrot",
  "isDingWin": false,
  "isDraw": true,
  "isDingBlack": false,
  "moves": [
    "d4",
    "Nf6",
    "c4",
    "e6",
    "Nc3",
    "Bb4",
    "f3",
    "c5",
    "d5",
    "b5",
    "e4",
    "O-O",
    "e5",
    "Ne8",
    "f4",
    "exd5",
    "cxd5",
    "d6",
    "Nf3",
    "c4",
    "a4",
    "Nd7",
    "Be2",
    "Qb6",
    "axb5",
    "dxe5",
    "fxe5",
    "Bb7",
    "Qd4",
    "Nc7",
    "Qxb6",
    "Nxb6",
    "d6",
    "Nxb5",
    "Bd2",
    "Bxf3",
    "Bxf3",
    "Rae8",
    "Nxb5",
    "Rxe5+",
    "Kd1",
    "Bxd2",
    "Nxa7",
    "Bf4",
    "Ra6",
    "Nd5",
    "Nc6",
    "Ne3+",
    "Ke2",
    "Re6",
    "Nd4",
    "Re5",
    "Kf2",
    "Ng4+",
    "Bxg4",
    "Be3+",
    "Kf3",
    "Bxd4",
    "Rd1",
    "f5",
    "Rxd4",
    "fxg4+",
    "Kxg4",
    "Re2",
    "Kh3",
    "Rxb2",
    "Rxc4",
    "Rb3+",
    "g3",
    "Rb7",
    "Rc7",
    "Rxc7",
    "dxc7",
    "Rc8",
    "Rc6",
    "Kf7",
    "Kg4",
    "Ke7",
    "Kf5",
    "Kd7",
    "Rc4",
    "Kd6",
    "Rd4+",
    "Ke7",
    "Rc4",
    "Kd6",
    "Rh4",
    "Ke7",
    "Rg4",
    "g6+",
    "Kg5",
    "Rxc7",
    "Kh6",
    "Kf8",
    "h4",
    "Kg8",
    "Ra4",
    "Rc8",
    "Ra7",
    "Rc3",
    "Rg7+",
    "Kf8",
    "Kxh7",
    "Rxg3",
    "h5",
    "Rh3",
    "h6",
    "Rf3",
    "Rg8+",
    "Kf7",
    "Ra8",
    "Rf1",
    "Ra7+"
  ]
}