{
  "event": "Biel (Playoffs)",
  "site": "Biel SUI",
  "date": "2013.08.02",
  "eventDate": "2013.08.02",
  "dateMillis": 1375372800000,
  "eventDateMillis": 1375372800000,
  "round": "1.2",
  "result": "0-1",
  "white": "Ding Liren",
  "black": "Maxime Vachier-Lagrave",
  "isDingWin": false,
  "isDraw": false,
  "isDingBlack": false,
  "moves": [
    "d4",
    "Nf6",
    "c4",
    "g6",
    "f3",
    "Nc6",
    "d5",
    "Ne5",
    "e4",
    "d6",
    "Nc3",
    "Bg7",
    "f4",
    "Ned7",
    "Nh3",
    "e6",
    "dxe6",
    "fxe6",
    "Be3",
    "O-O",
    "Be2",
    "b6",
    "Nf2",
    "Bb7",
    "Qc2",
    "a6",
    "O-O-O",
    "Qe7",
    "h4",
    "Nh5",
    "Bxh5",
    "gxh5",
    "Nh3",
    "Bxc3",
    "bxc3",
    "Nf6",
    "Nf2",
    "d5",
    "Bd4",
    "c5",
    "Be5",
    "Nd7",
    "Nd3",
    "Nxe5",
    "Nxe5",
    "Rxf4",
    "exd5",
    "exd5",
    "Rhe1",
    "Re4",
    "Rxe4",
    "dxe4",
    "Nd7",
    "Rd8",
    "Qd2",
    "Kg7",
    "Qg5+",
    "Qxg5+",
    "hxg5",
    "e3",
    "Nxb6",
    "Rxd1+",
    "Kxd1",
    "Bxg2",
    "Ke2",
    "Kg6",
    "Kxe3",
    "Kxg5",
    "Nd7",
    "h4",
    "Nxc5",
    "Bc6",
    "Nd3",
    "h3",
    "Kd4"
  ]
}