{
  "event": "FIDE World Team Championship",
  "site": "Antalya TUR",
  "date": "2013.11.30",
  "eventDate": "2013.11.26",
  "dateMillis": 1385740800000,
  "eventDateMillis": 1385395200000,
  "round": "5",
  "result": "1-0",
  "white": "Ding Liren",
  "black": "Gata Kamsky",
  "isDingWin": true,
  "isDraw": false,
  "isDingBlack": false,
  "moves": [
    "Nf3",
    "d5",
    "d4",
    "Nf6",
    "c4",
    "c6",
    "Nc3",
    "a6",
    "g3",
    "g6",
    "Qb3",
    "Bg7",
    "Bg2",
    "O-O",
    "O-O",
    "dxc4",
    "Qxc4",
    "Bg4",
    "Qb3",
    "Qc8",
    "Bf4",
    "Nbd7",
    "Rac1",
    "Be6",
    "Qc2",
    "Nd5",
    "Nxd5",
    "Bxd5",
    "e4",
    "Be6",
    "h3",
    "Nf6",
    "Kh2",
    "h6",
    "Be5",
    "Qd8",
    "Ne1",
    "Qa5",
    "Nd3",
    "Rad8",
    "Nc5",
    "Bc8",
    "b4",
    "Qb6",
    "Qc3",
    "Ne8",
    "Bxg7",
    "Nxg7",
    "a4",
    "Qc7",
    "Qe3",
    "Kh7",
    "d5",
    "Qb8",
    "dxc6",
    "bxc6",
    "Qc3",
    "h5",
    "h4",
    "f6",
    "Kg1",
    "Qd6",
    "Bf3",
    "e5",
    "Be2",
    "g5",
    "Rfd1",
    "Qe7",
    "Rxd8",
    "Rxd8",
    "hxg5",
    "fxg5",
    "Nd3",
    "Re8",
    "Qxc6",
    "h4",
    "Qc7",
    "Qe6",
    "Qxe5",
    "Qg6",
    "Qd5",
    "hxg3",
    "fxg3",
    "Qb6+",
    "Rc5",
    "g4",
    "Qd4",
    "Bf5",
    "Bxg4",
    "Rd8",
    "Bxf5+",
    "Nxf5",
    "Qe5",
    "Ng7",
    "Nf2",
    "Rf8",
    "Qd4",
    "Rf6",
    "a5",
    "Qe6",
    "Qe5",
    "Qf7",
    "Rc7",
    "Qf8",
    "Qe7",
    "Qxe7",
    "Rxe7",
    "Rf3",
    "Kg2",
    "Rb3",
    "Rb7",
    "Kg6",
    "Rb6+",
    "Kf7",
    "Ng4",
    "Ne6",
    "Ne5+",
    "Ke7",
    "Rxa6",
    "Ng5",
    "Rb6",
    "Rb2+",
    "Kg1",
    "Rb1+",
    "Kf2",
    "Nxe4+",
    "Kf3",
    "Nf6",
    "a6",
    "Rb3+",
    "Kg2",
    "Nd5",
    "Rb7+",
    "Ke6",
    "a7",
    "Ra3",
    "Nc6",
    "Ra6",
    "Rb8",
    "Nc7",
    "b5",
    "Ra2+",
    "Kh3",
    "Kd6",
    "b6"
  ]
}