{
  "event": "FIDE World Team Championship",
  "site": "Antalya TUR",
  "date": "2013.11.29",
  "eventDate": "2013.11.26",
  "dateMillis": 1385654400000,
  "eventDateMillis": 1385395200000,
  "round": "4",
  "result": "0-1",
  "white": "Sergei Movsesian",
  "black": "Ding Liren",
  "isDingWin": true,
  "isDraw": false,
  "isDingBlack": true,
  "moves": [
    "c4",
    "g6",
    "d4",
    "Nf6",
    "Nc3",
    "Bg7",
    "e4",
    "d6",
    "h3",
    "O-O",
    "Bg5",
    "c5",
    "d5",
    "e6",
    "Bd3",
    "exd5",
    "exd5",
    "Nbd7",
    "Nf3",
    "Re8+",
    "Kf1",
    "Ne5",
    "Nxe5",
    "Rxe5",
    "Qd2",
    "b5",
    "Nxb5",
    "Ne4",
    "Bxe4",
    "Rxg5",
    "f4",
    "Rg3",
    "Qf2",
    "Qh4",
    "Rd1",
    "Bh6",
    "Nc3",
    "Bxf4",
    "Ne2",
    "Bg4",
    "Bf3",
    "Bf5",
    "Nxf4",
    "Qxf4",
    "Be4",
    "Qg5",
    "h4",
    "Qg4",
    "Bf3",
    "Qxc4+",
    "Kg1",
    "Qf4",
    "Be4",
    "Qxf2+",
    "Kxf2",
    "Rg4",
    "Bxf5",
    "Rf4+",
    "Kg3",
    "Rxf5",
    "Rhe1",
    "Rb8",
    "Rd2",
    "Kf8",
    "Re3",
    "a5",
    "Ra3",
    "Rb5",
    "Ra4",
    "h5",
    "b3",
    "Kg7",
    "Kh3",
    "Kf6",
    "g3",
    "Ke5",
    "Kg2",
    "f6",
    "Ra3",
    "Ke4",
    "Rd1",
    "g5",
    "Ra4+",
    "Ke5",
    "Ra3",
    "g4",
    "b4",
    "Rxb4"
  ]
}