{
  "event": "FIDE World Team Championship",
  "site": "Antalya TUR",
  "date": "2013.11.26",
  "eventDate": "2013.11.26",
  "dateMillis": 1385395200000,
  "eventDateMillis": 1385395200000,
  "round": "1.3",
  "result": "1/2-1/2",
  "white": "Anish Giri",
  "black": "Ding Liren",
  "isDingWin": false,
  "isDraw": true,
  "isDingBlack": true,
  "moves": [
    "e4",
    "c6",
    "Nc3",
    "d5",
    "d4",
    "dxe4",
    "Nxe4",
    "Nd7",
    "Ng5",
    "Ngf6",
    "Bd3",
    "e6",
    "N1f3",
    "Bd6",
    "Qe2",
    "h6",
    "Ne4",
    "Nxe4",
    "Qxe4",
    "Qc7",
    "O-O",
    "b6",
    "Qg4",
    "Kf8",
    "b3",
    "Bb7",
    "Re1",
    "Rd8",
    "Bb2",
    "Nf6",
    "Qh3",
    "Nd5",
    "g3",
    "c5",
    "dxc5",
    "Bxc5",
    "Be4",
    "Nf6",
    "Bxf6",
    "gxf6",
    "Qh4",
    "Be7",
    "Bxb7",
    "Qxb7",
    "Qf4",
    "Kg7",
    "Qg4+",
    "Kh7",
    "Qh5",
    "Kg7",
    "Qg4+",
    "Kh7",
    "Qh5",
    "Kg7",
    "Qg4+",
    "Kh7"
  ]
}