{
  "event": "FIDE World Team Championship",
  "site": "Antalya TUR",
  "date": "2013.11.27",
  "eventDate": "2013.11.26",
  "dateMillis": 1385481600000,
  "eventDateMillis": 1385395200000,
  "round": "2",
  "result": "1-0",
  "white": "Anton Korobov",
  "black": "Ding Liren",
  "isDingWin": false,
  "isDraw": false,
  "isDingBlack": true,
  "moves": [
    "d4",
    "Nf6",
    "c4",
    "g6",
    "Nc3",
    "Bg7",
    "g3",
    "O-O",
    "Bg2",
    "d6",
    "Nf3",
    "Nc6",
    "O-O",
    "Rb8",
    "d5",
    "Na5",
    "Nd2",
    "c5",
    "Qc2",
    "a6",
    "a4",
    "e6",
    "b3",
    "exd5",
    "cxd5",
    "Ng4",
    "h3",
    "Nh6",
    "Bb2",
    "f5",
    "e3",
    "Nf7",
    "Ne2",
    "Bxb2",
    "Qxb2",
    "Ne5",
    "Qc3",
    "Qb6",
    "Rfc1",
    "Bd7",
    "f4",
    "Nf7",
    "Rab1",
    "Rfc8",
    "g4",
    "Qb4",
    "gxf5",
    "Qxc3",
    "Nxc3",
    "gxf5",
    "Nc4",
    "b6",
    "Nxa5",
    "bxa5",
    "Bf1",
    "Re8",
    "Kf2",
    "Bc8",
    "Bc4",
    "Nh6",
    "Rg1+",
    "Kh8",
    "Rbe1",
    "Rf8",
    "e4",
    "fxe4",
    "Nxe4",
    "Rb6",
    "Kf3",
    "Nf5",
    "Ng5",
    "Nd4+",
    "Kg3",
    "Rb7",
    "Ne6",
    "Bxe6",
    "dxe6",
    "Rg7+",
    "Kf2",
    "Rxf4+",
    "Ke3",
    "Rf3+",
    "Ke4",
    "Rf5",
    "Rgf1",
    "Re5+",
    "Kd3",
    "Rf5",
    "Rxf5",
    "Nxf5",
    "Ke4",
    "Ne7",
    "Rd1",
    "d5+",
    "Bxd5",
    "Rg3",
    "Bc4",
    "Kg7",
    "Rf1",
    "Kh6",
    "Rf7",
    "Ng6",
    "e7",
    "Rg1",
    "Kd5"
  ]
}