{
  "event": "FIDE World Team Championship",
  "site": "Antalya TUR",
  "date": "2013.12.02",
  "eventDate": "2013.11.26",
  "dateMillis": 1385913600000,
  "eventDateMillis": 1385395200000,
  "round": "6",
  "result": "1-0",
  "white": "Ding Liren",
  "black": "Samy Shoker",
  "isDingWin": true,
  "isDraw": false,
  "isDingBlack": false,
  "moves": [
    "d4",
    "Nf6",
    "c4",
    "d6",
    "Nf3",
    "g6",
    "Nc3",
    "Bg7",
    "e4",
    "O-O",
    "Be2",
    "e5",
    "O-O",
    "Nc6",
    "d5",
    "Ne7",
    "b4",
    "Nh5",
    "Re1",
    "a5",
    "Ba3",
    "Nf4",
    "c5",
    "axb4",
    "Bxb4",
    "dxc5",
    "Bxc5",
    "b6",
    "Bb4",
    "Nxe2+",
    "Qxe2",
    "Ba6",
    "Qc2",
    "Re8",
    "a4",
    "Qd7",
    "a5",
    "Nc8",
    "h3",
    "c5",
    "Ba3",
    "Bf8",
    "Na4",
    "bxa5",
    "Nxc5",
    "Qb5",
    "Nd2",
    "Rd8",
    "Nxa6",
    "Rxa6",
    "Bxf8",
    "Rxf8",
    "Reb1",
    "Qd7",
    "Nc4",
    "Qc7",
    "Qd3",
    "Ra7",
    "Rb5",
    "a4",
    "d6",
    "Rd8",
    "Rd5",
    "Qb7",
    "Nxe5",
    "a3",
    "d7",
    "Ne7",
    "Rb5",
    "Qa6",
    "Qb3",
    "Qf6",
    "Rxa3",
    "Rc7",
    "Qf3",
    "Qe6",
    "Ra6",
    "Rc1+",
    "Kh2",
    "Nc6",
    "Qf4",
    "Qd6",
    "Qxc1"
  ]
}