{
  "event": "FIDE World Team Championship",
  "site": "Antalya TUR",
  "date": "2013.12.05",
  "eventDate": "2013.11.26",
  "dateMillis": 1386172800000,
  "eventDateMillis": 1385395200000,
  "round": "9",
  "result": "1/2-1/2",
  "white": "Mustafa Yilmaz",
  "black": "Ding Liren",
  "isDingWin": false,
  "isDraw": true,
  "isDingBlack": true,
  "moves": [
    "d4",
    "Nf6",
    "c4",
    "b6",
    "Nf3",
    "Bb7",
    "g3",
    "c5",
    "d5",
    "b5",
    "Bg2",
    "bxc4",
    "Nc3",
    "d6",
    "Nd2",
    "g6",
    "Nxc4",
    "Nbd7",
    "Qa4",
    "Bg7",
    "Na5",
    "Qc7",
    "O-O",
    "O-O",
    "Nxb7",
    "Qxb7",
    "Rd1",
    "a5",
    "Qc2",
    "Rfb8",
    "Rb1",
    "Ne8",
    "b3",
    "Nb6",
    "Bb2",
    "Qd7",
    "Ba1",
    "Nc7",
    "e3",
    "Na6",
    "Bf1",
    "a4",
    "bxa4",
    "Nb4",
    "Qd2",
    "Nxa4",
    "a3",
    "Bxc3",
    "Bxc3",
    "Nxd5",
    "Ba1",
    "Nc7",
    "Bg2",
    "d5",
    "Rxb8+",
    "Rxb8",
    "Be5",
    "Nb6",
    "Bxd5",
    "Nbxd5",
    "Bxc7",
    "Qxc7",
    "Qxd5",
    "c4",
    "Qd7",
    "Qe5",
    "Qd4",
    "Qb5",
    "Qc3",
    "Qc6",
    "h4",
    "h5",
    "Qe5",
    "Rc8",
    "Qc3",
    "Kh7",
    "Rd4",
    "e5",
    "Rd1",
    "Qf3",
    "Rc1",
    "Rc5",
    "Qb4",
    "Qc6",
    "Qc3",
    "Kg7",
    "Kh2",
    "Qf3",
    "Kg1",
    "Kf6",
    "Qb4",
    "Qc6",
    "a4",
    "c3",
    "a5",
    "c2",
    "Qb6",
    "Kf5",
    "Qxc6",
    "Rxc6",
    "f3",
    "e4",
    "Kf2"
  ]
}