{
  "event": "FIDE World Team Championship",
  "site": "Antalya TUR",
  "date": "2013.12.04",
  "eventDate": "2013.11.26",
  "dateMillis": 1386086400000,
  "eventDateMillis": 1385395200000,
  "round": "8",
  "result": "1/2-1/2",
  "white": "Ding Liren",
  "black": "Daniel Grigoryevich Fridman",
  "isDingWin": false,
  "isDraw": true,
  "isDingBlack": false,
  "moves": [
    "d4",
    "d5",
    "c4",
    "e6",
    "Nc3",
    "Nf6",
    "Nf3",
    "Be7",
    "Bf4",
    "O-O",
    "e3",
    "Nbd7",
    "c5",
    "Nh5",
    "Be2",
    "Nxf4",
    "exf4",
    "b6",
    "b4",
    "a5",
    "a3",
    "c6",
    "O-O",
    "Qc7",
    "g3",
    "Ba6",
    "Qc2",
    "Bf6",
    "Rfe1",
    "Qb7",
    "Kg2",
    "Rfb8",
    "Rab1",
    "Bxe2",
    "Nxe2",
    "axb4",
    "axb4",
    "Qa6",
    "b5",
    "Qc8",
    "cxb6",
    "Rxb6",
    "Rec1",
    "Rab8",
    "Qd3",
    "R8b7",
    "f5",
    "Qb8",
    "fxe6",
    "fxe6",
    "bxc6",
    "Rxb1",
    "c7",
    "Qc8",
    "Rxb1",
    "Rxb1",
    "Qxb1",
    "Qxc7",
    "Nf4",
    "Qc6",
    "h4",
    "Bd8",
    "Qe1",
    "Nf8",
    "Ng5",
    "Bxg5",
    "hxg5",
    "Qb6",
    "Qe5",
    "Qc6",
    "Kh3",
    "Qd7",
    "Kh2",
    "Qf7",
    "Kg2",
    "Ng6",
    "Qb8+",
    "Qf8",
    "Qxf8+",
    "Nxf8",
    "Nd3",
    "Nd7",
    "Nc5",
    "Nf8",
    "f4",
    "Kf7",
    "Kf3",
    "Ng6",
    "Nd3",
    "h5",
    "gxh6",
    "gxh6",
    "Kg4",
    "Ne7",
    "Kh5",
    "Kf6",
    "Nc5",
    "Nf5",
    "Nxe6",
    "Nxg3+"
  ]
}