{
  "event": "FIDE World Team Championship",
  "site": "Antalya TUR",
  "date": "2013.12.03",
  "eventDate": "2013.11.26",
  "dateMillis": 1386000000000,
  "eventDateMillis": 1385395200000,
  "round": "7",
  "result": "1/2-1/2",
  "white": "Eltaj Safarli",
  "black": "Ding Liren",
  "isDingWin": false,
  "isDraw": true,
  "isDingBlack": true,
  "moves": [
    "e4",
    "c6",
    "d4",
    "d5",
    "Nc3",
    "dxe4",
    "Nxe4",
    "Nd7",
    "Bc4",
    "Ngf6",
    "Nxf6+",
    "Nxf6",
    "c3",
    "g6",
    "Nf3",
    "Bg7",
    "O-O",
    "O-O",
    "h3",
    "b5",
    "Bb3",
    "Bb7",
    "Re1",
    "Qc7",
    "Qe2",
    "e6",
    "Ne5",
    "Rad8",
    "Bf4",
    "Qb6",
    "Nd3",
    "a5",
    "a3",
    "Rfe8",
    "Nc5",
    "Bc8",
    "Qf3",
    "Nd5",
    "Bg5",
    "f6",
    "Bh4",
    "a4",
    "Ba2",
    "g5",
    "Bg3",
    "e5",
    "Bb1",
    "h6",
    "Bf5",
    "Bxf5",
    "Qxf5",
    "Qa7",
    "Rad1",
    "Qf7",
    "dxe5",
    "fxe5",
    "Qe4",
    "Bf8",
    "Nd3",
    "Nf4",
    "Nxe5",
    "Rxd1",
    "Rxd1",
    "Bg7",
    "Bxf4",
    "gxf4",
    "Nxf7",
    "Rxe4",
    "Nd6",
    "Re2",
    "Rb1",
    "Bf8",
    "Kf1",
    "Re6",
    "Nf5",
    "c5",
    "Re1",
    "Kf7",
    "g4",
    "fxg3",
    "fxg3",
    "Rxe1+",
    "Kxe1",
    "Ke6",
    "g4",
    "Kd5",
    "Kd2",
    "b4",
    "Ne3+",
    "Ke4",
    "Nc4",
    "Kf4",
    "Nb6",
    "Kg3",
    "Ke3",
    "Kxh3",
    "Kf4",
    "bxa3",
    "bxa3",
    "c4",
    "Nxa4",
    "Bxa3",
    "Nb6",
    "Bb2",
    "Nxc4",
    "Bxc3"
  ]
}