{
  "event": "Cappelle-la-Grande",
  "site": "Cappelle-la-Grande FRA",
  "date": "2014.03.03",
  "eventDate": "2014.03.01",
  "dateMillis": 1393776000000,
  "eventDateMillis": 1393603200000,
  "round": "4.4",
  "result": "0-1",
  "white": "Nikita Maiorov",
  "black": "Ding Liren",
  "isDingWin": true,
  "isDraw": false,
  "isDingBlack": true,
  "moves": [
    "d4",
    "Nf6",
    "c4",
    "e6",
    "Nc3",
    "Bb4",
    "Qc2",
    "b6",
    "a3",
    "Bxc3+",
    "Qxc3",
    "Bb7",
    "Nf3",
    "O-O",
    "Bg5",
    "h6",
    "Bh4",
    "g5",
    "Bg3",
    "Ne4",
    "Qc2",
    "f5",
    "e3",
    "d6",
    "Nd2",
    "Qf6",
    "f3",
    "Nxg3",
    "hxg3",
    "c5",
    "dxc5",
    "dxc5",
    "O-O-O",
    "Nc6",
    "Be2",
    "Kg7",
    "Nb1",
    "Rad8",
    "Rxd8",
    "Rxd8",
    "Rd1",
    "Qe5",
    "Rxd8",
    "Nxd8",
    "Qd2",
    "Nf7",
    "f4",
    "Qd6",
    "Bf1",
    "Qxd2+",
    "Nxd2",
    "Kf6",
    "Kd1",
    "e5",
    "Ke1",
    "Nd8",
    "Kf2",
    "Ne6",
    "fxe5+",
    "Kxe5",
    "Be2",
    "Be4",
    "Nf1",
    "g4",
    "Nd2",
    "Bc2",
    "Ke1",
    "Ng5",
    "Bf1",
    "Nf7",
    "Be2",
    "Nd6",
    "Bf1",
    "Kf6",
    "Be2",
    "Ke6",
    "Kf2",
    "Kd7",
    "Ke1",
    "h5",
    "Kf2",
    "Kc6",
    "Ke1",
    "Kb7",
    "Bf1",
    "Ka6",
    "Be2",
    "Ka5",
    "Bd1",
    "Bd3",
    "Bb3",
    "Ka6",
    "Kf2",
    "Kb7",
    "Ke1",
    "Kc7",
    "Kf2",
    "Kd8",
    "Ke1",
    "Ke7",
    "Kf2",
    "Kf6",
    "Ke1",
    "Ke5",
    "Kf2",
    "Kf6",
    "Ke1",
    "Kg5",
    "Kf2",
    "h4",
    "gxh4+",
    "Kxh4",
    "Ba2",
    "Bc2",
    "b4",
    "Ne4+",
    "Nxe4",
    "Bxe4",
    "g3+",
    "Kh3",
    "Bb3",
    "Bd3",
    "bxc5",
    "bxc5",
    "Ba4",
    "Bxc4",
    "Bd7",
    "Bd3",
    "Bc8",
    "a5",
    "Bb7",
    "Bc2",
    "Bg2+",
    "Kh2",
    "Bd5",
    "a4",
    "Be6",
    "Kh3",
    "Bc4",
    "Bb3",
    "Bd3",
    "c4",
    "Bxf5",
    "c3",
    "Ke2",
    "Kxg3",
    "Bc8",
    "Kh4",
    "Bb7",
    "Kg5",
    "Kd3",
    "c2",
    "Kd2",
    "g3",
    "Bf3",
    "Kf5",
    "Bg2",
    "Ke5",
    "Bf1",
    "Bc4",
    "Bh3",
    "Bd3",
    "Bg2",
    "Be4",
    "Bf1",
    "Kf5",
    "Bh3+",
    "Kg5",
    "Kc1",
    "Kh4",
    "Bf1",
    "Kg4",
    "Kd2",
    "Kf3",
    "Bh3",
    "g2"
  ]
}