{
  "event": "Cappelle-la-Grande",
  "site": "Cappelle-la-Grande FRA",
  "date": "2014.03.02",
  "eventDate": "2014.03.01",
  "dateMillis": 1393689600000,
  "eventDateMillis": 1393603200000,
  "round": "2.1",
  "result": "1-0",
  "white": "Ding Liren",
  "black": "Gao Rui",
  "isDingWin": true,
  "isDraw": false,
  "isDingBlack": false,
  "moves": [
    "Nf3",
    "Nf6",
    "c4",
    "g6",
    "d4",
    "Bg7",
    "g3",
    "d5",
    "cxd5",
    "Nxd5",
    "Bg2",
    "Nb6",
    "Nc3",
    "Nc6",
    "e3",
    "O-O",
    "O-O",
    "Re8",
    "h3",
    "a5",
    "Rb1",
    "Be6",
    "Nd2",
    "Nb4",
    "a3",
    "Nd3",
    "Qe2",
    "Nxc1",
    "Rbxc1",
    "c6",
    "Rfd1",
    "Rb8",
    "Nce4",
    "Bd5",
    "Nc5",
    "Bxg2",
    "Kxg2",
    "Qc7",
    "f4",
    "Red8",
    "Nf3",
    "Nd7",
    "Ne4",
    "Qb6",
    "g4",
    "Rbc8",
    "g5",
    "Qb3",
    "h4",
    "Qe6",
    "Nf2",
    "Nb6",
    "e4",
    "f5",
    "gxf6",
    "exf6",
    "Rc5",
    "f5",
    "Ng5",
    "Qe7",
    "e5",
    "Rxd4",
    "Rxc6",
    "Rxf4",
    "Rxc8+",
    "Nxc8",
    "Qd2",
    "Qxe5",
    "Qd8+",
    "Bf8",
    "Qxc8",
    "Qxb2",
    "Qe6+",
    "Kh8",
    "Qe3",
    "Rg4+",
    "Kh3",
    "f4",
    "Rd8",
    "Qf6"
  ]
}