{
  "event": "Cappelle-la-Grande",
  "site": "Cappelle-la-Grande FRA",
  "date": "2014.03.04",
  "eventDate": "2014.03.01",
  "dateMillis": 1393862400000,
  "eventDateMillis": 1393603200000,
  "round": "5.2",
  "result": "0-1",
  "white": "Ding Liren",
  "black": "Kacper Piorun",
  "isDingWin": false,
  "isDraw": false,
  "isDingBlack": false,
  "moves": [
    "d4",
    "Nf6",
    "c4",
    "g6",
    "Nc3",
    "d5",
    "Bg5",
    "Bg7",
    "Bxf6",
    "Bxf6",
    "cxd5",
    "c6",
    "e4",
    "O-O",
    "e5",
    "Bg7",
    "Bc4",
    "b5",
    "Bb3",
    "b4",
    "Nce2",
    "cxd5",
    "Rc1",
    "e6",
    "h4",
    "Qb6",
    "h5",
    "Nc6",
    "Ba4",
    "Bb7",
    "h6",
    "Bh8",
    "Nf3",
    "f6",
    "Nf4",
    "fxe5",
    "Nxe6",
    "e4",
    "Nfg5",
    "Bxd4",
    "O-O",
    "Bxf2+",
    "Kh1",
    "Nd4",
    "Bd7",
    "Nf5",
    "Qg4",
    "Ng3+",
    "Qxg3",
    "Bxg3",
    "Nxf8",
    "Bf2",
    "Nfe6",
    "e3",
    "Nh3",
    "Ba6",
    "Nc7",
    "Bxf1",
    "Nxa8",
    "Qd6",
    "Rc8+",
    "Kf7",
    "Rc7",
    "Kf6"
  ]
}