{
  "event": "Cappelle-la-Grande",
  "site": "Cappelle-la-Grande FRA",
  "date": "2014.03.01",
  "eventDate": "2014.03.01",
  "dateMillis": 1393603200000,
  "eventDateMillis": 1393603200000,
  "round": "1.1",
  "result": "0-1",
  "white": "Arkadi Eremeevich Vul",
  "black": "Ding Liren",
  "isDingWin": true,
  "isDraw": false,
  "isDingBlack": true,
  "moves": [
    "Nf3",
    "Nf6",
    "c4",
    "g6",
    "g3",
    "Bg7",
    "d4",
    "O-O",
    "Bg2",
    "d6",
    "O-O",
    "Nc6",
    "Nc3",
    "a6",
    "h3",
    "Rb8",
    "e4",
    "b5",
    "e5",
    "dxe5",
    "dxe5",
    "Nd7",
    "e6",
    "fxe6",
    "cxb5",
    "axb5",
    "Ng5",
    "Nd4",
    "Be3",
    "Nb6",
    "Bxd4",
    "Qxd4",
    "Qxd4",
    "Bxd4",
    "Nxb5",
    "Bxb2",
    "Rab1",
    "Nc4",
    "a4",
    "h6",
    "Ne4",
    "Bb7",
    "Rfd1",
    "Bd5",
    "Nd2",
    "Be5",
    "Nxc4",
    "Bxc4",
    "Rbc1",
    "Bxb5",
    "axb5",
    "Rxb5",
    "h4",
    "Rb2",
    "f4",
    "Bd6",
    "Re1",
    "g5",
    "hxg5",
    "hxg5",
    "Rxe6",
    "gxf4",
    "Bd5",
    "Kg7",
    "Rc4",
    "Rf5",
    "Be4",
    "Rg5"
  ]
}