{
  "event": "Cappelle-la-Grande",
  "site": "Cappelle-la-Grande FRA",
  "date": "2014.03.06",
  "eventDate": "2014.03.01",
  "dateMillis": 1394035200000,
  "eventDateMillis": 1393603200000,
  "round": "7.6",
  "result": "1-0",
  "white": "Ding Liren",
  "black": "Pavel Martynov",
  "isDingWin": true,
  "isDraw": false,
  "isDingBlack": false,
  "moves": [
    "c4",
    "c6",
    "Nf3",
    "Nf6",
    "d4",
    "d5",
    "Nc3",
    "e6",
    "Bg5",
    "h6",
    "Bh4",
    "dxc4",
    "e4",
    "g5",
    "Bg3",
    "b5",
    "h4",
    "g4",
    "Ne5",
    "h5",
    "Be2",
    "Bb7",
    "O-O",
    "Nbd7",
    "Qc2",
    "a6",
    "Rad1",
    "Bg7",
    "b3",
    "cxb3",
    "axb3",
    "O-O",
    "Nxd7",
    "Nxd7",
    "e5",
    "c5",
    "Ne4",
    "cxd4",
    "Ng5",
    "f5",
    "Rxd4",
    "Bd5",
    "Rxd5",
    "exd5",
    "Qc6",
    "Qe8",
    "Qxd5+",
    "Kh8",
    "e6",
    "Nb6",
    "Qb7",
    "f4",
    "Qe4"
  ]
}