{
  "event": "Cappelle-la-Grande",
  "site": "Cappelle-la-Grande FRA",
  "date": "2014.03.07",
  "eventDate": "2014.03.01",
  "dateMillis": 1394121600000,
  "eventDateMillis": 1393603200000,
  "round": "8.3",
  "result": "1/2-1/2",
  "white": "Marius Manolache",
  "black": "Ding Liren",
  "isDingWin": false,
  "isDraw": true,
  "isDingBlack": true,
  "moves": [
    "d4",
    "d5",
    "Nf3",
    "Nf6",
    "c4",
    "e6",
    "Nc3",
    "c6",
    "e3",
    "Nbd7",
    "Be2",
    "dxc4",
    "a4",
    "Qa5",
    "Bd2",
    "Bb4",
    "Bxc4",
    "O-O",
    "O-O",
    "c5",
    "Qe2",
    "b6",
    "Rfd1",
    "Bb7",
    "e4",
    "cxd4",
    "Nxd4",
    "Qc5",
    "Nb3",
    "Qe7",
    "e5",
    "Bxc3",
    "Bxc3",
    "Nd5",
    "Bd2",
    "Rfc8",
    "Rac1",
    "Rab8",
    "Nd4",
    "Nc5",
    "Nb5",
    "Nxa4",
    "Nd6",
    "Rxc4",
    "Nxc4",
    "Ba6",
    "b3",
    "Nc5"
  ]
}