{
  "event": "Cappelle-la-Grande",
  "site": "Cappelle-la-Grande FRA",
  "date": "2014.03.08",
  "eventDate": "2014.03.01",
  "dateMillis": 1394208000000,
  "eventDateMillis": 1393603200000,
  "round": "9.3",
  "result": "1-0",
  "white": "Ding Liren",
  "black": "Ognjen Jovanic",
  "isDingWin": true,
  "isDraw": false,
  "isDingBlack": false,
  "moves": [
    "d4",
    "Nf6",
    "c4",
    "e6",
    "Nf3",
    "d5",
    "Nc3",
    "c5",
    "cxd5",
    "Nxd5",
    "e4",
    "Nxc3",
    "bxc3",
    "cxd4",
    "cxd4",
    "Bb4+",
    "Bd2",
    "Bxd2+",
    "Qxd2",
    "O-O",
    "Bc4",
    "Nd7",
    "O-O",
    "b6",
    "Rad1",
    "Bb7",
    "Rfe1",
    "Rc8",
    "Bb3",
    "Qf6",
    "d5",
    "exd5",
    "e5",
    "Qg6",
    "Nd4",
    "Nc5",
    "Bc2",
    "Ne4",
    "Qf4",
    "f6",
    "e6",
    "Qg5",
    "Qxg5",
    "fxg5",
    "e7",
    "Rfe8",
    "Ba4",
    "Rxe7",
    "f3",
    "g6",
    "fxe4",
    "dxe4",
    "Bb3+",
    "Kg7",
    "Ne6+",
    "Kh6",
    "Nd8",
    "Ba6",
    "Nf7+",
    "Kh5",
    "Re3",
    "Bc4",
    "Bxc4",
    "Rxc4",
    "Rh3+",
    "Kg4",
    "Rf1"
  ]
}