{
  "event": "Chinese Championship",
  "site": "Xinghua CHN",
  "date": "2014.03.13",
  "eventDate": "2014.03.11",
  "dateMillis": 1394640000000,
  "eventDateMillis": 1394467200000,
  "round": "3.4",
  "result": "1/2-1/2",
  "white": "Qun Ma",
  "black": "Ding Liren",
  "isDingWin": false,
  "isDraw": true,
  "isDingBlack": true,
  "moves": [
    "d4",
    "d5",
    "c4",
    "e6",
    "Nc3",
    "c6",
    "Nf3",
    "Nf6",
    "Qd3",
    "b6",
    "cxd5",
    "cxd5",
    "Bf4",
    "Bd6",
    "Bxd6",
    "Qxd6",
    "Nb5",
    "Qb4+",
    "Nd2",
    "Na6",
    "a3",
    "Qe7",
    "Qg3",
    "O-O",
    "e3",
    "Bd7",
    "Be2",
    "Bxb5",
    "Bxb5",
    "Nc7",
    "Bd3",
    "Rfc8",
    "O-O",
    "Nce8",
    "Rfc1",
    "a5",
    "Qf3",
    "Qd8",
    "Qd1",
    "Rxc1",
    "Rxc1",
    "Rc8",
    "Rc2",
    "Rxc2",
    "Qxc2",
    "Qc7",
    "Qxc7",
    "Nxc7",
    "f3",
    "Nfe8",
    "Kf2",
    "Nd6",
    "e4",
    "f5",
    "e5",
    "Ndb5",
    "Ke3",
    "g5",
    "g3",
    "Kg7",
    "f4"
  ]
}