{
  "event": "Cappelle-la-Grande",
  "site": "Cappelle-la-Grande FRA",
  "date": "2014.03.05",
  "eventDate": "2014.03.01",
  "dateMillis": 1393948800000,
  "eventDateMillis": 1393603200000,
  "round": "6.16",
  "result": "0-1",
  "white": "Thorsten Michael Haub",
  "black": "Ding Liren",
  "isDingWin": true,
  "isDraw": false,
  "isDingBlack": true,
  "moves": [
    "Nf3",
    "d5",
    "g3",
    "c6",
    "Bg2",
    "Bg4",
    "d3",
    "Nd7",
    "O-O",
    "e6",
    "Qe1",
    "Bc5",
    "h3",
    "Bh5",
    "e4",
    "Ne7",
    "b4",
    "Bb6",
    "Bb2",
    "O-O",
    "Nbd2",
    "Re8",
    "Nb3",
    "f6",
    "exd5",
    "exd5",
    "Qd2",
    "a5",
    "bxa5",
    "Bxa5",
    "Nxa5",
    "Qxa5",
    "Qxa5",
    "Rxa5",
    "Rfb1",
    "Ra4",
    "Bc3",
    "Bxf3",
    "Bxf3",
    "b5",
    "Bb4",
    "Kf7",
    "a3",
    "Rea8",
    "c4",
    "c5",
    "cxd5",
    "cxb4",
    "d6",
    "R8a7",
    "dxe7",
    "Rxa3",
    "Re1",
    "Ne5",
    "e8=Q+",
    "Kxe8",
    "Rab1",
    "Kf8",
    "Be4",
    "f5",
    "d4",
    "Nc4",
    "Bc6",
    "b3",
    "Bxb5",
    "Nd2",
    "Re8+",
    "Kf7",
    "Rb2",
    "Ra2"
  ]
}