{
  "event": "Chinese Championship",
  "site": "Xinghua CHN",
  "date": "2014.03.12",
  "eventDate": "2014.03.11",
  "dateMillis": 1394553600000,
  "eventDateMillis": 1394467200000,
  "round": "2.4",
  "result": "1-0",
  "white": "Ding Liren",
  "black": "Zeng Chongsheng",
  "isDingWin": true,
  "isDraw": false,
  "isDingBlack": false,
  "moves": [
    "c4",
    "e5",
    "Nc3",
    "Nf6",
    "Nf3",
    "Nc6",
    "g3",
    "Bb4",
    "Bg2",
    "O-O",
    "O-O",
    "Re8",
    "Nd5",
    "a5",
    "d3",
    "h6",
    "a3",
    "Bc5",
    "e3",
    "d6",
    "b3",
    "Nxd5",
    "cxd5",
    "Ne7",
    "d4",
    "exd4",
    "Nxd4",
    "Nf5",
    "Ne2",
    "Bd7",
    "Nf4",
    "Ne7",
    "Bb2",
    "Ng6",
    "Qc2",
    "Nxf4",
    "gxf4",
    "Qc8",
    "Kh1",
    "Bf5",
    "Qd1",
    "f6",
    "Rg1",
    "Kh7",
    "Qh5",
    "Bg6",
    "Qh4",
    "Qf5",
    "Qg3",
    "Qc2",
    "Rac1",
    "Qxb2",
    "Bf3",
    "f5",
    "Qxg6+",
    "Kh8",
    "Rc2",
    "Qf6",
    "Qxf6",
    "gxf6",
    "Rg6",
    "Kh7",
    "Rxf6",
    "Rf8",
    "Re6",
    "Rf7",
    "a4",
    "Rg8",
    "Rc1",
    "Rgg7",
    "Bh5",
    "Rf8",
    "Rg1",
    "c6",
    "Bf3",
    "cxd5",
    "Bxd5",
    "b6",
    "Rg3",
    "Bb4",
    "Kg2",
    "Rc8",
    "Bc4",
    "Rc5",
    "Rxg7+",
    "Kxg7",
    "Rxd6"
  ]
}