{
  "event": "Chinese Championship",
  "site": "Xinghua CHN",
  "date": "2014.03.11",
  "eventDate": "2014.03.11",
  "dateMillis": 1394467200000,
  "eventDateMillis": 1394467200000,
  "round": "1.3",
  "result": "1/2-1/2",
  "white": "Yu Yangyi",
  "black": "Ding Liren",
  "isDingWin": false,
  "isDraw": true,
  "isDingBlack": true,
  "moves": [
    "e4",
    "c6",
    "d4",
    "d5",
    "Nd2",
    "dxe4",
    "Nxe4",
    "Nd7",
    "Bd3",
    "Ndf6",
    "Ng5",
    "Bg4",
    "N1f3",
    "Bh5",
    "c3",
    "e6",
    "Qb3",
    "Qc7",
    "Ne5",
    "Bd6",
    "O-O",
    "Ne7",
    "Re1",
    "O-O",
    "Bf4",
    "Rad8",
    "Bg3",
    "b6",
    "a4",
    "c5",
    "Rac1",
    "Qc8",
    "Bc4",
    "Ned5",
    "Bb5",
    "h6",
    "Ngf3",
    "Bxf3",
    "Nxf3",
    "Bxg3",
    "hxg3",
    "Ng4",
    "Qc4",
    "Ndf6",
    "dxc5",
    "Qxc5",
    "Qxc5",
    "bxc5",
    "b4",
    "cxb4",
    "cxb4",
    "Nd5",
    "Rc4",
    "h5",
    "Bc6",
    "Rd6",
    "b5",
    "Nb6",
    "Rc2",
    "Nxa4",
    "Ra2",
    "Nc5",
    "Rxa7",
    "Rfd8",
    "Ng5",
    "Rd1",
    "Ra1",
    "Rxa1",
    "Rxa1",
    "Ne5",
    "f4",
    "Nxc6",
    "bxc6",
    "Rc8",
    "Ra5",
    "Nd3",
    "Ra7",
    "f6",
    "Nxe6",
    "Rxc6",
    "Ra8+",
    "Kh7",
    "Nf8+",
    "Kh6",
    "Kf1",
    "Nc5",
    "Re8",
    "f5",
    "Kg1",
    "Ne4",
    "Kh2",
    "Nf6",
    "Re6",
    "Rc7",
    "Ra6",
    "Rb7"
  ]
}