{
  "event": "Chinese Championship",
  "site": "Xinghua CHN",
  "date": "2014.03.17",
  "eventDate": "2014.03.11",
  "dateMillis": 1394985600000,
  "eventDateMillis": 1394467200000,
  "round": "6",
  "result": "1-0",
  "white": "Ding Liren",
  "black": "Zhao Jun",
  "isDingWin": true,
  "isDraw": false,
  "isDingBlack": false,
  "moves": [
    "d4",
    "Nf6",
    "c4",
    "e5",
    "dxe5",
    "Ng4",
    "Bf4",
    "Nc6",
    "Nf3",
    "Bb4+",
    "Nc3",
    "Bxc3+",
    "bxc3",
    "Qe7",
    "Qd5",
    "f6",
    "exf6",
    "Nxf6",
    "Qd3",
    "d6",
    "g3",
    "O-O",
    "Bg2",
    "Bg4",
    "O-O",
    "Rae8",
    "Rae1",
    "Kh8",
    "Nd4",
    "Ne5",
    "Bxe5",
    "dxe5",
    "Nc2",
    "e4",
    "Qd2",
    "Rd8",
    "Qe3",
    "c5",
    "f4",
    "Be6",
    "Bxe4",
    "Nxe4",
    "Qxe4",
    "Qf6",
    "Ne3",
    "Bh3",
    "Rf3",
    "Qxc3",
    "Kf2",
    "Qd4",
    "Qxd4",
    "cxd4",
    "Nd5",
    "Rc8",
    "Rd3",
    "Rxc4",
    "Red1",
    "Ra4",
    "R1d2",
    "g5",
    "Rxd4",
    "Ra3",
    "R4d3",
    "Ra5",
    "e4",
    "Kg7",
    "f5",
    "Kh6",
    "Ne3",
    "Kh5",
    "Kf3",
    "Re8",
    "g4+",
    "Kh4",
    "Rd6",
    "h5",
    "Rh6"
  ]
}