{
  "event": "Chinese Championship",
  "site": "Xinghua CHN",
  "date": "2014.03.19",
  "eventDate": "2014.03.11",
  "dateMillis": 1395158400000,
  "eventDateMillis": 1394467200000,
  "round": "8",
  "result": "1/2-1/2",
  "white": "Xiu Deshun",
  "black": "Ding Liren",
  "isDingWin": false,
  "isDraw": true,
  "isDingBlack": true,
  "moves": [
    "Nf3",
    "d5",
    "d4",
    "Nf6",
    "c4",
    "e6",
    "Bg5",
    "dxc4",
    "Qa4+",
    "c6",
    "Qxc4",
    "b5",
    "Qc2",
    "Bb7",
    "e4",
    "Nbd7",
    "Nbd2",
    "Rc8",
    "Bd3",
    "Qb6",
    "a4",
    "a6",
    "axb5",
    "cxb5",
    "Qb1",
    "h6",
    "Be3",
    "Ng4",
    "e5",
    "Bb4",
    "O-O",
    "O-O",
    "Ne4",
    "f5",
    "exf6",
    "Ndxf6",
    "Ne5",
    "Nxe4",
    "Bxe4",
    "Nxe5",
    "dxe5",
    "Bc5",
    "Bxb7",
    "Qxb7",
    "Qg6",
    "Qf7",
    "Qxf7+",
    "Rxf7",
    "Rxa6",
    "Bxe3",
    "fxe3",
    "Rxf1+",
    "Kxf1",
    "Kf7",
    "Rd6",
    "Rc2",
    "b4",
    "Rb2",
    "Rd4",
    "g5",
    "h4",
    "Kg6",
    "hxg5",
    "Kxg5",
    "Rf4",
    "h5",
    "Rf6",
    "Rxb4",
    "Rxe6"
  ]
}