{
  "event": "Chinese Championship",
  "site": "Xinghua CHN",
  "date": "2014.03.21",
  "eventDate": "2014.03.11",
  "dateMillis": 1395331200000,
  "eventDateMillis": 1394467200000,
  "round": "10",
  "result": "1/2-1/2",
  "white": "Ding Liren",
  "black": "Liu Qingnan",
  "isDingWin": false,
  "isDraw": true,
  "isDingBlack": false,
  "moves": [
    "d4",
    "c5",
    "d5",
    "e5",
    "e4",
    "d6",
    "Nc3",
    "Be7",
    "Nf3",
    "Bg4",
    "h3",
    "Bxf3",
    "Qxf3",
    "Bg5",
    "Bxg5",
    "Qxg5",
    "h4",
    "Qd8",
    "Nd1",
    "Ne7",
    "Ne3",
    "O-O",
    "O-O-O",
    "Nd7",
    "Kb1",
    "a6",
    "g3",
    "b5",
    "Bh3",
    "c4",
    "h5",
    "h6",
    "Bxd7",
    "Qxd7",
    "g4",
    "f6",
    "Nf5",
    "b4",
    "Qe3",
    "c3",
    "b3",
    "a5",
    "a4",
    "bxa3",
    "Ka2",
    "Rfc8",
    "Nxh6+",
    "gxh6",
    "Qxh6",
    "a4",
    "b4",
    "Kf7",
    "Qh7+",
    "Ke8",
    "Qh8+",
    "Kf7",
    "Qh7+",
    "Ke8",
    "Kxa3",
    "Qb5",
    "Qh8+",
    "Kf7",
    "Qh7+",
    "Ke8",
    "Qh8+",
    "Kd7",
    "Qxf6",
    "Rc4",
    "Rb1",
    "Rb8",
    "Qe6+",
    "Ke8",
    "Qf6",
    "Rb6",
    "h6",
    "Rxb4",
    "h7",
    "Rb3+",
    "Rxb3",
    "Qc5+",
    "Ka2",
    "axb3+",
    "Kb1",
    "bxc2+",
    "Kxc2",
    "Rb2+",
    "Kc1",
    "Rb1+",
    "Kxb1",
    "Qb4+",
    "Kc2",
    "Qxe4+",
    "Kb3",
    "Qxd5+",
    "Kxc3",
    "Qd4+"
  ]
}