{
  "event": "Chinese Championship",
  "site": "Xinghua CHN",
  "date": "2014.03.15",
  "eventDate": "2014.03.11",
  "dateMillis": 1394812800000,
  "eventDateMillis": 1394467200000,
  "round": "5",
  "result": "1-0",
  "white": "Yifan Hou",
  "black": "Ding Liren",
  "isDingWin": false,
  "isDraw": false,
  "isDingBlack": true,
  "moves": [
    "e4",
    "e5",
    "Nf3",
    "Nc6",
    "d4",
    "exd4",
    "Nxd4",
    "Bc5",
    "Nb3",
    "Bb6",
    "Nc3",
    "Nf6",
    "Qf3",
    "d6",
    "Bg5",
    "h6",
    "Bxf6",
    "Qxf6",
    "Qxf6",
    "gxf6",
    "Nd5",
    "f5",
    "a4",
    "Kd8",
    "a5",
    "Bd4",
    "Nxd4",
    "Nxd4",
    "O-O-O",
    "Nc6",
    "exf5",
    "Bxf5",
    "a6",
    "bxa6",
    "Bxa6",
    "Rb8",
    "Bc4",
    "Ne5",
    "Be2",
    "Be4",
    "f3",
    "Bxd5",
    "Rxd5",
    "Re8",
    "g3",
    "Nd7",
    "Re1",
    "Re6",
    "b3",
    "Nc5",
    "Rf5",
    "Ke7",
    "Kd2",
    "c6",
    "Rf4",
    "d5",
    "Bf1",
    "a5",
    "Ra1",
    "Nb7",
    "Ba6",
    "Nc5",
    "Bf1",
    "Rb4",
    "Rxb4",
    "axb4",
    "Ra7+",
    "Kf8",
    "Rc7",
    "Rf6",
    "Be2",
    "Kg7",
    "Rc8",
    "Nd7",
    "Rd8",
    "Nb6",
    "f4",
    "c5",
    "Bf3",
    "d4",
    "Bd5",
    "h5",
    "Be4",
    "h4",
    "Ke2",
    "hxg3",
    "hxg3",
    "Re6",
    "Kf3",
    "Re7",
    "g4",
    "Rc7",
    "g5",
    "Nc8",
    "Bd3",
    "f6",
    "g6",
    "f5",
    "Bxf5",
    "Ne7",
    "Rd7",
    "Rxd7",
    "Bxd7",
    "Nxg6",
    "Ke4",
    "Kf6",
    "Bf5",
    "c4",
    "Bxg6",
    "d3",
    "Ke3",
    "Kxg6",
    "bxc4",
    "dxc2",
    "Kd2",
    "Kf5",
    "Kxc2",
    "Kxf4",
    "Kb3",
    "Ke5",
    "Kxb4",
    "Kd6",
    "Kb5"
  ]
}