{
  "event": "Chinese Championship",
  "site": "Xinghua CHN",
  "date": "2014.03.14",
  "eventDate": "2014.03.11",
  "dateMillis": 1394726400000,
  "eventDateMillis": 1394467200000,
  "round": "4",
  "result": "1-0",
  "white": "Ding Liren",
  "black": "Wen Yang",
  "isDingWin": true,
  "isDraw": false,
  "isDingBlack": false,
  "moves": [
    "d4",
    "d6",
    "Nf3",
    "g6",
    "g3",
    "Bg7",
    "Bg2",
    "Nf6",
    "O-O",
    "O-O",
    "c4",
    "Nc6",
    "Nc3",
    "a6",
    "e4",
    "Bg4",
    "Be3",
    "Nd7",
    "Qd2",
    "Na5",
    "b3",
    "Bxf3",
    "Bxf3",
    "c5",
    "dxc5",
    "Nxc5",
    "Rad1",
    "Nc6",
    "Nd5",
    "b5",
    "cxb5",
    "axb5",
    "Bg2",
    "Ne6",
    "f4",
    "Ned4",
    "f5",
    "Be5",
    "Qf2",
    "e6",
    "f6",
    "exd5",
    "exd5",
    "Nf5",
    "dxc6",
    "Rxa2",
    "Qxa2",
    "Nxe3",
    "Qf2",
    "Nxd1",
    "Rxd1",
    "Bxf6",
    "c7",
    "Qe7",
    "Bh3",
    "Bg5",
    "Qc2",
    "Qe3+",
    "Kg2"
  ]
}