{
  "event": "Chinese Championship",
  "site": "Xinghua CHN",
  "date": "2014.03.18",
  "eventDate": "2014.03.11",
  "dateMillis": 1395072000000,
  "eventDateMillis": 1394467200000,
  "round": "7",
  "result": "1/2-1/2",
  "white": "Zhou Jianchao",
  "black": "Ding Liren",
  "isDingWin": false,
  "isDraw": true,
  "isDingBlack": true,
  "moves": [
    "d4",
    "Nf6",
    "c4",
    "g6",
    "Nc3",
    "Bg7",
    "e4",
    "d6",
    "Be2",
    "O-O",
    "Nf3",
    "e5",
    "O-O",
    "Nc6",
    "d5",
    "Ne7",
    "b4",
    "Nh5",
    "Re1",
    "f5",
    "a4",
    "Nf6",
    "Bd3",
    "h6",
    "Ba3",
    "f4",
    "c5",
    "g5",
    "b5",
    "Ng6",
    "b6",
    "cxb6",
    "cxd6",
    "a6",
    "Rb1",
    "g4",
    "Nd2",
    "Bd7",
    "Nc4",
    "Rc8",
    "Qd2",
    "b5",
    "axb5",
    "Nh5",
    "bxa6",
    "b5",
    "Nxb5",
    "Qh4",
    "f3",
    "gxf3",
    "gxf3",
    "Ng3",
    "Nb6",
    "Qg5",
    "hxg3",
    "Nh4",
    "Rf1",
    "Qxg3+",
    "Kh1",
    "Nxf3",
    "Rxf3",
    "Qxf3+",
    "Qg2",
    "Qh5+",
    "Qh2",
    "Qf3+",
    "Qg2",
    "Qxd3",
    "Rg1",
    "Rf7",
    "Nxc8",
    "Bh3",
    "Ne7+",
    "Rxe7",
    "dxe7",
    "Bxg2+",
    "Rxg2",
    "Qd1+"
  ]
}