{
  "event": "Chinese Championship",
  "site": "Xinghua CHN",
  "date": "2014.03.21",
  "eventDate": "2014.03.11",
  "dateMillis": 1395331200000,
  "eventDateMillis": 1394467200000,
  "round": "10",
  "result": "1/2-1/2",
  "white": "Wei Yi",
  "black": "Ding Liren",
  "isDingWin": false,
  "isDraw": true,
  "isDingBlack": true,
  "moves": [
    "e4",
    "c6",
    "d4",
    "d5",
    "Nd2",
    "dxe4",
    "Nxe4",
    "Nd7",
    "Nf3",
    "Ngf6",
    "Nxf6+",
    "Nxf6",
    "c3",
    "Bg4",
    "h3",
    "Bxf3",
    "Qxf3",
    "Qd5",
    "Be2",
    "Qxf3",
    "Bxf3",
    "e6",
    "O-O",
    "Be7",
    "Bg5",
    "Nd5",
    "Bxe7",
    "Kxe7",
    "a4",
    "a5",
    "Rfe1",
    "Ra6",
    "Rad1",
    "Rd8",
    "Be2",
    "Raa8",
    "g3",
    "Rab8",
    "Ra1",
    "b6",
    "Red1",
    "g5",
    "Kf1",
    "Rh8",
    "Bf3",
    "Kd6",
    "Re1",
    "h5",
    "Re5",
    "g4",
    "hxg4",
    "hxg4",
    "Bg2",
    "f6",
    "Re2",
    "f5",
    "Rae1",
    "Rh6",
    "Re5",
    "Rf6",
    "c4",
    "Nb4",
    "c5+",
    "Kd7",
    "cxb6",
    "Nd3",
    "Rd1",
    "Nxb2",
    "Rc1",
    "Nd3",
    "Rxc6",
    "Nxe5",
    "dxe5",
    "Rff8",
    "b7",
    "f4",
    "Rd6+",
    "Kc7",
    "gxf4",
    "Rxf4",
    "Rc6+",
    "Kd7",
    "Rd6+",
    "Kc7",
    "Rc6+"
  ]
}