{
  "event": "Chinese Championship",
  "site": "Xinghua CHN",
  "date": "2014.03.22",
  "eventDate": "2014.03.11",
  "dateMillis": 1395417600000,
  "eventDateMillis": 1394467200000,
  "round": "11",
  "result": "1-0",
  "white": "Ding Liren",
  "black": "Lin Chen",
  "isDingWin": true,
  "isDraw": false,
  "isDingBlack": false,
  "moves": [
    "c4",
    "c6",
    "Nf3",
    "d5",
    "d4",
    "Nf6",
    "e3",
    "a6",
    "Nc3",
    "b5",
    "b3",
    "Bg4",
    "Be2",
    "e6",
    "h3",
    "Bf5",
    "g4",
    "Bg6",
    "Ne5",
    "Bb4",
    "Bd2",
    "Bxc3",
    "Bxc3",
    "Ne4",
    "Rc1",
    "Nxc3",
    "Rxc3",
    "f6",
    "Nxg6",
    "hxg6",
    "cxd5",
    "exd5",
    "h4",
    "f5",
    "Qc2",
    "Qf6",
    "Bd3",
    "Ra7",
    "gxf5",
    "Re7",
    "fxg6",
    "b4",
    "Rc5",
    "Qxd4",
    "Rxc6",
    "O-O",
    "Rc8",
    "Nd7",
    "Rh3",
    "Ree8",
    "Rxe8",
    "Rxe8",
    "Be2",
    "Qe5",
    "Rf3",
    "Nf6",
    "Rf5",
    "Qe6",
    "Bf3",
    "d4",
    "Be2",
    "Kh8",
    "exd4",
    "Rd8",
    "Qc7",
    "Qxf5",
    "Qxd8+",
    "Ng8",
    "Qe8",
    "Qb1+",
    "Bd1",
    "Qxa2",
    "h5",
    "Qb2",
    "Qe3",
    "a5",
    "d5",
    "Qf6",
    "f4",
    "Qd8",
    "Qe5",
    "Qh4+",
    "Kd2",
    "Qf2+",
    "Be2",
    "a4",
    "d6",
    "a3",
    "d7",
    "a2",
    "d8=Q"
  ]
}