{
  "event": "Asian Nations Cup",
  "site": "Tabriz IRI",
  "date": "2014.05.25",
  "eventDate": "2014.05.22",
  "dateMillis": 1400947200000,
  "eventDateMillis": 1400688000000,
  "round": "5.5",
  "result": "0-1",
  "white": "Amin Hassan Al Ansi",
  "black": "Ding Liren",
  "isDingWin": true,
  "isDraw": false,
  "isDingBlack": true,
  "moves": [
    "e4",
    "c5",
    "b3",
    "b6",
    "Bb2",
    "Bb7",
    "d3",
    "e6",
    "Nf3",
    "Nc6",
    "g3",
    "d5",
    "exd5",
    "Qxd5",
    "Nbd2",
    "Nf6",
    "Bg2",
    "Be7",
    "a3",
    "O-O",
    "O-O",
    "Nd4",
    "Nh4",
    "Qd7",
    "Bxb7",
    "Qxb7",
    "Nhf3",
    "Nf5",
    "Re1",
    "Rad8",
    "Qe2",
    "Rfe8",
    "Ne4",
    "Nd4",
    "Nxd4",
    "cxd4",
    "a4",
    "Rd5",
    "Ba3",
    "Rc8",
    "Bxe7",
    "Qxe7",
    "Ra2",
    "Nxe4",
    "Qxe4",
    "Qd6",
    "f4",
    "g6",
    "h3",
    "Rcc5",
    "b4",
    "Rc3",
    "Rb1",
    "Qc7",
    "Rbb2",
    "g5",
    "a5",
    "b5",
    "Kg2",
    "h5",
    "Qf3",
    "gxf4",
    "Qxf4",
    "Re5",
    "Qf2",
    "Re3",
    "h4",
    "Qe5",
    "Qf4",
    "Qd5+",
    "Kf2",
    "Re5",
    "Kg1",
    "Kf8",
    "Ra1",
    "Re2",
    "Qh6+",
    "Ke8"
  ]
}