{
  "event": "Asian Nations Cup",
  "site": "Tabriz IRI",
  "date": "2014.05.24",
  "eventDate": "2014.05.22",
  "dateMillis": 1400860800000,
  "eventDateMillis": 1400688000000,
  "round": "3.3",
  "result": "1-0",
  "white": "Ding Liren",
  "black": "Rinat Jumabayev",
  "isDingWin": true,
  "isDraw": false,
  "isDingBlack": false,
  "moves": [
    "d4",
    "Nf6",
    "c4",
    "e6",
    "g3",
    "d5",
    "Bg2",
    "Be7",
    "Nf3",
    "O-O",
    "O-O",
    "dxc4",
    "Qc2",
    "a6",
    "Qxc4",
    "b5",
    "Qc2",
    "Bb7",
    "Bd2",
    "Be4",
    "Qc1",
    "c6",
    "Rd1",
    "Nbd7",
    "Nc3",
    "Bg6",
    "a3",
    "Nd5",
    "b4",
    "Bf6",
    "Be1",
    "Rc8",
    "Ra2",
    "Qb6",
    "e3",
    "Qa7",
    "Ne2",
    "Bd8",
    "Nd2",
    "a5",
    "e4",
    "N5f6",
    "e5",
    "Nd5",
    "Nb3",
    "axb4",
    "Bxd5",
    "exd5",
    "Bxb4",
    "Re8",
    "Nf4",
    "Bg5",
    "Re1",
    "Bf5",
    "h4",
    "Bh6",
    "Nc5",
    "Nxc5",
    "Bxc5",
    "Qa5",
    "Bb4",
    "Qa7",
    "Bc5",
    "Qa5",
    "Rae2",
    "Bg4",
    "Re3",
    "Qd8",
    "Kg2",
    "Bxf4",
    "gxf4",
    "Re6",
    "Rg3",
    "Rg6",
    "h5",
    "Bxh5",
    "f5",
    "Rxg3+",
    "fxg3",
    "b4",
    "Bxb4",
    "c5",
    "Bxc5",
    "Rb8",
    "e6",
    "fxe6",
    "fxe6",
    "Qf6",
    "Qf4",
    "Rb2+",
    "Kh3",
    "Bg6",
    "Re5",
    "Bd3",
    "Qxf6",
    "gxf6",
    "e7"
  ]
}