{
  "event": "Asian Nations Cup",
  "site": "Tabriz IRI",
  "date": "2014.05.23",
  "eventDate": "2014.05.22",
  "dateMillis": 1400774400000,
  "eventDateMillis": 1400688000000,
  "round": "2.3",
  "result": "0-1",
  "white": "R S Kalugampitiya",
  "black": "Ding Liren",
  "isDingWin": true,
  "isDraw": false,
  "isDingBlack": true,
  "moves": [
    "e4",
    "c5",
    "Nf3",
    "e6",
    "d4",
    "cxd4",
    "Nxd4",
    "a6",
    "Bd3",
    "Bc5",
    "Nb3",
    "Ba7",
    "Nc3",
    "d6",
    "a4",
    "Nc6",
    "O-O",
    "Nf6",
    "Kh1",
    "e5",
    "Bg5",
    "h6",
    "Bxf6",
    "Qxf6",
    "Nd5",
    "Qd8",
    "c3",
    "O-O",
    "Qh5",
    "Be6",
    "Nd2",
    "Rc8",
    "f4",
    "exf4",
    "Nxf4",
    "Ne5",
    "Nxe6",
    "fxe6",
    "Bc2",
    "Qb6",
    "Bb3",
    "Nd3",
    "Bxe6+",
    "Kh8",
    "Bxc8",
    "Qg1+"
  ]
}