{
  "event": "Asian Nations Cup",
  "site": "Tabriz IRI",
  "date": "2014.05.21",
  "eventDate": "2014.05.22",
  "dateMillis": 1400601600000,
  "eventDateMillis": 1400688000000,
  "round": "1.4",
  "result": "1-0",
  "white": "Ding Liren",
  "black": "Sameer Mansour",
  "isDingWin": true,
  "isDraw": false,
  "isDingBlack": false,
  "moves": [
    "d4",
    "Nf6",
    "c4",
    "d6",
    "Nf3",
    "g6",
    "g3",
    "Bg7",
    "Bg2",
    "O-O",
    "O-O",
    "c6",
    "Nc3",
    "Qa5",
    "e4",
    "e5",
    "d5",
    "cxd5",
    "cxd5",
    "Bd7",
    "Nd2",
    "Rc8",
    "Re1",
    "Na6",
    "Bf1",
    "Qd8",
    "Nc4",
    "Ne8",
    "a4",
    "Nc5",
    "b4",
    "Nxa4",
    "Nxa4",
    "b5",
    "Nxd6",
    "Nxd6",
    "Nc5",
    "Be8",
    "Ra6",
    "Rc7",
    "Bb2",
    "Qe7",
    "Qa1",
    "g5",
    "Re3",
    "Bd7",
    "Qa2",
    "Bc8",
    "Rc6",
    "Bb7",
    "Rxc7",
    "Qxc7",
    "Qa1",
    "f6",
    "Rc3",
    "Bc8",
    "Ne6",
    "Qb8",
    "Nxg7",
    "Kxg7",
    "Qc1",
    "Nc4",
    "Bxc4",
    "bxc4",
    "Rxc4",
    "Bh3",
    "Rc7+",
    "Kg6",
    "Bxe5",
    "Qxb4",
    "Bxf6"
  ]
}