{
  "event": "Asian Nations Cup",
  "site": "Tabriz IRI",
  "date": "2014.05.24",
  "eventDate": "2014.05.22",
  "dateMillis": 1400860800000,
  "eventDateMillis": 1400688000000,
  "round": "4.4",
  "result": "1/2-1/2",
  "white": "Le Quang Liem",
  "black": "Ding Liren",
  "isDingWin": false,
  "isDraw": true,
  "isDingBlack": true,
  "moves": [
    "d4",
    "Nf6",
    "c4",
    "g6",
    "Nc3",
    "Bg7",
    "e4",
    "d6",
    "Nf3",
    "O-O",
    "Be2",
    "e5",
    "dxe5",
    "dxe5",
    "Qxd8",
    "Rxd8",
    "Nd5",
    "Nxd5",
    "cxd5",
    "c6",
    "Bc4",
    "b5",
    "Bb3",
    "Bb7",
    "Bg5",
    "Rd7",
    "Rc1",
    "a5",
    "Ke2",
    "a4",
    "dxc6",
    "Nxc6",
    "Bd5",
    "Nd4+",
    "Nxd4",
    "exd4",
    "Bxb7",
    "d3+",
    "Kf3",
    "Rxb7",
    "b3",
    "h6",
    "Be3",
    "axb3",
    "axb3",
    "Ra3",
    "Rc8+",
    "Kh7",
    "b4",
    "Rb3",
    "Bd2",
    "h5",
    "Rd1",
    "f5",
    "exf5",
    "Rf7",
    "Rc5",
    "Rxf5+",
    "Rxf5",
    "gxf5",
    "Ke3",
    "Bf8"
  ]
}