{
  "event": "Asian Nations Cup",
  "site": "Tabriz IRI",
  "date": "2014.05.25",
  "eventDate": "2014.05.22",
  "dateMillis": 1400947200000,
  "eventDateMillis": 1400688000000,
  "round": "5.2",
  "result": "1/2-1/2",
  "white": "Ding Liren",
  "black": "Sethuraman P Sethuraman",
  "isDingWin": false,
  "isDraw": true,
  "isDingBlack": false,
  "moves": [
    "c4",
    "e5",
    "g3",
    "Nf6",
    "Bg2",
    "d5",
    "cxd5",
    "Nxd5",
    "Nc3",
    "Nb6",
    "Nf3",
    "Nc6",
    "Rb1",
    "Be7",
    "b4",
    "Bf5",
    "b5",
    "Nd4",
    "d3",
    "f6",
    "Nh4",
    "Bg4",
    "Bxb7",
    "O-O",
    "h3",
    "Be6",
    "e3",
    "Rb8",
    "Bg2",
    "Nf5",
    "Nf3",
    "Qd7",
    "O-O",
    "Rfd8",
    "Ne1",
    "Nh6",
    "Kh2",
    "Nf7",
    "a4",
    "Nd5",
    "Nxd5",
    "Bxd5",
    "Bxd5",
    "Qxd5",
    "e4",
    "Qd7",
    "Be3",
    "c6",
    "bxc6",
    "Rxb1",
    "Qxb1",
    "Qxc6",
    "Qb3",
    "Qa6",
    "f3",
    "Bd6",
    "Ng2",
    "Rb8",
    "Qc4",
    "Qb7",
    "Rc1",
    "g6",
    "a5",
    "a6",
    "Bb6",
    "Kg7",
    "Qe6",
    "Qe7",
    "Qxe7",
    "Bxe7",
    "Ne3",
    "Bd8",
    "Nd5",
    "Ng5",
    "Kg2",
    "Ne6",
    "Kf2",
    "Kf7",
    "Bxd8",
    "Rxd8",
    "Rc6",
    "Rb8",
    "Rxa6",
    "Rb2+",
    "Kf1",
    "Nd4",
    "Rxf6+",
    "Kg7",
    "a6",
    "Ra2",
    "h4",
    "Ra1+",
    "Kf2",
    "Ra2+",
    "Ke1",
    "Nc2+",
    "Kf1",
    "Ne3+",
    "Nxe3",
    "Kxf6",
    "Nd5+",
    "Kf7",
    "Nb4",
    "Ra4",
    "Nc6",
    "Ke6",
    "f4",
    "exf4",
    "gxf4",
    "Rxa6",
    "Nd4+",
    "Kd6",
    "Kf2",
    "Ra2+",
    "Ke3",
    "Rh2",
    "Nf3",
    "Rh1",
    "d4",
    "Ra1",
    "h5",
    "Ra3+",
    "Kf2",
    "Ke7",
    "h6",
    "Ra4",
    "Kg3",
    "Ra1",
    "d5",
    "Rh1",
    "Nh2",
    "Re1",
    "Kf3",
    "Rh1",
    "Ng4",
    "Rd1",
    "Ke3",
    "Rg1",
    "Ne5",
    "Rd1",
    "Kf3",
    "Rh1",
    "Kg4",
    "Rg1+",
    "Kf3",
    "Rh1",
    "Kg2",
    "Rh4",
    "Kg3",
    "Rh1",
    "Ng4",
    "Rg1+",
    "Kf3",
    "Rd1",
    "Ke3",
    "Rg1",
    "Ne5",
    "Rd1",
    "Ke2",
    "Rh1",
    "Ng4",
    "Rg1",
    "Kf3"
  ]
}