{
  "event": "Asian Nations Cup",
  "site": "Tabriz IRI",
  "date": "2014.05.29",
  "eventDate": "2014.05.22",
  "dateMillis": 1401292800000,
  "eventDateMillis": 1400688000000,
  "round": "9.2",
  "result": "1/2-1/2",
  "white": "Ehsan Ghaem Maghami",
  "black": "Ding Liren",
  "isDingWin": false,
  "isDraw": true,
  "isDingBlack": true,
  "moves": [
    "d4",
    "Nf6",
    "c4",
    "g6",
    "Nc3",
    "Bg7",
    "e4",
    "d6",
    "Nf3",
    "O-O",
    "Be2",
    "e5",
    "O-O",
    "Na6",
    "Be3",
    "c6",
    "dxe5",
    "dxe5",
    "Qxd8",
    "Rxd8",
    "h3",
    "Re8",
    "a3",
    "Nc7",
    "Rfd1",
    "Ne6",
    "c5",
    "Nd7",
    "b4",
    "a5",
    "Rac1",
    "Bf8",
    "Bc4",
    "Kg7",
    "Rc2",
    "axb4",
    "axb4",
    "f6",
    "Bb3",
    "Nc7",
    "Na4",
    "Nb8"
  ]
}