{
  "event": "Asian Nations Cup",
  "site": "Tabriz IRI",
  "date": "2014.05.28",
  "eventDate": "2014.05.22",
  "dateMillis": 1401206400000,
  "eventDateMillis": 1400688000000,
  "round": "8.5",
  "result": "1-0",
  "white": "Ding Liren",
  "black": "Pouria Darini",
  "isDingWin": true,
  "isDraw": false,
  "isDingBlack": false,
  "moves": [
    "Nf3",
    "Nf6",
    "c4",
    "g6",
    "Nc3",
    "d5",
    "cxd5",
    "Nxd5",
    "h4",
    "Bg7",
    "h5",
    "Nxc3",
    "bxc3",
    "c5",
    "g3",
    "Nc6",
    "Bg2",
    "Qd5",
    "d4",
    "cxd4",
    "h6",
    "Bf6",
    "O-O",
    "O-O",
    "Nxd4",
    "Qc4",
    "Be3",
    "Bg4",
    "Qb3",
    "Na5",
    "Qa3",
    "b6",
    "Bxa8",
    "Rxa8",
    "Rfd1",
    "Qc8",
    "Qc1",
    "e5",
    "Bg5",
    "Bh8",
    "Nb3",
    "Nb7",
    "f3",
    "Be6",
    "Nd2",
    "f6",
    "Be3",
    "f5",
    "Nf1",
    "Qc4",
    "Kf2",
    "Rc8",
    "Qa3",
    "f4",
    "gxf4",
    "Bf6",
    "Qxa7",
    "exf4",
    "Bd4",
    "Bh4+",
    "Kg1",
    "Qd5",
    "Kh1",
    "Bd8",
    "Nh2",
    "Qc6",
    "Rab1",
    "b5",
    "a4",
    "Bc4",
    "axb5",
    "Bxb5",
    "c4",
    "Ba6",
    "Bb6",
    "Ra8"
  ]
}