{
  "event": "Hainan Danzhou GM",
  "site": "Danzhou CHN",
  "date": "2014.06.30",
  "eventDate": "2014.06.25",
  "dateMillis": 1404057600000,
  "eventDateMillis": 1403625600000,
  "round": "5",
  "result": "1/2-1/2",
  "white": "Ruslan Ponomariov",
  "black": "Ding Liren",
  "isDingWin": false,
  "isDraw": true,
  "isDingBlack": true,
  "moves": [
    "d4",
    "Nf6",
    "c4",
    "g6",
    "Nc3",
    "Bg7",
    "e4",
    "O-O",
    "Bg5",
    "d6",
    "Qd2",
    "c5",
    "d5",
    "e6",
    "Nge2",
    "exd5",
    "cxd5",
    "b5",
    "Nxb5",
    "h6",
    "Bxf6",
    "Bxf6",
    "Nec3",
    "a6",
    "Na3",
    "Nd7",
    "Bd3",
    "Ne5",
    "O-O",
    "Rb8",
    "Nc4",
    "Re8",
    "Rfe1",
    "Nxc4",
    "Bxc4",
    "Bd4",
    "Rac1",
    "Qg5",
    "Qxg5",
    "hxg5",
    "b3",
    "g4",
    "g3",
    "Ra8",
    "Na4",
    "Rb8",
    "Nc3",
    "Ra8",
    "Na4",
    "Rb8",
    "Nc3"
  ]
}