{
  "event": "Hainan Danzhou GM",
  "site": "Danzhou CHN",
  "date": "2014.06.25",
  "eventDate": "2014.06.25",
  "dateMillis": 1403625600000,
  "eventDateMillis": 1403625600000,
  "round": "1.1",
  "result": "1-0",
  "white": "Ding Liren",
  "black": "Zhao Jun",
  "isDingWin": true,
  "isDraw": false,
  "isDingBlack": false,
  "moves": [
    "Nf3",
    "Nf6",
    "c4",
    "g6",
    "Nc3",
    "Bg7",
    "e4",
    "d6",
    "d4",
    "Bg4",
    "Be2",
    "O-O",
    "O-O",
    "Nfd7",
    "Be3",
    "Nc6",
    "d5",
    "Bxf3",
    "Bxf3",
    "Na5",
    "Be2",
    "Bxc3",
    "bxc3",
    "e5",
    "dxe6",
    "fxe6",
    "c5",
    "Nxc5",
    "e5",
    "b6",
    "Bg4",
    "Nab7",
    "exd6",
    "cxd6",
    "Qd2",
    "Qf6",
    "Bg5",
    "Qf7",
    "Bh6",
    "Rfe8",
    "c4",
    "Ne4",
    "Qd4",
    "Nf6",
    "Bf3",
    "e5",
    "Qh4",
    "e4",
    "Be2",
    "Nc5",
    "f4",
    "e3",
    "f5",
    "Nce4",
    "fxg6",
    "Qxg6",
    "Bxe3",
    "Re7",
    "Bd4",
    "Rf8",
    "Rae1",
    "Rg7",
    "g3",
    "Qg5",
    "Qxg5",
    "Rxg5",
    "Rf4",
    "Rg7",
    "Bf3",
    "Ng5",
    "Bg2",
    "Rg6",
    "h4"
  ]
}