{
  "event": "Hainan Danzhou GM",
  "site": "Danzhou CHN",
  "date": "2014.06.26",
  "eventDate": "2014.06.25",
  "dateMillis": 1403712000000,
  "eventDateMillis": 1403625600000,
  "round": "2.5",
  "result": "1/2-1/2",
  "white": "Ding Liren",
  "black": "Arkadij Naiditsch",
  "isDingWin": false,
  "isDraw": true,
  "isDingBlack": false,
  "moves": [
    "c4",
    "e6",
    "Nc3",
    "d5",
    "d4",
    "Nf6",
    "Bg5",
    "Be7",
    "e3",
    "Nbd7",
    "Nf3",
    "h6",
    "Bh4",
    "dxc4",
    "Bxc4",
    "a6",
    "a4",
    "c5",
    "O-O",
    "cxd4",
    "Nxd4",
    "Ne5",
    "Be2",
    "Bd7",
    "Qb3",
    "O-O",
    "a5",
    "Nc6",
    "Qxb7",
    "Nxa5",
    "Rxa5",
    "Qxa5",
    "Bxf6",
    "Bxf6",
    "Qxd7",
    "Qb4",
    "Rb1",
    "Rad8",
    "Qa4",
    "Qxa4",
    "Nxa4",
    "Bxd4",
    "exd4",
    "Rxd4",
    "b3",
    "a5",
    "Rc1",
    "Rd2",
    "Kf1",
    "Rfd8",
    "h4",
    "Ra2",
    "Nc3",
    "Rb2",
    "Bc4",
    "Rdd2",
    "Nd1",
    "Rdc2",
    "Ra1",
    "Ra2",
    "Rxa2",
    "Rxa2",
    "Bb5",
    "Rc2",
    "Ne3",
    "Rc5",
    "Bc4",
    "Kf8",
    "Ke2",
    "g5",
    "h5",
    "g4",
    "g3",
    "Ke7",
    "Kd3",
    "f5",
    "Kd4",
    "Rc8",
    "Bd3",
    "Kf6",
    "Nc4",
    "e5+",
    "Ke3",
    "Rc5",
    "Ke2",
    "Kg5",
    "Nd6",
    "Rc3",
    "Bxf5",
    "Rxb3",
    "Bg6",
    "Kf6",
    "Ne4+",
    "Ke7",
    "Nd2",
    "Rb2",
    "Kd3",
    "a4",
    "Kc3",
    "a3",
    "Bc2",
    "Rb8",
    "Bb3",
    "Kf6",
    "Ne4+",
    "Ke7",
    "Nd2",
    "Rc8+",
    "Nc4",
    "e4",
    "Kd4",
    "Rf8",
    "Kxe4",
    "Rxf2",
    "Nxa3",
    "Rf3",
    "Bd1",
    "Rxa3",
    "Kf4",
    "Kf6",
    "Kxg4",
    "Ke5",
    "Bf3",
    "Ra2",
    "Bc6",
    "Rc2",
    "Bb7",
    "Rh2",
    "Bc6",
    "Rf2",
    "Bf3",
    "Rf1",
    "Be2",
    "Rf8",
    "Kh3",
    "Ke4",
    "Kg2",
    "Ke3",
    "Bg4",
    "Rf2+",
    "Kg1",
    "Rb2",
    "Kf1",
    "Rb4",
    "Bf5",
    "Kf3",
    "g4",
    "Rd4",
    "Kg1",
    "Rd2",
    "Be6",
    "Rf2",
    "Bf5",
    "Kg3",
    "Bg6",
    "Rf3",
    "g5",
    "hxg5",
    "h6",
    "Ra3",
    "Kf1",
    "Ra1+",
    "Ke2",
    "g4",
    "h7",
    "Rh1",
    "Ke3",
    "Rh6",
    "Bf5",
    "Rh2",
    "Be4",
    "Rh5",
    "Bg6",
    "Rh6",
    "Bf5",
    "Kh4",
    "Kf4",
    "g3",
    "Kf3",
    "Rh5",
    "Bg6",
    "Rxh7",
    "Bxh7",
    "Kh3",
    "Be4",
    "Kh2",
    "Kg4",
    "g2"
  ]
}