{
  "event": "Hainan Danzhou GM",
  "site": "Danzhou CHN",
  "date": "2014.06.28",
  "eventDate": "2014.06.25",
  "dateMillis": 1403884800000,
  "eventDateMillis": 1403625600000,
  "round": "4.4",
  "result": "1/2-1/2",
  "white": "Ding Liren",
  "black": "Wei Yi",
  "isDingWin": false,
  "isDraw": true,
  "isDingBlack": false,
  "moves": [
    "d4",
    "Nf6",
    "c4",
    "e6",
    "Nf3",
    "d5",
    "Nc3",
    "c5",
    "cxd5",
    "cxd4",
    "Qxd4",
    "exd5",
    "e4",
    "Nc6",
    "Bb5",
    "dxe4",
    "Qxd8+",
    "Kxd8",
    "Ng5",
    "Be6",
    "Nxe6+",
    "fxe6",
    "Bxc6",
    "bxc6",
    "Ke2",
    "Bb4",
    "Na4",
    "Kc7",
    "Be3",
    "Nd5",
    "Rac1",
    "Rad8",
    "Rc2",
    "Nxe3",
    "Kxe3",
    "Rhf8",
    "Rhc1",
    "Rd6",
    "Ke2",
    "Rf5",
    "a3",
    "Ra5",
    "axb4",
    "Rxa4",
    "b5",
    "Rb4",
    "Rxc6+",
    "Rxc6",
    "Rxc6+",
    "Kd8",
    "Ra6",
    "Rxb2+",
    "Ke3",
    "Rxb5",
    "Rxa7",
    "Rg5",
    "g3",
    "Ke8",
    "Kxe4",
    "Kf8",
    "h4",
    "Rb5",
    "Rc7",
    "Rd5",
    "Ra7",
    "Rb5",
    "Rc7",
    "Rd5",
    "Ra7",
    "Rb5"
  ]
}