{
  "event": "Hainan Danzhou GM",
  "site": "Danzhou CHN",
  "date": "2014.07.02",
  "eventDate": "2014.06.25",
  "dateMillis": 1404230400000,
  "eventDateMillis": 1403625600000,
  "round": "7",
  "result": "0-1",
  "white": "Yu Yangyi",
  "black": "Ding Liren",
  "isDingWin": true,
  "isDraw": false,
  "isDingBlack": true,
  "moves": [
    "e4",
    "c6",
    "d4",
    "d5",
    "Nd2",
    "dxe4",
    "Nxe4",
    "Bf5",
    "Ng3",
    "Bg6",
    "h4",
    "h6",
    "Nf3",
    "e6",
    "h5",
    "Bh7",
    "Bd3",
    "Bxd3",
    "Qxd3",
    "Nf6",
    "Bd2",
    "Be7",
    "O-O-O",
    "O-O",
    "Kb1",
    "c5",
    "Ne4",
    "Nc6",
    "Bc3",
    "Nb4",
    "Nxf6+",
    "Bxf6",
    "Bxb4",
    "cxb4",
    "Qe4",
    "Qb6",
    "Ne5",
    "Rad8",
    "f4",
    "Rd5",
    "Rd2",
    "Rfd8",
    "Rhd1",
    "a5",
    "g4",
    "a4",
    "Rd3",
    "Bxe5",
    "fxe5",
    "R8d7",
    "Qf4",
    "Qd8",
    "Qd2",
    "Rb5",
    "Rg1",
    "b3",
    "g5",
    "hxg5",
    "Rxg5",
    "bxc2+",
    "Kxc2",
    "Kh8",
    "Rg4",
    "a3",
    "Rxa3",
    "Rxe5",
    "Rag3",
    "Rc5+",
    "Kb1",
    "Qf6",
    "a3",
    "Rxh5",
    "Rxg7",
    "Qxg7",
    "Rxg7",
    "Kxg7",
    "a4",
    "Rhd5",
    "a5",
    "Rxd4",
    "Qg5+",
    "Kf8",
    "Qf6",
    "R7d5",
    "Qh8+",
    "Ke7",
    "Qb8",
    "Rb5",
    "Qc7+",
    "Kf6",
    "Qc3",
    "e5",
    "a6",
    "bxa6",
    "Qc6+",
    "Kg5",
    "Qxa6",
    "Rdb4",
    "Qa8",
    "Rxb2+",
    "Kc1",
    "Rb8",
    "Qe4",
    "R2b5",
    "Qe3+",
    "Kg6",
    "Qg3+",
    "Kf6",
    "Qh4+",
    "Ke6",
    "Qh6+",
    "Ke7",
    "Qh4+",
    "Kd7",
    "Qf6",
    "Rc5+",
    "Kd2",
    "Rb2+",
    "Kd3",
    "Rb3+",
    "Kd2",
    "Ke8",
    "Qd6",
    "Rbc3",
    "Qf6",
    "Rc2+",
    "Kd1",
    "R2c4",
    "Kd2",
    "Rf4",
    "Qb6",
    "Rd5+",
    "Ke3",
    "Kf8",
    "Qc6",
    "Rfd4",
    "Qf6",
    "Rc5",
    "Ke2",
    "Rb5",
    "Ke3",
    "Rbd5",
    "Qh6+",
    "Ke7",
    "Qg5+",
    "Ke6",
    "Qh6+",
    "Kd7",
    "Qf6",
    "Rf4",
    "Qb6",
    "Rdd4",
    "Qb5+",
    "Kd6",
    "Qe8",
    "Rc4",
    "Kd3",
    "Rfd4+",
    "Ke3",
    "Rc3+",
    "Ke2",
    "Rc7",
    "Ke3",
    "Re7",
    "Qc8",
    "Rd7",
    "Qe8",
    "Rf4",
    "Qb8+",
    "Ke6",
    "Qe8+",
    "Re7",
    "Qh8",
    "f6",
    "Qg8+",
    "Kf5",
    "Qc8+",
    "Kg6",
    "Qg8+",
    "Rg7",
    "Qe8+",
    "Kg5",
    "Qd8",
    "Rg6",
    "Qe8",
    "Rd4",
    "Kf3",
    "Rd3+",
    "Ke4",
    "Rg3",
    "Qc8",
    "Rg4+",
    "Kf3",
    "Rf4+",
    "Ke3",
    "f5",
    "Qd8+",
    "Kg4",
    "Qd1+",
    "Kh4",
    "Qh1+",
    "Kg5",
    "Qh8",
    "e4",
    "Kd4",
    "Rf3",
    "Qh2",
    "Rh6",
    "Qb2",
    "Re6",
    "Kd5",
    "Re7",
    "Kd6",
    "Rh7",
    "Ke5",
    "Rhh3",
    "Qd2+",
    "Kg4",
    "Qe2",
    "Rhg3",
    "Qh2",
    "e3",
    "Qe2",
    "Kh3",
    "Kd4",
    "Rf2",
    "Qe1",
    "Kg2",
    "Kd3",
    "e2+",
    "Kd4",
    "f4",
    "Ke4",
    "Re3+",
    "Kf5",
    "Rf1",
    "Qd2"
  ]
}