{
  "event": "Hainan Danzhou GM",
  "site": "Danzhou CHN",
  "date": "2014.06.30",
  "eventDate": "2014.06.25",
  "dateMillis": 1404057600000,
  "eventDateMillis": 1403625600000,
  "round": "5",
  "result": "1-0",
  "white": "Ding Liren",
  "black": "Zhou Weiqi",
  "isDingWin": true,
  "isDraw": false,
  "isDingBlack": false,
  "moves": [
    "d4",
    "Nf6",
    "c4",
    "e6",
    "Nf3",
    "d5",
    "g3",
    "Bb4+",
    "Bd2",
    "Bxd2+",
    "Nbxd2",
    "O-O",
    "Bg2",
    "Nbd7",
    "O-O",
    "c5",
    "Rc1",
    "b6",
    "cxd5",
    "Nxd5",
    "Ne4",
    "Qe7",
    "Ne5",
    "Nxe5",
    "dxe5",
    "f6",
    "exf6",
    "gxf6",
    "Nc3",
    "Nxc3",
    "Rxc3",
    "Bb7",
    "Bxb7",
    "Qxb7",
    "Rd3",
    "Qe4",
    "Qd2",
    "Rae8",
    "Rd1",
    "Re7",
    "b3",
    "Kg7",
    "a4",
    "e5",
    "Rc1",
    "Rff7",
    "Rd6",
    "Qf5",
    "Rd1",
    "Rc7",
    "Qd5",
    "c4",
    "e4",
    "Qf3",
    "bxc4",
    "Qb3",
    "Qe6",
    "h5",
    "Qf5",
    "Qxc4",
    "Qxh5",
    "Qxe4",
    "Rd8",
    "Qxa4",
    "g4",
    "Rf8",
    "g5",
    "fxg5",
    "Rxf8",
    "Kxf8",
    "Rd8+"
  ]
}