{
  "event": "Hainan Danzhou GM",
  "site": "Danzhou CHN",
  "date": "2014.06.27",
  "eventDate": "2014.06.25",
  "dateMillis": 1403798400000,
  "eventDateMillis": 1403625600000,
  "round": "3.2",
  "result": "1/2-1/2",
  "white": "Bu Xiangzhi",
  "black": "Ding Liren",
  "isDingWin": false,
  "isDraw": true,
  "isDingBlack": true,
  "moves": [
    "Nf3",
    "Nf6",
    "c4",
    "g6",
    "g3",
    "Bg7",
    "Bg2",
    "O-O",
    "O-O",
    "Nc6",
    "d4",
    "d6",
    "Nc3",
    "a6",
    "Bf4",
    "Rb8",
    "Rc1",
    "Bd7",
    "a3",
    "b5",
    "cxb5",
    "axb5",
    "b4",
    "Re8",
    "d5",
    "Na7",
    "e4",
    "Ng4",
    "Qe2",
    "Ne5",
    "Rfd1",
    "Bg4",
    "h3",
    "Bxf3",
    "Bxf3",
    "c5",
    "dxc6",
    "Naxc6",
    "Bg2",
    "Qb6",
    "Be3",
    "Qb7",
    "Bf1",
    "Nc4",
    "Nxb5",
    "Nxe3",
    "Qxe3",
    "Rec8",
    "Rc2",
    "h5",
    "Rdc1",
    "Qd7",
    "Kg2",
    "Bf6",
    "Qd2",
    "h4",
    "Be2",
    "Nd8",
    "Rc7",
    "Rxc7",
    "Rxc7",
    "Qe8",
    "a4",
    "Ne6",
    "Rc4",
    "hxg3",
    "fxg3",
    "Be5",
    "Bg4",
    "Nf8",
    "Qc2",
    "e6",
    "Na7",
    "d5",
    "exd5",
    "exd5",
    "Rc8",
    "Rxc8",
    "Nxc8",
    "Bb8",
    "a5",
    "Qe1",
    "Qf2",
    "Qxb4",
    "a6",
    "d4",
    "h4",
    "Qa3",
    "h5",
    "gxh5",
    "Bxh5",
    "Ng6",
    "Qf3",
    "Qxa6",
    "Bxg6",
    "fxg6",
    "Qd5+",
    "Kh7",
    "Qd7+",
    "Kh6",
    "Qh3+",
    "Kg5",
    "Qh4+",
    "Kf5",
    "Ne7+",
    "Ke6",
    "Qe4+",
    "Kd7",
    "Nxg6",
    "Qa2+",
    "Kf3",
    "Qb3+",
    "Ke2",
    "Qb2+",
    "Kd1",
    "Qb3+",
    "Ke2",
    "Qb2+",
    "Kd1",
    "Qb3+"
  ]
}