{
  "event": "Hainan Danzhou GM",
  "site": "Danzhou CHN",
  "date": "2014.07.03",
  "eventDate": "2014.06.25",
  "dateMillis": 1404316800000,
  "eventDateMillis": 1403625600000,
  "round": "8",
  "result": "0-1",
  "white": "Xiu Deshun",
  "black": "Ding Liren",
  "isDingWin": true,
  "isDraw": false,
  "isDingBlack": true,
  "moves": [
    "d4",
    "d5",
    "c4",
    "e6",
    "Nf3",
    "Nf6",
    "Nc3",
    "c6",
    "e3",
    "Nbd7",
    "Qc2",
    "Bd6",
    "Bd3",
    "dxc4",
    "Bxc4",
    "b5",
    "Bd3",
    "Bb7",
    "O-O",
    "a6",
    "Ng5",
    "Qc7",
    "h3",
    "c5",
    "Nge4",
    "Be7",
    "Nxf6+",
    "Nxf6",
    "dxc5",
    "Qxc5",
    "e4",
    "Rc8",
    "a3",
    "O-O",
    "Qe2",
    "Qe5",
    "f4",
    "Qb8",
    "e5",
    "Nd5",
    "Nxd5",
    "Bxd5",
    "Be3",
    "g6",
    "a4",
    "Bc4",
    "Rfc1",
    "Bxd3",
    "Qxd3",
    "Rxc1+",
    "Rxc1",
    "bxa4",
    "Qxa6",
    "Qb3",
    "Qe2",
    "Rb8",
    "Rc2",
    "h5",
    "Bc1",
    "Rd8",
    "Kh2",
    "Rd3",
    "Rd2",
    "Rxd2",
    "Qxd2",
    "h4",
    "Qf2",
    "Kf8",
    "Be3",
    "Ke8",
    "Qd2",
    "Bb4",
    "Qd4",
    "Be7",
    "Bf2",
    "Qc2",
    "Be3",
    "Qb3",
    "Bf2",
    "Qb4",
    "Kg1",
    "Qxd4",
    "Bxd4",
    "Kd7",
    "Kf2",
    "Kc6",
    "Ke3",
    "Bc5",
    "Kd3",
    "Bxd4",
    "Kxd4",
    "Kb5",
    "Kc3",
    "Kc5",
    "Kd3",
    "Kb4",
    "Kc2",
    "Kc4",
    "Kb1",
    "Kd3",
    "Ka2",
    "Ke3",
    "Ka3",
    "Kf2",
    "Kxa4",
    "Kxg2",
    "b4",
    "Kxh3",
    "b5",
    "Kg4",
    "b6",
    "h3",
    "b7",
    "h2",
    "b8=Q",
    "h1=Q",
    "Qf8",
    "Qe4+"
  ]
}