{
  "event": "Chess Olympiad",
  "site": "Tromso NOR",
  "date": "2014.08.02",
  "eventDate": "2014.08.02",
  "dateMillis": 1406908800000,
  "eventDateMillis": 1406908800000,
  "round": "1.8",
  "result": "0-1",
  "white": "Carlos Armando Juarez Flores",
  "black": "Ding Liren",
  "isDingWin": true,
  "isDraw": false,
  "isDingBlack": true,
  "moves": [
    "e4",
    "c5",
    "Nf3",
    "e6",
    "d4",
    "cxd4",
    "Nxd4",
    "Nc6",
    "Nc3",
    "a6",
    "g3",
    "d6",
    "Bg2",
    "Bd7",
    "O-O",
    "Nf6",
    "a4",
    "Be7",
    "Nxc6",
    "Bxc6",
    "Bf4",
    "Qc7",
    "Qd2",
    "O-O",
    "Rfd1",
    "Rfd8",
    "a5",
    "b5",
    "axb6",
    "Qxb6",
    "Ra3",
    "a5",
    "Rb3",
    "Qa6",
    "Qe3",
    "Qc8",
    "Nb5",
    "a4",
    "Rc3",
    "Qb7",
    "Nxd6",
    "Bxd6",
    "Rxd6",
    "Rxd6",
    "Bxd6",
    "Rd8",
    "Qc5",
    "Bxe4",
    "Qc7",
    "Qa8",
    "Bxe4",
    "Nxe4",
    "Rc6",
    "h6",
    "c4",
    "Nd2",
    "c5",
    "Nf3+"
  ]
}