{
  "event": "Chess Olympiad",
  "site": "Tromso NOR",
  "date": "2014.08.05",
  "eventDate": "2014.08.02",
  "dateMillis": 1407168000000,
  "eventDateMillis": 1406908800000,
  "round": "4.4",
  "result": "1/2-1/2",
  "white": "Ding Liren",
  "black": "Alexander Grischuk",
  "isDingWin": false,
  "isDraw": true,
  "isDingBlack": false,
  "moves": [
    "d4",
    "Nf6",
    "c4",
    "g6",
    "g3",
    "c6",
    "Nf3",
    "d5",
    "cxd5",
    "cxd5",
    "Bg2",
    "Bg7",
    "Ne5",
    "Ne4",
    "Nd2",
    "Nd7",
    "Nxe4",
    "dxe4",
    "O-O",
    "O-O",
    "Bf4",
    "Nf6",
    "e3",
    "Be6",
    "Qe2",
    "Rc8",
    "Rfc1",
    "Rxc1+",
    "Rxc1",
    "Bxa2",
    "Nc4",
    "Qc8",
    "Qc2",
    "Bxc4",
    "Qxc4",
    "Qf5",
    "Qc5",
    "Nd5",
    "Qxa7",
    "Nxf4",
    "gxf4",
    "Qb5",
    "Qa3",
    "Bf6",
    "Bxe4",
    "Kg7",
    "Kg2",
    "Rd8",
    "Rc5",
    "Qd7",
    "h3",
    "b6",
    "Rc6",
    "Qb7",
    "Qb3",
    "Qd7",
    "Qxb6",
    "Rc8",
    "b4",
    "Rxc6",
    "Qxc6",
    "Qxc6",
    "Bxc6",
    "e6",
    "b5",
    "Bd8",
    "d5",
    "Bc7",
    "dxe6",
    "fxe6",
    "Kf3",
    "Kf6",
    "Ke4",
    "Bb6",
    "Kd3",
    "Kf7",
    "Bf3",
    "Kf6",
    "Bg4",
    "Kf7",
    "Bf3",
    "Kf6",
    "Be4",
    "Kf7",
    "Bb7",
    "Kf6",
    "Kc4",
    "Ke7",
    "Bf3",
    "Kf7",
    "Kb4",
    "Kf6",
    "Be2",
    "Kf7",
    "Kc4",
    "Kf6",
    "Bd1",
    "Ba7",
    "Bf3",
    "Bb6",
    "Be2",
    "Ba7",
    "h4",
    "h5",
    "Bd3",
    "Bb6",
    "Kb4",
    "Kf7",
    "Bf1",
    "Ke7",
    "Bg2",
    "Kf7",
    "Bh3",
    "Ke7",
    "Bf1",
    "Kf7",
    "Bd3",
    "Kg7",
    "Be4",
    "Kf6",
    "Bc2",
    "Kf7",
    "Kc4",
    "Kf6",
    "Bd3",
    "Kf7",
    "Be2",
    "Kf6",
    "Bd1",
    "Ba7",
    "Kd3",
    "Bb6",
    "f3",
    "Kf7",
    "Bc2",
    "Kf6",
    "Bb3",
    "Ke7",
    "Bc2",
    "Kf6",
    "Bb1",
    "Kf7",
    "Ba2",
    "Ke7",
    "Bc4",
    "Bc7",
    "Ke2",
    "Kf6",
    "Bd3",
    "Kf7",
    "Bc2",
    "Kf6",
    "Kd3"
  ]
}