{
  "event": "Chess Olympiad",
  "site": "Tromso NOR",
  "date": "2014.08.04",
  "eventDate": "2014.08.02",
  "dateMillis": 1407081600000,
  "eventDateMillis": 1406908800000,
  "round": "3.11",
  "result": "1-0",
  "white": "Ding Liren",
  "black": "Csaba Balogh",
  "isDingWin": true,
  "isDraw": false,
  "isDingBlack": false,
  "moves": [
    "c4",
    "e5",
    "g3",
    "Nf6",
    "Bg2",
    "c6",
    "Nf3",
    "e4",
    "Nd4",
    "d5",
    "cxd5",
    "Qxd5",
    "e3",
    "Qe5",
    "f4",
    "exf3",
    "Nxf3",
    "Qh5",
    "O-O",
    "Be7",
    "Nc3",
    "O-O",
    "d4",
    "Be6",
    "e4",
    "Nbd7",
    "Qc2",
    "Rad8",
    "Ne2",
    "Qb5",
    "Nf4",
    "Qc4",
    "Qb1",
    "Bg4",
    "b3",
    "Qb4",
    "Bb2",
    "Rfe8",
    "Qc2",
    "Qb6",
    "Kh1",
    "Nh5",
    "Nd3",
    "Nhf6",
    "Nd2",
    "Nf8",
    "Nc4",
    "Qc7",
    "Ne3",
    "Qc8",
    "Qf2",
    "Bh5",
    "Nf4",
    "Ng4",
    "Nxg4",
    "Bxg4",
    "d5",
    "f6",
    "h3",
    "Bd7",
    "e5",
    "fxe5",
    "Nh5",
    "Bf6",
    "Nxf6+",
    "gxf6",
    "Qxf6",
    "Bxh3",
    "Bxe5",
    "Rxe5",
    "Qxe5",
    "Ng6",
    "Qf6",
    "Rf8",
    "Qg5",
    "Rxf1+",
    "Rxf1",
    "Bxg2+",
    "Kxg2",
    "Qe8",
    "d6",
    "Qe4+",
    "Rf3"
  ]
}