{
  "event": "Chess Olympiad",
  "site": "Tromso NOR",
  "date": "2014.08.06",
  "eventDate": "2014.08.02",
  "dateMillis": 1407254400000,
  "eventDateMillis": 1406908800000,
  "round": "5.4",
  "result": "1/2-1/2",
  "white": "Erwin L'Ami",
  "black": "Ding Liren",
  "isDingWin": false,
  "isDraw": true,
  "isDingBlack": true,
  "moves": [
    "d4",
    "Nf6",
    "c4",
    "e6",
    "Nf3",
    "d5",
    "Nc3",
    "c6",
    "e3",
    "Nbd7",
    "Bd3",
    "dxc4",
    "Bxc4",
    "b5",
    "Bd3",
    "a6",
    "O-O",
    "Bb7",
    "a4",
    "b4",
    "Ne4",
    "c5",
    "Nxf6+",
    "Qxf6",
    "b3",
    "cxd4",
    "Bb2",
    "Bxf3",
    "gxf3",
    "Bc5",
    "f4",
    "O-O",
    "Rc1",
    "Rfd8",
    "Be4",
    "Ra7",
    "Qf3",
    "e5",
    "Rfd1",
    "Qe7",
    "fxe5",
    "Nxe5",
    "Qg3",
    "Ng6",
    "Bxg6",
    "hxg6",
    "Bxd4",
    "Bxd4",
    "Rxd4",
    "Rad7",
    "Qh4",
    "Qxh4",
    "Rxh4",
    "a5",
    "Rc5",
    "Rd5",
    "Rhc4",
    "Rxc5",
    "Rxc5",
    "Rd3",
    "Rxa5",
    "Rxb3"
  ]
}