{
  "event": "Chess Olympiad",
  "site": "Tromso NOR",
  "date": "2014.08.09",
  "eventDate": "2014.08.02",
  "dateMillis": 1407513600000,
  "eventDateMillis": 1406908800000,
  "round": "7.4",
  "result": "0-1",
  "white": "Milos Perunovic",
  "black": "Ding Liren",
  "isDingWin": true,
  "isDraw": false,
  "isDingBlack": true,
  "moves": [
    "e4",
    "c6",
    "d4",
    "d5",
    "e5",
    "Bf5",
    "Nd2",
    "e6",
    "Nb3",
    "Nd7",
    "Nf3",
    "Ne7",
    "Be2",
    "Bg4",
    "O-O",
    "Nf5",
    "h3",
    "Bxf3",
    "Bxf3",
    "g6",
    "Re1",
    "h5",
    "Be2",
    "f6",
    "exf6",
    "Qxf6",
    "c4",
    "O-O-O",
    "cxd5",
    "exd5",
    "Bf4",
    "Bb4",
    "Bd2",
    "Bd6",
    "Rc1",
    "Rhf8",
    "Rf1",
    "Nxd4",
    "Nxd4",
    "Qxd4",
    "Be3",
    "Qe5",
    "g3",
    "Kb8",
    "h4",
    "Rde8",
    "Bd3",
    "Qe6",
    "Re1",
    "Qf6",
    "Qa4",
    "Rxe3"
  ]
}