{
  "event": "Chess Olympiad",
  "site": "Tromso NOR",
  "date": "2014.08.08",
  "eventDate": "2014.08.02",
  "dateMillis": 1407427200000,
  "eventDateMillis": 1406908800000,
  "round": "6.8",
  "result": "0-1",
  "white": "Mohamed Ezat",
  "black": "Ding Liren",
  "isDingWin": true,
  "isDraw": false,
  "isDingBlack": true,
  "moves": [
    "d4",
    "Nf6",
    "c4",
    "g6",
    "Nc3",
    "Bg7",
    "e4",
    "d6",
    "Be2",
    "O-O",
    "Nf3",
    "e5",
    "O-O",
    "Na6",
    "Be3",
    "c6",
    "Rb1",
    "exd4",
    "Nxd4",
    "Re8",
    "b4",
    "Nc7",
    "Bf3",
    "h5",
    "Bg5",
    "Be6",
    "Be2",
    "Qc8",
    "b5",
    "c5",
    "Nc2",
    "Nd7",
    "Qd2",
    "Nb6",
    "Nd5",
    "Bxd5",
    "exd5",
    "a6",
    "bxa6",
    "Rxa6",
    "a3",
    "Na4",
    "Rb3",
    "Rb6",
    "Rxb6",
    "Nxb6",
    "h3",
    "Na4",
    "Bd3",
    "Bc3",
    "Qf4",
    "Nb2",
    "Qf3",
    "Be5",
    "Rb1",
    "Na8",
    "Bc1",
    "Na4",
    "Bg5",
    "N8b6",
    "g4",
    "hxg4",
    "hxg4",
    "Nb2",
    "Ne3",
    "Qa8",
    "Nf5",
    "gxf5",
    "Rxb2",
    "Bxb2",
    "Qxf5",
    "Bg7",
    "Bf4",
    "Qd8",
    "Bg5",
    "Qd7",
    "Qh7+",
    "Kf8",
    "Bf5",
    "Qc7",
    "Kf1",
    "Nxc4",
    "Bh6",
    "Bxh6",
    "Qxh6+",
    "Ke7",
    "Qh4+",
    "f6",
    "g5",
    "Nd2+",
    "Ke2",
    "Kd8+",
    "Be6",
    "fxg5",
    "Qxg5+",
    "Qe7",
    "Qxd2",
    "Kc7",
    "Qh6",
    "Rf8",
    "a4",
    "Qf6",
    "Qh7+",
    "Kb8",
    "Qh2",
    "Qf4",
    "Qg3",
    "c4",
    "a5",
    "c3",
    "Qxf4",
    "Rxf4",
    "Kd3",
    "Rf3+",
    "Kc2",
    "Ka7",
    "Bg4",
    "Rxf2+",
    "Kxc3",
    "Ka6"
  ]
}