{
  "event": "Chess Olympiad",
  "site": "Tromso NOR",
  "date": "2014.08.10",
  "eventDate": "2014.08.02",
  "dateMillis": 1407600000000,
  "eventDateMillis": 1406908800000,
  "round": "8.1",
  "result": "1/2-1/2",
  "white": "Teimour Radjabov",
  "black": "Ding Liren",
  "isDingWin": false,
  "isDraw": true,
  "isDingBlack": true,
  "moves": [
    "e4",
    "c6",
    "d4",
    "d5",
    "e5",
    "Bf5",
    "Nf3",
    "e6",
    "Be2",
    "c5",
    "Be3",
    "cxd4",
    "Nxd4",
    "Ne7",
    "O-O",
    "a6",
    "c4",
    "Nbc6",
    "cxd5",
    "Nxd5",
    "Nxc6",
    "bxc6",
    "Qa4",
    "Qd7",
    "Rd1",
    "Qb7",
    "Bf3",
    "Be7",
    "Bxd5",
    "exd5",
    "Nd2",
    "O-O",
    "Nb3",
    "Bc2",
    "Rdc1",
    "Bxb3",
    "axb3",
    "Rfc8",
    "Bc5",
    "h6",
    "Bxe7",
    "Qxe7",
    "Rxc6",
    "Qxe5",
    "Rxc8+",
    "Rxc8",
    "Qxa6",
    "Rb8",
    "Qd3",
    "Qxb2",
    "Rb1",
    "Qe5",
    "g3",
    "Qd6",
    "Rd1",
    "d4",
    "Qxd4",
    "Qxd4",
    "Rxd4",
    "Rxb3"
  ]
}