{
  "event": "Chess Olympiad",
  "site": "Tromso NOR",
  "date": "2014.08.11",
  "eventDate": "2014.08.02",
  "dateMillis": 1407686400000,
  "eventDateMillis": 1406908800000,
  "round": "9.1",
  "result": "1/2-1/2",
  "white": "Ruslan Ponomariov",
  "black": "Ding Liren",
  "isDingWin": false,
  "isDraw": true,
  "isDingBlack": true,
  "moves": [
    "e4",
    "c6",
    "d4",
    "d5",
    "e5",
    "Bf5",
    "Nf3",
    "e6",
    "Be2",
    "Ne7",
    "O-O",
    "c5",
    "c4",
    "Nbc6",
    "Na3",
    "Be4",
    "dxc5",
    "Nf5",
    "Bg5",
    "Be7",
    "Bxe7",
    "Qxe7",
    "cxd5",
    "Bxd5",
    "Nb5",
    "Bxf3",
    "Bxf3",
    "Nxe5",
    "Rc1",
    "Nxf3+",
    "Qxf3",
    "O-O",
    "Rfd1",
    "Rfd8",
    "Nd6",
    "Nxd6",
    "cxd6",
    "Rxd6",
    "Rxd6",
    "Qxd6",
    "Qxb7",
    "Rd8",
    "g3",
    "a5",
    "Rc7",
    "Qf8",
    "Qa6",
    "Ra8",
    "Ra7",
    "Rxa7",
    "Qxa7",
    "Qd8",
    "a3",
    "Qd1+",
    "Kg2",
    "Qd5+",
    "Kg1",
    "Qd1+",
    "Kg2",
    "Qd5+",
    "Kg1"
  ]
}