{
  "event": "Chess Olympiad",
  "site": "Tromso NOR",
  "date": "2014.08.14",
  "eventDate": "2014.08.02",
  "dateMillis": 1407945600000,
  "eventDateMillis": 1406908800000,
  "round": "11.1",
  "result": "1-0",
  "white": "Ding Liren",
  "black": "Grzegorz Gajewski",
  "isDingWin": true,
  "isDraw": false,
  "isDingBlack": false,
  "moves": [
    "d4",
    "Nf6",
    "c4",
    "e6",
    "g3",
    "Bb4+",
    "Bd2",
    "Be7",
    "Bg2",
    "d5",
    "Nf3",
    "O-O",
    "O-O",
    "c6",
    "Qc2",
    "Nbd7",
    "Rd1",
    "b6",
    "b3",
    "a5",
    "Bc3",
    "Ba6",
    "Nbd2",
    "b5",
    "e4",
    "bxc4",
    "bxc4",
    "Nxe4",
    "Nxe4",
    "dxe4",
    "Ne5",
    "f5",
    "Nxc6",
    "Qe8",
    "Bxa5",
    "Nf6",
    "d5",
    "Bb7",
    "Nxe7+",
    "Qxe7",
    "Bc3",
    "exd5",
    "Rab1",
    "Rf7",
    "Bxf6",
    "Qxf6",
    "cxd5",
    "Rd8",
    "d6",
    "Ba6",
    "Qc6",
    "Bd3",
    "Rxd3",
    "exd3",
    "Bd5",
    "Kf8",
    "Bxf7",
    "Qxf7",
    "Rd1",
    "Qxa2",
    "Qc7",
    "Qa8",
    "d7",
    "d2",
    "Rxd2",
    "Qa1+",
    "Kg2",
    "Qf6",
    "Re2",
    "f4",
    "Qc5+",
    "Kf7",
    "Qh5+",
    "Qg6",
    "Qd5+",
    "Kf8",
    "Re5",
    "fxg3",
    "hxg3"
  ]
}