{
  "event": "Petrosian Memorial",
  "site": "Moscow RUS",
  "date": "2014.11.05",
  "eventDate": "2014.11.03",
  "dateMillis": 1415116800000,
  "eventDateMillis": 1414944000000,
  "round": "2",
  "result": "1/2-1/2",
  "white": "Ding Liren",
  "black": "Peter Leko",
  "isDingWin": false,
  "isDraw": true,
  "isDingBlack": false,
  "moves": [
    "d4",
    "Nf6",
    "c4",
    "e6",
    "Nf3",
    "b6",
    "g3",
    "Ba6",
    "Nbd2",
    "Bb7",
    "Bg2",
    "Be7",
    "O-O",
    "O-O",
    "Re1",
    "d5",
    "cxd5",
    "exd5",
    "Nb1",
    "Nbd7",
    "Nc3",
    "c5",
    "Bf4",
    "Ne4",
    "Rc1",
    "Rc8",
    "Bh3",
    "Nxc3",
    "bxc3",
    "Ra8",
    "Bg2",
    "Re8",
    "h4",
    "h6",
    "Nd2",
    "Nf6",
    "Be5",
    "Ng4",
    "Nf3",
    "Bd6",
    "Bxd6",
    "Qxd6",
    "e3",
    "Re7",
    "a4",
    "Rd8",
    "a5",
    "Bc8",
    "Re2",
    "b5",
    "dxc5",
    "Qxc5",
    "Rd2",
    "Nf6",
    "Rd4",
    "Rde8",
    "Qb3",
    "a6",
    "Ne1",
    "Bf5",
    "Nc2",
    "Bxc2",
    "Rxc2",
    "Qc7",
    "Qb4",
    "Rd8",
    "Rcd2",
    "Red7",
    "Bf3",
    "Qe5",
    "Qc5",
    "Qe6",
    "Kg2",
    "h5",
    "R4d3",
    "g6",
    "Rd4",
    "Kg7",
    "R2d3",
    "Kg8",
    "Rd2",
    "Kg7",
    "R2d3",
    "Kg8"
  ]
}