{
  "event": "Petrosian Memorial",
  "site": "Moscow RUS",
  "date": "2014.11.11",
  "eventDate": "2014.11.03",
  "dateMillis": 1415635200000,
  "eventDateMillis": 1414944000000,
  "round": "7",
  "result": "1/2-1/2",
  "white": "Alexander Morozevich",
  "black": "Ding Liren",
  "isDingWin": false,
  "isDraw": true,
  "isDingBlack": true,
  "moves": [
    "e4",
    "c6",
    "d4",
    "d5",
    "e5",
    "Bf5",
    "h4",
    "h5",
    "Bd3",
    "Bxd3",
    "Qxd3",
    "e6",
    "Bg5",
    "Qd7",
    "Nf3",
    "c5",
    "dxc5",
    "Bxc5",
    "O-O",
    "Ne7",
    "c4",
    "Nbc6",
    "Nc3",
    "Nb4",
    "Qe2",
    "dxc4",
    "Qxc4",
    "Rc8",
    "Qb3",
    "O-O",
    "Rad1",
    "Qc6",
    "Nd4",
    "Qa6",
    "Ne4",
    "Nbd5",
    "Qg3",
    "Bxd4",
    "Bxe7",
    "Bxe5",
    "Qxe5",
    "Nxe7",
    "Qxh5",
    "Nd5",
    "Qe5",
    "Rc4",
    "Rfe1",
    "Qc6",
    "h5",
    "Qc7",
    "Nd6",
    "Rc6",
    "h6",
    "gxh6",
    "Qg3+",
    "Kh7",
    "Qd3+",
    "Kh8",
    "Qh3",
    "Kh7",
    "Qd3+",
    "Kh8",
    "Qh3",
    "Kh7",
    "Qd3+",
    "Kh8"
  ]
}