{
  "event": "Petrosian Memorial",
  "site": "Moscow RUS",
  "date": "2014.11.09",
  "eventDate": "2014.11.03",
  "dateMillis": 1415462400000,
  "eventDateMillis": 1414944000000,
  "round": "5",
  "result": "1/2-1/2",
  "white": "Ernesto Inarkiev",
  "black": "Ding Liren",
  "isDingWin": false,
  "isDraw": true,
  "isDingBlack": true,
  "moves": [
    "e4",
    "c6",
    "d4",
    "d5",
    "Nc3",
    "dxe4",
    "Nxe4",
    "Nd7",
    "Nf3",
    "Ngf6",
    "Nc3",
    "Nb6",
    "h3",
    "Bf5",
    "Bd3",
    "Bxd3",
    "Qxd3",
    "e6",
    "O-O",
    "Be7",
    "Ne2",
    "O-O",
    "c4",
    "Nbd7",
    "Bf4",
    "a5",
    "a4",
    "Nc5",
    "Qe3",
    "Na6",
    "Rfd1",
    "Nb4",
    "Rd2",
    "b5",
    "b3",
    "bxc4",
    "bxc4",
    "Qb6",
    "Nc3",
    "Rad8",
    "Rad1",
    "Nd7",
    "Qe2",
    "Rfe8",
    "Bg5",
    "Bxg5",
    "Nxg5",
    "h6",
    "Nf3",
    "Qc7",
    "Ne4",
    "Rb8",
    "Qe3",
    "Nb6",
    "Rc1",
    "Nd7",
    "Rcd1",
    "Nb6",
    "Qb3",
    "Nd7",
    "Qe3"
  ]
}