{
  "event": "Petrosian Memorial",
  "site": "Moscow RUS",
  "date": "2014.11.06",
  "eventDate": "2014.11.03",
  "dateMillis": 1415203200000,
  "eventDateMillis": 1414944000000,
  "round": "3",
  "result": "1/2-1/2",
  "white": "Levon Aronian",
  "black": "Ding Liren",
  "isDingWin": false,
  "isDraw": true,
  "isDingBlack": true,
  "moves": [
    "c4",
    "g6",
    "d4",
    "Nf6",
    "g3",
    "c6",
    "Nf3",
    "Bg7",
    "Bg2",
    "d5",
    "cxd5",
    "cxd5",
    "Ne5",
    "Ne4",
    "Nd2",
    "Nd7",
    "Nxe4",
    "dxe4",
    "Bf4",
    "Qa5+",
    "Bd2",
    "Qd5",
    "Bc3",
    "f5",
    "f3",
    "O-O",
    "O-O",
    "Nxe5",
    "fxe4",
    "fxe4",
    "Rxf8+",
    "Kxf8",
    "dxe5",
    "Be6",
    "Qd4",
    "Qxd4+",
    "Bxd4",
    "Bd5",
    "Rc1",
    "Ke8",
    "h4",
    "Rd8",
    "a3",
    "e6",
    "e3",
    "Kd7",
    "Rf1",
    "Ke8",
    "Rf4",
    "Bh6",
    "Rf2",
    "a6",
    "Rc2",
    "Kd7",
    "g4",
    "Bf8",
    "Rf2",
    "Ke8",
    "Rf4",
    "Be7",
    "g5",
    "Rc8",
    "Bxe4",
    "Bxe4",
    "Rxe4",
    "Rc2",
    "Rf4",
    "b5",
    "Kf1",
    "a5",
    "Ke1",
    "b4",
    "axb4",
    "Bxb4+",
    "Kd1",
    "Rc6",
    "b3",
    "Ra6",
    "Bb2",
    "Rc6",
    "Rf2",
    "Rc5",
    "Bd4",
    "Rc7",
    "Rh2",
    "Rc6",
    "Rh1",
    "Bc3",
    "Ke2",
    "Bb4",
    "Kd3",
    "Rc7",
    "Ra1",
    "Rc6",
    "Bb2",
    "Rc7",
    "Ba3",
    "Rc3+",
    "Kd4",
    "Rxb3",
    "Bxb4",
    "axb4",
    "Ra8+",
    "Kf7",
    "Ra7+",
    "Kf8",
    "Rxh7",
    "Rb1",
    "Rb7",
    "b3",
    "Rb4",
    "Ke7",
    "Kc3",
    "Re1",
    "Re4",
    "Rb1",
    "Kb4",
    "Kd7",
    "Rd4+",
    "Ke7",
    "Ka3",
    "Re1",
    "Re4",
    "Rb1",
    "Rb4",
    "Kd7",
    "Rxb3",
    "Rh1",
    "Kb4",
    "Kc6",
    "Rc3+",
    "Kd5",
    "Rc5+",
    "Ke4",
    "Kb5",
    "Kf5",
    "Rc4",
    "Rh3",
    "e4+",
    "Kxe5",
    "Kc6",
    "Rxh4",
    "Rc5+",
    "Kd4",
    "Kd6",
    "Rxe4",
    "Ra5",
    "Re1",
    "Ra4+",
    "Kd3",
    "Ra5",
    "Kd4",
    "Ra4+",
    "Kd3",
    "Ra5"
  ]
}