{
  "event": "Petrosian Memorial",
  "site": "Moscow RUS",
  "date": "2014.11.10",
  "eventDate": "2014.11.03",
  "dateMillis": 1415548800000,
  "eventDateMillis": 1414944000000,
  "round": "6",
  "result": "1/2-1/2",
  "white": "Ding Liren",
  "black": "Boris Gelfand",
  "isDingWin": false,
  "isDraw": true,
  "isDingBlack": false,
  "moves": [
    "d4",
    "Nf6",
    "c4",
    "g6",
    "g3",
    "c6",
    "Bg2",
    "d5",
    "Nf3",
    "Bg7",
    "O-O",
    "O-O",
    "b3",
    "dxc4",
    "bxc4",
    "c5",
    "Bb2",
    "Qb6",
    "Qc1",
    "cxd4",
    "Nxd4",
    "Nc6",
    "Nxc6",
    "bxc6",
    "Nd2",
    "Bg4",
    "Nb3",
    "Bxe2",
    "Re1",
    "Bd3",
    "c5",
    "Qa6",
    "Rxe7",
    "Rae8",
    "Re1",
    "Bc4",
    "Rxe8",
    "Rxe8",
    "Bxc6",
    "Qxc6",
    "Qxc4",
    "Ne4",
    "Na5",
    "Qxc5",
    "Qxc5",
    "Nxc5",
    "Bxg7",
    "Kxg7",
    "Rc1",
    "Ne6",
    "Nb3",
    "Kf6",
    "Kf1",
    "Ke5",
    "Nc5",
    "Nxc5",
    "Rxc5+",
    "Kf6",
    "Ra5",
    "Re7",
    "g4",
    "g5",
    "Ra6+",
    "Kg7",
    "Kg2",
    "f6",
    "Kg3",
    "Rc7",
    "a4",
    "Kg6",
    "a5",
    "Rb7",
    "f3",
    "Rb3",
    "h3",
    "Ra3",
    "Rxa7",
    "h5",
    "Kf2",
    "Ra2+",
    "Ke3",
    "Ra3+",
    "Ke4",
    "Ra4+",
    "Kd5",
    "Ra3",
    "a6",
    "hxg4",
    "fxg4",
    "Rxh3",
    "Rc7",
    "Ra3",
    "a7",
    "f5",
    "Rc6+"
  ]
}