{
  "event": "Petrosian Memorial",
  "site": "Moscow RUS",
  "date": "2014.11.08",
  "eventDate": "2014.11.03",
  "dateMillis": 1415376000000,
  "eventDateMillis": 1414944000000,
  "round": "4",
  "result": "1/2-1/2",
  "white": "Ding Liren",
  "black": "Alexander Grischuk",
  "isDingWin": false,
  "isDraw": true,
  "isDingBlack": false,
  "moves": [
    "d4",
    "Nf6",
    "c4",
    "g6",
    "g3",
    "c5",
    "Nf3",
    "cxd4",
    "Nxd4",
    "Bg7",
    "Bg2",
    "O-O",
    "Nc3",
    "Qc7",
    "Qd3",
    "Nc6",
    "O-O",
    "d6",
    "b3",
    "Nxd4",
    "Qxd4",
    "Ne4",
    "Nd5",
    "Bxd4",
    "Nxc7",
    "Rb8",
    "Bxe4",
    "Bxa1",
    "Be3",
    "Be5",
    "f4",
    "Bf6",
    "Bxa7",
    "Bh3",
    "Rd1",
    "Ra8",
    "Nxa8",
    "Rxa8",
    "Be3",
    "Rxa2",
    "Kf2",
    "Rb2",
    "Rb1",
    "Ra2",
    "Bxb7",
    "Bf5",
    "Rc1",
    "Rb2",
    "c5",
    "dxc5",
    "Rxc5",
    "Rxb3",
    "Bf3",
    "Rc3",
    "Rxc3",
    "Bxc3",
    "Bc5",
    "e5",
    "e3",
    "exf4",
    "exf4",
    "h5",
    "Ke3",
    "Bb2",
    "Kf2",
    "Bc3",
    "Ke3",
    "Bb2",
    "Kf2"
  ]
}