{
  "event": "Qatar Masters",
  "site": "Doha QAT",
  "date": "2014.11.26",
  "eventDate": "2014.11.26",
  "dateMillis": 1416931200000,
  "eventDateMillis": 1416931200000,
  "round": "1.5",
  "result": "1-0",
  "white": "Ding Liren",
  "black": "Mohamad Naser Al Sayed",
  "isDingWin": true,
  "isDraw": false,
  "isDingBlack": false,
  "moves": [
    "d4",
    "Nf6",
    "c4",
    "g6",
    "Nc3",
    "Bg7",
    "e4",
    "d6",
    "Nf3",
    "O-O",
    "h3",
    "e5",
    "d5",
    "a5",
    "g4",
    "Na6",
    "Be3",
    "Nc5",
    "Nd2",
    "c6",
    "Be2",
    "a4",
    "g5",
    "Ne8",
    "h4",
    "f5",
    "f3",
    "Qb6",
    "Qc2",
    "a3",
    "b3",
    "Qa5",
    "h5",
    "Nc7",
    "h6",
    "Bh8",
    "b4",
    "Qxb4",
    "Rb1",
    "Qa5",
    "Nb3",
    "Nxb3",
    "Qxb3",
    "c5",
    "Bd2",
    "Na6",
    "Qb6",
    "Nb4",
    "Qxa5",
    "Rxa5",
    "Nb5",
    "Rxb5",
    "cxb5",
    "Nc2+",
    "Kd1",
    "Nd4",
    "Rf1",
    "fxe4",
    "fxe4",
    "Rxf1+",
    "Bxf1",
    "Bg4+",
    "Kc1",
    "Bf3",
    "Bd3",
    "c4",
    "Bxc4",
    "Bxe4",
    "Rb4"
  ]
}