{
  "event": "Qatar Masters",
  "site": "Doha QAT",
  "date": "2014.12.01",
  "eventDate": "2014.11.26",
  "dateMillis": 1417363200000,
  "eventDateMillis": 1416931200000,
  "round": "6.8",
  "result": "1/2-1/2",
  "white": "Evgeny Romanov",
  "black": "Ding Liren",
  "isDingWin": false,
  "isDraw": true,
  "isDingBlack": true,
  "moves": [
    "d4",
    "Nf6",
    "Nf3",
    "g6",
    "Bg5",
    "Bg7",
    "Nbd2",
    "O-O",
    "c3",
    "d6",
    "e4",
    "c5",
    "dxc5",
    "dxc5",
    "Be2",
    "Nc6",
    "O-O",
    "Qc7",
    "Re1",
    "Rd8",
    "Qc2",
    "b6",
    "Nc4",
    "h6",
    "Bh4",
    "Nh5",
    "Ne3",
    "g5",
    "Bg3",
    "Nxg3",
    "hxg3",
    "e6",
    "Rad1",
    "Bb7",
    "a4",
    "Rxd1",
    "Rxd1",
    "Rd8",
    "Rxd8+",
    "Qxd8",
    "Nd2",
    "Ne5",
    "Ndc4",
    "Nxc4",
    "Nxc4",
    "Bc6",
    "Na3",
    "Be5",
    "Bb5",
    "Bb7",
    "Qe2",
    "Kg7",
    "Bd3",
    "Bb8",
    "g4",
    "Qd6",
    "g3",
    "Qc6",
    "Qd1",
    "Qd7",
    "Qc2",
    "f5",
    "Qe2",
    "Qc6",
    "Kf1",
    "fxe4",
    "Bb5",
    "Qd5",
    "Bc4",
    "Qd7",
    "Bb5",
    "Qf7",
    "Ke1",
    "Qf3",
    "Qxf3",
    "exf3",
    "Kd2",
    "e5",
    "Bd7",
    "e4",
    "Ke3",
    "Bd5",
    "Bf5",
    "Bb3",
    "a5",
    "bxa5",
    "Bxe4",
    "Kf6",
    "Bxf3",
    "Ke6",
    "Kd3",
    "Bc7",
    "Nb5",
    "Bb6",
    "c4",
    "Bd8",
    "Nc3",
    "Bf6",
    "Bd1",
    "Bxc3",
    "Bxb3",
    "Bxb2"
  ]
}