{
  "event": "Qatar Masters",
  "site": "Doha QAT",
  "date": "2014.11.28",
  "eventDate": "2014.11.26",
  "dateMillis": 1417104000000,
  "eventDateMillis": 1416931200000,
  "round": "3.29",
  "result": "1-0",
  "white": "Ding Liren",
  "black": "Pavel Potapov",
  "isDingWin": true,
  "isDraw": false,
  "isDingBlack": false,
  "moves": [
    "d4",
    "f5",
    "g3",
    "Nf6",
    "Bg2",
    "g6",
    "Nf3",
    "Bg7",
    "O-O",
    "O-O",
    "c4",
    "d6",
    "Nc3",
    "c6",
    "Rb1",
    "Qc7",
    "d5",
    "Na6",
    "Nd4",
    "Bd7",
    "dxc6",
    "bxc6",
    "b4",
    "e5",
    "Nc2",
    "Rad8",
    "Bb2",
    "e4",
    "Qc1",
    "Be6",
    "Nd4",
    "Bf7",
    "b5",
    "Nb8",
    "a4",
    "c5",
    "Nb3",
    "Nbd7",
    "Nd2",
    "Ne5",
    "Qc2",
    "Bh6",
    "e3",
    "Bg7",
    "Ne2",
    "g5",
    "Bxe5",
    "dxe5",
    "Nc3",
    "Rd7",
    "Rfc1",
    "Rfd8",
    "Nd5",
    "Nxd5",
    "cxd5",
    "Bxd5",
    "Bf1",
    "f4",
    "Bc4",
    "Kh8",
    "Bxd5",
    "Rxd5",
    "Nxe4",
    "Qe7",
    "a5",
    "g4",
    "b6",
    "axb6",
    "axb6",
    "fxe3",
    "fxe3",
    "Bh6",
    "Rb3",
    "Qb7",
    "Nxc5",
    "Rxc5",
    "Qxc5",
    "Qf3",
    "Qc3",
    "Rf8",
    "Qe1",
    "Qd5",
    "Rcb1",
    "Rb8",
    "e4",
    "Qd4+",
    "Kg2",
    "Rc8",
    "b7",
    "Rb8",
    "Qe2"
  ]
}