{
  "event": "Qatar Masters",
  "site": "Doha QAT",
  "date": "2014.11.29",
  "eventDate": "2014.11.26",
  "dateMillis": 1417190400000,
  "eventDateMillis": 1416931200000,
  "round": "4.14",
  "result": "1/2-1/2",
  "white": "Kamil Miton",
  "black": "Ding Liren",
  "isDingWin": false,
  "isDraw": true,
  "isDingBlack": true,
  "moves": [
    "e4",
    "c6",
    "d4",
    "d5",
    "Nc3",
    "dxe4",
    "Nxe4",
    "Bf5",
    "Ng3",
    "Bg6",
    "Nh3",
    "Nf6",
    "Nf4",
    "Nbd7",
    "Bc4",
    "e6",
    "O-O",
    "Bd6",
    "Re1",
    "Qc7",
    "Qf3",
    "O-O",
    "Nxg6",
    "hxg6",
    "Bg5",
    "c5",
    "dxc5",
    "Qxc5",
    "Bxf6",
    "Nxf6",
    "Bb3",
    "Qc7",
    "Rad1",
    "Rad8",
    "Qe2",
    "b6",
    "c3",
    "a5",
    "a4",
    "g5",
    "Rd3",
    "g6",
    "Red1",
    "Kg7",
    "Nf1",
    "Bc5",
    "Rxd8",
    "Rxd8",
    "Rxd8",
    "Qxd8",
    "Nd2",
    "Qd6",
    "g3",
    "Nd7",
    "Ne4",
    "Qe5",
    "Bc4",
    "Nf6",
    "Nxf6",
    "Qxf6",
    "h3",
    "e5",
    "Bd5",
    "Qd6",
    "Qc4",
    "f5",
    "Kg2",
    "e4",
    "b4",
    "axb4",
    "cxb4",
    "Bxb4",
    "Qc6",
    "Kf6",
    "Qxd6+",
    "Bxd6",
    "Bc6",
    "Ke5",
    "Be8",
    "Kf6",
    "Bc6",
    "Bc5",
    "Kf1",
    "Ke5",
    "Be8",
    "f4",
    "gxf4+",
    "Kxf4"
  ]
}