{
  "event": "Qatar Masters",
  "site": "Doha QAT",
  "date": "2014.11.27",
  "eventDate": "2014.11.26",
  "dateMillis": 1417017600000,
  "eventDateMillis": 1416931200000,
  "round": "2.4",
  "result": "1-0",
  "white": "Robin van Kampen",
  "black": "Ding Liren",
  "isDingWin": false,
  "isDraw": false,
  "isDingBlack": true,
  "moves": [
    "e4",
    "e5",
    "Nf3",
    "Nc6",
    "Bb5",
    "a6",
    "Ba4",
    "Nf6",
    "O-O",
    "Be7",
    "Re1",
    "b5",
    "Bb3",
    "d6",
    "c3",
    "O-O",
    "h3",
    "Re8",
    "d4",
    "Bb7",
    "Nbd2",
    "Bf8",
    "d5",
    "Nb8",
    "Nf1",
    "Nbd7",
    "N3h2",
    "c6",
    "dxc6",
    "Bxc6",
    "Bg5",
    "Qc7",
    "Qf3",
    "a5",
    "Bxf6",
    "Nxf6",
    "Ng4",
    "Nxg4",
    "hxg4",
    "a4",
    "Bc2",
    "Re6",
    "Rad1",
    "a3",
    "b4",
    "Bd7",
    "Rd3",
    "Rf6",
    "Qd1",
    "Be6",
    "Bb3",
    "Qa7",
    "Ne3",
    "g6",
    "Qe2",
    "Bxb3",
    "axb3",
    "a2",
    "Ra1",
    "Bh6",
    "Nd5",
    "Re6",
    "Rdd1",
    "Bg5",
    "Qxb5",
    "Ree8",
    "Qe2",
    "Kg7",
    "b5",
    "Reb8",
    "Nb4",
    "Qc5",
    "Na6",
    "Qxb5",
    "Qxb5",
    "Rxb5",
    "Nc7"
  ]
}