{
  "event": "Qatar Masters",
  "site": "Doha QAT",
  "date": "2014.11.30",
  "eventDate": "2014.11.26",
  "dateMillis": 1417276800000,
  "eventDateMillis": 1416931200000,
  "round": "5.17",
  "result": "1-0",
  "white": "Ding Liren",
  "black": "Surya Shekhar Ganguly",
  "isDingWin": true,
  "isDraw": false,
  "isDingBlack": false,
  "moves": [
    "c4",
    "Nf6",
    "d4",
    "g6",
    "g3",
    "c6",
    "Bg2",
    "d5",
    "e3",
    "Bg7",
    "Ne2",
    "dxc4",
    "Na3",
    "O-O",
    "Nxc4",
    "Nbd7",
    "O-O",
    "Nb6",
    "b3",
    "c5",
    "Ba3",
    "cxd4",
    "Nxd4",
    "Nxc4",
    "bxc4",
    "Qc7",
    "Rc1",
    "a6",
    "c5",
    "Rd8",
    "c6",
    "b5",
    "Bxe7",
    "Qxe7",
    "c7",
    "Rd5",
    "Nc6",
    "Qxc7",
    "Bxd5",
    "Nxd5",
    "Qxd5",
    "Bb7",
    "Rfd1",
    "Rc8",
    "Ne7+",
    "Qxe7",
    "Rxc8+",
    "Bxc8",
    "Qd8+",
    "Qf8",
    "Qb6",
    "Be6",
    "Rd8",
    "Bxa2",
    "Rxf8+",
    "Bxf8",
    "Qxa6",
    "Bc4",
    "e4",
    "Bd3",
    "f3",
    "h5",
    "Kg2",
    "Kg7",
    "e5",
    "Bc4",
    "Qc6",
    "Kg8",
    "f4",
    "Be7",
    "Kf3",
    "Bf8",
    "Ke3",
    "Be7",
    "Kd4",
    "Bf8",
    "Qd7",
    "Ba3",
    "f5",
    "gxf5",
    "Qxf5",
    "Be6",
    "Qg5+",
    "Kf8",
    "Qxh5",
    "b4",
    "Qh8+",
    "Ke7",
    "Qb8",
    "Bb2+",
    "Kc5",
    "b3",
    "Qd6+",
    "Ke8",
    "Kb6"
  ]
}