{
  "event": "Qatar Masters",
  "site": "Doha QAT",
  "date": "2014.12.02",
  "eventDate": "2014.11.26",
  "dateMillis": 1417449600000,
  "eventDateMillis": 1416931200000,
  "round": "7.9",
  "result": "1/2-1/2",
  "white": "Ding Liren",
  "black": "Abhijeet Gupta",
  "isDingWin": false,
  "isDraw": true,
  "isDingBlack": false,
  "moves": [
    "d4",
    "Nf6",
    "c4",
    "g6",
    "f3",
    "d5",
    "cxd5",
    "Nxd5",
    "e4",
    "Nb6",
    "Nc3",
    "Bg7",
    "Be3",
    "O-O",
    "Qd2",
    "e5",
    "d5",
    "c6",
    "h4",
    "cxd5",
    "exd5",
    "h5",
    "g4",
    "Na6",
    "Bh6",
    "Bxh6",
    "Qxh6",
    "Nb4",
    "Rd1",
    "N6xd5",
    "Nxd5",
    "Nxd5",
    "gxh5",
    "Qa5+",
    "Rd2",
    "Nf4",
    "hxg6",
    "fxg6",
    "Bc4+",
    "Be6",
    "Bxe6+",
    "Nxe6",
    "Qxg6+",
    "Ng7",
    "Ne2",
    "Rad8",
    "Nc3",
    "Rxd2",
    "Kxd2",
    "Rxf3",
    "Rg1",
    "Qd8+",
    "Ke2",
    "Rf7",
    "Rg4",
    "Qd7",
    "Qe4",
    "Kf8",
    "Qb4+",
    "Kg8",
    "Qe4",
    "Kf8",
    "Rg5",
    "Ne6",
    "Qb4+",
    "Re7",
    "Rg3"
  ]
}