{
  "event": "Qatar Masters",
  "site": "Doha QAT",
  "date": "2014.12.03",
  "eventDate": "2014.11.26",
  "dateMillis": 1417536000000,
  "eventDateMillis": 1416931200000,
  "round": "8.11",
  "result": "0-1",
  "white": "Daniil Dubov",
  "black": "Ding Liren",
  "isDingWin": true,
  "isDraw": false,
  "isDingBlack": true,
  "moves": [
    "Nf3",
    "Nf6",
    "g3",
    "g6",
    "b3",
    "Bg7",
    "Bb2",
    "O-O",
    "Bg2",
    "d6",
    "d4",
    "c5",
    "c4",
    "Qa5+",
    "Bc3",
    "Qc7",
    "Nbd2",
    "Re8",
    "d5",
    "e6",
    "dxe6",
    "Bxe6",
    "O-O",
    "Nc6",
    "Qc1",
    "d5",
    "cxd5",
    "Bxd5",
    "Re1",
    "Rad8",
    "Qb2",
    "Qe7",
    "Rac1",
    "b5",
    "Qa1",
    "a6",
    "Bb2",
    "Nh5",
    "Bxg7",
    "Nxg7",
    "Qc3",
    "Nd4",
    "Nxd4",
    "cxd4",
    "Qc5",
    "Qe6",
    "e4",
    "Ba8",
    "Bf1",
    "Qf6",
    "Bd3",
    "Ne6",
    "Qa7",
    "Qg5",
    "Nf3",
    "Qh5",
    "Nd2",
    "Qg5",
    "Nf3",
    "Qh5",
    "Nd2",
    "Ng5",
    "h4",
    "Nf3+",
    "Nxf3",
    "Qxf3",
    "Rcd1",
    "Rxe4",
    "Bxe4",
    "Bxe4",
    "Rxe4",
    "Qxe4",
    "Qb6",
    "Qd5",
    "Qxa6",
    "Qf3",
    "Rf1",
    "d3",
    "Qa5",
    "Ra8",
    "Qxb5",
    "d2",
    "Qd7",
    "Qe2",
    "h5",
    "gxh5",
    "Qd5",
    "Ra6",
    "Qg5+",
    "Kh8",
    "Qd8+",
    "Kg7",
    "Qd4+",
    "Kg6",
    "f4",
    "h6",
    "f5+",
    "Kh7",
    "Qd5",
    "Rf6",
    "Qd7",
    "h4",
    "gxh4",
    "Qg4+",
    "Kh2",
    "Qxh4+",
    "Kg2",
    "Qg4+",
    "Kh2",
    "Qe2+",
    "Kg1",
    "h5",
    "Qd5",
    "h4",
    "Qd4",
    "h3",
    "Qh4+",
    "Rh6"
  ]
}