{
  "event": "Tata Steel Masters",
  "site": "Rotterdam NED",
  "date": "2015.01.15",
  "eventDate": "2015.01.09",
  "dateMillis": 1421251200000,
  "eventDateMillis": 1420732800000,
  "round": "5",
  "result": "1/2-1/2",
  "white": "Ding Liren",
  "black": "Vassily Ivanchuk",
  "isDingWin": false,
  "isDraw": true,
  "isDingBlack": false,
  "moves": [
    "d4",
    "d5",
    "c4",
    "c6",
    "Nf3",
    "e6",
    "e3",
    "Nf6",
    "b3",
    "b6",
    "Bb2",
    "Bb7",
    "Nc3",
    "Nbd7",
    "g3",
    "g6",
    "Bg2",
    "Bg7",
    "O-O",
    "O-O",
    "Qe2",
    "Qe7",
    "a4",
    "a5",
    "Ba3",
    "c5",
    "Rac1",
    "Rfd8",
    "Rfd1",
    "Rac8",
    "Nb5",
    "Ne4",
    "Nd2",
    "Ndf6",
    "Nxe4",
    "Nxe4",
    "Bxe4",
    "dxe4",
    "dxc5",
    "bxc5",
    "Rxd8+",
    "Rxd8",
    "Rd1",
    "Bf8",
    "Bb2",
    "Bg7",
    "Ba3",
    "Bf8",
    "Bb2",
    "Bg7",
    "Ba3"
  ]
}