{
  "event": "Tata Steel Masters",
  "site": "Wijk aan Zee NED",
  "date": "2015.01.13",
  "eventDate": "2015.01.09",
  "dateMillis": 1421078400000,
  "eventDateMillis": 1420732800000,
  "round": "4",
  "result": "0-1",
  "white": "Teimour Radjabov",
  "black": "Ding Liren",
  "isDingWin": true,
  "isDraw": false,
  "isDingBlack": true,
  "moves": [
    "d4",
    "Nf6",
    "c4",
    "g6",
    "Nc3",
    "Bg7",
    "e4",
    "d6",
    "Nf3",
    "O-O",
    "h3",
    "e5",
    "d5",
    "Nh5",
    "g3",
    "f5",
    "exf5",
    "gxf5",
    "Ng5",
    "Qe8",
    "Be2",
    "Nf6",
    "Be3",
    "Na6",
    "Qd2",
    "Bd7",
    "O-O-O",
    "h6",
    "Nf3",
    "Nc5",
    "Nh4",
    "Nce4",
    "Nxe4",
    "Nxe4",
    "Qc2",
    "Ng5",
    "Bd3",
    "e4",
    "Be2",
    "Rc8",
    "Kb1",
    "c5",
    "dxc6",
    "Rxc6",
    "Qd2",
    "Be6",
    "Bxg5",
    "hxg5",
    "Qxg5",
    "Ra6",
    "Rd2",
    "b5",
    "Rc1",
    "Qf7",
    "Ng6",
    "Bf6",
    "Qh6",
    "Rb8",
    "Nf4",
    "Bxc4",
    "Rxc4",
    "bxc4",
    "Nd5",
    "Bg7",
    "Qg5",
    "c3",
    "Bc4",
    "cxd2",
    "Nf6+",
    "Kf8",
    "Nh7+",
    "Ke8",
    "Bxf7+",
    "Kxf7",
    "Qxf5+",
    "Kg8",
    "Kc2",
    "Rxb2+",
    "Kd1",
    "Rb1+"
  ]
}