{
  "event": "Tata Steel Masters",
  "site": "Wijk aan Zee NED",
  "date": "2015.01.18",
  "eventDate": "2015.01.09",
  "dateMillis": 1421510400000,
  "eventDateMillis": 1420732800000,
  "round": "8",
  "result": "1-0",
  "white": "Ding Liren",
  "black": "Ivan Saric",
  "isDingWin": true,
  "isDraw": false,
  "isDingBlack": false,
  "moves": [
    "d4",
    "d5",
    "c4",
    "c6",
    "Nf3",
    "Nf6",
    "e3",
    "Bg4",
    "Qb3",
    "Qb6",
    "Nc3",
    "e6",
    "Nh4",
    "Bh5",
    "h3",
    "Be7",
    "g4",
    "Bg6",
    "Nxg6",
    "hxg6",
    "Bg2",
    "g5",
    "O-O",
    "Nbd7",
    "Rd1",
    "Rd8",
    "cxd5",
    "exd5",
    "Qc2",
    "Nf8",
    "e4",
    "Ne6",
    "Be3",
    "Kf8",
    "e5",
    "Nh7",
    "b4",
    "Kg8",
    "b5",
    "Nf4",
    "Bxf4",
    "gxf4",
    "bxc6",
    "Qxc6",
    "Qb3",
    "f3",
    "Bxf3",
    "Ng5",
    "Bg2",
    "Nxh3+",
    "Bxh3",
    "Rxh3",
    "Nxd5",
    "Qxd5",
    "Qxh3",
    "Qe4",
    "Rac1",
    "Bg5",
    "Rc3",
    "Bf4",
    "Qd3",
    "Qd5",
    "Qf5",
    "Bxe5",
    "Rc8",
    "f6",
    "Rdc1"
  ]
}