{
  "event": "Tata Steel Masters",
  "site": "Wijk aan Zee NED",
  "date": "2015.01.24",
  "eventDate": "2015.01.09",
  "dateMillis": 1422028800000,
  "eventDateMillis": 1420732800000,
  "round": "12",
  "result": "1/2-1/2",
  "white": "Ding Liren",
  "black": "Magnus Carlsen",
  "isDingWin": false,
  "isDraw": true,
  "isDingBlack": false,
  "moves": [
    "d4",
    "Nf6",
    "c4",
    "e6",
    "Nf3",
    "d5",
    "Nc3",
    "Be7",
    "Bf4",
    "O-O",
    "e3",
    "b6",
    "Bd3",
    "dxc4",
    "Bxc4",
    "Ba6",
    "Qe2",
    "Qc8",
    "O-O",
    "c5",
    "Nb5",
    "Nbd7",
    "Rac1",
    "Qb7",
    "dxc5",
    "Nxc5",
    "b4",
    "Nce4",
    "Nfd4",
    "Rac8",
    "a3",
    "Nd5",
    "Bd3",
    "Bxb5",
    "Nxb5",
    "Nxf4",
    "exf4",
    "Nf6",
    "f5",
    "exf5",
    "Bxf5",
    "Rxc1",
    "Rxc1",
    "a5",
    "Rc7",
    "Qd5",
    "Bd3",
    "Bd8",
    "Bc4",
    "Qg5",
    "Rxf7",
    "Qc1+",
    "Qf1",
    "Qxf1+",
    "Kxf1",
    "Rxf7",
    "Nd6",
    "axb4",
    "Nxf7",
    "Be7",
    "Nd8+",
    "Kf8",
    "Ne6+",
    "Kf7",
    "Nc7+",
    "Kg6",
    "axb4",
    "Bxb4",
    "Nd5",
    "Nxd5",
    "Bxd5"
  ]
}