{
  "event": "Tata Steel Masters",
  "site": "Wijk aan Zee NED",
  "date": "2015.01.25",
  "eventDate": "2015.01.09",
  "dateMillis": 1422115200000,
  "eventDateMillis": 1420732800000,
  "round": "13",
  "result": "0-1",
  "white": "Levon Aronian",
  "black": "Ding Liren",
  "isDingWin": true,
  "isDraw": false,
  "isDingBlack": true,
  "moves": [
    "c4",
    "g6",
    "d4",
    "Nf6",
    "Nc3",
    "Bg7",
    "e4",
    "d6",
    "Nf3",
    "O-O",
    "h3",
    "e5",
    "d5",
    "Nh5",
    "g3",
    "f5",
    "exf5",
    "gxf5",
    "Ng5",
    "Qe8",
    "c5",
    "Nf6",
    "Bb5",
    "Qe7",
    "g4",
    "Na6",
    "Ne6",
    "Bxe6",
    "dxe6",
    "Nxc5",
    "g5",
    "Ne8",
    "Nd5",
    "Qxe6",
    "b4",
    "Ne4",
    "Bxe8",
    "Qxe8",
    "f3",
    "Ng3",
    "Rg1",
    "f4",
    "Nxc7",
    "Qe7",
    "Qb3+",
    "Kh8",
    "Ne6",
    "Rfe8",
    "Nxg7",
    "Kxg7",
    "Bb2",
    "Qxg5",
    "Rd1",
    "Rad8",
    "Rd5",
    "Qf5",
    "Kd2",
    "Qxh3",
    "Kc1",
    "Qf5",
    "Bc3",
    "h5",
    "Kb2",
    "h4",
    "Qd1",
    "h3",
    "Qd2",
    "Kf7",
    "Re1",
    "Qf6",
    "Qc2",
    "Nf5",
    "Rd2",
    "Rg8",
    "Qe4",
    "b6",
    "Rh1",
    "Rh8",
    "Qb7+",
    "Qe7",
    "Qa6",
    "Ng3",
    "Rhh2",
    "Rd7",
    "Rc2",
    "Rc7",
    "Qd3",
    "Qe6",
    "Ka3",
    "Nf5",
    "Bd2",
    "Rxc2",
    "Qxc2",
    "Nd4",
    "Qd3",
    "Qd5",
    "Kb2",
    "b5",
    "Bc3",
    "Qxf3",
    "Qb1",
    "Qg3",
    "Rd2",
    "h2",
    "Bxd4",
    "h1=Q",
    "Qf5+",
    "Ke7",
    "Qc2",
    "Qd5"
  ]
}