{
  "event": "Tata Steel Masters",
  "site": "Wijk aan Zee NED",
  "date": "2015.01.12",
  "eventDate": "2015.01.09",
  "dateMillis": 1420992000000,
  "eventDateMillis": 1420732800000,
  "round": "3",
  "result": "1-0",
  "white": "Ding Liren",
  "black": "Baadur Aleksandrovich Jobava",
  "isDingWin": true,
  "isDraw": false,
  "isDingBlack": false,
  "moves": [
    "d4",
    "d6",
    "Nf3",
    "Nf6",
    "c4",
    "Bf5",
    "Nc3",
    "h6",
    "g3",
    "Nbd7",
    "Bg2",
    "c6",
    "d5",
    "c5",
    "O-O",
    "g5",
    "h4",
    "g4",
    "Ne1",
    "Bg7",
    "e4",
    "Bh7",
    "Nd3",
    "a6",
    "a4",
    "Qc7",
    "Be3",
    "O-O-O",
    "Rb1",
    "e6",
    "b4",
    "exd5",
    "bxc5",
    "dxc4",
    "e5",
    "Nxe5",
    "Rxb7",
    "Qa5",
    "Nxe5",
    "dxe5",
    "Qa1",
    "Rd3",
    "Qb2"
  ]
}