{
  "event": "Tata Steel Masters",
  "site": "Wijk aan Zee NED",
  "date": "2015.01.10",
  "eventDate": "2015.01.09",
  "dateMillis": 1420819200000,
  "eventDateMillis": 1420732800000,
  "round": "1",
  "result": "0-1",
  "white": "Ding Liren",
  "black": "Fabiano Caruana",
  "isDingWin": false,
  "isDraw": false,
  "isDingBlack": false,
  "moves": [
    "d4",
    "Nf6",
    "c4",
    "g6",
    "g3",
    "c6",
    "Bg2",
    "d5",
    "Nf3",
    "Bg7",
    "O-O",
    "O-O",
    "b3",
    "dxc4",
    "bxc4",
    "c5",
    "Bb2",
    "Qb6",
    "Qc1",
    "cxd4",
    "Nxd4",
    "Nc6",
    "Nxc6",
    "bxc6",
    "Nd2",
    "Bf5",
    "Nb3",
    "Rac8",
    "e4",
    "Be6",
    "e5",
    "Nd7",
    "Re1",
    "c5",
    "Nd2",
    "Qa6",
    "Re3",
    "Rb8",
    "Ra3",
    "Qb6",
    "Rb3",
    "Qc7",
    "f4",
    "Nb6",
    "Rb1",
    "Rbd8",
    "Bc3",
    "Qd7",
    "Bf1",
    "Bf5",
    "Ra1",
    "f6",
    "exf6",
    "exf6",
    "Rb5",
    "Na4",
    "Nb3",
    "Nxc3",
    "Qxc3",
    "Be4",
    "f5",
    "Qxf5",
    "Re1",
    "Rfe8",
    "Rxc5",
    "Qd7",
    "Qc1",
    "f5",
    "Qf4",
    "Re7",
    "h4",
    "a5",
    "Rxa5",
    "Bc3",
    "Rd5",
    "Qa7+",
    "Kh2",
    "Rxd5",
    "cxd5",
    "Bxe1"
  ]
}