{
  "event": "Tata Steel Masters",
  "site": "Den Haag NED",
  "date": "2015.01.21",
  "eventDate": "2015.01.09",
  "dateMillis": 1421769600000,
  "eventDateMillis": 1420732800000,
  "round": "10",
  "result": "1/2-1/2",
  "white": "Ding Liren",
  "black": "Wesley So",
  "isDingWin": false,
  "isDraw": true,
  "isDingBlack": false,
  "moves": [
    "d4",
    "d5",
    "c4",
    "e6",
    "Nc3",
    "Be7",
    "cxd5",
    "exd5",
    "Bf4",
    "c6",
    "e3",
    "Bf5",
    "g4",
    "Be6",
    "h4",
    "Bxh4",
    "Qb3",
    "g5",
    "Be5",
    "f6",
    "Bh2",
    "Bxg4",
    "Qxb7",
    "Qe7",
    "Qxa8",
    "Qxe3+",
    "Be2",
    "Bxf2+",
    "Kf1",
    "Bh4",
    "Qxb8+",
    "Kf7",
    "Nd1",
    "Bxe2+",
    "Nxe2",
    "Qf3+",
    "Kg1",
    "Qxe2",
    "Bg3",
    "Qg4",
    "Kg2",
    "Qe4+",
    "Kg1",
    "Qg4",
    "Kg2",
    "Qe4+",
    "Kg1",
    "Qg4"
  ]
}