{
  "event": "Tata Steel Masters",
  "site": "Wijk aan Zee NED",
  "date": "2015.01.11",
  "eventDate": "2015.01.09",
  "dateMillis": 1420905600000,
  "eventDateMillis": 1420732800000,
  "round": "2",
  "result": "0-1",
  "white": "Yifan Hou",
  "black": "Ding Liren",
  "isDingWin": true,
  "isDraw": false,
  "isDingBlack": true,
  "moves": [
    "e4",
    "c6",
    "d4",
    "d5",
    "exd5",
    "cxd5",
    "c4",
    "Nf6",
    "Nc3",
    "Nc6",
    "Bg5",
    "Be6",
    "Nge2",
    "dxc4",
    "Nf4",
    "Nxd4",
    "Nxe6",
    "Nxe6",
    "Bxc4",
    "Qxd1+",
    "Rxd1",
    "a6",
    "Bxe6",
    "fxe6",
    "O-O",
    "h6",
    "Bc1",
    "g5",
    "f4",
    "g4",
    "Na4",
    "Rc8",
    "b4",
    "Kf7",
    "Nc5",
    "b6",
    "Nd3",
    "Nd7",
    "Be3",
    "b5",
    "Ne5+",
    "Nxe5",
    "fxe5+",
    "Kg6",
    "Rd7",
    "Bg7",
    "Rxe7",
    "Rhe8",
    "Ra7",
    "Rc6",
    "Rc1",
    "Rec8",
    "Rxc6",
    "Rxc6",
    "Bd4",
    "h5",
    "a3",
    "Bh6",
    "Bc5",
    "Bf4",
    "h3",
    "gxh3",
    "gxh3",
    "Bxe5",
    "Rd7",
    "Bb2",
    "Rd3",
    "e5",
    "Kf2",
    "e4",
    "Rb3",
    "Bc1",
    "Rc3",
    "Bb2",
    "Rb3",
    "Bc1",
    "Rc3",
    "Bg5",
    "Ke2",
    "Kf5",
    "a4",
    "Be7",
    "axb5",
    "axb5",
    "Ke3",
    "Bxc5+",
    "bxc5",
    "Ke5",
    "Rc1",
    "Kd5",
    "Rd1+",
    "Kxc5",
    "Kxe4",
    "Re6+",
    "Kf4",
    "b4",
    "Rc1+",
    "Kb5",
    "Rb1",
    "Rg6",
    "Re1",
    "b3",
    "Re5+",
    "Kb4",
    "Re8",
    "b2",
    "Rb8+",
    "Kc3",
    "Rc8+",
    "Kb3",
    "Rb8+",
    "Kc2",
    "Rc8+",
    "Kb1",
    "Rh8",
    "Rb6"
  ]
}