{
  "event": "Tata Steel Masters",
  "site": "Wijk aan Zee NED",
  "date": "2015.01.17",
  "eventDate": "2015.01.09",
  "dateMillis": 1421424000000,
  "eventDateMillis": 1420732800000,
  "round": "7",
  "result": "1-0",
  "white": "Ding Liren",
  "black": "Loek van Wely",
  "isDingWin": true,
  "isDraw": false,
  "isDingBlack": false,
  "moves": [
    "c4",
    "c5",
    "Nf3",
    "Nf6",
    "Nc3",
    "Nc6",
    "g3",
    "d5",
    "cxd5",
    "Nxd5",
    "Bg2",
    "Nc7",
    "O-O",
    "e5",
    "a3",
    "Be7",
    "b4",
    "O-O",
    "Rb1",
    "cxb4",
    "axb4",
    "b5",
    "Bb2",
    "Bf5",
    "Rc1",
    "Rc8",
    "d3",
    "Qd7",
    "Nb1",
    "Na6",
    "Bxe5",
    "Naxb4",
    "Bb2",
    "Rfd8",
    "Nc3",
    "a6",
    "Ra1",
    "Bh3",
    "Bxh3",
    "Qxh3",
    "Qd2",
    "Qf5",
    "Kg2",
    "a5",
    "Ne4",
    "Nd5",
    "Rfc1",
    "a4",
    "Kg1",
    "h6",
    "h4",
    "Bb4",
    "Qd1",
    "Bf8",
    "Rcb1",
    "Nb6",
    "Bc1",
    "Nc4",
    "Nc3",
    "Bb4",
    "Na2",
    "Be7",
    "Nc3",
    "Bb4",
    "Na2",
    "Be7",
    "Nc3",
    "Nb4",
    "Kg2",
    "Na5",
    "Bd2",
    "Nb3",
    "Rxb3",
    "axb3",
    "Rb1",
    "Nc6",
    "e4",
    "Qh5",
    "Nd5",
    "Rxd5",
    "exd5",
    "Qxd5",
    "Qxb3",
    "Qxb3",
    "Rxb3",
    "b4",
    "Kf1",
    "f6",
    "Rb1",
    "Kf7",
    "Ra1",
    "Rb8",
    "Be3",
    "b3",
    "Nd2",
    "b2",
    "Rb1",
    "f5",
    "Nc4",
    "Bf6",
    "Bc5",
    "Bc3",
    "Ke2",
    "Nb4",
    "d4",
    "Ke6",
    "Bxb4",
    "Bxb4",
    "Rxb2",
    "g5",
    "h5",
    "g4",
    "Kd3",
    "Bd6",
    "Re2+",
    "Kd7",
    "Ne3",
    "Rf8",
    "Ra2",
    "f4",
    "Nxg4",
    "fxg3",
    "fxg3",
    "Bxg3",
    "Nxh6",
    "Rf4",
    "Rg2",
    "Bf2",
    "Rg4",
    "Rf3+",
    "Ke2",
    "Rf8",
    "Re4",
    "Kd6",
    "Ng4",
    "Bg1",
    "Kd3",
    "Rf3+",
    "Kc4",
    "Ra3",
    "h6",
    "Ra4+",
    "Kc3",
    "Ra3+",
    "Kb4",
    "Rh3",
    "Kc4",
    "Rh4",
    "d5",
    "Be3",
    "Nf6",
    "Rh3",
    "Re6+",
    "Kc7",
    "d6+",
    "Kb7",
    "d7"
  ]
}