{
  "event": "Tata Steel Masters",
  "site": "Wijk aan Zee NED",
  "date": "2015.01.16",
  "eventDate": "2015.01.09",
  "dateMillis": 1421337600000,
  "eventDateMillis": 1420732800000,
  "round": "6",
  "result": "1-0",
  "white": "Maxime Vachier-Lagrave",
  "black": "Ding Liren",
  "isDingWin": false,
  "isDraw": false,
  "isDingBlack": true,
  "moves": [
    "e4",
    "c6",
    "d4",
    "d5",
    "e5",
    "Bf5",
    "Nf3",
    "e6",
    "Be2",
    "Ne7",
    "O-O",
    "c5",
    "c4",
    "Nbc6",
    "dxc5",
    "d4",
    "Qb3",
    "Qd7",
    "Rd1",
    "Ng6",
    "Nc3",
    "f6",
    "exf6",
    "gxf6",
    "Nd5",
    "Kf7",
    "g4",
    "Bxg4",
    "Ng5+",
    "fxg5",
    "Bxg4",
    "Nce5",
    "Bxg5",
    "Bxc5",
    "Nf6",
    "Qc6",
    "Bh5",
    "Kg7",
    "Qg3",
    "Raf8",
    "Re1",
    "Rxf6",
    "Rxe5",
    "Rf7",
    "Bxg6",
    "hxg6",
    "Bf4",
    "Be7",
    "Re2",
    "Qxc4",
    "Rae1",
    "d3",
    "Re4",
    "Qd5",
    "Rxe6",
    "Bf6",
    "Rd6",
    "Qf5",
    "Re5",
    "Qh3",
    "Ree6",
    "Qxg3+",
    "hxg3",
    "Rh5",
    "b3",
    "Ra5",
    "a4",
    "g5",
    "Be3",
    "b6",
    "Rxd3",
    "Rc7",
    "Kg2",
    "Be7",
    "Kf3",
    "Kf7",
    "Re4",
    "Bf6",
    "Kg4",
    "Re7",
    "Rxe7+",
    "Bxe7",
    "Bd2",
    "Re5",
    "Rd7",
    "Kg6",
    "Rxa7",
    "Bc5",
    "f4"
  ]
}