{
  "event": "Tata Steel Masters",
  "site": "Wijk aan Zee NED",
  "date": "2015.01.23",
  "eventDate": "2015.01.10",
  "dateMillis": 1421942400000,
  "eventDateMillis": 1420819200000,
  "round": "11.5",
  "result": "0-1",
  "white": "Radoslaw Wojtaszek",
  "black": "Ding Liren",
  "isDingWin": true,
  "isDraw": false,
  "isDingBlack": true,
  "moves": [
    "d4",
    "Nf6",
    "c4",
    "g6",
    "Nc3",
    "Bg7",
    "e4",
    "d6",
    "Nf3",
    "O-O",
    "Be2",
    "Na6",
    "O-O",
    "e5",
    "Be3",
    "c6",
    "d5",
    "Ng4",
    "Bg5",
    "f6",
    "Bh4",
    "c5",
    "Ne1",
    "h5",
    "a3",
    "Nh6",
    "h3",
    "Nf7",
    "Nd3",
    "Bh6",
    "b4",
    "Bd7",
    "Rb1",
    "b6",
    "bxc5",
    "Nxc5",
    "Nxc5",
    "dxc5",
    "a4",
    "Nd6",
    "Qd3",
    "Kg7",
    "Rb2",
    "Bg5",
    "Bg3",
    "h4",
    "Bh2",
    "Qe8",
    "Ra1",
    "Nb7",
    "Kh1",
    "Qe7",
    "Qc2",
    "Bf4",
    "Bg1",
    "f5",
    "Bd3",
    "Rf6",
    "d6",
    "Rxd6",
    "Nd5",
    "Qf7",
    "Qc3",
    "Kh7",
    "Re1",
    "Re8",
    "Rbe2",
    "fxe4",
    "Bxe4",
    "Nd8",
    "Nxf4",
    "exf4",
    "Bd5",
    "Ne6",
    "Bh2",
    "Qg7",
    "Re5",
    "g5",
    "Qf3",
    "Kh6",
    "Bxf4",
    "Rf8",
    "Rxe6+",
    "Rxe6",
    "Bxg5+",
    "Kxg5",
    "Qg4+",
    "Kf6",
    "Rxe6+",
    "Bxe6",
    "Qxe6+",
    "Kg5",
    "Qg4+",
    "Kf6",
    "Qe6+",
    "Kg5",
    "Qg4+",
    "Kf6",
    "Qxh4+",
    "Qg5",
    "Qe4",
    "Qe5",
    "Qh4+",
    "Qg5",
    "Qe4",
    "Qe5",
    "Qc2",
    "Qe1+",
    "Kh2",
    "Kg7",
    "f3",
    "Re8",
    "Qf5",
    "Qe5+",
    "Qxe5+",
    "Rxe5",
    "Be4",
    "Re6",
    "Kg3",
    "Rd6",
    "Bd5",
    "a5",
    "Bb7",
    "b5",
    "cxb5",
    "c4",
    "Be4",
    "c3",
    "Kf4",
    "Rd2"
  ]
}