{
  "event": "India-China Summit Match",
  "site": "Hyderabad IND",
  "date": "2015.03.04",
  "eventDate": "2015.03.02",
  "dateMillis": 1425398400000,
  "eventDateMillis": 1425225600000,
  "round": "3.4",
  "result": "0-1",
  "white": "Ding Liren",
  "black": "Babu M R Lalith",
  "isDingWin": false,
  "isDraw": false,
  "isDingBlack": false,
  "moves": [
    "d4",
    "Nf6",
    "c4",
    "e6",
    "Nf3",
    "b6",
    "g3",
    "Bb7",
    "Bg2",
    "Bb4+",
    "Bd2",
    "c5",
    "Bxb4",
    "cxb4",
    "O-O",
    "O-O",
    "Qd3",
    "d6",
    "Nbd2",
    "Qc7",
    "e4",
    "e5",
    "Ne1",
    "Nc6",
    "Nc2",
    "a5",
    "Rfe1",
    "Rfe8",
    "Rad1",
    "Rad8",
    "Nf1",
    "exd4",
    "Nxd4",
    "Ne5",
    "Qb1",
    "Nxc4",
    "Rc1",
    "b5",
    "Nxb5",
    "Qb6",
    "Rxc4",
    "Qxb5",
    "Rd4",
    "Rd7",
    "Nd2",
    "Qb6",
    "Rd3",
    "Ba6",
    "Rde3",
    "Rde7",
    "h3",
    "g6",
    "Kh2",
    "d5",
    "exd5",
    "Rxe3",
    "fxe3",
    "Rxe3",
    "Qc1",
    "Rd3",
    "Ne4",
    "Nxe4",
    "Rxe4",
    "Qf2",
    "Qf4",
    "Qxf4",
    "Re8+",
    "Kg7",
    "gxf4",
    "Bc4",
    "a4",
    "Rd2",
    "Kg3",
    "Bxd5",
    "Bxd5",
    "Rxd5",
    "Ra8",
    "h5",
    "Ra6",
    "Rd3+",
    "Kg2",
    "h4",
    "Rxa5",
    "Rg3+",
    "Kh2",
    "Rb3",
    "Rb5",
    "Rxb2+",
    "Kg1",
    "Kf6",
    "a5",
    "Ra2",
    "Kf1",
    "Ke7",
    "Rb7+",
    "Ke6",
    "Rb5",
    "Kf6",
    "Kg1",
    "b3",
    "Rxb3",
    "Kf5",
    "Rb4",
    "Rxa5",
    "Kf2",
    "Ra2+",
    "Kf3",
    "Ra3+",
    "Kg2",
    "Rg3+",
    "Kh2",
    "Rf3",
    "Kg2",
    "Rxf4",
    "Rb5+",
    "Kf6",
    "Rb6+",
    "Kg5",
    "Rb5+",
    "f5",
    "Rb2",
    "Ra4",
    "Rc2",
    "Kh5",
    "Rf2",
    "Ra5",
    "Rb2",
    "g5",
    "Rb8",
    "Ra6",
    "Rf8",
    "Kg6",
    "Rg8+",
    "Kf6",
    "Kf2",
    "Ra2+",
    "Kg1",
    "Rd2",
    "Kh1",
    "Rd4",
    "Kg2",
    "g4",
    "Rf8+",
    "Kg5",
    "Rg8+",
    "Kf4",
    "hxg4",
    "fxg4",
    "Rf8+",
    "Kg5",
    "Rg8+",
    "Kf6",
    "Rf8+",
    "Kg7",
    "Ra8",
    "Rd2+",
    "Kg1",
    "Kf6",
    "Ra4",
    "Kf5",
    "Ra5+",
    "Ke4",
    "Ra4+",
    "Rd4",
    "Ra2",
    "Kf4",
    "Kg2",
    "h3+",
    "Kh2"
  ]
}