{
  "event": "India-China Summit Match",
  "site": "Hyderabad IND",
  "date": "2015.03.05",
  "eventDate": "2015.03.02",
  "dateMillis": 1425484800000,
  "eventDateMillis": 1425225600000,
  "round": "4.2",
  "result": "0-1",
  "white": "Babu M R Lalith",
  "black": "Ding Liren",
  "isDingWin": true,
  "isDraw": false,
  "isDingBlack": true,
  "moves": [
    "d4",
    "Nf6",
    "c4",
    "e6",
    "Nf3",
    "d5",
    "Nc3",
    "c6",
    "g3",
    "Nbd7",
    "Bg2",
    "dxc4",
    "O-O",
    "b5",
    "e4",
    "Bb7",
    "e5",
    "Nd5",
    "Ng5",
    "h6",
    "Nxe6",
    "fxe6",
    "Qh5+",
    "Ke7",
    "Ne4",
    "Qe8",
    "Bg5+",
    "hxg5",
    "Qxh8",
    "Kd8",
    "Qg8",
    "Qg6",
    "Nc5",
    "Kc7",
    "Qxe6",
    "Qe8",
    "Bxd5",
    "Nxc5",
    "Qxe8",
    "Rxe8",
    "Bf7",
    "Re7",
    "Bg8",
    "Nd3",
    "b3",
    "c5",
    "bxc4",
    "cxd4",
    "f4",
    "gxf4",
    "gxf4",
    "g6",
    "Rad1",
    "Rg7",
    "Bd5",
    "bxc4",
    "Bxc4",
    "Nb2",
    "Rc1",
    "Kd8",
    "Rf2",
    "Nxc4",
    "Rxc4",
    "d3",
    "Rd2",
    "Rd7",
    "Kf2",
    "Bd5",
    "Rc1",
    "Ba3"
  ]
}