{
  "event": "India-China Summit Match",
  "site": "Hyderabad IND",
  "date": "2015.03.10",
  "eventDate": "2015.02.28",
  "dateMillis": 1425916800000,
  "eventDateMillis": 1425052800000,
  "round": "8.4",
  "result": "0-1",
  "white": "Sethuraman P Sethuraman",
  "black": "Ding Liren",
  "isDingWin": true,
  "isDraw": false,
  "isDingBlack": true,
  "moves": [
    "e4",
    "e5",
    "Nf3",
    "Nc6",
    "Bb5",
    "a6",
    "Ba4",
    "Nf6",
    "O-O",
    "Be7",
    "Re1",
    "b5",
    "Bb3",
    "d6",
    "c3",
    "O-O",
    "h3",
    "Nb8",
    "d4",
    "Nbd7",
    "Nbd2",
    "Bb7",
    "Bc2",
    "Re8",
    "Nf1",
    "Bf8",
    "Ng3",
    "g6",
    "b3",
    "c6",
    "Bg5",
    "Bg7",
    "Qd2",
    "Nf8",
    "Rad1",
    "Qc7",
    "Bh6",
    "Ne6",
    "b4",
    "a5",
    "Bb3",
    "Bc8",
    "a3",
    "axb4",
    "axb4",
    "Ra3",
    "Rb1",
    "Nf8",
    "Nh4",
    "Be6",
    "Bxg7",
    "Kxg7",
    "Bc2",
    "h6",
    "Rf1",
    "Qe7",
    "Rbe1",
    "N8d7",
    "f4",
    "exf4",
    "Rxf4",
    "Ra2",
    "d5",
    "cxd5",
    "exd5",
    "Rxc2",
    "Qxc2",
    "Nxd5",
    "Rg4",
    "Kh8",
    "Qd2",
    "Kh7",
    "Nf3",
    "Ne5",
    "Nxe5",
    "dxe5",
    "Rxe5",
    "Qc7",
    "Rge4",
    "Rd8",
    "Ne2",
    "f5",
    "Rxe6",
    "fxe4",
    "Rxe4",
    "Nxb4",
    "Nd4",
    "Nc6",
    "Qe3",
    "Rd7",
    "Ne6",
    "Rd1+",
    "Kf2",
    "Qf7+",
    "Rf4",
    "Qe7",
    "Re4",
    "Qf6+",
    "Rf4",
    "Qe7",
    "h4",
    "Rd6",
    "Re4",
    "Qf7+",
    "Kg1",
    "Qf6",
    "Kh2",
    "Rd5",
    "Qb6",
    "Ne5",
    "Ng5+",
    "Kg7",
    "Ne6+",
    "Kh7",
    "Rf4",
    "Qe7",
    "Nf8+",
    "Kg7",
    "Ne6+",
    "Kh7",
    "Nf8+",
    "Kg7",
    "h5",
    "Ng4+",
    "Rxg4",
    "Rxh5+",
    "Kg3",
    "Qe1+",
    "Qf2",
    "Qxc3+",
    "Qf3",
    "Qe1+",
    "Qf2",
    "Qxf2+",
    "Kxf2",
    "Rf5+",
    "Ke3",
    "Rxf8",
    "Rb4",
    "Rb8",
    "g4",
    "Kf6",
    "Kf4",
    "Rb6",
    "g5+",
    "hxg5+",
    "Kg4",
    "Ke5"
  ]
}