{
  "event": "India-China Summit Match",
  "site": "Hyderabad IND",
  "date": "2015.03.09",
  "eventDate": "2015.02.28",
  "dateMillis": 1425830400000,
  "eventDateMillis": 1425052800000,
  "round": "7.4",
  "result": "0-1",
  "white": "Ding Liren",
  "black": "Sethuraman P Sethuraman",
  "isDingWin": false,
  "isDraw": false,
  "isDingBlack": false,
  "moves": [
    "d4",
    "Nf6",
    "c4",
    "g6",
    "g3",
    "c6",
    "Bg2",
    "d5",
    "e3",
    "dxc4",
    "Ne2",
    "Nbd7",
    "O-O",
    "Bg7",
    "Qc2",
    "Nb6",
    "e4",
    "e5",
    "dxe5",
    "Ng4",
    "Rd1",
    "Qe7",
    "f4",
    "f6",
    "exf6",
    "Bxf6",
    "e5",
    "Bf5",
    "Qc3",
    "Qc5+",
    "Nd4",
    "Be7",
    "Na3",
    "O-O-O",
    "h3",
    "Bd3",
    "hxg4",
    "Na4",
    "Qe1",
    "Qxd4+",
    "Be3",
    "Qxb2",
    "Qa5",
    "Qxa3",
    "Bxc6",
    "Bc5"
  ]
}