{
  "event": "India-China Summit Match",
  "site": "Hyderabad IND",
  "date": "2015.03.07",
  "eventDate": "2015.03.02",
  "dateMillis": 1425657600000,
  "eventDateMillis": 1425225600000,
  "round": "5.3",
  "result": "1-0",
  "white": "Ding Liren",
  "black": "Krishnan Sasikiran",
  "isDingWin": true,
  "isDraw": false,
  "isDingBlack": false,
  "moves": [
    "e4",
    "e5",
    "Nf3",
    "Nc6",
    "Bb5",
    "Nf6",
    "d3",
    "d6",
    "O-O",
    "Bd7",
    "c3",
    "g6",
    "Re1",
    "Bg7",
    "Bg5",
    "O-O",
    "Nbd2",
    "Qe8",
    "Nf1",
    "Nh5",
    "Ne3",
    "f6",
    "Bh4",
    "Kh8",
    "a4",
    "a6",
    "Bc4",
    "Nd8",
    "d4",
    "Ne6",
    "Nd5",
    "Rc8",
    "a5",
    "Nef4",
    "Nd2",
    "Nxd5",
    "Bxd5",
    "Rb8",
    "Bb3",
    "Be6",
    "Nf1",
    "Bxb3",
    "Qxb3",
    "f5",
    "dxe5",
    "Qxe5",
    "exf5",
    "Qxf5",
    "Ne3",
    "Qd7",
    "Nd5",
    "c6",
    "Re7",
    "Qg4",
    "Ra4",
    "Qf5",
    "Ne3",
    "Qb1+",
    "Qd1",
    "Qxb2",
    "Nc4",
    "Qxc3",
    "Nxd6",
    "Qc5",
    "h3",
    "Bf6",
    "Rc4",
    "Qa3",
    "Bxf6+",
    "Rxf6",
    "Nf7+",
    "Kg7",
    "Qd7",
    "Kf8",
    "Rce4",
    "Qa2",
    "Re8+",
    "Rxe8",
    "Rxe8+",
    "Kg7",
    "Ne5+",
    "Kh6",
    "Ng4+",
    "Kg5",
    "Re5+",
    "Kh4",
    "g3+",
    "Nxg3",
    "fxg3+",
    "Kxg3",
    "Re3+"
  ]
}