{
  "event": "India-China Summit Match",
  "site": "Hyderabad IND",
  "date": "2015.03.02",
  "eventDate": "2015.03.02",
  "dateMillis": 1425225600000,
  "eventDateMillis": 1425225600000,
  "round": "1.1",
  "result": "1-0",
  "white": "Ding Liren",
  "black": "Baskaran Adhiban",
  "isDingWin": true,
  "isDraw": false,
  "isDingBlack": false,
  "moves": [
    "d4",
    "Nf6",
    "c4",
    "g6",
    "g3",
    "c6",
    "Bg2",
    "d5",
    "Nf3",
    "Bg7",
    "Qb3",
    "O-O",
    "O-O",
    "Qb6",
    "Nc3",
    "Rd8",
    "Na4",
    "Qa6",
    "cxd5",
    "Qxe2",
    "dxc6",
    "Nxc6",
    "Re1",
    "Qa6",
    "Bd2",
    "Nxd4",
    "Nxd4",
    "Rxd4",
    "Nc5",
    "Qb6",
    "Bc3",
    "Rd8",
    "Rxe7",
    "Qxb3",
    "axb3",
    "Nd5",
    "Rd1",
    "Bxc3",
    "bxc3",
    "Be6",
    "Rxe6",
    "fxe6",
    "Nxe6",
    "Rd6",
    "Bxd5",
    "Kh8",
    "c4",
    "Re8",
    "Nd4",
    "Rd7",
    "Kg2",
    "Kg7",
    "Ra1",
    "a6",
    "Ne6+",
    "Kf6",
    "Nc5"
  ]
}