{
  "event": "India-China Summit Match",
  "site": "Hyderabad IND",
  "date": "2015.03.08",
  "eventDate": "2015.03.02",
  "dateMillis": 1425744000000,
  "eventDateMillis": 1425225600000,
  "round": "6.2",
  "result": "1/2-1/2",
  "white": "Krishnan Sasikiran",
  "black": "Ding Liren",
  "isDingWin": false,
  "isDraw": true,
  "isDingBlack": true,
  "moves": [
    "d4",
    "Nf6",
    "c4",
    "g6",
    "g3",
    "c5",
    "d5",
    "b5",
    "cxb5",
    "a6",
    "bxa6",
    "Bg7",
    "Nc3",
    "d6",
    "Nf3",
    "O-O",
    "Bg2",
    "Nxa6",
    "O-O",
    "Bf5",
    "Nh4",
    "Bc8",
    "Rb1",
    "Qa5",
    "Bd2",
    "Nc7",
    "a3",
    "Qb6",
    "h3",
    "Nb5",
    "Nxb5",
    "Qxb5",
    "Bc3",
    "Ba6",
    "Re1",
    "Rfb8",
    "b3",
    "Nd7",
    "Bxg7",
    "Kxg7",
    "Qc1",
    "Bc8",
    "Nf3",
    "Qa5",
    "Qe3",
    "Kf8",
    "Ra1",
    "Nf6",
    "Nd2",
    "Ba6",
    "Rec1",
    "Bb5",
    "Rc3",
    "Kg7",
    "Rc2",
    "Rb7",
    "g4",
    "h6",
    "f4",
    "Qd8",
    "Bf3",
    "Rba7",
    "Qc3",
    "Kh7",
    "a4",
    "Ba6",
    "e4",
    "Rb8",
    "h4",
    "Rb4",
    "g5",
    "Nd7",
    "Kf2",
    "Rd4",
    "Be2",
    "Bxe2",
    "Kxe2",
    "h5",
    "Re1",
    "Rb7",
    "Ra2",
    "Nb8",
    "Kf2",
    "Qd7",
    "f5",
    "Na6",
    "Nf3",
    "Rdb4",
    "Ra3",
    "c4",
    "bxc4",
    "Nc5",
    "Nd4",
    "Rxa4",
    "fxg6+",
    "fxg6",
    "Ne6",
    "Nxe6",
    "dxe6",
    "Qe8",
    "Rxa4",
    "Qxa4",
    "Ra1",
    "Qe8",
    "Rf1",
    "Qc8",
    "Ke3",
    "Qxe6",
    "Rf8",
    "Qh3+",
    "Rf3",
    "Qe6",
    "Rf8",
    "Qh3+",
    "Rf3"
  ]
}