{
  "event": "FIDE World Team Championship",
  "site": "Tsaghkadzor ARM",
  "date": "2015.04.20",
  "eventDate": "2015.04.19",
  "dateMillis": 1429459200000,
  "eventDateMillis": 1429372800000,
  "round": "2.1",
  "result": "1/2-1/2",
  "white": "Peter Leko",
  "black": "Ding Liren",
  "isDingWin": false,
  "isDraw": true,
  "isDingBlack": true,
  "moves": [
    "e4",
    "c6",
    "d4",
    "d5",
    "e5",
    "Bf5",
    "Nf3",
    "e6",
    "Be2",
    "Ne7",
    "O-O",
    "c5",
    "c4",
    "dxc4",
    "Na3",
    "Nbc6",
    "Nxc4",
    "Nd5",
    "a3",
    "h6",
    "Be3",
    "Nxe3",
    "fxe3",
    "a6",
    "Rc1",
    "b5",
    "Nd6+",
    "Bxd6",
    "exd6",
    "Qxd6",
    "Rxc5",
    "O-O",
    "Bd3",
    "Ne7",
    "b4",
    "a5",
    "Bxb5",
    "axb4",
    "axb4",
    "Ra2",
    "Bc4",
    "Rb2",
    "Qa4",
    "Qb8",
    "b5",
    "Qa8",
    "Qa1",
    "Rc2",
    "Rc1",
    "Be4",
    "Ne1",
    "Qxa1",
    "Rxa1",
    "Rb2",
    "Ra3",
    "Nf5",
    "Rb3",
    "Rxb3",
    "Bxb3",
    "Rb8",
    "Bc2"
  ]
}