{
  "event": "FIDE World Team Championship",
  "site": "Tsaghkadzor ARM",
  "date": "2015.04.22",
  "eventDate": "2015.04.19",
  "dateMillis": 1429632000000,
  "eventDateMillis": 1429372800000,
  "round": "4.1",
  "result": "1/2-1/2",
  "white": "Levon Aronian",
  "black": "Ding Liren",
  "isDingWin": false,
  "isDraw": true,
  "isDingBlack": true,
  "moves": [
    "c4",
    "g6",
    "Nc3",
    "Bg7",
    "d4",
    "Nf6",
    "e4",
    "d6",
    "Nge2",
    "O-O",
    "f3",
    "c5",
    "d5",
    "e6",
    "Ng3",
    "exd5",
    "cxd5",
    "a6",
    "a4",
    "h5",
    "Bg5",
    "Qc7",
    "Be2",
    "Nh7",
    "Be3",
    "h4",
    "Nf1",
    "f5",
    "exf5",
    "gxf5",
    "f4",
    "Nf6",
    "Bf2",
    "Re8",
    "Bxh4",
    "Ne4",
    "Ra3",
    "Qa5"
  ]
}