{
  "event": "FIDE World Team Championship",
  "site": "Tsaghkadzor ARM",
  "date": "2015.04.21",
  "eventDate": "2015.04.19",
  "dateMillis": 1429545600000,
  "eventDateMillis": 1429372800000,
  "round": "3.4",
  "result": "1/2-1/2",
  "white": "Ding Liren",
  "black": "Alexander Grischuk",
  "isDingWin": false,
  "isDraw": true,
  "isDingBlack": false,
  "moves": [
    "d4",
    "Nf6",
    "c4",
    "g6",
    "g3",
    "Bg7",
    "Bg2",
    "c5",
    "d5",
    "d6",
    "Nc3",
    "O-O",
    "Nf3",
    "e6",
    "O-O",
    "exd5",
    "cxd5",
    "Re8",
    "Re1",
    "a6",
    "a4",
    "Nbd7",
    "e4",
    "Ng4",
    "Nd2",
    "Nge5",
    "Bf1",
    "Nf8",
    "a5",
    "g5",
    "f4",
    "gxf4",
    "gxf4",
    "Ng4",
    "Nf3",
    "f5",
    "h3",
    "fxe4",
    "Nxe4",
    "Nf6",
    "Ng3",
    "Bd7",
    "f5",
    "Rxe1",
    "Qxe1",
    "Bb5",
    "Bg2",
    "h6",
    "Ra3",
    "Qd7",
    "Nh2",
    "Re8",
    "Re3",
    "Rxe3",
    "Bxe3",
    "Qe7",
    "Qd2",
    "Kh7",
    "Ng4",
    "Nxg4",
    "hxg4",
    "Qh4",
    "Ne4",
    "Be5",
    "Bf3",
    "Nd7",
    "b3"
  ]
}