{
  "event": "FIDE World Team Championship",
  "site": "Tsaghkadzor ARM",
  "date": "2015.04.23",
  "eventDate": "2015.04.19",
  "dateMillis": 1429718400000,
  "eventDateMillis": 1429372800000,
  "round": "5.1",
  "result": "1-0",
  "white": "Ding Liren",
  "black": "Bassem Amin",
  "isDingWin": true,
  "isDraw": false,
  "isDingBlack": false,
  "moves": [
    "d4",
    "Nf6",
    "c4",
    "e6",
    "Nf3",
    "Bb4+",
    "Nbd2",
    "O-O",
    "a3",
    "Be7",
    "e4",
    "d5",
    "e5",
    "Nfd7",
    "Bd3",
    "c5",
    "Qc2",
    "g6",
    "cxd5",
    "exd5",
    "e6",
    "fxe6",
    "Bxg6",
    "hxg6",
    "Qxg6+",
    "Kh8",
    "Ne4",
    "dxe4",
    "Qh5+",
    "Kg8",
    "Bh6",
    "Rf6",
    "Qg4+",
    "Kf7",
    "Ng5+",
    "Kg6",
    "Nxe6+",
    "Kf7",
    "Nxd8+",
    "Bxd8",
    "Qg7+",
    "Ke8",
    "O-O-O",
    "Be7",
    "Bg5",
    "Bf8",
    "Qh7",
    "cxd4",
    "Rxd4"
  ]
}