{
  "event": "FIDE World Team Championship",
  "site": "Tsaghkadzor ARM",
  "date": "2015.04.25",
  "eventDate": "2015.04.19",
  "dateMillis": 1429891200000,
  "eventDateMillis": 1429372800000,
  "round": "6.1",
  "result": "1/2-1/2",
  "white": "Boris Gelfand",
  "black": "Ding Liren",
  "isDingWin": false,
  "isDraw": true,
  "isDingBlack": true,
  "moves": [
    "d4",
    "Nf6",
    "c4",
    "g6",
    "Nc3",
    "Bg7",
    "e4",
    "d6",
    "Nf3",
    "O-O",
    "Be2",
    "e5",
    "Be3",
    "Na6",
    "O-O",
    "c6",
    "Re1",
    "Re8",
    "d5",
    "Ng4",
    "Bc1",
    "f5",
    "exf5",
    "gxf5",
    "Ng5",
    "Nf6",
    "c5",
    "h6",
    "Bxa6",
    "bxa6",
    "dxc6",
    "d5",
    "c7",
    "Qd7",
    "Nf3",
    "e4",
    "Nd4",
    "Qxc7",
    "Nce2",
    "Qxc5",
    "Be3",
    "Qd6",
    "Qd2",
    "Nh5",
    "Ng3",
    "Nxg3",
    "fxg3",
    "Bd7",
    "Rf1",
    "Rf8",
    "Rf4",
    "Kh7",
    "Raf1"
  ]
}