{
  "event": "FIDE World Team Championship",
  "site": "Tsaghkadzor ARM",
  "date": "2015.04.27",
  "eventDate": "2015.04.19",
  "dateMillis": 1430064000000,
  "eventDateMillis": 1429372800000,
  "round": "8.1",
  "result": "1/2-1/2",
  "white": "Leinier Dominguez Perez",
  "black": "Ding Liren",
  "isDingWin": false,
  "isDraw": true,
  "isDingBlack": true,
  "moves": [
    "e4",
    "c6",
    "d4",
    "d5",
    "e5",
    "Bf5",
    "Nf3",
    "e6",
    "Be2",
    "Ne7",
    "O-O",
    "Nd7",
    "Nbd2",
    "h6",
    "Nb3",
    "g5",
    "Ne1",
    "Qc7",
    "Nd3",
    "b6",
    "Be3",
    "Bg7",
    "f4",
    "c5",
    "dxc5",
    "gxf4",
    "cxb6",
    "axb6",
    "Bxf4",
    "Ng6",
    "Bg3",
    "O-O",
    "Nd4",
    "Be4",
    "c3",
    "Ndxe5",
    "Nf2",
    "Qd8",
    "Bh5",
    "Qg5",
    "Nxe4",
    "dxe4",
    "Qe2",
    "e3",
    "Bxg6",
    "Nxg6",
    "Nf3",
    "Qc5",
    "Rfe1",
    "f5",
    "Qxe3",
    "Qxe3+",
    "Rxe3",
    "f4",
    "Rxe6",
    "Kf7",
    "Rxb6",
    "fxg3",
    "hxg3",
    "Rfb8",
    "Rxb8",
    "Rxb8",
    "Rf1",
    "Ke6"
  ]
}