{
  "event": "FIDE World Team Championship",
  "site": "Tsaghkadzor ARM",
  "date": "2015.04.28",
  "eventDate": "2015.04.19",
  "dateMillis": 1430150400000,
  "eventDateMillis": 1429372800000,
  "round": "9.1",
  "result": "1/2-1/2",
  "white": "Ding Liren",
  "black": "Pentala Harikrishna",
  "isDingWin": false,
  "isDraw": true,
  "isDingBlack": false,
  "moves": [
    "d4",
    "Nf6",
    "c4",
    "e6",
    "Nf3",
    "b6",
    "g3",
    "Ba6",
    "b3",
    "Bb4+",
    "Bd2",
    "Be7",
    "Bg2",
    "d5",
    "cxd5",
    "exd5",
    "O-O",
    "O-O",
    "Nc3",
    "Re8",
    "Re1",
    "Bb7",
    "Bc1",
    "Na6",
    "Bb2",
    "c5",
    "Rc1",
    "Ne4",
    "dxc5",
    "Nxc3",
    "Bxc3",
    "bxc5",
    "e3",
    "Bf6",
    "Qd2",
    "Rc8",
    "h4",
    "h6",
    "Red1",
    "Qb6",
    "Bxf6",
    "Qxf6",
    "Ne1",
    "Qe7",
    "Qb2",
    "Red8",
    "Rd2",
    "Rd6",
    "Rcd1",
    "Rcd8",
    "Nd3"
  ]
}