{
  "event": "Chinese Championship",
  "site": "Xinghua CHN",
  "date": "2015.05.20",
  "eventDate": "2015.05.18",
  "dateMillis": 1432051200000,
  "eventDateMillis": 1431878400000,
  "round": "3.6",
  "result": "0-1",
  "white": "Yu Yangyi",
  "black": "Ding Liren",
  "isDingWin": true,
  "isDraw": false,
  "isDingBlack": true,
  "moves": [
    "e4",
    "e5",
    "Nf3",
    "Nc6",
    "Bb5",
    "Nf6",
    "d3",
    "Bc5",
    "c3",
    "O-O",
    "O-O",
    "Re8",
    "b4",
    "Bb6",
    "Bc4",
    "d6",
    "a4",
    "a5",
    "b5",
    "Ne7",
    "Qb3",
    "Rf8",
    "Nbd2",
    "Ng6",
    "d4",
    "Nh5",
    "dxe5",
    "Nxe5",
    "Nxe5",
    "dxe5",
    "Nf3",
    "Qf6",
    "Bg5",
    "Qg6",
    "Be7",
    "Nf4",
    "Nh4",
    "Qg4",
    "g3",
    "g5",
    "Ng2",
    "Nh3+",
    "Kh1",
    "Qf3",
    "Bxf8",
    "Kxf8",
    "Qa2",
    "Bg4",
    "Rae1",
    "Rd8",
    "Be2",
    "Nxf2+",
    "Kg1",
    "Qxc3",
    "Rxf2",
    "Bxf2+",
    "Kxf2",
    "Rd2"
  ]
}