{
  "event": "Chinese Championship",
  "site": "Xinghua CHN",
  "date": "2015.05.27",
  "eventDate": "2015.05.18",
  "dateMillis": 1432656000000,
  "eventDateMillis": 1431878400000,
  "round": "9.4",
  "result": "1/2-1/2",
  "white": "Ding Liren",
  "black": "Zhou Jianchao",
  "isDingWin": false,
  "isDraw": true,
  "isDingBlack": false,
  "moves": [
    "d4",
    "d5",
    "c4",
    "c6",
    "Nf3",
    "Nf6",
    "Nc3",
    "a6",
    "e3",
    "Bf5",
    "Qb3",
    "b5",
    "c5",
    "a5",
    "Nh4",
    "e6",
    "Nxb5",
    "a4",
    "Qd1",
    "cxb5",
    "Nxf5",
    "exf5",
    "Bxb5+",
    "Nbd7",
    "O-O",
    "Qa5",
    "Bd3",
    "g6",
    "Bd2",
    "Qc7",
    "b4",
    "Ne4",
    "Be1",
    "Bh6",
    "b5",
    "O-O",
    "Rb1",
    "Rfb8",
    "Kh1",
    "f4",
    "f3",
    "Nexc5",
    "dxc5",
    "Nxc5",
    "exf4",
    "Nxd3",
    "Qxd3",
    "Qc4",
    "Qxc4",
    "dxc4",
    "Bc3",
    "Rb7",
    "g3",
    "Rab8",
    "Be5",
    "Rc8",
    "Rfc1",
    "Bg7",
    "Bxg7",
    "Kxg7",
    "Rc3",
    "a3",
    "Kg2",
    "Rc5",
    "b6",
    "Rc6",
    "Rxa3",
    "Rbxb6",
    "Rxb6",
    "Rxb6",
    "Rc3",
    "Rb2+",
    "Kh3",
    "Rxa2",
    "Rxc4",
    "Ra3"
  ]
}