{
  "event": "Chinese Championship",
  "site": "Xinghua CHN",
  "date": "2015.05.22",
  "eventDate": "2015.05.18",
  "dateMillis": 1432224000000,
  "eventDateMillis": 1431878400000,
  "round": "5.6",
  "result": "1-0",
  "white": "Ding Liren",
  "black": "Liu Qingnan",
  "isDingWin": true,
  "isDraw": false,
  "isDingBlack": false,
  "moves": [
    "d4",
    "d5",
    "c4",
    "c6",
    "Nf3",
    "Nf6",
    "Nc3",
    "e6",
    "e3",
    "Nbd7",
    "Bd3",
    "Bd6",
    "e4",
    "dxe4",
    "Nxe4",
    "Nxe4",
    "Bxe4",
    "Nf6",
    "Bc2",
    "b6",
    "O-O",
    "O-O",
    "Qd3",
    "h6",
    "Rd1",
    "Bb7",
    "Ne5",
    "c5",
    "Ng4",
    "Ne4",
    "dxc5",
    "Bxc5",
    "Qe2",
    "Qe7",
    "Bxe4",
    "Bxe4",
    "Qxe4",
    "f5",
    "Nxh6+",
    "gxh6",
    "Qf3",
    "Qf6",
    "Bf4",
    "Rad8",
    "Qg3+",
    "Kh7",
    "Be5",
    "Qg5",
    "Qf3",
    "Rf7",
    "Rxd8",
    "Qxd8",
    "Rd1",
    "Rd7",
    "Rxd7+",
    "Qxd7",
    "h4",
    "Bd4",
    "Qe2",
    "Bxe5",
    "Qxe5",
    "Qd1+",
    "Kh2",
    "Qg4",
    "Qc7+",
    "Kg6",
    "Qg3",
    "Kh5",
    "Qxg4+",
    "Kxg4",
    "b4",
    "Kf4",
    "f3",
    "Ke5",
    "g4"
  ]
}