{
  "event": "Chinese Championship",
  "site": "Xinghua CHN",
  "date": "2015.05.21",
  "eventDate": "2015.05.18",
  "dateMillis": 1432137600000,
  "eventDateMillis": 1431878400000,
  "round": "4.1",
  "result": "1-0",
  "white": "Wei Yi",
  "black": "Ding Liren",
  "isDingWin": false,
  "isDraw": false,
  "isDingBlack": true,
  "moves": [
    "e4",
    "e5",
    "Nf3",
    "Nc6",
    "Bb5",
    "Nf6",
    "O-O",
    "Nxe4",
    "d4",
    "Nd6",
    "Bxc6",
    "dxc6",
    "dxe5",
    "Nf5",
    "Qxd8+",
    "Kxd8",
    "h3",
    "Bd7",
    "Rd1",
    "Be7",
    "g4",
    "Nh4",
    "Nxh4",
    "Bxh4",
    "Nd2",
    "Kc8",
    "Nf3",
    "Be7",
    "Rd3",
    "h6",
    "Nd4",
    "b6",
    "Rf3",
    "Be8",
    "Nf5",
    "Bf8",
    "b3",
    "Bd7",
    "Bb2",
    "Be6",
    "Nd4",
    "Bd5",
    "Re3",
    "Bc5",
    "c4",
    "Be6",
    "f4",
    "g6",
    "Rf1",
    "Kb7",
    "Kg2",
    "Rad8",
    "Rd3",
    "h5",
    "Nxe6",
    "Rxd3",
    "Nxc5+",
    "bxc5",
    "e6",
    "Rhd8",
    "exf7",
    "Rd2+",
    "Rf2",
    "Rxf2+",
    "Kxf2",
    "Rf8",
    "f5",
    "Rxf7",
    "Kg3",
    "gxf5",
    "g5"
  ]
}