{
  "event": "Chinese Championship",
  "site": "Xinghua CHN",
  "date": "2015.05.26",
  "eventDate": "2015.05.18",
  "dateMillis": 1432569600000,
  "eventDateMillis": 1431878400000,
  "round": "8.3",
  "result": "1/2-1/2",
  "white": "Wan Yunguo",
  "black": "Ding Liren",
  "isDingWin": false,
  "isDraw": true,
  "isDingBlack": true,
  "moves": [
    "e4",
    "e5",
    "Nf3",
    "Nc6",
    "Bb5",
    "Nf6",
    "O-O",
    "Nxe4",
    "Re1",
    "Nd6",
    "Nxe5",
    "Be7",
    "Bf1",
    "Nxe5",
    "Rxe5",
    "O-O",
    "d4",
    "Ne8",
    "Re1",
    "d5",
    "Bf4",
    "Bd6",
    "Bxd6",
    "Nxd6",
    "c3",
    "c6",
    "Bd3",
    "Bf5",
    "Bxf5",
    "Nxf5",
    "Nd2",
    "Nd6",
    "Qc2",
    "Re8",
    "h3",
    "Qd7",
    "Qd3",
    "Qf5",
    "Qxf5",
    "Nxf5",
    "Kf1",
    "f6",
    "Rxe8+",
    "Rxe8",
    "Re1",
    "Rxe1+",
    "Kxe1",
    "Kf7",
    "Ke2",
    "Nd6",
    "Kd3",
    "Ke6",
    "Ke3",
    "h5",
    "g4",
    "hxg4",
    "hxg4",
    "g5",
    "f3",
    "b6",
    "b3",
    "Nb5",
    "Kd3",
    "Nd6",
    "Ke3",
    "Nb5",
    "Kd3",
    "Nd6",
    "Ke3"
  ]
}