{
  "event": "Chinese Championship",
  "site": "Xinghua CHN",
  "date": "2015.05.24",
  "eventDate": "2015.05.18",
  "dateMillis": 1432396800000,
  "eventDateMillis": 1431878400000,
  "round": "6.2",
  "result": "1/2-1/2",
  "white": "Wen Yang",
  "black": "Ding Liren",
  "isDingWin": false,
  "isDraw": true,
  "isDingBlack": true,
  "moves": [
    "g3",
    "g6",
    "Bg2",
    "Bg7",
    "e4",
    "c5",
    "Nc3",
    "Nc6",
    "d3",
    "d6",
    "Be3",
    "Nf6",
    "Nge2",
    "O-O",
    "O-O",
    "Rb8",
    "h3",
    "b5",
    "a3",
    "a5",
    "Qd2",
    "b4",
    "axb4",
    "cxb4",
    "Nd5",
    "Nd7",
    "d4",
    "Ba6",
    "Rfd1",
    "Bb5",
    "b3",
    "Re8",
    "c4",
    "bxc3",
    "Nexc3",
    "Ba6",
    "Rab1",
    "Nf8",
    "Nf4",
    "e5",
    "dxe5",
    "dxe5",
    "Qxd8",
    "Rexd8",
    "Rxd8",
    "Rxd8",
    "Nfd5",
    "Rb8",
    "Bf1",
    "Bxf1",
    "Kxf1",
    "Nd7",
    "Na4",
    "Nd4",
    "b4",
    "axb4",
    "Rxb4",
    "Rxb4",
    "Nxb4"
  ]
}