{
  "event": "Chinese Championship",
  "site": "Xinghua CHN",
  "date": "2015.05.29",
  "eventDate": "2015.05.18",
  "dateMillis": 1432828800000,
  "eventDateMillis": 1431878400000,
  "round": "11.3",
  "result": "1-0",
  "white": "Ding Liren",
  "black": "Wang Chen",
  "isDingWin": true,
  "isDraw": false,
  "isDingBlack": false,
  "moves": [
    "d4",
    "Nf6",
    "c4",
    "e6",
    "g3",
    "Bb4+",
    "Nd2",
    "c5",
    "a3",
    "Bxd2+",
    "Qxd2",
    "Nc6",
    "Nf3",
    "Ne4",
    "Qd3",
    "Qa5+",
    "Nd2",
    "d5",
    "Bg2",
    "Nxd4",
    "cxd5",
    "exd5",
    "b4",
    "Qb5",
    "Qxb5+",
    "Nxb5",
    "Nxe4",
    "dxe4",
    "Bxe4",
    "cxb4",
    "axb4",
    "O-O",
    "Be3",
    "Re8",
    "Bf3",
    "Re7",
    "O-O",
    "Be6",
    "Rfd1",
    "f6",
    "h4",
    "a6",
    "Bc5",
    "Rc7",
    "Rd3",
    "Re8",
    "Rad1",
    "g6",
    "g4",
    "Kf7",
    "g5",
    "Bf5",
    "Rd8",
    "Nc3",
    "Rxe8",
    "Kxe8",
    "Rd6",
    "fxg5",
    "hxg5",
    "Rd7",
    "Rf6",
    "Rf7",
    "Rb6",
    "Na4",
    "Rxb7",
    "Rxb7",
    "Bxb7",
    "Nxc5",
    "bxc5",
    "a5",
    "e4",
    "Bh3",
    "Bc6+",
    "Kd8",
    "f4",
    "Bd7",
    "Bd5",
    "a4",
    "Kf2",
    "a3",
    "Ke3",
    "Bc6",
    "Ba2"
  ]
}