{
  "event": "Chinese Championship",
  "site": "Xinghua CHN",
  "date": "2015.05.18",
  "eventDate": "2015.05.18",
  "dateMillis": 1431878400000,
  "eventDateMillis": 1431878400000,
  "round": "1.5",
  "result": "1/2-1/2",
  "white": "Zhao Jun",
  "black": "Ding Liren",
  "isDingWin": false,
  "isDraw": true,
  "isDingBlack": true,
  "moves": [
    "e4",
    "e5",
    "Nf3",
    "Nc6",
    "Bb5",
    "a6",
    "Ba4",
    "Nf6",
    "d3",
    "d6",
    "c3",
    "g6",
    "O-O",
    "Bg7",
    "Re1",
    "O-O",
    "h3",
    "Nb8",
    "d4",
    "Nbd7",
    "Bc2",
    "c6",
    "Be3",
    "Qc7",
    "Nbd2",
    "b5",
    "b4",
    "a5",
    "dxe5",
    "Nxe5",
    "Nxe5",
    "dxe5",
    "Nb3",
    "axb4",
    "cxb4",
    "Be6",
    "Bd3",
    "Nd7",
    "Qc2",
    "Rfc8",
    "Rec1",
    "Qb8",
    "Be2",
    "Bf8",
    "a3",
    "Ra6",
    "Qb2",
    "Rd8",
    "Rc3",
    "Nb6",
    "Bxb6",
    "Rxb6",
    "Na5",
    "Qa8",
    "Nb3",
    "Bd7",
    "Rd1",
    "Be8",
    "Rxd8",
    "Qxd8",
    "Rd3",
    "Qg5",
    "g3",
    "Ra6",
    "h4",
    "Qf6",
    "Bg4",
    "h5",
    "Bh3",
    "Ra8",
    "Kg2",
    "Rd8",
    "Rxd8",
    "Qxd8",
    "Qxe5",
    "Bg7",
    "Qf4",
    "Bb2",
    "Nc5",
    "Bxa3",
    "e5",
    "Bb2",
    "e6",
    "Qd5+",
    "Kh2",
    "Be5",
    "Qe3",
    "Qd4",
    "Qe2",
    "Qb2",
    "Qf3",
    "Qxb4",
    "Nd7",
    "Qd4",
    "exf7+",
    "Bxf7",
    "Nxe5",
    "Qxe5",
    "Qxc6",
    "b4",
    "Bf1",
    "Qd4",
    "Kg1",
    "b3",
    "Qb5",
    "b2",
    "Bd3",
    "Kg7",
    "Bc2",
    "Qc3",
    "Bd3",
    "Bc4",
    "Qb7+",
    "Kh6",
    "Qc8",
    "Bxd3",
    "Qxc3",
    "b1=Q+",
    "Kh2",
    "Kh7",
    "Qc7+",
    "Kg8",
    "Qd8+",
    "Kf7",
    "Qd7+"
  ]
}