{
  "event": "Hainan Danzhou GM",
  "site": "Danzhou CHN",
  "date": "2015.07.03",
  "eventDate": "2015.07.02",
  "dateMillis": 1435852800000,
  "eventDateMillis": 1435766400000,
  "round": "2.5",
  "result": "1/2-1/2",
  "white": "Bu Xiangzhi",
  "black": "Ding Liren",
  "isDingWin": false,
  "isDraw": true,
  "isDingBlack": true,
  "moves": [
    "d4",
    "Nf6",
    "Nf3",
    "g6",
    "Bf4",
    "Bg7",
    "c3",
    "O-O",
    "e3",
    "d6",
    "h3",
    "c5",
    "dxc5",
    "dxc5",
    "Nbd2",
    "Nc6",
    "Be2",
    "Bf5",
    "O-O",
    "Qc8",
    "Qb3",
    "b6",
    "Rfd1",
    "Qb7",
    "Nc4",
    "Rad8",
    "Nfe5",
    "Nxe5",
    "Nxe5",
    "Be6",
    "Bc4",
    "Bxc4",
    "Qxc4",
    "e6",
    "Qa4",
    "Nd5",
    "Qe4",
    "b5",
    "Bg3",
    "c4",
    "Rd2",
    "Qa6",
    "Qc2",
    "Nb6",
    "Rxd8",
    "Rxd8",
    "Rd1",
    "Qc8",
    "e4",
    "h5",
    "h4",
    "Bf6",
    "Rd2",
    "Nd7",
    "Nxd7",
    "Rxd7",
    "Qd1",
    "Rxd2",
    "Qxd2",
    "a5",
    "f3",
    "Be7",
    "a3",
    "Qd8",
    "Qxd8+",
    "Bxd8",
    "Kf2",
    "Kf8",
    "f4",
    "Ke8",
    "Kf3",
    "Kd7",
    "e5",
    "Kc6",
    "Ke4",
    "Be7",
    "Be1",
    "Bc5",
    "g3",
    "Bg1",
    "Bd2",
    "Bf2",
    "Kf3",
    "Bc5",
    "Ke4",
    "Bf2",
    "Kf3",
    "Bc5",
    "Ke4",
    "Bf2"
  ]
}