{
  "event": "Hainan Danzhou GM",
  "site": "Danzhou CHN",
  "date": "2015.07.04",
  "eventDate": "2015.07.02",
  "dateMillis": 1435939200000,
  "eventDateMillis": 1435766400000,
  "round": "3",
  "result": "1-0",
  "white": "Ding Liren",
  "black": "Wang Chen",
  "isDingWin": true,
  "isDraw": false,
  "isDingBlack": false,
  "moves": [
    "d4",
    "Nf6",
    "c4",
    "e6",
    "Nf3",
    "d5",
    "g3",
    "g6",
    "Bg2",
    "Bg7",
    "O-O",
    "O-O",
    "Qc2",
    "Nc6",
    "Rd1",
    "Qe7",
    "Bf4",
    "Rd8",
    "Na3",
    "h6",
    "Ne5",
    "Nb4",
    "Qc1",
    "Kh7",
    "Nb5",
    "Na6",
    "Qc2",
    "Bd7",
    "Rac1",
    "Be8",
    "Nc3",
    "c6",
    "e4",
    "Nh5",
    "exd5",
    "Nxf4",
    "gxf4",
    "exd5",
    "cxd5",
    "Nb4",
    "Qb3",
    "f6",
    "Ng4",
    "cxd5",
    "a3",
    "h5",
    "Ne3",
    "Nc6",
    "Ncxd5",
    "Qd7",
    "f5",
    "g5",
    "Qd3",
    "Bf7",
    "b4",
    "Qd6",
    "b5",
    "Ne7",
    "Nc7",
    "Rab8",
    "Ne6",
    "Rdc8",
    "Nc4",
    "Qd7",
    "d5"
  ]
}