{
  "event": "Hainan Danzhou GM",
  "site": "Danzhou CHN",
  "date": "2015.07.09",
  "eventDate": "2015.07.02",
  "dateMillis": 1436371200000,
  "eventDateMillis": 1435766400000,
  "round": "7",
  "result": "1/2-1/2",
  "white": "Krishnan Sasikiran",
  "black": "Ding Liren",
  "isDingWin": false,
  "isDraw": true,
  "isDingBlack": true,
  "moves": [
    "d4",
    "Nf6",
    "c4",
    "g6",
    "Nc3",
    "Bg7",
    "e4",
    "d6",
    "Be3",
    "O-O",
    "f3",
    "c5",
    "Nge2",
    "Nc6",
    "d5",
    "Ne5",
    "Ng3",
    "e6",
    "Be2",
    "b5",
    "Nxb5",
    "exd5",
    "cxd5",
    "Rb8",
    "Qd2",
    "h5",
    "O-O",
    "h4",
    "Nh1",
    "h3",
    "Ng3",
    "hxg2",
    "Kxg2",
    "Qd7",
    "Nc3",
    "Kh7",
    "Kh1",
    "Rh8",
    "Rf2",
    "Kg8",
    "Rg1",
    "Qh3",
    "Bg5",
    "Rb4",
    "Bf1",
    "Qh7",
    "Nf5",
    "Bxf5",
    "exf5",
    "Bh6",
    "Rg3",
    "Rd4",
    "Qc1",
    "Bxg5",
    "Qxg5",
    "Rh4",
    "h3",
    "Qg7",
    "fxg6",
    "Nxg6",
    "Kg1",
    "R8h5",
    "Qc1",
    "Kh7",
    "Bg2",
    "Qh6",
    "Qxh6+",
    "Kxh6",
    "Ne4",
    "Ne8",
    "f4",
    "f5",
    "Ng5",
    "Nxf4",
    "Nf7+",
    "Kh7",
    "Ng5+",
    "Kh6",
    "Nf7+",
    "Kh7",
    "Bf1",
    "Nf6",
    "Nxd6",
    "Nxh3+",
    "Bxh3",
    "Rxh3",
    "Rxh3",
    "Rxh3",
    "Rxf5",
    "Kg6",
    "Re5",
    "Rd3",
    "Re6",
    "Rxd5",
    "Ne8",
    "Kf7",
    "Rxf6+",
    "Kxe8",
    "Ra6",
    "Rd1+",
    "Kf2",
    "Rd2+",
    "Ke3",
    "Rxb2",
    "Rxa7",
    "Kd8"
  ]
}