{
  "event": "Ding Liren - Gelfand",
  "site": "Wenzhou CHN",
  "date": "2015.07.18",
  "eventDate": "2015.07.16",
  "dateMillis": 1437148800000,
  "eventDateMillis": 1436976000000,
  "round": "3",
  "result": "0-1",
  "white": "Boris Gelfand",
  "black": "Ding Liren",
  "isDingWin": true,
  "isDraw": false,
  "isDingBlack": true,
  "moves": [
    "d4",
    "d5",
    "c4",
    "e6",
    "Nf3",
    "Nf6",
    "g3",
    "Bb4+",
    "Bd2",
    "Bd6",
    "Nc3",
    "O-O",
    "Bg5",
    "c6",
    "Bg2",
    "h6",
    "Bxf6",
    "Qxf6",
    "O-O",
    "Bc7",
    "e3",
    "Nd7",
    "Qe2",
    "Qe7",
    "Rfd1",
    "Nf6",
    "e4",
    "dxc4",
    "e5",
    "Nd5",
    "Qxc4",
    "Rd8",
    "Ne4",
    "a5",
    "Rac1",
    "Bd7",
    "a3",
    "Be8",
    "Ne1",
    "b6",
    "Nd3",
    "Rac8",
    "Qc2",
    "Qf8",
    "Qe2",
    "Ne7",
    "Ne1",
    "Nf5",
    "Nf3",
    "Qe7",
    "Rc3",
    "Qf8",
    "h4",
    "Ne7",
    "Rcc1",
    "Bb8",
    "Qa6",
    "Nd5",
    "Nc3",
    "Nxc3",
    "Rxc3",
    "Bc7",
    "Rdc1",
    "Rb8",
    "Qe2",
    "b5",
    "Rd3",
    "Bb6",
    "Rcd1",
    "Qe7",
    "g4",
    "c5",
    "g5",
    "c4",
    "R3d2",
    "h5",
    "g6",
    "f6",
    "Ng5",
    "Bxg6",
    "Be4",
    "Bxe4",
    "Nxe4",
    "fxe5",
    "Qxh5",
    "Bxd4",
    "Ng5",
    "Qf6",
    "Qh7+",
    "Kf8",
    "Qe4",
    "Ke7",
    "Qc6",
    "Qf5",
    "Re1",
    "Rdc8",
    "Qg2",
    "Rd8",
    "Qc6",
    "Rb6",
    "Qg2",
    "g6",
    "Nf3",
    "b4",
    "axb4",
    "axb4",
    "Rde2",
    "c3",
    "bxc3",
    "Bxc3",
    "Nxe5",
    "Bxe1",
    "Rxe1",
    "b3",
    "Nc6+",
    "Rxc6",
    "Qxc6",
    "Rd2",
    "Qc7+",
    "Kf8",
    "Qc8+",
    "Kf7",
    "Qc7+",
    "Kg8",
    "Qb8+",
    "Kg7",
    "Qg3",
    "Rc2",
    "Qe3",
    "b2",
    "Qa7+",
    "Kh6",
    "Qe3+",
    "Kh5",
    "Kg2",
    "e5",
    "Qa7",
    "Kh6",
    "Qe3+",
    "Qf4",
    "Qxf4+",
    "exf4",
    "Rb1",
    "Kh5",
    "Kf3",
    "Kxh4",
    "Rh1+",
    "Kg5",
    "Rb1",
    "Rd2"
  ]
}