{
  "event": "Hainan Danzhou GM",
  "site": "Danzhou CHN",
  "date": "2015.07.10",
  "eventDate": "2015.07.02",
  "dateMillis": 1436457600000,
  "eventDateMillis": 1435766400000,
  "round": "8",
  "result": "1-0",
  "white": "Ding Liren",
  "black": "Lu Shanglei",
  "isDingWin": true,
  "isDraw": false,
  "isDingBlack": false,
  "moves": [
    "d4",
    "d5",
    "c4",
    "e6",
    "Nc3",
    "Nf6",
    "Bg5",
    "dxc4",
    "e3",
    "a6",
    "a4",
    "h6",
    "Bh4",
    "b6",
    "Bxc4",
    "Bb7",
    "Nf3",
    "c5",
    "O-O",
    "cxd4",
    "exd4",
    "Be7",
    "Qe2",
    "O-O",
    "Rad1",
    "Nc6",
    "Rfe1",
    "Nd5",
    "Bxd5",
    "Bxh4",
    "Be4",
    "Re8",
    "d5",
    "exd5",
    "Rxd5",
    "Qe7",
    "Qd2",
    "Qf6",
    "Rd7"
  ]
}