{
  "event": "Hainan Danzhou GM",
  "site": "Danzhou CHN",
  "date": "2015.07.11",
  "eventDate": "2015.07.02",
  "dateMillis": 1436544000000,
  "eventDateMillis": 1435766400000,
  "round": "9",
  "result": "1/2-1/2",
  "white": "Ni Hua",
  "black": "Ding Liren",
  "isDingWin": false,
  "isDraw": true,
  "isDingBlack": true,
  "moves": [
    "e4",
    "e5",
    "Nf3",
    "Nc6",
    "Bb5",
    "Nf6",
    "O-O",
    "Nxe4",
    "Re1",
    "Nd6",
    "Nxe5",
    "Be7",
    "Bf1",
    "Nxe5",
    "Rxe5",
    "O-O",
    "d4",
    "Ne8",
    "Re1",
    "d5",
    "Bf4",
    "Bd6",
    "Bxd6",
    "Nxd6",
    "Bd3",
    "Bf5",
    "c3",
    "c6",
    "Bxf5",
    "Nxf5",
    "Nd2",
    "Re8",
    "Rxe8+",
    "Qxe8",
    "Nf3",
    "Nd6",
    "Qc2",
    "Qd7",
    "Re1",
    "Re8",
    "Rxe8+",
    "Qxe8",
    "Kf1",
    "f6",
    "Qe2",
    "Qxe2+",
    "Kxe2",
    "Kf7",
    "Ne1",
    "g5",
    "g4",
    "Kg6",
    "Nd3",
    "h5",
    "h3",
    "hxg4",
    "hxg4",
    "f5",
    "f3",
    "fxg4",
    "fxg4",
    "Kf6",
    "Ne5",
    "Ke6",
    "Nf3",
    "Kf6",
    "Ne5",
    "Ke6",
    "Nf3",
    "Kf6",
    "Ne5",
    "Ke6"
  ]
}