{
  "event": "Ding Liren - Gelfand",
  "site": "Wenzhou CHN",
  "date": "2015.07.16",
  "eventDate": "2015.07.16",
  "dateMillis": 1436976000000,
  "eventDateMillis": 1436976000000,
  "round": "1",
  "result": "1/2-1/2",
  "white": "Boris Gelfand",
  "black": "Ding Liren",
  "isDingWin": false,
  "isDraw": true,
  "isDingBlack": true,
  "moves": [
    "d4",
    "Nf6",
    "c4",
    "g6",
    "Nc3",
    "Bg7",
    "e4",
    "d6",
    "Nf3",
    "O-O",
    "Be2",
    "e5",
    "O-O",
    "Nc6",
    "d5",
    "Ne7",
    "b4",
    "Nh5",
    "c5",
    "Nf4",
    "a4",
    "Bg4",
    "h3",
    "Bh5",
    "Bxf4",
    "exf4",
    "Rc1",
    "a5",
    "bxa5",
    "Bxf3",
    "Bxf3",
    "dxc5",
    "Qb3",
    "Rxa5",
    "Qxb7",
    "Nc8",
    "Nb5",
    "Nd6",
    "Qxc7",
    "Qxc7",
    "Nxc7",
    "Rc8",
    "Nb5",
    "Nxb5",
    "axb5",
    "Rxb5",
    "Rc4",
    "Bd4",
    "Rfc1",
    "Rcb8",
    "Kf1",
    "Kf8",
    "R4c2",
    "Ke7",
    "e5",
    "Bxe5",
    "Rxc5",
    "Rxc5",
    "Rxc5",
    "Rb1+",
    "Ke2",
    "Rb2+",
    "Ke1",
    "Bd4",
    "d6+",
    "Ke6",
    "Rd5",
    "Bxf2+",
    "Kd1",
    "Bb6",
    "d7",
    "Ke7",
    "Kc1",
    "Ra2",
    "Rb5",
    "Bd8",
    "Rb4",
    "Kxd7",
    "Rxf4",
    "f5",
    "Rd4+",
    "Ke7",
    "Kb1",
    "Ra6",
    "Rc4",
    "Ra5",
    "Rc6",
    "Kf7",
    "Kc2",
    "Kg7",
    "Kd3",
    "Kh6",
    "Rc8",
    "Be7",
    "Ra8",
    "Re5",
    "Ra2",
    "Re1",
    "Be2",
    "Bc5",
    "Ra5",
    "Bf2",
    "g4",
    "f4",
    "g5+",
    "Kg7",
    "Kd2",
    "Rh1",
    "Rb5",
    "Be1+",
    "Kd1",
    "Bf2+",
    "Kd2",
    "Rxh3",
    "Bc4",
    "Bh4",
    "Kc2",
    "h5",
    "Rb7+",
    "Kf8",
    "Rf7+",
    "Ke8",
    "Rxf4",
    "Bxg5",
    "Rf1",
    "Rh2+",
    "Kb3",
    "Ke7",
    "Bd3",
    "h4",
    "Bxg6",
    "Re2",
    "Rf3",
    "Re3+"
  ]
}