{
  "event": "Ding Liren - Gelfand",
  "site": "Wenzhou CHN",
  "date": "2015.07.19",
  "eventDate": "2015.07.16",
  "dateMillis": 1437235200000,
  "eventDateMillis": 1436976000000,
  "round": "4",
  "result": "1-0",
  "white": "Ding Liren",
  "black": "Boris Gelfand",
  "isDingWin": true,
  "isDraw": false,
  "isDingBlack": false,
  "moves": [
    "d4",
    "d5",
    "c4",
    "c6",
    "Nf3",
    "Nf6",
    "Nc3",
    "e6",
    "e3",
    "Nbd7",
    "Qc2",
    "Bd6",
    "Bd3",
    "O-O",
    "O-O",
    "dxc4",
    "Bxc4",
    "b5",
    "Bd3",
    "Bb7",
    "a3",
    "h6",
    "Rd1",
    "a6",
    "b4",
    "a5",
    "Rb1",
    "axb4",
    "axb4",
    "Nd5",
    "Nxd5",
    "exd5",
    "Bh7+",
    "Kh8",
    "Bf5",
    "Re8",
    "Bd2",
    "Nb6",
    "Ne5",
    "Bxe5",
    "dxe5",
    "Rxe5",
    "Bc3",
    "Re8",
    "Ra1",
    "Qe7",
    "Bd4",
    "Nc4",
    "Qc3",
    "Qg5",
    "Bc2",
    "Kg8",
    "Rxa8",
    "Rxa8",
    "Ra1",
    "Rxa1+",
    "Qxa1",
    "Qg4",
    "h3",
    "Qe2",
    "Bf5",
    "Nd6",
    "Bg4",
    "Qd2",
    "Qa7",
    "h5",
    "Qb8+",
    "Kh7",
    "Bxh5",
    "Ne4",
    "Qf4",
    "Qe1+",
    "Kh2",
    "Qxf2",
    "Bxf7",
    "Qxf4+",
    "exf4",
    "Nd6",
    "Be6",
    "Bc8",
    "Bxc8",
    "Nxc8",
    "Bc5",
    "Kg6",
    "g4",
    "Kf7",
    "f5",
    "Kf6",
    "h4",
    "Ke5",
    "h5",
    "d4",
    "Kg3"
  ]
}