{
  "event": "Hainan Danzhou GM",
  "site": "Danzhou CHN",
  "date": "2015.07.07",
  "eventDate": "2015.07.02",
  "dateMillis": 1436198400000,
  "eventDateMillis": 1435766400000,
  "round": "6",
  "result": "1-0",
  "white": "Ding Liren",
  "black": "Yu Yangyi",
  "isDingWin": true,
  "isDraw": false,
  "isDingBlack": false,
  "moves": [
    "d4",
    "Nf6",
    "c4",
    "e6",
    "Nf3",
    "d5",
    "Nc3",
    "Bb4",
    "cxd5",
    "exd5",
    "Bg5",
    "h6",
    "Bh4",
    "c5",
    "e3",
    "c4",
    "Be2",
    "Bf5",
    "O-O",
    "Bxc3",
    "bxc3",
    "O-O",
    "Nd2",
    "g5",
    "Bg3",
    "Re8",
    "Be5",
    "Nc6",
    "f4",
    "Ne4",
    "Nxe4",
    "Bxe4",
    "Bh5",
    "Rf8",
    "Qg4",
    "Qe7",
    "fxg5",
    "Nxe5",
    "dxe5",
    "Qxg5",
    "Rf4",
    "Rae8",
    "Raf1",
    "Qxg4",
    "Rxg4+",
    "Kh8",
    "Rxf7",
    "Rxf7",
    "Bxf7",
    "Rxe5",
    "Rg8+",
    "Kh7",
    "Rb8",
    "Re7",
    "Bh5",
    "Kg7",
    "Kf2",
    "Kf6",
    "Bf3",
    "Ke5",
    "a4",
    "Rf7",
    "Ke2",
    "Bf5",
    "h4",
    "b6",
    "Re8+",
    "Kd6",
    "Rh8",
    "Rh7",
    "Rd8+",
    "Rd7",
    "Rf8",
    "Ke5",
    "g4",
    "Bc2",
    "Kd2",
    "Bxa4",
    "Rf5+",
    "Kd6",
    "Rf6+",
    "Kc5",
    "Rxh6",
    "Rf7",
    "Be2",
    "Rf2",
    "g5",
    "Bc2",
    "Ke1",
    "Rf8",
    "Bg4",
    "Bd3",
    "Rf6",
    "Rxf6",
    "gxf6",
    "Kd6",
    "h5",
    "a5",
    "f7",
    "Ke7",
    "Be6",
    "a4",
    "Kd2",
    "Be4",
    "h6",
    "a3",
    "Kc1",
    "b5",
    "Bxd5",
    "a2",
    "Kb2",
    "Bb1",
    "h7"
  ]
}