{
  "event": "Hainan Danzhou GM",
  "site": "Danzhou CHN",
  "date": "2015.07.06",
  "eventDate": "2015.07.02",
  "dateMillis": 1436112000000,
  "eventDateMillis": 1435766400000,
  "round": "5",
  "result": "1-0",
  "white": "Wang Yue",
  "black": "Ding Liren",
  "isDingWin": false,
  "isDraw": false,
  "isDingBlack": true,
  "moves": [
    "d4",
    "Nf6",
    "c4",
    "g6",
    "Nc3",
    "Bg7",
    "e4",
    "d6",
    "Be2",
    "O-O",
    "Bg5",
    "c5",
    "d5",
    "e6",
    "Nf3",
    "exd5",
    "cxd5",
    "h6",
    "Bh4",
    "g5",
    "Bg3",
    "Nh5",
    "Nd2",
    "Nxg3",
    "hxg3",
    "Nd7",
    "Nc4",
    "Nf6",
    "a4",
    "b6",
    "Qc2",
    "Re8",
    "O-O",
    "a6",
    "Rfe1",
    "Rb8",
    "Ne3",
    "Qe7",
    "Bd3",
    "h5",
    "e5",
    "dxe5",
    "Ne4",
    "Ng4",
    "Nxg4",
    "Bxg4",
    "d6",
    "Qd8",
    "Bxa6",
    "f5",
    "f3",
    "fxe4",
    "fxg4",
    "Qxd6",
    "Rad1",
    "Qh6",
    "gxh5",
    "e3",
    "Qe4",
    "Red8",
    "Rxd8+",
    "Rxd8",
    "g4",
    "Qf6",
    "Rf1",
    "Rd4",
    "Qxe3",
    "Rf4",
    "b3",
    "Qd8",
    "Rxf4",
    "gxf4",
    "Qd3",
    "Qh4",
    "Qd5+",
    "Kf8",
    "Qd6+",
    "Kg8",
    "Qe6+",
    "Kf8",
    "Qd6+",
    "Kg8",
    "Bc4+",
    "Kh8",
    "Qb8+",
    "Kh7",
    "Bd3+",
    "Kh6",
    "Qd6+",
    "Qf6",
    "Qxf6+",
    "Bxf6",
    "Kf2",
    "Bh4+",
    "Kf3",
    "Kg5",
    "Be2",
    "Be1",
    "Ke4",
    "Bc3",
    "Bf3",
    "Bb4",
    "Kxe5",
    "Bc3+",
    "Kd5",
    "Bd2",
    "Kc6",
    "Ba5",
    "Bd1",
    "Kh6",
    "b4",
    "cxb4",
    "Bb3",
    "Kg5",
    "Kd5"
  ]
}