{
  "event": "Hainan Danzhou GM",
  "site": "Danzhou CHN",
  "date": "2015.07.05",
  "eventDate": "2015.07.02",
  "dateMillis": 1436025600000,
  "eventDateMillis": 1435766400000,
  "round": "4",
  "result": "1/2-1/2",
  "white": "Ding Liren",
  "black": "Lazaro Bruzon Batista",
  "isDingWin": false,
  "isDraw": true,
  "isDingBlack": false,
  "moves": [
    "d4",
    "Nf6",
    "c4",
    "e6",
    "Nf3",
    "b6",
    "g3",
    "Bb7",
    "Bg2",
    "Bb4+",
    "Bd2",
    "Be7",
    "Nc3",
    "c6",
    "O-O",
    "d5",
    "Qb3",
    "O-O",
    "Rfd1",
    "Nbd7",
    "Bg5",
    "Rc8",
    "Rac1",
    "h6",
    "Bxf6",
    "Bxf6",
    "e4",
    "dxc4",
    "Qxc4",
    "c5",
    "d5",
    "exd5",
    "Nxd5",
    "Bxb2",
    "Rb1",
    "Bd4",
    "Nxd4",
    "cxd4",
    "Qxd4",
    "Nc5",
    "Qe3",
    "Bxd5",
    "Rxd5",
    "Qe7",
    "Rbd1",
    "Rfd8",
    "e5",
    "Rxd5",
    "Bxd5",
    "Rd8",
    "f4",
    "Ne6",
    "f5",
    "Nc7",
    "Bb3",
    "Rxd1+",
    "Bxd1",
    "Nd5",
    "Qd4",
    "Qc5",
    "Qxc5",
    "bxc5",
    "Bb3",
    "Ne3",
    "e6",
    "Kf8",
    "Kf2",
    "Nxf5",
    "exf7",
    "Ke7",
    "a4",
    "g5",
    "g4",
    "Nd6",
    "Ke3",
    "a5",
    "Kd3",
    "Kf8",
    "Bd5",
    "Ke7"
  ]
}