{
  "event": "Hainan Danzhou GM",
  "site": "Danzhou CHN",
  "date": "2015.07.02",
  "eventDate": "2015.07.02",
  "dateMillis": 1435766400000,
  "eventDateMillis": 1435766400000,
  "round": "1.2",
  "result": "1/2-1/2",
  "white": "Ding Liren",
  "black": "Wei Yi",
  "isDingWin": false,
  "isDraw": true,
  "isDingBlack": false,
  "moves": [
    "c4",
    "g6",
    "e4",
    "e5",
    "Nf3",
    "Bg7",
    "d4",
    "exd4",
    "Nxd4",
    "Nf6",
    "Nc3",
    "O-O",
    "Be2",
    "Re8",
    "f3",
    "c6",
    "Bf4",
    "d5",
    "cxd5",
    "cxd5",
    "Ndb5",
    "Na6",
    "O-O",
    "d4",
    "Nd5",
    "Nxd5",
    "exd5",
    "d3",
    "Bxd3",
    "Qxd5",
    "Nd6",
    "Qd4+",
    "Kh1",
    "Rd8",
    "Be4",
    "Nc5",
    "Nb5",
    "Qxd1",
    "Raxd1",
    "Be6",
    "Nc7",
    "Nxe4",
    "fxe4",
    "Bg4",
    "Rd5",
    "Rac8",
    "b3",
    "Be6",
    "Rxd8+",
    "Rxd8",
    "Nxe6",
    "fxe6",
    "h3",
    "Rf8",
    "Rf3",
    "Rd8",
    "Rf1",
    "Rf8",
    "Rf3",
    "Rd8"
  ]
}