{
  "event": "Ding Liren - Gelfand",
  "site": "Wenzhou CHN",
  "date": "2015.07.17",
  "eventDate": "2015.07.16",
  "dateMillis": 1437062400000,
  "eventDateMillis": 1436976000000,
  "round": "2",
  "result": "1/2-1/2",
  "white": "Ding Liren",
  "black": "Boris Gelfand",
  "isDingWin": false,
  "isDraw": true,
  "isDingBlack": false,
  "moves": [
    "d4",
    "Nf6",
    "c4",
    "g6",
    "f3",
    "d5",
    "cxd5",
    "Nxd5",
    "e4",
    "Nb6",
    "Nc3",
    "Bg7",
    "Be3",
    "O-O",
    "Qd2",
    "e5",
    "d5",
    "c6",
    "h4",
    "cxd5",
    "exd5",
    "N8d7",
    "h5",
    "Nf6",
    "hxg6",
    "fxg6",
    "O-O-O",
    "Bd7",
    "Kb1",
    "Rc8",
    "d6",
    "e4",
    "Bh6",
    "Na4",
    "Nd5",
    "Nxd5",
    "Qxd5+",
    "Kh8",
    "Bxg7+",
    "Kxg7",
    "fxe4",
    "Qb6",
    "Qe5+",
    "Kg8",
    "Qd5+",
    "Kg7",
    "Qe5+",
    "Kg8",
    "Qd5+"
  ]
}