{
  "event": "China - Russia Challenge",
  "site": "Heixiazi CHN",
  "date": "2015.07.30",
  "eventDate": "2015.07.29",
  "dateMillis": 1438185600000,
  "eventDateMillis": 1438099200000,
  "round": "2.2",
  "result": "0-1",
  "white": "Ding Liren",
  "black": "Sergey Karjakin",
  "isDingWin": false,
  "isDraw": false,
  "isDingBlack": false,
  "moves": [
    "c4",
    "Nf6",
    "Nf3",
    "c5",
    "Nc3",
    "Nc6",
    "d4",
    "cxd4",
    "Nxd4",
    "e6",
    "Nxc6",
    "bxc6",
    "e4",
    "e5",
    "Be3",
    "Bb4",
    "Bd3",
    "d6",
    "O-O",
    "O-O",
    "Qc2",
    "Ng4",
    "Bd2",
    "Bc5",
    "h3",
    "Nf6",
    "Rab1",
    "a5",
    "a3",
    "Be6",
    "b4",
    "axb4",
    "axb4",
    "Bb6",
    "Rfd1",
    "Nd7",
    "Be1",
    "Qc7",
    "Bf1",
    "Bd4",
    "Ne2",
    "c5",
    "Nxd4",
    "cxd4",
    "Ra1",
    "h6",
    "b5",
    "Rfc8",
    "Bb4",
    "Qb6",
    "Rxa8",
    "Rxa8",
    "Qb2",
    "Nc5",
    "Ra1",
    "Rb8",
    "f3",
    "f5",
    "exf5",
    "Bxf5",
    "Kh2",
    "Kh7",
    "Ra3",
    "Qc7",
    "Qa1",
    "Rb7",
    "Ra8",
    "Bc2"
  ]
}