{
  "event": "China - Russia Challenge",
  "site": "Heixiazi CHN",
  "date": "2015.07.30",
  "eventDate": "2015.07.29",
  "dateMillis": 1438185600000,
  "eventDateMillis": 1438099200000,
  "round": "2.1",
  "result": "1/2-1/2",
  "white": "Ding Liren",
  "black": "Sergey Karjakin",
  "isDingWin": false,
  "isDraw": true,
  "isDingBlack": false,
  "moves": [
    "d4",
    "Nf6",
    "c4",
    "e6",
    "Nf3",
    "b6",
    "g3",
    "Ba6",
    "b3",
    "Bb4+",
    "Bd2",
    "Be7",
    "Bg2",
    "c6",
    "Bc3",
    "d5",
    "Ne5",
    "Nfd7",
    "Nxd7",
    "Nxd7",
    "Nd2",
    "O-O",
    "O-O",
    "Rc8",
    "Rc1",
    "c5",
    "dxc5",
    "dxc4",
    "c6",
    "Nb8",
    "Bb2",
    "Nxc6",
    "Nxc4",
    "Nb4",
    "a3",
    "Nd5",
    "Ne5",
    "Qd6",
    "Qd4",
    "Bf6",
    "Bf3",
    "Bb7",
    "Rc4",
    "Ba6",
    "Rcc1",
    "Bxe5",
    "Qxe5",
    "Qxe5",
    "Bxe5",
    "f6",
    "Bb2",
    "Kf7",
    "Rfd1",
    "Rxc1",
    "Rxc1",
    "Rc8",
    "Rxc8",
    "Bxc8",
    "e4",
    "Ne7",
    "Bd1",
    "e5",
    "Kf1",
    "Be6",
    "Ke2",
    "g5",
    "Kd3",
    "g4",
    "Bc1",
    "Nc8",
    "Be3",
    "Ke7",
    "a4",
    "Kd7",
    "a5",
    "Kc6",
    "axb6",
    "axb6",
    "Bh6",
    "Kd7",
    "Bg7",
    "Ke7",
    "Bh6",
    "Kd7",
    "Bg7",
    "Ke7",
    "Bh6"
  ]
}