{
  "event": "China - Russia Challenge",
  "site": "Heixiazi CHN",
  "date": "2015.07.30",
  "eventDate": "2015.07.29",
  "dateMillis": 1438185600000,
  "eventDateMillis": 1438099200000,
  "round": "2.3",
  "result": "0-1",
  "white": "Sergey Karjakin",
  "black": "Ding Liren",
  "isDingWin": true,
  "isDraw": false,
  "isDingBlack": true,
  "moves": [
    "e4",
    "d6",
    "d4",
    "Nf6",
    "Nc3",
    "g6",
    "f4",
    "Bg7",
    "Bd3",
    "Nc6",
    "Nf3",
    "Bg4",
    "e5",
    "Bxf3",
    "gxf3",
    "Nh5",
    "Be3",
    "O-O",
    "Qd2",
    "dxe5",
    "dxe5",
    "e6",
    "O-O-O",
    "Qh4",
    "Rdg1",
    "Rad8",
    "Rg4",
    "Qe7",
    "Qf2",
    "b6",
    "a3",
    "f5",
    "exf6",
    "Nxf6",
    "Rh4",
    "Nd5",
    "Nxd5",
    "exd5",
    "Kb1",
    "Qf6",
    "Bc1",
    "Nd4",
    "Rg4",
    "c5",
    "f5",
    "Nxf5",
    "h4",
    "c4",
    "Bxf5",
    "Qxf5",
    "Rhg1",
    "d4",
    "h5",
    "Qxh5",
    "f4",
    "Qd5",
    "Rg5",
    "Qd7",
    "Qh2",
    "d3",
    "Rh1",
    "Bf6",
    "Rg3",
    "Rf7",
    "Rh3",
    "d2"
  ]
}