{
  "event": "China - Russia Challenge",
  "site": "Heixiazi CHN",
  "date": "2015.07.30",
  "eventDate": "2015.07.29",
  "dateMillis": 1438185600000,
  "eventDateMillis": 1438099200000,
  "round": "2.4",
  "result": "1/2-1/2",
  "white": "Ding Liren",
  "black": "Sergey Karjakin",
  "isDingWin": false,
  "isDraw": true,
  "isDingBlack": false,
  "moves": [
    "c4",
    "Nf6",
    "Nc3",
    "e5",
    "Nf3",
    "Nc6",
    "g3",
    "d5",
    "cxd5",
    "Nxd5",
    "Bg2",
    "Nb6",
    "O-O",
    "Be7",
    "Rb1",
    "a5",
    "d3",
    "O-O",
    "Be3",
    "Be6",
    "Bxb6",
    "cxb6",
    "Qa4",
    "f5",
    "Rfd1",
    "Bf6",
    "Rbc1",
    "Kh8",
    "e3",
    "Bf7",
    "d4",
    "e4",
    "Nd2",
    "Nb4",
    "Bf1",
    "Bh5",
    "Re1",
    "Be8",
    "Qd1",
    "a4",
    "a3",
    "Nd5",
    "Nxd5",
    "Qxd5",
    "Nc4",
    "Ra6",
    "Ne5",
    "Ra8",
    "Nc4",
    "Ra6",
    "Nd2",
    "Ra8",
    "Nb1",
    "Qa5",
    "Nc3",
    "Be7",
    "Ne2",
    "b5",
    "Nf4",
    "Bf7",
    "Qe2",
    "b4",
    "axb4",
    "Qxb4",
    "Rc3",
    "Rfc8",
    "Rec1",
    "Rxc3",
    "Rxc3",
    "Bd6",
    "Qc2",
    "g6",
    "Bc4",
    "Bxc4",
    "Rxc4",
    "Qb5",
    "Ne6",
    "Qd7",
    "Nc5",
    "Bxc5",
    "Rxc5",
    "b5",
    "Qc3",
    "Kg8",
    "d5",
    "Qd6",
    "Rc7",
    "Qf8",
    "d6",
    "Rd8",
    "Qe5",
    "Rxd6",
    "Qxb5",
    "Rd8",
    "Qxa4",
    "Qd6",
    "Qc4+",
    "Qd5",
    "b4",
    "Qxc4",
    "Rxc4",
    "Rd1+",
    "Kg2",
    "Rb1",
    "g4",
    "Kg7",
    "g5",
    "h6",
    "h4",
    "hxg5",
    "hxg5",
    "Kf7",
    "Kg3",
    "Ke6",
    "Rc6+",
    "Kf7",
    "Kf4",
    "Rg1",
    "Rc7+",
    "Ke6",
    "Rc6+",
    "Kd5",
    "Rc5+",
    "Ke6",
    "f3",
    "exf3",
    "Kxf3",
    "Rxg5",
    "Rc1",
    "Rg4",
    "Rb1",
    "Kd6",
    "b5",
    "Kc7",
    "b6+",
    "Kb7",
    "Rb5",
    "Re4",
    "Rb2",
    "Re6",
    "Kf4",
    "Re4+",
    "Kg5",
    "Rxe3",
    "Kxg6",
    "Re6+",
    "Kxf5",
    "Rxb6",
    "Rxb6+",
    "Kxb6"
  ]
}