{
  "event": "World Cup",
  "site": "Baku AZE",
  "date": "2015.09.12",
  "eventDate": "2015.09.11",
  "dateMillis": 1441987200000,
  "eventDateMillis": 1441900800000,
  "round": "1.2",
  "result": "1/2-1/2",
  "white": "Ding Liren",
  "black": "Tomas Krnan",
  "isDingWin": false,
  "isDraw": true,
  "isDingBlack": false,
  "moves": [
    "d4",
    "Nf6",
    "c4",
    "g6",
    "g3",
    "Bg7",
    "Bg2",
    "O-O",
    "Nc3",
    "d6",
    "Nf3",
    "Nc6",
    "O-O",
    "a6",
    "Bf4",
    "Rb8",
    "Rc1",
    "h6",
    "d5",
    "e5",
    "dxe6",
    "Bxe6",
    "b3",
    "Re8",
    "Qd2",
    "g5",
    "Be3",
    "Ng4",
    "Bd4",
    "Nge5",
    "Be3",
    "Ng4",
    "Bd4",
    "Nge5",
    "Be3",
    "Ng4"
  ]
}