{
  "event": "World Cup",
  "site": "Baku AZE",
  "date": "2015.09.11",
  "eventDate": "2015.09.11",
  "dateMillis": 1441900800000,
  "eventDateMillis": 1441900800000,
  "round": "1.1",
  "result": "0-1",
  "white": "Tomas Krnan",
  "black": "Ding Liren",
  "isDingWin": true,
  "isDraw": false,
  "isDingBlack": true,
  "moves": [
    "e4",
    "c6",
    "d4",
    "d5",
    "Nc3",
    "dxe4",
    "Nxe4",
    "Bf5",
    "Ng3",
    "Bg6",
    "h4",
    "h6",
    "Nf3",
    "e6",
    "Ne5",
    "Bh7",
    "Bd3",
    "Bxd3",
    "Qxd3",
    "Nd7",
    "f4",
    "Bb4+",
    "c3",
    "Be7",
    "Bd2",
    "Ngf6",
    "O-O-O",
    "O-O",
    "Ne4",
    "Nxe4",
    "Qxe4",
    "Nf6",
    "Qe2",
    "h5",
    "g4",
    "Nxg4",
    "Nxg4",
    "hxg4",
    "Qxg4",
    "Qd5",
    "Rhg1",
    "Bf6",
    "h5",
    "Rad8",
    "Rg2",
    "Kh7",
    "a3",
    "Rh8",
    "Rf1",
    "Qc4",
    "Qf3",
    "Rxd4",
    "f5",
    "Rd3",
    "Qe2",
    "Rhd8",
    "fxe6",
    "Qxe6",
    "Qxe6",
    "fxe6",
    "Kc2",
    "R3d5",
    "h6",
    "Rf5",
    "Re1",
    "gxh6",
    "Rxe6",
    "h5",
    "Rh2",
    "Kg6",
    "Be1",
    "Kf7",
    "Re4",
    "Re8",
    "Rxe8",
    "Kxe8",
    "Kd3",
    "Kf7",
    "Bf2",
    "a6",
    "Ke4",
    "Re5+",
    "Kf3",
    "Kg6",
    "Be3",
    "h4",
    "Bf4",
    "Re1",
    "Kg4",
    "Rg1+",
    "Kh3",
    "Kf5",
    "Rf2",
    "Ke6",
    "Rd2",
    "Re1",
    "Bc7",
    "Be7",
    "Bf4",
    "Re4",
    "Bc7",
    "b5",
    "Bb6",
    "a5",
    "Bc7",
    "a4",
    "Bb8",
    "Re1",
    "Bc7",
    "Re3+",
    "Kg4",
    "Re4+",
    "Kf3",
    "Kf5",
    "Bh2",
    "Bg5",
    "Rd6",
    "Re3+",
    "Kf2",
    "Re6",
    "Rd1",
    "Kg4",
    "Bc7",
    "Be3+",
    "Kg2",
    "Bc5",
    "Rd2",
    "Re1",
    "c4",
    "h3+"
  ]
}