{
  "event": "World Cup",
  "site": "Baku AZE",
  "date": "2015.09.15",
  "eventDate": "2015.09.11",
  "dateMillis": 1442246400000,
  "eventDateMillis": 1441900800000,
  "round": "2.2",
  "result": "1/2-1/2",
  "white": "Ernesto Inarkiev",
  "black": "Ding Liren",
  "isDingWin": false,
  "isDraw": true,
  "isDingBlack": true,
  "moves": [
    "d4",
    "Nf6",
    "c4",
    "e6",
    "Nf3",
    "d5",
    "g3",
    "Bb4+",
    "Bd2",
    "Be7",
    "Bg2",
    "O-O",
    "O-O",
    "Nbd7",
    "b3",
    "c6",
    "Nc3",
    "b6",
    "Re1",
    "Bb7",
    "Bf4",
    "Bb4",
    "Qc2",
    "dxc4",
    "bxc4",
    "c5",
    "a3",
    "Bxc3",
    "Qxc3",
    "Qc8",
    "Rad1",
    "Re8",
    "Ne5",
    "Bxg2",
    "Kxg2",
    "cxd4",
    "Qxd4",
    "Nxe5",
    "Bxe5",
    "Rd8",
    "Qh4",
    "Nd7",
    "Bd6",
    "Qc6+",
    "f3",
    "Nf8",
    "Bb4",
    "Rd7",
    "Rxd7",
    "Qxd7",
    "c5",
    "a5",
    "Bc3",
    "Rc8",
    "Qd4",
    "Qxd4",
    "Bxd4",
    "bxc5",
    "Bc3",
    "Rb8",
    "a4",
    "Rb3",
    "Bxa5",
    "Ra3",
    "Rc1",
    "Rxa4",
    "Rxc5",
    "f6",
    "g4",
    "e5",
    "Kf2",
    "Ne6",
    "Rc8+",
    "Kf7",
    "Bd2",
    "Ra2",
    "Be3",
    "g5",
    "Rb8",
    "Nf4",
    "Bxf4",
    "exf4",
    "h4",
    "h6",
    "Rb7+",
    "Kg8",
    "Rc7",
    "Ra1",
    "h5",
    "Ra5",
    "e4",
    "fxe3+",
    "Kxe3",
    "f5",
    "Kd4",
    "fxg4",
    "fxg4",
    "Ra4+",
    "Rc4",
    "Ra5",
    "Ke4",
    "Kf7",
    "Rc7+",
    "Kf6",
    "Rc6+",
    "Kg7",
    "Rg6+",
    "Kh7",
    "Rd6",
    "Kg7",
    "Rd4",
    "Kf6",
    "Rb4",
    "Ra6",
    "Rc4",
    "Ke6",
    "Rd4",
    "Ra1",
    "Rb4",
    "Re1+",
    "Kf3",
    "Rf1+",
    "Ke3",
    "Re1+",
    "Kf2",
    "Rd1",
    "Ke2",
    "Rd5",
    "Ke3",
    "Re5+",
    "Kf3",
    "Ra5",
    "Re4+",
    "Re5",
    "Ra4",
    "Rb5",
    "Ra3",
    "Rb4",
    "Re3+",
    "Kf6",
    "Re4",
    "Rxe4",
    "Kxe4"
  ]
}