{
  "event": "World Cup",
  "site": "Baku AZE",
  "date": "2015.09.20",
  "eventDate": "2015.09.11",
  "dateMillis": 1442678400000,
  "eventDateMillis": 1441900800000,
  "round": "4.1",
  "result": "1-0",
  "white": "Ding Liren",
  "black": "Wei Yi",
  "isDingWin": true,
  "isDraw": false,
  "isDingBlack": false,
  "moves": [
    "Nf3",
    "Nf6",
    "c4",
    "g6",
    "Nc3",
    "d5",
    "cxd5",
    "Nxd5",
    "h4",
    "Bg7",
    "h5",
    "Nc6",
    "g3",
    "Bg4",
    "h6",
    "Bxc3",
    "dxc3",
    "Qd6",
    "Bg2",
    "O-O-O",
    "Ng5",
    "Ne5",
    "Qa4",
    "Nb6",
    "Qd4",
    "f6",
    "Bf4",
    "Qxd4",
    "cxd4",
    "Nc6",
    "Nf7",
    "Nxd4",
    "Rc1",
    "e5",
    "Rh4",
    "exf4",
    "Nxd8",
    "f3",
    "exf3",
    "Nxf3+",
    "Bxf3",
    "Re8+",
    "Kd2",
    "Bxf3",
    "Nf7",
    "Bc6",
    "b4",
    "a6",
    "a4",
    "Nxa4",
    "Re1",
    "Nb6",
    "Rg4",
    "Rg8",
    "Re7",
    "Nd5",
    "Nd6+",
    "cxd6",
    "Rxh7",
    "g5",
    "Re4",
    "Rg6",
    "Re6",
    "g4",
    "Rxd6",
    "Nxb4",
    "Rh8+",
    "Kc7",
    "Rd4",
    "Nd5",
    "h7",
    "Rh6",
    "Rxg4",
    "Ne7",
    "Rg7",
    "Kd7",
    "Rf8"
  ]
}