{
  "event": "World Cup",
  "site": "Baku AZE",
  "date": "2015.09.22",
  "eventDate": "2015.09.11",
  "dateMillis": 1442851200000,
  "eventDateMillis": 1441900800000,
  "round": "4.4",
  "result": "1/2-1/2",
  "white": "Ding Liren",
  "black": "Wei Yi",
  "isDingWin": false,
  "isDraw": true,
  "isDingBlack": false,
  "moves": [
    "c4",
    "Nf6",
    "Nc3",
    "c5",
    "g3",
    "g6",
    "Bg2",
    "Bg7",
    "e3",
    "O-O",
    "Nge2",
    "e6",
    "b3",
    "d5",
    "Ba3",
    "Qa5",
    "Na4",
    "Nbd7",
    "O-O",
    "a6",
    "d4",
    "b5",
    "Bxc5",
    "bxa4",
    "b4",
    "Qc7",
    "Bxf8",
    "Nxf8",
    "c5",
    "Bd7",
    "Nc3",
    "Bb5",
    "Re1",
    "Qc6",
    "a3",
    "Rd8",
    "Ra2",
    "g5",
    "f4",
    "gxf4",
    "exf4",
    "Ng6",
    "Rf2",
    "Ne7",
    "g4",
    "Ne4",
    "Nxe4",
    "dxe4",
    "Rxe4",
    "Qd7",
    "Rd2",
    "Bc6",
    "d5",
    "Bxd5",
    "f5",
    "Nc6",
    "g5",
    "Qc7",
    "f6",
    "Bxe4",
    "Rxd8+",
    "Nxd8",
    "Bxe4",
    "Bf8",
    "Qh5",
    "h6",
    "g6",
    "Qd7",
    "Kf1",
    "fxg6",
    "Qxg6+",
    "Kh8",
    "h4",
    "a5",
    "bxa5",
    "Nc6",
    "f7",
    "Qd1+",
    "Kg2",
    "Qe2+",
    "Kg3",
    "Qe3+",
    "Kg2",
    "Qd2+",
    "Kh3",
    "Qc3+",
    "Kg2",
    "Qd2+",
    "Kh3",
    "Qe3+",
    "Kg2",
    "Qe2+",
    "Kg3",
    "Qe3+"
  ]
}