{
  "event": "World Cup",
  "site": "Baku AZE",
  "date": "2015.09.22",
  "eventDate": "2015.09.11",
  "dateMillis": 1442851200000,
  "eventDateMillis": 1441900800000,
  "round": "4.5",
  "result": "1/2-1/2",
  "white": "Wei Yi",
  "black": "Ding Liren",
  "isDingWin": false,
  "isDraw": true,
  "isDingBlack": true,
  "moves": [
    "e4",
    "e5",
    "Bc4",
    "Nf6",
    "d3",
    "c6",
    "Nf3",
    "d5",
    "Bb3",
    "Bb4+",
    "Bd2",
    "Bxd2+",
    "Qxd2",
    "dxe4",
    "Nxe5",
    "O-O",
    "dxe4",
    "Qe7",
    "Qf4",
    "Nh5",
    "Bxf7+",
    "Kh8",
    "Qg3",
    "Rxf7",
    "Nxf7+",
    "Qxf7",
    "Qd6",
    "Be6",
    "Nc3",
    "Nd7",
    "O-O-O",
    "Re8",
    "Rhf1",
    "Bc4",
    "Rfe1",
    "Ne5",
    "b3",
    "Ba6",
    "Kb1",
    "h6",
    "f3",
    "Nf4",
    "Rd2",
    "Kh7",
    "Red1",
    "Re6",
    "Qb8",
    "Qf6",
    "Na4",
    "Be2",
    "Rc1",
    "b6",
    "Nc3",
    "Ba6",
    "Rcd1",
    "Nc4",
    "bxc4",
    "Qxc3",
    "Qxf4",
    "Qb4+",
    "Ka1",
    "Qc3+"
  ]
}