{
  "event": "World Cup",
  "site": "Baku AZE",
  "date": "2015.09.22",
  "eventDate": "2015.09.11",
  "dateMillis": 1442851200000,
  "eventDateMillis": 1441900800000,
  "round": "4.6",
  "result": "0-1",
  "white": "Ding Liren",
  "black": "Wei Yi",
  "isDingWin": false,
  "isDraw": false,
  "isDingBlack": false,
  "moves": [
    "c4",
    "Nf6",
    "Nc3",
    "c5",
    "g3",
    "g6",
    "Bg2",
    "Bg7",
    "e3",
    "O-O",
    "Nge2",
    "e6",
    "b3",
    "d5",
    "Ba3",
    "Qa5",
    "Na4",
    "Nbd7",
    "O-O",
    "a6",
    "Qc1",
    "Ne4",
    "d4",
    "b6",
    "Bb2",
    "cxd4",
    "cxd5",
    "exd5",
    "Bxd4",
    "b5",
    "Bxg7",
    "Kxg7",
    "Nac3",
    "Bb7",
    "Qb2",
    "Ndf6",
    "Nxe4",
    "dxe4",
    "Rfd1",
    "Qb6",
    "Rd4",
    "Rad8",
    "Rad1",
    "Kg8",
    "Nc3",
    "Rxd4",
    "Rxd4",
    "Rd8",
    "Qd2",
    "Rxd4",
    "exd4",
    "Qe6",
    "Qf4",
    "Qc6",
    "h3",
    "Kg7",
    "Nd1",
    "Qc2",
    "Ne3",
    "Qxa2",
    "Qc7",
    "Ba8",
    "Qb8",
    "Qa1+",
    "Kh2",
    "Qe1",
    "Qf4",
    "Qc3",
    "Nf5+",
    "gxf5",
    "Qg5+",
    "Kf8",
    "Qxf6",
    "Bc6",
    "Qd6+",
    "Kg7",
    "d5",
    "Be8",
    "b4",
    "Qf6",
    "Qc7",
    "h6",
    "h4",
    "f4",
    "Bxe4",
    "fxg3+",
    "Kxg3",
    "Kf8",
    "Qc5+",
    "Kg8",
    "d6",
    "Bd7",
    "f3",
    "Qg7+",
    "Kf2",
    "Qf6",
    "h5",
    "Qf4",
    "Qd4",
    "Qh2+",
    "Ke1",
    "Qxh5",
    "Qf6",
    "Qg5",
    "Qe7",
    "Qxe7",
    "dxe7",
    "Kg7",
    "Bf5",
    "Bc6",
    "Be4",
    "Be8",
    "Bb7",
    "Kf6",
    "Bxa6",
    "Kxe7",
    "Bb7",
    "Kd6",
    "Kf2",
    "Bc6",
    "Bc8",
    "Kd5",
    "f4",
    "Kc4",
    "f5",
    "Kxb4",
    "f6",
    "Bd5"
  ]
}