{
  "event": "World Cup",
  "site": "Baku AZE",
  "date": "2015.09.14",
  "eventDate": "2015.09.11",
  "dateMillis": 1442160000000,
  "eventDateMillis": 1441900800000,
  "round": "2.1",
  "result": "1-0",
  "white": "Ding Liren",
  "black": "Ernesto Inarkiev",
  "isDingWin": true,
  "isDraw": false,
  "isDingBlack": false,
  "moves": [
    "c4",
    "e6",
    "Nc3",
    "d5",
    "d4",
    "Nf6",
    "cxd5",
    "exd5",
    "Bg5",
    "c6",
    "e3",
    "Be7",
    "Bd3",
    "Nbd7",
    "Nge2",
    "Nh5",
    "Bxe7",
    "Qxe7",
    "Qd2",
    "Nb6",
    "f3",
    "g6",
    "O-O",
    "O-O",
    "Rae1",
    "Be6",
    "e4",
    "dxe4",
    "fxe4",
    "Rad8",
    "b3",
    "Bg4",
    "Qe3",
    "f6",
    "a4",
    "Qb4",
    "Bc2",
    "Bxe2",
    "Nxe2",
    "Ng7",
    "Rd1",
    "Qe7",
    "Qc3",
    "a6",
    "Nf4",
    "Kh8",
    "Qh3",
    "Qf7",
    "Rd3",
    "Nc8",
    "b4",
    "g5",
    "Bb3",
    "Qe8",
    "Qh6",
    "Qxe4",
    "Rh3",
    "Ne7",
    "Bc2",
    "Qxc2",
    "Nd3",
    "Kg8",
    "Qxh7+",
    "Kf7",
    "Ne5+",
    "Ke6",
    "Qxc2",
    "fxe5",
    "Rh6+",
    "Kd7",
    "Rxf8",
    "Rxf8",
    "dxe5",
    "Ne6",
    "Rf6",
    "Re8",
    "Qh7"
  ]
}