{
  "event": "World Cup",
  "site": "Baku AZE",
  "date": "2015.09.18",
  "eventDate": "2015.09.11",
  "dateMillis": 1442505600000,
  "eventDateMillis": 1441900800000,
  "round": "3.2",
  "result": "1-0",
  "white": "Ding Liren",
  "black": "Gadir Guseinov",
  "isDingWin": true,
  "isDraw": false,
  "isDingBlack": false,
  "moves": [
    "d4",
    "d5",
    "c4",
    "c6",
    "Nf3",
    "Nf6",
    "e3",
    "Bf5",
    "Nc3",
    "a6",
    "Qb3",
    "Ra7",
    "Nh4",
    "Bc8",
    "Bd2",
    "b5",
    "Nf3",
    "dxc4",
    "Bxc4",
    "e6",
    "O-O",
    "c5",
    "Rfd1",
    "Nbd7",
    "Bf1",
    "Bb7",
    "Be1",
    "c4",
    "Qc2",
    "Qc7",
    "a4",
    "b4",
    "Nb1",
    "Bd5",
    "Rc1",
    "Bd6",
    "Nbd2",
    "c3",
    "bxc3",
    "bxc3",
    "Qxc3",
    "Qxc3",
    "Rxc3",
    "O-O",
    "a5",
    "e5",
    "Nc4",
    "Bb4",
    "Rcc1",
    "Bxe1",
    "Nxe1",
    "exd4",
    "exd4",
    "Rb8",
    "Nd3",
    "g6",
    "Nd6",
    "Kg7",
    "f3",
    "Rb3",
    "Rcb1",
    "Rxb1",
    "Rxb1",
    "Nf8",
    "Nb4",
    "Ne6",
    "Nc8",
    "Rc7",
    "Nb6",
    "Bb7",
    "d5",
    "Nf4",
    "d6",
    "Rc5",
    "d7",
    "Ne6",
    "Bxa6",
    "Bxa6",
    "Nxa6",
    "Rxa5",
    "Nc7"
  ]
}