{
  "event": "Chinese Team Championship",
  "site": "China CHN",
  "date": "2015.07.24",
  "eventDate": "2015.04.10",
  "dateMillis": 1437667200000,
  "eventDateMillis": 1428595200000,
  "round": "8.3",
  "result": "1-0",
  "white": "Ding Liren",
  "black": "Xiangyu Xu",
  "isDingWin": true,
  "isDraw": false,
  "isDingBlack": false,
  "moves": [
    "Nf3",
    "Nf6",
    "c4",
    "g6",
    "d4",
    "Bg7",
    "g3",
    "c6",
    "Bg2",
    "d5",
    "Qb3",
    "Qb6",
    "O-O",
    "O-O",
    "Nc3",
    "dxc4",
    "Qxc4",
    "Be6",
    "Qd3",
    "Rd8",
    "h3",
    "Na6",
    "e4",
    "Ne8",
    "Rd1",
    "Nb4",
    "Qe2",
    "Bxd4",
    "Nxd4",
    "Rxd4",
    "Be3",
    "Rxd1+",
    "Rxd1",
    "Qa5",
    "b3",
    "Na6",
    "Qb2",
    "f5",
    "Ne2",
    "Nd6",
    "Rxd6",
    "exd6",
    "Qf6",
    "Qe5",
    "Qe7",
    "Bc8",
    "Qd8+",
    "Kf7",
    "Bd4",
    "Qe7",
    "Qh8",
    "Ke6",
    "Nf4+"
  ]
}