{
  "event": "Chinese Team Championship",
  "site": "China CHN",
  "date": "2015.08.20",
  "eventDate": "2015.04.10",
  "dateMillis": 1440000000000,
  "eventDateMillis": 1428595200000,
  "round": "12.1",
  "result": "0-1",
  "white": "Ngoc Truongson Nguyen",
  "black": "Ding Liren",
  "isDingWin": true,
  "isDraw": false,
  "isDingBlack": true,
  "moves": [
    "e4",
    "e5",
    "Nf3",
    "Nc6",
    "Bc4",
    "Nf6",
    "d3",
    "Bc5",
    "O-O",
    "d6",
    "c3",
    "O-O",
    "b4",
    "Bb6",
    "Bg5",
    "h6",
    "Bh4",
    "g5",
    "Bg3",
    "a5",
    "b5",
    "Ne7",
    "Nbd2",
    "Ng6",
    "d4",
    "Re8",
    "Re1",
    "Kg7",
    "Bf1",
    "Nh5",
    "Nc4",
    "Ba7",
    "dxe5",
    "Nxg3",
    "hxg3",
    "g4",
    "Nd4",
    "Nxe5",
    "Nf5+",
    "Bxf5",
    "exf5",
    "h5",
    "Qd5",
    "h4",
    "b6",
    "Bxb6",
    "Nxb6",
    "cxb6",
    "Rad1",
    "hxg3",
    "fxg3",
    "Rc8",
    "Re4",
    "Qf6",
    "Qxd6",
    "Rxc3",
    "Qxf6+",
    "Kxf6",
    "Bb5",
    "Re7",
    "Rd6+",
    "Kxf5",
    "Rf4+",
    "Kg5",
    "Rdf6",
    "Ng6",
    "R4f5+",
    "Kh6",
    "Rxf7",
    "Rxf7",
    "Rxf7",
    "Rxg3",
    "Rxb7",
    "Nf4",
    "Rxb6+",
    "Kg5",
    "Bf1",
    "Ra3",
    "Bc4",
    "Rc3",
    "Bf1",
    "Kh4",
    "Rb5",
    "Ra3",
    "Bc4",
    "Kg3",
    "Bb3",
    "Nxg2",
    "Kf1",
    "Nf4",
    "Rc5",
    "a4",
    "Ra5",
    "Kh2",
    "Bc2",
    "g3",
    "Be4",
    "Rxa2"
  ]
}