{
  "event": "Chinese Team Championship",
  "site": "China CHN",
  "date": "2015.06.04",
  "eventDate": "2015.04.10",
  "dateMillis": 1433347200000,
  "eventDateMillis": 1428595200000,
  "round": "5.3",
  "result": "1/2-1/2",
  "white": "Yu Yangyi",
  "black": "Ding Liren",
  "isDingWin": false,
  "isDraw": true,
  "isDingBlack": true,
  "moves": [
    "e4",
    "e5",
    "Nf3",
    "Nc6",
    "Bb5",
    "a6",
    "Ba4",
    "Nf6",
    "O-O",
    "Be7",
    "Re1",
    "b5",
    "Bb3",
    "d6",
    "c3",
    "O-O",
    "h3",
    "Nb8",
    "d4",
    "Nbd7",
    "c4",
    "c6",
    "Qc2",
    "Bb7",
    "Nc3",
    "exd4",
    "Nxd4",
    "Re8",
    "a3",
    "Bf8",
    "Bg5",
    "h6",
    "Bh4",
    "Qb6",
    "Nf5",
    "bxc4",
    "Bxc4",
    "d5",
    "Ba2",
    "Re6",
    "Rad1",
    "Rae8",
    "Nd4",
    "R6e7",
    "Nf5",
    "Re6",
    "Nd4",
    "R6e7",
    "Nf5",
    "Re6",
    "Nd4",
    "R6e7",
    "Nf5"
  ]
}