{
  "event": "Chinese Team Championship",
  "site": "China CHN",
  "date": "2015.07.27",
  "eventDate": "2015.04.10",
  "dateMillis": 1437926400000,
  "eventDateMillis": 1428595200000,
  "round": "11.6",
  "result": "0-1",
  "white": "Wei Yi",
  "black": "Ding Liren",
  "isDingWin": true,
  "isDraw": false,
  "isDingBlack": true,
  "moves": [
    "e4",
    "c6",
    "d4",
    "d5",
    "Nc3",
    "dxe4",
    "Nxe4",
    "Bf5",
    "Ng3",
    "Bg6",
    "h4",
    "h6",
    "Nf3",
    "e6",
    "h5",
    "Bh7",
    "Bd3",
    "Bxd3",
    "Qxd3",
    "Nf6",
    "Bd2",
    "Be7",
    "O-O-O",
    "O-O",
    "Ne4",
    "Nxe4",
    "Qxe4",
    "Qd5",
    "Qg4",
    "Kh8",
    "Kb1",
    "Nd7",
    "Qh3",
    "Rad8",
    "g4",
    "e5",
    "g5",
    "e4",
    "Nh4",
    "Bxg5",
    "c4",
    "Qxc4",
    "Bxg5",
    "hxg5",
    "Ng6+",
    "Kg8",
    "Ne7+",
    "Kh8",
    "Ng6+",
    "Kg8",
    "Nxf8",
    "Nxf8",
    "h6",
    "g6",
    "Qa3",
    "Qe6",
    "Qxa7",
    "Qe7",
    "Rhe1",
    "g4",
    "a4",
    "Kh7",
    "a5",
    "Rd7",
    "Qc5",
    "f5",
    "a6",
    "Qxc5",
    "dxc5",
    "bxa6",
    "Rd6",
    "Rc7",
    "Rf6",
    "Nd7",
    "Rf7+",
    "Kxh6",
    "Rd1",
    "Kg5",
    "Kc2",
    "e3",
    "fxe3",
    "g3",
    "Rg7",
    "g2",
    "Rg1",
    "Kf6",
    "Rg8",
    "Kf7",
    "Rh8",
    "Kg7",
    "Rh2",
    "Rb7",
    "Rhxg2",
    "Ne5",
    "Ra1",
    "a5",
    "Ra3",
    "Nc4",
    "Rb3",
    "Rxb3",
    "Kxb3",
    "Nxe3",
    "Rf2",
    "g5",
    "Re2",
    "f4",
    "Kc3",
    "g4",
    "Kd3",
    "Kg6",
    "Re1",
    "Kf5",
    "Ra1",
    "g3",
    "Ke2",
    "Ng4",
    "Rxa5",
    "Nh2",
    "Ra8",
    "f3+",
    "Ke3",
    "f2",
    "Rf8+",
    "Ke5",
    "Ke2",
    "Kd4",
    "Rf5",
    "Kc4"
  ]
}