{
  "event": "Bilbao Masters",
  "site": "Bilbao ESP",
  "date": "2015.10.31",
  "eventDate": "2015.10.26",
  "dateMillis": 1446220800000,
  "eventDateMillis": 1445788800000,
  "round": "5",
  "result": "1/2-1/2",
  "white": "Anish Giri",
  "black": "Ding Liren",
  "isDingWin": false,
  "isDraw": true,
  "isDingBlack": true,
  "moves": [
    "e4",
    "e5",
    "Nf3",
    "Nc6",
    "Bb5",
    "a6",
    "Ba4",
    "Nf6",
    "O-O",
    "Be7",
    "Re1",
    "b5",
    "Bb3",
    "d6",
    "c3",
    "O-O",
    "h3",
    "Re8",
    "d4",
    "Bb7",
    "Nbd2",
    "Bf8",
    "a3",
    "h6",
    "d5",
    "Nb8",
    "Nh2",
    "Nbd7",
    "Qf3",
    "c6",
    "dxc6",
    "Bxc6",
    "Ng4",
    "Nc5",
    "Nxf6+",
    "Qxf6",
    "Qxf6",
    "gxf6",
    "Bc2",
    "Red8",
    "Nf1",
    "d5",
    "exd5",
    "Bxd5",
    "Ng3",
    "Bb3",
    "Bxb3",
    "Nxb3",
    "Rb1",
    "Kh7",
    "Be3",
    "Kg6",
    "f4",
    "exf4",
    "Bxf4",
    "Nd2",
    "Rbc1",
    "Nc4",
    "Rc2",
    "Rd3",
    "Ne2",
    "Re8",
    "Bc1",
    "Bd6",
    "Rf1",
    "Rd2",
    "Rxd2",
    "Nxd2",
    "Rd1",
    "Rxe2",
    "Rxd2",
    "Re1+",
    "Kf2",
    "Rxc1",
    "Rxd6",
    "Rc2+",
    "Kg1",
    "Rxb2",
    "Rxa6",
    "Rb3",
    "a4",
    "bxa4",
    "Rxa4",
    "Rxc3"
  ]
}