{
  "event": "Chinese Team Championship",
  "site": "China CHN",
  "date": "2015.08.23",
  "eventDate": "2015.04.10",
  "dateMillis": 1440259200000,
  "eventDateMillis": 1428595200000,
  "round": "15.5",
  "result": "0-1",
  "white": "Ni Hua",
  "black": "Ding Liren",
  "isDingWin": true,
  "isDraw": false,
  "isDingBlack": true,
  "moves": [
    "d4",
    "Nf6",
    "c4",
    "g6",
    "Nc3",
    "Bg7",
    "e4",
    "d6",
    "Nf3",
    "O-O",
    "h3",
    "e5",
    "d5",
    "Nh5",
    "g3",
    "f5",
    "exf5",
    "gxf5",
    "Ng5",
    "Qe8",
    "Be2",
    "Nf6",
    "Be3",
    "Na6",
    "Qd2",
    "Nc5",
    "O-O-O",
    "h6",
    "Nf3",
    "Nce4",
    "Nxe4",
    "Nxe4",
    "Qc2",
    "c6",
    "dxc6",
    "bxc6",
    "g4",
    "d5",
    "Nh4",
    "d4",
    "gxf5",
    "Nc5",
    "Rhg1",
    "dxe3",
    "Rxg7+",
    "Kxg7",
    "Rg1+",
    "Kf6",
    "Rg6+",
    "Ke7",
    "Qc3",
    "Bxf5",
    "Qxe5+",
    "Kd8",
    "Qxc5",
    "Bxg6",
    "Nxg6",
    "Rxf2",
    "Ne5",
    "Rxe2",
    "Nxc6+",
    "Kd7",
    "Ne5+",
    "Ke6",
    "Qd5+",
    "Ke7",
    "Nc6+",
    "Kf8",
    "Qd6+",
    "Kg7",
    "Qd4+",
    "Kh7",
    "Qd3+",
    "Qg6"
  ]
}