{
  "event": "Bilbao Masters",
  "site": "Bilbao ESP",
  "date": "2015.11.01",
  "eventDate": "2015.10.26",
  "dateMillis": 1446307200000,
  "eventDateMillis": 1445788800000,
  "round": "6",
  "result": "1/2-1/2",
  "white": "Ding Liren",
  "black": "Viswanathan Anand",
  "isDingWin": false,
  "isDraw": true,
  "isDingBlack": false,
  "moves": [
    "c4",
    "e5",
    "g3",
    "c6",
    "d4",
    "e4",
    "d5",
    "Bb4+",
    "Bd2",
    "Qe7",
    "Nc3",
    "Nf6",
    "a3",
    "Bxc3",
    "Bxc3",
    "d6",
    "Nh3",
    "cxd5",
    "cxd5",
    "O-O",
    "Bg2",
    "Bf5",
    "O-O",
    "Nbd7",
    "Nf4",
    "h6",
    "f3",
    "Ne5",
    "Qd4",
    "Rfc8",
    "Rad1",
    "b5",
    "Qe3",
    "Nc4",
    "Qf2",
    "e3",
    "Qe1",
    "Nb6",
    "g4",
    "Bc2",
    "Rc1",
    "Bb3",
    "Qh4",
    "Nfxd5",
    "Qxe7",
    "Nxe7",
    "Nh5",
    "f6",
    "Bd4",
    "Nbd5",
    "f4",
    "Kf7",
    "Ng3",
    "Rxc1",
    "Rxc1",
    "Rc8",
    "Rxc8",
    "Nxc8",
    "Bxd5+",
    "Bxd5",
    "Bxe3",
    "a6",
    "Kf2",
    "Ne7",
    "Bd2",
    "g5",
    "Nh5",
    "Ng6",
    "e3",
    "gxf4",
    "exf4",
    "f5",
    "h3",
    "Be6",
    "Kf3",
    "Ne7",
    "g5",
    "Nc6",
    "gxh6",
    "Kg6",
    "Bc3",
    "Kxh6",
    "Nf6",
    "a5",
    "b4",
    "axb4",
    "Bxb4",
    "d5",
    "Ne8",
    "d4",
    "Nd6",
    "Kh5",
    "Be1",
    "Na7",
    "Bf2",
    "Bd7",
    "Bxd4",
    "Nc8",
    "Nf7",
    "Be6",
    "Ng5",
    "Bd5+",
    "Ke3",
    "Nd6",
    "Bc5",
    "Ne4",
    "Kd4",
    "Bc6",
    "Ne6",
    "Kh4",
    "Ke5",
    "Bd7",
    "Be3",
    "Kxh3",
    "Kxf5",
    "Nd6+",
    "Kf6",
    "Kg4",
    "Bc1",
    "Nc4",
    "Nf8",
    "Bf5",
    "Ng6",
    "Bxg6",
    "Kxg6",
    "Nxa3",
    "f5",
    "Nc4",
    "f6",
    "Ne5+",
    "Kg7",
    "Kf5",
    "Bb2",
    "Nd7",
    "f7",
    "b4",
    "f8=Q"
  ]
}