{
  "event": "Bilbao Masters",
  "site": "Bilbao ESP",
  "date": "2015.10.30",
  "eventDate": "2015.10.26",
  "dateMillis": 1446134400000,
  "eventDateMillis": 1445788800000,
  "round": "4",
  "result": "1/2-1/2",
  "white": "Ding Liren",
  "black": "Wesley So",
  "isDingWin": false,
  "isDraw": true,
  "isDingBlack": false,
  "moves": [
    "d4",
    "Nf6",
    "c4",
    "g6",
    "Nf3",
    "Bg7",
    "e3",
    "O-O",
    "Be2",
    "c5",
    "d5",
    "e6",
    "Nc3",
    "d6",
    "Nd2",
    "Re8",
    "O-O",
    "Na6",
    "e4",
    "Nc7",
    "a4",
    "Na6",
    "f3",
    "Nb4",
    "Rf2",
    "Nh5",
    "dxe6",
    "Bxe6",
    "Nb3",
    "f5",
    "Bf1",
    "Qe7",
    "Be3",
    "f4",
    "Bd2",
    "Be5",
    "Be1",
    "Nc6",
    "Nd5",
    "Qg7",
    "Bc3",
    "Rad8",
    "Nc1",
    "g5",
    "Nd3",
    "Bxc3",
    "bxc3",
    "Bxd5",
    "cxd5",
    "Ne5",
    "Rb1",
    "Re7",
    "Nxe5",
    "Qxe5",
    "Rb3",
    "Rdd7",
    "Qc1",
    "Nf6",
    "h3",
    "h5",
    "c4",
    "Rg7",
    "a5",
    "Rdf7",
    "Qb2",
    "g4",
    "Qxe5",
    "dxe5",
    "Kh1",
    "gxf3",
    "gxf3",
    "h4",
    "Rb5",
    "Rc7",
    "Rd2",
    "Nh5",
    "Kh2",
    "Ng3",
    "Bg2",
    "Rgd7",
    "d6",
    "Rc6",
    "Rd5",
    "b6",
    "Rxe5",
    "Rcxd6",
    "Rg5+",
    "Rg7",
    "axb6",
    "axb6",
    "Rg4",
    "Rd2",
    "Rxb6",
    "Nf1+",
    "Kg1",
    "Rxg4",
    "hxg4",
    "Ne3",
    "Bh3",
    "Rd1+",
    "Kh2",
    "Rd2+",
    "Kg1",
    "Rd1+",
    "Kh2",
    "Rd2+"
  ]
}