{
  "event": "Chinese Team Championship",
  "site": "China CHN",
  "date": "2015.08.21",
  "eventDate": "2015.04.10",
  "dateMillis": 1440086400000,
  "eventDateMillis": 1428595200000,
  "round": "13.6",
  "result": "0-1",
  "white": "Jinshi Bai",
  "black": "Ding Liren",
  "isDingWin": true,
  "isDraw": false,
  "isDingBlack": true,
  "moves": [
    "d4",
    "Nf6",
    "c4",
    "e6",
    "g3",
    "c5",
    "d5",
    "exd5",
    "cxd5",
    "d6",
    "Nc3",
    "g6",
    "Bg2",
    "Bg7",
    "Nf3",
    "O-O",
    "O-O",
    "Re8",
    "Re1",
    "a6",
    "a4",
    "Nbd7",
    "e4",
    "Ng4",
    "Nd2",
    "Nge5",
    "Bf1",
    "g5",
    "h3",
    "Qf6",
    "Qh5",
    "h6",
    "Nd1",
    "Qd8",
    "Ne3",
    "Nf6",
    "Qd1",
    "b6",
    "Rb1",
    "h5",
    "b3",
    "g4",
    "hxg4",
    "Bxg4",
    "Nxg4",
    "hxg4",
    "Bb2",
    "Nfd7",
    "Be2",
    "Qg5",
    "Nf1",
    "Nf6",
    "Nh2",
    "Nxe4",
    "Bxg4",
    "Nxg4",
    "Qxg4",
    "Qxg4",
    "Nxg4",
    "Nd2",
    "Rxe8+",
    "Rxe8",
    "Bxg7",
    "Kxg7",
    "Rb2",
    "Re1+",
    "Kg2",
    "Nf1",
    "b4",
    "c4",
    "b5",
    "axb5",
    "axb5",
    "Rc1",
    "Ne3",
    "c3",
    "Rb4",
    "Nxe3+",
    "fxe3",
    "f5",
    "g4",
    "c2",
    "Rc4",
    "fxg4",
    "Rxg4+",
    "Kf6",
    "Rc4",
    "Ke5",
    "e4",
    "Kf4",
    "Kh2",
    "Kf3",
    "e5",
    "dxe5",
    "d6",
    "e4",
    "d7",
    "Rd1",
    "Rxc2",
    "Rxd7",
    "Rc6",
    "e3",
    "Rf6+",
    "Ke2",
    "Rxb6",
    "Kd2",
    "Ra6",
    "e2",
    "Ra2+",
    "Ke3",
    "Ra1"
  ]
}