{
  "event": "Chinese Team Championship",
  "site": "China CHN",
  "date": "2015.06.05",
  "eventDate": "2015.04.10",
  "dateMillis": 1433433600000,
  "eventDateMillis": 1428595200000,
  "round": "6.4",
  "result": "1/2-1/2",
  "white": "Ding Liren",
  "black": "Bu Xiangzhi",
  "isDingWin": false,
  "isDraw": true,
  "isDingBlack": false,
  "moves": [
    "e4",
    "e5",
    "Nf3",
    "Nf6",
    "Nxe5",
    "d6",
    "Nf3",
    "Nxe4",
    "Nc3",
    "Nxc3",
    "dxc3",
    "Be7",
    "Be3",
    "Nc6",
    "Qd2",
    "Be6",
    "O-O-O",
    "Qd7",
    "Kb1",
    "Bf6",
    "h4",
    "h6",
    "Nd4",
    "Bxd4",
    "Bxd4",
    "Nxd4",
    "Qxd4",
    "O-O",
    "Rg1",
    "Qe7",
    "Bd3",
    "Rfe8",
    "Rde1",
    "Qf6",
    "Qxf6",
    "gxf6",
    "Kc1",
    "Bd7",
    "Kd2",
    "Re5",
    "f4",
    "Rxe1",
    "Rxe1",
    "f5",
    "Re7",
    "Rd8",
    "Bc4",
    "c6",
    "Be2",
    "Kf8",
    "Re3",
    "d5",
    "c4",
    "dxc4",
    "Bxc4",
    "Be6+",
    "Rd3",
    "Rxd3+",
    "Bxd3",
    "Ke7"
  ]
}