{
  "event": "Bilbao Masters",
  "site": "Bilbao ESP",
  "date": "2015.10.28",
  "eventDate": "2015.10.26",
  "dateMillis": 1445961600000,
  "eventDateMillis": 1445788800000,
  "round": "3.1",
  "result": "1/2-1/2",
  "white": "Ding Liren",
  "black": "Anish Giri",
  "isDingWin": false,
  "isDraw": true,
  "isDingBlack": false,
  "moves": [
    "d4",
    "Nf6",
    "c4",
    "g6",
    "g3",
    "c6",
    "Bg2",
    "d5",
    "Nf3",
    "Bg7",
    "O-O",
    "O-O",
    "Qb3",
    "Qb6",
    "Nc3",
    "Rd8",
    "Na4",
    "Qxb3",
    "axb3",
    "Na6",
    "Bf4",
    "Ne8",
    "Nc3",
    "Nac7",
    "Ra5",
    "Be6",
    "Ra4",
    "a6",
    "Rfa1",
    "h6",
    "h4",
    "Nd6",
    "e3",
    "Rac8",
    "Nd2",
    "f6",
    "Ra5",
    "dxc4",
    "Bxd6",
    "exd6",
    "bxc4",
    "f5",
    "R5a4",
    "c5",
    "Ne2",
    "Rb8",
    "b4",
    "b5",
    "cxb5",
    "Nxb5",
    "bxc5",
    "dxc5",
    "Rxa6",
    "cxd4",
    "Nxd4",
    "Nxd4",
    "exd4",
    "Bxd4",
    "Rf1",
    "Bb6",
    "Re1",
    "Bxf2+",
    "Kxf2",
    "Rxd2+",
    "Kg1",
    "Bf7",
    "Ra3",
    "Rbb2",
    "Bf3",
    "g5",
    "hxg5",
    "hxg5",
    "Rae3",
    "g4",
    "Be2",
    "Bd5",
    "Bf1",
    "Rh2",
    "R1e2",
    "Rh1+",
    "Kf2",
    "Rb1",
    "Re1",
    "Rb4",
    "Re7",
    "f4",
    "Rc1",
    "Rb2+",
    "Ke1",
    "Rb8",
    "gxf4",
    "Bg2",
    "Kf2",
    "Bxf1",
    "f5",
    "Kf8",
    "Ree1",
    "Rb2+",
    "Kg3",
    "Rh3+",
    "Kxg4",
    "Rb4+",
    "Kg5",
    "Rg3+",
    "Kf6",
    "Bc4",
    "Rcd1",
    "Bd3",
    "Rc1",
    "Bc4",
    "Rcd1",
    "Rb8",
    "Rd7",
    "Bb3",
    "Ree7",
    "Rc3",
    "Rd6",
    "Kg8",
    "Rg7+",
    "Kh8",
    "Rg5",
    "Rh3",
    "Ke5",
    "Bg8",
    "Kf6",
    "Rh6+",
    "Rg6",
    "Rh5",
    "Ke5",
    "Rb5+",
    "Kf4",
    "Rhxf5+",
    "Kg4",
    "Rf1",
    "Rh6+",
    "Kg7",
    "Rdg6+",
    "Kf7",
    "Rb6",
    "Re5",
    "Rhc6",
    "Re7",
    "Rc3",
    "Kg7",
    "Rbc6",
    "Be6+",
    "Kg3",
    "Bd7",
    "Rd6",
    "Be8",
    "Rf3",
    "Rfe1",
    "Rd2",
    "Bc6",
    "Rc3",
    "Rg1+",
    "Kh2",
    "Rh1+",
    "Kg3",
    "Rh6",
    "Rd4",
    "Re2",
    "Rg4+",
    "Kf7",
    "Rcc4",
    "Rg2+",
    "Kf4",
    "Rf6+",
    "Ke5",
    "Re6+",
    "Kf5",
    "Rge2",
    "Rgf4",
    "Rg6",
    "Rcd4",
    "Re7",
    "Rh4",
    "Bd7+",
    "Kf4",
    "Rf6+",
    "Kg3",
    "Re3+",
    "Kh2",
    "Re2+",
    "Kg3",
    "Re3+",
    "Kh2",
    "Bf5",
    "Kg2",
    "Kg6",
    "Kf2",
    "Rc3",
    "Rhf4",
    "Rc2+",
    "Kg3",
    "Re6",
    "Rd8",
    "Ree2",
    "Rg8+",
    "Kh7",
    "Rd8",
    "Be6",
    "Rdd4",
    "Kg6",
    "Rfe4",
    "Rg2+",
    "Kf4",
    "Rgf2+",
    "Ke5",
    "Bf5",
    "Re3",
    "Ra2",
    "Rd6+",
    "Kg5",
    "Rg3+",
    "Bg4",
    "Rd4",
    "Ra5+",
    "Kd6",
    "Ra6+",
    "Kc5",
    "Rf5+",
    "Kb4",
    "Rb6+",
    "Kc4",
    "Rc6+",
    "Kb4",
    "Rf4",
    "Rxf4",
    "Kxf4",
    "Rc3",
    "Rg6",
    "Rc4+",
    "Ke5",
    "Rc5+",
    "Kd6",
    "Rc4",
    "Be6",
    "Rd4+",
    "Bd5",
    "Kc3",
    "Ke5",
    "Rd3",
    "Rc6+",
    "Kd2",
    "Be4",
    "Rc3",
    "Rh6",
    "Ke2",
    "Rf6",
    "Ke3",
    "Rf8",
    "Ke2",
    "Kd4",
    "Ra3",
    "Bc2",
    "Rh3",
    "Rg8",
    "Kf3",
    "Be4+",
    "Kf4",
    "Rf8+",
    "Kg5",
    "Ke5",
    "Rg3",
    "Bf3",
    "Kh4",
    "Ke4",
    "Rg7",
    "Rf5",
    "Kg3",
    "Ke3",
    "Rg8",
    "Rh5",
    "Rg7",
    "Be4",
    "Rg8",
    "Rh1",
    "Rg5",
    "Rf1",
    "Kg4",
    "Bf3+",
    "Kf5",
    "Kd4",
    "Ke6",
    "Rh1",
    "Rg6",
    "Be4",
    "Rf6",
    "Rh8",
    "Kd6",
    "Ra8",
    "Ke7",
    "Ra5",
    "Rd6+",
    "Bd5",
    "Kf6",
    "Ra7",
    "Kf5",
    "Re7",
    "Rf6",
    "Re1",
    "Kg5",
    "Be6",
    "Kf4",
    "Re3",
    "Rf8",
    "Bd5",
    "Rf6",
    "Re1",
    "Kf5",
    "Re5+",
    "Kf4",
    "Be6",
    "Kf3",
    "Re3+",
    "Kf4",
    "Re4+",
    "Kf3",
    "Bg4+",
    "Kg3",
    "Ke3",
    "Rg6",
    "Bf3",
    "Rg5",
    "Ra4",
    "Re5+",
    "Be4",
    "Kg4",
    "Ra1",
    "Rg5",
    "Rf1",
    "Kh4",
    "Bf5",
    "Rg3+",
    "Kf4",
    "Rg4+",
    "Ke5",
    "Rg3",
    "Kf6",
    "Ra3",
    "Rg1",
    "Ra4"
  ]
}