{
  "event": "Chinese Team Championship",
  "site": "China CHN",
  "date": "2015.06.06",
  "eventDate": "2015.04.10",
  "dateMillis": 1433520000000,
  "eventDateMillis": 1428595200000,
  "round": "7.4",
  "result": "0-1",
  "white": "Ziji Zhang",
  "black": "Ding Liren",
  "isDingWin": true,
  "isDraw": false,
  "isDingBlack": true,
  "moves": [
    "d4",
    "d6",
    "e4",
    "Nf6",
    "Nc3",
    "g6",
    "Nf3",
    "Bg7",
    "Be2",
    "O-O",
    "O-O",
    "c6",
    "a4",
    "Qc7",
    "h3",
    "e5",
    "dxe5",
    "dxe5",
    "Be3",
    "Nh5",
    "Bc4",
    "Nf4",
    "Qb1",
    "Qe7",
    "Qc1",
    "Be6",
    "Bxe6",
    "Nxe6",
    "Rd1",
    "Nd7",
    "Qd2",
    "Rfd8",
    "a5",
    "Ndc5",
    "Qe2",
    "Nd4",
    "Qc4",
    "Nce6",
    "Bxd4",
    "Nxd4",
    "Ne2",
    "Nxf3+",
    "gxf3",
    "Qf6",
    "Kg2",
    "Bf8",
    "Nc3",
    "b5",
    "axb6",
    "axb6",
    "Rxa8",
    "Rxa8",
    "Ne2",
    "h5",
    "Qc3",
    "Qg5+",
    "Kf1",
    "Qh4",
    "Kg2",
    "Bc5",
    "Ng3",
    "Qf6",
    "Ne2",
    "Qg5+",
    "Kh2",
    "Qh4",
    "Rf1",
    "Rd8",
    "b4",
    "Bxf2",
    "Qxe5",
    "Rd2",
    "Qe8+",
    "Kg7",
    "Qe5+",
    "Kh7",
    "Qe8",
    "Bg3+",
    "Kg1",
    "Kg7"
  ]
}