{
  "event": "Chinese Team Championship",
  "site": "China CHN",
  "date": "2015.07.26",
  "eventDate": "2015.04.10",
  "dateMillis": 1437840000000,
  "eventDateMillis": 1428595200000,
  "round": "10.2",
  "result": "1-0",
  "white": "Ding Liren",
  "black": "Yinglun Xu",
  "isDingWin": true,
  "isDraw": false,
  "isDingBlack": false,
  "moves": [
    "e4",
    "c5",
    "Nf3",
    "d6",
    "d4",
    "cxd4",
    "Nxd4",
    "Nf6",
    "Nc3",
    "e6",
    "g4",
    "h6",
    "Rg1",
    "Nc6",
    "Be3",
    "h5",
    "h3",
    "a6",
    "g5",
    "Nd7",
    "g6",
    "Qf6",
    "gxf7+",
    "Qxf7",
    "Nf3",
    "b5",
    "Ng5",
    "Qe7",
    "Qd2",
    "Bb7",
    "O-O-O",
    "Nf6",
    "f4",
    "g6",
    "Bg2",
    "O-O-O",
    "Rge1",
    "Bg7",
    "Bb6",
    "Rd7",
    "Nd5",
    "Nxd5",
    "exd5",
    "Qf6",
    "c3",
    "exd5",
    "Bxd5",
    "Nd8",
    "Ne6"
  ]
}