{
  "event": "Chinese Team Championship",
  "site": "China CHN",
  "date": "2015.08.22",
  "eventDate": "2015.04.10",
  "dateMillis": 1440172800000,
  "eventDateMillis": 1428595200000,
  "round": "14.3",
  "result": "1-0",
  "white": "Ding Liren",
  "black": "Liu Qingnan",
  "isDingWin": true,
  "isDraw": false,
  "isDingBlack": false,
  "moves": [
    "d4",
    "Nf6",
    "c4",
    "e6",
    "Nf3",
    "d5",
    "Nc3",
    "Bb4",
    "cxd5",
    "exd5",
    "Bg5",
    "Nbd7",
    "e3",
    "c5",
    "dxc5",
    "Qa5",
    "Rc1",
    "O-O",
    "a3",
    "Bxc3+",
    "Rxc3",
    "Ne4",
    "b4",
    "Nxc3",
    "Qa1",
    "Qa4",
    "Qxc3",
    "a5",
    "b5",
    "h6",
    "Bf4",
    "Nf6",
    "Nd4",
    "Ne4",
    "Qc1",
    "g5",
    "Bc7",
    "Re8",
    "Be2",
    "Bd7",
    "O-O",
    "Rac8",
    "b6",
    "f5",
    "Qb2",
    "f4",
    "Rc1",
    "Nxf2",
    "Kxf2",
    "fxe3+",
    "Ke1",
    "Re4",
    "Be5",
    "Be8",
    "c6",
    "Rxc6",
    "Nxc6",
    "Bxc6",
    "Rc5",
    "Rh4",
    "Bd1",
    "Qe4",
    "Rxc6",
    "d4",
    "Qb3+"
  ]
}