{
  "event": "Bilbao Masters",
  "site": "Bilbao ESP",
  "date": "2015.10.27",
  "eventDate": "2015.10.26",
  "dateMillis": 1445875200000,
  "eventDateMillis": 1445788800000,
  "round": "2",
  "result": "1/2-1/2",
  "white": "Viswanathan Anand",
  "black": "Ding Liren",
  "isDingWin": false,
  "isDraw": true,
  "isDingBlack": true,
  "moves": [
    "e4",
    "e5",
    "Nf3",
    "Nc6",
    "Bb5",
    "a6",
    "Ba4",
    "Nf6",
    "O-O",
    "Be7",
    "d3",
    "b5",
    "Bb3",
    "d6",
    "a3",
    "Na5",
    "Ba2",
    "c5",
    "Nc3",
    "Be6",
    "Bg5",
    "c4",
    "Nd2",
    "O-O",
    "Bxf6",
    "Bxf6",
    "Nd5",
    "Bxd5",
    "exd5",
    "e4",
    "Rb1",
    "exd3",
    "cxd3",
    "c3",
    "bxc3",
    "Bxc3",
    "Ne4",
    "Bd4",
    "Qd2",
    "Nb7",
    "a4",
    "Nc5",
    "axb5",
    "axb5",
    "Rxb5",
    "Nxe4",
    "dxe4",
    "Qf6",
    "Bb1",
    "Rfb8",
    "Bd3",
    "Rxb5",
    "Bxb5",
    "Bc5",
    "g3",
    "g6",
    "Kg2",
    "Ra3",
    "Bd3",
    "Kg7",
    "Rd1",
    "Rb3",
    "Rb1",
    "Ra3",
    "Rd1",
    "Rb3",
    "Rb1",
    "Ra3"
  ]
}