{
  "event": "China Chess Kings",
  "site": "Taizhou CHN",
  "date": "2015.11.25",
  "eventDate": "2015.11.24",
  "dateMillis": 1448380800000,
  "eventDateMillis": 1448294400000,
  "round": "1.2",
  "result": "1-0",
  "white": "Lu Shanglei",
  "black": "Ding Liren",
  "isDingWin": false,
  "isDraw": false,
  "isDingBlack": true,
  "moves": [
    "e4",
    "e5",
    "Nf3",
    "Nc6",
    "Bb5",
    "a6",
    "Ba4",
    "Nf6",
    "O-O",
    "Be7",
    "Re1",
    "b5",
    "Bb3",
    "d6",
    "c3",
    "O-O",
    "h3",
    "Nb8",
    "d4",
    "Nbd7",
    "c4",
    "c6",
    "Qc2",
    "Bb7",
    "Nc3",
    "b4",
    "Na4",
    "c5",
    "d5",
    "Nh5",
    "Qd1",
    "Nf4",
    "Bc2",
    "Ng6",
    "b3",
    "Bc8",
    "a3",
    "a5",
    "Be3",
    "Nf6",
    "Nh2",
    "h6",
    "Nf1",
    "Nh7",
    "Ng3",
    "Bg5",
    "Nb2",
    "Bd7",
    "Nf5",
    "Qf6",
    "Qf3",
    "Bxe3",
    "fxe3",
    "Ne7",
    "Nxe7+",
    "Qxe7",
    "Qg3",
    "Rfb8",
    "Reb1",
    "h5",
    "Kh1",
    "h4",
    "Qf2",
    "Qg5",
    "Nd3",
    "Nf6",
    "Ne1",
    "a4",
    "axb4",
    "Rxb4",
    "Nf3",
    "Qg3",
    "Qxg3",
    "hxg3",
    "Nd2",
    "Rb6",
    "Ra2",
    "Rab8",
    "bxa4",
    "Rxb1+",
    "Nxb1",
    "Bc8",
    "Kg1",
    "Ba6",
    "Nd2",
    "Rb4",
    "Bd3",
    "Kh7",
    "Kf1",
    "Kh6",
    "Ke2",
    "Kh5",
    "a5",
    "g5",
    "Kd1",
    "g4",
    "Be2",
    "Kg5",
    "hxg4",
    "Nxg4",
    "Bxg4",
    "Kxg4",
    "Kc2",
    "Kg5",
    "Kc3",
    "f6",
    "Rb2",
    "Ra4",
    "Rb6",
    "Rxa5",
    "Rxd6",
    "Kg6",
    "Rc6",
    "Kf7",
    "Kb2"
  ]
}