{
  "event": "China Chess Kings",
  "site": "Taizhou CHN",
  "date": "2015.11.24",
  "eventDate": "2015.11.24",
  "dateMillis": 1448294400000,
  "eventDateMillis": 1448294400000,
  "round": "1.1",
  "result": "1/2-1/2",
  "white": "Ding Liren",
  "black": "Lu Shanglei",
  "isDingWin": false,
  "isDraw": true,
  "isDingBlack": false,
  "moves": [
    "d4",
    "d5",
    "c4",
    "e6",
    "Nc3",
    "c6",
    "Nf3",
    "Nf6",
    "Bg5",
    "dxc4",
    "e4",
    "b5",
    "e5",
    "h6",
    "Bh4",
    "g5",
    "Nxg5",
    "hxg5",
    "Bxg5",
    "Be7",
    "exf6",
    "Bxf6",
    "Be3",
    "Bb7",
    "a4",
    "Nd7",
    "axb5",
    "cxb5",
    "Nxb5",
    "Nb6",
    "Bf4",
    "Kf8",
    "Qd2",
    "Bc6",
    "Nd6",
    "Rh4",
    "Ra3",
    "Nd5",
    "Be5",
    "Be7",
    "Nxc4",
    "Bb4",
    "Rc3",
    "Rc8",
    "Bd3",
    "Bb5",
    "g3",
    "Bxc4",
    "gxh4",
    "Bxd3",
    "Qxd3",
    "Bxc3+",
    "bxc3",
    "Rxc3",
    "Qb1",
    "Qb6",
    "O-O",
    "Qxb1",
    "Rxb1",
    "f6",
    "Bd6+",
    "Kg7",
    "Rb7+",
    "Kg6",
    "Rxa7",
    "Rc4",
    "Kg2"
  ]
}