{
  "event": "Tata Steel Masters",
  "site": "Wijk aan Zee NED",
  "date": "2016.01.16",
  "eventDate": "2016.01.15",
  "dateMillis": 1452873600000,
  "eventDateMillis": 1452787200000,
  "round": "1",
  "result": "1-0",
  "white": "Ding Liren",
  "black": "Michael Adams",
  "isDingWin": true,
  "isDraw": false,
  "isDingBlack": false,
  "moves": [
    "c4",
    "e5",
    "g3",
    "Nf6",
    "Bg2",
    "d5",
    "cxd5",
    "Nxd5",
    "Nc3",
    "Nb6",
    "d3",
    "Nc6",
    "Be3",
    "Bd6",
    "Nf3",
    "O-O",
    "O-O",
    "Re8",
    "d4",
    "exd4",
    "Nxd4",
    "Nxd4",
    "Bxd4",
    "c6",
    "a4",
    "Bf8",
    "a5",
    "Nc4",
    "a6",
    "Nxb2",
    "Qd2",
    "Nc4",
    "Qf4",
    "Bd6",
    "Qc1",
    "Be5",
    "Bxe5",
    "Nxe5",
    "Rd1",
    "Qe7",
    "Ne4",
    "bxa6",
    "f4",
    "Ng6",
    "Qxc6",
    "Rb8",
    "Qd6",
    "Bg4",
    "Qxe7",
    "Rxe7",
    "Rd2",
    "h6",
    "Rxa6",
    "Rb4",
    "Nc3",
    "Rc4",
    "Ra3",
    "Nf8",
    "Kf2",
    "Rec7",
    "Nd5",
    "Rc2",
    "Rxc2",
    "Rxc2",
    "Bf1",
    "Be6",
    "Ne7+",
    "Kh7",
    "Rxa7",
    "g6",
    "Bg2",
    "Bg4",
    "Bf1",
    "Be6",
    "Bg2",
    "Bg4",
    "Bf3",
    "Bxf3",
    "Kxf3",
    "Ne6",
    "e3",
    "Kg7",
    "h3",
    "h5",
    "Nd5",
    "Rh2",
    "h4",
    "Rc2",
    "Nb6",
    "Rc3",
    "Ke4",
    "Rc1",
    "Kf3",
    "Rc3",
    "Nd5",
    "Rb3",
    "Ke4",
    "Rb1",
    "Nc3",
    "Rb4+",
    "Kd5",
    "Kf8",
    "Ne4",
    "Rb3",
    "Nd6",
    "Rd3+",
    "Ke5",
    "Nd8",
    "Rd7",
    "Rxe3+",
    "Kf6",
    "Re6+",
    "Kg5",
    "Kg7",
    "f5",
    "Re3",
    "f6+",
    "Kh7",
    "Rxd8",
    "Re4",
    "Rh8+"
  ]
}