{
  "event": "Tata Steel Masters",
  "site": "Amsterdam  NED",
  "date": "2016.01.21",
  "eventDate": "2016.01.15",
  "dateMillis": 1453305600000,
  "eventDateMillis": 1452787200000,
  "round": "5",
  "result": "1-0",
  "white": "Ding Liren",
  "black": "Sergey Karjakin",
  "isDingWin": true,
  "isDraw": false,
  "isDingBlack": false,
  "moves": [
    "d4",
    "Nf6",
    "c4",
    "e6",
    "Nf3",
    "b6",
    "g3",
    "Ba6",
    "b3",
    "Bb4+",
    "Bd2",
    "Be7",
    "Nc3",
    "c6",
    "e4",
    "d5",
    "Bd3",
    "dxe4",
    "Nxe4",
    "Bb7",
    "Qe2",
    "Nbd7",
    "O-O-O",
    "Nxe4",
    "Bxe4",
    "Nf6",
    "Bc2",
    "a5",
    "Rhe1",
    "b5",
    "c5",
    "b4",
    "g4",
    "Ba6",
    "Qe5",
    "O-O",
    "g5",
    "Nh5",
    "Qe4",
    "g6",
    "Qxc6",
    "Ra7",
    "Be4",
    "Bb7",
    "Qb6",
    "Qxb6",
    "cxb6",
    "Bxe4",
    "Rxe4",
    "Rb7",
    "Be3",
    "Rc8+",
    "Kb1",
    "Rxb6",
    "d5",
    "Rd6",
    "Rd2",
    "Kf8",
    "dxe6",
    "Rxe6",
    "Rxe6",
    "fxe6",
    "Rc2",
    "Rd8",
    "Nd4",
    "Ng7",
    "Nc6",
    "Rd1+",
    "Rc1",
    "Rd5",
    "Nxe7",
    "Kxe7",
    "Rc7+",
    "Kf8",
    "Rc5",
    "Ke7",
    "Rxd5",
    "exd5",
    "Bb6",
    "Kd6",
    "Bxa5",
    "Kc5",
    "Bd8",
    "Nf5",
    "Kc2",
    "Nd4+",
    "Kd3",
    "Nf5",
    "Bc7",
    "Kc6",
    "Bf4",
    "Kc5",
    "Be3+",
    "Kb5",
    "Ke2",
    "Nh4",
    "Bd2",
    "Nf5",
    "Kf3",
    "Nd4+",
    "Kf4",
    "Nc6",
    "Be3",
    "Ka6",
    "Bc5",
    "Kb5",
    "Bd6",
    "Ka5",
    "Ke3"
  ]
}