{
  "event": "Tata Steel Masters",
  "site": "Utrecht NED",
  "date": "2016.01.27",
  "eventDate": "2016.01.15",
  "dateMillis": 1453824000000,
  "eventDateMillis": 1452787200000,
  "round": "10",
  "result": "1/2-1/2",
  "white": "Ding Liren",
  "black": "Loek van Wely",
  "isDingWin": false,
  "isDraw": true,
  "isDingBlack": false,
  "moves": [
    "d4",
    "Nf6",
    "c4",
    "g6",
    "Nc3",
    "d5",
    "Nf3",
    "Bg7",
    "Qb3",
    "dxc4",
    "Qxc4",
    "O-O",
    "e4",
    "Na6",
    "Be2",
    "c5",
    "d5",
    "e6",
    "O-O",
    "exd5",
    "exd5",
    "Bf5",
    "Bg5",
    "h6",
    "Be3",
    "Qb6",
    "b3",
    "Rfe8",
    "Nd2",
    "Nd7",
    "Rac1",
    "Bd4",
    "Rfd1",
    "Nb4",
    "Nf3",
    "Rxe3",
    "fxe3",
    "Bxe3+",
    "Kh1",
    "Bxc1",
    "Rxc1",
    "Qd6",
    "Qh4",
    "g5",
    "Qf2",
    "Qf4",
    "Rd1",
    "Bg6",
    "Bb5",
    "Ne5",
    "Ne2",
    "Qf6",
    "Qxc5",
    "Nxf3",
    "Qxb4",
    "Nh4",
    "Ng3",
    "Qb6",
    "Rd4",
    "a5",
    "Qc4",
    "Rd8",
    "a4",
    "Qf6",
    "Rd2",
    "Qa1+",
    "Nf1",
    "Nf5",
    "Qc7",
    "Rd6",
    "Kg1",
    "Rf6",
    "d6",
    "Ne3",
    "Qd8+",
    "Kg7",
    "Qxf6+",
    "Qxf6",
    "Nxe3",
    "Qc3",
    "Nf1",
    "Bf5",
    "d7",
    "Bxd7",
    "Rxd7",
    "Qxb3",
    "Rxb7",
    "h5",
    "Rd7",
    "h4",
    "h3",
    "Qe6",
    "Kh1",
    "Qe4",
    "Rc7",
    "Kf8",
    "Rc3",
    "Kg7",
    "Rf3",
    "Qe1",
    "Kh2",
    "Qe5+",
    "Kg1",
    "Qe1",
    "Rf2",
    "Qb1",
    "Rd2",
    "f5",
    "Kf2",
    "g4",
    "Ne3",
    "Qe4",
    "hxg4",
    "fxg4",
    "Rd5",
    "Kf6",
    "Rf5+",
    "Ke7",
    "Ke2",
    "h3",
    "gxh3",
    "gxh3",
    "Rh5",
    "Qh1",
    "Rh7+",
    "Kf8",
    "Bc4",
    "h2"
  ]
}