{
  "event": "Tata Steel Masters",
  "site": "Wijk aan Zee NED",
  "date": "2016.01.24",
  "eventDate": "2016.01.15",
  "dateMillis": 1453564800000,
  "eventDateMillis": 1452787200000,
  "round": "8",
  "result": "1/2-1/2",
  "white": "Ding Liren",
  "black": "Wei Yi",
  "isDingWin": false,
  "isDraw": true,
  "isDingBlack": false,
  "moves": [
    "d4",
    "Nf6",
    "c4",
    "g6",
    "Nc3",
    "d5",
    "Nf3",
    "Bg7",
    "Qb3",
    "dxc4",
    "Qxc4",
    "O-O",
    "e4",
    "Nc6",
    "Be2",
    "e5",
    "d5",
    "Nd4",
    "Nxd4",
    "exd4",
    "Qxd4",
    "c6",
    "Qc4",
    "b5",
    "Qxc6",
    "Bd7",
    "Qd6",
    "Re8",
    "f3",
    "Nh5",
    "Be3",
    "f5",
    "Qa3",
    "b4",
    "Qxb4",
    "Rb8",
    "Qa3",
    "fxe4",
    "f4",
    "Qh4+",
    "g3",
    "Nxg3",
    "Bf2",
    "Qh3",
    "Bxg3",
    "Rec8",
    "Bf1",
    "Qg4",
    "Be2",
    "Qh3",
    "Bf1",
    "Qg4",
    "Be2"
  ]
}