{
  "event": "Tata Steel Masters",
  "site": "Wijk aan Zee NED",
  "date": "2016.01.18",
  "eventDate": "2016.01.15",
  "dateMillis": 1453046400000,
  "eventDateMillis": 1452787200000,
  "round": "3",
  "result": "1/2-1/2",
  "white": "Ding Liren",
  "black": "Yifan Hou",
  "isDingWin": false,
  "isDraw": true,
  "isDingBlack": false,
  "moves": [
    "d4",
    "Nf6",
    "c4",
    "e6",
    "Nf3",
    "d5",
    "Nc3",
    "Bb4",
    "cxd5",
    "exd5",
    "Bg5",
    "h6",
    "Bh4",
    "Nbd7",
    "e3",
    "g5",
    "Bg3",
    "Ne4",
    "Qb3",
    "c5",
    "Rc1",
    "Qa5",
    "Nd2",
    "Nxg3",
    "hxg3",
    "cxd4",
    "exd4",
    "Nf6",
    "Bd3",
    "Be6",
    "a3",
    "Bxc3",
    "Rxc3",
    "Rc8",
    "Rxc8+",
    "Bxc8",
    "Qb4",
    "Qxb4",
    "axb4",
    "Ke7",
    "Nb1",
    "Bd7",
    "Nc3",
    "a6",
    "f3",
    "Kd6",
    "Kf2",
    "Ng8",
    "Ra1",
    "Ne7",
    "Ra5",
    "Rc8",
    "g4",
    "Rc6",
    "b5",
    "axb5",
    "Rxb5",
    "Rxc3",
    "bxc3",
    "Bxb5",
    "Bxb5",
    "f5",
    "gxf5",
    "Nxf5",
    "Bd3",
    "Ke6",
    "g4",
    "Ng7",
    "Ke3",
    "h5",
    "gxh5",
    "Nxh5",
    "c4"
  ]
}