{
  "event": "Tata Steel Masters",
  "site": "Wijk aan Zee NED",
  "date": "2016.01.23",
  "eventDate": "2016.01.15",
  "dateMillis": 1453478400000,
  "eventDateMillis": 1452787200000,
  "round": "7",
  "result": "1-0",
  "white": "Fabiano Caruana",
  "black": "Ding Liren",
  "isDingWin": false,
  "isDraw": false,
  "isDingBlack": true,
  "moves": [
    "e4",
    "e5",
    "Nf3",
    "Nc6",
    "Bb5",
    "a6",
    "Ba4",
    "Nf6",
    "O-O",
    "Be7",
    "d3",
    "b5",
    "Bb3",
    "d6",
    "a3",
    "Na5",
    "Ba2",
    "c5",
    "Nc3",
    "Be6",
    "Nh4",
    "c4",
    "Nf5",
    "Bxf5",
    "exf5",
    "O-O",
    "dxc4",
    "Nxc4",
    "Bxc4",
    "bxc4",
    "Bg5",
    "Rb8",
    "Rb1",
    "Nd7",
    "Bxe7",
    "Qxe7",
    "Nd5",
    "Qd8",
    "Qg4",
    "Rb5",
    "Qxc4",
    "Nb6",
    "Nxb6",
    "Qxb6",
    "b4",
    "d5",
    "Qb3",
    "Qc6",
    "Rfe1",
    "d4",
    "a4",
    "Rd5",
    "h4",
    "Rb8",
    "Qf3",
    "f6",
    "Red1",
    "Qc4",
    "Qd3",
    "Rc8",
    "Rb2",
    "Rd6",
    "b5",
    "Rb6",
    "Ra1",
    "h5",
    "Ra3",
    "Qd5",
    "Rab3",
    "e4",
    "Qd1",
    "Rd8",
    "bxa6",
    "Rxa6",
    "Rb5",
    "Qd6",
    "a5",
    "d3",
    "cxd3",
    "exd3",
    "Rd2",
    "Rc6",
    "Rb3",
    "Qc7",
    "Rb1",
    "Qxa5",
    "Rxd3",
    "Rdc8",
    "Qxh5",
    "Qe5",
    "Rbd1",
    "Rc1",
    "Qf3",
    "Rxd1+",
    "Rxd1",
    "Qe8",
    "g3",
    "Rc5",
    "Ra1",
    "Qd7",
    "Ra8+",
    "Rc8",
    "Ra5",
    "Kh7",
    "Rd5",
    "Qe8",
    "Kg2",
    "Rc7",
    "Ra5",
    "Qf7",
    "Qd5",
    "Qxd5+",
    "Rxd5",
    "Rc4",
    "Rd2",
    "Kg8",
    "f3",
    "Kf8",
    "g4",
    "Rc1",
    "Kg3",
    "Rg1+",
    "Rg2",
    "Ra1",
    "g5",
    "Kf7",
    "Kg4",
    "Ra4+",
    "f4",
    "fxg5",
    "hxg5",
    "Ra1",
    "Rb2",
    "Rg1+",
    "Kh3",
    "Rf1",
    "Rb7+",
    "Kf8",
    "Kg4",
    "Rh1",
    "f6",
    "gxf6",
    "g6",
    "Ra1",
    "Kf5",
    "Ra6",
    "Rf7+",
    "Kg8",
    "Re7",
    "Ra4",
    "Re4",
    "Ra6",
    "Re6",
    "Ra4",
    "Rxf6",
    "Ra5+",
    "Kg4",
    "Kg7",
    "Rd6",
    "Ra1",
    "Kg5",
    "Rg1+",
    "Kf5",
    "Kh6",
    "Rd8"
  ]
}