{
  "event": "Tata Steel Masters",
  "site": "Wijk aan Zee NED",
  "date": "2016.01.19",
  "eventDate": "2016.01.15",
  "dateMillis": 1453132800000,
  "eventDateMillis": 1452787200000,
  "round": "4",
  "result": "1/2-1/2",
  "white": "Wesley So",
  "black": "Ding Liren",
  "isDingWin": false,
  "isDraw": true,
  "isDingBlack": true,
  "moves": [
    "d4",
    "d5",
    "c4",
    "c6",
    "Nf3",
    "Nf6",
    "e3",
    "e6",
    "b3",
    "Nbd7",
    "Bd3",
    "Bd6",
    "Bb2",
    "O-O",
    "O-O",
    "b6",
    "Nbd2",
    "Bb7",
    "Ne5",
    "c5",
    "cxd5",
    "Bxd5",
    "Ndc4",
    "Be7",
    "Rc1",
    "cxd4",
    "Bxd4",
    "Rc8",
    "Qe2",
    "Nc5",
    "Bb1",
    "b5",
    "Nd2",
    "a6",
    "Rfd1",
    "Ncd7",
    "Rxc8",
    "Qxc8",
    "Nxd7",
    "Nxd7",
    "Be4",
    "Nf6",
    "Bxf6",
    "Bxf6",
    "Bxd5",
    "exd5",
    "Nf3",
    "Qe6",
    "h3",
    "Rc8",
    "Qd2",
    "h6",
    "Rc1",
    "Rc6",
    "Kf1",
    "Qc8",
    "Rxc6",
    "Qxc6",
    "Ne1",
    "Bc3",
    "Qc2",
    "Qf6",
    "Nd3",
    "d4",
    "Nf4",
    "Qd6",
    "Ne2",
    "Qf6",
    "Kg1",
    "g6",
    "Nxd4",
    "Bxd4",
    "exd4",
    "Qxd4",
    "Qc8+",
    "Kg7",
    "Qxa6",
    "Qa1+",
    "Kh2",
    "Qe5+",
    "Kg1"
  ]
}