{
  "event": "Tata Steel Masters",
  "site": "Wijk aan Zee NED",
  "date": "2016.01.26",
  "eventDate": "2016.01.15",
  "dateMillis": 1453737600000,
  "eventDateMillis": 1452787200000,
  "round": "9",
  "result": "1/2-1/2",
  "white": "Shakhriyar Mamedyarov",
  "black": "Ding Liren",
  "isDingWin": false,
  "isDraw": true,
  "isDingBlack": true,
  "moves": [
    "d4",
    "d5",
    "c4",
    "c6",
    "Nf3",
    "Nf6",
    "Nc3",
    "e6",
    "e3",
    "Nbd7",
    "Bd3",
    "dxc4",
    "Bxc4",
    "b5",
    "Bd3",
    "Bb7",
    "a3",
    "b4",
    "Ne4",
    "Nxe4",
    "Bxe4",
    "Nf6",
    "Bd3",
    "bxa3",
    "O-O",
    "axb2",
    "Bxb2",
    "a5",
    "Qb3",
    "Bb4",
    "Ba3",
    "c5",
    "Bb5+",
    "Ke7",
    "dxc5",
    "Bxf3",
    "gxf3",
    "Qd5",
    "Qxd5",
    "Nxd5",
    "Bc6",
    "Ra7",
    "Bxd5",
    "Bxa3",
    "Rxa3",
    "exd5",
    "Rd1",
    "Ke6",
    "Rb1",
    "Rc8",
    "Rb5",
    "a4",
    "Rb4",
    "Rxc5",
    "Rbxa4",
    "Rxa4",
    "Rxa4",
    "Rc6",
    "Kg2",
    "Rb6"
  ]
}