{
  "event": "Tata Steel Masters",
  "site": "Wijk aan Zee NED",
  "date": "2016.01.30",
  "eventDate": "2016.01.15",
  "dateMillis": 1454083200000,
  "eventDateMillis": 1452787200000,
  "round": "12",
  "result": "1-0",
  "white": "Ding Liren",
  "black": "Pavel Eljanov",
  "isDingWin": true,
  "isDraw": false,
  "isDingBlack": false,
  "moves": [
    "d4",
    "Nf6",
    "c4",
    "e6",
    "Nf3",
    "b6",
    "g3",
    "Bb4+",
    "Bd2",
    "Be7",
    "Nc3",
    "Bb7",
    "Bg2",
    "c6",
    "O-O",
    "d5",
    "Qb3",
    "O-O",
    "Rfd1",
    "Nbd7",
    "Rac1",
    "Rc8",
    "Ne1",
    "dxc4",
    "Qxc4",
    "b5",
    "Qb3",
    "Qb6",
    "Bg5",
    "h6",
    "Bxf6",
    "Nxf6",
    "e3",
    "c5",
    "Bxb7",
    "Qxb7",
    "Qxb5",
    "Qxb5",
    "Nxb5",
    "a6",
    "Nc3",
    "cxd4",
    "exd4",
    "Rfd8",
    "Nf3",
    "Rc4",
    "Kf1",
    "g5",
    "h3",
    "Rb4",
    "Rc2",
    "Kg7",
    "b3",
    "Nd5",
    "Na4",
    "Rb5",
    "Rdd2",
    "Bf6",
    "Rc6",
    "Nb4",
    "Rc7",
    "Rf5",
    "Kg2",
    "Rd6",
    "Nc5",
    "a5",
    "Ra7",
    "Bd8",
    "Ne4",
    "Rc6",
    "Ne5",
    "Rc7",
    "Ra8",
    "Bf6",
    "Nd6"
  ]
}