{
  "event": "Tata Steel Masters",
  "site": "Wijk aan Zee NED",
  "date": "2016.01.31",
  "eventDate": "2016.01.15",
  "dateMillis": 1454169600000,
  "eventDateMillis": 1452787200000,
  "round": "13",
  "result": "1/2-1/2",
  "white": "Magnus Carlsen",
  "black": "Ding Liren",
  "isDingWin": false,
  "isDraw": true,
  "isDingBlack": true,
  "moves": [
    "e4",
    "e5",
    "Nf3",
    "Nc6",
    "Bb5",
    "a6",
    "Ba4",
    "Nf6",
    "O-O",
    "Nxe4",
    "d4",
    "b5",
    "Bb3",
    "d5",
    "dxe5",
    "Be6",
    "Nbd2",
    "Nc5",
    "c3",
    "Be7",
    "Bc2",
    "d4",
    "Nb3",
    "d3",
    "Nxc5",
    "dxc2",
    "Qxd8+",
    "Rxd8",
    "Nxe6",
    "fxe6",
    "Be3",
    "Rd5",
    "Rfc1",
    "Nxe5",
    "Nxe5",
    "Rxe5",
    "Bd4",
    "Rg5",
    "Rxc2",
    "Kf7",
    "Be3",
    "Re5",
    "c4",
    "b4",
    "Rd1",
    "Rd8",
    "Rxd8",
    "Bxd8",
    "Kf1",
    "Bg5",
    "Bd4",
    "Ra5",
    "b3",
    "Bf6",
    "Be3",
    "Bg5",
    "f4",
    "Be7",
    "g4",
    "h5",
    "h3",
    "g6",
    "Ke2",
    "hxg4",
    "hxg4",
    "e5",
    "Kf3",
    "exf4",
    "Bxf4",
    "Bd6",
    "c5",
    "Bxc5",
    "Bxc7",
    "Rb5",
    "Ke4",
    "Ke6",
    "Bf4",
    "Ra5",
    "Bd2",
    "Be7",
    "Rc6+",
    "Kd7",
    "Rxg6",
    "Rxa2",
    "Bf4",
    "Ra3",
    "g5",
    "Rxb3",
    "Rb6",
    "Bxg5",
    "Bxg5",
    "a5",
    "Ra6",
    "a4",
    "Rxa4",
    "Kc6",
    "Ra5",
    "Ra3",
    "Rf5",
    "b3",
    "Bf6",
    "Ra2",
    "Bd4",
    "b2",
    "Rc5+",
    "Kb6",
    "Rc3+",
    "Kb5",
    "Rb3+",
    "Kc4",
    "Rb8",
    "b1=Q+",
    "Rxb1",
    "Re2+",
    "Be3",
    "Rc2",
    "Rb8",
    "Kc3",
    "Rc8+",
    "Kb3",
    "Bc5",
    "Kc4",
    "Rc7",
    "Kc3",
    "Kd5",
    "Kd3",
    "Rh7",
    "Re2",
    "Rh3+",
    "Kc2",
    "Kc4",
    "Re4+",
    "Bd4",
    "Kd2",
    "Rh2+",
    "Re2",
    "Rh4",
    "Rg2",
    "Re4",
    "Re2",
    "Bc3+",
    "Kd1",
    "Rf4",
    "Kc2",
    "Rd4",
    "Rf2",
    "Rd3",
    "Re2",
    "Bd4",
    "Re4",
    "Ra3",
    "Re2",
    "Be3",
    "Kd1",
    "Rd3+",
    "Ke1",
    "Rc3",
    "Kf1",
    "Kd3",
    "Ra2",
    "Rc1+",
    "Kg2",
    "Ke4",
    "Kg3",
    "Rc8",
    "Rg2",
    "Rf8",
    "Kg4",
    "Bf2",
    "Kh3",
    "Kf3",
    "Rg3+",
    "Kf4",
    "Rg4+",
    "Kf5",
    "Rg7",
    "Bd4",
    "Rg3",
    "Be5",
    "Rf3+",
    "Bf4",
    "Kg2",
    "Kg4",
    "Rf2",
    "Rh8",
    "Re2",
    "Rh3",
    "Kf2",
    "Rf3+",
    "Kg2",
    "Be3",
    "Rc2",
    "Rg3+",
    "Kf1",
    "Kf3",
    "Rf2+",
    "Bxf2"
  ]
}