{
  "event": "Tata Steel Masters",
  "site": "Wijk aan Zee NED",
  "date": "2016.01.29",
  "eventDate": "2016.01.15",
  "dateMillis": 1453996800000,
  "eventDateMillis": 1452787200000,
  "round": "11",
  "result": "0-1",
  "white": "Evgeny Tomashevsky",
  "black": "Ding Liren",
  "isDingWin": true,
  "isDraw": false,
  "isDingBlack": true,
  "moves": [
    "d4",
    "d5",
    "c4",
    "e6",
    "Nf3",
    "Nf6",
    "g3",
    "Bb4+",
    "Bd2",
    "Be7",
    "Bg2",
    "O-O",
    "O-O",
    "c6",
    "Bf4",
    "Nbd7",
    "Nc3",
    "dxc4",
    "e4",
    "Re8",
    "a4",
    "b6",
    "Qe2",
    "Ba6",
    "Rfd1",
    "Bb4",
    "Ne1",
    "Qc8",
    "Nc2",
    "Bf8",
    "Ne3",
    "e5",
    "dxe5",
    "Nxe5",
    "Bxe5",
    "Rxe5",
    "f4",
    "Re8",
    "e5",
    "Qe6",
    "Kh1",
    "Nd7",
    "Nc2",
    "Nc5",
    "Nd4",
    "Qc8",
    "Bxc6",
    "Nd3",
    "Qf3",
    "Rb8",
    "Rd2",
    "Bb7",
    "Rf1",
    "Rd8",
    "Bxb7",
    "Rxb7",
    "Nf5",
    "Rc7",
    "Ne3",
    "Qe6",
    "Ne4",
    "h6",
    "Rc2",
    "Rcc8",
    "Re2",
    "a6",
    "g4",
    "Nc5",
    "Nc3",
    "Rd3",
    "Qg2",
    "Rcd8",
    "f5",
    "Qxe5",
    "Nxc4",
    "Qf6",
    "Ne5",
    "R3d6",
    "Nf3",
    "b5",
    "axb5",
    "axb5",
    "Nxb5",
    "Rd1",
    "Nc3",
    "Rxf1+",
    "Qxf1",
    "Qc6",
    "Re3",
    "Rb8",
    "Qg2",
    "Qa6",
    "Ne4",
    "Nxe4",
    "Rxe4",
    "Rb3",
    "Re1",
    "Qb5",
    "Nd4",
    "Qb4",
    "Qe4",
    "Rxb2",
    "f6",
    "Qd6",
    "Qe5",
    "Rb1"
  ]
}