{
  "event": "IMSA Elite Mind Games (Rapid)",
  "site": "Huai'an CHN",
  "date": "2016.02.27",
  "eventDate": "2016.02.26",
  "dateMillis": 1456502400000,
  "eventDateMillis": 1456416000000,
  "round": "6.5",
  "result": "1-0",
  "white": "Ding Liren",
  "black": "Wang Yue",
  "isDingWin": true,
  "isDraw": false,
  "isDingBlack": false,
  "moves": [
    "Nf3",
    "c5",
    "c4",
    "Nf6",
    "Nc3",
    "Nc6",
    "g3",
    "g6",
    "Bg2",
    "d6",
    "d4",
    "cxd4",
    "Nxd4",
    "Bd7",
    "Nxc6",
    "bxc6",
    "c5",
    "d5",
    "e4",
    "dxe4",
    "Nxe4",
    "Nxe4",
    "Bxe4",
    "Bg7",
    "O-O",
    "O-O",
    "Qa4",
    "Rb8",
    "Bf4",
    "Rxb2",
    "Rab1",
    "Rxb1",
    "Rxb1",
    "Qa8",
    "Rd1",
    "Qb7",
    "Rb1",
    "Qa8",
    "Qa6",
    "e5",
    "Be3",
    "Rd8",
    "h4",
    "f5",
    "Bg2",
    "e4",
    "Bf1",
    "Be6",
    "Bg5",
    "Rb8",
    "Rxb8+",
    "Qxb8",
    "Qxc6",
    "Bxa2",
    "Qd7",
    "Be5",
    "c6",
    "Bf7",
    "Bf4",
    "Bxf4",
    "gxf4",
    "Qe8",
    "Bb5"
  ]
}