{
  "event": "IMSA Elite Mind Games (Blitz)",
  "site": "Huai'an CHN",
  "date": "2016.02.28",
  "eventDate": "2016.02.28",
  "dateMillis": 1456588800000,
  "eventDateMillis": 1456588800000,
  "round": "6.7",
  "result": "1-0",
  "white": "Wang Hao",
  "black": "Ding Liren",
  "isDingWin": false,
  "isDraw": false,
  "isDingBlack": true,
  "moves": [
    "d4",
    "d5",
    "c4",
    "c6",
    "Nc3",
    "e6",
    "e4",
    "dxe4",
    "Nxe4",
    "Bb4+",
    "Nc3",
    "c5",
    "a3",
    "Ba5",
    "Nf3",
    "Nf6",
    "Be3",
    "Nc6",
    "Qd3",
    "Ng4",
    "O-O-O",
    "cxd4",
    "Nxd4",
    "Nxe3",
    "fxe3",
    "O-O",
    "Nxc6",
    "bxc6",
    "Qe4",
    "Qe7",
    "Na4",
    "Rb8",
    "Be2",
    "Bc7",
    "Qxc6",
    "Bb7",
    "Qd7",
    "Qxd7",
    "Rxd7",
    "Be5",
    "Bf3",
    "Ba6",
    "Be2",
    "Rfc8",
    "Rxa7",
    "Bxc4",
    "Bxc4",
    "Rxc4+",
    "Kb1",
    "Re4",
    "Re1",
    "Bxh2",
    "Nc5",
    "Rg4",
    "Re2",
    "h5",
    "b4",
    "Bd6",
    "Nd3",
    "h4",
    "Ka2",
    "Rb5",
    "Rd7",
    "Rd5",
    "Nf4",
    "Rd1",
    "b5",
    "g5",
    "b6",
    "gxf4",
    "b7",
    "Kg7",
    "Rxd6",
    "Rxd6",
    "b8=Q"
  ]
}