{
  "event": "IMSA Elite Mind Games (Rapid)",
  "site": "Huai'an CHN",
  "date": "2016.02.26",
  "eventDate": "2016.02.26",
  "dateMillis": 1456416000000,
  "eventDateMillis": 1456416000000,
  "round": "4.2",
  "result": "1/2-1/2",
  "white": "Wang Hao",
  "black": "Ding Liren",
  "isDingWin": false,
  "isDraw": true,
  "isDingBlack": true,
  "moves": [
    "d4",
    "d5",
    "c4",
    "e6",
    "Nc3",
    "c6",
    "e3",
    "Nf6",
    "Nf3",
    "Nbd7",
    "Qc2",
    "Bd6",
    "Bd3",
    "O-O",
    "O-O",
    "e5",
    "cxd5",
    "cxd5",
    "e4",
    "exd4",
    "Nxd5",
    "Nxd5",
    "exd5",
    "h6",
    "b3",
    "Nf6",
    "Bb2",
    "Nxd5",
    "Qc4",
    "Nb4",
    "Rad1",
    "Nxd3",
    "Rxd3",
    "Qb6",
    "Bxd4",
    "Qb4",
    "Qxb4",
    "Bxb4",
    "Bc3",
    "Bf5",
    "Rd5",
    "Be6",
    "Bxb4",
    "Bxd5",
    "Bxf8",
    "Kxf8",
    "Rd1",
    "Bxf3",
    "gxf3",
    "Ke7",
    "Re1+",
    "Kd6",
    "Rd1+",
    "Kc6",
    "Rc1+",
    "Kb6",
    "Rc4",
    "Rd8",
    "Rb4+",
    "Kc6",
    "Rc4+",
    "Kd6",
    "Rd4+",
    "Ke7",
    "Re4+",
    "Kf8",
    "Rc4",
    "Rd7",
    "Kg2",
    "Ke7",
    "h4",
    "Ke6",
    "Kg3",
    "Rd2",
    "Rc7",
    "Rxa2",
    "Rxb7",
    "a5",
    "b4",
    "a4",
    "b5",
    "a3",
    "b6",
    "Ra1",
    "Kg2",
    "a2",
    "Ra7",
    "Kd6",
    "b7",
    "Kc7",
    "Kh2",
    "Kb8",
    "Ra3",
    "Kxb7",
    "Kg2",
    "Kc6",
    "Ra8",
    "Kd5",
    "Ra4",
    "Ke5",
    "Ra5+",
    "Kd4",
    "Ra7",
    "h5",
    "Rd7+",
    "Ke5",
    "Ra7",
    "f6",
    "Ra5+",
    "Kd4",
    "f4",
    "Ke4",
    "Ra4+",
    "Kf5",
    "Kf3",
    "Rh1",
    "Ra5+",
    "Kg6",
    "Rxa2",
    "Rxh4",
    "Kg3",
    "Rg4+",
    "Kf3",
    "Rg1",
    "Ra8",
    "Rb1",
    "Kg3",
    "Rg1+",
    "Kf3",
    "Rc1",
    "Kg3",
    "Rc3+",
    "f3",
    "Rc1",
    "Rb8",
    "Rc5",
    "Rb7",
    "Ra5",
    "Rc7",
    "Ra8",
    "Rb7",
    "Rh8",
    "Rb5",
    "Ra8",
    "Rb7",
    "Ra5",
    "Rc7",
    "Kf5",
    "Rxg7",
    "h4+",
    "Kxh4",
    "Kxf4",
    "Rb7",
    "Re5",
    "Rb3",
    "f5",
    "Kh3",
    "Re2",
    "Ra3",
    "Rf2",
    "Ra5",
    "Rxf3+",
    "Kg2",
    "Re3",
    "Kf2",
    "Rf3+",
    "Kg2",
    "Rg3+",
    "Kf2",
    "Rf3+"
  ]
}