{
  "event": "IMSA Elite Mind Games (Blitz)",
  "site": "Huai'an CHN",
  "date": "2016.02.28",
  "eventDate": "2016.02.28",
  "dateMillis": 1456588800000,
  "eventDateMillis": 1456588800000,
  "round": "2.5",
  "result": "0-1",
  "white": "Sergei Movsesian",
  "black": "Ding Liren",
  "isDingWin": true,
  "isDraw": false,
  "isDingBlack": true,
  "moves": [
    "e4",
    "e5",
    "Nf3",
    "Nc6",
    "Bb5",
    "a6",
    "Ba4",
    "Nf6",
    "O-O",
    "Nxe4",
    "d4",
    "b5",
    "Bb3",
    "d5",
    "dxe5",
    "Be6",
    "a4",
    "b4",
    "a5",
    "Nc5",
    "Be3",
    "Nxb3",
    "cxb3",
    "d4",
    "Bg5",
    "Qd5",
    "Nbd2",
    "h6",
    "Bh4",
    "Bc5",
    "Nc4",
    "O-O",
    "Qd3",
    "Rab8",
    "h3",
    "Rb5",
    "Rfd1",
    "Qd7",
    "Nfd2",
    "Ba7",
    "Ne4",
    "Nxe5",
    "Nxe5",
    "Rxe5",
    "Nf6+",
    "gxf6",
    "Bxf6",
    "Rg5",
    "Bxg5",
    "hxg5",
    "Qxa6",
    "c5",
    "Rd3",
    "Kg7",
    "Re1",
    "Bf5",
    "Rg3",
    "f6",
    "Qc4",
    "d3",
    "Rge3",
    "Rf7",
    "a6",
    "Qd4",
    "Re7",
    "Qxc4",
    "bxc4",
    "Bc8",
    "Rxf7+",
    "Kxf7",
    "b3",
    "Bxa6",
    "Ra1",
    "d2",
    "Kf1",
    "Bb8",
    "Ke2",
    "Bb7",
    "f3",
    "Ke6",
    "Kxd2",
    "Be5",
    "Ra7",
    "Bc6",
    "Kd3",
    "Bd4",
    "Rh7",
    "Bd7",
    "h4",
    "gxh4",
    "Rxh4",
    "Ke5",
    "Rh5+",
    "Kf4",
    "Ke2",
    "Be8",
    "Rh4+",
    "Kf5",
    "Re4",
    "Bg6",
    "g4+",
    "Kg5",
    "Re7",
    "Bc2",
    "Rg7+",
    "Kf4",
    "Re7",
    "Bxb3",
    "Re4+",
    "Kg5",
    "Kd3",
    "Ba2",
    "Re8",
    "b3",
    "Rg8+",
    "Kf4"
  ]
}