{
  "event": "IMSA Elite Mind Games (Rapid)",
  "site": "Huai'an CHN",
  "date": "2016.02.26",
  "eventDate": "2016.02.26",
  "dateMillis": 1456416000000,
  "eventDateMillis": 1456416000000,
  "round": "1.5",
  "result": "1/2-1/2",
  "white": "Radoslaw Wojtaszek",
  "black": "Ding Liren",
  "isDingWin": false,
  "isDraw": true,
  "isDingBlack": true,
  "moves": [
    "d4",
    "d5",
    "c4",
    "c6",
    "Nf3",
    "Nf6",
    "Nc3",
    "e6",
    "Bg5",
    "h6",
    "Bxf6",
    "Qxf6",
    "e3",
    "g6",
    "Be2",
    "Nd7",
    "O-O",
    "Bg7",
    "e4",
    "dxe4",
    "Nxe4",
    "Qf4",
    "Qc2",
    "Nf6",
    "Nxf6+",
    "Qxf6",
    "c5",
    "O-O",
    "Rad1",
    "Rd8",
    "Ne5",
    "Bd7",
    "Rd3",
    "Be8",
    "Rfd1",
    "Qe7",
    "Bf3",
    "Rac8",
    "g3",
    "b6",
    "b4",
    "bxc5",
    "bxc5",
    "Qc7",
    "Nc4",
    "Rb8",
    "Qa4",
    "e5",
    "dxe5",
    "Rxd3",
    "Rxd3",
    "Bxe5",
    "Kg2",
    "Bg7",
    "Nd6",
    "Bd7",
    "Ra3",
    "Be6",
    "Qxc6",
    "Qxc6",
    "Bxc6",
    "Rb2",
    "Rd3",
    "Rxa2",
    "Bd5",
    "Bxd5+",
    "Rxd5",
    "Rc2",
    "Nb7",
    "Bf8",
    "Rd8",
    "Kg7",
    "Ra8",
    "Bxc5",
    "Nxc5"
  ]
}