{
  "event": "IMSA Elite Mind Games (Blitz)",
  "site": "Huai'an CHN",
  "date": "2016.02.28",
  "eventDate": "2016.02.28",
  "dateMillis": 1456588800000,
  "eventDateMillis": 1456588800000,
  "round": "5.3",
  "result": "1/2-1/2",
  "white": "Ding Liren",
  "black": "Laurent Fressinet",
  "isDingWin": false,
  "isDraw": true,
  "isDingBlack": false,
  "moves": [
    "Nf3",
    "d5",
    "c4",
    "e6",
    "g3",
    "dxc4",
    "Qa4+",
    "Nd7",
    "Qxc4",
    "a6",
    "Bg2",
    "b5",
    "Qc2",
    "Bb7",
    "O-O",
    "Ngf6",
    "d3",
    "c5",
    "e4",
    "Be7",
    "Nc3",
    "Rc8",
    "a4",
    "b4",
    "Nd1",
    "c4",
    "dxc4",
    "Bxe4",
    "Qe2",
    "O-O",
    "Ne3",
    "Nc5",
    "Rd1",
    "Qc7",
    "Nd4",
    "Rfd8",
    "Bxe4",
    "Nfxe4",
    "Nec2",
    "Bf6",
    "Be3",
    "b3",
    "Ne1",
    "Qb7",
    "a5",
    "h6",
    "h4",
    "Qb4",
    "Kg2",
    "Nd6",
    "Rac1",
    "Qxa5",
    "Nd3",
    "Nde4",
    "Nxc5",
    "Nxc5",
    "Qf3",
    "Qc7",
    "Rd2",
    "Rd7",
    "Rcd1",
    "Rcd8",
    "h5",
    "Qb7",
    "Qxb7",
    "Rxb7",
    "Nxb3",
    "Rxd2",
    "Nxd2",
    "Be7",
    "b3",
    "Nxb3",
    "Nxb3",
    "Rxb3",
    "Rd7",
    "Bf6",
    "Ra7",
    "Rc3",
    "c5",
    "Bg5",
    "Bxg5",
    "hxg5",
    "Rxa6",
    "Rxc5",
    "Ra8+",
    "Kh7",
    "g4",
    "Rc4",
    "f3",
    "f5",
    "Kg3",
    "f4+",
    "Kf2",
    "e5",
    "Ra5",
    "Rc2+",
    "Kf1",
    "Rc3",
    "Rxe5",
    "Rxf3+",
    "Ke2",
    "Ra3",
    "Rxg5",
    "Rg3",
    "Kf2",
    "Kh6",
    "Rg6+",
    "Kh7",
    "Rg5",
    "Kh6",
    "Rg6+"
  ]
}