{
  "event": "IMSA Elite Mind Games (Blitz)",
  "site": "Huai'an CHN",
  "date": "2016.02.28",
  "eventDate": "2016.02.28",
  "dateMillis": 1456588800000,
  "eventDateMillis": 1456588800000,
  "round": "8.8",
  "result": "0-1",
  "white": "David Navara",
  "black": "Ding Liren",
  "isDingWin": true,
  "isDraw": false,
  "isDingBlack": true,
  "moves": [
    "d4",
    "d5",
    "c4",
    "c6",
    "Nc3",
    "Nf6",
    "Nf3",
    "e6",
    "Bg5",
    "h6",
    "Bxf6",
    "Qxf6",
    "Qb3",
    "a5",
    "e3",
    "a4",
    "Nxa4",
    "dxc4",
    "Bxc4",
    "Nd7",
    "Nc3",
    "g6",
    "O-O",
    "Bg7",
    "e4",
    "O-O",
    "e5",
    "Qe7",
    "Rfe1",
    "Rd8",
    "Rad1",
    "b5",
    "Bd3",
    "Rb8",
    "h4",
    "c5",
    "Bxb5",
    "cxd4",
    "Rxd4",
    "Bb7",
    "Rxd7",
    "Rxd7",
    "Bxd7",
    "Qxd7",
    "Re4",
    "Rc8",
    "Rd4",
    "Qe7",
    "Ne4",
    "Bd5",
    "Qa4",
    "Ra8",
    "Qd1",
    "Rxa2",
    "Nc3",
    "Bxf3",
    "Rd8+",
    "Kh7",
    "gxf3",
    "Rxb2",
    "Qd4",
    "Bxe5",
    "Qxe5",
    "Qxd8",
    "Ne4",
    "Rb1+",
    "Kg2",
    "Qxh4",
    "Nf6+",
    "Kh8",
    "Nh5+",
    "f6",
    "Qxe6",
    "Qh1+",
    "Kg3",
    "Rg1+",
    "Kf4",
    "Qh4+",
    "Ke3",
    "Re1+"
  ]
}