{
  "event": "IMSA Elite Mind Games (Blitz)",
  "site": "Huai'an CHN",
  "date": "2016.02.28",
  "eventDate": "2016.02.28",
  "dateMillis": 1456588800000,
  "eventDateMillis": 1456588800000,
  "round": "9.1",
  "result": "1-0",
  "white": "Ding Liren",
  "black": "Li Chao",
  "isDingWin": true,
  "isDraw": false,
  "isDingBlack": false,
  "moves": [
    "c4",
    "Nf6",
    "Nc3",
    "g6",
    "e4",
    "c5",
    "Nf3",
    "Bg7",
    "d4",
    "Qa5",
    "Bd3",
    "Nh5",
    "Bc2",
    "Nc6",
    "d5",
    "Nd4",
    "Bd2",
    "d6",
    "Nxd4",
    "cxd4",
    "Ne2",
    "Qc7",
    "Bd3",
    "O-O",
    "O-O",
    "e5",
    "dxe6",
    "fxe6",
    "Rc1",
    "e5",
    "c5",
    "Be6",
    "Bb4",
    "d5",
    "c6",
    "Rfc8",
    "Qd2",
    "bxc6",
    "Rc2",
    "Nf6",
    "Ng3",
    "Qb7",
    "Rfc1",
    "c5",
    "exd5",
    "Bxd5",
    "Rxc5",
    "Rxc5",
    "Rxc5",
    "Bxg2",
    "Rxe5",
    "Bh3",
    "Ne4",
    "Nd5",
    "Bd6",
    "Rd8",
    "Bc4",
    "Bxe5",
    "Bxe5",
    "Qc8",
    "Qh6",
    "Qg4+",
    "Ng3",
    "Qd1+",
    "Bf1",
    "Rd7",
    "Qxh3",
    "Re7",
    "Qc8+",
    "Kf7",
    "Bd6",
    "Ne3",
    "Bxe7",
    "Nxf1",
    "Qf8+",
    "Ke6",
    "Qf6+",
    "Kd7",
    "Qd6+",
    "Ke8",
    "Nxf1",
    "d3",
    "Bf6",
    "Qe2",
    "Qe5+"
  ]
}