{
  "event": "IMSA Elite Mind Games (Blitz)",
  "site": "Huai'an CHN",
  "date": "2016.02.28",
  "eventDate": "2016.02.28",
  "dateMillis": 1456588800000,
  "eventDateMillis": 1456588800000,
  "round": "3.4",
  "result": "1-0",
  "white": "Ding Liren",
  "black": "Radoslaw Wojtaszek",
  "isDingWin": true,
  "isDraw": false,
  "isDingBlack": false,
  "moves": [
    "Nf3",
    "d5",
    "c4",
    "d4",
    "b4",
    "f6",
    "Na3",
    "e5",
    "Nc2",
    "a5",
    "b5",
    "Nh6",
    "d3",
    "Nf7",
    "g3",
    "Nd7",
    "Bg2",
    "Nc5",
    "O-O",
    "Be7",
    "Ba3",
    "O-O",
    "Nd2",
    "Ne6",
    "Bxe7",
    "Qxe7",
    "e3",
    "Rd8",
    "exd4",
    "Nxd4",
    "Nxd4",
    "Rxd4",
    "Nb3",
    "Rd8",
    "a4",
    "Ng5",
    "d4",
    "Bh3",
    "Bxb7",
    "Bxf1",
    "Qxf1",
    "Rab8",
    "Nxa5",
    "exd4",
    "Nc6",
    "Qe4",
    "Nxd8",
    "Nf3+",
    "Kh1",
    "Rxb7",
    "Nxb7",
    "Qxb7",
    "a5",
    "Ne1+",
    "f3",
    "Nxf3",
    "a6",
    "Qe4",
    "Qg2"
  ]
}