{
  "event": "IMSA Elite Mind Games (Blitz)",
  "site": "Huai'an CHN",
  "date": "2016.02.28",
  "eventDate": "2016.02.28",
  "dateMillis": 1456588800000,
  "eventDateMillis": 1456588800000,
  "round": "1.5",
  "result": "1-0",
  "white": "Ding Liren",
  "black": "Ruslan Ponomariov",
  "isDingWin": true,
  "isDraw": false,
  "isDingBlack": false,
  "moves": [
    "Nf3",
    "d5",
    "c4",
    "e6",
    "g3",
    "Nf6",
    "Bg2",
    "Be7",
    "O-O",
    "O-O",
    "b3",
    "b6",
    "cxd5",
    "exd5",
    "d4",
    "Bb7",
    "Nc3",
    "Na6",
    "Bb2",
    "c5",
    "Rc1",
    "Re8",
    "e3",
    "Bf8",
    "Re1",
    "Nc7",
    "Re2",
    "Qe7",
    "dxc5",
    "bxc5",
    "Na4",
    "Ne6",
    "Rec2",
    "Rac8",
    "Ba3",
    "Nd7",
    "Nh4",
    "Qd6",
    "Rd2",
    "Nf6",
    "Bb2",
    "Ng5",
    "Nf5",
    "Qe6",
    "Bxf6",
    "Qxf6",
    "Bxd5",
    "Bxd5",
    "Rxd5",
    "Rcd8",
    "h4",
    "Ne4",
    "Rxd8",
    "Rxd8",
    "Qg4",
    "Nd2",
    "Nxc5",
    "Qc6",
    "Nd4",
    "Qd5",
    "Nd3",
    "g6",
    "Rc2",
    "Ne4",
    "Nf4",
    "Qb7",
    "Qf3",
    "Bg7",
    "Nfe2",
    "Re8",
    "Kg2",
    "Qd5",
    "Nf4",
    "Qd7",
    "Nfe2",
    "h5",
    "b4",
    "a6",
    "Rc6",
    "Nd2",
    "Qf4",
    "Qd5+",
    "f3",
    "Qxa2",
    "Rc2",
    "Qa4",
    "Rxd2",
    "Qxb4",
    "Rc2",
    "a5",
    "Rc7",
    "Rf8",
    "Nc6",
    "Qb6",
    "Ne7+",
    "Kh7",
    "Nd5",
    "Qb2",
    "Kf2",
    "Kg8",
    "Ne7+",
    "Kh7",
    "Nc6",
    "Kg8",
    "Nxa5",
    "Be5",
    "Rb7",
    "Qa1",
    "Qb4",
    "Rc8",
    "Nc4",
    "Bf6",
    "Nd6",
    "Rc2",
    "Rb8+",
    "Kh7",
    "Ne4",
    "Bg7",
    "Ng5+",
    "Kh6",
    "Nxf7+",
    "Kh7",
    "Ng5+",
    "Kh6",
    "Qf4",
    "Rxe2+",
    "Kxe2",
    "Qa2+",
    "Kf1"
  ]
}