{
  "event": "IMSA Elite Mind Games (Blitz)",
  "site": "Huai'an CHN",
  "date": "2016.02.28",
  "eventDate": "2016.02.28",
  "dateMillis": 1456588800000,
  "eventDateMillis": 1456588800000,
  "round": "4.6",
  "result": "0-1",
  "white": "Pentala Harikrishna",
  "black": "Ding Liren",
  "isDingWin": true,
  "isDraw": false,
  "isDingBlack": true,
  "moves": [
    "e4",
    "e5",
    "Nf3",
    "Nc6",
    "Bb5",
    "a6",
    "Ba4",
    "Nf6",
    "O-O",
    "Nxe4",
    "d4",
    "b5",
    "Bb3",
    "d5",
    "dxe5",
    "Be6",
    "Nbd2",
    "Nc5",
    "c3",
    "Be7",
    "Bc2",
    "d4",
    "Nb3",
    "d3",
    "Nxc5",
    "dxc2",
    "Qxd8+",
    "Rxd8",
    "Nxe6",
    "fxe6",
    "Be3",
    "Rd5",
    "c4",
    "bxc4",
    "Rfc1",
    "Nb4",
    "a3",
    "Nd3",
    "Rxc2",
    "Kd7",
    "Nd2",
    "Nxb2",
    "Nxc4",
    "Nxc4",
    "Rxc4",
    "Rb8",
    "Rac1",
    "c5",
    "f4",
    "Kc6",
    "Ra4",
    "Kb5",
    "Re4",
    "Rbd8",
    "Kf2",
    "Rd1",
    "Rc2",
    "Ra1",
    "Rec4",
    "Rd5",
    "R4c3",
    "Rb1",
    "Kf3",
    "a5",
    "Ke4",
    "g6",
    "g4",
    "Kc6",
    "f5",
    "gxf5+",
    "gxf5",
    "exf5+",
    "Kxf5",
    "a4",
    "Ke6",
    "Rb7",
    "Rf2",
    "Bh4",
    "Rf7",
    "Rxf7",
    "Kxf7",
    "Rxe5",
    "Bf4",
    "Rf5+"
  ]
}