{
  "event": "IMSA Elite Mind Games (Blitz)",
  "site": "Huai'an CHN",
  "date": "2016.02.28",
  "eventDate": "2016.02.28",
  "dateMillis": 1456588800000,
  "eventDateMillis": 1456588800000,
  "round": "7.2",
  "result": "0-1",
  "white": "Ding Liren",
  "black": "Gabriel Sargissian",
  "isDingWin": false,
  "isDraw": false,
  "isDingBlack": false,
  "moves": [
    "c4",
    "Nf6",
    "Nf3",
    "e6",
    "g3",
    "d5",
    "Bg2",
    "dxc4",
    "Qa4+",
    "Bd7",
    "Qxc4",
    "c5",
    "O-O",
    "Bc6",
    "Nc3",
    "Be7",
    "e4",
    "Nbd7",
    "d4",
    "cxd4",
    "Nxd4",
    "Ne5",
    "Nxc6",
    "Nxc4",
    "Nxd8",
    "Rxd8",
    "b3",
    "Ne5",
    "Be3",
    "a6",
    "f4",
    "Neg4",
    "Bb6",
    "Rc8",
    "e5",
    "Rxc3",
    "exf6",
    "Bxf6",
    "Rac1",
    "O-O",
    "Bxb7",
    "Rb8",
    "Rxc3",
    "Bxc3",
    "Rc1",
    "Rxb7",
    "Rxc3",
    "h5",
    "Rc6",
    "Rd7",
    "h3",
    "Rd1+",
    "Kg2",
    "Rd2+",
    "Kf3",
    "Nh2+",
    "Ke4",
    "Nf1",
    "g4",
    "hxg4",
    "hxg4",
    "Rxa2",
    "Rc3",
    "a5",
    "Bd4",
    "a4",
    "b4",
    "Nd2+",
    "Kd3",
    "Nb3",
    "Be3",
    "Rb2",
    "Rc8+",
    "Kh7",
    "Ra8",
    "Ra2",
    "b5",
    "Ra3",
    "b6",
    "Nc5+",
    "Kc4",
    "Nd7",
    "Bd4",
    "Rb3",
    "Rxa4",
    "Rxb6",
    "Ra7",
    "Rd6",
    "Ra1",
    "Rd5",
    "Rh1+",
    "Kg8",
    "Ra1",
    "Nf6",
    "Bxf6",
    "gxf6",
    "Ra8+",
    "Kg7",
    "Kc3",
    "f5",
    "gxf5",
    "Rxf5",
    "Ra4",
    "Rd5",
    "Ra7",
    "Kg6",
    "Rb7",
    "Rd1",
    "Rb5",
    "Rf1",
    "Rg5+",
    "Kf6",
    "Rg4",
    "Kf5",
    "Rg7",
    "f6"
  ]
}