{
  "event": "IMSA Elite Mind Games (Rapid)",
  "site": "Huai'an CHN",
  "date": "2016.02.27",
  "eventDate": "2016.02.26",
  "dateMillis": 1456502400000,
  "eventDateMillis": 1456416000000,
  "round": "5.3",
  "result": "0-1",
  "white": "Ding Liren",
  "black": "Shakhriyar Mamedyarov",
  "isDingWin": false,
  "isDraw": false,
  "isDingBlack": false,
  "moves": [
    "Nf3",
    "Nf6",
    "c4",
    "e6",
    "g3",
    "d5",
    "Bg2",
    "d4",
    "O-O",
    "c5",
    "e3",
    "Nc6",
    "exd4",
    "cxd4",
    "d3",
    "Be7",
    "Na3",
    "O-O",
    "Nc2",
    "a5",
    "Re1",
    "Re8",
    "a3",
    "h6",
    "Bd2",
    "a4",
    "Bb4",
    "Qb6",
    "Qd2",
    "e5",
    "Re2",
    "Bg4",
    "h3",
    "Bxf3",
    "Bxf3",
    "e4",
    "Bxe4",
    "Bxb4",
    "Nxb4",
    "Nxe4",
    "Rxe4",
    "Rxe4",
    "dxe4",
    "Ne5",
    "Qe2",
    "Qe6",
    "Kg2",
    "Rd8",
    "Nd5",
    "Nxc4",
    "Qd3",
    "f5",
    "Qxd4",
    "Qxe4+",
    "Qxe4",
    "fxe4",
    "Nc3",
    "Rd2",
    "Rc1",
    "e3",
    "Ne4",
    "Nxb2",
    "Kf3",
    "Rd3",
    "fxe3",
    "Rxa3",
    "Rc8+",
    "Kh7",
    "Rb8",
    "Nc4",
    "Kf2",
    "Rb3",
    "Nc5",
    "Rb2+",
    "Kf3",
    "a3",
    "Ra8",
    "a2",
    "Nd3",
    "Rb3",
    "Nc1",
    "Rxe3+",
    "Kf2",
    "Rc3",
    "Nxa2",
    "Rc2+",
    "Kf3",
    "b5",
    "Nb4",
    "Rb2",
    "Nd5",
    "b4",
    "Rc8",
    "Rc2",
    "Rb8",
    "b3",
    "Ke4",
    "b2",
    "Kd3",
    "Na3"
  ]
}