{
  "event": "IMSA Elite Mind Games (Rapid)",
  "site": "Huai'an CHN",
  "date": "2016.02.26",
  "eventDate": "2016.02.26",
  "dateMillis": 1456416000000,
  "eventDateMillis": 1456416000000,
  "round": "2.4",
  "result": "1/2-1/2",
  "white": "Ding Liren",
  "black": "Gabriel Sargissian",
  "isDingWin": false,
  "isDraw": true,
  "isDingBlack": false,
  "moves": [
    "d4",
    "Nf6",
    "c4",
    "e6",
    "Nf3",
    "d5",
    "Nc3",
    "Be7",
    "Bf4",
    "O-O",
    "e3",
    "Nbd7",
    "c5",
    "c6",
    "h3",
    "b6",
    "b4",
    "a5",
    "a3",
    "h6",
    "Bd3",
    "Ba6",
    "O-O",
    "Qc8",
    "Rb1",
    "axb4",
    "axb4",
    "Bxd3",
    "Qxd3",
    "Qb7",
    "Ra1",
    "Rxa1",
    "Rxa1",
    "Ra8",
    "Qb1",
    "Bd8",
    "Ra2",
    "bxc5",
    "Rxa8",
    "Qxa8",
    "bxc5",
    "Qa3",
    "Ne2",
    "Qa6",
    "Nc1",
    "Ne4",
    "Nd3",
    "Bf6",
    "Qc2",
    "Qa3",
    "Nd2",
    "Nxd2",
    "Qxd2",
    "e5",
    "dxe5",
    "Nxe5",
    "Nxe5",
    "Qa1+",
    "Kh2",
    "Bxe5",
    "Bxe5",
    "Qxe5+",
    "g3",
    "Qf5",
    "h4",
    "g5",
    "hxg5",
    "hxg5",
    "Kg1",
    "Qb1+",
    "Kh2",
    "Qh7+",
    "Kg1",
    "Qb1+",
    "Kh2",
    "Qh7+",
    "Kg1"
  ]
}