{
  "event": "IMSA Elite Mind Games (Rapid)",
  "site": "Huai'an CHN",
  "date": "2016.02.26",
  "eventDate": "2016.02.26",
  "dateMillis": 1456416000000,
  "eventDateMillis": 1456416000000,
  "round": "3.5",
  "result": "0-1",
  "white": "David Navara",
  "black": "Ding Liren",
  "isDingWin": true,
  "isDraw": false,
  "isDingBlack": true,
  "moves": [
    "d4",
    "d5",
    "c4",
    "e6",
    "Nc3",
    "c6",
    "e3",
    "Nd7",
    "Bd3",
    "Ngf6",
    "b3",
    "Bd6",
    "f4",
    "b6",
    "Nf3",
    "Bb7",
    "O-O",
    "O-O",
    "Bb2",
    "c5",
    "cxd5",
    "exd5",
    "Ne5",
    "cxd4",
    "exd4",
    "Ne4",
    "Nb5",
    "Be7",
    "Rc1",
    "Ndf6",
    "Qe2",
    "Nd6",
    "Ba3",
    "Nxb5",
    "Nc6",
    "Bxc6",
    "Bxe7",
    "Nxd4",
    "Qe5",
    "Ng4",
    "Bxh7+",
    "Kh8",
    "Qg5",
    "Qd7",
    "f5",
    "Kxh7",
    "Bxf8",
    "Ne2+",
    "Kh1",
    "Rxf8",
    "Qxg4",
    "Nxc1",
    "Qh4+",
    "Kg8",
    "f6",
    "d4",
    "fxg7",
    "Bxg2+",
    "Kg1",
    "Ne2+",
    "Kf2",
    "Qh3",
    "gxf8=R+",
    "Kxf8",
    "Qd8+",
    "Kg7",
    "Qg5+",
    "Kh7",
    "Rd1",
    "Qf3+",
    "Ke1",
    "Nc3",
    "Qh4+",
    "Kg6"
  ]
}