{
  "event": "IMSA Elite Mind Games (Rapid)",
  "site": "Huai'an CHN",
  "date": "2016.02.27",
  "eventDate": "2016.02.26",
  "dateMillis": 1456502400000,
  "eventDateMillis": 1456416000000,
  "round": "7.2",
  "result": "1/2-1/2",
  "white": "Ruslan Ponomariov",
  "black": "Ding Liren",
  "isDingWin": false,
  "isDraw": true,
  "isDingBlack": true,
  "moves": [
    "e4",
    "e5",
    "Nf3",
    "Nc6",
    "Nc3",
    "Nf6",
    "g3",
    "d5",
    "exd5",
    "Nxd5",
    "Bg2",
    "Nxc3",
    "bxc3",
    "Bd6",
    "O-O",
    "O-O",
    "Rb1",
    "Rb8",
    "d4",
    "h6",
    "Re1",
    "Qf6",
    "Be3",
    "b6",
    "Nd2",
    "Na5",
    "Ne4",
    "Qg6",
    "f4",
    "exf4",
    "Nxd6",
    "cxd6",
    "Bxf4",
    "Bf5",
    "Qe2",
    "Bxc2",
    "Rbc1",
    "Bd3",
    "Qe7",
    "Nc4",
    "Qxa7",
    "Rbe8",
    "Qd7",
    "Be4",
    "Qb5",
    "d5",
    "Bxe4",
    "Rxe4",
    "Qxd5",
    "Rxf4",
    "Qxc4",
    "h5",
    "Rf1",
    "Rg4",
    "Rf3",
    "h4",
    "Kg2",
    "hxg3",
    "hxg3",
    "Rg5",
    "Qd3",
    "Qxd3",
    "Rxd3",
    "Ra8",
    "Rc2",
    "Rga5",
    "Rdd2",
    "Ra3",
    "Kf3",
    "Rc8",
    "Rd3",
    "b5",
    "d5",
    "b4",
    "d6",
    "bxc3",
    "d7",
    "Rd8",
    "Rcxc3",
    "Rxc3",
    "Rxc3",
    "Rxd7",
    "a4",
    "Ra7",
    "Ra3",
    "Ra5",
    "Ke4",
    "g5",
    "Kd4",
    "Kg7",
    "Kc4",
    "Kg6",
    "Kb4",
    "Ra8",
    "Rf3",
    "Rb8+",
    "Ka3",
    "Ra8",
    "g4",
    "Ra5",
    "Kb4",
    "Re5",
    "Rc3",
    "Re6",
    "Rc5",
    "Re4+",
    "Rc4",
    "Re6",
    "Rc5",
    "Re4+",
    "Rc4",
    "Re6",
    "Kb5",
    "f5",
    "gxf5+",
    "Kxf5",
    "a5",
    "g4",
    "a6",
    "g3",
    "a7",
    "Re8",
    "Rc2",
    "Ra8",
    "Kb6",
    "Kg4",
    "Kb7",
    "Rxa7+",
    "Kxa7",
    "Kf3",
    "Kb6",
    "g2",
    "Rxg2",
    "Kxg2"
  ]
}