{
  "event": "IMSA Elite Mind Games (Blitz)",
  "site": "Huai'an CHN",
  "date": "2016.03.01",
  "eventDate": "2016.02.28",
  "dateMillis": 1456761600000,
  "eventDateMillis": 1456588800000,
  "round": "22.2",
  "result": "1/2-1/2",
  "white": "Gabriel Sargissian",
  "black": "Ding Liren",
  "isDingWin": false,
  "isDraw": true,
  "isDingBlack": true,
  "moves": [
    "d4",
    "d5",
    "c4",
    "c6",
    "Nc3",
    "Nf6",
    "e3",
    "e6",
    "b3",
    "Bb4",
    "Bb2",
    "Ne4",
    "Ne2",
    "Qf6",
    "f3",
    "Bxc3+",
    "Bxc3",
    "Nxc3",
    "Nxc3",
    "O-O",
    "f4",
    "Nd7",
    "Be2",
    "dxc4",
    "bxc4",
    "c5",
    "O-O",
    "Rd8",
    "Qd2",
    "cxd4",
    "exd4",
    "b6",
    "f5",
    "Bb7",
    "fxe6",
    "Qxe6",
    "d5",
    "Qe5",
    "Rae1",
    "Nf6",
    "Bd3",
    "Qd6",
    "Qf4",
    "Qxf4",
    "Rxf4",
    "Kf8",
    "Ne4",
    "Nxe4",
    "Rfxe4",
    "Re8",
    "Kf2",
    "h6",
    "g3",
    "Rad8",
    "a4",
    "Bc8",
    "a5",
    "Rxe4",
    "Bxe4",
    "Re8",
    "axb6",
    "axb6",
    "Re3",
    "f5",
    "Bd3",
    "Rxe3",
    "Kxe3",
    "Ke7",
    "h4",
    "g5",
    "hxg5",
    "hxg5",
    "Kd4",
    "Kd6",
    "Bc2",
    "Bd7",
    "Bd3",
    "Bc8",
    "Bc2",
    "Bd7",
    "Bd3",
    "Bc8"
  ]
}