{
  "event": "IMSA Elite Mind Games (Blitz)",
  "site": "Huai'an CHN",
  "date": "2016.03.01",
  "eventDate": "2016.02.28",
  "dateMillis": 1456761600000,
  "eventDateMillis": 1456588800000,
  "round": "24.1",
  "result": "0-1",
  "white": "Li Chao",
  "black": "Ding Liren",
  "isDingWin": true,
  "isDraw": false,
  "isDingBlack": true,
  "moves": [
    "e4",
    "e5",
    "Nf3",
    "Nc6",
    "Bc4",
    "Bc5",
    "b4",
    "Bxb4",
    "c3",
    "Ba5",
    "d4",
    "d6",
    "Qb3",
    "Qd7",
    "O-O",
    "Bb6",
    "Bb5",
    "a6",
    "Ba4",
    "Ba7",
    "Na3",
    "Nge7",
    "d5",
    "b5",
    "Nxb5",
    "axb5",
    "Bxb5",
    "O-O",
    "dxc6",
    "Qg4",
    "Qc2",
    "f5",
    "Re1",
    "Ng6",
    "h3",
    "Qh5",
    "Ng5",
    "Nh4",
    "Bc4+",
    "Kh8",
    "Qe2",
    "Qg6",
    "g3",
    "fxe4",
    "gxh4",
    "Rxf2",
    "Qxf2",
    "Bxf2+",
    "Kxf2",
    "h6",
    "Nf7+",
    "Kh7",
    "Bd5",
    "Qf5+",
    "Kg1",
    "Qxh3",
    "Bxe4+",
    "Bf5",
    "Bg2",
    "Qxh4",
    "Be3",
    "Rf8",
    "Nxd6",
    "cxd6",
    "c7",
    "Be4",
    "Re2",
    "Qg3",
    "Rf1",
    "Rc8",
    "Bf4",
    "exf4",
    "Rxe4",
    "Rxc7",
    "Rf3",
    "Qg5",
    "Rexf4",
    "Rxc3",
    "Rxc3",
    "Qxf4",
    "Rd3",
    "h5",
    "Rf3",
    "Qd4+",
    "Kh2",
    "Qe5+",
    "Kg1",
    "g5",
    "a4",
    "Qd4+",
    "Kh2",
    "Qxa4",
    "Rf6",
    "Qh4+",
    "Bh3",
    "g4"
  ]
}