{
  "event": "IMSA Elite Mind Games (Blitz)",
  "site": "Huai'an CHN",
  "date": "2016.02.29",
  "eventDate": "2016.02.28",
  "dateMillis": 1456675200000,
  "eventDateMillis": 1456588800000,
  "round": "20.3",
  "result": "0-1",
  "white": "Laurent Fressinet",
  "black": "Ding Liren",
  "isDingWin": true,
  "isDraw": false,
  "isDingBlack": true,
  "moves": [
    "Nf3",
    "d5",
    "g3",
    "g6",
    "Bg2",
    "Bg7",
    "d4",
    "Nf6",
    "O-O",
    "O-O",
    "c4",
    "c6",
    "b3",
    "dxc4",
    "bxc4",
    "c5",
    "Bb2",
    "Qb6",
    "Qb3",
    "cxd4",
    "Nxd4",
    "Na6",
    "e3",
    "Nc5",
    "Qa3",
    "e5",
    "Nb5",
    "Be6",
    "Nd2",
    "Rad8",
    "Rfd1",
    "Rd3",
    "Nb3",
    "Rfd8",
    "Rxd3",
    "Nxd3",
    "Bc3",
    "Rd7",
    "Qxa7",
    "Qxa7",
    "Nxa7",
    "Bxc4",
    "Rd1",
    "Nd5",
    "Ba1",
    "N5b4",
    "Na5",
    "Ba6",
    "Bf1",
    "e4",
    "Bxg7",
    "Kxg7",
    "Nc8",
    "Nd5",
    "Nb3",
    "Rd8",
    "Na7",
    "Ra8"
  ]
}