{
  "event": "IMSA Elite Mind Games (Blitz)",
  "site": "Huai'an CHN",
  "date": "2016.03.01",
  "eventDate": "2016.02.28",
  "dateMillis": 1456761600000,
  "eventDateMillis": 1456588800000,
  "round": "27.7",
  "result": "1/2-1/2",
  "white": "Evgeny Tomashevsky",
  "black": "Ding Liren",
  "isDingWin": false,
  "isDraw": true,
  "isDingBlack": true,
  "moves": [
    "e4",
    "e5",
    "Nf3",
    "Nc6",
    "Bb5",
    "a6",
    "Ba4",
    "Nf6",
    "O-O",
    "Nxe4",
    "d4",
    "b5",
    "Bb3",
    "d5",
    "dxe5",
    "Be6",
    "Nbd2",
    "Nc5",
    "c3",
    "Be7",
    "Bc2",
    "d4",
    "Nb3",
    "d3",
    "Bb1",
    "Nxb3",
    "axb3",
    "Bf5",
    "Be3",
    "O-O",
    "Nd4",
    "Nxd4",
    "cxd4",
    "c5",
    "Bxd3",
    "cxd4",
    "Bxf5",
    "dxe3",
    "fxe3",
    "Bc5",
    "Bxh7+",
    "Kxh7",
    "Qc2+",
    "Kg8",
    "Qxc5",
    "Qg5",
    "Rad1",
    "Rac8",
    "Qd4",
    "Rce8",
    "Qf4",
    "Qxe5",
    "Qxe5",
    "Rxe5",
    "Rd3",
    "Rc8",
    "Rf2",
    "Rc1+",
    "Rf1",
    "Rc2",
    "Rf2",
    "Rc1+",
    "Rf1",
    "Rc2",
    "Rf2",
    "Rc1+",
    "Rf1"
  ]
}