{
  "event": "IMSA Elite Mind Games (Blitz)",
  "site": "Huai'an CHN",
  "date": "2016.02.29",
  "eventDate": "2016.02.28",
  "dateMillis": 1456675200000,
  "eventDateMillis": 1456588800000,
  "round": "15.4",
  "result": "1/2-1/2",
  "white": "Rauf Mamedov",
  "black": "Ding Liren",
  "isDingWin": false,
  "isDraw": true,
  "isDingBlack": true,
  "moves": [
    "e4",
    "e5",
    "Nc3",
    "Nf6",
    "g3",
    "d5",
    "exd5",
    "Nxd5",
    "Bg2",
    "Nf6",
    "Nf3",
    "Nc6",
    "d3",
    "Bc5",
    "O-O",
    "O-O",
    "Be3",
    "Bb6",
    "Re1",
    "Re8",
    "h3",
    "h6",
    "g4",
    "Nd4",
    "Na4",
    "Nxf3+",
    "Qxf3",
    "Bxe3",
    "Rxe3",
    "Bd7",
    "Nc3",
    "Bc6",
    "Qg3",
    "Bxg2",
    "Qxg2",
    "c6",
    "Rae1",
    "Qd6",
    "Qg3",
    "Qb4",
    "Rb1",
    "Qd4",
    "Rbe1",
    "Qb4",
    "Rb1",
    "Qd4",
    "a3",
    "Re6",
    "Rbe1",
    "Rae8",
    "Qf3",
    "g6",
    "Qe2",
    "Kg7",
    "Qf3",
    "a5",
    "Qg3",
    "b5",
    "Nd1",
    "b4",
    "axb4",
    "axb4",
    "c3",
    "Qd6",
    "d4",
    "exd4",
    "Qxd6",
    "Rxd6",
    "Rxe8",
    "Nxe8",
    "Rxe8",
    "dxc3",
    "Re1",
    "c2",
    "Ne3",
    "b3",
    "Rc1",
    "c5",
    "Kf1",
    "c4",
    "Nxc2",
    "bxc2",
    "Rxc2",
    "Rb6",
    "Rxc4"
  ]
}