{
  "event": "IMSA Elite Mind Games (Blitz)",
  "site": "Huai'an CHN",
  "date": "2016.02.29",
  "eventDate": "2016.02.28",
  "dateMillis": 1456675200000,
  "eventDateMillis": 1456588800000,
  "round": "13.3",
  "result": "1/2-1/2",
  "white": "Wang Yue",
  "black": "Ding Liren",
  "isDingWin": false,
  "isDraw": true,
  "isDingBlack": true,
  "moves": [
    "d4",
    "d5",
    "c4",
    "c6",
    "cxd5",
    "cxd5",
    "Bf4",
    "Nc6",
    "e3",
    "Nf6",
    "Nc3",
    "Bf5",
    "Be2",
    "e6",
    "Qb3",
    "Bb4",
    "Nf3",
    "O-O",
    "O-O",
    "Qe7",
    "Rfc1",
    "Rfc8",
    "a3",
    "Bxc3",
    "Qxc3",
    "Ne4",
    "Qe1",
    "g5",
    "Bg3",
    "h5",
    "h4",
    "g4",
    "Nd2",
    "Nxg3",
    "fxg3",
    "e5",
    "Qf2",
    "Bg6",
    "Nb3",
    "b6",
    "Bb5",
    "Nd8",
    "Ba6",
    "Rxc1+",
    "Rxc1",
    "exd4",
    "Nxd4",
    "Ne6",
    "Nc6",
    "Qc7",
    "Kh2",
    "Nc5",
    "Qf6",
    "Re8",
    "Nd4",
    "Rxe3",
    "Nf5",
    "Qe5",
    "Qg5",
    "Re4",
    "Bc8",
    "Qxb2",
    "Nh6+",
    "Kg7",
    "Nf5+",
    "Kg8",
    "Nh6+",
    "Kg7",
    "Nf5+",
    "Kg8",
    "Nh6+",
    "Kg7",
    "Rf1",
    "f6",
    "Nf5+",
    "Kf7",
    "Qh6",
    "Bxf5",
    "Bxf5",
    "Re2",
    "Bg6+",
    "Ke6",
    "Rg1",
    "Qe5",
    "Bxh5",
    "Ne4",
    "Bxg4+",
    "Kd6",
    "Qf4",
    "Rf2",
    "Bf3",
    "Qxf4",
    "gxf4",
    "f5",
    "h5",
    "Rc2",
    "h6",
    "Rc7",
    "Bxe4",
    "dxe4",
    "Kg3",
    "Rh7",
    "Rd1+",
    "Ke6",
    "Rc1",
    "Kd5",
    "Rd1+",
    "Kc5",
    "Rc1+",
    "Kd5",
    "Rd1+",
    "Kc5",
    "Rc1+",
    "Kd5"
  ]
}