{
  "event": "IMSA Elite Mind Games (Blitz)",
  "site": "Huai'an CHN",
  "date": "2016.02.29",
  "eventDate": "2016.02.28",
  "dateMillis": 1456675200000,
  "eventDateMillis": 1456588800000,
  "round": "18.4",
  "result": "0-1",
  "white": "Radoslaw Wojtaszek",
  "black": "Ding Liren",
  "isDingWin": true,
  "isDraw": false,
  "isDingBlack": true,
  "moves": [
    "d4",
    "d5",
    "c4",
    "c6",
    "Nf3",
    "Nf6",
    "Nc3",
    "e6",
    "Bg5",
    "h6",
    "Bxf6",
    "Qxf6",
    "e3",
    "g6",
    "Be2",
    "Nd7",
    "O-O",
    "Bg7",
    "e4",
    "dxe4",
    "Nxe4",
    "Qf4",
    "Qc2",
    "f5",
    "Ned2",
    "c5",
    "g3",
    "Qc7",
    "d5",
    "O-O",
    "dxe6",
    "Nf6",
    "Nh4",
    "Kh7",
    "Bd3",
    "Bxe6",
    "Rae1",
    "Bf7",
    "Ndf3",
    "Rfe8",
    "Ng2",
    "Nd7",
    "Nf4",
    "Ne5",
    "Nxe5",
    "Rxe5",
    "Rxe5",
    "Qxe5",
    "b3",
    "Re8",
    "h4",
    "h5",
    "Qe2",
    "Qxe2",
    "Bxe2",
    "b6",
    "Bf3",
    "Bd4",
    "Rd1",
    "Kg7",
    "Kg2",
    "Re7",
    "Rd2",
    "Kf6",
    "Re2",
    "Rxe2",
    "Bxe2",
    "Ke5",
    "Bf3",
    "Bc3",
    "Bd5",
    "Be8",
    "a4",
    "Bd2",
    "Ne2",
    "f4",
    "Ng1",
    "Kd4",
    "Nf3+",
    "Kc3",
    "Nxd2",
    "Kxd2",
    "gxf4",
    "Kc3",
    "Be4",
    "Kxb3",
    "f5",
    "gxf5",
    "Bxf5",
    "Kxa4",
    "Be6",
    "a5",
    "f4",
    "Kb4"
  ]
}