{
  "event": "IMSA Elite Mind Games (Blitz)",
  "site": "Huai'an CHN",
  "date": "2016.03.01",
  "eventDate": "2016.02.28",
  "dateMillis": 1456761600000,
  "eventDateMillis": 1456588800000,
  "round": "25.8",
  "result": "1-0",
  "white": "Shakhriyar Mamedyarov",
  "black": "Ding Liren",
  "isDingWin": false,
  "isDraw": false,
  "isDingBlack": true,
  "moves": [
    "d4",
    "d5",
    "Nf3",
    "Nf6",
    "c4",
    "c6",
    "Nc3",
    "e6",
    "e3",
    "Nbd7",
    "Bd3",
    "dxc4",
    "Bxc4",
    "b5",
    "Bd3",
    "Bb7",
    "a3",
    "b4",
    "Ne4",
    "Nxe4",
    "Bxe4",
    "bxa3",
    "O-O",
    "Nf6",
    "Bd3",
    "axb2",
    "Bxb2",
    "a5",
    "Qa4",
    "Bb4",
    "Ne5",
    "O-O",
    "Nxc6",
    "Qd5",
    "Rfc1",
    "Rfc8",
    "Bb5",
    "Rab8",
    "Rc2",
    "Bxc6",
    "Bxc6",
    "Qd8",
    "Rac1",
    "Nd5",
    "h3",
    "h6",
    "Qa2",
    "Bf8",
    "Ba3",
    "Bxa3",
    "Qxa3",
    "Nb4",
    "Rc5",
    "Rxc6",
    "Rxc6",
    "Nxc6",
    "Rxc6",
    "Qd5",
    "Rc5",
    "Qe4",
    "Qxa5",
    "Rb1+",
    "Kh2",
    "Rf1",
    "Qd2",
    "g6",
    "f3",
    "Qb1",
    "Rc8+",
    "Kh7",
    "Rc7",
    "Rh1+",
    "Kg3",
    "Qb8",
    "Qc3",
    "Rb1",
    "f4",
    "Rb7",
    "Rxb7",
    "Qxb7",
    "Qd3",
    "Kg7",
    "e4",
    "Qb4",
    "d5",
    "exd5",
    "exd5",
    "Qd6",
    "Qd4+",
    "Kh7",
    "Qe5",
    "Qa3+",
    "Kh2",
    "h5",
    "d6",
    "h4",
    "f5",
    "Qd3",
    "fxg6+",
    "Kxg6",
    "Qf4",
    "f6",
    "Qxh4",
    "Qxd6+",
    "Qg3+",
    "Qxg3+",
    "Kxg3",
    "Kg5",
    "Kf3",
    "f5",
    "g3",
    "Kg6",
    "Kf4",
    "Kf6",
    "h4",
    "Kg6",
    "h5+",
    "Kf6",
    "h6",
    "Kg6",
    "h7",
    "Kxh7",
    "Kxf5",
    "Kh6",
    "g4",
    "Kg7",
    "Ke4"
  ]
}