{
  "event": "IMSA Elite Mind Games (Blitz)",
  "site": "Huai'an CHN",
  "date": "2016.02.29",
  "eventDate": "2016.02.28",
  "dateMillis": 1456675200000,
  "eventDateMillis": 1456588800000,
  "round": "14.6",
  "result": "0-1",
  "white": "Ding Liren",
  "black": "Vassily Ivanchuk",
  "isDingWin": false,
  "isDraw": false,
  "isDingBlack": false,
  "moves": [
    "d4",
    "d5",
    "c4",
    "Nc6",
    "cxd5",
    "Qxd5",
    "e3",
    "e5",
    "Nc3",
    "Bb4",
    "a3",
    "Bxc3+",
    "bxc3",
    "Nf6",
    "c4",
    "Qd8",
    "d5",
    "Nb8",
    "Bb2",
    "Nbd7",
    "Nf3",
    "Qe7",
    "Be2",
    "Ne4",
    "O-O",
    "f6",
    "a4",
    "b6",
    "Ba3",
    "Ndc5",
    "Ne1",
    "Bf5",
    "Rc1",
    "Nd6",
    "f3",
    "Ndb7",
    "e4",
    "Bd7",
    "Nd3",
    "Bxa4",
    "Qd2",
    "Bd7",
    "Qe3",
    "O-O",
    "Ra1",
    "a5",
    "Rfb1",
    "Ra7",
    "Bd1",
    "Rfa8",
    "h4",
    "a4",
    "h5",
    "h6",
    "Ra2",
    "Be8",
    "g4",
    "Bd7",
    "Rg2",
    "Ra5",
    "Bc2",
    "Qd8",
    "Nf2",
    "Nd6",
    "Qc3",
    "Qe7",
    "Nd3",
    "Ndb7",
    "Bb4",
    "R5a7",
    "Qa3",
    "Qd8",
    "Nf2",
    "Nd6",
    "Bxc5",
    "bxc5",
    "Qxc5",
    "a3",
    "Ra1",
    "a2",
    "Nd1",
    "Ra3",
    "Qb4",
    "Rxf3",
    "c5",
    "Nf7",
    "Qc4",
    "Ng5",
    "Rxa2",
    "Rxa2",
    "Qxa2",
    "Qb8",
    "Qc4",
    "Qa7",
    "Rd2",
    "Kh7",
    "Nf2",
    "Qa3",
    "Rd3",
    "Qc1+",
    "Kg2",
    "Qf4",
    "Rxf3",
    "Qxf3+",
    "Kg1",
    "Qg3+",
    "Kf1",
    "Bxg4",
    "Nxg4",
    "Qxg4",
    "d6",
    "Qf3+",
    "Ke1",
    "Qe3+",
    "Kd1",
    "Nf3",
    "Qb4",
    "cxd6",
    "cxd6",
    "Nd4",
    "Qc4",
    "Qg1+",
    "Kd2",
    "Qf2+",
    "Kc1",
    "Qe1+",
    "Kb2",
    "Qd2",
    "d7",
    "Nxc2",
    "Qd5",
    "Nd4+",
    "Ka3",
    "Qc3+",
    "Ka4",
    "Nc6",
    "Kb5",
    "Nd8",
    "Kb6",
    "Qd4+",
    "Kc7",
    "Qxd5",
    "exd5",
    "Nf7",
    "d6",
    "e4",
    "d8=Q",
    "Nxd8",
    "Kxd8",
    "e3",
    "d7",
    "e2",
    "Kc8",
    "e1=Q",
    "d8=Q",
    "Qe6+",
    "Kb7",
    "Qe4+",
    "Kb6",
    "Qf5",
    "Qe8",
    "Qd3",
    "Qf7",
    "Qe4",
    "Kb5",
    "f5",
    "Qg6+",
    "Kg8",
    "Kc5",
    "Kf8",
    "Kb5",
    "Qd5+",
    "Kb4",
    "f4",
    "Qg4",
    "Qe4+",
    "Kc3",
    "Kf7",
    "Qd7+",
    "Kf6",
    "Qd8+",
    "Kf5",
    "Qf8+",
    "Kg4",
    "Qxg7+",
    "Kxh5",
    "Qf7+",
    "Kg4",
    "Qg7+",
    "Kf3",
    "Qxh6",
    "Qe3+",
    "Kc2",
    "Kg2",
    "Qg6+",
    "Kf2",
    "Qh6",
    "Qe4+",
    "Kd2",
    "Qd4+",
    "Kc2",
    "f3",
    "Qh2+",
    "Ke1",
    "Qg3+",
    "Qf2+"
  ]
}