{
  "event": "IMSA Elite Mind Games (Blitz)",
  "site": "Huai'an CHN",
  "date": "2016.02.29",
  "eventDate": "2016.02.28",
  "dateMillis": 1456675200000,
  "eventDateMillis": 1456588800000,
  "round": "16.5",
  "result": "0-1",
  "white": "Ruslan Ponomariov",
  "black": "Ding Liren",
  "isDingWin": true,
  "isDraw": false,
  "isDingBlack": true,
  "moves": [
    "e4",
    "e5",
    "Nc3",
    "Nf6",
    "f4",
    "d5",
    "exd5",
    "e4",
    "Qe2",
    "Bf5",
    "d3",
    "Bb4",
    "Bd2",
    "O-O",
    "dxe4",
    "Bxc3",
    "Bxc3",
    "Nxe4",
    "O-O-O",
    "Nxc3",
    "bxc3",
    "Re8",
    "Qc4",
    "Re4",
    "Qb5",
    "Nd7",
    "Bd3",
    "a6",
    "Qa5",
    "Rxf4",
    "Ne2",
    "b6",
    "Qa3",
    "Rf2",
    "Rhf1",
    "Qg5+",
    "Kb1",
    "Rxf1",
    "Rxf1",
    "Bxd3",
    "cxd3",
    "Qxg2",
    "Ng3",
    "Qxd5",
    "d4",
    "Re8",
    "Nf5",
    "Qb5+"
  ]
}