{
  "event": "IMSA Elite Mind Games (Blitz)",
  "site": "Huai'an CHN",
  "date": "2016.02.29",
  "eventDate": "2016.02.28",
  "dateMillis": 1456675200000,
  "eventDateMillis": 1456588800000,
  "round": "12.7",
  "result": "1-0",
  "white": "Ding Liren",
  "black": "Evgeny Tomashevsky",
  "isDingWin": true,
  "isDraw": false,
  "isDingBlack": false,
  "moves": [
    "Nf3",
    "Nf6",
    "c4",
    "e6",
    "d4",
    "b6",
    "g3",
    "Ba6",
    "b3",
    "d5",
    "cxd5",
    "exd5",
    "Bg2",
    "Bb4+",
    "Bd2",
    "Bxd2+",
    "Qxd2",
    "Ne4",
    "Qb2",
    "O-O",
    "O-O",
    "c5",
    "Nc3",
    "Nxc3",
    "Qxc3",
    "Bxe2",
    "Rfe1",
    "Bxf3",
    "Qxf3",
    "Nd7",
    "Qxd5",
    "Rc8",
    "Rad1",
    "cxd4",
    "Qxd4",
    "Nf6",
    "Qb4",
    "Qc7",
    "Re7",
    "Qc2",
    "Qd2",
    "a5",
    "Bf1",
    "Qxd2",
    "Rxd2",
    "Rfe8",
    "Rb7",
    "Rb8",
    "Ra7",
    "Ra8",
    "Rc7",
    "Rac8",
    "Rdc2",
    "Rxc7",
    "Rxc7",
    "Kf8",
    "Bc4",
    "Re7",
    "Rc8+",
    "Re8",
    "Rc6",
    "Nd7",
    "Rc7",
    "Rd8",
    "Rb7",
    "Ke7",
    "Bb5",
    "Kd6",
    "a4",
    "g6",
    "h4",
    "h5",
    "Bxd7",
    "Rxd7",
    "Rxb6+",
    "Ke5",
    "Rb5+",
    "Rd5",
    "Rb7",
    "Ke6",
    "Kg2",
    "Rd3",
    "b4",
    "axb4",
    "Rxb4",
    "Ra3",
    "Re4+",
    "Kd5",
    "Rf4",
    "Ke6",
    "Kf1",
    "Ra2",
    "Ke1",
    "f6",
    "Re4+",
    "Kf5",
    "Rf4+",
    "Ke5",
    "Rb4",
    "Kf5",
    "Kf1",
    "Ke5",
    "Kg2",
    "Ra3",
    "Rb5+",
    "Ke6",
    "a5",
    "Kf7",
    "Rb7+",
    "Ke6",
    "Rb6+",
    "Kf5",
    "Rb5+",
    "Ke6",
    "Rc5",
    "Kd6",
    "Rb5",
    "Ke6",
    "Rb6+",
    "Ke5",
    "Ra6",
    "Kf5"
  ]
}