{
  "event": "IMSA Elite Mind Games (Blitz)",
  "site": "Huai'an CHN",
  "date": "2016.03.01",
  "eventDate": "2016.02.28",
  "dateMillis": 1456761600000,
  "eventDateMillis": 1456588800000,
  "round": "30.4",
  "result": "0-1",
  "white": "Ding Liren",
  "black": "Rauf Mamedov",
  "isDingWin": false,
  "isDraw": false,
  "isDingBlack": false,
  "moves": [
    "d4",
    "g6",
    "c4",
    "Bg7",
    "g3",
    "d6",
    "Bg2",
    "Nd7",
    "Nc3",
    "e5",
    "Nf3",
    "exd4",
    "Nxd4",
    "Ne7",
    "h4",
    "h6",
    "O-O",
    "O-O",
    "e4",
    "Nc6",
    "Nxc6",
    "bxc6",
    "h5",
    "Ne5",
    "c5",
    "Ba6",
    "f4",
    "Nd3",
    "hxg6",
    "fxg6",
    "Be3",
    "Nxb2",
    "Qb3+",
    "Nc4",
    "Bf2",
    "Rb8",
    "Qa4",
    "Bb5",
    "Qc2",
    "Ba6",
    "Rad1",
    "Rb2",
    "Qc1",
    "Qe7",
    "Rfe1",
    "Kh7",
    "Bf1",
    "Rfb8",
    "e5",
    "d5",
    "Bd3",
    "Qe6",
    "Ne2",
    "Qg4",
    "Kg2",
    "Rxa2",
    "Nd4",
    "Rbb2",
    "Nc2",
    "Nxe5",
    "fxe5",
    "Bxd3",
    "Rxd3",
    "Rxc2"
  ]
}