{
  "event": "IMSA Elite Mind Games (Blitz)",
  "site": "Huai'an CHN",
  "date": "2016.03.01",
  "eventDate": "2016.02.28",
  "dateMillis": 1456761600000,
  "eventDateMillis": 1456588800000,
  "round": "26.2",
  "result": "0-1",
  "white": "Ding Liren",
  "black": "Leinier Dominguez Perez",
  "isDingWin": false,
  "isDraw": false,
  "isDingBlack": false,
  "moves": [
    "Nf3",
    "c5",
    "c4",
    "Nf6",
    "Nc3",
    "Nc6",
    "g3",
    "d5",
    "cxd5",
    "Nxd5",
    "Bg2",
    "g6",
    "Ne4",
    "Qb6",
    "O-O",
    "Bg7",
    "d3",
    "Bf5",
    "Nfd2",
    "Bxe4",
    "Nxe4",
    "O-O",
    "Bd2",
    "Rac8",
    "Rc1",
    "Nd4",
    "e3",
    "Ne6",
    "Qa4",
    "Rfd8",
    "b3",
    "Qc6",
    "Qxc6",
    "Rxc6",
    "Rc2",
    "Rc7",
    "Rfc1",
    "b6",
    "g4",
    "Rcd7",
    "f4",
    "Nec7",
    "g5",
    "Nb5",
    "a4",
    "Nbc7",
    "Rc4",
    "Na6",
    "Kf1",
    "Ndb4",
    "d4",
    "Nd3",
    "R1c2",
    "cxd4",
    "exd4",
    "Bxd4",
    "b4",
    "Bg7",
    "Rc8",
    "Naxb4",
    "R2c7",
    "Rd4",
    "Rxd8+",
    "Rxd8",
    "Rxe7",
    "a5",
    "Rb7",
    "Nc5",
    "Nxc5",
    "bxc5",
    "Ke2",
    "Rc8",
    "Bxb4",
    "cxb4",
    "Bd5",
    "Rf8",
    "Kd3",
    "Bb2",
    "Kc4",
    "Bc1",
    "h4",
    "Bxf4",
    "Kb5",
    "Bg3",
    "Kxa5",
    "Bxh4",
    "Kxb4",
    "Bxg5",
    "a5",
    "Bd2+",
    "Kb5",
    "Bxa5",
    "Kxa5",
    "Kg7",
    "Kb4",
    "h5",
    "Kc3",
    "g5",
    "Kd4",
    "Kg6",
    "Ke3",
    "f5",
    "Rb6+",
    "Rf6",
    "Rxf6+",
    "Kxf6",
    "Kf3",
    "h4",
    "Bc6",
    "Ke5",
    "Bd7",
    "g4+",
    "Kg2",
    "Kf4",
    "Bc8",
    "Kg5",
    "Bd7",
    "f4",
    "Kf2",
    "f3",
    "Bc6",
    "Kf4",
    "Bd7",
    "h3",
    "Kg1",
    "Kg3",
    "Bb5",
    "h2+",
    "Kh1",
    "Kf2",
    "Bc6",
    "Kg3",
    "Bb5",
    "Kf2",
    "Bc6",
    "Kf1",
    "Kxh2",
    "Kf2",
    "Kh1",
    "g3"
  ]
}