{
  "event": "IMSA Elite Mind Games (Blitz)",
  "site": "Huai'an CHN",
  "date": "2016.02.29",
  "eventDate": "2016.02.28",
  "dateMillis": 1456675200000,
  "eventDateMillis": 1456588800000,
  "round": "11.2",
  "result": "1/2-1/2",
  "white": "Leinier Dominguez Perez",
  "black": "Ding Liren",
  "isDingWin": false,
  "isDraw": true,
  "isDingBlack": true,
  "moves": [
    "d4",
    "d5",
    "c4",
    "c6",
    "Nf3",
    "Nf6",
    "e3",
    "e6",
    "b3",
    "Nbd7",
    "Bd3",
    "Bd6",
    "Bb2",
    "O-O",
    "O-O",
    "b6",
    "Nbd2",
    "Bb7",
    "Ne5",
    "c5",
    "Nxd7",
    "Nxd7",
    "cxd5",
    "Bxd5",
    "Qe2",
    "cxd4",
    "Bxd4",
    "Nc5",
    "Bc2",
    "Rc8",
    "Rfd1",
    "Qh4",
    "h3",
    "Rfd8",
    "Rac1",
    "e5",
    "Bb2",
    "e4",
    "Nc4",
    "Bb8",
    "Rd2",
    "Be6",
    "Rcd1",
    "Rxd2",
    "Rxd2",
    "Qg5",
    "Kh1",
    "Qh4",
    "Kg1",
    "Qg5",
    "Kh1",
    "Qh4",
    "Kg1",
    "Qg5",
    "Kh1",
    "Qh4"
  ]
}