{
  "event": "IMSA Elite Mind Games (Blitz)",
  "site": "Huai'an CHN",
  "date": "2016.03.01",
  "eventDate": "2016.02.28",
  "dateMillis": 1456761600000,
  "eventDateMillis": 1456588800000,
  "round": "23.8",
  "result": "0-1",
  "white": "Ding Liren",
  "black": "David Navara",
  "isDingWin": false,
  "isDraw": false,
  "isDingBlack": false,
  "moves": [
    "Nf3",
    "Nf6",
    "c4",
    "b6",
    "g3",
    "Bb7",
    "Bg2",
    "c5",
    "O-O",
    "g6",
    "d4",
    "cxd4",
    "Qxd4",
    "Bg7",
    "Nc3",
    "d6",
    "Be3",
    "Nbd7",
    "Rac1",
    "Rc8",
    "b3",
    "Nc5",
    "Rfd1",
    "O-O",
    "Qh4",
    "Nce4",
    "Nxe4",
    "Bxe4",
    "Bh6",
    "Rc5",
    "Ng5",
    "Bxg2",
    "Kxg2",
    "Qa8+",
    "f3",
    "Rfc8",
    "Rd4",
    "b5",
    "Rf4",
    "bxc4",
    "Bxg7",
    "Kxg7",
    "Rxf6",
    "Kxf6",
    "Ne4+",
    "Kg7",
    "Nxc5",
    "Rxc5",
    "Rxc4",
    "Re5",
    "Qd4",
    "Qb7",
    "Rb4",
    "Qa6",
    "Kg1",
    "f6",
    "e4",
    "Qxa2",
    "Rb7",
    "a5",
    "Qf2",
    "Qa1+",
    "Kg2",
    "Kf7",
    "Qc2",
    "Rc5",
    "Qd3",
    "Qb2+",
    "Kh3",
    "Rh5+",
    "Kg4",
    "Qxh2",
    "Qc4+",
    "Kg7",
    "Rxe7+",
    "Kh6",
    "f4",
    "Qh3+",
    "Kf3",
    "Qh1+",
    "Ke3",
    "Qe1+",
    "Kd4",
    "Qd2+",
    "Qd3",
    "Qb4+",
    "Qc4",
    "Qd2+",
    "Qd3",
    "Qf2+",
    "Qe3",
    "Qxe3+",
    "Kxe3",
    "Rb5",
    "Kd4",
    "Rxb3",
    "g4",
    "Rg3",
    "g5+",
    "fxg5",
    "e5",
    "dxe5+",
    "fxe5",
    "Rg1",
    "e6",
    "Re1",
    "Kd5",
    "g4",
    "Rb7",
    "g3",
    "Rb2",
    "Kg5",
    "Kd6",
    "Kg4",
    "e7",
    "Kh3",
    "Kd7",
    "g2"
  ]
}