{
  "event": "IMSA Elite Mind Games (Blitz)",
  "site": "Huai'an CHN",
  "date": "2016.02.29",
  "eventDate": "2016.02.28",
  "dateMillis": 1456675200000,
  "eventDateMillis": 1456588800000,
  "round": "17.5",
  "result": "1-0",
  "white": "Ding Liren",
  "black": "Sergei Movsesian",
  "isDingWin": true,
  "isDraw": false,
  "isDingBlack": false,
  "moves": [
    "Nf3",
    "d5",
    "c4",
    "c6",
    "e3",
    "Nf6",
    "Nc3",
    "a6",
    "d4",
    "b5",
    "b3",
    "Bg4",
    "Be2",
    "Nbd7",
    "h3",
    "Bh5",
    "g4",
    "Bg6",
    "Ne5",
    "Nxe5",
    "dxe5",
    "Nd7",
    "cxd5",
    "cxd5",
    "e6",
    "fxe6",
    "Bb2",
    "Qb6",
    "h4",
    "h5",
    "gxh5",
    "Bf5",
    "Nxd5",
    "Qb7",
    "Bf3",
    "exd5",
    "Bxd5",
    "Qa7",
    "Qf3",
    "e6",
    "Bxa8",
    "Bb4+",
    "Ke2",
    "O-O",
    "Rag1",
    "Nf6",
    "Qb7",
    "Bg4+",
    "Rxg4",
    "Qxb7",
    "Bxb7",
    "Nxg4",
    "Bf3",
    "Nf6",
    "Rc1",
    "Rd8",
    "Bd4",
    "e5",
    "Bxe5",
    "Rd2+",
    "Kf1",
    "Rxa2",
    "h6",
    "Bf8",
    "Rc8",
    "Kf7",
    "Bxf6"
  ]
}