{
  "event": "IMSA Elite Mind Games (Blitz)",
  "site": "Huai'an CHN",
  "date": "2016.02.28",
  "eventDate": "2016.02.28",
  "dateMillis": 1456588800000,
  "eventDateMillis": 1456588800000,
  "round": "10.8",
  "result": "1-0",
  "white": "Ding Liren",
  "black": "Shakhriyar Mamedyarov",
  "isDingWin": true,
  "isDraw": false,
  "isDingBlack": false,
  "moves": [
    "d4",
    "Nf6",
    "c4",
    "e6",
    "Nf3",
    "b6",
    "g3",
    "Ba6",
    "b3",
    "Bb7",
    "Bg2",
    "Bb4+",
    "Bd2",
    "a5",
    "O-O",
    "O-O",
    "Bc3",
    "d5",
    "Bb2",
    "a4",
    "a3",
    "Bd6",
    "cxd5",
    "exd5",
    "b4",
    "Re8",
    "Nc3",
    "Qd7",
    "Rc1",
    "Ne4",
    "Ne5",
    "Nxc3",
    "Rxc3",
    "Qb5",
    "e4",
    "f6",
    "Ng4",
    "dxe4",
    "Ne3",
    "Nd7",
    "Qg4",
    "g6",
    "Rfc1",
    "f5",
    "Qg5",
    "Nf8",
    "Rxc7",
    "Ne6",
    "Qf6",
    "Nxc7",
    "d5"
  ]
}