{
  "event": "IMSA Elite Mind Games (Blitz)",
  "site": "Huai'an CHN",
  "date": "2016.02.29",
  "eventDate": "2016.02.28",
  "dateMillis": 1456675200000,
  "eventDateMillis": 1456588800000,
  "round": "19.6",
  "result": "1/2-1/2",
  "white": "Ding Liren",
  "black": "Pentala Harikrishna",
  "isDingWin": false,
  "isDraw": true,
  "isDingBlack": false,
  "moves": [
    "d4",
    "Nf6",
    "c4",
    "e6",
    "Nf3",
    "d5",
    "Nc3",
    "c5",
    "cxd5",
    "Nxd5",
    "e4",
    "Nxc3",
    "bxc3",
    "cxd4",
    "cxd4",
    "Bb4+",
    "Bd2",
    "Bxd2+",
    "Qxd2",
    "O-O",
    "Rc1",
    "Nc6",
    "Be2",
    "Qb6",
    "O-O",
    "Rd8",
    "d5",
    "exd5",
    "exd5",
    "Be6",
    "d6",
    "Ne7",
    "Rb1",
    "Qxd6",
    "Qxd6",
    "Rxd6",
    "Rxb7",
    "Ng6",
    "g3",
    "Bxa2",
    "Ra1",
    "Bd5",
    "Rbxa7",
    "Rxa7",
    "Rxa7",
    "Bxf3",
    "Bxf3",
    "Rd8",
    "Kg2",
    "Ne5",
    "Ra8"
  ]
}