{
  "event": "IMSA Elite Mind Games (Blitz)",
  "site": "Huai'an CHN",
  "date": "2016.03.01",
  "eventDate": "2016.02.28",
  "dateMillis": 1456761600000,
  "eventDateMillis": 1456588800000,
  "round": "28.3",
  "result": "1-0",
  "white": "Ding Liren",
  "black": "Wang Yue",
  "isDingWin": true,
  "isDraw": false,
  "isDingBlack": false,
  "moves": [
    "d4",
    "g6",
    "g3",
    "Bg7",
    "Bg2",
    "d5",
    "Nf3",
    "c6",
    "O-O",
    "Nf6",
    "b3",
    "O-O",
    "Bb2",
    "Bf5",
    "c4",
    "a5",
    "cxd5",
    "cxd5",
    "Nc3",
    "Nc6",
    "Ne5",
    "Ne4",
    "Nxc6",
    "bxc6",
    "Na4",
    "Nd6",
    "Rc1",
    "Bd7",
    "e3",
    "Re8",
    "Qe2",
    "Nb7",
    "Rc2",
    "e6",
    "Ba3",
    "e5",
    "dxe5",
    "Bxe5",
    "Rfc1",
    "h5",
    "Qd2",
    "Nd6",
    "f4",
    "Nb5",
    "Bb2",
    "Bxb2",
    "Rxb2",
    "Qe7",
    "Kf2",
    "Rad8",
    "Nc5",
    "Bf5",
    "a4",
    "Nd6",
    "Qd4",
    "Rb8",
    "Rd2",
    "Rb4",
    "Qc3",
    "Be4",
    "Bf1",
    "Bf5",
    "Rd4",
    "Rbb8",
    "Re1",
    "Qa7",
    "Bg2",
    "Re7",
    "Bf3",
    "Bg4",
    "Bg2",
    "Rbe8",
    "h3",
    "Bc8",
    "Rdd1",
    "Qb6",
    "Rc1",
    "Qa7",
    "Kg1",
    "Qb6",
    "Kh2",
    "Nf5",
    "e4",
    "d4",
    "Qd2",
    "Ne3",
    "Qxd4",
    "Nxg2",
    "Kxg2",
    "Rd8",
    "Qc3",
    "Ree8",
    "Rcd1",
    "Be6",
    "Rxd8",
    "Qxd8",
    "Re2",
    "Qd1",
    "Rd2",
    "Bxh3+",
    "Kxh3",
    "Qh1+",
    "Rh2",
    "Qf1+",
    "Kh4",
    "Rd8",
    "Qf6",
    "Rd1",
    "Kg5"
  ]
}