{
  "event": "Ding - So",
  "site": "Shanghai CHN",
  "date": "2016.05.05",
  "eventDate": "2016.05.04",
  "dateMillis": 1462377600000,
  "eventDateMillis": 1462291200000,
  "round": "2",
  "result": "1/2-1/2",
  "white": "Wesley So",
  "black": "Ding Liren",
  "isDingWin": false,
  "isDraw": true,
  "isDingBlack": true,
  "moves": [
    "e4",
    "e5",
    "Nf3",
    "Nc6",
    "Bb5",
    "a6",
    "Ba4",
    "Nf6",
    "O-O",
    "Nxe4",
    "d4",
    "b5",
    "Bb3",
    "d5",
    "dxe5",
    "Be6",
    "c3",
    "Be7",
    "Be3",
    "O-O",
    "Nbd2",
    "Nxd2",
    "Bxd2",
    "Qd7",
    "Re1",
    "Rad8",
    "Bg5",
    "Bg4",
    "Bxe7",
    "Qxe7",
    "Bc2",
    "d4",
    "Qd3",
    "g6",
    "Nxd4",
    "Nxd4",
    "cxd4",
    "Bf5",
    "Qb3",
    "Bxc2",
    "Qxc2",
    "Rxd4",
    "Qc6",
    "Qe6",
    "Qxc7",
    "Rc8",
    "Qa7",
    "Rd2",
    "b4",
    "Rcc2",
    "h3",
    "Qf5",
    "e6",
    "Qxf2+",
    "Qxf2",
    "Rxf2",
    "e7",
    "Rxg2+",
    "Kh1",
    "Rh2+",
    "Kg1"
  ]
}