{
  "event": "Ding - So",
  "site": "Shanghai CHN",
  "date": "2016.05.08",
  "eventDate": "2016.05.04",
  "dateMillis": 1462636800000,
  "eventDateMillis": 1462291200000,
  "round": "4",
  "result": "1/2-1/2",
  "white": "Wesley So",
  "black": "Ding Liren",
  "isDingWin": false,
  "isDraw": true,
  "isDingBlack": true,
  "moves": [
    "e4",
    "e5",
    "Nf3",
    "Nc6",
    "Bb5",
    "a6",
    "Ba4",
    "Nf6",
    "O-O",
    "Nxe4",
    "d4",
    "b5",
    "Bb3",
    "d5",
    "dxe5",
    "Be6",
    "Nbd2",
    "Nc5",
    "c3",
    "Be7",
    "Bc2",
    "d4",
    "Nxd4",
    "Nxd4",
    "cxd4",
    "Qxd4",
    "Nf3",
    "Qxd1",
    "Rxd1",
    "O-O",
    "Be3",
    "Rfd8",
    "Rdc1",
    "h6",
    "Nd4",
    "Bd5",
    "f4",
    "Ne6",
    "Nxe6",
    "fxe6",
    "Bg6",
    "Rac8",
    "Bc5",
    "Kf8",
    "Kf2",
    "Bb7",
    "Bxe7+",
    "Kxe7",
    "Rc2",
    "c5",
    "Ke3",
    "c4",
    "a4",
    "Bd5",
    "axb5",
    "axb5",
    "g4",
    "b4",
    "Ra4",
    "Rb8",
    "Be4",
    "b3",
    "Rc3",
    "Bxe4",
    "Kxe4",
    "Rb7",
    "Ke3",
    "Rd1",
    "Rcxc4",
    "Rb1",
    "Ra6",
    "Rxb2",
    "Rcc6",
    "Rb1",
    "Rxe6+",
    "Kf7",
    "Reb6",
    "Rxb6",
    "Rxb6",
    "b2",
    "Kd3",
    "Rf1",
    "Rxb2",
    "Rxf4",
    "Rb7+",
    "Ke6",
    "Rxg7",
    "Kxe5",
    "Ke3",
    "Ra4",
    "Rg6",
    "Ra3+",
    "Kf2",
    "Kf4",
    "Kg2",
    "Rb3",
    "h3",
    "Rb2+",
    "Kf1",
    "Rb1+",
    "Ke2",
    "Rb2+",
    "Ke1",
    "h5",
    "gxh5",
    "Rb5",
    "Rg4+",
    "Kf3"
  ]
}