{
  "event": "Ding - So",
  "site": "Shanghai CHN",
  "date": "2016.05.04",
  "eventDate": "2016.05.04",
  "dateMillis": 1462291200000,
  "eventDateMillis": 1462291200000,
  "round": "1",
  "result": "1/2-1/2",
  "white": "Ding Liren",
  "black": "Wesley So",
  "isDingWin": false,
  "isDraw": true,
  "isDingBlack": false,
  "moves": [
    "d4",
    "Nf6",
    "c4",
    "e6",
    "Nf3",
    "d5",
    "Nc3",
    "c6",
    "e3",
    "Nbd7",
    "Be2",
    "Bd6",
    "O-O",
    "O-O",
    "a4",
    "a5",
    "Qc2",
    "b6",
    "e4",
    "Nxe4",
    "Nxe4",
    "dxe4",
    "Qxe4",
    "Bb7",
    "Rd1",
    "Qe7",
    "Bf4",
    "Rad8",
    "Bxd6",
    "Qxd6",
    "Ne5",
    "Nxe5",
    "dxe5",
    "Qb4",
    "b3",
    "Qe7",
    "Bf3",
    "Ba8",
    "Qe3",
    "c5",
    "Bxa8",
    "Rxd1+",
    "Rxd1",
    "Rxa8",
    "Qd3",
    "h5",
    "f4",
    "Qh4",
    "Qg3",
    "Qe7",
    "Qd3",
    "Qh4",
    "g3",
    "Qh3",
    "Qf1",
    "Qf5",
    "Qd3",
    "Qh3",
    "Qf1",
    "Qf5",
    "h4",
    "Kh7",
    "Rd6",
    "Rb8",
    "Qd1",
    "Kg6",
    "Kf2",
    "f6",
    "exf6",
    "gxf6",
    "Kg2",
    "Qe4+",
    "Kh2",
    "Re8",
    "Rxb6",
    "Rd8",
    "Qxd8",
    "Qe2+",
    "Kg1",
    "Qe1+"
  ]
}