{
  "event": "Chinese Chess League",
  "site": "CHN",
  "date": "2016.04.14",
  "eventDate": "2016.04.12",
  "dateMillis": 1460563200000,
  "eventDateMillis": 1460390400000,
  "round": "3.6",
  "result": "1-0",
  "white": "Ding Liren",
  "black": "Di Li",
  "isDingWin": true,
  "isDraw": false,
  "isDingBlack": false,
  "moves": [
    "c4",
    "c6",
    "Nf3",
    "Nf6",
    "Nc3",
    "d5",
    "e3",
    "e6",
    "b3",
    "Nbd7",
    "Qc2",
    "Bd6",
    "Bb2",
    "O-O",
    "Be2",
    "Re8",
    "O-O",
    "Qe7",
    "Rad1",
    "b6",
    "cxd5",
    "cxd5",
    "Nb5",
    "Bb7",
    "Nxd6",
    "Qxd6",
    "Rc1",
    "Rec8",
    "Qb1",
    "Rxc1",
    "Rxc1",
    "Rc8",
    "Rxc8+",
    "Bxc8",
    "Qc1",
    "Qc5",
    "Qxc5",
    "Nxc5",
    "Ne5",
    "Bb7",
    "g4",
    "Ncd7",
    "g5",
    "Nxe5",
    "Bxe5",
    "Nd7",
    "Bd6",
    "Bc6",
    "d4",
    "f6",
    "gxf6",
    "g6",
    "Ba6",
    "Kf7",
    "Be5",
    "Nxf6",
    "Bb8",
    "Nd7",
    "Bxa7",
    "Ke8",
    "Bc8",
    "b5",
    "Kg2",
    "Kd8",
    "Ba6",
    "Nf6",
    "f3",
    "Kd7",
    "Bb8",
    "g5",
    "Be5",
    "Ke7",
    "Bc8",
    "Kf7",
    "Kf2",
    "Nd7",
    "Bc7",
    "Kf6",
    "Ke1",
    "Kf5",
    "Kd2",
    "g4",
    "fxg4+",
    "Kxg4",
    "Kc3",
    "Kf3",
    "Bf4",
    "Ke4",
    "Kb4",
    "e5",
    "Bxe5",
    "Kxe3",
    "Bg7"
  ]
}