{
  "event": "Chinese Chess League",
  "site": "CHN",
  "date": "2016.04.13",
  "eventDate": "2016.04.12",
  "dateMillis": 1460476800000,
  "eventDateMillis": 1460390400000,
  "round": "2.1",
  "result": "0-1",
  "white": "Chang Liu",
  "black": "Ding Liren",
  "isDingWin": true,
  "isDraw": false,
  "isDingBlack": true,
  "moves": [
    "e4",
    "c5",
    "Nf3",
    "d6",
    "d4",
    "cxd4",
    "Nxd4",
    "Nf6",
    "Nc3",
    "a6",
    "h3",
    "e5",
    "Nde2",
    "h5",
    "g3",
    "Be6",
    "Bg2",
    "b5",
    "Bg5",
    "Nbd7",
    "Nd5",
    "Bxd5",
    "exd5",
    "Be7",
    "O-O",
    "O-O",
    "a4",
    "b4",
    "a5",
    "Qc7",
    "Qd2",
    "Rab8",
    "Ra4",
    "b3",
    "Bxf6",
    "Bxf6",
    "cxb3",
    "Nc5",
    "Rc4",
    "Nxb3",
    "Rxc7",
    "Nxd2",
    "Rd1",
    "Rxb2",
    "Rc6",
    "e4",
    "Rxa6",
    "e3",
    "fxe3",
    "Nc4",
    "Rc1",
    "Nxe3",
    "Bf3",
    "Be5",
    "Rb6",
    "Ra2",
    "Rb3",
    "Nf5",
    "Bxh5",
    "Rxa5",
    "Rd3",
    "Rb8",
    "Rc2",
    "g6",
    "Bg4",
    "Ne7",
    "Bf3",
    "Kg7",
    "Kf2",
    "Rb4",
    "Rcd2",
    "Kf6",
    "Bg4",
    "Kg5",
    "Bf3",
    "Nf5",
    "Bg4",
    "Ne7",
    "Bf3",
    "Rc5",
    "Rd1",
    "Rcc4",
    "Bg4",
    "f5",
    "Bf3",
    "Ng8",
    "Rc1",
    "Rxc1",
    "Nxc1",
    "Rb2+",
    "Ne2",
    "Nf6",
    "h4+",
    "Kh6",
    "Ke3",
    "g5",
    "hxg5+",
    "Kxg5",
    "Rd2",
    "Ng4+",
    "Bxg4",
    "Rxd2",
    "Kxd2",
    "Kxg4",
    "Ke3",
    "Bxg3",
    "Nd4",
    "Be5",
    "Nf3",
    "Bf6",
    "Ng1",
    "Bd8",
    "Ne2",
    "Bb6+",
    "Kd3",
    "f4",
    "Nc3",
    "f3",
    "Ne4",
    "Kh3"
  ]
}