{
  "event": "Chinese Chess League",
  "site": "CHN",
  "date": "2016.06.24",
  "eventDate": "2016.04.12",
  "dateMillis": 1466697600000,
  "eventDateMillis": 1460390400000,
  "round": "6.3",
  "result": "1/2-1/2",
  "white": "Lin Chen",
  "black": "Ding Liren",
  "isDingWin": false,
  "isDraw": true,
  "isDingBlack": true,
  "moves": [
    "e4",
    "c5",
    "Nf3",
    "d6",
    "d4",
    "cxd4",
    "Nxd4",
    "Nf6",
    "Nc3",
    "Nc6",
    "Bg5",
    "e6",
    "Qd2",
    "a6",
    "O-O-O",
    "Bd7",
    "f3",
    "b5",
    "Kb1",
    "Be7",
    "Bxf6",
    "Bxf6",
    "Nxc6",
    "Bxc6",
    "Qxd6",
    "Qxd6",
    "Rxd6",
    "Rc8",
    "a3",
    "Ke7",
    "Rd2",
    "h5",
    "Be2",
    "h4",
    "Na2",
    "Rc7",
    "Nb4",
    "Bb7",
    "c3",
    "Bg5",
    "Rdd1",
    "Bf6",
    "Rd2",
    "g5",
    "Nd3",
    "g4",
    "fxg4",
    "Bxe4",
    "Bf3",
    "Bh7",
    "Re1",
    "Rc4",
    "Rdd1",
    "Rd8",
    "Kc2",
    "a5",
    "g5",
    "Bxg5",
    "Re5",
    "Kf6",
    "Rxb5",
    "Rf4",
    "h3",
    "a4",
    "Rb4",
    "e5",
    "Rxf4+",
    "Bxf4",
    "Be2",
    "Kg5",
    "c4",
    "Be3",
    "b4",
    "axb3+",
    "Kxb3",
    "Rb8+",
    "Nb4",
    "Be4",
    "Bf3",
    "Bxf3",
    "gxf3",
    "Kf4",
    "Rd5",
    "f6",
    "c5",
    "Kg3",
    "c6",
    "Kxh3",
    "Rd7",
    "Rc8",
    "Nd5",
    "Rxc6",
    "Nxe3",
    "Kg3",
    "Nf5+",
    "Kxf3",
    "Nxh4+",
    "Kg4",
    "Ng6",
    "e4",
    "Re7",
    "Kg5",
    "Nf8",
    "f5",
    "a4",
    "Rc8",
    "Nd7",
    "Rc7",
    "a5",
    "e3",
    "Rxe3",
    "Rxd7",
    "Kc4"
  ]
}