{
  "event": "Chinese Chess League",
  "site": "CHN",
  "date": "2016.06.23",
  "eventDate": "2016.04.12",
  "dateMillis": 1466611200000,
  "eventDateMillis": 1460390400000,
  "round": "5.5",
  "result": "1/2-1/2",
  "white": "Ding Liren",
  "black": "Ernesto Inarkiev",
  "isDingWin": false,
  "isDraw": true,
  "isDingBlack": false,
  "moves": [
    "c4",
    "e5",
    "g3",
    "Nf6",
    "Bg2",
    "h6",
    "a3",
    "c6",
    "Nf3",
    "e4",
    "Nd4",
    "d5",
    "d3",
    "Bc5",
    "Nb3",
    "Bb6",
    "cxd5",
    "cxd5",
    "dxe4",
    "Nxe4",
    "O-O",
    "Nc6",
    "Nc3",
    "Nxc3",
    "bxc3",
    "Be6",
    "a4",
    "O-O",
    "Ba3",
    "Re8",
    "Bc5",
    "Rc8",
    "Bxb6",
    "Qxb6",
    "a5",
    "Qb5",
    "e3",
    "Qc4",
    "Nd4",
    "Qxc3",
    "Nxe6",
    "fxe6",
    "Qa4",
    "Ne5",
    "Rab1",
    "Re7",
    "Rb3",
    "Qc2",
    "Qb4",
    "Rf7",
    "Rb2",
    "Qc3",
    "Rfb1",
    "Qxb4",
    "Rxb4",
    "Rcc7",
    "e4",
    "Nc6",
    "Rb5",
    "Nd4",
    "R5b4",
    "Nf3+",
    "Bxf3",
    "Rxf3",
    "exd5",
    "exd5",
    "Rxb7",
    "Rc2",
    "R1b2",
    "Rfxf2",
    "Rxc2",
    "Rxc2",
    "Rxa7",
    "Ra2",
    "a6",
    "d4",
    "Rd7",
    "Rxa6",
    "Rxd4"
  ]
}