{
  "event": "Chinese Chess League",
  "site": "CHN",
  "date": "2016.04.12",
  "eventDate": "2016.04.12",
  "dateMillis": 1460390400000,
  "eventDateMillis": 1460390400000,
  "round": "1.6",
  "result": "0-1",
  "white": "Qi b Chen",
  "black": "Ding Liren",
  "isDingWin": true,
  "isDraw": false,
  "isDingBlack": true,
  "moves": [
    "e4",
    "g6",
    "d4",
    "Bg7",
    "Nc3",
    "d6",
    "f4",
    "a6",
    "Nf3",
    "Nd7",
    "Bd3",
    "c5",
    "dxc5",
    "Nxc5",
    "O-O",
    "Nf6",
    "a4",
    "O-O",
    "Kh1",
    "b6",
    "Qe1",
    "Bb7",
    "f5",
    "b5",
    "fxg6",
    "fxg6",
    "Bg5",
    "b4",
    "Nd5",
    "Nxd3",
    "cxd3",
    "Nxd5",
    "exd5",
    "Rf7",
    "Qxb4",
    "Bxd5",
    "Rae1",
    "Qd7",
    "Qh4",
    "e6",
    "Bh6",
    "Bxh6",
    "Qxh6",
    "Raf8",
    "Qh4",
    "Rf4",
    "Qg3",
    "Qxa4",
    "Nd2",
    "Qd4",
    "Rxf4",
    "Rxf4",
    "h3",
    "e5",
    "Ne4",
    "Kg7",
    "Nc3",
    "Bc6",
    "Ne2",
    "Qf2",
    "Kh2",
    "Qxg3+",
    "Kxg3",
    "Rb4",
    "Rb1",
    "Bb5",
    "Nc1",
    "Rd4"
  ]
}