{
  "event": "Hainan Danzhou GM",
  "site": "Danzhou CHN",
  "date": "2016.07.09",
  "eventDate": "2016.07.06",
  "dateMillis": 1467993600000,
  "eventDateMillis": 1467734400000,
  "round": "2",
  "result": "1-0",
  "white": "Pentala Harikrishna",
  "black": "Ding Liren",
  "isDingWin": false,
  "isDraw": false,
  "isDingBlack": true,
  "moves": [
    "e4",
    "e5",
    "Nf3",
    "Nc6",
    "Bb5",
    "a6",
    "Ba4",
    "Nf6",
    "O-O",
    "Nxe4",
    "d4",
    "b5",
    "Bb3",
    "d5",
    "dxe5",
    "Be6",
    "Nbd2",
    "Nc5",
    "c3",
    "Be7",
    "Bc2",
    "d4",
    "Nb3",
    "d3",
    "Bb1",
    "Nxb3",
    "axb3",
    "Bf5",
    "Re1",
    "O-O",
    "h3",
    "Qd7",
    "b4",
    "Rfd8",
    "g4",
    "Bg6",
    "Bf4",
    "Qc8",
    "Ba2",
    "a5",
    "e6",
    "f6",
    "bxa5",
    "Nxa5",
    "b4",
    "Nc4",
    "Bxc4",
    "bxc4",
    "Nd2",
    "c5",
    "b5",
    "Be8",
    "Rxa8",
    "Qxa8",
    "b6",
    "Bc6",
    "Bc7",
    "Rd5",
    "Nxc4",
    "Qa2",
    "Nd2",
    "g5",
    "Nf1",
    "c4",
    "Qd2",
    "Qa8",
    "Ne3",
    "Rb5",
    "Nxc4",
    "Bh1",
    "Ne3",
    "Bc5",
    "e7",
    "Bxe3",
    "fxe3",
    "Kf7",
    "e8=Q+",
    "Kxe8",
    "e4",
    "Bxe4",
    "Qe3"
  ]
}