{
  "event": "Chinese Chess League",
  "site": "CHN",
  "date": "2016.06.25",
  "eventDate": "2016.04.12",
  "dateMillis": 1466784000000,
  "eventDateMillis": 1460390400000,
  "round": "7.4",
  "result": "1/2-1/2",
  "white": "Ding Liren",
  "black": "Vladimir Malakhov",
  "isDingWin": false,
  "isDraw": true,
  "isDingBlack": false,
  "moves": [
    "Nf3",
    "d5",
    "g3",
    "Bg4",
    "Bg2",
    "Nd7",
    "h3",
    "Bxf3",
    "Bxf3",
    "c6",
    "d3",
    "Ngf6",
    "e4",
    "dxe4",
    "dxe4",
    "e5",
    "O-O",
    "Be7",
    "Qe2",
    "O-O",
    "a4",
    "Nc5",
    "Nd2",
    "Qc7",
    "h4",
    "Rfd8",
    "Kg2",
    "h6",
    "Ra2",
    "Rab8",
    "a5",
    "b5",
    "axb6",
    "axb6",
    "b4",
    "Ne6",
    "c3",
    "b5",
    "Nb3",
    "c5",
    "Bd2",
    "cxb4",
    "cxb4",
    "Qc4",
    "Qxc4",
    "bxc4",
    "Na5",
    "Rdc8",
    "Rc1",
    "Bxb4",
    "Rxc4",
    "Bxd2",
    "Rxd2",
    "Nd4",
    "Rd3",
    "Ra8",
    "Rxc8+",
    "Rxc8",
    "Nb3",
    "Nxb3"
  ]
}