{
  "event": "Hainan Danzhou GM",
  "site": "Danzhou CHN",
  "date": "2016.07.09",
  "eventDate": "2016.07.06",
  "dateMillis": 1467993600000,
  "eventDateMillis": 1467734400000,
  "round": "2",
  "result": "1/2-1/2",
  "white": "Ding Liren",
  "black": "Wang Hao",
  "isDingWin": false,
  "isDraw": true,
  "isDingBlack": false,
  "moves": [
    "c4",
    "c6",
    "Nf3",
    "d5",
    "g3",
    "Bg4",
    "Bg2",
    "e6",
    "O-O",
    "Nf6",
    "d3",
    "dxc4",
    "dxc4",
    "Qxd1",
    "Rxd1",
    "Nbd7",
    "b3",
    "h6",
    "Nc3",
    "Bb4",
    "Bb2",
    "O-O-O",
    "h3",
    "Bh5",
    "Nd4",
    "Nc5",
    "Nc2",
    "Bxc3",
    "Rxd8+",
    "Rxd8",
    "Bxc3",
    "Bxe2",
    "Bd4",
    "Nce4",
    "Bxa7",
    "Rd2",
    "Nd4",
    "Bd1",
    "b4",
    "Nxf2",
    "Nb3",
    "Bxb3",
    "axb3",
    "Nd3",
    "Bb6",
    "Kb8",
    "b5",
    "c5",
    "Bf3",
    "Ne5",
    "Bg2",
    "Nfd7",
    "Bd8",
    "Rd6",
    "Kf1",
    "Ng6",
    "Ke2",
    "Nb6",
    "Rd1",
    "Rxd1",
    "Kxd1",
    "Nd7",
    "b6",
    "Kc8",
    "Bc7",
    "Ne7",
    "Kd2",
    "Nc6",
    "g4",
    "Nd4",
    "Kc3",
    "g5",
    "b4",
    "Ne2+",
    "Kb3",
    "f6",
    "Ka4",
    "Nd4",
    "bxc5",
    "Nxc5+",
    "Ka5",
    "Kd7",
    "Bg3",
    "e5",
    "Bf2",
    "Kd6",
    "Bd5",
    "Ndb3+",
    "Kb5",
    "Nd4+",
    "Ka5",
    "Ndb3+",
    "Kb5",
    "Nd4+"
  ]
}