{
  "event": "Hainan Danzhou GM",
  "site": "Danzhou CHN",
  "date": "2016.07.11",
  "eventDate": "2016.07.06",
  "dateMillis": 1468166400000,
  "eventDateMillis": 1467734400000,
  "round": "4",
  "result": "1-0",
  "white": "Ding Liren",
  "black": "Bu Xiangzhi",
  "isDingWin": true,
  "isDraw": false,
  "isDingBlack": false,
  "moves": [
    "d4",
    "Nf6",
    "c4",
    "e6",
    "Nf3",
    "d5",
    "Nc3",
    "c5",
    "cxd5",
    "Nxd5",
    "e3",
    "Nc6",
    "Bd3",
    "cxd4",
    "exd4",
    "Be7",
    "O-O",
    "O-O",
    "Re1",
    "Bf6",
    "Be4",
    "Nce7",
    "Qd3",
    "g6",
    "Bh6",
    "Bg7",
    "Bg5",
    "f6",
    "Bd2",
    "Nxc3",
    "Qxc3",
    "Nd5",
    "Qb3",
    "b6",
    "Bb4",
    "Rf7",
    "Nd2",
    "Bb7",
    "Ba3",
    "Qd7",
    "Nc4",
    "Bf8",
    "Bxf8",
    "Rfxf8",
    "g3",
    "Rac8",
    "Bg2",
    "Kg7",
    "a4",
    "Rfd8",
    "a5",
    "b5",
    "Nd2",
    "Qc6",
    "a6",
    "Ba8",
    "Qa3",
    "b4",
    "Qa5",
    "Qc2",
    "Ne4",
    "Qxb2",
    "Nc5",
    "Rd6",
    "Nb7",
    "Rd7",
    "Nc5",
    "Rd6",
    "Nb7",
    "Rd7",
    "Qb5",
    "Nb6",
    "Nc5",
    "Bxg2",
    "Kxg2",
    "Rd6",
    "Rab1",
    "Qa2",
    "Rb3",
    "Qc2",
    "Qxb4",
    "Kf7",
    "Rb2",
    "Qf5",
    "Ne4",
    "Rdc6",
    "Nd6+",
    "Rxd6",
    "Qxd6",
    "Re8",
    "d5",
    "Nxd5",
    "Rb7+",
    "Re7",
    "Qb8"
  ]
}