{
  "event": "Hainan Danzhou GM",
  "site": "Danzhou CHN",
  "date": "2016.07.08",
  "eventDate": "2016.07.06",
  "dateMillis": 1467907200000,
  "eventDateMillis": 1467734400000,
  "round": "1",
  "result": "1-0",
  "white": "Ian Nepomniachtchi",
  "black": "Ding Liren",
  "isDingWin": false,
  "isDraw": false,
  "isDingBlack": true,
  "moves": [
    "e4",
    "e5",
    "Nf3",
    "Nc6",
    "d4",
    "exd4",
    "Nxd4",
    "Bc5",
    "Nxc6",
    "bxc6",
    "Bd3",
    "d6",
    "h3",
    "Ne7",
    "Nc3",
    "Ng6",
    "Na4",
    "Bd4",
    "c3",
    "Bf6",
    "O-O",
    "Ne5",
    "Be2",
    "O-O",
    "f4",
    "Nd7",
    "Qc2",
    "c5",
    "Bf3",
    "Rb8",
    "Be3",
    "Ba6",
    "Rfd1",
    "Qe7",
    "Bf2",
    "Bb5",
    "Rab1",
    "Nb6",
    "Nxb6",
    "axb6",
    "Re1",
    "Bc4",
    "b3",
    "Be6",
    "a4",
    "Rfd8",
    "b4",
    "Bc4",
    "bxc5",
    "bxc5",
    "Rxb8",
    "Rxb8",
    "e5",
    "dxe5",
    "fxe5",
    "Bg5",
    "a5",
    "g6",
    "Qe4",
    "Qe6",
    "Bxc5",
    "h5",
    "Bd4",
    "Rb3",
    "Ra1",
    "c5",
    "a6",
    "Bxa6",
    "Qa8+",
    "Qc8",
    "Rxa6",
    "Rb8",
    "Bf2",
    "Kg7",
    "Qc6",
    "Rb1+",
    "Kh2",
    "Qf5",
    "Qe4"
  ]
}