{
  "event": "Russia vs China (Blitz)",
  "site": "Sochi RUS",
  "date": "2009.08.23",
  "eventDate": "2009.08.23",
  "dateMillis": 1250956800000,
  "eventDateMillis": 1250956800000,
  "round": "10",
  "result": "1/2-1/2",
  "white": "Vladimir Malakhov",
  "black": "Ding Liren",
  "isDingWin": false,
  "isDraw": true,
  "isDingBlack": true,
  "moves": [
    "Bxe3+",
    "Kxe3",
    "Kg5",
    "Kd4",
    "Ba4",
    "Kc3",
    "Bd7",
    "Kb4",
    "Be8",
    "Bd1",
    "Bd7",
    "Ba4",
    "Bc8",
    "Be8",
    "Ba6",
    "Kc3",
    "Kh6",
    "Kd4",
    "Kg5",
    "Kc3",
    "Kh6",
    "Kb4",
    "Kg5",
    "Bb5",
    "Bc8",
    "Ka4",
    "Bb7",
    "Be8",
    "Ba6",
    "Kb4",
    "Kh6",
    "Bg6",
    "Kg5",
    "Kc3",
    "Kh6",
    "Kd4",
    "Kg5",
    "Be8",
    "Bb7",
    "Ke4",
    "Ba6",
    "Bb5",
    "Bc8",
    "Be8",
    "Bf5+",
    "Kd4",
    "Bc8",
    "Kc3",
    "Ba6",
    "Kb4",
    "Kh6",
    "Bb5",
    "Bc8",
    "Bc6",
    "Ba6",
    "Bb7",
    "Bxb7",
    "Kb5",
    "Kxh5",
    "Kxb6",
    "Bc8",
    "Kc7",
    "Ba6",
    "Kxd6",
    "Bxc4",
    "Kc5",
    "Bxd5",
    "Kxd5"
  ],
  "statePieceCount": 11,
  "endPieceCount": 2,
  "boardState": [
    {
      "square": "b6",
      "type": "p",
      "color": "b"
    },
    {
      "square": "d6",
      "type": "p",
      "color": "b"
    },
    {
      "square": "h6",
      "type": "k",
      "color": "b"
    },
    {
      "square": "c5",
      "type": "b",
      "color": "b"
    },
    {
      "square": "d5",
      "type": "p",
      "color": "w"
    },
    {
      "square": "h5",
      "type": "p",
      "color": "w"
    },
    {
      "square": "c4",
      "type": "p",
      "color": "w"
    },
    {
      "square": "f4",
      "type": "k",
      "color": "w"
    },
    {
      "square": "e3",
      "type": "b",
      "color": "w"
    },
    {
      "square": "c2",
      "type": "b",
      "color": "b"
    },
    {
      "square": "e2",
      "type": "b",
      "color": "w"
    }
  ],
  "nextTurn": "b"
}