{
  "event": "Russia vs China (Blitz)",
  "site": "Sochi RUS",
  "date": "2009.08.23",
  "eventDate": "2009.08.23",
  "dateMillis": 1250956800000,
  "eventDateMillis": 1250956800000,
  "round": "1",
  "result": "1-0",
  "white": "Ding Liren",
  "black": "Evgeny Tomashevsky",
  "isDingWin": true,
  "isDraw": false,
  "isDingBlack": false,
  "moves": [
    "Rf7",
    "Rg6",
    "e7",
    "Re6",
    "a5",
    "Kg6",
    "e8=Q",
    "Rxe8",
    "Rxb7",
    "Re2",
    "Kf3",
    "Rc2",
    "g4",
    "Kg5",
    "Rg7+",
    "Kf6",
    "Ra7",
    "Ke5",
    "Rxa6",
    "Rxb2",
    "Rc6",
    "Rb3+",
    "Ke2",
    "Kd5",
    "Rb6",
    "Rg3",
    "Rg6",
    "Ra3",
    "a6",
    "c4",
    "g5",
    "Ra2+",
    "Ke3",
    "Ra3+",
    "Kd2",
    "Ra2+",
    "Kc3",
    "Ra3+",
    "Kb2",
    "Rb3+",
    "Kc2",
    "Ra3",
    "Rf6",
    "Ke5",
    "Rb6",
    "Kd4",
    "g6",
    "Ra2+",
    "Kb1",
    "Rg2",
    "a7"
  ],
  "statePieceCount": 11,
  "endPieceCount": 7,
  "boardState": [
    {
      "square": "b7",
      "type": "p",
      "color": "b"
    },
    {
      "square": "g7",
      "type": "r",
      "color": "b"
    },
    {
      "square": "a6",
      "type": "p",
      "color": "b"
    },
    {
      "square": "e6",
      "type": "p",
      "color": "w"
    },
    {
      "square": "f6",
      "type": "r",
      "color": "w"
    },
    {
      "square": "c5",
      "type": "p",
      "color": "b"
    },
    {
      "square": "g5",
      "type": "k",
      "color": "b"
    },
    {
      "square": "a4",
      "type": "p",
      "color": "w"
    },
    {
      "square": "g3",
      "type": "k",
      "color": "w"
    },
    {
      "square": "b2",
      "type": "p",
      "color": "w"
    },
    {
      "square": "g2",
      "type": "p",
      "color": "w"
    }
  ],
  "nextTurn": "w"
}