{
  "event": "9th Asian Continental",
  "site": "Olongapo City PHI",
  "date": "2010.04.23",
  "eventDate": "2010.04.21",
  "dateMillis": 1271952000000,
  "eventDateMillis": 1271779200000,
  "round": "3",
  "result": "1/2-1/2",
  "white": "Yu Ruiyuan",
  "black": "Ding Liren",
  "isDingWin": false,
  "isDraw": true,
  "isDingBlack": true,
  "moves": [
    "Ra7",
    "Rc3",
    "Ra2",
    "Rff3",
    "Ra4",
    "Rc8+",
    "Kg7",
    "Rc7",
    "Rxh4+",
    "Kg1",
    "Rg4",
    "Rcxf7+",
    "Kg8",
    "Rf2",
    "Ra1+",
    "Kh2",
    "Rxa3"
  ],
  "statePieceCount": 11,
  "endPieceCount": 8,
  "boardState": [
    {
      "square": "a8",
      "type": "r",
      "color": "b"
    },
    {
      "square": "g8",
      "type": "k",
      "color": "b"
    },
    {
      "square": "f7",
      "type": "p",
      "color": "b"
    },
    {
      "square": "c6",
      "type": "r",
      "color": "w"
    },
    {
      "square": "g6",
      "type": "p",
      "color": "b"
    },
    {
      "square": "f4",
      "type": "r",
      "color": "w"
    },
    {
      "square": "h4",
      "type": "p",
      "color": "w"
    },
    {
      "square": "a3",
      "type": "p",
      "color": "w"
    },
    {
      "square": "b2",
      "type": "r",
      "color": "b"
    },
    {
      "square": "g2",
      "type": "p",
      "color": "w"
    },
    {
      "square": "h1",
      "type": "k",
      "color": "w"
    }
  ]
}