{
  "event": "9th Asian Continental",
  "site": "Olongapo City PHI",
  "date": "2010.04.26",
  "eventDate": "2010.04.21",
  "dateMillis": 1272211200000,
  "eventDateMillis": 1271779200000,
  "round": "6",
  "result": "1/2-1/2",
  "white": "Ding Liren",
  "black": "Li Chao",
  "isDingWin": false,
  "isDraw": true,
  "isDingBlack": false,
  "moves": [
    "Rd2",
    "Rxa5",
    "Rxf2",
    "Ra6+",
    "Ke7",
    "Kf5",
    "h4",
    "a4",
    "h3",
    "Rxf6",
    "Rc2",
    "Re6+",
    "Kf7",
    "Re3",
    "h2",
    "Rh3",
    "Kg7",
    "Ke5",
    "Rxc3",
    "Rxh2"
  ],
  "statePieceCount": 11,
  "endPieceCount": 6,
  "boardState": [
    {
      "square": "d6",
      "type": "r",
      "color": "b"
    },
    {
      "square": "e6",
      "type": "k",
      "color": "b"
    },
    {
      "square": "f6",
      "type": "p",
      "color": "b"
    },
    {
      "square": "a5",
      "type": "p",
      "color": "b"
    },
    {
      "square": "b5",
      "type": "r",
      "color": "w"
    },
    {
      "square": "h5",
      "type": "p",
      "color": "b"
    },
    {
      "square": "e4",
      "type": "k",
      "color": "w"
    },
    {
      "square": "f4",
      "type": "p",
      "color": "w"
    },
    {
      "square": "c3",
      "type": "p",
      "color": "w"
    },
    {
      "square": "a2",
      "type": "p",
      "color": "w"
    },
    {
      "square": "f2",
      "type": "p",
      "color": "w"
    }
  ],
  "nextTurn": "b"
}