{
  "event": "9th Asian Continental",
  "site": "Olongapo City PHI",
  "date": "2010.04.25",
  "eventDate": "2010.04.21",
  "dateMillis": 1272124800000,
  "eventDateMillis": 1271779200000,
  "round": "5",
  "result": "0-1",
  "white": "Tamijani Homayoon Toufighi",
  "black": "Ding Liren",
  "isDingWin": true,
  "isDraw": false,
  "isDingBlack": true,
  "moves": [
    "hxg4",
    "hxg4",
    "Ra4",
    "f3",
    "Ra2",
    "Rb5",
    "Kg6",
    "Rb7",
    "e5",
    "Ke1",
    "e4",
    "fxe4",
    "Rg2",
    "Rb6+",
    "Kg5",
    "Rb7",
    "Rxg4",
    "Rb5+",
    "Kf6"
  ],
  "statePieceCount": 11,
  "endPieceCount": 7,
  "boardState": [
    {
      "square": "a7",
      "type": "r",
      "color": "b"
    },
    {
      "square": "f7",
      "type": "p",
      "color": "b"
    },
    {
      "square": "g7",
      "type": "p",
      "color": "b"
    },
    {
      "square": "h7",
      "type": "k",
      "color": "b"
    },
    {
      "square": "e6",
      "type": "p",
      "color": "b"
    },
    {
      "square": "e5",
      "type": "r",
      "color": "w"
    },
    {
      "square": "h5",
      "type": "p",
      "color": "b"
    },
    {
      "square": "g4",
      "type": "p",
      "color": "w"
    },
    {
      "square": "h3",
      "type": "p",
      "color": "w"
    },
    {
      "square": "f2",
      "type": "p",
      "color": "w"
    },
    {
      "square": "f1",
      "type": "k",
      "color": "w"
    }
  ],
  "nextTurn": "b"
}