{
  "event": "Chinese Championship",
  "site": "Xinghua CHN",
  "date": "2010.05.24",
  "eventDate": "2010.05.24",
  "dateMillis": 1274630400000,
  "eventDateMillis": 1274630400000,
  "round": "1",
  "result": "1-0",
  "white": "Wang Hao",
  "black": "Ding Liren",
  "isDingWin": false,
  "isDraw": false,
  "isDingBlack": true,
  "moves": [
    "Rxa5",
    "Kg7",
    "Ra7+",
    "Kg8",
    "b7",
    "Rf7",
    "Nd6",
    "Rd7",
    "Kd5",
    "Kf8",
    "Kc6",
    "Ke7",
    "Ne4",
    "h5",
    "Nc5",
    "Rd4",
    "Kc7",
    "Rbd8",
    "Ra8",
    "h4",
    "Rc8",
    "R4d5",
    "b4"
  ],
  "statePieceCount": 11,
  "endPieceCount": 10,
  "boardState": [
    {
      "square": "b8",
      "type": "r",
      "color": "b"
    },
    {
      "square": "a7",
      "type": "r",
      "color": "w"
    },
    {
      "square": "h7",
      "type": "p",
      "color": "b"
    },
    {
      "square": "b6",
      "type": "p",
      "color": "w"
    },
    {
      "square": "h6",
      "type": "k",
      "color": "b"
    },
    {
      "square": "a5",
      "type": "p",
      "color": "b"
    },
    {
      "square": "c4",
      "type": "n",
      "color": "w"
    },
    {
      "square": "e4",
      "type": "k",
      "color": "w"
    },
    {
      "square": "b3",
      "type": "p",
      "color": "w"
    },
    {
      "square": "a2",
      "type": "p",
      "color": "w"
    },
    {
      "square": "f2",
      "type": "r",
      "color": "b"
    }
  ],
  "nextTurn": "w"
}