{
  "event": "Chinese Championship",
  "site": "Xinghua Jiangsu CHN",
  "date": "2011.04.01",
  "eventDate": "2011.03.30",
  "dateMillis": 1301587200000,
  "eventDateMillis": 1301414400000,
  "round": "3",
  "result": "0-1",
  "white": "Bu Xiangzhi",
  "black": "Ding Liren",
  "isDingWin": true,
  "isDraw": false,
  "isDingBlack": true,
  "moves": [
    "Ra2",
    "f3",
    "Ba7",
    "Nf5",
    "Kh7",
    "Ne3+",
    "Kg7",
    "Nd5",
    "Rf2+",
    "Ke1",
    "Ng2+",
    "Kd1",
    "h4",
    "Rc2",
    "Rxc2",
    "Kxc2",
    "h3",
    "f4",
    "f5"
  ],
  "statePieceCount": 11,
  "endPieceCount": 9,
  "boardState": [
    {
      "square": "g8",
      "type": "k",
      "color": "b"
    },
    {
      "square": "f7",
      "type": "p",
      "color": "b"
    },
    {
      "square": "a5",
      "type": "r",
      "color": "b"
    },
    {
      "square": "c5",
      "type": "b",
      "color": "b"
    },
    {
      "square": "h5",
      "type": "p",
      "color": "b"
    },
    {
      "square": "e4",
      "type": "b",
      "color": "w"
    },
    {
      "square": "f4",
      "type": "n",
      "color": "b"
    },
    {
      "square": "h4",
      "type": "n",
      "color": "w"
    },
    {
      "square": "f2",
      "type": "p",
      "color": "w"
    },
    {
      "square": "c1",
      "type": "r",
      "color": "w"
    },
    {
      "square": "f1",
      "type": "k",
      "color": "w"
    }
  ],
  "nextTurn": "b"
}