{
  "event": "Chinese League",
  "site": "Chengdu CHN",
  "date": "2011.05.28",
  "eventDate": "2011.04.12",
  "dateMillis": 1306512000000,
  "eventDateMillis": 1302537600000,
  "round": "6",
  "result": "1/2-1/2",
  "white": "Ding Liren",
  "black": "Ni Hua",
  "isDingWin": false,
  "isDraw": true,
  "isDingBlack": false,
  "moves": [
    "f4",
    "Kd6",
    "fxe5+",
    "Rxe5",
    "Rxa4",
    "Rxe2",
    "Rxa5",
    "Re3+",
    "Kg4",
    "Rxc3",
    "Kf4",
    "Rd3",
    "Ke4",
    "Rd1",
    "Ra2",
    "Kc5",
    "Rc2+",
    "Kb6",
    "Rb2+",
    "Kc7",
    "Ke3",
    "c5",
    "Rd2"
  ],
  "statePieceCount": 11,
  "endPieceCount": 5,
  "boardState": [
    {
      "square": "e7",
      "type": "k",
      "color": "b"
    },
    {
      "square": "c6",
      "type": "p",
      "color": "b"
    },
    {
      "square": "a5",
      "type": "p",
      "color": "b"
    },
    {
      "square": "e5",
      "type": "n",
      "color": "b"
    },
    {
      "square": "f5",
      "type": "r",
      "color": "b"
    },
    {
      "square": "a4",
      "type": "p",
      "color": "b"
    },
    {
      "square": "e4",
      "type": "r",
      "color": "w"
    },
    {
      "square": "c3",
      "type": "p",
      "color": "w"
    },
    {
      "square": "h3",
      "type": "k",
      "color": "w"
    },
    {
      "square": "e2",
      "type": "p",
      "color": "w"
    },
    {
      "square": "f2",
      "type": "p",
      "color": "w"
    }
  ],
  "nextTurn": "w"
}