{
  "event": "Asian Continental Chess Championship",
  "site": "Ho Chi Minh VIE",
  "date": "2012.05.08",
  "eventDate": "2012.05.05",
  "dateMillis": 1336406400000,
  "eventDateMillis": 1336147200000,
  "round": "4",
  "result": "1-0",
  "white": "Ding Liren",
  "black": "Sethuraman P Sethuraman",
  "isDingWin": true,
  "isDraw": false,
  "isDingBlack": false,
  "moves": [
    "Kxe5",
    "Kf7",
    "b4",
    "Ke7",
    "f6+",
    "Kf7",
    "Nf5",
    "Kg6",
    "Kd6",
    "Be8",
    "Ke7",
    "Kxf5",
    "Kxe8",
    "Kxf6",
    "Kd7"
  ],
  "statePieceCount": 11,
  "endPieceCount": 7,
  "boardState": [
    {
      "square": "d7",
      "type": "b",
      "color": "b"
    },
    {
      "square": "g7",
      "type": "k",
      "color": "b"
    },
    {
      "square": "a6",
      "type": "p",
      "color": "b"
    },
    {
      "square": "c6",
      "type": "p",
      "color": "b"
    },
    {
      "square": "b5",
      "type": "p",
      "color": "b"
    },
    {
      "square": "e5",
      "type": "n",
      "color": "b"
    },
    {
      "square": "f5",
      "type": "p",
      "color": "w"
    },
    {
      "square": "f4",
      "type": "k",
      "color": "w"
    },
    {
      "square": "a3",
      "type": "p",
      "color": "w"
    },
    {
      "square": "e3",
      "type": "n",
      "color": "w"
    },
    {
      "square": "b2",
      "type": "p",
      "color": "w"
    }
  ]
}