{
  "event": "World Junior Championship",
  "site": "Athens GRE",
  "date": "2012.08.06",
  "eventDate": "2012.08.02",
  "dateMillis": 1344182400000,
  "eventDateMillis": 1343836800000,
  "round": "5",
  "result": "1-0",
  "white": "Ding Liren",
  "black": "Vladislav Kovalev",
  "isDingWin": true,
  "isDraw": false,
  "isDingBlack": false,
  "moves": [
    "Rxb4",
    "Nxf4",
    "e7",
    "Kf7",
    "Kc5",
    "Ne6+",
    "Kd6",
    "Ng7",
    "Kd7",
    "Ne8",
    "Rb1",
    "Ng7",
    "Rd1",
    "Ne8",
    "Rg1",
    "Ng7",
    "Rb1",
    "Ne8",
    "Rb6",
    "Ng7",
    "Ra6"
  ],
  "statePieceCount": 11,
  "endPieceCount": 9,
  "boardState": [
    {
      "square": "b8",
      "type": "r",
      "color": "w"
    },
    {
      "square": "g7",
      "type": "k",
      "color": "b"
    },
    {
      "square": "e6",
      "type": "p",
      "color": "w"
    },
    {
      "square": "g6",
      "type": "p",
      "color": "b"
    },
    {
      "square": "f5",
      "type": "p",
      "color": "b"
    },
    {
      "square": "h5",
      "type": "p",
      "color": "b"
    },
    {
      "square": "b4",
      "type": "r",
      "color": "b"
    },
    {
      "square": "c4",
      "type": "k",
      "color": "w"
    },
    {
      "square": "f4",
      "type": "p",
      "color": "w"
    },
    {
      "square": "h4",
      "type": "p",
      "color": "w"
    },
    {
      "square": "e2",
      "type": "n",
      "color": "b"
    }
  ],
  "nextTurn": "w"
}