{
  "event": "World Junior Championship",
  "site": "Athens GRE",
  "date": "2012.08.08",
  "eventDate": "2012.08.02",
  "dateMillis": 1344355200000,
  "eventDateMillis": 1343836800000,
  "round": "7",
  "result": "1-0",
  "white": "Ding Liren",
  "black": "Tal Baron",
  "isDingWin": true,
  "isDraw": false,
  "isDingBlack": false,
  "moves": [
    "Re7",
    "Qc6+",
    "Rdd7",
    "f4",
    "Kf8",
    "f5",
    "Rc7",
    "Qd6",
    "Kf7",
    "Qxd5+",
    "Kg7",
    "Qd6",
    "Red7",
    "Qg6+",
    "Kh8",
    "d5",
    "c3",
    "d6"
  ],
  "statePieceCount": 11,
  "endPieceCount": 10,
  "boardState": [
    {
      "square": "d8",
      "type": "r",
      "color": "b"
    },
    {
      "square": "e8",
      "type": "k",
      "color": "b"
    },
    {
      "square": "h6",
      "type": "q",
      "color": "w"
    },
    {
      "square": "d5",
      "type": "p",
      "color": "b"
    },
    {
      "square": "c4",
      "type": "p",
      "color": "b"
    },
    {
      "square": "d4",
      "type": "p",
      "color": "w"
    },
    {
      "square": "f3",
      "type": "p",
      "color": "w"
    },
    {
      "square": "g3",
      "type": "p",
      "color": "w"
    },
    {
      "square": "g2",
      "type": "k",
      "color": "w"
    },
    {
      "square": "h2",
      "type": "p",
      "color": "w"
    },
    {
      "square": "e1",
      "type": "r",
      "color": "b"
    }
  ],
  "nextTurn": "b"
}