{
  "event": "Chess Olympiad",
  "site": "Istanbul TUR",
  "date": "2012.08.29",
  "eventDate": "2012.08.28",
  "dateMillis": 1346169600000,
  "eventDateMillis": 1346083200000,
  "round": "2.9",
  "result": "1/2-1/2",
  "white": "Ding Liren",
  "black": "Sabino Brunello",
  "isDingWin": false,
  "isDraw": true,
  "isDingBlack": false,
  "moves": [
    "Qxf4",
    "Ne4+",
    "Kf1",
    "Rc6",
    "Qb8+",
    "Kg7",
    "Qe5+",
    "Nf6",
    "g5"
  ],
  "statePieceCount": 11,
  "endPieceCount": 10,
  "boardState": [
    {
      "square": "c8",
      "type": "r",
      "color": "b"
    },
    {
      "square": "g8",
      "type": "k",
      "color": "b"
    },
    {
      "square": "f7",
      "type": "p",
      "color": "b"
    },
    {
      "square": "f6",
      "type": "n",
      "color": "b"
    },
    {
      "square": "h6",
      "type": "p",
      "color": "b"
    },
    {
      "square": "d5",
      "type": "p",
      "color": "b"
    },
    {
      "square": "b4",
      "type": "q",
      "color": "w"
    },
    {
      "square": "f4",
      "type": "p",
      "color": "b"
    },
    {
      "square": "g4",
      "type": "p",
      "color": "w"
    },
    {
      "square": "h3",
      "type": "p",
      "color": "w"
    },
    {
      "square": "f2",
      "type": "k",
      "color": "w"
    }
  ],
  "nextTurn": "w"
}