{
  "event": "SPICE Cup",
  "site": "St Louis USA",
  "date": "2012.10.17",
  "eventDate": "2012.10.12",
  "dateMillis": 1350403200000,
  "eventDateMillis": 1349971200000,
  "round": "6",
  "result": "1/2-1/2",
  "white": "Wesley So",
  "black": "Ding Liren",
  "isDingWin": false,
  "isDraw": true,
  "isDingBlack": true,
  "moves": [
    "Bxc6",
    "g5",
    "Ke3",
    "Kf7",
    "Kd4",
    "Ke7",
    "Be4",
    "Kf7",
    "Kc5",
    "Ke7",
    "Kc6",
    "Na6",
    "Kb5",
    "Nc7+",
    "Kc5",
    "Na6+",
    "Kd4",
    "Nb8",
    "Bxh7",
    "Nc6+",
    "Ke4",
    "Kf7",
    "Kf3",
    "Nxe5+",
    "Kg3",
    "Kf6",
    "h4",
    "gxh4+",
    "Kxh4",
    "Nxg4",
    "Kxg4"
  ],
  "statePieceCount": 11,
  "endPieceCount": 4,
  "boardState": [
    {
      "square": "g8",
      "type": "k",
      "color": "b"
    },
    {
      "square": "c7",
      "type": "n",
      "color": "b"
    },
    {
      "square": "d7",
      "type": "b",
      "color": "w"
    },
    {
      "square": "h7",
      "type": "p",
      "color": "b"
    },
    {
      "square": "c6",
      "type": "r",
      "color": "b"
    },
    {
      "square": "e6",
      "type": "p",
      "color": "b"
    },
    {
      "square": "g6",
      "type": "p",
      "color": "b"
    },
    {
      "square": "e5",
      "type": "p",
      "color": "w"
    },
    {
      "square": "g4",
      "type": "p",
      "color": "w"
    },
    {
      "square": "h3",
      "type": "p",
      "color": "w"
    },
    {
      "square": "f2",
      "type": "k",
      "color": "w"
    }
  ]
}