{
  "event": "Reykjavik Open",
  "site": "Reykjavik ISL",
  "date": "2013.02.20",
  "eventDate": "2013.02.19",
  "dateMillis": 1361289600000,
  "eventDateMillis": 1361203200000,
  "round": "3",
  "result": "1-0",
  "white": "Ding Liren",
  "black": "Gulnar Mammadova",
  "isDingWin": true,
  "isDraw": false,
  "isDingBlack": false,
  "moves": [
    "gxh6",
    "Qf3+"
  ],
  "statePieceCount": 11,
  "endPieceCount": 10,
  "boardState": [
    {
      "square": "a7",
      "type": "r",
      "color": "b"
    },
    {
      "square": "g7",
      "type": "p",
      "color": "b"
    },
    {
      "square": "a6",
      "type": "p",
      "color": "w"
    },
    {
      "square": "c6",
      "type": "p",
      "color": "b"
    },
    {
      "square": "h6",
      "type": "r",
      "color": "w"
    },
    {
      "square": "b5",
      "type": "r",
      "color": "b"
    },
    {
      "square": "c5",
      "type": "n",
      "color": "w"
    },
    {
      "square": "h5",
      "type": "k",
      "color": "b"
    },
    {
      "square": "f4",
      "type": "q",
      "color": "w"
    },
    {
      "square": "a3",
      "type": "k",
      "color": "w"
    },
    {
      "square": "a2",
      "type": "p",
      "color": "w"
    }
  ],
  "nextTurn": "b"
}