{
  "event": "Reykjavik Open",
  "site": "Reykjavik ISL",
  "date": "2013.02.21",
  "eventDate": "2013.02.19",
  "dateMillis": 1361376000000,
  "eventDateMillis": 1361203200000,
  "round": "4",
  "result": "1/2-1/2",
  "white": "Wei Yi",
  "black": "Ding Liren",
  "isDingWin": false,
  "isDraw": true,
  "isDingBlack": true,
  "moves": [
    "hxg5",
    "Re2",
    "Ra3+",
    "Kg2",
    "Kg7",
    "Re1",
    "Kf8",
    "Re2",
    "Ke7",
    "Re1",
    "Ra7",
    "Kg3",
    "Kd7",
    "Re3",
    "Ke7"
  ],
  "statePieceCount": 11,
  "endPieceCount": 10,
  "boardState": [
    {
      "square": "f7",
      "type": "p",
      "color": "b"
    },
    {
      "square": "e6",
      "type": "p",
      "color": "b"
    },
    {
      "square": "g6",
      "type": "k",
      "color": "b"
    },
    {
      "square": "h6",
      "type": "p",
      "color": "b"
    },
    {
      "square": "e5",
      "type": "p",
      "color": "w"
    },
    {
      "square": "g5",
      "type": "p",
      "color": "w"
    },
    {
      "square": "g4",
      "type": "p",
      "color": "w"
    },
    {
      "square": "f3",
      "type": "k",
      "color": "w"
    },
    {
      "square": "h3",
      "type": "p",
      "color": "w"
    },
    {
      "square": "f2",
      "type": "r",
      "color": "w"
    },
    {
      "square": "a1",
      "type": "r",
      "color": "b"
    }
  ],
  "nextTurn": "b"
}