{
  "event": "Hainan Danzhou GM",
  "site": "Danzhou CHN",
  "date": "2013.05.25",
  "eventDate": "2013.05.20",
  "dateMillis": 1369411200000,
  "eventDateMillis": 1368979200000,
  "round": "6.1",
  "result": "1/2-1/2",
  "white": "Zhou Weiqi",
  "black": "Ding Liren",
  "isDingWin": false,
  "isDraw": true,
  "isDingBlack": true,
  "moves": [
    "Kxf5",
    "Bb8",
    "a6",
    "f3",
    "Bf6",
    "b3",
    "b5",
    "a4",
    "g5",
    "axb5",
    "axb5",
    "Bd6",
    "Bg7",
    "Bb8",
    "Bf6",
    "Bd6",
    "Bg7",
    "Bb8",
    "Bf6"
  ],
  "statePieceCount": 11,
  "endPieceCount": 8,
  "boardState": [
    {
      "square": "d8",
      "type": "b",
      "color": "b"
    },
    {
      "square": "a7",
      "type": "p",
      "color": "b"
    },
    {
      "square": "b7",
      "type": "p",
      "color": "b"
    },
    {
      "square": "g7",
      "type": "p",
      "color": "b"
    },
    {
      "square": "g6",
      "type": "k",
      "color": "b"
    },
    {
      "square": "f5",
      "type": "p",
      "color": "w"
    },
    {
      "square": "f4",
      "type": "b",
      "color": "w"
    },
    {
      "square": "d3",
      "type": "k",
      "color": "w"
    },
    {
      "square": "a2",
      "type": "p",
      "color": "w"
    },
    {
      "square": "b2",
      "type": "p",
      "color": "w"
    },
    {
      "square": "f2",
      "type": "p",
      "color": "w"
    }
  ],
  "nextTurn": "b"
}