{
  "event": "Biel",
  "site": "Biel SUI",
  "date": "2013.07.31",
  "eventDate": "2012.07.22",
  "dateMillis": 1375200000000,
  "eventDateMillis": 1342886400000,
  "round": "9.2",
  "result": "1/2-1/2",
  "white": "Ding Liren",
  "black": "Ian Nepomniachtchi",
  "isDingWin": false,
  "isDraw": true,
  "isDingBlack": false,
  "moves": [
    "Qc7",
    "Kg2",
    "Qe5",
    "Rd7",
    "Rxd7",
    "Qxd7+",
    "Kh6",
    "Qd2+",
    "f4",
    "Qd3",
    "g5",
    "Qe4",
    "Qc5",
    "Kf1",
    "Qc1+",
    "Kf2",
    "Qc5+",
    "e3",
    "fxe3+",
    "Qxe3",
    "Qc2+",
    "Kg3",
    "Qc7+",
    "Kh3",
    "Qc6",
    "Qe4",
    "Qc1"
  ],
  "statePieceCount": 11,
  "endPieceCount": 7,
  "boardState": [
    {
      "square": "e7",
      "type": "r",
      "color": "b"
    },
    {
      "square": "h7",
      "type": "k",
      "color": "b"
    },
    {
      "square": "c6",
      "type": "q",
      "color": "b"
    },
    {
      "square": "g6",
      "type": "p",
      "color": "b"
    },
    {
      "square": "f5",
      "type": "p",
      "color": "b"
    },
    {
      "square": "d4",
      "type": "r",
      "color": "w"
    },
    {
      "square": "g4",
      "type": "p",
      "color": "w"
    },
    {
      "square": "d3",
      "type": "q",
      "color": "w"
    },
    {
      "square": "f3",
      "type": "p",
      "color": "w"
    },
    {
      "square": "e2",
      "type": "p",
      "color": "w"
    },
    {
      "square": "f2",
      "type": "k",
      "color": "w"
    }
  ],
  "nextTurn": "b"
}