{
  "event": "FIDE World Team Championship",
  "site": "Antalya TUR",
  "date": "2013.11.30",
  "eventDate": "2013.11.26",
  "dateMillis": 1385740800000,
  "eventDateMillis": 1385395200000,
  "round": "5",
  "result": "1-0",
  "white": "Ding Liren",
  "black": "Gata Kamsky",
  "isDingWin": true,
  "isDraw": false,
  "isDingBlack": false,
  "moves": [
    "Rf3",
    "Kg2",
    "Rb3",
    "Rb7",
    "Kg6",
    "Rb6+",
    "Kf7",
    "Ng4",
    "Ne6",
    "Ne5+",
    "Ke7",
    "Rxa6",
    "Ng5",
    "Rb6",
    "Rb2+",
    "Kg1",
    "Rb1+",
    "Kf2",
    "Nxe4+",
    "Kf3",
    "Nf6",
    "a6",
    "Rb3+",
    "Kg2",
    "Nd5",
    "Rb7+",
    "Ke6",
    "a7",
    "Ra3",
    "Nc6",
    "Ra6",
    "Rb8",
    "Nc7",
    "b5",
    "Ra2+",
    "Kh3",
    "Kd6",
    "b6"
  ],
  "statePieceCount": 11,
  "endPieceCount": 9,
  "boardState": [
    {
      "square": "e7",
      "type": "r",
      "color": "w"
    },
    {
      "square": "g7",
      "type": "n",
      "color": "b"
    },
    {
      "square": "h7",
      "type": "k",
      "color": "b"
    },
    {
      "square": "a6",
      "type": "p",
      "color": "b"
    },
    {
      "square": "f6",
      "type": "r",
      "color": "b"
    },
    {
      "square": "a5",
      "type": "p",
      "color": "w"
    },
    {
      "square": "b4",
      "type": "p",
      "color": "w"
    },
    {
      "square": "e4",
      "type": "p",
      "color": "w"
    },
    {
      "square": "g3",
      "type": "p",
      "color": "w"
    },
    {
      "square": "f2",
      "type": "n",
      "color": "w"
    },
    {
      "square": "g1",
      "type": "k",
      "color": "w"
    }
  ]
}