{
  "event": "Petrosian Memorial",
  "site": "Moscow RUS",
  "date": "2014.11.06",
  "eventDate": "2014.11.03",
  "dateMillis": 1415203200000,
  "eventDateMillis": 1414944000000,
  "round": "3",
  "result": "1/2-1/2",
  "white": "Levon Aronian",
  "black": "Ding Liren",
  "isDingWin": false,
  "isDraw": true,
  "isDingBlack": true,
  "moves": [
    "Rb1",
    "Rb7",
    "b3",
    "Rb4",
    "Ke7",
    "Kc3",
    "Re1",
    "Re4",
    "Rb1",
    "Kb4",
    "Kd7",
    "Rd4+",
    "Ke7",
    "Ka3",
    "Re1",
    "Re4",
    "Rb1",
    "Rb4",
    "Kd7",
    "Rxb3",
    "Rh1",
    "Kb4",
    "Kc6",
    "Rc3+",
    "Kd5",
    "Rc5+",
    "Ke4",
    "Kb5",
    "Kf5",
    "Rc4",
    "Rh3",
    "e4+",
    "Kxe5",
    "Kc6",
    "Rxh4",
    "Rc5+",
    "Kd4",
    "Kd6",
    "Rxe4",
    "Ra5",
    "Re1",
    "Ra4+",
    "Kd3",
    "Ra5",
    "Kd4",
    "Ra4+",
    "Kd3",
    "Ra5"
  ],
  "statePieceCount": 11,
  "endPieceCount": 7,
  "boardState": [
    {
      "square": "f8",
      "type": "k",
      "color": "b"
    },
    {
      "square": "h7",
      "type": "r",
      "color": "w"
    },
    {
      "square": "e6",
      "type": "p",
      "color": "b"
    },
    {
      "square": "g6",
      "type": "p",
      "color": "b"
    },
    {
      "square": "e5",
      "type": "p",
      "color": "w"
    },
    {
      "square": "g5",
      "type": "p",
      "color": "w"
    },
    {
      "square": "b4",
      "type": "p",
      "color": "b"
    },
    {
      "square": "d4",
      "type": "k",
      "color": "w"
    },
    {
      "square": "h4",
      "type": "p",
      "color": "w"
    },
    {
      "square": "b3",
      "type": "r",
      "color": "b"
    },
    {
      "square": "e3",
      "type": "p",
      "color": "w"
    }
  ]
}