{
  "event": "Petrosian Memorial",
  "site": "Moscow RUS",
  "date": "2014.11.10",
  "eventDate": "2014.11.03",
  "dateMillis": 1415548800000,
  "eventDateMillis": 1414944000000,
  "round": "6",
  "result": "1/2-1/2",
  "white": "Ding Liren",
  "black": "Boris Gelfand",
  "isDingWin": false,
  "isDraw": true,
  "isDingBlack": false,
  "moves": [
    "h5",
    "Kf2",
    "Ra2+",
    "Ke3",
    "Ra3+",
    "Ke4",
    "Ra4+",
    "Kd5",
    "Ra3",
    "a6",
    "hxg4",
    "fxg4",
    "Rxh3",
    "Rc7",
    "Ra3",
    "a7",
    "f5",
    "Rc6+"
  ],
  "statePieceCount": 11,
  "endPieceCount": 8,
  "boardState": [
    {
      "square": "a7",
      "type": "r",
      "color": "w"
    },
    {
      "square": "h7",
      "type": "p",
      "color": "b"
    },
    {
      "square": "f6",
      "type": "p",
      "color": "b"
    },
    {
      "square": "g6",
      "type": "k",
      "color": "b"
    },
    {
      "square": "a5",
      "type": "p",
      "color": "w"
    },
    {
      "square": "g5",
      "type": "p",
      "color": "b"
    },
    {
      "square": "g4",
      "type": "p",
      "color": "w"
    },
    {
      "square": "a3",
      "type": "r",
      "color": "b"
    },
    {
      "square": "f3",
      "type": "p",
      "color": "w"
    },
    {
      "square": "g3",
      "type": "k",
      "color": "w"
    },
    {
      "square": "h3",
      "type": "p",
      "color": "w"
    }
  ],
  "nextTurn": "b"
}