{
  "event": "Tata Steel Masters",
  "site": "Wijk aan Zee NED",
  "date": "2015.01.20",
  "eventDate": "2015.01.09",
  "dateMillis": 1421683200000,
  "eventDateMillis": 1420732800000,
  "round": "9",
  "result": "1-0",
  "white": "Anish Giri",
  "black": "Ding Liren",
  "isDingWin": false,
  "isDraw": false,
  "isDingBlack": true,
  "moves": [
    "Bd7",
    "Kxh5",
    "Kf5",
    "Kh6",
    "Bc6",
    "Kg7",
    "Ng5",
    "Rh4",
    "Ke6",
    "Kg6",
    "Nf3",
    "Rf4",
    "Nd2",
    "Kg5",
    "Ke7",
    "Rf5",
    "Ne4+",
    "Kf4",
    "Nf6",
    "Ke5",
    "Nd7+",
    "Kd4",
    "Kd8"
  ],
  "statePieceCount": 11,
  "endPieceCount": 10,
  "boardState": [
    {
      "square": "c7",
      "type": "p",
      "color": "b"
    },
    {
      "square": "b6",
      "type": "p",
      "color": "b"
    },
    {
      "square": "d6",
      "type": "p",
      "color": "b"
    },
    {
      "square": "h6",
      "type": "k",
      "color": "b"
    },
    {
      "square": "b5",
      "type": "p",
      "color": "w"
    },
    {
      "square": "d5",
      "type": "p",
      "color": "w"
    },
    {
      "square": "h5",
      "type": "p",
      "color": "w"
    },
    {
      "square": "c4",
      "type": "r",
      "color": "b"
    },
    {
      "square": "e4",
      "type": "n",
      "color": "w"
    },
    {
      "square": "f4",
      "type": "k",
      "color": "w"
    },
    {
      "square": "g4",
      "type": "b",
      "color": "w"
    }
  ],
  "nextTurn": "w"
}