{
  "event": "India-China Summit Match",
  "site": "Hyderabad IND",
  "date": "2015.03.03",
  "eventDate": "2015.03.02",
  "dateMillis": 1425312000000,
  "eventDateMillis": 1425225600000,
  "round": "2.1",
  "result": "1/2-1/2",
  "white": "Baskaran Adhiban",
  "black": "Ding Liren",
  "isDingWin": false,
  "isDraw": true,
  "isDingBlack": true,
  "moves": [
    "f7",
    "Rxf7",
    "Rxh3",
    "Re7+",
    "Kd2",
    "Re2+",
    "Kc1",
    "Rc2+",
    "Kb1",
    "Rg2",
    "Kc1",
    "d2+",
    "Kc2",
    "d1=Q+",
    "Kxd1",
    "Rxb2",
    "f4",
    "Rb3",
    "Rh2",
    "Ra3",
    "Kc1",
    "g4",
    "Rxh4",
    "g3",
    "Rg4",
    "Kd4",
    "f5+",
    "Ke5",
    "Kd2",
    "Kxf5",
    "Rg8",
    "Kf4",
    "Ke2",
    "Ra1",
    "Rg7",
    "Rh1",
    "Rg8",
    "Rg1",
    "Rg7",
    "Ra1"
  ],
  "statePieceCount": 11,
  "endPieceCount": 5,
  "boardState": [
    {
      "square": "b7",
      "type": "r",
      "color": "b"
    },
    {
      "square": "f6",
      "type": "p",
      "color": "w"
    },
    {
      "square": "g5",
      "type": "p",
      "color": "b"
    },
    {
      "square": "c4",
      "type": "k",
      "color": "b"
    },
    {
      "square": "h4",
      "type": "p",
      "color": "b"
    },
    {
      "square": "d3",
      "type": "p",
      "color": "b"
    },
    {
      "square": "e3",
      "type": "k",
      "color": "w"
    },
    {
      "square": "f3",
      "type": "p",
      "color": "w"
    },
    {
      "square": "h3",
      "type": "b",
      "color": "b"
    },
    {
      "square": "b2",
      "type": "b",
      "color": "w"
    },
    {
      "square": "h2",
      "type": "r",
      "color": "w"
    }
  ],
  "nextTurn": "w"
}