{
  "event": "FIDE World Team Championship",
  "site": "Tsaghkadzor ARM",
  "date": "2015.04.19",
  "eventDate": "2015.04.19",
  "dateMillis": 1429372800000,
  "eventDateMillis": 1429372800000,
  "round": "1.2",
  "result": "1-0",
  "white": "Ding Liren",
  "black": "Samuel Shankland",
  "isDingWin": true,
  "isDraw": false,
  "isDingBlack": false,
  "moves": [
    "Ka5",
    "Qf5",
    "Qc7",
    "Qxh5",
    "Qxc6+",
    "Ke7",
    "Qd6+",
    "Kf6",
    "c6"
  ],
  "statePieceCount": 11,
  "endPieceCount": 9,
  "boardState": [
    {
      "square": "e8",
      "type": "k",
      "color": "b"
    },
    {
      "square": "c6",
      "type": "p",
      "color": "b"
    },
    {
      "square": "e6",
      "type": "p",
      "color": "b"
    },
    {
      "square": "h6",
      "type": "p",
      "color": "b"
    },
    {
      "square": "c5",
      "type": "p",
      "color": "w"
    },
    {
      "square": "d5",
      "type": "p",
      "color": "b"
    },
    {
      "square": "e5",
      "type": "q",
      "color": "w"
    },
    {
      "square": "h5",
      "type": "p",
      "color": "w"
    },
    {
      "square": "b4",
      "type": "k",
      "color": "w"
    },
    {
      "square": "d4",
      "type": "p",
      "color": "w"
    },
    {
      "square": "g4",
      "type": "q",
      "color": "b"
    }
  ],
  "nextTurn": "w"
}