{
  "event": "Hainan Danzhou GM",
  "site": "Danzhou CHN",
  "date": "2015.07.09",
  "eventDate": "2015.07.02",
  "dateMillis": 1436371200000,
  "eventDateMillis": 1435766400000,
  "round": "7",
  "result": "1/2-1/2",
  "white": "Krishnan Sasikiran",
  "black": "Ding Liren",
  "isDingWin": false,
  "isDraw": true,
  "isDingBlack": true,
  "moves": [
    "Kg6",
    "Re5",
    "Rd3",
    "Re6",
    "Rxd5",
    "Ne8",
    "Kf7",
    "Rxf6+",
    "Kxe8",
    "Ra6",
    "Rd1+",
    "Kf2",
    "Rd2+",
    "Ke3",
    "Rxb2",
    "Rxa7",
    "Kd8"
  ],
  "statePieceCount": 11,
  "endPieceCount": 6,
  "boardState": [
    {
      "square": "a7",
      "type": "p",
      "color": "b"
    },
    {
      "square": "h7",
      "type": "k",
      "color": "b"
    },
    {
      "square": "d6",
      "type": "n",
      "color": "w"
    },
    {
      "square": "f6",
      "type": "n",
      "color": "b"
    },
    {
      "square": "c5",
      "type": "p",
      "color": "b"
    },
    {
      "square": "d5",
      "type": "p",
      "color": "w"
    },
    {
      "square": "f5",
      "type": "r",
      "color": "w"
    },
    {
      "square": "h3",
      "type": "r",
      "color": "b"
    },
    {
      "square": "a2",
      "type": "p",
      "color": "w"
    },
    {
      "square": "b2",
      "type": "p",
      "color": "w"
    },
    {
      "square": "g1",
      "type": "k",
      "color": "w"
    }
  ],
  "nextTurn": "b"
}