{
  "event": "China - Russia Challenge",
  "site": "Heixiazi CHN",
  "date": "2015.07.30",
  "eventDate": "2015.07.29",
  "dateMillis": 1438185600000,
  "eventDateMillis": 1438099200000,
  "round": "2.4",
  "result": "1/2-1/2",
  "white": "Ding Liren",
  "black": "Sergey Karjakin",
  "isDingWin": false,
  "isDraw": true,
  "isDingBlack": false,
  "moves": [
    "Kf7",
    "Kg3",
    "Ke6",
    "Rc6+",
    "Kf7",
    "Kf4",
    "Rg1",
    "Rc7+",
    "Ke6",
    "Rc6+",
    "Kd5",
    "Rc5+",
    "Ke6",
    "f3",
    "exf3",
    "Kxf3",
    "Rxg5",
    "Rc1",
    "Rg4",
    "Rb1",
    "Kd6",
    "b5",
    "Kc7",
    "b6+",
    "Kb7",
    "Rb5",
    "Re4",
    "Rb2",
    "Re6",
    "Kf4",
    "Re4+",
    "Kg5",
    "Rxe3",
    "Kxg6",
    "Re6+",
    "Kxf5",
    "Rxb6",
    "Rxb6+",
    "Kxb6"
  ],
  "statePieceCount": 11,
  "endPieceCount": 2,
  "boardState": [
    {
      "square": "g7",
      "type": "k",
      "color": "b"
    },
    {
      "square": "g6",
      "type": "p",
      "color": "b"
    },
    {
      "square": "f5",
      "type": "p",
      "color": "b"
    },
    {
      "square": "g5",
      "type": "p",
      "color": "w"
    },
    {
      "square": "b4",
      "type": "p",
      "color": "w"
    },
    {
      "square": "c4",
      "type": "r",
      "color": "w"
    },
    {
      "square": "e4",
      "type": "p",
      "color": "b"
    },
    {
      "square": "e3",
      "type": "p",
      "color": "w"
    },
    {
      "square": "f2",
      "type": "p",
      "color": "w"
    },
    {
      "square": "g2",
      "type": "k",
      "color": "w"
    },
    {
      "square": "b1",
      "type": "r",
      "color": "b"
    }
  ],
  "nextTurn": "b"
}