{
  "event": "Chinese Team Championship",
  "site": "China CHN",
  "date": "2015.08.20",
  "eventDate": "2015.04.10",
  "dateMillis": 1440000000000,
  "eventDateMillis": 1428595200000,
  "round": "12.1",
  "result": "0-1",
  "white": "Ngoc Truongson Nguyen",
  "black": "Ding Liren",
  "isDingWin": true,
  "isDraw": false,
  "isDingBlack": true,
  "moves": [
    "Nf4",
    "Rxb6+",
    "Kg5",
    "Bf1",
    "Ra3",
    "Bc4",
    "Rc3",
    "Bf1",
    "Kh4",
    "Rb5",
    "Ra3",
    "Bc4",
    "Kg3",
    "Bb3",
    "Nxg2",
    "Kf1",
    "Nf4",
    "Rc5",
    "a4",
    "Ra5",
    "Kh2",
    "Bc2",
    "g3",
    "Be4",
    "Rxa2"
  ],
  "statePieceCount": 11,
  "endPieceCount": 8,
  "boardState": [
    {
      "square": "b7",
      "type": "r",
      "color": "w"
    },
    {
      "square": "b6",
      "type": "p",
      "color": "b"
    },
    {
      "square": "g6",
      "type": "n",
      "color": "b"
    },
    {
      "square": "h6",
      "type": "k",
      "color": "b"
    },
    {
      "square": "a5",
      "type": "p",
      "color": "b"
    },
    {
      "square": "b5",
      "type": "b",
      "color": "w"
    },
    {
      "square": "g4",
      "type": "p",
      "color": "b"
    },
    {
      "square": "g3",
      "type": "r",
      "color": "b"
    },
    {
      "square": "a2",
      "type": "p",
      "color": "w"
    },
    {
      "square": "g2",
      "type": "p",
      "color": "w"
    },
    {
      "square": "g1",
      "type": "k",
      "color": "w"
    }
  ],
  "nextTurn": "b"
}