{
  "event": "Chinese Team Championship",
  "site": "China CHN",
  "date": "2015.07.27",
  "eventDate": "2015.04.10",
  "dateMillis": 1437926400000,
  "eventDateMillis": 1428595200000,
  "round": "11.6",
  "result": "0-1",
  "white": "Wei Yi",
  "black": "Ding Liren",
  "isDingWin": true,
  "isDraw": false,
  "isDingBlack": true,
  "moves": [
    "Nxe3",
    "Rf2",
    "g5",
    "Re2",
    "f4",
    "Kc3",
    "g4",
    "Kd3",
    "Kg6",
    "Re1",
    "Kf5",
    "Ra1",
    "g3",
    "Ke2",
    "Ng4",
    "Rxa5",
    "Nh2",
    "Ra8",
    "f3+",
    "Ke3",
    "f2",
    "Rf8+",
    "Ke5",
    "Ke2",
    "Kd4",
    "Rf5",
    "Kc4"
  ],
  "statePieceCount": 11,
  "endPieceCount": 9,
  "boardState": [
    {
      "square": "g7",
      "type": "k",
      "color": "b"
    },
    {
      "square": "c6",
      "type": "p",
      "color": "b"
    },
    {
      "square": "g6",
      "type": "p",
      "color": "b"
    },
    {
      "square": "a5",
      "type": "p",
      "color": "b"
    },
    {
      "square": "c5",
      "type": "p",
      "color": "w"
    },
    {
      "square": "f5",
      "type": "p",
      "color": "b"
    },
    {
      "square": "c4",
      "type": "n",
      "color": "b"
    },
    {
      "square": "b3",
      "type": "k",
      "color": "w"
    },
    {
      "square": "e3",
      "type": "p",
      "color": "w"
    },
    {
      "square": "b2",
      "type": "p",
      "color": "w"
    },
    {
      "square": "g2",
      "type": "r",
      "color": "w"
    }
  ],
  "nextTurn": "b"
}