{
  "event": "Tata Steel Masters",
  "site": "Wijk aan Zee NED",
  "date": "2016.01.23",
  "eventDate": "2016.01.15",
  "dateMillis": 1453478400000,
  "eventDateMillis": 1452787200000,
  "round": "7",
  "result": "1-0",
  "white": "Fabiano Caruana",
  "black": "Ding Liren",
  "isDingWin": false,
  "isDraw": false,
  "isDingBlack": true,
  "moves": [
    "Rxd5",
    "Rc4",
    "Rd2",
    "Kg8",
    "f3",
    "Kf8",
    "g4",
    "Rc1",
    "Kg3",
    "Rg1+",
    "Rg2",
    "Ra1",
    "g5",
    "Kf7",
    "Kg4",
    "Ra4+",
    "f4",
    "fxg5",
    "hxg5",
    "Ra1",
    "Rb2",
    "Rg1+",
    "Kh3",
    "Rf1",
    "Rb7+",
    "Kf8",
    "Kg4",
    "Rh1",
    "f6",
    "gxf6",
    "g6",
    "Ra1",
    "Kf5",
    "Ra6",
    "Rf7+",
    "Kg8",
    "Re7",
    "Ra4",
    "Re4",
    "Ra6",
    "Re6",
    "Ra4",
    "Rxf6",
    "Ra5+",
    "Kg4",
    "Kg7",
    "Rd6",
    "Ra1",
    "Kg5",
    "Rg1+",
    "Kf5",
    "Kh6",
    "Rd8"
  ],
  "statePieceCount": 11,
  "endPieceCount": 6,
  "boardState": [
    {
      "square": "c7",
      "type": "r",
      "color": "b"
    },
    {
      "square": "g7",
      "type": "p",
      "color": "b"
    },
    {
      "square": "h7",
      "type": "k",
      "color": "b"
    },
    {
      "square": "f6",
      "type": "p",
      "color": "b"
    },
    {
      "square": "a5",
      "type": "r",
      "color": "w"
    },
    {
      "square": "d5",
      "type": "q",
      "color": "b"
    },
    {
      "square": "f5",
      "type": "p",
      "color": "w"
    },
    {
      "square": "h4",
      "type": "p",
      "color": "w"
    },
    {
      "square": "g3",
      "type": "p",
      "color": "w"
    },
    {
      "square": "f2",
      "type": "p",
      "color": "w"
    },
    {
      "square": "g2",
      "type": "k",
      "color": "w"
    }
  ],
  "nextTurn": "w"
}