{
  "event": "IMSA Elite Mind Games (Blitz)",
  "site": "Huai'an CHN",
  "date": "2016.02.28",
  "eventDate": "2016.02.28",
  "dateMillis": 1456588800000,
  "eventDateMillis": 1456588800000,
  "round": "7.2",
  "result": "0-1",
  "white": "Ding Liren",
  "black": "Gabriel Sargissian",
  "isDingWin": false,
  "isDraw": false,
  "isDingBlack": false,
  "moves": [
    "Ra7",
    "Rd6",
    "Ra1",
    "Rd5",
    "Rh1+",
    "Kg8",
    "Ra1",
    "Nf6",
    "Bxf6",
    "gxf6",
    "Ra8+",
    "Kg7",
    "Kc3",
    "f5",
    "gxf5",
    "Rxf5",
    "Ra4",
    "Rd5",
    "Ra7",
    "Kg6",
    "Rb7",
    "Rd1",
    "Rb5",
    "Rf1",
    "Rg5+",
    "Kf6",
    "Rg4",
    "Kf5",
    "Rg7",
    "f6"
  ],
  "statePieceCount": 11,
  "endPieceCount": 7,
  "boardState": [
    {
      "square": "d7",
      "type": "n",
      "color": "b"
    },
    {
      "square": "f7",
      "type": "p",
      "color": "b"
    },
    {
      "square": "g7",
      "type": "p",
      "color": "b"
    },
    {
      "square": "h7",
      "type": "k",
      "color": "b"
    },
    {
      "square": "b6",
      "type": "r",
      "color": "b"
    },
    {
      "square": "e6",
      "type": "p",
      "color": "b"
    },
    {
      "square": "a4",
      "type": "r",
      "color": "w"
    },
    {
      "square": "c4",
      "type": "k",
      "color": "w"
    },
    {
      "square": "d4",
      "type": "b",
      "color": "w"
    },
    {
      "square": "f4",
      "type": "p",
      "color": "w"
    },
    {
      "square": "g4",
      "type": "p",
      "color": "w"
    }
  ]
}