{
  "event": "IMSA Elite Mind Games (Blitz)",
  "site": "Huai'an CHN",
  "date": "2016.03.01",
  "eventDate": "2016.02.28",
  "dateMillis": 1456761600000,
  "eventDateMillis": 1456588800000,
  "round": "23.8",
  "result": "0-1",
  "white": "Ding Liren",
  "black": "David Navara",
  "isDingWin": false,
  "isDraw": false,
  "isDingBlack": false,
  "moves": [
    "e5",
    "dxe5+",
    "fxe5",
    "Rg1",
    "e6",
    "Re1",
    "Kd5",
    "g4",
    "Rb7",
    "g3",
    "Rb2",
    "Kg5",
    "Kd6",
    "Kg4",
    "e7",
    "Kh3",
    "Kd7",
    "g2"
  ],
  "statePieceCount": 11,
  "endPieceCount": 9,
  "boardState": [
    {
      "square": "e7",
      "type": "r",
      "color": "w"
    },
    {
      "square": "h7",
      "type": "p",
      "color": "b"
    },
    {
      "square": "d6",
      "type": "p",
      "color": "b"
    },
    {
      "square": "g6",
      "type": "p",
      "color": "b"
    },
    {
      "square": "h6",
      "type": "k",
      "color": "b"
    },
    {
      "square": "a5",
      "type": "p",
      "color": "b"
    },
    {
      "square": "g5",
      "type": "p",
      "color": "b"
    },
    {
      "square": "d4",
      "type": "k",
      "color": "w"
    },
    {
      "square": "e4",
      "type": "p",
      "color": "w"
    },
    {
      "square": "f4",
      "type": "p",
      "color": "w"
    },
    {
      "square": "g3",
      "type": "r",
      "color": "b"
    }
  ]
}