{
  "event": "IMSA Elite Mind Games (Blitz)",
  "site": "Huai'an CHN",
  "date": "2016.02.29",
  "eventDate": "2016.02.28",
  "dateMillis": 1456675200000,
  "eventDateMillis": 1456588800000,
  "round": "14.6",
  "result": "0-1",
  "white": "Ding Liren",
  "black": "Vassily Ivanchuk",
  "isDingWin": false,
  "isDraw": false,
  "isDingBlack": false,
  "moves": [
    "exd5",
    "Nf7",
    "d6",
    "e4",
    "d8=Q",
    "Nxd8",
    "Kxd8",
    "e3",
    "d7",
    "e2",
    "Kc8",
    "e1=Q",
    "d8=Q",
    "Qe6+",
    "Kb7",
    "Qe4+",
    "Kb6",
    "Qf5",
    "Qe8",
    "Qd3",
    "Qf7",
    "Qe4",
    "Kb5",
    "f5",
    "Qg6+",
    "Kg8",
    "Kc5",
    "Kf8",
    "Kb5",
    "Qd5+",
    "Kb4",
    "f4",
    "Qg4",
    "Qe4+",
    "Kc3",
    "Kf7",
    "Qd7+",
    "Kf6",
    "Qd8+",
    "Kf5",
    "Qf8+",
    "Kg4",
    "Qxg7+",
    "Kxh5",
    "Qf7+",
    "Kg4",
    "Qg7+",
    "Kf3",
    "Qxh6",
    "Qe3+",
    "Kc2",
    "Kg2",
    "Qg6+",
    "Kf2",
    "Qh6",
    "Qe4+",
    "Kd2",
    "Qd4+",
    "Kc2",
    "f3",
    "Qh2+",
    "Ke1",
    "Qg3+",
    "Qf2+"
  ],
  "statePieceCount": 11,
  "endPieceCount": 5,
  "boardState": [
    {
      "square": "d8",
      "type": "n",
      "color": "b"
    },
    {
      "square": "c7",
      "type": "k",
      "color": "w"
    },
    {
      "square": "d7",
      "type": "p",
      "color": "w"
    },
    {
      "square": "g7",
      "type": "p",
      "color": "b"
    },
    {
      "square": "h7",
      "type": "k",
      "color": "b"
    },
    {
      "square": "f6",
      "type": "p",
      "color": "b"
    },
    {
      "square": "h6",
      "type": "p",
      "color": "b"
    },
    {
      "square": "d5",
      "type": "q",
      "color": "b"
    },
    {
      "square": "e5",
      "type": "p",
      "color": "b"
    },
    {
      "square": "h5",
      "type": "p",
      "color": "w"
    },
    {
      "square": "e4",
      "type": "p",
      "color": "w"
    }
  ]
}