{
  "event": "Chinese Chess League",
  "site": "CHN",
  "date": "2016.06.24",
  "eventDate": "2016.04.12",
  "dateMillis": 1466697600000,
  "eventDateMillis": 1460390400000,
  "round": "6.3",
  "result": "1/2-1/2",
  "white": "Lin Chen",
  "black": "Ding Liren",
  "isDingWin": false,
  "isDraw": true,
  "isDingBlack": true,
  "moves": [
    "Nxe3",
    "Kg3",
    "Nf5+",
    "Kxf3",
    "Nxh4+",
    "Kg4",
    "Ng6",
    "e4",
    "Re7",
    "Kg5",
    "Nf8",
    "f5",
    "a4",
    "Rc8",
    "Nd7",
    "Rc7",
    "a5",
    "e3",
    "Rxe3",
    "Rxd7",
    "Kc4"
  ],
  "statePieceCount": 11,
  "endPieceCount": 6,
  "boardState": [
    {
      "square": "d7",
      "type": "r",
      "color": "w"
    },
    {
      "square": "c6",
      "type": "r",
      "color": "b"
    },
    {
      "square": "f6",
      "type": "p",
      "color": "b"
    },
    {
      "square": "d5",
      "type": "n",
      "color": "w"
    },
    {
      "square": "e5",
      "type": "p",
      "color": "b"
    },
    {
      "square": "h4",
      "type": "p",
      "color": "b"
    },
    {
      "square": "a3",
      "type": "p",
      "color": "w"
    },
    {
      "square": "b3",
      "type": "k",
      "color": "w"
    },
    {
      "square": "e3",
      "type": "b",
      "color": "b"
    },
    {
      "square": "f3",
      "type": "p",
      "color": "w"
    },
    {
      "square": "h3",
      "type": "k",
      "color": "b"
    }
  ],
  "nextTurn": "w"
}