{
  "event": "Hainan Danzhou GM",
  "site": "Danzhou CHN",
  "date": "2016.07.15",
  "eventDate": "2016.07.06",
  "dateMillis": 1468512000000,
  "eventDateMillis": 1467734400000,
  "round": "7",
  "result": "1-0",
  "white": "Ding Liren",
  "black": "Yu Yangyi",
  "isDingWin": true,
  "isDraw": false,
  "isDingBlack": false,
  "moves": [
    "Rxb4+",
    "Kc7",
    "Kg5",
    "Rh8",
    "g4",
    "Rg8+",
    "Kf4",
    "Rd8",
    "Ra4",
    "Kb6",
    "Ra1",
    "a5",
    "Rh1",
    "Kc5",
    "Rh7",
    "Rd7",
    "g5",
    "Kd6",
    "Rh3",
    "e5+",
    "Kf5",
    "e4",
    "Kxe4",
    "Ke6",
    "Rh8",
    "Rb7",
    "Re8+",
    "Kd6",
    "Kf5",
    "Rb5+",
    "Kg4",
    "Rb4+",
    "Kh5",
    "Rxb3",
    "Re7",
    "Rh3+",
    "Kg4",
    "Rh7",
    "Ra7",
    "Ke6",
    "Ra6+",
    "Kd7",
    "g6"
  ],
  "statePieceCount": 11,
  "endPieceCount": 8,
  "boardState": [
    {
      "square": "b8",
      "type": "k",
      "color": "b"
    },
    {
      "square": "a7",
      "type": "p",
      "color": "b"
    },
    {
      "square": "f7",
      "type": "p",
      "color": "b"
    },
    {
      "square": "e6",
      "type": "p",
      "color": "b"
    },
    {
      "square": "f6",
      "type": "p",
      "color": "w"
    },
    {
      "square": "b4",
      "type": "p",
      "color": "b"
    },
    {
      "square": "d4",
      "type": "r",
      "color": "w"
    },
    {
      "square": "f4",
      "type": "k",
      "color": "w"
    },
    {
      "square": "b3",
      "type": "p",
      "color": "w"
    },
    {
      "square": "g3",
      "type": "p",
      "color": "w"
    },
    {
      "square": "h2",
      "type": "r",
      "color": "b"
    }
  ],
  "nextTurn": "w"
}