{
  "event": "Chess Olympiad",
  "site": "Baku AZE",
  "date": "2016.09.10",
  "eventDate": "2016.09.02",
  "dateMillis": 1473436800000,
  "eventDateMillis": 1472745600000,
  "round": "8.10",
  "result": "1/2-1/2",
  "white": "Ding Liren",
  "black": "Richard Rapport",
  "isDingWin": false,
  "isDraw": true,
  "isDingBlack": false,
  "moves": [
    "Kxe7",
    "Kd5",
    "Nf6+",
    "Kc6",
    "Ne4",
    "Kd5",
    "f3",
    "Kc6",
    "Kf6",
    "Kd5",
    "Ke7",
    "Kc6",
    "Kf6",
    "Kd5",
    "Kf7",
    "Kc6",
    "Ke7",
    "Ne2",
    "Ke6",
    "Ng1",
    "Nd2",
    "Ne2",
    "Ne4",
    "Ng1",
    "Nd2"
  ],
  "statePieceCount": 11,
  "endPieceCount": 10,
  "boardState": [
    {
      "square": "d8",
      "type": "k",
      "color": "w"
    },
    {
      "square": "e7",
      "type": "n",
      "color": "b"
    },
    {
      "square": "c6",
      "type": "k",
      "color": "b"
    },
    {
      "square": "b5",
      "type": "p",
      "color": "b"
    },
    {
      "square": "e5",
      "type": "p",
      "color": "b"
    },
    {
      "square": "b4",
      "type": "p",
      "color": "w"
    },
    {
      "square": "c4",
      "type": "p",
      "color": "b"
    },
    {
      "square": "e4",
      "type": "n",
      "color": "w"
    },
    {
      "square": "f4",
      "type": "n",
      "color": "b"
    },
    {
      "square": "c3",
      "type": "p",
      "color": "w"
    },
    {
      "square": "f2",
      "type": "p",
      "color": "w"
    }
  ]
}