{
  "event": "FIDE Grand Prix Moscow",
  "site": "Moscow RUS",
  "date": "2017.05.18",
  "eventDate": "2017.05.12",
  "dateMillis": 1495036800000,
  "eventDateMillis": 1494518400000,
  "round": "6.1",
  "result": "1/2-1/2",
  "white": "Ding Liren",
  "black": "Maxime Vachier-Lagrave",
  "isDingWin": false,
  "isDraw": true,
  "isDingBlack": false,
  "moves": [
    "Kh6",
    "Kxh2",
    "Kxh5",
    "Rxc7",
    "Kg4",
    "Kg2",
    "Rd3",
    "f3+",
    "Kh5",
    "a4",
    "Rd4",
    "Rc5+",
    "Kh4",
    "Kf2",
    "Rxa4",
    "Ke3",
    "a5",
    "Rg5",
    "Ra3+",
    "Ke4",
    "Ra4+",
    "Ke5",
    "Rb4",
    "Rg4+",
    "Kh5",
    "f5",
    "Rb5+",
    "Ke6",
    "Rb6+",
    "Ke7",
    "Rb7+",
    "Ke6",
    "Rb6+",
    "Kf7",
    "Rb7+",
    "Kg8",
    "Rb8+",
    "Kg7",
    "Rb7+"
  ],
  "statePieceCount": 11,
  "endPieceCount": 7,
  "boardState": [
    {
      "square": "b7",
      "type": "r",
      "color": "w"
    },
    {
      "square": "c7",
      "type": "p",
      "color": "b"
    },
    {
      "square": "g7",
      "type": "k",
      "color": "b"
    },
    {
      "square": "a6",
      "type": "p",
      "color": "b"
    },
    {
      "square": "h5",
      "type": "b",
      "color": "w"
    },
    {
      "square": "f4",
      "type": "p",
      "color": "w"
    },
    {
      "square": "a3",
      "type": "p",
      "color": "w"
    },
    {
      "square": "d2",
      "type": "r",
      "color": "b"
    },
    {
      "square": "f2",
      "type": "p",
      "color": "w"
    },
    {
      "square": "h2",
      "type": "n",
      "color": "b"
    },
    {
      "square": "g1",
      "type": "k",
      "color": "w"
    }
  ],
  "nextTurn": "b"
}