{
  "event": "Hainan Danzhou GM",
  "site": "Danzhou CHN",
  "date": "2017.07.11",
  "eventDate": "2017.07.09",
  "dateMillis": 1499702400000,
  "eventDateMillis": 1499529600000,
  "round": "3",
  "result": "0-1",
  "white": "Lu Shanglei",
  "black": "Ding Liren",
  "isDingWin": true,
  "isDraw": false,
  "isDingBlack": true,
  "moves": [
    "Qxg3",
    "g5+",
    "Kg4",
    "h5+"
  ],
  "statePieceCount": 11,
  "endPieceCount": 10,
  "boardState": [
    {
      "square": "h8",
      "type": "k",
      "color": "b"
    },
    {
      "square": "g7",
      "type": "p",
      "color": "b"
    },
    {
      "square": "h6",
      "type": "p",
      "color": "b"
    },
    {
      "square": "e5",
      "type": "q",
      "color": "w"
    },
    {
      "square": "b4",
      "type": "r",
      "color": "w"
    },
    {
      "square": "h4",
      "type": "k",
      "color": "w"
    },
    {
      "square": "a3",
      "type": "p",
      "color": "b"
    },
    {
      "square": "c3",
      "type": "p",
      "color": "w"
    },
    {
      "square": "g3",
      "type": "r",
      "color": "b"
    },
    {
      "square": "h3",
      "type": "p",
      "color": "w"
    },
    {
      "square": "f2",
      "type": "q",
      "color": "b"
    }
  ],
  "nextTurn": "w"
}