{
  "event": "Hainan Danzhou GM",
  "site": "Danzhou CHN",
  "date": "2017.07.13",
  "eventDate": "2017.07.09",
  "dateMillis": 1499875200000,
  "eventDateMillis": 1499529600000,
  "round": "5.5",
  "result": "0-1",
  "white": "Ruslan Ponomariov",
  "black": "Ding Liren",
  "isDingWin": true,
  "isDraw": false,
  "isDingBlack": true,
  "moves": [
    "Rd4",
    "Rf3",
    "Kg7",
    "Rc3",
    "Kf6",
    "Rf3+",
    "Ke6",
    "Re3+",
    "Kd7",
    "Rc3",
    "Rc8",
    "Re3",
    "Rh8+",
    "Kg2",
    "Rd2+",
    "Kf3",
    "Rf8+",
    "Kg4",
    "Rxb2",
    "Re7+",
    "Kc6",
    "Rc7+",
    "Kb6",
    "d7",
    "Rg8+",
    "Kf5",
    "Rf2+",
    "Ke4",
    "Rg4+"
  ],
  "statePieceCount": 11,
  "endPieceCount": 10,
  "boardState": [
    {
      "square": "e8",
      "type": "r",
      "color": "b"
    },
    {
      "square": "g8",
      "type": "k",
      "color": "b"
    },
    {
      "square": "a7",
      "type": "p",
      "color": "b"
    },
    {
      "square": "b7",
      "type": "p",
      "color": "b"
    },
    {
      "square": "d6",
      "type": "p",
      "color": "w"
    },
    {
      "square": "f5",
      "type": "r",
      "color": "w"
    },
    {
      "square": "e4",
      "type": "r",
      "color": "b"
    },
    {
      "square": "a3",
      "type": "p",
      "color": "w"
    },
    {
      "square": "g3",
      "type": "b",
      "color": "w"
    },
    {
      "square": "h3",
      "type": "k",
      "color": "w"
    },
    {
      "square": "b2",
      "type": "p",
      "color": "w"
    }
  ],
  "nextTurn": "b"
}