{
  "event": "Hainan Danzhou GM",
  "site": "Danzhou CHN",
  "date": "2017.07.18",
  "eventDate": "2017.07.09",
  "dateMillis": 1500307200000,
  "eventDateMillis": 1499529600000,
  "round": "9",
  "result": "1/2-1/2",
  "white": "Ding Liren",
  "black": "Arkadij Naiditsch",
  "isDingWin": false,
  "isDraw": true,
  "isDingBlack": false,
  "moves": [
    "Ne3+",
    "Kf2",
    "Nxc4",
    "Nc5",
    "e5",
    "Nd7",
    "Kg8",
    "Ke2",
    "Kg7",
    "Kd3",
    "Nd6",
    "Nxe5",
    "Nf5",
    "g4",
    "hxg4",
    "fxg4",
    "Nxh4",
    "g5",
    "Nf5",
    "Nxg6",
    "Kxg6",
    "Ke4"
  ],
  "statePieceCount": 11,
  "endPieceCount": 4,
  "boardState": [
    {
      "square": "h7",
      "type": "k",
      "color": "b"
    },
    {
      "square": "e6",
      "type": "p",
      "color": "b"
    },
    {
      "square": "g6",
      "type": "p",
      "color": "b"
    },
    {
      "square": "d5",
      "type": "n",
      "color": "b"
    },
    {
      "square": "h5",
      "type": "p",
      "color": "b"
    },
    {
      "square": "c4",
      "type": "q",
      "color": "w"
    },
    {
      "square": "h4",
      "type": "p",
      "color": "w"
    },
    {
      "square": "d3",
      "type": "n",
      "color": "w"
    },
    {
      "square": "f3",
      "type": "p",
      "color": "w"
    },
    {
      "square": "g3",
      "type": "p",
      "color": "w"
    },
    {
      "square": "g2",
      "type": "k",
      "color": "w"
    }
  ]
}