{
  "event": "Hainan Danzhou GM",
  "site": "Danzhou CHN",
  "date": "2017.07.12",
  "eventDate": "2017.07.09",
  "dateMillis": 1499788800000,
  "eventDateMillis": 1499529600000,
  "round": "4",
  "result": "1/2-1/2",
  "white": "Ding Liren",
  "black": "Wei Yi",
  "isDingWin": false,
  "isDraw": true,
  "isDingBlack": false,
  "moves": [
    "Rxd5+",
    "Kc3",
    "g5",
    "Re4+",
    "Kd6",
    "Re8",
    "Rf5",
    "Rh8",
    "h4",
    "gxh4",
    "Rf3+",
    "Kc4",
    "Rf4+",
    "Kb5",
    "Rxh4",
    "Rxh4",
    "gxh4",
    "Ka6",
    "Kc7",
    "Ka7",
    "Kc6",
    "Ka6",
    "Kc7",
    "Ka7",
    "Kc6",
    "Ka6"
  ],
  "statePieceCount": 11,
  "endPieceCount": 6,
  "boardState": [
    {
      "square": "f7",
      "type": "p",
      "color": "b"
    },
    {
      "square": "e6",
      "type": "k",
      "color": "b"
    },
    {
      "square": "g6",
      "type": "p",
      "color": "b"
    },
    {
      "square": "d5",
      "type": "p",
      "color": "w"
    },
    {
      "square": "e5",
      "type": "r",
      "color": "b"
    },
    {
      "square": "h5",
      "type": "p",
      "color": "b"
    },
    {
      "square": "b4",
      "type": "p",
      "color": "w"
    },
    {
      "square": "d4",
      "type": "k",
      "color": "w"
    },
    {
      "square": "f4",
      "type": "r",
      "color": "w"
    },
    {
      "square": "g3",
      "type": "p",
      "color": "w"
    },
    {
      "square": "h2",
      "type": "p",
      "color": "w"
    }
  ]
}