{
  "event": "World Cup",
  "site": "Tbilisi GEO",
  "date": "2017.09.08",
  "eventDate": "2017.09.03",
  "dateMillis": 1504800000000,
  "eventDateMillis": 1504368000000,
  "round": "2.3",
  "result": "0-1",
  "white": "Martyn Kravtsiv",
  "black": "Ding Liren",
  "isDingWin": true,
  "isDraw": false,
  "isDingBlack": true,
  "moves": [
    "Ra4",
    "h4",
    "Kg6",
    "Rc6+",
    "Kf7",
    "Rc7+",
    "Kf6",
    "Rc6+",
    "Ke5",
    "Rc5+",
    "Kf6",
    "Rc6+",
    "Kf7",
    "Rc7+",
    "Kg6",
    "Rc6+",
    "Kh7",
    "Rc2",
    "g6",
    "Ke3",
    "Kg7",
    "Rc7+",
    "Kf6",
    "Rc6+",
    "Kf5",
    "Rc5+",
    "Ke6",
    "Rc6+",
    "Ke5",
    "Rxg6",
    "Ra3+",
    "Kd2",
    "Rxa2+",
    "Kc3",
    "Ke4",
    "Rg5",
    "Kf3",
    "Rxh5",
    "Kxg3",
    "Rh8",
    "Ra4",
    "h5",
    "Kg4",
    "Kb3",
    "Kg5",
    "Kb2",
    "Rh4",
    "Ra8",
    "Rb4+",
    "Kc3",
    "Rc4+",
    "Kb3",
    "Rc6",
    "Rh8",
    "Rh6",
    "Rd8",
    "Kxh5",
    "Rd5+",
    "Kg4",
    "Kb4",
    "Kf4",
    "Rd1",
    "Ke3",
    "Kc5",
    "Ke2",
    "Rd4",
    "Rh1",
    "Rd6",
    "Ra1",
    "Rh6",
    "Kd3",
    "Kb4",
    "Rb1+",
    "Ka5",
    "Ra1+",
    "Kb4",
    "Kd4",
    "Rh4+",
    "Ke5",
    "Rh5+",
    "Kf6",
    "Rh6+",
    "Kg5",
    "Rd6",
    "Ra4+",
    "Kb3",
    "Kf5",
    "Rh6",
    "Ke5",
    "Rg6",
    "Kd5",
    "Rf6",
    "Kc5",
    "Rh6",
    "Ra1",
    "Kb2",
    "Ra4",
    "Kb3",
    "Rb4+",
    "Ka3",
    "a5",
    "Rh5+",
    "Kd6",
    "Rh6+",
    "Ke5",
    "Rh5+",
    "Kf6",
    "Rh6+",
    "Kg5",
    "Ra6",
    "Ra4+",
    "Kb3",
    "Kf5",
    "Rh6",
    "Rg4",
    "Rb6",
    "a4+",
    "Ka2",
    "Rb4",
    "Rh6",
    "Rb3",
    "Rh4",
    "Ke5",
    "Rg4",
    "Kd5",
    "Rh4",
    "Kc5",
    "Rh5+",
    "Kb4",
    "Rh4+",
    "Ka5",
    "Rh5",
    "Rf3",
    "Rg5",
    "a3",
    "Rg4",
    "b4",
    "Rh4",
    "Rf2+",
    "Kb3",
    "Rb2+",
    "Kc4",
    "a2",
    "Rh8",
    "Rc2+",
    "Kb3",
    "a1=N#"
  ],
  "statePieceCount": 11,
  "endPieceCount": 6,
  "boardState": [
    {
      "square": "g7",
      "type": "p",
      "color": "b"
    },
    {
      "square": "h7",
      "type": "k",
      "color": "b"
    },
    {
      "square": "a6",
      "type": "p",
      "color": "b"
    },
    {
      "square": "b5",
      "type": "p",
      "color": "b"
    },
    {
      "square": "h5",
      "type": "p",
      "color": "b"
    },
    {
      "square": "e4",
      "type": "r",
      "color": "b"
    },
    {
      "square": "f3",
      "type": "k",
      "color": "w"
    },
    {
      "square": "g3",
      "type": "p",
      "color": "w"
    },
    {
      "square": "a2",
      "type": "p",
      "color": "w"
    },
    {
      "square": "c2",
      "type": "r",
      "color": "w"
    },
    {
      "square": "h2",
      "type": "p",
      "color": "w"
    }
  ]
}