{
  "event": "World Cup",
  "site": "Tbilisi GEO",
  "date": "2017.09.24",
  "eventDate": "2017.09.03",
  "dateMillis": 1506182400000,
  "eventDateMillis": 1504368000000,
  "round": "7.2",
  "result": "1/2-1/2",
  "white": "Ding Liren",
  "black": "Levon Aronian",
  "isDingWin": false,
  "isDraw": true,
  "isDingBlack": false,
  "moves": [
    "Nd4",
    "Ne4+",
    "Kb4",
    "Bg8",
    "Nxf3",
    "Nf6",
    "Kc5",
    "h3",
    "Kd4",
    "Ba2",
    "Nxg5",
    "h4",
    "Ne4",
    "Nd7",
    "Nc5",
    "Nf6",
    "Ke5",
    "Nd5",
    "Bf5",
    "Ne3",
    "Nd3+",
    "Kc2",
    "Nb4+",
    "Kb3",
    "Nxa2",
    "Kxa2",
    "Ke4",
    "Nc2",
    "Kf4",
    "Nd4",
    "Kg4",
    "Kxa3",
    "Kxh4",
    "Kb2",
    "Kg3",
    "Kc3",
    "Kf2",
    "Kd2",
    "Bg4",
    "Nc2",
    "g5",
    "Ne3",
    "Be2",
    "Nd5",
    "Bg4",
    "Nf6",
    "Bf5",
    "Kd1"
  ],
  "statePieceCount": 11,
  "endPieceCount": 5,
  "boardState": [
    {
      "square": "h7",
      "type": "b",
      "color": "w"
    },
    {
      "square": "g6",
      "type": "p",
      "color": "b"
    },
    {
      "square": "b5",
      "type": "n",
      "color": "b"
    },
    {
      "square": "c5",
      "type": "k",
      "color": "b"
    },
    {
      "square": "g5",
      "type": "p",
      "color": "w"
    },
    {
      "square": "a3",
      "type": "p",
      "color": "b"
    },
    {
      "square": "d3",
      "type": "b",
      "color": "b"
    },
    {
      "square": "f3",
      "type": "p",
      "color": "w"
    },
    {
      "square": "g3",
      "type": "n",
      "color": "w"
    },
    {
      "square": "h2",
      "type": "p",
      "color": "w"
    },
    {
      "square": "c1",
      "type": "k",
      "color": "w"
    }
  ]
}