{
  "event": "Champions Showdown: Carlsen - Ding (Blitz G/10)",
  "site": "St. Louis, MO USA",
  "date": "2017.11.13",
  "eventDate": "2017.10.21",
  "dateMillis": 1510502400000,
  "eventDateMillis": 1508515200000,
  "round": "7.1",
  "result": "1-0",
  "white": "Magnus Carlsen",
  "black": "Ding Liren",
  "isDingWin": false,
  "isDraw": false,
  "isDingBlack": true,
  "moves": [
    "Bxc5",
    "Ne8",
    "Be7",
    "Nd6",
    "Bxh4",
    "Kg6"
  ],
  "statePieceCount": 11,
  "endPieceCount": 9,
  "boardState": [
    {
      "square": "e7",
      "type": "b",
      "color": "w"
    },
    {
      "square": "g7",
      "type": "k",
      "color": "b"
    },
    {
      "square": "f6",
      "type": "n",
      "color": "b"
    },
    {
      "square": "c5",
      "type": "p",
      "color": "b"
    },
    {
      "square": "d5",
      "type": "p",
      "color": "w"
    },
    {
      "square": "f5",
      "type": "p",
      "color": "b"
    },
    {
      "square": "f4",
      "type": "b",
      "color": "b"
    },
    {
      "square": "h4",
      "type": "p",
      "color": "b"
    },
    {
      "square": "d3",
      "type": "k",
      "color": "w"
    },
    {
      "square": "f3",
      "type": "b",
      "color": "w"
    },
    {
      "square": "h3",
      "type": "p",
      "color": "w"
    }
  ]
}