{
  "event": "Chinese Chess League",
  "site": "China CHN",
  "date": "2017.12.02",
  "eventDate": "2017.04.18",
  "dateMillis": 1512144000000,
  "eventDateMillis": 1492444800000,
  "round": "19.4",
  "result": "1/2-1/2",
  "white": "Ding Liren",
  "black": "Zhou Jianchao",
  "isDingWin": false,
  "isDraw": true,
  "isDingBlack": false,
  "moves": [
    "gxf5",
    "Ka5",
    "Kd7",
    "Kb6",
    "Rg8",
    "Kb7",
    "a5",
    "b3",
    "Rc8",
    "Bf4",
    "Re8",
    "Bg3",
    "Rc8",
    "Bf4"
  ],
  "statePieceCount": 11,
  "endPieceCount": 10,
  "boardState": [
    {
      "square": "c8",
      "type": "r",
      "color": "b"
    },
    {
      "square": "e8",
      "type": "k",
      "color": "b"
    },
    {
      "square": "c7",
      "type": "p",
      "color": "w"
    },
    {
      "square": "a6",
      "type": "p",
      "color": "b"
    },
    {
      "square": "g6",
      "type": "p",
      "color": "b"
    },
    {
      "square": "f5",
      "type": "r",
      "color": "w"
    },
    {
      "square": "h5",
      "type": "p",
      "color": "b"
    },
    {
      "square": "a4",
      "type": "k",
      "color": "w"
    },
    {
      "square": "h4",
      "type": "p",
      "color": "w"
    },
    {
      "square": "g3",
      "type": "b",
      "color": "w"
    },
    {
      "square": "b2",
      "type": "p",
      "color": "w"
    }
  ]
}