{
  "event": "IMSA Elite Mind Games (Blitz)",
  "site": "?",
  "date": "2017.12.12",
  "dateMillis": 1513008000000,
  "eventDateMillis": null,
  "round": "6.6",
  "result": "0-1",
  "white": "Dmitry Andreikin",
  "black": "Ding Liren",
  "isDingWin": true,
  "isDraw": false,
  "isDingBlack": true,
  "moves": [
    "hxg5",
    "Rh1",
    "Kd5",
    "Rd1",
    "Kd4",
    "Ke1",
    "Ke5",
    "Nf3+",
    "Kf6",
    "Nd2",
    "Kg6",
    "Ke2",
    "Kh5",
    "Rh1+",
    "Kg6",
    "Rd1",
    "g4",
    "Rh1",
    "Kg5",
    "Rd1",
    "f4",
    "gxf4+",
    "Kxf4",
    "Rb1",
    "Ke5",
    "Ke3",
    "Qc3+",
    "Ke2",
    "Kf4",
    "Rd1",
    "Qc1",
    "Ke1",
    "Qc2",
    "Ke2",
    "Ke5",
    "Ke1",
    "Kd4",
    "Nb1+",
    "Ke4",
    "Nd2+",
    "Kf4",
    "Ke2",
    "Ke5",
    "Ke1",
    "Kd4",
    "Nb1+",
    "Kc5",
    "Nd2",
    "Kb4",
    "Nb1",
    "Qe4+",
    "Kf1",
    "Qc4+",
    "Ke1",
    "Qe6+",
    "Kf1",
    "Kb3",
    "Re1",
    "Qc4+",
    "Kg1",
    "Qd5",
    "Re3+",
    "Kc2",
    "Re1",
    "Qf3",
    "Kf1",
    "g3",
    "Re2+",
    "Qxe2+"
  ],
  "statePieceCount": 11,
  "endPieceCount": 7,
  "boardState": [
    {
      "square": "e6",
      "type": "k",
      "color": "b"
    },
    {
      "square": "h6",
      "type": "p",
      "color": "b"
    },
    {
      "square": "f5",
      "type": "p",
      "color": "b"
    },
    {
      "square": "g5",
      "type": "p",
      "color": "w"
    },
    {
      "square": "g3",
      "type": "p",
      "color": "w"
    },
    {
      "square": "b2",
      "type": "p",
      "color": "b"
    },
    {
      "square": "c2",
      "type": "q",
      "color": "b"
    },
    {
      "square": "d2",
      "type": "n",
      "color": "w"
    },
    {
      "square": "e2",
      "type": "k",
      "color": "w"
    },
    {
      "square": "f2",
      "type": "p",
      "color": "w"
    },
    {
      "square": "b1",
      "type": "r",
      "color": "w"
    }
  ]
}