{
  "event": "Chinese Chess League",
  "site": "China CHN",
  "date": "2017.12.05",
  "eventDate": "2017.04.18",
  "dateMillis": 1512403200000,
  "eventDateMillis": 1492444800000,
  "round": "22.2",
  "result": "1/2-1/2",
  "white": "Zhao Jun",
  "black": "Ding Liren",
  "isDingWin": false,
  "isDraw": true,
  "isDingBlack": true,
  "moves": [
    "Kxg6",
    "b5",
    "Rb7",
    "c4",
    "Kf5",
    "Bf2",
    "Ke6",
    "Kg3",
    "Rc7",
    "c5",
    "Rb7",
    "b6",
    "Kd5",
    "Be3",
    "Kc6"
  ],
  "statePieceCount": 11,
  "endPieceCount": 10,
  "boardState": [
    {
      "square": "f7",
      "type": "r",
      "color": "b"
    },
    {
      "square": "g7",
      "type": "p",
      "color": "b"
    },
    {
      "square": "h7",
      "type": "k",
      "color": "b"
    },
    {
      "square": "g6",
      "type": "q",
      "color": "w"
    },
    {
      "square": "h6",
      "type": "p",
      "color": "b"
    },
    {
      "square": "b4",
      "type": "p",
      "color": "w"
    },
    {
      "square": "c3",
      "type": "p",
      "color": "w"
    },
    {
      "square": "g3",
      "type": "b",
      "color": "w"
    },
    {
      "square": "h3",
      "type": "p",
      "color": "w"
    },
    {
      "square": "g2",
      "type": "p",
      "color": "w"
    },
    {
      "square": "h2",
      "type": "k",
      "color": "w"
    }
  ],
  "nextTurn": "b"
}