{
  "event": "World Blitz Championship",
  "site": "Riyadh KSA",
  "date": "2017.12.29",
  "eventDate": "2017.12.29",
  "dateMillis": 1514476800000,
  "eventDateMillis": 1514476800000,
  "round": "7.10",
  "result": "0-1",
  "white": "Francisco Vallejo Pons",
  "black": "Ding Liren",
  "isDingWin": true,
  "isDraw": false,
  "isDingBlack": true,
  "moves": [
    "Nxb4+",
    "Bxb4",
    "Kxb4",
    "Kb6",
    "Kc4",
    "Kc6",
    "Kd4",
    "Kd6",
    "Ke4",
    "Ke6",
    "Kxf4",
    "Kf6",
    "Kg4",
    "Kxg6",
    "f4",
    "Kf6",
    "Kxh4",
    "Kf5",
    "Kg3",
    "Kg5",
    "h4"
  ],
  "statePieceCount": 11,
  "endPieceCount": 5,
  "boardState": [
    {
      "square": "e7",
      "type": "b",
      "color": "w"
    },
    {
      "square": "a6",
      "type": "k",
      "color": "w"
    },
    {
      "square": "g6",
      "type": "p",
      "color": "b"
    },
    {
      "square": "f5",
      "type": "p",
      "color": "b"
    },
    {
      "square": "h5",
      "type": "p",
      "color": "b"
    },
    {
      "square": "b4",
      "type": "p",
      "color": "w"
    },
    {
      "square": "c4",
      "type": "k",
      "color": "b"
    },
    {
      "square": "f4",
      "type": "p",
      "color": "w"
    },
    {
      "square": "h4",
      "type": "p",
      "color": "w"
    },
    {
      "square": "c2",
      "type": "n",
      "color": "b"
    },
    {
      "square": "g2",
      "type": "p",
      "color": "w"
    }
  ],
  "nextTurn": "b"
}