{
  "event": "World Blitz Championship",
  "site": "Riyadh KSA",
  "date": "2017.12.29",
  "eventDate": "2017.12.29",
  "dateMillis": 1514476800000,
  "eventDateMillis": 1514476800000,
  "round": "9.6",
  "result": "1-0",
  "white": "Ding Liren",
  "black": "Sanan Sjugirov",
  "isDingWin": true,
  "isDraw": false,
  "isDingBlack": false,
  "moves": [
    "Re6+",
    "Kf3",
    "Be7",
    "g5+",
    "Kg7",
    "Rc7",
    "Kf8",
    "Bc4",
    "Rd6",
    "Rc8+",
    "Rd8",
    "Rc6",
    "Rd6",
    "Rc8+",
    "Rd8",
    "Rc7",
    "Rd4",
    "Rc8+",
    "Rd8",
    "Rc6",
    "Rd6",
    "Rc7",
    "Rd4",
    "h5",
    "gxh5",
    "g6",
    "Rf4+",
    "Ke2",
    "Re4+",
    "Kd3",
    "Rg4",
    "g7+",
    "Kxg7",
    "Rxe7+",
    "Kf6",
    "Re6+",
    "Kg5",
    "Rxb6",
    "Rg3+",
    "Kd4",
    "Ra3",
    "Bb3",
    "Ra1",
    "Kc5",
    "h4",
    "Kb5",
    "h3",
    "Bd5",
    "h2",
    "a5",
    "Rd1",
    "Bb7",
    "Rd7",
    "a6",
    "Rxb7",
    "axb7",
    "h1=Q",
    "b8=Q",
    "Qb1+",
    "Ka6",
    "Qa2+",
    "Kb7",
    "Qd5+",
    "Ka7",
    "Qa2+",
    "Ra6",
    "Qf2+",
    "Qb6",
    "Qf7+",
    "Qb7",
    "Qf2+",
    "Rb6",
    "Qa2+",
    "Kb8",
    "Qh2+",
    "Qc7",
    "Qh8+",
    "Qc8",
    "Qe5+",
    "Qc7",
    "Qh8+",
    "Kb7",
    "Qh1+",
    "Qc6",
    "Qh7+",
    "Kb8",
    "Qh8+",
    "Ka7",
    "Qa1+",
    "Kb7",
    "Qg7+",
    "Qc7",
    "Qd4",
    "Rb5+",
    "Kg4",
    "Qc8+",
    "Kg3",
    "Qg8+",
    "Kf2",
    "Qf7+",
    "Ke2",
    "Qe6+",
    "Kf2",
    "Rf5+"
  ],
  "statePieceCount": 11,
  "endPieceCount": 5,
  "boardState": [
    {
      "square": "d8",
      "type": "b",
      "color": "b"
    },
    {
      "square": "b6",
      "type": "p",
      "color": "b"
    },
    {
      "square": "d6",
      "type": "r",
      "color": "b"
    },
    {
      "square": "f6",
      "type": "k",
      "color": "b"
    },
    {
      "square": "g6",
      "type": "p",
      "color": "b"
    },
    {
      "square": "b5",
      "type": "b",
      "color": "w"
    },
    {
      "square": "a4",
      "type": "p",
      "color": "w"
    },
    {
      "square": "c4",
      "type": "r",
      "color": "w"
    },
    {
      "square": "e4",
      "type": "k",
      "color": "w"
    },
    {
      "square": "g4",
      "type": "p",
      "color": "w"
    },
    {
      "square": "h4",
      "type": "p",
      "color": "w"
    }
  ]
}