{
  "event": "World Championship Candidates",
  "site": "Berlin GER",
  "date": "2018.03.22",
  "eventDate": "2018.03.10",
  "dateMillis": 1521648000000,
  "eventDateMillis": 1520611200000,
  "round": "10",
  "result": "1/2-1/2",
  "white": "Ding Liren",
  "black": "Wesley So",
  "isDingWin": false,
  "isDraw": true,
  "isDingBlack": false,
  "moves": [
    "Rxb6"
  ],
  "statePieceCount": 11,
  "endPieceCount": 10,
  "boardState": [
    {
      "square": "f8",
      "type": "k",
      "color": "b"
    },
    {
      "square": "b7",
      "type": "r",
      "color": "w"
    },
    {
      "square": "f7",
      "type": "p",
      "color": "b"
    },
    {
      "square": "g7",
      "type": "p",
      "color": "b"
    },
    {
      "square": "h7",
      "type": "p",
      "color": "b"
    },
    {
      "square": "b6",
      "type": "p",
      "color": "b"
    },
    {
      "square": "a4",
      "type": "r",
      "color": "b"
    },
    {
      "square": "e3",
      "type": "p",
      "color": "w"
    },
    {
      "square": "f2",
      "type": "p",
      "color": "w"
    },
    {
      "square": "g2",
      "type": "p",
      "color": "w"
    },
    {
      "square": "h2",
      "type": "k",
      "color": "w"
    }
  ],
  "nextTurn": "w"
}