{
  "event": "Gashimov Memorial",
  "site": "Shamkir AZE",
  "date": "2018.04.19",
  "eventDate": "2018.04.18",
  "dateMillis": 1524067200000,
  "eventDateMillis": 1523980800000,
  "round": "1",
  "result": "1/2-1/2",
  "white": "Ding Liren",
  "black": "Radoslaw Wojtaszek",
  "isDingWin": false,
  "isDraw": true,
  "isDingBlack": false,
  "moves": [
    "Qf6+",
    "Kd5",
    "Qf3+",
    "Kxe5",
    "Qg3+",
    "Kf5",
    "Qh3+",
    "Kf4",
    "Qh4+",
    "Kf3",
    "Qf6+",
    "Ke2",
    "Qb2+",
    "Ke1",
    "Qc1+",
    "Ke2",
    "Qb2+",
    "Kf1",
    "Qc1+",
    "Kg2",
    "Qd2+",
    "Kg3",
    "Qg5+",
    "Kf3",
    "Qf6+",
    "Ke3",
    "Qd4+",
    "Ke2"
  ],
  "statePieceCount": 11,
  "endPieceCount": 10,
  "boardState": [
    {
      "square": "e8",
      "type": "k",
      "color": "b"
    },
    {
      "square": "a7",
      "type": "q",
      "color": "w"
    },
    {
      "square": "b7",
      "type": "b",
      "color": "w"
    },
    {
      "square": "b6",
      "type": "p",
      "color": "b"
    },
    {
      "square": "d6",
      "type": "k",
      "color": "w"
    },
    {
      "square": "b5",
      "type": "p",
      "color": "w"
    },
    {
      "square": "c5",
      "type": "p",
      "color": "b"
    },
    {
      "square": "e5",
      "type": "p",
      "color": "b"
    },
    {
      "square": "c4",
      "type": "p",
      "color": "w"
    },
    {
      "square": "d3",
      "type": "p",
      "color": "w"
    },
    {
      "square": "f3",
      "type": "q",
      "color": "b"
    }
  ]
}