{
  "event": "Gashimov Memorial",
  "site": "Shamkir AZE",
  "date": "2018.04.25",
  "eventDate": "2018.04.19",
  "dateMillis": 1524585600000,
  "eventDateMillis": 1524067200000,
  "round": "6",
  "result": "1/2-1/2",
  "white": "Ding Liren",
  "black": "Shakhriyar Mamedyarov",
  "isDingWin": false,
  "isDraw": true,
  "isDingBlack": false,
  "moves": [
    "Rxb2+",
    "Kf1",
    "Rb1+",
    "Kf2",
    "Rb2+",
    "Kf1",
    "Rb1+",
    "Kf2",
    "Rb2+"
  ],
  "statePieceCount": 11,
  "endPieceCount": 10,
  "boardState": [
    {
      "square": "b8",
      "type": "r",
      "color": "b"
    },
    {
      "square": "g8",
      "type": "k",
      "color": "b"
    },
    {
      "square": "f7",
      "type": "p",
      "color": "b"
    },
    {
      "square": "g7",
      "type": "p",
      "color": "b"
    },
    {
      "square": "h6",
      "type": "p",
      "color": "b"
    },
    {
      "square": "a5",
      "type": "r",
      "color": "w"
    },
    {
      "square": "f3",
      "type": "p",
      "color": "w"
    },
    {
      "square": "b2",
      "type": "r",
      "color": "w"
    },
    {
      "square": "f2",
      "type": "k",
      "color": "w"
    },
    {
      "square": "g2",
      "type": "p",
      "color": "w"
    },
    {
      "square": "h2",
      "type": "p",
      "color": "w"
    }
  ]
}