{
  "event": "Norway Chess (Blitz)",
  "site": "Stavanger NOR",
  "date": "2018.05.27",
  "eventDate": "2018.05.27",
  "dateMillis": 1527350400000,
  "eventDateMillis": 1527350400000,
  "round": "6.5",
  "result": "1/2-1/2",
  "white": "Ding Liren",
  "black": "Levon Aronian",
  "isDingWin": false,
  "isDraw": true,
  "isDingBlack": false,
  "moves": [
    "h5",
    "Ke6",
    "Kf2",
    "Kf7",
    "Kg3",
    "Kg7",
    "Kxg4",
    "Kh6",
    "Kf5",
    "Kh7",
    "Kxf6",
    "g4",
    "e5",
    "g3",
    "e6",
    "g2",
    "e7",
    "g1=Q",
    "e8=Q",
    "Qf2+",
    "Ke7",
    "Qe3+",
    "Kd8",
    "Qxa3",
    "Qf7+",
    "Kh8",
    "Qf6+",
    "Kh7",
    "Qg6+",
    "Kh8",
    "h6",
    "Qc3",
    "Qg7+",
    "Qxg7",
    "hxg7+",
    "Kxg7",
    "Kc7",
    "a5",
    "bxa5",
    "b4",
    "a6",
    "b3",
    "a7",
    "b2"
  ],
  "statePieceCount": 11,
  "endPieceCount": 4,
  "boardState": [
    {
      "square": "a7",
      "type": "p",
      "color": "b"
    },
    {
      "square": "f6",
      "type": "p",
      "color": "b"
    },
    {
      "square": "b5",
      "type": "p",
      "color": "b"
    },
    {
      "square": "e5",
      "type": "k",
      "color": "b"
    },
    {
      "square": "g5",
      "type": "p",
      "color": "b"
    },
    {
      "square": "b4",
      "type": "p",
      "color": "w"
    },
    {
      "square": "e4",
      "type": "p",
      "color": "w"
    },
    {
      "square": "g4",
      "type": "p",
      "color": "b"
    },
    {
      "square": "h4",
      "type": "p",
      "color": "w"
    },
    {
      "square": "a3",
      "type": "p",
      "color": "w"
    },
    {
      "square": "e3",
      "type": "k",
      "color": "w"
    }
  ],
  "nextTurn": "w"
}