{
  "event": "Norway Chess (Blitz)",
  "site": "Stavanger NOR",
  "date": "2018.05.27",
  "eventDate": "2018.05.27",
  "dateMillis": 1527350400000,
  "eventDateMillis": 1527350400000,
  "round": "2.5",
  "result": "1/2-1/2",
  "white": "Maxime Vachier-Lagrave",
  "black": "Ding Liren",
  "isDingWin": false,
  "isDraw": true,
  "isDingBlack": true,
  "moves": [
    "Ke6",
    "Ke3",
    "Kd5",
    "Nf4+",
    "Kc4",
    "Nxg6",
    "Kb3",
    "f4",
    "Kxb2",
    "f5",
    "Kxa3",
    "f6",
    "b5",
    "f7",
    "b4",
    "Ne5",
    "Ka2",
    "Nc4",
    "Bf8",
    "g5",
    "b3",
    "g6",
    "a5",
    "Kd3",
    "b2",
    "Nd2",
    "b1=Q+",
    "Nxb1",
    "Kxb1",
    "Kc4",
    "a4",
    "g7",
    "Bxg7",
    "Kb4",
    "Kb2",
    "f8=Q",
    "Bxf8+",
    "Kxa4"
  ],
  "statePieceCount": 11,
  "endPieceCount": 3,
  "boardState": [
    {
      "square": "a7",
      "type": "p",
      "color": "b"
    },
    {
      "square": "b6",
      "type": "p",
      "color": "b"
    },
    {
      "square": "d6",
      "type": "b",
      "color": "b"
    },
    {
      "square": "f6",
      "type": "k",
      "color": "b"
    },
    {
      "square": "g6",
      "type": "p",
      "color": "b"
    },
    {
      "square": "g4",
      "type": "p",
      "color": "w"
    },
    {
      "square": "a3",
      "type": "p",
      "color": "w"
    },
    {
      "square": "d3",
      "type": "n",
      "color": "w"
    },
    {
      "square": "b2",
      "type": "p",
      "color": "w"
    },
    {
      "square": "e2",
      "type": "k",
      "color": "w"
    },
    {
      "square": "f2",
      "type": "p",
      "color": "w"
    }
  ]
}