{
  "event": "Tata Steel Masters",
  "site": "Wijk aan Zee NED",
  "date": "2019.01.14",
  "eventDate": "2019.01.12",
  "dateMillis": 1547395200000,
  "eventDateMillis": 1547222400000,
  "round": "3.2",
  "result": "0-1",
  "white": "Jorden van Foreest",
  "black": "Ding Liren",
  "isDingWin": true,
  "isDraw": false,
  "isDingBlack": true,
  "moves": [
    "Kxe4",
    "Kf1",
    "Kd3",
    "b5",
    "cxb5",
    "cxb5",
    "Kc4",
    "Ke2",
    "Kxb5",
    "Kf3",
    "Kb4",
    "Kg4",
    "Ka3",
    "Kxh3",
    "Kxa2",
    "Bd6",
    "Kb3",
    "Kg2",
    "Bc3"
  ],
  "statePieceCount": 11,
  "endPieceCount": 5,
  "boardState": [
    {
      "square": "c6",
      "type": "p",
      "color": "b"
    },
    {
      "square": "f5",
      "type": "k",
      "color": "b"
    },
    {
      "square": "a4",
      "type": "p",
      "color": "b"
    },
    {
      "square": "b4",
      "type": "p",
      "color": "w"
    },
    {
      "square": "c4",
      "type": "p",
      "color": "w"
    },
    {
      "square": "d4",
      "type": "b",
      "color": "b"
    },
    {
      "square": "e4",
      "type": "p",
      "color": "w"
    },
    {
      "square": "h3",
      "type": "p",
      "color": "b"
    },
    {
      "square": "a2",
      "type": "p",
      "color": "w"
    },
    {
      "square": "e2",
      "type": "k",
      "color": "w"
    },
    {
      "square": "h2",
      "type": "b",
      "color": "w"
    }
  ],
  "nextTurn": "b"
}