{
  "event": "World Team Chess Championship",
  "site": "Astana KAZ",
  "date": "2019.03.13",
  "eventDate": "2019.03.05",
  "dateMillis": 1552406400000,
  "eventDateMillis": 1551715200000,
  "round": "8.2",
  "result": "1-0",
  "white": "Ding Liren",
  "black": "Michael Adams",
  "isDingWin": true,
  "isDraw": false,
  "isDingBlack": false,
  "moves": [
    "Bc7",
    "Nxc5+",
    "Kd4",
    "Na6",
    "Be5+",
    "Kf8",
    "a3",
    "Ke8",
    "Kd5",
    "Nc5",
    "a4",
    "Nd7",
    "Bc7",
    "Nf6+",
    "Kc4",
    "Rc6+",
    "Kb5",
    "Rc2",
    "a5",
    "Kd7",
    "Be5+",
    "Ke6",
    "Rc7",
    "Ra2",
    "Bxf6",
    "Kxf6",
    "a6",
    "Rb2+",
    "Kc6",
    "Ra2",
    "a7",
    "Kg5",
    "Rxf7",
    "Kg4",
    "Rg7",
    "g5",
    "Kb7"
  ],
  "statePieceCount": 11,
  "endPieceCount": 7,
  "boardState": [
    {
      "square": "a7",
      "type": "r",
      "color": "w"
    },
    {
      "square": "f7",
      "type": "p",
      "color": "b"
    },
    {
      "square": "g7",
      "type": "k",
      "color": "b"
    },
    {
      "square": "d6",
      "type": "b",
      "color": "w"
    },
    {
      "square": "e6",
      "type": "r",
      "color": "b"
    },
    {
      "square": "g6",
      "type": "p",
      "color": "b"
    },
    {
      "square": "c5",
      "type": "p",
      "color": "w"
    },
    {
      "square": "e4",
      "type": "n",
      "color": "b"
    },
    {
      "square": "e3",
      "type": "k",
      "color": "w"
    },
    {
      "square": "g3",
      "type": "p",
      "color": "w"
    },
    {
      "square": "a2",
      "type": "p",
      "color": "w"
    }
  ],
  "nextTurn": "w"
}