{
  "event": "World Team Chess Championship",
  "site": "Astana KAZ",
  "date": "2019.03.11",
  "eventDate": "2019.03.05",
  "dateMillis": 1552233600000,
  "eventDateMillis": 1551715200000,
  "round": "6.5",
  "result": "1/2-1/2",
  "white": "Bassem Amin",
  "black": "Ding Liren",
  "isDingWin": false,
  "isDraw": true,
  "isDingBlack": true,
  "moves": [
    "Rc1",
    "Kf7",
    "Rc7+",
    "Kf6",
    "Ra7",
    "h5",
    "h4",
    "Ra2",
    "Kg2",
    "a5",
    "Kf3",
    "a4",
    "Ra5",
    "g6",
    "Ke3",
    "a3",
    "Kf3",
    "Ra1",
    "Kf4",
    "Ra2",
    "Kf3",
    "Ra1",
    "Kf4",
    "e5+",
    "Ke4",
    "Re1+",
    "Kf3",
    "Ra1",
    "Ke4",
    "a2",
    "Ra6+",
    "Ke7",
    "Kf3",
    "Kd7",
    "Kg2",
    "Kc7",
    "Ra8",
    "Kb6",
    "Ra3",
    "Kc5",
    "Ra8",
    "Kd4",
    "Ra7",
    "e4",
    "Ra8",
    "e3",
    "fxe3+",
    "Kxe3",
    "Re8+",
    "Kd3",
    "Rd8+",
    "Ke3"
  ],
  "statePieceCount": 11,
  "endPieceCount": 9,
  "boardState": [
    {
      "square": "g8",
      "type": "k",
      "color": "b"
    },
    {
      "square": "g7",
      "type": "p",
      "color": "b"
    },
    {
      "square": "h7",
      "type": "p",
      "color": "b"
    },
    {
      "square": "a6",
      "type": "p",
      "color": "b"
    },
    {
      "square": "e6",
      "type": "p",
      "color": "b"
    },
    {
      "square": "a5",
      "type": "r",
      "color": "b"
    },
    {
      "square": "g3",
      "type": "p",
      "color": "w"
    },
    {
      "square": "f2",
      "type": "p",
      "color": "w"
    },
    {
      "square": "h2",
      "type": "p",
      "color": "w"
    },
    {
      "square": "f1",
      "type": "r",
      "color": "w"
    },
    {
      "square": "g1",
      "type": "k",
      "color": "w"
    }
  ]
}