{
  "event": "Shenzhen Masters",
  "site": "Shenzhen CHN",
  "date": "2018.11.08",
  "eventDate": "2018.11.04",
  "dateMillis": 1541606400000,
  "eventDateMillis": 1541260800000,
  "round": "5.3",
  "result": "1-0",
  "white": "Ding Liren",
  "black": "Radoslaw Wojtaszek",
  "isDingWin": true,
  "isDraw": false,
  "isDingBlack": false,
  "moves": [
    "Bc8",
    "Ng7",
    "Bf2",
    "Nxf5",
    "Kb5",
    "Be7",
    "Kxa5",
    "Kf6",
    "Kb6",
    "Kg6",
    "Kc6",
    "Ng7",
    "Kd5",
    "f5",
    "Ke5",
    "Bg5",
    "Bc5",
    "f6",
    "Ba6",
    "Nxh5",
    "Kd5"
  ],
  "statePieceCount": 11,
  "endPieceCount": 8,
  "boardState": [
    {
      "square": "b7",
      "type": "b",
      "color": "b"
    },
    {
      "square": "c6",
      "type": "k",
      "color": "b"
    },
    {
      "square": "e6",
      "type": "n",
      "color": "w"
    },
    {
      "square": "a5",
      "type": "p",
      "color": "w"
    },
    {
      "square": "e5",
      "type": "k",
      "color": "w"
    },
    {
      "square": "f5",
      "type": "p",
      "color": "b"
    },
    {
      "square": "h5",
      "type": "p",
      "color": "b"
    },
    {
      "square": "b4",
      "type": "b",
      "color": "w"
    },
    {
      "square": "f4",
      "type": "p",
      "color": "w"
    },
    {
      "square": "h4",
      "type": "p",
      "color": "w"
    },
    {
      "square": "e3",
      "type": "b",
      "color": "b"
    }
  ],
  "nextTurn": "b"
}