{
  "event": "Shenzhen Masters",
  "site": "Shenzhen CHN",
  "date": "2019.04.27",
  "eventDate": "2019.04.17",
  "dateMillis": 1556294400000,
  "eventDateMillis": 1555430400000,
  "round": "10.1",
  "result": "1-0",
  "white": "Ding Liren",
  "black": "Pentala Harikrishna",
  "isDingWin": true,
  "isDraw": false,
  "isDingBlack": false,
  "moves": [
    "Kxf2",
    "b6",
    "Rb8",
    "d6",
    "Kf3",
    "d7",
    "Rf8"
  ],
  "statePieceCount": 11,
  "endPieceCount": 10,
  "boardState": [
    {
      "square": "d8",
      "type": "r",
      "color": "b"
    },
    {
      "square": "b5",
      "type": "p",
      "color": "w"
    },
    {
      "square": "c5",
      "type": "k",
      "color": "w"
    },
    {
      "square": "d5",
      "type": "p",
      "color": "w"
    },
    {
      "square": "f5",
      "type": "n",
      "color": "w"
    },
    {
      "square": "g5",
      "type": "p",
      "color": "b"
    },
    {
      "square": "e4",
      "type": "p",
      "color": "b"
    },
    {
      "square": "e3",
      "type": "p",
      "color": "w"
    },
    {
      "square": "f3",
      "type": "k",
      "color": "b"
    },
    {
      "square": "g3",
      "type": "p",
      "color": "w"
    },
    {
      "square": "f2",
      "type": "r",
      "color": "w"
    }
  ],
  "nextTurn": "b"
}