{
  "event": "Lindores Abbey Stars",
  "site": "Newburgh SCO",
  "date": "2019.05.26",
  "eventDate": "2019.05.25",
  "dateMillis": 1558800000000,
  "eventDateMillis": 1558713600000,
  "round": "6.2",
  "result": "1/2-1/2",
  "white": "Ding Liren",
  "black": "Magnus Carlsen",
  "isDingWin": false,
  "isDraw": true,
  "isDingBlack": false,
  "moves": [
    "Rf4",
    "f5",
    "Kc5",
    "Kc7",
    "b4",
    "Kb7",
    "h4",
    "h5",
    "Rf3",
    "Rc2+",
    "Kd5",
    "Re2",
    "Kc5",
    "Rc2+",
    "Kd4",
    "Re2",
    "Kd5",
    "Kb6",
    "Rf4",
    "Kb5",
    "Kd6",
    "Kb6",
    "f3",
    "Kb5",
    "Kd5",
    "Rg2",
    "Ke5",
    "Rxg3",
    "Kf6",
    "Ka4",
    "Kg7",
    "Kb5",
    "Kh6",
    "Ka4",
    "Rd4",
    "Kb5",
    "Rd6",
    "Kxb4",
    "Rxg6",
    "Rxf3",
    "Kxh5",
    "Kc5",
    "Rf6",
    "Kd5",
    "Kg6",
    "Ke5",
    "h5",
    "Rg3+",
    "Kf7",
    "f4",
    "h6",
    "Rh3",
    "Kg7",
    "f3",
    "Rf8",
    "Rg3+",
    "Kh8",
    "Ke4",
    "h7",
    "Ke3",
    "Rxf3+",
    "Kxf3"
  ],
  "statePieceCount": 11,
  "endPieceCount": 4,
  "boardState": [
    {
      "square": "d7",
      "type": "k",
      "color": "b"
    },
    {
      "square": "f7",
      "type": "p",
      "color": "b"
    },
    {
      "square": "h7",
      "type": "p",
      "color": "b"
    },
    {
      "square": "g6",
      "type": "p",
      "color": "b"
    },
    {
      "square": "b4",
      "type": "k",
      "color": "w"
    },
    {
      "square": "e4",
      "type": "r",
      "color": "w"
    },
    {
      "square": "b3",
      "type": "p",
      "color": "w"
    },
    {
      "square": "g3",
      "type": "p",
      "color": "w"
    },
    {
      "square": "d2",
      "type": "r",
      "color": "b"
    },
    {
      "square": "f2",
      "type": "p",
      "color": "w"
    },
    {
      "square": "h2",
      "type": "p",
      "color": "w"
    }
  ]
}