{
  "event": "Norway Chess",
  "site": "Stavanger NOR",
  "date": "2019.06.08",
  "eventDate": "2019.06.04",
  "dateMillis": 1559923200000,
  "eventDateMillis": 1559577600000,
  "round": "4.4",
  "result": "1/2-1/2",
  "white": "Viswanathan Anand",
  "black": "Ding Liren",
  "isDingWin": false,
  "isDraw": true,
  "isDingBlack": true,
  "moves": [
    "Kg3",
    "Kg5",
    "Bxg6",
    "Rhg4+",
    "Kh2",
    "a4",
    "Bh7",
    "h4",
    "Rg6+",
    "Kh5",
    "Re6",
    "a3",
    "Bf5",
    "Rg5",
    "Be4",
    "Ra5",
    "Bf3+",
    "Kg5",
    "Re2",
    "Rd3",
    "Rc2",
    "Rxc3",
    "Rxc3",
    "a2",
    "Rc1",
    "a1=Q",
    "Rxa1",
    "Rxa1",
    "Bc6",
    "Kf4",
    "Bb7",
    "Rc1",
    "Bd5",
    "Rc2",
    "Be6",
    "Rc3",
    "Bd7",
    "Rg3",
    "Bh3",
    "Ke3",
    "Kg1",
    "Ke2",
    "Bc8",
    "Ra3",
    "Bg4+",
    "Ke3",
    "Kh2",
    "Kf2",
    "Bf3",
    "Ra1",
    "Bb7",
    "Ra7",
    "Bd5",
    "Ke3",
    "Bc6",
    "Kf4",
    "Bd5",
    "Ra3",
    "Be6",
    "Rg3",
    "Bh3",
    "Ke3",
    "Kg1",
    "Rg7",
    "Be6",
    "Re7",
    "Bh3",
    "Rc7",
    "Be6",
    "Rc6",
    "Bd7",
    "Rd6",
    "Bc8",
    "Rd8",
    "Be6",
    "Rd6"
  ],
  "statePieceCount": 11,
  "endPieceCount": 6,
  "boardState": [
    {
      "square": "a6",
      "type": "r",
      "color": "w"
    },
    {
      "square": "g6",
      "type": "p",
      "color": "b"
    },
    {
      "square": "h6",
      "type": "k",
      "color": "b"
    },
    {
      "square": "a5",
      "type": "p",
      "color": "b"
    },
    {
      "square": "f5",
      "type": "b",
      "color": "w"
    },
    {
      "square": "h5",
      "type": "p",
      "color": "b"
    },
    {
      "square": "d4",
      "type": "r",
      "color": "b"
    },
    {
      "square": "h4",
      "type": "r",
      "color": "b"
    },
    {
      "square": "c3",
      "type": "n",
      "color": "w"
    },
    {
      "square": "h3",
      "type": "k",
      "color": "w"
    },
    {
      "square": "g2",
      "type": "p",
      "color": "w"
    }
  ],
  "nextTurn": "w"
}