{
  "event": "Norway Chess (Blitz)",
  "site": "Stavanger NOR",
  "date": "2019.06.03",
  "eventDate": "2019.06.03",
  "dateMillis": 1559491200000,
  "eventDateMillis": 1559491200000,
  "round": "1.3",
  "result": "0-1",
  "white": "Ding Liren",
  "black": "Yu Yangyi",
  "isDingWin": false,
  "isDraw": false,
  "isDingBlack": false,
  "moves": [
    "Kxe4",
    "Rxb7",
    "d4",
    "Rb5",
    "c4",
    "Rxa5",
    "Rh2+",
    "Ke1",
    "Rxb2"
  ],
  "statePieceCount": 11,
  "endPieceCount": 7,
  "boardState": [
    {
      "square": "h8",
      "type": "r",
      "color": "b"
    },
    {
      "square": "b7",
      "type": "p",
      "color": "b"
    },
    {
      "square": "f7",
      "type": "r",
      "color": "w"
    },
    {
      "square": "a5",
      "type": "p",
      "color": "b"
    },
    {
      "square": "c5",
      "type": "p",
      "color": "b"
    },
    {
      "square": "d5",
      "type": "p",
      "color": "b"
    },
    {
      "square": "a4",
      "type": "p",
      "color": "w"
    },
    {
      "square": "d4",
      "type": "k",
      "color": "b"
    },
    {
      "square": "e4",
      "type": "r",
      "color": "w"
    },
    {
      "square": "b2",
      "type": "p",
      "color": "w"
    },
    {
      "square": "f2",
      "type": "k",
      "color": "w"
    }
  ]
}