{
  "event": "Norway Chess",
  "site": "Stavanger NOR",
  "date": "2019.06.05",
  "eventDate": "2019.06.04",
  "dateMillis": 1559664000000,
  "eventDateMillis": 1559577600000,
  "round": "2.3",
  "result": "1-0",
  "white": "Yu Yangyi",
  "black": "Ding Liren",
  "isDingWin": false,
  "isDraw": false,
  "isDingBlack": true,
  "moves": [
    "b5",
    "Bxa7",
    "b4",
    "Bc5",
    "Bd5",
    "Bxb4",
    "Bxa2",
    "h4",
    "Bd5",
    "h5",
    "Bc6",
    "e6+",
    "Kg8",
    "Bc3",
    "Be8",
    "Bxg7",
    "Kxg7",
    "h6+",
    "Kh7",
    "f6",
    "Kg8",
    "Kf5",
    "Bh5",
    "Ke5",
    "Bg6",
    "Kd6",
    "Kf8",
    "Kd7",
    "Bf5",
    "h7",
    "Bxh7",
    "e7+",
    "Kf7",
    "e8=Q+",
    "Kxf6",
    "Qh8+",
    "Kg6",
    "Ke7",
    "Kg5",
    "Qxh7"
  ],
  "statePieceCount": 11,
  "endPieceCount": 3,
  "boardState": [
    {
      "square": "a7",
      "type": "p",
      "color": "b"
    },
    {
      "square": "f7",
      "type": "k",
      "color": "b"
    },
    {
      "square": "g7",
      "type": "p",
      "color": "b"
    },
    {
      "square": "b6",
      "type": "p",
      "color": "b"
    },
    {
      "square": "e5",
      "type": "p",
      "color": "w"
    },
    {
      "square": "f5",
      "type": "p",
      "color": "w"
    },
    {
      "square": "g5",
      "type": "k",
      "color": "w"
    },
    {
      "square": "e4",
      "type": "b",
      "color": "b"
    },
    {
      "square": "e3",
      "type": "b",
      "color": "w"
    },
    {
      "square": "a2",
      "type": "p",
      "color": "w"
    },
    {
      "square": "h2",
      "type": "p",
      "color": "w"
    }
  ]
}