{
  "event": "Norway Chess",
  "site": "Stavanger NOR",
  "date": "2019.06.13",
  "eventDate": "2019.06.04",
  "dateMillis": 1560355200000,
  "eventDateMillis": 1559577600000,
  "round": "8.3",
  "result": "1-0",
  "white": "Maxime Vachier-Lagrave",
  "black": "Ding Liren",
  "isDingWin": false,
  "isDraw": false,
  "isDingBlack": true,
  "moves": [
    "a4",
    "Bc5",
    "Rc2",
    "Bb4",
    "Rb2",
    "Bd6",
    "Rd2",
    "Be7",
    "Ra2",
    "Bc4",
    "Ra1+",
    "Kf2",
    "a3",
    "Kf3",
    "a2",
    "Ke4",
    "Rg1",
    "Bxa2",
    "Rxg2",
    "Bd5",
    "Rxh2",
    "Kf5",
    "Kh7",
    "e4",
    "Rf2+",
    "Ke6",
    "g5",
    "e5",
    "g4",
    "Bh4",
    "Rh2",
    "Bg3",
    "Rh3",
    "Bf4",
    "Kg7",
    "Kd6",
    "Rd3",
    "e6",
    "Kf8",
    "Bxh6+",
    "Ke8",
    "Bf4",
    "g3",
    "Bxg3",
    "Rd1",
    "Ke5",
    "Rc1",
    "Bf4",
    "Re1+",
    "Kf6",
    "Kd8",
    "Kf7",
    "Re2",
    "Bg5+",
    "Kc7",
    "e7",
    "Rf2+",
    "Bf6"
  ],
  "statePieceCount": 11,
  "endPieceCount": 6,
  "boardState": [
    {
      "square": "h8",
      "type": "k",
      "color": "b"
    },
    {
      "square": "g7",
      "type": "p",
      "color": "b"
    },
    {
      "square": "b6",
      "type": "b",
      "color": "w"
    },
    {
      "square": "h6",
      "type": "p",
      "color": "b"
    },
    {
      "square": "a5",
      "type": "p",
      "color": "b"
    },
    {
      "square": "e3",
      "type": "p",
      "color": "w"
    },
    {
      "square": "d2",
      "type": "r",
      "color": "b"
    },
    {
      "square": "g2",
      "type": "p",
      "color": "w"
    },
    {
      "square": "h2",
      "type": "p",
      "color": "w"
    },
    {
      "square": "f1",
      "type": "b",
      "color": "w"
    },
    {
      "square": "g1",
      "type": "k",
      "color": "w"
    }
  ],
  "nextTurn": "b"
}