{
  "event": "GCT St. Louis Rapid & Blitz",
  "site": "St Louis, MO USA",
  "date": "2019.08.14",
  "eventDate": "2019.08.13",
  "dateMillis": 1565712000000,
  "eventDateMillis": 1565625600000,
  "round": "15.3",
  "result": "0-1",
  "white": "Sergey Karjakin",
  "black": "Ding Liren",
  "isDingWin": true,
  "isDraw": false,
  "isDingBlack": true,
  "moves": [
    "Rb1",
    "Kg3",
    "b2",
    "Kg2",
    "Kg6",
    "Rb5",
    "e5",
    "Rb8",
    "f5",
    "Rb6+",
    "f6",
    "exf5+",
    "Kxf5",
    "h5",
    "Kg5",
    "h6",
    "Kg6",
    "Kh2",
    "Kh7"
  ],
  "statePieceCount": 11,
  "endPieceCount": 9,
  "boardState": [
    {
      "square": "b7",
      "type": "r",
      "color": "w"
    },
    {
      "square": "f7",
      "type": "p",
      "color": "b"
    },
    {
      "square": "g7",
      "type": "k",
      "color": "b"
    },
    {
      "square": "e6",
      "type": "p",
      "color": "b"
    },
    {
      "square": "f6",
      "type": "p",
      "color": "b"
    },
    {
      "square": "e4",
      "type": "p",
      "color": "w"
    },
    {
      "square": "g4",
      "type": "k",
      "color": "w"
    },
    {
      "square": "h4",
      "type": "p",
      "color": "w"
    },
    {
      "square": "b3",
      "type": "p",
      "color": "b"
    },
    {
      "square": "f3",
      "type": "p",
      "color": "w"
    },
    {
      "square": "b2",
      "type": "r",
      "color": "b"
    }
  ]
}