{
  "event": "Sinquefield Cup",
  "site": "St Louis, MO USA",
  "date": "2019.08.19",
  "eventDate": "2019.08.17",
  "dateMillis": 1566144000000,
  "eventDateMillis": 1565971200000,
  "round": "3.3",
  "result": "1/2-1/2",
  "white": "Ding Liren",
  "black": "Maxime Vachier-Lagrave",
  "isDingWin": false,
  "isDraw": true,
  "isDingBlack": false,
  "moves": [
    "Rxf2+",
    "Kc3",
    "cxd5",
    "Rxe7",
    "d4+",
    "Kd3",
    "Rf3+",
    "Kc2",
    "Rf2+",
    "Kd3",
    "Rf3+",
    "Kc2",
    "Rf2+",
    "Kd3"
  ],
  "statePieceCount": 11,
  "endPieceCount": 8,
  "boardState": [
    {
      "square": "f8",
      "type": "r",
      "color": "b"
    },
    {
      "square": "e7",
      "type": "p",
      "color": "b"
    },
    {
      "square": "c6",
      "type": "p",
      "color": "b"
    },
    {
      "square": "e6",
      "type": "r",
      "color": "w"
    },
    {
      "square": "a5",
      "type": "p",
      "color": "b"
    },
    {
      "square": "c5",
      "type": "k",
      "color": "b"
    },
    {
      "square": "d5",
      "type": "b",
      "color": "w"
    },
    {
      "square": "a4",
      "type": "p",
      "color": "w"
    },
    {
      "square": "b2",
      "type": "p",
      "color": "w"
    },
    {
      "square": "d2",
      "type": "k",
      "color": "w"
    },
    {
      "square": "f2",
      "type": "p",
      "color": "w"
    }
  ],
  "nextTurn": "b"
}