{
  "event": "GCT St. Louis Rapid & Blitz",
  "site": "St. Louis MO USA",
  "date": "2019.08.12",
  "eventDate": "2019.08.10",
  "dateMillis": 1565539200000,
  "eventDateMillis": 1565366400000,
  "round": "7.4",
  "result": "1/2-1/2",
  "white": "Ding Liren",
  "black": "Sergey Karjakin",
  "isDingWin": false,
  "isDraw": true,
  "isDingBlack": false,
  "moves": [
    "Ra1+",
    "Ke2",
    "Ra2+",
    "Kf1",
    "Ra1+",
    "Kg2",
    "Ra4",
    "Rf5",
    "Kg6",
    "Rc5",
    "a5",
    "h5+",
    "Kh6",
    "Rf5",
    "Ra2",
    "Rxf6+",
    "Kxh5",
    "Rf5+",
    "Kg6",
    "Rf4",
    "Kg5",
    "e4",
    "a4",
    "e5",
    "Re2",
    "Rxa4",
    "Rxe5",
    "f4+",
    "gxf3+",
    "Kxf3"
  ],
  "statePieceCount": 11,
  "endPieceCount": 5,
  "boardState": [
    {
      "square": "g7",
      "type": "k",
      "color": "b"
    },
    {
      "square": "a6",
      "type": "p",
      "color": "b"
    },
    {
      "square": "f6",
      "type": "p",
      "color": "b"
    },
    {
      "square": "h5",
      "type": "r",
      "color": "w"
    },
    {
      "square": "a4",
      "type": "r",
      "color": "b"
    },
    {
      "square": "g4",
      "type": "p",
      "color": "b"
    },
    {
      "square": "h4",
      "type": "p",
      "color": "w"
    },
    {
      "square": "e3",
      "type": "p",
      "color": "w"
    },
    {
      "square": "g3",
      "type": "p",
      "color": "w"
    },
    {
      "square": "f2",
      "type": "p",
      "color": "w"
    },
    {
      "square": "e1",
      "type": "k",
      "color": "w"
    }
  ]
}