{
  "event": "World Cup",
  "site": "Khanty-Mansiysk RUS",
  "date": "2019.10.04",
  "eventDate": "2019.09.10",
  "dateMillis": 1570118400000,
  "eventDateMillis": 1568044800000,
  "round": "7.5",
  "result": "1/2-1/2",
  "white": "Teimour Radjabov",
  "black": "Ding Liren",
  "isDingWin": false,
  "isDraw": true,
  "isDingBlack": true,
  "moves": [
    "Bxf4"
  ],
  "statePieceCount": 11,
  "endPieceCount": 10,
  "boardState": [
    {
      "square": "c7",
      "type": "b",
      "color": "b"
    },
    {
      "square": "d7",
      "type": "b",
      "color": "w"
    },
    {
      "square": "b6",
      "type": "p",
      "color": "b"
    },
    {
      "square": "f6",
      "type": "k",
      "color": "b"
    },
    {
      "square": "f5",
      "type": "p",
      "color": "b"
    },
    {
      "square": "g5",
      "type": "p",
      "color": "b"
    },
    {
      "square": "a4",
      "type": "p",
      "color": "w"
    },
    {
      "square": "f4",
      "type": "b",
      "color": "w"
    },
    {
      "square": "h3",
      "type": "p",
      "color": "w"
    },
    {
      "square": "f2",
      "type": "p",
      "color": "w"
    },
    {
      "square": "g2",
      "type": "k",
      "color": "w"
    }
  ]
}