{
  "event": "GCT Kolkata Rapid & Blitz",
  "site": "Kolkata IND",
  "date": "2019.11.25",
  "eventDate": "2019.11.25",
  "dateMillis": 1574611200000,
  "eventDateMillis": 1574611200000,
  "round": "2.1",
  "result": "0-1",
  "white": "Ding Liren",
  "black": "Vidit Santosh Gujrathi",
  "isDingWin": false,
  "isDraw": false,
  "isDingBlack": false,
  "moves": [
    "Rxf4+",
    "Ke3",
    "Kg5",
    "Ra6",
    "Rf6",
    "a5",
    "Nf5+",
    "Kd2",
    "bxa5",
    "Rxa5",
    "Nd4",
    "Bc4",
    "Rf5",
    "Ke3",
    "Re5+",
    "Kf2",
    "Kf4",
    "Ra8",
    "g5",
    "Rf8+",
    "Rf5",
    "Rg8",
    "Kg4+",
    "Kg2",
    "Re5",
    "Kf2",
    "Nf5",
    "Bd3",
    "Nd6",
    "Be2+",
    "Kf4",
    "Rf8+",
    "Rf5",
    "Rg8",
    "Ne4+",
    "Kg2",
    "Ke3",
    "Bc4",
    "Rf2+",
    "Kh3",
    "Rc2",
    "Be6",
    "Rc3",
    "Rf8",
    "Kd4+",
    "Kg4",
    "Rg3+",
    "Kh5",
    "Rg1",
    "Bf5",
    "Ng3+",
    "Kg6",
    "Nxf5",
    "Rxf5",
    "c4"
  ],
  "statePieceCount": 11,
  "endPieceCount": 6,
  "boardState": [
    {
      "square": "a7",
      "type": "r",
      "color": "w"
    },
    {
      "square": "b6",
      "type": "p",
      "color": "b"
    },
    {
      "square": "f6",
      "type": "k",
      "color": "b"
    },
    {
      "square": "g6",
      "type": "p",
      "color": "b"
    },
    {
      "square": "b5",
      "type": "b",
      "color": "w"
    },
    {
      "square": "c5",
      "type": "p",
      "color": "b"
    },
    {
      "square": "a4",
      "type": "p",
      "color": "w"
    },
    {
      "square": "f4",
      "type": "p",
      "color": "w"
    },
    {
      "square": "g4",
      "type": "r",
      "color": "b"
    },
    {
      "square": "h4",
      "type": "n",
      "color": "b"
    },
    {
      "square": "f2",
      "type": "k",
      "color": "w"
    }
  ],
  "nextTurn": "b"
}