{
  "event": "GCT Kolkata Rapid & Blitz",
  "site": "Kolkata IND",
  "date": "2019.11.25",
  "eventDate": "2019.11.25",
  "dateMillis": 1574611200000,
  "eventDateMillis": 1574611200000,
  "round": "7.5",
  "result": "1/2-1/2",
  "white": "Ding Liren",
  "black": "Ian Nepomniachtchi",
  "isDingWin": false,
  "isDraw": true,
  "isDingBlack": false,
  "moves": [
    "Rc5",
    "Qd4",
    "Ra5",
    "g4",
    "h5",
    "Kg3",
    "hxg4",
    "hxg4",
    "a6",
    "f3",
    "Rd5",
    "Qf4+",
    "Kg7",
    "Qc7",
    "Kf7",
    "f4",
    "a5",
    "Kh4",
    "Ke8",
    "Qb8+",
    "Kf7",
    "Qa7",
    "Ke8",
    "g5",
    "Rf5",
    "Kh5",
    "Kf7",
    "Kh6",
    "Rxf4",
    "Kh5",
    "Rf5"
  ],
  "statePieceCount": 11,
  "endPieceCount": 8,
  "boardState": [
    {
      "square": "a7",
      "type": "p",
      "color": "b"
    },
    {
      "square": "e7",
      "type": "n",
      "color": "b"
    },
    {
      "square": "f7",
      "type": "k",
      "color": "b"
    },
    {
      "square": "h7",
      "type": "p",
      "color": "b"
    },
    {
      "square": "e6",
      "type": "p",
      "color": "b"
    },
    {
      "square": "h3",
      "type": "p",
      "color": "w"
    },
    {
      "square": "b2",
      "type": "q",
      "color": "w"
    },
    {
      "square": "f2",
      "type": "p",
      "color": "w"
    },
    {
      "square": "g2",
      "type": "p",
      "color": "w"
    },
    {
      "square": "h2",
      "type": "k",
      "color": "w"
    },
    {
      "square": "c1",
      "type": "r",
      "color": "b"
    }
  ]
}