{
  "event": "GCT Kolkata Rapid & Blitz",
  "site": "Kolkata IND",
  "date": "2019.11.26",
  "eventDate": "2019.11.25",
  "dateMillis": 1574697600000,
  "eventDateMillis": 1574611200000,
  "round": "13.4",
  "result": "1/2-1/2",
  "white": "Hikaru Nakamura",
  "black": "Ding Liren",
  "isDingWin": false,
  "isDraw": true,
  "isDingBlack": true,
  "moves": [
    "Kh7",
    "Bf6",
    "Ra2+",
    "Kd3",
    "Rd2+",
    "Kc3",
    "Rd5",
    "Re2",
    "Kg6",
    "Be7",
    "Ne5",
    "Rg2",
    "Rd3+",
    "Kc2",
    "Rg3",
    "Rd2",
    "Nxg4",
    "Bc5",
    "Ne3+",
    "Kb1",
    "Nc4",
    "Rd8",
    "g4",
    "Rg8+",
    "Kf5",
    "Rb8",
    "Rb3+",
    "Kc2",
    "Rb2+",
    "Kc3",
    "Re2",
    "Rxb5",
    "Ne5",
    "Rb8",
    "g3",
    "Rg8",
    "g2",
    "b5",
    "f3",
    "b6",
    "f2",
    "Bxf2",
    "Rxf2",
    "b7",
    "Nd7",
    "Rg7",
    "Rf1",
    "Rxg2",
    "Rb1",
    "Rb2",
    "Rxb2",
    "Kxb2",
    "Ke5"
  ],
  "statePieceCount": 11,
  "endPieceCount": 4,
  "boardState": [
    {
      "square": "e6",
      "type": "r",
      "color": "w"
    },
    {
      "square": "h6",
      "type": "k",
      "color": "b"
    },
    {
      "square": "b5",
      "type": "p",
      "color": "b"
    },
    {
      "square": "e5",
      "type": "b",
      "color": "w"
    },
    {
      "square": "g5",
      "type": "p",
      "color": "b"
    },
    {
      "square": "b4",
      "type": "p",
      "color": "w"
    },
    {
      "square": "f4",
      "type": "p",
      "color": "b"
    },
    {
      "square": "g4",
      "type": "p",
      "color": "w"
    },
    {
      "square": "a3",
      "type": "r",
      "color": "b"
    },
    {
      "square": "f3",
      "type": "n",
      "color": "b"
    },
    {
      "square": "c2",
      "type": "k",
      "color": "w"
    }
  ],
  "nextTurn": "b"
}