{
  "event": "Yinzhou Cup Men (Tiebreaks)",
  "site": "Ningbo CHN",
  "date": "2019.12.23",
  "eventDate": "2019.12.23",
  "dateMillis": 1577030400000,
  "eventDateMillis": 1577030400000,
  "round": "1",
  "result": "1/2-1/2",
  "white": "Ding Liren",
  "black": "Bu Xiangzhi",
  "isDingWin": false,
  "isDraw": true,
  "isDingBlack": false,
  "moves": [
    "Rxf6",
    "Be4",
    "d6",
    "Bc6",
    "Kf2",
    "Re4",
    "Bc5",
    "Rc4",
    "Rf5",
    "Rc2+",
    "Ke3",
    "Rxg2",
    "Rf8+",
    "Kg7",
    "Rc8",
    "Bb5",
    "Rb8",
    "Bc6",
    "Rc8",
    "Bb5",
    "Rb8",
    "Bc6",
    "Rb6",
    "Be8",
    "Rb8",
    "Kf7",
    "Rb7+",
    "Kf6",
    "h4",
    "Rh2",
    "Re7",
    "Bc6",
    "Bd4+",
    "Kf5",
    "Rc7",
    "Be8",
    "Rc8",
    "Bd7",
    "Rc7",
    "Ke6",
    "Bc5",
    "Rxh4",
    "Kd3",
    "Rh3+",
    "Kc4",
    "a3",
    "Bxa3",
    "Rxa3"
  ],
  "statePieceCount": 11,
  "endPieceCount": 6,
  "boardState": [
    {
      "square": "e8",
      "type": "r",
      "color": "b"
    },
    {
      "square": "g8",
      "type": "k",
      "color": "b"
    },
    {
      "square": "f6",
      "type": "q",
      "color": "b"
    },
    {
      "square": "g6",
      "type": "b",
      "color": "b"
    },
    {
      "square": "d5",
      "type": "p",
      "color": "w"
    },
    {
      "square": "a4",
      "type": "p",
      "color": "b"
    },
    {
      "square": "d4",
      "type": "b",
      "color": "w"
    },
    {
      "square": "g2",
      "type": "p",
      "color": "w"
    },
    {
      "square": "h2",
      "type": "p",
      "color": "w"
    },
    {
      "square": "f1",
      "type": "r",
      "color": "w"
    },
    {
      "square": "g1",
      "type": "k",
      "color": "w"
    }
  ],
  "nextTurn": "w"
}