{
  "event": "World Championship Candidates",
  "site": "Yekaterinburg RUS",
  "date": "2020.03.22",
  "eventDate": "2020.03.15",
  "dateMillis": 1584806400000,
  "eventDateMillis": 1584201600000,
  "round": "5",
  "result": "1/2-1/2",
  "white": "Alexander Grischuk",
  "black": "Ding Liren",
  "isDingWin": false,
  "isDraw": true,
  "isDingBlack": true,
  "moves": [
    "hxg4",
    "Rd6",
    "Kg2",
    "Kg6",
    "Kf3",
    "Bg5",
    "Ke4",
    "Bxe3",
    "fxe3",
    "Re6",
    "Rb7",
    "Re8",
    "Ra7"
  ],
  "statePieceCount": 11,
  "endPieceCount": 8,
  "boardState": [
    {
      "square": "d8",
      "type": "r",
      "color": "b"
    },
    {
      "square": "g7",
      "type": "p",
      "color": "b"
    },
    {
      "square": "h7",
      "type": "k",
      "color": "b"
    },
    {
      "square": "f6",
      "type": "b",
      "color": "b"
    },
    {
      "square": "e5",
      "type": "p",
      "color": "b"
    },
    {
      "square": "g4",
      "type": "p",
      "color": "b"
    },
    {
      "square": "e3",
      "type": "b",
      "color": "w"
    },
    {
      "square": "h3",
      "type": "p",
      "color": "w"
    },
    {
      "square": "f2",
      "type": "p",
      "color": "w"
    },
    {
      "square": "b1",
      "type": "r",
      "color": "w"
    },
    {
      "square": "g1",
      "type": "k",
      "color": "w"
    }
  ]
}