{
  "event": "Magnus Carlsen Invitational",
  "site": "chess24.com INT",
  "date": "2020.04.29",
  "eventDate": "2020.04.18",
  "dateMillis": 1588089600000,
  "eventDateMillis": 1587139200000,
  "round": "6.2",
  "result": "1/2-1/2",
  "white": "Ding Liren",
  "black": "Hikaru Nakamura",
  "isDingWin": false,
  "isDraw": true,
  "isDingBlack": false,
  "moves": [
    "Rxb4",
    "Rb6",
    "Ra4",
    "a6",
    "Rg4",
    "a7",
    "Ra4",
    "Rb7+",
    "Kf6",
    "Ke3",
    "g5",
    "hxg5+",
    "Kxg5",
    "Kd3",
    "Ra1",
    "Kc4",
    "f4",
    "gxf4+",
    "Kxf4",
    "Rh7",
    "Kg4",
    "Kb5",
    "h4",
    "Kb6",
    "h3",
    "Kb7",
    "Rxa7+",
    "Kxa7",
    "Kg3",
    "Rxh3+",
    "Kxh3"
  ],
  "statePieceCount": 11,
  "endPieceCount": 2,
  "boardState": [
    {
      "square": "g7",
      "type": "k",
      "color": "b"
    },
    {
      "square": "a6",
      "type": "r",
      "color": "w"
    },
    {
      "square": "g6",
      "type": "p",
      "color": "b"
    },
    {
      "square": "a5",
      "type": "p",
      "color": "w"
    },
    {
      "square": "f5",
      "type": "p",
      "color": "b"
    },
    {
      "square": "h5",
      "type": "p",
      "color": "b"
    },
    {
      "square": "b4",
      "type": "p",
      "color": "w"
    },
    {
      "square": "e4",
      "type": "r",
      "color": "b"
    },
    {
      "square": "h4",
      "type": "p",
      "color": "w"
    },
    {
      "square": "f3",
      "type": "k",
      "color": "w"
    },
    {
      "square": "g3",
      "type": "p",
      "color": "w"
    }
  ]
}