{
  "event": "Lindores Abbey Rapid Challenge",
  "site": "chess24.com INT",
  "date": "2020.05.20",
  "eventDate": "2020.05.19",
  "dateMillis": 1589904000000,
  "eventDateMillis": 1589817600000,
  "round": "7.2",
  "result": "1-0",
  "white": "Yu Yangyi",
  "black": "Ding Liren",
  "isDingWin": false,
  "isDraw": false,
  "isDingBlack": true,
  "moves": [
    "Kxd4",
    "Kg7",
    "d6",
    "Kf8",
    "Bd5",
    "Ke8",
    "Bc6+",
    "Kf7",
    "Kd5"
  ],
  "statePieceCount": 11,
  "endPieceCount": 10,
  "boardState": [
    {
      "square": "d8",
      "type": "r",
      "color": "b"
    },
    {
      "square": "h7",
      "type": "k",
      "color": "b"
    },
    {
      "square": "e6",
      "type": "b",
      "color": "w"
    },
    {
      "square": "g6",
      "type": "p",
      "color": "b"
    },
    {
      "square": "h6",
      "type": "p",
      "color": "b"
    },
    {
      "square": "d5",
      "type": "p",
      "color": "w"
    },
    {
      "square": "e5",
      "type": "p",
      "color": "w"
    },
    {
      "square": "c4",
      "type": "k",
      "color": "w"
    },
    {
      "square": "d4",
      "type": "n",
      "color": "b"
    },
    {
      "square": "h4",
      "type": "p",
      "color": "w"
    },
    {
      "square": "g3",
      "type": "p",
      "color": "w"
    }
  ],
  "nextTurn": "w"
}