{
  "event": "Lindores Abbey Rapid Challenge",
  "site": "chess24.com INT",
  "date": "2020.05.25",
  "eventDate": "2020.05.23",
  "dateMillis": 1590336000000,
  "eventDateMillis": 1590163200000,
  "round": "1.23",
  "result": "1/2-1/2",
  "white": "Ding Liren",
  "black": "Yu Yangyi",
  "isDingWin": false,
  "isDraw": true,
  "isDingBlack": false,
  "moves": [
    "c6",
    "Bxc6",
    "Rxc6",
    "Rh4",
    "Rxe6",
    "Rxh2+",
    "Re2",
    "Rxe2+",
    "Bxe2",
    "g6",
    "Ke3",
    "Kg7",
    "Kf4",
    "Kf6"
  ],
  "statePieceCount": 11,
  "endPieceCount": 5,
  "boardState": [
    {
      "square": "g8",
      "type": "k",
      "color": "b"
    },
    {
      "square": "g7",
      "type": "p",
      "color": "b"
    },
    {
      "square": "h7",
      "type": "p",
      "color": "b"
    },
    {
      "square": "e6",
      "type": "p",
      "color": "b"
    },
    {
      "square": "c5",
      "type": "p",
      "color": "w"
    },
    {
      "square": "b4",
      "type": "r",
      "color": "b"
    },
    {
      "square": "c3",
      "type": "r",
      "color": "w"
    },
    {
      "square": "d2",
      "type": "k",
      "color": "w"
    },
    {
      "square": "g2",
      "type": "b",
      "color": "b"
    },
    {
      "square": "h2",
      "type": "p",
      "color": "w"
    },
    {
      "square": "d1",
      "type": "b",
      "color": "w"
    }
  ]
}