{
  "event": "Lindores Abbey Rapid Challenge",
  "site": "chess24.com INT",
  "date": "2020.05.25",
  "eventDate": "2020.05.23",
  "dateMillis": 1590336000000,
  "eventDateMillis": 1590163200000,
  "round": "1.22",
  "result": "1/2-1/2",
  "white": "Yu Yangyi",
  "black": "Ding Liren",
  "isDingWin": false,
  "isDraw": true,
  "isDingBlack": true,
  "moves": [
    "Bxc6",
    "d4",
    "Be4",
    "h6",
    "Kf3",
    "Kf7",
    "Bd3",
    "Ke6",
    "Ke4",
    "Bc3",
    "h3",
    "Kd6",
    "Kf5",
    "Bd2",
    "Kg6",
    "Kc7",
    "a5",
    "Kb8",
    "a6",
    "Bg5",
    "Kf5",
    "Ka7",
    "Ke6",
    "Kb6",
    "Kd7",
    "Ka7",
    "Kc6",
    "Be3",
    "Kc5",
    "Bf2",
    "Kd5",
    "Be3",
    "Ke4",
    "Kb6",
    "Kd5",
    "Ka7",
    "Ke4",
    "Kb6",
    "Kd5",
    "Ka7"
  ],
  "statePieceCount": 11,
  "endPieceCount": 10,
  "boardState": [
    {
      "square": "g8",
      "type": "k",
      "color": "b"
    },
    {
      "square": "d7",
      "type": "b",
      "color": "w"
    },
    {
      "square": "h7",
      "type": "p",
      "color": "b"
    },
    {
      "square": "c6",
      "type": "p",
      "color": "b"
    },
    {
      "square": "a5",
      "type": "b",
      "color": "b"
    },
    {
      "square": "d5",
      "type": "p",
      "color": "b"
    },
    {
      "square": "a4",
      "type": "p",
      "color": "w"
    },
    {
      "square": "g4",
      "type": "p",
      "color": "w"
    },
    {
      "square": "h4",
      "type": "p",
      "color": "b"
    },
    {
      "square": "g2",
      "type": "k",
      "color": "w"
    },
    {
      "square": "h2",
      "type": "p",
      "color": "w"
    }
  ]
}