{
  "event": "Chessable Masters",
  "site": "chess24.com INT",
  "date": "2020.06.23",
  "eventDate": "2020.06.20",
  "dateMillis": 1592841600000,
  "eventDateMillis": 1592582400000,
  "round": "6",
  "result": "1/2-1/2",
  "white": "Ding Liren",
  "black": "Fabiano Caruana",
  "isDingWin": false,
  "isDraw": true,
  "isDingBlack": false,
  "moves": [
    "b7",
    "Kf6",
    "Rd8",
    "Rxb7",
    "Rxd6+",
    "Kf5",
    "Kg2",
    "f6",
    "Ra6",
    "Rb5",
    "Ra2",
    "g5",
    "Rf2+",
    "Kg4",
    "Rxf6",
    "Rb2+",
    "Rf2",
    "Rxf2+",
    "Kxf2",
    "gxh4",
    "gxh4",
    "Kxh4",
    "Kg2"
  ],
  "statePieceCount": 11,
  "endPieceCount": 3,
  "boardState": [
    {
      "square": "b8",
      "type": "r",
      "color": "w"
    },
    {
      "square": "f7",
      "type": "p",
      "color": "b"
    },
    {
      "square": "g7",
      "type": "k",
      "color": "b"
    },
    {
      "square": "b6",
      "type": "p",
      "color": "w"
    },
    {
      "square": "d6",
      "type": "p",
      "color": "b"
    },
    {
      "square": "g6",
      "type": "p",
      "color": "b"
    },
    {
      "square": "b5",
      "type": "r",
      "color": "b"
    },
    {
      "square": "h5",
      "type": "p",
      "color": "b"
    },
    {
      "square": "h4",
      "type": "p",
      "color": "w"
    },
    {
      "square": "g3",
      "type": "p",
      "color": "w"
    },
    {
      "square": "g1",
      "type": "k",
      "color": "w"
    }
  ],
  "nextTurn": "w"
}