{
  "event": "Chessable Masters",
  "site": "chess24.com INT",
  "date": "2020.06.28",
  "eventDate": "2020.06.25",
  "dateMillis": 1593273600000,
  "eventDateMillis": 1593014400000,
  "round": "1.21",
  "result": "1/2-1/2",
  "white": "Hikaru Nakamura",
  "black": "Ding Liren",
  "isDingWin": false,
  "isDraw": true,
  "isDingBlack": true,
  "moves": [
    "Ke2",
    "h5",
    "Kd3",
    "h4",
    "Rh1",
    "Rh8",
    "Nf3",
    "h3",
    "Rh2",
    "b5",
    "Ra2",
    "b4",
    "cxb4",
    "axb4",
    "Ke4",
    "b3",
    "Rb2",
    "Ke6",
    "Rxb3"
  ],
  "statePieceCount": 11,
  "endPieceCount": 8,
  "boardState": [
    {
      "square": "c8",
      "type": "r",
      "color": "b"
    },
    {
      "square": "f7",
      "type": "k",
      "color": "b"
    },
    {
      "square": "h7",
      "type": "p",
      "color": "b"
    },
    {
      "square": "b6",
      "type": "p",
      "color": "b"
    },
    {
      "square": "f6",
      "type": "p",
      "color": "b"
    },
    {
      "square": "a5",
      "type": "p",
      "color": "b"
    },
    {
      "square": "d4",
      "type": "n",
      "color": "w"
    },
    {
      "square": "f4",
      "type": "p",
      "color": "b"
    },
    {
      "square": "c3",
      "type": "p",
      "color": "w"
    },
    {
      "square": "f2",
      "type": "k",
      "color": "w"
    },
    {
      "square": "c1",
      "type": "r",
      "color": "w"
    }
  ],
  "nextTurn": "w"
}