{
  "event": "Legends of Chess",
  "site": "chess24.com INT",
  "date": "2020.07.25",
  "eventDate": "2020.07.21",
  "dateMillis": 1595606400000,
  "eventDateMillis": 1595260800000,
  "round": "5.4",
  "result": "0-1",
  "white": "Ding Liren",
  "black": "Vladimir Kramnik",
  "isDingWin": false,
  "isDraw": false,
  "isDingBlack": false,
  "moves": [
    "b4",
    "h5",
    "b5",
    "Rg3",
    "a4",
    "Nf3+",
    "Kf1",
    "Rg1+",
    "Ke2",
    "Nd4+",
    "Ke3",
    "Nb3",
    "Bc2",
    "Na5",
    "Rf5",
    "Rg3+",
    "Kd4",
    "h4",
    "Rh5",
    "Rg4+",
    "Kd5",
    "Rc4",
    "Be4",
    "Rxa4",
    "Rxh4",
    "f5",
    "Rf4",
    "fxe4",
    "Rxe4",
    "Rxe4",
    "Kxe4",
    "Kf6",
    "Kd5",
    "Ke7",
    "Kc5",
    "Kd7",
    "b6",
    "a6"
  ],
  "statePieceCount": 11,
  "endPieceCount": 5,
  "boardState": [
    {
      "square": "a7",
      "type": "p",
      "color": "b"
    },
    {
      "square": "f7",
      "type": "p",
      "color": "b"
    },
    {
      "square": "g7",
      "type": "k",
      "color": "b"
    },
    {
      "square": "h6",
      "type": "p",
      "color": "b"
    },
    {
      "square": "e5",
      "type": "n",
      "color": "b"
    },
    {
      "square": "f5",
      "type": "b",
      "color": "w"
    },
    {
      "square": "g5",
      "type": "r",
      "color": "b"
    },
    {
      "square": "b3",
      "type": "p",
      "color": "w"
    },
    {
      "square": "a2",
      "type": "p",
      "color": "w"
    },
    {
      "square": "f2",
      "type": "r",
      "color": "w"
    },
    {
      "square": "e1",
      "type": "k",
      "color": "w"
    }
  ]
}