{
  "event": "Legends of Chess",
  "site": "chess24.com INT",
  "date": "2020.07.24",
  "eventDate": "2020.07.21",
  "dateMillis": 1595520000000,
  "eventDateMillis": 1595260800000,
  "round": "4.1",
  "result": "1-0",
  "white": "Peter Svidler",
  "black": "Ding Liren",
  "isDingWin": false,
  "isDraw": false,
  "isDingBlack": true,
  "moves": [
    "a3",
    "Rdf5+",
    "Ke6",
    "Ra5",
    "Bg1",
    "Ra6+",
    "Ke7",
    "h4",
    "Bd4",
    "Kg4",
    "Ra1",
    "Rb5",
    "Bb2",
    "Kh5",
    "Re1",
    "g4",
    "Re6",
    "Rb7+",
    "Kf8",
    "Rxe6",
    "fxe6",
    "Ra7",
    "Ke8",
    "g5",
    "Kd8",
    "Kh6",
    "e5",
    "Kxh7",
    "e4",
    "g6",
    "e3",
    "Rxa3"
  ],
  "statePieceCount": 11,
  "endPieceCount": 7,
  "boardState": [
    {
      "square": "f7",
      "type": "p",
      "color": "b"
    },
    {
      "square": "h7",
      "type": "p",
      "color": "b"
    },
    {
      "square": "f6",
      "type": "k",
      "color": "b"
    },
    {
      "square": "d5",
      "type": "r",
      "color": "w"
    },
    {
      "square": "g5",
      "type": "r",
      "color": "w"
    },
    {
      "square": "a4",
      "type": "p",
      "color": "b"
    },
    {
      "square": "f3",
      "type": "k",
      "color": "w"
    },
    {
      "square": "g3",
      "type": "p",
      "color": "w"
    },
    {
      "square": "a2",
      "type": "r",
      "color": "b"
    },
    {
      "square": "f2",
      "type": "b",
      "color": "b"
    },
    {
      "square": "h2",
      "type": "p",
      "color": "w"
    }
  ],
  "nextTurn": "b"
}