{
  "event": "Legends of Chess",
  "site": "chess24.com INT",
  "date": "2020.07.28",
  "eventDate": "2020.07.21",
  "dateMillis": 1595865600000,
  "eventDateMillis": 1595260800000,
  "round": "8.2",
  "result": "1/2-1/2",
  "white": "Ding Liren",
  "black": "Viswanathan Anand",
  "isDingWin": false,
  "isDraw": true,
  "isDingBlack": false,
  "moves": [
    "Rxa6",
    "Bxa6",
    "Kg4",
    "Bd3",
    "Kf4",
    "Kg8",
    "Ke5",
    "Kf7",
    "Bf2",
    "Bc2",
    "Be3",
    "Bd3",
    "Bg5",
    "Bc2",
    "Bf4",
    "Bb1"
  ],
  "statePieceCount": 11,
  "endPieceCount": 9,
  "boardState": [
    {
      "square": "h7",
      "type": "k",
      "color": "b"
    },
    {
      "square": "a6",
      "type": "r",
      "color": "b"
    },
    {
      "square": "c6",
      "type": "p",
      "color": "b"
    },
    {
      "square": "g6",
      "type": "p",
      "color": "b"
    },
    {
      "square": "c5",
      "type": "p",
      "color": "w"
    },
    {
      "square": "d4",
      "type": "b",
      "color": "w"
    },
    {
      "square": "e4",
      "type": "p",
      "color": "w"
    },
    {
      "square": "h4",
      "type": "p",
      "color": "w"
    },
    {
      "square": "d3",
      "type": "b",
      "color": "b"
    },
    {
      "square": "h3",
      "type": "k",
      "color": "w"
    },
    {
      "square": "a1",
      "type": "r",
      "color": "w"
    }
  ]
}