{
  "event": "Magnus Carlsen Chess Tour Finals",
  "site": "chess24.com INT",
  "date": "2020.08.11",
  "eventDate": "2020.08.09",
  "dateMillis": 1597075200000,
  "eventDateMillis": 1596902400000,
  "round": "1.32",
  "result": "1-0",
  "white": "Magnus Carlsen",
  "black": "Ding Liren",
  "isDingWin": false,
  "isDraw": false,
  "isDingBlack": true,
  "moves": [
    "Bxg5",
    "a5",
    "Bd8",
    "a6",
    "Bb6",
    "Kb3",
    "Kf6",
    "Kc4",
    "Ke5",
    "Kb5",
    "Ba7",
    "Kc6"
  ],
  "statePieceCount": 11,
  "endPieceCount": 10,
  "boardState": [
    {
      "square": "g7",
      "type": "k",
      "color": "b"
    },
    {
      "square": "d6",
      "type": "p",
      "color": "b"
    },
    {
      "square": "g6",
      "type": "p",
      "color": "b"
    },
    {
      "square": "g5",
      "type": "r",
      "color": "w"
    },
    {
      "square": "a4",
      "type": "p",
      "color": "w"
    },
    {
      "square": "d4",
      "type": "p",
      "color": "b"
    },
    {
      "square": "d3",
      "type": "b",
      "color": "w"
    },
    {
      "square": "e3",
      "type": "b",
      "color": "b"
    },
    {
      "square": "a2",
      "type": "k",
      "color": "w"
    },
    {
      "square": "b2",
      "type": "p",
      "color": "w"
    },
    {
      "square": "h2",
      "type": "p",
      "color": "w"
    }
  ],
  "nextTurn": "b"
}