{
  "event": "Skilling Open",
  "site": "chess24.com INT",
  "date": "2020.11.22",
  "eventDate": "2020.11.22",
  "dateMillis": 1605974400000,
  "eventDateMillis": 1605974400000,
  "round": "4",
  "result": "1/2-1/2",
  "white": "Ding Liren",
  "black": "Vidit Santosh Gujrathi",
  "isDingWin": false,
  "isDraw": true,
  "isDingBlack": false,
  "moves": [
    "Kd6",
    "Rh7",
    "Kc6",
    "Rh2",
    "Kc7",
    "Rh4",
    "Kc6",
    "Rh6+",
    "Kc7",
    "Rg6",
    "Rc2",
    "Rg5",
    "Rc1",
    "d4",
    "cxd4",
    "Kxd4",
    "Rb1",
    "Kc4",
    "Kc6",
    "Rg6+",
    "Kb7",
    "b4",
    "axb4",
    "cxb4",
    "Rh1",
    "Rg7+",
    "Kc6",
    "b5+",
    "Kd6",
    "Rb7",
    "Rh4+",
    "Kb3",
    "Rh3+",
    "Kb4",
    "Rh4+",
    "Kb3",
    "Rh3+",
    "Kb4",
    "Rh4+",
    "Kb3"
  ],
  "statePieceCount": 11,
  "endPieceCount": 7,
  "boardState": [
    {
      "square": "c7",
      "type": "r",
      "color": "w"
    },
    {
      "square": "b6",
      "type": "p",
      "color": "b"
    },
    {
      "square": "a5",
      "type": "p",
      "color": "b"
    },
    {
      "square": "c5",
      "type": "p",
      "color": "b"
    },
    {
      "square": "e5",
      "type": "k",
      "color": "b"
    },
    {
      "square": "a4",
      "type": "p",
      "color": "w"
    },
    {
      "square": "c4",
      "type": "k",
      "color": "w"
    },
    {
      "square": "b3",
      "type": "p",
      "color": "w"
    },
    {
      "square": "c3",
      "type": "p",
      "color": "w"
    },
    {
      "square": "d3",
      "type": "p",
      "color": "w"
    },
    {
      "square": "c1",
      "type": "r",
      "color": "b"
    }
  ]
}