{
  "event": "Opera Euro Rapid",
  "site": "chess24.com INT",
  "date": "2021.02.06",
  "eventDate": "2021.02.06",
  "dateMillis": 1612540800000,
  "eventDateMillis": 1612540800000,
  "round": "2.6",
  "result": "1/2-1/2",
  "white": "Ding Liren",
  "black": "Matthias Bluebaum",
  "isDingWin": false,
  "isDraw": true,
  "isDingBlack": false,
  "moves": [
    "Rc8",
    "Ra7",
    "Bc2",
    "Rd7",
    "Kf6",
    "Bd4+",
    "Ke6",
    "Rd6+",
    "Ke7",
    "Bf6+",
    "Kf7",
    "f4",
    "Be4",
    "Kg4",
    "Rb8",
    "f5",
    "Rb3",
    "Be5",
    "Rd3",
    "Rf6+",
    "Kg8",
    "Rg6+",
    "Kf8",
    "Re6",
    "Bd5",
    "Rf6+",
    "Ke7",
    "Rh6",
    "Rxa3",
    "Rh7+",
    "Ke8",
    "f6",
    "Rf3",
    "Re7+",
    "Kd8",
    "Ra7",
    "a3",
    "Bf4",
    "a2",
    "f7",
    "Rxf4+",
    "Kxf4",
    "Bxf7",
    "Ke5",
    "Kc8",
    "Kd6",
    "Bd5",
    "Ra3",
    "Kb7",
    "Kd7",
    "Bc4",
    "Kd6",
    "Bd5",
    "Ke5",
    "Bc4",
    "Kd4",
    "Bd5",
    "Kc3",
    "Be6",
    "Kb2",
    "Bd5",
    "Kc3",
    "Be6"
  ],
  "statePieceCount": 11,
  "endPieceCount": 7,
  "boardState": [
    {
      "square": "g8",
      "type": "r",
      "color": "b"
    },
    {
      "square": "c7",
      "type": "r",
      "color": "w"
    },
    {
      "square": "c6",
      "type": "p",
      "color": "b"
    },
    {
      "square": "g6",
      "type": "k",
      "color": "b"
    },
    {
      "square": "c5",
      "type": "p",
      "color": "w"
    },
    {
      "square": "f5",
      "type": "b",
      "color": "b"
    },
    {
      "square": "a4",
      "type": "p",
      "color": "b"
    },
    {
      "square": "a3",
      "type": "p",
      "color": "w"
    },
    {
      "square": "e3",
      "type": "b",
      "color": "w"
    },
    {
      "square": "f3",
      "type": "p",
      "color": "w"
    },
    {
      "square": "g3",
      "type": "k",
      "color": "w"
    }
  ],
  "nextTurn": "b"
}