{
  "event": "Opera Euro Rapid",
  "site": "chess24.com INT",
  "date": "2021.02.07",
  "eventDate": "2021.02.06",
  "dateMillis": 1612627200000,
  "eventDateMillis": 1612540800000,
  "round": "6.4",
  "result": "0-1",
  "white": "Ding Liren",
  "black": "Alexander Grischuk",
  "isDingWin": false,
  "isDraw": false,
  "isDingBlack": false,
  "moves": [
    "Rxh6",
    "Rg7",
    "f4",
    "Rxa7",
    "Rf6",
    "Kc3",
    "f3",
    "Re7+",
    "Kf4",
    "Re1",
    "f2",
    "Rf1",
    "Ke3",
    "c5",
    "bxc5",
    "a5",
    "Rf4",
    "Ra1",
    "Ra4",
    "Rh1",
    "Rb4",
    "Ra1",
    "Rxb5",
    "a6",
    "Rb8",
    "Kc4",
    "Ra8",
    "Kb5",
    "c4",
    "Rb1"
  ],
  "statePieceCount": 11,
  "endPieceCount": 7,
  "boardState": [
    {
      "square": "a7",
      "type": "p",
      "color": "b"
    },
    {
      "square": "b6",
      "type": "p",
      "color": "b"
    },
    {
      "square": "e6",
      "type": "r",
      "color": "b"
    },
    {
      "square": "h6",
      "type": "p",
      "color": "w"
    },
    {
      "square": "b5",
      "type": "p",
      "color": "w"
    },
    {
      "square": "f5",
      "type": "p",
      "color": "b"
    },
    {
      "square": "a4",
      "type": "p",
      "color": "w"
    },
    {
      "square": "c4",
      "type": "p",
      "color": "w"
    },
    {
      "square": "e4",
      "type": "k",
      "color": "b"
    },
    {
      "square": "b3",
      "type": "k",
      "color": "w"
    },
    {
      "square": "g2",
      "type": "r",
      "color": "w"
    }
  ],
  "nextTurn": "b"
}