{
  "event": "FTX Crypto Cup",
  "site": "chess24.com INT",
  "date": "2021.05.25",
  "eventDate": "2021.05.23",
  "dateMillis": 1621872000000,
  "eventDateMillis": 1621699200000,
  "round": "14.6",
  "result": "1-0",
  "white": "Ian Nepomniachtchi",
  "black": "Ding Liren",
  "isDingWin": false,
  "isDraw": false,
  "isDingBlack": true,
  "moves": [
    "Na6",
    "b4",
    "Ke7",
    "Kb2",
    "Kd6",
    "Kc3",
    "Kc6",
    "Nd4+",
    "Kxb6",
    "Nxe6",
    "g6",
    "a4"
  ],
  "statePieceCount": 11,
  "endPieceCount": 9,
  "boardState": [
    {
      "square": "c7",
      "type": "n",
      "color": "b"
    },
    {
      "square": "g7",
      "type": "p",
      "color": "b"
    },
    {
      "square": "b6",
      "type": "p",
      "color": "w"
    },
    {
      "square": "e6",
      "type": "p",
      "color": "b"
    },
    {
      "square": "f6",
      "type": "k",
      "color": "b"
    },
    {
      "square": "f5",
      "type": "p",
      "color": "b"
    },
    {
      "square": "a3",
      "type": "p",
      "color": "w"
    },
    {
      "square": "f3",
      "type": "n",
      "color": "w"
    },
    {
      "square": "b2",
      "type": "p",
      "color": "w"
    },
    {
      "square": "f2",
      "type": "p",
      "color": "w"
    },
    {
      "square": "a1",
      "type": "k",
      "color": "w"
    }
  ],
  "nextTurn": "b"
}