{
  "event": "FTX Crypto Cup",
  "site": "chess24.com INT",
  "date": "2021.05.24",
  "eventDate": "2021.05.23",
  "dateMillis": 1621785600000,
  "eventDateMillis": 1621699200000,
  "round": "10.4",
  "result": "1/2-1/2",
  "white": "Peter Svidler",
  "black": "Ding Liren",
  "isDingWin": false,
  "isDraw": true,
  "isDingBlack": true,
  "moves": [
    "Rxa7",
    "g6",
    "h4",
    "h5",
    "Kg2",
    "Kg7",
    "Ra8",
    "Rb2",
    "Ra7",
    "Rb3",
    "Ra8",
    "Rb2",
    "Ra7",
    "Rb3"
  ],
  "statePieceCount": 11,
  "endPieceCount": 10,
  "boardState": [
    {
      "square": "f8",
      "type": "k",
      "color": "b"
    },
    {
      "square": "a7",
      "type": "p",
      "color": "b"
    },
    {
      "square": "f7",
      "type": "p",
      "color": "b"
    },
    {
      "square": "g7",
      "type": "p",
      "color": "b"
    },
    {
      "square": "h7",
      "type": "p",
      "color": "b"
    },
    {
      "square": "a5",
      "type": "r",
      "color": "w"
    },
    {
      "square": "b3",
      "type": "r",
      "color": "b"
    },
    {
      "square": "g3",
      "type": "p",
      "color": "w"
    },
    {
      "square": "f2",
      "type": "p",
      "color": "w"
    },
    {
      "square": "h2",
      "type": "p",
      "color": "w"
    },
    {
      "square": "f1",
      "type": "k",
      "color": "w"
    }
  ]
}