{
  "event": "Goldmoney Asian Rapid",
  "site": "chess24.com INT",
  "date": "2021.06.27",
  "eventDate": "2021.06.26",
  "dateMillis": 1624723200000,
  "eventDateMillis": 1624636800000,
  "round": "8.6",
  "result": "1/2-1/2",
  "white": "Ding Liren",
  "black": "Yifan Hou",
  "isDingWin": false,
  "isDraw": true,
  "isDingBlack": false,
  "moves": [
    "axb3",
    "Kf5",
    "Ng2",
    "Bb6",
    "Nh4+",
    "Kf6",
    "Ng2",
    "Kf5",
    "Nh4+",
    "Kf6",
    "Ng2",
    "Kf5"
  ],
  "statePieceCount": 11,
  "endPieceCount": 10,
  "boardState": [
    {
      "square": "f6",
      "type": "k",
      "color": "b"
    },
    {
      "square": "b5",
      "type": "p",
      "color": "b"
    },
    {
      "square": "c5",
      "type": "b",
      "color": "b"
    },
    {
      "square": "d5",
      "type": "p",
      "color": "b"
    },
    {
      "square": "h5",
      "type": "p",
      "color": "b"
    },
    {
      "square": "f4",
      "type": "p",
      "color": "w"
    },
    {
      "square": "b3",
      "type": "p",
      "color": "b"
    },
    {
      "square": "f3",
      "type": "k",
      "color": "w"
    },
    {
      "square": "h3",
      "type": "p",
      "color": "w"
    },
    {
      "square": "a2",
      "type": "p",
      "color": "w"
    },
    {
      "square": "e1",
      "type": "n",
      "color": "w"
    }
  ],
  "nextTurn": "w"
}