{
  "event": "Goldmoney Asian Rapid",
  "site": "chess24.com INT",
  "date": "2021.07.03",
  "eventDate": "2021.06.26",
  "dateMillis": 1625241600000,
  "eventDateMillis": 1624636800000,
  "round": "3.14",
  "result": "1/2-1/2",
  "white": "Ding Liren",
  "black": "Magnus Carlsen",
  "isDingWin": false,
  "isDraw": true,
  "isDingBlack": false,
  "moves": [
    "Kc3",
    "Ra4",
    "e5",
    "g5",
    "Kb3",
    "Re4",
    "Rf2",
    "Re3+",
    "Kc4",
    "gxf4",
    "gxf4",
    "Re4+",
    "Kb3",
    "Re3+",
    "Ka2",
    "Ke6",
    "f5+",
    "Kf7",
    "e6+",
    "Kf6",
    "h4",
    "h5",
    "Rf4",
    "Rd3",
    "Rf1",
    "Re3",
    "Rf2",
    "Rd3",
    "Re2",
    "Rd8",
    "Rf2",
    "Rd3",
    "Rf4",
    "Re3",
    "Rf1",
    "Rd3",
    "Re1",
    "Rd8",
    "Kxa3",
    "Kxf5",
    "e7",
    "Re8",
    "Kb4",
    "Kf6",
    "Kc5",
    "Rxe7",
    "Rxe7",
    "Kxe7",
    "Kd5",
    "Kf6",
    "Ke4",
    "Ke6",
    "Kf4",
    "Kf6",
    "Ke4",
    "Ke6",
    "Kf4",
    "Kf6",
    "Ke4"
  ],
  "statePieceCount": 11,
  "endPieceCount": 4,
  "boardState": [
    {
      "square": "a8",
      "type": "r",
      "color": "b"
    },
    {
      "square": "f7",
      "type": "k",
      "color": "b"
    },
    {
      "square": "g7",
      "type": "p",
      "color": "b"
    },
    {
      "square": "h6",
      "type": "p",
      "color": "b"
    },
    {
      "square": "e4",
      "type": "p",
      "color": "w"
    },
    {
      "square": "f4",
      "type": "p",
      "color": "w"
    },
    {
      "square": "a3",
      "type": "p",
      "color": "b"
    },
    {
      "square": "d3",
      "type": "k",
      "color": "w"
    },
    {
      "square": "g3",
      "type": "p",
      "color": "w"
    },
    {
      "square": "a2",
      "type": "r",
      "color": "w"
    },
    {
      "square": "h2",
      "type": "p",
      "color": "w"
    }
  ],
  "nextTurn": "w"
}