{
  "event": "Goldmoney Asian Rapid",
  "site": "chess24.com INT",
  "date": "2021.06.29",
  "eventDate": "2021.06.26",
  "dateMillis": 1624896000000,
  "eventDateMillis": 1624636800000,
  "round": "1.11",
  "result": "1/2-1/2",
  "white": "Jan-Krzysztof Duda",
  "black": "Ding Liren",
  "isDingWin": false,
  "isDraw": true,
  "isDingBlack": true,
  "moves": [
    "Rxc6",
    "Rg4",
    "d5",
    "Rg8",
    "d6",
    "h4",
    "Rc3",
    "Rxa4",
    "Bf6",
    "Ra5+",
    "Ke6",
    "Rh5",
    "Rh3",
    "Rf8",
    "Bg5",
    "Kg6",
    "d7",
    "Rxg5",
    "fxg5",
    "Kxg5",
    "Rc3",
    "Rd8",
    "Rc8",
    "Rxd7",
    "Kxd7",
    "h3",
    "Ke6",
    "Kg4",
    "Rc4+",
    "Kg3",
    "Kf5",
    "h2",
    "Rc3+",
    "Kg2",
    "Kg4",
    "h1=Q",
    "Rc2+",
    "Kg1",
    "Rc1+",
    "Kh2",
    "Rxh1+",
    "Kxh1"
  ],
  "statePieceCount": 11,
  "endPieceCount": 2,
  "boardState": [
    {
      "square": "a7",
      "type": "r",
      "color": "b"
    },
    {
      "square": "h7",
      "type": "k",
      "color": "b"
    },
    {
      "square": "c6",
      "type": "p",
      "color": "b"
    },
    {
      "square": "e5",
      "type": "b",
      "color": "w"
    },
    {
      "square": "f5",
      "type": "k",
      "color": "w"
    },
    {
      "square": "h5",
      "type": "p",
      "color": "b"
    },
    {
      "square": "a4",
      "type": "p",
      "color": "w"
    },
    {
      "square": "c4",
      "type": "r",
      "color": "w"
    },
    {
      "square": "d4",
      "type": "p",
      "color": "w"
    },
    {
      "square": "f4",
      "type": "p",
      "color": "w"
    },
    {
      "square": "h4",
      "type": "r",
      "color": "b"
    }
  ]
}