{
  "event": "GM Warmup Match 2021",
  "site": "Hangzhou CHN",
  "date": "2021.11.25",
  "eventDate": "2021.11.22",
  "dateMillis": 1637769600000,
  "eventDateMillis": 1637510400000,
  "round": "4.1",
  "result": "1-0",
  "white": "Ding Liren",
  "black": "Shanglei Lu",
  "isDingWin": true,
  "isDraw": false,
  "isDingBlack": false,
  "moves": [
    "Bxg3",
    "Bb6",
    "Kg6",
    "a5",
    "Kf5",
    "a6",
    "Bb8",
    "b4",
    "Ke6",
    "Bc7",
    "Ba7",
    "b5",
    "Kd7",
    "b6",
    "Bxb6",
    "Bxb6",
    "Kc6",
    "Bd8"
  ],
  "statePieceCount": 11,
  "endPieceCount": 8,
  "boardState": [
    {
      "square": "h7",
      "type": "k",
      "color": "b"
    },
    {
      "square": "f6",
      "type": "p",
      "color": "b"
    },
    {
      "square": "a5",
      "type": "b",
      "color": "w"
    },
    {
      "square": "g5",
      "type": "p",
      "color": "b"
    },
    {
      "square": "h5",
      "type": "p",
      "color": "b"
    },
    {
      "square": "a4",
      "type": "p",
      "color": "w"
    },
    {
      "square": "b3",
      "type": "p",
      "color": "w"
    },
    {
      "square": "g3",
      "type": "p",
      "color": "w"
    },
    {
      "square": "h3",
      "type": "p",
      "color": "w"
    },
    {
      "square": "h2",
      "type": "b",
      "color": "b"
    },
    {
      "square": "d1",
      "type": "k",
      "color": "w"
    }
  ]
}