{
  "event": "TCh-CHN",
  "site": "Shanghai CHN",
  "date": "2010.07.25",
  "dateMillis": 1279987200000,
  "eventDateMillis": null,
  "round": "8",
  "result": "1-0",
  "white": "Alexander Motylev",
  "black": "Ding Liren",
  "isDingWin": false,
  "isDraw": false,
  "isDingBlack": true,
  "moves": [
    "Rf4",
    "Rc5+",
    "Kd7",
    "a5",
    "Rxg4",
    "a6",
    "Re4",
    "Rf5",
    "Re7",
    "a7",
    "Re8",
    "Rxf7+",
    "Kc6",
    "Kc3",
    "Kb6",
    "Kd4",
    "Ra8",
    "Rh7",
    "g4",
    "Ke3"
  ],
  "statePieceCount": 11,
  "endPieceCount": 9,
  "boardState": [
    {
      "square": "c8",
      "type": "k",
      "color": "b"
    },
    {
      "square": "f7",
      "type": "p",
      "color": "b"
    },
    {
      "square": "f6",
      "type": "r",
      "color": "b"
    },
    {
      "square": "h6",
      "type": "p",
      "color": "b"
    },
    {
      "square": "a5",
      "type": "r",
      "color": "w"
    },
    {
      "square": "g5",
      "type": "p",
      "color": "b"
    },
    {
      "square": "h5",
      "type": "p",
      "color": "w"
    },
    {
      "square": "a4",
      "type": "p",
      "color": "w"
    },
    {
      "square": "g4",
      "type": "p",
      "color": "w"
    },
    {
      "square": "b3",
      "type": "p",
      "color": "w"
    },
    {
      "square": "b2",
      "type": "k",
      "color": "w"
    }
  ]
}