{
  "event": "Airthings Masters",
  "site": "Chess24",
  "eventDate": "2022.02.13",
  "dateMillis": null,
  "eventDateMillis": 1644681600000,
  "round": "2.3",
  "result": "1/2-1/2",
  "white": "Ding Liren",
  "black": "Hans Moke Niemann",
  "isDingWin": false,
  "isDraw": true,
  "isDingBlack": false,
  "moves": [
    "Rc1",
    "Nd6",
    "Rxc7",
    "Nxb5",
    "Rc6+",
    "Kf5",
    "Rxb6",
    "Nc3",
    "Kxh6",
    "Ne4",
    "Rb5+",
    "Kf4",
    "Kg6",
    "Nf2",
    "Rb3",
    "Ne4",
    "Ra3",
    "f5",
    "Ra5",
    "Ng3",
    "Ra4+",
    "Ne4",
    "Rb4",
    "Kg3",
    "Kxf5",
    "Nf2",
    "Rb3+",
    "Kh4",
    "Rb4+",
    "Kxh3",
    "Kxg5",
    "Kg3",
    "Rb3+",
    "Kg2",
    "Kf4",
    "Nh3+",
    "Ke3",
    "Kg3",
    "Rb8",
    "Kg4",
    "Rb4+",
    "Kf5",
    "Rb5+",
    "Kf6",
    "Rc5",
    "Ng5",
    "Rxg5",
    "Kxg5"
  ],
  "statePieceCount": 11,
  "endPieceCount": 2,
  "boardState": [
    {
      "square": "c7",
      "type": "p",
      "color": "b"
    },
    {
      "square": "b6",
      "type": "p",
      "color": "b"
    },
    {
      "square": "e6",
      "type": "k",
      "color": "b"
    },
    {
      "square": "f6",
      "type": "p",
      "color": "b"
    },
    {
      "square": "h6",
      "type": "p",
      "color": "b"
    },
    {
      "square": "b5",
      "type": "p",
      "color": "w"
    },
    {
      "square": "g5",
      "type": "p",
      "color": "b"
    },
    {
      "square": "h5",
      "type": "k",
      "color": "w"
    },
    {
      "square": "c4",
      "type": "n",
      "color": "b"
    },
    {
      "square": "h3",
      "type": "p",
      "color": "w"
    },
    {
      "square": "d1",
      "type": "r",
      "color": "w"
    }
  ]
}