{
  "event": "Airthings Masters",
  "site": "Chess24",
  "date": "2022.02.23",
  "eventDate": "2022.02.13",
  "dateMillis": 1645545600000,
  "eventDateMillis": 1644681600000,
  "round": "2.3",
  "result": "1/2-1/2",
  "white": "Vladislav Artemiev",
  "black": "Ding Liren",
  "isDingWin": false,
  "isDraw": true,
  "isDingBlack": true,
  "moves": [
    "fxe5+",
    "Kxe5",
    "Nc4+",
    "Kf6",
    "Nxe3",
    "Kg6",
    "b5",
    "h3",
    "Kc5",
    "Kxh6",
    "Kc4",
    "Ne4",
    "Kd4",
    "Nd6",
    "Kc5",
    "Ne4+",
    "Kd4",
    "Nf2",
    "Nc4",
    "h4",
    "Ke3",
    "Nd1+",
    "Kd2",
    "Nf2",
    "Nxa3",
    "h5",
    "b4",
    "Ne4+",
    "Kd3",
    "Nc5+",
    "Kc4",
    "Na4",
    "b3",
    "Kg6",
    "Kb4",
    "Nb2",
    "Kc3",
    "Na4+",
    "Kb4",
    "Nb2",
    "Kc3",
    "Na4+",
    "Kb4"
  ],
  "statePieceCount": 11,
  "endPieceCount": 6,
  "boardState": [
    {
      "square": "b6",
      "type": "p",
      "color": "b"
    },
    {
      "square": "c6",
      "type": "k",
      "color": "b"
    },
    {
      "square": "f6",
      "type": "p",
      "color": "b"
    },
    {
      "square": "h6",
      "type": "p",
      "color": "b"
    },
    {
      "square": "e5",
      "type": "p",
      "color": "w"
    },
    {
      "square": "d4",
      "type": "k",
      "color": "w"
    },
    {
      "square": "a3",
      "type": "p",
      "color": "w"
    },
    {
      "square": "c3",
      "type": "n",
      "color": "w"
    },
    {
      "square": "e3",
      "type": "p",
      "color": "w"
    },
    {
      "square": "b2",
      "type": "n",
      "color": "b"
    },
    {
      "square": "h2",
      "type": "p",
      "color": "w"
    }
  ]
}