{
  "event": "Charity Cup",
  "site": "Chess24",
  "date": "2022.03.20",
  "eventDate": "2022.03.19",
  "dateMillis": 1647705600000,
  "eventDateMillis": 1647619200000,
  "round": "5.2",
  "result": "1/2-1/2",
  "white": "David Navara",
  "black": "Ding Liren",
  "isDingWin": false,
  "isDraw": true,
  "isDingBlack": true,
  "moves": [
    "Rxg5+",
    "Kf8",
    "Rxa4",
    "Rxa4",
    "g3",
    "Ke7",
    "Kg2",
    "Ra3",
    "Rh5",
    "Rb3",
    "Ra5",
    "Kf6",
    "Rc5",
    "Rb2",
    "Ra5",
    "Rb3",
    "Rc5",
    "Rb2",
    "Ra5",
    "Rb3"
  ],
  "statePieceCount": 11,
  "endPieceCount": 8,
  "boardState": [
    {
      "square": "g8",
      "type": "k",
      "color": "b"
    },
    {
      "square": "f7",
      "type": "p",
      "color": "b"
    },
    {
      "square": "e6",
      "type": "p",
      "color": "b"
    },
    {
      "square": "c5",
      "type": "r",
      "color": "w"
    },
    {
      "square": "g5",
      "type": "p",
      "color": "b"
    },
    {
      "square": "a4",
      "type": "r",
      "color": "b"
    },
    {
      "square": "e4",
      "type": "r",
      "color": "w"
    },
    {
      "square": "a2",
      "type": "r",
      "color": "b"
    },
    {
      "square": "f2",
      "type": "p",
      "color": "w"
    },
    {
      "square": "g2",
      "type": "p",
      "color": "w"
    },
    {
      "square": "g1",
      "type": "k",
      "color": "w"
    }
  ]
}