{
  "event": "Charity Cup",
  "site": "Chess24",
  "date": "2022.03.19",
  "eventDate": "2022.03.19",
  "dateMillis": 1647619200000,
  "eventDateMillis": 1647619200000,
  "round": "1.2",
  "result": "1-0",
  "white": "Ding Liren",
  "black": "Pentala Harikrishna",
  "isDingWin": true,
  "isDraw": false,
  "isDingBlack": false,
  "moves": [
    "Rc6",
    "Ke5",
    "a6",
    "Ra2",
    "b5",
    "f5",
    "gxf5",
    "exf5",
    "Kb6",
    "g4",
    "Ka7",
    "Ke4",
    "b6",
    "g3",
    "b7",
    "Rb2",
    "Rg6",
    "g2",
    "b8=Q"
  ],
  "statePieceCount": 11,
  "endPieceCount": 9,
  "boardState": [
    {
      "square": "f7",
      "type": "p",
      "color": "b"
    },
    {
      "square": "a6",
      "type": "r",
      "color": "w"
    },
    {
      "square": "e6",
      "type": "p",
      "color": "b"
    },
    {
      "square": "f6",
      "type": "k",
      "color": "b"
    },
    {
      "square": "a5",
      "type": "p",
      "color": "w"
    },
    {
      "square": "c5",
      "type": "k",
      "color": "w"
    },
    {
      "square": "g5",
      "type": "p",
      "color": "b"
    },
    {
      "square": "b4",
      "type": "p",
      "color": "w"
    },
    {
      "square": "g4",
      "type": "p",
      "color": "w"
    },
    {
      "square": "e3",
      "type": "p",
      "color": "w"
    },
    {
      "square": "f2",
      "type": "r",
      "color": "b"
    }
  ]
}