{
  "event": "Charity Cup",
  "site": "Chess24",
  "date": "2022.03.24",
  "eventDate": "2022.03.19",
  "dateMillis": 1648051200000,
  "eventDateMillis": 1647619200000,
  "round": "2.4",
  "result": "1/2-1/2",
  "white": "Ding Liren",
  "black": "Magnus Carlsen",
  "isDingWin": false,
  "isDraw": true,
  "isDingBlack": false,
  "moves": [
    "Rxc6+",
    "Kf5",
    "Rd6",
    "Rb3+",
    "Kh2",
    "Rb5",
    "Kg3",
    "Rb3+",
    "Kh2",
    "Rb5",
    "Kg3",
    "Rb3+"
  ],
  "statePieceCount": 11,
  "endPieceCount": 10,
  "boardState": [
    {
      "square": "c7",
      "type": "r",
      "color": "w"
    },
    {
      "square": "c6",
      "type": "p",
      "color": "b"
    },
    {
      "square": "f6",
      "type": "k",
      "color": "b"
    },
    {
      "square": "g6",
      "type": "p",
      "color": "b"
    },
    {
      "square": "d5",
      "type": "p",
      "color": "b"
    },
    {
      "square": "d4",
      "type": "p",
      "color": "w"
    },
    {
      "square": "g4",
      "type": "p",
      "color": "b"
    },
    {
      "square": "h4",
      "type": "p",
      "color": "w"
    },
    {
      "square": "g3",
      "type": "k",
      "color": "w"
    },
    {
      "square": "b2",
      "type": "r",
      "color": "b"
    },
    {
      "square": "g2",
      "type": "p",
      "color": "w"
    }
  ],
  "nextTurn": "w"
}