{
  "event": "Charity Cup",
  "site": "Chess24",
  "date": "2022.03.23",
  "eventDate": "2022.03.19",
  "dateMillis": 1647964800000,
  "eventDateMillis": 1647619200000,
  "round": "1.11",
  "result": "1-0",
  "white": "Ding Liren",
  "black": "Van Foreest, Jorden",
  "isDingWin": true,
  "isDraw": false,
  "isDingBlack": false,
  "moves": [
    "Rc8",
    "c7",
    "Kf6",
    "Rd6+",
    "Ke7",
    "Rc6",
    "Kd7",
    "Rc4",
    "Rg8+",
    "Kf3",
    "Kc8",
    "a4",
    "Rg1",
    "Rxf4",
    "Kxc7",
    "Rxf7+"
  ],
  "statePieceCount": 11,
  "endPieceCount": 8,
  "boardState": [
    {
      "square": "f8",
      "type": "r",
      "color": "b"
    },
    {
      "square": "d7",
      "type": "r",
      "color": "w"
    },
    {
      "square": "f7",
      "type": "p",
      "color": "b"
    },
    {
      "square": "g7",
      "type": "k",
      "color": "b"
    },
    {
      "square": "h7",
      "type": "p",
      "color": "b"
    },
    {
      "square": "c6",
      "type": "p",
      "color": "w"
    },
    {
      "square": "f4",
      "type": "p",
      "color": "b"
    },
    {
      "square": "a3",
      "type": "p",
      "color": "w"
    },
    {
      "square": "f2",
      "type": "p",
      "color": "w"
    },
    {
      "square": "g2",
      "type": "k",
      "color": "w"
    },
    {
      "square": "h2",
      "type": "p",
      "color": "w"
    }
  ],
  "nextTurn": "b"
}