{
  "event": "Team Asian Games Q2",
  "site": "Hangzhou CHN",
  "date": "2022.04.22",
  "eventDate": "2022.04.14",
  "dateMillis": 1650556800000,
  "eventDateMillis": 1649865600000,
  "round": "8.1",
  "result": "1/2-1/2",
  "white": "Ding Liren",
  "black": "Yi Wei",
  "isDingWin": false,
  "isDraw": true,
  "isDingBlack": false,
  "moves": [
    "Bb6",
    "Kc2",
    "Bc7",
    "Kb3",
    "f4",
    "Ba6",
    "Kf6",
    "Kc4",
    "h6",
    "Kd5",
    "Ke7",
    "a4",
    "Kf6",
    "h3",
    "Ke7",
    "Kc5",
    "Kf6",
    "a5",
    "Ke7",
    "Kb5",
    "Bd8",
    "Bc8",
    "Kd6",
    "Bd7",
    "Bc7",
    "Ka6",
    "Bd8",
    "Kxa7",
    "Bxa5",
    "Kb7",
    "Bd8",
    "Bg4",
    "Ba5",
    "Bf3",
    "Bd8",
    "Bg4"
  ],
  "statePieceCount": 11,
  "endPieceCount": 9,
  "boardState": [
    {
      "square": "a7",
      "type": "p",
      "color": "b"
    },
    {
      "square": "h7",
      "type": "p",
      "color": "b"
    },
    {
      "square": "c6",
      "type": "p",
      "color": "w"
    },
    {
      "square": "f5",
      "type": "p",
      "color": "b"
    },
    {
      "square": "g5",
      "type": "k",
      "color": "b"
    },
    {
      "square": "c4",
      "type": "b",
      "color": "w"
    },
    {
      "square": "a2",
      "type": "p",
      "color": "w"
    },
    {
      "square": "f2",
      "type": "b",
      "color": "b"
    },
    {
      "square": "g2",
      "type": "p",
      "color": "w"
    },
    {
      "square": "h2",
      "type": "p",
      "color": "w"
    },
    {
      "square": "c1",
      "type": "k",
      "color": "w"
    }
  ]
}