{
  "event": "Chessable Masters",
  "site": "chess24.com INT",
  "date": "2022.05.20",
  "eventDate": "2022.05.19",
  "dateMillis": 1652976000000,
  "eventDateMillis": 1652889600000,
  "round": "8.6",
  "result": "1/2-1/2",
  "white": "Nils Grandelius",
  "black": "Ding Liren",
  "isDingWin": false,
  "isDraw": true,
  "isDingBlack": true,
  "moves": [
    "Bxe5",
    "Bh6",
    "g3",
    "Be3+",
    "Kf3",
    "Bd5+",
    "Kg4"
  ],
  "statePieceCount": 11,
  "endPieceCount": 10,
  "boardState": [
    {
      "square": "b8",
      "type": "b",
      "color": "w"
    },
    {
      "square": "f8",
      "type": "b",
      "color": "b"
    },
    {
      "square": "e5",
      "type": "p",
      "color": "b"
    },
    {
      "square": "b4",
      "type": "p",
      "color": "w"
    },
    {
      "square": "c4",
      "type": "b",
      "color": "b"
    },
    {
      "square": "h4",
      "type": "p",
      "color": "b"
    },
    {
      "square": "c3",
      "type": "p",
      "color": "w"
    },
    {
      "square": "d3",
      "type": "k",
      "color": "b"
    },
    {
      "square": "h3",
      "type": "p",
      "color": "w"
    },
    {
      "square": "f2",
      "type": "k",
      "color": "w"
    },
    {
      "square": "g2",
      "type": "p",
      "color": "w"
    }
  ]
}