{
  "event": "Chessable Masters",
  "site": "chess24.com INT",
  "date": "2022.05.19",
  "eventDate": "2022.05.19",
  "dateMillis": 1652889600000,
  "eventDateMillis": 1652889600000,
  "round": "3.6",
  "result": "1/2-1/2",
  "white": "Ding Liren",
  "black": "Sam Shankland",
  "isDingWin": false,
  "isDraw": true,
  "isDingBlack": false,
  "moves": [
    "bxa4",
    "Nxa4",
    "Kg2",
    "Ke4",
    "h3",
    "d5",
    "hxg4",
    "d4",
    "Kf2",
    "Nc3",
    "Ne6",
    "d3",
    "Nc5+",
    "Kd4",
    "Nb3+",
    "Ke4",
    "Nd2+",
    "Kd4",
    "Nf3+",
    "Ke4",
    "Nd2+",
    "Kd4",
    "Nf3+",
    "Ke4",
    "Nd2+"
  ],
  "statePieceCount": 11,
  "endPieceCount": 8,
  "boardState": [
    {
      "square": "c7",
      "type": "n",
      "color": "w"
    },
    {
      "square": "d6",
      "type": "p",
      "color": "b"
    },
    {
      "square": "h6",
      "type": "p",
      "color": "b"
    },
    {
      "square": "a4",
      "type": "p",
      "color": "b"
    },
    {
      "square": "g4",
      "type": "p",
      "color": "b"
    },
    {
      "square": "b3",
      "type": "p",
      "color": "w"
    },
    {
      "square": "c3",
      "type": "n",
      "color": "b"
    },
    {
      "square": "e3",
      "type": "k",
      "color": "b"
    },
    {
      "square": "g3",
      "type": "p",
      "color": "w"
    },
    {
      "square": "h2",
      "type": "p",
      "color": "w"
    },
    {
      "square": "g1",
      "type": "k",
      "color": "w"
    }
  ],
  "nextTurn": "w"
}