{
  "event": "Chessable Masters",
  "site": "chess24.com INT",
  "date": "2022.05.19",
  "eventDate": "2022.05.19",
  "dateMillis": 1652889600000,
  "eventDateMillis": 1652889600000,
  "round": "4.4",
  "result": "1/2-1/2",
  "white": "Santosh Gujrathi Vidit",
  "black": "Ding Liren",
  "isDingWin": false,
  "isDraw": true,
  "isDingBlack": true,
  "moves": [
    "Bf2",
    "Nd6",
    "Rc1",
    "Kg6",
    "Rc6",
    "Nf5",
    "h3",
    "Ra1+",
    "Kg2",
    "Ra2",
    "Re6",
    "Nd4",
    "Re4",
    "Nf5",
    "g4",
    "hxg4",
    "hxg4",
    "Ng7",
    "Rc4",
    "Ne6",
    "Kg3",
    "Ra3",
    "Kg2",
    "Ra2",
    "Re4",
    "Ng5",
    "Re3",
    "f5",
    "gxf5+",
    "Kxf5",
    "Rb3",
    "Nh3",
    "Kxh3",
    "Rxf2",
    "Kg3",
    "Ra2",
    "Rb5+",
    "Kf6",
    "f4",
    "Ra1",
    "Kg4",
    "Rg1+",
    "Kf3",
    "Rf1+",
    "Kg4",
    "Rg1+",
    "Kf3",
    "Rf1+",
    "Kg4",
    "Rg1+"
  ],
  "statePieceCount": 11,
  "endPieceCount": 5,
  "boardState": [
    {
      "square": "a7",
      "type": "b",
      "color": "w"
    },
    {
      "square": "f7",
      "type": "k",
      "color": "b"
    },
    {
      "square": "f6",
      "type": "p",
      "color": "b"
    },
    {
      "square": "f5",
      "type": "n",
      "color": "b"
    },
    {
      "square": "h5",
      "type": "p",
      "color": "b"
    },
    {
      "square": "f3",
      "type": "p",
      "color": "w"
    },
    {
      "square": "g3",
      "type": "p",
      "color": "w"
    },
    {
      "square": "a2",
      "type": "r",
      "color": "b"
    },
    {
      "square": "h2",
      "type": "p",
      "color": "w"
    },
    {
      "square": "e1",
      "type": "r",
      "color": "w"
    },
    {
      "square": "g1",
      "type": "k",
      "color": "w"
    }
  ],
  "nextTurn": "w"
}