{
  "event": "Chessable Masters",
  "site": "chess24.com INT",
  "date": "2022.05.23",
  "eventDate": "2022.05.19",
  "dateMillis": 1653235200000,
  "eventDateMillis": 1652889600000,
  "round": "4.2",
  "result": "1/2-1/2",
  "white": "Ding Liren",
  "black": "Shakhriyar Mamedyarov",
  "isDingWin": false,
  "isDraw": true,
  "isDingBlack": false,
  "moves": [
    "Kf3",
    "a5",
    "Rc7+",
    "Ke6",
    "Rc6+",
    "Ke5",
    "Rxg6",
    "f4",
    "Ra6",
    "Rxe3+",
    "Kg4",
    "Ra3",
    "Kxh4",
    "Ke4",
    "Re6+",
    "Kf5",
    "Rf6+",
    "Ke5",
    "Ra6",
    "Ke4",
    "Re6+",
    "Kf5",
    "Rf6+",
    "Ke5",
    "Ra6"
  ],
  "statePieceCount": 11,
  "endPieceCount": 8,
  "boardState": [
    {
      "square": "f7",
      "type": "k",
      "color": "b"
    },
    {
      "square": "a6",
      "type": "p",
      "color": "b"
    },
    {
      "square": "c6",
      "type": "r",
      "color": "w"
    },
    {
      "square": "g6",
      "type": "p",
      "color": "b"
    },
    {
      "square": "f5",
      "type": "p",
      "color": "b"
    },
    {
      "square": "g5",
      "type": "p",
      "color": "w"
    },
    {
      "square": "h4",
      "type": "p",
      "color": "b"
    },
    {
      "square": "a3",
      "type": "r",
      "color": "b"
    },
    {
      "square": "e3",
      "type": "p",
      "color": "w"
    },
    {
      "square": "h3",
      "type": "p",
      "color": "w"
    },
    {
      "square": "g2",
      "type": "k",
      "color": "w"
    }
  ],
  "nextTurn": "w"
}