{
  "event": "Chessable Masters",
  "site": "chess24.com INT",
  "date": "2022.05.26",
  "eventDate": "2022.05.19",
  "dateMillis": 1653494400000,
  "eventDateMillis": 1652889600000,
  "round": "23.1",
  "result": "1/2-1/2",
  "white": "R Praggnanandhaa",
  "black": "Ding Liren",
  "isDingWin": false,
  "isDraw": true,
  "isDingBlack": true,
  "moves": [
    "Rc6",
    "Kg8",
    "g4",
    "Kf7",
    "Kg2",
    "Be3",
    "Ne5+",
    "Ke7",
    "Kf3",
    "Bg1",
    "h4",
    "Rb8",
    "Ke4",
    "Rb5",
    "Rc7+",
    "Ke6",
    "Rc6+",
    "Ke7",
    "Rc1",
    "Bb6",
    "a7",
    "Rb4+",
    "Kf5",
    "Ra4",
    "Rb1",
    "Bxa7",
    "Rb7+",
    "Kf8",
    "Kg6",
    "Ra6+",
    "Kh7",
    "Bd4",
    "Ng6+",
    "Ke8",
    "Rb8+",
    "Kf7",
    "Rb7+",
    "Ke8",
    "h5",
    "Bf6",
    "Rxg7",
    "Bxg7",
    "Kxg7",
    "Ra4",
    "Kxh6",
    "Rxg4",
    "Kg7",
    "Rg1",
    "h6",
    "Rh1",
    "h7",
    "Rxh7+",
    "Kxh7"
  ],
  "statePieceCount": 11,
  "endPieceCount": 3,
  "boardState": [
    {
      "square": "a8",
      "type": "r",
      "color": "b"
    },
    {
      "square": "h8",
      "type": "k",
      "color": "b"
    },
    {
      "square": "g7",
      "type": "p",
      "color": "b"
    },
    {
      "square": "a6",
      "type": "p",
      "color": "w"
    },
    {
      "square": "h6",
      "type": "p",
      "color": "b"
    },
    {
      "square": "f3",
      "type": "n",
      "color": "w"
    },
    {
      "square": "f2",
      "type": "b",
      "color": "b"
    },
    {
      "square": "g2",
      "type": "p",
      "color": "w"
    },
    {
      "square": "h2",
      "type": "p",
      "color": "w"
    },
    {
      "square": "c1",
      "type": "r",
      "color": "w"
    },
    {
      "square": "h1",
      "type": "k",
      "color": "w"
    }
  ],
  "nextTurn": "w"
}