{
  "event": "Chessable Masters",
  "site": "chess24.com INT",
  "date": "2022.05.26",
  "eventDate": "2022.05.19",
  "dateMillis": 1653494400000,
  "eventDateMillis": 1652889600000,
  "round": "20.1",
  "result": "1-0",
  "white": "R Praggnanandhaa",
  "black": "Ding Liren",
  "isDingWin": false,
  "isDraw": false,
  "isDingBlack": true,
  "moves": [
    "Re5+",
    "Kb6",
    "Re6+",
    "Kb7",
    "Re7+",
    "Kc6",
    "Re6+",
    "Kc5",
    "Re5+",
    "Kd6",
    "Ra5",
    "Ra2",
    "f5",
    "a4",
    "g4",
    "Kc6",
    "Kg5",
    "Kb6",
    "Ra8",
    "a5",
    "f4",
    "f3",
    "gxh3",
    "gxh3",
    "Rb8+",
    "Kc7",
    "Rb3",
    "a6",
    "Rc3+",
    "Kd7",
    "Rd3+",
    "Ke7",
    "Re3+",
    "Kf7"
  ],
  "statePieceCount": 11,
  "endPieceCount": 9,
  "boardState": [
    {
      "square": "f7",
      "type": "p",
      "color": "b"
    },
    {
      "square": "g6",
      "type": "k",
      "color": "b"
    },
    {
      "square": "b5",
      "type": "k",
      "color": "w"
    },
    {
      "square": "g5",
      "type": "p",
      "color": "b"
    },
    {
      "square": "e4",
      "type": "r",
      "color": "b"
    },
    {
      "square": "h4",
      "type": "p",
      "color": "b"
    },
    {
      "square": "a3",
      "type": "p",
      "color": "w"
    },
    {
      "square": "h3",
      "type": "p",
      "color": "w"
    },
    {
      "square": "b2",
      "type": "r",
      "color": "w"
    },
    {
      "square": "f2",
      "type": "p",
      "color": "w"
    },
    {
      "square": "g2",
      "type": "p",
      "color": "w"
    }
  ],
  "nextTurn": "b"
}