{
  "event": "Chessable Masters",
  "site": "chess24.com INT",
  "date": "2022.05.26",
  "eventDate": "2022.05.19",
  "dateMillis": 1653494400000,
  "eventDateMillis": 1652889600000,
  "round": "22.1",
  "result": "1/2-1/2",
  "white": "R Praggnanandhaa",
  "black": "Ding Liren",
  "isDingWin": false,
  "isDraw": true,
  "isDingBlack": true,
  "moves": [
    "Rxf2+",
    "Kxe4",
    "Rh2",
    "h5"
  ],
  "statePieceCount": 11,
  "endPieceCount": 9,
  "boardState": [
    {
      "square": "f7",
      "type": "p",
      "color": "b"
    },
    {
      "square": "f6",
      "type": "k",
      "color": "b"
    },
    {
      "square": "g6",
      "type": "p",
      "color": "b"
    },
    {
      "square": "e4",
      "type": "p",
      "color": "b"
    },
    {
      "square": "f4",
      "type": "k",
      "color": "w"
    },
    {
      "square": "g4",
      "type": "p",
      "color": "w"
    },
    {
      "square": "h4",
      "type": "p",
      "color": "w"
    },
    {
      "square": "a3",
      "type": "r",
      "color": "w"
    },
    {
      "square": "e3",
      "type": "p",
      "color": "w"
    },
    {
      "square": "f2",
      "type": "p",
      "color": "w"
    },
    {
      "square": "f1",
      "type": "r",
      "color": "b"
    }
  ],
  "nextTurn": "b"
}