{
  "event": "Chessable Masters",
  "site": "chess24.com INT",
  "date": "2022.05.24",
  "eventDate": "2022.05.19",
  "dateMillis": 1653321600000,
  "eventDateMillis": 1652889600000,
  "round": "9.2",
  "result": "1/2-1/2",
  "white": "Ding Liren",
  "black": "Magnus Carlsen",
  "isDingWin": false,
  "isDraw": true,
  "isDingBlack": false,
  "moves": [
    "Bxf5+",
    "Kg3"
  ],
  "statePieceCount": 11,
  "endPieceCount": 10,
  "boardState": [
    {
      "square": "g8",
      "type": "k",
      "color": "b"
    },
    {
      "square": "b7",
      "type": "p",
      "color": "b"
    },
    {
      "square": "g7",
      "type": "p",
      "color": "b"
    },
    {
      "square": "h6",
      "type": "p",
      "color": "b"
    },
    {
      "square": "a5",
      "type": "p",
      "color": "w"
    },
    {
      "square": "b5",
      "type": "p",
      "color": "w"
    },
    {
      "square": "f5",
      "type": "r",
      "color": "w"
    },
    {
      "square": "d3",
      "type": "b",
      "color": "b"
    },
    {
      "square": "e3",
      "type": "b",
      "color": "w"
    },
    {
      "square": "h3",
      "type": "k",
      "color": "w"
    },
    {
      "square": "f2",
      "type": "p",
      "color": "w"
    }
  ]
}