{
  "event": "Chessable Masters",
  "site": "chess24.com INT",
  "date": "2022.05.26",
  "eventDate": "2022.05.19",
  "dateMillis": 1653494400000,
  "eventDateMillis": 1652889600000,
  "round": "19.1",
  "result": "1/2-1/2",
  "white": "Ding Liren",
  "black": "R Praggnanandhaa",
  "isDingWin": false,
  "isDraw": true,
  "isDingBlack": false,
  "moves": [
    "Rxb6",
    "h5",
    "h4",
    "Ra4",
    "Kg3",
    "Rc4",
    "Ra6",
    "Rb4",
    "Ra5",
    "Rb3",
    "Ra6",
    "Rb4"
  ],
  "statePieceCount": 11,
  "endPieceCount": 10,
  "boardState": [
    {
      "square": "b7",
      "type": "r",
      "color": "w"
    },
    {
      "square": "f7",
      "type": "p",
      "color": "b"
    },
    {
      "square": "g7",
      "type": "k",
      "color": "b"
    },
    {
      "square": "b6",
      "type": "p",
      "color": "b"
    },
    {
      "square": "g6",
      "type": "p",
      "color": "b"
    },
    {
      "square": "h6",
      "type": "p",
      "color": "b"
    },
    {
      "square": "f3",
      "type": "p",
      "color": "w"
    },
    {
      "square": "h3",
      "type": "p",
      "color": "w"
    },
    {
      "square": "a2",
      "type": "r",
      "color": "b"
    },
    {
      "square": "g2",
      "type": "p",
      "color": "w"
    },
    {
      "square": "h2",
      "type": "k",
      "color": "w"
    }
  ]
}