{
  "event": "FIDE Candidates 2022",
  "site": "Madrid ESP",
  "date": "2022.06.19",
  "eventDate": "2022.06.16",
  "dateMillis": 1655568000000,
  "eventDateMillis": 1655308800000,
  "round": "3",
  "result": "1/2-1/2",
  "white": "Ding Liren",
  "black": "R Rapport",
  "isDingWin": false,
  "isDraw": true,
  "isDingBlack": false,
  "moves": [
    "Qxd4+",
    "Kg8",
    "Qd8+",
    "Kg7",
    "Qd4+",
    "Kg8"
  ],
  "statePieceCount": 11,
  "endPieceCount": 10,
  "boardState": [
    {
      "square": "f7",
      "type": "p",
      "color": "b"
    },
    {
      "square": "g7",
      "type": "k",
      "color": "b"
    },
    {
      "square": "b6",
      "type": "p",
      "color": "b"
    },
    {
      "square": "c6",
      "type": "q",
      "color": "b"
    },
    {
      "square": "g6",
      "type": "p",
      "color": "b"
    },
    {
      "square": "a4",
      "type": "p",
      "color": "w"
    },
    {
      "square": "d4",
      "type": "p",
      "color": "b"
    },
    {
      "square": "g4",
      "type": "q",
      "color": "w"
    },
    {
      "square": "g3",
      "type": "p",
      "color": "w"
    },
    {
      "square": "f2",
      "type": "p",
      "color": "w"
    },
    {
      "square": "f1",
      "type": "k",
      "color": "w"
    }
  ]
}