{
  "event": "FIDE Candidates 2022",
  "site": "Madrid ESP",
  "date": "2022.06.21",
  "eventDate": "2022.06.16",
  "dateMillis": 1655740800000,
  "eventDateMillis": 1655308800000,
  "round": "4",
  "result": "1/2-1/2",
  "white": "Ding Liren",
  "black": "F Caruana",
  "isDingWin": false,
  "isDraw": true,
  "isDingBlack": false,
  "moves": [
    "Rh8",
    "f5",
    "Rh7+",
    "Kf6",
    "Kf3",
    "Rc4",
    "g3",
    "Ra4",
    "Rd7",
    "g5",
    "hxg5+",
    "Kxg5",
    "Rd4",
    "Ra3",
    "g4",
    "fxg4+",
    "Rxg4+",
    "Kf6",
    "Rf4+",
    "Ke7",
    "Kg4",
    "Ra5",
    "Rb4",
    "Kf6",
    "f4",
    "Ra1",
    "e4",
    "Rg1+",
    "Kf3",
    "Rf1+",
    "Ke3",
    "Re1+",
    "Kf2",
    "Ra1",
    "Rb6",
    "Kf7",
    "Kf3",
    "Ra3+",
    "Kg4",
    "Ra1",
    "f5",
    "Rg1+",
    "Kf4",
    "Rf1+",
    "Ke5",
    "exf5",
    "Rb7+",
    "Kg6",
    "Rb6+",
    "Kf7",
    "Rb7+",
    "Kg6",
    "Rb6+"
  ],
  "statePieceCount": 11,
  "endPieceCount": 6,
  "boardState": [
    {
      "square": "e7",
      "type": "k",
      "color": "b"
    },
    {
      "square": "f7",
      "type": "p",
      "color": "b"
    },
    {
      "square": "h7",
      "type": "r",
      "color": "w"
    },
    {
      "square": "e6",
      "type": "p",
      "color": "b"
    },
    {
      "square": "g6",
      "type": "p",
      "color": "b"
    },
    {
      "square": "c5",
      "type": "r",
      "color": "b"
    },
    {
      "square": "h4",
      "type": "p",
      "color": "w"
    },
    {
      "square": "e3",
      "type": "p",
      "color": "w"
    },
    {
      "square": "e2",
      "type": "k",
      "color": "w"
    },
    {
      "square": "f2",
      "type": "p",
      "color": "w"
    },
    {
      "square": "g2",
      "type": "p",
      "color": "w"
    }
  ]
}