{
  "event": "Online Olympiad Top DivA 2021",
  "site": "chess.com INT",
  "date": "2021.09.08",
  "dateMillis": 1631030400000,
  "eventDateMillis": null,
  "round": "3.5",
  "result": "0-1",
  "white": "Susanto Megaranto",
  "black": "Ding Liren",
  "isDingWin": true,
  "isDraw": false,
  "isDingBlack": true,
  "moves": [
    "Ne3",
    "h5",
    "Kg2",
    "Bc7",
    "Kf2",
    "Bb6",
    "Nc2",
    "Kd5",
    "Ke2",
    "Bxd4",
    "Kd3",
    "c5",
    "f4",
    "gxf4"
  ],
  "statePieceCount": 11,
  "endPieceCount": 9,
  "boardState": [
    {
      "square": "c6",
      "type": "p",
      "color": "b"
    },
    {
      "square": "d6",
      "type": "b",
      "color": "b"
    },
    {
      "square": "e6",
      "type": "k",
      "color": "b"
    },
    {
      "square": "h6",
      "type": "p",
      "color": "b"
    },
    {
      "square": "g5",
      "type": "p",
      "color": "b"
    },
    {
      "square": "c4",
      "type": "n",
      "color": "w"
    },
    {
      "square": "d4",
      "type": "p",
      "color": "w"
    },
    {
      "square": "c3",
      "type": "p",
      "color": "b"
    },
    {
      "square": "f3",
      "type": "p",
      "color": "w"
    },
    {
      "square": "g3",
      "type": "p",
      "color": "w"
    },
    {
      "square": "f2",
      "type": "k",
      "color": "w"
    }
  ],
  "nextTurn": "w"
}