{
  "event": "Chinese Teams 2013",
  "site": "Wuxi CHN",
  "date": "2013.08.05",
  "dateMillis": 1375632000000,
  "eventDateMillis": null,
  "round": "10.5",
  "result": "1/2-1/2",
  "white": "Ding Liren",
  "black": "Xiangzhi Bu",
  "isDingWin": false,
  "isDraw": true,
  "isDingBlack": false,
  "moves": [
    "g5",
    "Kf8",
    "Be5",
    "g6",
    "f6",
    "Ke8",
    "Kd4",
    "Kd7",
    "Kxc4",
    "Bg8",
    "Kc5",
    "Bh7",
    "Bd6",
    "Bg8",
    "Bf8",
    "Bh7",
    "Kb6",
    "Bg8",
    "e5",
    "Bh7",
    "Bg7",
    "Bg8",
    "Bh6",
    "Bh7",
    "e6+",
    "Ke8"
  ],
  "statePieceCount": 11,
  "endPieceCount": 10,
  "boardState": [
    {
      "square": "g8",
      "type": "k",
      "color": "b"
    },
    {
      "square": "f7",
      "type": "p",
      "color": "b"
    },
    {
      "square": "g7",
      "type": "p",
      "color": "b"
    },
    {
      "square": "h7",
      "type": "b",
      "color": "b"
    },
    {
      "square": "c6",
      "type": "p",
      "color": "b"
    },
    {
      "square": "f5",
      "type": "p",
      "color": "w"
    },
    {
      "square": "c4",
      "type": "p",
      "color": "b"
    },
    {
      "square": "e4",
      "type": "p",
      "color": "w"
    },
    {
      "square": "g4",
      "type": "p",
      "color": "w"
    },
    {
      "square": "e3",
      "type": "k",
      "color": "w"
    },
    {
      "square": "h2",
      "type": "b",
      "color": "w"
    }
  ],
  "nextTurn": "w"
}