{
  "event": "TCh-CHN Division A 2014",
  "site": "Jiangmen CHN",
  "date": "2014.04.15",
  "dateMillis": 1397491200000,
  "eventDateMillis": null,
  "round": "4.6",
  "result": "1/2-1/2",
  "white": "Xiangzhi Bu",
  "black": "Ding Liren",
  "isDingWin": false,
  "isDraw": true,
  "isDingBlack": true,
  "moves": [
    "Rc6",
    "Ke2",
    "c4",
    "f4",
    "c3",
    "Rc2",
    "Kf6",
    "Kd1",
    "gxf4",
    "exf4",
    "Rc4",
    "Rf2",
    "Re4",
    "Rf3",
    "Ra4",
    "Kc2",
    "Ra2+",
    "Kd1",
    "Rd2+",
    "Ke1",
    "Rc2",
    "Kd1"
  ],
  "statePieceCount": 11,
  "endPieceCount": 9,
  "boardState": [
    {
      "square": "c7",
      "type": "p",
      "color": "b"
    },
    {
      "square": "f7",
      "type": "p",
      "color": "b"
    },
    {
      "square": "g7",
      "type": "k",
      "color": "b"
    },
    {
      "square": "f6",
      "type": "r",
      "color": "b"
    },
    {
      "square": "c5",
      "type": "p",
      "color": "b"
    },
    {
      "square": "g5",
      "type": "p",
      "color": "b"
    },
    {
      "square": "g4",
      "type": "p",
      "color": "w"
    },
    {
      "square": "e3",
      "type": "p",
      "color": "w"
    },
    {
      "square": "f2",
      "type": "p",
      "color": "w"
    },
    {
      "square": "c1",
      "type": "r",
      "color": "w"
    },
    {
      "square": "f1",
      "type": "k",
      "color": "w"
    }
  ]
}