{
  "event": "6th Chinese Master Rapid",
  "site": "Shenzhen CHN",
  "date": "2016.11.28",
  "eventDate": "2016.11.27",
  "dateMillis": 1480262400000,
  "eventDateMillis": 1480176000000,
  "round": "5.3",
  "result": "1/2-1/2",
  "white": "Ding Liren",
  "black": "Yinglun Xu",
  "isDingWin": false,
  "isDraw": true,
  "isDingBlack": false,
  "moves": [
    "Rh7+",
    "Kxh7",
    "Kxg5",
    "Kg7"
  ],
  "statePieceCount": 5,
  "endPieceCount": 3,
  "boardState": [
    {
      "square": "b7",
      "type": "r",
      "color": "w"
    },
    {
      "square": "h6",
      "type": "k",
      "color": "b"
    },
    {
      "square": "g5",
      "type": "r",
      "color": "b"
    },
    {
      "square": "g4",
      "type": "p",
      "color": "w"
    },
    {
      "square": "h4",
      "type": "k",
      "color": "w"
    }
  ]
}