{
  "event": "Maotai Prince Cup Kings",
  "site": "Jinzhou",
  "date": "2009.09.19",
  "dateMillis": 1253289600000,
  "eventDateMillis": null,
  "round": "3",
  "result": "1-0",
  "white": "Ding Liren",
  "black": "Bu Xiangzhi",
  "isDingWin": true,
  "isDraw": false,
  "isDingBlack": false,
  "moves": [
    "Bb2",
    "Ke6",
    "Bc1",
    "Rh1",
    "Bd2",
    "Kf5",
    "Be3",
    "Kf6",
    "Bd2",
    "Rd1",
    "Be3",
    "Rd3",
    "Bc1",
    "Rb3",
    "Bd2",
    "Rg3",
    "Bc1",
    "Rg2",
    "Be3",
    "Rh2",
    "Bf4",
    "Rh1",
    "Be3",
    "Kf7",
    "Bd2",
    "Rh3",
    "Bg5",
    "Rc3",
    "Bd2",
    "Rc6",
    "Be3",
    "Rg6",
    "Bd4",
    "Rd6",
    "Be3",
    "Rc6",
    "Bd2",
    "Rc2",
    "Bf4",
    "Rc6",
    "Be3",
    "Ra6",
    "Bd2",
    "Rb6",
    "Be3",
    "Rb3",
    "Bg5",
    "Rh3",
    "Bc1",
    "Ke6",
    "Bd2",
    "Kf5",
    "Bc1",
    "Rc3",
    "Bd2",
    "Rc6",
    "Be3",
    "Rf6",
    "Bd2",
    "Kg4",
    "Bxh6",
    "Kh5",
    "Be3",
    "Rf7+",
    "Kg8",
    "Kg6",
    "Bg1",
    "Rf3",
    "Bh2",
    "Rh3",
    "Bg1",
    "Rh1"
  ],
  "statePieceCount": 5,
  "endPieceCount": 4,
  "boardState": [
    {
      "square": "f7",
      "type": "k",
      "color": "w"
    },
    {
      "square": "h7",
      "type": "k",
      "color": "b"
    },
    {
      "square": "h6",
      "type": "p",
      "color": "w"
    },
    {
      "square": "h3",
      "type": "r",
      "color": "w"
    },
    {
      "square": "c1",
      "type": "b",
      "color": "b"
    }
  ]
}