{
  "event": "World Rapid Championship",
  "site": "Riyadh KSA",
  "date": "2017.12.26",
  "eventDate": "2017.12.26",
  "dateMillis": 1514217600000,
  "eventDateMillis": 1514217600000,
  "round": "1.20",
  "result": "1/2-1/2",
  "white": "Martyn Kravtsiv",
  "black": "Ding Liren",
  "isDingWin": false,
  "isDraw": true,
  "isDingBlack": true,
  "moves": [
    "Rxb1",
    "Ke5",
    "Kd3",
    "f7",
    "Rf1",
    "Ke6",
    "Kd4",
    "Ke7",
    "Rxf7+",
    "Kxf7"
  ],
  "statePieceCount": 5,
  "endPieceCount": 2,
  "boardState": [
    {
      "square": "f6",
      "type": "p",
      "color": "w"
    },
    {
      "square": "f4",
      "type": "k",
      "color": "w"
    },
    {
      "square": "c2",
      "type": "k",
      "color": "b"
    },
    {
      "square": "b1",
      "type": "r",
      "color": "w"
    },
    {
      "square": "g1",
      "type": "r",
      "color": "b"
    }
  ],
  "nextTurn": "b"
}