{
  "event": "PRO League Group Stage",
  "site": "chess.com INT",
  "date": "2019.02.20",
  "eventDate": "2019.01.08",
  "dateMillis": 1550592000000,
  "eventDateMillis": 1546876800000,
  "round": "7",
  "result": "1/2-1/2",
  "white": "Ding Liren",
  "black": "Fabiano Caruana",
  "isDingWin": false,
  "isDraw": true,
  "isDingBlack": false,
  "moves": [
    "Ra3",
    "Rf3",
    "Rxf3",
    "Kxf3",
    "Kf6",
    "Kf4",
    "Kg6",
    "g5",
    "Kg7",
    "g6",
    "Kxg6"
  ],
  "statePieceCount": 5,
  "endPieceCount": 2,
  "boardState": [
    {
      "square": "e7",
      "type": "k",
      "color": "b"
    },
    {
      "square": "a5",
      "type": "r",
      "color": "b"
    },
    {
      "square": "g4",
      "type": "p",
      "color": "w"
    },
    {
      "square": "f2",
      "type": "r",
      "color": "w"
    },
    {
      "square": "g2",
      "type": "k",
      "color": "w"
    }
  ],
  "nextTurn": "b"
}