{
  "event": "Norway Chess",
  "site": "Stavanger NOR",
  "date": "2019.06.05",
  "eventDate": "2019.06.04",
  "dateMillis": 1559664000000,
  "eventDateMillis": 1559577600000,
  "round": "2.3",
  "result": "1-0",
  "white": "Yu Yangyi",
  "black": "Ding Liren",
  "isDingWin": false,
  "isDraw": false,
  "isDingBlack": true,
  "moves": [
    "e7+",
    "Kf7",
    "e8=Q+",
    "Kxf6",
    "Qh8+",
    "Kg6",
    "Ke7",
    "Kg5",
    "Qxh7"
  ],
  "statePieceCount": 5,
  "endPieceCount": 3,
  "boardState": [
    {
      "square": "f8",
      "type": "k",
      "color": "b"
    },
    {
      "square": "d7",
      "type": "k",
      "color": "w"
    },
    {
      "square": "h7",
      "type": "b",
      "color": "b"
    },
    {
      "square": "e6",
      "type": "p",
      "color": "w"
    },
    {
      "square": "f6",
      "type": "p",
      "color": "w"
    }
  ]
}