{
  "event": "8th Asian Continental Chess Championship",
  "site": "Subic Bay Free Port",
  "date": "2009.05.16",
  "eventDate": "2009.05.13",
  "dateMillis": 1242403200000,
  "eventDateMillis": 1242144000000,
  "round": "4.18",
  "result": "1/2-1/2",
  "white": "Ngoc Truongson Nguyen",
  "black": "Ding Liren",
  "isDingWin": false,
  "isDraw": true,
  "isDingBlack": true,
  "moves": [
    "Kg3",
    "Rc4",
    "Be2",
    "Rc3+",
    "Nd3",
    "a5",
    "Kf4",
    "Rc4+",
    "Ke3",
    "a4",
    "Ne5",
    "Rxh4",
    "Nc6+",
    "Kc8",
    "Nd4",
    "a3",
    "Bc4",
    "Rh2",
    "Be6+",
    "Kd8",
    "Ne2",
    "Kc7",
    "Bd5",
    "h5",
    "Nc3",
    "Rb2",
    "Kf4",
    "h4",
    "Kg4",
    "Rb4+",
    "Kh3",
    "Kd8",
    "Be6",
    "Rd4"
  ],
  "statePieceCount": 9,
  "endPieceCount": 8,
  "boardState": [
    {
      "square": "b8",
      "type": "k",
      "color": "b"
    },
    {
      "square": "a6",
      "type": "p",
      "color": "b"
    },
    {
      "square": "h6",
      "type": "p",
      "color": "b"
    },
    {
      "square": "c5",
      "type": "p",
      "color": "w"
    },
    {
      "square": "h5",
      "type": "b",
      "color": "w"
    },
    {
      "square": "a4",
      "type": "r",
      "color": "b"
    },
    {
      "square": "f4",
      "type": "n",
      "color": "w"
    },
    {
      "square": "h4",
      "type": "p",
      "color": "w"
    },
    {
      "square": "h2",
      "type": "k",
      "color": "w"
    }
  ],
  "nextTurn": "w"
}