{
  "event": "Chinese League",
  "site": "Chaongqing CHN",
  "date": "2011.08.11",
  "eventDate": "2011.04.12",
  "dateMillis": 1312992000000,
  "eventDateMillis": 1302537600000,
  "round": "10",
  "result": "0-1",
  "white": "Wang Shuai",
  "black": "Ding Liren",
  "isDingWin": true,
  "isDraw": false,
  "isDingBlack": true,
  "moves": [
    "a3",
    "b5",
    "a2",
    "Nb3",
    "Kxf6",
    "b6",
    "Ke7",
    "b7",
    "Kd7"
  ],
  "statePieceCount": 9,
  "endPieceCount": 8,
  "boardState": [
    {
      "square": "f7",
      "type": "p",
      "color": "b"
    },
    {
      "square": "f6",
      "type": "p",
      "color": "w"
    },
    {
      "square": "g6",
      "type": "k",
      "color": "b"
    },
    {
      "square": "a4",
      "type": "p",
      "color": "b"
    },
    {
      "square": "b4",
      "type": "p",
      "color": "w"
    },
    {
      "square": "d4",
      "type": "n",
      "color": "w"
    },
    {
      "square": "g4",
      "type": "k",
      "color": "w"
    },
    {
      "square": "h4",
      "type": "p",
      "color": "b"
    },
    {
      "square": "g3",
      "type": "b",
      "color": "b"
    }
  ],
  "nextTurn": "b"
}