{
  "event": "Chinese Chess Championship",
  "site": "Xinghua CHN",
  "date": "2012.03.27",
  "eventDate": "2012.03.27",
  "dateMillis": 1332777600000,
  "eventDateMillis": 1332777600000,
  "round": "1",
  "result": "1-0",
  "white": "Ding Liren",
  "black": "Wang Yue",
  "isDingWin": true,
  "isDraw": false,
  "isDingBlack": false,
  "moves": [
    "Kf3",
    "Nc7",
    "a4",
    "Bh2",
    "a5",
    "Nd5",
    "Rb5",
    "Ne7",
    "a6",
    "Bg1",
    "Rb7",
    "Kf8",
    "b5",
    "Nd5",
    "Rd7",
    "Nc3",
    "Kg2",
    "Bb6",
    "Rd6",
    "Na4",
    "Rd7",
    "Nc3",
    "Rb7",
    "Nd5",
    "Kf1",
    "Ke8",
    "Ke2",
    "f4",
    "Kd3",
    "f3",
    "a7",
    "Bxa7",
    "Rxa7",
    "f2",
    "Ra1",
    "Kd7",
    "Rf1",
    "Nf4+",
    "Kc4",
    "Nh3",
    "Kc5",
    "Kc7",
    "b6+",
    "Kb7",
    "Kb5",
    "f5",
    "Ka5",
    "f4",
    "Kb5",
    "Ng5",
    "Rxf2",
    "Ne6",
    "Rd2",
    "f3",
    "Rd7+",
    "Kc8",
    "Rf7",
    "Kb8",
    "Rf6",
    "Nd4+",
    "Ka6"
  ],
  "statePieceCount": 9,
  "endPieceCount": 6,
  "boardState": [
    {
      "square": "g7",
      "type": "k",
      "color": "b"
    },
    {
      "square": "b6",
      "type": "r",
      "color": "w"
    },
    {
      "square": "e6",
      "type": "n",
      "color": "b"
    },
    {
      "square": "f6",
      "type": "p",
      "color": "b"
    },
    {
      "square": "f5",
      "type": "p",
      "color": "b"
    },
    {
      "square": "b4",
      "type": "p",
      "color": "w"
    },
    {
      "square": "f4",
      "type": "b",
      "color": "b"
    },
    {
      "square": "a3",
      "type": "p",
      "color": "w"
    },
    {
      "square": "e3",
      "type": "k",
      "color": "w"
    }
  ],
  "nextTurn": "w"
}