{
  "event": "SPICE Cup",
  "site": "St Louis USA",
  "date": "2012.10.17",
  "eventDate": "2012.10.12",
  "dateMillis": 1350403200000,
  "eventDateMillis": 1349971200000,
  "round": "6",
  "result": "1/2-1/2",
  "white": "Wesley So",
  "black": "Ding Liren",
  "isDingWin": false,
  "isDraw": true,
  "isDingBlack": true,
  "moves": [
    "Nc6+",
    "Ke4",
    "Kf7",
    "Kf3",
    "Nxe5+",
    "Kg3",
    "Kf6",
    "h4",
    "gxh4+",
    "Kxh4",
    "Nxg4",
    "Kxg4"
  ],
  "statePieceCount": 9,
  "endPieceCount": 4,
  "boardState": [
    {
      "square": "b8",
      "type": "n",
      "color": "b"
    },
    {
      "square": "e7",
      "type": "k",
      "color": "b"
    },
    {
      "square": "h7",
      "type": "b",
      "color": "w"
    },
    {
      "square": "e6",
      "type": "p",
      "color": "b"
    },
    {
      "square": "e5",
      "type": "p",
      "color": "w"
    },
    {
      "square": "g5",
      "type": "p",
      "color": "b"
    },
    {
      "square": "d4",
      "type": "k",
      "color": "w"
    },
    {
      "square": "g4",
      "type": "p",
      "color": "w"
    },
    {
      "square": "h3",
      "type": "p",
      "color": "w"
    }
  ],
  "nextTurn": "b"
}