{
  "event": "Hainan Danzhou GM",
  "site": "Danzhou CHN",
  "date": "2013.05.25",
  "eventDate": "2013.05.20",
  "dateMillis": 1369411200000,
  "eventDateMillis": 1368979200000,
  "round": "6.1",
  "result": "1/2-1/2",
  "white": "Zhou Weiqi",
  "black": "Ding Liren",
  "isDingWin": false,
  "isDraw": true,
  "isDingBlack": true,
  "moves": [
    "axb5",
    "Bd6",
    "Bg7",
    "Bb8",
    "Bf6",
    "Bd6",
    "Bg7",
    "Bb8",
    "Bf6"
  ],
  "statePieceCount": 9,
  "endPieceCount": 8,
  "boardState": [
    {
      "square": "b8",
      "type": "b",
      "color": "w"
    },
    {
      "square": "a6",
      "type": "p",
      "color": "b"
    },
    {
      "square": "f6",
      "type": "b",
      "color": "b"
    },
    {
      "square": "b5",
      "type": "p",
      "color": "w"
    },
    {
      "square": "f5",
      "type": "k",
      "color": "b"
    },
    {
      "square": "g5",
      "type": "p",
      "color": "b"
    },
    {
      "square": "b3",
      "type": "p",
      "color": "w"
    },
    {
      "square": "d3",
      "type": "k",
      "color": "w"
    },
    {
      "square": "f3",
      "type": "p",
      "color": "w"
    }
  ],
  "nextTurn": "b"
}