{
  "event": "Biel",
  "site": "Biel SUI",
  "date": "2013.07.29",
  "eventDate": "2013.07.22",
  "dateMillis": 1375027200000,
  "eventDateMillis": 1374422400000,
  "round": "7",
  "result": "1/2-1/2",
  "white": "Ding Liren",
  "black": "Etienne Bacrot",
  "isDingWin": false,
  "isDraw": true,
  "isDingBlack": false,
  "moves": [
    "Rc8",
    "Rc6",
    "Kf7",
    "Kg4",
    "Ke7",
    "Kf5",
    "Kd7",
    "Rc4",
    "Kd6",
    "Rd4+",
    "Ke7",
    "Rc4",
    "Kd6",
    "Rh4",
    "Ke7",
    "Rg4",
    "g6+",
    "Kg5",
    "Rxc7",
    "Kh6",
    "Kf8",
    "h4",
    "Kg8",
    "Ra4",
    "Rc8",
    "Ra7",
    "Rc3",
    "Rg7+",
    "Kf8",
    "Kxh7",
    "Rxg3",
    "h5",
    "Rh3",
    "h6",
    "Rf3",
    "Rg8+",
    "Kf7",
    "Ra8",
    "Rf1",
    "Ra7+"
  ],
  "statePieceCount": 9,
  "endPieceCount": 6,
  "boardState": [
    {
      "square": "f8",
      "type": "r",
      "color": "b"
    },
    {
      "square": "g8",
      "type": "k",
      "color": "b"
    },
    {
      "square": "c7",
      "type": "p",
      "color": "w"
    },
    {
      "square": "g7",
      "type": "p",
      "color": "b"
    },
    {
      "square": "h7",
      "type": "p",
      "color": "b"
    },
    {
      "square": "a6",
      "type": "r",
      "color": "w"
    },
    {
      "square": "g3",
      "type": "p",
      "color": "w"
    },
    {
      "square": "h3",
      "type": "k",
      "color": "w"
    },
    {
      "square": "h2",
      "type": "p",
      "color": "w"
    }
  ],
  "nextTurn": "b"
}