{
  "event": "Petrosian Memorial",
  "site": "Moscow RUS",
  "date": "2014.11.10",
  "eventDate": "2014.11.03",
  "dateMillis": 1415548800000,
  "eventDateMillis": 1414944000000,
  "round": "6",
  "result": "1/2-1/2",
  "white": "Ding Liren",
  "black": "Boris Gelfand",
  "isDingWin": false,
  "isDraw": true,
  "isDingBlack": false,
  "moves": [
    "Rxh3",
    "Rc7",
    "Ra3",
    "a7",
    "f5",
    "Rc6+"
  ],
  "statePieceCount": 9,
  "endPieceCount": 8,
  "boardState": [
    {
      "square": "a7",
      "type": "r",
      "color": "w"
    },
    {
      "square": "a6",
      "type": "p",
      "color": "w"
    },
    {
      "square": "f6",
      "type": "p",
      "color": "b"
    },
    {
      "square": "g6",
      "type": "k",
      "color": "b"
    },
    {
      "square": "d5",
      "type": "k",
      "color": "w"
    },
    {
      "square": "g5",
      "type": "p",
      "color": "b"
    },
    {
      "square": "g4",
      "type": "p",
      "color": "w"
    },
    {
      "square": "a3",
      "type": "r",
      "color": "b"
    },
    {
      "square": "h3",
      "type": "p",
      "color": "w"
    }
  ],
  "nextTurn": "b"
}