{
  "event": "India-China Summit Match",
  "site": "Hyderabad IND",
  "date": "2015.03.10",
  "eventDate": "2015.02.28",
  "dateMillis": 1425916800000,
  "eventDateMillis": 1425052800000,
  "round": "8.4",
  "result": "0-1",
  "white": "Sethuraman P Sethuraman",
  "black": "Ding Liren",
  "isDingWin": true,
  "isDraw": false,
  "isDingBlack": true,
  "moves": [
    "Rf5+",
    "Ke3",
    "Rxf8",
    "Rb4",
    "Rb8",
    "g4",
    "Kf6",
    "Kf4",
    "Rb6",
    "g5+",
    "hxg5+",
    "Kg4",
    "Ke5"
  ],
  "statePieceCount": 9,
  "endPieceCount": 7,
  "boardState": [
    {
      "square": "f8",
      "type": "n",
      "color": "w"
    },
    {
      "square": "g7",
      "type": "k",
      "color": "b"
    },
    {
      "square": "g6",
      "type": "p",
      "color": "b"
    },
    {
      "square": "h6",
      "type": "p",
      "color": "b"
    },
    {
      "square": "b5",
      "type": "p",
      "color": "b"
    },
    {
      "square": "h5",
      "type": "r",
      "color": "b"
    },
    {
      "square": "g4",
      "type": "r",
      "color": "w"
    },
    {
      "square": "f2",
      "type": "k",
      "color": "w"
    },
    {
      "square": "g2",
      "type": "p",
      "color": "w"
    }
  ],
  "nextTurn": "b"
}