{
  "event": "Ding Liren - Gelfand",
  "site": "Wenzhou CHN",
  "date": "2015.07.18",
  "eventDate": "2015.07.16",
  "dateMillis": 1437148800000,
  "eventDateMillis": 1436976000000,
  "round": "3",
  "result": "0-1",
  "white": "Boris Gelfand",
  "black": "Ding Liren",
  "isDingWin": true,
  "isDraw": false,
  "isDingBlack": true,
  "moves": [
    "Rb1",
    "Kh5",
    "Kf3",
    "Kxh4",
    "Rh1+",
    "Kg5",
    "Rb1",
    "Rd2"
  ],
  "statePieceCount": 9,
  "endPieceCount": 8,
  "boardState": [
    {
      "square": "g6",
      "type": "p",
      "color": "b"
    },
    {
      "square": "h6",
      "type": "k",
      "color": "b"
    },
    {
      "square": "f4",
      "type": "p",
      "color": "b"
    },
    {
      "square": "h4",
      "type": "p",
      "color": "w"
    },
    {
      "square": "b2",
      "type": "p",
      "color": "b"
    },
    {
      "square": "c2",
      "type": "r",
      "color": "b"
    },
    {
      "square": "f2",
      "type": "p",
      "color": "w"
    },
    {
      "square": "g2",
      "type": "k",
      "color": "w"
    },
    {
      "square": "e1",
      "type": "r",
      "color": "w"
    }
  ],
  "nextTurn": "w"
}