{
  "event": "IMSA Elite Mind Games (Rapid)",
  "site": "Huai'an CHN",
  "date": "2016.02.27",
  "eventDate": "2016.02.26",
  "dateMillis": 1456502400000,
  "eventDateMillis": 1456416000000,
  "round": "7.2",
  "result": "1/2-1/2",
  "white": "Ruslan Ponomariov",
  "black": "Ding Liren",
  "isDingWin": false,
  "isDraw": true,
  "isDingBlack": true,
  "moves": [
    "Rxd7",
    "a4",
    "Ra7",
    "Ra3",
    "Ra5",
    "Ke4",
    "g5",
    "Kd4",
    "Kg7",
    "Kc4",
    "Kg6",
    "Kb4",
    "Ra8",
    "Rf3",
    "Rb8+",
    "Ka3",
    "Ra8",
    "g4",
    "Ra5",
    "Kb4",
    "Re5",
    "Rc3",
    "Re6",
    "Rc5",
    "Re4+",
    "Rc4",
    "Re6",
    "Rc5",
    "Re4+",
    "Rc4",
    "Re6",
    "Kb5",
    "f5",
    "gxf5+",
    "Kxf5",
    "a5",
    "g4",
    "a6",
    "g3",
    "a7",
    "Re8",
    "Rc2",
    "Ra8",
    "Kb6",
    "Kg4",
    "Kb7",
    "Rxa7+",
    "Kxa7",
    "Kf3",
    "Kb6",
    "g2",
    "Rxg2",
    "Kxg2"
  ],
  "statePieceCount": 9,
  "endPieceCount": 2,
  "boardState": [
    {
      "square": "d8",
      "type": "r",
      "color": "b"
    },
    {
      "square": "g8",
      "type": "k",
      "color": "b"
    },
    {
      "square": "d7",
      "type": "p",
      "color": "w"
    },
    {
      "square": "f7",
      "type": "p",
      "color": "b"
    },
    {
      "square": "g7",
      "type": "p",
      "color": "b"
    },
    {
      "square": "c3",
      "type": "r",
      "color": "w"
    },
    {
      "square": "f3",
      "type": "k",
      "color": "w"
    },
    {
      "square": "g3",
      "type": "p",
      "color": "w"
    },
    {
      "square": "a2",
      "type": "p",
      "color": "w"
    }
  ],
  "nextTurn": "b"
}