{
  "event": "Chinese Chess League",
  "site": "CHN",
  "date": "2016.04.13",
  "eventDate": "2016.04.12",
  "dateMillis": 1460476800000,
  "eventDateMillis": 1460390400000,
  "round": "2.1",
  "result": "0-1",
  "white": "Chang Liu",
  "black": "Ding Liren",
  "isDingWin": true,
  "isDraw": false,
  "isDingBlack": true,
  "moves": [
    "Kxg4",
    "Ke3",
    "Bxg3",
    "Nd4",
    "Be5",
    "Nf3",
    "Bf6",
    "Ng1",
    "Bd8",
    "Ne2",
    "Bb6+",
    "Kd3",
    "f4",
    "Nc3",
    "f3",
    "Ne4",
    "Kh3"
  ],
  "statePieceCount": 9,
  "endPieceCount": 7,
  "boardState": [
    {
      "square": "d6",
      "type": "p",
      "color": "b"
    },
    {
      "square": "d5",
      "type": "p",
      "color": "w"
    },
    {
      "square": "e5",
      "type": "b",
      "color": "b"
    },
    {
      "square": "f5",
      "type": "p",
      "color": "b"
    },
    {
      "square": "g5",
      "type": "k",
      "color": "b"
    },
    {
      "square": "g4",
      "type": "b",
      "color": "w"
    },
    {
      "square": "g3",
      "type": "p",
      "color": "w"
    },
    {
      "square": "d2",
      "type": "k",
      "color": "w"
    },
    {
      "square": "e2",
      "type": "n",
      "color": "w"
    }
  ],
  "nextTurn": "b"
}