{
  "event": "Hainan Danzhou GM",
  "site": "Danzhou CHN",
  "date": "2016.07.15",
  "eventDate": "2016.07.06",
  "dateMillis": 1468512000000,
  "eventDateMillis": 1467734400000,
  "round": "7",
  "result": "1-0",
  "white": "Ding Liren",
  "black": "Yu Yangyi",
  "isDingWin": true,
  "isDraw": false,
  "isDingBlack": false,
  "moves": [
    "Ke6",
    "Rh8",
    "Rb7",
    "Re8+",
    "Kd6",
    "Kf5",
    "Rb5+",
    "Kg4",
    "Rb4+",
    "Kh5",
    "Rxb3",
    "Re7",
    "Rh3+",
    "Kg4",
    "Rh7",
    "Ra7",
    "Ke6",
    "Ra6+",
    "Kd7",
    "g6"
  ],
  "statePieceCount": 9,
  "endPieceCount": 8,
  "boardState": [
    {
      "square": "d7",
      "type": "r",
      "color": "b"
    },
    {
      "square": "f7",
      "type": "p",
      "color": "b"
    },
    {
      "square": "d6",
      "type": "k",
      "color": "b"
    },
    {
      "square": "f6",
      "type": "p",
      "color": "w"
    },
    {
      "square": "a5",
      "type": "p",
      "color": "b"
    },
    {
      "square": "g5",
      "type": "p",
      "color": "w"
    },
    {
      "square": "e4",
      "type": "k",
      "color": "w"
    },
    {
      "square": "b3",
      "type": "p",
      "color": "w"
    },
    {
      "square": "h3",
      "type": "r",
      "color": "w"
    }
  ],
  "nextTurn": "b"
}