{
  "event": "Hainan Danzhou GM",
  "site": "Danzhou CHN",
  "date": "2017.07.16",
  "eventDate": "2017.07.09",
  "dateMillis": 1500134400000,
  "eventDateMillis": 1499529600000,
  "round": "7",
  "result": "1/2-1/2",
  "white": "Ding Liren",
  "black": "Yu Yangyi",
  "isDingWin": false,
  "isDraw": true,
  "isDingBlack": false,
  "moves": [
    "bxa5",
    "Ba7",
    "Bb7",
    "Bb8",
    "Bxa6",
    "Bc7",
    "Bd3",
    "Bxa5",
    "Bc2",
    "e4",
    "Bxe4",
    "Bxc3"
  ],
  "statePieceCount": 9,
  "endPieceCount": 4,
  "boardState": [
    {
      "square": "a6",
      "type": "p",
      "color": "b"
    },
    {
      "square": "c6",
      "type": "b",
      "color": "w"
    },
    {
      "square": "a5",
      "type": "p",
      "color": "b"
    },
    {
      "square": "e5",
      "type": "p",
      "color": "b"
    },
    {
      "square": "b4",
      "type": "p",
      "color": "w"
    },
    {
      "square": "f4",
      "type": "k",
      "color": "b"
    },
    {
      "square": "c3",
      "type": "p",
      "color": "w"
    },
    {
      "square": "e3",
      "type": "b",
      "color": "b"
    },
    {
      "square": "e2",
      "type": "k",
      "color": "w"
    }
  ],
  "nextTurn": "w"
}