{
  "event": "Ding Liren - Giri",
  "site": "Wenzhou CHN",
  "date": "2017.08.08",
  "eventDate": "2017.08.08",
  "dateMillis": 1502121600000,
  "eventDateMillis": 1502121600000,
  "round": "1",
  "result": "1/2-1/2",
  "white": "Anish Giri",
  "black": "Ding Liren",
  "isDingWin": false,
  "isDraw": true,
  "isDingBlack": true,
  "moves": [
    "Bd5",
    "Rf2",
    "Rg4",
    "Rd2",
    "Kc6",
    "Nd3",
    "Kd6",
    "Kf1",
    "Bc4",
    "Kf2",
    "Bxd3",
    "Rxd3+",
    "Ke5",
    "Rb3",
    "Kf5",
    "Rf3+",
    "Ke5",
    "Rb3",
    "Kf5",
    "Kf3",
    "Kg5"
  ],
  "statePieceCount": 9,
  "endPieceCount": 7,
  "boardState": [
    {
      "square": "c7",
      "type": "k",
      "color": "b"
    },
    {
      "square": "g7",
      "type": "r",
      "color": "b"
    },
    {
      "square": "b5",
      "type": "p",
      "color": "b"
    },
    {
      "square": "c5",
      "type": "n",
      "color": "w"
    },
    {
      "square": "b4",
      "type": "p",
      "color": "w"
    },
    {
      "square": "c4",
      "type": "b",
      "color": "b"
    },
    {
      "square": "f3",
      "type": "r",
      "color": "w"
    },
    {
      "square": "g2",
      "type": "p",
      "color": "w"
    },
    {
      "square": "g1",
      "type": "k",
      "color": "w"
    }
  ],
  "nextTurn": "b"
}