{
  "event": "IMSA Elite Mind Games (Blitz)",
  "site": "?",
  "date": "2017.12.13",
  "dateMillis": 1513094400000,
  "eventDateMillis": null,
  "round": "16.2",
  "result": "1/2-1/2",
  "white": "Yu Yangyi",
  "black": "Ding Liren",
  "isDingWin": false,
  "isDraw": true,
  "isDingBlack": true,
  "moves": [
    "f5+",
    "Ke7",
    "Ne4",
    "Nc1",
    "Kc4",
    "Ne2",
    "Nc5",
    "Ng3",
    "Nb7",
    "Nxf5",
    "Nxa5",
    "Nd6+",
    "Kxb4",
    "f5",
    "Nc4",
    "f4",
    "Nd2",
    "Ke6",
    "Kc3",
    "Kd5",
    "Kd3",
    "Kc5",
    "Ne4+",
    "Nxe4",
    "Kxe4",
    "Kb4",
    "Kxf4"
  ],
  "statePieceCount": 9,
  "endPieceCount": 3,
  "boardState": [
    {
      "square": "e6",
      "type": "k",
      "color": "b"
    },
    {
      "square": "f6",
      "type": "p",
      "color": "b"
    },
    {
      "square": "a5",
      "type": "p",
      "color": "b"
    },
    {
      "square": "b4",
      "type": "p",
      "color": "b"
    },
    {
      "square": "d4",
      "type": "k",
      "color": "w"
    },
    {
      "square": "f4",
      "type": "p",
      "color": "w"
    },
    {
      "square": "b3",
      "type": "p",
      "color": "w"
    },
    {
      "square": "g3",
      "type": "n",
      "color": "w"
    },
    {
      "square": "a2",
      "type": "n",
      "color": "b"
    }
  ],
  "nextTurn": "w"
}