{
  "event": "IMSA Elite Mind Games (Blitz)",
  "site": "?",
  "date": "2017.12.13",
  "dateMillis": 1513094400000,
  "eventDateMillis": null,
  "round": "22.3",
  "result": "1/2-1/2",
  "white": "Ding Liren",
  "black": "Anton Korobov",
  "isDingWin": false,
  "isDraw": true,
  "isDingBlack": false,
  "moves": [
    "e5+",
    "Kf3",
    "Rb1",
    "Ke4",
    "Rxb3",
    "Kxe5",
    "Kxg5",
    "Kd5",
    "Rb4",
    "Kc6",
    "Kf4",
    "Ra6",
    "Ke3",
    "Rxb6",
    "Rxa4",
    "Rb5",
    "Rc4+",
    "Rc5",
    "Rxc5+",
    "Kxc5"
  ],
  "statePieceCount": 9,
  "endPieceCount": 2,
  "boardState": [
    {
      "square": "a7",
      "type": "r",
      "color": "w"
    },
    {
      "square": "b6",
      "type": "p",
      "color": "b"
    },
    {
      "square": "e6",
      "type": "p",
      "color": "b"
    },
    {
      "square": "g6",
      "type": "k",
      "color": "b"
    },
    {
      "square": "g5",
      "type": "p",
      "color": "w"
    },
    {
      "square": "a4",
      "type": "p",
      "color": "w"
    },
    {
      "square": "f4",
      "type": "k",
      "color": "w"
    },
    {
      "square": "b3",
      "type": "p",
      "color": "w"
    },
    {
      "square": "e1",
      "type": "r",
      "color": "b"
    }
  ],
  "nextTurn": "b"
}