{
  "event": "World Rapid Championship",
  "site": "Riyadh KSA",
  "date": "2017.12.26",
  "eventDate": "2017.12.26",
  "dateMillis": 1514217600000,
  "eventDateMillis": 1514217600000,
  "round": "1.20",
  "result": "1/2-1/2",
  "white": "Martyn Kravtsiv",
  "black": "Ding Liren",
  "isDingWin": false,
  "isDraw": true,
  "isDingBlack": true,
  "moves": [
    "Kc3",
    "Rc6+",
    "Kxb3",
    "Rc5",
    "Rg1+",
    "Kd2",
    "Rxg3",
    "Rxf5",
    "Ka2",
    "Ra5+",
    "Kb1",
    "f5",
    "b3",
    "Ke2",
    "Rg5",
    "Kf3",
    "b2",
    "Kf4",
    "Rg1",
    "f6",
    "Kc2",
    "Rb5",
    "b1=Q",
    "Rxb1",
    "Rxb1",
    "Ke5",
    "Kd3",
    "f7",
    "Rf1",
    "Ke6",
    "Kd4",
    "Ke7",
    "Rxf7+",
    "Kxf7"
  ],
  "statePieceCount": 9,
  "endPieceCount": 2,
  "boardState": [
    {
      "square": "g6",
      "type": "r",
      "color": "w"
    },
    {
      "square": "f5",
      "type": "p",
      "color": "b"
    },
    {
      "square": "b4",
      "type": "p",
      "color": "b"
    },
    {
      "square": "f4",
      "type": "p",
      "color": "w"
    },
    {
      "square": "b3",
      "type": "p",
      "color": "w"
    },
    {
      "square": "d3",
      "type": "k",
      "color": "b"
    },
    {
      "square": "g3",
      "type": "p",
      "color": "w"
    },
    {
      "square": "g2",
      "type": "r",
      "color": "b"
    },
    {
      "square": "c1",
      "type": "k",
      "color": "w"
    }
  ],
  "nextTurn": "b"
}