{
  "event": "World Blitz Championship",
  "site": "Riyadh KSA",
  "date": "2017.12.29",
  "eventDate": "2017.12.29",
  "dateMillis": 1514476800000,
  "eventDateMillis": 1514476800000,
  "round": "4.7",
  "result": "1/2-1/2",
  "white": "Vladimir Malakhov",
  "black": "Ding Liren",
  "isDingWin": false,
  "isDraw": true,
  "isDingBlack": true,
  "moves": [
    "Bxf6",
    "Kg4",
    "Kd5",
    "Kf3",
    "Kd4",
    "Ke2",
    "Kc3",
    "Ke3",
    "Kb4",
    "Ke4",
    "Bd8",
    "Kd5",
    "Kc3",
    "Kxc5",
    "Kxd3",
    "Nb6",
    "Kc3",
    "Nd5+",
    "Kb3",
    "Nb4",
    "Be7+",
    "Kb6",
    "Bxb4",
    "Kxa6",
    "Bxa5"
  ],
  "statePieceCount": 9,
  "endPieceCount": 3,
  "boardState": [
    {
      "square": "a6",
      "type": "p",
      "color": "b"
    },
    {
      "square": "e6",
      "type": "k",
      "color": "b"
    },
    {
      "square": "f6",
      "type": "p",
      "color": "w"
    },
    {
      "square": "a5",
      "type": "p",
      "color": "w"
    },
    {
      "square": "c5",
      "type": "p",
      "color": "b"
    },
    {
      "square": "h5",
      "type": "k",
      "color": "w"
    },
    {
      "square": "c4",
      "type": "n",
      "color": "w"
    },
    {
      "square": "c3",
      "type": "b",
      "color": "b"
    },
    {
      "square": "d3",
      "type": "p",
      "color": "w"
    }
  ],
  "nextTurn": "b"
}