{
  "event": "World Championship Candidates",
  "site": "Berlin GER",
  "date": "2018.03.18",
  "eventDate": "2018.03.10",
  "dateMillis": 1521302400000,
  "eventDateMillis": 1520611200000,
  "round": "7",
  "result": "1/2-1/2",
  "white": "Vladimir Kramnik",
  "black": "Ding Liren",
  "isDingWin": false,
  "isDraw": true,
  "isDingBlack": true,
  "moves": [
    "Qh5",
    "Rg7",
    "f5",
    "h7",
    "f4",
    "Ng4",
    "Qh3",
    "Rg6+",
    "Kf5",
    "Rg7",
    "Ke6",
    "Rg6+",
    "Kf5",
    "Nh6+",
    "Kxg6",
    "h8=Q",
    "Qxh6",
    "Qe8+",
    "Kf5",
    "Qb5+",
    "Kg4",
    "Qe2+",
    "Kf5",
    "Qb5+"
  ],
  "statePieceCount": 9,
  "endPieceCount": 7,
  "boardState": [
    {
      "square": "e6",
      "type": "k",
      "color": "b"
    },
    {
      "square": "f6",
      "type": "p",
      "color": "b"
    },
    {
      "square": "h6",
      "type": "p",
      "color": "w"
    },
    {
      "square": "e4",
      "type": "p",
      "color": "b"
    },
    {
      "square": "e3",
      "type": "n",
      "color": "w"
    },
    {
      "square": "f3",
      "type": "q",
      "color": "b"
    },
    {
      "square": "g3",
      "type": "r",
      "color": "w"
    },
    {
      "square": "f2",
      "type": "p",
      "color": "w"
    },
    {
      "square": "g1",
      "type": "k",
      "color": "w"
    }
  ],
  "nextTurn": "b"
}