{
  "event": "Tata Steel Masters",
  "site": "Wijk aan Zee NED",
  "date": "2019.01.18",
  "dateMillis": 1547740800000,
  "eventDateMillis": null,
  "round": "6",
  "result": "1/2-1/2",
  "white": "Ding Liren",
  "black": "Teimour Radjabov",
  "isDingWin": false,
  "isDraw": true,
  "isDingBlack": false,
  "moves": [
    "Nf2+",
    "Ke3",
    "Nh3",
    "Nf8+",
    "Ke7",
    "Nh7",
    "Kf7",
    "Kf3",
    "Kg6",
    "Nf8+",
    "Kf7",
    "Nd7",
    "Nxg5+",
    "Ke3",
    "Ke6",
    "Nb6",
    "Kd6",
    "Nc4+",
    "Ke6",
    "Nb2",
    "Kd6",
    "Nc4+"
  ],
  "statePieceCount": 9,
  "endPieceCount": 8,
  "boardState": [
    {
      "square": "e6",
      "type": "k",
      "color": "b"
    },
    {
      "square": "g6",
      "type": "n",
      "color": "w"
    },
    {
      "square": "e5",
      "type": "p",
      "color": "b"
    },
    {
      "square": "g5",
      "type": "p",
      "color": "w"
    },
    {
      "square": "b4",
      "type": "p",
      "color": "b"
    },
    {
      "square": "e4",
      "type": "p",
      "color": "w"
    },
    {
      "square": "b3",
      "type": "p",
      "color": "w"
    },
    {
      "square": "d3",
      "type": "k",
      "color": "w"
    },
    {
      "square": "d1",
      "type": "n",
      "color": "b"
    }
  ],
  "nextTurn": "b"
}