{
  "event": "World Team Chess Championship",
  "site": "Astana KAZ",
  "date": "2019.03.13",
  "eventDate": "2019.03.05",
  "dateMillis": 1552406400000,
  "eventDateMillis": 1551715200000,
  "round": "8.2",
  "result": "1-0",
  "white": "Ding Liren",
  "black": "Michael Adams",
  "isDingWin": true,
  "isDraw": false,
  "isDingBlack": false,
  "moves": [
    "Kxf6",
    "a6",
    "Rb2+",
    "Kc6",
    "Ra2",
    "a7",
    "Kg5",
    "Rxf7",
    "Kg4",
    "Rg7",
    "g5",
    "Kb7"
  ],
  "statePieceCount": 9,
  "endPieceCount": 7,
  "boardState": [
    {
      "square": "c7",
      "type": "r",
      "color": "w"
    },
    {
      "square": "f7",
      "type": "p",
      "color": "b"
    },
    {
      "square": "e6",
      "type": "k",
      "color": "b"
    },
    {
      "square": "f6",
      "type": "b",
      "color": "w"
    },
    {
      "square": "g6",
      "type": "p",
      "color": "b"
    },
    {
      "square": "a5",
      "type": "p",
      "color": "w"
    },
    {
      "square": "b5",
      "type": "k",
      "color": "w"
    },
    {
      "square": "g3",
      "type": "p",
      "color": "w"
    },
    {
      "square": "a2",
      "type": "r",
      "color": "b"
    }
  ],
  "nextTurn": "b"
}