{
  "event": "Shenzhen Masters",
  "site": "Shenzhen CHN",
  "date": "2018.11.05",
  "eventDate": "2018.11.04",
  "dateMillis": 1541347200000,
  "eventDateMillis": 1541260800000,
  "round": "2.3",
  "result": "1/2-1/2",
  "white": "Ding Liren",
  "black": "Maxime Vachier-Lagrave",
  "isDingWin": false,
  "isDraw": true,
  "isDingBlack": false,
  "moves": [
    "Ra1",
    "h5",
    "gxh5+",
    "Rxh5",
    "f6",
    "Rd5",
    "Kg6",
    "Rd6",
    "Ra4",
    "Kf4",
    "Rb4",
    "Ke3",
    "Rb3+",
    "Rd3",
    "Rb1",
    "f4",
    "Re1+",
    "Kd4",
    "Rf1",
    "f5+",
    "Kf7",
    "Ra3",
    "Rd1+",
    "Ke3",
    "Re1+",
    "Kf3",
    "Rf1+",
    "Ke2",
    "Rb1",
    "Ra7+",
    "Kf8",
    "Kd3",
    "Rd1+",
    "Kc4",
    "Rd2",
    "Kc5",
    "Rd1",
    "Rb7",
    "Ke8",
    "Ra7"
  ],
  "statePieceCount": 9,
  "endPieceCount": 7,
  "boardState": [
    {
      "square": "f7",
      "type": "p",
      "color": "b"
    },
    {
      "square": "g7",
      "type": "k",
      "color": "b"
    },
    {
      "square": "g6",
      "type": "p",
      "color": "b"
    },
    {
      "square": "d5",
      "type": "r",
      "color": "w"
    },
    {
      "square": "e4",
      "type": "p",
      "color": "w"
    },
    {
      "square": "g4",
      "type": "k",
      "color": "w"
    },
    {
      "square": "h4",
      "type": "p",
      "color": "w"
    },
    {
      "square": "a3",
      "type": "r",
      "color": "b"
    },
    {
      "square": "f3",
      "type": "p",
      "color": "w"
    }
  ],
  "nextTurn": "b"
}