{
  "event": "Gashimov Memorial",
  "site": "Shamkir AZE",
  "date": "2019.04.01",
  "eventDate": "2019.03.31",
  "dateMillis": 1554048000000,
  "eventDateMillis": 1553961600000,
  "round": "2",
  "result": "1-0",
  "white": "Ding Liren",
  "black": "Alexander Grischuk",
  "isDingWin": true,
  "isDraw": false,
  "isDingBlack": false,
  "moves": [
    "Qxd6",
    "Qc8+",
    "Kg7",
    "Qc3+",
    "Kh7",
    "Qc2+",
    "Kg7",
    "h4",
    "Qe6",
    "Qc7+",
    "Kh8",
    "Qd8+",
    "Kh7",
    "Qc7+",
    "Kh8",
    "Qb6",
    "Qc4",
    "Qd8+",
    "Kg7",
    "Qe7+",
    "Kg8",
    "Kh6",
    "Qc6+",
    "g6",
    "Qc1+",
    "Qg5",
    "Qd1",
    "Qf4"
  ],
  "statePieceCount": 9,
  "endPieceCount": 8,
  "boardState": [
    {
      "square": "h8",
      "type": "k",
      "color": "b"
    },
    {
      "square": "a6",
      "type": "p",
      "color": "b"
    },
    {
      "square": "d6",
      "type": "p",
      "color": "w"
    },
    {
      "square": "a5",
      "type": "p",
      "color": "w"
    },
    {
      "square": "g5",
      "type": "p",
      "color": "w"
    },
    {
      "square": "h5",
      "type": "k",
      "color": "w"
    },
    {
      "square": "g4",
      "type": "q",
      "color": "w"
    },
    {
      "square": "h2",
      "type": "p",
      "color": "w"
    },
    {
      "square": "d1",
      "type": "q",
      "color": "b"
    }
  ],
  "nextTurn": "b"
}