{
  "event": "Grand Chess Tour Cote d�Ivoire (Rapid & Blitz)",
  "site": "Abidjan CIV",
  "date": "2019.05.08",
  "eventDate": "2019.05.08",
  "dateMillis": 1557244800000,
  "eventDateMillis": 1557244800000,
  "round": "1.3",
  "result": "0-1",
  "white": "Bassem Amin",
  "black": "Ding Liren",
  "isDingWin": true,
  "isDraw": false,
  "isDingBlack": true,
  "moves": [
    "Rxd7",
    "g4",
    "Rd5",
    "Ke4",
    "Re5+",
    "Kf4",
    "Bc5",
    "Ra8",
    "Be3+",
    "Kf3",
    "Bg5",
    "Rg8",
    "Kh7",
    "Ra8",
    "Re3+",
    "Kf2",
    "Rb3",
    "Rc8",
    "Bh4+",
    "Ke2",
    "Rg3",
    "Rc4",
    "Kh6",
    "Ra4",
    "Kg5",
    "Ra5+",
    "Kxg4",
    "h6",
    "Bg5",
    "Ra4+",
    "Bf4",
    "h7",
    "Rh3",
    "Ra7",
    "f5",
    "Kf2",
    "Be5",
    "Kg2",
    "Rh2+",
    "Kg1",
    "Rh6",
    "Re7",
    "Bf6",
    "Rf7",
    "Kg5"
  ],
  "statePieceCount": 9,
  "endPieceCount": 7,
  "boardState": [
    {
      "square": "d7",
      "type": "p",
      "color": "w"
    },
    {
      "square": "e7",
      "type": "b",
      "color": "b"
    },
    {
      "square": "f6",
      "type": "p",
      "color": "b"
    },
    {
      "square": "h6",
      "type": "k",
      "color": "b"
    },
    {
      "square": "h5",
      "type": "p",
      "color": "w"
    },
    {
      "square": "a4",
      "type": "r",
      "color": "w"
    },
    {
      "square": "e3",
      "type": "k",
      "color": "w"
    },
    {
      "square": "g2",
      "type": "p",
      "color": "w"
    },
    {
      "square": "d1",
      "type": "r",
      "color": "b"
    }
  ],
  "nextTurn": "b"
}