{
  "event": "Norway Chess (Blitz)",
  "site": "Stavanger NOR",
  "date": "2019.06.03",
  "eventDate": "2019.06.03",
  "dateMillis": 1559491200000,
  "eventDateMillis": 1559491200000,
  "round": "3.5",
  "result": "1-0",
  "white": "Ding Liren",
  "black": "Wesley So",
  "isDingWin": true,
  "isDraw": false,
  "isDingBlack": false,
  "moves": [
    "Kf6",
    "a3",
    "Nd3",
    "b3",
    "Nc5",
    "Nc3",
    "Nxb3",
    "Nd5+",
    "Kf5",
    "Nxb6",
    "Nd2",
    "Kh6",
    "Kf6",
    "h5",
    "Nb1",
    "a4",
    "Nc3",
    "Kh7",
    "Ne4",
    "Nc4",
    "Kg5",
    "h6",
    "Nf6+",
    "Kg7",
    "Nh5+",
    "Kf7",
    "Kxh6",
    "Nxa5",
    "Kg5",
    "Nc6",
    "Kf5",
    "a5",
    "Nf4",
    "a6",
    "Ne6",
    "Nd4+",
    "Nxd4",
    "a7"
  ],
  "statePieceCount": 9,
  "endPieceCount": 4,
  "boardState": [
    {
      "square": "b6",
      "type": "p",
      "color": "b"
    },
    {
      "square": "e6",
      "type": "k",
      "color": "b"
    },
    {
      "square": "a5",
      "type": "p",
      "color": "b"
    },
    {
      "square": "b5",
      "type": "n",
      "color": "w"
    },
    {
      "square": "h5",
      "type": "k",
      "color": "w"
    },
    {
      "square": "b4",
      "type": "n",
      "color": "b"
    },
    {
      "square": "h4",
      "type": "p",
      "color": "w"
    },
    {
      "square": "a2",
      "type": "p",
      "color": "w"
    },
    {
      "square": "b2",
      "type": "p",
      "color": "w"
    }
  ],
  "nextTurn": "b"
}