{
  "event": "Norway Chess",
  "site": "Stavanger NOR",
  "date": "2019.06.06",
  "eventDate": "2019.05.04",
  "dateMillis": 1559750400000,
  "eventDateMillis": 1556899200000,
  "round": "3",
  "result": "1-0",
  "white": "Ding Liren",
  "black": "Fabiano Caruana",
  "isDingWin": true,
  "isDraw": false,
  "isDingBlack": false,
  "moves": [
    "Bxd4",
    "Nxa3",
    "Kf5",
    "h5",
    "Kg5",
    "Bf7",
    "Kf4",
    "Nc4",
    "Bg7",
    "Bg6",
    "Bd4",
    "Nd6",
    "e3",
    "Nf7",
    "Bg7",
    "Bd3"
  ],
  "statePieceCount": 9,
  "endPieceCount": 7,
  "boardState": [
    {
      "square": "b5",
      "type": "n",
      "color": "w"
    },
    {
      "square": "c5",
      "type": "b",
      "color": "b"
    },
    {
      "square": "e5",
      "type": "k",
      "color": "b"
    },
    {
      "square": "d4",
      "type": "p",
      "color": "w"
    },
    {
      "square": "e4",
      "type": "p",
      "color": "b"
    },
    {
      "square": "h4",
      "type": "p",
      "color": "w"
    },
    {
      "square": "a3",
      "type": "p",
      "color": "b"
    },
    {
      "square": "b3",
      "type": "b",
      "color": "w"
    },
    {
      "square": "e2",
      "type": "k",
      "color": "w"
    }
  ],
  "nextTurn": "b"
}