{
  "event": "Chessable Masters",
  "site": "chess24.com INT",
  "date": "2020.06.23",
  "eventDate": "2020.06.20",
  "dateMillis": 1592841600000,
  "eventDateMillis": 1592582400000,
  "round": "8",
  "result": "1-0",
  "white": "Ding Liren",
  "black": "Ian Nepomniachtchi",
  "isDingWin": true,
  "isDraw": false,
  "isDingBlack": false,
  "moves": [
    "Rxd6",
    "Rg6+",
    "Ke5",
    "Rxd6",
    "Kxd6",
    "Kf3",
    "Ke5",
    "Nb5",
    "b6",
    "Na7"
  ],
  "statePieceCount": 9,
  "endPieceCount": 6,
  "boardState": [
    {
      "square": "b7",
      "type": "p",
      "color": "b"
    },
    {
      "square": "d7",
      "type": "r",
      "color": "b"
    },
    {
      "square": "d6",
      "type": "p",
      "color": "w"
    },
    {
      "square": "e6",
      "type": "k",
      "color": "b"
    },
    {
      "square": "g5",
      "type": "r",
      "color": "w"
    },
    {
      "square": "f4",
      "type": "p",
      "color": "b"
    },
    {
      "square": "g4",
      "type": "p",
      "color": "w"
    },
    {
      "square": "c3",
      "type": "n",
      "color": "w"
    },
    {
      "square": "g2",
      "type": "k",
      "color": "w"
    }
  ],
  "nextTurn": "b"
}