{
  "event": "Chessable Masters",
  "site": "chess24.com INT",
  "date": "2020.06.29",
  "eventDate": "2020.06.25",
  "dateMillis": 1593360000000,
  "eventDateMillis": 1593014400000,
  "round": "1.32",
  "result": "0-1",
  "white": "Hikaru Nakamura",
  "black": "Ding Liren",
  "isDingWin": true,
  "isDraw": false,
  "isDingBlack": true,
  "moves": [
    "Be3",
    "Qc3",
    "Kf2",
    "Kh4",
    "Bxh6",
    "Qxd4+",
    "Ke2",
    "Kg3",
    "Bd2",
    "Qc4+",
    "Ke3",
    "Qb3+",
    "Kd4",
    "c5+",
    "Ke4",
    "Qxf3+"
  ],
  "statePieceCount": 9,
  "endPieceCount": 6,
  "boardState": [
    {
      "square": "c7",
      "type": "p",
      "color": "b"
    },
    {
      "square": "h6",
      "type": "p",
      "color": "b"
    },
    {
      "square": "h5",
      "type": "k",
      "color": "b"
    },
    {
      "square": "d4",
      "type": "p",
      "color": "w"
    },
    {
      "square": "g4",
      "type": "n",
      "color": "w"
    },
    {
      "square": "d3",
      "type": "q",
      "color": "b"
    },
    {
      "square": "f3",
      "type": "p",
      "color": "w"
    },
    {
      "square": "f2",
      "type": "b",
      "color": "w"
    },
    {
      "square": "g2",
      "type": "k",
      "color": "w"
    }
  ],
  "nextTurn": "w"
}