{
  "event": "Legends of Chess",
  "site": "chess24.com INT",
  "date": "2020.07.25",
  "eventDate": "2020.07.21",
  "dateMillis": 1595606400000,
  "eventDateMillis": 1595260800000,
  "round": "5.4",
  "result": "0-1",
  "white": "Ding Liren",
  "black": "Vladimir Kramnik",
  "isDingWin": false,
  "isDraw": false,
  "isDingBlack": false,
  "moves": [
    "f5",
    "Rf4",
    "fxe4",
    "Rxe4",
    "Rxe4",
    "Kxe4",
    "Kf6",
    "Kd5",
    "Ke7",
    "Kc5",
    "Kd7",
    "b6",
    "a6"
  ],
  "statePieceCount": 9,
  "endPieceCount": 5,
  "boardState": [
    {
      "square": "a7",
      "type": "p",
      "color": "b"
    },
    {
      "square": "f7",
      "type": "p",
      "color": "b"
    },
    {
      "square": "g7",
      "type": "k",
      "color": "b"
    },
    {
      "square": "a5",
      "type": "n",
      "color": "b"
    },
    {
      "square": "b5",
      "type": "p",
      "color": "w"
    },
    {
      "square": "d5",
      "type": "k",
      "color": "w"
    },
    {
      "square": "a4",
      "type": "r",
      "color": "b"
    },
    {
      "square": "e4",
      "type": "b",
      "color": "w"
    },
    {
      "square": "h4",
      "type": "r",
      "color": "w"
    }
  ],
  "nextTurn": "b"
}