{
  "event": "FTX Crypto Cup",
  "site": "chess24.com INT",
  "date": "2021.05.25",
  "eventDate": "2021.05.23",
  "dateMillis": 1621872000000,
  "eventDateMillis": 1621699200000,
  "round": "11.5",
  "result": "1/2-1/2",
  "white": "Ding Liren",
  "black": "Fabiano Caruana",
  "isDingWin": false,
  "isDraw": true,
  "isDingBlack": false,
  "moves": [
    "Bd2",
    "g6",
    "Bh6",
    "Kg3",
    "Be6",
    "Kh4",
    "Bd2",
    "Kg3",
    "Bh6",
    "Kf2",
    "Bc4",
    "Bf5",
    "Bb3",
    "Kg3",
    "Bc4",
    "Kg4",
    "Bb3",
    "Ng3",
    "Bf4",
    "Ne4",
    "Bd5",
    "Nc3",
    "Bc4",
    "Ne4",
    "Bd5",
    "Nc5",
    "Be3",
    "Nd7",
    "Bd4",
    "g7",
    "Bg8",
    "Kg5",
    "Kf7",
    "Be4",
    "Kxg7",
    "Nf6",
    "Be6",
    "Ng4",
    "Bxg4",
    "fxg4"
  ],
  "statePieceCount": 9,
  "endPieceCount": 6,
  "boardState": [
    {
      "square": "e7",
      "type": "k",
      "color": "b"
    },
    {
      "square": "e5",
      "type": "p",
      "color": "b"
    },
    {
      "square": "g5",
      "type": "p",
      "color": "w"
    },
    {
      "square": "h5",
      "type": "n",
      "color": "w"
    },
    {
      "square": "c4",
      "type": "b",
      "color": "b"
    },
    {
      "square": "e4",
      "type": "b",
      "color": "w"
    },
    {
      "square": "f3",
      "type": "p",
      "color": "w"
    },
    {
      "square": "g2",
      "type": "k",
      "color": "w"
    },
    {
      "square": "e1",
      "type": "b",
      "color": "b"
    }
  ],
  "nextTurn": "b"
}