{
  "event": "Goldmoney Asian Rapid",
  "site": "chess24.com INT",
  "date": "2021.07.01",
  "eventDate": "2021.06.26",
  "dateMillis": 1625068800000,
  "eventDateMillis": 1624636800000,
  "round": "2.11",
  "result": "1/2-1/2",
  "white": "Vladislav Artemiev",
  "black": "Ding Liren",
  "isDingWin": false,
  "isDraw": true,
  "isDingBlack": true,
  "moves": [
    "g4",
    "Rc3",
    "h4",
    "Ra3",
    "f3",
    "Ra4",
    "Kg3",
    "Rc4",
    "Re6",
    "Ra4",
    "Re4",
    "Ra5",
    "Re6",
    "Ra1",
    "Kf4",
    "Kh7",
    "Kf5",
    "Ra5+",
    "Re5",
    "Ra6",
    "f4",
    "Rf6+",
    "Ke4",
    "Ra6",
    "Rd5",
    "Re6+",
    "Kf5",
    "Ra6",
    "Ke5",
    "Ra8",
    "f5",
    "Re8+",
    "Kf4",
    "Re1",
    "Rd7",
    "Rh1",
    "Ke5",
    "Re1+",
    "Kd6",
    "Rf1",
    "Ke6",
    "Ra1",
    "g5",
    "hxg5",
    "hxg5",
    "Ra6+",
    "Kf7",
    "Ra8",
    "Re7",
    "Rb8",
    "Re1",
    "Rb7+",
    "Kf8",
    "Rb8+",
    "Kf7",
    "Rb7+",
    "Re7",
    "Rb8",
    "Ra7",
    "Rc8",
    "f6",
    "gxf6",
    "gxf6",
    "Rb8",
    "Re7",
    "Ra8",
    "Re1",
    "Ra7+",
    "Re7",
    "Ra8",
    "Re8",
    "Ra7+",
    "Ke6",
    "Ra6+",
    "Kf5",
    "Ra5+",
    "Ke6",
    "Ra6+",
    "Kf7",
    "Ra7+",
    "Re7",
    "Ra8"
  ],
  "statePieceCount": 9,
  "endPieceCount": 5,
  "boardState": [
    {
      "square": "g8",
      "type": "k",
      "color": "b"
    },
    {
      "square": "g7",
      "type": "p",
      "color": "b"
    },
    {
      "square": "b6",
      "type": "r",
      "color": "w"
    },
    {
      "square": "h6",
      "type": "p",
      "color": "b"
    },
    {
      "square": "a3",
      "type": "r",
      "color": "b"
    },
    {
      "square": "g3",
      "type": "p",
      "color": "w"
    },
    {
      "square": "f2",
      "type": "p",
      "color": "w"
    },
    {
      "square": "g2",
      "type": "k",
      "color": "w"
    },
    {
      "square": "h2",
      "type": "p",
      "color": "w"
    }
  ],
  "nextTurn": "w"
}