{
  "event": "GM Warmup Match 2021",
  "site": "Hangzhou CHN",
  "date": "2021.11.25",
  "eventDate": "2021.11.22",
  "dateMillis": 1637769600000,
  "eventDateMillis": 1637510400000,
  "round": "4.1",
  "result": "1-0",
  "white": "Ding Liren",
  "black": "Shanglei Lu",
  "isDingWin": true,
  "isDraw": false,
  "isDingBlack": false,
  "moves": [
    "Bxb6",
    "Kc6",
    "Bd8"
  ],
  "statePieceCount": 9,
  "endPieceCount": 8,
  "boardState": [
    {
      "square": "c7",
      "type": "b",
      "color": "w"
    },
    {
      "square": "d7",
      "type": "k",
      "color": "b"
    },
    {
      "square": "a6",
      "type": "p",
      "color": "w"
    },
    {
      "square": "b6",
      "type": "b",
      "color": "b"
    },
    {
      "square": "f6",
      "type": "p",
      "color": "b"
    },
    {
      "square": "g5",
      "type": "p",
      "color": "b"
    },
    {
      "square": "h5",
      "type": "p",
      "color": "b"
    },
    {
      "square": "h3",
      "type": "p",
      "color": "w"
    },
    {
      "square": "d1",
      "type": "k",
      "color": "w"
    }
  ],
  "nextTurn": "w"
}