{
  "event": "Airthings Masters",
  "site": "Chess24",
  "eventDate": "2022.02.13",
  "dateMillis": null,
  "eventDateMillis": 1644681600000,
  "round": "4.2",
  "result": "1-0",
  "white": "Ding Liren",
  "black": "Quang Liem Le",
  "isDingWin": true,
  "isDraw": false,
  "isDingBlack": false,
  "moves": [
    "Rxf6+",
    "Ke7",
    "Rf5",
    "Ke6",
    "Kg5"
  ],
  "statePieceCount": 9,
  "endPieceCount": 8,
  "boardState": [
    {
      "square": "f8",
      "type": "k",
      "color": "b"
    },
    {
      "square": "f6",
      "type": "r",
      "color": "b"
    },
    {
      "square": "f5",
      "type": "r",
      "color": "w"
    },
    {
      "square": "d4",
      "type": "p",
      "color": "w"
    },
    {
      "square": "g4",
      "type": "p",
      "color": "w"
    },
    {
      "square": "h4",
      "type": "k",
      "color": "w"
    },
    {
      "square": "h3",
      "type": "p",
      "color": "w"
    },
    {
      "square": "f2",
      "type": "p",
      "color": "b"
    },
    {
      "square": "g2",
      "type": "r",
      "color": "b"
    }
  ],
  "nextTurn": "w"
}