{
  "event": "FIDE Candidates 2022",
  "site": "Madrid ESP",
  "date": "2022.06.25",
  "eventDate": "2022.06.16",
  "dateMillis": 1656086400000,
  "eventDateMillis": 1655308800000,
  "round": "7",
  "result": "1/2-1/2",
  "white": "Ding Liren",
  "black": "Alireza Firouzja",
  "isDingWin": false,
  "isDraw": true,
  "isDingBlack": false,
  "moves": [
    "Nxf4",
    "Nxb5"
  ],
  "statePieceCount": 9,
  "endPieceCount": 7,
  "boardState": [
    {
      "square": "f8",
      "type": "k",
      "color": "b"
    },
    {
      "square": "h7",
      "type": "p",
      "color": "b"
    },
    {
      "square": "d6",
      "type": "n",
      "color": "w"
    },
    {
      "square": "e6",
      "type": "n",
      "color": "b"
    },
    {
      "square": "b5",
      "type": "p",
      "color": "b"
    },
    {
      "square": "e5",
      "type": "p",
      "color": "w"
    },
    {
      "square": "g5",
      "type": "p",
      "color": "w"
    },
    {
      "square": "f4",
      "type": "r",
      "color": "w"
    },
    {
      "square": "d2",
      "type": "k",
      "color": "w"
    }
  ],
  "nextTurn": "b"
}