{
  "event": "World Blitz Championship",
  "site": "Riyadh KSA",
  "date": "2017.12.29",
  "eventDate": "2017.12.29",
  "dateMillis": 1514476800000,
  "eventDateMillis": 1514476800000,
  "round": "7.1",
  "result": "1/2-1/2",
  "white": "Magnus Carlsen",
  "black": "Wang Hao",
  "isDingWin": false,
  "isDraw": true,
  "isDingBlack": false,
  "moves": [
    "Kxg3",
    "Bb7"
  ],
  "statePieceCount": 8,
  "endPieceCount": 7,
  "boardState": [
    {
      "square": "g6",
      "type": "p",
      "color": "b"
    },
    {
      "square": "d5",
      "type": "b",
      "color": "b"
    },
    {
      "square": "f5",
      "type": "k",
      "color": "b"
    },
    {
      "square": "h5",
      "type": "p",
      "color": "b"
    },
    {
      "square": "h4",
      "type": "p",
      "color": "w"
    },
    {
      "square": "g3",
      "type": "p",
      "color": "b"
    },
    {
      "square": "h3",
      "type": "n",
      "color": "w"
    },
    {
      "square": "f2",
      "type": "k",
      "color": "w"
    }
  ]
}