{
  "event": "World Blitz Championship",
  "site": "Riyadh KSA",
  "date": "2017.12.29",
  "eventDate": "2017.12.29",
  "dateMillis": 1514476800000,
  "eventDateMillis": 1514476800000,
  "round": "10.1",
  "result": "0-1",
  "white": "Hrant Melkumyan",
  "black": "Magnus Carlsen",
  "isDingWin": true,
  "isDraw": false,
  "isDingBlack": true,
  "moves": [
    "Kxe5",
    "Kb2",
    "Kf4"
  ],
  "statePieceCount": 8,
  "endPieceCount": 7,
  "boardState": [
    {
      "square": "h7",
      "type": "p",
      "color": "b"
    },
    {
      "square": "e6",
      "type": "k",
      "color": "b"
    },
    {
      "square": "e5",
      "type": "b",
      "color": "w"
    },
    {
      "square": "f5",
      "type": "p",
      "color": "b"
    },
    {
      "square": "h3",
      "type": "p",
      "color": "w"
    },
    {
      "square": "a2",
      "type": "p",
      "color": "b"
    },
    {
      "square": "c2",
      "type": "k",
      "color": "w"
    },
    {
      "square": "g2",
      "type": "p",
      "color": "w"
    }
  ]
}