{
  "event": "Chess.com Speed Chess Championship 2017/18",
  "site": "chess.com INT",
  "date": "2018.01.03",
  "eventDate": "2017.05.03",
  "dateMillis": 1514908800000,
  "eventDateMillis": 1493740800000,
  "round": "4.7",
  "result": "0-1",
  "white": "Hikaru Nakamura",
  "black": "Magnus Carlsen",
  "isDingWin": true,
  "isDraw": false,
  "isDingBlack": true,
  "moves": [
    "h4",
    "Ke4",
    "Kg3",
    "f5",
    "h5",
    "Ke3",
    "h6",
    "f4+",
    "Kg4",
    "f3",
    "h7",
    "f2",
    "h8=Q",
    "f1=Q",
    "Qc3+",
    "Qd3",
    "Qc1+",
    "Ke2",
    "Qc6",
    "Qd4+",
    "Kf5",
    "Kd3",
    "Ke6",
    "Qxb2",
    "a4",
    "Qb4",
    "Qf3+",
    "Kc2"
  ],
  "statePieceCount": 8,
  "endPieceCount": 7,
  "boardState": [
    {
      "square": "f7",
      "type": "p",
      "color": "b"
    },
    {
      "square": "b6",
      "type": "p",
      "color": "b"
    },
    {
      "square": "a5",
      "type": "p",
      "color": "b"
    },
    {
      "square": "d5",
      "type": "k",
      "color": "b"
    },
    {
      "square": "a3",
      "type": "p",
      "color": "w"
    },
    {
      "square": "h3",
      "type": "p",
      "color": "w"
    },
    {
      "square": "b2",
      "type": "p",
      "color": "w"
    },
    {
      "square": "h2",
      "type": "k",
      "color": "w"
    }
  ]
}