{
  "event": "Tata Steel Masters",
  "site": "Wijk aan Zee NED",
  "date": "2018.01.20",
  "eventDate": "2017.01.14",
  "dateMillis": 1516377600000,
  "eventDateMillis": 1484323200000,
  "round": "7",
  "result": "1-0",
  "white": "Magnus Carlsen",
  "black": "Yifan Hou",
  "isCarlsenWin": true,
  "isDraw": false,
  "isCarlsenBlack": false,
  "moves": [
    "Kc6",
    "Kb8",
    "Ne4",
    "Rxf5",
    "Nc5"
  ],
  "statePieceCount": 8,
  "endPieceCount": 7,
  "boardState": [
    {
      "square": "c8",
      "type": "k",
      "color": "b"
    },
    {
      "square": "g7",
      "type": "p",
      "color": "b"
    },
    {
      "square": "b6",
      "type": "p",
      "color": "w"
    },
    {
      "square": "d6",
      "type": "p",
      "color": "w"
    },
    {
      "square": "c5",
      "type": "k",
      "color": "w"
    },
    {
      "square": "f5",
      "type": "p",
      "color": "w"
    },
    {
      "square": "h5",
      "type": "r",
      "color": "b"
    },
    {
      "square": "d2",
      "type": "n",
      "color": "w"
    }
  ],
  "nextTurn": "w"
}