{
  "event": "Tata Steel Masters",
  "site": "Hilversum NED",
  "date": "2018.01.17",
  "eventDate": "2017.01.14",
  "dateMillis": 1516118400000,
  "eventDateMillis": 1484323200000,
  "round": "5",
  "result": "1/2-1/2",
  "white": "Magnus Carlsen",
  "black": "Vladimir Kramnik",
  "isDingWin": false,
  "isDraw": true,
  "isDingBlack": false,
  "moves": [
    "Re8",
    "Rxb7",
    "Rxe6",
    "Rb2+",
    "Kg1",
    "Kf3",
    "Ra6",
    "Rg2+",
    "Kh1",
    "Re2",
    "Kg1",
    "g4",
    "Ra1",
    "Re8",
    "Rb1",
    "g3",
    "Rb3+",
    "Re3",
    "Rb1",
    "Re8",
    "Rb3+",
    "Kg4",
    "Rb5",
    "Re1+",
    "Kg2",
    "Re2+",
    "Kg1",
    "g5",
    "Rb8",
    "Re1+",
    "Kg2",
    "Re2+",
    "Kg1",
    "Ra2",
    "Rc8",
    "Ra1+",
    "Kg2",
    "Ra2+",
    "Kg1",
    "g2",
    "Rc4+",
    "Kh3",
    "Rc3+",
    "Kh4",
    "Rc4+",
    "g4",
    "Rc3",
    "Kh5"
  ],
  "statePieceCount": 8,
  "endPieceCount": 6,
  "boardState": [
    {
      "square": "b8",
      "type": "r",
      "color": "w"
    },
    {
      "square": "b7",
      "type": "p",
      "color": "w"
    },
    {
      "square": "g7",
      "type": "p",
      "color": "b"
    },
    {
      "square": "e6",
      "type": "p",
      "color": "b"
    },
    {
      "square": "g5",
      "type": "p",
      "color": "b"
    },
    {
      "square": "g4",
      "type": "k",
      "color": "b"
    },
    {
      "square": "b3",
      "type": "r",
      "color": "b"
    },
    {
      "square": "h2",
      "type": "k",
      "color": "w"
    }
  ]
}