{
  "event": "Biel",
  "site": "Biel SUI",
  "date": "2018.07.25",
  "eventDate": "2018.07.22",
  "dateMillis": 1532448000000,
  "eventDateMillis": 1532188800000,
  "round": "4.1",
  "result": "1/2-1/2",
  "white": "Nico Georgiadis",
  "black": "Magnus Carlsen",
  "isDingWin": false,
  "isDraw": true,
  "isDingBlack": true,
  "moves": [
    "Kd3",
    "Ba7",
    "Kxc4"
  ],
  "statePieceCount": 8,
  "endPieceCount": 7,
  "boardState": [
    {
      "square": "a4",
      "type": "b",
      "color": "b"
    },
    {
      "square": "b4",
      "type": "p",
      "color": "w"
    },
    {
      "square": "c4",
      "type": "p",
      "color": "w"
    },
    {
      "square": "d4",
      "type": "b",
      "color": "w"
    },
    {
      "square": "a3",
      "type": "p",
      "color": "w"
    },
    {
      "square": "f3",
      "type": "p",
      "color": "b"
    },
    {
      "square": "b2",
      "type": "k",
      "color": "w"
    },
    {
      "square": "e2",
      "type": "k",
      "color": "b"
    }
  ]
}