{
  "event": "Carlsen - Caruana World Championship Match",
  "site": "London ENG",
  "date": "2018.11.09",
  "eventDate": "2018.11.09",
  "dateMillis": 1541692800000,
  "eventDateMillis": 1541692800000,
  "round": "1",
  "result": "1/2-1/2",
  "white": "Fabiano Caruana",
  "black": "Magnus Carlsen",
  "isCarlsenWin": false,
  "isDraw": true,
  "isCarlsenBlack": true,
  "moves": [
    "Rxd4",
    "Kb3",
    "Re4",
    "Kc3",
    "Rc4+",
    "Kb3",
    "Kd4",
    "Rb6",
    "Kd3",
    "Ra6",
    "Rc2",
    "Rb6",
    "Rc3+",
    "Kb2",
    "Rc4",
    "Kb3",
    "Kd4",
    "Ra6",
    "Kd5",
    "Ra8"
  ],
  "statePieceCount": 8,
  "endPieceCount": 7,
  "boardState": [
    {
      "square": "a6",
      "type": "r",
      "color": "w"
    },
    {
      "square": "c6",
      "type": "p",
      "color": "b"
    },
    {
      "square": "b5",
      "type": "p",
      "color": "b"
    },
    {
      "square": "d5",
      "type": "k",
      "color": "b"
    },
    {
      "square": "b4",
      "type": "p",
      "color": "w"
    },
    {
      "square": "d4",
      "type": "p",
      "color": "w"
    },
    {
      "square": "d3",
      "type": "r",
      "color": "b"
    },
    {
      "square": "b2",
      "type": "k",
      "color": "w"
    }
  ],
  "nextTurn": "b"
}