{
  "event": "Carlsen - Caruana World Championship Match",
  "site": "London ENG",
  "date": "2018.11.16",
  "eventDate": "2018.11.09",
  "dateMillis": 1542297600000,
  "eventDateMillis": 1541692800000,
  "round": "6",
  "result": "1/2-1/2",
  "white": "Magnus Carlsen",
  "black": "Fabiano Caruana",
  "isCarlsenWin": false,
  "isDraw": true,
  "isCarlsenBlack": false,
  "moves": [
    "Kg6",
    "Bd8",
    "Kh7",
    "Nf7",
    "Bc4",
    "Ne5",
    "Bd5",
    "Ba5",
    "h5",
    "Bd2",
    "Ba2",
    "Nf3",
    "Bd5",
    "Nd4",
    "Kg6",
    "Bg5",
    "Bc4",
    "Nf3",
    "Kh7",
    "Ne5",
    "Bb3",
    "Ng4",
    "Bc4",
    "Ne3",
    "Bd3",
    "Ng4",
    "Bc4",
    "Nh6",
    "Kg6",
    "Ke7",
    "Bb3",
    "Kd6",
    "Bc2",
    "Ke5",
    "Bd3",
    "Kf4",
    "Bc2",
    "Ng4",
    "Bb3",
    "Ne3",
    "h6",
    "Bxh6"
  ],
  "statePieceCount": 8,
  "endPieceCount": 7,
  "boardState": [
    {
      "square": "f8",
      "type": "k",
      "color": "b"
    },
    {
      "square": "d6",
      "type": "n",
      "color": "b"
    },
    {
      "square": "f6",
      "type": "p",
      "color": "b"
    },
    {
      "square": "a5",
      "type": "b",
      "color": "b"
    },
    {
      "square": "f5",
      "type": "p",
      "color": "w"
    },
    {
      "square": "h5",
      "type": "k",
      "color": "w"
    },
    {
      "square": "h4",
      "type": "p",
      "color": "w"
    },
    {
      "square": "d3",
      "type": "b",
      "color": "w"
    }
  ],
  "nextTurn": "w"
}