{
  "event": "World Blitz Championship",
  "site": "St Petersburg RUS",
  "date": "2018.12.29",
  "eventDate": "2018.??.??",
  "dateMillis": 1546012800000,
  "eventDateMillis": null,
  "round": "2.1",
  "result": "1/2-1/2",
  "white": "Sergey Grigoriants",
  "black": "Magnus Carlsen",
  "isDingWin": false,
  "isDraw": true,
  "isDingBlack": true,
  "moves": [
    "h5",
    "g4",
    "h6",
    "g3",
    "h7",
    "g2",
    "h8=Q",
    "g1=Q",
    "Qxc3+",
    "Ke2",
    "Qe5+",
    "Qe3",
    "Qxd5",
    "Qxa3",
    "b5",
    "Kf2",
    "Qd4+",
    "Kg2",
    "b6",
    "Qb3",
    "Qe4+",
    "Kg1",
    "b7",
    "Qf7+",
    "Kg4",
    "Qg7+",
    "Kh3",
    "Qh6+",
    "Qh4",
    "Qe3+",
    "Qg3+",
    "Kh1",
    "Qxe3"
  ],
  "statePieceCount": 8,
  "endPieceCount": 4,
  "boardState": [
    {
      "square": "d5",
      "type": "p",
      "color": "b"
    },
    {
      "square": "f5",
      "type": "k",
      "color": "w"
    },
    {
      "square": "g5",
      "type": "p",
      "color": "b"
    },
    {
      "square": "b4",
      "type": "p",
      "color": "w"
    },
    {
      "square": "h4",
      "type": "p",
      "color": "w"
    },
    {
      "square": "a3",
      "type": "p",
      "color": "w"
    },
    {
      "square": "c3",
      "type": "n",
      "color": "b"
    },
    {
      "square": "e3",
      "type": "k",
      "color": "b"
    }
  ]
}