{
  "event": "World Blitz Championship",
  "site": "St Petersburg RUS",
  "date": "2018.12.29",
  "eventDate": "2018.??.??",
  "dateMillis": 1546012800000,
  "eventDateMillis": null,
  "round": "9.1",
  "result": "1/2-1/2",
  "white": "Dmitry Andreikin",
  "black": "Magnus Carlsen",
  "isCarlsenWin": false,
  "isDraw": true,
  "isCarlsenBlack": true,
  "moves": [
    "f6",
    "Kb4",
    "Kf5",
    "a4",
    "f7",
    "a3",
    "Kg6",
    "a2",
    "Rd1",
    "Kb3",
    "Ra1",
    "Kb2",
    "Rxa2+",
    "Kxa2",
    "Kxh5",
    "Kb3",
    "Kg6",
    "Kc4",
    "Kg7",
    "Kd5",
    "h5",
    "Ke6",
    "f8=Q",
    "Rxf8",
    "Kxf8",
    "Kf6",
    "h6",
    "Kg6"
  ],
  "statePieceCount": 8,
  "endPieceCount": 3,
  "boardState": [
    {
      "square": "c8",
      "type": "r",
      "color": "b"
    },
    {
      "square": "a5",
      "type": "p",
      "color": "b"
    },
    {
      "square": "f5",
      "type": "p",
      "color": "w"
    },
    {
      "square": "h5",
      "type": "p",
      "color": "b"
    },
    {
      "square": "a4",
      "type": "k",
      "color": "b"
    },
    {
      "square": "e4",
      "type": "k",
      "color": "w"
    },
    {
      "square": "h4",
      "type": "p",
      "color": "w"
    },
    {
      "square": "d3",
      "type": "r",
      "color": "w"
    }
  ],
  "nextTurn": "w"
}