{
  "event": "World Blitz Championship",
  "site": "St Petersburg RUS",
  "date": "2018.12.29",
  "eventDate": "2018.12.29",
  "dateMillis": 1546012800000,
  "eventDateMillis": 1546012800000,
  "round": "11.1",
  "result": "0-1",
  "white": "Levon Aronian",
  "black": "Magnus Carlsen",
  "isDingWin": true,
  "isDraw": false,
  "isDingBlack": true,
  "moves": [
    "Ng3+",
    "Kd5",
    "Ne2",
    "Rh1+",
    "Kd2",
    "Ra1",
    "Rh7",
    "Ra2+",
    "Kd1",
    "Ra3",
    "Rh5",
    "Ke6",
    "Kd2",
    "Kf6",
    "Rh8",
    "Kg5",
    "Rg8+",
    "Kf5",
    "Ng3+",
    "Ke6",
    "Ne2",
    "h2",
    "Rh8",
    "Be3+",
    "Kc2",
    "Ra2+",
    "Kd3",
    "Bf4",
    "Nxf4+",
    "exf4",
    "Ke4",
    "Rf2",
    "Rh3",
    "Kf6",
    "Rh8",
    "Kg5",
    "Rh7",
    "Kg4",
    "Rg7+",
    "Kh3"
  ],
  "statePieceCount": 8,
  "endPieceCount": 6,
  "boardState": [
    {
      "square": "f7",
      "type": "r",
      "color": "w"
    },
    {
      "square": "e5",
      "type": "p",
      "color": "b"
    },
    {
      "square": "f5",
      "type": "n",
      "color": "w"
    },
    {
      "square": "d4",
      "type": "b",
      "color": "b"
    },
    {
      "square": "e4",
      "type": "k",
      "color": "b"
    },
    {
      "square": "h3",
      "type": "p",
      "color": "b"
    },
    {
      "square": "h2",
      "type": "r",
      "color": "b"
    },
    {
      "square": "e1",
      "type": "k",
      "color": "w"
    }
  ]
}