{
  "event": "World Blitz Championship",
  "site": "St Petersburg RUS",
  "date": "2018.12.30",
  "eventDate": "2018.12.29",
  "dateMillis": 1546099200000,
  "eventDateMillis": 1546012800000,
  "round": "19.1",
  "result": "0-1",
  "white": "Shakhriyar Mamedyarov",
  "black": "Magnus Carlsen",
  "isCarlsenWin": true,
  "isDraw": false,
  "isCarlsenBlack": true,
  "moves": [
    "Kxa4",
    "g5",
    "hxg5",
    "hxg5",
    "b3",
    "g6",
    "b2",
    "g7",
    "b1=Q",
    "g8=Q",
    "Qb2+",
    "Kf5",
    "Qd4",
    "Qa2+",
    "Kb4",
    "Qb1+",
    "Kc5",
    "Qc2+",
    "Kd6",
    "Qe4",
    "Kc5",
    "Qc2+",
    "Qc4",
    "Qf2+",
    "Kc6",
    "Ke5",
    "Qc5+"
  ],
  "statePieceCount": 8,
  "endPieceCount": 5,
  "boardState": [
    {
      "square": "f6",
      "type": "k",
      "color": "w"
    },
    {
      "square": "h6",
      "type": "p",
      "color": "b"
    },
    {
      "square": "a5",
      "type": "p",
      "color": "b"
    },
    {
      "square": "a4",
      "type": "p",
      "color": "w"
    },
    {
      "square": "b4",
      "type": "p",
      "color": "b"
    },
    {
      "square": "g4",
      "type": "p",
      "color": "w"
    },
    {
      "square": "h4",
      "type": "p",
      "color": "w"
    },
    {
      "square": "b3",
      "type": "k",
      "color": "b"
    }
  ],
  "nextTurn": "b"
}