{
  "event": "Tata Steel Masters",
  "site": "Wijk aan Zee NED",
  "date": "2019.01.14",
  "dateMillis": 1547395200000,
  "eventDateMillis": null,
  "round": "3",
  "result": "1/2-1/2",
  "white": "Vidit Santosh Gujrathi",
  "black": "Magnus Carlsen",
  "isDingWin": false,
  "isDraw": true,
  "isDingBlack": true,
  "moves": [
    "Rxe4",
    "Rh8",
    "Kg6",
    "Rg8+",
    "Kh7",
    "Ra8",
    "Rb4",
    "Rc8",
    "Rg4+",
    "Kh3",
    "Rg8",
    "Rc1",
    "Ra8",
    "Rg1",
    "Rg8",
    "Ra1",
    "Kg6",
    "Ra5",
    "Rb8",
    "Kg3",
    "Rb3+",
    "Kg2",
    "Re3",
    "Rb5",
    "Re5",
    "Rb8",
    "Kf5",
    "Kf3",
    "Ra5",
    "Rb3",
    "Ra4",
    "Rb5+",
    "Kg6",
    "Kg3",
    "Rg4+",
    "Kh3",
    "Re4",
    "Kg3",
    "Rg4+",
    "Kh3",
    "Rg1",
    "Kh2",
    "Re1",
    "Kg3",
    "Re5",
    "Rb3",
    "Kf5",
    "Kf3",
    "Ra5",
    "Rc3",
    "Ra4",
    "Rc5+",
    "Kg6",
    "Kg3",
    "Rg4+",
    "Kh3",
    "Re4",
    "Kg3",
    "f5",
    "Rc6+",
    "Kg7",
    "Rc7+",
    "Kf6",
    "Rc6+",
    "Re6",
    "Rc4",
    "Ke5",
    "Rc5+",
    "Ke4",
    "Rc4+",
    "Ke3",
    "Rc3+",
    "Kd4",
    "Rc8",
    "Re4",
    "Ra8",
    "Rg4+",
    "Kf3",
    "Ke5",
    "Ra5+",
    "Kf6",
    "Ra6+"
  ],
  "statePieceCount": 8,
  "endPieceCount": 7,
  "boardState": [
    {
      "square": "a8",
      "type": "r",
      "color": "w"
    },
    {
      "square": "f6",
      "type": "p",
      "color": "b"
    },
    {
      "square": "f5",
      "type": "k",
      "color": "b"
    },
    {
      "square": "h5",
      "type": "p",
      "color": "b"
    },
    {
      "square": "b4",
      "type": "r",
      "color": "b"
    },
    {
      "square": "e4",
      "type": "p",
      "color": "w"
    },
    {
      "square": "h4",
      "type": "p",
      "color": "w"
    },
    {
      "square": "g3",
      "type": "k",
      "color": "w"
    }
  ]
}