{
  "event": "Grand Chess Tour Cote d�Ivoire (Rapid & Blitz)",
  "site": "Abidjan CIV",
  "date": "2019.05.11",
  "eventDate": "2019.05.11",
  "dateMillis": 1557504000000,
  "eventDateMillis": 1557504000000,
  "round": "5.3",
  "result": "0-1",
  "white": "Sergey Karjakin",
  "black": "Magnus Carlsen",
  "isCarlsenWin": true,
  "isDraw": false,
  "isCarlsenBlack": true,
  "moves": [
    "Qxf4",
    "Rxf4",
    "Kg2",
    "h5",
    "Kg3",
    "Rg4+",
    "Kf3",
    "Kf7",
    "d5",
    "Kf6",
    "Nc5",
    "Rd4",
    "d6",
    "Rd5",
    "d7",
    "Ke7",
    "Ne4",
    "Rxd7",
    "Ng3",
    "Rd5",
    "Kf4",
    "Kf6"
  ],
  "statePieceCount": 8,
  "endPieceCount": 5,
  "boardState": [
    {
      "square": "f8",
      "type": "r",
      "color": "b"
    },
    {
      "square": "g8",
      "type": "k",
      "color": "b"
    },
    {
      "square": "c7",
      "type": "q",
      "color": "w"
    },
    {
      "square": "h7",
      "type": "p",
      "color": "b"
    },
    {
      "square": "d4",
      "type": "p",
      "color": "w"
    },
    {
      "square": "f4",
      "type": "q",
      "color": "b"
    },
    {
      "square": "b3",
      "type": "n",
      "color": "w"
    },
    {
      "square": "g1",
      "type": "k",
      "color": "w"
    }
  ],
  "nextTurn": "w"
}