{
  "event": "GCT Croatia",
  "site": "Zagreb CRO",
  "date": "2019.06.27",
  "eventDate": "2019.06.26",
  "dateMillis": 1561564800000,
  "eventDateMillis": 1561478400000,
  "round": "2.1",
  "result": "1/2-1/2",
  "white": "Magnus Carlsen",
  "black": "Viswanathan Anand",
  "isDingWin": false,
  "isDraw": true,
  "isDingBlack": false,
  "moves": [
    "Ne6",
    "Nd7",
    "Kxh5",
    "Kf3",
    "Kg5",
    "Ke4",
    "Nc7",
    "a5",
    "Nb5",
    "Kd3",
    "Kg6",
    "a4",
    "Kf7",
    "Ne5+",
    "Kf6",
    "Nf3",
    "Ke7",
    "Kc2",
    "f6",
    "Ng5",
    "Nd4+",
    "Kb2",
    "Ne6",
    "Nh7",
    "f7",
    "Kxa2",
    "Ng5",
    "a3",
    "Nxh7",
    "Kb1",
    "f8=Q",
    "a2",
    "Qf5+",
    "Kb2",
    "Qe5+",
    "Kb1",
    "Qe4+",
    "Kb2",
    "Qe2+",
    "Kb1",
    "Nf6",
    "a1=Q",
    "Nd5",
    "Qg7+",
    "Kd6",
    "Qf8+",
    "Ke5",
    "Qe8+",
    "Kd4",
    "Qxe2",
    "Nc3+",
    "Ka1",
    "Nxe2"
  ],
  "statePieceCount": 8,
  "endPieceCount": 3,
  "boardState": [
    {
      "square": "a7",
      "type": "p",
      "color": "b"
    },
    {
      "square": "g6",
      "type": "k",
      "color": "w"
    },
    {
      "square": "c5",
      "type": "n",
      "color": "b"
    },
    {
      "square": "f5",
      "type": "p",
      "color": "w"
    },
    {
      "square": "g5",
      "type": "n",
      "color": "w"
    },
    {
      "square": "h5",
      "type": "p",
      "color": "b"
    },
    {
      "square": "g3",
      "type": "k",
      "color": "b"
    },
    {
      "square": "a2",
      "type": "p",
      "color": "w"
    }
  ]
}