{
  "event": "Sinquefield Cup",
  "site": "St Louis, MO USA",
  "date": "2019.08.20",
  "eventDate": "2019.08.17",
  "dateMillis": 1566230400000,
  "eventDateMillis": 1565971200000,
  "round": "4.2",
  "result": "1/2-1/2",
  "white": "Shakhriyar Mamedyarov",
  "black": "Magnus Carlsen",
  "isCarlsenWin": false,
  "isDraw": true,
  "isCarlsenBlack": true,
  "moves": [
    "hxg5",
    "Ke2",
    "Kd4",
    "Kd1",
    "Kc3",
    "Bf7",
    "b3",
    "Be6",
    "Be3",
    "Bf7",
    "Bf4",
    "Be6",
    "Be3",
    "Bf7",
    "Bf4",
    "Be6"
  ],
  "statePieceCount": 8,
  "endPieceCount": 7,
  "boardState": [
    {
      "square": "g8",
      "type": "b",
      "color": "w"
    },
    {
      "square": "h6",
      "type": "p",
      "color": "b"
    },
    {
      "square": "e5",
      "type": "k",
      "color": "b"
    },
    {
      "square": "g5",
      "type": "p",
      "color": "w"
    },
    {
      "square": "b4",
      "type": "p",
      "color": "b"
    },
    {
      "square": "f4",
      "type": "b",
      "color": "b"
    },
    {
      "square": "g4",
      "type": "p",
      "color": "w"
    },
    {
      "square": "f3",
      "type": "k",
      "color": "w"
    }
  ],
  "nextTurn": "b"
}