{
  "event": "GCT St. Louis Rapid & Blitz",
  "site": "St Louis, MO USA",
  "date": "2019.08.13",
  "eventDate": "2019.08.13",
  "dateMillis": 1565625600000,
  "eventDateMillis": 1565625600000,
  "round": "2.1",
  "result": "1-0",
  "white": "Sergey Karjakin",
  "black": "Magnus Carlsen",
  "isDingWin": false,
  "isDraw": false,
  "isDingBlack": true,
  "moves": [
    "Nc4+",
    "Kc5",
    "Nxb2",
    "Kd4"
  ],
  "statePieceCount": 8,
  "endPieceCount": 7,
  "boardState": [
    {
      "square": "b6",
      "type": "k",
      "color": "w"
    },
    {
      "square": "f6",
      "type": "k",
      "color": "b"
    },
    {
      "square": "a5",
      "type": "p",
      "color": "b"
    },
    {
      "square": "e5",
      "type": "n",
      "color": "b"
    },
    {
      "square": "a4",
      "type": "p",
      "color": "w"
    },
    {
      "square": "c3",
      "type": "p",
      "color": "w"
    },
    {
      "square": "b2",
      "type": "p",
      "color": "w"
    },
    {
      "square": "c2",
      "type": "b",
      "color": "w"
    }
  ]
}