{
  "event": "GCT Kolkata Rapid & Blitz",
  "site": "Kolkata IND",
  "date": "2019.11.25",
  "eventDate": "2019.11.25",
  "dateMillis": 1574611200000,
  "eventDateMillis": 1574611200000,
  "round": "4.3",
  "result": "0-1",
  "white": "Pentala Harikrishna",
  "black": "Magnus Carlsen",
  "isDingWin": true,
  "isDraw": false,
  "isDingBlack": true,
  "moves": [
    "gxh4",
    "Ra3",
    "Kg5",
    "f3",
    "Re8",
    "Ra7",
    "Kf4",
    "Rh7",
    "Kg3"
  ],
  "statePieceCount": 8,
  "endPieceCount": 7,
  "boardState": [
    {
      "square": "g6",
      "type": "k",
      "color": "b"
    },
    {
      "square": "f5",
      "type": "p",
      "color": "b"
    },
    {
      "square": "g5",
      "type": "p",
      "color": "b"
    },
    {
      "square": "e4",
      "type": "r",
      "color": "b"
    },
    {
      "square": "h4",
      "type": "p",
      "color": "w"
    },
    {
      "square": "f3",
      "type": "r",
      "color": "w"
    },
    {
      "square": "d2",
      "type": "k",
      "color": "w"
    },
    {
      "square": "f2",
      "type": "p",
      "color": "w"
    }
  ]
}