{
  "event": "GCT Kolkata Rapid & Blitz",
  "site": "Kolkata IND",
  "date": "2019.11.23",
  "eventDate": "2019.11.22",
  "dateMillis": 1574438400000,
  "eventDateMillis": 1574352000000,
  "round": "6",
  "result": "1/2-1/2",
  "white": "Vidit Santosh Gujrathi",
  "black": "Magnus Carlsen",
  "isDingWin": false,
  "isDraw": true,
  "isDingBlack": true,
  "moves": [
    "exf4",
    "Qb6",
    "Kh4",
    "Qh6+",
    "Kg3",
    "Qb6",
    "g5",
    "Qg1+",
    "Kf3",
    "Qf1+",
    "Ke3",
    "Qe1+",
    "Kd4",
    "Qb4+",
    "Kd3",
    "Qb1+",
    "Kc4",
    "Qd1",
    "Kc5",
    "Qd8",
    "Qd6",
    "Qc8+",
    "Kd4",
    "Qc1",
    "Ke5",
    "Qc3+",
    "Kf5",
    "Qc8+",
    "Kf6",
    "Qc3+",
    "Ke7",
    "Qe3+",
    "Kd8",
    "Qe4",
    "Qb8",
    "f6",
    "gxf6",
    "Kf7",
    "Qe5",
    "Qa8+",
    "Kc7",
    "Qa7+",
    "Kd6",
    "Qb6+",
    "Kd5",
    "Qxf6",
    "Qh5+",
    "Kg7",
    "Qg4+",
    "Kf8",
    "Qc8+",
    "Kg7",
    "Qd7+",
    "Qf7+",
    "Qxf7+",
    "Kxf7",
    "Ke5",
    "Ke7",
    "f5",
    "Kf7",
    "f6",
    "Kf8"
  ],
  "statePieceCount": 8,
  "endPieceCount": 3,
  "boardState": [
    {
      "square": "b8",
      "type": "q",
      "color": "b"
    },
    {
      "square": "g8",
      "type": "k",
      "color": "b"
    },
    {
      "square": "f7",
      "type": "p",
      "color": "b"
    },
    {
      "square": "e5",
      "type": "q",
      "color": "w"
    },
    {
      "square": "f4",
      "type": "p",
      "color": "b"
    },
    {
      "square": "g4",
      "type": "p",
      "color": "w"
    },
    {
      "square": "e3",
      "type": "p",
      "color": "w"
    },
    {
      "square": "g3",
      "type": "k",
      "color": "w"
    }
  ]
}