{
  "event": "Tata Steel Masters",
  "site": "Eindhoven NED",
  "date": "2020.01.16",
  "eventDate": "2020.01.10",
  "dateMillis": 1579104000000,
  "eventDateMillis": 1578585600000,
  "round": "5",
  "result": "1/2-1/2",
  "white": "Magnus Carlsen",
  "black": "Daniil Dubov",
  "isCarlsenWin": false,
  "isDraw": true,
  "isCarlsenBlack": false,
  "moves": [
    "Bxb4",
    "Bxb4",
    "Ke3"
  ],
  "statePieceCount": 8,
  "endPieceCount": 6,
  "boardState": [
    {
      "square": "f8",
      "type": "b",
      "color": "b"
    },
    {
      "square": "d5",
      "type": "k",
      "color": "b"
    },
    {
      "square": "h5",
      "type": "p",
      "color": "b"
    },
    {
      "square": "b4",
      "type": "p",
      "color": "b"
    },
    {
      "square": "f4",
      "type": "p",
      "color": "w"
    },
    {
      "square": "h4",
      "type": "p",
      "color": "w"
    },
    {
      "square": "d3",
      "type": "k",
      "color": "w"
    },
    {
      "square": "d2",
      "type": "b",
      "color": "w"
    }
  ],
  "nextTurn": "w"
}