{
  "event": "Magnus Carlsen Invitational",
  "site": "chess24.com INT",
  "date": "2020.04.28",
  "eventDate": "2020.04.18",
  "dateMillis": 1588003200000,
  "eventDateMillis": 1587139200000,
  "round": "6.5",
  "result": "1-0",
  "white": "Magnus Carlsen",
  "black": "Ian Nepomniachtchi",
  "isCarlsenWin": true,
  "isDraw": false,
  "isCarlsenBlack": false,
  "moves": [
    "Kxg2",
    "Nxh4+",
    "Kxh3",
    "Nf5",
    "Kg4",
    "Ne7",
    "Kg5",
    "Ke5",
    "Kh6",
    "Ke6",
    "Kg7",
    "Nc8",
    "Bf2",
    "Nd6",
    "Kf8",
    "Kd7",
    "Bg1",
    "Ne4",
    "Kf7",
    "Kc6",
    "Ke7",
    "Nc5",
    "Kd8",
    "b6",
    "Bh2",
    "b7",
    "Bb8",
    "Na6",
    "Bf4",
    "Nc5",
    "Bb8",
    "Ne6+",
    "Ke7",
    "Nc7",
    "Kd8",
    "Nd5",
    "Bg3",
    "Nf6",
    "Bh2",
    "Ne4",
    "Bb8",
    "Nc5",
    "Bh2",
    "Ne6+"
  ],
  "statePieceCount": 8,
  "endPieceCount": 5,
  "boardState": [
    {
      "square": "a7",
      "type": "b",
      "color": "b"
    },
    {
      "square": "b5",
      "type": "p",
      "color": "w"
    },
    {
      "square": "f5",
      "type": "n",
      "color": "w"
    },
    {
      "square": "e4",
      "type": "k",
      "color": "w"
    },
    {
      "square": "h4",
      "type": "p",
      "color": "b"
    },
    {
      "square": "g3",
      "type": "k",
      "color": "b"
    },
    {
      "square": "h3",
      "type": "p",
      "color": "w"
    },
    {
      "square": "g2",
      "type": "p",
      "color": "w"
    }
  ],
  "nextTurn": "b"
}