{
  "event": "Magnus Carlsen Invitational",
  "site": "chess24.com INT",
  "date": "2020.05.03",
  "eventDate": "2020.04.18",
  "dateMillis": 1588435200000,
  "eventDateMillis": 1587139200000,
  "round": "2.1",
  "result": "1-0",
  "white": "Magnus Carlsen",
  "black": "Hikaru Nakamura",
  "isDingWin": true,
  "isDraw": false,
  "isDingBlack": false,
  "moves": [
    "Nf6+",
    "Kh6",
    "Rh8+",
    "Kg6",
    "Rxh3",
    "Kxf6",
    "Kb3",
    "Ke5",
    "Kc4",
    "Bf2",
    "Rf3",
    "Be3",
    "Rf8",
    "Ke6",
    "Kc5",
    "Bg1",
    "Kc6",
    "Be3",
    "Re8+"
  ],
  "statePieceCount": 8,
  "endPieceCount": 6,
  "boardState": [
    {
      "square": "g8",
      "type": "r",
      "color": "w"
    },
    {
      "square": "h7",
      "type": "k",
      "color": "b"
    },
    {
      "square": "d4",
      "type": "p",
      "color": "b"
    },
    {
      "square": "e4",
      "type": "n",
      "color": "w"
    },
    {
      "square": "d3",
      "type": "p",
      "color": "w"
    },
    {
      "square": "h3",
      "type": "r",
      "color": "b"
    },
    {
      "square": "c2",
      "type": "k",
      "color": "w"
    },
    {
      "square": "e1",
      "type": "b",
      "color": "b"
    }
  ]
}