{
  "event": "Lindores Abbey Rapid Challenge",
  "site": "chess24.com INT",
  "date": "2020.05.21",
  "eventDate": "2020.05.19",
  "dateMillis": 1589990400000,
  "eventDateMillis": 1589817600000,
  "round": "9.5",
  "result": "1/2-1/2",
  "white": "Sergey Karjakin",
  "black": "Magnus Carlsen",
  "isCarlsenWin": false,
  "isDraw": true,
  "isCarlsenBlack": true,
  "moves": [
    "Ke2",
    "Bh4",
    "Nd5",
    "Ka4",
    "Ne3",
    "g3",
    "Kf3",
    "Ka3",
    "Nc4+",
    "Kxa2",
    "Nxe5",
    "Kb3",
    "Ng6",
    "Bf6",
    "Kxg3",
    "Kc4",
    "Kf4",
    "Kd4",
    "Kf5",
    "Ke3",
    "Kxf6",
    "Kxe4"
  ],
  "statePieceCount": 8,
  "endPieceCount": 3,
  "boardState": [
    {
      "square": "a5",
      "type": "k",
      "color": "b"
    },
    {
      "square": "e5",
      "type": "p",
      "color": "b"
    },
    {
      "square": "e4",
      "type": "p",
      "color": "w"
    },
    {
      "square": "g4",
      "type": "p",
      "color": "b"
    },
    {
      "square": "c3",
      "type": "n",
      "color": "w"
    },
    {
      "square": "d3",
      "type": "k",
      "color": "w"
    },
    {
      "square": "a2",
      "type": "p",
      "color": "w"
    },
    {
      "square": "f2",
      "type": "b",
      "color": "b"
    }
  ],
  "nextTurn": "w"
}