{
  "event": "Clutch International",
  "site": "lichess.org INT",
  "date": "2020.06.11",
  "eventDate": "2020.06.06",
  "dateMillis": 1591804800000,
  "eventDateMillis": 1591372800000,
  "round": "2.3",
  "result": "1/2-1/2",
  "white": "Magnus Carlsen",
  "black": "Levon Aronian",
  "isDingWin": false,
  "isDraw": true,
  "isDingBlack": false,
  "moves": [
    "Kd5",
    "Bg7",
    "Nf3",
    "Bxf6",
    "Nh2",
    "Kb4",
    "Kc6",
    "Bd4",
    "Kb7",
    "Bg1",
    "Nf3",
    "Bf2",
    "Nh2",
    "Kb5",
    "Ka8",
    "a5",
    "Kb7",
    "a6+",
    "Ka8",
    "Kc6",
    "Nf1",
    "Kd5",
    "Nxg3",
    "Bxg3",
    "Ka7",
    "Ke4",
    "Kxa6",
    "Kf4",
    "Kb5",
    "Kxg4"
  ],
  "statePieceCount": 8,
  "endPieceCount": 3,
  "boardState": [
    {
      "square": "f6",
      "type": "p",
      "color": "b"
    },
    {
      "square": "h6",
      "type": "b",
      "color": "w"
    },
    {
      "square": "e5",
      "type": "n",
      "color": "b"
    },
    {
      "square": "a4",
      "type": "p",
      "color": "w"
    },
    {
      "square": "e4",
      "type": "k",
      "color": "b"
    },
    {
      "square": "g4",
      "type": "p",
      "color": "b"
    },
    {
      "square": "c3",
      "type": "k",
      "color": "w"
    },
    {
      "square": "g3",
      "type": "p",
      "color": "w"
    }
  ]
}