{
  "event": "Chessable Masters",
  "site": "chess24.com INT",
  "date": "2020.07.03",
  "eventDate": "2020.06.25",
  "dateMillis": 1593705600000,
  "eventDateMillis": 1593014400000,
  "round": "3.16",
  "result": "1-0",
  "white": "Magnus Carlsen",
  "black": "Anish Giri",
  "isDingWin": true,
  "isDraw": false,
  "isDingBlack": false,
  "moves": [
    "Rc3+",
    "Kg4",
    "c4",
    "Be4",
    "Rc1",
    "Ra5",
    "Rf1",
    "Kg3",
    "Rf4",
    "Bf3",
    "Rd4",
    "Kf2",
    "Rd3",
    "Be4",
    "Rb3",
    "Ke2",
    "Rb2+",
    "Ke3",
    "Rb3+",
    "Kd2",
    "Kc7",
    "a4",
    "Kb6",
    "Rxe5",
    "Rb4",
    "Bc2"
  ],
  "statePieceCount": 8,
  "endPieceCount": 7,
  "boardState": [
    {
      "square": "a8",
      "type": "r",
      "color": "w"
    },
    {
      "square": "b7",
      "type": "b",
      "color": "w"
    },
    {
      "square": "d6",
      "type": "k",
      "color": "b"
    },
    {
      "square": "c5",
      "type": "p",
      "color": "b"
    },
    {
      "square": "e5",
      "type": "p",
      "color": "b"
    },
    {
      "square": "c4",
      "type": "r",
      "color": "b"
    },
    {
      "square": "a3",
      "type": "p",
      "color": "w"
    },
    {
      "square": "g3",
      "type": "k",
      "color": "w"
    }
  ]
}