{
  "event": "Legends of Chess",
  "site": "chess24.com INT",
  "date": "2020.07.23",
  "eventDate": "2020.07.21",
  "dateMillis": 1595433600000,
  "eventDateMillis": 1595260800000,
  "round": "3.4",
  "result": "1-0",
  "white": "Magnus Carlsen",
  "black": "Peter Leko",
  "isCarlsenWin": true,
  "isDraw": false,
  "isCarlsenBlack": false,
  "moves": [
    "Kf4",
    "Kd6",
    "Ke4",
    "Kxc6",
    "Kxd4",
    "b5"
  ],
  "statePieceCount": 8,
  "endPieceCount": 6,
  "boardState": [
    {
      "square": "a7",
      "type": "p",
      "color": "b"
    },
    {
      "square": "a6",
      "type": "p",
      "color": "w"
    },
    {
      "square": "c6",
      "type": "p",
      "color": "b"
    },
    {
      "square": "e6",
      "type": "k",
      "color": "w"
    },
    {
      "square": "d5",
      "type": "p",
      "color": "b"
    },
    {
      "square": "g5",
      "type": "k",
      "color": "b"
    },
    {
      "square": "b4",
      "type": "p",
      "color": "w"
    },
    {
      "square": "d4",
      "type": "p",
      "color": "w"
    }
  ],
  "nextTurn": "b"
}