{
  "event": "Legends of Chess",
  "site": "chess24.com INT",
  "date": "2020.08.03",
  "eventDate": "2020.07.31",
  "dateMillis": 1596384000000,
  "eventDateMillis": 1596124800000,
  "round": "2.16",
  "result": "1-0",
  "white": "Magnus Carlsen",
  "black": "Ian Nepomniachtchi",
  "isCarlsenWin": true,
  "isDraw": false,
  "isCarlsenBlack": false,
  "moves": [
    "Kf3",
    "Qd5+",
    "Ke3",
    "Kg4",
    "Bh8",
    "Qf3+",
    "Kd4",
    "Qd1+",
    "Kc5",
    "Qd7",
    "Qf6",
    "Qf5+",
    "Kd6",
    "Qxf6+",
    "Bxf6",
    "Kf5",
    "Ke7",
    "Kg6",
    "Bh8",
    "g4"
  ],
  "statePieceCount": 8,
  "endPieceCount": 6,
  "boardState": [
    {
      "square": "h7",
      "type": "p",
      "color": "w"
    },
    {
      "square": "e6",
      "type": "q",
      "color": "w"
    },
    {
      "square": "f6",
      "type": "b",
      "color": "b"
    },
    {
      "square": "e4",
      "type": "k",
      "color": "b"
    },
    {
      "square": "f4",
      "type": "p",
      "color": "w"
    },
    {
      "square": "g3",
      "type": "p",
      "color": "w"
    },
    {
      "square": "h3",
      "type": "k",
      "color": "w"
    },
    {
      "square": "b2",
      "type": "q",
      "color": "b"
    }
  ],
  "nextTurn": "b"
}