{
  "event": "Magnus Carlsen Chess Tour Finals",
  "site": "chess24.com INT",
  "date": "2020.08.14",
  "eventDate": "2020.08.09",
  "dateMillis": 1597334400000,
  "eventDateMillis": 1596902400000,
  "round": "2.14",
  "result": "1/2-1/2",
  "white": "Magnus Carlsen",
  "black": "Hikaru Nakamura",
  "isDingWin": false,
  "isDraw": true,
  "isDingBlack": false,
  "moves": [
    "Bd3",
    "g6",
    "Bc2",
    "Kg5",
    "Bd3",
    "f6",
    "Bc4",
    "Kf4",
    "c5",
    "Bb2",
    "Bb3",
    "Be5",
    "Bd5",
    "Ke3",
    "Bc4",
    "Kd2",
    "Kf8",
    "Kc2",
    "Bd5",
    "Kb2",
    "Kg8",
    "Bd6",
    "Be6",
    "Bxc5",
    "Bd5",
    "Bd6",
    "Be6",
    "Be5",
    "Bd5",
    "Ka3",
    "Be6",
    "Kb4",
    "Kf8",
    "Kc5",
    "a1=Q",
    "Bxa1",
    "Bf5",
    "g7+",
    "Kg8",
    "f7+",
    "Kxf7",
    "g8=Q+",
    "Kxg8",
    "Bh8",
    "Kxh8"
  ],
  "statePieceCount": 8,
  "endPieceCount": 3,
  "boardState": [
    {
      "square": "g8",
      "type": "k",
      "color": "b"
    },
    {
      "square": "c6",
      "type": "p",
      "color": "b"
    },
    {
      "square": "f6",
      "type": "k",
      "color": "w"
    },
    {
      "square": "f5",
      "type": "p",
      "color": "w"
    },
    {
      "square": "g5",
      "type": "p",
      "color": "w"
    },
    {
      "square": "c3",
      "type": "b",
      "color": "w"
    },
    {
      "square": "a2",
      "type": "p",
      "color": "b"
    },
    {
      "square": "e2",
      "type": "b",
      "color": "b"
    }
  ]
}