{
  "event": "Magnus Carlsen Chess Tour Finals",
  "site": "chess24.com INT",
  "date": "2020.08.20",
  "eventDate": "2020.08.09",
  "dateMillis": 1597852800000,
  "eventDateMillis": 1596902400000,
  "round": "2.74",
  "result": "1/2-1/2",
  "white": "Magnus Carlsen",
  "black": "Hikaru Nakamura",
  "isCarlsenWin": false,
  "isDraw": true,
  "isCarlsenBlack": false,
  "moves": [
    "Ke4",
    "Rb3",
    "Rd3",
    "Rxd3",
    "Kxd3",
    "Kf7",
    "Ke4",
    "Kf6",
    "f5",
    "g6",
    "fxg6",
    "Kxg6",
    "Kd5",
    "Kf6",
    "Kc6",
    "Ke6",
    "Kb5",
    "Kd6",
    "Kxa4",
    "Kc7",
    "Kb5",
    "Kb8",
    "Ka6",
    "Ka8",
    "Kb6",
    "Kb8",
    "a4",
    "Ka8",
    "a5",
    "Kb8",
    "a6",
    "Ka8",
    "a7"
  ],
  "statePieceCount": 8,
  "endPieceCount": 3,
  "boardState": [
    {
      "square": "g8",
      "type": "k",
      "color": "b"
    },
    {
      "square": "g7",
      "type": "p",
      "color": "b"
    },
    {
      "square": "a4",
      "type": "p",
      "color": "b"
    },
    {
      "square": "f4",
      "type": "p",
      "color": "w"
    },
    {
      "square": "a3",
      "type": "p",
      "color": "w"
    },
    {
      "square": "e3",
      "type": "k",
      "color": "w"
    },
    {
      "square": "b2",
      "type": "r",
      "color": "b"
    },
    {
      "square": "d1",
      "type": "r",
      "color": "w"
    }
  ],
  "nextTurn": "w"
}