{
  "event": "St. Louis Rapid & Blitz",
  "site": "lichess.org INT",
  "date": "2020.09.19",
  "eventDate": "2020.09.18",
  "dateMillis": 1600444800000,
  "eventDateMillis": 1600358400000,
  "round": "12.1",
  "result": "1-0",
  "white": "Magnus Carlsen",
  "black": "Wesley So",
  "isDingWin": true,
  "isDraw": false,
  "isDingBlack": false,
  "moves": [
    "Nc4",
    "Rb3+",
    "Kg2",
    "Rc3",
    "Ne5+",
    "Kf6",
    "Ra5",
    "Kf5",
    "Nf3+",
    "Kf4",
    "Ra4+",
    "Kf5",
    "Ra7",
    "Kf6",
    "Ra6",
    "Rc4",
    "Kg3",
    "Rb4",
    "h4",
    "Rb3",
    "Kg4",
    "Rb4+",
    "Kg3",
    "Rb3",
    "Ra4",
    "e5",
    "Kg4",
    "Rb6",
    "Ng5",
    "Rc6",
    "h5",
    "Rb6",
    "Ne4+",
    "Ke6",
    "Ra7",
    "Kd5",
    "Ng5",
    "e4",
    "Rxg7",
    "e3",
    "Re7",
    "Kd4",
    "Ne6+",
    "Kc3",
    "Nf4",
    "Kd2",
    "Kf3",
    "Rb3",
    "Rd7+",
    "Ke1",
    "Ng2+"
  ],
  "statePieceCount": 8,
  "endPieceCount": 7,
  "boardState": [
    {
      "square": "a7",
      "type": "r",
      "color": "w"
    },
    {
      "square": "g7",
      "type": "p",
      "color": "b"
    },
    {
      "square": "b6",
      "type": "n",
      "color": "w"
    },
    {
      "square": "e6",
      "type": "p",
      "color": "b"
    },
    {
      "square": "g6",
      "type": "k",
      "color": "b"
    },
    {
      "square": "b5",
      "type": "r",
      "color": "b"
    },
    {
      "square": "g3",
      "type": "k",
      "color": "w"
    },
    {
      "square": "h2",
      "type": "p",
      "color": "w"
    }
  ]
}