{
  "event": "Skilling Open",
  "site": "chess24.com INT",
  "date": "2020.11.26",
  "eventDate": "2020.11.25",
  "dateMillis": 1606320000000,
  "eventDateMillis": 1606233600000,
  "round": "1.21",
  "result": "1/2-1/2",
  "white": "Anish Giri",
  "black": "Magnus Carlsen",
  "isDingWin": false,
  "isDraw": true,
  "isDingBlack": true,
  "moves": [
    "Ra3+",
    "Kb4",
    "Rxa2",
    "Rxh7",
    "Kg6",
    "Rh8",
    "Rxf2",
    "Kc3",
    "Rf5",
    "Kd4",
    "Rh5",
    "Rxh5",
    "Kxh5",
    "h4",
    "Kxh4"
  ],
  "statePieceCount": 8,
  "endPieceCount": 2,
  "boardState": [
    {
      "square": "c7",
      "type": "r",
      "color": "w"
    },
    {
      "square": "h7",
      "type": "p",
      "color": "b"
    },
    {
      "square": "a5",
      "type": "k",
      "color": "w"
    },
    {
      "square": "f5",
      "type": "k",
      "color": "b"
    },
    {
      "square": "f3",
      "type": "r",
      "color": "b"
    },
    {
      "square": "h3",
      "type": "p",
      "color": "w"
    },
    {
      "square": "a2",
      "type": "p",
      "color": "w"
    },
    {
      "square": "f2",
      "type": "p",
      "color": "w"
    }
  ]
}