{
  "event": "Tata Steel",
  "site": "Wijk aan Zee NED",
  "date": "2021.01.19",
  "eventDate": "2021.01.16",
  "dateMillis": 1610985600000,
  "eventDateMillis": 1610726400000,
  "round": "4.1",
  "result": "1/2-1/2",
  "white": "Jorden van Foreest",
  "black": "Magnus Carlsen",
  "isCarlsenWin": false,
  "isDraw": true,
  "isCarlsenBlack": true,
  "moves": [
    "Kxf2",
    "Kxg6",
    "Kg2",
    "Kh5",
    "Nd4",
    "f4",
    "Ne6",
    "Bg5",
    "Nxg5",
    "Kxg5",
    "Kf3",
    "Kh4",
    "Kxf4",
    "Kxh3"
  ],
  "statePieceCount": 8,
  "endPieceCount": 2,
  "boardState": [
    {
      "square": "d8",
      "type": "b",
      "color": "b"
    },
    {
      "square": "h7",
      "type": "k",
      "color": "b"
    },
    {
      "square": "g6",
      "type": "r",
      "color": "w"
    },
    {
      "square": "f5",
      "type": "p",
      "color": "b"
    },
    {
      "square": "f3",
      "type": "n",
      "color": "w"
    },
    {
      "square": "h3",
      "type": "p",
      "color": "w"
    },
    {
      "square": "f2",
      "type": "r",
      "color": "b"
    },
    {
      "square": "g2",
      "type": "k",
      "color": "w"
    }
  ],
  "nextTurn": "w"
}