{
  "event": "Tata Steel",
  "site": "Wijk aan Zee NED",
  "date": "2021.01.17",
  "eventDate": "2021.01.15",
  "dateMillis": 1610812800000,
  "eventDateMillis": 1610640000000,
  "round": "2",
  "result": "1/2-1/2",
  "white": "David Anton Guijarro",
  "black": "Magnus Carlsen",
  "isDingWin": false,
  "isDraw": true,
  "isDingBlack": true,
  "moves": [
    "Rxe6",
    "Bxe6",
    "Kxe6",
    "Kg3",
    "Kf5",
    "Kf3",
    "Kxg5",
    "Kxe3",
    "Kxh5"
  ],
  "statePieceCount": 8,
  "endPieceCount": 2,
  "boardState": [
    {
      "square": "d6",
      "type": "k",
      "color": "w"
    },
    {
      "square": "e6",
      "type": "r",
      "color": "b"
    },
    {
      "square": "g6",
      "type": "r",
      "color": "w"
    },
    {
      "square": "g5",
      "type": "p",
      "color": "b"
    },
    {
      "square": "h5",
      "type": "p",
      "color": "b"
    },
    {
      "square": "g4",
      "type": "b",
      "color": "b"
    },
    {
      "square": "h4",
      "type": "k",
      "color": "b"
    },
    {
      "square": "e3",
      "type": "n",
      "color": "w"
    }
  ]
}