{
  "event": "Tata Steel Masters",
  "site": "Wijk aan Zee NED",
  "date": "2021.01.26",
  "dateMillis": 1611590400000,
  "eventDateMillis": null,
  "round": "9",
  "result": "1-0",
  "white": "Magnus Carlsen",
  "black": "Nils Grandelius",
  "isCarlsenWin": true,
  "isDraw": false,
  "isCarlsenBlack": false,
  "moves": [
    "Kg6",
    "Kd6",
    "Kxf6",
    "Qe3",
    "g5",
    "Qe7+",
    "Kg6",
    "Qe8+",
    "Kg7",
    "Qe7+",
    "Kg8"
  ],
  "statePieceCount": 8,
  "endPieceCount": 7,
  "boardState": [
    {
      "square": "e7",
      "type": "k",
      "color": "b"
    },
    {
      "square": "f6",
      "type": "p",
      "color": "b"
    },
    {
      "square": "f5",
      "type": "q",
      "color": "w"
    },
    {
      "square": "h5",
      "type": "k",
      "color": "w"
    },
    {
      "square": "d4",
      "type": "p",
      "color": "b"
    },
    {
      "square": "g4",
      "type": "p",
      "color": "w"
    },
    {
      "square": "h3",
      "type": "q",
      "color": "b"
    },
    {
      "square": "c2",
      "type": "p",
      "color": "w"
    }
  ],
  "nextTurn": "w"
}