{
  "event": "Magnus Carlsen Invitational",
  "site": "chess24.com INT",
  "date": "2021.03.14",
  "eventDate": "2021.03.13",
  "dateMillis": 1615651200000,
  "eventDateMillis": 1615564800000,
  "round": "6.2",
  "result": "1/2-1/2",
  "white": "Nils Grandelius",
  "black": "Magnus Carlsen",
  "isCarlsenWin": false,
  "isDraw": true,
  "isCarlsenBlack": true,
  "moves": [
    "Kb4",
    "Nxc6+",
    "Kxa4",
    "Ne5",
    "Kb4",
    "Nd3+",
    "Kc4",
    "Nxc5",
    "Kxc5",
    "c4",
    "Kc6",
    "c5",
    "Nc3",
    "Kxc3",
    "Kxc5"
  ],
  "statePieceCount": 8,
  "endPieceCount": 2,
  "boardState": [
    {
      "square": "c6",
      "type": "p",
      "color": "b"
    },
    {
      "square": "a5",
      "type": "n",
      "color": "w"
    },
    {
      "square": "c5",
      "type": "p",
      "color": "b"
    },
    {
      "square": "a4",
      "type": "p",
      "color": "w"
    },
    {
      "square": "c4",
      "type": "k",
      "color": "b"
    },
    {
      "square": "e4",
      "type": "n",
      "color": "b"
    },
    {
      "square": "b2",
      "type": "k",
      "color": "w"
    },
    {
      "square": "c2",
      "type": "p",
      "color": "w"
    }
  ],
  "nextTurn": "b"
}