{
  "event": "Magnus Carlsen Invitational",
  "site": "chess24.com INT",
  "date": "2021.03.16",
  "eventDate": "2021.03.13",
  "dateMillis": 1615824000000,
  "eventDateMillis": 1615564800000,
  "round": "1.11",
  "result": "1-0",
  "white": "Magnus Carlsen",
  "black": "Levon Aronian",
  "isDingWin": true,
  "isDraw": false,
  "isDingBlack": false,
  "moves": [
    "Rf2",
    "Rg4",
    "Rc2",
    "c3",
    "Nd1",
    "Ke6",
    "Nxc3",
    "Ke5",
    "Re2+",
    "Kd4",
    "Kc2",
    "a5",
    "Kd2",
    "Rg3",
    "Nd1",
    "Rd3+",
    "Kc1",
    "Rg3",
    "Kc2",
    "a4",
    "Rd2+",
    "Kc4",
    "Nb2+",
    "Kb4",
    "Nd3+",
    "Kc4",
    "Ne5+",
    "Kc5",
    "Kb2",
    "a3+",
    "Ka2",
    "Kb4",
    "Rc2",
    "Re3",
    "Nc6+",
    "Kb5",
    "Nd4+",
    "Kb4",
    "Re2",
    "Rg3",
    "Nc2+",
    "Kc4",
    "Nxa3+",
    "Kd3",
    "Rb2",
    "Rg4",
    "Nc2",
    "Ke2",
    "Nd4+",
    "Ke3",
    "Nf3",
    "Re4",
    "Kb1",
    "Kf4",
    "Kc1",
    "Kg3",
    "Kd1",
    "Re8",
    "Ne1",
    "Re3",
    "Kd2",
    "Ra3",
    "Ke2"
  ],
  "statePieceCount": 8,
  "endPieceCount": 6,
  "boardState": [
    {
      "square": "a7",
      "type": "p",
      "color": "b"
    },
    {
      "square": "d7",
      "type": "k",
      "color": "b"
    },
    {
      "square": "f5",
      "type": "r",
      "color": "w"
    },
    {
      "square": "c4",
      "type": "p",
      "color": "b"
    },
    {
      "square": "g3",
      "type": "r",
      "color": "b"
    },
    {
      "square": "b2",
      "type": "n",
      "color": "w"
    },
    {
      "square": "g2",
      "type": "p",
      "color": "w"
    },
    {
      "square": "b1",
      "type": "k",
      "color": "w"
    }
  ]
}