{
  "event": "New In Chess Classic",
  "site": "chess24.com INT",
  "date": "2021.05.01",
  "eventDate": "2021.04.24",
  "dateMillis": 1619798400000,
  "eventDateMillis": 1619193600000,
  "round": "3.13",
  "result": "1-0",
  "white": "Magnus Carlsen",
  "black": "Hikaru Nakamura",
  "isCarlsenWin": true,
  "isDraw": false,
  "isCarlsenBlack": false,
  "moves": [
    "Kxa6",
    "g5",
    "b5",
    "Qf1",
    "Kb6",
    "Qf2+",
    "Qc5",
    "Qf6+",
    "Ka7",
    "Qf7+",
    "Ka6",
    "g4",
    "b6",
    "g3",
    "b7",
    "Qf1+",
    "Ka7",
    "Qf2",
    "Qb6",
    "Qf7",
    "Qb1+",
    "Kh6",
    "Qe4",
    "Qg7"
  ],
  "statePieceCount": 8,
  "endPieceCount": 7,
  "boardState": [
    {
      "square": "a7",
      "type": "k",
      "color": "w"
    },
    {
      "square": "g7",
      "type": "p",
      "color": "b"
    },
    {
      "square": "h7",
      "type": "k",
      "color": "b"
    },
    {
      "square": "a6",
      "type": "p",
      "color": "b"
    },
    {
      "square": "d6",
      "type": "q",
      "color": "w"
    },
    {
      "square": "a5",
      "type": "p",
      "color": "w"
    },
    {
      "square": "f5",
      "type": "q",
      "color": "b"
    },
    {
      "square": "b4",
      "type": "p",
      "color": "w"
    }
  ],
  "nextTurn": "w"
}