{
  "event": "New In Chess Classic",
  "site": "chess24.com INT",
  "date": "2021.04.24",
  "eventDate": "2021.04.24",
  "dateMillis": 1619193600000,
  "eventDateMillis": 1619193600000,
  "round": "3.4",
  "result": "1-0",
  "white": "Magnus Carlsen",
  "black": "Leinier Dominguez Perez",
  "isCarlsenWin": true,
  "isDraw": false,
  "isCarlsenBlack": false,
  "moves": [
    "e7",
    "Kf7",
    "g6+",
    "Kxe7",
    "g7",
    "Kf7",
    "Kh6"
  ],
  "statePieceCount": 8,
  "endPieceCount": 7,
  "boardState": [
    {
      "square": "g7",
      "type": "k",
      "color": "b"
    },
    {
      "square": "e6",
      "type": "p",
      "color": "w"
    },
    {
      "square": "b5",
      "type": "p",
      "color": "b"
    },
    {
      "square": "g5",
      "type": "p",
      "color": "w"
    },
    {
      "square": "h5",
      "type": "k",
      "color": "w"
    },
    {
      "square": "a3",
      "type": "n",
      "color": "b"
    },
    {
      "square": "e3",
      "type": "p",
      "color": "w"
    },
    {
      "square": "d1",
      "type": "b",
      "color": "w"
    }
  ],
  "nextTurn": "w"
}