{
  "event": "New In Chess Classic",
  "site": "chess24.com INT",
  "date": "2021.04.24",
  "eventDate": "2021.04.24",
  "dateMillis": 1619193600000,
  "eventDateMillis": 1619193600000,
  "round": "4.6",
  "result": "1/2-1/2",
  "white": "Vidit Santosh Gujrathi",
  "black": "Magnus Carlsen",
  "isDingWin": false,
  "isDraw": true,
  "isDingBlack": true,
  "moves": [
    "Nd4+",
    "Kc4",
    "Ne6",
    "f5",
    "Nxg5",
    "Kd5",
    "Nf3",
    "Bc1",
    "Ng1",
    "Ke4",
    "Ne2",
    "Bd2",
    "Ng3+",
    "Kf4",
    "Nh5+",
    "Kg4",
    "Nf6+",
    "Kf3",
    "Kg8",
    "Bc3",
    "Nd5",
    "Bb2",
    "f6",
    "Ba3",
    "Kf7",
    "Ke4",
    "Nb6",
    "Bc5",
    "Nd7",
    "Bd6",
    "Nb6",
    "Bc5",
    "Nc8",
    "Ba3",
    "Ne7",
    "Bb4",
    "Ke8",
    "Ba3",
    "g6",
    "fxg6",
    "Nxg6",
    "Bb2",
    "Ne5",
    "Bxe5",
    "fxe5",
    "Kxe5"
  ],
  "statePieceCount": 8,
  "endPieceCount": 2,
  "boardState": [
    {
      "square": "f7",
      "type": "p",
      "color": "b"
    },
    {
      "square": "g7",
      "type": "p",
      "color": "b"
    },
    {
      "square": "h7",
      "type": "k",
      "color": "b"
    },
    {
      "square": "f5",
      "type": "n",
      "color": "b"
    },
    {
      "square": "g5",
      "type": "p",
      "color": "w"
    },
    {
      "square": "f4",
      "type": "p",
      "color": "w"
    },
    {
      "square": "a3",
      "type": "b",
      "color": "w"
    },
    {
      "square": "b3",
      "type": "k",
      "color": "w"
    }
  ]
}