{
  "event": "FTX Crypto Cup",
  "site": "chess24.com INT",
  "date": "2021.05.23",
  "eventDate": "2021.05.23",
  "dateMillis": 1621699200000,
  "eventDateMillis": 1621699200000,
  "round": "2.5",
  "result": "1/2-1/2",
  "white": "Magnus Carlsen",
  "black": "Ian Nepomniachtchi",
  "isCarlsenWin": false,
  "isDraw": true,
  "isCarlsenBlack": false,
  "moves": [
    "Rc1",
    "Nb4",
    "Kxh2",
    "Kd4",
    "b3",
    "c5",
    "Kxh3",
    "Nc6",
    "Rc4+",
    "Kd5",
    "Kg2",
    "Ne5",
    "Rc1",
    "c4",
    "bxc4+",
    "Nxc4",
    "Rxc4",
    "Kxc4"
  ],
  "statePieceCount": 8,
  "endPieceCount": 2,
  "boardState": [
    {
      "square": "c6",
      "type": "p",
      "color": "b"
    },
    {
      "square": "e5",
      "type": "k",
      "color": "b"
    },
    {
      "square": "g3",
      "type": "k",
      "color": "w"
    },
    {
      "square": "h3",
      "type": "p",
      "color": "b"
    },
    {
      "square": "b2",
      "type": "p",
      "color": "w"
    },
    {
      "square": "c2",
      "type": "n",
      "color": "b"
    },
    {
      "square": "h2",
      "type": "p",
      "color": "b"
    },
    {
      "square": "a1",
      "type": "r",
      "color": "w"
    }
  ],
  "nextTurn": "w"
}