{
  "event": "FTX Crypto Cup",
  "site": "chess24.com INT",
  "date": "2021.05.24",
  "eventDate": "2021.05.23",
  "dateMillis": 1621785600000,
  "eventDateMillis": 1621699200000,
  "round": "6.3",
  "result": "1/2-1/2",
  "white": "Magnus Carlsen",
  "black": "Anish Giri",
  "isDingWin": false,
  "isDraw": true,
  "isDingBlack": false,
  "moves": [
    "Bxe6",
    "Kc7"
  ],
  "statePieceCount": 8,
  "endPieceCount": 7,
  "boardState": [
    {
      "square": "c8",
      "type": "b",
      "color": "w"
    },
    {
      "square": "d8",
      "type": "k",
      "color": "b"
    },
    {
      "square": "e6",
      "type": "p",
      "color": "b"
    },
    {
      "square": "g6",
      "type": "p",
      "color": "b"
    },
    {
      "square": "d5",
      "type": "k",
      "color": "w"
    },
    {
      "square": "a4",
      "type": "p",
      "color": "w"
    },
    {
      "square": "g4",
      "type": "p",
      "color": "w"
    },
    {
      "square": "e1",
      "type": "b",
      "color": "b"
    }
  ]
}