{
  "event": "Goldmoney Asian Rapid",
  "site": "chess24.com INT",
  "date": "2021.07.03",
  "eventDate": "2021.06.26",
  "dateMillis": 1625241600000,
  "eventDateMillis": 1624636800000,
  "round": "3.14",
  "result": "1/2-1/2",
  "white": "Liren Ding",
  "black": "Magnus Carlsen",
  "isDingWin": false,
  "isDraw": true,
  "isDingBlack": true,
  "moves": [
    "Kxf5",
    "e7",
    "Re8",
    "Kb4",
    "Kf6",
    "Kc5",
    "Rxe7",
    "Rxe7",
    "Kxe7",
    "Kd5",
    "Kf6",
    "Ke4",
    "Ke6",
    "Kf4",
    "Kf6",
    "Ke4",
    "Ke6",
    "Kf4",
    "Kf6",
    "Ke4"
  ],
  "statePieceCount": 8,
  "endPieceCount": 4,
  "boardState": [
    {
      "square": "d8",
      "type": "r",
      "color": "b"
    },
    {
      "square": "e6",
      "type": "p",
      "color": "w"
    },
    {
      "square": "f6",
      "type": "k",
      "color": "b"
    },
    {
      "square": "f5",
      "type": "p",
      "color": "w"
    },
    {
      "square": "h5",
      "type": "p",
      "color": "b"
    },
    {
      "square": "h4",
      "type": "p",
      "color": "w"
    },
    {
      "square": "a3",
      "type": "k",
      "color": "w"
    },
    {
      "square": "e1",
      "type": "r",
      "color": "w"
    }
  ]
}