{
  "event": "Goldmoney Asian Rapid",
  "site": "chess24.com INT",
  "date": "2021.06.30",
  "eventDate": "2021.06.26",
  "dateMillis": 1624982400000,
  "eventDateMillis": 1624636800000,
  "round": "1.24",
  "result": "0-1",
  "white": "Magnus Carlsen",
  "black": "Wesley So",
  "isCarlsenWin": false,
  "isDraw": false,
  "isCarlsenBlack": false,
  "moves": [
    "e3",
    "Rf7+",
    "Ke4",
    "Re7+",
    "Kd3",
    "Rd7+",
    "Kc2",
    "Re7",
    "Kd2",
    "Rd7+",
    "Ke1",
    "Rh7",
    "Kf2",
    "Rf7+",
    "Ke1",
    "Rh7",
    "e2",
    "Rxh5",
    "Re4",
    "g6",
    "Kd2",
    "Rd5+",
    "Ke3"
  ],
  "statePieceCount": 8,
  "endPieceCount": 7,
  "boardState": [
    {
      "square": "g7",
      "type": "r",
      "color": "w"
    },
    {
      "square": "f5",
      "type": "k",
      "color": "b"
    },
    {
      "square": "g5",
      "type": "p",
      "color": "w"
    },
    {
      "square": "h5",
      "type": "p",
      "color": "b"
    },
    {
      "square": "e4",
      "type": "p",
      "color": "b"
    },
    {
      "square": "g4",
      "type": "r",
      "color": "b"
    },
    {
      "square": "h4",
      "type": "p",
      "color": "w"
    },
    {
      "square": "h3",
      "type": "k",
      "color": "w"
    }
  ],
  "nextTurn": "b"
}