{
  "event": "FIDE World Cup 2021",
  "site": "Krasnaya Polyana (Sochi) RUS",
  "date": "2021.07.16",
  "eventDate": "2021.07.12",
  "dateMillis": 1626364800000,
  "eventDateMillis": 1626019200000,
  "round": "2.2",
  "result": "1-0",
  "white": "Magnus Carlsen",
  "black": "Sasa Martinovic",
  "isCarlsenWin": true,
  "isDraw": false,
  "isCarlsenBlack": false,
  "moves": [
    "Kc7",
    "a6",
    "Bf8",
    "Nxe5",
    "Bd6",
    "Nd7",
    "Kc6",
    "Kd4",
    "Bc7",
    "Kd3",
    "Bd6",
    "Ke4",
    "Bc7",
    "Kf5",
    "Bg3",
    "Ne5+",
    "Kc7",
    "Ke4",
    "b4",
    "Nd7",
    "Kc6",
    "Kd3",
    "Bc7",
    "Kc4",
    "Bd6",
    "Kb3",
    "Bc7",
    "Kxb4",
    "Bd6+",
    "Kc4",
    "Bc7",
    "Kd3",
    "Bd6",
    "Ke4",
    "Bc7",
    "Kf5",
    "Bd6",
    "Ne5+",
    "Kc7",
    "Ke6",
    "Bc5",
    "Nc6"
  ],
  "statePieceCount": 8,
  "endPieceCount": 6,
  "boardState": [
    {
      "square": "b7",
      "type": "p",
      "color": "w"
    },
    {
      "square": "d6",
      "type": "k",
      "color": "b"
    },
    {
      "square": "h6",
      "type": "b",
      "color": "b"
    },
    {
      "square": "a5",
      "type": "p",
      "color": "w"
    },
    {
      "square": "b5",
      "type": "p",
      "color": "b"
    },
    {
      "square": "e5",
      "type": "p",
      "color": "b"
    },
    {
      "square": "e4",
      "type": "k",
      "color": "w"
    },
    {
      "square": "d3",
      "type": "n",
      "color": "w"
    }
  ],
  "nextTurn": "b"
}