{
  "event": "FIDE World Cup 2021",
  "site": "Krasnaya Polyana (Sochi) RUS",
  "date": "2021.08.02",
  "eventDate": "2021.07.12",
  "dateMillis": 1627833600000,
  "eventDateMillis": 1626019200000,
  "round": "7.2",
  "result": "1/2-1/2",
  "white": "Jan-Krzysztof Duda",
  "black": "Magnus Carlsen",
  "isCarlsenWin": false,
  "isDraw": true,
  "isCarlsenBlack": true,
  "moves": [
    "Rd6",
    "Ng6+",
    "Kd7",
    "Ne5+",
    "Ke6",
    "Rxd6+",
    "Kxd6",
    "Kf4",
    "Ke6",
    "Ng4",
    "Ra7",
    "Kg5",
    "Kf7",
    "Ne3",
    "Kg8",
    "g4",
    "Kh7",
    "Kh5",
    "Ra3",
    "Nf5",
    "Ra5",
    "Kg5"
  ],
  "statePieceCount": 8,
  "endPieceCount": 6,
  "boardState": [
    {
      "square": "e7",
      "type": "k",
      "color": "b"
    },
    {
      "square": "h7",
      "type": "r",
      "color": "b"
    },
    {
      "square": "c6",
      "type": "r",
      "color": "w"
    },
    {
      "square": "h6",
      "type": "p",
      "color": "w"
    },
    {
      "square": "d4",
      "type": "r",
      "color": "b"
    },
    {
      "square": "f4",
      "type": "n",
      "color": "w"
    },
    {
      "square": "f3",
      "type": "k",
      "color": "w"
    },
    {
      "square": "g3",
      "type": "p",
      "color": "w"
    }
  ],
  "nextTurn": "b"
}