{
  "event": "Aimchess US Rapid",
  "site": "chess24.com INT",
  "date": "2021.08.29",
  "eventDate": "2021.08.28",
  "dateMillis": 1630166400000,
  "eventDateMillis": 1630080000000,
  "round": "9.4",
  "result": "1/2-1/2",
  "white": "Magnus Carlsen",
  "black": "Shakhriyar Mamedyarov",
  "isDingWin": false,
  "isDraw": true,
  "isDingBlack": false,
  "moves": [
    "h5",
    "g3",
    "h6",
    "Kh8",
    "Rg7",
    "g5",
    "Ra7",
    "g2",
    "Ra1",
    "Kh7",
    "Rg1",
    "Kxh6",
    "Kxf5",
    "Ng3+",
    "Kg4",
    "Nh5",
    "Rxg2",
    "Kg6",
    "Kf3",
    "Nf6",
    "Rxg5+",
    "Kxg5"
  ],
  "statePieceCount": 8,
  "endPieceCount": 3,
  "boardState": [
    {
      "square": "g8",
      "type": "k",
      "color": "b"
    },
    {
      "square": "d7",
      "type": "r",
      "color": "w"
    },
    {
      "square": "g6",
      "type": "p",
      "color": "b"
    },
    {
      "square": "e5",
      "type": "k",
      "color": "w"
    },
    {
      "square": "f5",
      "type": "p",
      "color": "b"
    },
    {
      "square": "e4",
      "type": "n",
      "color": "b"
    },
    {
      "square": "g4",
      "type": "p",
      "color": "b"
    },
    {
      "square": "h4",
      "type": "p",
      "color": "w"
    }
  ]
}