{
  "event": "Aimchess US Rapid",
  "site": "chess24.com INT",
  "date": "2021.09.02",
  "eventDate": "2021.08.28",
  "dateMillis": 1630512000000,
  "eventDateMillis": 1630080000000,
  "round": "2.13",
  "result": "1/2-1/2",
  "white": "Magnus Carlsen",
  "black": "Levon Aronian",
  "isCarlsenWin": false,
  "isDraw": true,
  "isCarlsenBlack": false,
  "moves": [
    "Qb5",
    "g3",
    "Qc6+",
    "Kg5",
    "Qf3",
    "Kh4",
    "Ke2",
    "Qxa4",
    "Qf6+",
    "Kg4",
    "Qg7+",
    "Kh4",
    "Qh6+",
    "Kg4",
    "Qg7+",
    "Kh4",
    "Qf6+",
    "Kg4",
    "Qg7+"
  ],
  "statePieceCount": 8,
  "endPieceCount": 7,
  "boardState": [
    {
      "square": "f7",
      "type": "p",
      "color": "b"
    },
    {
      "square": "g6",
      "type": "k",
      "color": "b"
    },
    {
      "square": "a5",
      "type": "q",
      "color": "w"
    },
    {
      "square": "a4",
      "type": "p",
      "color": "w"
    },
    {
      "square": "d4",
      "type": "q",
      "color": "b"
    },
    {
      "square": "g4",
      "type": "p",
      "color": "b"
    },
    {
      "square": "g2",
      "type": "p",
      "color": "w"
    },
    {
      "square": "f1",
      "type": "k",
      "color": "w"
    }
  ],
  "nextTurn": "w"
}