{
  "event": "Meltwater Tour Final 2021",
  "site": "Chess24 INT",
  "date": "2021.10.02",
  "eventDate": "2021.09.23",
  "dateMillis": 1633104000000,
  "eventDateMillis": 1632326400000,
  "round": "7.1",
  "result": "1/2-1/2",
  "white": "Magnus Carlsen",
  "black": "Teimour Radjabov",
  "isDingWin": false,
  "isDraw": true,
  "isDingBlack": false,
  "moves": [
    "Qg6+",
    "Kd7",
    "Qxf5+",
    "Kd6",
    "Qd3+",
    "Kc7",
    "Qc4+",
    "Kd7",
    "Qd5+",
    "Kc7",
    "Qc5+",
    "Kd7",
    "Qd4+",
    "Kc7",
    "Qc4+",
    "Kd7",
    "f5",
    "Rxb7",
    "f6",
    "Re5",
    "Qg4+",
    "Kd6",
    "Qg6",
    "Rb8",
    "Qd3+",
    "Ke6",
    "Qa6+",
    "Kf5",
    "Qd3+",
    "Ke6",
    "Qa6+",
    "Kf5",
    "Qd3+",
    "Ke6"
  ],
  "statePieceCount": 8,
  "endPieceCount": 6,
  "boardState": [
    {
      "square": "b8",
      "type": "r",
      "color": "b"
    },
    {
      "square": "b7",
      "type": "p",
      "color": "w"
    },
    {
      "square": "e7",
      "type": "r",
      "color": "b"
    },
    {
      "square": "e6",
      "type": "k",
      "color": "b"
    },
    {
      "square": "f5",
      "type": "p",
      "color": "b"
    },
    {
      "square": "g5",
      "type": "q",
      "color": "w"
    },
    {
      "square": "f4",
      "type": "p",
      "color": "w"
    },
    {
      "square": "f1",
      "type": "k",
      "color": "w"
    }
  ]
}