{
  "event": "Meltwater Tour Final 2021",
  "site": "Chess24 INT",
  "date": "2021.10.02",
  "eventDate": "2021.09.23",
  "dateMillis": 1633104000000,
  "eventDateMillis": 1632326400000,
  "round": "7.3",
  "result": "0-1",
  "white": "Magnus Carlsen",
  "black": "Teimour Radjabov",
  "isDingWin": false,
  "isDraw": false,
  "isDingBlack": false,
  "moves": [
    "bxc3",
    "Qb6+",
    "Kh2",
    "Qf2",
    "Rf3",
    "Qe3",
    "Rh3",
    "Kd3",
    "Rf3",
    "Kxc3",
    "Kh3",
    "Kd4",
    "Kh4",
    "Ke4",
    "Kg4",
    "Qe2"
  ],
  "statePieceCount": 8,
  "endPieceCount": 6,
  "boardState": [
    {
      "square": "b8",
      "type": "q",
      "color": "b"
    },
    {
      "square": "e4",
      "type": "k",
      "color": "b"
    },
    {
      "square": "f4",
      "type": "p",
      "color": "b"
    },
    {
      "square": "c3",
      "type": "p",
      "color": "b"
    },
    {
      "square": "h3",
      "type": "r",
      "color": "w"
    },
    {
      "square": "b2",
      "type": "p",
      "color": "w"
    },
    {
      "square": "g2",
      "type": "p",
      "color": "w"
    },
    {
      "square": "g1",
      "type": "k",
      "color": "w"
    }
  ]
}