{
  "event": "Meltwater Tour Final 2021",
  "site": "Chess24 INT",
  "date": "2021.10.03",
  "eventDate": "2021.09.23",
  "dateMillis": 1633190400000,
  "eventDateMillis": 1632326400000,
  "round": "8.3",
  "result": "1/2-1/2",
  "white": "Levon Aronian",
  "black": "Magnus Carlsen",
  "isCarlsenWin": false,
  "isDraw": true,
  "isCarlsenBlack": true,
  "moves": [
    "Bxf4+",
    "Kg4",
    "Bg5",
    "Kh5",
    "Bf4",
    "Kg4",
    "Bg5",
    "Kh5",
    "Bf4",
    "Kg4"
  ],
  "statePieceCount": 8,
  "endPieceCount": 7,
  "boardState": [
    {
      "square": "h6",
      "type": "p",
      "color": "b"
    },
    {
      "square": "c5",
      "type": "p",
      "color": "b"
    },
    {
      "square": "d5",
      "type": "b",
      "color": "w"
    },
    {
      "square": "e5",
      "type": "k",
      "color": "b"
    },
    {
      "square": "g5",
      "type": "b",
      "color": "b"
    },
    {
      "square": "c4",
      "type": "p",
      "color": "w"
    },
    {
      "square": "f4",
      "type": "r",
      "color": "w"
    },
    {
      "square": "g3",
      "type": "k",
      "color": "w"
    }
  ],
  "nextTurn": "b"
}