{
  "event": "Charity Cup",
  "site": "Chess24",
  "date": "2022.03.22",
  "eventDate": "2022.03.19",
  "dateMillis": 1647878400000,
  "eventDateMillis": 1647619200000,
  "round": "15.6",
  "result": "1/2-1/2",
  "white": "Santosh Gujrathi Vidit",
  "black": "Magnus Carlsen",
  "isDingWin": false,
  "isDraw": true,
  "isDingBlack": true,
  "moves": [
    "Ke3",
    "Kg5",
    "Be6",
    "Nxe6",
    "Nxe6+",
    "Kg4",
    "Kf2",
    "h5",
    "Nd4",
    "h4",
    "gxh4",
    "Kxh4",
    "Nxf5+"
  ],
  "statePieceCount": 8,
  "endPieceCount": 3,
  "boardState": [
    {
      "square": "f8",
      "type": "n",
      "color": "b"
    },
    {
      "square": "g8",
      "type": "b",
      "color": "w"
    },
    {
      "square": "h7",
      "type": "p",
      "color": "b"
    },
    {
      "square": "h6",
      "type": "k",
      "color": "b"
    },
    {
      "square": "f5",
      "type": "p",
      "color": "b"
    },
    {
      "square": "d4",
      "type": "n",
      "color": "w"
    },
    {
      "square": "d3",
      "type": "k",
      "color": "w"
    },
    {
      "square": "g3",
      "type": "p",
      "color": "w"
    }
  ]
}