{
  "event": "Oslo Esports Cup",
  "site": "Oslo NOR",
  "date": "2022.04.28",
  "eventDate": "2022.04.22",
  "dateMillis": 1651075200000,
  "eventDateMillis": 1650556800000,
  "round": "7.1",
  "result": "1/2-1/2",
  "white": "Shakhriyar Mamedyarov",
  "black": "Magnus Carlsen",
  "isCarlsenWin": false,
  "isDraw": true,
  "isCarlsenBlack": true,
  "moves": [
    "f6",
    "g4",
    "hxg4",
    "fxg4",
    "Kd5",
    "h4",
    "Ke6",
    "h5",
    "gxh5",
    "gxh5",
    "Kf7",
    "Kf5",
    "Kg7",
    "h6+",
    "Kxh6",
    "Kxf6"
  ],
  "statePieceCount": 8,
  "endPieceCount": 2,
  "boardState": [
    {
      "square": "f7",
      "type": "p",
      "color": "b"
    },
    {
      "square": "g6",
      "type": "p",
      "color": "b"
    },
    {
      "square": "c5",
      "type": "k",
      "color": "b"
    },
    {
      "square": "h5",
      "type": "p",
      "color": "b"
    },
    {
      "square": "f4",
      "type": "k",
      "color": "w"
    },
    {
      "square": "f3",
      "type": "p",
      "color": "w"
    },
    {
      "square": "g2",
      "type": "p",
      "color": "w"
    },
    {
      "square": "h2",
      "type": "p",
      "color": "w"
    }
  ],
  "nextTurn": "b"
}