{
  "event": "Chessable Masters",
  "site": "chess24.com INT",
  "date": "2022.05.19",
  "eventDate": "2022.05.19",
  "dateMillis": 1652889600000,
  "eventDateMillis": 1652889600000,
  "round": "2.1",
  "result": "1/2-1/2",
  "white": "Magnus Carlsen",
  "black": "Shakhriyar Mamedyarov",
  "isDingWin": false,
  "isDraw": true,
  "isDingBlack": false,
  "moves": [
    "Ra2+",
    "Kd1",
    "Kf3",
    "Rh5",
    "d5",
    "h3",
    "Kxg3",
    "hxg4",
    "Kxg4",
    "Rxd5",
    "Rf2",
    "Rd2",
    "Rxd2+",
    "Kxd2"
  ],
  "statePieceCount": 8,
  "endPieceCount": 2,
  "boardState": [
    {
      "square": "a7",
      "type": "r",
      "color": "b"
    },
    {
      "square": "d6",
      "type": "p",
      "color": "b"
    },
    {
      "square": "g5",
      "type": "r",
      "color": "w"
    },
    {
      "square": "e4",
      "type": "k",
      "color": "b"
    },
    {
      "square": "g4",
      "type": "p",
      "color": "b"
    },
    {
      "square": "g3",
      "type": "p",
      "color": "w"
    },
    {
      "square": "e2",
      "type": "k",
      "color": "w"
    },
    {
      "square": "h2",
      "type": "p",
      "color": "w"
    }
  ]
}