{
  "event": "Chessable Masters",
  "site": "chess24.com INT",
  "date": "2022.05.23",
  "eventDate": "2022.05.19",
  "dateMillis": 1653235200000,
  "eventDateMillis": 1652889600000,
  "round": "3.4",
  "result": "1-0",
  "white": "Magnus Carlsen",
  "black": "Anton Guijarro, David",
  "isCarlsenWin": true,
  "isDraw": false,
  "isCarlsenBlack": false,
  "moves": [
    "Rc8",
    "Rxf7",
    "Ke8",
    "Rf6",
    "Ra8",
    "Ke5",
    "Ra5+",
    "Kf4",
    "Rb5",
    "Rxg6",
    "Kf7",
    "Ra6"
  ],
  "statePieceCount": 8,
  "endPieceCount": 6,
  "boardState": [
    {
      "square": "d8",
      "type": "k",
      "color": "b"
    },
    {
      "square": "a7",
      "type": "r",
      "color": "w"
    },
    {
      "square": "f7",
      "type": "p",
      "color": "b"
    },
    {
      "square": "d6",
      "type": "k",
      "color": "w"
    },
    {
      "square": "g6",
      "type": "p",
      "color": "b"
    },
    {
      "square": "c5",
      "type": "r",
      "color": "b"
    },
    {
      "square": "g5",
      "type": "p",
      "color": "w"
    },
    {
      "square": "e4",
      "type": "p",
      "color": "w"
    }
  ],
  "nextTurn": "b"
}