{
  "event": "Norway Chess",
  "site": "Stavanger NOR",
  "date": "2022.06.09",
  "eventDate": "2022.05.31",
  "dateMillis": 1654704000000,
  "eventDateMillis": 1653926400000,
  "round": "15",
  "result": "1/2-1/2",
  "white": "Magnus Carlsen",
  "black": "Vachier-Lagrave, Maxime",
  "isDingWin": false,
  "isDraw": true,
  "isDingBlack": false,
  "moves": [
    "Rxh4",
    "Rg6+",
    "Kh7",
    "Rg5",
    "Rh2+",
    "Kf3",
    "Rf2+",
    "Kg4",
    "Bf4",
    "Rg6",
    "Rf1",
    "Kf5",
    "Bg5+",
    "Ke4",
    "Rf4+",
    "Kd3",
    "Rf5",
    "Ke4",
    "Rf4+",
    "Kd3",
    "Bh4",
    "Re6",
    "g2",
    "Rg6",
    "Rf5",
    "Rxg2",
    "Rxh5",
    "Ke4",
    "Bf6",
    "Kf4",
    "Bg7",
    "Ke4",
    "Kg8",
    "Rg6",
    "Kf7",
    "Ra6",
    "Bf6",
    "Ra8",
    "Rh4+",
    "Kf5",
    "Rh5+",
    "Ke4",
    "Rb5",
    "Kf4",
    "Be5+",
    "Ke4",
    "Bd6",
    "Rh8"
  ],
  "statePieceCount": 8,
  "endPieceCount": 5,
  "boardState": [
    {
      "square": "g7",
      "type": "k",
      "color": "b"
    },
    {
      "square": "a6",
      "type": "r",
      "color": "w"
    },
    {
      "square": "e5",
      "type": "b",
      "color": "b"
    },
    {
      "square": "h5",
      "type": "b",
      "color": "w"
    },
    {
      "square": "c4",
      "type": "r",
      "color": "b"
    },
    {
      "square": "h4",
      "type": "p",
      "color": "w"
    },
    {
      "square": "g3",
      "type": "p",
      "color": "b"
    },
    {
      "square": "g2",
      "type": "k",
      "color": "w"
    }
  ]
}