{
  "event": "SuperUnited Croatia",
  "site": "Zagreb CRO",
  "date": "2022.07.24",
  "dateMillis": 1658592000000,
  "eventDateMillis": null,
  "round": "11.4",
  "result": "1/2-1/2",
  "white": "Magnus Carlsen",
  "black": "Veselin Topalov",
  "isDingWin": false,
  "isDraw": true,
  "isDingBlack": false,
  "moves": [
    "Nxa6",
    "Kg3",
    "Kf1",
    "h3",
    "gxh3",
    "Kxh3",
    "Ke2",
    "Kg4",
    "Kd3",
    "Kf5",
    "Kc4",
    "Ke6",
    "Nc7+",
    "Kd7"
  ],
  "statePieceCount": 8,
  "endPieceCount": 5,
  "boardState": [
    {
      "square": "a7",
      "type": "b",
      "color": "b"
    },
    {
      "square": "c7",
      "type": "n",
      "color": "w"
    },
    {
      "square": "a6",
      "type": "p",
      "color": "b"
    },
    {
      "square": "b4",
      "type": "p",
      "color": "w"
    },
    {
      "square": "g4",
      "type": "k",
      "color": "b"
    },
    {
      "square": "h4",
      "type": "p",
      "color": "b"
    },
    {
      "square": "e2",
      "type": "k",
      "color": "w"
    },
    {
      "square": "g2",
      "type": "p",
      "color": "w"
    }
  ]
}