{
  "event": "FTX Crypto Cup",
  "site": "Miami, FL USA",
  "date": "2022.08.21",
  "eventDate": "2022.08.15",
  "dateMillis": 1661011200000,
  "eventDateMillis": 1660492800000,
  "round": "7.3",
  "result": "1-0",
  "white": "Magnus Carlsen",
  "black": "R Praggnanandhaa",
  "isDingWin": true,
  "isDraw": false,
  "isDingBlack": false,
  "moves": [
    "Nxa2",
    "Ka4",
    "Kd5",
    "Kb5",
    "Ke6",
    "Kc4",
    "Kf5",
    "Kd5",
    "Nc3+",
    "Kc6",
    "Ke6",
    "Kc5",
    "Na2",
    "Kb5",
    "Kd5",
    "Ka4",
    "Ke6",
    "Bxb4",
    "Nc1",
    "Bd6",
    "Kd5",
    "b4",
    "Nd3",
    "b5",
    "Nb2+",
    "Ka5",
    "Nc4+",
    "Ka6"
  ],
  "statePieceCount": 8,
  "endPieceCount": 6,
  "boardState": [
    {
      "square": "d6",
      "type": "b",
      "color": "w"
    },
    {
      "square": "e6",
      "type": "k",
      "color": "b"
    },
    {
      "square": "a5",
      "type": "k",
      "color": "w"
    },
    {
      "square": "e5",
      "type": "p",
      "color": "w"
    },
    {
      "square": "b4",
      "type": "p",
      "color": "b"
    },
    {
      "square": "b3",
      "type": "p",
      "color": "w"
    },
    {
      "square": "c3",
      "type": "n",
      "color": "b"
    },
    {
      "square": "a2",
      "type": "p",
      "color": "w"
    }
  ]
}