{
  "event": "Sinquefield Cup",
  "site": "Saint Louis, MO USA",
  "date": "2022.09.04",
  "eventDate": "2022.09.01",
  "dateMillis": 1662220800000,
  "eventDateMillis": 1661961600000,
  "round": "3",
  "result": "0-1",
  "white": "Magnus Carlsen",
  "black": "Hans Moke Niemann",
  "isCarlsenWin": false,
  "isDraw": false,
  "isCarlsenBlack": false,
  "moves": [
    "Ne5",
    "Bxa6",
    "Nc6",
    "Bb7",
    "Nxa5",
    "Bd5",
    "h5",
    "Bf7",
    "h4",
    "Bd5",
    "Ke5"
  ],
  "statePieceCount": 8,
  "endPieceCount": 6,
  "boardState": [
    {
      "square": "b7",
      "type": "b",
      "color": "w"
    },
    {
      "square": "a6",
      "type": "p",
      "color": "b"
    },
    {
      "square": "h6",
      "type": "p",
      "color": "b"
    },
    {
      "square": "a5",
      "type": "p",
      "color": "w"
    },
    {
      "square": "f4",
      "type": "k",
      "color": "b"
    },
    {
      "square": "g4",
      "type": "p",
      "color": "b"
    },
    {
      "square": "f3",
      "type": "n",
      "color": "b"
    },
    {
      "square": "f2",
      "type": "k",
      "color": "w"
    }
  ],
  "nextTurn": "b"
}