{
  "event": "TCh-CHN Men",
  "site": "Suzhou, Jiangsu CHN",
  "date": "2001.03.26",
  "eventDate": "2001.03.02",
  "dateMillis": 985536000000,
  "eventDateMillis": 983462400000,
  "round": "1",
  "result": "0-1",
  "white": "Ding Liren",
  "black": "Wu Wenjin",
  "isDingWin": false,
  "isDraw": false,
  "isDingBlack": false,
  "moves": [
    "hxg4",
    "Kb3",
    "f5",
    "gxf5",
    "gxf5",
    "Ka2",
    "Bc3",
    "Kb1",
    "e6",
    "fxe6",
    "fxe6",
    "a2",
    "Ke4",
    "Ba3",
    "Kd3",
    "c6",
    "Bd4",
    "a1=Q",
    "Bxa1",
    "Kxa1",
    "Kd4",
    "Be7",
    "c5",
    "Kb2",
    "Kc4",
    "Ka3"
  ],
  "statePieceCount": 13,
  "endPieceCount": 6,
  "boardState": [
    {
      "square": "c7",
      "type": "p",
      "color": "b"
    },
    {
      "square": "e7",
      "type": "b",
      "color": "b"
    },
    {
      "square": "f7",
      "type": "p",
      "color": "b"
    },
    {
      "square": "g6",
      "type": "p",
      "color": "b"
    },
    {
      "square": "e5",
      "type": "p",
      "color": "w"
    },
    {
      "square": "b4",
      "type": "k",
      "color": "b"
    },
    {
      "square": "c4",
      "type": "p",
      "color": "w"
    },
    {
      "square": "f4",
      "type": "p",
      "color": "w"
    },
    {
      "square": "g4",
      "type": "p",
      "color": "b"
    },
    {
      "square": "a3",
      "type": "p",
      "color": "b"
    },
    {
      "square": "d3",
      "type": "k",
      "color": "w"
    },
    {
      "square": "h3",
      "type": "p",
      "color": "w"
    },
    {
      "square": "a1",
      "type": "b",
      "color": "w"
    }
  ]
}