{
  "event": "8th Asian Continental Chess Championship",
  "site": "Subic Bay Free Port",
  "date": "2009.05.22",
  "eventDate": "2009.05.13",
  "dateMillis": 1242921600000,
  "eventDateMillis": 1242144000000,
  "round": "10.11",
  "result": "1/2-1/2",
  "white": "Ding Liren",
  "black": "Anton Filippov",
  "isDingWin": false,
  "isDraw": true,
  "isDingBlack": false,
  "moves": [
    "g6",
    "Rf8",
    "Rxf8+",
    "Kxf8",
    "g7+",
    "Kg8",
    "a5",
    "bxa5",
    "Kf1",
    "Re4",
    "Kf2",
    "Re7",
    "Rg5",
    "Re5",
    "Rg4",
    "Re7",
    "Rg5",
    "Rf7+",
    "Ke1",
    "Rxg7",
    "Rxa5",
    "Kf7",
    "Rf5+",
    "Ke6",
    "Rf2",
    "Rg4",
    "Re2+",
    "Kd7",
    "Kf2",
    "Ra4",
    "Re3",
    "d5",
    "Kf3",
    "Kd6",
    "g4",
    "d4",
    "Rb3",
    "Kd5",
    "g5",
    "c5",
    "g6",
    "Ra6",
    "g7",
    "Rg6",
    "Rb7",
    "Kc4",
    "Ke4",
    "Kc3",
    "Kf5",
    "Rg1",
    "a4",
    "d3",
    "Kf6",
    "d2",
    "Rd7",
    "c4",
    "a5",
    "Rf1+",
    "Ke7",
    "Rg1",
    "Kf7",
    "Rf1+",
    "Ke7",
    "Re1+",
    "Kf7"
  ],
  "statePieceCount": 13,
  "endPieceCount": 8,
  "boardState": [
    {
      "square": "c8",
      "type": "r",
      "color": "b"
    },
    {
      "square": "g8",
      "type": "k",
      "color": "b"
    },
    {
      "square": "c7",
      "type": "p",
      "color": "b"
    },
    {
      "square": "b6",
      "type": "p",
      "color": "b"
    },
    {
      "square": "d6",
      "type": "p",
      "color": "b"
    },
    {
      "square": "f5",
      "type": "r",
      "color": "w"
    },
    {
      "square": "g5",
      "type": "p",
      "color": "w"
    },
    {
      "square": "a4",
      "type": "p",
      "color": "w"
    },
    {
      "square": "c4",
      "type": "r",
      "color": "b"
    },
    {
      "square": "a3",
      "type": "p",
      "color": "w"
    },
    {
      "square": "g3",
      "type": "r",
      "color": "w"
    },
    {
      "square": "g2",
      "type": "p",
      "color": "w"
    },
    {
      "square": "g1",
      "type": "k",
      "color": "w"
    }
  ]
}