{
  "event": "Russia - China",
  "site": "Sochi RUS",
  "date": "2009.08.18",
  "eventDate": "2009.08.15",
  "dateMillis": 1250524800000,
  "eventDateMillis": 1250265600000,
  "round": "4",
  "result": "1/2-1/2",
  "white": "Artyom Timofeev",
  "black": "Ding Liren",
  "isDingWin": false,
  "isDraw": true,
  "isDingBlack": true,
  "moves": [
    "bxc5",
    "Kc6",
    "Rc2",
    "Rb8+",
    "Kc1",
    "Rb4",
    "Kd2",
    "g4",
    "fxg4",
    "Rxg4",
    "Ke3"
  ],
  "statePieceCount": 13,
  "endPieceCount": 10,
  "boardState": [
    {
      "square": "f8",
      "type": "r",
      "color": "b"
    },
    {
      "square": "d7",
      "type": "k",
      "color": "b"
    },
    {
      "square": "g7",
      "type": "p",
      "color": "b"
    },
    {
      "square": "a6",
      "type": "p",
      "color": "b"
    },
    {
      "square": "d6",
      "type": "p",
      "color": "w"
    },
    {
      "square": "f6",
      "type": "p",
      "color": "b"
    },
    {
      "square": "c5",
      "type": "p",
      "color": "b"
    },
    {
      "square": "g5",
      "type": "p",
      "color": "b"
    },
    {
      "square": "b4",
      "type": "p",
      "color": "w"
    },
    {
      "square": "f3",
      "type": "p",
      "color": "w"
    },
    {
      "square": "a2",
      "type": "p",
      "color": "w"
    },
    {
      "square": "b2",
      "type": "k",
      "color": "w"
    },
    {
      "square": "d2",
      "type": "r",
      "color": "w"
    }
  ]
}