{
  "event": "Russia vs China (Blitz)",
  "site": "Sochi RUS",
  "date": "2009.08.23",
  "eventDate": "2009.08.23",
  "dateMillis": 1250956800000,
  "eventDateMillis": 1250956800000,
  "round": "4",
  "result": "0-1",
  "white": "Artyom Timofeev",
  "black": "Ding Liren",
  "isDingWin": true,
  "isDraw": false,
  "isDingBlack": true,
  "moves": [
    "Bf3",
    "Rg1",
    "Rxh5",
    "Be2",
    "Bxe2",
    "Kxe2",
    "Rh2+",
    "Kd1",
    "Rd2+",
    "Ke1",
    "Rxc2",
    "Rg7",
    "Ra2",
    "Rxb7",
    "Rxa3",
    "b5",
    "a5",
    "b6",
    "Kc5",
    "Rb8",
    "Kc6",
    "b7",
    "Kc7",
    "Re8",
    "Kxb7",
    "Ke2",
    "a4",
    "Re6",
    "Rb3",
    "Re4",
    "a3",
    "Ra4",
    "Kb6",
    "Kd1",
    "Kb5",
    "Re4",
    "Rc3",
    "Ke1"
  ],
  "statePieceCount": 13,
  "endPieceCount": 6,
  "boardState": [
    {
      "square": "b7",
      "type": "p",
      "color": "b"
    },
    {
      "square": "g7",
      "type": "r",
      "color": "w"
    },
    {
      "square": "a6",
      "type": "p",
      "color": "b"
    },
    {
      "square": "c6",
      "type": "b",
      "color": "b"
    },
    {
      "square": "h5",
      "type": "p",
      "color": "w"
    },
    {
      "square": "b4",
      "type": "p",
      "color": "w"
    },
    {
      "square": "d4",
      "type": "k",
      "color": "b"
    },
    {
      "square": "h4",
      "type": "r",
      "color": "b"
    },
    {
      "square": "a3",
      "type": "p",
      "color": "w"
    },
    {
      "square": "d3",
      "type": "b",
      "color": "w"
    },
    {
      "square": "e3",
      "type": "p",
      "color": "b"
    },
    {
      "square": "c2",
      "type": "p",
      "color": "w"
    },
    {
      "square": "e1",
      "type": "k",
      "color": "w"
    }
  ]
}