{
  "event": "Chinese Championship",
  "site": "Xinghua Jiangsu CHN",
  "date": "2011.04.08",
  "eventDate": "2011.03.30",
  "dateMillis": 1302192000000,
  "eventDateMillis": 1301414400000,
  "round": "9",
  "result": "1-0",
  "white": "Ding Liren",
  "black": "Li Chao",
  "isDingWin": true,
  "isDraw": false,
  "isDingBlack": false,
  "moves": [
    "Kg1",
    "g6",
    "g3",
    "Qc4",
    "Qc3",
    "Qd5",
    "a5",
    "Qd6",
    "Kg2",
    "Na6",
    "Bb3",
    "h5",
    "Qc4",
    "Nc5",
    "Qd5",
    "Qb8",
    "Qxc5",
    "Qxb3",
    "Qc7+",
    "Kh6",
    "Qc3",
    "Qd1",
    "Qe3+",
    "g5",
    "a6",
    "Qa1",
    "Qb6+",
    "Kg7",
    "a7",
    "Qa4",
    "Qc7+",
    "Kh6",
    "Qd6+",
    "Kh7",
    "Qe7+",
    "Kg6",
    "Qe6+",
    "Kg7",
    "Qxf5",
    "Qxa7",
    "Qxg5+",
    "Kf8",
    "Qh6+",
    "Kg8",
    "Qxh5",
    "Qe3",
    "Qg4+",
    "Kh8",
    "Qc8+",
    "Kh7",
    "Qc2+",
    "Kh6",
    "b4",
    "Qd4",
    "b5",
    "Qb4",
    "Qc6+",
    "Kg5",
    "Qd5+",
    "Kf6",
    "f4",
    "Qb2+",
    "Kh3",
    "Qb1",
    "Qc6+",
    "Kf5",
    "Qd5+",
    "Kf6",
    "Kg4",
    "Qf1",
    "Qd6+",
    "Kf7",
    "b6",
    "Qb5",
    "Qc7+",
    "Kg6",
    "Qd6+",
    "Kf7",
    "Kh4",
    "Qb2",
    "Qd5+",
    "Kg6",
    "Qe6+",
    "Kh7",
    "Qe4+",
    "Kh6",
    "Qc6+",
    "Kg7",
    "b7",
    "Qh2+",
    "Kg4",
    "Qe2+",
    "Kg5",
    "Qe7+",
    "Kf5",
    "Qf7+",
    "Kg4"
  ],
  "statePieceCount": 13,
  "endPieceCount": 7,
  "boardState": [
    {
      "square": "g7",
      "type": "p",
      "color": "b"
    },
    {
      "square": "h7",
      "type": "k",
      "color": "b"
    },
    {
      "square": "h6",
      "type": "p",
      "color": "b"
    },
    {
      "square": "c5",
      "type": "n",
      "color": "b"
    },
    {
      "square": "e5",
      "type": "q",
      "color": "w"
    },
    {
      "square": "f5",
      "type": "p",
      "color": "b"
    },
    {
      "square": "a4",
      "type": "p",
      "color": "w"
    },
    {
      "square": "h4",
      "type": "q",
      "color": "b"
    },
    {
      "square": "f3",
      "type": "p",
      "color": "w"
    },
    {
      "square": "b2",
      "type": "p",
      "color": "w"
    },
    {
      "square": "c2",
      "type": "b",
      "color": "w"
    },
    {
      "square": "g2",
      "type": "p",
      "color": "w"
    },
    {
      "square": "h1",
      "type": "k",
      "color": "w"
    }
  ]
}