{
  "event": "Chinese Chess Championship",
  "site": "Xinghua CHN",
  "date": "2012.04.02",
  "eventDate": "2012.03.27",
  "dateMillis": 1333296000000,
  "eventDateMillis": 1332777600000,
  "round": "6",
  "result": "1/2-1/2",
  "white": "Ding Liren",
  "black": "Liu Qingnan",
  "isDingWin": false,
  "isDraw": true,
  "isDingBlack": false,
  "moves": [
    "Qxd7+",
    "Ke2",
    "Qg7",
    "f4+",
    "Kh4",
    "fxe5",
    "Ne6",
    "Qf2+",
    "Qg3",
    "Qxg3+",
    "Kxg3",
    "Bd5",
    "Nc7",
    "e6",
    "h4",
    "e7",
    "h3",
    "Ke3",
    "h2",
    "Bf3",
    "a4",
    "c5",
    "Ne8",
    "Bh1",
    "Nc7",
    "c6",
    "Ne8",
    "Kd4",
    "Kf4",
    "Kc5",
    "Ke5",
    "Kb5",
    "Kd6",
    "Kxa4",
    "Kxe7",
    "Kb5",
    "Kd8",
    "Kb6",
    "Kc8",
    "a4",
    "Nd6",
    "a5",
    "Nc4+",
    "Kb5",
    "Nd6+",
    "Kc5",
    "Kc7",
    "a6",
    "Nc8"
  ],
  "statePieceCount": 13,
  "endPieceCount": 7,
  "boardState": [
    {
      "square": "d8",
      "type": "q",
      "color": "b"
    },
    {
      "square": "f8",
      "type": "n",
      "color": "b"
    },
    {
      "square": "d7",
      "type": "p",
      "color": "w"
    },
    {
      "square": "a5",
      "type": "p",
      "color": "b"
    },
    {
      "square": "c5",
      "type": "q",
      "color": "w"
    },
    {
      "square": "e5",
      "type": "p",
      "color": "b"
    },
    {
      "square": "g5",
      "type": "k",
      "color": "b"
    },
    {
      "square": "h5",
      "type": "p",
      "color": "b"
    },
    {
      "square": "c4",
      "type": "p",
      "color": "w"
    },
    {
      "square": "e4",
      "type": "b",
      "color": "w"
    },
    {
      "square": "a3",
      "type": "p",
      "color": "w"
    },
    {
      "square": "f3",
      "type": "p",
      "color": "w"
    },
    {
      "square": "d1",
      "type": "k",
      "color": "w"
    }
  ]
}