{
  "event": "Chinese Chess Championship",
  "site": "Xinghua CHN",
  "date": "2012.04.04",
  "eventDate": "2012.03.27",
  "dateMillis": 1333468800000,
  "eventDateMillis": 1332777600000,
  "round": "8",
  "result": "1/2-1/2",
  "white": "Ding Liren",
  "black": "Zhao Jun",
  "isDingWin": false,
  "isDraw": true,
  "isDingBlack": false,
  "moves": [
    "Re3",
    "Rd2",
    "Nf4",
    "h4",
    "Rc3",
    "c5",
    "Kh6",
    "Ra4",
    "Nd3",
    "c6",
    "Ne5",
    "Rd5",
    "Ng4+",
    "Rxg4",
    "Bxg4",
    "a4",
    "Rc4",
    "a5",
    "Rxc6",
    "Rd4",
    "Ra6",
    "Rxg4",
    "Rxa5",
    "Bf3",
    "Ra7",
    "Kg3",
    "Rc7",
    "Rg5",
    "Ra7",
    "Rc5",
    "Rd7",
    "Be4",
    "Re7",
    "Kf4",
    "Rf7+",
    "Ke3",
    "Re7",
    "Kf4",
    "Rf7+",
    "Kg4",
    "Re7",
    "Bd5",
    "Re5"
  ],
  "statePieceCount": 13,
  "endPieceCount": 8,
  "boardState": [
    {
      "square": "e8",
      "type": "r",
      "color": "b"
    },
    {
      "square": "g7",
      "type": "k",
      "color": "b"
    },
    {
      "square": "h7",
      "type": "p",
      "color": "b"
    },
    {
      "square": "d6",
      "type": "r",
      "color": "w"
    },
    {
      "square": "g6",
      "type": "p",
      "color": "b"
    },
    {
      "square": "a5",
      "type": "r",
      "color": "w"
    },
    {
      "square": "f5",
      "type": "b",
      "color": "b"
    },
    {
      "square": "c4",
      "type": "p",
      "color": "w"
    },
    {
      "square": "h3",
      "type": "p",
      "color": "w"
    },
    {
      "square": "a2",
      "type": "p",
      "color": "w"
    },
    {
      "square": "e2",
      "type": "n",
      "color": "b"
    },
    {
      "square": "g2",
      "type": "b",
      "color": "w"
    },
    {
      "square": "h2",
      "type": "k",
      "color": "w"
    }
  ]
}