{
  "event": "Hainan Danzhou GM",
  "site": "Danzhou CHN",
  "date": "2012.06.06",
  "eventDate": "2012.05.29",
  "dateMillis": 1338912000000,
  "eventDateMillis": 1338220800000,
  "round": "8",
  "result": "1/2-1/2",
  "white": "Ding Liren",
  "black": "Zhou Jianchao",
  "isDingWin": false,
  "isDraw": true,
  "isDingBlack": false,
  "moves": [
    "Bxd3",
    "Bb3",
    "Rc7",
    "Bc4",
    "Bxc4",
    "dxc4",
    "a7",
    "c3",
    "Kf2",
    "c2",
    "Rxc2",
    "Rxa7",
    "Rc6",
    "Ra2+",
    "Kg3",
    "Ra3+",
    "Kg2",
    "Ra2+",
    "Kg3",
    "Ra3+",
    "Kg2",
    "Ra2+"
  ],
  "statePieceCount": 13,
  "endPieceCount": 8,
  "boardState": [
    {
      "square": "a8",
      "type": "r",
      "color": "b"
    },
    {
      "square": "h7",
      "type": "p",
      "color": "b"
    },
    {
      "square": "a6",
      "type": "p",
      "color": "w"
    },
    {
      "square": "d5",
      "type": "p",
      "color": "b"
    },
    {
      "square": "g5",
      "type": "p",
      "color": "b"
    },
    {
      "square": "a4",
      "type": "b",
      "color": "b"
    },
    {
      "square": "b4",
      "type": "k",
      "color": "b"
    },
    {
      "square": "g4",
      "type": "p",
      "color": "w"
    },
    {
      "square": "d3",
      "type": "n",
      "color": "b"
    },
    {
      "square": "e2",
      "type": "b",
      "color": "w"
    },
    {
      "square": "g2",
      "type": "k",
      "color": "w"
    },
    {
      "square": "h2",
      "type": "p",
      "color": "w"
    },
    {
      "square": "c1",
      "type": "r",
      "color": "w"
    }
  ]
}