{
  "event": "Russia - China",
  "site": "St Petersburg RUS",
  "date": "2012.07.05",
  "eventDate": "2012.07.02",
  "dateMillis": 1341417600000,
  "eventDateMillis": 1341158400000,
  "round": "4",
  "result": "1-0",
  "white": "Ding Liren",
  "black": "Maxim Matlakov",
  "isDingWin": true,
  "isDraw": false,
  "isDingBlack": false,
  "moves": [
    "Kxf3",
    "Nd7",
    "Rb5+",
    "Kd6",
    "c4",
    "Nc5",
    "Rb6+",
    "Ke5",
    "Ke3",
    "f4+",
    "Kf3",
    "Kd4",
    "Kg4",
    "Kxc4",
    "Rc6",
    "Kd4",
    "Rxc5"
  ],
  "statePieceCount": 13,
  "endPieceCount": 10,
  "boardState": [
    {
      "square": "a7",
      "type": "r",
      "color": "b"
    },
    {
      "square": "b7",
      "type": "b",
      "color": "w"
    },
    {
      "square": "a6",
      "type": "p",
      "color": "w"
    },
    {
      "square": "b6",
      "type": "r",
      "color": "w"
    },
    {
      "square": "e6",
      "type": "p",
      "color": "b"
    },
    {
      "square": "c5",
      "type": "n",
      "color": "b"
    },
    {
      "square": "e5",
      "type": "k",
      "color": "b"
    },
    {
      "square": "f5",
      "type": "p",
      "color": "b"
    },
    {
      "square": "g5",
      "type": "p",
      "color": "b"
    },
    {
      "square": "c3",
      "type": "p",
      "color": "w"
    },
    {
      "square": "f3",
      "type": "p",
      "color": "b"
    },
    {
      "square": "e2",
      "type": "k",
      "color": "w"
    },
    {
      "square": "g2",
      "type": "p",
      "color": "w"
    }
  ]
}