{
  "event": "World Junior Championship",
  "site": "Athens GRE",
  "date": "2012.08.06",
  "eventDate": "2012.08.02",
  "dateMillis": 1344182400000,
  "eventDateMillis": 1343836800000,
  "round": "5",
  "result": "1-0",
  "white": "Ding Liren",
  "black": "Vladislav Kovalev",
  "isDingWin": true,
  "isDraw": false,
  "isDingBlack": false,
  "moves": [
    "Rxc8+",
    "Kf7",
    "Rc7+",
    "Kg8",
    "Rc8+",
    "Kf7",
    "Rf8+",
    "Kg7",
    "e6",
    "Rb1",
    "Rf7+",
    "Kg8",
    "Rf8+",
    "Kg7",
    "Rb8",
    "Rb3+",
    "Kd4",
    "Ne2+",
    "Kc4",
    "Rxb4+",
    "Rxb4",
    "Nxf4",
    "e7",
    "Kf7",
    "Kc5",
    "Ne6+",
    "Kd6",
    "Ng7",
    "Kd7",
    "Ne8",
    "Rb1",
    "Ng7",
    "Rd1",
    "Ne8",
    "Rg1",
    "Ng7",
    "Rb1",
    "Ne8",
    "Rb6",
    "Ng7",
    "Ra6"
  ],
  "statePieceCount": 13,
  "endPieceCount": 9,
  "boardState": [
    {
      "square": "c8",
      "type": "b",
      "color": "b"
    },
    {
      "square": "g8",
      "type": "k",
      "color": "b"
    },
    {
      "square": "c7",
      "type": "r",
      "color": "w"
    },
    {
      "square": "g6",
      "type": "p",
      "color": "b"
    },
    {
      "square": "e5",
      "type": "p",
      "color": "w"
    },
    {
      "square": "f5",
      "type": "p",
      "color": "b"
    },
    {
      "square": "h5",
      "type": "p",
      "color": "b"
    },
    {
      "square": "b4",
      "type": "b",
      "color": "w"
    },
    {
      "square": "f4",
      "type": "p",
      "color": "w"
    },
    {
      "square": "h4",
      "type": "p",
      "color": "w"
    },
    {
      "square": "e3",
      "type": "k",
      "color": "w"
    },
    {
      "square": "g3",
      "type": "n",
      "color": "b"
    },
    {
      "square": "d1",
      "type": "r",
      "color": "b"
    }
  ]
}