{
  "event": "SportAccord World Mind Games (Men's Rapid)",
  "site": "Beijing CHN",
  "date": "2012.12.14",
  "eventDate": "2012.12.14",
  "dateMillis": 1355414400000,
  "eventDateMillis": 1355414400000,
  "round": "2.2",
  "result": "1-0",
  "white": "Hikaru Nakamura",
  "black": "Ding Liren",
  "isDingWin": false,
  "isDraw": false,
  "isDingBlack": true,
  "moves": [
    "Kf8",
    "Nd7+",
    "Ke8",
    "Bxb2",
    "Qd2",
    "Be5",
    "Qxf2",
    "Nf6+",
    "Kd8",
    "Bd6",
    "Kc8",
    "Rc7+",
    "Kd8",
    "Rb7"
  ],
  "statePieceCount": 13,
  "endPieceCount": 11,
  "boardState": [
    {
      "square": "g8",
      "type": "k",
      "color": "b"
    },
    {
      "square": "g7",
      "type": "r",
      "color": "w"
    },
    {
      "square": "e6",
      "type": "p",
      "color": "b"
    },
    {
      "square": "h6",
      "type": "p",
      "color": "b"
    },
    {
      "square": "c5",
      "type": "n",
      "color": "w"
    },
    {
      "square": "e5",
      "type": "b",
      "color": "w"
    },
    {
      "square": "f5",
      "type": "p",
      "color": "b"
    },
    {
      "square": "h3",
      "type": "p",
      "color": "w"
    },
    {
      "square": "b2",
      "type": "r",
      "color": "b"
    },
    {
      "square": "f2",
      "type": "p",
      "color": "w"
    },
    {
      "square": "g2",
      "type": "p",
      "color": "w"
    },
    {
      "square": "h2",
      "type": "k",
      "color": "w"
    },
    {
      "square": "d1",
      "type": "q",
      "color": "b"
    }
  ]
}