{
  "event": "SportAccord World Mind Games (Men's Blitz)",
  "site": "Beijing CHN",
  "date": "2012.12.17",
  "eventDate": "2012.12.16",
  "dateMillis": 1355673600000,
  "eventDateMillis": 1355587200000,
  "round": "9.3",
  "result": "0-1",
  "white": "Viktor Antonovich Bologan",
  "black": "Ding Liren",
  "isDingWin": true,
  "isDraw": false,
  "isDingBlack": true,
  "moves": [
    "Kg1",
    "Nxe6",
    "Bxe6",
    "Kxe6",
    "Kf1",
    "Ke5",
    "Ke2",
    "Kf4",
    "Kd3",
    "c4+",
    "Ke2",
    "c3",
    "Kd3",
    "c2",
    "Kxc2",
    "Kg3",
    "Kd1",
    "Kf2"
  ],
  "statePieceCount": 13,
  "endPieceCount": 9,
  "boardState": [
    {
      "square": "f8",
      "type": "n",
      "color": "b"
    },
    {
      "square": "e6",
      "type": "p",
      "color": "w"
    },
    {
      "square": "f6",
      "type": "k",
      "color": "b"
    },
    {
      "square": "a5",
      "type": "p",
      "color": "b"
    },
    {
      "square": "c5",
      "type": "p",
      "color": "b"
    },
    {
      "square": "d5",
      "type": "b",
      "color": "w"
    },
    {
      "square": "a4",
      "type": "p",
      "color": "w"
    },
    {
      "square": "h4",
      "type": "p",
      "color": "b"
    },
    {
      "square": "e3",
      "type": "p",
      "color": "b"
    },
    {
      "square": "f3",
      "type": "p",
      "color": "w"
    },
    {
      "square": "h3",
      "type": "p",
      "color": "w"
    },
    {
      "square": "g2",
      "type": "p",
      "color": "w"
    },
    {
      "square": "h1",
      "type": "k",
      "color": "w"
    }
  ]
}