{
  "event": "Reykjavik Open",
  "site": "Reykjavik ISL",
  "date": "2013.02.27",
  "eventDate": "2013.02.19",
  "dateMillis": 1361894400000,
  "eventDateMillis": 1361203200000,
  "round": "10",
  "result": "0-1",
  "white": "Throstur Thorhallsson",
  "black": "Ding Liren",
  "isDingWin": true,
  "isDraw": false,
  "isDingBlack": true,
  "moves": [
    "Kh2",
    "a4",
    "Qd2",
    "e5",
    "Qe2",
    "Kg7",
    "g4",
    "Qd5",
    "g3",
    "e4",
    "Kg1",
    "Qd4+",
    "Kg2",
    "e3",
    "Kf3",
    "f5",
    "gxf5",
    "g4+",
    "Kg2",
    "Qe4+",
    "Kh2",
    "Qf3",
    "f6+",
    "Kh6",
    "Qd3",
    "Qf2+",
    "Kh1",
    "Qe1+"
  ],
  "statePieceCount": 13,
  "endPieceCount": 12,
  "boardState": [
    {
      "square": "f8",
      "type": "k",
      "color": "b"
    },
    {
      "square": "f7",
      "type": "p",
      "color": "b"
    },
    {
      "square": "e6",
      "type": "p",
      "color": "b"
    },
    {
      "square": "f6",
      "type": "p",
      "color": "b"
    },
    {
      "square": "a5",
      "type": "p",
      "color": "b"
    },
    {
      "square": "g5",
      "type": "p",
      "color": "b"
    },
    {
      "square": "a3",
      "type": "p",
      "color": "w"
    },
    {
      "square": "b3",
      "type": "q",
      "color": "b"
    },
    {
      "square": "g3",
      "type": "p",
      "color": "w"
    },
    {
      "square": "b2",
      "type": "p",
      "color": "w"
    },
    {
      "square": "e2",
      "type": "q",
      "color": "w"
    },
    {
      "square": "g2",
      "type": "p",
      "color": "w"
    },
    {
      "square": "g1",
      "type": "k",
      "color": "w"
    }
  ]
}