{
  "event": "Biel",
  "site": "Biel SUI",
  "date": "2013.07.31",
  "eventDate": "2012.07.22",
  "dateMillis": 1375200000000,
  "eventDateMillis": 1342886400000,
  "round": "9.2",
  "result": "1/2-1/2",
  "white": "Ding Liren",
  "black": "Ian Nepomniachtchi",
  "isDingWin": false,
  "isDraw": true,
  "isDingBlack": false,
  "moves": [
    "Qb1+",
    "f5",
    "Ra5",
    "g6",
    "Qd3",
    "Rc7",
    "Rd5",
    "Re7",
    "Rd6",
    "h5",
    "f3",
    "Qg7",
    "Kf2",
    "Qf7",
    "Qd2",
    "Qe8",
    "h3",
    "Qb5",
    "Qd3",
    "Qe8",
    "Rd4",
    "Qc6",
    "g4",
    "hxg4",
    "hxg4",
    "Qc7",
    "Kg2",
    "Qe5",
    "Rd7",
    "Rxd7",
    "Qxd7+",
    "Kh6",
    "Qd2+",
    "f4",
    "Qd3",
    "g5",
    "Qe4",
    "Qc5",
    "Kf1",
    "Qc1+",
    "Kf2",
    "Qc5+",
    "e3",
    "fxe3+",
    "Qxe3",
    "Qc2+",
    "Kg3",
    "Qc7+",
    "Kh3",
    "Qc6",
    "Qe4",
    "Qc1"
  ],
  "statePieceCount": 13,
  "endPieceCount": 7,
  "boardState": [
    {
      "square": "a8",
      "type": "r",
      "color": "w"
    },
    {
      "square": "f7",
      "type": "q",
      "color": "b"
    },
    {
      "square": "g7",
      "type": "p",
      "color": "b"
    },
    {
      "square": "h7",
      "type": "k",
      "color": "b"
    },
    {
      "square": "c6",
      "type": "r",
      "color": "b"
    },
    {
      "square": "f6",
      "type": "p",
      "color": "b"
    },
    {
      "square": "h6",
      "type": "p",
      "color": "b"
    },
    {
      "square": "g3",
      "type": "p",
      "color": "w"
    },
    {
      "square": "b2",
      "type": "q",
      "color": "w"
    },
    {
      "square": "e2",
      "type": "p",
      "color": "w"
    },
    {
      "square": "f2",
      "type": "p",
      "color": "w"
    },
    {
      "square": "h2",
      "type": "p",
      "color": "w"
    },
    {
      "square": "g1",
      "type": "k",
      "color": "w"
    }
  ]
}