{
  "event": "Biel",
  "site": "Biel SUI",
  "date": "2013.08.01",
  "eventDate": "2012.07.22",
  "dateMillis": 1375286400000,
  "eventDateMillis": 1342886400000,
  "round": "10.1",
  "result": "1-0",
  "white": "Maxime Vachier-Lagrave",
  "black": "Ding Liren",
  "isDingWin": false,
  "isDraw": false,
  "isDingBlack": true,
  "moves": [
    "Kg6",
    "Rhd4",
    "Rd7",
    "Rxa4",
    "Rxe5",
    "Rab4",
    "Re6",
    "Rb6",
    "Kf5",
    "Kf3",
    "Kg5",
    "Rd5+",
    "Kf6",
    "Rd4",
    "Kg5",
    "Rd3",
    "Kf6",
    "Rd5",
    "Kg6",
    "Rd2",
    "Kg7",
    "Kf4",
    "Kg6",
    "f3",
    "Kf6",
    "Rd5",
    "Rd8",
    "Rf5+",
    "Kg6",
    "Rd5",
    "Kf6",
    "Rd3",
    "Rd7",
    "Kg4",
    "Kg6",
    "f4",
    "f5+",
    "Kf3",
    "Rd8",
    "Rd2",
    "Rd7",
    "Rd5",
    "Rd8",
    "Rbb5",
    "Rdxd6",
    "Rxf5",
    "Re1",
    "Rg5+",
    "Kf6",
    "Rbf5+",
    "Ke6",
    "Re5+",
    "Rxe5",
    "Rxe5+",
    "Kf6",
    "Ke3",
    "Rb6",
    "Kd3",
    "Rd6+",
    "Kc3",
    "Rd1",
    "Re4",
    "Kf5",
    "Rd4"
  ],
  "statePieceCount": 13,
  "endPieceCount": 7,
  "boardState": [
    {
      "square": "a7",
      "type": "r",
      "color": "b"
    },
    {
      "square": "f7",
      "type": "p",
      "color": "b"
    },
    {
      "square": "d6",
      "type": "p",
      "color": "w"
    },
    {
      "square": "a5",
      "type": "r",
      "color": "b"
    },
    {
      "square": "e5",
      "type": "p",
      "color": "w"
    },
    {
      "square": "h5",
      "type": "k",
      "color": "b"
    },
    {
      "square": "a4",
      "type": "p",
      "color": "b"
    },
    {
      "square": "b4",
      "type": "r",
      "color": "w"
    },
    {
      "square": "h4",
      "type": "r",
      "color": "w"
    },
    {
      "square": "b3",
      "type": "p",
      "color": "b"
    },
    {
      "square": "b2",
      "type": "p",
      "color": "w"
    },
    {
      "square": "f2",
      "type": "p",
      "color": "w"
    },
    {
      "square": "g2",
      "type": "k",
      "color": "w"
    }
  ]
}