{
  "event": "FIDE World Team Championship",
  "site": "Antalya TUR",
  "date": "2013.12.03",
  "eventDate": "2013.11.26",
  "dateMillis": 1386000000000,
  "eventDateMillis": 1385395200000,
  "round": "7",
  "result": "1/2-1/2",
  "white": "Eltaj Safarli",
  "black": "Ding Liren",
  "isDingWin": false,
  "isDraw": true,
  "isDingBlack": true,
  "moves": [
    "Ke6",
    "g4",
    "Kd5",
    "Kd2",
    "b4",
    "Ne3+",
    "Ke4",
    "Nc4",
    "Kf4",
    "Nb6",
    "Kg3",
    "Ke3",
    "Kxh3",
    "Kf4",
    "bxa3",
    "bxa3",
    "c4",
    "Nxa4",
    "Bxa3",
    "Nb6",
    "Bb2",
    "Nxc4",
    "Bxc3"
  ],
  "statePieceCount": 13,
  "endPieceCount": 6,
  "boardState": [
    {
      "square": "f8",
      "type": "b",
      "color": "b"
    },
    {
      "square": "f7",
      "type": "k",
      "color": "b"
    },
    {
      "square": "h6",
      "type": "p",
      "color": "b"
    },
    {
      "square": "b5",
      "type": "p",
      "color": "b"
    },
    {
      "square": "c5",
      "type": "p",
      "color": "b"
    },
    {
      "square": "f5",
      "type": "n",
      "color": "w"
    },
    {
      "square": "a4",
      "type": "p",
      "color": "b"
    },
    {
      "square": "a3",
      "type": "p",
      "color": "w"
    },
    {
      "square": "c3",
      "type": "p",
      "color": "w"
    },
    {
      "square": "g3",
      "type": "p",
      "color": "w"
    },
    {
      "square": "h3",
      "type": "p",
      "color": "w"
    },
    {
      "square": "b2",
      "type": "p",
      "color": "w"
    },
    {
      "square": "e1",
      "type": "k",
      "color": "w"
    }
  ]
}