{
  "event": "Cappelle-la-Grande",
  "site": "Cappelle-la-Grande FRA",
  "date": "2014.03.01",
  "eventDate": "2014.03.01",
  "dateMillis": 1393603200000,
  "eventDateMillis": 1393603200000,
  "round": "1.1",
  "result": "0-1",
  "white": "Arkadi Eremeevich Vul",
  "black": "Ding Liren",
  "isDingWin": true,
  "isDraw": false,
  "isDingBlack": true,
  "moves": [
    "gxf4",
    "Bd5",
    "Kg7",
    "Rc4",
    "Rf5",
    "Be4",
    "Rg5"
  ],
  "statePieceCount": 13,
  "endPieceCount": 12,
  "boardState": [
    {
      "square": "f8",
      "type": "r",
      "color": "b"
    },
    {
      "square": "g8",
      "type": "k",
      "color": "b"
    },
    {
      "square": "c7",
      "type": "p",
      "color": "b"
    },
    {
      "square": "e7",
      "type": "p",
      "color": "b"
    },
    {
      "square": "d6",
      "type": "b",
      "color": "b"
    },
    {
      "square": "e6",
      "type": "r",
      "color": "w"
    },
    {
      "square": "g5",
      "type": "p",
      "color": "b"
    },
    {
      "square": "f4",
      "type": "p",
      "color": "w"
    },
    {
      "square": "g3",
      "type": "p",
      "color": "w"
    },
    {
      "square": "b2",
      "type": "r",
      "color": "b"
    },
    {
      "square": "g2",
      "type": "b",
      "color": "w"
    },
    {
      "square": "c1",
      "type": "r",
      "color": "w"
    },
    {
      "square": "g1",
      "type": "k",
      "color": "w"
    }
  ]
}