{
  "event": "Chinese Championship",
  "site": "Xinghua CHN",
  "date": "2014.03.11",
  "eventDate": "2014.03.11",
  "dateMillis": 1394467200000,
  "eventDateMillis": 1394467200000,
  "round": "1.3",
  "result": "1/2-1/2",
  "white": "Yu Yangyi",
  "black": "Ding Liren",
  "isDingWin": false,
  "isDraw": true,
  "isDingBlack": true,
  "moves": [
    "Rxc6",
    "Ra8+",
    "Kh7",
    "Nf8+",
    "Kh6",
    "Kf1",
    "Nc5",
    "Re8",
    "f5",
    "Kg1",
    "Ne4",
    "Kh2",
    "Nf6",
    "Re6",
    "Rc7",
    "Ra6",
    "Rb7"
  ],
  "statePieceCount": 13,
  "endPieceCount": 12,
  "boardState": [
    {
      "square": "c8",
      "type": "r",
      "color": "b"
    },
    {
      "square": "g8",
      "type": "k",
      "color": "b"
    },
    {
      "square": "a7",
      "type": "r",
      "color": "w"
    },
    {
      "square": "g7",
      "type": "p",
      "color": "b"
    },
    {
      "square": "c6",
      "type": "p",
      "color": "w"
    },
    {
      "square": "e6",
      "type": "n",
      "color": "w"
    },
    {
      "square": "f6",
      "type": "p",
      "color": "b"
    },
    {
      "square": "h5",
      "type": "p",
      "color": "b"
    },
    {
      "square": "f4",
      "type": "p",
      "color": "w"
    },
    {
      "square": "d3",
      "type": "n",
      "color": "b"
    },
    {
      "square": "g3",
      "type": "p",
      "color": "w"
    },
    {
      "square": "g2",
      "type": "p",
      "color": "w"
    },
    {
      "square": "g1",
      "type": "k",
      "color": "w"
    }
  ]
}