{
  "event": "Chinese Championship",
  "site": "Xinghua CHN",
  "date": "2014.03.15",
  "eventDate": "2014.03.11",
  "dateMillis": 1394812800000,
  "eventDateMillis": 1394467200000,
  "round": "5",
  "result": "1-0",
  "white": "Yifan Hou",
  "black": "Ding Liren",
  "isDingWin": false,
  "isDraw": false,
  "isDingBlack": true,
  "moves": [
    "Ne7",
    "Rd7",
    "Rxd7",
    "Bxd7",
    "Nxg6",
    "Ke4",
    "Kf6",
    "Bf5",
    "c4",
    "Bxg6",
    "d3",
    "Ke3",
    "Kxg6",
    "bxc4",
    "dxc2",
    "Kd2",
    "Kf5",
    "Kxc2",
    "Kxf4",
    "Kb3",
    "Ke5",
    "Kxb4",
    "Kd6",
    "Kb5"
  ],
  "statePieceCount": 13,
  "endPieceCount": 3,
  "boardState": [
    {
      "square": "c8",
      "type": "n",
      "color": "b"
    },
    {
      "square": "d8",
      "type": "r",
      "color": "w"
    },
    {
      "square": "c7",
      "type": "r",
      "color": "b"
    },
    {
      "square": "g7",
      "type": "k",
      "color": "b"
    },
    {
      "square": "g6",
      "type": "p",
      "color": "w"
    },
    {
      "square": "c5",
      "type": "p",
      "color": "b"
    },
    {
      "square": "f5",
      "type": "b",
      "color": "w"
    },
    {
      "square": "b4",
      "type": "p",
      "color": "b"
    },
    {
      "square": "d4",
      "type": "p",
      "color": "b"
    },
    {
      "square": "f4",
      "type": "p",
      "color": "w"
    },
    {
      "square": "b3",
      "type": "p",
      "color": "w"
    },
    {
      "square": "f3",
      "type": "k",
      "color": "w"
    },
    {
      "square": "c2",
      "type": "p",
      "color": "w"
    }
  ]
}