{
  "event": "Qatar Masters",
  "site": "Doha QAT",
  "date": "2014.12.03",
  "eventDate": "2014.11.26",
  "dateMillis": 1417536000000,
  "eventDateMillis": 1416931200000,
  "round": "8.11",
  "result": "0-1",
  "white": "Daniil Dubov",
  "black": "Ding Liren",
  "isDingWin": true,
  "isDraw": false,
  "isDingBlack": true,
  "moves": [
    "Qg4+",
    "Kh2",
    "Qxh4+",
    "Kg2",
    "Qg4+",
    "Kh2",
    "Qe2+",
    "Kg1",
    "h5",
    "Qd5",
    "h4",
    "Qd4",
    "h3",
    "Qh4+",
    "Rh6"
  ],
  "statePieceCount": 13,
  "endPieceCount": 12,
  "boardState": [
    {
      "square": "d7",
      "type": "q",
      "color": "w"
    },
    {
      "square": "f7",
      "type": "p",
      "color": "b"
    },
    {
      "square": "h7",
      "type": "k",
      "color": "b"
    },
    {
      "square": "f6",
      "type": "r",
      "color": "b"
    },
    {
      "square": "h6",
      "type": "p",
      "color": "b"
    },
    {
      "square": "f5",
      "type": "p",
      "color": "w"
    },
    {
      "square": "h4",
      "type": "p",
      "color": "w"
    },
    {
      "square": "b3",
      "type": "p",
      "color": "w"
    },
    {
      "square": "a2",
      "type": "p",
      "color": "w"
    },
    {
      "square": "d2",
      "type": "p",
      "color": "b"
    },
    {
      "square": "e2",
      "type": "q",
      "color": "b"
    },
    {
      "square": "f1",
      "type": "r",
      "color": "w"
    },
    {
      "square": "g1",
      "type": "k",
      "color": "w"
    }
  ]
}