{
  "event": "Qatar Masters",
  "site": "Doha QAT",
  "date": "2014.11.30",
  "eventDate": "2014.11.26",
  "dateMillis": 1417276800000,
  "eventDateMillis": 1416931200000,
  "round": "5.17",
  "result": "1-0",
  "white": "Ding Liren",
  "black": "Surya Shekhar Ganguly",
  "isDingWin": true,
  "isDraw": false,
  "isDingBlack": false,
  "moves": [
    "Bc4",
    "e4",
    "Bd3",
    "f3",
    "h5",
    "Kg2",
    "Kg7",
    "e5",
    "Bc4",
    "Qc6",
    "Kg8",
    "f4",
    "Be7",
    "Kf3",
    "Bf8",
    "Ke3",
    "Be7",
    "Kd4",
    "Bf8",
    "Qd7",
    "Ba3",
    "f5",
    "gxf5",
    "Qxf5",
    "Be6",
    "Qg5+",
    "Kf8",
    "Qxh5",
    "b4",
    "Qh8+",
    "Ke7",
    "Qb8",
    "Bb2+",
    "Kc5",
    "b3",
    "Qd6+",
    "Ke8",
    "Kb6"
  ],
  "statePieceCount": 13,
  "endPieceCount": 10,
  "boardState": [
    {
      "square": "f8",
      "type": "b",
      "color": "b"
    },
    {
      "square": "g8",
      "type": "k",
      "color": "b"
    },
    {
      "square": "f7",
      "type": "p",
      "color": "b"
    },
    {
      "square": "h7",
      "type": "p",
      "color": "b"
    },
    {
      "square": "a6",
      "type": "q",
      "color": "w"
    },
    {
      "square": "g6",
      "type": "p",
      "color": "b"
    },
    {
      "square": "b5",
      "type": "p",
      "color": "b"
    },
    {
      "square": "e3",
      "type": "p",
      "color": "w"
    },
    {
      "square": "g3",
      "type": "p",
      "color": "w"
    },
    {
      "square": "a2",
      "type": "b",
      "color": "b"
    },
    {
      "square": "f2",
      "type": "p",
      "color": "w"
    },
    {
      "square": "h2",
      "type": "p",
      "color": "w"
    },
    {
      "square": "g1",
      "type": "k",
      "color": "w"
    }
  ]
}