{
  "event": "FIDE World Team Championship",
  "site": "Tsaghkadzor ARM",
  "date": "2015.04.26",
  "eventDate": "2015.04.19",
  "dateMillis": 1429977600000,
  "eventDateMillis": 1429372800000,
  "round": "7.1",
  "result": "1/2-1/2",
  "white": "Ding Liren",
  "black": "Ruslan Ponomariov",
  "isDingWin": false,
  "isDraw": true,
  "isDingBlack": false,
  "moves": [
    "Rxe4",
    "Re8+",
    "Kh7",
    "e6",
    "Bf6",
    "e7"
  ],
  "statePieceCount": 13,
  "endPieceCount": 12,
  "boardState": [
    {
      "square": "h8",
      "type": "k",
      "color": "b"
    },
    {
      "square": "g7",
      "type": "p",
      "color": "b"
    },
    {
      "square": "e6",
      "type": "r",
      "color": "w"
    },
    {
      "square": "h6",
      "type": "p",
      "color": "b"
    },
    {
      "square": "c5",
      "type": "b",
      "color": "w"
    },
    {
      "square": "e5",
      "type": "p",
      "color": "w"
    },
    {
      "square": "h5",
      "type": "p",
      "color": "w"
    },
    {
      "square": "e4",
      "type": "p",
      "color": "w"
    },
    {
      "square": "f4",
      "type": "r",
      "color": "b"
    },
    {
      "square": "g4",
      "type": "p",
      "color": "b"
    },
    {
      "square": "b3",
      "type": "p",
      "color": "w"
    },
    {
      "square": "c3",
      "type": "b",
      "color": "b"
    },
    {
      "square": "g2",
      "type": "k",
      "color": "w"
    }
  ]
}