{
  "event": "FIDE World Team Championship",
  "site": "Tsaghkadzor ARM",
  "date": "2015.04.19",
  "eventDate": "2015.04.19",
  "dateMillis": 1429372800000,
  "eventDateMillis": 1429372800000,
  "round": "1.2",
  "result": "1-0",
  "white": "Ding Liren",
  "black": "Samuel Shankland",
  "isDingWin": true,
  "isDraw": false,
  "isDingBlack": false,
  "moves": [
    "Qe4",
    "Kg3",
    "Qd3+",
    "f3",
    "Qe3",
    "Qb1",
    "Kf6",
    "Qg6+",
    "Ke7",
    "Qg7+",
    "Ke8",
    "Qg8+",
    "Ke7",
    "Qg7+",
    "Ke8",
    "Qe5",
    "Qg1+",
    "Kh3",
    "Qh1+",
    "Kg3",
    "Qg1+",
    "Kf4",
    "Qh2+",
    "Ke3",
    "Qg1+",
    "Kd2",
    "Qf2+",
    "Kc3",
    "Qxf3+",
    "Kb4",
    "Qxg4",
    "Ka5",
    "Qf5",
    "Qc7",
    "Qxh5",
    "Qxc6+",
    "Ke7",
    "Qd6+",
    "Kf6",
    "c6"
  ],
  "statePieceCount": 13,
  "endPieceCount": 9,
  "boardState": [
    {
      "square": "g7",
      "type": "k",
      "color": "b"
    },
    {
      "square": "c6",
      "type": "p",
      "color": "b"
    },
    {
      "square": "e6",
      "type": "p",
      "color": "b"
    },
    {
      "square": "h6",
      "type": "p",
      "color": "b"
    },
    {
      "square": "c5",
      "type": "p",
      "color": "w"
    },
    {
      "square": "d5",
      "type": "p",
      "color": "b"
    },
    {
      "square": "h5",
      "type": "p",
      "color": "w"
    },
    {
      "square": "b4",
      "type": "q",
      "color": "w"
    },
    {
      "square": "d4",
      "type": "p",
      "color": "w"
    },
    {
      "square": "g4",
      "type": "p",
      "color": "w"
    },
    {
      "square": "h4",
      "type": "k",
      "color": "w"
    },
    {
      "square": "d3",
      "type": "q",
      "color": "b"
    },
    {
      "square": "f2",
      "type": "p",
      "color": "w"
    }
  ]
}