{
  "event": "Chinese Championship",
  "site": "Xinghua CHN",
  "date": "2015.05.29",
  "eventDate": "2015.05.18",
  "dateMillis": 1432828800000,
  "eventDateMillis": 1431878400000,
  "round": "11.3",
  "result": "1-0",
  "white": "Ding Liren",
  "black": "Wang Chen",
  "isDingWin": true,
  "isDraw": false,
  "isDingBlack": false,
  "moves": [
    "Nxc5",
    "bxc5",
    "a5",
    "e4",
    "Bh3",
    "Bc6+",
    "Kd8",
    "f4",
    "Bd7",
    "Bd5",
    "a4",
    "Kf2",
    "a3",
    "Ke3",
    "Bc6",
    "Ba2"
  ],
  "statePieceCount": 13,
  "endPieceCount": 11,
  "boardState": [
    {
      "square": "e8",
      "type": "k",
      "color": "b"
    },
    {
      "square": "b7",
      "type": "b",
      "color": "w"
    },
    {
      "square": "h7",
      "type": "p",
      "color": "b"
    },
    {
      "square": "a6",
      "type": "p",
      "color": "b"
    },
    {
      "square": "g6",
      "type": "p",
      "color": "b"
    },
    {
      "square": "c5",
      "type": "b",
      "color": "w"
    },
    {
      "square": "f5",
      "type": "b",
      "color": "b"
    },
    {
      "square": "g5",
      "type": "p",
      "color": "w"
    },
    {
      "square": "a4",
      "type": "n",
      "color": "b"
    },
    {
      "square": "b4",
      "type": "p",
      "color": "w"
    },
    {
      "square": "e2",
      "type": "p",
      "color": "w"
    },
    {
      "square": "f2",
      "type": "p",
      "color": "w"
    },
    {
      "square": "g1",
      "type": "k",
      "color": "w"
    }
  ]
}