{
  "event": "Ding Liren - Gelfand",
  "site": "Wenzhou CHN",
  "date": "2015.07.18",
  "eventDate": "2015.07.16",
  "dateMillis": 1437148800000,
  "eventDateMillis": 1436976000000,
  "round": "3",
  "result": "0-1",
  "white": "Boris Gelfand",
  "black": "Ding Liren",
  "isDingWin": true,
  "isDraw": false,
  "isDingBlack": true,
  "moves": [
    "b3",
    "Nc6+",
    "Rxc6",
    "Qxc6",
    "Rd2",
    "Qc7+",
    "Kf8",
    "Qc8+",
    "Kf7",
    "Qc7+",
    "Kg8",
    "Qb8+",
    "Kg7",
    "Qg3",
    "Rc2",
    "Qe3",
    "b2",
    "Qa7+",
    "Kh6",
    "Qe3+",
    "Kh5",
    "Kg2",
    "e5",
    "Qa7",
    "Kh6",
    "Qe3+",
    "Qf4",
    "Qxf4+",
    "exf4",
    "Rb1",
    "Kh5",
    "Kf3",
    "Kxh4",
    "Rh1+",
    "Kg5",
    "Rb1",
    "Rd2"
  ],
  "statePieceCount": 13,
  "endPieceCount": 8,
  "boardState": [
    {
      "square": "d8",
      "type": "r",
      "color": "b"
    },
    {
      "square": "e7",
      "type": "k",
      "color": "b"
    },
    {
      "square": "b6",
      "type": "r",
      "color": "b"
    },
    {
      "square": "e6",
      "type": "p",
      "color": "b"
    },
    {
      "square": "g6",
      "type": "p",
      "color": "b"
    },
    {
      "square": "e5",
      "type": "n",
      "color": "w"
    },
    {
      "square": "f5",
      "type": "q",
      "color": "b"
    },
    {
      "square": "b4",
      "type": "p",
      "color": "b"
    },
    {
      "square": "h4",
      "type": "p",
      "color": "w"
    },
    {
      "square": "f2",
      "type": "p",
      "color": "w"
    },
    {
      "square": "g2",
      "type": "q",
      "color": "w"
    },
    {
      "square": "e1",
      "type": "r",
      "color": "w"
    },
    {
      "square": "g1",
      "type": "k",
      "color": "w"
    }
  ]
}