{
  "event": "World Cup",
  "site": "Baku AZE",
  "date": "2015.09.21",
  "eventDate": "2015.09.11",
  "dateMillis": 1442764800000,
  "eventDateMillis": 1441900800000,
  "round": "4.2",
  "result": "1-0",
  "white": "Wei Yi",
  "black": "Ding Liren",
  "isDingWin": false,
  "isDraw": false,
  "isDingBlack": true,
  "moves": [
    "Rf3",
    "Re7",
    "Rf4",
    "Qg6",
    "Rf6",
    "Qg5",
    "Qf2",
    "Kg7",
    "Rxd6",
    "h4",
    "Kh3",
    "hxg3",
    "Qf5",
    "Qxf5+",
    "exf5",
    "Re4",
    "Rg6+",
    "Kf7",
    "Rxg3",
    "Rxb4",
    "Rd3",
    "Rc4",
    "d6",
    "Rc8",
    "Kg4",
    "Kf6",
    "Kf4",
    "b4",
    "Ke4",
    "Rb8",
    "Kd5",
    "b3",
    "d7",
    "b2",
    "Rb3",
    "Rxb3",
    "d8=Q+",
    "Kxf5",
    "Qd7+",
    "Kg5",
    "Qe7+",
    "Kg4",
    "Qe4+",
    "Kg3",
    "Qg6+",
    "Kh4",
    "Qb1",
    "Kg5",
    "Kc4",
    "Rb8",
    "Qg1+",
    "Kf5",
    "Qc5+",
    "Kg4",
    "Qd4+",
    "Kf3",
    "Qf6+",
    "Ke4",
    "Qe6+",
    "Kf3",
    "Qf5+"
  ],
  "statePieceCount": 13,
  "endPieceCount": 5,
  "boardState": [
    {
      "square": "h7",
      "type": "k",
      "color": "b"
    },
    {
      "square": "d6",
      "type": "p",
      "color": "b"
    },
    {
      "square": "b5",
      "type": "p",
      "color": "b"
    },
    {
      "square": "d5",
      "type": "p",
      "color": "w"
    },
    {
      "square": "e5",
      "type": "r",
      "color": "b"
    },
    {
      "square": "g5",
      "type": "q",
      "color": "b"
    },
    {
      "square": "h5",
      "type": "p",
      "color": "b"
    },
    {
      "square": "b4",
      "type": "p",
      "color": "w"
    },
    {
      "square": "d4",
      "type": "q",
      "color": "w"
    },
    {
      "square": "e4",
      "type": "p",
      "color": "w"
    },
    {
      "square": "e3",
      "type": "r",
      "color": "w"
    },
    {
      "square": "g3",
      "type": "p",
      "color": "w"
    },
    {
      "square": "h2",
      "type": "k",
      "color": "w"
    }
  ]
}