{
  "event": "World Cup",
  "site": "Baku AZE",
  "date": "2015.09.15",
  "eventDate": "2015.09.11",
  "dateMillis": 1442246400000,
  "eventDateMillis": 1441900800000,
  "round": "2.2",
  "result": "1/2-1/2",
  "white": "Ernesto Inarkiev",
  "black": "Ding Liren",
  "isDingWin": false,
  "isDraw": true,
  "isDingBlack": true,
  "moves": [
    "exf4",
    "h4",
    "h6",
    "Rb7+",
    "Kg8",
    "Rc7",
    "Ra1",
    "h5",
    "Ra5",
    "e4",
    "fxe3+",
    "Kxe3",
    "f5",
    "Kd4",
    "fxg4",
    "fxg4",
    "Ra4+",
    "Rc4",
    "Ra5",
    "Ke4",
    "Kf7",
    "Rc7+",
    "Kf6",
    "Rc6+",
    "Kg7",
    "Rg6+",
    "Kh7",
    "Rd6",
    "Kg7",
    "Rd4",
    "Kf6",
    "Rb4",
    "Ra6",
    "Rc4",
    "Ke6",
    "Rd4",
    "Ra1",
    "Rb4",
    "Re1+",
    "Kf3",
    "Rf1+",
    "Ke3",
    "Re1+",
    "Kf2",
    "Rd1",
    "Ke2",
    "Rd5",
    "Ke3",
    "Re5+",
    "Kf3",
    "Ra5",
    "Re4+",
    "Re5",
    "Ra4",
    "Rb5",
    "Ra3",
    "Rb4",
    "Re3+",
    "Kf6",
    "Re4",
    "Rxe4",
    "Kxe4"
  ],
  "statePieceCount": 13,
  "endPieceCount": 6,
  "boardState": [
    {
      "square": "b8",
      "type": "r",
      "color": "w"
    },
    {
      "square": "f7",
      "type": "k",
      "color": "b"
    },
    {
      "square": "h7",
      "type": "p",
      "color": "b"
    },
    {
      "square": "f6",
      "type": "p",
      "color": "b"
    },
    {
      "square": "e5",
      "type": "p",
      "color": "b"
    },
    {
      "square": "g5",
      "type": "p",
      "color": "b"
    },
    {
      "square": "f4",
      "type": "b",
      "color": "w"
    },
    {
      "square": "g4",
      "type": "p",
      "color": "w"
    },
    {
      "square": "f3",
      "type": "p",
      "color": "w"
    },
    {
      "square": "a2",
      "type": "r",
      "color": "b"
    },
    {
      "square": "e2",
      "type": "p",
      "color": "w"
    },
    {
      "square": "f2",
      "type": "k",
      "color": "w"
    },
    {
      "square": "h2",
      "type": "p",
      "color": "w"
    }
  ]
}