{
  "event": "Bilbao Masters",
  "site": "Bilbao ESP",
  "date": "2015.10.26",
  "eventDate": "2015.10.26",
  "dateMillis": 1445788800000,
  "eventDateMillis": 1445788800000,
  "round": "1.1",
  "result": "1-0",
  "white": "Wesley So",
  "black": "Ding Liren",
  "isDingWin": false,
  "isDraw": false,
  "isDingBlack": true,
  "moves": [
    "Qf2+",
    "Kxh3",
    "Qf1+",
    "Kg4",
    "Qc4+",
    "Bf4",
    "Qe2+",
    "Nf3"
  ],
  "statePieceCount": 13,
  "endPieceCount": 12,
  "boardState": [
    {
      "square": "f7",
      "type": "p",
      "color": "w"
    },
    {
      "square": "h7",
      "type": "k",
      "color": "b"
    },
    {
      "square": "a6",
      "type": "p",
      "color": "b"
    },
    {
      "square": "d6",
      "type": "b",
      "color": "w"
    },
    {
      "square": "h6",
      "type": "n",
      "color": "w"
    },
    {
      "square": "b5",
      "type": "p",
      "color": "b"
    },
    {
      "square": "d5",
      "type": "p",
      "color": "w"
    },
    {
      "square": "h4",
      "type": "n",
      "color": "w"
    },
    {
      "square": "g3",
      "type": "p",
      "color": "w"
    },
    {
      "square": "h3",
      "type": "p",
      "color": "b"
    },
    {
      "square": "a2",
      "type": "p",
      "color": "w"
    },
    {
      "square": "h2",
      "type": "k",
      "color": "w"
    },
    {
      "square": "e1",
      "type": "q",
      "color": "b"
    }
  ]
}