{
  "event": "IMSA Elite Mind Games (Rapid)",
  "site": "Huai'an CHN",
  "date": "2016.02.27",
  "eventDate": "2016.02.26",
  "dateMillis": 1456502400000,
  "eventDateMillis": 1456416000000,
  "round": "5.3",
  "result": "0-1",
  "white": "Ding Liren",
  "black": "Shakhriyar Mamedyarov",
  "isDingWin": false,
  "isDraw": false,
  "isDingBlack": false,
  "moves": [
    "Rc8+",
    "Kh7",
    "Rb8",
    "Nc4",
    "Kf2",
    "Rb3",
    "Nc5",
    "Rb2+",
    "Kf3",
    "a3",
    "Ra8",
    "a2",
    "Nd3",
    "Rb3",
    "Nc1",
    "Rxe3+",
    "Kf2",
    "Rc3",
    "Nxa2",
    "Rc2+",
    "Kf3",
    "b5",
    "Nb4",
    "Rb2",
    "Nd5",
    "b4",
    "Rc8",
    "Rc2",
    "Rb8",
    "b3",
    "Ke4",
    "b2",
    "Kd3",
    "Na3"
  ],
  "statePieceCount": 13,
  "endPieceCount": 11,
  "boardState": [
    {
      "square": "g8",
      "type": "k",
      "color": "b"
    },
    {
      "square": "b7",
      "type": "p",
      "color": "b"
    },
    {
      "square": "g7",
      "type": "p",
      "color": "b"
    },
    {
      "square": "h6",
      "type": "p",
      "color": "b"
    },
    {
      "square": "a4",
      "type": "p",
      "color": "b"
    },
    {
      "square": "e4",
      "type": "n",
      "color": "w"
    },
    {
      "square": "a3",
      "type": "r",
      "color": "b"
    },
    {
      "square": "e3",
      "type": "p",
      "color": "w"
    },
    {
      "square": "f3",
      "type": "k",
      "color": "w"
    },
    {
      "square": "g3",
      "type": "p",
      "color": "w"
    },
    {
      "square": "h3",
      "type": "p",
      "color": "w"
    },
    {
      "square": "b2",
      "type": "n",
      "color": "b"
    },
    {
      "square": "c1",
      "type": "r",
      "color": "w"
    }
  ]
}