{
  "event": "Sinquefield Cup",
  "site": "Saint Louis, MO USA",
  "date": "2016.08.12",
  "eventDate": "2016.08.05",
  "dateMillis": 1470931200000,
  "eventDateMillis": 1470326400000,
  "round": "7.5",
  "result": "1/2-1/2",
  "white": "Fabiano Caruana",
  "black": "Ding Liren",
  "isDingWin": false,
  "isDraw": true,
  "isDingBlack": true,
  "moves": [
    "Bf4",
    "Kb5",
    "Nh3",
    "b4",
    "Nxg5",
    "Ka6",
    "Nxf3",
    "Nxf3",
    "g5",
    "b5",
    "g4",
    "b6+",
    "Kb8",
    "Nh4",
    "g3",
    "Nf5",
    "g2",
    "Ne7",
    "g1=Q",
    "Nc6+",
    "Kc8",
    "b7+",
    "Kd7",
    "b8=Q",
    "Qf1+",
    "Kb7",
    "Qb5+",
    "Ka8",
    "Qa4+",
    "Qa7+",
    "Qxa7+",
    "Nxa7",
    "Kc7",
    "Nb5+",
    "Kb6",
    "Nxd6",
    "Kc5",
    "Nf5",
    "Bg5",
    "Kb7",
    "Kc4",
    "d6",
    "Kd3",
    "Ng3",
    "Ke3",
    "d7",
    "Kf3",
    "Nh5",
    "Kxe4",
    "Kc6",
    "Kf3",
    "Ng7",
    "e4",
    "Nf5"
  ],
  "statePieceCount": 13,
  "endPieceCount": 6,
  "boardState": [
    {
      "square": "c7",
      "type": "k",
      "color": "b"
    },
    {
      "square": "d6",
      "type": "p",
      "color": "b"
    },
    {
      "square": "g6",
      "type": "p",
      "color": "b"
    },
    {
      "square": "d5",
      "type": "p",
      "color": "w"
    },
    {
      "square": "e5",
      "type": "p",
      "color": "b"
    },
    {
      "square": "g5",
      "type": "p",
      "color": "w"
    },
    {
      "square": "b4",
      "type": "k",
      "color": "w"
    },
    {
      "square": "e4",
      "type": "p",
      "color": "w"
    },
    {
      "square": "b3",
      "type": "p",
      "color": "w"
    },
    {
      "square": "f3",
      "type": "n",
      "color": "w"
    },
    {
      "square": "g3",
      "type": "b",
      "color": "b"
    },
    {
      "square": "d2",
      "type": "n",
      "color": "w"
    },
    {
      "square": "f2",
      "type": "n",
      "color": "b"
    }
  ]
}