{
  "event": "Chess Olympiad",
  "site": "Baku AZE",
  "date": "2016.09.04",
  "eventDate": "2016.09.02",
  "dateMillis": 1472918400000,
  "eventDateMillis": 1472745600000,
  "round": "3.9",
  "result": "1/2-1/2",
  "white": "Ding Liren",
  "black": "Rafael Duailibe Leitao",
  "isDingWin": false,
  "isDraw": true,
  "isDingBlack": false,
  "moves": [
    "Kxg5",
    "Rc1",
    "h4",
    "Bc6",
    "b3",
    "Be4",
    "b2",
    "Rc5",
    "f3+",
    "gxf3",
    "Kf4",
    "Rb5",
    "h3",
    "Rxb2",
    "Nxf3",
    "Rb7",
    "Kxe4",
    "Rxg7",
    "Nd4+",
    "Kf2",
    "Kd3",
    "Rh7",
    "Kc4",
    "Rh4",
    "h2",
    "Ke3",
    "h1=Q",
    "Rxh1",
    "Ne6",
    "Rc1+",
    "Kb4",
    "Rb1+",
    "Kc4",
    "Rb5",
    "Nc5",
    "Rxa5",
    "Kb4",
    "Rb5+",
    "Kc4",
    "Ra5",
    "Kb4",
    "Ra8",
    "Nxa4",
    "Kd4",
    "Kb5",
    "Rxa4"
  ],
  "statePieceCount": 13,
  "endPieceCount": 3,
  "boardState": [
    {
      "square": "g7",
      "type": "b",
      "color": "b"
    },
    {
      "square": "h6",
      "type": "k",
      "color": "b"
    },
    {
      "square": "a5",
      "type": "p",
      "color": "b"
    },
    {
      "square": "b5",
      "type": "b",
      "color": "w"
    },
    {
      "square": "e5",
      "type": "n",
      "color": "b"
    },
    {
      "square": "g5",
      "type": "p",
      "color": "w"
    },
    {
      "square": "h5",
      "type": "p",
      "color": "b"
    },
    {
      "square": "a4",
      "type": "p",
      "color": "w"
    },
    {
      "square": "b4",
      "type": "p",
      "color": "b"
    },
    {
      "square": "f4",
      "type": "p",
      "color": "b"
    },
    {
      "square": "e2",
      "type": "k",
      "color": "w"
    },
    {
      "square": "g2",
      "type": "p",
      "color": "w"
    },
    {
      "square": "f1",
      "type": "r",
      "color": "w"
    }
  ]
}