{
  "event": "Chess Olympiad",
  "site": "Baku AZE",
  "date": "2016.09.10",
  "eventDate": "2016.09.02",
  "dateMillis": 1473436800000,
  "eventDateMillis": 1472745600000,
  "round": "8.10",
  "result": "1/2-1/2",
  "white": "Ding Liren",
  "black": "Richard Rapport",
  "isDingWin": false,
  "isDraw": true,
  "isDingBlack": false,
  "moves": [
    "Nxc5",
    "Nf4",
    "b4+",
    "Kb6",
    "Ne4",
    "Nd7",
    "Kg4",
    "Nd3",
    "Kf5",
    "Kc6",
    "Ne3",
    "Nf4",
    "Ng4",
    "Nd3",
    "Nh6",
    "Nf4",
    "Ng8",
    "Nd5",
    "Ke6",
    "Nf4+",
    "Kf5",
    "Nd5",
    "Ke6",
    "Nf4+",
    "Kf7",
    "Nb6",
    "Kf6",
    "Nd7+",
    "Ke7",
    "Nb6",
    "Kd8",
    "Nbd5",
    "Ne7+",
    "Nxe7",
    "Kxe7",
    "Kd5",
    "Nf6+",
    "Kc6",
    "Ne4",
    "Kd5",
    "f3",
    "Kc6",
    "Kf6",
    "Kd5",
    "Ke7",
    "Kc6",
    "Kf6",
    "Kd5",
    "Kf7",
    "Kc6",
    "Ke7",
    "Ne2",
    "Ke6",
    "Ng1",
    "Nd2",
    "Ne2",
    "Ne4",
    "Ng1",
    "Nd2"
  ],
  "statePieceCount": 13,
  "endPieceCount": 10,
  "boardState": [
    {
      "square": "e6",
      "type": "n",
      "color": "w"
    },
    {
      "square": "f6",
      "type": "n",
      "color": "b"
    },
    {
      "square": "g6",
      "type": "n",
      "color": "b"
    },
    {
      "square": "a5",
      "type": "k",
      "color": "b"
    },
    {
      "square": "b5",
      "type": "p",
      "color": "b"
    },
    {
      "square": "c5",
      "type": "b",
      "color": "b"
    },
    {
      "square": "e5",
      "type": "p",
      "color": "b"
    },
    {
      "square": "c4",
      "type": "p",
      "color": "b"
    },
    {
      "square": "c3",
      "type": "p",
      "color": "w"
    },
    {
      "square": "f3",
      "type": "k",
      "color": "w"
    },
    {
      "square": "b2",
      "type": "p",
      "color": "w"
    },
    {
      "square": "c2",
      "type": "n",
      "color": "w"
    },
    {
      "square": "f2",
      "type": "p",
      "color": "w"
    }
  ]
}