{
  "event": "Chess Olympiad",
  "site": "Baku AZE",
  "date": "2016.09.13",
  "eventDate": "2016.09.02",
  "dateMillis": 1473696000000,
  "eventDateMillis": 1472745600000,
  "round": "11.11",
  "result": "1-0",
  "white": "Ding Liren",
  "black": "Ngoc Truongson Nguyen",
  "isDingWin": true,
  "isDraw": false,
  "isDingBlack": false,
  "moves": [
    "fxe3",
    "fxe3",
    "Nd6",
    "b3",
    "a5",
    "Kg3",
    "Nb5",
    "Bg4+",
    "Kf6",
    "d5",
    "Nd6",
    "Kf4",
    "Nb7",
    "h5",
    "b5",
    "Bd7",
    "b4",
    "Bc6",
    "Nc5",
    "d6"
  ],
  "statePieceCount": 13,
  "endPieceCount": 11,
  "boardState": [
    {
      "square": "a7",
      "type": "p",
      "color": "b"
    },
    {
      "square": "b6",
      "type": "p",
      "color": "b"
    },
    {
      "square": "b5",
      "type": "n",
      "color": "b"
    },
    {
      "square": "f5",
      "type": "k",
      "color": "b"
    },
    {
      "square": "h5",
      "type": "b",
      "color": "w"
    },
    {
      "square": "d4",
      "type": "p",
      "color": "w"
    },
    {
      "square": "e4",
      "type": "p",
      "color": "b"
    },
    {
      "square": "f4",
      "type": "p",
      "color": "b"
    },
    {
      "square": "h4",
      "type": "p",
      "color": "w"
    },
    {
      "square": "e3",
      "type": "p",
      "color": "w"
    },
    {
      "square": "h3",
      "type": "k",
      "color": "w"
    },
    {
      "square": "b2",
      "type": "p",
      "color": "w"
    },
    {
      "square": "f2",
      "type": "p",
      "color": "w"
    }
  ]
}