{
  "event": "Maotai Prince Cup Kings",
  "site": "Jinzhou",
  "date": "2009.09.22",
  "dateMillis": 1253548800000,
  "eventDateMillis": null,
  "round": "5",
  "result": "0-1",
  "white": "Ding Liren",
  "black": "Zhang Pengxiang",
  "isDingWin": false,
  "isDraw": false,
  "isDingBlack": false,
  "moves": [
    "Ne4+",
    "Kf4",
    "Nxc3",
    "Rd2",
    "Ne4",
    "Rc2",
    "Kg1",
    "Bb7",
    "b4",
    "Ra2",
    "Re1",
    "Bxe4",
    "Rxe4+",
    "Kg3",
    "Re1",
    "Rb2",
    "g5",
    "e5",
    "Ra1",
    "Rxb4",
    "Kf1",
    "Kxf3",
    "Ra3+",
    "Kf4",
    "g6",
    "Rb1+",
    "Kf2",
    "Rb2+",
    "Kf1",
    "fxg6",
    "Rxa6",
    "g5",
    "Rf6+",
    "Ke4",
    "Rg6",
    "g4",
    "Rf6",
    "Ke3",
    "Rf8",
    "e4",
    "Kg1",
    "Rd2",
    "Rf7",
    "Kd3",
    "Rd7+",
    "Ke2",
    "Rf7",
    "e3",
    "Rf4",
    "Kd3"
  ],
  "statePieceCount": 13,
  "endPieceCount": 6,
  "boardState": [
    {
      "square": "c8",
      "type": "b",
      "color": "b"
    },
    {
      "square": "e7",
      "type": "p",
      "color": "b"
    },
    {
      "square": "f7",
      "type": "p",
      "color": "b"
    },
    {
      "square": "a6",
      "type": "p",
      "color": "b"
    },
    {
      "square": "g5",
      "type": "k",
      "color": "b"
    },
    {
      "square": "g4",
      "type": "p",
      "color": "w"
    },
    {
      "square": "b3",
      "type": "p",
      "color": "w"
    },
    {
      "square": "c3",
      "type": "b",
      "color": "b"
    },
    {
      "square": "f3",
      "type": "p",
      "color": "w"
    },
    {
      "square": "g3",
      "type": "n",
      "color": "w"
    },
    {
      "square": "a2",
      "type": "r",
      "color": "b"
    },
    {
      "square": "f1",
      "type": "r",
      "color": "w"
    },
    {
      "square": "h1",
      "type": "k",
      "color": "w"
    }
  ]
}