{
  "event": "World Cup",
  "site": "Tbilisi GEO",
  "date": "2017.09.21",
  "eventDate": "2017.09.03",
  "dateMillis": 1505923200000,
  "eventDateMillis": 1504368000000,
  "round": "6.3",
  "result": "1/2-1/2",
  "white": "Wesley So",
  "black": "Ding Liren",
  "isDingWin": false,
  "isDraw": true,
  "isDingBlack": true,
  "moves": [
    "Rd1",
    "Rxa5",
    "Nc7",
    "Rxa7",
    "Nxe6+",
    "Ke7",
    "Nxd8",
    "Bb5",
    "Rb1",
    "Bd7",
    "Nb7",
    "Ra2",
    "Nc5",
    "Bc6",
    "Nd3",
    "Rg2+",
    "Kf1",
    "f3",
    "Rb6",
    "Bd5",
    "Rb4",
    "Rxh2",
    "Ne1",
    "Ke6",
    "Rf4",
    "Rh1+",
    "Kf2",
    "Rh2+",
    "Kg3",
    "Re2",
    "Nxf3",
    "Re3",
    "Kf2",
    "Rxf3+",
    "Rxf3",
    "Ke5"
  ],
  "statePieceCount": 13,
  "endPieceCount": 5,
  "boardState": [
    {
      "square": "d8",
      "type": "r",
      "color": "b"
    },
    {
      "square": "f8",
      "type": "k",
      "color": "b"
    },
    {
      "square": "a7",
      "type": "r",
      "color": "w"
    },
    {
      "square": "h7",
      "type": "p",
      "color": "b"
    },
    {
      "square": "a6",
      "type": "n",
      "color": "w"
    },
    {
      "square": "e6",
      "type": "p",
      "color": "b"
    },
    {
      "square": "a5",
      "type": "p",
      "color": "w"
    },
    {
      "square": "e5",
      "type": "r",
      "color": "b"
    },
    {
      "square": "f4",
      "type": "p",
      "color": "b"
    },
    {
      "square": "d3",
      "type": "b",
      "color": "b"
    },
    {
      "square": "h2",
      "type": "p",
      "color": "w"
    },
    {
      "square": "c1",
      "type": "r",
      "color": "w"
    },
    {
      "square": "g1",
      "type": "k",
      "color": "w"
    }
  ]
}