{
  "event": "World Cup",
  "site": "Tbilisi GEO",
  "date": "2017.09.20",
  "eventDate": "2017.09.03",
  "dateMillis": 1505836800000,
  "eventDateMillis": 1504368000000,
  "round": "6.2",
  "result": "1/2-1/2",
  "white": "Ding Liren",
  "black": "Wesley So",
  "isDingWin": false,
  "isDraw": true,
  "isDingBlack": false,
  "moves": [
    "Rc4+",
    "Rd4",
    "Rc7",
    "Rc5",
    "Rxc5",
    "bxc5",
    "Rc2",
    "f5",
    "exf5+",
    "Kxf5",
    "Rxc5",
    "Rd6",
    "Rc1",
    "Rxh6",
    "Rf1+",
    "Ke4",
    "f6",
    "exf6+",
    "Rxf6",
    "Rxf6",
    "Kxf6",
    "h4",
    "Kg6",
    "h5+",
    "Kxh5"
  ],
  "statePieceCount": 13,
  "endPieceCount": 2,
  "boardState": [
    {
      "square": "c7",
      "type": "r",
      "color": "b"
    },
    {
      "square": "e7",
      "type": "k",
      "color": "b"
    },
    {
      "square": "f7",
      "type": "p",
      "color": "b"
    },
    {
      "square": "e6",
      "type": "p",
      "color": "b"
    },
    {
      "square": "h6",
      "type": "p",
      "color": "b"
    },
    {
      "square": "b5",
      "type": "r",
      "color": "w"
    },
    {
      "square": "e5",
      "type": "p",
      "color": "w"
    },
    {
      "square": "b4",
      "type": "p",
      "color": "w"
    },
    {
      "square": "e4",
      "type": "k",
      "color": "w"
    },
    {
      "square": "f4",
      "type": "p",
      "color": "w"
    },
    {
      "square": "d3",
      "type": "r",
      "color": "w"
    },
    {
      "square": "h3",
      "type": "p",
      "color": "w"
    },
    {
      "square": "h2",
      "type": "r",
      "color": "b"
    }
  ]
}