{
  "event": "Champions Showdown: Carlsen - Ding (Blitz G/10)",
  "site": "St. Louis, MO USA",
  "date": "2017.11.13",
  "eventDate": "2017.11.13",
  "dateMillis": 1510502400000,
  "eventDateMillis": 1510502400000,
  "round": "8",
  "result": "0-1",
  "white": "Ding Liren",
  "black": "Magnus Carlsen",
  "isDingWin": false,
  "isDraw": false,
  "isDingBlack": false,
  "moves": [
    "Nxc3",
    "Rxc3",
    "Rb1+",
    "Kh2",
    "Rf1",
    "Rc2",
    "Kf5",
    "Rb2",
    "Ke4",
    "Ra2",
    "Kf3",
    "e4",
    "Kxe4",
    "Re2+",
    "Kd3",
    "Re3+",
    "Kc4"
  ],
  "statePieceCount": 13,
  "endPieceCount": 10,
  "boardState": [
    {
      "square": "b6",
      "type": "r",
      "color": "b"
    },
    {
      "square": "e6",
      "type": "k",
      "color": "b"
    },
    {
      "square": "d5",
      "type": "p",
      "color": "b"
    },
    {
      "square": "g5",
      "type": "p",
      "color": "b"
    },
    {
      "square": "e4",
      "type": "n",
      "color": "b"
    },
    {
      "square": "g4",
      "type": "p",
      "color": "b"
    },
    {
      "square": "c3",
      "type": "r",
      "color": "w"
    },
    {
      "square": "e3",
      "type": "p",
      "color": "w"
    },
    {
      "square": "g3",
      "type": "p",
      "color": "w"
    },
    {
      "square": "h3",
      "type": "p",
      "color": "b"
    },
    {
      "square": "f2",
      "type": "p",
      "color": "w"
    },
    {
      "square": "c1",
      "type": "r",
      "color": "w"
    },
    {
      "square": "g1",
      "type": "k",
      "color": "w"
    }
  ]
}