{
  "event": "FIDE Grand Prix Mallorca",
  "site": "Palma de Mallorca ESP",
  "date": "2017.11.19",
  "eventDate": "2017.11.16",
  "dateMillis": 1511020800000,
  "eventDateMillis": 1510761600000,
  "round": "4.4",
  "result": "0-1",
  "white": "Ernesto Inarkiev",
  "black": "Ding Liren",
  "isDingWin": true,
  "isDraw": false,
  "isDingBlack": true,
  "moves": [
    "Rd3",
    "Kf6",
    "Bxa6",
    "Qg2+",
    "Rf3",
    "Ke6"
  ],
  "statePieceCount": 13,
  "endPieceCount": 12,
  "boardState": [
    {
      "square": "g7",
      "type": "k",
      "color": "b"
    },
    {
      "square": "h7",
      "type": "p",
      "color": "b"
    },
    {
      "square": "a6",
      "type": "p",
      "color": "b"
    },
    {
      "square": "c5",
      "type": "p",
      "color": "b"
    },
    {
      "square": "e5",
      "type": "p",
      "color": "b"
    },
    {
      "square": "a4",
      "type": "p",
      "color": "w"
    },
    {
      "square": "b4",
      "type": "p",
      "color": "b"
    },
    {
      "square": "c4",
      "type": "b",
      "color": "w"
    },
    {
      "square": "e4",
      "type": "k",
      "color": "w"
    },
    {
      "square": "f4",
      "type": "p",
      "color": "b"
    },
    {
      "square": "b3",
      "type": "p",
      "color": "w"
    },
    {
      "square": "c2",
      "type": "q",
      "color": "b"
    },
    {
      "square": "d1",
      "type": "r",
      "color": "w"
    }
  ]
}