{
  "event": "Champions Showdown: Carlsen - Ding (Blitz)",
  "site": "St Louis, MO USA",
  "date": "2017.11.14",
  "eventDate": "2017.11.14",
  "dateMillis": 1510588800000,
  "eventDateMillis": 1510588800000,
  "round": "5",
  "result": "1/2-1/2",
  "white": "Magnus Carlsen",
  "black": "Ding Liren",
  "isDingWin": false,
  "isDraw": true,
  "isDingBlack": true,
  "moves": [
    "Ra8+",
    "Kg7",
    "Ra7+",
    "Kh6",
    "Ne3",
    "Rxe4",
    "Ng4+",
    "Kg5",
    "Nxe5",
    "fxe5",
    "a5",
    "Ra4",
    "a6",
    "Kf4",
    "Rxh7",
    "Rxa6",
    "Rh4+",
    "Ke3",
    "Kg1",
    "e4",
    "Rh8",
    "Ke2",
    "Rb8",
    "e3",
    "Rb2+",
    "Kd1",
    "Rb1+",
    "Kc2",
    "Rb8",
    "Ra1+",
    "Kh2",
    "e2",
    "Rc8+",
    "Kd3",
    "Rd8+",
    "Kc4",
    "Rc8+",
    "Kd5",
    "Rd8+",
    "Kc6",
    "Re8",
    "e1=Q",
    "Rxe1",
    "Rxe1",
    "Kg3",
    "Re4",
    "Kf3",
    "Kd5",
    "h4",
    "Ke5",
    "g3",
    "Rd4",
    "Ke3",
    "g5",
    "hxg5",
    "Rg4",
    "Kf3",
    "Rxg5",
    "g4",
    "Kf6",
    "Kf4",
    "Kg6",
    "Kg3",
    "Re5",
    "Kf4",
    "Kf6",
    "Kf3",
    "Kg5",
    "Kg3",
    "Re4",
    "Kf3",
    "Rxg4",
    "Ke3",
    "Rf4",
    "Kd3",
    "Kf5",
    "Ke3",
    "Re4+",
    "Kd3",
    "Ke5",
    "Kc3",
    "Rd4",
    "Kc2",
    "Kd5",
    "Kc3"
  ],
  "statePieceCount": 13,
  "endPieceCount": 3,
  "boardState": [
    {
      "square": "g8",
      "type": "k",
      "color": "b"
    },
    {
      "square": "h7",
      "type": "p",
      "color": "b"
    },
    {
      "square": "f6",
      "type": "p",
      "color": "b"
    },
    {
      "square": "g6",
      "type": "p",
      "color": "b"
    },
    {
      "square": "a5",
      "type": "r",
      "color": "w"
    },
    {
      "square": "e5",
      "type": "b",
      "color": "b"
    },
    {
      "square": "a4",
      "type": "p",
      "color": "w"
    },
    {
      "square": "c4",
      "type": "r",
      "color": "b"
    },
    {
      "square": "e4",
      "type": "p",
      "color": "w"
    },
    {
      "square": "h3",
      "type": "p",
      "color": "w"
    },
    {
      "square": "g2",
      "type": "p",
      "color": "w"
    },
    {
      "square": "d1",
      "type": "n",
      "color": "w"
    },
    {
      "square": "f1",
      "type": "k",
      "color": "w"
    }
  ]
}