{
  "event": "Champions Showdown: Carlsen - Ding (Blitz)",
  "site": "St Louis, MO USA",
  "date": "2017.11.14",
  "eventDate": "2017.11.14",
  "dateMillis": 1510588800000,
  "eventDateMillis": 1510588800000,
  "round": "1",
  "result": "1/2-1/2",
  "white": "Magnus Carlsen",
  "black": "Ding Liren",
  "isDingWin": false,
  "isDraw": true,
  "isDingBlack": true,
  "moves": [
    "Ke2",
    "Ra3",
    "Rc2",
    "g6",
    "Kf3",
    "Kg7",
    "h3",
    "g5",
    "Rc5",
    "Kg6",
    "Rc6",
    "h4",
    "g4",
    "hxg3",
    "Kxg3",
    "Kf5",
    "Rc5+",
    "Kg6",
    "Rc6",
    "Kg7",
    "h4",
    "g4",
    "h5",
    "Nxh5+",
    "Kxg4",
    "Nf6+",
    "Kf3",
    "Nd5",
    "Rc5",
    "Nb4",
    "Rb5",
    "Nc6",
    "Ke4",
    "Ne7",
    "Rb7",
    "Kf6",
    "Rb6+",
    "Kg7",
    "Rb7",
    "Kf6",
    "Rb6+"
  ],
  "statePieceCount": 13,
  "endPieceCount": 9,
  "boardState": [
    {
      "square": "g8",
      "type": "k",
      "color": "b"
    },
    {
      "square": "f7",
      "type": "p",
      "color": "b"
    },
    {
      "square": "g7",
      "type": "p",
      "color": "b"
    },
    {
      "square": "f6",
      "type": "n",
      "color": "b"
    },
    {
      "square": "h5",
      "type": "p",
      "color": "b"
    },
    {
      "square": "d4",
      "type": "p",
      "color": "w"
    },
    {
      "square": "d3",
      "type": "r",
      "color": "b"
    },
    {
      "square": "e3",
      "type": "p",
      "color": "w"
    },
    {
      "square": "f2",
      "type": "p",
      "color": "w"
    },
    {
      "square": "g2",
      "type": "p",
      "color": "w"
    },
    {
      "square": "h2",
      "type": "p",
      "color": "w"
    },
    {
      "square": "c1",
      "type": "r",
      "color": "w"
    },
    {
      "square": "f1",
      "type": "k",
      "color": "w"
    }
  ]
}