{
  "event": "IMSA Elite Mind Games (Rapid)",
  "site": "?",
  "date": "2017.12.11",
  "dateMillis": 1512921600000,
  "eventDateMillis": null,
  "round": "6.2",
  "result": "1/2-1/2",
  "white": "Wang Hao",
  "black": "Ding Liren",
  "isDingWin": false,
  "isDraw": true,
  "isDingBlack": true,
  "moves": [
    "Kg7",
    "Ra6",
    "Rd4",
    "Ra7+",
    "Kf6",
    "Rc1",
    "Ree4",
    "Bb3",
    "Re2",
    "Ra6+",
    "Ke7",
    "h5",
    "Rb2",
    "Bg8",
    "Rd8",
    "Ra7+",
    "Kf6",
    "Bc4",
    "Rdd2",
    "Rf7+",
    "Kg5",
    "h6",
    "Kxh6",
    "Rh1+",
    "Kg6",
    "Rh4",
    "Rd4",
    "Rxd4",
    "cxd4",
    "Ra7",
    "Kf6",
    "Kf3",
    "Be1",
    "Rxa3",
    "Rxf2+",
    "Ke4",
    "Bc3",
    "Ra2",
    "Rxa2",
    "Bxa2",
    "Ke5+"
  ],
  "statePieceCount": 13,
  "endPieceCount": 6,
  "boardState": [
    {
      "square": "d8",
      "type": "r",
      "color": "b"
    },
    {
      "square": "h8",
      "type": "k",
      "color": "b"
    },
    {
      "square": "h6",
      "type": "r",
      "color": "w"
    },
    {
      "square": "c5",
      "type": "p",
      "color": "b"
    },
    {
      "square": "e5",
      "type": "r",
      "color": "b"
    },
    {
      "square": "b4",
      "type": "b",
      "color": "b"
    },
    {
      "square": "c4",
      "type": "b",
      "color": "w"
    },
    {
      "square": "h4",
      "type": "p",
      "color": "w"
    },
    {
      "square": "a3",
      "type": "p",
      "color": "b"
    },
    {
      "square": "g3",
      "type": "p",
      "color": "w"
    },
    {
      "square": "f2",
      "type": "p",
      "color": "w"
    },
    {
      "square": "g2",
      "type": "k",
      "color": "w"
    },
    {
      "square": "b1",
      "type": "r",
      "color": "w"
    }
  ]
}