{
  "event": "IMSA Elite Mind Games (Blitz)",
  "site": "?",
  "date": "2017.12.13",
  "dateMillis": 1513094400000,
  "eventDateMillis": null,
  "round": "14.3",
  "result": "1/2-1/2",
  "white": "Pentala Harikrishna",
  "black": "Ding Liren",
  "isDingWin": false,
  "isDraw": true,
  "isDingBlack": true,
  "moves": [
    "Kc5",
    "Nb5",
    "Kxc4",
    "Nxa3+",
    "Kd3",
    "Nc2",
    "c5",
    "a4",
    "Bf7",
    "Ne1+",
    "Kd4",
    "a5",
    "Bb3+",
    "Kc1",
    "Bc4",
    "f4",
    "gxf4",
    "Bxf4",
    "Ke4",
    "Bd2",
    "Be2",
    "g5",
    "Kf5",
    "Nc2",
    "Bxg5",
    "Bxg5",
    "Kxg5",
    "Kd2",
    "Ba6",
    "Ne3",
    "Kf6",
    "Nd5+",
    "Ke5",
    "Nc3",
    "Kd4",
    "Na4",
    "Kc4",
    "Nxc5"
  ],
  "statePieceCount": 13,
  "endPieceCount": 5,
  "boardState": [
    {
      "square": "d8",
      "type": "b",
      "color": "b"
    },
    {
      "square": "c7",
      "type": "p",
      "color": "b"
    },
    {
      "square": "c6",
      "type": "k",
      "color": "b"
    },
    {
      "square": "g6",
      "type": "b",
      "color": "b"
    },
    {
      "square": "g5",
      "type": "p",
      "color": "b"
    },
    {
      "square": "c4",
      "type": "p",
      "color": "w"
    },
    {
      "square": "g4",
      "type": "p",
      "color": "w"
    },
    {
      "square": "a3",
      "type": "p",
      "color": "b"
    },
    {
      "square": "c3",
      "type": "n",
      "color": "w"
    },
    {
      "square": "f3",
      "type": "p",
      "color": "w"
    },
    {
      "square": "a2",
      "type": "p",
      "color": "w"
    },
    {
      "square": "d2",
      "type": "b",
      "color": "w"
    },
    {
      "square": "d1",
      "type": "k",
      "color": "w"
    }
  ]
}