{
  "event": "IMSA Elite Mind Games (Blitz)",
  "site": "?",
  "date": "2017.12.12",
  "dateMillis": 1513008000000,
  "eventDateMillis": null,
  "round": "9.2",
  "result": "1-0",
  "white": "Alexander Grischuk",
  "black": "Ding Liren",
  "isDingWin": false,
  "isDraw": false,
  "isDingBlack": true,
  "moves": [
    "Rg8",
    "d4",
    "Rg7",
    "Kc2",
    "a5",
    "Kd2",
    "Kd6",
    "Rxg5",
    "Rxg5",
    "Nf7+",
    "Ke7",
    "Nxg5"
  ],
  "statePieceCount": 13,
  "endPieceCount": 10,
  "boardState": [
    {
      "square": "d8",
      "type": "r",
      "color": "b"
    },
    {
      "square": "c7",
      "type": "k",
      "color": "b"
    },
    {
      "square": "a6",
      "type": "p",
      "color": "b"
    },
    {
      "square": "e6",
      "type": "p",
      "color": "b"
    },
    {
      "square": "d5",
      "type": "p",
      "color": "b"
    },
    {
      "square": "e5",
      "type": "n",
      "color": "w"
    },
    {
      "square": "g5",
      "type": "p",
      "color": "b"
    },
    {
      "square": "a4",
      "type": "p",
      "color": "w"
    },
    {
      "square": "b4",
      "type": "p",
      "color": "b"
    },
    {
      "square": "b3",
      "type": "p",
      "color": "w"
    },
    {
      "square": "d2",
      "type": "p",
      "color": "w"
    },
    {
      "square": "g2",
      "type": "r",
      "color": "w"
    },
    {
      "square": "b1",
      "type": "k",
      "color": "w"
    }
  ]
}