{
  "event": "IMSA Elite Mind Games (Blitz)",
  "site": "?",
  "date": "2017.12.13",
  "dateMillis": 1513094400000,
  "eventDateMillis": null,
  "round": "12.4",
  "result": "1/2-1/2",
  "white": "Shakhriyar Mamedyarov",
  "black": "Ding Liren",
  "isDingWin": false,
  "isDraw": true,
  "isDingBlack": true,
  "moves": [
    "Ke8",
    "Nd6+",
    "Kf8",
    "Ne4",
    "Rc1+",
    "Kf2",
    "Rc2+",
    "Kf3",
    "Rb2",
    "Ng5",
    "Rb3+",
    "Kf2",
    "Rb2+",
    "Ke1",
    "Rb6",
    "Ke2",
    "Kg8",
    "Kd3",
    "Rb3+",
    "Kd4",
    "Rxg3",
    "Nxe6",
    "Nb4",
    "Ra8+",
    "Kf7",
    "Ng5+",
    "Ke7",
    "Ra7+",
    "Ke8",
    "Rg7",
    "Nc2+",
    "Kc4",
    "Rg4",
    "Rg8+",
    "Ke7",
    "Rg7+",
    "Ke8",
    "Ne6",
    "Ne3+",
    "Kc5",
    "Nf5",
    "Ra7",
    "Rxh4",
    "Nc7+",
    "Kd8",
    "Nd5",
    "Rh1",
    "e6",
    "Rc1+",
    "Kb4",
    "Re1",
    "Rd7+",
    "Kc8",
    "Rc7+",
    "Kd8",
    "Rd7+",
    "Kc8",
    "Nb6+",
    "Kb8",
    "Kb5",
    "Rxe6",
    "Rd8+",
    "Kc7",
    "Rd7+",
    "Kb8",
    "Rd8+",
    "Kc7",
    "Rd7+",
    "Kb8",
    "Rd8+"
  ],
  "statePieceCount": 13,
  "endPieceCount": 9,
  "boardState": [
    {
      "square": "d8",
      "type": "k",
      "color": "b"
    },
    {
      "square": "a7",
      "type": "r",
      "color": "w"
    },
    {
      "square": "f7",
      "type": "n",
      "color": "w"
    },
    {
      "square": "c6",
      "type": "r",
      "color": "b"
    },
    {
      "square": "e6",
      "type": "p",
      "color": "b"
    },
    {
      "square": "g6",
      "type": "p",
      "color": "b"
    },
    {
      "square": "d5",
      "type": "n",
      "color": "b"
    },
    {
      "square": "e5",
      "type": "p",
      "color": "w"
    },
    {
      "square": "h5",
      "type": "p",
      "color": "b"
    },
    {
      "square": "f4",
      "type": "p",
      "color": "w"
    },
    {
      "square": "h4",
      "type": "p",
      "color": "w"
    },
    {
      "square": "g3",
      "type": "p",
      "color": "w"
    },
    {
      "square": "g1",
      "type": "k",
      "color": "w"
    }
  ]
}