{
  "event": "IMSA Elite Mind Games (Blitz)",
  "site": "?",
  "date": "2017.12.12",
  "dateMillis": 1513008000000,
  "eventDateMillis": null,
  "round": "4.5",
  "result": "0-1",
  "white": "Rauf Mamedov",
  "black": "Ding Liren",
  "isDingWin": true,
  "isDraw": false,
  "isDingBlack": true,
  "moves": [
    "Kf4",
    "Be6",
    "Ra7+",
    "Kd6",
    "Ra6+",
    "Kd5",
    "Rb6",
    "Kc4",
    "Ke4",
    "Bxa3",
    "Rc6+",
    "Bc5"
  ],
  "statePieceCount": 13,
  "endPieceCount": 12,
  "boardState": [
    {
      "square": "d7",
      "type": "k",
      "color": "b"
    },
    {
      "square": "f7",
      "type": "p",
      "color": "b"
    },
    {
      "square": "h7",
      "type": "p",
      "color": "b"
    },
    {
      "square": "a6",
      "type": "r",
      "color": "w"
    },
    {
      "square": "f6",
      "type": "p",
      "color": "w"
    },
    {
      "square": "b5",
      "type": "p",
      "color": "b"
    },
    {
      "square": "f5",
      "type": "b",
      "color": "b"
    },
    {
      "square": "a4",
      "type": "p",
      "color": "b"
    },
    {
      "square": "a3",
      "type": "p",
      "color": "w"
    },
    {
      "square": "c3",
      "type": "p",
      "color": "w"
    },
    {
      "square": "g3",
      "type": "k",
      "color": "w"
    },
    {
      "square": "h3",
      "type": "p",
      "color": "w"
    },
    {
      "square": "b2",
      "type": "b",
      "color": "b"
    }
  ]
}