{
  "event": "World Blitz Championship",
  "site": "Riyadh KSA",
  "date": "2017.12.30",
  "eventDate": "2017.12.29",
  "dateMillis": 1514563200000,
  "eventDateMillis": 1514476800000,
  "round": "20.4",
  "result": "1/2-1/2",
  "white": "Yu Yangyi",
  "black": "Ding Liren",
  "isDingWin": false,
  "isDraw": true,
  "isDingBlack": true,
  "moves": [
    "bxa5",
    "Kd4",
    "Rf4",
    "Ke3",
    "Rf5",
    "Re8+",
    "Kxe8",
    "Nd6+",
    "Kd7",
    "Nxf5",
    "Ke6",
    "Nxh6",
    "Kxf6",
    "Ng4+",
    "Kg6",
    "Kd4",
    "Kh5",
    "Nf6+",
    "Kxh4",
    "Nxd5",
    "cxd5",
    "a4",
    "Kg5",
    "Kxd5",
    "Kf6",
    "Kc5",
    "Ke7",
    "Kb5",
    "Kd7",
    "Kxa5",
    "Kc7"
  ],
  "statePieceCount": 13,
  "endPieceCount": 3,
  "boardState": [
    {
      "square": "f8",
      "type": "k",
      "color": "b"
    },
    {
      "square": "e7",
      "type": "r",
      "color": "w"
    },
    {
      "square": "b6",
      "type": "p",
      "color": "b"
    },
    {
      "square": "c6",
      "type": "p",
      "color": "b"
    },
    {
      "square": "f6",
      "type": "p",
      "color": "w"
    },
    {
      "square": "h6",
      "type": "p",
      "color": "b"
    },
    {
      "square": "a5",
      "type": "p",
      "color": "w"
    },
    {
      "square": "d5",
      "type": "b",
      "color": "b"
    },
    {
      "square": "f5",
      "type": "r",
      "color": "b"
    },
    {
      "square": "e4",
      "type": "n",
      "color": "w"
    },
    {
      "square": "h4",
      "type": "p",
      "color": "w"
    },
    {
      "square": "a3",
      "type": "p",
      "color": "w"
    },
    {
      "square": "e3",
      "type": "k",
      "color": "w"
    }
  ]
}