{
  "event": "World Championship Candidates",
  "site": "Berlin GER",
  "date": "2018.03.14",
  "eventDate": "2018.03.10",
  "dateMillis": 1520956800000,
  "eventDateMillis": 1520611200000,
  "round": "4",
  "result": "1/2-1/2",
  "white": "Alexander Grischuk",
  "black": "Ding Liren",
  "isDingWin": false,
  "isDraw": true,
  "isDingBlack": true,
  "moves": [
    "Nxe4",
    "Kh2",
    "d3",
    "Be3+",
    "Kb5",
    "Qb8+",
    "Kc4",
    "Qc7",
    "Qf6",
    "Rf1",
    "Qd6+",
    "Qxd6",
    "Nxd6",
    "Rf6",
    "Kd5",
    "Rxd6+",
    "Kxd6",
    "Kg3",
    "Kd5",
    "Kf2",
    "Kc4",
    "Bd2",
    "Kb3",
    "Ke3",
    "Bxg2"
  ],
  "statePieceCount": 13,
  "endPieceCount": 7,
  "boardState": [
    {
      "square": "g8",
      "type": "q",
      "color": "w"
    },
    {
      "square": "b6",
      "type": "k",
      "color": "b"
    },
    {
      "square": "c6",
      "type": "b",
      "color": "b"
    },
    {
      "square": "h6",
      "type": "b",
      "color": "w"
    },
    {
      "square": "c5",
      "type": "n",
      "color": "b"
    },
    {
      "square": "d4",
      "type": "p",
      "color": "b"
    },
    {
      "square": "e4",
      "type": "n",
      "color": "w"
    },
    {
      "square": "c3",
      "type": "q",
      "color": "b"
    },
    {
      "square": "h3",
      "type": "p",
      "color": "w"
    },
    {
      "square": "c2",
      "type": "p",
      "color": "b"
    },
    {
      "square": "g2",
      "type": "p",
      "color": "w"
    },
    {
      "square": "g1",
      "type": "r",
      "color": "w"
    },
    {
      "square": "h1",
      "type": "k",
      "color": "w"
    }
  ]
}