{
  "event": "Chess Olympiad",
  "site": "Batumi GEO",
  "date": "2018.09.30",
  "eventDate": "2018.09.24",
  "dateMillis": 1538236800000,
  "eventDateMillis": 1537718400000,
  "round": "6",
  "result": "1/2-1/2",
  "white": "Parham Maghsoodloo",
  "black": "Ding Liren",
  "isDingWin": false,
  "isDraw": true,
  "isDingBlack": true,
  "moves": [
    "Kxh7",
    "Rd1",
    "Kg6",
    "Rd6",
    "Rc6",
    "Rd5",
    "Rfxf6",
    "Re2",
    "Rc1+",
    "Kh2",
    "Nc6",
    "h4",
    "Rc4",
    "Kh3"
  ],
  "statePieceCount": 13,
  "endPieceCount": 11,
  "boardState": [
    {
      "square": "f8",
      "type": "r",
      "color": "b"
    },
    {
      "square": "h8",
      "type": "k",
      "color": "b"
    },
    {
      "square": "h7",
      "type": "b",
      "color": "w"
    },
    {
      "square": "f6",
      "type": "p",
      "color": "w"
    },
    {
      "square": "a5",
      "type": "p",
      "color": "b"
    },
    {
      "square": "c5",
      "type": "r",
      "color": "b"
    },
    {
      "square": "e5",
      "type": "n",
      "color": "b"
    },
    {
      "square": "h3",
      "type": "p",
      "color": "w"
    },
    {
      "square": "b2",
      "type": "p",
      "color": "w"
    },
    {
      "square": "f2",
      "type": "r",
      "color": "w"
    },
    {
      "square": "g2",
      "type": "p",
      "color": "w"
    },
    {
      "square": "a1",
      "type": "r",
      "color": "w"
    },
    {
      "square": "g1",
      "type": "k",
      "color": "w"
    }
  ]
}