{
  "event": "Tata Steel Masters",
  "site": "Wijk aan Zee NED",
  "date": "2019.01.18",
  "dateMillis": 1547740800000,
  "eventDateMillis": null,
  "round": "6",
  "result": "1/2-1/2",
  "white": "Ding Liren",
  "black": "Teimour Radjabov",
  "isDingWin": false,
  "isDraw": true,
  "isDingBlack": false,
  "moves": [
    "Kxf7",
    "Nxa5",
    "Nxa2",
    "Kf4",
    "Nc1",
    "Ke3",
    "e5",
    "Kd2",
    "Na2",
    "Kd3",
    "Ke6",
    "Nb7",
    "Nc3",
    "Nd8+",
    "Kd6",
    "Nf7+",
    "Ke6",
    "Nd8+",
    "Kd6",
    "Nf7+",
    "Ke6",
    "Nh8",
    "Nd1",
    "Ke2",
    "Nc3+",
    "Kd3",
    "Nd1",
    "Nxg6",
    "Nf2+",
    "Ke3",
    "Nh3",
    "Nf8+",
    "Ke7",
    "Nh7",
    "Kf7",
    "Kf3",
    "Kg6",
    "Nf8+",
    "Kf7",
    "Nd7",
    "Nxg5+",
    "Ke3",
    "Ke6",
    "Nb6",
    "Kd6",
    "Nc4+",
    "Ke6",
    "Nb2",
    "Kd6",
    "Nc4+"
  ],
  "statePieceCount": 13,
  "endPieceCount": 8,
  "boardState": [
    {
      "square": "f7",
      "type": "r",
      "color": "w"
    },
    {
      "square": "g7",
      "type": "k",
      "color": "b"
    },
    {
      "square": "e6",
      "type": "p",
      "color": "b"
    },
    {
      "square": "g6",
      "type": "p",
      "color": "b"
    },
    {
      "square": "a5",
      "type": "p",
      "color": "b"
    },
    {
      "square": "g5",
      "type": "p",
      "color": "w"
    },
    {
      "square": "b4",
      "type": "p",
      "color": "b"
    },
    {
      "square": "c4",
      "type": "n",
      "color": "w"
    },
    {
      "square": "e4",
      "type": "p",
      "color": "w"
    },
    {
      "square": "g4",
      "type": "k",
      "color": "w"
    },
    {
      "square": "b3",
      "type": "p",
      "color": "w"
    },
    {
      "square": "c3",
      "type": "n",
      "color": "b"
    },
    {
      "square": "a2",
      "type": "p",
      "color": "w"
    }
  ]
}