{
  "event": "Gashimov Memorial",
  "site": "Shamkir AZE",
  "date": "2019.04.08",
  "eventDate": "2019.03.31",
  "dateMillis": 1554652800000,
  "eventDateMillis": 1553961600000,
  "round": "8.4",
  "result": "0-1",
  "white": "Veselin Topalov",
  "black": "Ding Liren",
  "isDingWin": true,
  "isDraw": false,
  "isDingBlack": true,
  "moves": [
    "g4",
    "Ra2",
    "Rc8+",
    "Kh7",
    "Rc7",
    "Kg6",
    "f4",
    "Rg2",
    "Ke4",
    "Rxg4",
    "Kf3",
    "Rg1",
    "Rxa7",
    "h5",
    "Ra8",
    "Kh7",
    "Rf8",
    "Kg6",
    "Rh8",
    "Ra1",
    "Kg2",
    "Ra5",
    "Kf3",
    "Rb5",
    "Re8",
    "Rb7",
    "Rh8",
    "Ra7",
    "Kg2",
    "f6",
    "exf6",
    "gxf6",
    "Re8",
    "Kf7",
    "Rh8",
    "Ra5",
    "Kf3",
    "Kg7",
    "Re8",
    "e5",
    "Ke4",
    "h4",
    "fxe5",
    "fxe5",
    "Kf5",
    "h3",
    "Re7+",
    "Kh6",
    "Re8",
    "Ra7",
    "Rb8",
    "h2",
    "Rb6+",
    "Kh5",
    "Rb1",
    "Kh4",
    "e4",
    "Re7",
    "Ra1",
    "Re8",
    "Rb1",
    "Kg3",
    "Rb3+",
    "Kg2",
    "Rb2+",
    "Kh3",
    "Rb3+",
    "Kh4",
    "Rb1",
    "Rh8",
    "Kxe5",
    "Kg3",
    "Rh1",
    "Kg2",
    "Rxh2+",
    "Rxh2",
    "Kf6",
    "Kf3",
    "e5",
    "Kf4",
    "e6",
    "Rh6+",
    "Kf7",
    "Kf5",
    "e7",
    "Rh7+",
    "Kf8",
    "Kf6",
    "e8=N+",
    "Kg6",
    "Nd6",
    "Rd7",
    "Ne8",
    "Rf7+",
    "Kg8",
    "Ra7",
    "Kf8",
    "Rd7",
    "Kg8",
    "Rf7",
    "Nd6",
    "Rd7",
    "Ne8",
    "Kf5",
    "Kf8",
    "Kg5",
    "Kg8",
    "Kg6",
    "Kf8",
    "Rf7+",
    "Kg8",
    "Rf1",
    "Ng7",
    "Kf6",
    "Nh5+",
    "Kg5",
    "Ng7",
    "Kg6",
    "Ne8",
    "Rf3",
    "Ng7",
    "Kf6",
    "Nh5+",
    "Ke6",
    "Kh7",
    "Kf5",
    "Ng7+",
    "Kf6",
    "Nh5+",
    "Kg5",
    "Ng7",
    "Rh3+",
    "Kg8",
    "Kf6",
    "Ne8+",
    "Ke6",
    "Ng7+",
    "Ke7",
    "Nf5+",
    "Kf6",
    "Nd6",
    "Rh5",
    "Nf7",
    "Rd5",
    "Nh6",
    "Rd8+",
    "Kh7",
    "Rd7+",
    "Kg8"
  ],
  "statePieceCount": 13,
  "endPieceCount": 4,
  "boardState": [
    {
      "square": "g8",
      "type": "k",
      "color": "b"
    },
    {
      "square": "a7",
      "type": "p",
      "color": "b"
    },
    {
      "square": "f7",
      "type": "p",
      "color": "b"
    },
    {
      "square": "g7",
      "type": "p",
      "color": "b"
    },
    {
      "square": "e6",
      "type": "p",
      "color": "b"
    },
    {
      "square": "h6",
      "type": "p",
      "color": "b"
    },
    {
      "square": "c5",
      "type": "r",
      "color": "w"
    },
    {
      "square": "e5",
      "type": "p",
      "color": "w"
    },
    {
      "square": "d3",
      "type": "k",
      "color": "w"
    },
    {
      "square": "e3",
      "type": "p",
      "color": "w"
    },
    {
      "square": "f3",
      "type": "p",
      "color": "w"
    },
    {
      "square": "g3",
      "type": "p",
      "color": "w"
    },
    {
      "square": "h2",
      "type": "r",
      "color": "b"
    }
  ]
}