{
  "event": "Gashimov Memorial",
  "site": "Shamkir AZE",
  "date": "2019.04.04",
  "eventDate": "2019.03.30",
  "dateMillis": 1554307200000,
  "eventDateMillis": 1553875200000,
  "round": "5",
  "result": "1-0",
  "white": "David Navara",
  "black": "Ding Liren",
  "isDingWin": false,
  "isDraw": false,
  "isDingBlack": true,
  "moves": [
    "Ne4",
    "Rh4",
    "e5",
    "g3",
    "d2",
    "Nxd2",
    "Nxd2+",
    "Ke2",
    "Bg5",
    "Rb4",
    "e4",
    "Rd4",
    "Nb3",
    "Rxe4+",
    "Kd6",
    "h4",
    "Bh6",
    "h5",
    "Kd7",
    "Rb4",
    "Nc1+",
    "Kf3",
    "Ke6",
    "Rb6+",
    "Kf5",
    "Rb5+",
    "Ke6",
    "Ke4",
    "Ne2",
    "Rb6+",
    "Ke7",
    "Kd3",
    "Nc1+",
    "Kc4",
    "Ne2",
    "Rb1"
  ],
  "statePieceCount": 13,
  "endPieceCount": 10,
  "boardState": [
    {
      "square": "e7",
      "type": "k",
      "color": "b"
    },
    {
      "square": "f7",
      "type": "p",
      "color": "b"
    },
    {
      "square": "e6",
      "type": "p",
      "color": "b"
    },
    {
      "square": "f6",
      "type": "p",
      "color": "b"
    },
    {
      "square": "c5",
      "type": "n",
      "color": "b"
    },
    {
      "square": "h5",
      "type": "r",
      "color": "w"
    },
    {
      "square": "f4",
      "type": "b",
      "color": "b"
    },
    {
      "square": "d3",
      "type": "p",
      "color": "b"
    },
    {
      "square": "f3",
      "type": "n",
      "color": "w"
    },
    {
      "square": "f2",
      "type": "p",
      "color": "w"
    },
    {
      "square": "g2",
      "type": "p",
      "color": "w"
    },
    {
      "square": "h2",
      "type": "p",
      "color": "w"
    },
    {
      "square": "f1",
      "type": "k",
      "color": "w"
    }
  ]
}