{
  "event": "Shenzhen Masters",
  "site": "Shenzhen CHN",
  "date": "2018.11.08",
  "eventDate": "2018.11.04",
  "dateMillis": 1541606400000,
  "eventDateMillis": 1541260800000,
  "round": "5.3",
  "result": "1-0",
  "white": "Ding Liren",
  "black": "Radoslaw Wojtaszek",
  "isDingWin": true,
  "isDraw": false,
  "isDingBlack": false,
  "moves": [
    "Be7",
    "Kd4",
    "Bd6",
    "e3",
    "Ke8",
    "Bc5",
    "Bc7",
    "Bb4",
    "Bb8",
    "h4",
    "h5",
    "Nf2",
    "Kd7",
    "Nh3",
    "Kc6",
    "Ng5",
    "Ba7+",
    "Ke5",
    "Bxe3",
    "Nxe6",
    "Bc8",
    "Ng7",
    "Bf2",
    "Nxf5",
    "Kb5",
    "Be7",
    "Kxa5",
    "Kf6",
    "Kb6",
    "Kg6",
    "Kc6",
    "Ng7",
    "Kd5",
    "f5",
    "Ke5",
    "Bg5",
    "Bc5",
    "f6",
    "Ba6",
    "Nxh5",
    "Kd5"
  ],
  "statePieceCount": 13,
  "endPieceCount": 8,
  "boardState": [
    {
      "square": "b7",
      "type": "b",
      "color": "b"
    },
    {
      "square": "f7",
      "type": "k",
      "color": "b"
    },
    {
      "square": "b6",
      "type": "b",
      "color": "w"
    },
    {
      "square": "e6",
      "type": "p",
      "color": "b"
    },
    {
      "square": "f6",
      "type": "b",
      "color": "b"
    },
    {
      "square": "h6",
      "type": "p",
      "color": "b"
    },
    {
      "square": "a5",
      "type": "p",
      "color": "w"
    },
    {
      "square": "f5",
      "type": "p",
      "color": "b"
    },
    {
      "square": "f4",
      "type": "p",
      "color": "w"
    },
    {
      "square": "d3",
      "type": "n",
      "color": "w"
    },
    {
      "square": "e3",
      "type": "k",
      "color": "w"
    },
    {
      "square": "e2",
      "type": "p",
      "color": "w"
    },
    {
      "square": "h2",
      "type": "p",
      "color": "w"
    }
  ]
}