{
  "event": "Grand Chess Tour Cote d�Ivoire (Rapid & Blitz)",
  "site": "Abidjan CIV",
  "date": "2019.05.08",
  "eventDate": "2019.05.08",
  "dateMillis": 1557244800000,
  "eventDateMillis": 1557244800000,
  "round": "3.5",
  "result": "0-1",
  "white": "Ding Liren",
  "black": "Wei Yi",
  "isDingWin": false,
  "isDraw": false,
  "isDingBlack": false,
  "moves": [
    "Bxa8",
    "h4",
    "Be4",
    "f3",
    "Bc6",
    "Bc4",
    "Nf4",
    "Bf7",
    "Ba4",
    "g3",
    "Nd3+",
    "Kb1",
    "Kd4",
    "Ng4",
    "Kc3",
    "Ne3",
    "Ne5",
    "Be6",
    "Nxf3",
    "Nd5+",
    "Kd4",
    "Nf4",
    "c4",
    "Nxg6",
    "c3",
    "Nf4",
    "Nd2+",
    "Kc1",
    "b3",
    "Ne2+",
    "Kd3",
    "Nf4+",
    "Kd4",
    "Ne2+",
    "Kd3",
    "Nf4+",
    "Ke3",
    "Bxb3",
    "Bxb3",
    "h5",
    "Ne4",
    "h6",
    "Nf6",
    "Ng2+",
    "Kf2",
    "Nf4",
    "Ke3",
    "Ng2+",
    "Kf3",
    "Nf4",
    "Nh7",
    "Nd3",
    "Ke3",
    "Nc5",
    "Bf7",
    "Kc2",
    "Kd4",
    "Na4",
    "Bg6+",
    "Kb3",
    "Bf7+",
    "Kc2",
    "Bg6+",
    "Kb3",
    "c2",
    "Kb2",
    "Ng5",
    "Nb6",
    "Nf3",
    "Nd7",
    "Ng1"
  ],
  "statePieceCount": 13,
  "endPieceCount": 8,
  "boardState": [
    {
      "square": "a8",
      "type": "r",
      "color": "w"
    },
    {
      "square": "e6",
      "type": "n",
      "color": "b"
    },
    {
      "square": "g6",
      "type": "p",
      "color": "b"
    },
    {
      "square": "c5",
      "type": "p",
      "color": "b"
    },
    {
      "square": "d5",
      "type": "b",
      "color": "b"
    },
    {
      "square": "e5",
      "type": "k",
      "color": "b"
    },
    {
      "square": "b4",
      "type": "p",
      "color": "b"
    },
    {
      "square": "e3",
      "type": "n",
      "color": "w"
    },
    {
      "square": "b2",
      "type": "k",
      "color": "w"
    },
    {
      "square": "f2",
      "type": "p",
      "color": "w"
    },
    {
      "square": "g2",
      "type": "p",
      "color": "w"
    },
    {
      "square": "h2",
      "type": "p",
      "color": "w"
    },
    {
      "square": "f1",
      "type": "b",
      "color": "w"
    }
  ]
}