{
  "event": "Shenzhen Masters",
  "site": "Shenzhen CHN",
  "date": "2019.04.20",
  "eventDate": "2019.04.17",
  "dateMillis": 1555689600000,
  "eventDateMillis": 1555430400000,
  "round": "4.2",
  "result": "1-0",
  "white": "Pentala Harikrishna",
  "black": "Ding Liren",
  "isDingWin": false,
  "isDraw": false,
  "isDingBlack": true,
  "moves": [
    "Ne8",
    "Kb4",
    "Nf6",
    "a5+",
    "Ka7",
    "Bg6",
    "Nd5+",
    "Kb5",
    "Nc7+",
    "Ka4",
    "Nd5",
    "Be4",
    "Nf6",
    "Nb4",
    "Nxh5",
    "Nc6+",
    "Ka8",
    "Nxe5+",
    "Kb8",
    "Nc6+",
    "Kc7",
    "Kb5",
    "Nf6",
    "Nd4",
    "Ne8",
    "a6",
    "Nd6+",
    "Kc5",
    "Bf2",
    "Kd5",
    "Nc8",
    "Nf5",
    "Nb6+",
    "Ke6",
    "Nd7",
    "Kf7",
    "g5",
    "Nxh6",
    "Kb6",
    "Bb7",
    "Be3",
    "Ke6",
    "Nc5+",
    "Kf5"
  ],
  "statePieceCount": 13,
  "endPieceCount": 10,
  "boardState": [
    {
      "square": "g7",
      "type": "p",
      "color": "b"
    },
    {
      "square": "b6",
      "type": "k",
      "color": "b"
    },
    {
      "square": "d6",
      "type": "n",
      "color": "b"
    },
    {
      "square": "h6",
      "type": "p",
      "color": "b"
    },
    {
      "square": "e5",
      "type": "p",
      "color": "b"
    },
    {
      "square": "h5",
      "type": "p",
      "color": "w"
    },
    {
      "square": "a4",
      "type": "p",
      "color": "w"
    },
    {
      "square": "e4",
      "type": "b",
      "color": "w"
    },
    {
      "square": "b3",
      "type": "k",
      "color": "w"
    },
    {
      "square": "d3",
      "type": "n",
      "color": "w"
    },
    {
      "square": "f3",
      "type": "p",
      "color": "w"
    },
    {
      "square": "g3",
      "type": "b",
      "color": "b"
    },
    {
      "square": "g2",
      "type": "p",
      "color": "w"
    }
  ]
}