{
  "event": "Grand Chess Tour Cote d�Ivoire (Rapid & Blitz)",
  "site": "Abidjan CIV",
  "date": "2019.05.09",
  "eventDate": "2019.05.08",
  "dateMillis": 1557331200000,
  "eventDateMillis": 1557244800000,
  "round": "5",
  "result": "1-0",
  "white": "Ding Liren",
  "black": "Ian Nepomniachtchi",
  "isDingWin": true,
  "isDraw": false,
  "isDingBlack": false,
  "moves": [
    "Qf2+",
    "Kh1",
    "Bg4",
    "d6+",
    "Rf7",
    "Rb1",
    "Be2",
    "Qc8+",
    "Rf8",
    "Qe6+",
    "Kg7",
    "Qe5+",
    "Kg8",
    "Ne3",
    "Bf3",
    "h3",
    "Bc6",
    "Nd5",
    "Re8",
    "Nf6+",
    "Kf8",
    "Nxh7+",
    "Kg8",
    "Nf6+",
    "Kf8",
    "Qg5",
    "Re6",
    "d7",
    "Re1+",
    "Rxe1",
    "Qxe1+",
    "Kh2",
    "Ke7",
    "Qc5+"
  ],
  "statePieceCount": 13,
  "endPieceCount": 10,
  "boardState": [
    {
      "square": "c8",
      "type": "b",
      "color": "b"
    },
    {
      "square": "f8",
      "type": "r",
      "color": "b"
    },
    {
      "square": "g8",
      "type": "k",
      "color": "b"
    },
    {
      "square": "h7",
      "type": "p",
      "color": "b"
    },
    {
      "square": "g6",
      "type": "p",
      "color": "b"
    },
    {
      "square": "d5",
      "type": "p",
      "color": "w"
    },
    {
      "square": "c4",
      "type": "q",
      "color": "w"
    },
    {
      "square": "b2",
      "type": "q",
      "color": "b"
    },
    {
      "square": "g2",
      "type": "p",
      "color": "w"
    },
    {
      "square": "h2",
      "type": "p",
      "color": "w"
    },
    {
      "square": "d1",
      "type": "r",
      "color": "w"
    },
    {
      "square": "f1",
      "type": "n",
      "color": "w"
    },
    {
      "square": "g1",
      "type": "k",
      "color": "w"
    }
  ]
}