{
  "event": "Grand Chess Tour Cote d�Ivoire (Rapid & Blitz)",
  "site": "Abidjan CIV",
  "date": "2019.05.08",
  "eventDate": "2019.05.08",
  "dateMillis": 1557244800000,
  "eventDateMillis": 1557244800000,
  "round": "1.3",
  "result": "0-1",
  "white": "Bassem Amin",
  "black": "Ding Liren",
  "isDingWin": true,
  "isDraw": false,
  "isDingBlack": true,
  "moves": [
    "Kh8",
    "Rd7",
    "Bxe6",
    "fxe6",
    "Rxe6",
    "d5",
    "Rb6",
    "d6",
    "a5",
    "Kf2",
    "Bb4",
    "Rd8+",
    "Kg7",
    "d7",
    "Rd6",
    "h4",
    "Rd4",
    "h5",
    "Be7",
    "Ra8",
    "a4",
    "Ra7",
    "Kh6",
    "Ke3",
    "Rd1",
    "Rxa4",
    "Rxd7",
    "g4",
    "Rd5",
    "Ke4",
    "Re5+",
    "Kf4",
    "Bc5",
    "Ra8",
    "Be3+",
    "Kf3",
    "Bg5",
    "Rg8",
    "Kh7",
    "Ra8",
    "Re3+",
    "Kf2",
    "Rb3",
    "Rc8",
    "Bh4+",
    "Ke2",
    "Rg3",
    "Rc4",
    "Kh6",
    "Ra4",
    "Kg5",
    "Ra5+",
    "Kxg4",
    "h6",
    "Bg5",
    "Ra4+",
    "Bf4",
    "h7",
    "Rh3",
    "Ra7",
    "f5",
    "Kf2",
    "Be5",
    "Kg2",
    "Rh2+",
    "Kg1",
    "Rh6",
    "Re7",
    "Bf6",
    "Rf7",
    "Kg5"
  ],
  "statePieceCount": 13,
  "endPieceCount": 7,
  "boardState": [
    {
      "square": "e8",
      "type": "r",
      "color": "b"
    },
    {
      "square": "g8",
      "type": "k",
      "color": "b"
    },
    {
      "square": "g7",
      "type": "r",
      "color": "w"
    },
    {
      "square": "a6",
      "type": "p",
      "color": "b"
    },
    {
      "square": "e6",
      "type": "n",
      "color": "w"
    },
    {
      "square": "f6",
      "type": "p",
      "color": "b"
    },
    {
      "square": "d5",
      "type": "b",
      "color": "b"
    },
    {
      "square": "f5",
      "type": "p",
      "color": "w"
    },
    {
      "square": "d4",
      "type": "p",
      "color": "w"
    },
    {
      "square": "d2",
      "type": "b",
      "color": "b"
    },
    {
      "square": "g2",
      "type": "p",
      "color": "w"
    },
    {
      "square": "h2",
      "type": "p",
      "color": "w"
    },
    {
      "square": "g1",
      "type": "k",
      "color": "w"
    }
  ]
}