{
  "event": "Lindores Abbey Stars",
  "site": "Newburgh SCO",
  "date": "2019.05.26",
  "eventDate": "2019.05.25",
  "dateMillis": 1558800000000,
  "eventDateMillis": 1558713600000,
  "round": "5.1",
  "result": "0-1",
  "white": "Ding Liren",
  "black": "Viswanathan Anand",
  "isDingWin": false,
  "isDraw": false,
  "isDingBlack": false,
  "moves": [
    "Ke8",
    "Nb3",
    "Kf8",
    "h4",
    "Re8",
    "Nd4",
    "Re7",
    "Rb8+",
    "Kf7",
    "Nf5",
    "Rd7",
    "h5",
    "Ra5",
    "Nd6+",
    "Ke6",
    "Nb5",
    "Kf5",
    "Kg2",
    "Kg4",
    "h6",
    "g5",
    "Be3",
    "Kh5",
    "Rb6",
    "Kg6",
    "g4",
    "Ra4",
    "Kg3",
    "Rb4",
    "Kf3",
    "Rd3",
    "Rb8",
    "Kxh6",
    "Rb6",
    "Kg6",
    "Rb8",
    "Rdb3",
    "Rg8+",
    "Kf7",
    "Rh8",
    "Kg7"
  ],
  "statePieceCount": 13,
  "endPieceCount": 12,
  "boardState": [
    {
      "square": "d8",
      "type": "r",
      "color": "b"
    },
    {
      "square": "b7",
      "type": "r",
      "color": "w"
    },
    {
      "square": "d7",
      "type": "k",
      "color": "b"
    },
    {
      "square": "g7",
      "type": "p",
      "color": "b"
    },
    {
      "square": "h7",
      "type": "p",
      "color": "b"
    },
    {
      "square": "a6",
      "type": "r",
      "color": "b"
    },
    {
      "square": "f6",
      "type": "p",
      "color": "b"
    },
    {
      "square": "a5",
      "type": "n",
      "color": "w"
    },
    {
      "square": "f4",
      "type": "b",
      "color": "w"
    },
    {
      "square": "g3",
      "type": "p",
      "color": "w"
    },
    {
      "square": "f2",
      "type": "p",
      "color": "w"
    },
    {
      "square": "h2",
      "type": "p",
      "color": "w"
    },
    {
      "square": "g1",
      "type": "k",
      "color": "w"
    }
  ]
}