{
  "event": "PRO League Group Stage",
  "site": "chess.com INT",
  "date": "2019.02.20",
  "eventDate": "2019.01.08",
  "dateMillis": 1550592000000,
  "eventDateMillis": 1546876800000,
  "round": "7",
  "result": "1/2-1/2",
  "white": "Quang Liem Le",
  "black": "Ding Liren",
  "isDingWin": false,
  "isDraw": true,
  "isDingBlack": true,
  "moves": [
    "Bxh4",
    "Kc4",
    "Kd7",
    "e4",
    "Be7",
    "a4",
    "b6",
    "Nf4",
    "f6",
    "exf6",
    "Bxf6",
    "Nd3",
    "Be7",
    "Nb4",
    "Bxb4",
    "Kxb4",
    "Kd6",
    "Kc4",
    "Kc6",
    "Kc3",
    "Kd6",
    "Kb4",
    "Kc6",
    "Kc4"
  ],
  "statePieceCount": 13,
  "endPieceCount": 8,
  "boardState": [
    {
      "square": "b7",
      "type": "p",
      "color": "b"
    },
    {
      "square": "e7",
      "type": "k",
      "color": "b"
    },
    {
      "square": "f7",
      "type": "p",
      "color": "b"
    },
    {
      "square": "a6",
      "type": "p",
      "color": "b"
    },
    {
      "square": "e6",
      "type": "p",
      "color": "b"
    },
    {
      "square": "e5",
      "type": "p",
      "color": "w"
    },
    {
      "square": "h5",
      "type": "n",
      "color": "w"
    },
    {
      "square": "d4",
      "type": "p",
      "color": "w"
    },
    {
      "square": "h4",
      "type": "p",
      "color": "w"
    },
    {
      "square": "b3",
      "type": "k",
      "color": "w"
    },
    {
      "square": "e3",
      "type": "p",
      "color": "w"
    },
    {
      "square": "a2",
      "type": "p",
      "color": "w"
    },
    {
      "square": "e1",
      "type": "b",
      "color": "b"
    }
  ]
}