{
  "event": "Norway Chess",
  "site": "Stavanger NOR",
  "date": "2019.06.04",
  "eventDate": "2019.06.04",
  "dateMillis": 1559577600000,
  "eventDateMillis": 1559577600000,
  "round": "1.3",
  "result": "1/2-1/2",
  "white": "Ding Liren",
  "black": "Wesley So",
  "isDingWin": false,
  "isDraw": true,
  "isDingBlack": false,
  "moves": [
    "Kxg6",
    "h3",
    "h5"
  ],
  "statePieceCount": 13,
  "endPieceCount": 12,
  "boardState": [
    {
      "square": "f7",
      "type": "k",
      "color": "b"
    },
    {
      "square": "h7",
      "type": "p",
      "color": "b"
    },
    {
      "square": "c6",
      "type": "n",
      "color": "b"
    },
    {
      "square": "f6",
      "type": "n",
      "color": "b"
    },
    {
      "square": "g6",
      "type": "p",
      "color": "w"
    },
    {
      "square": "b5",
      "type": "p",
      "color": "b"
    },
    {
      "square": "e5",
      "type": "p",
      "color": "b"
    },
    {
      "square": "b3",
      "type": "n",
      "color": "w"
    },
    {
      "square": "f3",
      "type": "k",
      "color": "w"
    },
    {
      "square": "g3",
      "type": "p",
      "color": "w"
    },
    {
      "square": "a2",
      "type": "p",
      "color": "w"
    },
    {
      "square": "b2",
      "type": "b",
      "color": "w"
    },
    {
      "square": "h2",
      "type": "p",
      "color": "w"
    }
  ]
}