{
  "event": "GCT Croatia",
  "site": "Zagreb CRO",
  "date": "2019.07.04",
  "eventDate": "2019.06.26",
  "dateMillis": 1562169600000,
  "eventDateMillis": 1561478400000,
  "round": "8.1",
  "result": "0-1",
  "white": "Ding Liren",
  "black": "Magnus Carlsen",
  "isDingWin": false,
  "isDraw": false,
  "isDingBlack": false,
  "moves": [
    "Kf2",
    "h4",
    "gxh4",
    "Be5",
    "Nc4",
    "g3+",
    "Kg1",
    "Bf4",
    "Bd1",
    "Bc6",
    "b3",
    "Kh6",
    "a5",
    "Be4",
    "Kf1",
    "Kg7",
    "Kg1",
    "Kf6",
    "Kf1",
    "Ke6",
    "h5",
    "Kd5",
    "a6",
    "Kd4",
    "Bg4",
    "Kc3",
    "Be6",
    "Bc2",
    "Na5",
    "Bc7",
    "Nb7",
    "Bd3+",
    "Kg1",
    "Bxa6"
  ],
  "statePieceCount": 13,
  "endPieceCount": 11,
  "boardState": [
    {
      "square": "a7",
      "type": "p",
      "color": "b"
    },
    {
      "square": "d7",
      "type": "b",
      "color": "b"
    },
    {
      "square": "g7",
      "type": "k",
      "color": "b"
    },
    {
      "square": "h5",
      "type": "p",
      "color": "b"
    },
    {
      "square": "a4",
      "type": "p",
      "color": "w"
    },
    {
      "square": "b4",
      "type": "p",
      "color": "b"
    },
    {
      "square": "g4",
      "type": "p",
      "color": "b"
    },
    {
      "square": "b3",
      "type": "b",
      "color": "w"
    },
    {
      "square": "e3",
      "type": "n",
      "color": "w"
    },
    {
      "square": "g3",
      "type": "p",
      "color": "w"
    },
    {
      "square": "b2",
      "type": "p",
      "color": "w"
    },
    {
      "square": "e2",
      "type": "k",
      "color": "w"
    },
    {
      "square": "h2",
      "type": "b",
      "color": "b"
    }
  ]
}