{
  "event": "GCT Kolkata Rapid & Blitz",
  "site": "Kolkata IND",
  "date": "2019.11.23",
  "eventDate": "2019.11.22",
  "dateMillis": 1574438400000,
  "eventDateMillis": 1574352000000,
  "round": "5",
  "result": "0-1",
  "white": "Ian Nepomniachtchi",
  "black": "Ding Liren",
  "isDingWin": true,
  "isDraw": false,
  "isDingBlack": true,
  "moves": [
    "Bf6",
    "Qa4",
    "Qd6",
    "Rc1",
    "d4",
    "Qc6",
    "Qf4",
    "Qd7",
    "Qxc1"
  ],
  "statePieceCount": 13,
  "endPieceCount": 12,
  "boardState": [
    {
      "square": "b8",
      "type": "r",
      "color": "b"
    },
    {
      "square": "d8",
      "type": "q",
      "color": "b"
    },
    {
      "square": "g8",
      "type": "k",
      "color": "b"
    },
    {
      "square": "f7",
      "type": "p",
      "color": "b"
    },
    {
      "square": "g7",
      "type": "b",
      "color": "b"
    },
    {
      "square": "g6",
      "type": "p",
      "color": "b"
    },
    {
      "square": "d5",
      "type": "p",
      "color": "b"
    },
    {
      "square": "h4",
      "type": "q",
      "color": "w"
    },
    {
      "square": "b3",
      "type": "p",
      "color": "w"
    },
    {
      "square": "f3",
      "type": "n",
      "color": "w"
    },
    {
      "square": "f2",
      "type": "p",
      "color": "w"
    },
    {
      "square": "g2",
      "type": "k",
      "color": "w"
    },
    {
      "square": "d1",
      "type": "r",
      "color": "w"
    }
  ]
}