{
  "event": "GCT Kolkata Rapid & Blitz",
  "site": "Kolkata IND",
  "date": "2019.11.25",
  "eventDate": "2019.11.25",
  "dateMillis": 1574611200000,
  "eventDateMillis": 1574611200000,
  "round": "4.4",
  "result": "1/2-1/2",
  "white": "Ding Liren",
  "black": "Hikaru Nakamura",
  "isDingWin": false,
  "isDraw": true,
  "isDingBlack": false,
  "moves": [
    "Nxh5",
    "Nf5",
    "Nf4",
    "Kf8",
    "Kg2",
    "Rb2",
    "Ne6+",
    "Ke8",
    "Ng7+",
    "Nxg7"
  ],
  "statePieceCount": 13,
  "endPieceCount": 11,
  "boardState": [
    {
      "square": "g8",
      "type": "k",
      "color": "b"
    },
    {
      "square": "b7",
      "type": "p",
      "color": "b"
    },
    {
      "square": "c7",
      "type": "r",
      "color": "w"
    },
    {
      "square": "b6",
      "type": "r",
      "color": "b"
    },
    {
      "square": "f6",
      "type": "p",
      "color": "b"
    },
    {
      "square": "d5",
      "type": "p",
      "color": "w"
    },
    {
      "square": "h5",
      "type": "b",
      "color": "b"
    },
    {
      "square": "e4",
      "type": "p",
      "color": "b"
    },
    {
      "square": "f4",
      "type": "n",
      "color": "w"
    },
    {
      "square": "h4",
      "type": "n",
      "color": "b"
    },
    {
      "square": "e3",
      "type": "p",
      "color": "w"
    },
    {
      "square": "f2",
      "type": "p",
      "color": "w"
    },
    {
      "square": "g1",
      "type": "k",
      "color": "w"
    }
  ]
}