{
  "event": "GCT Kolkata Rapid & Blitz",
  "site": "Kolkata IND",
  "date": "2019.11.22",
  "eventDate": "2019.11.22",
  "dateMillis": 1574352000000,
  "eventDateMillis": 1574352000000,
  "round": "3",
  "result": "1/2-1/2",
  "white": "Ding Liren",
  "black": "Vidit Santosh Gujrathi",
  "isDingWin": false,
  "isDraw": true,
  "isDingBlack": false,
  "moves": [
    "Kxg5",
    "f6+",
    "Kf4",
    "Kf7",
    "Rh2",
    "Rc1",
    "Rh7+",
    "Kg8",
    "Ra7",
    "Rf1+",
    "Kg4",
    "Rg1+",
    "Kh5",
    "Rg5+",
    "Kh6",
    "Rxf5",
    "Kg6",
    "Rfb5",
    "Rxd6",
    "Rg5+",
    "Kxf6",
    "Rxd6+",
    "Kxg5",
    "Kf8",
    "Kf5",
    "Ke8",
    "Ke5",
    "Rd2",
    "Ke4",
    "Kd8",
    "Ke3",
    "Rh2",
    "Kd4",
    "Kc8",
    "Kc5",
    "Kb8",
    "Ra4",
    "Kc7",
    "Ra7+",
    "Kb8",
    "Ra4",
    "Kc7",
    "Kxb4",
    "Kb6",
    "Ra8",
    "Kb7",
    "Ra5",
    "Kb6",
    "Rb5+",
    "Ka6",
    "a4",
    "Rh4+",
    "Ka3",
    "Rh3",
    "Rg5",
    "Kb6",
    "a5+",
    "Ka6",
    "Ka4",
    "Rh1",
    "Rg6+",
    "Kb7",
    "a6+",
    "Ka7",
    "b4",
    "Rh5",
    "b5",
    "Rf5",
    "Ka5",
    "Rf8",
    "Rg7+",
    "Kb8",
    "a7+",
    "Ka8",
    "b6",
    "Rf5+",
    "Ka6",
    "Ra5+",
    "Kxa5"
  ],
  "statePieceCount": 13,
  "endPieceCount": 5,
  "boardState": [
    {
      "square": "f7",
      "type": "p",
      "color": "b"
    },
    {
      "square": "g7",
      "type": "k",
      "color": "b"
    },
    {
      "square": "b6",
      "type": "r",
      "color": "b"
    },
    {
      "square": "c6",
      "type": "r",
      "color": "b"
    },
    {
      "square": "d6",
      "type": "p",
      "color": "b"
    },
    {
      "square": "f5",
      "type": "p",
      "color": "w"
    },
    {
      "square": "g5",
      "type": "p",
      "color": "b"
    },
    {
      "square": "b4",
      "type": "p",
      "color": "b"
    },
    {
      "square": "d4",
      "type": "r",
      "color": "w"
    },
    {
      "square": "f4",
      "type": "k",
      "color": "w"
    },
    {
      "square": "b3",
      "type": "p",
      "color": "w"
    },
    {
      "square": "a2",
      "type": "p",
      "color": "w"
    },
    {
      "square": "d2",
      "type": "r",
      "color": "w"
    }
  ]
}