{
  "event": "World Championship Candidates",
  "site": "Yekaterinburg RUS",
  "date": "2020.03.25",
  "eventDate": "2020.03.17",
  "dateMillis": 1585065600000,
  "eventDateMillis": 1584374400000,
  "round": "7.3",
  "result": "1/2-1/2",
  "white": "Ding Liren",
  "black": "Kirill Alekseenko",
  "isDingWin": false,
  "isDraw": true,
  "isDingBlack": false,
  "moves": [
    "Rxb4",
    "Rc2",
    "Rc8",
    "Kf1",
    "c3",
    "Ke2",
    "Rb7",
    "Rd3",
    "Rb2",
    "Kd1",
    "Rb1+",
    "Ke2",
    "Rb2",
    "Kd1",
    "Rb1+"
  ],
  "statePieceCount": 13,
  "endPieceCount": 12,
  "boardState": [
    {
      "square": "b8",
      "type": "r",
      "color": "b"
    },
    {
      "square": "f8",
      "type": "r",
      "color": "b"
    },
    {
      "square": "g8",
      "type": "k",
      "color": "b"
    },
    {
      "square": "g7",
      "type": "p",
      "color": "b"
    },
    {
      "square": "h7",
      "type": "p",
      "color": "b"
    },
    {
      "square": "d5",
      "type": "r",
      "color": "w"
    },
    {
      "square": "b4",
      "type": "p",
      "color": "w"
    },
    {
      "square": "c4",
      "type": "p",
      "color": "b"
    },
    {
      "square": "g3",
      "type": "p",
      "color": "w"
    },
    {
      "square": "f2",
      "type": "p",
      "color": "w"
    },
    {
      "square": "h2",
      "type": "p",
      "color": "w"
    },
    {
      "square": "c1",
      "type": "r",
      "color": "w"
    },
    {
      "square": "g1",
      "type": "k",
      "color": "w"
    }
  ]
}