{
  "event": "Magnus Carlsen Invitational",
  "site": "chess24.com INT",
  "date": "2020.04.21",
  "eventDate": "2020.04.18",
  "dateMillis": 1587398400000,
  "eventDateMillis": 1587139200000,
  "round": "2.2",
  "result": "1/2-1/2",
  "white": "Fabiano Caruana",
  "black": "Ding Liren",
  "isDingWin": false,
  "isDraw": true,
  "isDingBlack": true,
  "moves": [
    "Bxd2",
    "Kf2",
    "f6",
    "Ke2",
    "Bf4",
    "h3",
    "Kf7",
    "Kd3",
    "Ke6",
    "Bf2",
    "g6",
    "Bd4",
    "h5",
    "Kc4",
    "Bd6",
    "Bf2",
    "Ba3",
    "Bc5",
    "Bc1",
    "Bb4",
    "Be3",
    "Bc3",
    "h4",
    "Ba5",
    "g5",
    "Bc7",
    "Bf4",
    "Bxf4",
    "gxf4",
    "Kd4",
    "a5",
    "Kc5",
    "Ke5",
    "Kb5",
    "Kxe4",
    "Kxa5",
    "Ke3",
    "Kb4",
    "Kf2",
    "a5",
    "Kxg2",
    "a6",
    "f3",
    "a7",
    "f2",
    "a8=Q+",
    "Kg1",
    "Qa7",
    "Kg2",
    "Qg7+",
    "Kxh3",
    "Qxf6",
    "Kg2",
    "Qg5+",
    "Kh2",
    "Qf4+",
    "Kg2",
    "Qg4+",
    "Kh2",
    "Qxh4+",
    "Kg2",
    "Qg4+",
    "Kh2",
    "Qf3",
    "Kg1",
    "Qg3+",
    "Kh1",
    "Qxf2"
  ],
  "statePieceCount": 13,
  "endPieceCount": 3,
  "boardState": [
    {
      "square": "g8",
      "type": "k",
      "color": "b"
    },
    {
      "square": "f7",
      "type": "p",
      "color": "b"
    },
    {
      "square": "g7",
      "type": "p",
      "color": "b"
    },
    {
      "square": "a6",
      "type": "p",
      "color": "b"
    },
    {
      "square": "h6",
      "type": "p",
      "color": "b"
    },
    {
      "square": "c5",
      "type": "b",
      "color": "w"
    },
    {
      "square": "g5",
      "type": "b",
      "color": "b"
    },
    {
      "square": "a4",
      "type": "p",
      "color": "w"
    },
    {
      "square": "e4",
      "type": "p",
      "color": "w"
    },
    {
      "square": "d2",
      "type": "r",
      "color": "w"
    },
    {
      "square": "g2",
      "type": "p",
      "color": "w"
    },
    {
      "square": "h2",
      "type": "p",
      "color": "w"
    },
    {
      "square": "g1",
      "type": "k",
      "color": "w"
    }
  ]
}