{
  "event": "Magnus Carlsen Invitational",
  "site": "chess24.com INT",
  "date": "2020.04.23",
  "eventDate": "2020.04.18",
  "dateMillis": 1587571200000,
  "eventDateMillis": 1587139200000,
  "round": "3.3",
  "result": "1/2-1/2",
  "white": "Maxime Vachier-Lagrave",
  "black": "Ding Liren",
  "isDingWin": false,
  "isDraw": true,
  "isDingBlack": true,
  "moves": [
    "hxg4",
    "Nd5",
    "f4",
    "b4",
    "f5",
    "bxa3",
    "Bxa3",
    "Nb5",
    "Bb2",
    "Nxd4",
    "Kxd4",
    "Nb6",
    "Bc3",
    "Ke7",
    "g5",
    "Kf7",
    "Bb4",
    "Nc8",
    "Bc5",
    "Ne7",
    "Bxe7",
    "Kxe7",
    "Kc5",
    "a5",
    "Kb5",
    "Kd6",
    "Kxa5",
    "Ke5",
    "f6",
    "Ke6",
    "Kb5",
    "h6",
    "gxh6",
    "Kxf6",
    "h7",
    "Kg7",
    "h8=Q+",
    "Kxh8"
  ],
  "statePieceCount": 13,
  "endPieceCount": 2,
  "boardState": [
    {
      "square": "d7",
      "type": "k",
      "color": "b"
    },
    {
      "square": "e7",
      "type": "n",
      "color": "b"
    },
    {
      "square": "h7",
      "type": "p",
      "color": "b"
    },
    {
      "square": "a6",
      "type": "p",
      "color": "b"
    },
    {
      "square": "d6",
      "type": "n",
      "color": "b"
    },
    {
      "square": "b5",
      "type": "p",
      "color": "b"
    },
    {
      "square": "d4",
      "type": "n",
      "color": "w"
    },
    {
      "square": "g4",
      "type": "p",
      "color": "b"
    },
    {
      "square": "a3",
      "type": "p",
      "color": "w"
    },
    {
      "square": "d3",
      "type": "k",
      "color": "w"
    },
    {
      "square": "h3",
      "type": "p",
      "color": "w"
    },
    {
      "square": "f2",
      "type": "p",
      "color": "w"
    },
    {
      "square": "c1",
      "type": "b",
      "color": "w"
    }
  ]
}