{
  "event": "FIDE Chess.com Online Nations Cup",
  "site": "chess.com INT",
  "date": "2020.05.07",
  "eventDate": "2020.05.05",
  "dateMillis": 1588780800000,
  "eventDateMillis": 1588608000000,
  "round": "5.2",
  "result": "1/2-1/2",
  "white": "Hikaru Nakamura",
  "black": "Ding Liren",
  "isDingWin": false,
  "isDraw": true,
  "isDingBlack": true,
  "moves": [
    "Rxa6",
    "Rf6",
    "Rf1",
    "h5",
    "Ra3",
    "Rf5",
    "Re3",
    "Rxa2",
    "Rxe4"
  ],
  "statePieceCount": 13,
  "endPieceCount": 10,
  "boardState": [
    {
      "square": "f7",
      "type": "k",
      "color": "b"
    },
    {
      "square": "h7",
      "type": "p",
      "color": "b"
    },
    {
      "square": "a6",
      "type": "p",
      "color": "b"
    },
    {
      "square": "e6",
      "type": "p",
      "color": "b"
    },
    {
      "square": "h6",
      "type": "r",
      "color": "b"
    },
    {
      "square": "a4",
      "type": "r",
      "color": "w"
    },
    {
      "square": "e4",
      "type": "p",
      "color": "b"
    },
    {
      "square": "a2",
      "type": "p",
      "color": "w"
    },
    {
      "square": "b2",
      "type": "r",
      "color": "b"
    },
    {
      "square": "f2",
      "type": "p",
      "color": "w"
    },
    {
      "square": "g2",
      "type": "p",
      "color": "w"
    },
    {
      "square": "c1",
      "type": "r",
      "color": "w"
    },
    {
      "square": "g1",
      "type": "k",
      "color": "w"
    }
  ]
}