{
  "event": "Lindores Abbey Rapid Challenge",
  "site": "chess24.com INT",
  "date": "2020.05.19",
  "eventDate": "2020.05.19",
  "dateMillis": 1589817600000,
  "eventDateMillis": 1589817600000,
  "round": "2.5",
  "result": "1/2-1/2",
  "white": "Alireza Firouzja",
  "black": "Ding Liren",
  "isDingWin": false,
  "isDraw": true,
  "isDingBlack": true,
  "moves": [
    "Kd1",
    "Rf2",
    "Ra7+",
    "Kg6",
    "Ra6+",
    "Kf7",
    "Ra7+",
    "Ke6",
    "Ra6+",
    "Kd7",
    "Ra7+",
    "Kc6",
    "Ra6+",
    "Kb5",
    "Re6",
    "Ka4",
    "Rxe5",
    "h6",
    "Re6",
    "Kb3",
    "Rxh6",
    "Rxf3",
    "Rg6",
    "Rd3+",
    "Ke2",
    "Kxc3",
    "Rxg5",
    "Re3+",
    "Kf2",
    "Rxe4",
    "Rg8",
    "Kd3",
    "g5",
    "c3",
    "Rd8+",
    "Kc2",
    "Kf3",
    "Re7",
    "Kxf4",
    "Rg7",
    "Rc8",
    "Kb2"
  ],
  "statePieceCount": 13,
  "endPieceCount": 6,
  "boardState": [
    {
      "square": "g7",
      "type": "k",
      "color": "b"
    },
    {
      "square": "h7",
      "type": "p",
      "color": "b"
    },
    {
      "square": "e5",
      "type": "p",
      "color": "b"
    },
    {
      "square": "g5",
      "type": "p",
      "color": "b"
    },
    {
      "square": "a4",
      "type": "r",
      "color": "w"
    },
    {
      "square": "c4",
      "type": "p",
      "color": "b"
    },
    {
      "square": "e4",
      "type": "p",
      "color": "w"
    },
    {
      "square": "f4",
      "type": "p",
      "color": "b"
    },
    {
      "square": "g4",
      "type": "p",
      "color": "w"
    },
    {
      "square": "c3",
      "type": "p",
      "color": "w"
    },
    {
      "square": "f3",
      "type": "p",
      "color": "w"
    },
    {
      "square": "c2",
      "type": "k",
      "color": "w"
    },
    {
      "square": "h2",
      "type": "r",
      "color": "b"
    }
  ]
}