{
  "event": "Pro Chess League",
  "site": "chess.com INT",
  "date": "2018.03.07",
  "eventDate": "2018.01.18",
  "dateMillis": 1520352000000,
  "eventDateMillis": 1516204800000,
  "round": "9",
  "result": "1/2-1/2",
  "white": "Ottomar Ladva",
  "black": "Magnus Carlsen",
  "isDingWin": false,
  "isDraw": true,
  "isDingBlack": true,
  "moves": [
    "Kxe4",
    "Kxg3",
    "Kf5",
    "Kf3",
    "g4+",
    "Kg3",
    "Kg5",
    "Kg2",
    "Kf4",
    "Kf2",
    "Ke5",
    "Kg3",
    "Kd6",
    "Kxg4"
  ],
  "statePieceCount": 5,
  "endPieceCount": 2,
  "boardState": [
    {
      "square": "g5",
      "type": "p",
      "color": "b"
    },
    {
      "square": "e4",
      "type": "r",
      "color": "w"
    },
    {
      "square": "f4",
      "type": "k",
      "color": "b"
    },
    {
      "square": "g3",
      "type": "p",
      "color": "b"
    },
    {
      "square": "g2",
      "type": "k",
      "color": "w"
    }
  ]
}