{
  "event": "Gashimov Memorial",
  "site": "Shamkir AZE",
  "date": "2019.04.02",
  "eventDate": "2019.03.31",
  "dateMillis": 1554134400000,
  "eventDateMillis": 1553961600000,
  "round": "3",
  "result": "0-1",
  "white": "David Navara",
  "black": "Magnus Carlsen",
  "isDingWin": true,
  "isDraw": false,
  "isDingBlack": true,
  "moves": [
    "Kxd5",
    "h2"
  ],
  "statePieceCount": 5,
  "endPieceCount": 4,
  "boardState": [
    {
      "square": "c6",
      "type": "p",
      "color": "w"
    },
    {
      "square": "d6",
      "type": "k",
      "color": "w"
    },
    {
      "square": "g6",
      "type": "k",
      "color": "b"
    },
    {
      "square": "d5",
      "type": "r",
      "color": "b"
    },
    {
      "square": "h3",
      "type": "p",
      "color": "b"
    }
  ]
}