{
  "event": "GCT Croatia",
  "site": "Zagreb CRO",
  "date": "2019.06.27",
  "eventDate": "2019.06.26",
  "dateMillis": 1561564800000,
  "eventDateMillis": 1561478400000,
  "round": "2.1",
  "result": "1/2-1/2",
  "white": "Magnus Carlsen",
  "black": "Viswanathan Anand",
  "isDingWin": false,
  "isDraw": true,
  "isDingBlack": false,
  "moves": [
    "Kb1",
    "f8=Q",
    "a2",
    "Qf5+",
    "Kb2",
    "Qe5+",
    "Kb1",
    "Qe4+",
    "Kb2",
    "Qe2+",
    "Kb1",
    "Nf6",
    "a1=Q",
    "Nd5",
    "Qg7+",
    "Kd6",
    "Qf8+",
    "Ke5",
    "Qe8+",
    "Kd4",
    "Qxe2",
    "Nc3+",
    "Ka1",
    "Nxe2"
  ],
  "statePieceCount": 5,
  "endPieceCount": 3,
  "boardState": [
    {
      "square": "e7",
      "type": "k",
      "color": "w"
    },
    {
      "square": "f7",
      "type": "p",
      "color": "w"
    },
    {
      "square": "h7",
      "type": "n",
      "color": "w"
    },
    {
      "square": "a3",
      "type": "p",
      "color": "b"
    },
    {
      "square": "a2",
      "type": "k",
      "color": "b"
    }
  ]
}