{
  "event": "GCT Croatia",
  "site": "Zagreb CRO",
  "date": "2019.06.29",
  "eventDate": "2019.06.26",
  "dateMillis": 1561737600000,
  "eventDateMillis": 1561478400000,
  "round": "4.2",
  "result": "1/2-1/2",
  "white": "Magnus Carlsen",
  "black": "Shakhriyar Mamedyarov",
  "isCarlsenWin": false,
  "isDraw": true,
  "isCarlsenBlack": false,
  "moves": [
    "Ke5",
    "Nc5",
    "a6",
    "Nxa6",
    "Kxe6"
  ],
  "statePieceCount": 5,
  "endPieceCount": 3,
  "boardState": [
    {
      "square": "a6",
      "type": "n",
      "color": "b"
    },
    {
      "square": "e6",
      "type": "p",
      "color": "b"
    },
    {
      "square": "a5",
      "type": "p",
      "color": "w"
    },
    {
      "square": "d4",
      "type": "k",
      "color": "w"
    },
    {
      "square": "g2",
      "type": "k",
      "color": "b"
    }
  ],
  "nextTurn": "w"
}