{
  "event": "GCT St. Louis Rapid & Blitz",
  "site": "St Louis, MO USA",
  "date": "2019.08.14",
  "eventDate": "2019.08.13",
  "dateMillis": 1565712000000,
  "eventDateMillis": 1565625600000,
  "round": "10.1",
  "result": "1/2-1/2",
  "white": "Maxime Vachier-Lagrave",
  "black": "Magnus Carlsen",
  "isDingWin": false,
  "isDraw": true,
  "isDingBlack": true,
  "moves": [
    "Nf6+",
    "Kg6",
    "Nxh7",
    "Kxh7"
  ],
  "statePieceCount": 5,
  "endPieceCount": 3,
  "boardState": [
    {
      "square": "h7",
      "type": "r",
      "color": "w"
    },
    {
      "square": "b6",
      "type": "n",
      "color": "w"
    },
    {
      "square": "c6",
      "type": "k",
      "color": "b"
    },
    {
      "square": "h5",
      "type": "k",
      "color": "w"
    },
    {
      "square": "e4",
      "type": "n",
      "color": "b"
    }
  ]
}