{
  "event": "FIDE Online Steinitz Memorial",
  "site": "chess24.com INT",
  "date": "2020.05.17",
  "eventDate": "2020.05.15",
  "dateMillis": 1589644800000,
  "eventDateMillis": 1589472000000,
  "round": "18",
  "result": "1/2-1/2",
  "white": "Jeffery Xiong",
  "black": "Magnus Carlsen",
  "isDingWin": false,
  "isDraw": true,
  "isDingBlack": true,
  "moves": [
    "Kxa7",
    "e1=Q",
    "Rxe1",
    "Kxe1"
  ],
  "statePieceCount": 5,
  "endPieceCount": 2,
  "boardState": [
    {
      "square": "a7",
      "type": "r",
      "color": "b"
    },
    {
      "square": "b7",
      "type": "k",
      "color": "w"
    },
    {
      "square": "e2",
      "type": "p",
      "color": "b"
    },
    {
      "square": "f2",
      "type": "k",
      "color": "b"
    },
    {
      "square": "a1",
      "type": "r",
      "color": "w"
    }
  ]
}