{
  "event": "Chessable Masters",
  "site": "chess24.com INT",
  "date": "2020.07.03",
  "eventDate": "2020.06.25",
  "dateMillis": 1593705600000,
  "eventDateMillis": 1593014400000,
  "round": "3.15",
  "result": "1/2-1/2",
  "white": "Anish Giri",
  "black": "Magnus Carlsen",
  "isCarlsenWin": false,
  "isDraw": true,
  "isCarlsenBlack": true,
  "moves": [
    "b6",
    "Ke6",
    "Rh8",
    "Kd7",
    "Rh6",
    "Kc8",
    "Ke3",
    "Kb7",
    "Kd3",
    "Rxb6",
    "Rxb6+",
    "Kxb6"
  ],
  "statePieceCount": 5,
  "endPieceCount": 2,
  "boardState": [
    {
      "square": "b8",
      "type": "r",
      "color": "w"
    },
    {
      "square": "b5",
      "type": "p",
      "color": "w"
    },
    {
      "square": "f5",
      "type": "k",
      "color": "b"
    },
    {
      "square": "b4",
      "type": "r",
      "color": "b"
    },
    {
      "square": "f3",
      "type": "k",
      "color": "w"
    }
  ],
  "nextTurn": "w"
}