{
  "event": "Chessable Masters",
  "site": "chess24.com INT",
  "date": "2020.07.04",
  "eventDate": "2020.06.25",
  "dateMillis": 1593792000000,
  "eventDateMillis": 1593014400000,
  "round": "3.22",
  "result": "1/2-1/2",
  "white": "Anish Giri",
  "black": "Magnus Carlsen",
  "isDingWin": false,
  "isDraw": true,
  "isDingBlack": true,
  "moves": [
    "Kd4",
    "Na4",
    "Kxc4",
    "Nxc3"
  ],
  "statePieceCount": 5,
  "endPieceCount": 3,
  "boardState": [
    {
      "square": "c5",
      "type": "n",
      "color": "b"
    },
    {
      "square": "e5",
      "type": "k",
      "color": "w"
    },
    {
      "square": "g5",
      "type": "k",
      "color": "b"
    },
    {
      "square": "c4",
      "type": "p",
      "color": "b"
    },
    {
      "square": "c3",
      "type": "p",
      "color": "w"
    }
  ]
}