{
  "event": "Legends of Chess",
  "site": "chess24.com INT",
  "date": "2020.07.27",
  "eventDate": "2020.07.21",
  "dateMillis": 1595779200000,
  "eventDateMillis": 1595260800000,
  "round": "7.3",
  "result": "1/2-1/2",
  "white": "Peter Svidler",
  "black": "Magnus Carlsen",
  "isDingWin": false,
  "isDraw": true,
  "isDingBlack": true,
  "moves": [
    "Kxf4",
    "g3",
    "Kf3",
    "gxf2",
    "Kxf2"
  ],
  "statePieceCount": 5,
  "endPieceCount": 2,
  "boardState": [
    {
      "square": "g7",
      "type": "k",
      "color": "b"
    },
    {
      "square": "f4",
      "type": "p",
      "color": "b"
    },
    {
      "square": "g4",
      "type": "p",
      "color": "b"
    },
    {
      "square": "g3",
      "type": "k",
      "color": "w"
    },
    {
      "square": "f2",
      "type": "n",
      "color": "w"
    }
  ]
}