{
  "event": "Legends of Chess",
  "site": "chess24.com INT",
  "date": "2020.07.29",
  "eventDate": "2020.07.21",
  "dateMillis": 1595952000000,
  "eventDateMillis": 1595260800000,
  "round": "9.2",
  "result": "1/2-1/2",
  "white": "Vladimir Kramnik",
  "black": "Magnus Carlsen",
  "isDingWin": false,
  "isDraw": true,
  "isDingBlack": true,
  "moves": [
    "Bxg5",
    "Kh3",
    "Kf3",
    "Kh2",
    "Bf4+",
    "Kh1",
    "h3",
    "Kg1",
    "h2+",
    "Kh1",
    "Kg3"
  ],
  "statePieceCount": 5,
  "endPieceCount": 4,
  "boardState": [
    {
      "square": "g5",
      "type": "n",
      "color": "w"
    },
    {
      "square": "e4",
      "type": "k",
      "color": "b"
    },
    {
      "square": "g4",
      "type": "k",
      "color": "w"
    },
    {
      "square": "h4",
      "type": "p",
      "color": "b"
    },
    {
      "square": "e3",
      "type": "b",
      "color": "b"
    }
  ]
}