{
  "event": "Magnus Carlsen Chess Tour Finals",
  "site": "chess24.com INT",
  "date": "2020.08.15",
  "eventDate": "2020.08.09",
  "dateMillis": 1597420800000,
  "eventDateMillis": 1596902400000,
  "round": "2.25",
  "result": "1/2-1/2",
  "white": "Magnus Carlsen",
  "black": "Hikaru Nakamura",
  "isCarlsenWin": false,
  "isDraw": true,
  "isCarlsenBlack": false,
  "moves": [
    "Kf3",
    "Kf5",
    "g4+",
    "hxg4+",
    "Kg3",
    "Kg6",
    "Kxg4",
    "Kh6",
    "h5",
    "Kh7",
    "Kg5",
    "Kh8",
    "h6",
    "Kg8",
    "Kg6",
    "Kh8",
    "h7"
  ],
  "statePieceCount": 5,
  "endPieceCount": 3,
  "boardState": [
    {
      "square": "e5",
      "type": "k",
      "color": "b"
    },
    {
      "square": "h5",
      "type": "p",
      "color": "b"
    },
    {
      "square": "h4",
      "type": "p",
      "color": "w"
    },
    {
      "square": "g3",
      "type": "p",
      "color": "w"
    },
    {
      "square": "g2",
      "type": "k",
      "color": "w"
    }
  ],
  "nextTurn": "w"
}