{
  "event": "chess.com Speed Chess",
  "site": "chess.com INT",
  "date": "2020.11.02",
  "eventDate": "2020.11.01",
  "dateMillis": 1604246400000,
  "eventDateMillis": 1604160000000,
  "round": "1.28",
  "result": "1/2-1/2",
  "white": "Magnus Carlsen",
  "black": "Parham Maghsoodloo",
  "isDingWin": false,
  "isDraw": true,
  "isDingBlack": false,
  "moves": [
    "Ke2",
    "Kd7",
    "Kd3",
    "Kc6",
    "Ke4",
    "Kc5",
    "Kf5",
    "Kd6",
    "Kg6",
    "Ke6",
    "Kxh6",
    "Kf7",
    "Kh5",
    "Kf8",
    "Kxg5",
    "Kg7",
    "Kh5",
    "Kh7",
    "g5",
    "Kg7",
    "g6",
    "Kg8",
    "Kh6",
    "Kh8",
    "g7+",
    "Kg8",
    "Kg6"
  ],
  "statePieceCount": 5,
  "endPieceCount": 3,
  "boardState": [
    {
      "square": "e6",
      "type": "k",
      "color": "b"
    },
    {
      "square": "h6",
      "type": "p",
      "color": "b"
    },
    {
      "square": "g5",
      "type": "p",
      "color": "b"
    },
    {
      "square": "g4",
      "type": "p",
      "color": "w"
    },
    {
      "square": "f3",
      "type": "k",
      "color": "w"
    }
  ]
}