{
  "event": "Skilling Open",
  "site": "chess24.com INT",
  "date": "2020.11.26",
  "eventDate": "2020.11.25",
  "dateMillis": 1606320000000,
  "eventDateMillis": 1606233600000,
  "round": "1.21",
  "result": "1/2-1/2",
  "white": "Anish Giri",
  "black": "Magnus Carlsen",
  "isCarlsenWin": false,
  "isDraw": true,
  "isCarlsenBlack": true,
  "moves": [
    "Kc3",
    "Rf5",
    "Kd4",
    "Rh5",
    "Rxh5",
    "Kxh5",
    "h4",
    "Kxh4"
  ],
  "statePieceCount": 5,
  "endPieceCount": 2,
  "boardState": [
    {
      "square": "h8",
      "type": "r",
      "color": "w"
    },
    {
      "square": "g6",
      "type": "k",
      "color": "b"
    },
    {
      "square": "b4",
      "type": "k",
      "color": "w"
    },
    {
      "square": "h3",
      "type": "p",
      "color": "w"
    },
    {
      "square": "f2",
      "type": "r",
      "color": "b"
    }
  ],
  "nextTurn": "w"
}