{
  "event": "Airthings Masters",
  "site": "chess24.com INT",
  "date": "2020.12.30",
  "eventDate": "2020.12.29",
  "dateMillis": 1609257600000,
  "eventDateMillis": 1609171200000,
  "round": "1.22",
  "result": "1/2-1/2",
  "white": "Magnus Carlsen",
  "black": "Daniil Dubov",
  "isDingWin": false,
  "isDraw": true,
  "isDingBlack": false,
  "moves": [
    "Rd2",
    "Rc1+",
    "Kb4",
    "Rc6",
    "Rd3",
    "Rf6",
    "Kc5",
    "Rf8",
    "Kc4",
    "Kc6",
    "Kc3",
    "Rf5",
    "Kd2",
    "Rd5",
    "Ke3",
    "Rxd3+",
    "Kxd3",
    "Kd5"
  ],
  "statePieceCount": 5,
  "endPieceCount": 3,
  "boardState": [
    {
      "square": "c7",
      "type": "k",
      "color": "b"
    },
    {
      "square": "c5",
      "type": "k",
      "color": "w"
    },
    {
      "square": "f3",
      "type": "p",
      "color": "w"
    },
    {
      "square": "h2",
      "type": "r",
      "color": "w"
    },
    {
      "square": "b1",
      "type": "r",
      "color": "b"
    }
  ]
}