{
  "event": "Tata Steel",
  "site": "Wijk aan Zee NED",
  "date": "2021.01.21",
  "eventDate": "2021.01.15",
  "dateMillis": 1611158400000,
  "eventDateMillis": 1610640000000,
  "round": "5",
  "result": "1/2-1/2",
  "white": "Magnus Carlsen",
  "black": "Alexander Donchenko",
  "isDingWin": false,
  "isDraw": true,
  "isDingBlack": false,
  "moves": [
    "Bxh2",
    "Kxg5"
  ],
  "statePieceCount": 5,
  "endPieceCount": 3,
  "boardState": [
    {
      "square": "g5",
      "type": "p",
      "color": "b"
    },
    {
      "square": "f4",
      "type": "b",
      "color": "b"
    },
    {
      "square": "g4",
      "type": "k",
      "color": "w"
    },
    {
      "square": "e3",
      "type": "k",
      "color": "b"
    },
    {
      "square": "h2",
      "type": "r",
      "color": "w"
    }
  ]
}