{
  "event": "Tata Steel",
  "site": "Wijk aan Zee NED",
  "date": "2021.01.19",
  "eventDate": "2021.01.16",
  "dateMillis": 1610985600000,
  "eventDateMillis": 1610726400000,
  "round": "4.1",
  "result": "1/2-1/2",
  "white": "Jorden van Foreest",
  "black": "Magnus Carlsen",
  "isDingWin": false,
  "isDraw": true,
  "isDingBlack": true,
  "moves": [
    "Kxg5",
    "Kf3",
    "Kh4",
    "Kxf4",
    "Kxh3"
  ],
  "statePieceCount": 5,
  "endPieceCount": 2,
  "boardState": [
    {
      "square": "g5",
      "type": "n",
      "color": "w"
    },
    {
      "square": "h5",
      "type": "k",
      "color": "b"
    },
    {
      "square": "f4",
      "type": "p",
      "color": "b"
    },
    {
      "square": "h3",
      "type": "p",
      "color": "w"
    },
    {
      "square": "g2",
      "type": "k",
      "color": "w"
    }
  ]
}