{
  "event": "Tata Steel",
  "site": "Wijk aan Zee NED",
  "date": "2021.01.18",
  "eventDate": "2021.01.15",
  "dateMillis": 1610899200000,
  "eventDateMillis": 1610640000000,
  "round": "3",
  "result": "1/2-1/2",
  "white": "Magnus Carlsen",
  "black": "Aryan Tari",
  "isCarlsenWin": false,
  "isDraw": true,
  "isCarlsenBlack": false,
  "moves": [
    "axb5",
    "Kc8",
    "b6",
    "Kb8",
    "Kd7",
    "Ka8",
    "Kc7"
  ],
  "statePieceCount": 5,
  "endPieceCount": 4,
  "boardState": [
    {
      "square": "d8",
      "type": "k",
      "color": "b"
    },
    {
      "square": "b7",
      "type": "p",
      "color": "b"
    },
    {
      "square": "d6",
      "type": "k",
      "color": "w"
    },
    {
      "square": "b5",
      "type": "p",
      "color": "b"
    },
    {
      "square": "a4",
      "type": "p",
      "color": "w"
    }
  ],
  "nextTurn": "w"
}