{
  "event": "Magnus Carlsen Invitational",
  "site": "chess24.com INT",
  "date": "2021.03.15",
  "eventDate": "2021.03.13",
  "dateMillis": 1615737600000,
  "eventDateMillis": 1615564800000,
  "round": "14.6",
  "result": "1/2-1/2",
  "white": "Daniil Dubov",
  "black": "Magnus Carlsen",
  "isCarlsenWin": false,
  "isDraw": true,
  "isCarlsenBlack": true,
  "moves": [
    "Kxe3",
    "Kxg2",
    "Kf4",
    "Kf2",
    "g4",
    "Kg2",
    "g3",
    "Kg1",
    "Kg4",
    "Kg2",
    "Kh4",
    "Kg1",
    "Kh3",
    "Kh1",
    "g2+",
    "Kg1",
    "Kg3"
  ],
  "statePieceCount": 5,
  "endPieceCount": 3,
  "boardState": [
    {
      "square": "g5",
      "type": "p",
      "color": "b"
    },
    {
      "square": "f4",
      "type": "k",
      "color": "b"
    },
    {
      "square": "e3",
      "type": "r",
      "color": "w"
    },
    {
      "square": "g2",
      "type": "p",
      "color": "b"
    },
    {
      "square": "g1",
      "type": "k",
      "color": "w"
    }
  ],
  "nextTurn": "b"
}