{
  "event": "Magnus Carlsen Invitational",
  "site": "chess24.com INT",
  "date": "2021.03.19",
  "eventDate": "2021.03.13",
  "dateMillis": 1616083200000,
  "eventDateMillis": 1615564800000,
  "round": "2.31",
  "result": "1/2-1/2",
  "white": "Ian Nepomniachtchi",
  "black": "Magnus Carlsen",
  "isCarlsenWin": false,
  "isDraw": true,
  "isCarlsenBlack": true,
  "moves": [
    "Ra4",
    "Nd5",
    "Ra8",
    "Ke5",
    "Re8+",
    "Kd4",
    "Rd8",
    "Re3+",
    "Kf2",
    "Re5",
    "Ra8",
    "Kd3",
    "Ra3+",
    "Nc3",
    "Kf3",
    "Rf5+",
    "Kg4",
    "Rf8",
    "Ra7",
    "Nb5",
    "Rd7+",
    "Nd4",
    "Re7",
    "Nf5",
    "Ra7",
    "Ne3+",
    "Kg3",
    "Nf5+",
    "Kf4",
    "Nd4+",
    "Kg3",
    "Nc6",
    "Ra4",
    "Ne5",
    "Ra3+",
    "Ke4",
    "Ra4+",
    "Ke3",
    "Ra3+",
    "Nd3",
    "Kg4",
    "Rf1",
    "Kg5",
    "Ke4",
    "Ra4+",
    "Kd5",
    "Ra5+",
    "Nc5",
    "Kg4",
    "Kd4",
    "Ra8",
    "Ne6",
    "Ra4+",
    "Ke5",
    "Ra5+",
    "Ke4",
    "Ra4+",
    "Nd4",
    "Kg5",
    "Rf5+",
    "Kg6",
    "Rb5",
    "Kf6",
    "Rd5",
    "Kg6",
    "Kf4",
    "Kf6",
    "Rd7",
    "Ra6",
    "Rh7",
    "Ra4",
    "Rh6+",
    "Ke7",
    "Ke4",
    "Ra1",
    "Nc6+",
    "Kf7",
    "Ne5+",
    "Ke7",
    "Nd3",
    "Kf7",
    "Kf5",
    "Ke7",
    "Re6+",
    "Kd7",
    "Ne5+",
    "Kc7",
    "Rb6",
    "Kxb6",
    "Ke4",
    "Ra4+",
    "Kd5",
    "Rh4",
    "Nc4+",
    "Kc7",
    "Ne5",
    "Rh5",
    "Kd4",
    "Kd6",
    "Nc4+",
    "Ke6",
    "Ne3",
    "Rh4+",
    "Kd3",
    "Ke5",
    "Nc4+",
    "Kd5",
    "Ne3+",
    "Kc5",
    "Nc2",
    "Ra4",
    "Ne3",
    "Rd4+",
    "Kc3",
    "Rd8",
    "Nc2",
    "Kd5",
    "Kd3",
    "Ke5+",
    "Ke3",
    "Rc8",
    "Kd3",
    "Rd8+",
    "Ke3",
    "Rh8",
    "Kd3",
    "Rh4",
    "Kc3",
    "Kd5",
    "Ne3+",
    "Ke4",
    "Nc2",
    "Rh8",
    "Kd2",
    "Rh3",
    "Nb4",
    "Rb3",
    "Nc2",
    "Rd3+",
    "Ke2",
    "Rh3",
    "Kd2",
    "Rb3",
    "Ne1",
    "Ra3",
    "Nc2",
    "Rd3+",
    "Ke2",
    "Rd8",
    "Ne1",
    "Rh8",
    "Kd2",
    "Rh1",
    "Nc2",
    "Rh3",
    "Ne1",
    "Rg3",
    "Nc2",
    "Rd3+"
  ],
  "statePieceCount": 5,
  "endPieceCount": 4,
  "boardState": [
    {
      "square": "e6",
      "type": "k",
      "color": "b"
    },
    {
      "square": "f6",
      "type": "n",
      "color": "b"
    },
    {
      "square": "h4",
      "type": "r",
      "color": "w"
    },
    {
      "square": "g3",
      "type": "r",
      "color": "b"
    },
    {
      "square": "e2",
      "type": "k",
      "color": "w"
    }
  ],
  "nextTurn": "w"
}