{
  "event": "New In Chess Classic",
  "site": "chess24.com INT",
  "date": "2021.04.24",
  "eventDate": "2021.04.24",
  "dateMillis": 1619193600000,
  "eventDateMillis": 1619193600000,
  "round": "1.5",
  "result": "1/2-1/2",
  "white": "Magnus Carlsen",
  "black": "Sergey Karjakin",
  "isCarlsenWin": false,
  "isDraw": true,
  "isCarlsenBlack": false,
  "moves": [
    "b4",
    "Kd4",
    "b3",
    "Bc1",
    "b2",
    "Bxb2",
    "Nxb2"
  ],
  "statePieceCount": 5,
  "endPieceCount": 3,
  "boardState": [
    {
      "square": "f8",
      "type": "k",
      "color": "b"
    },
    {
      "square": "b5",
      "type": "p",
      "color": "b"
    },
    {
      "square": "g5",
      "type": "b",
      "color": "w"
    },
    {
      "square": "c4",
      "type": "n",
      "color": "b"
    },
    {
      "square": "e4",
      "type": "k",
      "color": "w"
    }
  ],
  "nextTurn": "b"
}