{
  "event": "New In Chess Classic",
  "site": "chess24.com INT",
  "date": "2021.04.26",
  "eventDate": "2021.04.24",
  "dateMillis": 1619366400000,
  "eventDateMillis": 1619193600000,
  "round": "13.3",
  "result": "1/2-1/2",
  "white": "Rameshbabu Praggnanandhaa",
  "black": "Magnus Carlsen",
  "isCarlsenWin": false,
  "isDraw": true,
  "isCarlsenBlack": true,
  "moves": [
    "Kxa8",
    "h3",
    "Rh7",
    "Kg2",
    "Rxh3",
    "Kxh3"
  ],
  "statePieceCount": 5,
  "endPieceCount": 2,
  "boardState": [
    {
      "square": "a8",
      "type": "r",
      "color": "b"
    },
    {
      "square": "b8",
      "type": "k",
      "color": "w"
    },
    {
      "square": "g7",
      "type": "r",
      "color": "w"
    },
    {
      "square": "h4",
      "type": "p",
      "color": "b"
    },
    {
      "square": "f3",
      "type": "k",
      "color": "b"
    }
  ],
  "nextTurn": "w"
}