{
  "event": "FTX Crypto Cup",
  "site": "chess24.com INT",
  "date": "2021.05.23",
  "eventDate": "2021.05.23",
  "dateMillis": 1621699200000,
  "eventDateMillis": 1621699200000,
  "round": "2.5",
  "result": "1/2-1/2",
  "white": "Magnus Carlsen",
  "black": "Ian Nepomniachtchi",
  "isCarlsenWin": false,
  "isDraw": true,
  "isCarlsenBlack": false,
  "moves": [
    "Nxc4",
    "Rxc4",
    "Kxc4"
  ],
  "statePieceCount": 5,
  "endPieceCount": 2,
  "boardState": [
    {
      "square": "d5",
      "type": "k",
      "color": "b"
    },
    {
      "square": "e5",
      "type": "n",
      "color": "b"
    },
    {
      "square": "c4",
      "type": "p",
      "color": "w"
    },
    {
      "square": "g2",
      "type": "k",
      "color": "w"
    },
    {
      "square": "c1",
      "type": "r",
      "color": "w"
    }
  ],
  "nextTurn": "b"
}