{
  "event": "FTX Crypto Cup",
  "site": "chess24.com INT",
  "date": "2021.05.25",
  "eventDate": "2021.05.23",
  "dateMillis": 1621872000000,
  "eventDateMillis": 1621699200000,
  "round": "13.7",
  "result": "1/2-1/2",
  "white": "Magnus Carlsen",
  "black": "Peter Svidler",
  "isDingWin": false,
  "isDraw": true,
  "isDingBlack": false,
  "moves": [
    "Qg1+",
    "Kc6",
    "Qxh2",
    "Qxh2+",
    "Kxh2"
  ],
  "statePieceCount": 5,
  "endPieceCount": 2,
  "boardState": [
    {
      "square": "h7",
      "type": "q",
      "color": "w"
    },
    {
      "square": "b6",
      "type": "k",
      "color": "w"
    },
    {
      "square": "g2",
      "type": "k",
      "color": "b"
    },
    {
      "square": "h2",
      "type": "p",
      "color": "w"
    },
    {
      "square": "f1",
      "type": "q",
      "color": "b"
    }
  ]
}