{
  "event": "Aimchess US Rapid",
  "site": "chess24.com INT",
  "date": "2021.08.30",
  "eventDate": "2021.08.28",
  "dateMillis": 1630252800000,
  "eventDateMillis": 1630080000000,
  "round": "14.8",
  "result": "1/2-1/2",
  "white": "Van Foreest, Jorden",
  "black": "Magnus Carlsen",
  "isDingWin": false,
  "isDraw": true,
  "isDingBlack": true,
  "moves": [
    "Kh4",
    "Bxf3",
    "Kg5",
    "Bg4",
    "Kxf4"
  ],
  "statePieceCount": 5,
  "endPieceCount": 3,
  "boardState": [
    {
      "square": "b5",
      "type": "k",
      "color": "b"
    },
    {
      "square": "h5",
      "type": "b",
      "color": "b"
    },
    {
      "square": "f4",
      "type": "p",
      "color": "b"
    },
    {
      "square": "f3",
      "type": "p",
      "color": "w"
    },
    {
      "square": "h3",
      "type": "k",
      "color": "w"
    }
  ]
}