{
  "event": "Aimchess US Rapid",
  "site": "chess24.com INT",
  "date": "2021.09.04",
  "eventDate": "2021.08.28",
  "dateMillis": 1630684800000,
  "eventDateMillis": 1630080000000,
  "round": "3.14",
  "result": "1/2-1/2",
  "white": "Magnus Carlsen",
  "black": "Vladislav Artemiev",
  "isCarlsenWin": false,
  "isDraw": true,
  "isCarlsenBlack": false,
  "moves": [
    "Kxf4",
    "g3+",
    "Kg4",
    "Kg2",
    "h4",
    "gxh4",
    "Kxh4"
  ],
  "statePieceCount": 5,
  "endPieceCount": 2,
  "boardState": [
    {
      "square": "g5",
      "type": "k",
      "color": "b"
    },
    {
      "square": "h5",
      "type": "p",
      "color": "b"
    },
    {
      "square": "f4",
      "type": "r",
      "color": "w"
    },
    {
      "square": "f2",
      "type": "k",
      "color": "w"
    },
    {
      "square": "g2",
      "type": "p",
      "color": "w"
    }
  ],
  "nextTurn": "b"
}