{
  "event": "Aimchess US Rapid",
  "site": "chess24.com INT",
  "date": "2021.09.03",
  "eventDate": "2021.08.28",
  "dateMillis": 1630598400000,
  "eventDateMillis": 1630080000000,
  "round": "2.23",
  "result": "1/2-1/2",
  "white": "Levon Aronian",
  "black": "Magnus Carlsen",
  "isDingWin": false,
  "isDraw": true,
  "isDingBlack": true,
  "moves": [
    "f4",
    "Rb3+",
    "Kg2",
    "Kg4",
    "f3",
    "Ra3",
    "Rb2",
    "Rxf3",
    "Rb4+",
    "Rf4",
    "Rxf4+",
    "Kxf4"
  ],
  "statePieceCount": 5,
  "endPieceCount": 2,
  "boardState": [
    {
      "square": "f5",
      "type": "p",
      "color": "b"
    },
    {
      "square": "b4",
      "type": "r",
      "color": "w"
    },
    {
      "square": "h4",
      "type": "k",
      "color": "w"
    },
    {
      "square": "f3",
      "type": "k",
      "color": "b"
    },
    {
      "square": "f2",
      "type": "r",
      "color": "b"
    }
  ]
}