{
  "event": "Meltwater Tour Final 2021",
  "site": "Chess24 INT",
  "date": "2021.09.29",
  "eventDate": "2021.09.23",
  "dateMillis": 1632844800000,
  "eventDateMillis": 1632326400000,
  "round": "5.1",
  "result": "1-0",
  "white": "Magnus Carlsen",
  "black": "Hikaru Nakamura",
  "isCarlsenWin": true,
  "isDraw": false,
  "isCarlsenBlack": false,
  "moves": [
    "Kxa7",
    "c4",
    "Rc6"
  ],
  "statePieceCount": 5,
  "endPieceCount": 4,
  "boardState": [
    {
      "square": "a7",
      "type": "r",
      "color": "b"
    },
    {
      "square": "b7",
      "type": "k",
      "color": "w"
    },
    {
      "square": "b6",
      "type": "r",
      "color": "w"
    },
    {
      "square": "c5",
      "type": "p",
      "color": "b"
    },
    {
      "square": "e5",
      "type": "k",
      "color": "b"
    }
  ],
  "nextTurn": "w"
}