{
  "event": "Meltwater Tour Final 2021",
  "site": "Chess24 INT",
  "date": "2021.10.03",
  "eventDate": "2021.09.23",
  "dateMillis": 1633190400000,
  "eventDateMillis": 1632326400000,
  "round": "8.2",
  "result": "1/2-1/2",
  "white": "Magnus Carlsen",
  "black": "Levon Aronian",
  "isDingWin": false,
  "isDraw": true,
  "isDingBlack": false,
  "moves": [
    "Kg3",
    "Rf1",
    "Re5+",
    "Kg6",
    "Rf5",
    "Rxf5",
    "gxf5+",
    "Kxf5"
  ],
  "statePieceCount": 5,
  "endPieceCount": 2,
  "boardState": [
    {
      "square": "g5",
      "type": "k",
      "color": "b"
    },
    {
      "square": "e4",
      "type": "r",
      "color": "w"
    },
    {
      "square": "g4",
      "type": "p",
      "color": "w"
    },
    {
      "square": "f2",
      "type": "r",
      "color": "b"
    },
    {
      "square": "h2",
      "type": "k",
      "color": "w"
    }
  ]
}