{
  "event": "Norwegian League",
  "site": "Oslo NOR",
  "date": "2022.02.05",
  "dateMillis": 1643990400000,
  "eventDateMillis": null,
  "round": "5",
  "result": "1/2-1/2",
  "white": "Magnus Carlsen",
  "black": "Tallaksen Ostmoe, Geir Sune",
  "isDingWin": false,
  "isDraw": true,
  "isDingBlack": false,
  "moves": [
    "Kd5",
    "Kd3",
    "Kc6",
    "Kc4",
    "Rxb7",
    "Rxb7",
    "Kxb7"
  ],
  "statePieceCount": 5,
  "endPieceCount": 2,
  "boardState": [
    {
      "square": "b8",
      "type": "r",
      "color": "b"
    },
    {
      "square": "b7",
      "type": "p",
      "color": "w"
    },
    {
      "square": "e5",
      "type": "k",
      "color": "b"
    },
    {
      "square": "b4",
      "type": "r",
      "color": "w"
    },
    {
      "square": "e3",
      "type": "k",
      "color": "w"
    }
  ]
}