{
  "event": "Charity Cup",
  "site": "Chess24",
  "date": "2022.03.22",
  "eventDate": "2022.03.19",
  "dateMillis": 1647878400000,
  "eventDateMillis": 1647619200000,
  "round": "15.6",
  "result": "1/2-1/2",
  "white": "Santosh Gujrathi Vidit",
  "black": "Magnus Carlsen",
  "isCarlsenWin": false,
  "isDraw": true,
  "isCarlsenBlack": true,
  "moves": [
    "Kxh4",
    "Nxf5+"
  ],
  "statePieceCount": 5,
  "endPieceCount": 3,
  "boardState": [
    {
      "square": "f5",
      "type": "p",
      "color": "b"
    },
    {
      "square": "d4",
      "type": "n",
      "color": "w"
    },
    {
      "square": "g4",
      "type": "k",
      "color": "b"
    },
    {
      "square": "h4",
      "type": "p",
      "color": "w"
    },
    {
      "square": "f2",
      "type": "k",
      "color": "w"
    }
  ],
  "nextTurn": "b"
}