{
  "event": "Oslo Esports Cup",
  "site": "Oslo NOR",
  "date": "2022.04.22",
  "eventDate": "2022.04.22",
  "dateMillis": 1650556800000,
  "eventDateMillis": 1650556800000,
  "round": "1.2",
  "result": "1/2-1/2",
  "white": "Magnus Carlsen",
  "black": "Jan-Krzysztof Duda",
  "isDingWin": false,
  "isDraw": true,
  "isDingBlack": false,
  "moves": [
    "Nc6",
    "a6",
    "Nb8",
    "g2",
    "Kxg2",
    "a5",
    "Nc6",
    "Kb5",
    "Nxa5"
  ],
  "statePieceCount": 5,
  "endPieceCount": 3,
  "boardState": [
    {
      "square": "a7",
      "type": "p",
      "color": "b"
    },
    {
      "square": "e5",
      "type": "n",
      "color": "w"
    },
    {
      "square": "a4",
      "type": "k",
      "color": "b"
    },
    {
      "square": "f3",
      "type": "k",
      "color": "w"
    },
    {
      "square": "g3",
      "type": "p",
      "color": "b"
    }
  ]
}