{
  "event": "Oslo Esports Cup",
  "site": "Oslo NOR",
  "date": "2022.04.26",
  "eventDate": "2022.04.22",
  "dateMillis": 1650902400000,
  "eventDateMillis": 1650556800000,
  "round": "5.3",
  "result": "1/2-1/2",
  "white": "Van Foreest, Jorden",
  "black": "Magnus Carlsen",
  "isCarlsenWin": false,
  "isDraw": true,
  "isCarlsenBlack": true,
  "moves": [
    "Nxc7",
    "a5",
    "Nb5",
    "a4",
    "Kd4",
    "a3",
    "Nxa3"
  ],
  "statePieceCount": 5,
  "endPieceCount": 3,
  "boardState": [
    {
      "square": "c7",
      "type": "b",
      "color": "b"
    },
    {
      "square": "a6",
      "type": "p",
      "color": "b"
    },
    {
      "square": "d5",
      "type": "n",
      "color": "w"
    },
    {
      "square": "h5",
      "type": "k",
      "color": "b"
    },
    {
      "square": "e4",
      "type": "k",
      "color": "w"
    }
  ],
  "nextTurn": "w"
}