{
  "event": "Chessable Masters",
  "site": "chess24.com INT",
  "date": "2022.05.21",
  "eventDate": "2022.05.19",
  "dateMillis": 1653062400000,
  "eventDateMillis": 1652889600000,
  "round": "12.1",
  "result": "1/2-1/2",
  "white": "Magnus Carlsen",
  "black": "Yi Wei",
  "isCarlsenWin": false,
  "isDraw": true,
  "isCarlsenBlack": false,
  "moves": [
    "Kxe8",
    "Kg3",
    "Rg7+",
    "Kf3",
    "Rh7",
    "Kg4",
    "Ke7",
    "h4",
    "Ke6",
    "h3",
    "Ke5",
    "Kg3",
    "Ke4",
    "h2",
    "Ke3",
    "Kg2",
    "Ke2",
    "h1=Q",
    "Rxh1",
    "Kxh1"
  ],
  "statePieceCount": 5,
  "endPieceCount": 2,
  "boardState": [
    {
      "square": "e8",
      "type": "r",
      "color": "b"
    },
    {
      "square": "f8",
      "type": "k",
      "color": "w"
    },
    {
      "square": "f7",
      "type": "r",
      "color": "w"
    },
    {
      "square": "h5",
      "type": "p",
      "color": "b"
    },
    {
      "square": "h4",
      "type": "k",
      "color": "b"
    }
  ],
  "nextTurn": "w"
}