{
  "event": "FTX Crypto Cup",
  "site": "Miami, FL USA",
  "date": "2022.08.17",
  "eventDate": "2022.08.15",
  "dateMillis": 1660665600000,
  "eventDateMillis": 1660492800000,
  "round": "3.2",
  "result": "1/2-1/2",
  "white": "Magnus Carlsen",
  "black": "Levon Aronian",
  "isDingWin": false,
  "isDraw": true,
  "isDingBlack": false,
  "moves": [
    "Kxf5",
    "Kd3",
    "Ke5",
    "Ke3",
    "Kxd5",
    "Kd3",
    "Ke5",
    "Ke3",
    "d5",
    "Kd3",
    "d4",
    "Kd2",
    "Ke4",
    "Ke2",
    "d3+",
    "Kd2",
    "Kd4",
    "Kd1",
    "Ke3",
    "Ke1",
    "d2+",
    "Kd1",
    "Kd3"
  ],
  "statePieceCount": 5,
  "endPieceCount": 3,
  "boardState": [
    {
      "square": "d6",
      "type": "p",
      "color": "b"
    },
    {
      "square": "f6",
      "type": "k",
      "color": "b"
    },
    {
      "square": "d5",
      "type": "p",
      "color": "w"
    },
    {
      "square": "f5",
      "type": "b",
      "color": "w"
    },
    {
      "square": "d4",
      "type": "k",
      "color": "w"
    }
  ]
}