{
  "event": "World Rapid Championship",
  "site": "Riyadh KSA",
  "date": "2017.12.28",
  "eventDate": "2017.12.26",
  "dateMillis": 1514390400000,
  "eventDateMillis": 1514217600000,
  "round": "12.1",
  "result": "0-1",
  "white": "Vladimir Fedoseev",
  "black": "Magnus Carlsen",
  "isDingWin": true,
  "isDraw": false,
  "isDingBlack": true,
  "moves": [
    "Kd1",
    "a2",
    "Nb3",
    "Kc4",
    "Na1",
    "Kc3",
    "Kc1",
    "Bf5",
    "h4",
    "Bg6",
    "h5",
    "Bxh5",
    "Nc2",
    "Be8",
    "Na1",
    "Ba4",
    "Nc2",
    "Kb3"
  ],
  "statePieceCount": 6,
  "endPieceCount": 5,
  "boardState": [
    {
      "square": "g6",
      "type": "b",
      "color": "b"
    },
    {
      "square": "d5",
      "type": "k",
      "color": "b"
    },
    {
      "square": "a3",
      "type": "p",
      "color": "b"
    },
    {
      "square": "h3",
      "type": "p",
      "color": "w"
    },
    {
      "square": "d2",
      "type": "n",
      "color": "w"
    },
    {
      "square": "e2",
      "type": "k",
      "color": "w"
    }
  ]
}