{
  "event": "Chess.com Speed Chess Championship 2017/18",
  "site": "chess.com INT",
  "date": "2018.01.03",
  "eventDate": "2017.05.03",
  "dateMillis": 1514908800000,
  "eventDateMillis": 1493740800000,
  "round": "4.19",
  "result": "1/2-1/2",
  "white": "Hikaru Nakamura",
  "black": "Magnus Carlsen",
  "isCarlsenWin": false,
  "isDraw": true,
  "isCarlsenBlack": true,
  "moves": [
    "Kxd7",
    "Kd5",
    "Kc7",
    "b5",
    "Kd7",
    "Ke5",
    "Kc7",
    "Ke6",
    "Kc8",
    "Ke7",
    "Kc7",
    "Ke8",
    "Kc8",
    "Ke7",
    "Kc7",
    "Ke6",
    "Kc8",
    "Kd5",
    "Kd7",
    "Kc4",
    "Kc7",
    "Kd4",
    "Kc8",
    "Kd5",
    "Kc7",
    "Kd4",
    "Kc8",
    "b6",
    "Kb8",
    "Kc5",
    "Ka8",
    "Kd6",
    "Kb8",
    "Kd7",
    "Ka8",
    "a6",
    "Kb8",
    "a7+",
    "Ka8",
    "Kc7"
  ],
  "statePieceCount": 6,
  "endPieceCount": 5,
  "boardState": [
    {
      "square": "b7",
      "type": "p",
      "color": "b"
    },
    {
      "square": "c7",
      "type": "k",
      "color": "b"
    },
    {
      "square": "d7",
      "type": "r",
      "color": "w"
    },
    {
      "square": "a5",
      "type": "p",
      "color": "w"
    },
    {
      "square": "b4",
      "type": "p",
      "color": "w"
    },
    {
      "square": "e4",
      "type": "k",
      "color": "w"
    }
  ],
  "nextTurn": "b"
}