{
  "event": "Pro Chess League",
  "site": "chess.com INT",
  "date": "2018.02.28",
  "eventDate": "2018.01.18",
  "dateMillis": 1519747200000,
  "eventDateMillis": 1516204800000,
  "round": "8",
  "result": "0-1",
  "white": "Magnus Carlsen",
  "black": "Babu M R Lalith",
  "isCarlsenWin": false,
  "isDraw": false,
  "isCarlsenBlack": false,
  "moves": [
    "Kxb3",
    "Ka1",
    "Kc4",
    "Ka2",
    "Kb4",
    "Ka1",
    "a3",
    "bxa3+",
    "Kxa3",
    "Kb1",
    "Kb3"
  ],
  "statePieceCount": 6,
  "endPieceCount": 3,
  "boardState": [
    {
      "square": "c6",
      "type": "p",
      "color": "b"
    },
    {
      "square": "a4",
      "type": "p",
      "color": "b"
    },
    {
      "square": "b4",
      "type": "k",
      "color": "b"
    },
    {
      "square": "b3",
      "type": "r",
      "color": "w"
    },
    {
      "square": "b2",
      "type": "p",
      "color": "w"
    },
    {
      "square": "b1",
      "type": "k",
      "color": "w"
    }
  ],
  "nextTurn": "b"
}