{
  "event": "Pro Chess League",
  "site": "chess.com INT",
  "date": "2018.03.07",
  "eventDate": "2018.01.18",
  "dateMillis": 1520352000000,
  "eventDateMillis": 1516204800000,
  "round": "9",
  "result": "1/2-1/2",
  "white": "Ottomar Ladva",
  "black": "Magnus Carlsen",
  "isDingWin": false,
  "isDraw": true,
  "isDingBlack": true,
  "moves": [
    "Kg2",
    "Re2+",
    "Kg3",
    "Re3+",
    "Kg2",
    "g3",
    "Ra8",
    "Kg4",
    "Ra4+",
    "Kh5",
    "Rb4",
    "Ra3",
    "Rc4",
    "Re3",
    "Ra4",
    "Kg6",
    "Rb4",
    "Kf5",
    "Rb5+",
    "Kf4",
    "Rb4+",
    "Re4",
    "Rxe4+",
    "Kxe4",
    "Kxg3",
    "Kf5",
    "Kf3",
    "g4+",
    "Kg3",
    "Kg5",
    "Kg2",
    "Kf4",
    "Kf2",
    "Ke5",
    "Kg3",
    "Kd6",
    "Kxg4"
  ],
  "statePieceCount": 6,
  "endPieceCount": 2,
  "boardState": [
    {
      "square": "g8",
      "type": "r",
      "color": "w"
    },
    {
      "square": "e6",
      "type": "r",
      "color": "b"
    },
    {
      "square": "f5",
      "type": "k",
      "color": "b"
    },
    {
      "square": "g5",
      "type": "p",
      "color": "b"
    },
    {
      "square": "g4",
      "type": "p",
      "color": "b"
    },
    {
      "square": "h3",
      "type": "k",
      "color": "w"
    }
  ]
}