{
  "event": "GRENKE Chess Classic",
  "site": "Karlsruhe GER",
  "date": "2018.04.02",
  "eventDate": "2018.03.31",
  "dateMillis": 1522598400000,
  "eventDateMillis": 1522425600000,
  "round": "3",
  "result": "1/2-1/2",
  "white": "Matthias Bluebaum",
  "black": "Magnus Carlsen",
  "isDingWin": false,
  "isDraw": true,
  "isDingBlack": true,
  "moves": [
    "Nd4+",
    "Kc5",
    "Nxb5",
    "Kb6",
    "Ke5"
  ],
  "statePieceCount": 6,
  "endPieceCount": 5,
  "boardState": [
    {
      "square": "a6",
      "type": "p",
      "color": "b"
    },
    {
      "square": "c6",
      "type": "k",
      "color": "w"
    },
    {
      "square": "b5",
      "type": "p",
      "color": "w"
    },
    {
      "square": "f5",
      "type": "k",
      "color": "b"
    },
    {
      "square": "b4",
      "type": "p",
      "color": "w"
    },
    {
      "square": "f3",
      "type": "n",
      "color": "b"
    }
  ]
}