{
  "event": "Gashimov Memorial",
  "site": "Shamkir AZE",
  "date": "2018.04.20",
  "eventDate": "2018.04.18",
  "dateMillis": 1524153600000,
  "eventDateMillis": 1523980800000,
  "round": "2",
  "result": "1/2-1/2",
  "white": "Magnus Carlsen",
  "black": "David Navara",
  "isCarlsenWin": false,
  "isDraw": true,
  "isCarlsenBlack": false,
  "moves": [
    "Kxe3",
    "Kc4",
    "a3",
    "Kb3",
    "Kd4",
    "Kxa3",
    "Kc5",
    "Kb3",
    "b5",
    "axb5",
    "Kxb5"
  ],
  "statePieceCount": 6,
  "endPieceCount": 2,
  "boardState": [
    {
      "square": "a6",
      "type": "p",
      "color": "b"
    },
    {
      "square": "d5",
      "type": "k",
      "color": "b"
    },
    {
      "square": "b4",
      "type": "p",
      "color": "w"
    },
    {
      "square": "f4",
      "type": "k",
      "color": "w"
    },
    {
      "square": "e3",
      "type": "r",
      "color": "b"
    },
    {
      "square": "a2",
      "type": "p",
      "color": "w"
    }
  ],
  "nextTurn": "w"
}