{
  "event": "Gashimov Memorial",
  "site": "Shamkir AZE",
  "date": "2019.04.02",
  "eventDate": "2019.03.31",
  "dateMillis": 1554134400000,
  "eventDateMillis": 1553961600000,
  "round": "3",
  "result": "0-1",
  "white": "David Navara",
  "black": "Magnus Carlsen",
  "isCarlsenWin": true,
  "isDraw": false,
  "isCarlsenBlack": true,
  "moves": [
    "c6",
    "Rc3",
    "Bd5",
    "h3",
    "Ke5",
    "Rc5",
    "Kd6",
    "Rxd5+",
    "Kxd5",
    "h2"
  ],
  "statePieceCount": 6,
  "endPieceCount": 4,
  "boardState": [
    {
      "square": "g6",
      "type": "k",
      "color": "b"
    },
    {
      "square": "c5",
      "type": "p",
      "color": "w"
    },
    {
      "square": "f4",
      "type": "k",
      "color": "w"
    },
    {
      "square": "h4",
      "type": "p",
      "color": "b"
    },
    {
      "square": "a3",
      "type": "r",
      "color": "b"
    },
    {
      "square": "f3",
      "type": "b",
      "color": "w"
    }
  ],
  "nextTurn": "w"
}