{
  "event": "Grand Chess Tour Cote d�Ivoire (Rapid & Blitz)",
  "site": "Abidjan CIV",
  "date": "2019.05.12",
  "eventDate": "2019.05.11",
  "dateMillis": 1557590400000,
  "eventDateMillis": 1557504000000,
  "round": "16.1",
  "result": "1/2-1/2",
  "white": "Magnus Carlsen",
  "black": "Wesley So",
  "isDingWin": false,
  "isDraw": true,
  "isDingBlack": false,
  "moves": [
    "Rxa4+",
    "Kg3",
    "Kc5"
  ],
  "statePieceCount": 6,
  "endPieceCount": 5,
  "boardState": [
    {
      "square": "d6",
      "type": "k",
      "color": "b"
    },
    {
      "square": "a4",
      "type": "p",
      "color": "w"
    },
    {
      "square": "h4",
      "type": "k",
      "color": "w"
    },
    {
      "square": "b2",
      "type": "p",
      "color": "w"
    },
    {
      "square": "e2",
      "type": "r",
      "color": "w"
    },
    {
      "square": "a1",
      "type": "r",
      "color": "b"
    }
  ]
}