{
  "event": "Norway Chess",
  "site": "Stavanger NOR",
  "date": "2019.06.04",
  "eventDate": "2019.06.04",
  "dateMillis": 1559577600000,
  "eventDateMillis": 1559577600000,
  "round": "1.1",
  "result": "1/2-1/2",
  "white": "Magnus Carlsen",
  "black": "Viswanathan Anand",
  "isDingWin": false,
  "isDraw": true,
  "isDingBlack": false,
  "moves": [
    "Rd4",
    "Kc6",
    "Kg1",
    "Kc5",
    "Rxg4",
    "Kd5"
  ],
  "statePieceCount": 6,
  "endPieceCount": 5,
  "boardState": [
    {
      "square": "d8",
      "type": "r",
      "color": "w"
    },
    {
      "square": "c7",
      "type": "k",
      "color": "b"
    },
    {
      "square": "g4",
      "type": "p",
      "color": "b"
    },
    {
      "square": "g3",
      "type": "p",
      "color": "w"
    },
    {
      "square": "c2",
      "type": "r",
      "color": "b"
    },
    {
      "square": "f1",
      "type": "k",
      "color": "w"
    }
  ]
}