{
  "event": "GCT Croatia",
  "site": "Zagreb CRO",
  "date": "2019.06.28",
  "eventDate": "2019.06.26",
  "dateMillis": 1561651200000,
  "eventDateMillis": 1561478400000,
  "round": "3.1",
  "result": "1/2-1/2",
  "white": "Fabiano Caruana",
  "black": "Magnus Carlsen",
  "isCarlsenWin": false,
  "isDraw": true,
  "isCarlsenBlack": true,
  "moves": [
    "Ke5",
    "Kf7",
    "Kd6",
    "Ke8",
    "Bc1",
    "Kd8",
    "Kc6",
    "Kc8",
    "Bf4",
    "c1=Q+",
    "Bxc1",
    "Kb8",
    "Kb6",
    "Ka8",
    "Bf4"
  ],
  "statePieceCount": 6,
  "endPieceCount": 5,
  "boardState": [
    {
      "square": "g6",
      "type": "k",
      "color": "b"
    },
    {
      "square": "a4",
      "type": "p",
      "color": "b"
    },
    {
      "square": "f4",
      "type": "k",
      "color": "w"
    },
    {
      "square": "a3",
      "type": "p",
      "color": "w"
    },
    {
      "square": "b2",
      "type": "b",
      "color": "w"
    },
    {
      "square": "c2",
      "type": "p",
      "color": "b"
    }
  ],
  "nextTurn": "w"
}