{
  "event": "Sinquefield Cup",
  "site": "St Louis, MO USA",
  "date": "2019.08.25",
  "eventDate": "2019.08.17",
  "dateMillis": 1566662400000,
  "eventDateMillis": 1565971200000,
  "round": "8",
  "result": "1/2-1/2",
  "white": "Magnus Carlsen",
  "black": "Ding Liren",
  "isDingWin": false,
  "isDraw": true,
  "isDingBlack": false,
  "moves": [
    "Ke3",
    "Bf5",
    "Rd6",
    "Rxd3+",
    "Rxd3",
    "Bxd3"
  ],
  "statePieceCount": 6,
  "endPieceCount": 3,
  "boardState": [
    {
      "square": "b6",
      "type": "r",
      "color": "w"
    },
    {
      "square": "g5",
      "type": "k",
      "color": "b"
    },
    {
      "square": "g4",
      "type": "b",
      "color": "b"
    },
    {
      "square": "c3",
      "type": "r",
      "color": "b"
    },
    {
      "square": "d3",
      "type": "b",
      "color": "w"
    },
    {
      "square": "f2",
      "type": "k",
      "color": "w"
    }
  ]
}