{
  "event": "Isle of Man Grand Swiss",
  "site": "Douglas IMN",
  "date": "2019.10.11",
  "eventDate": "2019.10.10",
  "dateMillis": 1570723200000,
  "eventDateMillis": 1570636800000,
  "round": "2",
  "result": "1/2-1/2",
  "white": "Alexey Sarana",
  "black": "Magnus Carlsen",
  "isDingWin": false,
  "isDraw": true,
  "isDingBlack": true,
  "moves": [
    "Kxh5",
    "Ra5",
    "Rb1",
    "Kf4",
    "Rf1+",
    "Nf3+"
  ],
  "statePieceCount": 6,
  "endPieceCount": 5,
  "boardState": [
    {
      "square": "h6",
      "type": "k",
      "color": "b"
    },
    {
      "square": "e5",
      "type": "n",
      "color": "w"
    },
    {
      "square": "h5",
      "type": "p",
      "color": "w"
    },
    {
      "square": "b4",
      "type": "r",
      "color": "b"
    },
    {
      "square": "g3",
      "type": "k",
      "color": "w"
    },
    {
      "square": "a1",
      "type": "r",
      "color": "w"
    }
  ]
}