{
  "event": "London Chess Classic GCT Finals",
  "site": "London ENG",
  "date": "2019.12.04",
  "eventDate": "2019.12.02",
  "dateMillis": 1575388800000,
  "eventDateMillis": 1575216000000,
  "round": "1.4",
  "result": "1/2-1/2",
  "white": "Magnus Carlsen",
  "black": "Maxime Vachier-Lagrave",
  "isDingWin": false,
  "isDraw": true,
  "isDingBlack": false,
  "moves": [
    "Nxf3",
    "Ra5",
    "Kf4",
    "Ra1",
    "Nd4",
    "Rf1+",
    "Ke5",
    "Re1+",
    "Kd5",
    "Rd1",
    "Re6+",
    "Kf7",
    "Re4",
    "Kf6",
    "Kd6",
    "Rf1",
    "Re6+",
    "Kf7",
    "Rh6",
    "Rf6+",
    "Rxf6+",
    "Kxf6"
  ],
  "statePieceCount": 6,
  "endPieceCount": 3,
  "boardState": [
    {
      "square": "e7",
      "type": "k",
      "color": "b"
    },
    {
      "square": "b6",
      "type": "r",
      "color": "w"
    },
    {
      "square": "e5",
      "type": "n",
      "color": "w"
    },
    {
      "square": "g4",
      "type": "k",
      "color": "w"
    },
    {
      "square": "a3",
      "type": "r",
      "color": "b"
    },
    {
      "square": "f3",
      "type": "b",
      "color": "b"
    }
  ]
}