{
  "event": "World Blitz Championship (Tiebreaks)",
  "site": "Moscow RUS",
  "date": "2019.12.30",
  "eventDate": "2019.12.30",
  "dateMillis": 1577635200000,
  "eventDateMillis": 1577635200000,
  "round": "1",
  "result": "1/2-1/2",
  "white": "Hikaru Nakamura",
  "black": "Magnus Carlsen",
  "isDingWin": false,
  "isDraw": true,
  "isDingBlack": true,
  "moves": [
    "Rxh7"
  ],
  "statePieceCount": 6,
  "endPieceCount": 5,
  "boardState": [
    {
      "square": "h8",
      "type": "r",
      "color": "w"
    },
    {
      "square": "h7",
      "type": "p",
      "color": "w"
    },
    {
      "square": "d6",
      "type": "k",
      "color": "w"
    },
    {
      "square": "g6",
      "type": "k",
      "color": "b"
    },
    {
      "square": "f5",
      "type": "p",
      "color": "b"
    },
    {
      "square": "h4",
      "type": "r",
      "color": "b"
    }
  ]
}