{
  "event": "Tata Steel Masters",
  "site": "Wijk aan Zee NED",
  "date": "2020.01.13",
  "eventDate": "2020.01.11",
  "dateMillis": 1578844800000,
  "eventDateMillis": 1578672000000,
  "round": "3",
  "result": "1/2-1/2",
  "white": "Magnus Carlsen",
  "black": "Jeffery Xiong",
  "isCarlsenWin": false,
  "isDraw": true,
  "isCarlsenBlack": false,
  "moves": [
    "Bxh7",
    "e5",
    "Kg4",
    "Kd4"
  ],
  "statePieceCount": 6,
  "endPieceCount": 5,
  "boardState": [
    {
      "square": "h7",
      "type": "r",
      "color": "b"
    },
    {
      "square": "a6",
      "type": "p",
      "color": "b"
    },
    {
      "square": "e6",
      "type": "p",
      "color": "b"
    },
    {
      "square": "g6",
      "type": "b",
      "color": "w"
    },
    {
      "square": "d5",
      "type": "k",
      "color": "b"
    },
    {
      "square": "g5",
      "type": "k",
      "color": "w"
    }
  ],
  "nextTurn": "w"
}