{
  "event": "Tata Steel Masters",
  "site": "Wijk aan Zee NED",
  "date": "2020.01.26",
  "eventDate": "2020.01.11",
  "dateMillis": 1579968000000,
  "eventDateMillis": 1578672000000,
  "round": "13",
  "result": "1/2-1/2",
  "white": "Wesley So",
  "black": "Magnus Carlsen",
  "isCarlsenWin": false,
  "isDraw": true,
  "isCarlsenBlack": true,
  "moves": [
    "Rb4",
    "f4",
    "Rb3+",
    "Kf2",
    "Kg4",
    "Rxa4",
    "Rf3+",
    "Kg2",
    "Rxf4",
    "Rxf4+",
    "Kxf4"
  ],
  "statePieceCount": 6,
  "endPieceCount": 2,
  "boardState": [
    {
      "square": "f5",
      "type": "p",
      "color": "b"
    },
    {
      "square": "a4",
      "type": "p",
      "color": "w"
    },
    {
      "square": "h4",
      "type": "r",
      "color": "w"
    },
    {
      "square": "f3",
      "type": "k",
      "color": "b"
    },
    {
      "square": "h3",
      "type": "k",
      "color": "w"
    },
    {
      "square": "a2",
      "type": "r",
      "color": "b"
    }
  ],
  "nextTurn": "w"
}