{
  "event": "Magnus Carlsen Invitational",
  "site": "chess24.com INT",
  "date": "2020.04.26",
  "eventDate": "2020.04.18",
  "dateMillis": 1587830400000,
  "eventDateMillis": 1587139200000,
  "round": "5.3",
  "result": "1/2-1/2",
  "white": "Anish Giri",
  "black": "Magnus Carlsen",
  "isCarlsenWin": false,
  "isDraw": true,
  "isCarlsenBlack": true,
  "moves": [
    "Kxh5",
    "Kg2",
    "Kg4",
    "Qf3+",
    "Kg5",
    "Qg3+",
    "Kf5",
    "Qf3+",
    "Qf4",
    "Qh5+",
    "Ke4",
    "Qe2+",
    "Qe3",
    "Qc4+",
    "Kf5",
    "Qb5+",
    "Kf4",
    "Qf1+",
    "Kg5",
    "Qc4",
    "e5",
    "Qg8+",
    "Kf4",
    "Qf7+",
    "Ke4",
    "Qb7+",
    "Kd3",
    "Qb3+",
    "Ke2",
    "Qb2+",
    "Kd3",
    "Qb3+",
    "Ke4",
    "Qb7+",
    "Kd3",
    "Qb3+"
  ],
  "statePieceCount": 6,
  "endPieceCount": 5,
  "boardState": [
    {
      "square": "e6",
      "type": "p",
      "color": "b"
    },
    {
      "square": "h6",
      "type": "k",
      "color": "b"
    },
    {
      "square": "e5",
      "type": "q",
      "color": "b"
    },
    {
      "square": "h5",
      "type": "p",
      "color": "w"
    },
    {
      "square": "d3",
      "type": "q",
      "color": "w"
    },
    {
      "square": "h3",
      "type": "k",
      "color": "w"
    }
  ],
  "nextTurn": "b"
}