{
  "event": "FIDE Online Steinitz Memorial",
  "site": "chess24.com INT",
  "date": "2020.05.15",
  "eventDate": "2020.05.15",
  "dateMillis": 1589472000000,
  "eventDateMillis": 1589472000000,
  "round": "1",
  "result": "1/2-1/2",
  "white": "Magnus Carlsen",
  "black": "Peter Svidler",
  "isDingWin": false,
  "isDraw": true,
  "isDingBlack": false,
  "moves": [
    "Nb5+",
    "Kd2",
    "Kxf6",
    "Bg4",
    "Ke5",
    "Bxf5"
  ],
  "statePieceCount": 6,
  "endPieceCount": 4,
  "boardState": [
    {
      "square": "f6",
      "type": "r",
      "color": "b"
    },
    {
      "square": "e5",
      "type": "k",
      "color": "w"
    },
    {
      "square": "f5",
      "type": "p",
      "color": "w"
    },
    {
      "square": "d4",
      "type": "n",
      "color": "w"
    },
    {
      "square": "c3",
      "type": "k",
      "color": "b"
    },
    {
      "square": "f3",
      "type": "b",
      "color": "b"
    }
  ]
}