{
  "event": "Clutch International",
  "site": "lichess.org INT",
  "date": "2020.06.13",
  "eventDate": "2020.06.06",
  "dateMillis": 1591977600000,
  "eventDateMillis": 1591372800000,
  "round": "3.1",
  "result": "1/2-1/2",
  "white": "Magnus Carlsen",
  "black": "Fabiano Caruana",
  "isCarlsenWin": false,
  "isDraw": true,
  "isCarlsenBlack": false,
  "moves": [
    "Rxh3",
    "Kd4",
    "Kf6",
    "Ke4",
    "Kg6",
    "Kf4",
    "Rh5",
    "Rxh5",
    "Kxh5",
    "Kg3",
    "Kg5",
    "Kh2",
    "Kh5",
    "Kh1",
    "Kg5",
    "Kg1",
    "Kh5",
    "Kh1"
  ],
  "statePieceCount": 6,
  "endPieceCount": 3,
  "boardState": [
    {
      "square": "e7",
      "type": "k",
      "color": "b"
    },
    {
      "square": "h7",
      "type": "p",
      "color": "b"
    },
    {
      "square": "c5",
      "type": "r",
      "color": "w"
    },
    {
      "square": "h5",
      "type": "r",
      "color": "b"
    },
    {
      "square": "c4",
      "type": "k",
      "color": "w"
    },
    {
      "square": "h3",
      "type": "p",
      "color": "w"
    }
  ],
  "nextTurn": "b"
}