{
  "event": "Clutch International",
  "site": "lichess.org INT",
  "date": "2020.06.13",
  "eventDate": "2020.06.06",
  "dateMillis": 1591977600000,
  "eventDateMillis": 1591372800000,
  "round": "3.2",
  "result": "1/2-1/2",
  "white": "Fabiano Caruana",
  "black": "Magnus Carlsen",
  "isDingWin": false,
  "isDraw": true,
  "isDingBlack": true,
  "moves": [
    "Kg6",
    "Rd6+",
    "Kg7",
    "Re6",
    "Rb5",
    "Re5",
    "Rb1",
    "Re6",
    "Rf1+",
    "Kg3",
    "Rg1+",
    "Kf3",
    "Rf1+",
    "Kg2",
    "Ra1",
    "g6",
    "Ra3",
    "Kf2",
    "Rb3",
    "Re3",
    "Rxe3",
    "Kxe3",
    "Kxg6",
    "g5",
    "Kxg5"
  ],
  "statePieceCount": 6,
  "endPieceCount": 2,
  "boardState": [
    {
      "square": "h7",
      "type": "k",
      "color": "b"
    },
    {
      "square": "a5",
      "type": "r",
      "color": "b"
    },
    {
      "square": "g5",
      "type": "p",
      "color": "w"
    },
    {
      "square": "f4",
      "type": "k",
      "color": "w"
    },
    {
      "square": "g4",
      "type": "p",
      "color": "w"
    },
    {
      "square": "d2",
      "type": "r",
      "color": "w"
    }
  ]
}