{
  "event": "Clutch International",
  "site": "lichess.org INT",
  "date": "2020.06.11",
  "eventDate": "2020.06.06",
  "dateMillis": 1591804800000,
  "eventDateMillis": 1591372800000,
  "round": "2.3",
  "result": "1/2-1/2",
  "white": "Magnus Carlsen",
  "black": "Levon Aronian",
  "isCarlsenWin": false,
  "isDraw": true,
  "isCarlsenBlack": false,
  "moves": [
    "Bxg3",
    "Ka7",
    "Ke4",
    "Kxa6",
    "Kf4",
    "Kb5",
    "Kxg4"
  ],
  "statePieceCount": 6,
  "endPieceCount": 3,
  "boardState": [
    {
      "square": "a8",
      "type": "k",
      "color": "b"
    },
    {
      "square": "a6",
      "type": "p",
      "color": "w"
    },
    {
      "square": "d5",
      "type": "k",
      "color": "w"
    },
    {
      "square": "g4",
      "type": "p",
      "color": "b"
    },
    {
      "square": "g3",
      "type": "n",
      "color": "b"
    },
    {
      "square": "f2",
      "type": "b",
      "color": "w"
    }
  ],
  "nextTurn": "w"
}