{
  "event": "Clutch International",
  "site": "lichess.org INT",
  "date": "2020.06.08",
  "eventDate": "2020.06.06",
  "dateMillis": 1591545600000,
  "eventDateMillis": 1591372800000,
  "round": "1.8",
  "result": "1/2-1/2",
  "white": "Magnus Carlsen",
  "black": "Jeffery Xiong",
  "isDingWin": false,
  "isDraw": true,
  "isDingBlack": false,
  "moves": [
    "Kc2",
    "Kd7",
    "Kxb2",
    "Kc6",
    "Kb3",
    "Kb6",
    "Kb4",
    "a5+",
    "Kc4",
    "Nd6+",
    "Kd5",
    "Nb7",
    "Rh8",
    "Kb5",
    "Ra8",
    "Kb6",
    "Rb8",
    "Kc7",
    "Rh8",
    "Kb6",
    "Kd4",
    "Kc6",
    "Rh5",
    "Kb6",
    "Kd5",
    "Kb5",
    "Rh1",
    "Kb6",
    "Rb1+",
    "Kc7",
    "Rb5",
    "a4",
    "Rb4",
    "Nd6",
    "Rxa4",
    "Nb7",
    "Ra6",
    "Nd8",
    "Rh6",
    "Nb7",
    "Rh7+",
    "Kb6",
    "Rg7",
    "Na5",
    "Rg1",
    "Nb7",
    "Rc1",
    "Na5",
    "Rb1+",
    "Kc7",
    "Ke6",
    "Nb7",
    "Rc1+",
    "Kb6",
    "Rc2",
    "Nc5+",
    "Kd6",
    "Nb7+",
    "Kd5",
    "Na5",
    "Rb2+",
    "Kc7",
    "Kc5",
    "Nb7+",
    "Kb5",
    "Nd6+",
    "Ka6",
    "Kc6",
    "Rc2+",
    "Kd5",
    "Rc1",
    "Nc4",
    "Rxc4",
    "Kxc4"
  ],
  "statePieceCount": 6,
  "endPieceCount": 2,
  "boardState": [
    {
      "square": "e8",
      "type": "k",
      "color": "b"
    },
    {
      "square": "b7",
      "type": "n",
      "color": "b"
    },
    {
      "square": "a6",
      "type": "p",
      "color": "b"
    },
    {
      "square": "h5",
      "type": "r",
      "color": "w"
    },
    {
      "square": "b2",
      "type": "p",
      "color": "b"
    },
    {
      "square": "d2",
      "type": "k",
      "color": "w"
    }
  ]
}