{
  "event": "Magnus Carlsen Chess Tour Finals",
  "site": "chess24.com INT",
  "date": "2020.08.14",
  "eventDate": "2020.08.09",
  "dateMillis": 1597334400000,
  "eventDateMillis": 1596902400000,
  "round": "2.14",
  "result": "1/2-1/2",
  "white": "Magnus Carlsen",
  "black": "Hikaru Nakamura",
  "isCarlsenWin": false,
  "isDraw": true,
  "isCarlsenBlack": false,
  "moves": [
    "Bf5",
    "g7+",
    "Kg8",
    "f7+",
    "Kxf7",
    "g8=Q+",
    "Kxg8",
    "Bh8",
    "Kxh8"
  ],
  "statePieceCount": 6,
  "endPieceCount": 3,
  "boardState": [
    {
      "square": "f8",
      "type": "k",
      "color": "b"
    },
    {
      "square": "e6",
      "type": "b",
      "color": "b"
    },
    {
      "square": "f6",
      "type": "p",
      "color": "w"
    },
    {
      "square": "g6",
      "type": "p",
      "color": "w"
    },
    {
      "square": "c5",
      "type": "k",
      "color": "w"
    },
    {
      "square": "a1",
      "type": "b",
      "color": "w"
    }
  ],
  "nextTurn": "b"
}