{
  "event": "Skilling Open",
  "site": "chess24.com INT",
  "date": "2020.11.27",
  "eventDate": "2020.11.25",
  "dateMillis": 1606406400000,
  "eventDateMillis": 1606233600000,
  "round": "2.13",
  "result": "1/2-1/2",
  "white": "Magnus Carlsen",
  "black": "Ian Nepomniachtchi",
  "isCarlsenWin": false,
  "isDraw": true,
  "isCarlsenBlack": false,
  "moves": [
    "Kg4",
    "Rh1",
    "Rg8+",
    "Kf7",
    "Ra8",
    "Kg7",
    "Rb8",
    "h3",
    "Kg3",
    "Kg6",
    "Rb6",
    "Kg5",
    "Rb5+",
    "f5",
    "Ra5",
    "Rb1",
    "Kxh3",
    "Rb3+",
    "Kg2",
    "Kg4",
    "Ra8",
    "Rb2+",
    "Kg1",
    "Rb3",
    "Kg2",
    "Kf4",
    "Ra4+",
    "Ke3",
    "Kg3",
    "Rd3",
    "Rf4",
    "Ke2+",
    "Kg2",
    "Rd5",
    "Kg3"
  ],
  "statePieceCount": 6,
  "endPieceCount": 5,
  "boardState": [
    {
      "square": "b8",
      "type": "r",
      "color": "w"
    },
    {
      "square": "f6",
      "type": "p",
      "color": "b"
    },
    {
      "square": "g6",
      "type": "k",
      "color": "b"
    },
    {
      "square": "f4",
      "type": "k",
      "color": "w"
    },
    {
      "square": "h4",
      "type": "p",
      "color": "b"
    },
    {
      "square": "h3",
      "type": "r",
      "color": "b"
    }
  ],
  "nextTurn": "w"
}