{
  "event": "Airthings Masters",
  "site": "chess24.com INT",
  "date": "2020.12.28",
  "eventDate": "2020.12.26",
  "dateMillis": 1609084800000,
  "eventDateMillis": 1608912000000,
  "round": "9.2",
  "result": "1/2-1/2",
  "white": "Alexander Grischuk",
  "black": "Magnus Carlsen",
  "isDingWin": false,
  "isDraw": true,
  "isDingBlack": true,
  "moves": [
    "Rg1+",
    "Kf3",
    "Rxg7",
    "Re5",
    "Rf7+",
    "Kg2",
    "Rg7+",
    "Rg5",
    "Rh7",
    "h5",
    "Ke3",
    "Kg3",
    "Ke2",
    "h4",
    "Kf1",
    "h3",
    "Kg1",
    "Rg4",
    "Kh1",
    "h2",
    "Rxh2",
    "Rh4",
    "Rxh4",
    "Kxh4"
  ],
  "statePieceCount": 6,
  "endPieceCount": 2,
  "boardState": [
    {
      "square": "g7",
      "type": "p",
      "color": "b"
    },
    {
      "square": "h6",
      "type": "p",
      "color": "b"
    },
    {
      "square": "h5",
      "type": "r",
      "color": "b"
    },
    {
      "square": "g4",
      "type": "k",
      "color": "b"
    },
    {
      "square": "d2",
      "type": "k",
      "color": "w"
    },
    {
      "square": "h1",
      "type": "r",
      "color": "w"
    }
  ]
}