{
  "event": "Airthings Masters",
  "site": "chess24.com INT",
  "date": "2020.12.30",
  "eventDate": "2020.12.29",
  "dateMillis": 1609257600000,
  "eventDateMillis": 1609171200000,
  "round": "1.22",
  "result": "1/2-1/2",
  "white": "Magnus Carlsen",
  "black": "Daniil Dubov",
  "isCarlsenWin": false,
  "isDraw": true,
  "isCarlsenBlack": false,
  "moves": [
    "Rb1+",
    "Kc5",
    "Kxc7",
    "Rd2",
    "Rc1+",
    "Kb4",
    "Rc6",
    "Rd3",
    "Rf6",
    "Kc5",
    "Rf8",
    "Kc4",
    "Kc6",
    "Kc3",
    "Rf5",
    "Kd2",
    "Rd5",
    "Ke3",
    "Rxd3+",
    "Kxd3",
    "Kd5"
  ],
  "statePieceCount": 6,
  "endPieceCount": 3,
  "boardState": [
    {
      "square": "c7",
      "type": "p",
      "color": "w"
    },
    {
      "square": "d7",
      "type": "k",
      "color": "b"
    },
    {
      "square": "b6",
      "type": "k",
      "color": "w"
    },
    {
      "square": "f3",
      "type": "p",
      "color": "w"
    },
    {
      "square": "h2",
      "type": "r",
      "color": "w"
    },
    {
      "square": "c1",
      "type": "r",
      "color": "b"
    }
  ],
  "nextTurn": "b"
}