{
  "event": "Opera Euro Rapid",
  "site": "chess24.com INT",
  "date": "2021.02.06",
  "eventDate": "2021.02.06",
  "dateMillis": 1612540800000,
  "eventDateMillis": 1612540800000,
  "round": "5.4",
  "result": "0-1",
  "white": "Leinier Dominguez Perez",
  "black": "Magnus Carlsen",
  "isCarlsenWin": true,
  "isDraw": false,
  "isCarlsenBlack": true,
  "moves": [
    "Kc3",
    "Kf5",
    "Kb2",
    "Ke5",
    "Kxa3",
    "Kd6",
    "Be8",
    "Kc5",
    "a4",
    "Bc4",
    "Kb2",
    "Kb4",
    "a3",
    "Bd5",
    "Bg6",
    "Be6",
    "Bb1",
    "Bd5",
    "Ba2",
    "Be4",
    "Bf7",
    "Bb1",
    "Bb3"
  ],
  "statePieceCount": 6,
  "endPieceCount": 5,
  "boardState": [
    {
      "square": "c6",
      "type": "b",
      "color": "b"
    },
    {
      "square": "a5",
      "type": "p",
      "color": "b"
    },
    {
      "square": "d4",
      "type": "k",
      "color": "b"
    },
    {
      "square": "g4",
      "type": "k",
      "color": "w"
    },
    {
      "square": "a3",
      "type": "p",
      "color": "w"
    },
    {
      "square": "f1",
      "type": "b",
      "color": "w"
    }
  ],
  "nextTurn": "b"
}