{
  "event": "Magnus Carlsen Invitational",
  "site": "chess24.com INT",
  "date": "2021.03.15",
  "eventDate": "2021.03.13",
  "dateMillis": 1615737600000,
  "eventDateMillis": 1615564800000,
  "round": "14.6",
  "result": "1/2-1/2",
  "white": "Daniil Dubov",
  "black": "Magnus Carlsen",
  "isCarlsenWin": false,
  "isDraw": true,
  "isCarlsenBlack": true,
  "moves": [
    "Ra2",
    "Kf5",
    "Kf3",
    "g4+",
    "Kg3",
    "Re3+",
    "Kf2",
    "Rf3+",
    "Kg2",
    "Kg5",
    "Ra8",
    "Rb3",
    "Ra2",
    "Kh4",
    "Rc2",
    "Rb8",
    "Ra2",
    "Rc8",
    "Rb2",
    "Ra8",
    "Rc2",
    "Ra4",
    "Rb2",
    "g3",
    "Rc2",
    "Rf4",
    "Rc7",
    "Rf2+",
    "Kg1",
    "g6",
    "Rc6",
    "g5",
    "Rh6+",
    "Kg4",
    "Rh8",
    "Re2",
    "Ra8",
    "Re4",
    "Kg2",
    "Rf4",
    "Kg1",
    "Rf2",
    "Ra7",
    "Re2",
    "Ra8",
    "g2",
    "Ra3",
    "Kf4",
    "Rb3",
    "Re3",
    "Rxe3",
    "Kxe3",
    "Kxg2",
    "Kf4",
    "Kf2",
    "g4",
    "Kg2",
    "g3",
    "Kg1",
    "Kg4",
    "Kg2",
    "Kh4",
    "Kg1",
    "Kh3",
    "Kh1",
    "g2+",
    "Kg1",
    "Kg3"
  ],
  "statePieceCount": 6,
  "endPieceCount": 3,
  "boardState": [
    {
      "square": "g7",
      "type": "p",
      "color": "b"
    },
    {
      "square": "a6",
      "type": "r",
      "color": "w"
    },
    {
      "square": "e6",
      "type": "r",
      "color": "b"
    },
    {
      "square": "f6",
      "type": "k",
      "color": "b"
    },
    {
      "square": "g5",
      "type": "p",
      "color": "b"
    },
    {
      "square": "f2",
      "type": "k",
      "color": "w"
    }
  ],
  "nextTurn": "w"
}