{
  "event": "Magnus Carlsen Invitational",
  "site": "chess24.com INT",
  "date": "2021.03.18",
  "eventDate": "2021.03.13",
  "dateMillis": 1615996800000,
  "eventDateMillis": 1615564800000,
  "round": "2.11",
  "result": "1/2-1/2",
  "white": "Magnus Carlsen",
  "black": "Ian Nepomniachtchi",
  "isDingWin": false,
  "isDraw": true,
  "isDingBlack": false,
  "moves": [
    "f4",
    "Ke4",
    "Kg4",
    "d6",
    "f3",
    "Ke3",
    "Kg3",
    "d7",
    "f2",
    "d8=Q",
    "f1=Q",
    "Qxg5+",
    "Kh3",
    "Qh5+",
    "Kg3",
    "Qg6+",
    "Kh3",
    "Qd3",
    "Qf8",
    "a6",
    "Qf7",
    "Ke2+",
    "Kg2",
    "Qe4+",
    "Kh2",
    "Qh4+",
    "Kg2",
    "Qg5+",
    "Kh2",
    "Qe5+",
    "Kg2",
    "Qe4+",
    "Kh2",
    "Ke3",
    "Qb3+",
    "Kf2",
    "Qb6+",
    "Kf3",
    "Qb3+",
    "Qe3",
    "Qd5+",
    "Kf2",
    "Qf5+",
    "Ke1",
    "Qb1+",
    "Ke2",
    "Qb5+",
    "Qd3",
    "Qe5+",
    "Kd2",
    "Qa5+",
    "Ke3",
    "Qe5+",
    "Kf3",
    "Qg3+",
    "Ke2",
    "Qe5+",
    "Kd1",
    "Qa1+",
    "Kd2",
    "Qa2+",
    "Ke1",
    "Qa1+",
    "Kf2",
    "Qf6+",
    "Qf3",
    "Qb6+",
    "Qe3",
    "Qf6+",
    "Qf3",
    "Qb6+",
    "Ke1",
    "Qa5+",
    "Kf2",
    "Qb6+"
  ],
  "statePieceCount": 6,
  "endPieceCount": 5,
  "boardState": [
    {
      "square": "a5",
      "type": "p",
      "color": "w"
    },
    {
      "square": "d5",
      "type": "p",
      "color": "w"
    },
    {
      "square": "e5",
      "type": "k",
      "color": "w"
    },
    {
      "square": "f5",
      "type": "p",
      "color": "b"
    },
    {
      "square": "g5",
      "type": "p",
      "color": "b"
    },
    {
      "square": "h5",
      "type": "k",
      "color": "b"
    }
  ]
}