{
  "event": "Magnus Carlsen Invitational",
  "site": "chess24.com INT",
  "date": "2021.03.17",
  "eventDate": "2021.03.13",
  "dateMillis": 1615910400000,
  "eventDateMillis": 1615564800000,
  "round": "1.23",
  "result": "1/2-1/2",
  "white": "Levon Aronian",
  "black": "Magnus Carlsen",
  "isCarlsenWin": false,
  "isDraw": true,
  "isCarlsenBlack": true,
  "moves": [
    "Kxe6",
    "Ke4",
    "Kd6",
    "a5",
    "Kc6",
    "Bc3",
    "a6",
    "Kd4",
    "Kb7",
    "Kc5",
    "Ka8",
    "Kb6",
    "Kb8",
    "Kxa6",
    "Ka8",
    "Be5"
  ],
  "statePieceCount": 6,
  "endPieceCount": 4,
  "boardState": [
    {
      "square": "h8",
      "type": "b",
      "color": "w"
    },
    {
      "square": "a7",
      "type": "p",
      "color": "b"
    },
    {
      "square": "e6",
      "type": "p",
      "color": "w"
    },
    {
      "square": "d5",
      "type": "k",
      "color": "b"
    },
    {
      "square": "a4",
      "type": "p",
      "color": "w"
    },
    {
      "square": "f4",
      "type": "k",
      "color": "w"
    }
  ],
  "nextTurn": "b"
}