{
  "event": "New In Chess Classic",
  "site": "chess24.com INT",
  "date": "2021.04.25",
  "eventDate": "2021.04.24",
  "dateMillis": 1619280000000,
  "eventDateMillis": 1619193600000,
  "round": "8.8",
  "result": "1/2-1/2",
  "white": "Johan-Sebastian Christiansen",
  "black": "Magnus Carlsen",
  "isCarlsenWin": false,
  "isDraw": true,
  "isCarlsenBlack": true,
  "moves": [
    "Rg6",
    "Rd3+",
    "Kf2",
    "Kf7",
    "Rxg5",
    "Ke6",
    "Ke2",
    "Ra3",
    "Rh5",
    "Kd5",
    "Rh4",
    "Ra2+",
    "Ke3",
    "Ra3+",
    "Ke2",
    "Ra2+",
    "Ke3",
    "Ra3+",
    "Ke2"
  ],
  "statePieceCount": 6,
  "endPieceCount": 5,
  "boardState": [
    {
      "square": "d7",
      "type": "r",
      "color": "b"
    },
    {
      "square": "e7",
      "type": "k",
      "color": "b"
    },
    {
      "square": "a6",
      "type": "r",
      "color": "w"
    },
    {
      "square": "e5",
      "type": "p",
      "color": "b"
    },
    {
      "square": "g5",
      "type": "p",
      "color": "b"
    },
    {
      "square": "g3",
      "type": "k",
      "color": "w"
    }
  ],
  "nextTurn": "w"
}