{
  "event": "New In Chess Classic",
  "site": "chess24.com INT",
  "date": "2021.05.01",
  "eventDate": "2021.04.24",
  "dateMillis": 1619798400000,
  "eventDateMillis": 1619193600000,
  "round": "3.11",
  "result": "1/2-1/2",
  "white": "Magnus Carlsen",
  "black": "Hikaru Nakamura",
  "isDingWin": false,
  "isDraw": true,
  "isDingBlack": false,
  "moves": [
    "a6",
    "Kd7",
    "a7",
    "Kc7",
    "Rh8",
    "Rxa7",
    "Rh7+",
    "Kb8",
    "Rxa7",
    "Kxa7",
    "Kxh4"
  ],
  "statePieceCount": 6,
  "endPieceCount": 2,
  "boardState": [
    {
      "square": "a8",
      "type": "r",
      "color": "w"
    },
    {
      "square": "e6",
      "type": "k",
      "color": "b"
    },
    {
      "square": "a5",
      "type": "p",
      "color": "w"
    },
    {
      "square": "a4",
      "type": "r",
      "color": "b"
    },
    {
      "square": "h4",
      "type": "p",
      "color": "b"
    },
    {
      "square": "h3",
      "type": "k",
      "color": "w"
    }
  ]
}