{
  "event": "New In Chess Classic",
  "site": "chess24.com INT",
  "date": "2021.04.26",
  "eventDate": "2021.04.24",
  "dateMillis": 1619366400000,
  "eventDateMillis": 1619193600000,
  "round": "12.7",
  "result": "1-0",
  "white": "Magnus Carlsen",
  "black": "Jan-Krzysztof Duda",
  "isDingWin": true,
  "isDraw": false,
  "isDingBlack": false,
  "moves": [
    "Rxb3+",
    "Rb4",
    "Ra3",
    "a5",
    "Kg7",
    "a6",
    "Kf6",
    "Ra4",
    "Rb3+",
    "Kc4"
  ],
  "statePieceCount": 6,
  "endPieceCount": 5,
  "boardState": [
    {
      "square": "h8",
      "type": "k",
      "color": "b"
    },
    {
      "square": "b5",
      "type": "k",
      "color": "w"
    },
    {
      "square": "a4",
      "type": "p",
      "color": "w"
    },
    {
      "square": "f4",
      "type": "r",
      "color": "w"
    },
    {
      "square": "b3",
      "type": "n",
      "color": "w"
    },
    {
      "square": "c3",
      "type": "r",
      "color": "b"
    }
  ]
}