{
  "event": "FTX Crypto Cup",
  "site": "chess24.com INT",
  "date": "2021.05.25",
  "eventDate": "2021.05.23",
  "dateMillis": 1621872000000,
  "eventDateMillis": 1621699200000,
  "round": "13.7",
  "result": "1/2-1/2",
  "white": "Magnus Carlsen",
  "black": "Peter Svidler",
  "isCarlsenWin": false,
  "isDraw": true,
  "isCarlsenBlack": false,
  "moves": [
    "a7",
    "f2",
    "a8=Q",
    "f1=Q",
    "Qe8+",
    "Kf2",
    "Qf7+",
    "Kg2",
    "Qxh7",
    "Qg1+",
    "Kc6",
    "Qxh2",
    "Qxh2+",
    "Kxh2"
  ],
  "statePieceCount": 6,
  "endPieceCount": 2,
  "boardState": [
    {
      "square": "h7",
      "type": "p",
      "color": "b"
    },
    {
      "square": "a6",
      "type": "p",
      "color": "w"
    },
    {
      "square": "b6",
      "type": "k",
      "color": "w"
    },
    {
      "square": "e3",
      "type": "k",
      "color": "b"
    },
    {
      "square": "f3",
      "type": "p",
      "color": "b"
    },
    {
      "square": "h2",
      "type": "p",
      "color": "w"
    }
  ],
  "nextTurn": "w"
}