{
  "event": "Goldmoney Asian Rapid",
  "site": "chess24.com INT",
  "date": "2021.06.28",
  "eventDate": "2021.06.26",
  "dateMillis": 1624809600000,
  "eventDateMillis": 1624636800000,
  "round": "15.4",
  "result": "1-0",
  "white": "Magnus Carlsen",
  "black": "Vidit Santosh Gujrathi",
  "isCarlsenWin": true,
  "isDraw": false,
  "isCarlsenBlack": false,
  "moves": [
    "Kf2",
    "Kb6",
    "Kg2",
    "Ng4",
    "Bxg4",
    "fxg4",
    "Kg3",
    "Kc7",
    "Kxg4",
    "Kd6",
    "Kf5",
    "Ke7",
    "Kg6",
    "Kf8",
    "Kf6",
    "Kg8",
    "Ke7"
  ],
  "statePieceCount": 6,
  "endPieceCount": 3,
  "boardState": [
    {
      "square": "a6",
      "type": "k",
      "color": "b"
    },
    {
      "square": "f5",
      "type": "p",
      "color": "b"
    },
    {
      "square": "h5",
      "type": "b",
      "color": "w"
    },
    {
      "square": "f4",
      "type": "p",
      "color": "w"
    },
    {
      "square": "e2",
      "type": "k",
      "color": "w"
    },
    {
      "square": "h2",
      "type": "n",
      "color": "b"
    }
  ],
  "nextTurn": "w"
}