{
  "event": "Aimchess US Rapid",
  "site": "chess24.com INT",
  "date": "2021.09.01",
  "eventDate": "2021.08.28",
  "dateMillis": 1630425600000,
  "eventDateMillis": 1630080000000,
  "round": "1.23",
  "result": "0-1",
  "white": "Jan-Krzysztof Duda",
  "black": "Magnus Carlsen",
  "isCarlsenWin": true,
  "isDraw": false,
  "isCarlsenBlack": true,
  "moves": [
    "Kg7",
    "Rh1",
    "g2",
    "Rg1",
    "f3",
    "Kf4",
    "Rf8+",
    "Ke3",
    "Kg6",
    "Kf2",
    "Kg5",
    "Ra1",
    "Kg4",
    "Ra7",
    "Rh8",
    "Rg7+",
    "Kh3",
    "Kg1",
    "f2+",
    "Kxf2",
    "Rf8+"
  ],
  "statePieceCount": 6,
  "endPieceCount": 5,
  "boardState": [
    {
      "square": "g8",
      "type": "r",
      "color": "b"
    },
    {
      "square": "h8",
      "type": "k",
      "color": "b"
    },
    {
      "square": "h6",
      "type": "r",
      "color": "w"
    },
    {
      "square": "f5",
      "type": "k",
      "color": "w"
    },
    {
      "square": "f4",
      "type": "p",
      "color": "b"
    },
    {
      "square": "g3",
      "type": "p",
      "color": "b"
    }
  ],
  "nextTurn": "b"
}