{
  "event": "36th ECC Open 2021",
  "site": "Struga MKD",
  "date": "2021.09.22",
  "eventDate": "2021.09.18",
  "dateMillis": 1632240000000,
  "eventDateMillis": 1631894400000,
  "round": "5.3",
  "result": "1/2-1/2",
  "white": "Shakhriyar Mamedyarov",
  "black": "Magnus Carlsen",
  "isCarlsenWin": false,
  "isDraw": true,
  "isCarlsenBlack": true,
  "moves": [
    "Rxg5+",
    "Kf6",
    "Rxd5",
    "Re5",
    "Rxe5",
    "Kxe5"
  ],
  "statePieceCount": 6,
  "endPieceCount": 2,
  "boardState": [
    {
      "square": "d7",
      "type": "k",
      "color": "b"
    },
    {
      "square": "g7",
      "type": "k",
      "color": "w"
    },
    {
      "square": "d5",
      "type": "p",
      "color": "w"
    },
    {
      "square": "g5",
      "type": "p",
      "color": "w"
    },
    {
      "square": "e2",
      "type": "r",
      "color": "w"
    },
    {
      "square": "g1",
      "type": "r",
      "color": "b"
    }
  ],
  "nextTurn": "b"
}