{
  "event": "Norwegian League",
  "site": "Oslo NOR",
  "date": "2022.02.05",
  "dateMillis": 1643990400000,
  "eventDateMillis": null,
  "round": "5",
  "result": "1/2-1/2",
  "white": "Magnus Carlsen",
  "black": "Tallaksen Ostmoe, Geir Sune",
  "isCarlsenWin": false,
  "isDraw": true,
  "isCarlsenBlack": false,
  "moves": [
    "Rd6",
    "Rb1",
    "Ka5",
    "Kf3",
    "Rf6+",
    "Kg3",
    "Rf5",
    "e4",
    "Rb5",
    "Ra1+",
    "Kb4",
    "Ra8",
    "Kc3",
    "e3",
    "Kd3",
    "Kf4",
    "b7",
    "Rd8+",
    "Ke2",
    "Rb8",
    "Rb4+",
    "Ke5",
    "Kxe3",
    "Kd5",
    "Kd3",
    "Kc6",
    "Kc4",
    "Rxb7",
    "Rxb7",
    "Kxb7"
  ],
  "statePieceCount": 6,
  "endPieceCount": 2,
  "boardState": [
    {
      "square": "b6",
      "type": "p",
      "color": "w"
    },
    {
      "square": "e6",
      "type": "r",
      "color": "w"
    },
    {
      "square": "e5",
      "type": "p",
      "color": "b"
    },
    {
      "square": "a4",
      "type": "k",
      "color": "w"
    },
    {
      "square": "e4",
      "type": "k",
      "color": "b"
    },
    {
      "square": "f1",
      "type": "r",
      "color": "b"
    }
  ],
  "nextTurn": "w"
}