{
  "event": "Airthings Masters",
  "site": "Chess24",
  "date": "2022.02.24",
  "dateMillis": 1645632000000,
  "eventDateMillis": null,
  "round": "9.2",
  "result": "0-1",
  "white": "Vladislav Artemiev",
  "black": "Magnus Carlsen",
  "isDingWin": true,
  "isDraw": false,
  "isDingBlack": true,
  "moves": [
    "Ne4",
    "g5",
    "Kf3",
    "Ne5+",
    "Kg2",
    "g4",
    "Kh2",
    "Nf7",
    "Kg2",
    "Nh6",
    "Kh2",
    "Nf5",
    "Kg2",
    "g3",
    "Kf3",
    "Kh3",
    "Kf4",
    "h4",
    "Ng5+",
    "Kg2",
    "Kg4",
    "h3",
    "Nxh3",
    "Ne3+",
    "Kh4",
    "Kh2",
    "Ng5",
    "g2",
    "Nf3+",
    "Kh1",
    "Kg3",
    "Nf5+",
    "Kf2",
    "Nd4",
    "Ng1",
    "Kh2"
  ],
  "statePieceCount": 6,
  "endPieceCount": 5,
  "boardState": [
    {
      "square": "g6",
      "type": "p",
      "color": "b"
    },
    {
      "square": "g5",
      "type": "n",
      "color": "w"
    },
    {
      "square": "h5",
      "type": "p",
      "color": "b"
    },
    {
      "square": "g4",
      "type": "n",
      "color": "b"
    },
    {
      "square": "h4",
      "type": "k",
      "color": "b"
    },
    {
      "square": "e2",
      "type": "k",
      "color": "w"
    }
  ]
}