{
  "event": "Airthings Masters",
  "site": "Chess24",
  "date": "2022.02.21",
  "eventDate": "2022.02.13",
  "dateMillis": 1645372800000,
  "eventDateMillis": 1644681600000,
  "round": "9.5",
  "result": "0-1",
  "white": "Quang Liem Le",
  "black": "Magnus Carlsen",
  "isDingWin": true,
  "isDraw": false,
  "isDingBlack": true,
  "moves": [
    "Nxf5+",
    "Kf4",
    "Ne7",
    "Kf3",
    "Ng6",
    "Be8",
    "Nh4+",
    "Kg4",
    "Ng2",
    "Kg3",
    "Ne3",
    "Bd7",
    "Kd2",
    "h4",
    "Ke1",
    "h3",
    "Nf1+",
    "Kg2",
    "Ne3+",
    "Kg1",
    "Nd1",
    "h2",
    "Nf2",
    "Bb5",
    "Nh3+",
    "Kg2",
    "Nf2",
    "Ba6"
  ],
  "statePieceCount": 6,
  "endPieceCount": 5,
  "boardState": [
    {
      "square": "d6",
      "type": "n",
      "color": "w"
    },
    {
      "square": "b5",
      "type": "b",
      "color": "b"
    },
    {
      "square": "f5",
      "type": "p",
      "color": "b"
    },
    {
      "square": "h5",
      "type": "p",
      "color": "b"
    },
    {
      "square": "c3",
      "type": "k",
      "color": "w"
    },
    {
      "square": "g3",
      "type": "k",
      "color": "b"
    }
  ]
}