{
  "event": "Airthings Masters",
  "site": "Chess24",
  "date": "2022.02.22",
  "eventDate": "2022.02.13",
  "dateMillis": 1645459200000,
  "eventDateMillis": 1644681600000,
  "round": "13.7",
  "result": "1/2-1/2",
  "white": "Levon Aronian",
  "black": "Magnus Carlsen",
  "isCarlsenWin": false,
  "isDraw": true,
  "isCarlsenBlack": true,
  "moves": [
    "Kc5",
    "Nd4",
    "Kd5",
    "Ne2",
    "Ke5",
    "Nxf4",
    "Kxf4",
    "Ke2",
    "g4",
    "fxg4",
    "Kxg4"
  ],
  "statePieceCount": 6,
  "endPieceCount": 2,
  "boardState": [
    {
      "square": "c6",
      "type": "n",
      "color": "w"
    },
    {
      "square": "g5",
      "type": "p",
      "color": "b"
    },
    {
      "square": "b4",
      "type": "k",
      "color": "b"
    },
    {
      "square": "f4",
      "type": "b",
      "color": "b"
    },
    {
      "square": "d3",
      "type": "k",
      "color": "w"
    },
    {
      "square": "f3",
      "type": "p",
      "color": "w"
    }
  ],
  "nextTurn": "b"
}