{
  "event": "Charity Cup",
  "site": "Chess24",
  "date": "2022.03.23",
  "eventDate": "2022.03.19",
  "dateMillis": 1647964800000,
  "eventDateMillis": 1647619200000,
  "round": "1.12",
  "result": "0-1",
  "white": "Hans Moke Niemann",
  "black": "Magnus Carlsen",
  "isDingWin": true,
  "isDraw": false,
  "isDingBlack": true,
  "moves": [
    "Bd5",
    "Ke3",
    "Kd6",
    "Kd4",
    "Nd8",
    "Rh6+",
    "Ne6+",
    "Kc3",
    "Kc5",
    "Rh8",
    "Nd4",
    "Rh4",
    "Nc6",
    "Rh5",
    "b5",
    "Rg5",
    "b4+",
    "Kb2",
    "Na5",
    "Kc2",
    "Nc4",
    "Kb3",
    "Nb6+",
    "Kc2",
    "b3+",
    "Kc1",
    "Kb4",
    "Rh5",
    "Ka3",
    "Rh3",
    "Ka2",
    "Rh2+",
    "Ka1",
    "Rd2",
    "Bc4",
    "Rd1",
    "b2+",
    "Kc2+",
    "Ka2",
    "Kc3",
    "b1=Q",
    "Rxb1",
    "Kxb1",
    "Kb4",
    "Bf7",
    "Kc5",
    "Nd5"
  ],
  "statePieceCount": 6,
  "endPieceCount": 4,
  "boardState": [
    {
      "square": "b7",
      "type": "p",
      "color": "b"
    },
    {
      "square": "e7",
      "type": "k",
      "color": "b"
    },
    {
      "square": "f7",
      "type": "n",
      "color": "b"
    },
    {
      "square": "e4",
      "type": "b",
      "color": "b"
    },
    {
      "square": "f4",
      "type": "k",
      "color": "w"
    },
    {
      "square": "h2",
      "type": "r",
      "color": "w"
    }
  ]
}