{
  "event": "Charity Cup",
  "site": "Chess24",
  "date": "2022.03.22",
  "eventDate": "2022.03.19",
  "dateMillis": 1647878400000,
  "eventDateMillis": 1647619200000,
  "round": "13.5",
  "result": "1/2-1/2",
  "white": "Quang Liem Le",
  "black": "Magnus Carlsen",
  "isDingWin": false,
  "isDraw": true,
  "isDingBlack": true,
  "moves": [
    "Rd4",
    "Kf3",
    "Rg4",
    "Be6",
    "Rxg5",
    "Kf4",
    "Rh5",
    "Bxf5+",
    "Rxf5+",
    "Kxf5"
  ],
  "statePieceCount": 6,
  "endPieceCount": 2,
  "boardState": [
    {
      "square": "f7",
      "type": "b",
      "color": "w"
    },
    {
      "square": "d5",
      "type": "r",
      "color": "b"
    },
    {
      "square": "f5",
      "type": "p",
      "color": "b"
    },
    {
      "square": "g5",
      "type": "p",
      "color": "w"
    },
    {
      "square": "d3",
      "type": "k",
      "color": "b"
    },
    {
      "square": "f2",
      "type": "k",
      "color": "w"
    }
  ]
}