{
  "event": "Norway Chess",
  "site": "Stavanger NOR",
  "date": "2022.06.09",
  "eventDate": "2022.05.31",
  "dateMillis": 1654704000000,
  "eventDateMillis": 1653926400000,
  "round": "15",
  "result": "1/2-1/2",
  "white": "Magnus Carlsen",
  "black": "Vachier-Lagrave, Maxime",
  "isCarlsenWin": false,
  "isDraw": true,
  "isCarlsenBlack": false,
  "moves": [
    "Rxh5",
    "Ke4",
    "Bf6",
    "Kf4",
    "Bg7",
    "Ke4",
    "Kg8",
    "Rg6",
    "Kf7",
    "Ra6",
    "Bf6",
    "Ra8",
    "Rh4+",
    "Kf5",
    "Rh5+",
    "Ke4",
    "Rb5",
    "Kf4",
    "Be5+",
    "Ke4",
    "Bd6",
    "Rh8"
  ],
  "statePieceCount": 6,
  "endPieceCount": 5,
  "boardState": [
    {
      "square": "h7",
      "type": "k",
      "color": "b"
    },
    {
      "square": "f5",
      "type": "r",
      "color": "b"
    },
    {
      "square": "h5",
      "type": "b",
      "color": "w"
    },
    {
      "square": "h4",
      "type": "b",
      "color": "b"
    },
    {
      "square": "d3",
      "type": "k",
      "color": "w"
    },
    {
      "square": "g2",
      "type": "r",
      "color": "w"
    }
  ],
  "nextTurn": "b"
}