{
  "event": "SuperUnited Croatia",
  "site": "Zagreb CRO",
  "dateMillis": null,
  "eventDateMillis": null,
  "round": "2.5",
  "result": "0-1",
  "white": "Topalov, Veselin",
  "black": "Magnus Carlsen",
  "isCarlsenWin": true,
  "isDraw": false,
  "isCarlsenBlack": true,
  "moves": [
    "Ra8",
    "Rf4",
    "Kh3",
    "Kf5",
    "Ra5+",
    "e5",
    "Rb5",
    "Ra4",
    "Rb8",
    "Kf4",
    "Kxh4",
    "e4",
    "Kh3",
    "Kf3",
    "Rf8+",
    "Ke2",
    "Kg2",
    "e3"
  ],
  "statePieceCount": 6,
  "endPieceCount": 5,
  "boardState": [
    {
      "square": "e6",
      "type": "p",
      "color": "b"
    },
    {
      "square": "a5",
      "type": "r",
      "color": "w"
    },
    {
      "square": "f5",
      "type": "r",
      "color": "b"
    },
    {
      "square": "g5",
      "type": "k",
      "color": "b"
    },
    {
      "square": "h4",
      "type": "p",
      "color": "b"
    },
    {
      "square": "h2",
      "type": "k",
      "color": "w"
    }
  ],
  "nextTurn": "w"
}