{
  "event": "FTX Crypto Cup",
  "site": "Miami, FL USA",
  "date": "2022.08.21",
  "eventDate": "2022.08.15",
  "dateMillis": 1661011200000,
  "eventDateMillis": 1660492800000,
  "round": "7.2",
  "result": "1/2-1/2",
  "white": "R Praggnanandhaa",
  "black": "Magnus Carlsen",
  "isDingWin": false,
  "isDraw": true,
  "isDingBlack": true,
  "moves": [
    "Kxg5",
    "Kf3",
    "h2",
    "Kg3",
    "Ra2",
    "Rxh2",
    "Rxh2",
    "Kxh2"
  ],
  "statePieceCount": 6,
  "endPieceCount": 2,
  "boardState": [
    {
      "square": "h8",
      "type": "r",
      "color": "w"
    },
    {
      "square": "g6",
      "type": "k",
      "color": "b"
    },
    {
      "square": "g5",
      "type": "p",
      "color": "w"
    },
    {
      "square": "e3",
      "type": "k",
      "color": "w"
    },
    {
      "square": "h3",
      "type": "p",
      "color": "b"
    },
    {
      "square": "b2",
      "type": "r",
      "color": "b"
    }
  ]
}