{
  "event": "8th Asian Continental Chess Championship",
  "site": "Subic Bay Free Port",
  "date": "2009.05.13",
  "eventDate": "2009.05.13",
  "dateMillis": 1242144000000,
  "eventDateMillis": 1242144000000,
  "round": "1.3",
  "result": "1/2-1/2",
  "white": "Zhou Jianchao",
  "black": "Ding Liren",
  "isDingWin": false,
  "isDraw": true,
  "isDingBlack": true,
  "moves": [
    "Qxf7+",
    "Ke5"
  ],
  "statePieceCount": 8,
  "endPieceCount": 7,
  "boardState": [
    {
      "square": "f7",
      "type": "b",
      "color": "b"
    },
    {
      "square": "g7",
      "type": "q",
      "color": "w"
    },
    {
      "square": "e6",
      "type": "r",
      "color": "b"
    },
    {
      "square": "f5",
      "type": "k",
      "color": "b"
    },
    {
      "square": "g5",
      "type": "p",
      "color": "b"
    },
    {
      "square": "b4",
      "type": "p",
      "color": "w"
    },
    {
      "square": "e4",
      "type": "r",
      "color": "b"
    },
    {
      "square": "f3",
      "type": "k",
      "color": "w"
    }
  ],
  "nextTurn": "w"
}