{
  "event": "Russia vs China (Rapid)",
  "site": "Sochi RUS",
  "date": "2009.08.22",
  "eventDate": "2009.08.21",
  "dateMillis": 1250870400000,
  "eventDateMillis": 1250784000000,
  "round": "6",
  "result": "0-1",
  "white": "Ding Liren",
  "black": "Evgeny Tomashevsky",
  "isDingWin": false,
  "isDraw": false,
  "isDingBlack": false,
  "moves": [
    "Rc7",
    "g4",
    "Rc4",
    "Kg3",
    "Rxa4",
    "f4",
    "Rb4",
    "f5+",
    "Kf7",
    "Be5",
    "Rb5",
    "Kf4",
    "a4",
    "Bc3",
    "Rb3",
    "Ba1",
    "Rb4+",
    "Kg5",
    "a3",
    "Kh5",
    "Rb1"
  ],
  "statePieceCount": 8,
  "endPieceCount": 7,
  "boardState": [
    {
      "square": "g7",
      "type": "r",
      "color": "b"
    },
    {
      "square": "e6",
      "type": "k",
      "color": "b"
    },
    {
      "square": "a5",
      "type": "p",
      "color": "b"
    },
    {
      "square": "a4",
      "type": "p",
      "color": "w"
    },
    {
      "square": "g3",
      "type": "p",
      "color": "w"
    },
    {
      "square": "b2",
      "type": "b",
      "color": "w"
    },
    {
      "square": "f2",
      "type": "p",
      "color": "w"
    },
    {
      "square": "g2",
      "type": "k",
      "color": "w"
    }
  ],
  "nextTurn": "b"
}