{
  "event": "Russia vs China (Rapid)",
  "site": "Sochi RUS",
  "date": "2009.08.21",
  "eventDate": "2009.08.21",
  "dateMillis": 1250784000000,
  "eventDateMillis": 1250784000000,
  "round": "3",
  "result": "1-0",
  "white": "Nikita Vitiugov",
  "black": "Ding Liren",
  "isDingWin": false,
  "isDraw": false,
  "isDingBlack": true,
  "moves": [
    "a7",
    "Rc7+",
    "Ka6",
    "Rc6+",
    "Kb5",
    "Rc8",
    "Rxh2",
    "Kc7",
    "Ka6",
    "Re8",
    "Rd2",
    "Kc6"
  ],
  "statePieceCount": 8,
  "endPieceCount": 7,
  "boardState": [
    {
      "square": "d8",
      "type": "k",
      "color": "b"
    },
    {
      "square": "b7",
      "type": "k",
      "color": "w"
    },
    {
      "square": "e7",
      "type": "n",
      "color": "b"
    },
    {
      "square": "a6",
      "type": "p",
      "color": "w"
    },
    {
      "square": "e6",
      "type": "p",
      "color": "w"
    },
    {
      "square": "c5",
      "type": "r",
      "color": "b"
    },
    {
      "square": "h2",
      "type": "p",
      "color": "b"
    },
    {
      "square": "h1",
      "type": "r",
      "color": "w"
    }
  ],
  "nextTurn": "w"
}