{
  "event": "Russia vs China (Rapid)",
  "site": "Sochi RUS",
  "date": "2009.08.22",
  "eventDate": "2009.08.21",
  "dateMillis": 1250870400000,
  "eventDateMillis": 1250784000000,
  "round": "9",
  "result": "1/2-1/2",
  "white": "Artyom Timofeev",
  "black": "Ding Liren",
  "isDingWin": false,
  "isDraw": true,
  "isDingBlack": true,
  "moves": [
    "a6",
    "e3",
    "Kc3",
    "e2",
    "Kd2",
    "Kg3",
    "Kxe2",
    "Kxg2",
    "Ke3+",
    "Kg3",
    "a7",
    "h4",
    "Ra6",
    "Re8+",
    "Kd2",
    "h3",
    "a8=Q",
    "Rxa8",
    "Rxa8",
    "h2",
    "Rg8+",
    "Kf2",
    "Rh8",
    "Kg2",
    "Rxh2+",
    "Kxh2"
  ],
  "statePieceCount": 8,
  "endPieceCount": 2,
  "boardState": [
    {
      "square": "a8",
      "type": "r",
      "color": "b"
    },
    {
      "square": "a5",
      "type": "p",
      "color": "w"
    },
    {
      "square": "h5",
      "type": "p",
      "color": "b"
    },
    {
      "square": "b4",
      "type": "k",
      "color": "w"
    },
    {
      "square": "e4",
      "type": "p",
      "color": "b"
    },
    {
      "square": "f4",
      "type": "k",
      "color": "b"
    },
    {
      "square": "a2",
      "type": "r",
      "color": "w"
    },
    {
      "square": "g2",
      "type": "p",
      "color": "w"
    }
  ],
  "nextTurn": "w"
}