{
  "event": "9th Asian Continental",
  "site": "Olongapo City PHI",
  "date": "2010.04.25",
  "eventDate": "2010.04.21",
  "dateMillis": 1272124800000,
  "eventDateMillis": 1271779200000,
  "round": "5",
  "result": "0-1",
  "white": "Tamijani Homayoon Toufighi",
  "black": "Ding Liren",
  "isDingWin": true,
  "isDraw": false,
  "isDingBlack": true,
  "moves": [
    "Rg2",
    "Rb6+",
    "Kg5",
    "Rb7",
    "Rxg4",
    "Rb5+",
    "Kf6"
  ],
  "statePieceCount": 8,
  "endPieceCount": 7,
  "boardState": [
    {
      "square": "b7",
      "type": "r",
      "color": "w"
    },
    {
      "square": "f7",
      "type": "p",
      "color": "b"
    },
    {
      "square": "g7",
      "type": "p",
      "color": "b"
    },
    {
      "square": "g6",
      "type": "k",
      "color": "b"
    },
    {
      "square": "e4",
      "type": "p",
      "color": "w"
    },
    {
      "square": "g4",
      "type": "p",
      "color": "w"
    },
    {
      "square": "a2",
      "type": "r",
      "color": "b"
    },
    {
      "square": "e1",
      "type": "k",
      "color": "w"
    }
  ],
  "nextTurn": "b"
}