{
  "event": "Hainan Danzhou GM",
  "site": "Danzhou CHN",
  "date": "2010.06.12",
  "eventDate": "2010.06.11",
  "dateMillis": 1276272000000,
  "eventDateMillis": 1276185600000,
  "round": "2",
  "result": "0-1",
  "white": "Zhou Weiqi",
  "black": "Ding Liren",
  "isDingWin": true,
  "isDraw": false,
  "isDingBlack": true,
  "moves": [
    "e3",
    "Rc1",
    "Rd2",
    "Rb1+",
    "Kxa5",
    "Kf1",
    "Rf2+",
    "Kg1",
    "Rg2+",
    "Kh1",
    "Rg8"
  ],
  "statePieceCount": 8,
  "endPieceCount": 7,
  "boardState": [
    {
      "square": "a5",
      "type": "p",
      "color": "w"
    },
    {
      "square": "b4",
      "type": "k",
      "color": "b"
    },
    {
      "square": "e4",
      "type": "p",
      "color": "b"
    },
    {
      "square": "d3",
      "type": "r",
      "color": "b"
    },
    {
      "square": "f3",
      "type": "p",
      "color": "b"
    },
    {
      "square": "h3",
      "type": "p",
      "color": "w"
    },
    {
      "square": "c2",
      "type": "r",
      "color": "w"
    },
    {
      "square": "e1",
      "type": "k",
      "color": "w"
    }
  ],
  "nextTurn": "b"
}