{
  "event": "Chinese Championship",
  "site": "Xinghua Jiangsu CHN",
  "date": "2011.04.08",
  "eventDate": "2011.03.30",
  "dateMillis": 1302192000000,
  "eventDateMillis": 1301414400000,
  "round": "9",
  "result": "1-0",
  "white": "Ding Liren",
  "black": "Li Chao",
  "isDingWin": true,
  "isDraw": false,
  "isDingBlack": false,
  "moves": [
    "Kf8",
    "Qh6+",
    "Kg8",
    "Qxh5",
    "Qe3",
    "Qg4+",
    "Kh8",
    "Qc8+",
    "Kh7",
    "Qc2+",
    "Kh6",
    "b4",
    "Qd4",
    "b5",
    "Qb4",
    "Qc6+",
    "Kg5",
    "Qd5+",
    "Kf6",
    "f4",
    "Qb2+",
    "Kh3",
    "Qb1",
    "Qc6+",
    "Kf5",
    "Qd5+",
    "Kf6",
    "Kg4",
    "Qf1",
    "Qd6+",
    "Kf7",
    "b6",
    "Qb5",
    "Qc7+",
    "Kg6",
    "Qd6+",
    "Kf7",
    "Kh4",
    "Qb2",
    "Qd5+",
    "Kg6",
    "Qe6+",
    "Kh7",
    "Qe4+",
    "Kh6",
    "Qc6+",
    "Kg7",
    "b7",
    "Qh2+",
    "Kg4",
    "Qe2+",
    "Kg5",
    "Qe7+",
    "Kf5",
    "Qf7+",
    "Kg4"
  ],
  "statePieceCount": 8,
  "endPieceCount": 7,
  "boardState": [
    {
      "square": "a7",
      "type": "q",
      "color": "b"
    },
    {
      "square": "g7",
      "type": "k",
      "color": "b"
    },
    {
      "square": "g5",
      "type": "q",
      "color": "w"
    },
    {
      "square": "h5",
      "type": "p",
      "color": "b"
    },
    {
      "square": "f3",
      "type": "p",
      "color": "w"
    },
    {
      "square": "g3",
      "type": "p",
      "color": "w"
    },
    {
      "square": "b2",
      "type": "p",
      "color": "w"
    },
    {
      "square": "g2",
      "type": "k",
      "color": "w"
    }
  ],
  "nextTurn": "b"
}