{
  "event": "Chinese Chess Championship",
  "site": "Xinghua CHN",
  "date": "2012.04.02",
  "eventDate": "2012.03.27",
  "dateMillis": 1333296000000,
  "eventDateMillis": 1332777600000,
  "round": "6",
  "result": "1/2-1/2",
  "white": "Ding Liren",
  "black": "Liu Qingnan",
  "isDingWin": false,
  "isDraw": true,
  "isDingBlack": false,
  "moves": [
    "Kxe7",
    "Kb5",
    "Kd8",
    "Kb6",
    "Kc8",
    "a4",
    "Nd6",
    "a5",
    "Nc4+",
    "Kb5",
    "Nd6+",
    "Kc5",
    "Kc7",
    "a6",
    "Nc8"
  ],
  "statePieceCount": 8,
  "endPieceCount": 7,
  "boardState": [
    {
      "square": "e8",
      "type": "n",
      "color": "b"
    },
    {
      "square": "e7",
      "type": "p",
      "color": "w"
    },
    {
      "square": "c6",
      "type": "p",
      "color": "w"
    },
    {
      "square": "d6",
      "type": "k",
      "color": "b"
    },
    {
      "square": "a4",
      "type": "k",
      "color": "w"
    },
    {
      "square": "a3",
      "type": "p",
      "color": "w"
    },
    {
      "square": "h2",
      "type": "p",
      "color": "b"
    },
    {
      "square": "h1",
      "type": "b",
      "color": "w"
    }
  ],
  "nextTurn": "b"
}