{
  "event": "Chess Olympiad",
  "site": "Istanbul TUR",
  "date": "2012.09.09",
  "eventDate": "2012.08.28",
  "dateMillis": 1347120000000,
  "eventDateMillis": 1346083200000,
  "round": "11.1",
  "result": "1/2-1/2",
  "white": "Andrei Volokitin",
  "black": "Ding Liren",
  "isDingWin": false,
  "isDraw": true,
  "isDingBlack": true,
  "moves": [
    "Rb4",
    "Rc1",
    "Kf3",
    "Rc3+",
    "Kf2",
    "Rd3",
    "Ke2",
    "Rh3",
    "Kf2",
    "e4",
    "Rb5+",
    "Kg4",
    "Re5",
    "Kf4",
    "Rxh5",
    "Rxb3",
    "Rh8",
    "Rb2+",
    "Kf1",
    "Ke3",
    "h5",
    "Rf2+",
    "Ke1",
    "Rg2",
    "Kf1",
    "Rf2+"
  ],
  "statePieceCount": 8,
  "endPieceCount": 6,
  "boardState": [
    {
      "square": "b5",
      "type": "r",
      "color": "w"
    },
    {
      "square": "e5",
      "type": "p",
      "color": "b"
    },
    {
      "square": "f5",
      "type": "k",
      "color": "b"
    },
    {
      "square": "h5",
      "type": "p",
      "color": "b"
    },
    {
      "square": "h4",
      "type": "p",
      "color": "w"
    },
    {
      "square": "b3",
      "type": "p",
      "color": "w"
    },
    {
      "square": "g3",
      "type": "k",
      "color": "w"
    },
    {
      "square": "h1",
      "type": "r",
      "color": "b"
    }
  ],
  "nextTurn": "w"
}