{
  "event": "SportAccord World Mind Games (Men's Blindfold)",
  "site": "Beijing CHN",
  "date": "2012.12.18",
  "eventDate": "2012.12.18",
  "dateMillis": 1355760000000,
  "eventDateMillis": 1355760000000,
  "round": "2.4",
  "result": "1-0",
  "white": "Ding Liren",
  "black": "Gata Kamsky",
  "isDingWin": true,
  "isDraw": false,
  "isDingBlack": false,
  "moves": [
    "fxg5",
    "Qd4",
    "Kg6",
    "Qe4+",
    "Kg7",
    "Qd4+",
    "Kf7",
    "Kf2",
    "Ke6",
    "Ke3",
    "Qb3+",
    "Kd2",
    "Qa2+",
    "Kc3",
    "Qa1+",
    "Kc4",
    "Qf1+",
    "Kc5",
    "Qf8+",
    "Kb5",
    "Qe8+",
    "Kb4",
    "Qb8",
    "Qc4+",
    "Kd6",
    "Qc5+",
    "Ke6",
    "Kb5",
    "Qg3",
    "b7",
    "Qb3+",
    "Kc6",
    "Qf3+",
    "Kb6",
    "Qb3+",
    "Kc7",
    "Qg3+",
    "Kc8"
  ],
  "statePieceCount": 8,
  "endPieceCount": 7,
  "boardState": [
    {
      "square": "b6",
      "type": "p",
      "color": "w"
    },
    {
      "square": "f6",
      "type": "p",
      "color": "b"
    },
    {
      "square": "h6",
      "type": "k",
      "color": "b"
    },
    {
      "square": "b5",
      "type": "q",
      "color": "b"
    },
    {
      "square": "g5",
      "type": "p",
      "color": "w"
    },
    {
      "square": "g4",
      "type": "p",
      "color": "w"
    },
    {
      "square": "e3",
      "type": "q",
      "color": "w"
    },
    {
      "square": "g3",
      "type": "k",
      "color": "w"
    }
  ],
  "nextTurn": "b"
}