{
  "event": "Biel",
  "site": "Biel SUI",
  "date": "2013.08.01",
  "eventDate": "2012.07.22",
  "dateMillis": 1375286400000,
  "eventDateMillis": 1342886400000,
  "round": "10.1",
  "result": "1-0",
  "white": "Maxime Vachier-Lagrave",
  "black": "Ding Liren",
  "isDingWin": false,
  "isDraw": false,
  "isDingBlack": true,
  "moves": [
    "Rxe5+",
    "Kf6",
    "Ke3",
    "Rb6",
    "Kd3",
    "Rd6+",
    "Kc3",
    "Rd1",
    "Re4",
    "Kf5",
    "Rd4"
  ],
  "statePieceCount": 8,
  "endPieceCount": 7,
  "boardState": [
    {
      "square": "d6",
      "type": "r",
      "color": "b"
    },
    {
      "square": "e6",
      "type": "k",
      "color": "b"
    },
    {
      "square": "e5",
      "type": "r",
      "color": "b"
    },
    {
      "square": "g5",
      "type": "r",
      "color": "w"
    },
    {
      "square": "f4",
      "type": "p",
      "color": "w"
    },
    {
      "square": "b3",
      "type": "p",
      "color": "b"
    },
    {
      "square": "f3",
      "type": "k",
      "color": "w"
    },
    {
      "square": "b2",
      "type": "p",
      "color": "w"
    }
  ],
  "nextTurn": "w"
}