{
  "event": "Biel",
  "site": "Biel SUI",
  "date": "2013.07.29",
  "eventDate": "2013.07.22",
  "dateMillis": 1375027200000,
  "eventDateMillis": 1374422400000,
  "round": "7",
  "result": "1/2-1/2",
  "white": "Ding Liren",
  "black": "Etienne Bacrot",
  "isDingWin": false,
  "isDraw": true,
  "isDingBlack": false,
  "moves": [
    "Kh6",
    "Kf8",
    "h4",
    "Kg8",
    "Ra4",
    "Rc8",
    "Ra7",
    "Rc3",
    "Rg7+",
    "Kf8",
    "Kxh7",
    "Rxg3",
    "h5",
    "Rh3",
    "h6",
    "Rf3",
    "Rg8+",
    "Kf7",
    "Ra8",
    "Rf1",
    "Ra7+"
  ],
  "statePieceCount": 8,
  "endPieceCount": 6,
  "boardState": [
    {
      "square": "c7",
      "type": "r",
      "color": "b"
    },
    {
      "square": "e7",
      "type": "k",
      "color": "b"
    },
    {
      "square": "h7",
      "type": "p",
      "color": "b"
    },
    {
      "square": "g6",
      "type": "p",
      "color": "b"
    },
    {
      "square": "g5",
      "type": "k",
      "color": "w"
    },
    {
      "square": "g4",
      "type": "r",
      "color": "w"
    },
    {
      "square": "g3",
      "type": "p",
      "color": "w"
    },
    {
      "square": "h2",
      "type": "p",
      "color": "w"
    }
  ],
  "nextTurn": "w"
}