{
  "event": "Biel",
  "site": "Biel SUI",
  "date": "2013.07.31",
  "eventDate": "2012.07.22",
  "dateMillis": 1375200000000,
  "eventDateMillis": 1342886400000,
  "round": "9.2",
  "result": "1/2-1/2",
  "white": "Ding Liren",
  "black": "Ian Nepomniachtchi",
  "isDingWin": false,
  "isDraw": true,
  "isDingBlack": false,
  "moves": [
    "Qxe3",
    "Qc2+",
    "Kg3",
    "Qc7+",
    "Kh3",
    "Qc6",
    "Qe4",
    "Qc1"
  ],
  "statePieceCount": 8,
  "endPieceCount": 7,
  "boardState": [
    {
      "square": "h6",
      "type": "k",
      "color": "b"
    },
    {
      "square": "c5",
      "type": "q",
      "color": "b"
    },
    {
      "square": "g5",
      "type": "p",
      "color": "b"
    },
    {
      "square": "e4",
      "type": "q",
      "color": "w"
    },
    {
      "square": "g4",
      "type": "p",
      "color": "w"
    },
    {
      "square": "e3",
      "type": "p",
      "color": "b"
    },
    {
      "square": "f3",
      "type": "p",
      "color": "w"
    },
    {
      "square": "f2",
      "type": "k",
      "color": "w"
    }
  ],
  "nextTurn": "w"
}