{
  "event": "Petrosian Memorial",
  "site": "Moscow RUS",
  "date": "2014.11.06",
  "eventDate": "2014.11.03",
  "dateMillis": 1415203200000,
  "eventDateMillis": 1414944000000,
  "round": "3",
  "result": "1/2-1/2",
  "white": "Levon Aronian",
  "black": "Ding Liren",
  "isDingWin": false,
  "isDraw": true,
  "isDingBlack": true,
  "moves": [
    "Rc5+",
    "Kd4",
    "Kd6",
    "Rxe4",
    "Ra5",
    "Re1",
    "Ra4+",
    "Kd3",
    "Ra5",
    "Kd4",
    "Ra4+",
    "Kd3",
    "Ra5"
  ],
  "statePieceCount": 8,
  "endPieceCount": 7,
  "boardState": [
    {
      "square": "c6",
      "type": "k",
      "color": "w"
    },
    {
      "square": "e6",
      "type": "p",
      "color": "b"
    },
    {
      "square": "g6",
      "type": "p",
      "color": "b"
    },
    {
      "square": "e5",
      "type": "k",
      "color": "b"
    },
    {
      "square": "g5",
      "type": "p",
      "color": "w"
    },
    {
      "square": "c4",
      "type": "r",
      "color": "w"
    },
    {
      "square": "e4",
      "type": "p",
      "color": "w"
    },
    {
      "square": "h4",
      "type": "r",
      "color": "b"
    }
  ],
  "nextTurn": "w"
}