{
  "event": "India-China Summit Match",
  "site": "Hyderabad IND",
  "date": "2015.03.04",
  "eventDate": "2015.03.02",
  "dateMillis": 1425398400000,
  "eventDateMillis": 1425225600000,
  "round": "3.4",
  "result": "0-1",
  "white": "Ding Liren",
  "black": "Babu M R Lalith",
  "isDingWin": false,
  "isDraw": false,
  "isDingBlack": false,
  "moves": [
    "Rb5+",
    "Kf6",
    "Rb6+",
    "Kg5",
    "Rb5+",
    "f5",
    "Rb2",
    "Ra4",
    "Rc2",
    "Kh5",
    "Rf2",
    "Ra5",
    "Rb2",
    "g5",
    "Rb8",
    "Ra6",
    "Rf8",
    "Kg6",
    "Rg8+",
    "Kf6",
    "Kf2",
    "Ra2+",
    "Kg1",
    "Rd2",
    "Kh1",
    "Rd4",
    "Kg2",
    "g4",
    "Rf8+",
    "Kg5",
    "Rg8+",
    "Kf4",
    "hxg4",
    "fxg4",
    "Rf8+",
    "Kg5",
    "Rg8+",
    "Kf6",
    "Rf8+",
    "Kg7",
    "Ra8",
    "Rd2+",
    "Kg1",
    "Kf6",
    "Ra4",
    "Kf5",
    "Ra5+",
    "Ke4",
    "Ra4+",
    "Rd4",
    "Ra2",
    "Kf4",
    "Kg2",
    "h3+",
    "Kh2"
  ],
  "statePieceCount": 8,
  "endPieceCount": 6,
  "boardState": [
    {
      "square": "f7",
      "type": "p",
      "color": "b"
    },
    {
      "square": "g6",
      "type": "p",
      "color": "b"
    },
    {
      "square": "f5",
      "type": "k",
      "color": "b"
    },
    {
      "square": "b4",
      "type": "r",
      "color": "w"
    },
    {
      "square": "f4",
      "type": "r",
      "color": "b"
    },
    {
      "square": "h4",
      "type": "p",
      "color": "b"
    },
    {
      "square": "h3",
      "type": "p",
      "color": "w"
    },
    {
      "square": "g2",
      "type": "k",
      "color": "w"
    }
  ],
  "nextTurn": "w"
}