{
  "event": "Ding Liren - Gelfand",
  "site": "Wenzhou CHN",
  "date": "2015.07.16",
  "eventDate": "2015.07.16",
  "dateMillis": 1436976000000,
  "eventDateMillis": 1436976000000,
  "round": "1",
  "result": "1/2-1/2",
  "white": "Boris Gelfand",
  "black": "Ding Liren",
  "isDingWin": false,
  "isDraw": true,
  "isDingBlack": true,
  "moves": [
    "Rf1",
    "Rh2+",
    "Kb3",
    "Ke7",
    "Bd3",
    "h4",
    "Bxg6",
    "Re2",
    "Rf3",
    "Re3+"
  ],
  "statePieceCount": 8,
  "endPieceCount": 7,
  "boardState": [
    {
      "square": "e8",
      "type": "k",
      "color": "b"
    },
    {
      "square": "g6",
      "type": "p",
      "color": "b"
    },
    {
      "square": "g5",
      "type": "b",
      "color": "b"
    },
    {
      "square": "h5",
      "type": "p",
      "color": "b"
    },
    {
      "square": "c4",
      "type": "b",
      "color": "w"
    },
    {
      "square": "f4",
      "type": "r",
      "color": "w"
    },
    {
      "square": "h3",
      "type": "r",
      "color": "b"
    },
    {
      "square": "c2",
      "type": "k",
      "color": "w"
    }
  ],
  "nextTurn": "w"
}