{
  "event": "IMSA Elite Mind Games (Blitz)",
  "site": "Huai'an CHN",
  "date": "2016.03.01",
  "eventDate": "2016.02.28",
  "dateMillis": 1456761600000,
  "eventDateMillis": 1456588800000,
  "round": "26.2",
  "result": "0-1",
  "white": "Ding Liren",
  "black": "Leinier Dominguez Perez",
  "isDingWin": false,
  "isDraw": false,
  "isDingBlack": false,
  "moves": [
    "Kg7",
    "Kb4",
    "h5",
    "Kc3",
    "g5",
    "Kd4",
    "Kg6",
    "Ke3",
    "f5",
    "Rb6+",
    "Rf6",
    "Rxf6+",
    "Kxf6",
    "Kf3",
    "h4",
    "Bc6",
    "Ke5",
    "Bd7",
    "g4+",
    "Kg2",
    "Kf4",
    "Bc8",
    "Kg5",
    "Bd7",
    "f4",
    "Kf2",
    "f3",
    "Bc6",
    "Kf4",
    "Bd7",
    "h3",
    "Kg1",
    "Kg3",
    "Bb5",
    "h2+",
    "Kh1",
    "Kf2",
    "Bc6",
    "Kg3",
    "Bb5",
    "Kf2",
    "Bc6",
    "Kf1",
    "Kxh2",
    "Kf2",
    "Kh1",
    "g3"
  ],
  "statePieceCount": 8,
  "endPieceCount": 5,
  "boardState": [
    {
      "square": "f8",
      "type": "r",
      "color": "b"
    },
    {
      "square": "g8",
      "type": "k",
      "color": "b"
    },
    {
      "square": "b7",
      "type": "r",
      "color": "w"
    },
    {
      "square": "f7",
      "type": "p",
      "color": "b"
    },
    {
      "square": "h7",
      "type": "p",
      "color": "b"
    },
    {
      "square": "g6",
      "type": "p",
      "color": "b"
    },
    {
      "square": "a5",
      "type": "k",
      "color": "w"
    },
    {
      "square": "d5",
      "type": "b",
      "color": "w"
    }
  ],
  "nextTurn": "b"
}