{
  "event": "Sinquefield Cup",
  "site": "Saint Louis, MO USA",
  "date": "2016.08.12",
  "eventDate": "2016.08.05",
  "dateMillis": 1470931200000,
  "eventDateMillis": 1470326400000,
  "round": "7.5",
  "result": "1/2-1/2",
  "white": "Fabiano Caruana",
  "black": "Ding Liren",
  "isDingWin": false,
  "isDraw": true,
  "isDingBlack": true,
  "moves": [
    "Kc7",
    "Nb5+",
    "Kb6",
    "Nxd6",
    "Kc5",
    "Nf5",
    "Bg5",
    "Kb7",
    "Kc4",
    "d6",
    "Kd3",
    "Ng3",
    "Ke3",
    "d7",
    "Kf3",
    "Nh5",
    "Kxe4",
    "Kc6",
    "Kf3",
    "Ng7",
    "e4",
    "Nf5"
  ],
  "statePieceCount": 8,
  "endPieceCount": 6,
  "boardState": [
    {
      "square": "a8",
      "type": "k",
      "color": "w"
    },
    {
      "square": "a7",
      "type": "n",
      "color": "w"
    },
    {
      "square": "d7",
      "type": "k",
      "color": "b"
    },
    {
      "square": "d6",
      "type": "p",
      "color": "b"
    },
    {
      "square": "d5",
      "type": "p",
      "color": "w"
    },
    {
      "square": "e5",
      "type": "p",
      "color": "b"
    },
    {
      "square": "e4",
      "type": "p",
      "color": "w"
    },
    {
      "square": "f4",
      "type": "b",
      "color": "b"
    }
  ],
  "nextTurn": "b"
}