{
  "event": "Chinese Chess League",
  "site": "China CHN",
  "date": "2017.05.25",
  "eventDate": "2017.04.18",
  "dateMillis": 1495641600000,
  "eventDateMillis": 1492444800000,
  "round": "7.4",
  "result": "1/2-1/2",
  "white": "Ding Liren",
  "black": "Qun Ma",
  "isDingWin": false,
  "isDraw": true,
  "isDingBlack": false,
  "moves": [
    "Rd3",
    "Rc2",
    "Rxe3",
    "c6",
    "Re8",
    "c7",
    "Rc8",
    "Rc5"
  ],
  "statePieceCount": 8,
  "endPieceCount": 7,
  "boardState": [
    {
      "square": "c5",
      "type": "p",
      "color": "w"
    },
    {
      "square": "d5",
      "type": "p",
      "color": "b"
    },
    {
      "square": "h5",
      "type": "p",
      "color": "b"
    },
    {
      "square": "h4",
      "type": "k",
      "color": "b"
    },
    {
      "square": "e3",
      "type": "p",
      "color": "w"
    },
    {
      "square": "d2",
      "type": "r",
      "color": "b"
    },
    {
      "square": "f2",
      "type": "r",
      "color": "w"
    },
    {
      "square": "g2",
      "type": "k",
      "color": "w"
    }
  ],
  "nextTurn": "b"
}