{
  "event": "World Team Chess Championship",
  "site": "Khanty-Mansiysk RUS",
  "date": "2017.06.24",
  "eventDate": "2017.06.17",
  "dateMillis": 1498233600000,
  "eventDateMillis": 1497628800000,
  "round": "7.4",
  "result": "1/2-1/2",
  "white": "Ian Nepomniachtchi",
  "black": "Ding Liren",
  "isDingWin": false,
  "isDraw": true,
  "isDingBlack": true,
  "moves": [
    "Ra3",
    "Bb5",
    "Kc5",
    "Nd3+",
    "Kb6",
    "Ke2",
    "f4",
    "Kf3",
    "Ka5",
    "Kxf4",
    "Rxa4",
    "Bxa4",
    "Kxa4",
    "Ke4",
    "Kb5"
  ],
  "statePieceCount": 8,
  "endPieceCount": 4,
  "boardState": [
    {
      "square": "d6",
      "type": "k",
      "color": "b"
    },
    {
      "square": "f5",
      "type": "p",
      "color": "b"
    },
    {
      "square": "a4",
      "type": "p",
      "color": "w"
    },
    {
      "square": "b4",
      "type": "n",
      "color": "w"
    },
    {
      "square": "d4",
      "type": "p",
      "color": "b"
    },
    {
      "square": "g3",
      "type": "r",
      "color": "b"
    },
    {
      "square": "e1",
      "type": "k",
      "color": "w"
    },
    {
      "square": "f1",
      "type": "b",
      "color": "w"
    }
  ],
  "nextTurn": "b"
}