{
  "event": "Maotai Prince Cup Kings",
  "site": "Jinzhou",
  "date": "2009.09.20",
  "dateMillis": 1253376000000,
  "eventDateMillis": null,
  "round": "4",
  "result": "1/2-1/2",
  "white": "Ni Hua",
  "black": "Ding Liren",
  "isDingWin": false,
  "isDraw": true,
  "isDingBlack": true,
  "moves": [
    "Kc7",
    "Kxe4",
    "b5",
    "Rh7+",
    "Kd6",
    "Rh6+",
    "Kd7",
    "Kd3",
    "Rg4",
    "Rh8",
    "b4",
    "h4",
    "b3",
    "h5",
    "Rg2",
    "Rb8",
    "Rh2",
    "Rxb3",
    "Rxh5",
    "Kc4",
    "Rg5",
    "Rb5",
    "Rxb5",
    "Kxb5",
    "Kd6",
    "Kc4",
    "Kc6",
    "d5+",
    "Kd6",
    "Kd4",
    "Kd7",
    "Ke5",
    "Ke7",
    "d6+",
    "Kd7",
    "Kd5",
    "Kd8",
    "Ke6",
    "Ke8",
    "d7+",
    "Kd8",
    "Kd6"
  ],
  "statePieceCount": 8,
  "endPieceCount": 3,
  "boardState": [
    {
      "square": "b8",
      "type": "k",
      "color": "b"
    },
    {
      "square": "b7",
      "type": "p",
      "color": "b"
    },
    {
      "square": "h5",
      "type": "r",
      "color": "w"
    },
    {
      "square": "d4",
      "type": "p",
      "color": "w"
    },
    {
      "square": "e4",
      "type": "p",
      "color": "b"
    },
    {
      "square": "e3",
      "type": "k",
      "color": "w"
    },
    {
      "square": "g2",
      "type": "r",
      "color": "b"
    },
    {
      "square": "h2",
      "type": "p",
      "color": "w"
    }
  ],
  "nextTurn": "b"
}