{
  "event": "Chinese Chess League",
  "site": "China CHN",
  "date": "2017.08.18",
  "eventDate": "2017.04.18",
  "dateMillis": 1502985600000,
  "eventDateMillis": 1492444800000,
  "round": "12.6",
  "result": "1-0",
  "white": "Ding Liren",
  "black": "Di Li",
  "isDingWin": true,
  "isDraw": false,
  "isDingBlack": false,
  "moves": [
    "Kxh5",
    "c4",
    "Nxc4+",
    "Nxc4",
    "Kg6",
    "Kc6",
    "h5",
    "Ne5+",
    "Kg7",
    "Kd6",
    "h6",
    "Ke7",
    "h7",
    "Nf7",
    "g4"
  ],
  "statePieceCount": 8,
  "endPieceCount": 5,
  "boardState": [
    {
      "square": "b6",
      "type": "k",
      "color": "b"
    },
    {
      "square": "d6",
      "type": "n",
      "color": "b"
    },
    {
      "square": "g6",
      "type": "k",
      "color": "w"
    },
    {
      "square": "c5",
      "type": "p",
      "color": "b"
    },
    {
      "square": "e5",
      "type": "n",
      "color": "w"
    },
    {
      "square": "h5",
      "type": "p",
      "color": "b"
    },
    {
      "square": "h4",
      "type": "p",
      "color": "w"
    },
    {
      "square": "g2",
      "type": "p",
      "color": "w"
    }
  ],
  "nextTurn": "w"
}