{
  "event": "Ding Liren - Giri",
  "site": "Wenzhou CHN",
  "date": "2017.08.08",
  "eventDate": "2017.08.08",
  "dateMillis": 1502121600000,
  "eventDateMillis": 1502121600000,
  "round": "1",
  "result": "1/2-1/2",
  "white": "Anish Giri",
  "black": "Ding Liren",
  "isDingWin": false,
  "isDraw": true,
  "isDingBlack": true,
  "moves": [
    "Rxd3+",
    "Ke5",
    "Rb3",
    "Kf5",
    "Rf3+",
    "Ke5",
    "Rb3",
    "Kf5",
    "Kf3",
    "Kg5"
  ],
  "statePieceCount": 8,
  "endPieceCount": 7,
  "boardState": [
    {
      "square": "d6",
      "type": "k",
      "color": "b"
    },
    {
      "square": "b5",
      "type": "p",
      "color": "b"
    },
    {
      "square": "b4",
      "type": "p",
      "color": "w"
    },
    {
      "square": "g4",
      "type": "r",
      "color": "b"
    },
    {
      "square": "d3",
      "type": "b",
      "color": "b"
    },
    {
      "square": "d2",
      "type": "r",
      "color": "w"
    },
    {
      "square": "f2",
      "type": "k",
      "color": "w"
    },
    {
      "square": "g2",
      "type": "p",
      "color": "w"
    }
  ],
  "nextTurn": "w"
}