{
  "event": "World Cup",
  "site": "Tbilisi GEO",
  "date": "2017.09.21",
  "eventDate": "2017.09.03",
  "dateMillis": 1505923200000,
  "eventDateMillis": 1504368000000,
  "round": "6.3",
  "result": "1/2-1/2",
  "white": "Wesley So",
  "black": "Ding Liren",
  "isDingWin": false,
  "isDraw": true,
  "isDingBlack": true,
  "moves": [
    "Ne1",
    "Ke6",
    "Rf4",
    "Rh1+",
    "Kf2",
    "Rh2+",
    "Kg3",
    "Re2",
    "Nxf3",
    "Re3",
    "Kf2",
    "Rxf3+",
    "Rxf3",
    "Ke5"
  ],
  "statePieceCount": 8,
  "endPieceCount": 5,
  "boardState": [
    {
      "square": "e7",
      "type": "k",
      "color": "b"
    },
    {
      "square": "h7",
      "type": "p",
      "color": "b"
    },
    {
      "square": "d5",
      "type": "b",
      "color": "b"
    },
    {
      "square": "b4",
      "type": "r",
      "color": "w"
    },
    {
      "square": "d3",
      "type": "n",
      "color": "w"
    },
    {
      "square": "f3",
      "type": "p",
      "color": "b"
    },
    {
      "square": "h2",
      "type": "r",
      "color": "b"
    },
    {
      "square": "f1",
      "type": "k",
      "color": "w"
    }
  ],
  "nextTurn": "w"
}