{
  "event": "World Cup",
  "site": "Tbilisi GEO",
  "date": "2017.09.24",
  "eventDate": "2017.09.03",
  "dateMillis": 1506182400000,
  "eventDateMillis": 1504368000000,
  "round": "7.2",
  "result": "1/2-1/2",
  "white": "Ding Liren",
  "black": "Levon Aronian",
  "isDingWin": false,
  "isDraw": true,
  "isDingBlack": false,
  "moves": [
    "Kxa2",
    "Ke4",
    "Nc2",
    "Kf4",
    "Nd4",
    "Kg4",
    "Kxa3",
    "Kxh4",
    "Kb2",
    "Kg3",
    "Kc3",
    "Kf2",
    "Kd2",
    "Bg4",
    "Nc2",
    "g5",
    "Ne3",
    "Be2",
    "Nd5",
    "Bg4",
    "Nf6",
    "Bf5",
    "Kd1"
  ],
  "statePieceCount": 8,
  "endPieceCount": 5,
  "boardState": [
    {
      "square": "g6",
      "type": "p",
      "color": "b"
    },
    {
      "square": "e5",
      "type": "k",
      "color": "b"
    },
    {
      "square": "f5",
      "type": "b",
      "color": "b"
    },
    {
      "square": "h4",
      "type": "p",
      "color": "w"
    },
    {
      "square": "a3",
      "type": "p",
      "color": "b"
    },
    {
      "square": "b3",
      "type": "k",
      "color": "w"
    },
    {
      "square": "e3",
      "type": "n",
      "color": "w"
    },
    {
      "square": "a2",
      "type": "n",
      "color": "b"
    }
  ],
  "nextTurn": "w"
}