{
  "event": "Chinese Chess League",
  "site": "China CHN",
  "date": "2017.12.04",
  "eventDate": "2017.04.18",
  "dateMillis": 1512316800000,
  "eventDateMillis": 1492444800000,
  "round": "21.5",
  "result": "1/2-1/2",
  "white": "Ding Liren",
  "black": "Zhao Zong-Yuan",
  "isDingWin": false,
  "isDraw": true,
  "isDingBlack": false,
  "moves": [
    "Rxe7",
    "Rg8",
    "Re6+",
    "Kb5",
    "Kxa7",
    "Rxc8",
    "Kb7",
    "Rc5",
    "Re4",
    "f5",
    "Rf4",
    "Ka5",
    "Ka7",
    "Kb5",
    "Kb7",
    "Rd5",
    "Kc7",
    "Kc5",
    "Ra4",
    "Re5",
    "Kd7",
    "f6",
    "Ra6",
    "f7",
    "Rf6"
  ],
  "statePieceCount": 8,
  "endPieceCount": 5,
  "boardState": [
    {
      "square": "a8",
      "type": "k",
      "color": "b"
    },
    {
      "square": "c8",
      "type": "b",
      "color": "b"
    },
    {
      "square": "e8",
      "type": "r",
      "color": "b"
    },
    {
      "square": "a7",
      "type": "p",
      "color": "w"
    },
    {
      "square": "e7",
      "type": "b",
      "color": "w"
    },
    {
      "square": "b6",
      "type": "k",
      "color": "w"
    },
    {
      "square": "g6",
      "type": "r",
      "color": "w"
    },
    {
      "square": "f4",
      "type": "p",
      "color": "w"
    }
  ],
  "nextTurn": "b"
}