{
  "event": "World Championship Candidates",
  "site": "Berlin GER",
  "date": "2018.03.14",
  "eventDate": "2018.03.10",
  "dateMillis": 1520956800000,
  "eventDateMillis": 1520611200000,
  "round": "4",
  "result": "1/2-1/2",
  "white": "Alexander Grischuk",
  "black": "Ding Liren",
  "isDingWin": false,
  "isDraw": true,
  "isDingBlack": true,
  "moves": [
    "Kg3",
    "Kd5",
    "Kf2",
    "Kc4",
    "Bd2",
    "Kb3",
    "Ke3",
    "Bxg2"
  ],
  "statePieceCount": 8,
  "endPieceCount": 7,
  "boardState": [
    {
      "square": "c6",
      "type": "b",
      "color": "b"
    },
    {
      "square": "d6",
      "type": "k",
      "color": "b"
    },
    {
      "square": "d3",
      "type": "p",
      "color": "b"
    },
    {
      "square": "e3",
      "type": "b",
      "color": "w"
    },
    {
      "square": "h3",
      "type": "p",
      "color": "w"
    },
    {
      "square": "c2",
      "type": "p",
      "color": "b"
    },
    {
      "square": "g2",
      "type": "p",
      "color": "w"
    },
    {
      "square": "h2",
      "type": "k",
      "color": "w"
    }
  ],
  "nextTurn": "w"
}