{
  "event": "Norway Chess (Blitz)",
  "site": "Stavanger NOR",
  "date": "2018.05.27",
  "eventDate": "2018.05.27",
  "dateMillis": 1527350400000,
  "eventDateMillis": 1527350400000,
  "round": "6.5",
  "result": "1/2-1/2",
  "white": "Ding Liren",
  "black": "Levon Aronian",
  "isDingWin": false,
  "isDraw": true,
  "isDingBlack": false,
  "moves": [
    "Qf7+",
    "Kh8",
    "Qf6+",
    "Kh7",
    "Qg6+",
    "Kh8",
    "h6",
    "Qc3",
    "Qg7+",
    "Qxg7",
    "hxg7+",
    "Kxg7",
    "Kc7",
    "a5",
    "bxa5",
    "b4",
    "a6",
    "b3",
    "a7",
    "b2"
  ],
  "statePieceCount": 8,
  "endPieceCount": 4,
  "boardState": [
    {
      "square": "d8",
      "type": "k",
      "color": "w"
    },
    {
      "square": "e8",
      "type": "q",
      "color": "w"
    },
    {
      "square": "a7",
      "type": "p",
      "color": "b"
    },
    {
      "square": "h7",
      "type": "k",
      "color": "b"
    },
    {
      "square": "b5",
      "type": "p",
      "color": "b"
    },
    {
      "square": "h5",
      "type": "p",
      "color": "w"
    },
    {
      "square": "b4",
      "type": "p",
      "color": "w"
    },
    {
      "square": "a3",
      "type": "q",
      "color": "b"
    }
  ],
  "nextTurn": "w"
}