{
  "event": "Shenzhen Masters",
  "site": "Shenzhen CHN",
  "date": "2018.11.12",
  "eventDate": "2018.11.04",
  "dateMillis": 1541952000000,
  "eventDateMillis": 1541260800000,
  "round": "8.1",
  "result": "1-0",
  "white": "Ding Liren",
  "black": "Yu Yangyi",
  "isDingWin": true,
  "isDraw": false,
  "isDingBlack": false,
  "moves": [
    "Rxa2",
    "Re3+",
    "Kf2",
    "Re4",
    "Kf3",
    "Rf4+",
    "Kg3",
    "Rb4",
    "Ra6+",
    "Kh7",
    "Rg6",
    "Rb3+",
    "Kf2",
    "Rb2+",
    "Ke3",
    "Rb3+",
    "Ke2",
    "Rb2+",
    "Kd3",
    "Rb3+",
    "Ke4"
  ],
  "statePieceCount": 8,
  "endPieceCount": 7,
  "boardState": [
    {
      "square": "a7",
      "type": "r",
      "color": "w"
    },
    {
      "square": "h6",
      "type": "k",
      "color": "b"
    },
    {
      "square": "e5",
      "type": "r",
      "color": "b"
    },
    {
      "square": "f5",
      "type": "p",
      "color": "w"
    },
    {
      "square": "g5",
      "type": "p",
      "color": "b"
    },
    {
      "square": "g4",
      "type": "p",
      "color": "w"
    },
    {
      "square": "g3",
      "type": "k",
      "color": "w"
    },
    {
      "square": "a2",
      "type": "p",
      "color": "b"
    }
  ],
  "nextTurn": "w"
}