{
  "event": "Norway Chess",
  "site": "Stavanger NOR",
  "date": "2019.06.13",
  "eventDate": "2019.06.04",
  "dateMillis": 1560355200000,
  "eventDateMillis": 1559577600000,
  "round": "8.3",
  "result": "1-0",
  "white": "Maxime Vachier-Lagrave",
  "black": "Ding Liren",
  "isDingWin": false,
  "isDraw": false,
  "isDingBlack": true,
  "moves": [
    "Kf5",
    "Kh7",
    "e4",
    "Rf2+",
    "Ke6",
    "g5",
    "e5",
    "g4",
    "Bh4",
    "Rh2",
    "Bg3",
    "Rh3",
    "Bf4",
    "Kg7",
    "Kd6",
    "Rd3",
    "e6",
    "Kf8",
    "Bxh6+",
    "Ke8",
    "Bf4",
    "g3",
    "Bxg3",
    "Rd1",
    "Ke5",
    "Rc1",
    "Bf4",
    "Re1+",
    "Kf6",
    "Kd8",
    "Kf7",
    "Re2",
    "Bg5+",
    "Kc7",
    "e7",
    "Rf2+",
    "Bf6"
  ],
  "statePieceCount": 8,
  "endPieceCount": 6,
  "boardState": [
    {
      "square": "h8",
      "type": "k",
      "color": "b"
    },
    {
      "square": "e7",
      "type": "b",
      "color": "w"
    },
    {
      "square": "g7",
      "type": "p",
      "color": "b"
    },
    {
      "square": "h6",
      "type": "p",
      "color": "b"
    },
    {
      "square": "d5",
      "type": "b",
      "color": "w"
    },
    {
      "square": "e4",
      "type": "k",
      "color": "w"
    },
    {
      "square": "e3",
      "type": "p",
      "color": "w"
    },
    {
      "square": "h2",
      "type": "r",
      "color": "b"
    }
  ],
  "nextTurn": "w"
}