{
  "event": "Navara - Ding Match",
  "site": "Prague CZE",
  "date": "2019.06.17",
  "eventDate": "2019.06.17",
  "dateMillis": 1560700800000,
  "eventDateMillis": 1560700800000,
  "round": "2",
  "result": "1-0",
  "white": "Ding Liren",
  "black": "David Navara",
  "isDingWin": true,
  "isDraw": false,
  "isDingBlack": false,
  "moves": [
    "Bb1",
    "Bf5",
    "Ba2",
    "Be4",
    "Be6+",
    "Kf4",
    "Kh5",
    "Ke5",
    "Kxh4",
    "Bd5"
  ],
  "statePieceCount": 8,
  "endPieceCount": 7,
  "boardState": [
    {
      "square": "f7",
      "type": "p",
      "color": "b"
    },
    {
      "square": "f6",
      "type": "p",
      "color": "w"
    },
    {
      "square": "h6",
      "type": "k",
      "color": "b"
    },
    {
      "square": "g4",
      "type": "k",
      "color": "w"
    },
    {
      "square": "h4",
      "type": "p",
      "color": "w"
    },
    {
      "square": "c3",
      "type": "p",
      "color": "w"
    },
    {
      "square": "d3",
      "type": "b",
      "color": "w"
    },
    {
      "square": "a2",
      "type": "b",
      "color": "b"
    }
  ],
  "nextTurn": "b"
}