{
  "event": "Sinquefield Cup",
  "site": "St Louis, MO USA",
  "date": "2019.08.24",
  "eventDate": "2019.08.17",
  "dateMillis": 1566576000000,
  "eventDateMillis": 1565971200000,
  "round": "7",
  "result": "1/2-1/2",
  "white": "Ding Liren",
  "black": "Viswanathan Anand",
  "isDingWin": false,
  "isDraw": true,
  "isDingBlack": false,
  "moves": [
    "Ra2",
    "Nf3",
    "Nc3",
    "Nbd2",
    "Rxd2",
    "Kxd2",
    "Nxe4+",
    "Ke3",
    "Nxg5",
    "Nxg5"
  ],
  "statePieceCount": 8,
  "endPieceCount": 3,
  "boardState": [
    {
      "square": "g6",
      "type": "k",
      "color": "b"
    },
    {
      "square": "g5",
      "type": "p",
      "color": "w"
    },
    {
      "square": "a4",
      "type": "n",
      "color": "b"
    },
    {
      "square": "e4",
      "type": "p",
      "color": "w"
    },
    {
      "square": "b3",
      "type": "n",
      "color": "w"
    },
    {
      "square": "b2",
      "type": "r",
      "color": "b"
    },
    {
      "square": "d2",
      "type": "n",
      "color": "w"
    },
    {
      "square": "c1",
      "type": "k",
      "color": "w"
    }
  ],
  "nextTurn": "b"
}