{
  "event": "World Cup",
  "site": "Khanty-Mansiysk RUS",
  "date": "2019.09.21",
  "eventDate": "2019.09.10",
  "dateMillis": 1568995200000,
  "eventDateMillis": 1568044800000,
  "round": "4.2",
  "result": "1/2-1/2",
  "white": "Kirill Alekseenko",
  "black": "Ding Liren",
  "isDingWin": false,
  "isDraw": true,
  "isDingBlack": true,
  "moves": [
    "Kxb5"
  ],
  "statePieceCount": 8,
  "endPieceCount": 7,
  "boardState": [
    {
      "square": "e7",
      "type": "n",
      "color": "w"
    },
    {
      "square": "b6",
      "type": "k",
      "color": "w"
    },
    {
      "square": "e6",
      "type": "k",
      "color": "b"
    },
    {
      "square": "b5",
      "type": "p",
      "color": "b"
    },
    {
      "square": "g5",
      "type": "b",
      "color": "w"
    },
    {
      "square": "h5",
      "type": "p",
      "color": "b"
    },
    {
      "square": "h4",
      "type": "p",
      "color": "w"
    },
    {
      "square": "a3",
      "type": "r",
      "color": "b"
    }
  ],
  "nextTurn": "w"
}