{
  "event": "GCT Kolkata Rapid & Blitz",
  "site": "Kolkata IND",
  "date": "2019.11.26",
  "eventDate": "2019.11.25",
  "dateMillis": 1574697600000,
  "eventDateMillis": 1574611200000,
  "round": "13.4",
  "result": "1/2-1/2",
  "white": "Hikaru Nakamura",
  "black": "Ding Liren",
  "isDingWin": false,
  "isDraw": true,
  "isDingBlack": true,
  "moves": [
    "Rxf2",
    "b7",
    "Nd7",
    "Rg7",
    "Rf1",
    "Rxg2",
    "Rb1",
    "Rb2",
    "Rxb2",
    "Kxb2",
    "Ke5"
  ],
  "statePieceCount": 8,
  "endPieceCount": 4,
  "boardState": [
    {
      "square": "g8",
      "type": "r",
      "color": "w"
    },
    {
      "square": "b6",
      "type": "p",
      "color": "w"
    },
    {
      "square": "e5",
      "type": "n",
      "color": "b"
    },
    {
      "square": "f5",
      "type": "k",
      "color": "b"
    },
    {
      "square": "c3",
      "type": "k",
      "color": "w"
    },
    {
      "square": "e2",
      "type": "r",
      "color": "b"
    },
    {
      "square": "f2",
      "type": "b",
      "color": "w"
    },
    {
      "square": "g2",
      "type": "p",
      "color": "b"
    }
  ],
  "nextTurn": "b"
}