{
  "event": "GCT Kolkata Rapid & Blitz",
  "site": "Kolkata IND",
  "date": "2019.11.26",
  "eventDate": "2019.11.25",
  "dateMillis": 1574697600000,
  "eventDateMillis": 1574611200000,
  "round": "11.1",
  "result": "1/2-1/2",
  "white": "Vidit Santosh Gujrathi",
  "black": "Ding Liren",
  "isDingWin": false,
  "isDraw": true,
  "isDingBlack": true,
  "moves": [
    "Rf3",
    "Bg4",
    "Rxf6",
    "Kg7",
    "Rf4",
    "f6",
    "Kd6",
    "Kf7",
    "Rf2",
    "Bh3",
    "Kd5",
    "Bg4",
    "Ke4",
    "Ke7",
    "Rb2",
    "Kf7",
    "Kf4",
    "Bh3",
    "Rb5",
    "Bg4",
    "Ke3",
    "Ke7",
    "Kd4",
    "Kf7",
    "Ra5",
    "Ke7",
    "Kd5",
    "Kf7",
    "Ra7+",
    "Kf8",
    "Kd6",
    "Bh3",
    "Re7",
    "Bg4",
    "Re3",
    "Kf7",
    "Kd5",
    "Kf8",
    "Ke4",
    "Kf7",
    "Kf4",
    "Be6",
    "Rc3",
    "Bg4",
    "Rc5",
    "Kf8",
    "Ke4",
    "Kf7",
    "Ra5",
    "Kf8",
    "Kd5",
    "Kf7",
    "Kd6",
    "Kf8",
    "Ra7",
    "Bh3",
    "Re7",
    "Bg4",
    "Re4",
    "Bh3"
  ],
  "statePieceCount": 8,
  "endPieceCount": 7,
  "boardState": [
    {
      "square": "f8",
      "type": "k",
      "color": "b"
    },
    {
      "square": "c7",
      "type": "k",
      "color": "w"
    },
    {
      "square": "f7",
      "type": "p",
      "color": "b"
    },
    {
      "square": "f6",
      "type": "p",
      "color": "b"
    },
    {
      "square": "f5",
      "type": "b",
      "color": "b"
    },
    {
      "square": "h5",
      "type": "p",
      "color": "b"
    },
    {
      "square": "h4",
      "type": "p",
      "color": "w"
    },
    {
      "square": "e3",
      "type": "r",
      "color": "w"
    }
  ],
  "nextTurn": "w"
}