{
  "event": "FIDE Chess.com Online Nations Cup",
  "site": "chess.com INT",
  "date": "2020.05.09",
  "eventDate": "2020.05.05",
  "dateMillis": 1588953600000,
  "eventDateMillis": 1588608000000,
  "round": "10.2",
  "result": "1-0",
  "white": "Ding Liren",
  "black": "Hikaru Nakamura",
  "isDingWin": true,
  "isDraw": false,
  "isDingBlack": false,
  "moves": [
    "Kf7",
    "Kd5",
    "Ke7",
    "Kc5",
    "Be2",
    "Kb6",
    "Bf3",
    "c4",
    "Kd7",
    "c5",
    "Kc8",
    "h4",
    "Be2",
    "Bf4",
    "Bf3",
    "a6",
    "bxa6",
    "Kxa6",
    "Kd7",
    "Kb6",
    "Kc8",
    "c6",
    "Bh5",
    "Kc5",
    "Bg4",
    "Kd6",
    "Kd8",
    "c7+",
    "Ke8",
    "h5"
  ],
  "statePieceCount": 8,
  "endPieceCount": 6,
  "boardState": [
    {
      "square": "g8",
      "type": "k",
      "color": "b"
    },
    {
      "square": "b7",
      "type": "p",
      "color": "b"
    },
    {
      "square": "c7",
      "type": "b",
      "color": "w"
    },
    {
      "square": "a5",
      "type": "p",
      "color": "w"
    },
    {
      "square": "b5",
      "type": "b",
      "color": "b"
    },
    {
      "square": "e4",
      "type": "k",
      "color": "w"
    },
    {
      "square": "c3",
      "type": "p",
      "color": "w"
    },
    {
      "square": "h3",
      "type": "p",
      "color": "w"
    }
  ],
  "nextTurn": "b"
}