{
  "event": "Lindores Abbey Rapid Challenge",
  "site": "chess24.com INT",
  "date": "2020.05.28",
  "eventDate": "2020.05.23",
  "dateMillis": 1590595200000,
  "eventDateMillis": 1590163200000,
  "round": "2.14",
  "result": "0-1",
  "white": "Ding Liren",
  "black": "Daniil Dubov",
  "isDingWin": false,
  "isDraw": false,
  "isDingBlack": false,
  "moves": [
    "b4",
    "Rd7",
    "b3",
    "Rd2+",
    "Ke3",
    "Rb2",
    "Kd3",
    "Ke5",
    "Kc3",
    "Rb1",
    "Kc2",
    "Rh1",
    "b2",
    "f5",
    "b1=Q",
    "Rxb1",
    "Rxb1",
    "f6",
    "Rf1",
    "Ke6",
    "Kd3",
    "f7",
    "Ke4",
    "Ke7",
    "Ke5",
    "Ke8",
    "Ke6",
    "f8=Q",
    "Rxf8+",
    "Kxf8",
    "Kf6",
    "Ke8",
    "Kg5",
    "Kf7",
    "Kxh5",
    "Kf6",
    "Kg4"
  ],
  "statePieceCount": 8,
  "endPieceCount": 3,
  "boardState": [
    {
      "square": "g7",
      "type": "r",
      "color": "w"
    },
    {
      "square": "b6",
      "type": "r",
      "color": "b"
    },
    {
      "square": "h6",
      "type": "p",
      "color": "b"
    },
    {
      "square": "b5",
      "type": "p",
      "color": "b"
    },
    {
      "square": "f5",
      "type": "k",
      "color": "w"
    },
    {
      "square": "h5",
      "type": "p",
      "color": "w"
    },
    {
      "square": "f4",
      "type": "p",
      "color": "w"
    },
    {
      "square": "f2",
      "type": "k",
      "color": "b"
    }
  ],
  "nextTurn": "b"
}