{
  "event": "Legends of Chess",
  "site": "chess24.com INT",
  "date": "2020.07.27",
  "eventDate": "2020.07.21",
  "dateMillis": 1595779200000,
  "eventDateMillis": 1595260800000,
  "round": "7.2",
  "result": "1/2-1/2",
  "white": "Anish Giri",
  "black": "Ding Liren",
  "isDingWin": false,
  "isDraw": true,
  "isDingBlack": true,
  "moves": [
    "Be7",
    "Qg3+",
    "Qf2",
    "Qe5+",
    "Qe2",
    "Qc3+",
    "Qd2",
    "Qf3",
    "Qf2",
    "Qe4+",
    "Qe2",
    "Qb7",
    "Kf2",
    "h3",
    "Kg3",
    "Qh1",
    "Bc5",
    "Qd5",
    "Be3",
    "Qe6",
    "Qf2",
    "Bf5",
    "Kh2",
    "Qe4",
    "Bf4",
    "Be6",
    "Qh4+",
    "Kg8",
    "Qf2",
    "Kh7",
    "Qh4+",
    "Kg6",
    "Qg3+",
    "Kf7",
    "Qf2",
    "Ke8",
    "Bg3",
    "g5",
    "Qb2",
    "Kf7",
    "Qf2+",
    "Kg6",
    "Qf1",
    "Bd7",
    "Qf2",
    "Bc6",
    "Kxh3",
    "Qh1+",
    "Bh2",
    "Bd7+",
    "Kg3",
    "Qe4",
    "Qf3",
    "Qe1+",
    "Kg2",
    "Qd2+",
    "Kg1",
    "Qc1+",
    "Qf1",
    "Qe3+",
    "Qf2",
    "Qc1+",
    "Qf1",
    "Qe3+",
    "Qf2",
    "Qe4",
    "Qg2",
    "Qd3",
    "Bg3",
    "Be6",
    "Be1",
    "Bd5",
    "Qg3",
    "Qe4",
    "Bd2",
    "Qd4+",
    "Be3",
    "Qd1+",
    "Kf2",
    "Qc2+",
    "Ke1",
    "Qb1+"
  ],
  "statePieceCount": 8,
  "endPieceCount": 7,
  "boardState": [
    {
      "square": "g7",
      "type": "p",
      "color": "b"
    },
    {
      "square": "h7",
      "type": "k",
      "color": "b"
    },
    {
      "square": "g6",
      "type": "b",
      "color": "b"
    },
    {
      "square": "g5",
      "type": "q",
      "color": "b"
    },
    {
      "square": "b4",
      "type": "b",
      "color": "w"
    },
    {
      "square": "h4",
      "type": "p",
      "color": "b"
    },
    {
      "square": "e2",
      "type": "q",
      "color": "w"
    },
    {
      "square": "e1",
      "type": "k",
      "color": "w"
    }
  ],
  "nextTurn": "w"
}