{
  "event": "Opera Euro Rapid",
  "site": "chess24.com INT",
  "date": "2021.02.07",
  "eventDate": "2021.02.06",
  "dateMillis": 1612627200000,
  "eventDateMillis": 1612540800000,
  "round": "6.4",
  "result": "0-1",
  "white": "Ding Liren",
  "black": "Alexander Grischuk",
  "isDingWin": false,
  "isDraw": false,
  "isDingBlack": false,
  "moves": [
    "a5",
    "Rf4",
    "Ra1",
    "Ra4",
    "Rh1",
    "Rb4",
    "Ra1",
    "Rxb5",
    "a6",
    "Rb8",
    "Kc4",
    "Ra8",
    "Kb5",
    "c4",
    "Rb1"
  ],
  "statePieceCount": 8,
  "endPieceCount": 7,
  "boardState": [
    {
      "square": "f6",
      "type": "r",
      "color": "b"
    },
    {
      "square": "b5",
      "type": "p",
      "color": "w"
    },
    {
      "square": "c5",
      "type": "p",
      "color": "b"
    },
    {
      "square": "a4",
      "type": "p",
      "color": "w"
    },
    {
      "square": "c3",
      "type": "k",
      "color": "w"
    },
    {
      "square": "e3",
      "type": "k",
      "color": "b"
    },
    {
      "square": "f2",
      "type": "p",
      "color": "b"
    },
    {
      "square": "f1",
      "type": "r",
      "color": "w"
    }
  ],
  "nextTurn": "w"
}