{
  "event": "Goldmoney Asian Rapid",
  "site": "chess24.com INT",
  "date": "2021.07.03",
  "eventDate": "2021.06.26",
  "dateMillis": 1625241600000,
  "eventDateMillis": 1624636800000,
  "round": "3.12",
  "result": "1/2-1/2",
  "white": "Ding Liren",
  "black": "Magnus Carlsen",
  "isDingWin": false,
  "isDraw": true,
  "isDingBlack": false,
  "moves": [
    "Kxb7",
    "Ke4",
    "Kc6",
    "Ke5",
    "Bb2+",
    "Kf5",
    "f6",
    "Nxg5",
    "fxg5",
    "Kxg5",
    "Bc1+",
    "Kf5",
    "Kd5",
    "g5",
    "Bxg5"
  ],
  "statePieceCount": 8,
  "endPieceCount": 3,
  "boardState": [
    {
      "square": "b7",
      "type": "p",
      "color": "w"
    },
    {
      "square": "c7",
      "type": "k",
      "color": "b"
    },
    {
      "square": "f7",
      "type": "p",
      "color": "b"
    },
    {
      "square": "g5",
      "type": "p",
      "color": "b"
    },
    {
      "square": "g4",
      "type": "p",
      "color": "w"
    },
    {
      "square": "f3",
      "type": "k",
      "color": "w"
    },
    {
      "square": "h3",
      "type": "n",
      "color": "w"
    },
    {
      "square": "c1",
      "type": "b",
      "color": "b"
    }
  ],
  "nextTurn": "b"
}