{
  "event": "Goldmoney Asian Rapid",
  "site": "chess24.com INT",
  "date": "2021.07.04",
  "eventDate": "2021.06.26",
  "dateMillis": 1625328000000,
  "eventDateMillis": 1624636800000,
  "round": "3.21",
  "result": "1-0",
  "white": "Ding Liren",
  "black": "Magnus Carlsen",
  "isDingWin": true,
  "isDraw": false,
  "isDingBlack": false,
  "moves": [
    "Qb6+",
    "Ke7",
    "Qxf2",
    "Qg5+",
    "Kh3",
    "Qa5",
    "Kg4",
    "Qa1",
    "Qc5+",
    "Kf6",
    "Qc6+",
    "Kg7",
    "a8=Q",
    "Qg1+",
    "Kf5"
  ],
  "statePieceCount": 8,
  "endPieceCount": 7,
  "boardState": [
    {
      "square": "a7",
      "type": "p",
      "color": "w"
    },
    {
      "square": "b7",
      "type": "q",
      "color": "w"
    },
    {
      "square": "f7",
      "type": "p",
      "color": "b"
    },
    {
      "square": "f6",
      "type": "k",
      "color": "b"
    },
    {
      "square": "e4",
      "type": "p",
      "color": "w"
    },
    {
      "square": "f2",
      "type": "p",
      "color": "b"
    },
    {
      "square": "g2",
      "type": "k",
      "color": "w"
    },
    {
      "square": "c1",
      "type": "q",
      "color": "b"
    }
  ],
  "nextTurn": "w"
}