{
  "event": "Chess.com Speed Chess Championship 2017/18",
  "site": "chess.com INT",
  "date": "2018.01.03",
  "eventDate": "2017.05.03",
  "dateMillis": 1514908800000,
  "eventDateMillis": 1493740800000,
  "round": "4.11",
  "result": "0-1",
  "white": "Hikaru Nakamura",
  "black": "Magnus Carlsen",
  "isDingWin": true,
  "isDraw": false,
  "isDingBlack": true,
  "moves": [
    "Rg4+",
    "Bg2",
    "Rxg5",
    "Rxb6",
    "Bxb5",
    "Kf2",
    "Bd7",
    "Rb7",
    "Be6",
    "Ra7",
    "Rc5",
    "a4",
    "Rc2+",
    "Kg3",
    "Ra2",
    "a5",
    "Ra3+",
    "Kf2",
    "g5",
    "Bc6",
    "g4",
    "a6",
    "Kf6",
    "Ra8",
    "Ke5",
    "Bb7",
    "Kf4",
    "Rf8",
    "g3+",
    "Ke2",
    "f5",
    "Rf6",
    "Bc4+",
    "Kd2",
    "Bxa6"
  ],
  "statePieceCount": 12,
  "endPieceCount": 8,
  "boardState": [
    {
      "square": "f7",
      "type": "p",
      "color": "b"
    },
    {
      "square": "g7",
      "type": "k",
      "color": "b"
    },
    {
      "square": "b6",
      "type": "p",
      "color": "b"
    },
    {
      "square": "c6",
      "type": "b",
      "color": "w"
    },
    {
      "square": "d6",
      "type": "r",
      "color": "w"
    },
    {
      "square": "g6",
      "type": "p",
      "color": "b"
    },
    {
      "square": "b5",
      "type": "p",
      "color": "w"
    },
    {
      "square": "g5",
      "type": "p",
      "color": "w"
    },
    {
      "square": "a4",
      "type": "b",
      "color": "b"
    },
    {
      "square": "f4",
      "type": "r",
      "color": "b"
    },
    {
      "square": "a3",
      "type": "p",
      "color": "w"
    },
    {
      "square": "g1",
      "type": "k",
      "color": "w"
    }
  ]
}