{
  "event": "Chess.com Speed Chess Championship 2017/18",
  "site": "chess.com INT",
  "date": "2018.01.03",
  "eventDate": "2017.05.03",
  "dateMillis": 1514908800000,
  "eventDateMillis": 1493740800000,
  "round": "4.19",
  "result": "1/2-1/2",
  "white": "Hikaru Nakamura",
  "black": "Magnus Carlsen",
  "isCarlsenWin": false,
  "isDraw": true,
  "isCarlsenBlack": true,
  "moves": [
    "Rxc3",
    "h4",
    "Rb3",
    "Kh6",
    "Rb5",
    "g5",
    "a4",
    "Kh5",
    "Kf2",
    "Rf7+",
    "Kg1",
    "Re7",
    "Rb6",
    "Re1+",
    "Kf2",
    "Re7",
    "a5",
    "Rf7+",
    "Ke3",
    "Re7+",
    "Kf2",
    "Rf7+",
    "Kg1",
    "Re7",
    "b4",
    "Rd7",
    "Kf2",
    "Rf7+",
    "Ke3",
    "Re7+",
    "Kd3",
    "Rd7+",
    "Ke4",
    "Re7+",
    "Kf5",
    "Rf7+",
    "Rf6",
    "Rd7",
    "Rb6",
    "Rf7+",
    "Ke5",
    "Re7+",
    "Kd6",
    "Rg7",
    "Ke5",
    "g4",
    "Kf6",
    "Rg6+",
    "Kf5",
    "Rg5+",
    "Kf4",
    "gxh3",
    "gxh3",
    "Rg7",
    "Rb5+",
    "Kh6",
    "Rf5",
    "Rg3",
    "Rf6+",
    "Kh5",
    "Rf5+",
    "Kg6",
    "Rb5",
    "Rxh3",
    "Rb6+",
    "Kh5",
    "Rb5+",
    "Kg6",
    "Kg4",
    "Rd3",
    "Kxh4",
    "Rd7",
    "Kg4",
    "Kf6",
    "Kf4",
    "Ke7",
    "Ke4",
    "Kd8",
    "Rd5",
    "Kc7",
    "Rxd7+",
    "Kxd7",
    "Kd5",
    "Kc7",
    "b5",
    "Kd7",
    "Ke5",
    "Kc7",
    "Ke6",
    "Kc8",
    "Ke7",
    "Kc7",
    "Ke8",
    "Kc8",
    "Ke7",
    "Kc7",
    "Ke6",
    "Kc8",
    "Kd5",
    "Kd7",
    "Kc4",
    "Kc7",
    "Kd4",
    "Kc8",
    "Kd5",
    "Kc7",
    "Kd4",
    "Kc8",
    "b6",
    "Kb8",
    "Kc5",
    "Ka8",
    "Kd6",
    "Kb8",
    "Kd7",
    "Ka8",
    "a6",
    "Kb8",
    "a7+",
    "Ka8",
    "Kc7"
  ],
  "statePieceCount": 12,
  "endPieceCount": 5,
  "boardState": [
    {
      "square": "b7",
      "type": "p",
      "color": "b"
    },
    {
      "square": "d7",
      "type": "r",
      "color": "b"
    },
    {
      "square": "g7",
      "type": "k",
      "color": "b"
    },
    {
      "square": "g6",
      "type": "p",
      "color": "b"
    },
    {
      "square": "h5",
      "type": "p",
      "color": "b"
    },
    {
      "square": "c3",
      "type": "q",
      "color": "b"
    },
    {
      "square": "f3",
      "type": "r",
      "color": "w"
    },
    {
      "square": "h3",
      "type": "p",
      "color": "w"
    },
    {
      "square": "a2",
      "type": "p",
      "color": "w"
    },
    {
      "square": "b2",
      "type": "p",
      "color": "w"
    },
    {
      "square": "g2",
      "type": "p",
      "color": "w"
    },
    {
      "square": "f1",
      "type": "k",
      "color": "w"
    }
  ],
  "nextTurn": "w"
}