{
  "event": "Tata Steel Masters",
  "site": "Groningen NED",
  "date": "2018.01.24",
  "eventDate": "2017.01.14",
  "dateMillis": 1516723200000,
  "eventDateMillis": 1484323200000,
  "round": "10",
  "result": "1-0",
  "white": "Magnus Carlsen",
  "black": "Wesley So",
  "isDingWin": true,
  "isDraw": false,
  "isDingBlack": false,
  "moves": [
    "Rxb6",
    "Bd4",
    "Rb5",
    "Re2",
    "b3",
    "Rxh2",
    "Rxa5",
    "Re2",
    "Rd5",
    "Bb2",
    "a4",
    "Bc3",
    "Kf5",
    "Re8",
    "g4",
    "Rf8+",
    "Ke4",
    "Rb8",
    "Rb5",
    "Re8+",
    "Kd3",
    "Be1",
    "a5",
    "Bf2",
    "b4",
    "Re3+",
    "Kc4",
    "Re4+",
    "Kb3",
    "Kf7",
    "Re5",
    "Rd4",
    "b5",
    "Rd3+",
    "Kc2",
    "Rg3",
    "g5",
    "Bd4",
    "Rd5",
    "Be3",
    "Rd3",
    "Rg2+",
    "Kb3",
    "Bc1",
    "b6",
    "Ke6",
    "Rd4",
    "Rb2+",
    "Ka4",
    "Kf5",
    "Rb4",
    "Ra2+",
    "Kb5",
    "Bxf4",
    "Rxf4+",
    "Kxf4",
    "b7"
  ],
  "statePieceCount": 12,
  "endPieceCount": 6,
  "boardState": [
    {
      "square": "e8",
      "type": "r",
      "color": "b"
    },
    {
      "square": "g8",
      "type": "k",
      "color": "b"
    },
    {
      "square": "b7",
      "type": "r",
      "color": "w"
    },
    {
      "square": "b6",
      "type": "r",
      "color": "b"
    },
    {
      "square": "a5",
      "type": "p",
      "color": "b"
    },
    {
      "square": "e5",
      "type": "b",
      "color": "b"
    },
    {
      "square": "f4",
      "type": "p",
      "color": "w"
    },
    {
      "square": "g4",
      "type": "k",
      "color": "w"
    },
    {
      "square": "a3",
      "type": "p",
      "color": "w"
    },
    {
      "square": "g3",
      "type": "p",
      "color": "w"
    },
    {
      "square": "b2",
      "type": "p",
      "color": "w"
    },
    {
      "square": "h2",
      "type": "p",
      "color": "w"
    }
  ]
}