{
  "event": "Tata Steel Masters",
  "site": "Wijk aan Zee NED",
  "date": "2018.01.27",
  "eventDate": "2017.01.14",
  "dateMillis": 1516982400000,
  "eventDateMillis": 1484323200000,
  "round": "12",
  "result": "1-0",
  "white": "Magnus Carlsen",
  "black": "Maxim Matlakov",
  "isDingWin": true,
  "isDraw": false,
  "isDingBlack": false,
  "moves": [
    "Rxa4",
    "Ra7",
    "Re4",
    "Rxa5",
    "Re2",
    "Bd6",
    "Bxc2",
    "c4",
    "Ke6",
    "Ra6",
    "Bf5+",
    "Kc3",
    "Be4",
    "Kd4",
    "Kf5",
    "Ra5+",
    "Kg4",
    "c5",
    "Bf3",
    "Ra7",
    "h6",
    "Rh7",
    "Re4+",
    "Kd3",
    "Re6",
    "Kc4",
    "Bc6",
    "Rc7",
    "Bh1",
    "Kb5",
    "h5",
    "Rg7+",
    "Kh4",
    "Rg1",
    "Ba8",
    "Kb6",
    "Re2",
    "Kc7",
    "Bd5",
    "Rg3",
    "Bh1",
    "Rc3",
    "Kg4",
    "c6"
  ],
  "statePieceCount": 12,
  "endPieceCount": 9,
  "boardState": [
    {
      "square": "b7",
      "type": "r",
      "color": "w"
    },
    {
      "square": "h7",
      "type": "p",
      "color": "b"
    },
    {
      "square": "f6",
      "type": "k",
      "color": "b"
    },
    {
      "square": "a5",
      "type": "p",
      "color": "b"
    },
    {
      "square": "f5",
      "type": "b",
      "color": "b"
    },
    {
      "square": "a4",
      "type": "p",
      "color": "w"
    },
    {
      "square": "c4",
      "type": "r",
      "color": "b"
    },
    {
      "square": "a3",
      "type": "b",
      "color": "w"
    },
    {
      "square": "c3",
      "type": "p",
      "color": "w"
    },
    {
      "square": "b2",
      "type": "k",
      "color": "w"
    },
    {
      "square": "c2",
      "type": "p",
      "color": "w"
    },
    {
      "square": "h2",
      "type": "p",
      "color": "w"
    }
  ]
}