{
  "event": "GRENKE Chess Classic",
  "site": "Karlsruhe GER",
  "date": "2018.04.01",
  "eventDate": "2018.03.31",
  "dateMillis": 1522512000000,
  "eventDateMillis": 1522425600000,
  "round": "2",
  "result": "1-0",
  "white": "Magnus Carlsen",
  "black": "Yifan Hou",
  "isCarlsenWin": true,
  "isDraw": false,
  "isCarlsenBlack": false,
  "moves": [
    "cxd5",
    "Ra1",
    "Kg8",
    "Ra8+",
    "Kh7",
    "Ra7",
    "Rf6",
    "h5",
    "Kg8",
    "Rd7",
    "b4",
    "cxb4"
  ],
  "statePieceCount": 12,
  "endPieceCount": 10,
  "boardState": [
    {
      "square": "f8",
      "type": "k",
      "color": "b"
    },
    {
      "square": "f7",
      "type": "n",
      "color": "b"
    },
    {
      "square": "c6",
      "type": "p",
      "color": "b"
    },
    {
      "square": "e6",
      "type": "r",
      "color": "b"
    },
    {
      "square": "b5",
      "type": "p",
      "color": "b"
    },
    {
      "square": "d5",
      "type": "b",
      "color": "w"
    },
    {
      "square": "f5",
      "type": "n",
      "color": "w"
    },
    {
      "square": "f4",
      "type": "k",
      "color": "w"
    },
    {
      "square": "h4",
      "type": "p",
      "color": "w"
    },
    {
      "square": "b3",
      "type": "p",
      "color": "w"
    },
    {
      "square": "c3",
      "type": "p",
      "color": "w"
    },
    {
      "square": "f1",
      "type": "r",
      "color": "w"
    }
  ],
  "nextTurn": "b"
}