{
  "event": "GRENKE Chess Classic",
  "site": "Baden-Baden GER",
  "date": "2018.04.06",
  "eventDate": "2018.03.31",
  "dateMillis": 1522944000000,
  "eventDateMillis": 1522425600000,
  "round": "6",
  "result": "1/2-1/2",
  "white": "Magnus Carlsen",
  "black": "Levon Aronian",
  "isCarlsenWin": false,
  "isDraw": true,
  "isCarlsenBlack": false,
  "moves": [
    "Rxc3",
    "Rc5",
    "Rc1+",
    "Kg2",
    "c3",
    "Kf3",
    "c2",
    "Kf4",
    "Rd1",
    "Rxc2",
    "Rxd4+",
    "Kf5",
    "Kh7",
    "f4",
    "Ra4",
    "Rc5",
    "Kh6",
    "Rd5",
    "Ra6",
    "g4",
    "g6+",
    "Ke4",
    "Ra4+",
    "Rd4",
    "Ra5",
    "Rd5",
    "Ra4+",
    "Ke3",
    "Ra3+",
    "Rd3",
    "Ra6"
  ],
  "statePieceCount": 12,
  "endPieceCount": 9,
  "boardState": [
    {
      "square": "g8",
      "type": "k",
      "color": "b"
    },
    {
      "square": "g7",
      "type": "p",
      "color": "b"
    },
    {
      "square": "f6",
      "type": "p",
      "color": "b"
    },
    {
      "square": "h5",
      "type": "r",
      "color": "w"
    },
    {
      "square": "c4",
      "type": "p",
      "color": "b"
    },
    {
      "square": "d4",
      "type": "p",
      "color": "w"
    },
    {
      "square": "h4",
      "type": "p",
      "color": "w"
    },
    {
      "square": "b3",
      "type": "r",
      "color": "b"
    },
    {
      "square": "c3",
      "type": "p",
      "color": "w"
    },
    {
      "square": "g3",
      "type": "p",
      "color": "w"
    },
    {
      "square": "f2",
      "type": "p",
      "color": "w"
    },
    {
      "square": "g1",
      "type": "k",
      "color": "w"
    }
  ],
  "nextTurn": "b"
}