{
  "event": "GRENKE Chess Classic",
  "site": "Baden-Baden GER",
  "date": "2018.04.04",
  "eventDate": "2018.03.31",
  "dateMillis": 1522771200000,
  "eventDateMillis": 1522425600000,
  "round": "4",
  "result": "1/2-1/2",
  "white": "Magnus Carlsen",
  "black": "Maxime Vachier-Lagrave",
  "isCarlsenWin": false,
  "isDraw": true,
  "isCarlsenBlack": false,
  "moves": [
    "Nf5",
    "Bb6",
    "Bd2",
    "Bd8",
    "Nd4",
    "Ba4",
    "Kd6",
    "Kg2",
    "Ne6",
    "Bb6",
    "Nc5",
    "Bxc5+",
    "Kxc5"
  ],
  "statePieceCount": 12,
  "endPieceCount": 10,
  "boardState": [
    {
      "square": "h7",
      "type": "p",
      "color": "b"
    },
    {
      "square": "c6",
      "type": "b",
      "color": "w"
    },
    {
      "square": "d6",
      "type": "n",
      "color": "b"
    },
    {
      "square": "e6",
      "type": "k",
      "color": "b"
    },
    {
      "square": "g6",
      "type": "p",
      "color": "b"
    },
    {
      "square": "a5",
      "type": "p",
      "color": "b"
    },
    {
      "square": "c5",
      "type": "b",
      "color": "w"
    },
    {
      "square": "f4",
      "type": "b",
      "color": "b"
    },
    {
      "square": "h4",
      "type": "p",
      "color": "w"
    },
    {
      "square": "b3",
      "type": "p",
      "color": "w"
    },
    {
      "square": "f3",
      "type": "p",
      "color": "w"
    },
    {
      "square": "f1",
      "type": "k",
      "color": "w"
    }
  ],
  "nextTurn": "b"
}