{
  "event": "GRENKE Chess Classic",
  "site": "Karlsruhe GER",
  "date": "2018.04.02",
  "eventDate": "2018.03.31",
  "dateMillis": 1522598400000,
  "eventDateMillis": 1522425600000,
  "round": "3",
  "result": "1/2-1/2",
  "white": "Matthias Bluebaum",
  "black": "Magnus Carlsen",
  "isCarlsenWin": false,
  "isDraw": true,
  "isCarlsenBlack": true,
  "moves": [
    "Qc3+",
    "Kg8",
    "Qf6",
    "Qg2",
    "Ke3",
    "Qh3+",
    "Kd2",
    "Qd7+",
    "Kc2",
    "Ne7",
    "Nc3",
    "Ng6",
    "b4",
    "Nf8",
    "Qe5",
    "Qe6",
    "Qxe6",
    "Nxe6",
    "Ne4",
    "Kg7",
    "a4",
    "b6",
    "Kc3",
    "Kg6",
    "Kc4",
    "Nxg5",
    "Nd6",
    "f5",
    "Nxf5",
    "Kxf5",
    "Kd5",
    "Nf3",
    "Kc6",
    "b5",
    "axb5",
    "Nd4+",
    "Kc5",
    "Nxb5",
    "Kb6",
    "Ke5"
  ],
  "statePieceCount": 12,
  "endPieceCount": 5,
  "boardState": [
    {
      "square": "b7",
      "type": "p",
      "color": "b"
    },
    {
      "square": "f7",
      "type": "p",
      "color": "b"
    },
    {
      "square": "g7",
      "type": "k",
      "color": "b"
    },
    {
      "square": "a6",
      "type": "p",
      "color": "b"
    },
    {
      "square": "c6",
      "type": "n",
      "color": "b"
    },
    {
      "square": "g5",
      "type": "p",
      "color": "w"
    },
    {
      "square": "g4",
      "type": "q",
      "color": "b"
    },
    {
      "square": "a3",
      "type": "p",
      "color": "w"
    },
    {
      "square": "e3",
      "type": "q",
      "color": "w"
    },
    {
      "square": "b2",
      "type": "p",
      "color": "w"
    },
    {
      "square": "d2",
      "type": "k",
      "color": "w"
    },
    {
      "square": "e2",
      "type": "n",
      "color": "w"
    }
  ],
  "nextTurn": "w"
}