{
  "event": "Biel",
  "site": "0:52:33-0:22:33",
  "date": "2018.07.22",
  "eventDate": "2018.07.21",
  "dateMillis": 1532188800000,
  "eventDateMillis": 1532102400000,
  "round": "1",
  "result": "1-0",
  "white": "Magnus Carlsen",
  "black": "David Navara",
  "isDingWin": true,
  "isDraw": false,
  "isDingBlack": false,
  "moves": [
    "Rd7+",
    "Kg8",
    "Rd4",
    "Qe7",
    "a4",
    "Qa3",
    "g3",
    "Qa1",
    "Kg2",
    "g5",
    "Nd2",
    "g4",
    "Ne4",
    "Qc1",
    "Nf6+",
    "Kf7",
    "Nxh5",
    "Qc6+",
    "Kg1",
    "Qc1+",
    "Kh2",
    "Kg6",
    "Nf4+",
    "Kf6",
    "Ng2",
    "Kg5",
    "Rf4",
    "Qd1",
    "Nh4",
    "Qc2",
    "Nf5",
    "Qd3",
    "e4",
    "Qd7",
    "e5",
    "Qh7+",
    "Kg1",
    "Qg6",
    "Nd6",
    "Qe6",
    "Rf5+",
    "Qxf5",
    "Nxf5",
    "Kxf5",
    "f4",
    "gxf3",
    "Kf2",
    "Kxe5",
    "Kxf3",
    "Kf5",
    "Ke3"
  ],
  "statePieceCount": 12,
  "endPieceCount": 5,
  "boardState": [
    {
      "square": "f7",
      "type": "k",
      "color": "b"
    },
    {
      "square": "g6",
      "type": "p",
      "color": "b"
    },
    {
      "square": "a5",
      "type": "p",
      "color": "b"
    },
    {
      "square": "h5",
      "type": "p",
      "color": "b"
    },
    {
      "square": "h4",
      "type": "q",
      "color": "b"
    },
    {
      "square": "a3",
      "type": "p",
      "color": "w"
    },
    {
      "square": "d3",
      "type": "r",
      "color": "w"
    },
    {
      "square": "e3",
      "type": "p",
      "color": "w"
    },
    {
      "square": "f2",
      "type": "p",
      "color": "w"
    },
    {
      "square": "g2",
      "type": "p",
      "color": "w"
    },
    {
      "square": "f1",
      "type": "n",
      "color": "w"
    },
    {
      "square": "g1",
      "type": "k",
      "color": "w"
    }
  ]
}