{
  "event": "World Rapid Championship",
  "site": "St Petersburg RUS",
  "date": "2018.12.26",
  "eventDate": "2018.12.26",
  "dateMillis": 1545753600000,
  "eventDateMillis": 1545753600000,
  "round": "4.1",
  "result": "1-0",
  "white": "Magnus Carlsen",
  "black": "Nikolai Vlassov",
  "isCarlsenWin": true,
  "isDraw": false,
  "isCarlsenBlack": false,
  "moves": [
    "d5",
    "Nc3",
    "Rb2",
    "Nxd5",
    "Rxa2",
    "Nf6",
    "h6",
    "g4",
    "Ke7",
    "Nxe4",
    "Ra3+",
    "Bd3"
  ],
  "statePieceCount": 12,
  "endPieceCount": 9,
  "boardState": [
    {
      "square": "d8",
      "type": "k",
      "color": "b"
    },
    {
      "square": "h7",
      "type": "p",
      "color": "b"
    },
    {
      "square": "d6",
      "type": "p",
      "color": "b"
    },
    {
      "square": "b5",
      "type": "n",
      "color": "w"
    },
    {
      "square": "e4",
      "type": "p",
      "color": "b"
    },
    {
      "square": "f4",
      "type": "p",
      "color": "w"
    },
    {
      "square": "e3",
      "type": "k",
      "color": "w"
    },
    {
      "square": "g3",
      "type": "p",
      "color": "w"
    },
    {
      "square": "a2",
      "type": "p",
      "color": "w"
    },
    {
      "square": "e2",
      "type": "b",
      "color": "w"
    },
    {
      "square": "f2",
      "type": "p",
      "color": "w"
    },
    {
      "square": "b1",
      "type": "r",
      "color": "b"
    }
  ],
  "nextTurn": "b"
}