{
  "event": "World Rapid Championship",
  "site": "St Petersburg RUS",
  "date": "2018.12.27",
  "eventDate": "2018.12.26",
  "dateMillis": 1545840000000,
  "eventDateMillis": 1545753600000,
  "round": "7.1",
  "result": "1-0",
  "white": "Alexander Zubov",
  "black": "Magnus Carlsen",
  "isCarlsenWin": false,
  "isDraw": false,
  "isCarlsenBlack": true,
  "moves": [
    "Kb6",
    "Rb3+",
    "Kc7",
    "Ng4",
    "Bd4",
    "Rb5",
    "Kd6",
    "Bb3",
    "Ra7",
    "Rb8",
    "Ne6",
    "Bxe6",
    "Kxe6",
    "Kf8",
    "Rh7",
    "Re8+",
    "Kf5"
  ],
  "statePieceCount": 12,
  "endPieceCount": 10,
  "boardState": [
    {
      "square": "e8",
      "type": "k",
      "color": "b"
    },
    {
      "square": "g7",
      "type": "r",
      "color": "w"
    },
    {
      "square": "a5",
      "type": "k",
      "color": "w"
    },
    {
      "square": "e5",
      "type": "b",
      "color": "w"
    },
    {
      "square": "g5",
      "type": "n",
      "color": "w"
    },
    {
      "square": "h5",
      "type": "p",
      "color": "b"
    },
    {
      "square": "e4",
      "type": "p",
      "color": "w"
    },
    {
      "square": "h4",
      "type": "p",
      "color": "w"
    },
    {
      "square": "a3",
      "type": "r",
      "color": "b"
    },
    {
      "square": "g3",
      "type": "p",
      "color": "w"
    },
    {
      "square": "f2",
      "type": "n",
      "color": "b"
    },
    {
      "square": "d1",
      "type": "b",
      "color": "b"
    }
  ],
  "nextTurn": "w"
}