{
  "event": "World Rapid Championship",
  "site": "St Petersburg RUS",
  "date": "2018.12.28",
  "eventDate": "2018.12.26",
  "dateMillis": 1545926400000,
  "eventDateMillis": 1545753600000,
  "round": "15.1",
  "result": "1/2-1/2",
  "white": "Hikaru Nakamura",
  "black": "Magnus Carlsen",
  "isCarlsenWin": false,
  "isDraw": true,
  "isCarlsenBlack": true,
  "moves": [
    "Rb7",
    "Kf1",
    "Kf8",
    "Ke2",
    "Ke7",
    "e5",
    "Ke6",
    "f4",
    "Kd5",
    "Kd3",
    "Kc5",
    "Re4",
    "b4",
    "Kc2",
    "Ra7",
    "Kb2",
    "Rd7",
    "Re2",
    "g6",
    "g4",
    "Ra7",
    "f5",
    "Kd5",
    "e6",
    "fxe6",
    "Rxe6",
    "gxf5",
    "gxf5",
    "Rf7",
    "Kb3",
    "h5",
    "Kxb4",
    "Rxf5",
    "Re3",
    "Kd4",
    "Rh3",
    "Re5",
    "Kb3",
    "Re3+",
    "Rxe3",
    "Kxe3",
    "h4",
    "Kf3",
    "Kc2",
    "Kg3",
    "Kd2",
    "Kxh4",
    "Ke1",
    "Kg3",
    "Kf1",
    "h4",
    "Kg1",
    "h3",
    "Kh1",
    "h2"
  ],
  "statePieceCount": 12,
  "endPieceCount": 3,
  "boardState": [
    {
      "square": "g8",
      "type": "k",
      "color": "b"
    },
    {
      "square": "c7",
      "type": "r",
      "color": "b"
    },
    {
      "square": "f7",
      "type": "p",
      "color": "b"
    },
    {
      "square": "g7",
      "type": "p",
      "color": "b"
    },
    {
      "square": "h7",
      "type": "p",
      "color": "b"
    },
    {
      "square": "b5",
      "type": "p",
      "color": "b"
    },
    {
      "square": "b4",
      "type": "r",
      "color": "w"
    },
    {
      "square": "e4",
      "type": "p",
      "color": "w"
    },
    {
      "square": "g3",
      "type": "p",
      "color": "w"
    },
    {
      "square": "f2",
      "type": "p",
      "color": "w"
    },
    {
      "square": "h2",
      "type": "p",
      "color": "w"
    },
    {
      "square": "g1",
      "type": "k",
      "color": "w"
    }
  ],
  "nextTurn": "b"
}