{
  "event": "World Blitz Championship",
  "site": "St Petersburg RUS",
  "date": "2018.12.29",
  "dateMillis": 1546012800000,
  "eventDateMillis": null,
  "round": "6",
  "result": "1/2-1/2",
  "white": "Sergei Zhigalko",
  "black": "Magnus Carlsen",
  "isCarlsenWin": false,
  "isDraw": true,
  "isCarlsenBlack": true,
  "moves": [
    "Rxe7",
    "f3",
    "Re8",
    "Kf2",
    "Re5",
    "Qc6",
    "Re6",
    "Qc8+",
    "Re8",
    "Qf5",
    "Re5",
    "Qd3",
    "Rd5",
    "Qe3",
    "Re5",
    "Qd4",
    "Kh7",
    "Qd7",
    "Bg6",
    "Qd6",
    "Rb5",
    "Qd4",
    "Re5",
    "Qc4",
    "Rf5",
    "Qd4",
    "Re5"
  ],
  "statePieceCount": 12,
  "endPieceCount": 11,
  "boardState": [
    {
      "square": "e8",
      "type": "r",
      "color": "b"
    },
    {
      "square": "g8",
      "type": "k",
      "color": "b"
    },
    {
      "square": "e7",
      "type": "r",
      "color": "w"
    },
    {
      "square": "f7",
      "type": "b",
      "color": "b"
    },
    {
      "square": "g7",
      "type": "p",
      "color": "b"
    },
    {
      "square": "f6",
      "type": "p",
      "color": "b"
    },
    {
      "square": "h5",
      "type": "p",
      "color": "b"
    },
    {
      "square": "a4",
      "type": "q",
      "color": "w"
    },
    {
      "square": "h4",
      "type": "p",
      "color": "w"
    },
    {
      "square": "f2",
      "type": "p",
      "color": "w"
    },
    {
      "square": "g2",
      "type": "p",
      "color": "w"
    },
    {
      "square": "g1",
      "type": "k",
      "color": "w"
    }
  ],
  "nextTurn": "b"
}