{
  "event": "Tata Steel Masters",
  "site": "Wijk aan Zee NED",
  "date": "2019.01.15",
  "dateMillis": 1547481600000,
  "eventDateMillis": null,
  "round": "4",
  "result": "1/2-1/2",
  "white": "Magnus Carlsen",
  "black": "Vladimir Kramnik",
  "isCarlsenWin": false,
  "isDraw": true,
  "isCarlsenBlack": false,
  "moves": [
    "fxe3",
    "Nd3",
    "e2",
    "f4+",
    "Bxf4",
    "b6",
    "Kf5",
    "Kf3",
    "g2",
    "Kxg2",
    "Ke4",
    "Ne1",
    "Ke3",
    "b7",
    "h4",
    "c4",
    "Bg3",
    "c5",
    "Kd2",
    "Nf3+",
    "Kd1",
    "c6",
    "Kc1"
  ],
  "statePieceCount": 12,
  "endPieceCount": 9,
  "boardState": [
    {
      "square": "c7",
      "type": "b",
      "color": "b"
    },
    {
      "square": "b5",
      "type": "p",
      "color": "w"
    },
    {
      "square": "g5",
      "type": "k",
      "color": "b"
    },
    {
      "square": "h5",
      "type": "p",
      "color": "b"
    },
    {
      "square": "b4",
      "type": "n",
      "color": "w"
    },
    {
      "square": "f4",
      "type": "p",
      "color": "b"
    },
    {
      "square": "c3",
      "type": "p",
      "color": "w"
    },
    {
      "square": "e3",
      "type": "b",
      "color": "w"
    },
    {
      "square": "f3",
      "type": "p",
      "color": "w"
    },
    {
      "square": "g3",
      "type": "p",
      "color": "b"
    },
    {
      "square": "h3",
      "type": "p",
      "color": "w"
    },
    {
      "square": "g2",
      "type": "k",
      "color": "w"
    }
  ],
  "nextTurn": "b"
}