{
  "event": "GRENKE Chess Classic",
  "site": "Karlsruhe GER",
  "date": "2019.04.23",
  "eventDate": "2019.04.20",
  "dateMillis": 1555948800000,
  "eventDateMillis": 1555689600000,
  "round": "4",
  "result": "1/2-1/2",
  "white": "Fabiano Caruana",
  "black": "Magnus Carlsen",
  "isCarlsenWin": false,
  "isDraw": true,
  "isCarlsenBlack": true,
  "moves": [
    "Ra8",
    "Rc6",
    "Ne4",
    "Bh3",
    "Rxa2",
    "Bg2",
    "Ng3",
    "Rxd6",
    "Ne2+",
    "Kf1",
    "Nxf4",
    "Be4",
    "Ra4",
    "Bxg6",
    "Nxg6",
    "Rb6",
    "Rf4+",
    "Ke1",
    "b4",
    "d6",
    "Rd4",
    "d7",
    "Rxd7",
    "Rxb4",
    "Kg5",
    "Ke2",
    "Re7+",
    "Kd2",
    "Kf5",
    "Rb5+",
    "Ne5",
    "Rb4",
    "Rd7+",
    "Ke2",
    "Nd3",
    "Ra4",
    "Nf4+",
    "Ke1",
    "Kg4",
    "Ra3",
    "Rd8",
    "Rc3",
    "Rh8",
    "Ra3",
    "Rh2",
    "Kd1",
    "Kf5",
    "Re3",
    "Nd5",
    "Re8",
    "Kf4",
    "Kc1",
    "Nc3",
    "Re7",
    "Ne4",
    "Re8",
    "Ke3",
    "Re7",
    "Rh6",
    "Rc7",
    "Kd3",
    "Rd7+",
    "Rd6",
    "Rxd6+",
    "Nxd6"
  ],
  "statePieceCount": 12,
  "endPieceCount": 3,
  "boardState": [
    {
      "square": "d8",
      "type": "r",
      "color": "b"
    },
    {
      "square": "c7",
      "type": "r",
      "color": "w"
    },
    {
      "square": "d6",
      "type": "p",
      "color": "b"
    },
    {
      "square": "e6",
      "type": "b",
      "color": "w"
    },
    {
      "square": "g6",
      "type": "p",
      "color": "b"
    },
    {
      "square": "h6",
      "type": "k",
      "color": "b"
    },
    {
      "square": "b5",
      "type": "p",
      "color": "b"
    },
    {
      "square": "c5",
      "type": "n",
      "color": "b"
    },
    {
      "square": "d5",
      "type": "p",
      "color": "w"
    },
    {
      "square": "f4",
      "type": "p",
      "color": "w"
    },
    {
      "square": "a2",
      "type": "p",
      "color": "w"
    },
    {
      "square": "g1",
      "type": "k",
      "color": "w"
    }
  ],
  "nextTurn": "b"
}