{
  "event": "Grand Chess Tour Cote d�Ivoire (Rapid & Blitz)",
  "site": "Abidjan CIV",
  "date": "2019.05.12",
  "eventDate": "2019.05.11",
  "dateMillis": 1557590400000,
  "eventDateMillis": 1557504000000,
  "round": "15.1",
  "result": "1/2-1/2",
  "white": "Ian Nepomniachtchi",
  "black": "Magnus Carlsen",
  "isCarlsenWin": false,
  "isDraw": true,
  "isCarlsenBlack": true,
  "moves": [
    "bxa5",
    "Ra6",
    "Kg1",
    "Kf7",
    "Kf2",
    "Ke6",
    "Ke3",
    "Kd5",
    "Kf4",
    "h6",
    "h4",
    "Ke6",
    "g4",
    "fxg4",
    "Kxg4",
    "Ke5",
    "Kf3",
    "Kd4",
    "Kf4",
    "Kc4",
    "Ke4",
    "Kc5",
    "Rc1+",
    "Kb4",
    "Rg1",
    "h5",
    "Kd4",
    "Rxa5",
    "Rb1+",
    "Ka4",
    "Ra1+",
    "Kb5",
    "Rxa5+",
    "Kxa5",
    "Kd5",
    "Kb4",
    "Kxd6",
    "g5"
  ],
  "statePieceCount": 12,
  "endPieceCount": 5,
  "boardState": [
    {
      "square": "g8",
      "type": "k",
      "color": "b"
    },
    {
      "square": "h7",
      "type": "p",
      "color": "b"
    },
    {
      "square": "c6",
      "type": "r",
      "color": "b"
    },
    {
      "square": "d6",
      "type": "p",
      "color": "b"
    },
    {
      "square": "g6",
      "type": "p",
      "color": "b"
    },
    {
      "square": "a5",
      "type": "p",
      "color": "b"
    },
    {
      "square": "f5",
      "type": "p",
      "color": "b"
    },
    {
      "square": "b4",
      "type": "p",
      "color": "w"
    },
    {
      "square": "g2",
      "type": "p",
      "color": "w"
    },
    {
      "square": "h2",
      "type": "p",
      "color": "w"
    },
    {
      "square": "a1",
      "type": "r",
      "color": "w"
    },
    {
      "square": "h1",
      "type": "k",
      "color": "w"
    }
  ],
  "nextTurn": "w"
}