{
  "event": "Norway Chess",
  "site": "Stavanger NOR",
  "date": "2019.06.08",
  "eventDate": "2019.06.04",
  "dateMillis": 1559923200000,
  "eventDateMillis": 1559577600000,
  "round": "4.1",
  "result": "1-0",
  "white": "Magnus Carlsen",
  "black": "Shakhriyar Mamedyarov",
  "isCarlsenWin": true,
  "isDraw": false,
  "isCarlsenBlack": false,
  "moves": [
    "Rd4",
    "Bc4",
    "Bxg5",
    "Rb7",
    "Rf4+",
    "Ke6",
    "g4",
    "Rb3",
    "Bh4",
    "Rxa3",
    "g5",
    "Ra1+",
    "Kh2",
    "d4",
    "g6",
    "Bd5",
    "f3",
    "d3",
    "g7",
    "Ke5",
    "Bg3",
    "Ra2+",
    "Kh3",
    "d2",
    "Rf7+",
    "Kd4",
    "g8=Q",
    "d1=Q",
    "Qg7+",
    "Kd3",
    "Qg6+",
    "Kd4",
    "Qf6+",
    "Kd3",
    "Qf5+",
    "Kc4",
    "Rc7+",
    "Kb5",
    "Qd7+",
    "Kb4",
    "Qd6+"
  ],
  "statePieceCount": 12,
  "endPieceCount": 10,
  "boardState": [
    {
      "square": "d7",
      "type": "r",
      "color": "b"
    },
    {
      "square": "f7",
      "type": "k",
      "color": "b"
    },
    {
      "square": "a6",
      "type": "p",
      "color": "b"
    },
    {
      "square": "d5",
      "type": "p",
      "color": "b"
    },
    {
      "square": "g5",
      "type": "p",
      "color": "b"
    },
    {
      "square": "a4",
      "type": "r",
      "color": "w"
    },
    {
      "square": "a3",
      "type": "p",
      "color": "w"
    },
    {
      "square": "d3",
      "type": "b",
      "color": "b"
    },
    {
      "square": "e3",
      "type": "b",
      "color": "w"
    },
    {
      "square": "f2",
      "type": "p",
      "color": "w"
    },
    {
      "square": "g2",
      "type": "p",
      "color": "w"
    },
    {
      "square": "g1",
      "type": "k",
      "color": "w"
    }
  ],
  "nextTurn": "w"
}