{
  "event": "Norway Chess",
  "site": "Stavanger NOR",
  "date": "2019.06.09",
  "eventDate": "2019.06.04",
  "dateMillis": 1560009600000,
  "eventDateMillis": 1559577600000,
  "round": "5.1",
  "result": "1/2-1/2",
  "white": "Maxime Vachier-Lagrave",
  "black": "Magnus Carlsen",
  "isCarlsenWin": false,
  "isDraw": true,
  "isCarlsenBlack": true,
  "moves": [
    "Bxf5",
    "Be6",
    "Bxe6",
    "fxe6",
    "Rb7",
    "Rb2",
    "Kf4",
    "Rf2+",
    "Ke4",
    "Re2+",
    "Kf4",
    "Rf2+",
    "Ke4",
    "Re2+"
  ],
  "statePieceCount": 12,
  "endPieceCount": 9,
  "boardState": [
    {
      "square": "f8",
      "type": "k",
      "color": "b"
    },
    {
      "square": "c7",
      "type": "r",
      "color": "w"
    },
    {
      "square": "d7",
      "type": "b",
      "color": "w"
    },
    {
      "square": "f7",
      "type": "p",
      "color": "b"
    },
    {
      "square": "b6",
      "type": "p",
      "color": "b"
    },
    {
      "square": "e5",
      "type": "p",
      "color": "w"
    },
    {
      "square": "f5",
      "type": "p",
      "color": "b"
    },
    {
      "square": "h5",
      "type": "p",
      "color": "b"
    },
    {
      "square": "e3",
      "type": "k",
      "color": "w"
    },
    {
      "square": "g3",
      "type": "p",
      "color": "w"
    },
    {
      "square": "a2",
      "type": "b",
      "color": "b"
    },
    {
      "square": "h2",
      "type": "r",
      "color": "b"
    }
  ],
  "nextTurn": "w"
}