{
  "event": "GCT Croatia",
  "site": "Zagreb CRO",
  "date": "2019.06.28",
  "eventDate": "2019.06.26",
  "dateMillis": 1561651200000,
  "eventDateMillis": 1561478400000,
  "round": "3.1",
  "result": "1/2-1/2",
  "white": "Fabiano Caruana",
  "black": "Magnus Carlsen",
  "isDingWin": false,
  "isDraw": true,
  "isDingBlack": true,
  "moves": [
    "Kxe4",
    "Bf6",
    "c4",
    "Bxh4",
    "c3",
    "Bf6",
    "c2",
    "Bb2",
    "Kd5",
    "g4",
    "Kxd6",
    "Kg3",
    "Bb5",
    "Kf3",
    "Ke7",
    "h4",
    "Kf8",
    "h5",
    "Be8",
    "Kg3",
    "Kg8",
    "Kh4",
    "Kh7",
    "Kg5",
    "Bd7",
    "Kf4",
    "a5",
    "Kg5",
    "a4",
    "Kf4",
    "Be6",
    "g5",
    "Bf7",
    "g6+",
    "Bxg6",
    "hxg6+",
    "Kxg6",
    "Ke5",
    "Kf7",
    "Kd6",
    "Ke8",
    "Bc1",
    "Kd8",
    "Kc6",
    "Kc8",
    "Bf4",
    "c1=Q+",
    "Bxc1",
    "Kb8",
    "Kb6",
    "Ka8",
    "Bf4"
  ],
  "statePieceCount": 12,
  "endPieceCount": 5,
  "boardState": [
    {
      "square": "g7",
      "type": "b",
      "color": "w"
    },
    {
      "square": "a6",
      "type": "p",
      "color": "b"
    },
    {
      "square": "c6",
      "type": "b",
      "color": "b"
    },
    {
      "square": "d6",
      "type": "p",
      "color": "w"
    },
    {
      "square": "c5",
      "type": "p",
      "color": "b"
    },
    {
      "square": "f5",
      "type": "k",
      "color": "b"
    },
    {
      "square": "e4",
      "type": "r",
      "color": "w"
    },
    {
      "square": "h4",
      "type": "p",
      "color": "b"
    },
    {
      "square": "a3",
      "type": "p",
      "color": "w"
    },
    {
      "square": "h3",
      "type": "p",
      "color": "w"
    },
    {
      "square": "g2",
      "type": "p",
      "color": "w"
    },
    {
      "square": "h2",
      "type": "k",
      "color": "w"
    }
  ]
}