{
  "event": "GCT St. Louis Rapid & Blitz",
  "site": "St. Louis MO USA",
  "date": "2019.08.12",
  "eventDate": "2019.08.10",
  "dateMillis": 1565539200000,
  "eventDateMillis": 1565366400000,
  "round": "9.4",
  "result": "1/2-1/2",
  "white": "Magnus Carlsen",
  "black": "Shakhriyar Mamedyarov",
  "isDingWin": false,
  "isDraw": true,
  "isDingBlack": false,
  "moves": [
    "Rxb7",
    "Kf4",
    "Ke7",
    "Ne3",
    "Rb2",
    "Nf5+",
    "Kf8",
    "g4",
    "g6",
    "Ne3",
    "f6",
    "g5",
    "Kf7",
    "Nd5",
    "fxg5+",
    "hxg5",
    "Ke6",
    "Nc7+",
    "Kd6",
    "Nd5",
    "Rb7",
    "Ke3",
    "Kc5",
    "Nf6",
    "Kd6",
    "Ng4",
    "Rb5",
    "Kf4",
    "Ke6",
    "Ne3",
    "Rb7",
    "Ng4",
    "Rf7+",
    "Ke3",
    "Kd6",
    "Nh6",
    "Ra7",
    "Ng4"
  ],
  "statePieceCount": 12,
  "endPieceCount": 9,
  "boardState": [
    {
      "square": "f8",
      "type": "k",
      "color": "b"
    },
    {
      "square": "b7",
      "type": "b",
      "color": "w"
    },
    {
      "square": "f7",
      "type": "p",
      "color": "b"
    },
    {
      "square": "g7",
      "type": "p",
      "color": "b"
    },
    {
      "square": "h7",
      "type": "p",
      "color": "b"
    },
    {
      "square": "e4",
      "type": "p",
      "color": "w"
    },
    {
      "square": "h4",
      "type": "p",
      "color": "w"
    },
    {
      "square": "e3",
      "type": "k",
      "color": "w"
    },
    {
      "square": "f3",
      "type": "p",
      "color": "w"
    },
    {
      "square": "b2",
      "type": "r",
      "color": "b"
    },
    {
      "square": "g2",
      "type": "p",
      "color": "w"
    },
    {
      "square": "f1",
      "type": "n",
      "color": "w"
    }
  ]
}