{
  "event": "GCT St. Louis Rapid & Blitz",
  "site": "St Louis, MO USA",
  "date": "2019.08.14",
  "eventDate": "2019.08.13",
  "dateMillis": 1565712000000,
  "eventDateMillis": 1565625600000,
  "round": "10.1",
  "result": "1/2-1/2",
  "white": "Maxime Vachier-Lagrave",
  "black": "Magnus Carlsen",
  "isDingWin": false,
  "isDraw": true,
  "isDingBlack": true,
  "moves": [
    "Rxe5",
    "Rb4",
    "Rxa5",
    "Rxb2+",
    "Kg3",
    "Ne4+",
    "Kf4",
    "Nc5",
    "h4",
    "Kd5",
    "Ne3+",
    "Kc6",
    "Nf5",
    "b6",
    "Ra7",
    "Rb4+",
    "Kg5",
    "Ne4+",
    "Kh6",
    "Nd6",
    "Ne7+",
    "Kb5",
    "h5",
    "Rh4",
    "Nd5",
    "Ne4",
    "Rxh7",
    "Kc6",
    "Nxb6",
    "Rxh5+",
    "Kxh5",
    "Nf6+",
    "Kg6",
    "Nxh7",
    "Kxh7"
  ],
  "statePieceCount": 12,
  "endPieceCount": 3,
  "boardState": [
    {
      "square": "b7",
      "type": "p",
      "color": "b"
    },
    {
      "square": "h7",
      "type": "p",
      "color": "b"
    },
    {
      "square": "c6",
      "type": "k",
      "color": "b"
    },
    {
      "square": "a5",
      "type": "p",
      "color": "b"
    },
    {
      "square": "e5",
      "type": "p",
      "color": "b"
    },
    {
      "square": "f5",
      "type": "n",
      "color": "w"
    },
    {
      "square": "g5",
      "type": "n",
      "color": "b"
    },
    {
      "square": "g4",
      "type": "r",
      "color": "b"
    },
    {
      "square": "b2",
      "type": "p",
      "color": "w"
    },
    {
      "square": "e2",
      "type": "r",
      "color": "w"
    },
    {
      "square": "f2",
      "type": "k",
      "color": "w"
    },
    {
      "square": "h2",
      "type": "p",
      "color": "w"
    }
  ]
}