{
  "event": "GCT St. Louis Rapid & Blitz",
  "site": "St Louis, MO USA",
  "date": "2019.08.14",
  "eventDate": "2019.08.13",
  "dateMillis": 1565712000000,
  "eventDateMillis": 1565625600000,
  "round": "16.4",
  "result": "1-0",
  "white": "Leinier Dominguez Perez",
  "black": "Magnus Carlsen",
  "isDingWin": false,
  "isDraw": false,
  "isDingBlack": true,
  "moves": [
    "hxg3",
    "e3",
    "fxe3",
    "Rxg3",
    "Bc8",
    "Rxe3+",
    "Kb4",
    "Rf3",
    "c5",
    "Ke5",
    "Rb7",
    "f4",
    "Rxf7",
    "Rf1",
    "Kb5",
    "f3",
    "Kc6",
    "Kd4",
    "Kd6",
    "f2",
    "Bg4",
    "Ke3",
    "c6",
    "Rg1",
    "Bh3",
    "Rh1",
    "c7",
    "Rxh3",
    "c8=Q",
    "Rh6+",
    "Kc5",
    "Rh5+",
    "Kc4",
    "Rh4+",
    "Kb3"
  ],
  "statePieceCount": 12,
  "endPieceCount": 6,
  "boardState": [
    {
      "square": "g8",
      "type": "r",
      "color": "b"
    },
    {
      "square": "b7",
      "type": "b",
      "color": "w"
    },
    {
      "square": "f7",
      "type": "p",
      "color": "b"
    },
    {
      "square": "f6",
      "type": "k",
      "color": "b"
    },
    {
      "square": "b5",
      "type": "r",
      "color": "w"
    },
    {
      "square": "f5",
      "type": "p",
      "color": "b"
    },
    {
      "square": "c4",
      "type": "p",
      "color": "w"
    },
    {
      "square": "e4",
      "type": "p",
      "color": "b"
    },
    {
      "square": "b3",
      "type": "k",
      "color": "w"
    },
    {
      "square": "g3",
      "type": "p",
      "color": "b"
    },
    {
      "square": "f2",
      "type": "p",
      "color": "w"
    },
    {
      "square": "h2",
      "type": "p",
      "color": "w"
    }
  ]
}