{
  "event": "Sinquefield Cup",
  "site": "St Louis, MO USA",
  "date": "2019.08.21",
  "eventDate": "2019.08.17",
  "dateMillis": 1566316800000,
  "eventDateMillis": 1565971200000,
  "round": "5.3",
  "result": "1/2-1/2",
  "white": "Magnus Carlsen",
  "black": "Sergey Karjakin",
  "isCarlsenWin": false,
  "isDraw": true,
  "isCarlsenBlack": false,
  "moves": [
    "Kf2",
    "Kh4",
    "Kg2",
    "a5",
    "Kf2",
    "Kh3",
    "Kg1",
    "h5",
    "Kh1",
    "h4",
    "Kg1",
    "f6",
    "Kh1",
    "a4",
    "bxa4",
    "b3",
    "axb3"
  ],
  "statePieceCount": 12,
  "endPieceCount": 10,
  "boardState": [
    {
      "square": "f7",
      "type": "p",
      "color": "b"
    },
    {
      "square": "a6",
      "type": "p",
      "color": "b"
    },
    {
      "square": "h6",
      "type": "p",
      "color": "b"
    },
    {
      "square": "f5",
      "type": "p",
      "color": "b"
    },
    {
      "square": "h5",
      "type": "k",
      "color": "b"
    },
    {
      "square": "b4",
      "type": "p",
      "color": "b"
    },
    {
      "square": "f4",
      "type": "p",
      "color": "w"
    },
    {
      "square": "b3",
      "type": "p",
      "color": "w"
    },
    {
      "square": "f3",
      "type": "p",
      "color": "w"
    },
    {
      "square": "g3",
      "type": "k",
      "color": "w"
    },
    {
      "square": "a2",
      "type": "p",
      "color": "w"
    },
    {
      "square": "h2",
      "type": "p",
      "color": "w"
    }
  ],
  "nextTurn": "w"
}