{
  "event": "GCT Kolkata Rapid & Blitz",
  "site": "Kolkata IND",
  "date": "2019.11.25",
  "eventDate": "2019.11.25",
  "dateMillis": 1574611200000,
  "eventDateMillis": 1574611200000,
  "round": "8.3",
  "result": "0-1",
  "white": "Viswanathan Anand",
  "black": "Magnus Carlsen",
  "isCarlsenWin": true,
  "isDraw": false,
  "isCarlsenBlack": true,
  "moves": [
    "exf4",
    "Rc5",
    "Rc2",
    "Rc7",
    "Bb3",
    "Rd7",
    "Rc3",
    "Bb4",
    "Rc6+",
    "Kg7",
    "Bc4",
    "f5",
    "Be2",
    "Ra7",
    "Ba6",
    "Kh6",
    "Rb6",
    "Bc5",
    "Rc6",
    "Bg1",
    "Kg2",
    "Bd4",
    "Kg3",
    "Re7",
    "Rc4",
    "Re3+",
    "Kg2",
    "Bf6",
    "Bb7",
    "Bh4",
    "Bf3",
    "Rb3",
    "Bd1",
    "Rg3+",
    "Kh2",
    "Rd3",
    "Ba4",
    "Rd2+",
    "Kg1",
    "Bg3",
    "Bc6",
    "Kh5",
    "Bg2",
    "Kh4",
    "Ra4",
    "Bf2+",
    "Kh2",
    "Be3"
  ],
  "statePieceCount": 12,
  "endPieceCount": 11,
  "boardState": [
    {
      "square": "f7",
      "type": "p",
      "color": "b"
    },
    {
      "square": "h7",
      "type": "p",
      "color": "b"
    },
    {
      "square": "f6",
      "type": "k",
      "color": "b"
    },
    {
      "square": "g6",
      "type": "p",
      "color": "b"
    },
    {
      "square": "a5",
      "type": "r",
      "color": "b"
    },
    {
      "square": "c4",
      "type": "b",
      "color": "w"
    },
    {
      "square": "f4",
      "type": "p",
      "color": "b"
    },
    {
      "square": "a3",
      "type": "b",
      "color": "b"
    },
    {
      "square": "e3",
      "type": "p",
      "color": "w"
    },
    {
      "square": "f3",
      "type": "k",
      "color": "w"
    },
    {
      "square": "h3",
      "type": "p",
      "color": "w"
    },
    {
      "square": "a2",
      "type": "r",
      "color": "w"
    }
  ],
  "nextTurn": "w"
}