{
  "event": "GCT Kolkata Rapid & Blitz",
  "site": "Kolkata IND",
  "date": "2019.11.22",
  "eventDate": "2019.11.22",
  "dateMillis": 1574352000000,
  "eventDateMillis": 1574352000000,
  "round": "3",
  "result": "0-1",
  "white": "Levon Aronian",
  "black": "Magnus Carlsen",
  "isDingWin": true,
  "isDraw": false,
  "isDingBlack": true,
  "moves": [
    "Kxd3",
    "Kf3",
    "Kd2",
    "Kxe4",
    "Ke2",
    "d5",
    "Bg3",
    "d4",
    "Bh2",
    "Kd5",
    "Kd2",
    "e4",
    "Ke2",
    "Kc4",
    "Be5",
    "Kb3",
    "Kd2",
    "d3",
    "Kd1",
    "e3",
    "Kc1",
    "Kc4"
  ],
  "statePieceCount": 12,
  "endPieceCount": 10,
  "boardState": [
    {
      "square": "d6",
      "type": "p",
      "color": "b"
    },
    {
      "square": "a5",
      "type": "p",
      "color": "b"
    },
    {
      "square": "e5",
      "type": "p",
      "color": "b"
    },
    {
      "square": "a4",
      "type": "p",
      "color": "b"
    },
    {
      "square": "e4",
      "type": "p",
      "color": "w"
    },
    {
      "square": "g4",
      "type": "k",
      "color": "b"
    },
    {
      "square": "a3",
      "type": "p",
      "color": "w"
    },
    {
      "square": "d3",
      "type": "r",
      "color": "b"
    },
    {
      "square": "h3",
      "type": "p",
      "color": "b"
    },
    {
      "square": "b2",
      "type": "p",
      "color": "w"
    },
    {
      "square": "e2",
      "type": "k",
      "color": "w"
    },
    {
      "square": "h2",
      "type": "b",
      "color": "w"
    }
  ]
}