{
  "event": "London Chess Classic GCT Finals",
  "site": "London ENG",
  "date": "2019.12.08",
  "eventDate": "2019.12.02",
  "dateMillis": 1575734400000,
  "eventDateMillis": 1575216000000,
  "round": "2.6",
  "result": "1-0",
  "white": "Magnus Carlsen",
  "black": "Levon Aronian",
  "isCarlsenWin": true,
  "isDraw": false,
  "isCarlsenBlack": false,
  "moves": [
    "hxg4",
    "Kf6",
    "Rf5+",
    "Kg6",
    "Kd4"
  ],
  "statePieceCount": 12,
  "endPieceCount": 11,
  "boardState": [
    {
      "square": "e7",
      "type": "b",
      "color": "b"
    },
    {
      "square": "g6",
      "type": "k",
      "color": "b"
    },
    {
      "square": "a5",
      "type": "p",
      "color": "b"
    },
    {
      "square": "c5",
      "type": "n",
      "color": "b"
    },
    {
      "square": "d5",
      "type": "r",
      "color": "w"
    },
    {
      "square": "g5",
      "type": "p",
      "color": "b"
    },
    {
      "square": "a4",
      "type": "p",
      "color": "w"
    },
    {
      "square": "c4",
      "type": "b",
      "color": "w"
    },
    {
      "square": "g4",
      "type": "p",
      "color": "b"
    },
    {
      "square": "b3",
      "type": "p",
      "color": "w"
    },
    {
      "square": "e3",
      "type": "k",
      "color": "w"
    },
    {
      "square": "h3",
      "type": "p",
      "color": "w"
    }
  ],
  "nextTurn": "w"
}