{
  "event": "World Rapid Championship",
  "site": "Moscow RUS",
  "date": "2019.12.27",
  "eventDate": "2019.12.26",
  "dateMillis": 1577376000000,
  "eventDateMillis": 1577289600000,
  "round": "9.1",
  "result": "0-1",
  "white": "Alexander Zubov",
  "black": "Magnus Carlsen",
  "isDingWin": true,
  "isDraw": false,
  "isDingBlack": true,
  "moves": [
    "Kf8",
    "Re2",
    "Rd1+",
    "Re1",
    "Rxe1+",
    "Qxe1",
    "Qf3+",
    "Qf2",
    "Qxc6",
    "Qf6",
    "Qe4",
    "Kg1",
    "Qg4+",
    "Kh2",
    "a5",
    "Qd8+",
    "Kxf7",
    "Qxa5",
    "Qe2+",
    "Kg3",
    "Qe3+",
    "Kg4",
    "c3",
    "Qc7+",
    "Kg6",
    "Qc4",
    "Qe5",
    "a4",
    "Qf5+",
    "Kg3",
    "c2"
  ],
  "statePieceCount": 12,
  "endPieceCount": 7,
  "boardState": [
    {
      "square": "g8",
      "type": "k",
      "color": "b"
    },
    {
      "square": "f7",
      "type": "p",
      "color": "w"
    },
    {
      "square": "a6",
      "type": "p",
      "color": "b"
    },
    {
      "square": "c6",
      "type": "p",
      "color": "w"
    },
    {
      "square": "e6",
      "type": "p",
      "color": "b"
    },
    {
      "square": "c4",
      "type": "p",
      "color": "b"
    },
    {
      "square": "e4",
      "type": "q",
      "color": "w"
    },
    {
      "square": "g3",
      "type": "q",
      "color": "b"
    },
    {
      "square": "a2",
      "type": "p",
      "color": "w"
    },
    {
      "square": "d2",
      "type": "r",
      "color": "b"
    },
    {
      "square": "e1",
      "type": "r",
      "color": "w"
    },
    {
      "square": "f1",
      "type": "k",
      "color": "w"
    }
  ]
}