{
  "event": "World Blitz Championship",
  "site": "Moscow RUS",
  "date": "2019.12.30",
  "eventDate": "2019.12.29",
  "dateMillis": 1577635200000,
  "eventDateMillis": 1577548800000,
  "round": "17.1",
  "result": "1/2-1/2",
  "white": "Jan-Krzysztof Duda",
  "black": "Magnus Carlsen",
  "isCarlsenWin": false,
  "isDraw": true,
  "isCarlsenBlack": true,
  "moves": [
    "Rd1",
    "Bb6",
    "Rd2",
    "Ra4",
    "Re2",
    "Bd4",
    "Bd7",
    "Rb4",
    "Bc6",
    "Rb2",
    "Rxb2"
  ],
  "statePieceCount": 12,
  "endPieceCount": 11,
  "boardState": [
    {
      "square": "d8",
      "type": "b",
      "color": "b"
    },
    {
      "square": "f7",
      "type": "p",
      "color": "b"
    },
    {
      "square": "g7",
      "type": "k",
      "color": "b"
    },
    {
      "square": "g6",
      "type": "p",
      "color": "b"
    },
    {
      "square": "e5",
      "type": "p",
      "color": "b"
    },
    {
      "square": "e4",
      "type": "p",
      "color": "w"
    },
    {
      "square": "a3",
      "type": "r",
      "color": "b"
    },
    {
      "square": "g3",
      "type": "p",
      "color": "w"
    },
    {
      "square": "h3",
      "type": "b",
      "color": "w"
    },
    {
      "square": "f2",
      "type": "p",
      "color": "w"
    },
    {
      "square": "g2",
      "type": "k",
      "color": "w"
    },
    {
      "square": "h1",
      "type": "r",
      "color": "w"
    }
  ],
  "nextTurn": "w"
}