{
  "event": "Magnus Carlsen Invitational",
  "site": "chess24.com INT",
  "date": "2020.04.18",
  "eventDate": "2020.04.18",
  "dateMillis": 1587139200000,
  "eventDateMillis": 1587139200000,
  "round": "1.1",
  "result": "1-0",
  "white": "Magnus Carlsen",
  "black": "Hikaru Nakamura",
  "isDingWin": true,
  "isDraw": false,
  "isDingBlack": false,
  "moves": [
    "Bxe8",
    "Kf8",
    "Bc6",
    "h4",
    "f4",
    "Ke7",
    "Kf2",
    "f6",
    "Ke3",
    "Ke6",
    "Be4",
    "g5",
    "Kd4",
    "gxf4",
    "Bd5+",
    "Ke7",
    "Ke4",
    "Bc8",
    "Kxf4",
    "Bd7",
    "g3",
    "hxg3",
    "Kxg3",
    "Kf8",
    "h4",
    "Kg7",
    "Kf4",
    "Kh6",
    "Bf3",
    "Kg7",
    "Ke4",
    "Bc6+",
    "Ke3",
    "Bb5",
    "Kd4",
    "Kf7",
    "Kd5",
    "Ke7",
    "Bg4",
    "Bd3",
    "c6",
    "f5",
    "Bf3",
    "Bb5",
    "c7",
    "Kd7",
    "Ke5",
    "f4",
    "h5",
    "Bc4",
    "h6",
    "Bg8",
    "Bd5",
    "Bh7",
    "Be4",
    "Bg8",
    "Kxf4"
  ],
  "statePieceCount": 12,
  "endPieceCount": 6,
  "boardState": [
    {
      "square": "e8",
      "type": "r",
      "color": "b"
    },
    {
      "square": "g8",
      "type": "k",
      "color": "b"
    },
    {
      "square": "f7",
      "type": "p",
      "color": "b"
    },
    {
      "square": "a6",
      "type": "b",
      "color": "b"
    },
    {
      "square": "c6",
      "type": "b",
      "color": "w"
    },
    {
      "square": "g6",
      "type": "p",
      "color": "b"
    },
    {
      "square": "c5",
      "type": "p",
      "color": "w"
    },
    {
      "square": "h5",
      "type": "p",
      "color": "b"
    },
    {
      "square": "h3",
      "type": "p",
      "color": "w"
    },
    {
      "square": "f2",
      "type": "p",
      "color": "w"
    },
    {
      "square": "g2",
      "type": "p",
      "color": "w"
    },
    {
      "square": "g1",
      "type": "k",
      "color": "w"
    }
  ]
}