{
  "event": "Magnus Carlsen Invitational",
  "site": "chess24.com INT",
  "date": "2020.04.28",
  "eventDate": "2020.04.18",
  "dateMillis": 1588003200000,
  "eventDateMillis": 1587139200000,
  "round": "6.3",
  "result": "1-0",
  "white": "Magnus Carlsen",
  "black": "Ian Nepomniachtchi",
  "isCarlsenWin": true,
  "isDraw": false,
  "isCarlsenBlack": false,
  "moves": [
    "Ne7",
    "c3",
    "c4",
    "f6",
    "Ng6",
    "Rc6",
    "Ne5",
    "Rc7+",
    "Kxf6",
    "a6",
    "Be3",
    "a7",
    "Bxa7",
    "Rxa7",
    "Kg5",
    "Rg7+",
    "Kf4",
    "Ka2"
  ],
  "statePieceCount": 12,
  "endPieceCount": 9,
  "boardState": [
    {
      "square": "g8",
      "type": "n",
      "color": "b"
    },
    {
      "square": "f7",
      "type": "k",
      "color": "b"
    },
    {
      "square": "a6",
      "type": "r",
      "color": "w"
    },
    {
      "square": "a5",
      "type": "p",
      "color": "w"
    },
    {
      "square": "c5",
      "type": "p",
      "color": "b"
    },
    {
      "square": "f5",
      "type": "p",
      "color": "w"
    },
    {
      "square": "h4",
      "type": "p",
      "color": "b"
    },
    {
      "square": "h3",
      "type": "p",
      "color": "w"
    },
    {
      "square": "b2",
      "type": "p",
      "color": "w"
    },
    {
      "square": "c2",
      "type": "p",
      "color": "w"
    },
    {
      "square": "d2",
      "type": "b",
      "color": "b"
    },
    {
      "square": "b1",
      "type": "k",
      "color": "w"
    }
  ],
  "nextTurn": "b"
}