{
  "event": "FIDE Online Steinitz Memorial",
  "site": "chess24.com INT",
  "date": "2020.05.17",
  "eventDate": "2020.05.15",
  "dateMillis": 1589644800000,
  "eventDateMillis": 1589472000000,
  "round": "18",
  "result": "1/2-1/2",
  "white": "Jeffery Xiong",
  "black": "Magnus Carlsen",
  "isDingWin": false,
  "isDraw": true,
  "isDingBlack": true,
  "moves": [
    "Kg6",
    "g4",
    "f5",
    "f3",
    "fxg4",
    "fxg4",
    "Ra4",
    "Kf3",
    "Ra3+",
    "Ke2",
    "Ra4",
    "Rd7",
    "Rxg4",
    "Rxc7",
    "Kxh5",
    "Kd3",
    "Ra4",
    "Rc2",
    "e5",
    "Re2",
    "Ra5",
    "Kc4",
    "Kxh4",
    "Kb4",
    "Rd5",
    "Kc4",
    "Ra5",
    "Kb4",
    "Ra8",
    "a4",
    "Re8",
    "a5",
    "e4",
    "a6",
    "Kg3",
    "Kc5",
    "Kf3",
    "Ra2",
    "e3",
    "a7",
    "e2",
    "Ra1",
    "Ra8",
    "Kb6",
    "Kf2",
    "Kb7",
    "Rxa7+",
    "Kxa7",
    "e1=Q",
    "Rxe1",
    "Kxe1"
  ],
  "statePieceCount": 12,
  "endPieceCount": 2,
  "boardState": [
    {
      "square": "c7",
      "type": "b",
      "color": "b"
    },
    {
      "square": "e6",
      "type": "p",
      "color": "b"
    },
    {
      "square": "f6",
      "type": "p",
      "color": "b"
    },
    {
      "square": "a5",
      "type": "r",
      "color": "b"
    },
    {
      "square": "f5",
      "type": "k",
      "color": "b"
    },
    {
      "square": "h5",
      "type": "n",
      "color": "w"
    },
    {
      "square": "h4",
      "type": "p",
      "color": "w"
    },
    {
      "square": "g3",
      "type": "p",
      "color": "w"
    },
    {
      "square": "a2",
      "type": "p",
      "color": "w"
    },
    {
      "square": "d2",
      "type": "r",
      "color": "w"
    },
    {
      "square": "f2",
      "type": "p",
      "color": "w"
    },
    {
      "square": "g2",
      "type": "k",
      "color": "w"
    }
  ]
}