{
  "event": "Lindores Abbey Rapid Challenge",
  "site": "chess24.com INT",
  "date": "2020.05.24",
  "eventDate": "2020.05.23",
  "dateMillis": 1590249600000,
  "eventDateMillis": 1590163200000,
  "round": "1.12",
  "result": "0-1",
  "white": "Wesley So",
  "black": "Magnus Carlsen",
  "isCarlsenWin": true,
  "isDraw": false,
  "isCarlsenBlack": true,
  "moves": [
    "Rcc5",
    "Rg1",
    "Ra6+",
    "Kd7",
    "Ra7+",
    "Kd6",
    "Ra6+",
    "Kd7",
    "Rca5",
    "Bc4",
    "Ra7+",
    "Kd6",
    "Ra8",
    "f4",
    "Rd8+",
    "Kc7",
    "Rda8",
    "f3",
    "Rxa2",
    "Bxa2",
    "Rxa2",
    "Kd6"
  ],
  "statePieceCount": 12,
  "endPieceCount": 9,
  "boardState": [
    {
      "square": "d6",
      "type": "k",
      "color": "b"
    },
    {
      "square": "f6",
      "type": "k",
      "color": "w"
    },
    {
      "square": "g6",
      "type": "p",
      "color": "b"
    },
    {
      "square": "a5",
      "type": "r",
      "color": "w"
    },
    {
      "square": "f5",
      "type": "p",
      "color": "b"
    },
    {
      "square": "h5",
      "type": "p",
      "color": "b"
    },
    {
      "square": "d4",
      "type": "p",
      "color": "w"
    },
    {
      "square": "h4",
      "type": "p",
      "color": "w"
    },
    {
      "square": "b3",
      "type": "b",
      "color": "b"
    },
    {
      "square": "a2",
      "type": "p",
      "color": "b"
    },
    {
      "square": "g2",
      "type": "r",
      "color": "b"
    },
    {
      "square": "c1",
      "type": "r",
      "color": "w"
    }
  ],
  "nextTurn": "w"
}