{
  "event": "Lindores Abbey Rapid Challenge",
  "site": "chess24.com INT",
  "date": "2020.05.21",
  "eventDate": "2020.05.19",
  "dateMillis": 1589990400000,
  "eventDateMillis": 1589817600000,
  "round": "9.5",
  "result": "1/2-1/2",
  "white": "Sergey Karjakin",
  "black": "Magnus Carlsen",
  "isCarlsenWin": false,
  "isDraw": true,
  "isCarlsenBlack": true,
  "moves": [
    "Bc1",
    "b3",
    "Bb2",
    "Kd3",
    "g5",
    "Kc2",
    "Ba3",
    "b4",
    "a5",
    "Kb3",
    "Bc1",
    "bxa5",
    "Be3",
    "Ne2",
    "Kd6",
    "c4",
    "Kc5",
    "cxb5",
    "Kxb5",
    "Kc3",
    "g4",
    "Kd3",
    "Bf2",
    "Nc3+",
    "Kxa5",
    "Ke2",
    "Bh4",
    "Nd5",
    "Ka4",
    "Ne3",
    "g3",
    "Kf3",
    "Ka3",
    "Nc4+",
    "Kxa2",
    "Nxe5",
    "Kb3",
    "Ng6",
    "Bf6",
    "Kxg3",
    "Kc4",
    "Kf4",
    "Kd4",
    "Kf5",
    "Ke3",
    "Kxf6",
    "Kxe4"
  ],
  "statePieceCount": 12,
  "endPieceCount": 3,
  "boardState": [
    {
      "square": "a7",
      "type": "p",
      "color": "b"
    },
    {
      "square": "e6",
      "type": "k",
      "color": "b"
    },
    {
      "square": "g6",
      "type": "p",
      "color": "b"
    },
    {
      "square": "b5",
      "type": "p",
      "color": "b"
    },
    {
      "square": "e5",
      "type": "p",
      "color": "b"
    },
    {
      "square": "g5",
      "type": "b",
      "color": "b"
    },
    {
      "square": "e4",
      "type": "p",
      "color": "w"
    },
    {
      "square": "c3",
      "type": "p",
      "color": "w"
    },
    {
      "square": "a2",
      "type": "p",
      "color": "w"
    },
    {
      "square": "b2",
      "type": "p",
      "color": "w"
    },
    {
      "square": "e2",
      "type": "k",
      "color": "w"
    },
    {
      "square": "g1",
      "type": "n",
      "color": "w"
    }
  ],
  "nextTurn": "b"
}