{
  "event": "FIDE Online Steinitz Memorial",
  "site": "chess24.com INT",
  "date": "2020.05.16",
  "eventDate": "2020.05.15",
  "dateMillis": 1589558400000,
  "eventDateMillis": 1589472000000,
  "round": "11",
  "result": "1-0",
  "white": "Magnus Carlsen",
  "black": "Le Quang Liem",
  "isDingWin": true,
  "isDraw": false,
  "isDingBlack": false,
  "moves": [
    "Kg3",
    "Kh7",
    "Kg4",
    "Kh6",
    "h4",
    "gxh4",
    "Kxh4",
    "g5+",
    "Kg4",
    "Rc7",
    "f6",
    "Kg6",
    "f7",
    "Rc8",
    "c5",
    "Kf6",
    "c6",
    "Kg6",
    "Be6",
    "Rh8",
    "c7",
    "Kf6",
    "c8=Q",
    "Rxc8",
    "Bxc8"
  ],
  "statePieceCount": 12,
  "endPieceCount": 8,
  "boardState": [
    {
      "square": "c8",
      "type": "r",
      "color": "b"
    },
    {
      "square": "h8",
      "type": "k",
      "color": "b"
    },
    {
      "square": "g7",
      "type": "p",
      "color": "b"
    },
    {
      "square": "d5",
      "type": "b",
      "color": "w"
    },
    {
      "square": "e5",
      "type": "p",
      "color": "b"
    },
    {
      "square": "f5",
      "type": "p",
      "color": "w"
    },
    {
      "square": "g5",
      "type": "p",
      "color": "b"
    },
    {
      "square": "c4",
      "type": "p",
      "color": "w"
    },
    {
      "square": "e4",
      "type": "p",
      "color": "w"
    },
    {
      "square": "h3",
      "type": "p",
      "color": "w"
    },
    {
      "square": "g2",
      "type": "p",
      "color": "w"
    },
    {
      "square": "h2",
      "type": "k",
      "color": "w"
    }
  ]
}