{
  "event": "FIDE Online Steinitz Memorial",
  "site": "chess24.com INT",
  "date": "2020.05.15",
  "eventDate": "2020.05.15",
  "dateMillis": 1589472000000,
  "eventDateMillis": 1589472000000,
  "round": "2",
  "result": "0-1",
  "white": "Le Quang Liem",
  "black": "Magnus Carlsen",
  "isDingWin": true,
  "isDraw": false,
  "isDingBlack": true,
  "moves": [
    "Nf6",
    "g4",
    "Ra1",
    "Bg3",
    "Ne4",
    "Be5",
    "Kh7",
    "Kg2",
    "Kg6",
    "Bf4",
    "f6",
    "Rb2",
    "Rd1",
    "Rc2",
    "Rd3",
    "Re2",
    "Nd2",
    "Kf2",
    "Nc4",
    "Bg3",
    "Kg5",
    "Kf3",
    "Nd2+",
    "Kg2",
    "Kxg4",
    "Bf4",
    "Nc4",
    "Kf2",
    "Kf5",
    "Kf3",
    "e5",
    "dxe5",
    "fxe5",
    "Bg3",
    "d4",
    "Bf2",
    "Rb3",
    "Re1",
    "e4+",
    "Kg2",
    "d3",
    "Rc1",
    "d2",
    "Rd1",
    "Kg4"
  ],
  "statePieceCount": 12,
  "endPieceCount": 9,
  "boardState": [
    {
      "square": "g8",
      "type": "k",
      "color": "b"
    },
    {
      "square": "f7",
      "type": "p",
      "color": "b"
    },
    {
      "square": "e6",
      "type": "p",
      "color": "b"
    },
    {
      "square": "d5",
      "type": "p",
      "color": "b"
    },
    {
      "square": "d4",
      "type": "p",
      "color": "w"
    },
    {
      "square": "g4",
      "type": "n",
      "color": "b"
    },
    {
      "square": "a3",
      "type": "r",
      "color": "b"
    },
    {
      "square": "e3",
      "type": "p",
      "color": "w"
    },
    {
      "square": "f3",
      "type": "k",
      "color": "w"
    },
    {
      "square": "g3",
      "type": "p",
      "color": "w"
    },
    {
      "square": "c2",
      "type": "r",
      "color": "w"
    },
    {
      "square": "f2",
      "type": "b",
      "color": "w"
    }
  ]
}