{
  "event": "FIDE Online Steinitz Memorial",
  "site": "chess24.com INT",
  "date": "2020.05.16",
  "eventDate": "2020.05.15",
  "dateMillis": 1589558400000,
  "eventDateMillis": 1589472000000,
  "round": "9",
  "result": "1-0",
  "white": "Daniil Dubov",
  "black": "Magnus Carlsen",
  "isCarlsenWin": false,
  "isDraw": false,
  "isCarlsenBlack": true,
  "moves": [
    "Rf1",
    "Rb8",
    "Rd1+",
    "Kc5",
    "f3",
    "Rf8+",
    "Ke4",
    "d6",
    "Rd2",
    "Kc6",
    "Rxh2",
    "d7",
    "Rd2",
    "d8=Q",
    "Rxd8",
    "Rxd8",
    "h5",
    "c5",
    "h4",
    "Kb5",
    "f2",
    "Rd1"
  ],
  "statePieceCount": 12,
  "endPieceCount": 9,
  "boardState": [
    {
      "square": "b6",
      "type": "r",
      "color": "w"
    },
    {
      "square": "h6",
      "type": "p",
      "color": "b"
    },
    {
      "square": "d5",
      "type": "p",
      "color": "w"
    },
    {
      "square": "f5",
      "type": "k",
      "color": "b"
    },
    {
      "square": "a4",
      "type": "p",
      "color": "b"
    },
    {
      "square": "c4",
      "type": "p",
      "color": "w"
    },
    {
      "square": "d4",
      "type": "k",
      "color": "w"
    },
    {
      "square": "f4",
      "type": "p",
      "color": "b"
    },
    {
      "square": "a3",
      "type": "p",
      "color": "w"
    },
    {
      "square": "f3",
      "type": "r",
      "color": "b"
    },
    {
      "square": "b2",
      "type": "p",
      "color": "w"
    },
    {
      "square": "h2",
      "type": "p",
      "color": "w"
    }
  ],
  "nextTurn": "b"
}