{
  "event": "Clutch International",
  "site": "lichess.org INT",
  "date": "2020.06.12",
  "eventDate": "2020.06.06",
  "dateMillis": 1591891200000,
  "eventDateMillis": 1591372800000,
  "round": "2.11",
  "result": "1/2-1/2",
  "white": "Levon Aronian",
  "black": "Magnus Carlsen",
  "isDingWin": false,
  "isDraw": true,
  "isDingBlack": true,
  "moves": [
    "Rexd4",
    "exd4",
    "g4",
    "Kf6",
    "Rf3+",
    "Ke7",
    "Rg3",
    "Qc1",
    "Kg2",
    "Qc6+",
    "Kg1",
    "Qc1",
    "Kg2",
    "Qd1",
    "Bd3",
    "Kd6",
    "Bf5",
    "Kc5",
    "Rh3",
    "Kc4",
    "Rg3",
    "d3",
    "Rxd3",
    "Qxd3",
    "Bxd3+",
    "Kxd3",
    "f4",
    "gxf4",
    "Kf3",
    "f6",
    "Kxf4",
    "Ke2",
    "g5",
    "fxg5+",
    "Kxg5"
  ],
  "statePieceCount": 12,
  "endPieceCount": 2,
  "boardState": [
    {
      "square": "f7",
      "type": "p",
      "color": "b"
    },
    {
      "square": "g7",
      "type": "k",
      "color": "b"
    },
    {
      "square": "c5",
      "type": "q",
      "color": "b"
    },
    {
      "square": "e5",
      "type": "p",
      "color": "b"
    },
    {
      "square": "g5",
      "type": "p",
      "color": "b"
    },
    {
      "square": "d4",
      "type": "n",
      "color": "b"
    },
    {
      "square": "e4",
      "type": "r",
      "color": "w"
    },
    {
      "square": "d3",
      "type": "r",
      "color": "w"
    },
    {
      "square": "g3",
      "type": "p",
      "color": "w"
    },
    {
      "square": "f2",
      "type": "p",
      "color": "w"
    },
    {
      "square": "f1",
      "type": "b",
      "color": "w"
    },
    {
      "square": "g1",
      "type": "k",
      "color": "w"
    }
  ]
}