{
  "event": "Chessable Masters",
  "site": "chess24.com INT",
  "date": "2020.06.27",
  "eventDate": "2020.06.25",
  "dateMillis": 1593187200000,
  "eventDateMillis": 1593014400000,
  "round": "1.21",
  "result": "1/2-1/2",
  "white": "Fabiano Caruana",
  "black": "Magnus Carlsen",
  "isDingWin": false,
  "isDraw": true,
  "isDingBlack": true,
  "moves": [
    "Rxc4",
    "Ra6",
    "a4",
    "h4",
    "Kf8",
    "Ra7",
    "Kg7",
    "Ra6",
    "Rc1+",
    "Kg2",
    "Ra1",
    "g4",
    "a3",
    "g5",
    "Kf8",
    "Ra7",
    "Ke8",
    "Kh2",
    "Kd8",
    "Rxf7",
    "Rf1",
    "Ra7",
    "Rxf2+",
    "Kg3",
    "Ra2",
    "Rxh7",
    "Ra1",
    "Ra7",
    "a2",
    "Kg2",
    "Ke8",
    "Kh2",
    "Kf8",
    "Kg2",
    "Kg8",
    "Kh2",
    "Kh8",
    "Kg2",
    "Kg8",
    "Kh2",
    "Kh8",
    "Kg2",
    "Kg8"
  ],
  "statePieceCount": 12,
  "endPieceCount": 8,
  "boardState": [
    {
      "square": "c8",
      "type": "r",
      "color": "b"
    },
    {
      "square": "g8",
      "type": "k",
      "color": "b"
    },
    {
      "square": "f7",
      "type": "p",
      "color": "b"
    },
    {
      "square": "h7",
      "type": "p",
      "color": "b"
    },
    {
      "square": "b6",
      "type": "r",
      "color": "w"
    },
    {
      "square": "g6",
      "type": "p",
      "color": "b"
    },
    {
      "square": "a5",
      "type": "p",
      "color": "b"
    },
    {
      "square": "c4",
      "type": "p",
      "color": "w"
    },
    {
      "square": "g3",
      "type": "p",
      "color": "w"
    },
    {
      "square": "f2",
      "type": "p",
      "color": "w"
    },
    {
      "square": "h2",
      "type": "p",
      "color": "w"
    },
    {
      "square": "g1",
      "type": "k",
      "color": "w"
    }
  ]
}