{
  "event": "Chessable Masters",
  "site": "chess24.com INT",
  "date": "2020.06.22",
  "eventDate": "2020.06.20",
  "dateMillis": 1592755200000,
  "eventDateMillis": 1592582400000,
  "round": "10.2",
  "result": "1/2-1/2",
  "white": "Magnus Carlsen",
  "black": "Vladislav Artemiev",
  "isDingWin": false,
  "isDraw": true,
  "isDingBlack": false,
  "moves": [
    "Rb2",
    "Rb8+",
    "Kh7",
    "Bd6",
    "Rxb8",
    "Bxb8",
    "f6",
    "g4",
    "Nf4",
    "g5",
    "Kg7",
    "gxf6+",
    "Kxf6",
    "Bc7",
    "Ne6",
    "Bb8",
    "Nf4",
    "Bc7",
    "Ne6",
    "Bb8",
    "Nf4"
  ],
  "statePieceCount": 12,
  "endPieceCount": 8,
  "boardState": [
    {
      "square": "g8",
      "type": "k",
      "color": "b"
    },
    {
      "square": "f7",
      "type": "p",
      "color": "b"
    },
    {
      "square": "g6",
      "type": "p",
      "color": "b"
    },
    {
      "square": "b5",
      "type": "r",
      "color": "w"
    },
    {
      "square": "e5",
      "type": "p",
      "color": "b"
    },
    {
      "square": "h5",
      "type": "n",
      "color": "b"
    },
    {
      "square": "b4",
      "type": "b",
      "color": "w"
    },
    {
      "square": "e4",
      "type": "p",
      "color": "w"
    },
    {
      "square": "e3",
      "type": "k",
      "color": "w"
    },
    {
      "square": "f3",
      "type": "p",
      "color": "w"
    },
    {
      "square": "c2",
      "type": "r",
      "color": "b"
    },
    {
      "square": "g2",
      "type": "p",
      "color": "w"
    }
  ]
}