{
  "event": "Chessable Masters",
  "site": "chess24.com INT",
  "date": "2020.06.20",
  "eventDate": "2020.06.20",
  "dateMillis": 1592582400000,
  "eventDateMillis": 1592582400000,
  "round": "2.1",
  "result": "0-1",
  "white": "Pentala Harikrishna",
  "black": "Magnus Carlsen",
  "isDingWin": true,
  "isDraw": false,
  "isDingBlack": true,
  "moves": [
    "hxg5",
    "Qe1+",
    "Kg2",
    "Qe5",
    "Qa8+",
    "Ke7",
    "Qg8",
    "Qe4+",
    "Kg1",
    "Qg6",
    "Qc8",
    "Qb1+",
    "Kh2",
    "Qb6",
    "Kg2",
    "Qc5",
    "Qg8",
    "Qf5",
    "Qb8",
    "Qe4+",
    "Kg1",
    "d5",
    "Qc7+",
    "Kf8",
    "Qd8+",
    "Kg7",
    "Qf6+",
    "Kg8",
    "Qd8+",
    "Kh7",
    "Qf6",
    "Qg6",
    "Qf4",
    "Qe6",
    "Qd4",
    "Kg6",
    "Kf1",
    "Kxg5",
    "Qg7+",
    "Kf5",
    "Qh8",
    "Ke4",
    "Qxh5",
    "Kd3",
    "Qh7+",
    "Qe4",
    "Qh6",
    "Kc2",
    "Qc6+",
    "Qc4+"
  ],
  "statePieceCount": 12,
  "endPieceCount": 9,
  "boardState": [
    {
      "square": "e8",
      "type": "k",
      "color": "b"
    },
    {
      "square": "f7",
      "type": "p",
      "color": "b"
    },
    {
      "square": "d6",
      "type": "p",
      "color": "b"
    },
    {
      "square": "g5",
      "type": "n",
      "color": "b"
    },
    {
      "square": "h5",
      "type": "p",
      "color": "b"
    },
    {
      "square": "e4",
      "type": "q",
      "color": "b"
    },
    {
      "square": "g4",
      "type": "p",
      "color": "b"
    },
    {
      "square": "h4",
      "type": "p",
      "color": "w"
    },
    {
      "square": "a3",
      "type": "q",
      "color": "w"
    },
    {
      "square": "g3",
      "type": "p",
      "color": "w"
    },
    {
      "square": "f2",
      "type": "p",
      "color": "w"
    },
    {
      "square": "g1",
      "type": "k",
      "color": "w"
    }
  ]
}