{
  "event": "Clutch International",
  "site": "lichess.org INT",
  "date": "2020.06.13",
  "eventDate": "2020.06.06",
  "dateMillis": 1591977600000,
  "eventDateMillis": 1591372800000,
  "round": "3.2",
  "result": "1/2-1/2",
  "white": "Fabiano Caruana",
  "black": "Magnus Carlsen",
  "isCarlsenWin": false,
  "isDraw": true,
  "isCarlsenBlack": true,
  "moves": [
    "Rd1",
    "Ke3",
    "f5",
    "f4",
    "gxf4+",
    "Kxf4",
    "Rxd4+",
    "Kxf5",
    "Kh7",
    "g4",
    "Rd1",
    "Kg5",
    "d4",
    "Ra4",
    "d3",
    "Rd4",
    "d2",
    "h4",
    "Ra1",
    "Rxd2",
    "Ra5+",
    "Kf4",
    "g5+",
    "hxg5",
    "Kg6",
    "Rd6+",
    "Kg7",
    "Re6",
    "Rb5",
    "Re5",
    "Rb1",
    "Re6",
    "Rf1+",
    "Kg3",
    "Rg1+",
    "Kf3",
    "Rf1+",
    "Kg2",
    "Ra1",
    "g6",
    "Ra3",
    "Kf2",
    "Rb3",
    "Re3",
    "Rxe3",
    "Kxe3",
    "Kxg6",
    "g5",
    "Kxg5"
  ],
  "statePieceCount": 12,
  "endPieceCount": 2,
  "boardState": [
    {
      "square": "g8",
      "type": "k",
      "color": "b"
    },
    {
      "square": "f7",
      "type": "p",
      "color": "b"
    },
    {
      "square": "g7",
      "type": "p",
      "color": "b"
    },
    {
      "square": "d5",
      "type": "p",
      "color": "b"
    },
    {
      "square": "g5",
      "type": "p",
      "color": "b"
    },
    {
      "square": "d4",
      "type": "p",
      "color": "w"
    },
    {
      "square": "f3",
      "type": "p",
      "color": "w"
    },
    {
      "square": "h3",
      "type": "p",
      "color": "w"
    },
    {
      "square": "a2",
      "type": "r",
      "color": "w"
    },
    {
      "square": "f2",
      "type": "k",
      "color": "w"
    },
    {
      "square": "g2",
      "type": "p",
      "color": "w"
    },
    {
      "square": "b1",
      "type": "r",
      "color": "b"
    }
  ],
  "nextTurn": "b"
}