{
  "event": "Chessable Masters",
  "site": "chess24.com INT",
  "date": "2020.06.22",
  "eventDate": "2020.06.20",
  "dateMillis": 1592755200000,
  "eventDateMillis": 1592582400000,
  "round": "8.3",
  "result": "1/2-1/2",
  "white": "Alexander Grischuk",
  "black": "Magnus Carlsen",
  "isDingWin": false,
  "isDraw": true,
  "isDingBlack": true,
  "moves": [
    "Bxe2",
    "Bc5",
    "g4",
    "g5",
    "Bc4",
    "Kf8",
    "Kf3",
    "Ke7",
    "Ke2",
    "f6",
    "Kf3",
    "Kd6",
    "h3",
    "Ke5",
    "b3",
    "Kd4",
    "Bg8",
    "Bb4",
    "Bc4",
    "Bc5",
    "Bg8",
    "Bb4",
    "Bc4",
    "Bc5"
  ],
  "statePieceCount": 12,
  "endPieceCount": 11,
  "boardState": [
    {
      "square": "g8",
      "type": "k",
      "color": "b"
    },
    {
      "square": "a7",
      "type": "b",
      "color": "b"
    },
    {
      "square": "f7",
      "type": "p",
      "color": "b"
    },
    {
      "square": "g6",
      "type": "p",
      "color": "b"
    },
    {
      "square": "h6",
      "type": "p",
      "color": "b"
    },
    {
      "square": "f3",
      "type": "b",
      "color": "w"
    },
    {
      "square": "g3",
      "type": "p",
      "color": "w"
    },
    {
      "square": "b2",
      "type": "p",
      "color": "w"
    },
    {
      "square": "e2",
      "type": "q",
      "color": "b"
    },
    {
      "square": "f2",
      "type": "p",
      "color": "w"
    },
    {
      "square": "g2",
      "type": "k",
      "color": "w"
    },
    {
      "square": "h2",
      "type": "p",
      "color": "w"
    }
  ]
}