{
  "event": "Chessable Masters",
  "site": "chess24.com INT",
  "date": "2020.06.20",
  "eventDate": "2020.06.20",
  "dateMillis": 1592582400000,
  "eventDateMillis": 1592582400000,
  "round": "3.3",
  "result": "1/2-1/2",
  "white": "Magnus Carlsen",
  "black": "Alexander Grischuk",
  "isDingWin": false,
  "isDraw": true,
  "isDingBlack": false,
  "moves": [
    "Bxf3+",
    "Kg3",
    "Rxc2",
    "Rxc2",
    "Bd5",
    "Rc5",
    "Be6",
    "h4"
  ],
  "statePieceCount": 12,
  "endPieceCount": 9,
  "boardState": [
    {
      "square": "f7",
      "type": "p",
      "color": "b"
    },
    {
      "square": "g7",
      "type": "k",
      "color": "b"
    },
    {
      "square": "c6",
      "type": "b",
      "color": "b"
    },
    {
      "square": "h6",
      "type": "p",
      "color": "b"
    },
    {
      "square": "g5",
      "type": "p",
      "color": "b"
    },
    {
      "square": "g4",
      "type": "p",
      "color": "w"
    },
    {
      "square": "c3",
      "type": "r",
      "color": "b"
    },
    {
      "square": "f3",
      "type": "p",
      "color": "w"
    },
    {
      "square": "h3",
      "type": "p",
      "color": "w"
    },
    {
      "square": "c2",
      "type": "r",
      "color": "w"
    },
    {
      "square": "g2",
      "type": "k",
      "color": "w"
    },
    {
      "square": "c1",
      "type": "r",
      "color": "w"
    }
  ]
}