{
  "event": "Chessable Masters",
  "site": "chess24.com INT",
  "date": "2020.07.04",
  "eventDate": "2020.06.25",
  "dateMillis": 1593792000000,
  "eventDateMillis": 1593014400000,
  "round": "3.22",
  "result": "1/2-1/2",
  "white": "Anish Giri",
  "black": "Magnus Carlsen",
  "isCarlsenWin": false,
  "isDraw": true,
  "isCarlsenBlack": true,
  "moves": [
    "f4",
    "h5",
    "h3",
    "hxg4",
    "hxg4",
    "g5",
    "Kf3",
    "Kf6",
    "Nd1",
    "gxf4",
    "Kxf4",
    "Nc8",
    "Ne3",
    "Nb6",
    "g5+",
    "Kg6",
    "Kg4",
    "Nd7",
    "Kf4",
    "Nc5",
    "Ke5",
    "Kxg5",
    "Nxc4",
    "bxc4",
    "Kd4",
    "Na4",
    "Kxc4",
    "Nxc3"
  ],
  "statePieceCount": 12,
  "endPieceCount": 3,
  "boardState": [
    {
      "square": "e7",
      "type": "k",
      "color": "b"
    },
    {
      "square": "h7",
      "type": "p",
      "color": "b"
    },
    {
      "square": "d6",
      "type": "n",
      "color": "b"
    },
    {
      "square": "g6",
      "type": "p",
      "color": "b"
    },
    {
      "square": "b5",
      "type": "p",
      "color": "b"
    },
    {
      "square": "c4",
      "type": "p",
      "color": "b"
    },
    {
      "square": "g4",
      "type": "p",
      "color": "w"
    },
    {
      "square": "c3",
      "type": "p",
      "color": "w"
    },
    {
      "square": "b2",
      "type": "n",
      "color": "w"
    },
    {
      "square": "f2",
      "type": "p",
      "color": "w"
    },
    {
      "square": "g2",
      "type": "k",
      "color": "w"
    },
    {
      "square": "h2",
      "type": "p",
      "color": "w"
    }
  ],
  "nextTurn": "w"
}