{
  "event": "Chessable Masters",
  "site": "chess24.com INT",
  "date": "2020.07.03",
  "eventDate": "2020.06.25",
  "dateMillis": 1593705600000,
  "eventDateMillis": 1593014400000,
  "round": "3.12",
  "result": "1-0",
  "white": "Magnus Carlsen",
  "black": "Anish Giri",
  "isDingWin": true,
  "isDraw": false,
  "isDingBlack": false,
  "moves": [
    "Nxc4",
    "dxc4",
    "Rxc2",
    "Rxa5",
    "Rxc4",
    "Rd5+",
    "Ke6",
    "a5",
    "Rc1",
    "Rd8",
    "Rf1+",
    "Ke2",
    "Ra1",
    "Ra8",
    "Kd6",
    "a6",
    "Kc6",
    "Ke3",
    "Re1+",
    "Kf4",
    "Kb6",
    "e5",
    "c5",
    "Rc8",
    "Rf1+",
    "Kg5",
    "Rg1+",
    "Kf6",
    "Rf1+",
    "Ke7",
    "Rc1",
    "e6",
    "c4",
    "Kd7",
    "Rd1+",
    "Ke8",
    "Rc1",
    "e7",
    "c3",
    "Kf7",
    "Rf1+",
    "Kg6",
    "Rg1+",
    "Kf5",
    "Rf1+",
    "Kg4"
  ],
  "statePieceCount": 12,
  "endPieceCount": 7,
  "boardState": [
    {
      "square": "c7",
      "type": "p",
      "color": "b"
    },
    {
      "square": "d7",
      "type": "k",
      "color": "b"
    },
    {
      "square": "d6",
      "type": "n",
      "color": "b"
    },
    {
      "square": "a5",
      "type": "p",
      "color": "b"
    },
    {
      "square": "e5",
      "type": "r",
      "color": "w"
    },
    {
      "square": "a4",
      "type": "p",
      "color": "w"
    },
    {
      "square": "c4",
      "type": "n",
      "color": "w"
    },
    {
      "square": "e4",
      "type": "p",
      "color": "w"
    },
    {
      "square": "d3",
      "type": "p",
      "color": "w"
    },
    {
      "square": "f3",
      "type": "k",
      "color": "w"
    },
    {
      "square": "c2",
      "type": "p",
      "color": "w"
    },
    {
      "square": "c1",
      "type": "r",
      "color": "b"
    }
  ]
}