{
  "event": "Legends of Chess",
  "site": "chess24.com INT",
  "date": "2020.07.25",
  "eventDate": "2020.07.21",
  "dateMillis": 1595606400000,
  "eventDateMillis": 1595260800000,
  "round": "5.4",
  "result": "1/2-1/2",
  "white": "Vassily Ivanchuk",
  "black": "Magnus Carlsen",
  "isCarlsenWin": false,
  "isDraw": true,
  "isCarlsenBlack": true,
  "moves": [
    "Kd3",
    "Kd6",
    "Ke3",
    "Rc5",
    "Rxc5",
    "Kxc5",
    "Kd3",
    "Kb4",
    "Kc2",
    "a4",
    "bxa4",
    "Kxa4",
    "Kc3",
    "Kb5",
    "Kb3",
    "Kc5",
    "Kc3",
    "Kb5",
    "Kb3",
    "Kc5",
    "Kc3",
    "Kb5"
  ],
  "statePieceCount": 12,
  "endPieceCount": 8,
  "boardState": [
    {
      "square": "e6",
      "type": "k",
      "color": "b"
    },
    {
      "square": "a5",
      "type": "p",
      "color": "b"
    },
    {
      "square": "b5",
      "type": "r",
      "color": "b"
    },
    {
      "square": "e5",
      "type": "p",
      "color": "b"
    },
    {
      "square": "h5",
      "type": "p",
      "color": "b"
    },
    {
      "square": "e4",
      "type": "p",
      "color": "w"
    },
    {
      "square": "g4",
      "type": "p",
      "color": "b"
    },
    {
      "square": "h4",
      "type": "p",
      "color": "w"
    },
    {
      "square": "b3",
      "type": "p",
      "color": "w"
    },
    {
      "square": "c3",
      "type": "r",
      "color": "w"
    },
    {
      "square": "e3",
      "type": "k",
      "color": "w"
    },
    {
      "square": "g3",
      "type": "p",
      "color": "w"
    }
  ],
  "nextTurn": "w"
}