{
  "event": "Legends of Chess",
  "site": "chess24.com INT",
  "date": "2020.07.26",
  "eventDate": "2020.07.21",
  "dateMillis": 1595692800000,
  "eventDateMillis": 1595260800000,
  "round": "6.3",
  "result": "1/2-1/2",
  "white": "Ding Liren",
  "black": "Magnus Carlsen",
  "isDingWin": false,
  "isDraw": true,
  "isDingBlack": true,
  "moves": [
    "Qxg4",
    "Qd5+",
    "Qf3",
    "Qc4",
    "h5",
    "g5",
    "Qf5+",
    "Kh6",
    "e4",
    "Qe6",
    "Qxe6+",
    "fxe6",
    "Kg3",
    "Kxh5",
    "f4",
    "Kg6",
    "Kg4",
    "gxf4",
    "Kxf4",
    "Kf6",
    "e5+",
    "Kg6",
    "Kg4",
    "Kh6",
    "Kh4",
    "Kg6",
    "Kg4",
    "Kh6",
    "Kh4",
    "Kg6",
    "Kg4"
  ],
  "statePieceCount": 12,
  "endPieceCount": 6,
  "boardState": [
    {
      "square": "f7",
      "type": "p",
      "color": "b"
    },
    {
      "square": "h7",
      "type": "k",
      "color": "b"
    },
    {
      "square": "g6",
      "type": "p",
      "color": "b"
    },
    {
      "square": "a5",
      "type": "p",
      "color": "b"
    },
    {
      "square": "a4",
      "type": "p",
      "color": "w"
    },
    {
      "square": "e4",
      "type": "q",
      "color": "w"
    },
    {
      "square": "g4",
      "type": "p",
      "color": "b"
    },
    {
      "square": "h4",
      "type": "p",
      "color": "w"
    },
    {
      "square": "b3",
      "type": "q",
      "color": "b"
    },
    {
      "square": "e3",
      "type": "p",
      "color": "w"
    },
    {
      "square": "f2",
      "type": "p",
      "color": "w"
    },
    {
      "square": "g2",
      "type": "k",
      "color": "w"
    }
  ]
}