{
  "event": "Legends of Chess",
  "site": "chess24.com INT",
  "date": "2020.07.29",
  "eventDate": "2020.07.21",
  "dateMillis": 1595952000000,
  "eventDateMillis": 1595260800000,
  "round": "9.3",
  "result": "1-0",
  "white": "Magnus Carlsen",
  "black": "Vladimir Kramnik",
  "isDingWin": true,
  "isDraw": false,
  "isDingBlack": false,
  "moves": [
    "Rd7",
    "g4",
    "Nh7",
    "Kg3",
    "Nf6",
    "Rc2",
    "Re7",
    "Kh4",
    "Be4",
    "Rb2",
    "Nd5",
    "Kg5",
    "Rd7",
    "Ra6",
    "Rc7",
    "Re6",
    "Nc3",
    "Rf6+",
    "Kg7",
    "Rg6+",
    "Kf7",
    "Kh6",
    "Rc8",
    "Rg7+",
    "Kf8",
    "Rb6",
    "Bd5",
    "Rh7",
    "Ne4",
    "Rh8+",
    "Bg8",
    "Rg6",
    "Kf7",
    "Rg7+",
    "Kf6",
    "Rhxg8"
  ],
  "statePieceCount": 12,
  "endPieceCount": 11,
  "boardState": [
    {
      "square": "d8",
      "type": "r",
      "color": "b"
    },
    {
      "square": "f8",
      "type": "n",
      "color": "b"
    },
    {
      "square": "f7",
      "type": "k",
      "color": "b"
    },
    {
      "square": "a5",
      "type": "r",
      "color": "w"
    },
    {
      "square": "d5",
      "type": "b",
      "color": "b"
    },
    {
      "square": "f5",
      "type": "p",
      "color": "w"
    },
    {
      "square": "d4",
      "type": "p",
      "color": "w"
    },
    {
      "square": "h3",
      "type": "p",
      "color": "w"
    },
    {
      "square": "a2",
      "type": "p",
      "color": "w"
    },
    {
      "square": "f2",
      "type": "r",
      "color": "w"
    },
    {
      "square": "g2",
      "type": "p",
      "color": "w"
    },
    {
      "square": "h2",
      "type": "k",
      "color": "w"
    }
  ]
}