{
  "event": "Legends of Chess",
  "site": "chess24.com INT",
  "date": "2020.07.27",
  "eventDate": "2020.07.21",
  "dateMillis": 1595779200000,
  "eventDateMillis": 1595260800000,
  "round": "7.1",
  "result": "1/2-1/2",
  "white": "Peter Svidler",
  "black": "Magnus Carlsen",
  "isCarlsenWin": false,
  "isDraw": true,
  "isCarlsenBlack": true,
  "moves": [
    "Nd2",
    "f4",
    "Nf1",
    "Nb8+",
    "Kc7",
    "Na6+",
    "Kd7",
    "Nb8+",
    "Ke8",
    "Kxd6",
    "Nxh2",
    "Nc6",
    "h5",
    "Nd4",
    "Nf1",
    "Ne2",
    "g6",
    "e5",
    "Ne3",
    "Nd4",
    "Nf1",
    "Ne2",
    "Ne3",
    "Nd4",
    "Nf1",
    "Ne2"
  ],
  "statePieceCount": 12,
  "endPieceCount": 10,
  "boardState": [
    {
      "square": "d7",
      "type": "k",
      "color": "b"
    },
    {
      "square": "f7",
      "type": "p",
      "color": "b"
    },
    {
      "square": "g7",
      "type": "p",
      "color": "b"
    },
    {
      "square": "h7",
      "type": "p",
      "color": "b"
    },
    {
      "square": "a6",
      "type": "n",
      "color": "w"
    },
    {
      "square": "d6",
      "type": "p",
      "color": "b"
    },
    {
      "square": "d5",
      "type": "k",
      "color": "w"
    },
    {
      "square": "e4",
      "type": "p",
      "color": "w"
    },
    {
      "square": "b3",
      "type": "n",
      "color": "b"
    },
    {
      "square": "f3",
      "type": "p",
      "color": "w"
    },
    {
      "square": "g3",
      "type": "p",
      "color": "w"
    },
    {
      "square": "h2",
      "type": "p",
      "color": "w"
    }
  ],
  "nextTurn": "b"
}