{
  "event": "Legends of Chess",
  "site": "chess24.com INT",
  "date": "2020.07.31",
  "eventDate": "2020.07.31",
  "dateMillis": 1596124800000,
  "eventDateMillis": 1596124800000,
  "round": "1.12",
  "result": "1/2-1/2",
  "white": "Magnus Carlsen",
  "black": "Peter Svidler",
  "isDingWin": false,
  "isDraw": true,
  "isDingBlack": false,
  "moves": [
    "Re2",
    "Bd5+",
    "Ka4",
    "Bc3",
    "fxe6",
    "Bxe6",
    "Re3",
    "Bxe5",
    "Rxe5",
    "Kf6",
    "Rc5",
    "Bd7+",
    "Kb4",
    "Bb5",
    "Kc3",
    "Ke6",
    "Kd4",
    "f6",
    "Rc7",
    "g5",
    "Rb7",
    "Kf5",
    "Rb6",
    "Kg4"
  ],
  "statePieceCount": 12,
  "endPieceCount": 8,
  "boardState": [
    {
      "square": "b7",
      "type": "b",
      "color": "b"
    },
    {
      "square": "e7",
      "type": "k",
      "color": "b"
    },
    {
      "square": "f7",
      "type": "p",
      "color": "b"
    },
    {
      "square": "g7",
      "type": "p",
      "color": "b"
    },
    {
      "square": "a6",
      "type": "p",
      "color": "b"
    },
    {
      "square": "e6",
      "type": "p",
      "color": "b"
    },
    {
      "square": "e5",
      "type": "n",
      "color": "w"
    },
    {
      "square": "f5",
      "type": "p",
      "color": "w"
    },
    {
      "square": "b3",
      "type": "k",
      "color": "w"
    },
    {
      "square": "e3",
      "type": "r",
      "color": "w"
    },
    {
      "square": "g3",
      "type": "p",
      "color": "w"
    },
    {
      "square": "d2",
      "type": "b",
      "color": "b"
    }
  ]
}