{
  "event": "Legends of Chess",
  "site": "chess24.com INT",
  "date": "2020.08.03",
  "eventDate": "2020.07.31",
  "dateMillis": 1596384000000,
  "eventDateMillis": 1596124800000,
  "round": "2.15",
  "result": "0-1",
  "white": "Ian Nepomniachtchi",
  "black": "Magnus Carlsen",
  "isDingWin": true,
  "isDraw": false,
  "isDingBlack": true,
  "moves": [
    "Kb1",
    "Rh8",
    "Rc1",
    "Qb3",
    "Rd2",
    "Qe6",
    "Rc5",
    "a5",
    "Rcd5",
    "a4",
    "Ka2",
    "Qe3",
    "R2d3",
    "Qb6",
    "Rd6",
    "Qg1",
    "R6d5",
    "Rh1",
    "Ka3",
    "Qa1+",
    "Kb4",
    "Qxb2+",
    "Ka5",
    "Rh8",
    "Rb5",
    "Ra8+"
  ],
  "statePieceCount": 12,
  "endPieceCount": 11,
  "boardState": [
    {
      "square": "b8",
      "type": "r",
      "color": "b"
    },
    {
      "square": "f7",
      "type": "p",
      "color": "b"
    },
    {
      "square": "g7",
      "type": "k",
      "color": "b"
    },
    {
      "square": "a6",
      "type": "p",
      "color": "b"
    },
    {
      "square": "f6",
      "type": "n",
      "color": "w"
    },
    {
      "square": "g6",
      "type": "p",
      "color": "b"
    },
    {
      "square": "d5",
      "type": "r",
      "color": "w"
    },
    {
      "square": "g5",
      "type": "p",
      "color": "w"
    },
    {
      "square": "a4",
      "type": "q",
      "color": "b"
    },
    {
      "square": "a2",
      "type": "k",
      "color": "w"
    },
    {
      "square": "b2",
      "type": "p",
      "color": "w"
    },
    {
      "square": "c2",
      "type": "r",
      "color": "w"
    }
  ]
}