{
  "event": "Legends of Chess",
  "site": "chess24.com INT",
  "date": "2020.08.03",
  "eventDate": "2020.07.31",
  "dateMillis": 1596384000000,
  "eventDateMillis": 1596124800000,
  "round": "2.16",
  "result": "1-0",
  "white": "Magnus Carlsen",
  "black": "Ian Nepomniachtchi",
  "isDingWin": true,
  "isDraw": false,
  "isDingBlack": false,
  "moves": [
    "Kg8",
    "Nxf5",
    "Bf8",
    "Qg5+",
    "Kf7",
    "Qh5+",
    "Qg6",
    "Nh6+",
    "Bxh6",
    "Qxd5+",
    "e6",
    "Qb7+",
    "Kg8",
    "Qc8+",
    "Kh7",
    "Qb7+",
    "Bg7",
    "Qf3",
    "Qf6",
    "Qe4+",
    "Kg8",
    "Qa8+",
    "Bf8",
    "Qe4",
    "Kg7",
    "g3",
    "Qb2+",
    "Qg2",
    "Qb3",
    "Qe2",
    "Bd6",
    "h4",
    "Kf6",
    "Qd2",
    "Qd5",
    "Qb2+",
    "Kf7",
    "Qe2",
    "Qd4",
    "Kh3",
    "Qc5",
    "Qe4",
    "Qh5",
    "Qb7+",
    "Be7",
    "Qe4",
    "Qd5",
    "Qh7+",
    "Ke8",
    "h5",
    "Qh1+",
    "Kg4",
    "Qd1+",
    "Kh3",
    "Qh1+",
    "Kg4",
    "Qd1+",
    "Kh3",
    "Qd5",
    "Qg6+",
    "Kd7",
    "h6",
    "Qh1+",
    "Kg4",
    "Qd1+",
    "Kh3",
    "Qd4",
    "h7",
    "Bf6",
    "Qf7+",
    "Kd6",
    "Qf8+",
    "Kd5",
    "Qg8",
    "Qa1",
    "Qf7",
    "Qh1+",
    "Kg4",
    "Qd1+",
    "Kh3",
    "Qf1+",
    "Kg4",
    "Qe2+",
    "Kh3",
    "Qb2",
    "Qd7+",
    "Ke4",
    "Qxe6+",
    "Kf3",
    "Qd5+",
    "Ke3",
    "Kg4",
    "Bh8",
    "Qf3+",
    "Kd4",
    "Qd1+",
    "Kc5",
    "Qd7",
    "Qf6",
    "Qf5+",
    "Kd6",
    "Qxf6+",
    "Bxf6",
    "Kf5",
    "Ke7",
    "Kg6",
    "Bh8",
    "g4"
  ],
  "statePieceCount": 12,
  "endPieceCount": 6,
  "boardState": [
    {
      "square": "e7",
      "type": "p",
      "color": "b"
    },
    {
      "square": "g7",
      "type": "b",
      "color": "b"
    },
    {
      "square": "h7",
      "type": "k",
      "color": "b"
    },
    {
      "square": "e6",
      "type": "q",
      "color": "b"
    },
    {
      "square": "d5",
      "type": "b",
      "color": "b"
    },
    {
      "square": "f5",
      "type": "p",
      "color": "b"
    },
    {
      "square": "h5",
      "type": "q",
      "color": "w"
    },
    {
      "square": "f4",
      "type": "p",
      "color": "w"
    },
    {
      "square": "h4",
      "type": "n",
      "color": "w"
    },
    {
      "square": "h3",
      "type": "p",
      "color": "w"
    },
    {
      "square": "g2",
      "type": "p",
      "color": "w"
    },
    {
      "square": "h2",
      "type": "k",
      "color": "w"
    }
  ]
}