{
  "event": "Magnus Carlsen Chess Tour Finals",
  "site": "chess24.com INT",
  "date": "2020.08.14",
  "eventDate": "2020.08.09",
  "dateMillis": 1597334400000,
  "eventDateMillis": 1596902400000,
  "round": "2.12",
  "result": "0-1",
  "white": "Magnus Carlsen",
  "black": "Hikaru Nakamura",
  "isDingWin": false,
  "isDraw": false,
  "isDingBlack": false,
  "moves": [
    "Rh8",
    "Kf3",
    "Rh3+",
    "Kg4",
    "Rxe3",
    "Bf3",
    "Rd2",
    "Kh4",
    "Red3",
    "d5",
    "exd5",
    "Rf6",
    "Re3",
    "Rf5",
    "Rd4+",
    "Kh5",
    "Rb4",
    "e6",
    "fxe6",
    "Rf6",
    "Re5",
    "Rg6+",
    "Kf7",
    "Rf6+",
    "Ke7",
    "Kh6",
    "Rb8",
    "Rf4",
    "Rf8",
    "Rxf8",
    "Kxf8",
    "g6",
    "Kg8",
    "g7",
    "Re1"
  ],
  "statePieceCount": 12,
  "endPieceCount": 7,
  "boardState": [
    {
      "square": "g8",
      "type": "r",
      "color": "b"
    },
    {
      "square": "f7",
      "type": "p",
      "color": "b"
    },
    {
      "square": "g7",
      "type": "k",
      "color": "b"
    },
    {
      "square": "e6",
      "type": "p",
      "color": "b"
    },
    {
      "square": "e5",
      "type": "p",
      "color": "w"
    },
    {
      "square": "g5",
      "type": "p",
      "color": "w"
    },
    {
      "square": "d4",
      "type": "p",
      "color": "w"
    },
    {
      "square": "f4",
      "type": "r",
      "color": "w"
    },
    {
      "square": "e3",
      "type": "p",
      "color": "w"
    },
    {
      "square": "b2",
      "type": "r",
      "color": "b"
    },
    {
      "square": "e2",
      "type": "b",
      "color": "w"
    },
    {
      "square": "f2",
      "type": "k",
      "color": "w"
    }
  ]
}