{
  "event": "St. Louis Rapid & Blitz",
  "site": "lichess.org INT",
  "date": "2020.09.18",
  "eventDate": "2020.09.18",
  "dateMillis": 1600358400000,
  "eventDateMillis": 1600358400000,
  "round": "4.4",
  "result": "1-0",
  "white": "Magnus Carlsen",
  "black": "Levon Aronian",
  "isCarlsenWin": true,
  "isDraw": false,
  "isCarlsenBlack": false,
  "moves": [
    "f2+",
    "Kxg2",
    "Rg8+",
    "Kf3",
    "Rg1",
    "R6d4+",
    "Kc3",
    "Bxf2",
    "exf2",
    "Kxf2",
    "Rxd1",
    "Rxd1",
    "Kc2",
    "Rh1",
    "Ra3",
    "h4",
    "Kd3",
    "Kf3",
    "Kd4+",
    "Kf4",
    "Rxa4",
    "h5",
    "Kd5+",
    "Kf5",
    "Ra2",
    "h6",
    "Rf2+",
    "Kg6",
    "Rg2+",
    "Kf6",
    "Rf2+",
    "Ke7",
    "Re2+",
    "Kd7",
    "Ra2",
    "Rh5+",
    "Ke4",
    "h7",
    "Ra7+",
    "Ke6"
  ],
  "statePieceCount": 12,
  "endPieceCount": 5,
  "boardState": [
    {
      "square": "e8",
      "type": "r",
      "color": "b"
    },
    {
      "square": "d6",
      "type": "r",
      "color": "w"
    },
    {
      "square": "a4",
      "type": "p",
      "color": "w"
    },
    {
      "square": "c4",
      "type": "k",
      "color": "b"
    },
    {
      "square": "h4",
      "type": "b",
      "color": "w"
    },
    {
      "square": "b3",
      "type": "r",
      "color": "b"
    },
    {
      "square": "e3",
      "type": "p",
      "color": "b"
    },
    {
      "square": "f3",
      "type": "p",
      "color": "b"
    },
    {
      "square": "h3",
      "type": "p",
      "color": "w"
    },
    {
      "square": "g2",
      "type": "p",
      "color": "b"
    },
    {
      "square": "d1",
      "type": "r",
      "color": "w"
    },
    {
      "square": "g1",
      "type": "k",
      "color": "w"
    }
  ],
  "nextTurn": "b"
}