{
  "event": "Skilling Open",
  "site": "chess24.com INT",
  "date": "2020.11.23",
  "eventDate": "2020.11.22",
  "dateMillis": 1606060800000,
  "eventDateMillis": 1605974400000,
  "round": "8",
  "result": "1/2-1/2",
  "white": "Ding Liren",
  "black": "Magnus Carlsen",
  "isCarlsenWin": false,
  "isDraw": true,
  "isCarlsenBlack": true,
  "moves": [
    "a4",
    "Ra3",
    "a5",
    "bxa5",
    "bxa5",
    "f5",
    "a6",
    "f4",
    "Ra8",
    "Ra2",
    "Rf8",
    "Rxa6",
    "Rxf4",
    "Rf6",
    "Kg3",
    "Rxf4",
    "Kxf4",
    "Kf6",
    "g4",
    "g5+",
    "Ke4",
    "Ke6",
    "Kd4",
    "Kd6",
    "Ke4",
    "Ke6",
    "Kd4",
    "Kd6",
    "Ke4",
    "Ke6"
  ],
  "statePieceCount": 12,
  "endPieceCount": 6,
  "boardState": [
    {
      "square": "a7",
      "type": "r",
      "color": "w"
    },
    {
      "square": "g7",
      "type": "p",
      "color": "b"
    },
    {
      "square": "b6",
      "type": "p",
      "color": "b"
    },
    {
      "square": "f6",
      "type": "p",
      "color": "b"
    },
    {
      "square": "g6",
      "type": "k",
      "color": "b"
    },
    {
      "square": "h6",
      "type": "p",
      "color": "b"
    },
    {
      "square": "b4",
      "type": "p",
      "color": "w"
    },
    {
      "square": "a3",
      "type": "p",
      "color": "w"
    },
    {
      "square": "e3",
      "type": "r",
      "color": "b"
    },
    {
      "square": "h3",
      "type": "p",
      "color": "w"
    },
    {
      "square": "g2",
      "type": "p",
      "color": "w"
    },
    {
      "square": "h2",
      "type": "k",
      "color": "w"
    }
  ],
  "nextTurn": "w"
}