{
  "event": "Skilling Open",
  "site": "chess24.com INT",
  "date": "2020.11.22",
  "eventDate": "2020.11.22",
  "dateMillis": 1605974400000,
  "eventDateMillis": 1605974400000,
  "round": "5",
  "result": "1-0",
  "white": "Magnus Carlsen",
  "black": "Alireza Firouzja",
  "isDingWin": true,
  "isDraw": false,
  "isDingBlack": false,
  "moves": [
    "Kf7",
    "Bc5",
    "Bc6",
    "f4",
    "Bb5",
    "f5",
    "Bd3",
    "Nb6",
    "Nxb6",
    "Bxb6",
    "Ba6",
    "Bd4",
    "g6",
    "Kg3",
    "gxf5",
    "exf5",
    "Ke7",
    "Kf4",
    "Kd7",
    "Bxf6",
    "Kxc7",
    "g5",
    "Kd7",
    "g6",
    "Ke8",
    "Kg5",
    "Kf8",
    "Bc3",
    "Bc4",
    "f6",
    "Kg8",
    "Bb4",
    "Bb3",
    "Kf4"
  ],
  "statePieceCount": 12,
  "endPieceCount": 6,
  "boardState": [
    {
      "square": "c8",
      "type": "n",
      "color": "b"
    },
    {
      "square": "g8",
      "type": "k",
      "color": "b"
    },
    {
      "square": "c7",
      "type": "p",
      "color": "w"
    },
    {
      "square": "d7",
      "type": "b",
      "color": "b"
    },
    {
      "square": "g7",
      "type": "p",
      "color": "b"
    },
    {
      "square": "f6",
      "type": "p",
      "color": "b"
    },
    {
      "square": "d5",
      "type": "n",
      "color": "w"
    },
    {
      "square": "e4",
      "type": "p",
      "color": "w"
    },
    {
      "square": "g4",
      "type": "p",
      "color": "w"
    },
    {
      "square": "f3",
      "type": "p",
      "color": "w"
    },
    {
      "square": "f2",
      "type": "b",
      "color": "w"
    },
    {
      "square": "h2",
      "type": "k",
      "color": "w"
    }
  ]
}