{
  "event": "Skilling Open",
  "site": "chess24.com INT",
  "date": "2020.11.27",
  "eventDate": "2020.11.25",
  "dateMillis": 1606406400000,
  "eventDateMillis": 1606233600000,
  "round": "2.13",
  "result": "1/2-1/2",
  "white": "Magnus Carlsen",
  "black": "Ian Nepomniachtchi",
  "isCarlsenWin": false,
  "isDraw": true,
  "isCarlsenBlack": false,
  "moves": [
    "Kf2",
    "Kg7",
    "Bb2",
    "b5",
    "Bxe5+",
    "Rxe5",
    "Rb2",
    "Kg6",
    "Kf3",
    "Kg5",
    "Rb4",
    "f6",
    "Kf2",
    "Rd5",
    "Kf3",
    "Rc5",
    "Kf2",
    "Kf5",
    "Kf3",
    "Ke6",
    "Re4+",
    "Re5",
    "Rb4",
    "Rf5",
    "Rb1",
    "h5",
    "Ke4",
    "h4",
    "Ra1",
    "Rd5",
    "Ra8",
    "Rd2",
    "Rb8",
    "Rxg2",
    "Rb6+",
    "Kf7",
    "Rxb5",
    "Kg6",
    "Kxf4",
    "Rg3",
    "Rb8",
    "Rxh3",
    "Kg4",
    "Rh1",
    "Rg8+",
    "Kf7",
    "Ra8",
    "Kg7",
    "Rb8",
    "h3",
    "Kg3",
    "Kg6",
    "Rb6",
    "Kg5",
    "Rb5+",
    "f5",
    "Ra5",
    "Rb1",
    "Kxh3",
    "Rb3+",
    "Kg2",
    "Kg4",
    "Ra8",
    "Rb2+",
    "Kg1",
    "Rb3",
    "Kg2",
    "Kf4",
    "Ra4+",
    "Ke3",
    "Kg3",
    "Rd3",
    "Rf4",
    "Ke2+",
    "Kg2",
    "Rd5",
    "Kg3"
  ],
  "statePieceCount": 12,
  "endPieceCount": 5,
  "boardState": [
    {
      "square": "g8",
      "type": "k",
      "color": "b"
    },
    {
      "square": "b7",
      "type": "p",
      "color": "b"
    },
    {
      "square": "f7",
      "type": "p",
      "color": "b"
    },
    {
      "square": "h7",
      "type": "p",
      "color": "b"
    },
    {
      "square": "d5",
      "type": "r",
      "color": "b"
    },
    {
      "square": "e5",
      "type": "b",
      "color": "b"
    },
    {
      "square": "f4",
      "type": "p",
      "color": "b"
    },
    {
      "square": "a3",
      "type": "b",
      "color": "w"
    },
    {
      "square": "h3",
      "type": "p",
      "color": "w"
    },
    {
      "square": "c2",
      "type": "r",
      "color": "w"
    },
    {
      "square": "g2",
      "type": "p",
      "color": "w"
    },
    {
      "square": "g1",
      "type": "k",
      "color": "w"
    }
  ],
  "nextTurn": "w"
}