{
  "event": "Airthings Masters",
  "site": "chess24.com INT",
  "date": "2020.12.30",
  "eventDate": "2020.12.29",
  "dateMillis": 1609257600000,
  "eventDateMillis": 1609171200000,
  "round": "1.22",
  "result": "1/2-1/2",
  "white": "Magnus Carlsen",
  "black": "Daniil Dubov",
  "isDingWin": false,
  "isDraw": true,
  "isDingBlack": false,
  "moves": [
    "Rc7",
    "Ke3",
    "Kf5",
    "Kd4",
    "Re7",
    "Rxc4",
    "Re2",
    "g4+",
    "Kg5",
    "Rc5+",
    "Kf6",
    "Rf5+",
    "Ke6",
    "c4",
    "g6",
    "Rf3",
    "Rd2+",
    "Kc3",
    "Ra2",
    "Kb3",
    "Rd2",
    "Kb4",
    "f5",
    "Re3+",
    "Kd6",
    "f3",
    "Rb2+",
    "Rb3",
    "Rh2",
    "Rd3+",
    "Kc6",
    "gxf5",
    "gxf5",
    "Rd5",
    "Rxh3",
    "Rxf5",
    "h5",
    "Rf6+",
    "Kd7",
    "Kb5",
    "h4",
    "c5",
    "Rh1",
    "c6+",
    "Ke7",
    "Rh6",
    "h3",
    "Rh7+",
    "Kd6",
    "c7",
    "Rc1",
    "Kb6",
    "h2",
    "Rh6+",
    "Kd7",
    "Rxh2",
    "Rb1+",
    "Kc5",
    "Kxc7",
    "Rd2",
    "Rc1+",
    "Kb4",
    "Rc6",
    "Rd3",
    "Rf6",
    "Kc5",
    "Rf8",
    "Kc4",
    "Kc6",
    "Kc3",
    "Rf5",
    "Kd2",
    "Rd5",
    "Ke3",
    "Rxd3+",
    "Kxd3",
    "Kd5"
  ],
  "statePieceCount": 12,
  "endPieceCount": 3,
  "boardState": [
    {
      "square": "a7",
      "type": "r",
      "color": "b"
    },
    {
      "square": "f7",
      "type": "p",
      "color": "b"
    },
    {
      "square": "g7",
      "type": "p",
      "color": "b"
    },
    {
      "square": "g6",
      "type": "k",
      "color": "b"
    },
    {
      "square": "h6",
      "type": "p",
      "color": "b"
    },
    {
      "square": "b4",
      "type": "r",
      "color": "w"
    },
    {
      "square": "c4",
      "type": "p",
      "color": "b"
    },
    {
      "square": "f4",
      "type": "k",
      "color": "w"
    },
    {
      "square": "h3",
      "type": "p",
      "color": "w"
    },
    {
      "square": "c2",
      "type": "p",
      "color": "w"
    },
    {
      "square": "f2",
      "type": "p",
      "color": "w"
    },
    {
      "square": "g2",
      "type": "p",
      "color": "w"
    }
  ]
}