{
  "event": "Tata Steel",
  "site": "Wijk aan Zee NED",
  "date": "2021.01.17",
  "eventDate": "2021.01.15",
  "dateMillis": 1610812800000,
  "eventDateMillis": 1610640000000,
  "round": "2",
  "result": "1/2-1/2",
  "white": "David Anton Guijarro",
  "black": "Magnus Carlsen",
  "isCarlsenWin": false,
  "isDraw": true,
  "isCarlsenBlack": true,
  "moves": [
    "Rxg2",
    "h4",
    "Rh2",
    "Ra6",
    "Rxh4",
    "Rxa5",
    "Bd1",
    "Ra1",
    "Rh1",
    "Ne8+",
    "Kh6",
    "Nf6",
    "Kg5",
    "Ra7",
    "h5",
    "Nh7+",
    "Kh6",
    "Nf8",
    "Rf1",
    "Rh7+",
    "Kg5",
    "Ne6+",
    "Kh4",
    "Rg7",
    "Rg1",
    "Nd4",
    "g5",
    "Nf5+",
    "Kh3",
    "Ne3",
    "Bf3",
    "Kf5",
    "Kh4",
    "Ke5",
    "Bg4",
    "Kd4",
    "Bh3",
    "e5",
    "Ra1",
    "Rg6",
    "Ra4+",
    "Kd5",
    "Ra5+",
    "Kd4",
    "Ra8",
    "e6",
    "Re8",
    "Ke5",
    "Bg4",
    "Kd6",
    "Rxe6+",
    "Rxe6",
    "Bxe6",
    "Kxe6",
    "Kg3",
    "Kf5",
    "Kf3",
    "Kxg5",
    "Kxe3",
    "Kxh5"
  ],
  "statePieceCount": 12,
  "endPieceCount": 2,
  "boardState": [
    {
      "square": "g7",
      "type": "k",
      "color": "b"
    },
    {
      "square": "h7",
      "type": "p",
      "color": "b"
    },
    {
      "square": "b6",
      "type": "r",
      "color": "w"
    },
    {
      "square": "d6",
      "type": "n",
      "color": "w"
    },
    {
      "square": "g6",
      "type": "p",
      "color": "b"
    },
    {
      "square": "a5",
      "type": "p",
      "color": "b"
    },
    {
      "square": "e5",
      "type": "k",
      "color": "w"
    },
    {
      "square": "a4",
      "type": "b",
      "color": "b"
    },
    {
      "square": "e4",
      "type": "p",
      "color": "w"
    },
    {
      "square": "c2",
      "type": "r",
      "color": "b"
    },
    {
      "square": "g2",
      "type": "p",
      "color": "w"
    },
    {
      "square": "h2",
      "type": "p",
      "color": "w"
    }
  ],
  "nextTurn": "b"
}