{
  "event": "Tata Steel",
  "site": "Wijk aan Zee NED",
  "date": "2021.01.19",
  "eventDate": "2021.01.16",
  "dateMillis": 1610985600000,
  "eventDateMillis": 1610726400000,
  "round": "4.1",
  "result": "1/2-1/2",
  "white": "Jorden van Foreest",
  "black": "Magnus Carlsen",
  "isDingWin": false,
  "isDraw": true,
  "isDingBlack": true,
  "moves": [
    "Rh4",
    "Kg2",
    "Rd4",
    "Ne2",
    "Rxd3",
    "Ng1",
    "Rd7",
    "Nf3",
    "Kg7",
    "h3",
    "Bf6",
    "Kg3",
    "Rb7",
    "Kg2",
    "Re7",
    "Ra5",
    "Rc7",
    "Rd5",
    "Ra7",
    "Rb5",
    "Be7",
    "Nd4",
    "Rd7",
    "Nf3",
    "Rd6",
    "Rb7",
    "Kf6",
    "Ra7",
    "h6",
    "Nh4",
    "Bd8",
    "Rh7",
    "Rd2",
    "Rxh6",
    "Kg7",
    "Rxg6+",
    "Kh7",
    "Nf3",
    "Rxf2+",
    "Kxf2",
    "Kxg6",
    "Kg2",
    "Kh5",
    "Nd4",
    "f4",
    "Ne6",
    "Bg5",
    "Nxg5",
    "Kxg5",
    "Kf3",
    "Kh4",
    "Kxf4",
    "Kxh3"
  ],
  "statePieceCount": 12,
  "endPieceCount": 2,
  "boardState": [
    {
      "square": "f8",
      "type": "k",
      "color": "b"
    },
    {
      "square": "e7",
      "type": "b",
      "color": "b"
    },
    {
      "square": "h7",
      "type": "p",
      "color": "b"
    },
    {
      "square": "a6",
      "type": "r",
      "color": "w"
    },
    {
      "square": "g6",
      "type": "p",
      "color": "b"
    },
    {
      "square": "f5",
      "type": "p",
      "color": "b"
    },
    {
      "square": "g4",
      "type": "r",
      "color": "b"
    },
    {
      "square": "d3",
      "type": "p",
      "color": "w"
    },
    {
      "square": "g3",
      "type": "n",
      "color": "w"
    },
    {
      "square": "f2",
      "type": "p",
      "color": "w"
    },
    {
      "square": "h2",
      "type": "p",
      "color": "w"
    },
    {
      "square": "f1",
      "type": "k",
      "color": "w"
    }
  ]
}