{
  "event": "Tata Steel Masters",
  "site": "Wijk aan Zee NED",
  "date": "2021.01.26",
  "dateMillis": 1611590400000,
  "eventDateMillis": null,
  "round": "9",
  "result": "1-0",
  "white": "Magnus Carlsen",
  "black": "Nils Grandelius",
  "isDingWin": true,
  "isDraw": false,
  "isDingBlack": false,
  "moves": [
    "Qxe8+",
    "Kh7",
    "Qe4",
    "Kh8",
    "Qe8+",
    "Kh7",
    "Qg6+",
    "Kh8",
    "f6",
    "Qe2+",
    "Kh3",
    "Qe6+",
    "Kh4",
    "gxf6",
    "Qxh6+",
    "Kg8",
    "Qg6+",
    "Kf8",
    "g4",
    "Qe5",
    "h3",
    "Ke7",
    "Qf5",
    "Qe3",
    "Kh5",
    "Qxh3+",
    "Kg6",
    "Kd6",
    "Kxf6",
    "Qe3",
    "g5",
    "Qe7+",
    "Kg6",
    "Qe8+",
    "Kg7",
    "Qe7+",
    "Kg8"
  ],
  "statePieceCount": 12,
  "endPieceCount": 7,
  "boardState": [
    {
      "square": "e8",
      "type": "r",
      "color": "b"
    },
    {
      "square": "h8",
      "type": "k",
      "color": "b"
    },
    {
      "square": "g7",
      "type": "p",
      "color": "b"
    },
    {
      "square": "h6",
      "type": "p",
      "color": "b"
    },
    {
      "square": "f5",
      "type": "p",
      "color": "w"
    },
    {
      "square": "d4",
      "type": "p",
      "color": "b"
    },
    {
      "square": "e4",
      "type": "q",
      "color": "w"
    },
    {
      "square": "g3",
      "type": "p",
      "color": "w"
    },
    {
      "square": "c2",
      "type": "p",
      "color": "w"
    },
    {
      "square": "g2",
      "type": "k",
      "color": "w"
    },
    {
      "square": "h2",
      "type": "p",
      "color": "w"
    },
    {
      "square": "d1",
      "type": "q",
      "color": "b"
    }
  ]
}