{
  "event": "Opera Euro Rapid",
  "site": "chess24.com INT",
  "date": "2021.02.10",
  "eventDate": "2021.02.09",
  "dateMillis": 1612886400000,
  "eventDateMillis": 1612800000000,
  "round": "1.33",
  "result": "1-0",
  "white": "Magnus Carlsen",
  "black": "Daniil Dubov",
  "isCarlsenWin": true,
  "isDraw": false,
  "isCarlsenBlack": false,
  "moves": [
    "Re2+",
    "Kd3",
    "Rxg2",
    "Bd6",
    "f5",
    "d5",
    "Bd7",
    "Ra7",
    "Ke8",
    "a4",
    "Rg1",
    "Kd4",
    "Re1",
    "a5",
    "Re4+",
    "Kc5",
    "f4",
    "Bxf4",
    "Ra4",
    "Ra8+",
    "Kf7",
    "a6"
  ],
  "statePieceCount": 12,
  "endPieceCount": 10,
  "boardState": [
    {
      "square": "f7",
      "type": "k",
      "color": "b"
    },
    {
      "square": "e6",
      "type": "b",
      "color": "b"
    },
    {
      "square": "f6",
      "type": "p",
      "color": "b"
    },
    {
      "square": "a5",
      "type": "r",
      "color": "w"
    },
    {
      "square": "c5",
      "type": "b",
      "color": "w"
    },
    {
      "square": "d4",
      "type": "p",
      "color": "w"
    },
    {
      "square": "e4",
      "type": "k",
      "color": "w"
    },
    {
      "square": "g4",
      "type": "p",
      "color": "b"
    },
    {
      "square": "a3",
      "type": "p",
      "color": "w"
    },
    {
      "square": "g3",
      "type": "p",
      "color": "w"
    },
    {
      "square": "c2",
      "type": "r",
      "color": "b"
    },
    {
      "square": "g2",
      "type": "p",
      "color": "w"
    }
  ],
  "nextTurn": "b"
}