{
  "event": "Magnus Carlsen Invitational",
  "site": "chess24.com INT",
  "date": "2021.03.13",
  "eventDate": "2021.03.13",
  "dateMillis": 1615564800000,
  "eventDateMillis": 1615564800000,
  "round": "5.8",
  "result": "1-0",
  "white": "Magnus Carlsen",
  "black": "David Anton Guijarro",
  "isDingWin": true,
  "isDraw": false,
  "isDingBlack": false,
  "moves": [
    "Kb6",
    "Kb4",
    "Kb7",
    "Kc4",
    "Kb6",
    "c3",
    "c5",
    "e4",
    "Kc6",
    "Rf8",
    "Kb6",
    "Ra8",
    "Rd7",
    "Re8",
    "Rd6",
    "Re7",
    "Kc6",
    "Rf7",
    "Kb6",
    "Kb3",
    "Kc6",
    "Kc2",
    "Kb6",
    "c4",
    "Kb7",
    "Kd2",
    "Kc8",
    "Ke2",
    "Kd8",
    "Ke3",
    "Kc8",
    "Rf8+",
    "Kd7",
    "Rh8",
    "Ke7",
    "Ra8",
    "Kd7",
    "Ra5",
    "Kc6",
    "Ra3",
    "Kd7",
    "Kf3",
    "Ke7",
    "Kg4",
    "Kf7",
    "Kh5",
    "Rd8",
    "Ra7",
    "Rh8+",
    "Kg4",
    "Rc8",
    "Ra5",
    "Ke7",
    "Rxc5",
    "c6",
    "Kf3",
    "Kd6",
    "Ra5",
    "Rh8",
    "c5+",
    "Kc7",
    "Ra7+",
    "Kb8",
    "Rf7",
    "Rh6",
    "Ke3",
    "Kc8",
    "Kd2",
    "Kd8",
    "Kc3"
  ],
  "statePieceCount": 12,
  "endPieceCount": 11,
  "boardState": [
    {
      "square": "b7",
      "type": "k",
      "color": "b"
    },
    {
      "square": "c7",
      "type": "p",
      "color": "b"
    },
    {
      "square": "f7",
      "type": "r",
      "color": "w"
    },
    {
      "square": "c6",
      "type": "p",
      "color": "b"
    },
    {
      "square": "d6",
      "type": "r",
      "color": "b"
    },
    {
      "square": "f6",
      "type": "p",
      "color": "b"
    },
    {
      "square": "e5",
      "type": "p",
      "color": "b"
    },
    {
      "square": "f5",
      "type": "p",
      "color": "w"
    },
    {
      "square": "a4",
      "type": "k",
      "color": "w"
    },
    {
      "square": "d3",
      "type": "p",
      "color": "w"
    },
    {
      "square": "e3",
      "type": "p",
      "color": "w"
    },
    {
      "square": "c2",
      "type": "p",
      "color": "w"
    }
  ]
}