{
  "event": "Magnus Carlsen Invitational",
  "site": "chess24.com INT",
  "date": "2021.03.13",
  "eventDate": "2021.03.13",
  "dateMillis": 1615564800000,
  "eventDateMillis": 1615564800000,
  "round": "4.1",
  "result": "1-0",
  "white": "Anish Giri",
  "black": "Magnus Carlsen",
  "isCarlsenWin": false,
  "isDraw": false,
  "isCarlsenBlack": true,
  "moves": [
    "Kxh8",
    "Bd5",
    "Ra5",
    "Bb3",
    "Nc6",
    "Rd2",
    "Kg7",
    "Kg2",
    "Ne5",
    "h3",
    "Nd7",
    "Re2",
    "Kf8",
    "Rf2+",
    "Nf6",
    "g4",
    "Kg7",
    "Rf4",
    "d5",
    "g5",
    "Ne4",
    "Bxd5",
    "Nxg5",
    "Bb3",
    "e5",
    "Ra4",
    "Rc5",
    "Rc4",
    "Ra5",
    "h4",
    "Ne6",
    "Ra4",
    "Nf4+",
    "Kf3",
    "Rc5",
    "Rc4",
    "Ra5",
    "Rc7+",
    "Kh6",
    "Bc2",
    "Ra3+",
    "Kg4",
    "Nd3",
    "Kf5",
    "Nb4",
    "Be4",
    "Rxa2",
    "Kg4"
  ],
  "statePieceCount": 12,
  "endPieceCount": 8,
  "boardState": [
    {
      "square": "h8",
      "type": "r",
      "color": "w"
    },
    {
      "square": "e7",
      "type": "p",
      "color": "b"
    },
    {
      "square": "g7",
      "type": "k",
      "color": "b"
    },
    {
      "square": "d6",
      "type": "p",
      "color": "b"
    },
    {
      "square": "e5",
      "type": "n",
      "color": "b"
    },
    {
      "square": "a4",
      "type": "r",
      "color": "b"
    },
    {
      "square": "e4",
      "type": "b",
      "color": "w"
    },
    {
      "square": "g3",
      "type": "p",
      "color": "w"
    },
    {
      "square": "a2",
      "type": "p",
      "color": "w"
    },
    {
      "square": "e2",
      "type": "r",
      "color": "w"
    },
    {
      "square": "h2",
      "type": "p",
      "color": "w"
    },
    {
      "square": "g1",
      "type": "k",
      "color": "w"
    }
  ],
  "nextTurn": "b"
}