{
  "event": "Magnus Carlsen Invitational",
  "site": "chess24.com INT",
  "date": "2021.03.19",
  "eventDate": "2021.03.13",
  "dateMillis": 1616083200000,
  "eventDateMillis": 1615564800000,
  "round": "2.32",
  "result": "0-1",
  "white": "Magnus Carlsen",
  "black": "Ian Nepomniachtchi",
  "isDingWin": false,
  "isDraw": false,
  "isDingBlack": false,
  "moves": [
    "b5",
    "Qb1",
    "Qd6+",
    "Kf3",
    "b4",
    "Qb3",
    "Qf6+",
    "Kg2",
    "Qd6",
    "Kg1",
    "f6",
    "Kg2",
    "Qb6",
    "h4",
    "gxh4",
    "Kh3",
    "Qb5",
    "Kxh4",
    "Kf7",
    "Kg4",
    "Ke6",
    "Kf4",
    "Qc4",
    "Qa4",
    "b3",
    "Qe8+",
    "Kd6",
    "Qb8+",
    "Kc6",
    "Kf5",
    "Qb5",
    "Qc8+",
    "Kb6",
    "Qb8+",
    "Ka5",
    "Qa7+",
    "Kb4",
    "Qa1",
    "Qe2",
    "Ke6",
    "b2",
    "Qa6",
    "Qxa6+"
  ],
  "statePieceCount": 12,
  "endPieceCount": 9,
  "boardState": [
    {
      "square": "d8",
      "type": "q",
      "color": "b"
    },
    {
      "square": "f7",
      "type": "p",
      "color": "b"
    },
    {
      "square": "g7",
      "type": "k",
      "color": "b"
    },
    {
      "square": "b6",
      "type": "p",
      "color": "b"
    },
    {
      "square": "d5",
      "type": "p",
      "color": "b"
    },
    {
      "square": "f5",
      "type": "q",
      "color": "w"
    },
    {
      "square": "g5",
      "type": "p",
      "color": "b"
    },
    {
      "square": "d4",
      "type": "p",
      "color": "w"
    },
    {
      "square": "e3",
      "type": "p",
      "color": "w"
    },
    {
      "square": "g3",
      "type": "k",
      "color": "w"
    },
    {
      "square": "h3",
      "type": "p",
      "color": "w"
    },
    {
      "square": "f2",
      "type": "p",
      "color": "w"
    }
  ]
}