{
  "event": "New In Chess Classic",
  "site": "chess24.com INT",
  "date": "2021.05.01",
  "eventDate": "2021.04.24",
  "dateMillis": 1619798400000,
  "eventDateMillis": 1619193600000,
  "round": "3.13",
  "result": "1-0",
  "white": "Magnus Carlsen",
  "black": "Hikaru Nakamura",
  "isDingWin": true,
  "isDraw": false,
  "isDingBlack": false,
  "moves": [
    "Qxd6",
    "Qxf7",
    "Qd2+",
    "Kg3",
    "Qxc3",
    "Qe8+",
    "Kc7",
    "Qe4",
    "Kd6",
    "Kg4",
    "Qa1",
    "Qd3+",
    "Ke7",
    "Qe3+",
    "Kf7",
    "Qc5",
    "Kg8",
    "Kf4",
    "Qd1",
    "Ke5",
    "Kh7",
    "Qd5",
    "Qa4",
    "Qe4+",
    "Kh8",
    "Kd6",
    "Qb5",
    "Kc7",
    "Kg8",
    "Qe6+",
    "Kh7",
    "Qd6",
    "Qe2",
    "f4",
    "Qb5",
    "Qc5",
    "Qf1",
    "Qh5+",
    "Kg8",
    "Qd5+",
    "Kh7",
    "Qe4+",
    "Kh8",
    "Kb6",
    "Qb5+",
    "Ka7",
    "Qf1",
    "Qe8+",
    "Kh7",
    "Qh5+",
    "Kg8",
    "Qd5+",
    "Kh7",
    "f5",
    "Qb1",
    "Qd6",
    "Qxf5",
    "Kxa6",
    "g5",
    "b5",
    "Qf1",
    "Kb6",
    "Qf2+",
    "Qc5",
    "Qf6+",
    "Ka7",
    "Qf7+",
    "Ka6",
    "g4",
    "b6",
    "g3",
    "b7",
    "Qf1+",
    "Ka7",
    "Qf2",
    "Qb6",
    "Qf7",
    "Qb1+",
    "Kh6",
    "Qe4",
    "Qg7"
  ],
  "statePieceCount": 12,
  "endPieceCount": 7,
  "boardState": [
    {
      "square": "f8",
      "type": "q",
      "color": "b"
    },
    {
      "square": "f7",
      "type": "b",
      "color": "b"
    },
    {
      "square": "g7",
      "type": "p",
      "color": "b"
    },
    {
      "square": "a6",
      "type": "p",
      "color": "b"
    },
    {
      "square": "c6",
      "type": "k",
      "color": "b"
    },
    {
      "square": "d6",
      "type": "r",
      "color": "w"
    },
    {
      "square": "a5",
      "type": "p",
      "color": "w"
    },
    {
      "square": "f5",
      "type": "q",
      "color": "w"
    },
    {
      "square": "b4",
      "type": "p",
      "color": "w"
    },
    {
      "square": "c3",
      "type": "p",
      "color": "w"
    },
    {
      "square": "f3",
      "type": "p",
      "color": "w"
    },
    {
      "square": "f2",
      "type": "k",
      "color": "w"
    }
  ]
}