{
  "event": "New In Chess Classic",
  "site": "chess24.com INT",
  "date": "2021.05.01",
  "eventDate": "2021.04.24",
  "dateMillis": 1619798400000,
  "eventDateMillis": 1619193600000,
  "round": "3.11",
  "result": "1/2-1/2",
  "white": "Magnus Carlsen",
  "black": "Hikaru Nakamura",
  "isDingWin": false,
  "isDraw": true,
  "isDingBlack": false,
  "moves": [
    "Rh3+",
    "Kd2",
    "Nb3+",
    "Kc2",
    "Na5",
    "Rxb5",
    "Nc4",
    "Rb4",
    "Ne3+",
    "Kd2",
    "exf4",
    "a4",
    "Ng2",
    "e5",
    "f3",
    "Ng7+",
    "Kf8",
    "Nf5",
    "f2",
    "e6",
    "Rd3+",
    "Ke2",
    "f1=Q+",
    "Kxf1",
    "Rf3+",
    "Kxg2",
    "Rxf5",
    "Rb5",
    "Rf4",
    "Ra5",
    "Ke7",
    "Ra6",
    "h5",
    "a5",
    "Ra4",
    "Kh3",
    "h4",
    "Ra8",
    "Kxe6",
    "a6",
    "Kd7",
    "a7",
    "Kc7",
    "Rh8",
    "Rxa7",
    "Rh7+",
    "Kb8",
    "Rxa7",
    "Kxa7",
    "Kxh4"
  ],
  "statePieceCount": 12,
  "endPieceCount": 2,
  "boardState": [
    {
      "square": "e8",
      "type": "k",
      "color": "b"
    },
    {
      "square": "b7",
      "type": "r",
      "color": "w"
    },
    {
      "square": "e6",
      "type": "n",
      "color": "w"
    },
    {
      "square": "h6",
      "type": "p",
      "color": "b"
    },
    {
      "square": "b5",
      "type": "p",
      "color": "b"
    },
    {
      "square": "e5",
      "type": "p",
      "color": "b"
    },
    {
      "square": "e4",
      "type": "p",
      "color": "w"
    },
    {
      "square": "f4",
      "type": "p",
      "color": "w"
    },
    {
      "square": "a3",
      "type": "p",
      "color": "w"
    },
    {
      "square": "e3",
      "type": "k",
      "color": "w"
    },
    {
      "square": "h2",
      "type": "r",
      "color": "b"
    },
    {
      "square": "c1",
      "type": "n",
      "color": "b"
    }
  ]
}