{
  "event": "New In Chess Classic",
  "site": "chess24.com INT",
  "date": "2021.04.24",
  "eventDate": "2021.04.24",
  "dateMillis": 1619193600000,
  "eventDateMillis": 1619193600000,
  "round": "2.5",
  "result": "0-1",
  "white": "Le Quang Liem",
  "black": "Magnus Carlsen",
  "isCarlsenWin": true,
  "isDraw": false,
  "isCarlsenBlack": true,
  "moves": [
    "Rd1",
    "Rg2+",
    "Kh3",
    "Rf2",
    "Rc1+",
    "Kd6",
    "Rc3",
    "Ke5",
    "Bc6",
    "Be6",
    "Kg3",
    "Rb2",
    "Bf3",
    "Rb3",
    "Rxb3",
    "Bxb3",
    "Bc6",
    "Bd1",
    "Kh3",
    "Kd6",
    "Bb5",
    "Kc5",
    "Kg3",
    "Kb4",
    "e4",
    "Bxa4"
  ],
  "statePieceCount": 12,
  "endPieceCount": 9,
  "boardState": [
    {
      "square": "b6",
      "type": "p",
      "color": "b"
    },
    {
      "square": "a5",
      "type": "p",
      "color": "b"
    },
    {
      "square": "b5",
      "type": "b",
      "color": "w"
    },
    {
      "square": "c5",
      "type": "k",
      "color": "b"
    },
    {
      "square": "d5",
      "type": "b",
      "color": "b"
    },
    {
      "square": "g5",
      "type": "p",
      "color": "b"
    },
    {
      "square": "a4",
      "type": "p",
      "color": "w"
    },
    {
      "square": "d4",
      "type": "r",
      "color": "w"
    },
    {
      "square": "g4",
      "type": "p",
      "color": "w"
    },
    {
      "square": "e3",
      "type": "p",
      "color": "w"
    },
    {
      "square": "g3",
      "type": "k",
      "color": "w"
    },
    {
      "square": "c2",
      "type": "r",
      "color": "b"
    }
  ],
  "nextTurn": "w"
}