{
  "event": "FTX Crypto Cup",
  "site": "chess24.com INT",
  "date": "2021.05.27",
  "eventDate": "2021.05.23",
  "dateMillis": 1622044800000,
  "eventDateMillis": 1621699200000,
  "round": "1.22",
  "result": "0-1",
  "white": "Hikaru Nakamura",
  "black": "Magnus Carlsen",
  "isCarlsenWin": true,
  "isDraw": false,
  "isCarlsenBlack": true,
  "moves": [
    "Rxd7",
    "Rc2",
    "Ra8+",
    "Kh7",
    "Re8",
    "Kg6",
    "Ree7",
    "Kg5",
    "Rxf7",
    "g6",
    "Rd6",
    "Rxh2",
    "Rg7",
    "Nf4",
    "Re7"
  ],
  "statePieceCount": 12,
  "endPieceCount": 9,
  "boardState": [
    {
      "square": "c8",
      "type": "r",
      "color": "b"
    },
    {
      "square": "g8",
      "type": "k",
      "color": "b"
    },
    {
      "square": "d7",
      "type": "n",
      "color": "b"
    },
    {
      "square": "f7",
      "type": "p",
      "color": "b"
    },
    {
      "square": "g7",
      "type": "p",
      "color": "b"
    },
    {
      "square": "f5",
      "type": "p",
      "color": "b"
    },
    {
      "square": "d4",
      "type": "r",
      "color": "w"
    },
    {
      "square": "e4",
      "type": "p",
      "color": "b"
    },
    {
      "square": "d3",
      "type": "n",
      "color": "b"
    },
    {
      "square": "h2",
      "type": "p",
      "color": "w"
    },
    {
      "square": "a1",
      "type": "r",
      "color": "w"
    },
    {
      "square": "f1",
      "type": "k",
      "color": "w"
    }
  ],
  "nextTurn": "w"
}