{
  "event": "FTX Crypto Cup",
  "site": "chess24.com INT",
  "date": "2021.05.24",
  "eventDate": "2021.05.23",
  "dateMillis": 1621785600000,
  "eventDateMillis": 1621699200000,
  "round": "6.3",
  "result": "1/2-1/2",
  "white": "Magnus Carlsen",
  "black": "Anish Giri",
  "isDingWin": false,
  "isDraw": true,
  "isDingBlack": false,
  "moves": [
    "Bc5+",
    "Kf3",
    "Bxb6",
    "Ke4",
    "Kf8",
    "Kd5",
    "Ke7",
    "g4",
    "h5",
    "h3",
    "hxg4",
    "hxg4",
    "Ba5",
    "Bd3",
    "Bd2",
    "Bc2",
    "Be1",
    "Bd3",
    "Bd2",
    "Ba6",
    "Be1",
    "Bc8",
    "Kd8",
    "e6",
    "fxe6+",
    "Bxe6",
    "Kc7"
  ],
  "statePieceCount": 12,
  "endPieceCount": 7,
  "boardState": [
    {
      "square": "e7",
      "type": "b",
      "color": "b"
    },
    {
      "square": "f7",
      "type": "p",
      "color": "b"
    },
    {
      "square": "g7",
      "type": "k",
      "color": "b"
    },
    {
      "square": "h7",
      "type": "p",
      "color": "b"
    },
    {
      "square": "b6",
      "type": "r",
      "color": "w"
    },
    {
      "square": "g6",
      "type": "p",
      "color": "b"
    },
    {
      "square": "b5",
      "type": "b",
      "color": "w"
    },
    {
      "square": "e5",
      "type": "p",
      "color": "w"
    },
    {
      "square": "a4",
      "type": "p",
      "color": "w"
    },
    {
      "square": "g3",
      "type": "p",
      "color": "w"
    },
    {
      "square": "f2",
      "type": "k",
      "color": "w"
    },
    {
      "square": "h2",
      "type": "p",
      "color": "w"
    }
  ]
}