{
  "event": "Goldmoney Asian Rapid",
  "site": "chess24.com INT",
  "date": "2021.06.27",
  "eventDate": "2021.06.26",
  "dateMillis": 1624723200000,
  "eventDateMillis": 1624636800000,
  "round": "6.1",
  "result": "1-0",
  "white": "Levon Aronian",
  "black": "Magnus Carlsen",
  "isDingWin": false,
  "isDraw": false,
  "isDingBlack": true,
  "moves": [
    "Ra2",
    "Rd8",
    "a7",
    "Ra8",
    "Rb2",
    "e4",
    "fxe4",
    "Ke6",
    "Kf3",
    "Bd6",
    "Rb7",
    "Ke5",
    "Bh2+",
    "Kd4",
    "Bxd6",
    "exd6",
    "Kf4",
    "Rf8+",
    "Kg5",
    "Ra8",
    "Re7"
  ],
  "statePieceCount": 12,
  "endPieceCount": 9,
  "boardState": [
    {
      "square": "e7",
      "type": "p",
      "color": "b"
    },
    {
      "square": "f7",
      "type": "k",
      "color": "b"
    },
    {
      "square": "a6",
      "type": "p",
      "color": "w"
    },
    {
      "square": "g6",
      "type": "p",
      "color": "b"
    },
    {
      "square": "d5",
      "type": "r",
      "color": "b"
    },
    {
      "square": "e5",
      "type": "p",
      "color": "b"
    },
    {
      "square": "f4",
      "type": "b",
      "color": "b"
    },
    {
      "square": "g4",
      "type": "p",
      "color": "w"
    },
    {
      "square": "f3",
      "type": "p",
      "color": "w"
    },
    {
      "square": "e2",
      "type": "r",
      "color": "w"
    },
    {
      "square": "g2",
      "type": "k",
      "color": "w"
    },
    {
      "square": "g1",
      "type": "b",
      "color": "w"
    }
  ]
}