{
  "event": "Goldmoney Asian Rapid",
  "site": "chess24.com INT",
  "date": "2021.06.28",
  "eventDate": "2021.06.26",
  "dateMillis": 1624809600000,
  "eventDateMillis": 1624636800000,
  "round": "15.4",
  "result": "1-0",
  "white": "Magnus Carlsen",
  "black": "Vidit Santosh Gujrathi",
  "isCarlsenWin": true,
  "isDraw": false,
  "isCarlsenBlack": false,
  "moves": [
    "Kxd3",
    "Nxg3",
    "a5",
    "bxa5",
    "bxa5",
    "Kd6",
    "a6",
    "Kc7",
    "Bxe6",
    "Kb6",
    "Bc4",
    "Nh5",
    "Ke3",
    "Ka7",
    "Be2",
    "Ng3",
    "Bf3",
    "Nf1+",
    "Ke2",
    "Nh2",
    "Bh5",
    "Kxa6",
    "Kf2",
    "Kb6",
    "Kg2",
    "Ng4",
    "Bxg4",
    "fxg4",
    "Kg3",
    "Kc7",
    "Kxg4",
    "Kd6",
    "Kf5",
    "Ke7",
    "Kg6",
    "Kf8",
    "Kf6",
    "Kg8",
    "Ke7"
  ],
  "statePieceCount": 12,
  "endPieceCount": 3,
  "boardState": [
    {
      "square": "e7",
      "type": "k",
      "color": "b"
    },
    {
      "square": "b6",
      "type": "p",
      "color": "b"
    },
    {
      "square": "e6",
      "type": "p",
      "color": "b"
    },
    {
      "square": "f5",
      "type": "p",
      "color": "b"
    },
    {
      "square": "a4",
      "type": "p",
      "color": "w"
    },
    {
      "square": "b4",
      "type": "p",
      "color": "w"
    },
    {
      "square": "e4",
      "type": "n",
      "color": "b"
    },
    {
      "square": "f4",
      "type": "p",
      "color": "w"
    },
    {
      "square": "b3",
      "type": "b",
      "color": "w"
    },
    {
      "square": "d3",
      "type": "r",
      "color": "b"
    },
    {
      "square": "e3",
      "type": "k",
      "color": "w"
    },
    {
      "square": "g3",
      "type": "p",
      "color": "w"
    }
  ],
  "nextTurn": "w"
}