{
  "event": "Goldmoney Asian Rapid",
  "site": "chess24.com INT",
  "date": "2021.07.02",
  "eventDate": "2021.06.26",
  "dateMillis": 1625155200000,
  "eventDateMillis": 1624636800000,
  "round": "2.31",
  "result": "1-0",
  "white": "Levon Aronian",
  "black": "Magnus Carlsen",
  "isDingWin": false,
  "isDraw": false,
  "isDingBlack": true,
  "moves": [
    "Rc4",
    "a5",
    "Ra4",
    "Ra7",
    "c5",
    "Kd3",
    "Kf8",
    "a6",
    "Kg8",
    "a3",
    "Kh8",
    "Kc3",
    "c4",
    "Kd4",
    "Kg8",
    "Kc3",
    "Kh8",
    "Kb2",
    "Kg8",
    "Rc7",
    "Rxa6",
    "Rxc4",
    "Rf6",
    "Rc3",
    "Rf4",
    "Kb3"
  ],
  "statePieceCount": 12,
  "endPieceCount": 10,
  "boardState": [
    {
      "square": "g8",
      "type": "k",
      "color": "b"
    },
    {
      "square": "d7",
      "type": "r",
      "color": "w"
    },
    {
      "square": "c6",
      "type": "p",
      "color": "b"
    },
    {
      "square": "h6",
      "type": "p",
      "color": "b"
    },
    {
      "square": "c5",
      "type": "r",
      "color": "b"
    },
    {
      "square": "g5",
      "type": "p",
      "color": "b"
    },
    {
      "square": "h5",
      "type": "p",
      "color": "w"
    },
    {
      "square": "a4",
      "type": "p",
      "color": "w"
    },
    {
      "square": "g4",
      "type": "p",
      "color": "w"
    },
    {
      "square": "f3",
      "type": "p",
      "color": "w"
    },
    {
      "square": "a2",
      "type": "p",
      "color": "w"
    },
    {
      "square": "d2",
      "type": "k",
      "color": "w"
    }
  ]
}