{
  "event": "Goldmoney Asian Rapid",
  "site": "chess24.com INT",
  "date": "2021.07.01",
  "eventDate": "2021.06.26",
  "dateMillis": 1625068800000,
  "eventDateMillis": 1624636800000,
  "round": "2.14",
  "result": "1-0",
  "white": "Magnus Carlsen",
  "black": "Levon Aronian",
  "isCarlsenWin": true,
  "isDraw": false,
  "isCarlsenBlack": false,
  "moves": [
    "Kc1",
    "Rd8",
    "Rd1",
    "Rd3",
    "Rh1",
    "Rd8",
    "h7",
    "Kg7",
    "Rh5",
    "Re8",
    "Kd2",
    "e3+",
    "Ke2",
    "Kh8",
    "Rxb5",
    "Kxh7",
    "Rb4",
    "Kg6",
    "Rxc4",
    "Ra8",
    "Kxe3",
    "Kf5",
    "Kd3",
    "Ke5",
    "Rb4",
    "Kd5",
    "c4+",
    "Kc6",
    "Kc3",
    "Ra5",
    "Rb5",
    "Ra7",
    "Kb4",
    "Ra8",
    "Ra5",
    "Rb8+",
    "Kc3"
  ],
  "statePieceCount": 12,
  "endPieceCount": 8,
  "boardState": [
    {
      "square": "h8",
      "type": "r",
      "color": "b"
    },
    {
      "square": "f6",
      "type": "k",
      "color": "b"
    },
    {
      "square": "h6",
      "type": "p",
      "color": "w"
    },
    {
      "square": "b5",
      "type": "p",
      "color": "b"
    },
    {
      "square": "a4",
      "type": "p",
      "color": "b"
    },
    {
      "square": "c4",
      "type": "p",
      "color": "b"
    },
    {
      "square": "e4",
      "type": "p",
      "color": "b"
    },
    {
      "square": "a3",
      "type": "p",
      "color": "w"
    },
    {
      "square": "c3",
      "type": "p",
      "color": "w"
    },
    {
      "square": "b2",
      "type": "p",
      "color": "w"
    },
    {
      "square": "b1",
      "type": "k",
      "color": "w"
    },
    {
      "square": "h1",
      "type": "r",
      "color": "w"
    }
  ],
  "nextTurn": "w"
}