{
  "event": "Aimchess US Rapid Prelim",
  "site": "chess24.com INT",
  "date": "2021.08.28",
  "eventDate": "2021.08.28",
  "dateMillis": 1630080000000,
  "eventDateMillis": 1630080000000,
  "round": "2",
  "result": "1/2-1/2",
  "white": "S Vidit",
  "black": "Magnus Carlsen",
  "isDingWin": false,
  "isDraw": true,
  "isDingBlack": true,
  "moves": [
    "Qf3+",
    "Ke1",
    "Qxg3+",
    "Kd2",
    "Qf2+",
    "Kc3",
    "Qe1+",
    "Kc2",
    "Qe2+",
    "Kc3",
    "Qe1+",
    "Kc2",
    "Qe2+",
    "Kc3",
    "Qe1+"
  ],
  "statePieceCount": 12,
  "endPieceCount": 11,
  "boardState": [
    {
      "square": "g8",
      "type": "k",
      "color": "b"
    },
    {
      "square": "b7",
      "type": "p",
      "color": "b"
    },
    {
      "square": "d6",
      "type": "p",
      "color": "b"
    },
    {
      "square": "c5",
      "type": "p",
      "color": "b"
    },
    {
      "square": "f5",
      "type": "q",
      "color": "w"
    },
    {
      "square": "a4",
      "type": "p",
      "color": "w"
    },
    {
      "square": "c4",
      "type": "p",
      "color": "w"
    },
    {
      "square": "f4",
      "type": "p",
      "color": "w"
    },
    {
      "square": "h4",
      "type": "p",
      "color": "w"
    },
    {
      "square": "b3",
      "type": "q",
      "color": "b"
    },
    {
      "square": "g3",
      "type": "p",
      "color": "w"
    },
    {
      "square": "f1",
      "type": "k",
      "color": "w"
    }
  ]
}