{
  "event": "Aimchess US Rapid",
  "site": "chess24.com INT",
  "date": "2021.08.29",
  "eventDate": "2021.08.28",
  "dateMillis": 1630166400000,
  "eventDateMillis": 1630080000000,
  "round": "10.6",
  "result": "1/2-1/2",
  "white": "Vladislav Artemiev",
  "black": "Magnus Carlsen",
  "isCarlsenWin": false,
  "isDraw": true,
  "isCarlsenBlack": true,
  "moves": [
    "Rxe3",
    "Kf2",
    "Ra3",
    "Rbd7",
    "h5",
    "Rd3",
    "Ra2+",
    "Rd2",
    "Ra3",
    "R7d3",
    "Ra1",
    "Rd1",
    "Ra4",
    "Re1",
    "Bd4+",
    "Kf3",
    "Bf6",
    "Re4",
    "Ra2",
    "Re2",
    "Ra4",
    "Re4",
    "Ra2",
    "Re2",
    "Ra4",
    "Re4"
  ],
  "statePieceCount": 12,
  "endPieceCount": 11,
  "boardState": [
    {
      "square": "g8",
      "type": "k",
      "color": "b"
    },
    {
      "square": "b7",
      "type": "r",
      "color": "w"
    },
    {
      "square": "e7",
      "type": "p",
      "color": "b"
    },
    {
      "square": "h7",
      "type": "p",
      "color": "b"
    },
    {
      "square": "f6",
      "type": "b",
      "color": "b"
    },
    {
      "square": "g6",
      "type": "p",
      "color": "b"
    },
    {
      "square": "d5",
      "type": "r",
      "color": "w"
    },
    {
      "square": "c3",
      "type": "r",
      "color": "b"
    },
    {
      "square": "e3",
      "type": "p",
      "color": "w"
    },
    {
      "square": "g3",
      "type": "p",
      "color": "w"
    },
    {
      "square": "h2",
      "type": "p",
      "color": "w"
    },
    {
      "square": "f1",
      "type": "k",
      "color": "w"
    }
  ],
  "nextTurn": "b"
}