{
  "event": "Aimchess US Rapid",
  "site": "chess24.com INT",
  "date": "2021.08.31",
  "eventDate": "2021.08.28",
  "dateMillis": 1630339200000,
  "eventDateMillis": 1630080000000,
  "round": "1.12",
  "result": "1/2-1/2",
  "white": "Jan-Krzysztof Duda",
  "black": "Magnus Carlsen",
  "isCarlsenWin": false,
  "isDraw": true,
  "isCarlsenBlack": true,
  "moves": [
    "b6",
    "Ke7",
    "Nd5+",
    "Kd7",
    "Rc2",
    "Rb3",
    "Rf2",
    "Bc5",
    "Rf7+",
    "Kc6",
    "Rc7+",
    "Kd6",
    "b7",
    "Ba7",
    "Rh7",
    "Kc5",
    "Rd7",
    "Kd4",
    "Nb4+",
    "Ke3",
    "Nd5+",
    "Kxe4",
    "Nf6+",
    "Kf5",
    "Nxh5",
    "Rb2+",
    "Kf1",
    "Ke4",
    "Ke1",
    "Bd4",
    "Kd1",
    "Kd3",
    "Kc1",
    "Rc2+",
    "Kb1",
    "Rb2+",
    "Kc1",
    "Rc2+",
    "Kb1",
    "Rb2+",
    "Kc1"
  ],
  "statePieceCount": 12,
  "endPieceCount": 10,
  "boardState": [
    {
      "square": "f7",
      "type": "k",
      "color": "b"
    },
    {
      "square": "c6",
      "type": "r",
      "color": "w"
    },
    {
      "square": "d6",
      "type": "b",
      "color": "b"
    },
    {
      "square": "b5",
      "type": "p",
      "color": "w"
    },
    {
      "square": "e5",
      "type": "p",
      "color": "b"
    },
    {
      "square": "h5",
      "type": "p",
      "color": "b"
    },
    {
      "square": "e4",
      "type": "p",
      "color": "w"
    },
    {
      "square": "g4",
      "type": "p",
      "color": "b"
    },
    {
      "square": "c3",
      "type": "n",
      "color": "w"
    },
    {
      "square": "d3",
      "type": "r",
      "color": "b"
    },
    {
      "square": "g3",
      "type": "p",
      "color": "w"
    },
    {
      "square": "g2",
      "type": "k",
      "color": "w"
    }
  ],
  "nextTurn": "w"
}