{
  "event": "Aimchess US Rapid",
  "site": "chess24.com INT",
  "date": "2021.09.03",
  "eventDate": "2021.08.28",
  "dateMillis": 1630598400000,
  "eventDateMillis": 1630080000000,
  "round": "2.22",
  "result": "1/2-1/2",
  "white": "Magnus Carlsen",
  "black": "Levon Aronian",
  "isDingWin": false,
  "isDraw": true,
  "isDingBlack": false,
  "moves": [
    "Rxd7",
    "fxe5",
    "Rc7",
    "d6",
    "Rxc4",
    "d7",
    "Nd8",
    "e6",
    "Nxe6",
    "Rxe6",
    "Rd4",
    "Rxa6",
    "Rxd7",
    "Kf3",
    "Kf7",
    "Ke4",
    "Ke7",
    "Ke5",
    "Rd2",
    "Ra7+",
    "Kd8",
    "a4",
    "Kc8",
    "Ra5",
    "Kb7",
    "Rd5",
    "Rxd5+",
    "Kxd5",
    "Kb6",
    "Ke4",
    "Ka5",
    "Kf3",
    "Kxa4"
  ],
  "statePieceCount": 12,
  "endPieceCount": 2,
  "boardState": [
    {
      "square": "d8",
      "type": "r",
      "color": "b"
    },
    {
      "square": "d7",
      "type": "b",
      "color": "w"
    },
    {
      "square": "f7",
      "type": "n",
      "color": "b"
    },
    {
      "square": "g7",
      "type": "k",
      "color": "b"
    },
    {
      "square": "a6",
      "type": "p",
      "color": "b"
    },
    {
      "square": "d5",
      "type": "p",
      "color": "w"
    },
    {
      "square": "e5",
      "type": "p",
      "color": "b"
    },
    {
      "square": "c4",
      "type": "p",
      "color": "w"
    },
    {
      "square": "f4",
      "type": "p",
      "color": "w"
    },
    {
      "square": "a2",
      "type": "p",
      "color": "w"
    },
    {
      "square": "g2",
      "type": "k",
      "color": "w"
    },
    {
      "square": "e1",
      "type": "r",
      "color": "w"
    }
  ]
}