{
  "event": "Armageddon",
  "site": "Stavanger NOR",
  "date": "2021.09.09",
  "dateMillis": 1631116800000,
  "eventDateMillis": null,
  "round": "3.2",
  "result": "1/2-1/2",
  "white": "Richard Rapport",
  "black": "Magnus Carlsen",
  "isDingWin": false,
  "isDraw": true,
  "isDingBlack": true,
  "moves": [
    "Rc5",
    "Kg1",
    "Rxa2",
    "Qf4",
    "Rcc2",
    "Qb8+",
    "Ke7",
    "Qe5+",
    "Kf7",
    "Qd5+",
    "Kg6",
    "Qf5+",
    "Kg7",
    "Qg5+",
    "Kh7",
    "Qh5+",
    "Kg7",
    "Qg5+"
  ],
  "statePieceCount": 12,
  "endPieceCount": 11,
  "boardState": [
    {
      "square": "e8",
      "type": "k",
      "color": "b"
    },
    {
      "square": "a7",
      "type": "p",
      "color": "b"
    },
    {
      "square": "b7",
      "type": "p",
      "color": "b"
    },
    {
      "square": "g5",
      "type": "r",
      "color": "b"
    },
    {
      "square": "d4",
      "type": "p",
      "color": "b"
    },
    {
      "square": "e4",
      "type": "p",
      "color": "w"
    },
    {
      "square": "b3",
      "type": "p",
      "color": "w"
    },
    {
      "square": "d3",
      "type": "p",
      "color": "w"
    },
    {
      "square": "f3",
      "type": "q",
      "color": "w"
    },
    {
      "square": "a2",
      "type": "p",
      "color": "w"
    },
    {
      "square": "h2",
      "type": "r",
      "color": "b"
    },
    {
      "square": "f1",
      "type": "k",
      "color": "w"
    }
  ]
}