{
  "event": "9th Norway Armageddon",
  "site": "Stavanger NOR",
  "date": "2021.09.07",
  "eventDate": "2021.09.07",
  "dateMillis": 1630944000000,
  "eventDateMillis": 1630944000000,
  "round": "1.1",
  "result": "1/2-1/2",
  "white": "Alireza Firouzja",
  "black": "Magnus Carlsen",
  "isDingWin": false,
  "isDraw": true,
  "isDingBlack": true,
  "moves": [
    "Rc1",
    "Na7",
    "Rxc3+",
    "Kb6",
    "Bc6",
    "e5",
    "Kg1",
    "Bf5",
    "Be8",
    "g6",
    "Kf2",
    "h5",
    "Ra3",
    "g5",
    "Ra6+",
    "Kb7",
    "Rf6",
    "Be4",
    "Re6",
    "h4",
    "g4",
    "Nc8",
    "Rxe5",
    "Nd6",
    "Bd7",
    "Kc7",
    "Be6",
    "Bb7",
    "Ke3",
    "h3",
    "Rxg5",
    "h2",
    "Rh5",
    "h1=Q",
    "Rxh1",
    "Bxh1",
    "g5",
    "Be4",
    "Kd4",
    "Bh7",
    "Ke5",
    "Ne4"
  ],
  "statePieceCount": 12,
  "endPieceCount": 7,
  "boardState": [
    {
      "square": "c8",
      "type": "b",
      "color": "b"
    },
    {
      "square": "c7",
      "type": "k",
      "color": "b"
    },
    {
      "square": "g7",
      "type": "p",
      "color": "b"
    },
    {
      "square": "h7",
      "type": "p",
      "color": "b"
    },
    {
      "square": "c6",
      "type": "n",
      "color": "b"
    },
    {
      "square": "e6",
      "type": "p",
      "color": "b"
    },
    {
      "square": "b5",
      "type": "p",
      "color": "w"
    },
    {
      "square": "c3",
      "type": "b",
      "color": "b"
    },
    {
      "square": "g3",
      "type": "p",
      "color": "w"
    },
    {
      "square": "g2",
      "type": "b",
      "color": "w"
    },
    {
      "square": "d1",
      "type": "r",
      "color": "w"
    },
    {
      "square": "h1",
      "type": "k",
      "color": "w"
    }
  ]
}