{
  "event": "Norway Chess",
  "site": "Stavanger NOR",
  "date": "2021.09.15",
  "eventDate": "2021.09.07",
  "dateMillis": 1631635200000,
  "eventDateMillis": 1630944000000,
  "round": "8",
  "result": "1-0",
  "white": "Magnus Carlsen",
  "black": "Richard Rapport",
  "isDingWin": true,
  "isDraw": false,
  "isDingBlack": false,
  "moves": [
    "Kf8",
    "Nxc6",
    "Ke8",
    "Nb4",
    "Bd8",
    "Nd3",
    "f6",
    "Kg3",
    "Kd7",
    "f3",
    "Ba5",
    "c4",
    "Ke6",
    "Kh4",
    "f5",
    "Kxh5",
    "fxe4",
    "fxe4",
    "Kd6",
    "Kg6",
    "Bc7",
    "Kf5",
    "Kc6",
    "Ke6",
    "Kb6",
    "Kd7",
    "Bb8",
    "c5+"
  ],
  "statePieceCount": 12,
  "endPieceCount": 8,
  "boardState": [
    {
      "square": "g8",
      "type": "k",
      "color": "b"
    },
    {
      "square": "f7",
      "type": "p",
      "color": "b"
    },
    {
      "square": "c6",
      "type": "p",
      "color": "b"
    },
    {
      "square": "f6",
      "type": "b",
      "color": "b"
    },
    {
      "square": "a5",
      "type": "n",
      "color": "w"
    },
    {
      "square": "e5",
      "type": "p",
      "color": "b"
    },
    {
      "square": "h5",
      "type": "p",
      "color": "b"
    },
    {
      "square": "a4",
      "type": "p",
      "color": "w"
    },
    {
      "square": "e4",
      "type": "p",
      "color": "w"
    },
    {
      "square": "c3",
      "type": "p",
      "color": "w"
    },
    {
      "square": "f2",
      "type": "p",
      "color": "w"
    },
    {
      "square": "g2",
      "type": "k",
      "color": "w"
    }
  ]
}