{
  "event": "36th ECC Open 2021",
  "site": "Struga MKD",
  "date": "2021.09.22",
  "eventDate": "2021.09.18",
  "dateMillis": 1632240000000,
  "eventDateMillis": 1631894400000,
  "round": "5.3",
  "result": "1/2-1/2",
  "white": "Shakhriyar Mamedyarov",
  "black": "Magnus Carlsen",
  "isCarlsenWin": false,
  "isDraw": true,
  "isCarlsenBlack": true,
  "moves": [
    "Rh8",
    "Rb3+",
    "Kf2",
    "Rb4",
    "Rxh6",
    "Rxe4",
    "g5",
    "Rg4",
    "Kf3",
    "Rg1",
    "Rh7+",
    "Ke8",
    "Ke4",
    "Re1+",
    "Kf5",
    "Rf1+",
    "Kg6",
    "e4",
    "Nxc7+",
    "Bxc7",
    "Rxc7",
    "e3",
    "Rc4",
    "Kd7",
    "Re4",
    "Re1",
    "Re6",
    "e2",
    "Kg7",
    "Rg1",
    "Rxe2",
    "Rxg5+",
    "Kf6",
    "Rxd5",
    "Re5",
    "Rxe5",
    "Kxe5"
  ],
  "statePieceCount": 12,
  "endPieceCount": 2,
  "boardState": [
    {
      "square": "a8",
      "type": "r",
      "color": "w"
    },
    {
      "square": "c7",
      "type": "p",
      "color": "b"
    },
    {
      "square": "e7",
      "type": "k",
      "color": "b"
    },
    {
      "square": "d6",
      "type": "b",
      "color": "b"
    },
    {
      "square": "e6",
      "type": "n",
      "color": "w"
    },
    {
      "square": "h6",
      "type": "p",
      "color": "b"
    },
    {
      "square": "b5",
      "type": "r",
      "color": "b"
    },
    {
      "square": "d5",
      "type": "p",
      "color": "w"
    },
    {
      "square": "e5",
      "type": "p",
      "color": "b"
    },
    {
      "square": "e4",
      "type": "p",
      "color": "w"
    },
    {
      "square": "g4",
      "type": "p",
      "color": "w"
    },
    {
      "square": "f3",
      "type": "k",
      "color": "w"
    }
  ],
  "nextTurn": "w"
}