{
  "event": "Meltwater Tour Final 2021",
  "site": "chess24.com INT",
  "date": "2021.09.26",
  "eventDate": "2021.09.25",
  "dateMillis": 1632585600000,
  "eventDateMillis": 1632499200000,
  "round": "2.4",
  "result": "1-0",
  "white": "Magnus Carlsen",
  "black": "Shakhriyar Mamedyarov",
  "isCarlsenWin": true,
  "isDraw": false,
  "isCarlsenBlack": false,
  "moves": [
    "Qxf7",
    "Qd6+",
    "Qe7",
    "Qb8+",
    "Qe8",
    "Qf4",
    "Qc6+",
    "Kg3",
    "Ra5",
    "h4",
    "Kf7",
    "Rd1",
    "Ra8",
    "e4",
    "Re8",
    "f3",
    "Rg8+",
    "Kh2",
    "Qc5",
    "Qd2",
    "Qe5+",
    "f4",
    "Qxe4",
    "Qa2+",
    "Ke7",
    "Qa7+",
    "Ke8",
    "Qb8+",
    "Kf7",
    "Qc7+"
  ],
  "statePieceCount": 12,
  "endPieceCount": 10,
  "boardState": [
    {
      "square": "f8",
      "type": "k",
      "color": "b"
    },
    {
      "square": "e7",
      "type": "q",
      "color": "b"
    },
    {
      "square": "f7",
      "type": "b",
      "color": "w"
    },
    {
      "square": "h7",
      "type": "p",
      "color": "b"
    },
    {
      "square": "e6",
      "type": "q",
      "color": "w"
    },
    {
      "square": "f6",
      "type": "p",
      "color": "b"
    },
    {
      "square": "a3",
      "type": "r",
      "color": "b"
    },
    {
      "square": "e3",
      "type": "p",
      "color": "w"
    },
    {
      "square": "f2",
      "type": "p",
      "color": "w"
    },
    {
      "square": "g2",
      "type": "k",
      "color": "w"
    },
    {
      "square": "h2",
      "type": "p",
      "color": "w"
    },
    {
      "square": "f1",
      "type": "r",
      "color": "w"
    }
  ],
  "nextTurn": "b"
}