{
  "event": "Meltwater Tour Final 2021",
  "site": "Chess24 INT",
  "date": "2021.10.01",
  "eventDate": "2021.09.23",
  "dateMillis": 1633017600000,
  "eventDateMillis": 1632326400000,
  "round": "6.1",
  "result": "1/2-1/2",
  "white": "Anish Giri",
  "black": "Magnus Carlsen",
  "isDingWin": false,
  "isDraw": true,
  "isDingBlack": true,
  "moves": [
    "Kf8",
    "Nd5",
    "Rxe3",
    "Nxe3",
    "Nc5",
    "f4",
    "g6",
    "Kf3",
    "f5",
    "g4",
    "fxg4+",
    "Kxg4",
    "Kf7",
    "f5",
    "Ne4",
    "fxg6+",
    "hxg6",
    "h4",
    "Nd6",
    "h5",
    "Nf5",
    "hxg6+",
    "Kxg6",
    "Nxf5"
  ],
  "statePieceCount": 12,
  "endPieceCount": 3,
  "boardState": [
    {
      "square": "e8",
      "type": "r",
      "color": "b"
    },
    {
      "square": "g8",
      "type": "k",
      "color": "b"
    },
    {
      "square": "e7",
      "type": "n",
      "color": "w"
    },
    {
      "square": "f7",
      "type": "p",
      "color": "b"
    },
    {
      "square": "g7",
      "type": "p",
      "color": "b"
    },
    {
      "square": "h7",
      "type": "p",
      "color": "b"
    },
    {
      "square": "a4",
      "type": "n",
      "color": "b"
    },
    {
      "square": "e3",
      "type": "r",
      "color": "w"
    },
    {
      "square": "g3",
      "type": "p",
      "color": "w"
    },
    {
      "square": "f2",
      "type": "p",
      "color": "w"
    },
    {
      "square": "g2",
      "type": "k",
      "color": "w"
    },
    {
      "square": "h2",
      "type": "p",
      "color": "w"
    }
  ]
}