{
  "event": "Meltwater Tour Final 2021",
  "site": "chess24.com INT",
  "date": "2021.10.04",
  "eventDate": "2021.09.25",
  "dateMillis": 1633276800000,
  "eventDateMillis": 1632499200000,
  "round": "9.1",
  "result": "1-0",
  "white": "Magnus Carlsen",
  "black": "Wesley So",
  "isDingWin": true,
  "isDraw": false,
  "isDingBlack": false,
  "moves": [
    "Qxa4",
    "Qd3",
    "Kxe5",
    "Qd5+",
    "Kf6",
    "Qd6+",
    "Kf7",
    "Qg6+",
    "Kg8",
    "Qe6+",
    "Kf8",
    "Qxf5+",
    "Ke7",
    "Qe5+",
    "Kf7",
    "Qd5+",
    "Kf6",
    "Kf3",
    "Qb3+",
    "Kg4",
    "Qa2",
    "Qf5+",
    "Ke7",
    "Qe4+",
    "Kf6",
    "Qg6+"
  ],
  "statePieceCount": 12,
  "endPieceCount": 9,
  "boardState": [
    {
      "square": "g7",
      "type": "p",
      "color": "b"
    },
    {
      "square": "c6",
      "type": "q",
      "color": "b"
    },
    {
      "square": "e6",
      "type": "k",
      "color": "b"
    },
    {
      "square": "h6",
      "type": "p",
      "color": "b"
    },
    {
      "square": "e5",
      "type": "p",
      "color": "w"
    },
    {
      "square": "f5",
      "type": "p",
      "color": "b"
    },
    {
      "square": "h5",
      "type": "p",
      "color": "w"
    },
    {
      "square": "a4",
      "type": "p",
      "color": "w"
    },
    {
      "square": "c4",
      "type": "p",
      "color": "w"
    },
    {
      "square": "g3",
      "type": "p",
      "color": "w"
    },
    {
      "square": "e2",
      "type": "q",
      "color": "w"
    },
    {
      "square": "f2",
      "type": "k",
      "color": "w"
    }
  ]
}