{
  "event": "World Blitz 2021",
  "site": "Warsaw POL",
  "date": "2021.12.30",
  "eventDate": "2021.12.29",
  "dateMillis": 1640793600000,
  "eventDateMillis": 1640707200000,
  "round": "20.1",
  "result": "1-0",
  "white": "Magnus Carlsen",
  "black": "Ian Nepomniachtchi",
  "isDingWin": true,
  "isDraw": false,
  "isDingBlack": false,
  "moves": [
    "Bd4",
    "Rf5",
    "Rb2",
    "Nc6",
    "Bc3",
    "Rf3",
    "Kg7",
    "g4",
    "Re2",
    "Rf4",
    "Rb2",
    "Nxb4",
    "Rxb3",
    "Nd5",
    "Be5",
    "Re4",
    "Bd6",
    "Ne3"
  ],
  "statePieceCount": 12,
  "endPieceCount": 10,
  "boardState": [
    {
      "square": "g8",
      "type": "k",
      "color": "b"
    },
    {
      "square": "f7",
      "type": "r",
      "color": "w"
    },
    {
      "square": "h6",
      "type": "p",
      "color": "b"
    },
    {
      "square": "e5",
      "type": "n",
      "color": "w"
    },
    {
      "square": "b4",
      "type": "p",
      "color": "b"
    },
    {
      "square": "b3",
      "type": "p",
      "color": "w"
    },
    {
      "square": "e3",
      "type": "b",
      "color": "b"
    },
    {
      "square": "g3",
      "type": "p",
      "color": "w"
    },
    {
      "square": "a2",
      "type": "r",
      "color": "b"
    },
    {
      "square": "f2",
      "type": "p",
      "color": "w"
    },
    {
      "square": "g2",
      "type": "k",
      "color": "w"
    },
    {
      "square": "h2",
      "type": "p",
      "color": "w"
    }
  ]
}