{
  "event": "Airthings Masters",
  "site": "Chess24",
  "date": "2022.02.21",
  "eventDate": "2022.02.13",
  "dateMillis": 1645372800000,
  "eventDateMillis": 1644681600000,
  "round": "9.5",
  "result": "0-1",
  "white": "Quang Liem Le",
  "black": "Magnus Carlsen",
  "isDingWin": true,
  "isDraw": false,
  "isDingBlack": true,
  "moves": [
    "Bc4",
    "Nc5",
    "Bf1",
    "g3",
    "fxg3",
    "hxg3",
    "Kd5",
    "Kc3",
    "Be2",
    "f4",
    "h5",
    "Kd2",
    "Bg4",
    "Kd3",
    "Bf5+",
    "Kc3",
    "g6",
    "Nb7",
    "Ke4",
    "Nd6+",
    "Kf3",
    "Nxb5",
    "Kxg3",
    "Nd6",
    "Bd7",
    "f5",
    "gxf5",
    "b5",
    "Bxb5",
    "Nxf5+",
    "Kf4",
    "Ne7",
    "Kf3",
    "Ng6",
    "Be8",
    "Nh4+",
    "Kg4",
    "Ng2",
    "Kg3",
    "Ne3",
    "Bd7",
    "Kd2",
    "h4",
    "Ke1",
    "h3",
    "Nf1+",
    "Kg2",
    "Ne3+",
    "Kg1",
    "Nd1",
    "h2",
    "Nf2",
    "Bb5",
    "Nh3+",
    "Kg2",
    "Nf2",
    "Ba6"
  ],
  "statePieceCount": 12,
  "endPieceCount": 5,
  "boardState": [
    {
      "square": "g7",
      "type": "p",
      "color": "b"
    },
    {
      "square": "h7",
      "type": "p",
      "color": "b"
    },
    {
      "square": "a6",
      "type": "n",
      "color": "w"
    },
    {
      "square": "d6",
      "type": "k",
      "color": "b"
    },
    {
      "square": "b5",
      "type": "p",
      "color": "b"
    },
    {
      "square": "b4",
      "type": "p",
      "color": "w"
    },
    {
      "square": "f4",
      "type": "p",
      "color": "b"
    },
    {
      "square": "f3",
      "type": "p",
      "color": "w"
    },
    {
      "square": "a2",
      "type": "b",
      "color": "b"
    },
    {
      "square": "d2",
      "type": "k",
      "color": "w"
    },
    {
      "square": "g2",
      "type": "p",
      "color": "w"
    },
    {
      "square": "h2",
      "type": "p",
      "color": "w"
    }
  ]
}