{
  "event": "Charity Cup",
  "site": "Chess24",
  "date": "2022.03.21",
  "eventDate": "2022.03.19",
  "dateMillis": 1647792000000,
  "eventDateMillis": 1647619200000,
  "round": "10.6",
  "result": "1/2-1/2",
  "white": "Magnus Carlsen",
  "black": "Van Foreest, Jorden",
  "isDingWin": false,
  "isDraw": true,
  "isDingBlack": false,
  "moves": [
    "Bf7",
    "f5",
    "Bxh5",
    "e4",
    "Bg6",
    "Rb5",
    "h5",
    "Ke6",
    "Kg2",
    "Kf6",
    "Kg1",
    "Kg5",
    "Kg2",
    "Rb1",
    "Be8",
    "Rb8",
    "Bg6",
    "Rb1",
    "Be8",
    "Rb8",
    "Bg6",
    "Rb1"
  ],
  "statePieceCount": 12,
  "endPieceCount": 11,
  "boardState": [
    {
      "square": "d7",
      "type": "k",
      "color": "b"
    },
    {
      "square": "f6",
      "type": "p",
      "color": "b"
    },
    {
      "square": "d5",
      "type": "b",
      "color": "w"
    },
    {
      "square": "e5",
      "type": "p",
      "color": "b"
    },
    {
      "square": "h5",
      "type": "p",
      "color": "b"
    },
    {
      "square": "g4",
      "type": "p",
      "color": "b"
    },
    {
      "square": "h4",
      "type": "p",
      "color": "w"
    },
    {
      "square": "e3",
      "type": "p",
      "color": "w"
    },
    {
      "square": "g3",
      "type": "p",
      "color": "w"
    },
    {
      "square": "b2",
      "type": "r",
      "color": "b"
    },
    {
      "square": "f2",
      "type": "p",
      "color": "w"
    },
    {
      "square": "f1",
      "type": "k",
      "color": "w"
    }
  ]
}