{
  "event": "Charity Cup",
  "site": "Chess24",
  "date": "2022.03.24",
  "eventDate": "2022.03.19",
  "dateMillis": 1648051200000,
  "eventDateMillis": 1647619200000,
  "round": "2.6",
  "result": "1-0",
  "white": "Magnus Carlsen",
  "black": "Liren Ding",
  "isDingWin": true,
  "isDraw": false,
  "isDingBlack": false,
  "moves": [
    "c7",
    "Kf7",
    "Qa7",
    "Kg6",
    "Qe3",
    "Kf7",
    "Qxg3",
    "Qe6",
    "Qh3",
    "Qg6+",
    "Kh1",
    "Qf6"
  ],
  "statePieceCount": 12,
  "endPieceCount": 11,
  "boardState": [
    {
      "square": "f8",
      "type": "k",
      "color": "b"
    },
    {
      "square": "c6",
      "type": "p",
      "color": "w"
    },
    {
      "square": "b5",
      "type": "p",
      "color": "b"
    },
    {
      "square": "f5",
      "type": "q",
      "color": "b"
    },
    {
      "square": "a4",
      "type": "p",
      "color": "b"
    },
    {
      "square": "c4",
      "type": "p",
      "color": "b"
    },
    {
      "square": "d4",
      "type": "q",
      "color": "w"
    },
    {
      "square": "e4",
      "type": "p",
      "color": "b"
    },
    {
      "square": "a3",
      "type": "p",
      "color": "w"
    },
    {
      "square": "g3",
      "type": "p",
      "color": "b"
    },
    {
      "square": "b2",
      "type": "p",
      "color": "w"
    },
    {
      "square": "g2",
      "type": "k",
      "color": "w"
    }
  ]
}