{
  "event": "Charity Cup",
  "site": "chess24.com INT",
  "date": "2022.03.25",
  "eventDate": "2022.03.19",
  "dateMillis": 1648137600000,
  "eventDateMillis": 1647619200000,
  "round": "3.11",
  "result": "1/2-1/2",
  "white": "Magnus Carlsen",
  "black": "Jan-Krzysztof Duda",
  "isDingWin": false,
  "isDraw": true,
  "isDingBlack": false,
  "moves": [
    "f3",
    "e3",
    "Bd3",
    "Nb7",
    "Bc2",
    "h4",
    "Kh3",
    "Nc5",
    "a5",
    "d3",
    "Bxd3",
    "Nxd3",
    "b6",
    "axb6",
    "axb6",
    "Nc5",
    "f4+",
    "Kxf4",
    "Kxh4",
    "Nb7",
    "Kh3",
    "Nd6",
    "Kh4",
    "Ke4",
    "Kg4",
    "Nb7",
    "Kg3",
    "Na5",
    "Kg4",
    "Nb7",
    "Kg3",
    "Nd8",
    "Kg4",
    "Ke5",
    "Kf3",
    "Kd4",
    "Kf4",
    "Ne6+",
    "Kf3",
    "Nc5",
    "Kf4",
    "Nb7",
    "Kf3",
    "Nd8",
    "Kf4",
    "Nb7",
    "Kf3",
    "Nd8"
  ],
  "statePieceCount": 12,
  "endPieceCount": 6,
  "boardState": [
    {
      "square": "a7",
      "type": "p",
      "color": "b"
    },
    {
      "square": "d6",
      "type": "n",
      "color": "b"
    },
    {
      "square": "b5",
      "type": "p",
      "color": "w"
    },
    {
      "square": "g5",
      "type": "k",
      "color": "b"
    },
    {
      "square": "h5",
      "type": "p",
      "color": "b"
    },
    {
      "square": "a4",
      "type": "p",
      "color": "w"
    },
    {
      "square": "d4",
      "type": "p",
      "color": "b"
    },
    {
      "square": "e4",
      "type": "p",
      "color": "b"
    },
    {
      "square": "c2",
      "type": "b",
      "color": "w"
    },
    {
      "square": "e2",
      "type": "p",
      "color": "w"
    },
    {
      "square": "f2",
      "type": "p",
      "color": "w"
    },
    {
      "square": "g2",
      "type": "k",
      "color": "w"
    }
  ]
}