{
  "event": "Oslo Esports Cup",
  "site": "Oslo NOR",
  "date": "2022.04.22",
  "eventDate": "2022.04.22",
  "dateMillis": 1650556800000,
  "eventDateMillis": 1650556800000,
  "round": "1.2",
  "result": "1/2-1/2",
  "white": "Magnus Carlsen",
  "black": "Jan-Krzysztof Duda",
  "isDingWin": false,
  "isDraw": true,
  "isDingBlack": false,
  "moves": [
    "g5",
    "c4",
    "Rh6",
    "Kd3",
    "f6",
    "c5",
    "Kf7",
    "Nf5",
    "Rxh2",
    "c6",
    "Ke6",
    "Nxg7+",
    "Kd5",
    "c7",
    "Rh3+",
    "Kd2",
    "Rh2+",
    "Kd3",
    "Rh3+",
    "Kc2",
    "Rh8",
    "Be7",
    "Rc8",
    "Bd8",
    "g4",
    "Kd3",
    "Kc6",
    "Ne8",
    "f5",
    "Ke3",
    "g3",
    "Kf3",
    "f4",
    "a4",
    "Kd7",
    "Nf6+",
    "Kc6",
    "Nh5",
    "Rxc7",
    "Bxc7",
    "Kxc7",
    "Nxf4",
    "Kb6",
    "Nd3",
    "Ka5",
    "Ne5",
    "Kxa4",
    "Nc6",
    "a6",
    "Nb8",
    "g2",
    "Kxg2",
    "a5",
    "Nc6",
    "Kb5",
    "Nxa5"
  ],
  "statePieceCount": 12,
  "endPieceCount": 3,
  "boardState": [
    {
      "square": "g8",
      "type": "k",
      "color": "b"
    },
    {
      "square": "a7",
      "type": "p",
      "color": "b"
    },
    {
      "square": "f7",
      "type": "p",
      "color": "b"
    },
    {
      "square": "g7",
      "type": "p",
      "color": "b"
    },
    {
      "square": "c6",
      "type": "r",
      "color": "b"
    },
    {
      "square": "g6",
      "type": "p",
      "color": "b"
    },
    {
      "square": "b4",
      "type": "b",
      "color": "w"
    },
    {
      "square": "a3",
      "type": "p",
      "color": "w"
    },
    {
      "square": "e3",
      "type": "n",
      "color": "w"
    },
    {
      "square": "c2",
      "type": "p",
      "color": "w"
    },
    {
      "square": "d2",
      "type": "k",
      "color": "w"
    },
    {
      "square": "h2",
      "type": "p",
      "color": "w"
    }
  ]
}