{
  "event": "Oslo Esports Cup",
  "site": "Oslo NOR",
  "date": "2022.04.28",
  "eventDate": "2022.04.22",
  "dateMillis": 1651075200000,
  "eventDateMillis": 1650556800000,
  "round": "7.1",
  "result": "1/2-1/2",
  "white": "Shakhriyar Mamedyarov",
  "black": "Magnus Carlsen",
  "isDingWin": false,
  "isDraw": true,
  "isDingBlack": true,
  "moves": [
    "Rb1",
    "Kd8",
    "b6",
    "Kc8",
    "Rc1+",
    "Kb7",
    "Rc7+",
    "Kxb6",
    "Rxd7",
    "Rf4",
    "Kg3",
    "Rf5",
    "Rd4",
    "Kc5",
    "Rf4",
    "Rxf4",
    "Kxf4",
    "f6",
    "g4",
    "hxg4",
    "fxg4",
    "Kd5",
    "h4",
    "Ke6",
    "h5",
    "gxh5",
    "gxh5",
    "Kf7",
    "Kf5",
    "Kg7",
    "h6+",
    "Kxh6",
    "Kxf6"
  ],
  "statePieceCount": 12,
  "endPieceCount": 2,
  "boardState": [
    {
      "square": "d7",
      "type": "p",
      "color": "b"
    },
    {
      "square": "e7",
      "type": "k",
      "color": "b"
    },
    {
      "square": "f7",
      "type": "p",
      "color": "b"
    },
    {
      "square": "g6",
      "type": "p",
      "color": "b"
    },
    {
      "square": "b5",
      "type": "p",
      "color": "w"
    },
    {
      "square": "h5",
      "type": "p",
      "color": "b"
    },
    {
      "square": "a4",
      "type": "r",
      "color": "b"
    },
    {
      "square": "f3",
      "type": "p",
      "color": "w"
    },
    {
      "square": "f2",
      "type": "k",
      "color": "w"
    },
    {
      "square": "g2",
      "type": "p",
      "color": "w"
    },
    {
      "square": "h2",
      "type": "p",
      "color": "w"
    },
    {
      "square": "d1",
      "type": "r",
      "color": "w"
    }
  ]
}