{
  "event": "Chessable Masters",
  "site": "chess24.com INT",
  "date": "2022.05.24",
  "eventDate": "2022.05.19",
  "dateMillis": 1653321600000,
  "eventDateMillis": 1652889600000,
  "round": "8.2",
  "result": "1/2-1/2",
  "white": "Magnus Carlsen",
  "black": "Liren Ding",
  "isDingWin": false,
  "isDraw": true,
  "isDingBlack": false,
  "moves": [
    "h5",
    "Nd4",
    "Bd1",
    "gxh5",
    "Rxh5",
    "Ke7",
    "Re5",
    "Kd6",
    "Re4",
    "Kc5",
    "Re5+",
    "Kd6",
    "Re4",
    "Kc5",
    "Re5+",
    "Kd6"
  ],
  "statePieceCount": 12,
  "endPieceCount": 10,
  "boardState": [
    {
      "square": "h7",
      "type": "r",
      "color": "w"
    },
    {
      "square": "e6",
      "type": "p",
      "color": "b"
    },
    {
      "square": "f6",
      "type": "k",
      "color": "b"
    },
    {
      "square": "g6",
      "type": "p",
      "color": "b"
    },
    {
      "square": "a5",
      "type": "p",
      "color": "b"
    },
    {
      "square": "f5",
      "type": "n",
      "color": "b"
    },
    {
      "square": "f4",
      "type": "p",
      "color": "w"
    },
    {
      "square": "h4",
      "type": "p",
      "color": "w"
    },
    {
      "square": "b3",
      "type": "p",
      "color": "w"
    },
    {
      "square": "f3",
      "type": "b",
      "color": "w"
    },
    {
      "square": "a2",
      "type": "r",
      "color": "b"
    },
    {
      "square": "e1",
      "type": "k",
      "color": "w"
    }
  ]
}