{
  "event": "Chessable Masters",
  "site": "chess24.com INT",
  "date": "2022.05.24",
  "eventDate": "2022.05.19",
  "dateMillis": 1653321600000,
  "eventDateMillis": 1652889600000,
  "round": "10.2",
  "result": "1/2-1/2",
  "white": "Magnus Carlsen",
  "black": "Liren Ding",
  "isDingWin": false,
  "isDraw": true,
  "isDingBlack": false,
  "moves": [
    "Rxc5",
    "Rd3+",
    "Kxf4",
    "Rh3",
    "Rc7",
    "Rxh2",
    "Rxb7",
    "Rh4+",
    "Kg5",
    "Rxc4",
    "Rb6+",
    "Kd7",
    "Rxa6",
    "Rc5+",
    "Kh4",
    "Kc7",
    "Rh6",
    "Rxa5",
    "Rxh5",
    "Rxh5+",
    "Kxh5"
  ],
  "statePieceCount": 12,
  "endPieceCount": 2,
  "boardState": [
    {
      "square": "b7",
      "type": "p",
      "color": "b"
    },
    {
      "square": "d7",
      "type": "r",
      "color": "b"
    },
    {
      "square": "a6",
      "type": "p",
      "color": "b"
    },
    {
      "square": "e6",
      "type": "k",
      "color": "b"
    },
    {
      "square": "a5",
      "type": "p",
      "color": "w"
    },
    {
      "square": "c5",
      "type": "p",
      "color": "b"
    },
    {
      "square": "d5",
      "type": "r",
      "color": "w"
    },
    {
      "square": "h5",
      "type": "p",
      "color": "b"
    },
    {
      "square": "c4",
      "type": "p",
      "color": "w"
    },
    {
      "square": "f4",
      "type": "p",
      "color": "b"
    },
    {
      "square": "f3",
      "type": "k",
      "color": "w"
    },
    {
      "square": "h2",
      "type": "p",
      "color": "w"
    }
  ]
}