{
  "event": "Norway Chess",
  "site": "Stavanger NOR",
  "date": "2022.06.03",
  "eventDate": "2022.05.31",
  "dateMillis": 1654185600000,
  "eventDateMillis": 1653926400000,
  "round": "7",
  "result": "1-0",
  "white": "Magnus Carlsen",
  "black": "Anish Giri",
  "isDingWin": true,
  "isDraw": false,
  "isDingBlack": false,
  "moves": [
    "Rh6",
    "Bb3",
    "g4",
    "Qxa7",
    "Kg7",
    "e4",
    "Rh5",
    "Qc7",
    "Kf6",
    "a4"
  ],
  "statePieceCount": 12,
  "endPieceCount": 11,
  "boardState": [
    {
      "square": "f8",
      "type": "r",
      "color": "b"
    },
    {
      "square": "g8",
      "type": "k",
      "color": "b"
    },
    {
      "square": "a7",
      "type": "p",
      "color": "b"
    },
    {
      "square": "b7",
      "type": "q",
      "color": "w"
    },
    {
      "square": "f7",
      "type": "n",
      "color": "b"
    },
    {
      "square": "e6",
      "type": "b",
      "color": "w"
    },
    {
      "square": "g5",
      "type": "p",
      "color": "b"
    },
    {
      "square": "h5",
      "type": "r",
      "color": "b"
    },
    {
      "square": "e3",
      "type": "p",
      "color": "w"
    },
    {
      "square": "a2",
      "type": "p",
      "color": "w"
    },
    {
      "square": "f2",
      "type": "p",
      "color": "w"
    },
    {
      "square": "g1",
      "type": "k",
      "color": "w"
    }
  ]
}