{
  "event": "Norway Chess",
  "site": "Stavanger NOR",
  "date": "2022.06.06",
  "eventDate": "2022.05.31",
  "dateMillis": 1654444800000,
  "eventDateMillis": 1653926400000,
  "round": "11",
  "result": "1-0",
  "white": "Magnus Carlsen",
  "black": "Shakhriyar Mamedyarov",
  "isDingWin": true,
  "isDraw": false,
  "isDingBlack": false,
  "moves": [
    "Qxd6+",
    "Kh7",
    "Qd7",
    "Kg6",
    "Qc6+",
    "Kf7",
    "Qc5",
    "Qb7+",
    "f3",
    "Ke8",
    "Bc7",
    "Qb2+",
    "Kh3",
    "d3",
    "Qxh5+",
    "Kd7",
    "Qf7+",
    "Kc6"
  ],
  "statePieceCount": 12,
  "endPieceCount": 10,
  "boardState": [
    {
      "square": "d8",
      "type": "b",
      "color": "w"
    },
    {
      "square": "g7",
      "type": "b",
      "color": "b"
    },
    {
      "square": "c6",
      "type": "q",
      "color": "w"
    },
    {
      "square": "d6",
      "type": "n",
      "color": "b"
    },
    {
      "square": "g6",
      "type": "k",
      "color": "b"
    },
    {
      "square": "h5",
      "type": "p",
      "color": "b"
    },
    {
      "square": "d4",
      "type": "p",
      "color": "b"
    },
    {
      "square": "h4",
      "type": "p",
      "color": "w"
    },
    {
      "square": "b3",
      "type": "q",
      "color": "b"
    },
    {
      "square": "g3",
      "type": "p",
      "color": "w"
    },
    {
      "square": "f2",
      "type": "p",
      "color": "w"
    },
    {
      "square": "g2",
      "type": "k",
      "color": "w"
    }
  ]
}