{
  "event": "SuperUnited Croatia",
  "site": "Zagreb CRO",
  "date": "2022.07.23",
  "dateMillis": 1658505600000,
  "eventDateMillis": null,
  "round": "5.3",
  "result": "1-0",
  "white": "Magnus Carlsen",
  "black": "Vachier-Lagrave, Maxime",
  "isDingWin": true,
  "isDraw": false,
  "isDingBlack": false,
  "moves": [
    "Rxh6",
    "Ra2",
    "a6",
    "Ra3+",
    "Kf2",
    "Kxf4",
    "a7",
    "Ra2+",
    "Ke1",
    "Kg4",
    "Rh8",
    "f4",
    "h4",
    "f3",
    "h5",
    "Re2+",
    "Kd1",
    "Ra2",
    "h6",
    "Ra4",
    "h7",
    "Rxd4+",
    "Ke1",
    "Kf4",
    "Re8",
    "Ra4",
    "h8=Q"
  ],
  "statePieceCount": 12,
  "endPieceCount": 9,
  "boardState": [
    {
      "square": "f7",
      "type": "p",
      "color": "b"
    },
    {
      "square": "d6",
      "type": "r",
      "color": "w"
    },
    {
      "square": "h6",
      "type": "p",
      "color": "b"
    },
    {
      "square": "a5",
      "type": "p",
      "color": "w"
    },
    {
      "square": "f5",
      "type": "p",
      "color": "b"
    },
    {
      "square": "d4",
      "type": "b",
      "color": "w"
    },
    {
      "square": "e4",
      "type": "b",
      "color": "b"
    },
    {
      "square": "f4",
      "type": "p",
      "color": "w"
    },
    {
      "square": "g4",
      "type": "k",
      "color": "b"
    },
    {
      "square": "e3",
      "type": "k",
      "color": "w"
    },
    {
      "square": "c2",
      "type": "r",
      "color": "b"
    },
    {
      "square": "h2",
      "type": "p",
      "color": "w"
    }
  ]
}