{
  "event": "FTX Crypto Cup",
  "site": "Miami, FL USA",
  "date": "2022.08.17",
  "eventDate": "2022.08.15",
  "dateMillis": 1660665600000,
  "eventDateMillis": 1660492800000,
  "round": "3.1",
  "result": "0-1",
  "white": "Levon Aronian",
  "black": "Magnus Carlsen",
  "isDingWin": true,
  "isDraw": false,
  "isDingBlack": true,
  "moves": [
    "Nxd4",
    "Bxg2+",
    "Kg1",
    "Bxh3",
    "Rf3",
    "g5",
    "Ra3",
    "Kg6",
    "Nf3",
    "Ng3",
    "Kh2",
    "Nf5",
    "Ra6+",
    "Kh5",
    "Ne5",
    "g4",
    "Ra3",
    "Bf1",
    "Ra4",
    "g3+",
    "Kg1",
    "Nd3",
    "Nd7",
    "Bh3",
    "Nf6+",
    "Kg6",
    "Ne4",
    "Nf4",
    "Ra6+",
    "Kh5",
    "Nf6+",
    "Kh4",
    "Ra4",
    "Kg5",
    "Ne4+",
    "Kg4",
    "Nc3",
    "Nh4"
  ],
  "statePieceCount": 12,
  "endPieceCount": 9,
  "boardState": [
    {
      "square": "g7",
      "type": "p",
      "color": "b"
    },
    {
      "square": "h7",
      "type": "k",
      "color": "b"
    },
    {
      "square": "h6",
      "type": "p",
      "color": "b"
    },
    {
      "square": "d4",
      "type": "q",
      "color": "b"
    },
    {
      "square": "e4",
      "type": "b",
      "color": "b"
    },
    {
      "square": "f4",
      "type": "n",
      "color": "b"
    },
    {
      "square": "b3",
      "type": "r",
      "color": "w"
    },
    {
      "square": "f3",
      "type": "n",
      "color": "w"
    },
    {
      "square": "h3",
      "type": "p",
      "color": "w"
    },
    {
      "square": "g2",
      "type": "p",
      "color": "w"
    },
    {
      "square": "f1",
      "type": "n",
      "color": "b"
    },
    {
      "square": "h1",
      "type": "k",
      "color": "w"
    }
  ]
}