{
  "event": "FTX Crypto Cup",
  "site": "Miami, FL USA",
  "date": "2022.08.21",
  "eventDate": "2022.08.15",
  "dateMillis": 1661011200000,
  "eventDateMillis": 1660492800000,
  "round": "7.2",
  "result": "1/2-1/2",
  "white": "R Praggnanandhaa",
  "black": "Magnus Carlsen",
  "isDingWin": false,
  "isDraw": true,
  "isDingBlack": true,
  "moves": [
    "Rd4",
    "Kf6",
    "Rxd5",
    "Rc3",
    "Ra5",
    "a3",
    "Kf4",
    "Ke6",
    "h4",
    "f6",
    "Ke4",
    "h5",
    "Kd4",
    "Rb3",
    "Kc4",
    "Rb2",
    "Rxa3",
    "Rxg2",
    "Kd3",
    "g5",
    "hxg5",
    "fxg5",
    "Ke3",
    "h4",
    "Ra6+",
    "Kf5",
    "Ra5+",
    "Kg6",
    "Ra6+",
    "Kh5",
    "Ra8",
    "Rb2",
    "Rh8+",
    "Kg6",
    "f4",
    "h3",
    "fxg5",
    "Kxg5",
    "Kf3",
    "h2",
    "Kg3",
    "Ra2",
    "Rxh2",
    "Rxh2",
    "Kxh2"
  ],
  "statePieceCount": 12,
  "endPieceCount": 2,
  "boardState": [
    {
      "square": "f7",
      "type": "p",
      "color": "b"
    },
    {
      "square": "g7",
      "type": "k",
      "color": "b"
    },
    {
      "square": "h7",
      "type": "p",
      "color": "b"
    },
    {
      "square": "g6",
      "type": "p",
      "color": "b"
    },
    {
      "square": "d5",
      "type": "p",
      "color": "b"
    },
    {
      "square": "a4",
      "type": "p",
      "color": "b"
    },
    {
      "square": "b4",
      "type": "r",
      "color": "w"
    },
    {
      "square": "a3",
      "type": "r",
      "color": "b"
    },
    {
      "square": "f3",
      "type": "p",
      "color": "w"
    },
    {
      "square": "g3",
      "type": "k",
      "color": "w"
    },
    {
      "square": "g2",
      "type": "p",
      "color": "w"
    },
    {
      "square": "h2",
      "type": "p",
      "color": "w"
    }
  ]
}