{
  "event": "World Rapid Championship",
  "site": "Riyadh KSA",
  "date": "2017.12.26",
  "eventDate": "2017.12.26",
  "dateMillis": 1514217600000,
  "eventDateMillis": 1514217600000,
  "round": "3.1",
  "result": "1/2-1/2",
  "white": "Magnus Carlsen",
  "black": "Pavel Eljanov",
  "isCarlsenWin": false,
  "isDraw": true,
  "isCarlsenBlack": false,
  "moves": [
    "Ra3",
    "Rd8",
    "Rxa4",
    "Rxd6",
    "Rxc4",
    "Kg8",
    "h4",
    "Kf7",
    "h5",
    "e5",
    "f3",
    "Ke6",
    "Rc5",
    "Kd7",
    "Rxe5",
    "Rd5",
    "Rxd5+",
    "cxd5",
    "Kg3",
    "Kd6",
    "Kf4",
    "Kc5",
    "Ke3",
    "Kc4",
    "Kd2",
    "Kd4",
    "g3",
    "Kc4",
    "Kc2",
    "d4",
    "Kd2",
    "d3",
    "g4",
    "Kd4",
    "f4",
    "Ke4",
    "g5"
  ],
  "statePieceCount": 14,
  "endPieceCount": 8,
  "boardState": [
    {
      "square": "g8",
      "type": "r",
      "color": "b"
    },
    {
      "square": "h8",
      "type": "k",
      "color": "b"
    },
    {
      "square": "g7",
      "type": "p",
      "color": "b"
    },
    {
      "square": "c6",
      "type": "p",
      "color": "b"
    },
    {
      "square": "d6",
      "type": "p",
      "color": "w"
    },
    {
      "square": "e6",
      "type": "p",
      "color": "b"
    },
    {
      "square": "h6",
      "type": "p",
      "color": "b"
    },
    {
      "square": "a4",
      "type": "p",
      "color": "b"
    },
    {
      "square": "c4",
      "type": "p",
      "color": "b"
    },
    {
      "square": "f3",
      "type": "r",
      "color": "w"
    },
    {
      "square": "h3",
      "type": "p",
      "color": "w"
    },
    {
      "square": "f2",
      "type": "p",
      "color": "w"
    },
    {
      "square": "g2",
      "type": "p",
      "color": "w"
    },
    {
      "square": "h2",
      "type": "k",
      "color": "w"
    }
  ],
  "nextTurn": "w"
}