{
  "event": "World Rapid Championship",
  "site": "Riyadh KSA",
  "date": "2017.12.28",
  "eventDate": "2017.12.26",
  "dateMillis": 1514390400000,
  "eventDateMillis": 1514217600000,
  "round": "11.1",
  "result": "0-1",
  "white": "Levan Pantsulaia",
  "black": "Magnus Carlsen",
  "isCarlsenWin": true,
  "isDraw": false,
  "isCarlsenBlack": true,
  "moves": [
    "Rxb4",
    "Nf4",
    "Rb1",
    "Ra4",
    "Rd1",
    "Kf7",
    "Kg1",
    "Kf6",
    "Kf2",
    "Ra3",
    "Rb1",
    "Rd3",
    "Rb4",
    "Kg5",
    "Nf1",
    "Rc3",
    "Rb8",
    "Kf6",
    "Nd2",
    "Nh3+",
    "Ke2",
    "f4",
    "Rf8+",
    "Ke7",
    "Rh8",
    "Ng5",
    "Rxh6",
    "f3+",
    "Kf2",
    "Rd3",
    "Nf1",
    "Ne4+",
    "Kg1",
    "Rxd4",
    "Rh7+",
    "Kf6",
    "c6",
    "Rc4",
    "c7",
    "Rc2",
    "Ne3",
    "Rc1+",
    "Nf1",
    "Nd2"
  ],
  "statePieceCount": 14,
  "endPieceCount": 11,
  "boardState": [
    {
      "square": "a8",
      "type": "r",
      "color": "b"
    },
    {
      "square": "g8",
      "type": "k",
      "color": "b"
    },
    {
      "square": "e6",
      "type": "p",
      "color": "b"
    },
    {
      "square": "g6",
      "type": "n",
      "color": "b"
    },
    {
      "square": "h6",
      "type": "p",
      "color": "b"
    },
    {
      "square": "c5",
      "type": "p",
      "color": "w"
    },
    {
      "square": "d5",
      "type": "p",
      "color": "b"
    },
    {
      "square": "f5",
      "type": "p",
      "color": "b"
    },
    {
      "square": "b4",
      "type": "p",
      "color": "b"
    },
    {
      "square": "d4",
      "type": "p",
      "color": "w"
    },
    {
      "square": "g3",
      "type": "n",
      "color": "w"
    },
    {
      "square": "h2",
      "type": "p",
      "color": "w"
    },
    {
      "square": "b1",
      "type": "r",
      "color": "w"
    },
    {
      "square": "h1",
      "type": "k",
      "color": "w"
    }
  ],
  "nextTurn": "w"
}