{
  "event": "World Blitz Championship",
  "site": "Riyadh KSA",
  "date": "2017.12.29",
  "eventDate": "2017.12.29",
  "dateMillis": 1514476800000,
  "eventDateMillis": 1514476800000,
  "round": "9.1",
  "result": "1/2-1/2",
  "white": "Magnus Carlsen",
  "black": "Sergey Grigoriants",
  "isDingWin": false,
  "isDraw": true,
  "isDingBlack": false,
  "moves": [
    "Qxd8+",
    "Kh7",
    "Ne7",
    "Qe5+",
    "Kh1",
    "Qa1+",
    "Kh2",
    "Qe5+",
    "Kg1",
    "Qa1+",
    "Kf2",
    "Qf6+",
    "Ke2",
    "Qb2+",
    "Kd3",
    "Qb3+",
    "Ke2",
    "Qb2+",
    "Ke1",
    "Qc1+",
    "Kf2",
    "Qb2+",
    "Kg1",
    "Qa1+",
    "Kh2",
    "Qe5+"
  ],
  "statePieceCount": 14,
  "endPieceCount": 13,
  "boardState": [
    {
      "square": "d8",
      "type": "r",
      "color": "b"
    },
    {
      "square": "g8",
      "type": "k",
      "color": "b"
    },
    {
      "square": "f7",
      "type": "p",
      "color": "b"
    },
    {
      "square": "g7",
      "type": "p",
      "color": "b"
    },
    {
      "square": "c6",
      "type": "n",
      "color": "w"
    },
    {
      "square": "h6",
      "type": "p",
      "color": "b"
    },
    {
      "square": "b5",
      "type": "p",
      "color": "b"
    },
    {
      "square": "g5",
      "type": "n",
      "color": "b"
    },
    {
      "square": "e4",
      "type": "q",
      "color": "b"
    },
    {
      "square": "d3",
      "type": "q",
      "color": "w"
    },
    {
      "square": "e3",
      "type": "p",
      "color": "w"
    },
    {
      "square": "h3",
      "type": "p",
      "color": "w"
    },
    {
      "square": "g2",
      "type": "p",
      "color": "w"
    },
    {
      "square": "h2",
      "type": "k",
      "color": "w"
    }
  ]
}