{
  "event": "World Blitz Championship",
  "site": "Riyadh KSA",
  "date": "2017.12.29",
  "eventDate": "2017.12.29",
  "dateMillis": 1514476800000,
  "eventDateMillis": 1514476800000,
  "round": "2.1",
  "result": "1-0",
  "white": "Sanan Sjugirov",
  "black": "Magnus Carlsen",
  "isDingWin": false,
  "isDraw": false,
  "isDingBlack": true,
  "moves": [
    "Rxd1",
    "Nc3",
    "Rc1",
    "Ne2",
    "Rc2",
    "Nfd4",
    "Ra2",
    "Qf3",
    "Qf7",
    "h5",
    "Kg8",
    "Kh3",
    "Qd7+",
    "Qg4+",
    "Qxg4+",
    "Kxg4",
    "Rd2",
    "Kf5",
    "Kf7",
    "g4",
    "Rd3",
    "b4",
    "Ra3",
    "c5",
    "bxc5",
    "bxc5",
    "Ra5",
    "Nb3",
    "Ra2",
    "Ned4",
    "Rf2+",
    "Ke4",
    "Rg2",
    "Kf3",
    "Ra2",
    "c6",
    "Ra4",
    "Ke4",
    "Ke7",
    "Kd5",
    "Ra8",
    "Nf5+"
  ],
  "statePieceCount": 14,
  "endPieceCount": 9,
  "boardState": [
    {
      "square": "f8",
      "type": "k",
      "color": "b"
    },
    {
      "square": "d7",
      "type": "r",
      "color": "b"
    },
    {
      "square": "b6",
      "type": "p",
      "color": "b"
    },
    {
      "square": "f6",
      "type": "p",
      "color": "b"
    },
    {
      "square": "g6",
      "type": "q",
      "color": "b"
    },
    {
      "square": "c4",
      "type": "p",
      "color": "w"
    },
    {
      "square": "e4",
      "type": "n",
      "color": "w"
    },
    {
      "square": "h4",
      "type": "p",
      "color": "w"
    },
    {
      "square": "b3",
      "type": "p",
      "color": "w"
    },
    {
      "square": "f3",
      "type": "n",
      "color": "w"
    },
    {
      "square": "g3",
      "type": "p",
      "color": "w"
    },
    {
      "square": "f2",
      "type": "q",
      "color": "w"
    },
    {
      "square": "h2",
      "type": "k",
      "color": "w"
    },
    {
      "square": "d1",
      "type": "r",
      "color": "w"
    }
  ]
}