{
  "event": "World Blitz Championship",
  "site": "Riyadh KSA",
  "date": "2017.12.30",
  "eventDate": "2017.12.29",
  "dateMillis": 1514563200000,
  "eventDateMillis": 1514476800000,
  "round": "18.1",
  "result": "0-1",
  "white": "Ding Liren",
  "black": "Magnus Carlsen",
  "isCarlsenWin": true,
  "isDraw": false,
  "isCarlsenBlack": true,
  "moves": [
    "fxe3",
    "Qe6",
    "a4",
    "Qb3",
    "Qe1",
    "Qxa4",
    "Qb1",
    "Qa5",
    "b6",
    "Qd2",
    "Qf1",
    "Qxe3+",
    "Qf2",
    "Qc1+",
    "Qf1",
    "Qc5+",
    "Qf2",
    "e3",
    "Qe2",
    "Qxb6",
    "Kf1",
    "Qb1+",
    "Qe1",
    "Qe4",
    "Ke2",
    "Qg2+",
    "Kxe3",
    "Qxh2",
    "Kf4",
    "Qc2",
    "g4",
    "Qc7+",
    "Kf3",
    "Qc6+",
    "Kg3",
    "Qg2+",
    "Kf4",
    "h2"
  ],
  "statePieceCount": 14,
  "endPieceCount": 8,
  "boardState": [
    {
      "square": "g8",
      "type": "k",
      "color": "b"
    },
    {
      "square": "f7",
      "type": "p",
      "color": "b"
    },
    {
      "square": "g7",
      "type": "p",
      "color": "b"
    },
    {
      "square": "b5",
      "type": "p",
      "color": "w"
    },
    {
      "square": "e4",
      "type": "p",
      "color": "b"
    },
    {
      "square": "g4",
      "type": "q",
      "color": "b"
    },
    {
      "square": "a3",
      "type": "p",
      "color": "w"
    },
    {
      "square": "e3",
      "type": "n",
      "color": "b"
    },
    {
      "square": "g3",
      "type": "p",
      "color": "w"
    },
    {
      "square": "h3",
      "type": "p",
      "color": "b"
    },
    {
      "square": "f2",
      "type": "p",
      "color": "w"
    },
    {
      "square": "h2",
      "type": "p",
      "color": "w"
    },
    {
      "square": "f1",
      "type": "q",
      "color": "w"
    },
    {
      "square": "g1",
      "type": "k",
      "color": "w"
    }
  ],
  "nextTurn": "w"
}