{
  "event": "World Blitz Championship",
  "site": "Riyadh KSA",
  "date": "2017.12.30",
  "eventDate": "2017.12.29",
  "dateMillis": 1514563200000,
  "eventDateMillis": 1514476800000,
  "round": "12.1",
  "result": "0-1",
  "white": "Alexander Grischuk",
  "black": "Magnus Carlsen",
  "isCarlsenWin": true,
  "isDraw": false,
  "isCarlsenBlack": true,
  "moves": [
    "Bd5",
    "Bxd5",
    "cxd5",
    "hxg6",
    "hxg6",
    "Kg3",
    "Qe1+",
    "Kh3",
    "Qe6+",
    "Kg3",
    "b6",
    "Qb8+",
    "Kg7",
    "Qc7",
    "Qe3+",
    "Kh2",
    "b5",
    "Qd6",
    "d4",
    "g3",
    "d3",
    "Qa3",
    "Qd4"
  ],
  "statePieceCount": 14,
  "endPieceCount": 10,
  "boardState": [
    {
      "square": "g8",
      "type": "k",
      "color": "b"
    },
    {
      "square": "a7",
      "type": "q",
      "color": "w"
    },
    {
      "square": "b7",
      "type": "p",
      "color": "b"
    },
    {
      "square": "e7",
      "type": "q",
      "color": "b"
    },
    {
      "square": "f7",
      "type": "p",
      "color": "b"
    },
    {
      "square": "h7",
      "type": "p",
      "color": "b"
    },
    {
      "square": "c6",
      "type": "p",
      "color": "b"
    },
    {
      "square": "g6",
      "type": "p",
      "color": "b"
    },
    {
      "square": "h5",
      "type": "p",
      "color": "w"
    },
    {
      "square": "f4",
      "type": "p",
      "color": "w"
    },
    {
      "square": "f3",
      "type": "b",
      "color": "w"
    },
    {
      "square": "a2",
      "type": "b",
      "color": "b"
    },
    {
      "square": "g2",
      "type": "p",
      "color": "w"
    },
    {
      "square": "h2",
      "type": "k",
      "color": "w"
    }
  ],
  "nextTurn": "b"
}