{
  "event": "Chess.com Speed Chess Championship 2017/18",
  "site": "chess.com INT",
  "date": "2018.01.03",
  "eventDate": "2017.05.03",
  "dateMillis": 1514908800000,
  "eventDateMillis": 1493740800000,
  "round": "4.8",
  "result": "1-0",
  "white": "Magnus Carlsen",
  "black": "Hikaru Nakamura",
  "isCarlsenWin": true,
  "isDraw": false,
  "isCarlsenBlack": false,
  "moves": [
    "Nc6",
    "Kf7",
    "a4",
    "Bh4",
    "a5",
    "Bf2",
    "b4",
    "Ke8",
    "b5",
    "Kd7",
    "b6",
    "Kc8",
    "Kb3",
    "Nd4+",
    "Kc4",
    "Kb7",
    "Nd8+",
    "Ka6",
    "b7",
    "Ka7",
    "a6",
    "g5",
    "Nf7",
    "Bh4",
    "Nxd6",
    "g4",
    "Nc8+",
    "Kb8",
    "Nb6"
  ],
  "statePieceCount": 14,
  "endPieceCount": 13,
  "boardState": [
    {
      "square": "g8",
      "type": "k",
      "color": "b"
    },
    {
      "square": "d6",
      "type": "p",
      "color": "b"
    },
    {
      "square": "g6",
      "type": "p",
      "color": "b"
    },
    {
      "square": "a5",
      "type": "n",
      "color": "w"
    },
    {
      "square": "d5",
      "type": "p",
      "color": "w"
    },
    {
      "square": "e5",
      "type": "p",
      "color": "b"
    },
    {
      "square": "g5",
      "type": "b",
      "color": "b"
    },
    {
      "square": "e4",
      "type": "p",
      "color": "w"
    },
    {
      "square": "f4",
      "type": "p",
      "color": "b"
    },
    {
      "square": "a3",
      "type": "p",
      "color": "w"
    },
    {
      "square": "f3",
      "type": "p",
      "color": "w"
    },
    {
      "square": "a2",
      "type": "k",
      "color": "w"
    },
    {
      "square": "b2",
      "type": "p",
      "color": "w"
    },
    {
      "square": "c2",
      "type": "n",
      "color": "b"
    }
  ],
  "nextTurn": "w"
}