{
  "event": "Chess.com Speed Chess Championship 2017/18",
  "site": "chess.com INT",
  "date": "2018.01.03",
  "eventDate": "2017.05.03",
  "dateMillis": 1514908800000,
  "eventDateMillis": 1493740800000,
  "round": "4.10",
  "result": "1/2-1/2",
  "white": "Magnus Carlsen",
  "black": "Hikaru Nakamura",
  "isDingWin": false,
  "isDraw": true,
  "isDingBlack": false,
  "moves": [
    "Rc3",
    "b4",
    "Rc4",
    "Bb6",
    "Ra8",
    "a5",
    "Rxb4",
    "Rxd5",
    "Rc8",
    "g3",
    "Ra4",
    "Kg2",
    "Rc2",
    "h4",
    "Raa2",
    "h5",
    "Kh7",
    "Be3",
    "Rc3",
    "Bb6",
    "Rb3",
    "Kh3",
    "Rb1",
    "Be3",
    "Rh1+",
    "Kg2",
    "Re1",
    "Kf3",
    "Ra3",
    "g4",
    "Rea1",
    "Rd7",
    "Kg8",
    "g5",
    "fxg5",
    "Kg2",
    "Rxa5",
    "Bd4",
    "Rd1",
    "Rxg7+",
    "Kf8",
    "Bf6",
    "Rf5",
    "Bc3",
    "Rc5",
    "Bf6",
    "Rf5",
    "Bc3",
    "Rd3",
    "Rc7",
    "Rdf3",
    "Bd4",
    "Rf7",
    "Rc8+",
    "Ke7",
    "Rg8",
    "R3f5",
    "Be3",
    "Rh7",
    "Rxg5",
    "Rxh5",
    "Rxh5",
    "Rxh5",
    "Kf3"
  ],
  "statePieceCount": 14,
  "endPieceCount": 5,
  "boardState": [
    {
      "square": "c8",
      "type": "r",
      "color": "b"
    },
    {
      "square": "d8",
      "type": "r",
      "color": "b"
    },
    {
      "square": "g8",
      "type": "k",
      "color": "b"
    },
    {
      "square": "g7",
      "type": "p",
      "color": "b"
    },
    {
      "square": "f6",
      "type": "p",
      "color": "b"
    },
    {
      "square": "d5",
      "type": "p",
      "color": "b"
    },
    {
      "square": "a4",
      "type": "p",
      "color": "w"
    },
    {
      "square": "b3",
      "type": "p",
      "color": "w"
    },
    {
      "square": "e3",
      "type": "b",
      "color": "w"
    },
    {
      "square": "h3",
      "type": "p",
      "color": "w"
    },
    {
      "square": "f2",
      "type": "p",
      "color": "w"
    },
    {
      "square": "g2",
      "type": "p",
      "color": "w"
    },
    {
      "square": "d1",
      "type": "r",
      "color": "w"
    },
    {
      "square": "g1",
      "type": "k",
      "color": "w"
    }
  ]
}