{
  "event": "Chess.com Speed Chess Championship 2017/18",
  "site": "chess.com INT",
  "date": "2018.01.03",
  "eventDate": "2017.05.03",
  "dateMillis": 1514908800000,
  "eventDateMillis": 1493740800000,
  "round": "4.13",
  "result": "1/2-1/2",
  "white": "Hikaru Nakamura",
  "black": "Magnus Carlsen",
  "isCarlsenWin": false,
  "isDraw": true,
  "isCarlsenBlack": true,
  "moves": [
    "Rxe4+",
    "Kd6",
    "h4",
    "Rd2",
    "Kf3",
    "Rb2",
    "Rd4+",
    "Ke6",
    "Kg3",
    "Rb4",
    "Kf4",
    "Rb2",
    "Kf3",
    "h5",
    "Re4+",
    "Kd6",
    "Rd4+",
    "Ke6",
    "h3",
    "Ra2",
    "Kg3",
    "Rb2",
    "f3",
    "Rb4",
    "Kf4",
    "Rb3",
    "e4",
    "Ra3",
    "Rc4",
    "f6",
    "Rc6+",
    "Ke7",
    "Rc7+",
    "Kf8",
    "Rc4",
    "Kf7",
    "Kg3",
    "Ke6",
    "Rc6+",
    "Ke7",
    "Rc7+",
    "Kf8",
    "Rc4",
    "Ke7",
    "Kf2",
    "Kd6",
    "Rd4+",
    "Ke5",
    "Rc4",
    "Kf4",
    "e5+",
    "Kxe5",
    "Rc5+",
    "Kf4",
    "Rc4+",
    "Ke5",
    "Rc5+",
    "Kf4",
    "Rc4+"
  ],
  "statePieceCount": 14,
  "endPieceCount": 12,
  "boardState": [
    {
      "square": "e7",
      "type": "k",
      "color": "b"
    },
    {
      "square": "f7",
      "type": "p",
      "color": "b"
    },
    {
      "square": "h7",
      "type": "p",
      "color": "b"
    },
    {
      "square": "g6",
      "type": "p",
      "color": "b"
    },
    {
      "square": "a5",
      "type": "p",
      "color": "b"
    },
    {
      "square": "d5",
      "type": "r",
      "color": "b"
    },
    {
      "square": "a4",
      "type": "p",
      "color": "w"
    },
    {
      "square": "c4",
      "type": "r",
      "color": "w"
    },
    {
      "square": "e4",
      "type": "p",
      "color": "b"
    },
    {
      "square": "e3",
      "type": "p",
      "color": "w"
    },
    {
      "square": "h3",
      "type": "p",
      "color": "w"
    },
    {
      "square": "f2",
      "type": "p",
      "color": "w"
    },
    {
      "square": "g2",
      "type": "k",
      "color": "w"
    },
    {
      "square": "h2",
      "type": "p",
      "color": "w"
    }
  ],
  "nextTurn": "w"
}