{
  "event": "Tata Steel (Blitz Tiebreak)",
  "site": "Wijk aan Zee NED",
  "date": "2018.01.28",
  "eventDate": "2018.01.28",
  "dateMillis": 1517068800000,
  "eventDateMillis": 1517068800000,
  "round": "1",
  "result": "1-0",
  "white": "Magnus Carlsen",
  "black": "Anish Giri",
  "isCarlsenWin": true,
  "isDraw": false,
  "isCarlsenBlack": false,
  "moves": [
    "Kc4",
    "Bd6",
    "Bc5",
    "Kd7",
    "h5",
    "Bf4",
    "Bf8",
    "Ke8",
    "Bc5",
    "Kd7",
    "Kb4",
    "Bd2+",
    "Ka4",
    "Kc7",
    "b4",
    "Bf4",
    "Bf8",
    "Kb6",
    "Bxg7",
    "Bg5",
    "Bf8",
    "Bf4",
    "Be7",
    "Bg5",
    "Kb3",
    "Kc7",
    "Kc4",
    "Kd7",
    "Bc5",
    "Kc7",
    "Kd3",
    "Kd7",
    "Be3"
  ],
  "statePieceCount": 14,
  "endPieceCount": 13,
  "boardState": [
    {
      "square": "e7",
      "type": "k",
      "color": "b"
    },
    {
      "square": "g7",
      "type": "p",
      "color": "b"
    },
    {
      "square": "a6",
      "type": "p",
      "color": "b"
    },
    {
      "square": "c6",
      "type": "p",
      "color": "b"
    },
    {
      "square": "f6",
      "type": "p",
      "color": "b"
    },
    {
      "square": "h6",
      "type": "p",
      "color": "b"
    },
    {
      "square": "f5",
      "type": "p",
      "color": "w"
    },
    {
      "square": "b4",
      "type": "b",
      "color": "b"
    },
    {
      "square": "g4",
      "type": "p",
      "color": "w"
    },
    {
      "square": "h4",
      "type": "p",
      "color": "w"
    },
    {
      "square": "b3",
      "type": "p",
      "color": "w"
    },
    {
      "square": "d3",
      "type": "k",
      "color": "w"
    },
    {
      "square": "a2",
      "type": "p",
      "color": "w"
    },
    {
      "square": "f2",
      "type": "b",
      "color": "w"
    }
  ],
  "nextTurn": "w"
}