{
  "event": "Pro Chess League",
  "site": "chess.com INT",
  "date": "2018.01.18",
  "eventDate": "2018.01.18",
  "dateMillis": 1516204800000,
  "eventDateMillis": 1516204800000,
  "round": "1",
  "result": "0-1",
  "white": "Sergey Grigoriants",
  "black": "Magnus Carlsen",
  "isDingWin": true,
  "isDraw": false,
  "isDingBlack": true,
  "moves": [
    "Bb6",
    "Ne4+",
    "Ke6",
    "Ng5+",
    "Ke7",
    "Re5+",
    "Kf6",
    "f4",
    "Bc7",
    "Ne4+",
    "Kg7",
    "Re8",
    "Bxf4",
    "Nc5",
    "Rd4",
    "b5",
    "axb5",
    "axb5",
    "b6",
    "Nd3",
    "Bh2",
    "Ne1",
    "Rd5",
    "Nf3",
    "Bg3"
  ],
  "statePieceCount": 14,
  "endPieceCount": 11,
  "boardState": [
    {
      "square": "b7",
      "type": "p",
      "color": "b"
    },
    {
      "square": "c7",
      "type": "b",
      "color": "b"
    },
    {
      "square": "d7",
      "type": "r",
      "color": "b"
    },
    {
      "square": "f7",
      "type": "p",
      "color": "b"
    },
    {
      "square": "a6",
      "type": "p",
      "color": "b"
    },
    {
      "square": "f6",
      "type": "k",
      "color": "b"
    },
    {
      "square": "g6",
      "type": "p",
      "color": "b"
    },
    {
      "square": "c5",
      "type": "r",
      "color": "w"
    },
    {
      "square": "g5",
      "type": "n",
      "color": "w"
    },
    {
      "square": "a4",
      "type": "p",
      "color": "w"
    },
    {
      "square": "b4",
      "type": "p",
      "color": "w"
    },
    {
      "square": "h3",
      "type": "p",
      "color": "w"
    },
    {
      "square": "e2",
      "type": "k",
      "color": "w"
    },
    {
      "square": "f2",
      "type": "p",
      "color": "w"
    }
  ]
}