{
  "event": "GRENKE Chess Classic",
  "site": "Karlsruhe GER",
  "date": "2018.03.31",
  "eventDate": "2018.03.31",
  "dateMillis": 1522425600000,
  "eventDateMillis": 1522425600000,
  "round": "1",
  "result": "1/2-1/2",
  "white": "Fabiano Caruana",
  "black": "Magnus Carlsen",
  "isCarlsenWin": false,
  "isDraw": true,
  "isCarlsenBlack": true,
  "moves": [
    "Rd5",
    "c3",
    "Rd8+",
    "Kf7",
    "Rh8",
    "Rbb7",
    "Rxh7+",
    "Kg6",
    "Rxc7",
    "Rxc7",
    "Kf2",
    "c2",
    "Rc1",
    "d3",
    "Ke3",
    "Rd7",
    "Kd2",
    "Kxf6",
    "h4",
    "Ke5",
    "Rf1",
    "Kd4",
    "h5",
    "Re7",
    "Rf4+",
    "Kd5",
    "Rf1",
    "Kc4",
    "Rf4+",
    "Kd5",
    "Rf1",
    "Kc4",
    "Rf4+",
    "Kb3",
    "Rb4+",
    "Kxa3",
    "Rc4",
    "Kb3",
    "Rc8",
    "a5",
    "h6",
    "Re2+",
    "Kxd3",
    "Rh2",
    "g5",
    "Rh3+",
    "Kd2",
    "Rh2+",
    "Kd3"
  ],
  "statePieceCount": 14,
  "endPieceCount": 8,
  "boardState": [
    {
      "square": "f8",
      "type": "k",
      "color": "b"
    },
    {
      "square": "a7",
      "type": "p",
      "color": "b"
    },
    {
      "square": "c7",
      "type": "r",
      "color": "b"
    },
    {
      "square": "h7",
      "type": "p",
      "color": "b"
    },
    {
      "square": "f6",
      "type": "p",
      "color": "w"
    },
    {
      "square": "e5",
      "type": "r",
      "color": "w"
    },
    {
      "square": "c4",
      "type": "p",
      "color": "b"
    },
    {
      "square": "d4",
      "type": "p",
      "color": "b"
    },
    {
      "square": "g4",
      "type": "p",
      "color": "w"
    },
    {
      "square": "a3",
      "type": "p",
      "color": "w"
    },
    {
      "square": "b2",
      "type": "r",
      "color": "b"
    },
    {
      "square": "h2",
      "type": "p",
      "color": "w"
    },
    {
      "square": "f1",
      "type": "r",
      "color": "w"
    },
    {
      "square": "g1",
      "type": "k",
      "color": "w"
    }
  ],
  "nextTurn": "w"
}