{
  "event": "GRENKE Chess Classic",
  "site": "Karlsruhe GER",
  "date": "2018.04.01",
  "eventDate": "2018.03.31",
  "dateMillis": 1522512000000,
  "eventDateMillis": 1522425600000,
  "round": "2",
  "result": "1-0",
  "white": "Magnus Carlsen",
  "black": "Yifan Hou",
  "isCarlsenWin": true,
  "isDraw": false,
  "isCarlsenBlack": false,
  "moves": [
    "f5",
    "Bg2",
    "Nf7",
    "Rf8",
    "Ne5",
    "Nf4",
    "Rd6",
    "Rxf5",
    "Nbd7",
    "Ke2",
    "Kg7",
    "h4",
    "Nf7",
    "Be4",
    "Nde5",
    "Nh5+",
    "Kh6",
    "Ng3",
    "Re6",
    "Ke3",
    "Kg7",
    "Rf1",
    "Kf8",
    "Nf5",
    "Ng4+",
    "Kf4",
    "Nf6",
    "Bf3",
    "Nd5+",
    "Bxd5",
    "cxd5",
    "Ra1",
    "Kg8",
    "Ra8+",
    "Kh7",
    "Ra7",
    "Rf6",
    "h5",
    "Kg8",
    "Rd7",
    "b4",
    "cxb4"
  ],
  "statePieceCount": 14,
  "endPieceCount": 10,
  "boardState": [
    {
      "square": "d8",
      "type": "r",
      "color": "w"
    },
    {
      "square": "f7",
      "type": "p",
      "color": "b"
    },
    {
      "square": "h7",
      "type": "k",
      "color": "b"
    },
    {
      "square": "b6",
      "type": "n",
      "color": "b"
    },
    {
      "square": "c6",
      "type": "p",
      "color": "b"
    },
    {
      "square": "g6",
      "type": "r",
      "color": "b"
    },
    {
      "square": "h6",
      "type": "n",
      "color": "b"
    },
    {
      "square": "b5",
      "type": "p",
      "color": "b"
    },
    {
      "square": "h5",
      "type": "n",
      "color": "w"
    },
    {
      "square": "e4",
      "type": "b",
      "color": "w"
    },
    {
      "square": "b3",
      "type": "p",
      "color": "w"
    },
    {
      "square": "c3",
      "type": "p",
      "color": "w"
    },
    {
      "square": "h3",
      "type": "p",
      "color": "w"
    },
    {
      "square": "f2",
      "type": "k",
      "color": "w"
    }
  ],
  "nextTurn": "b"
}