{
  "event": "Gashimov Memorial",
  "site": "Shamkir AZE",
  "date": "2018.04.19",
  "eventDate": "2018.04.18",
  "dateMillis": 1524067200000,
  "eventDateMillis": 1523980800000,
  "round": "1",
  "result": "1/2-1/2",
  "white": "Shakhriyar Mamedyarov",
  "black": "Magnus Carlsen",
  "isCarlsenWin": false,
  "isDraw": true,
  "isCarlsenBlack": true,
  "moves": [
    "Rxd7",
    "Rxb2",
    "g4",
    "b5",
    "Rb7",
    "b4",
    "g5",
    "b3",
    "Kf3",
    "Rb1",
    "Ke4",
    "Kg7",
    "Ke5",
    "Rb2",
    "e4",
    "Rxh2",
    "Rxb3",
    "h6",
    "gxh6+",
    "Rxh6",
    "Rg3",
    "Rh8",
    "Rb3",
    "Re8+",
    "Kd4",
    "Ra8",
    "Ke3",
    "Ra7",
    "Kf3",
    "Ra8",
    "Kg4",
    "Ra7",
    "Rc3"
  ],
  "statePieceCount": 14,
  "endPieceCount": 8,
  "boardState": [
    {
      "square": "g8",
      "type": "k",
      "color": "b"
    },
    {
      "square": "a7",
      "type": "r",
      "color": "w"
    },
    {
      "square": "d7",
      "type": "b",
      "color": "b"
    },
    {
      "square": "f7",
      "type": "p",
      "color": "b"
    },
    {
      "square": "h7",
      "type": "p",
      "color": "b"
    },
    {
      "square": "b6",
      "type": "p",
      "color": "b"
    },
    {
      "square": "g6",
      "type": "p",
      "color": "b"
    },
    {
      "square": "f4",
      "type": "p",
      "color": "w"
    },
    {
      "square": "g3",
      "type": "p",
      "color": "w"
    },
    {
      "square": "b2",
      "type": "p",
      "color": "w"
    },
    {
      "square": "e2",
      "type": "p",
      "color": "w"
    },
    {
      "square": "f2",
      "type": "k",
      "color": "w"
    },
    {
      "square": "h2",
      "type": "p",
      "color": "w"
    },
    {
      "square": "b1",
      "type": "r",
      "color": "b"
    }
  ],
  "nextTurn": "w"
}