{
  "event": "Gashimov Memorial",
  "site": "Shamkir AZE",
  "date": "2018.04.21",
  "eventDate": "2018.04.18",
  "dateMillis": 1524240000000,
  "eventDateMillis": 1523980800000,
  "round": "3",
  "result": "1/2-1/2",
  "white": "Rauf Mamedov",
  "black": "Magnus Carlsen",
  "isDingWin": false,
  "isDraw": true,
  "isDingBlack": true,
  "moves": [
    "Qe3",
    "g5",
    "Kh2",
    "h6",
    "h4",
    "Ne6",
    "hxg5",
    "hxg5",
    "Qe4",
    "Qf6",
    "Qe5",
    "Qg6",
    "g4",
    "Qd3",
    "Kg3",
    "b5",
    "Kf2",
    "Kf8",
    "Qe2",
    "Nf4",
    "Qxd3",
    "Nxd3+",
    "Ke3",
    "Nxb2",
    "Nxg5",
    "Nd1+",
    "Kd4",
    "Nf2",
    "Nxf7",
    "Kxf7",
    "Kc5",
    "Ne4+",
    "Kxb5",
    "Nc3+",
    "Kc4",
    "Nxa2",
    "g5",
    "Kg7",
    "g6",
    "Nb4",
    "Kxb4",
    "Kxg6"
  ],
  "statePieceCount": 14,
  "endPieceCount": 2,
  "boardState": [
    {
      "square": "d8",
      "type": "q",
      "color": "b"
    },
    {
      "square": "g8",
      "type": "k",
      "color": "b"
    },
    {
      "square": "f7",
      "type": "p",
      "color": "b"
    },
    {
      "square": "h7",
      "type": "p",
      "color": "b"
    },
    {
      "square": "b6",
      "type": "p",
      "color": "b"
    },
    {
      "square": "g6",
      "type": "p",
      "color": "b"
    },
    {
      "square": "f4",
      "type": "n",
      "color": "b"
    },
    {
      "square": "b3",
      "type": "q",
      "color": "w"
    },
    {
      "square": "f3",
      "type": "n",
      "color": "w"
    },
    {
      "square": "h3",
      "type": "p",
      "color": "w"
    },
    {
      "square": "a2",
      "type": "p",
      "color": "w"
    },
    {
      "square": "b2",
      "type": "p",
      "color": "w"
    },
    {
      "square": "g2",
      "type": "p",
      "color": "w"
    },
    {
      "square": "g1",
      "type": "k",
      "color": "w"
    }
  ]
}