{
  "event": "Gashimov Memorial",
  "site": "Shamkir AZE",
  "date": "2018.04.26",
  "eventDate": "2018.04.18",
  "dateMillis": 1524672000000,
  "eventDateMillis": 1523980800000,
  "round": "7",
  "result": "1-0",
  "white": "Magnus Carlsen",
  "black": "Veselin Topalov",
  "isCarlsenWin": true,
  "isDraw": false,
  "isCarlsenBlack": false,
  "moves": [
    "g4",
    "Kh7",
    "f4",
    "h5",
    "f5",
    "hxg4",
    "h5",
    "Bf7",
    "Qb7",
    "Kg8",
    "Qxa7",
    "Bxh5",
    "Qxb6",
    "c4",
    "Qd8+",
    "Be8",
    "Kg3",
    "Kh7",
    "Qc7",
    "Kg8",
    "Qxc4+",
    "Bf7",
    "Qd4",
    "Re8",
    "c4",
    "Rf8",
    "c5",
    "Be8",
    "Qd5+",
    "Kh7",
    "Qe6",
    "Bb5",
    "c6",
    "Bxc6",
    "Qg6+",
    "Kg8",
    "Qxc6",
    "Rf6",
    "Qe8+",
    "Kh7",
    "Kxg4",
    "Rh6",
    "Kf4",
    "Rf6",
    "Ke5",
    "Rh6",
    "Qe6"
  ],
  "statePieceCount": 14,
  "endPieceCount": 6,
  "boardState": [
    {
      "square": "g8",
      "type": "k",
      "color": "b"
    },
    {
      "square": "a7",
      "type": "p",
      "color": "b"
    },
    {
      "square": "g7",
      "type": "p",
      "color": "b"
    },
    {
      "square": "b6",
      "type": "p",
      "color": "b"
    },
    {
      "square": "c6",
      "type": "q",
      "color": "w"
    },
    {
      "square": "h6",
      "type": "p",
      "color": "b"
    },
    {
      "square": "c5",
      "type": "p",
      "color": "b"
    },
    {
      "square": "h4",
      "type": "p",
      "color": "w"
    },
    {
      "square": "c3",
      "type": "p",
      "color": "w"
    },
    {
      "square": "g3",
      "type": "p",
      "color": "w"
    },
    {
      "square": "a2",
      "type": "b",
      "color": "b"
    },
    {
      "square": "f2",
      "type": "p",
      "color": "w"
    },
    {
      "square": "h2",
      "type": "k",
      "color": "w"
    },
    {
      "square": "e1",
      "type": "r",
      "color": "b"
    }
  ],
  "nextTurn": "w"
}