{
  "event": "Norway Chess",
  "site": "Stavanger NOR",
  "date": "2018.06.06",
  "eventDate": "2018.05.28",
  "dateMillis": 1528214400000,
  "eventDateMillis": 1527436800000,
  "round": "8.1",
  "result": "1/2-1/2",
  "white": "Magnus Carlsen",
  "black": "Shakhriyar Mamedyarov",
  "isCarlsenWin": false,
  "isDraw": true,
  "isCarlsenBlack": false,
  "moves": [
    "gxf3",
    "Bf5",
    "e6",
    "fxe6",
    "Bc7",
    "Bb1",
    "Bxa5",
    "Bxa2",
    "Bxb4",
    "Bxb3",
    "Bc3+",
    "Kg6",
    "f4",
    "Kf7",
    "Kg3",
    "Kg6",
    "Be5",
    "Kf7",
    "Bc3",
    "Kg6",
    "Be5",
    "Kf7",
    "Bc3",
    "Kg6"
  ],
  "statePieceCount": 14,
  "endPieceCount": 8,
  "boardState": [
    {
      "square": "f7",
      "type": "p",
      "color": "b"
    },
    {
      "square": "g7",
      "type": "k",
      "color": "b"
    },
    {
      "square": "h7",
      "type": "p",
      "color": "b"
    },
    {
      "square": "e6",
      "type": "b",
      "color": "b"
    },
    {
      "square": "a5",
      "type": "p",
      "color": "b"
    },
    {
      "square": "e5",
      "type": "p",
      "color": "w"
    },
    {
      "square": "g5",
      "type": "p",
      "color": "w"
    },
    {
      "square": "b4",
      "type": "p",
      "color": "b"
    },
    {
      "square": "f4",
      "type": "b",
      "color": "w"
    },
    {
      "square": "b3",
      "type": "p",
      "color": "w"
    },
    {
      "square": "f3",
      "type": "r",
      "color": "b"
    },
    {
      "square": "a2",
      "type": "p",
      "color": "w"
    },
    {
      "square": "g2",
      "type": "p",
      "color": "w"
    },
    {
      "square": "h2",
      "type": "k",
      "color": "w"
    }
  ],
  "nextTurn": "w"
}