{
  "event": "Sinquefield Cup",
  "site": "St Louis, MO USA",
  "date": "2018.08.20",
  "eventDate": "2018.08.18",
  "dateMillis": 1534694400000,
  "eventDateMillis": 1534521600000,
  "round": "3",
  "result": "1/2-1/2",
  "white": "Levon Aronian",
  "black": "Magnus Carlsen",
  "isDingWin": false,
  "isDraw": true,
  "isDingBlack": true,
  "moves": [
    "Qd8+",
    "Kh7",
    "Qd5",
    "Qxb4",
    "Qf5+",
    "Kg8",
    "Qc8+",
    "Kh7",
    "Qf5+",
    "Kg8",
    "Qc8+",
    "Kh7",
    "Qf5+"
  ],
  "statePieceCount": 14,
  "endPieceCount": 13,
  "boardState": [
    {
      "square": "g8",
      "type": "k",
      "color": "b"
    },
    {
      "square": "b7",
      "type": "p",
      "color": "b"
    },
    {
      "square": "f7",
      "type": "p",
      "color": "b"
    },
    {
      "square": "g7",
      "type": "p",
      "color": "b"
    },
    {
      "square": "a6",
      "type": "p",
      "color": "b"
    },
    {
      "square": "h6",
      "type": "p",
      "color": "b"
    },
    {
      "square": "a5",
      "type": "p",
      "color": "w"
    },
    {
      "square": "b4",
      "type": "p",
      "color": "w"
    },
    {
      "square": "c3",
      "type": "q",
      "color": "b"
    },
    {
      "square": "g3",
      "type": "p",
      "color": "w"
    },
    {
      "square": "h3",
      "type": "p",
      "color": "w"
    },
    {
      "square": "f2",
      "type": "p",
      "color": "w"
    },
    {
      "square": "h2",
      "type": "k",
      "color": "w"
    },
    {
      "square": "d1",
      "type": "q",
      "color": "w"
    }
  ]
}