{
  "event": "Sinquefield Cup",
  "site": "St Louis, MO USA",
  "date": "2018.08.19",
  "eventDate": "2018.08.18",
  "dateMillis": 1534608000000,
  "eventDateMillis": 1534521600000,
  "round": "2.3",
  "result": "1-0",
  "white": "Magnus Carlsen",
  "black": "Sergey Karjakin",
  "isCarlsenWin": true,
  "isDraw": false,
  "isCarlsenBlack": false,
  "moves": [
    "Rh1",
    "Rc7",
    "Rc1",
    "Rd7",
    "Rc6",
    "a4",
    "Rg1+",
    "Kf2",
    "Ra1",
    "a5",
    "Ra4",
    "Kg3",
    "Rac4",
    "Ra7",
    "Re6",
    "e4",
    "Rc8",
    "Rd7",
    "Rec6",
    "f4",
    "R8c7",
    "f5+",
    "Kh7",
    "Rd8",
    "Rc8",
    "Rd3",
    "Re8",
    "Rd4",
    "Rc7",
    "Kf4",
    "Rce7",
    "Rc4",
    "Kh6",
    "Kf3",
    "Rd7",
    "Bd4",
    "Kh7",
    "b4",
    "Rd6",
    "Ke3",
    "Kh6",
    "Rc1",
    "Kh7",
    "Bb6",
    "Rd7",
    "Bc5",
    "Red8",
    "Rh1+",
    "Kg8",
    "Kf4",
    "Re8",
    "Re1",
    "g5+",
    "fxg6",
    "Kg7",
    "g5",
    "Kxg6",
    "gxf6",
    "Kxf6",
    "Rh1",
    "Rf7",
    "Ke3",
    "Ke6",
    "Rh4",
    "Rf6",
    "Rh7",
    "Rf7",
    "Rh5",
    "Kd7",
    "e5",
    "Rf1",
    "Ke4",
    "Kc6",
    "Rh6+",
    "Kb5",
    "Rb6+",
    "Kc4",
    "e6",
    "Re1+",
    "Kf5",
    "Rf1+",
    "Ke5",
    "Re1+",
    "Kf6",
    "Rf1+",
    "Kg7",
    "Ra8",
    "e7",
    "Re1",
    "Kf7",
    "Re4",
    "Rd6",
    "Rh8",
    "Rxa6"
  ],
  "statePieceCount": 14,
  "endPieceCount": 9,
  "boardState": [
    {
      "square": "h8",
      "type": "r",
      "color": "b"
    },
    {
      "square": "g7",
      "type": "p",
      "color": "b"
    },
    {
      "square": "a6",
      "type": "p",
      "color": "b"
    },
    {
      "square": "b6",
      "type": "r",
      "color": "b"
    },
    {
      "square": "f6",
      "type": "p",
      "color": "b"
    },
    {
      "square": "g6",
      "type": "k",
      "color": "b"
    },
    {
      "square": "c4",
      "type": "r",
      "color": "w"
    },
    {
      "square": "g4",
      "type": "p",
      "color": "w"
    },
    {
      "square": "a3",
      "type": "p",
      "color": "w"
    },
    {
      "square": "c3",
      "type": "b",
      "color": "w"
    },
    {
      "square": "f3",
      "type": "p",
      "color": "w"
    },
    {
      "square": "g3",
      "type": "k",
      "color": "w"
    },
    {
      "square": "b2",
      "type": "p",
      "color": "w"
    },
    {
      "square": "e2",
      "type": "p",
      "color": "w"
    }
  ],
  "nextTurn": "b"
}