{
  "event": "Carlsen - Caruana World Championship Match",
  "site": "London ENG",
  "date": "2018.11.28",
  "eventDate": "2018.11.09",
  "dateMillis": 1543334400000,
  "eventDateMillis": 1541692800000,
  "round": "13.1",
  "result": "1-0",
  "white": "Magnus Carlsen",
  "black": "Fabiano Caruana",
  "isDingWin": true,
  "isDraw": false,
  "isDingBlack": false,
  "moves": [
    "Kxd7",
    "Rd1+",
    "Ke6",
    "f4",
    "c5",
    "Rd5",
    "Rc2",
    "h4",
    "c4",
    "f5+",
    "Kf6",
    "Rc5",
    "h5",
    "Kf1",
    "Rc3",
    "Kg2",
    "Rxa3",
    "Rxc4",
    "Ke5",
    "Rc7",
    "Kxe4",
    "Re7+",
    "Kxf5",
    "Rxg7",
    "Kf6",
    "Rg5",
    "a5",
    "Rxh5",
    "a4",
    "Ra5",
    "Ra1",
    "Kf3",
    "a3",
    "Ra6+",
    "Kg7",
    "Kg2",
    "Ra2+",
    "Kh3",
    "Ra1",
    "h5",
    "Kh7",
    "g4",
    "Kg7",
    "Kh4",
    "a2",
    "Kg5",
    "Kf7",
    "h6",
    "Rb1",
    "Ra7+",
    "Kg8",
    "Rxa2",
    "Rb5+",
    "Kg6",
    "Rb6+",
    "Kh5"
  ],
  "statePieceCount": 14,
  "endPieceCount": 6,
  "boardState": [
    {
      "square": "d7",
      "type": "b",
      "color": "w"
    },
    {
      "square": "e7",
      "type": "k",
      "color": "b"
    },
    {
      "square": "g7",
      "type": "p",
      "color": "b"
    },
    {
      "square": "h7",
      "type": "p",
      "color": "b"
    },
    {
      "square": "a6",
      "type": "p",
      "color": "b"
    },
    {
      "square": "c6",
      "type": "p",
      "color": "b"
    },
    {
      "square": "e4",
      "type": "p",
      "color": "w"
    },
    {
      "square": "a3",
      "type": "p",
      "color": "w"
    },
    {
      "square": "f3",
      "type": "p",
      "color": "w"
    },
    {
      "square": "g3",
      "type": "p",
      "color": "w"
    },
    {
      "square": "b2",
      "type": "r",
      "color": "b"
    },
    {
      "square": "h2",
      "type": "p",
      "color": "w"
    },
    {
      "square": "e1",
      "type": "r",
      "color": "w"
    },
    {
      "square": "g1",
      "type": "k",
      "color": "w"
    }
  ]
}