{
  "event": "World Rapid Championship",
  "site": "St Petersburg RUS",
  "date": "2018.12.26",
  "eventDate": "2018.12.26",
  "dateMillis": 1545753600000,
  "eventDateMillis": 1545753600000,
  "round": "1.1",
  "result": "1-0",
  "white": "Adam Tukhaev",
  "black": "Magnus Carlsen",
  "isDingWin": false,
  "isDraw": false,
  "isDingBlack": true,
  "moves": [
    "Qxe4",
    "Rf6",
    "Rf1",
    "Re6",
    "Qc4",
    "Qd2",
    "Qc3",
    "Qg5",
    "Qc5",
    "Re5",
    "Qc4",
    "g6",
    "Rc3",
    "Qd8",
    "Rcf3",
    "Qe7",
    "Rf4",
    "Kg7",
    "Qc3",
    "f6",
    "Rc4",
    "Rf7",
    "Rc6",
    "Re2",
    "Qd4",
    "h5",
    "Qd3",
    "Qe5",
    "Qf3",
    "Qd4+",
    "Kh1",
    "Re3",
    "Qd1",
    "Qe4",
    "Rd6",
    "Re2",
    "Rg1",
    "Re3",
    "Rd4",
    "Qb7",
    "Rd3",
    "Re5",
    "Qf3",
    "Qe7",
    "Rd5",
    "Re3",
    "Qd1",
    "h4",
    "Qg4",
    "g5",
    "Qd4",
    "Re4",
    "Qc3",
    "Kh6",
    "Rf5",
    "Qe6",
    "Rgf1",
    "Kg6",
    "Qd3",
    "Qxf5",
    "Rxf5",
    "Kxf5",
    "g4+",
    "Ke5",
    "Qb5+",
    "Kf4",
    "Qf5+",
    "Ke3",
    "Qc5+",
    "Rd4",
    "Qc1+",
    "Ke4",
    "Qc2+",
    "Ke5",
    "Qf5+",
    "Kd6",
    "Kg2",
    "Rd5",
    "Qg6",
    "Ke6",
    "Kh3",
    "Rfd7"
  ],
  "statePieceCount": 14,
  "endPieceCount": 10,
  "boardState": [
    {
      "square": "f8",
      "type": "r",
      "color": "b"
    },
    {
      "square": "g8",
      "type": "k",
      "color": "b"
    },
    {
      "square": "f7",
      "type": "p",
      "color": "b"
    },
    {
      "square": "g7",
      "type": "p",
      "color": "b"
    },
    {
      "square": "h7",
      "type": "p",
      "color": "b"
    },
    {
      "square": "c4",
      "type": "q",
      "color": "w"
    },
    {
      "square": "e4",
      "type": "p",
      "color": "b"
    },
    {
      "square": "a2",
      "type": "q",
      "color": "b"
    },
    {
      "square": "f2",
      "type": "r",
      "color": "b"
    },
    {
      "square": "g2",
      "type": "p",
      "color": "w"
    },
    {
      "square": "h2",
      "type": "p",
      "color": "w"
    },
    {
      "square": "c1",
      "type": "r",
      "color": "w"
    },
    {
      "square": "d1",
      "type": "r",
      "color": "w"
    },
    {
      "square": "g1",
      "type": "k",
      "color": "w"
    }
  ]
}