{
  "event": "World Blitz Championship",
  "site": "St Petersburg RUS",
  "date": "2018.12.29",
  "eventDate": "2018.12.29",
  "dateMillis": 1546012800000,
  "eventDateMillis": 1546012800000,
  "round": "12",
  "result": "1/2-1/2",
  "white": "Vladislav Artemiev",
  "black": "Magnus Carlsen",
  "isCarlsenWin": false,
  "isDraw": true,
  "isCarlsenBlack": true,
  "moves": [
    "h4",
    "Bg6",
    "Kh2",
    "Qf4+",
    "Kg1",
    "Qd4+",
    "Kh2",
    "Qf4+",
    "Kg1",
    "Qd4+",
    "Kh2",
    "Bf5",
    "Rg3",
    "Bg4",
    "Rg2",
    "h5",
    "Qg5",
    "Qd6+",
    "Kg1",
    "Ne6",
    "Qf6",
    "Qd4+",
    "Qxd4",
    "Nxd4",
    "Rb2",
    "Bd1",
    "b4",
    "cxb4",
    "axb4",
    "a4",
    "b5",
    "Bb3",
    "b6",
    "a3",
    "Rb1",
    "a2",
    "Ra1",
    "Bxc4",
    "b7",
    "Nc6",
    "Kf2",
    "Kg6",
    "Ke3",
    "Kf5",
    "Kd2",
    "Ke5",
    "Kc3",
    "Kd5",
    "Kb2",
    "Kc5",
    "Rg1",
    "Kb6",
    "Rc1",
    "Kb5",
    "Rg1",
    "Kb6",
    "Rc1"
  ],
  "statePieceCount": 14,
  "endPieceCount": 9,
  "boardState": [
    {
      "square": "e7",
      "type": "q",
      "color": "w"
    },
    {
      "square": "f7",
      "type": "b",
      "color": "b"
    },
    {
      "square": "g7",
      "type": "n",
      "color": "b"
    },
    {
      "square": "h7",
      "type": "k",
      "color": "b"
    },
    {
      "square": "h6",
      "type": "p",
      "color": "b"
    },
    {
      "square": "a5",
      "type": "p",
      "color": "b"
    },
    {
      "square": "c5",
      "type": "p",
      "color": "b"
    },
    {
      "square": "c4",
      "type": "p",
      "color": "w"
    },
    {
      "square": "a3",
      "type": "p",
      "color": "w"
    },
    {
      "square": "b3",
      "type": "p",
      "color": "w"
    },
    {
      "square": "f3",
      "type": "q",
      "color": "b"
    },
    {
      "square": "g2",
      "type": "r",
      "color": "w"
    },
    {
      "square": "h2",
      "type": "p",
      "color": "w"
    },
    {
      "square": "h1",
      "type": "k",
      "color": "w"
    }
  ],
  "nextTurn": "w"
}