{
  "event": "World Blitz Championship",
  "site": "St Petersburg RUS",
  "date": "2018.12.29",
  "dateMillis": 1546012800000,
  "eventDateMillis": null,
  "round": "3",
  "result": "1-0",
  "white": "Magnus Carlsen",
  "black": "Vitaly Teterev",
  "isCarlsenWin": true,
  "isDraw": false,
  "isCarlsenBlack": false,
  "moves": [
    "Nc5",
    "Nc3",
    "Nb4",
    "Ne5",
    "Nbd3",
    "Nc4",
    "Kf6",
    "Kf1",
    "Ke6",
    "Ke2",
    "Nc1+",
    "Ke3",
    "N1b3",
    "g4",
    "f5",
    "g5",
    "Nd7",
    "f4",
    "Ndc5",
    "Ne5",
    "Na1",
    "Nxg6",
    "Nc2+",
    "Kd2",
    "Nd4",
    "Ne5",
    "Na6",
    "Kd3",
    "Nb3",
    "Kc4",
    "Nd2+",
    "Kb5",
    "Ne4",
    "g6",
    "Nac5",
    "Nxe4",
    "Nxe4",
    "g7",
    "Nf6",
    "Kxa5",
    "Kd5",
    "Kb6",
    "Ke4",
    "Ng6"
  ],
  "statePieceCount": 14,
  "endPieceCount": 10,
  "boardState": [
    {
      "square": "b7",
      "type": "p",
      "color": "b"
    },
    {
      "square": "f7",
      "type": "p",
      "color": "b"
    },
    {
      "square": "g7",
      "type": "k",
      "color": "b"
    },
    {
      "square": "e6",
      "type": "n",
      "color": "b"
    },
    {
      "square": "g6",
      "type": "p",
      "color": "b"
    },
    {
      "square": "a5",
      "type": "p",
      "color": "b"
    },
    {
      "square": "d5",
      "type": "n",
      "color": "w"
    },
    {
      "square": "a4",
      "type": "p",
      "color": "w"
    },
    {
      "square": "f3",
      "type": "n",
      "color": "w"
    },
    {
      "square": "b2",
      "type": "p",
      "color": "w"
    },
    {
      "square": "c2",
      "type": "n",
      "color": "b"
    },
    {
      "square": "f2",
      "type": "p",
      "color": "w"
    },
    {
      "square": "g2",
      "type": "p",
      "color": "w"
    },
    {
      "square": "g1",
      "type": "k",
      "color": "w"
    }
  ],
  "nextTurn": "b"
}