{
  "event": "World Blitz Championship",
  "site": "St Petersburg RUS",
  "date": "2018.12.29",
  "eventDate": "2018.12.29",
  "dateMillis": 1546012800000,
  "eventDateMillis": 1546012800000,
  "round": "11.1",
  "result": "0-1",
  "white": "Levon Aronian",
  "black": "Magnus Carlsen",
  "isDingWin": true,
  "isDraw": false,
  "isDingBlack": true,
  "moves": [
    "Ng3",
    "Bc5",
    "f3",
    "Rh4",
    "Rh1",
    "Kf7",
    "Nf1",
    "Kf6",
    "Nd2",
    "Ke5",
    "Nb3",
    "Bb6",
    "Nc1",
    "Kf6",
    "Nd3",
    "a5",
    "f4",
    "g5",
    "Kf3",
    "gxf4",
    "Nxf4",
    "Bc7",
    "Nd3",
    "Rh5",
    "Rf1",
    "Ke7",
    "Kg4",
    "Rb5",
    "Rc1",
    "h5+",
    "Kf3",
    "Bd6",
    "Rc3",
    "Rg5",
    "Kf2",
    "h4",
    "Rb3",
    "Rg3",
    "Nc1",
    "Bc5+",
    "Ke2",
    "Bd4",
    "Rb7+",
    "Kf6",
    "Nb3",
    "Bxb2",
    "Nxa5",
    "Rxh3",
    "Nc4",
    "Bd4",
    "Rd7",
    "e5",
    "Nd2",
    "Re3+",
    "Kf1",
    "h3",
    "Rh7",
    "Kg5",
    "Nc4",
    "Rf3+",
    "Ke2",
    "Rf2+",
    "Ke1",
    "Rh2",
    "Nd6",
    "Kf4",
    "Rf7+",
    "Ke3",
    "Nf5+",
    "Kxe4",
    "Ng3+",
    "Kd5",
    "Ne2",
    "Rh1+",
    "Kd2",
    "Ra1",
    "Rh7",
    "Ra2+",
    "Kd1",
    "Ra3",
    "Rh5",
    "Ke6",
    "Kd2",
    "Kf6",
    "Rh8",
    "Kg5",
    "Rg8+",
    "Kf5",
    "Ng3+",
    "Ke6",
    "Ne2",
    "h2",
    "Rh8",
    "Be3+",
    "Kc2",
    "Ra2+",
    "Kd3",
    "Bf4",
    "Nxf4+",
    "exf4",
    "Ke4",
    "Rf2",
    "Rh3",
    "Kf6",
    "Rh8",
    "Kg5",
    "Rh7",
    "Kg4",
    "Rg7+",
    "Kh3"
  ],
  "statePieceCount": 14,
  "endPieceCount": 6,
  "boardState": [
    {
      "square": "g8",
      "type": "k",
      "color": "b"
    },
    {
      "square": "g7",
      "type": "p",
      "color": "b"
    },
    {
      "square": "h7",
      "type": "p",
      "color": "b"
    },
    {
      "square": "a6",
      "type": "p",
      "color": "b"
    },
    {
      "square": "e6",
      "type": "p",
      "color": "b"
    },
    {
      "square": "b4",
      "type": "b",
      "color": "b"
    },
    {
      "square": "e4",
      "type": "p",
      "color": "w"
    },
    {
      "square": "f4",
      "type": "r",
      "color": "b"
    },
    {
      "square": "h3",
      "type": "p",
      "color": "w"
    },
    {
      "square": "b2",
      "type": "p",
      "color": "w"
    },
    {
      "square": "e2",
      "type": "k",
      "color": "w"
    },
    {
      "square": "f2",
      "type": "p",
      "color": "w"
    },
    {
      "square": "b1",
      "type": "r",
      "color": "w"
    },
    {
      "square": "f1",
      "type": "n",
      "color": "w"
    }
  ]
}