{
  "event": "GRENKE Chess Classic",
  "site": "Karlsruhe GER",
  "date": "2019.04.21",
  "eventDate": "2019.04.20",
  "dateMillis": 1555776000000,
  "eventDateMillis": 1555689600000,
  "round": "2",
  "result": "0-1",
  "white": "Francisco Vallejo Pons",
  "black": "Magnus Carlsen",
  "isCarlsenWin": true,
  "isDraw": false,
  "isCarlsenBlack": true,
  "moves": [
    "Bb8",
    "Kg2",
    "b5",
    "axb5",
    "axb5",
    "Ne3",
    "Rd2+",
    "Kh3",
    "Rd3",
    "Be2",
    "Rxc3",
    "Bxb5",
    "f4",
    "Be8",
    "Nf8",
    "Rb6",
    "Be5",
    "Nf1",
    "fxg3",
    "Rc6",
    "Ra3",
    "Rb6",
    "Ra2",
    "Rb4",
    "Ne6",
    "Rg4+",
    "Kf6",
    "Bc6",
    "g2",
    "Bxg2",
    "Nf4+",
    "Rxf4+",
    "Bxf4",
    "Bf3",
    "Bb8",
    "Ng3",
    "Kg5",
    "Ne2",
    "Bc7",
    "Kg2",
    "Kh4",
    "Kf2",
    "Bb6+",
    "Ke1",
    "Be3",
    "Kd1",
    "Kg5",
    "Be4",
    "Kf6",
    "Bf3",
    "Ke5",
    "Bg2",
    "Kd6",
    "Be4",
    "Kc5",
    "Bf5",
    "Rd2+",
    "Ke1",
    "Rd8",
    "Be4",
    "Kc4",
    "Kf1",
    "Rf8+",
    "Ke1",
    "Bf2+",
    "Kd2",
    "Rd8+",
    "Kc2",
    "Be3",
    "Bf3",
    "Rd2+",
    "Kb1",
    "Kb3",
    "Nc1+",
    "Ka3",
    "Ne2",
    "Rb2+",
    "Ka1",
    "Rb8"
  ],
  "statePieceCount": 14,
  "endPieceCount": 6,
  "boardState": [
    {
      "square": "d8",
      "type": "r",
      "color": "b"
    },
    {
      "square": "a7",
      "type": "b",
      "color": "b"
    },
    {
      "square": "b7",
      "type": "p",
      "color": "b"
    },
    {
      "square": "a6",
      "type": "p",
      "color": "b"
    },
    {
      "square": "e6",
      "type": "r",
      "color": "w"
    },
    {
      "square": "g6",
      "type": "n",
      "color": "b"
    },
    {
      "square": "f5",
      "type": "p",
      "color": "b"
    },
    {
      "square": "g5",
      "type": "k",
      "color": "b"
    },
    {
      "square": "a4",
      "type": "p",
      "color": "w"
    },
    {
      "square": "c4",
      "type": "n",
      "color": "w"
    },
    {
      "square": "c3",
      "type": "p",
      "color": "w"
    },
    {
      "square": "f3",
      "type": "b",
      "color": "w"
    },
    {
      "square": "g3",
      "type": "p",
      "color": "w"
    },
    {
      "square": "f1",
      "type": "k",
      "color": "w"
    }
  ],
  "nextTurn": "b"
}