{
  "event": "GRENKE Chess Classic",
  "site": "Baden-Baden GER",
  "date": "2019.04.29",
  "eventDate": "2019.04.20",
  "dateMillis": 1556467200000,
  "eventDateMillis": 1555689600000,
  "round": "9",
  "result": "1-0",
  "white": "Magnus Carlsen",
  "black": "Maxime Vachier-Lagrave",
  "isCarlsenWin": true,
  "isDraw": false,
  "isCarlsenBlack": false,
  "moves": [
    "Qxb8+",
    "Kg7",
    "Bd5",
    "Bxd5",
    "Qe5+",
    "f6",
    "Qxd5",
    "h5",
    "gxh5",
    "gxh5",
    "Qd7+",
    "Kg6",
    "a4",
    "Qe2",
    "Qd5",
    "f5",
    "a5",
    "f4",
    "Kg2",
    "Kh6",
    "Qf5",
    "Qc4",
    "Kf3"
  ],
  "statePieceCount": 14,
  "endPieceCount": 9,
  "boardState": [
    {
      "square": "b8",
      "type": "r",
      "color": "b"
    },
    {
      "square": "g8",
      "type": "k",
      "color": "b"
    },
    {
      "square": "f7",
      "type": "p",
      "color": "b"
    },
    {
      "square": "h7",
      "type": "p",
      "color": "b"
    },
    {
      "square": "a6",
      "type": "q",
      "color": "b"
    },
    {
      "square": "e6",
      "type": "b",
      "color": "b"
    },
    {
      "square": "g6",
      "type": "p",
      "color": "b"
    },
    {
      "square": "e5",
      "type": "q",
      "color": "w"
    },
    {
      "square": "g4",
      "type": "p",
      "color": "w"
    },
    {
      "square": "h3",
      "type": "p",
      "color": "w"
    },
    {
      "square": "a2",
      "type": "p",
      "color": "w"
    },
    {
      "square": "f2",
      "type": "p",
      "color": "w"
    },
    {
      "square": "g2",
      "type": "b",
      "color": "w"
    },
    {
      "square": "g1",
      "type": "k",
      "color": "w"
    }
  ],
  "nextTurn": "w"
}