{
  "event": "Grand Chess Tour Cote d�Ivoire (Rapid & Blitz)",
  "site": "Abidjan CIV",
  "date": "2019.05.12",
  "eventDate": "2019.05.11",
  "dateMillis": 1557590400000,
  "eventDateMillis": 1557504000000,
  "round": "11.1",
  "result": "1-0",
  "white": "Maxime Vachier-Lagrave",
  "black": "Magnus Carlsen",
  "isCarlsenWin": false,
  "isDraw": false,
  "isCarlsenBlack": true,
  "moves": [
    "Rc3+",
    "Ke2",
    "Nd1",
    "g4+",
    "Kxh4",
    "Kxd1",
    "Kg3",
    "f5",
    "Kf4",
    "Ng6+",
    "Kxe4",
    "f6",
    "Rf3",
    "f7"
  ],
  "statePieceCount": 14,
  "endPieceCount": 11,
  "boardState": [
    {
      "square": "g7",
      "type": "r",
      "color": "w"
    },
    {
      "square": "e6",
      "type": "p",
      "color": "b"
    },
    {
      "square": "h6",
      "type": "p",
      "color": "b"
    },
    {
      "square": "e5",
      "type": "n",
      "color": "w"
    },
    {
      "square": "h5",
      "type": "k",
      "color": "b"
    },
    {
      "square": "b4",
      "type": "p",
      "color": "b"
    },
    {
      "square": "e4",
      "type": "p",
      "color": "w"
    },
    {
      "square": "f4",
      "type": "p",
      "color": "w"
    },
    {
      "square": "h4",
      "type": "p",
      "color": "w"
    },
    {
      "square": "b3",
      "type": "p",
      "color": "w"
    },
    {
      "square": "e3",
      "type": "k",
      "color": "w"
    },
    {
      "square": "g3",
      "type": "p",
      "color": "w"
    },
    {
      "square": "b2",
      "type": "n",
      "color": "b"
    },
    {
      "square": "c2",
      "type": "r",
      "color": "b"
    }
  ],
  "nextTurn": "b"
}