{
  "event": "Grand Chess Tour Cote d�Ivoire (Rapid & Blitz)",
  "site": "Abidjan CIV",
  "date": "2019.05.11",
  "eventDate": "2019.05.11",
  "dateMillis": 1557504000000,
  "eventDateMillis": 1557504000000,
  "round": "5.3",
  "result": "0-1",
  "white": "Sergey Karjakin",
  "black": "Magnus Carlsen",
  "isCarlsenWin": true,
  "isDraw": false,
  "isCarlsenBlack": true,
  "moves": [
    "Qxf6+",
    "Kg8",
    "Kh2",
    "Rf7",
    "Qe6",
    "Qd7",
    "Qc4",
    "Qf5",
    "f4",
    "g5",
    "Qxb4",
    "gxf4",
    "Qb8+",
    "Rf8",
    "Qc7",
    "Qh5+",
    "Kg1",
    "Qxh6",
    "gxf4",
    "Qxf4",
    "Qxf4",
    "Rxf4",
    "Kg2",
    "h5",
    "Kg3",
    "Rg4+",
    "Kf3",
    "Kf7",
    "d5",
    "Kf6",
    "Nc5",
    "Rd4",
    "d6",
    "Rd5",
    "d7",
    "Ke7",
    "Ne4",
    "Rxd7",
    "Ng3",
    "Rd5",
    "Kf4",
    "Kf6"
  ],
  "statePieceCount": 14,
  "endPieceCount": 5,
  "boardState": [
    {
      "square": "f8",
      "type": "k",
      "color": "b"
    },
    {
      "square": "b7",
      "type": "q",
      "color": "b"
    },
    {
      "square": "e7",
      "type": "r",
      "color": "b"
    },
    {
      "square": "h7",
      "type": "p",
      "color": "b"
    },
    {
      "square": "f6",
      "type": "p",
      "color": "b"
    },
    {
      "square": "g6",
      "type": "p",
      "color": "b"
    },
    {
      "square": "h6",
      "type": "p",
      "color": "w"
    },
    {
      "square": "b4",
      "type": "p",
      "color": "b"
    },
    {
      "square": "d4",
      "type": "p",
      "color": "w"
    },
    {
      "square": "b3",
      "type": "n",
      "color": "w"
    },
    {
      "square": "f3",
      "type": "q",
      "color": "w"
    },
    {
      "square": "g3",
      "type": "p",
      "color": "w"
    },
    {
      "square": "f2",
      "type": "p",
      "color": "w"
    },
    {
      "square": "g1",
      "type": "k",
      "color": "w"
    }
  ],
  "nextTurn": "w"
}