{
  "event": "Norway Chess",
  "site": "Stavanger NOR",
  "date": "2019.06.08",
  "eventDate": "2019.06.04",
  "dateMillis": 1559923200000,
  "eventDateMillis": 1559577600000,
  "round": "4.1",
  "result": "1/2-1/2",
  "white": "Magnus Carlsen",
  "black": "Shakhriyar Mamedyarov",
  "isCarlsenWin": false,
  "isDraw": true,
  "isCarlsenBlack": false,
  "moves": [
    "Rxa7",
    "Rxa7",
    "Kg8",
    "Rg7+",
    "Kf8",
    "Be7+",
    "Ke8",
    "Rxh7",
    "Rf7",
    "Rxf7",
    "Kxf7",
    "Kf3",
    "Kg8",
    "Kg4",
    "Kh7",
    "Bf8",
    "Nf6+",
    "Kh4",
    "Ne4",
    "Bg7",
    "Nd6",
    "Kg5",
    "Ne4+",
    "Kg4",
    "Nd6"
  ],
  "statePieceCount": 14,
  "endPieceCount": 9,
  "boardState": [
    {
      "square": "a8",
      "type": "r",
      "color": "b"
    },
    {
      "square": "h8",
      "type": "k",
      "color": "b"
    },
    {
      "square": "a7",
      "type": "r",
      "color": "w"
    },
    {
      "square": "g7",
      "type": "r",
      "color": "w"
    },
    {
      "square": "h7",
      "type": "p",
      "color": "b"
    },
    {
      "square": "g6",
      "type": "p",
      "color": "b"
    },
    {
      "square": "h6",
      "type": "p",
      "color": "w"
    },
    {
      "square": "d5",
      "type": "p",
      "color": "b"
    },
    {
      "square": "f5",
      "type": "r",
      "color": "b"
    },
    {
      "square": "g5",
      "type": "b",
      "color": "w"
    },
    {
      "square": "d4",
      "type": "p",
      "color": "w"
    },
    {
      "square": "e4",
      "type": "n",
      "color": "b"
    },
    {
      "square": "f4",
      "type": "p",
      "color": "w"
    },
    {
      "square": "g2",
      "type": "k",
      "color": "w"
    }
  ],
  "nextTurn": "b"
}