{
  "event": "Norway Chess",
  "site": "Stavanger NOR",
  "date": "2019.06.05",
  "eventDate": "2019.06.04",
  "dateMillis": 1559664000000,
  "eventDateMillis": 1559577600000,
  "round": "2.1",
  "result": "0-1",
  "white": "Levon Aronian",
  "black": "Magnus Carlsen",
  "isCarlsenWin": true,
  "isDraw": false,
  "isCarlsenBlack": true,
  "moves": [
    "Kxg7",
    "Nxh4",
    "a5",
    "Ra1",
    "a4",
    "Ra3",
    "Kf6",
    "Kf1",
    "Ke5",
    "Ke1",
    "Kd5",
    "f3",
    "Bh5",
    "Kd2",
    "Be8",
    "Kc1",
    "Kc4",
    "Nf5",
    "Ra6",
    "Ng7",
    "Bg6",
    "Kd2",
    "Kd5"
  ],
  "statePieceCount": 14,
  "endPieceCount": 12,
  "boardState": [
    {
      "square": "a8",
      "type": "r",
      "color": "b"
    },
    {
      "square": "h8",
      "type": "k",
      "color": "b"
    },
    {
      "square": "a7",
      "type": "p",
      "color": "b"
    },
    {
      "square": "g7",
      "type": "q",
      "color": "w"
    },
    {
      "square": "c5",
      "type": "p",
      "color": "b"
    },
    {
      "square": "f4",
      "type": "p",
      "color": "b"
    },
    {
      "square": "g4",
      "type": "b",
      "color": "b"
    },
    {
      "square": "h4",
      "type": "n",
      "color": "b"
    },
    {
      "square": "c3",
      "type": "p",
      "color": "w"
    },
    {
      "square": "f3",
      "type": "n",
      "color": "w"
    },
    {
      "square": "f2",
      "type": "p",
      "color": "w"
    },
    {
      "square": "g2",
      "type": "p",
      "color": "w"
    },
    {
      "square": "f1",
      "type": "r",
      "color": "w"
    },
    {
      "square": "g1",
      "type": "k",
      "color": "w"
    }
  ],
  "nextTurn": "b"
}