{
  "event": "Norway Chess",
  "site": "Stavanger NOR",
  "date": "2019.06.12",
  "eventDate": "2019.06.04",
  "dateMillis": 1560268800000,
  "eventDateMillis": 1559577600000,
  "round": "7.1",
  "result": "1/2-1/2",
  "white": "Wesley So",
  "black": "Magnus Carlsen",
  "isCarlsenWin": false,
  "isDraw": true,
  "isCarlsenBlack": true,
  "moves": [
    "Bf8",
    "Bd7",
    "Rb4",
    "Ra4",
    "Rb2",
    "Ra7",
    "Be7",
    "Bc6",
    "Kf8",
    "Rb7",
    "Rxb7",
    "Bxb7"
  ],
  "statePieceCount": 14,
  "endPieceCount": 12,
  "boardState": [
    {
      "square": "a8",
      "type": "r",
      "color": "w"
    },
    {
      "square": "g8",
      "type": "k",
      "color": "b"
    },
    {
      "square": "f7",
      "type": "p",
      "color": "b"
    },
    {
      "square": "d6",
      "type": "p",
      "color": "b"
    },
    {
      "square": "g6",
      "type": "p",
      "color": "b"
    },
    {
      "square": "h6",
      "type": "b",
      "color": "b"
    },
    {
      "square": "d5",
      "type": "p",
      "color": "w"
    },
    {
      "square": "e5",
      "type": "p",
      "color": "b"
    },
    {
      "square": "e4",
      "type": "p",
      "color": "w"
    },
    {
      "square": "b3",
      "type": "r",
      "color": "b"
    },
    {
      "square": "g3",
      "type": "p",
      "color": "w"
    },
    {
      "square": "h3",
      "type": "b",
      "color": "w"
    },
    {
      "square": "f2",
      "type": "p",
      "color": "w"
    },
    {
      "square": "g1",
      "type": "k",
      "color": "w"
    }
  ],
  "nextTurn": "b"
}