{
  "event": "European Club Cup",
  "site": "Porto Carras GRE",
  "date": "2018.10.18",
  "eventDate": "2018.10.12",
  "dateMillis": 1539792000000,
  "eventDateMillis": 1539273600000,
  "round": "7.1",
  "result": "1/2-1/2",
  "white": "Peter Svidler",
  "black": "Magnus Carlsen",
  "isCarlsenWin": false,
  "isDraw": true,
  "isCarlsenBlack": true,
  "moves": [
    "b6",
    "b4",
    "Nd7",
    "Kg2",
    "Kf8",
    "Kf2",
    "Nf6",
    "Bf3",
    "Ke7",
    "Ke3",
    "Kd6",
    "Kd4",
    "Ng8",
    "c5+",
    "bxc5+",
    "bxc5+",
    "Kc7",
    "Bd5",
    "Ne7",
    "Ke5",
    "Nxd5",
    "Kxd5",
    "h5",
    "c6",
    "a6",
    "a4",
    "a5",
    "Kc5",
    "f6",
    "Kd5",
    "g5",
    "Ke6",
    "Kxc6",
    "Kxf6",
    "gxh4",
    "gxh4",
    "Kd6",
    "Kg5",
    "Ke5",
    "Kxh5",
    "Kf5",
    "Kh6",
    "Kf6",
    "h5",
    "Kf7",
    "Kg5",
    "Kg7",
    "h6+",
    "Kh7",
    "Kh5",
    "Kh8",
    "Kg6",
    "Kg8",
    "h7+",
    "Kh8",
    "Kh6"
  ],
  "statePieceCount": 14,
  "endPieceCount": 5,
  "boardState": [
    {
      "square": "f8",
      "type": "n",
      "color": "b"
    },
    {
      "square": "g8",
      "type": "k",
      "color": "b"
    },
    {
      "square": "a7",
      "type": "p",
      "color": "b"
    },
    {
      "square": "b7",
      "type": "p",
      "color": "b"
    },
    {
      "square": "f7",
      "type": "p",
      "color": "b"
    },
    {
      "square": "g7",
      "type": "p",
      "color": "b"
    },
    {
      "square": "h6",
      "type": "p",
      "color": "b"
    },
    {
      "square": "d5",
      "type": "b",
      "color": "w"
    },
    {
      "square": "c4",
      "type": "p",
      "color": "w"
    },
    {
      "square": "h4",
      "type": "p",
      "color": "w"
    },
    {
      "square": "a3",
      "type": "p",
      "color": "w"
    },
    {
      "square": "g3",
      "type": "p",
      "color": "w"
    },
    {
      "square": "b2",
      "type": "p",
      "color": "w"
    },
    {
      "square": "h2",
      "type": "k",
      "color": "w"
    }
  ],
  "nextTurn": "b"
}