{
  "event": "Norway Chess",
  "site": "Stavanger NOR",
  "date": "2019.06.09",
  "eventDate": "2019.06.04",
  "dateMillis": 1560009600000,
  "eventDateMillis": 1559577600000,
  "round": "5.1",
  "result": "1/2-1/2",
  "white": "Maxime Vachier-Lagrave",
  "black": "Magnus Carlsen",
  "isCarlsenWin": false,
  "isDraw": true,
  "isCarlsenBlack": true,
  "moves": [
    "Bg4",
    "h5",
    "Bd7",
    "Rb2+",
    "Ke3",
    "Rxh2",
    "Rc7",
    "Kf8",
    "Rc8+",
    "Kg7",
    "Rc7",
    "Kf8",
    "f5",
    "gxf5",
    "Bxf5",
    "Be6",
    "Bxe6",
    "fxe6",
    "Rb7",
    "Rb2",
    "Kf4",
    "Rf2+",
    "Ke4",
    "Re2+",
    "Kf4",
    "Rf2+",
    "Ke4",
    "Re2+"
  ],
  "statePieceCount": 14,
  "endPieceCount": 9,
  "boardState": [
    {
      "square": "f7",
      "type": "p",
      "color": "b"
    },
    {
      "square": "g7",
      "type": "k",
      "color": "b"
    },
    {
      "square": "b6",
      "type": "p",
      "color": "b"
    },
    {
      "square": "c6",
      "type": "r",
      "color": "w"
    },
    {
      "square": "g6",
      "type": "p",
      "color": "b"
    },
    {
      "square": "h6",
      "type": "p",
      "color": "b"
    },
    {
      "square": "e5",
      "type": "p",
      "color": "w"
    },
    {
      "square": "b4",
      "type": "r",
      "color": "b"
    },
    {
      "square": "f4",
      "type": "p",
      "color": "w"
    },
    {
      "square": "f3",
      "type": "b",
      "color": "w"
    },
    {
      "square": "g3",
      "type": "p",
      "color": "w"
    },
    {
      "square": "a2",
      "type": "b",
      "color": "b"
    },
    {
      "square": "f2",
      "type": "k",
      "color": "w"
    },
    {
      "square": "h2",
      "type": "p",
      "color": "w"
    }
  ],
  "nextTurn": "w"
}