{
  "event": "GCT Croatia",
  "site": "0:17:33-0:05:33",
  "date": "2019.07.05",
  "eventDate": "2019.06.26",
  "dateMillis": 1562256000000,
  "eventDateMillis": 1561478400000,
  "round": "9.1",
  "result": "1/2-1/2",
  "white": "Magnus Carlsen",
  "black": "Levon Aronian",
  "isDingWin": false,
  "isDraw": true,
  "isDingBlack": false,
  "moves": [
    "Rc4",
    "Qg3",
    "Be4",
    "Bb3",
    "Rd4+",
    "Ke1",
    "Bf5",
    "h5",
    "Rd3",
    "Qb8+",
    "Qf8",
    "Qxf8+",
    "Kxf8",
    "Bc2",
    "Rh3",
    "Bxf5",
    "exf5",
    "h6",
    "Kg8",
    "a4",
    "Rh4",
    "Rxf5",
    "Rxa4",
    "Kf2",
    "Rg4",
    "Kf3",
    "Rg1",
    "Kf2",
    "Rg4",
    "Kf3",
    "Rg1",
    "Kf2"
  ],
  "statePieceCount": 14,
  "endPieceCount": 8,
  "boardState": [
    {
      "square": "c8",
      "type": "r",
      "color": "b"
    },
    {
      "square": "g8",
      "type": "k",
      "color": "b"
    },
    {
      "square": "f7",
      "type": "p",
      "color": "b"
    },
    {
      "square": "g7",
      "type": "q",
      "color": "b"
    },
    {
      "square": "e6",
      "type": "p",
      "color": "b"
    },
    {
      "square": "f6",
      "type": "r",
      "color": "w"
    },
    {
      "square": "a5",
      "type": "p",
      "color": "b"
    },
    {
      "square": "d5",
      "type": "b",
      "color": "b"
    },
    {
      "square": "g5",
      "type": "p",
      "color": "w"
    },
    {
      "square": "h4",
      "type": "p",
      "color": "w"
    },
    {
      "square": "a3",
      "type": "p",
      "color": "w"
    },
    {
      "square": "d3",
      "type": "q",
      "color": "w"
    },
    {
      "square": "c2",
      "type": "b",
      "color": "w"
    },
    {
      "square": "d2",
      "type": "k",
      "color": "w"
    }
  ]
}