{
  "event": "GCT Croatia",
  "site": "Zagreb CRO",
  "date": "2019.07.06",
  "eventDate": "2019.06.26",
  "dateMillis": 1562342400000,
  "eventDateMillis": 1561478400000,
  "round": "10.1",
  "result": "1/2-1/2",
  "white": "Wesley So",
  "black": "Magnus Carlsen",
  "isCarlsenWin": false,
  "isDraw": true,
  "isCarlsenBlack": true,
  "moves": [
    "Rxd5",
    "Bxd5",
    "f3",
    "h5",
    "Bd4",
    "Bc6",
    "Bc3",
    "Bd5",
    "Bd4",
    "Bc6",
    "Bc3",
    "Bd5",
    "Bd4"
  ],
  "statePieceCount": 14,
  "endPieceCount": 12,
  "boardState": [
    {
      "square": "g8",
      "type": "k",
      "color": "b"
    },
    {
      "square": "f7",
      "type": "b",
      "color": "b"
    },
    {
      "square": "g7",
      "type": "p",
      "color": "b"
    },
    {
      "square": "h7",
      "type": "p",
      "color": "b"
    },
    {
      "square": "f6",
      "type": "p",
      "color": "b"
    },
    {
      "square": "b5",
      "type": "p",
      "color": "b"
    },
    {
      "square": "c5",
      "type": "b",
      "color": "w"
    },
    {
      "square": "d5",
      "type": "r",
      "color": "b"
    },
    {
      "square": "b4",
      "type": "p",
      "color": "w"
    },
    {
      "square": "h4",
      "type": "p",
      "color": "w"
    },
    {
      "square": "f2",
      "type": "p",
      "color": "w"
    },
    {
      "square": "g2",
      "type": "p",
      "color": "w"
    },
    {
      "square": "d1",
      "type": "r",
      "color": "w"
    },
    {
      "square": "g1",
      "type": "k",
      "color": "w"
    }
  ],
  "nextTurn": "w"
}