{
  "event": "GCT St. Louis Rapid & Blitz",
  "site": "St Louis, MO USA",
  "date": "2019.08.14",
  "eventDate": "2019.08.13",
  "dateMillis": 1565712000000,
  "eventDateMillis": 1565625600000,
  "round": "18.2",
  "result": "1/2-1/2",
  "white": "Richard Rapport",
  "black": "Magnus Carlsen",
  "isCarlsenWin": false,
  "isDraw": true,
  "isCarlsenBlack": true,
  "moves": [
    "Kg2",
    "Ne5",
    "Ng5",
    "Nxc4",
    "Ne4",
    "Kf7",
    "Kf3",
    "Ke7",
    "Ng5",
    "Nb6",
    "Ke4",
    "h6",
    "Ne6",
    "g6",
    "g4",
    "Nd7",
    "g5",
    "h5",
    "Nc7",
    "a5",
    "Ne6",
    "a4",
    "Nf4",
    "Ne5",
    "Ne2",
    "a3",
    "Nc3",
    "Kd7",
    "Nb5",
    "Nc4",
    "Kd3",
    "Nb6",
    "Ke4",
    "Na4",
    "Kd3",
    "Nb6",
    "Ke4"
  ],
  "statePieceCount": 14,
  "endPieceCount": 13,
  "boardState": [
    {
      "square": "g8",
      "type": "k",
      "color": "b"
    },
    {
      "square": "g7",
      "type": "p",
      "color": "b"
    },
    {
      "square": "h7",
      "type": "p",
      "color": "b"
    },
    {
      "square": "a6",
      "type": "p",
      "color": "b"
    },
    {
      "square": "d6",
      "type": "p",
      "color": "b"
    },
    {
      "square": "c5",
      "type": "p",
      "color": "b"
    },
    {
      "square": "d5",
      "type": "p",
      "color": "w"
    },
    {
      "square": "c4",
      "type": "p",
      "color": "w"
    },
    {
      "square": "h4",
      "type": "p",
      "color": "w"
    },
    {
      "square": "f3",
      "type": "n",
      "color": "b"
    },
    {
      "square": "g3",
      "type": "p",
      "color": "w"
    },
    {
      "square": "h3",
      "type": "n",
      "color": "w"
    },
    {
      "square": "a2",
      "type": "p",
      "color": "w"
    },
    {
      "square": "h1",
      "type": "k",
      "color": "w"
    }
  ],
  "nextTurn": "w"
}