{
  "event": "Isle of Man Grand Swiss",
  "site": "Douglas IMN",
  "date": "2019.10.20",
  "eventDate": "2019.10.10",
  "dateMillis": 1571500800000,
  "eventDateMillis": 1570636800000,
  "round": "10.3",
  "result": "1-0",
  "white": "Magnus Carlsen",
  "black": "Maxim Matlakov",
  "isCarlsenWin": true,
  "isDraw": false,
  "isCarlsenBlack": false,
  "moves": [
    "Qxa5",
    "Qe7",
    "Qh5+",
    "Kg1",
    "Ra1+",
    "Bf1",
    "Qxf7",
    "Qxf7",
    "Ba6",
    "Qf2+",
    "Kb7",
    "Qd4",
    "Rxf1+",
    "Kh2",
    "h5",
    "Qc5",
    "Rb1",
    "Qxh5",
    "Kb6",
    "Qxg4",
    "Rxb3",
    "Qg8",
    "Rd3",
    "g4",
    "Rd5",
    "g5",
    "Bd3",
    "g6",
    "Bxg6",
    "Qxg6",
    "Kc7",
    "Qf7+",
    "Kb8",
    "Kg3",
    "Rg5+",
    "Kf4",
    "Rd5",
    "Qf8+",
    "Kb7",
    "Qb4+",
    "Kc7",
    "Ke4",
    "Kc8",
    "Qb6",
    "Kd7",
    "Qb7+",
    "Kd6",
    "Qc8",
    "Kc5",
    "Qb8",
    "Rh5",
    "Kf4",
    "Rd5",
    "Kg4",
    "Kc4",
    "Qb6",
    "Rd4+",
    "Kf5",
    "c5",
    "Qa5",
    "Rd5+",
    "Ke6",
    "Rd4",
    "Qa4+",
    "Kc3",
    "Qa3+",
    "Kc4",
    "Qa5",
    "Rd3",
    "Qa4+",
    "Kc3",
    "Qa3+",
    "Kc4",
    "Qc1+",
    "Kb4",
    "Qb2+",
    "Kc4",
    "Qc2+",
    "Kd4",
    "Kd6",
    "c4",
    "Qf2+",
    "Re3",
    "Qd2+"
  ],
  "statePieceCount": 14,
  "endPieceCount": 5,
  "boardState": [
    {
      "square": "a8",
      "type": "r",
      "color": "b"
    },
    {
      "square": "f8",
      "type": "q",
      "color": "w"
    },
    {
      "square": "b7",
      "type": "b",
      "color": "b"
    },
    {
      "square": "f7",
      "type": "r",
      "color": "w"
    },
    {
      "square": "b6",
      "type": "k",
      "color": "b"
    },
    {
      "square": "c6",
      "type": "p",
      "color": "b"
    },
    {
      "square": "h6",
      "type": "p",
      "color": "b"
    },
    {
      "square": "a5",
      "type": "p",
      "color": "w"
    },
    {
      "square": "e5",
      "type": "q",
      "color": "b"
    },
    {
      "square": "c4",
      "type": "b",
      "color": "w"
    },
    {
      "square": "g4",
      "type": "p",
      "color": "b"
    },
    {
      "square": "b3",
      "type": "p",
      "color": "w"
    },
    {
      "square": "g2",
      "type": "p",
      "color": "w"
    },
    {
      "square": "h1",
      "type": "k",
      "color": "w"
    }
  ],
  "nextTurn": "b"
}