{
  "event": "GCT Kolkata Rapid & Blitz",
  "site": "Kolkata IND",
  "date": "2019.11.25",
  "eventDate": "2019.11.25",
  "dateMillis": 1574611200000,
  "eventDateMillis": 1574611200000,
  "round": "7.4",
  "result": "1-0",
  "white": "Magnus Carlsen",
  "black": "Levon Aronian",
  "isCarlsenWin": true,
  "isDraw": false,
  "isCarlsenBlack": false,
  "moves": [
    "Kg7",
    "Rc6",
    "Rb2",
    "a6",
    "Rdd2",
    "a7",
    "Rxf2",
    "Rc2",
    "Rbxc2",
    "a8=Q",
    "h5",
    "Qe4",
    "Rce2",
    "Qd4+",
    "Rf6",
    "Rf1",
    "Re5",
    "Rxf6",
    "Kxf6",
    "Qxd6+",
    "Re6",
    "Qf8",
    "Re5",
    "Kf2",
    "Rf5+",
    "Ke3",
    "Re5+",
    "Kd4",
    "Re2",
    "g4",
    "hxg4",
    "hxg4",
    "Rg2",
    "Qh8+",
    "Ke7",
    "Qh3",
    "Rd2+",
    "Ke5",
    "Re2+",
    "Kf4",
    "Re6",
    "Kg5",
    "Re5+",
    "Kh6",
    "g5",
    "Kg7",
    "Re6",
    "Qa3+",
    "Ke8",
    "Qa8+",
    "Ke7",
    "Qb7+"
  ],
  "statePieceCount": 14,
  "endPieceCount": 7,
  "boardState": [
    {
      "square": "b8",
      "type": "r",
      "color": "b"
    },
    {
      "square": "g8",
      "type": "k",
      "color": "b"
    },
    {
      "square": "f7",
      "type": "p",
      "color": "b"
    },
    {
      "square": "h7",
      "type": "p",
      "color": "b"
    },
    {
      "square": "a6",
      "type": "r",
      "color": "w"
    },
    {
      "square": "d6",
      "type": "p",
      "color": "b"
    },
    {
      "square": "g6",
      "type": "p",
      "color": "b"
    },
    {
      "square": "a5",
      "type": "p",
      "color": "w"
    },
    {
      "square": "d5",
      "type": "r",
      "color": "b"
    },
    {
      "square": "h3",
      "type": "p",
      "color": "w"
    },
    {
      "square": "f2",
      "type": "p",
      "color": "w"
    },
    {
      "square": "g2",
      "type": "p",
      "color": "w"
    },
    {
      "square": "a1",
      "type": "r",
      "color": "w"
    },
    {
      "square": "g1",
      "type": "k",
      "color": "w"
    }
  ],
  "nextTurn": "b"
}