{
  "event": "GCT Kolkata Rapid & Blitz",
  "site": "Kolkata IND",
  "date": "2019.11.22",
  "eventDate": "2019.11.22",
  "dateMillis": 1574352000000,
  "eventDateMillis": 1574352000000,
  "round": "1",
  "result": "1/2-1/2",
  "white": "Wesley So",
  "black": "Magnus Carlsen",
  "isDingWin": false,
  "isDraw": true,
  "isDingBlack": true,
  "moves": [
    "Rf5",
    "Rxc3",
    "Rxc3",
    "Rxc3",
    "e5",
    "Rc4",
    "Bd5",
    "Rxg4+",
    "Kh2",
    "Rd4",
    "Bxe6",
    "fxe6",
    "Rf6",
    "Rd5",
    "Rg6+",
    "Kf7",
    "Rxg5",
    "Rd1",
    "f4",
    "Rd3",
    "Kg2",
    "Ra3",
    "Rg3",
    "Ra4",
    "Kf3",
    "Ra1",
    "Kg4",
    "Kg6",
    "Kf3+",
    "Kf7",
    "Rg2",
    "Ra3+",
    "Kg4",
    "Ra1",
    "Rb2",
    "Rg1+",
    "Kf3",
    "Rf1+",
    "Ke3",
    "Re1+",
    "Kf2",
    "Ra1",
    "Rb8",
    "Ra3",
    "Rb6"
  ],
  "statePieceCount": 14,
  "endPieceCount": 7,
  "boardState": [
    {
      "square": "g8",
      "type": "k",
      "color": "b"
    },
    {
      "square": "c7",
      "type": "r",
      "color": "b"
    },
    {
      "square": "f7",
      "type": "p",
      "color": "b"
    },
    {
      "square": "c6",
      "type": "r",
      "color": "b"
    },
    {
      "square": "e6",
      "type": "n",
      "color": "b"
    },
    {
      "square": "e5",
      "type": "r",
      "color": "w"
    },
    {
      "square": "g5",
      "type": "p",
      "color": "b"
    },
    {
      "square": "e4",
      "type": "p",
      "color": "w"
    },
    {
      "square": "g4",
      "type": "p",
      "color": "w"
    },
    {
      "square": "c3",
      "type": "p",
      "color": "w"
    },
    {
      "square": "f2",
      "type": "p",
      "color": "w"
    },
    {
      "square": "g2",
      "type": "b",
      "color": "w"
    },
    {
      "square": "c1",
      "type": "r",
      "color": "w"
    },
    {
      "square": "g1",
      "type": "k",
      "color": "w"
    }
  ]
}