{
  "event": "London Chess Classic GCT Finals",
  "site": "London ENG",
  "date": "2019.12.04",
  "eventDate": "2019.12.02",
  "dateMillis": 1575388800000,
  "eventDateMillis": 1575216000000,
  "round": "1.6",
  "result": "0-1",
  "white": "Magnus Carlsen",
  "black": "Maxime Vachier-Lagrave",
  "isCarlsenWin": false,
  "isDraw": false,
  "isCarlsenBlack": false,
  "moves": [
    "Ke2",
    "Ra3",
    "c6",
    "Rc3",
    "c7",
    "Kg7",
    "Ra7",
    "b3",
    "Rxa5",
    "Rxc7",
    "Rb5",
    "Rc2+",
    "Kf3",
    "b2",
    "Rb6",
    "h5",
    "h3",
    "Kf8",
    "g4",
    "h4",
    "g5",
    "Ke7",
    "e4",
    "Kd7",
    "Ke3",
    "Kc7",
    "Rb5",
    "Kc6",
    "Rb8",
    "Kc5",
    "f4",
    "Kc4",
    "f5",
    "Kc3",
    "Kf4",
    "Rg2",
    "fxg6",
    "fxg6",
    "e5",
    "Re2",
    "Rb6",
    "Kc2",
    "Rc6+",
    "Kd1",
    "Rd6+",
    "Kc1",
    "Rc6+",
    "Rc2",
    "Rb6",
    "Rc4+"
  ],
  "statePieceCount": 14,
  "endPieceCount": 10,
  "boardState": [
    {
      "square": "g8",
      "type": "k",
      "color": "b"
    },
    {
      "square": "b7",
      "type": "r",
      "color": "w"
    },
    {
      "square": "f7",
      "type": "p",
      "color": "b"
    },
    {
      "square": "h7",
      "type": "p",
      "color": "b"
    },
    {
      "square": "g6",
      "type": "p",
      "color": "b"
    },
    {
      "square": "a5",
      "type": "p",
      "color": "b"
    },
    {
      "square": "c5",
      "type": "p",
      "color": "w"
    },
    {
      "square": "a4",
      "type": "r",
      "color": "b"
    },
    {
      "square": "b4",
      "type": "p",
      "color": "b"
    },
    {
      "square": "e3",
      "type": "p",
      "color": "w"
    },
    {
      "square": "f2",
      "type": "p",
      "color": "w"
    },
    {
      "square": "g2",
      "type": "p",
      "color": "w"
    },
    {
      "square": "h2",
      "type": "p",
      "color": "w"
    },
    {
      "square": "f1",
      "type": "k",
      "color": "w"
    }
  ],
  "nextTurn": "w"
}