{
  "event": "World Rapid Championship",
  "site": "Moscow RUS",
  "date": "2019.12.28",
  "eventDate": "2019.12.26",
  "dateMillis": 1577462400000,
  "eventDateMillis": 1577289600000,
  "round": "11.1",
  "result": "1/2-1/2",
  "white": "Vachier-Lagrave, Maxime",
  "black": "Magnus Carlsen",
  "isDingWin": false,
  "isDraw": true,
  "isDingBlack": true,
  "moves": [
    "Rd2",
    "Ka2",
    "Be6+",
    "Kb1",
    "Bb3",
    "Kc1",
    "Rc2+",
    "Kb1",
    "Rc6",
    "Bd1",
    "Bxd1",
    "Rxd1",
    "Rh6",
    "Rd7",
    "b5",
    "Kc2",
    "Rxh4",
    "Kd2",
    "Rf4",
    "Ke2",
    "Kh6",
    "Ra7",
    "Rf6",
    "Re7",
    "Rc6"
  ],
  "statePieceCount": 14,
  "endPieceCount": 11,
  "boardState": [
    {
      "square": "b7",
      "type": "p",
      "color": "b"
    },
    {
      "square": "g7",
      "type": "p",
      "color": "b"
    },
    {
      "square": "h7",
      "type": "k",
      "color": "b"
    },
    {
      "square": "a6",
      "type": "p",
      "color": "b"
    },
    {
      "square": "d6",
      "type": "r",
      "color": "b"
    },
    {
      "square": "f5",
      "type": "b",
      "color": "b"
    },
    {
      "square": "e4",
      "type": "p",
      "color": "b"
    },
    {
      "square": "h4",
      "type": "p",
      "color": "w"
    },
    {
      "square": "a3",
      "type": "p",
      "color": "w"
    },
    {
      "square": "b2",
      "type": "p",
      "color": "w"
    },
    {
      "square": "e2",
      "type": "b",
      "color": "w"
    },
    {
      "square": "f2",
      "type": "p",
      "color": "w"
    },
    {
      "square": "a1",
      "type": "k",
      "color": "w"
    },
    {
      "square": "e1",
      "type": "r",
      "color": "w"
    }
  ]
}