{
  "event": "World Blitz Championship",
  "site": "Moscow RUS",
  "date": "2019.12.29",
  "eventDate": "2019.12.29",
  "dateMillis": 1577548800000,
  "eventDateMillis": 1577548800000,
  "round": "5.2",
  "result": "0-1",
  "white": "Radoslaw Wojtaszek",
  "black": "Magnus Carlsen",
  "isDingWin": true,
  "isDraw": false,
  "isDingBlack": true,
  "moves": [
    "gxf4",
    "Qc5+",
    "Kd3",
    "Qc4+",
    "Ke3",
    "Qxc3+",
    "Ke4",
    "Qc4+",
    "Kf5",
    "Qc2+",
    "Kg4",
    "Qg6+",
    "Kf3",
    "Qd3+",
    "Kg4",
    "Kg6",
    "Ra6+",
    "Kg7",
    "Raa7",
    "h5+",
    "Kh4",
    "Qf5",
    "Kg3",
    "Qg4+",
    "Kf2",
    "Qxf4+",
    "Ke2",
    "Kg6",
    "Ra6+",
    "Kg5",
    "Rf6",
    "Qe4+",
    "Kf2",
    "a3",
    "Rfxf7",
    "a2",
    "Rg7+",
    "Kh4",
    "Ra7",
    "Qxe5"
  ],
  "statePieceCount": 14,
  "endPieceCount": 9,
  "boardState": [
    {
      "square": "a7",
      "type": "r",
      "color": "w"
    },
    {
      "square": "e7",
      "type": "r",
      "color": "w"
    },
    {
      "square": "f7",
      "type": "p",
      "color": "b"
    },
    {
      "square": "g7",
      "type": "k",
      "color": "b"
    },
    {
      "square": "h7",
      "type": "p",
      "color": "b"
    },
    {
      "square": "b5",
      "type": "p",
      "color": "b"
    },
    {
      "square": "d5",
      "type": "q",
      "color": "b"
    },
    {
      "square": "e5",
      "type": "p",
      "color": "w"
    },
    {
      "square": "a4",
      "type": "p",
      "color": "b"
    },
    {
      "square": "f4",
      "type": "p",
      "color": "b"
    },
    {
      "square": "c3",
      "type": "p",
      "color": "w"
    },
    {
      "square": "e3",
      "type": "k",
      "color": "w"
    },
    {
      "square": "g3",
      "type": "p",
      "color": "w"
    },
    {
      "square": "h2",
      "type": "p",
      "color": "w"
    }
  ]
}