{
  "event": "World Blitz Championship",
  "site": "Moscow RUS",
  "date": "2019.12.30",
  "eventDate": "2019.12.29",
  "dateMillis": 1577635200000,
  "eventDateMillis": 1577548800000,
  "round": "20.1",
  "result": "1/2-1/2",
  "white": "Magnus Carlsen",
  "black": "Alexander Grischuk",
  "isCarlsenWin": false,
  "isDraw": true,
  "isCarlsenBlack": false,
  "moves": [
    "Rxa2",
    "c5",
    "Rc2",
    "Bd3",
    "Rc1+",
    "Kg2",
    "Bd4",
    "Rc8+",
    "Kg7",
    "c6",
    "Bb6",
    "h4",
    "Rc3",
    "Bb5",
    "Rc2",
    "Rb8",
    "Bxf2",
    "Rb7+",
    "Kf6",
    "Ba4",
    "Ra2",
    "Bb3",
    "Rb2",
    "Kf3",
    "Bd4",
    "g4",
    "Rf2+",
    "Kg3",
    "f4+",
    "Kh3",
    "Rf3+",
    "Kg2",
    "Rf2+",
    "Kh3",
    "Rf3+",
    "Kg2",
    "Rf2+"
  ],
  "statePieceCount": 14,
  "endPieceCount": 12,
  "boardState": [
    {
      "square": "g8",
      "type": "k",
      "color": "b"
    },
    {
      "square": "h7",
      "type": "p",
      "color": "b"
    },
    {
      "square": "c6",
      "type": "r",
      "color": "w"
    },
    {
      "square": "g6",
      "type": "p",
      "color": "b"
    },
    {
      "square": "a5",
      "type": "r",
      "color": "b"
    },
    {
      "square": "f5",
      "type": "p",
      "color": "b"
    },
    {
      "square": "c4",
      "type": "p",
      "color": "w"
    },
    {
      "square": "c3",
      "type": "b",
      "color": "b"
    },
    {
      "square": "g3",
      "type": "p",
      "color": "w"
    },
    {
      "square": "h3",
      "type": "p",
      "color": "w"
    },
    {
      "square": "a2",
      "type": "p",
      "color": "w"
    },
    {
      "square": "e2",
      "type": "b",
      "color": "w"
    },
    {
      "square": "f2",
      "type": "p",
      "color": "w"
    },
    {
      "square": "f1",
      "type": "k",
      "color": "w"
    }
  ],
  "nextTurn": "b"
}