{
  "event": "Tata Steel Masters",
  "site": "Wijk aan Zee NED",
  "date": "2020.01.25",
  "eventDate": "2020.01.10",
  "dateMillis": 1579881600000,
  "eventDateMillis": 1578585600000,
  "round": "12",
  "result": "1/2-1/2",
  "white": "Magnus Carlsen",
  "black": "Vladislav Artemiev",
  "isCarlsenWin": false,
  "isDraw": true,
  "isCarlsenBlack": false,
  "moves": [
    "fxe3",
    "Rb3",
    "Kf3",
    "Kg7",
    "g3",
    "Kg6",
    "a4",
    "Rb4",
    "Ra7",
    "h6",
    "Ra8",
    "Re4",
    "Ra5",
    "Rb4",
    "Ra7",
    "Kh5",
    "Ra8",
    "Re4",
    "Ra5",
    "Rc4",
    "Ra7"
  ],
  "statePieceCount": 14,
  "endPieceCount": 13,
  "boardState": [
    {
      "square": "g8",
      "type": "k",
      "color": "b"
    },
    {
      "square": "b7",
      "type": "p",
      "color": "b"
    },
    {
      "square": "h7",
      "type": "p",
      "color": "b"
    },
    {
      "square": "e6",
      "type": "p",
      "color": "b"
    },
    {
      "square": "a5",
      "type": "r",
      "color": "w"
    },
    {
      "square": "e5",
      "type": "p",
      "color": "w"
    },
    {
      "square": "f5",
      "type": "p",
      "color": "b"
    },
    {
      "square": "h4",
      "type": "p",
      "color": "w"
    },
    {
      "square": "a3",
      "type": "p",
      "color": "w"
    },
    {
      "square": "c3",
      "type": "r",
      "color": "b"
    },
    {
      "square": "e3",
      "type": "n",
      "color": "b"
    },
    {
      "square": "e2",
      "type": "k",
      "color": "w"
    },
    {
      "square": "f2",
      "type": "p",
      "color": "w"
    },
    {
      "square": "g2",
      "type": "p",
      "color": "w"
    }
  ],
  "nextTurn": "w"
}