{
  "event": "Magnus Carlsen Invitational",
  "site": "chess24.com INT",
  "date": "2020.04.24",
  "eventDate": "2020.04.18",
  "dateMillis": 1587657600000,
  "eventDateMillis": 1587139200000,
  "round": "4.1",
  "result": "1/2-1/2",
  "white": "Magnus Carlsen",
  "black": "Maxime Vachier-Lagrave",
  "isDingWin": false,
  "isDraw": true,
  "isDingBlack": false,
  "moves": [
    "g4",
    "Rb8",
    "Kg2",
    "Re8",
    "Rd7",
    "Qe6",
    "Qd5",
    "Qxd5+",
    "Rxd5",
    "g6",
    "h4",
    "Bg7",
    "h5",
    "g5",
    "Kf3",
    "Bf6",
    "Ke2",
    "Kg7",
    "Kd3",
    "Ra8",
    "f4",
    "gxf4",
    "Bxf4",
    "Ra3+",
    "Ke4",
    "Ra6",
    "Kf5",
    "Bb2",
    "Rb5",
    "Rf6+",
    "Ke4",
    "Re6+",
    "Kf5",
    "Rf6+",
    "Ke4",
    "Re6+",
    "Kf5",
    "Rf6+"
  ],
  "statePieceCount": 14,
  "endPieceCount": 10,
  "boardState": [
    {
      "square": "f8",
      "type": "b",
      "color": "b"
    },
    {
      "square": "g8",
      "type": "k",
      "color": "b"
    },
    {
      "square": "b7",
      "type": "r",
      "color": "b"
    },
    {
      "square": "f7",
      "type": "p",
      "color": "b"
    },
    {
      "square": "g7",
      "type": "p",
      "color": "b"
    },
    {
      "square": "h6",
      "type": "p",
      "color": "b"
    },
    {
      "square": "b3",
      "type": "q",
      "color": "b"
    },
    {
      "square": "e3",
      "type": "b",
      "color": "w"
    },
    {
      "square": "f3",
      "type": "q",
      "color": "w"
    },
    {
      "square": "h3",
      "type": "p",
      "color": "w"
    },
    {
      "square": "d2",
      "type": "r",
      "color": "w"
    },
    {
      "square": "f2",
      "type": "p",
      "color": "w"
    },
    {
      "square": "g2",
      "type": "p",
      "color": "w"
    },
    {
      "square": "g1",
      "type": "k",
      "color": "w"
    }
  ]
}