{
  "event": "FIDE Online Steinitz Memorial",
  "site": "chess24.com INT",
  "date": "2020.05.15",
  "eventDate": "2020.05.15",
  "dateMillis": 1589472000000,
  "eventDateMillis": 1589472000000,
  "round": "5.3",
  "result": "1-0",
  "white": "Magnus Carlsen",
  "black": "David Anton Guijarro",
  "isDingWin": true,
  "isDraw": false,
  "isDingBlack": false,
  "moves": [
    "h3",
    "Bd4",
    "Qe4",
    "Qe7",
    "Qg4",
    "Qf7",
    "f6",
    "Bxf6",
    "Ne5",
    "Qg7",
    "Qe6"
  ],
  "statePieceCount": 14,
  "endPieceCount": 13,
  "boardState": [
    {
      "square": "d8",
      "type": "r",
      "color": "b"
    },
    {
      "square": "f8",
      "type": "k",
      "color": "b"
    },
    {
      "square": "f7",
      "type": "q",
      "color": "b"
    },
    {
      "square": "h7",
      "type": "p",
      "color": "b"
    },
    {
      "square": "c5",
      "type": "p",
      "color": "b"
    },
    {
      "square": "f5",
      "type": "p",
      "color": "w"
    },
    {
      "square": "c4",
      "type": "n",
      "color": "w"
    },
    {
      "square": "c3",
      "type": "b",
      "color": "b"
    },
    {
      "square": "d3",
      "type": "p",
      "color": "w"
    },
    {
      "square": "f3",
      "type": "q",
      "color": "w"
    },
    {
      "square": "g2",
      "type": "p",
      "color": "w"
    },
    {
      "square": "h2",
      "type": "p",
      "color": "w"
    },
    {
      "square": "f1",
      "type": "r",
      "color": "w"
    },
    {
      "square": "h1",
      "type": "k",
      "color": "w"
    }
  ]
}