{
  "event": "Lindores Abbey Rapid Challenge",
  "site": "chess24.com INT",
  "date": "2020.05.20",
  "eventDate": "2020.05.19",
  "dateMillis": 1589904000000,
  "eventDateMillis": 1589817600000,
  "round": "5.3",
  "result": "1-0",
  "white": "Yu Yangyi",
  "black": "Magnus Carlsen",
  "isCarlsenWin": false,
  "isDraw": false,
  "isCarlsenBlack": true,
  "moves": [
    "Kg7",
    "Rd1",
    "c4",
    "bxc4",
    "Nc5",
    "Re5",
    "Rc8",
    "Kg2",
    "Rc7",
    "Rd8",
    "Nxa4",
    "Ree8",
    "Nc5",
    "Kf3",
    "a4",
    "Kg4",
    "a3",
    "Rg8+",
    "Kf7",
    "Kf5",
    "Nd7",
    "g6+",
    "Ke7",
    "e5"
  ],
  "statePieceCount": 14,
  "endPieceCount": 12,
  "boardState": [
    {
      "square": "g8",
      "type": "r",
      "color": "b"
    },
    {
      "square": "h8",
      "type": "k",
      "color": "b"
    },
    {
      "square": "b7",
      "type": "p",
      "color": "b"
    },
    {
      "square": "a5",
      "type": "p",
      "color": "b"
    },
    {
      "square": "c5",
      "type": "p",
      "color": "b"
    },
    {
      "square": "f5",
      "type": "r",
      "color": "w"
    },
    {
      "square": "g5",
      "type": "p",
      "color": "w"
    },
    {
      "square": "a4",
      "type": "p",
      "color": "w"
    },
    {
      "square": "b4",
      "type": "b",
      "color": "b"
    },
    {
      "square": "e4",
      "type": "p",
      "color": "w"
    },
    {
      "square": "b3",
      "type": "p",
      "color": "w"
    },
    {
      "square": "d3",
      "type": "n",
      "color": "b"
    },
    {
      "square": "a1",
      "type": "r",
      "color": "w"
    },
    {
      "square": "g1",
      "type": "k",
      "color": "w"
    }
  ],
  "nextTurn": "b"
}