{
  "event": "FIDE Online Steinitz Memorial",
  "site": "chess24.com INT",
  "date": "2020.05.16",
  "eventDate": "2020.05.15",
  "dateMillis": 1589558400000,
  "eventDateMillis": 1589472000000,
  "round": "12",
  "result": "1/2-1/2",
  "white": "Shakhriyar Mamedyarov",
  "black": "Magnus Carlsen",
  "isCarlsenWin": false,
  "isDraw": true,
  "isCarlsenBlack": true,
  "moves": [
    "Qxd4",
    "Qg4",
    "Qe4",
    "Qd1",
    "Bc5",
    "Bd2",
    "Bd4",
    "Qf3",
    "Qb1+",
    "Kh2",
    "e5",
    "g3",
    "Qc2",
    "Be1",
    "fxg3+",
    "Kxg3",
    "Qg6+",
    "Kh2",
    "e4",
    "Qg4",
    "Qxg4",
    "hxg4",
    "Kg6",
    "Kg3",
    "Be5+",
    "f4",
    "Bd6",
    "Bd2",
    "Kf6",
    "Kf2",
    "Ke6",
    "Ke3",
    "Kd5",
    "f5",
    "Be7",
    "Ke2",
    "Bg5",
    "Bc3",
    "Bf6",
    "Bd2",
    "Ke5",
    "Bc1",
    "Kd4",
    "Be3+",
    "Kd5",
    "Bc1",
    "Ke5",
    "Bd2",
    "Kd4",
    "Be3+",
    "Kc3",
    "Bc1",
    "Kc4",
    "Bf4",
    "Kd5",
    "Bc1",
    "Bd4",
    "Bf4",
    "Bc3",
    "Be3",
    "Ke5",
    "Bc1",
    "Kf6",
    "Bf4",
    "Be5",
    "Ke3",
    "h5",
    "Kxe4",
    "Bxf4",
    "Kxf4",
    "g5+",
    "fxg6",
    "hxg4",
    "g7",
    "Kxg7",
    "Kxg4"
  ],
  "statePieceCount": 14,
  "endPieceCount": 2,
  "boardState": [
    {
      "square": "g7",
      "type": "p",
      "color": "b"
    },
    {
      "square": "h7",
      "type": "k",
      "color": "b"
    },
    {
      "square": "d6",
      "type": "b",
      "color": "b"
    },
    {
      "square": "e6",
      "type": "p",
      "color": "b"
    },
    {
      "square": "h6",
      "type": "p",
      "color": "b"
    },
    {
      "square": "d5",
      "type": "q",
      "color": "b"
    },
    {
      "square": "d4",
      "type": "r",
      "color": "w"
    },
    {
      "square": "f4",
      "type": "p",
      "color": "b"
    },
    {
      "square": "h4",
      "type": "q",
      "color": "w"
    },
    {
      "square": "h3",
      "type": "p",
      "color": "w"
    },
    {
      "square": "f2",
      "type": "p",
      "color": "w"
    },
    {
      "square": "g2",
      "type": "p",
      "color": "w"
    },
    {
      "square": "c1",
      "type": "b",
      "color": "w"
    },
    {
      "square": "g1",
      "type": "k",
      "color": "w"
    }
  ],
  "nextTurn": "b"
}