{
  "event": "FIDE Online Steinitz Memorial",
  "site": "chess24.com INT",
  "date": "2020.05.16",
  "eventDate": "2020.05.15",
  "dateMillis": 1589558400000,
  "eventDateMillis": 1589472000000,
  "round": "8",
  "result": "1-0",
  "white": "Magnus Carlsen",
  "black": "Jeffery Xiong",
  "isCarlsenWin": true,
  "isDraw": false,
  "isCarlsenBlack": false,
  "moves": [
    "Re6",
    "Rf8+",
    "Kxf8",
    "Kxe6",
    "f4",
    "Kd7"
  ],
  "statePieceCount": 14,
  "endPieceCount": 12,
  "boardState": [
    {
      "square": "b8",
      "type": "r",
      "color": "w"
    },
    {
      "square": "d7",
      "type": "k",
      "color": "w"
    },
    {
      "square": "f7",
      "type": "k",
      "color": "b"
    },
    {
      "square": "h7",
      "type": "p",
      "color": "b"
    },
    {
      "square": "c6",
      "type": "p",
      "color": "b"
    },
    {
      "square": "h6",
      "type": "r",
      "color": "b"
    },
    {
      "square": "d5",
      "type": "p",
      "color": "b"
    },
    {
      "square": "e5",
      "type": "p",
      "color": "w"
    },
    {
      "square": "f5",
      "type": "p",
      "color": "b"
    },
    {
      "square": "g5",
      "type": "p",
      "color": "b"
    },
    {
      "square": "e3",
      "type": "p",
      "color": "w"
    },
    {
      "square": "g3",
      "type": "p",
      "color": "w"
    },
    {
      "square": "b2",
      "type": "p",
      "color": "w"
    },
    {
      "square": "f2",
      "type": "p",
      "color": "w"
    }
  ],
  "nextTurn": "b"
}