{
  "event": "FIDE Online Steinitz Memorial",
  "site": "chess24.com INT",
  "date": "2020.05.15",
  "eventDate": "2020.05.15",
  "dateMillis": 1589472000000,
  "eventDateMillis": 1589472000000,
  "round": "4.3",
  "result": "1-0",
  "white": "Anton Korobov",
  "black": "Magnus Carlsen",
  "isCarlsenWin": false,
  "isDraw": false,
  "isCarlsenBlack": true,
  "moves": [
    "Kxg4",
    "Bb3",
    "Kf3",
    "f6",
    "g4",
    "Bf7",
    "Bc4",
    "Be8",
    "Re6"
  ],
  "statePieceCount": 14,
  "endPieceCount": 13,
  "boardState": [
    {
      "square": "a7",
      "type": "p",
      "color": "b"
    },
    {
      "square": "f7",
      "type": "p",
      "color": "b"
    },
    {
      "square": "g7",
      "type": "k",
      "color": "b"
    },
    {
      "square": "b6",
      "type": "b",
      "color": "b"
    },
    {
      "square": "c6",
      "type": "r",
      "color": "w"
    },
    {
      "square": "b5",
      "type": "p",
      "color": "w"
    },
    {
      "square": "e5",
      "type": "p",
      "color": "b"
    },
    {
      "square": "f5",
      "type": "p",
      "color": "w"
    },
    {
      "square": "a4",
      "type": "b",
      "color": "b"
    },
    {
      "square": "e4",
      "type": "p",
      "color": "w"
    },
    {
      "square": "g4",
      "type": "p",
      "color": "b"
    },
    {
      "square": "f3",
      "type": "k",
      "color": "w"
    },
    {
      "square": "e2",
      "type": "b",
      "color": "w"
    },
    {
      "square": "g2",
      "type": "p",
      "color": "w"
    }
  ],
  "nextTurn": "w"
}