{
  "event": "Clutch International",
  "site": "lichess.org INT",
  "date": "2020.06.06",
  "eventDate": "2020.06.06",
  "dateMillis": 1591372800000,
  "eventDateMillis": 1591372800000,
  "round": "1.4",
  "result": "1/2-1/2",
  "white": "Jeffery Xiong",
  "black": "Magnus Carlsen",
  "isCarlsenWin": false,
  "isDraw": true,
  "isCarlsenBlack": true,
  "moves": [
    "Qxg2+",
    "hxg2",
    "a5",
    "Ba6",
    "Kxg2",
    "Kg6",
    "Bd4",
    "Kf5",
    "Kf3",
    "Rh4",
    "Rb1",
    "Rh3+",
    "Kg2",
    "Rd3",
    "Rb6",
    "Bb5",
    "a6",
    "Rd2+",
    "Kf3",
    "Ra2",
    "Rb7",
    "Bxa6",
    "Rxf7+",
    "Ke6",
    "Rf6+",
    "Kd7",
    "Rf7+",
    "Ke8",
    "Ra7",
    "Be2+",
    "Kf4",
    "Rxa7",
    "Bxa7",
    "Bb5",
    "Ke5",
    "Kd7",
    "Bc5",
    "Bc4",
    "Bd4",
    "Bb5",
    "Bc5",
    "Bc4",
    "Bd4",
    "Bb5",
    "Bc5"
  ],
  "statePieceCount": 14,
  "endPieceCount": 7,
  "boardState": [
    {
      "square": "f7",
      "type": "p",
      "color": "b"
    },
    {
      "square": "g7",
      "type": "k",
      "color": "b"
    },
    {
      "square": "c6",
      "type": "p",
      "color": "b"
    },
    {
      "square": "d5",
      "type": "p",
      "color": "b"
    },
    {
      "square": "a4",
      "type": "p",
      "color": "w"
    },
    {
      "square": "e4",
      "type": "r",
      "color": "b"
    },
    {
      "square": "c3",
      "type": "p",
      "color": "w"
    },
    {
      "square": "d3",
      "type": "b",
      "color": "b"
    },
    {
      "square": "h3",
      "type": "p",
      "color": "b"
    },
    {
      "square": "f2",
      "type": "b",
      "color": "w"
    },
    {
      "square": "g2",
      "type": "q",
      "color": "b"
    },
    {
      "square": "h2",
      "type": "q",
      "color": "w"
    },
    {
      "square": "a1",
      "type": "r",
      "color": "w"
    },
    {
      "square": "g1",
      "type": "k",
      "color": "w"
    }
  ],
  "nextTurn": "w"
}