{
  "event": "Lindores Abbey Rapid Challenge",
  "site": "chess24.com INT",
  "date": "2020.05.30",
  "eventDate": "2020.05.23",
  "dateMillis": 1590768000000,
  "eventDateMillis": 1590163200000,
  "round": "2.32",
  "result": "1-0",
  "white": "Hikaru Nakamura",
  "black": "Magnus Carlsen",
  "isCarlsenWin": false,
  "isDraw": false,
  "isCarlsenBlack": true,
  "moves": [
    "Rxa6",
    "Re8",
    "Nc7",
    "Rd8",
    "Rc6",
    "Ne3",
    "Rd6",
    "Rc8",
    "Rd7",
    "h6",
    "e7",
    "Kh7",
    "Re1"
  ],
  "statePieceCount": 14,
  "endPieceCount": 13,
  "boardState": [
    {
      "square": "a8",
      "type": "r",
      "color": "b"
    },
    {
      "square": "g8",
      "type": "k",
      "color": "b"
    },
    {
      "square": "g7",
      "type": "p",
      "color": "b"
    },
    {
      "square": "h7",
      "type": "p",
      "color": "b"
    },
    {
      "square": "a6",
      "type": "p",
      "color": "b"
    },
    {
      "square": "e6",
      "type": "p",
      "color": "w"
    },
    {
      "square": "d5",
      "type": "n",
      "color": "w"
    },
    {
      "square": "e5",
      "type": "r",
      "color": "b"
    },
    {
      "square": "c4",
      "type": "n",
      "color": "b"
    },
    {
      "square": "a2",
      "type": "r",
      "color": "w"
    },
    {
      "square": "g2",
      "type": "p",
      "color": "w"
    },
    {
      "square": "h2",
      "type": "p",
      "color": "w"
    },
    {
      "square": "b1",
      "type": "r",
      "color": "w"
    },
    {
      "square": "g1",
      "type": "k",
      "color": "w"
    }
  ],
  "nextTurn": "w"
}