{
  "event": "Clutch International",
  "site": "lichess.org INT",
  "date": "2020.06.12",
  "eventDate": "2020.06.06",
  "dateMillis": 1591891200000,
  "eventDateMillis": 1591372800000,
  "round": "2.9",
  "result": "1/2-1/2",
  "white": "Levon Aronian",
  "black": "Magnus Carlsen",
  "isCarlsenWin": false,
  "isDraw": true,
  "isCarlsenBlack": true,
  "moves": [
    "Kf2",
    "h5",
    "h3",
    "g6",
    "g4",
    "hxg4",
    "hxg4",
    "Be6",
    "f5",
    "gxf5",
    "gxf5",
    "Bxf5",
    "Ke3",
    "Bc2",
    "Kd4",
    "Bb3",
    "Bb6",
    "Kd7",
    "Kc5",
    "Bd5",
    "Ba5",
    "Bb3",
    "Bb6",
    "Bd5",
    "Ba5",
    "Bb3",
    "Bb6"
  ],
  "statePieceCount": 14,
  "endPieceCount": 9,
  "boardState": [
    {
      "square": "e8",
      "type": "k",
      "color": "b"
    },
    {
      "square": "b7",
      "type": "p",
      "color": "b"
    },
    {
      "square": "g7",
      "type": "p",
      "color": "b"
    },
    {
      "square": "h7",
      "type": "p",
      "color": "b"
    },
    {
      "square": "c6",
      "type": "p",
      "color": "b"
    },
    {
      "square": "c5",
      "type": "b",
      "color": "w"
    },
    {
      "square": "d5",
      "type": "b",
      "color": "b"
    },
    {
      "square": "a4",
      "type": "p",
      "color": "b"
    },
    {
      "square": "f4",
      "type": "p",
      "color": "w"
    },
    {
      "square": "a3",
      "type": "p",
      "color": "w"
    },
    {
      "square": "b2",
      "type": "p",
      "color": "w"
    },
    {
      "square": "g2",
      "type": "p",
      "color": "w"
    },
    {
      "square": "h2",
      "type": "p",
      "color": "w"
    },
    {
      "square": "g1",
      "type": "k",
      "color": "w"
    }
  ],
  "nextTurn": "w"
}