{
  "event": "Clutch International",
  "site": "lichess.org INT",
  "date": "2020.06.12",
  "eventDate": "2020.06.06",
  "dateMillis": 1591891200000,
  "eventDateMillis": 1591372800000,
  "round": "2.11",
  "result": "1/2-1/2",
  "white": "Levon Aronian",
  "black": "Magnus Carlsen",
  "isCarlsenWin": false,
  "isDraw": true,
  "isCarlsenBlack": true,
  "moves": [
    "Kg7",
    "Rb5",
    "Kf6",
    "Rc3",
    "h6",
    "Rf3+",
    "Kg7",
    "g3",
    "Ne7",
    "Re5",
    "Nc6",
    "Re4",
    "Qc5",
    "h4",
    "Nd4",
    "Rd3",
    "e5",
    "hxg5",
    "hxg5",
    "Rexd4",
    "exd4",
    "g4",
    "Kf6",
    "Rf3+",
    "Ke7",
    "Rg3",
    "Qc1",
    "Kg2",
    "Qc6+",
    "Kg1",
    "Qc1",
    "Kg2",
    "Qd1",
    "Bd3",
    "Kd6",
    "Bf5",
    "Kc5",
    "Rh3",
    "Kc4",
    "Rg3",
    "d3",
    "Rxd3",
    "Qxd3",
    "Bxd3+",
    "Kxd3",
    "f4",
    "gxf4",
    "Kf3",
    "f6",
    "Kxf4",
    "Ke2",
    "g5",
    "fxg5+",
    "Kxg5"
  ],
  "statePieceCount": 14,
  "endPieceCount": 2,
  "boardState": [
    {
      "square": "g8",
      "type": "k",
      "color": "b"
    },
    {
      "square": "a7",
      "type": "q",
      "color": "b"
    },
    {
      "square": "f7",
      "type": "p",
      "color": "b"
    },
    {
      "square": "h7",
      "type": "p",
      "color": "b"
    },
    {
      "square": "e6",
      "type": "p",
      "color": "b"
    },
    {
      "square": "g6",
      "type": "n",
      "color": "b"
    },
    {
      "square": "g5",
      "type": "p",
      "color": "b"
    },
    {
      "square": "b4",
      "type": "r",
      "color": "w"
    },
    {
      "square": "h3",
      "type": "p",
      "color": "w"
    },
    {
      "square": "f2",
      "type": "p",
      "color": "w"
    },
    {
      "square": "g2",
      "type": "p",
      "color": "w"
    },
    {
      "square": "c1",
      "type": "r",
      "color": "w"
    },
    {
      "square": "f1",
      "type": "b",
      "color": "w"
    },
    {
      "square": "g1",
      "type": "k",
      "color": "w"
    }
  ],
  "nextTurn": "b"
}