{
  "event": "Clutch International",
  "site": "lichess.org INT",
  "date": "2020.06.14",
  "eventDate": "2020.06.06",
  "dateMillis": 1592064000000,
  "eventDateMillis": 1591372800000,
  "round": "3.10",
  "result": "1-0",
  "white": "Magnus Carlsen",
  "black": "Fabiano Caruana",
  "isCarlsenWin": true,
  "isDraw": false,
  "isCarlsenBlack": false,
  "moves": [
    "Ra3",
    "Be4",
    "f3",
    "Ba8",
    "Kc2",
    "d5",
    "Kc3",
    "Rf4",
    "Bd3",
    "Kc7",
    "a6",
    "g5",
    "Rb3",
    "f5",
    "Rb4",
    "Rxb4",
    "Kxb4",
    "Kb6",
    "Bxf5",
    "Kxa6",
    "Kc5",
    "Ka5",
    "Be6",
    "d4",
    "Kxd4",
    "Bc6",
    "Ke5",
    "Bb5",
    "Kf6",
    "Bf1",
    "Kxg5",
    "Bxg2",
    "f4",
    "Kb6",
    "Kxh4",
    "Kc5",
    "Kg5",
    "Kd6",
    "Kf6"
  ],
  "statePieceCount": 14,
  "endPieceCount": 6,
  "boardState": [
    {
      "square": "d7",
      "type": "k",
      "color": "b"
    },
    {
      "square": "f7",
      "type": "p",
      "color": "b"
    },
    {
      "square": "g7",
      "type": "p",
      "color": "b"
    },
    {
      "square": "a6",
      "type": "b",
      "color": "w"
    },
    {
      "square": "d6",
      "type": "p",
      "color": "b"
    },
    {
      "square": "a5",
      "type": "p",
      "color": "w"
    },
    {
      "square": "f5",
      "type": "b",
      "color": "b"
    },
    {
      "square": "b4",
      "type": "r",
      "color": "b"
    },
    {
      "square": "h4",
      "type": "p",
      "color": "b"
    },
    {
      "square": "e3",
      "type": "r",
      "color": "w"
    },
    {
      "square": "h3",
      "type": "p",
      "color": "w"
    },
    {
      "square": "f2",
      "type": "p",
      "color": "w"
    },
    {
      "square": "g2",
      "type": "p",
      "color": "w"
    },
    {
      "square": "d1",
      "type": "k",
      "color": "w"
    }
  ],
  "nextTurn": "w"
}