{
  "event": "Chessable Masters",
  "site": "chess24.com INT",
  "date": "2020.06.27",
  "eventDate": "2020.06.25",
  "dateMillis": 1593187200000,
  "eventDateMillis": 1593014400000,
  "round": "1.23",
  "result": "0-1",
  "white": "Fabiano Caruana",
  "black": "Magnus Carlsen",
  "isDingWin": true,
  "isDraw": false,
  "isDingBlack": true,
  "moves": [
    "Kb2",
    "Ng4",
    "Nb3",
    "Nf6",
    "Nc5",
    "Qc6",
    "Qd8+",
    "Kh7",
    "Qe7",
    "Qb5+",
    "Kc2",
    "a4",
    "Qxe5",
    "a3",
    "Nd3",
    "Qa4+"
  ],
  "statePieceCount": 14,
  "endPieceCount": 13,
  "boardState": [
    {
      "square": "g8",
      "type": "k",
      "color": "b"
    },
    {
      "square": "f7",
      "type": "p",
      "color": "b"
    },
    {
      "square": "g7",
      "type": "p",
      "color": "b"
    },
    {
      "square": "h6",
      "type": "p",
      "color": "b"
    },
    {
      "square": "a5",
      "type": "p",
      "color": "b"
    },
    {
      "square": "e5",
      "type": "p",
      "color": "b"
    },
    {
      "square": "f5",
      "type": "p",
      "color": "w"
    },
    {
      "square": "a4",
      "type": "q",
      "color": "b"
    },
    {
      "square": "e4",
      "type": "p",
      "color": "w"
    },
    {
      "square": "c3",
      "type": "p",
      "color": "w"
    },
    {
      "square": "d3",
      "type": "q",
      "color": "w"
    },
    {
      "square": "e3",
      "type": "n",
      "color": "b"
    },
    {
      "square": "a2",
      "type": "k",
      "color": "w"
    },
    {
      "square": "d2",
      "type": "n",
      "color": "w"
    }
  ]
}