{
  "event": "Clutch International",
  "site": "lichess.org INT",
  "date": "2020.06.12",
  "eventDate": "2020.06.06",
  "dateMillis": 1591891200000,
  "eventDateMillis": 1591372800000,
  "round": "2.10",
  "result": "1/2-1/2",
  "white": "Magnus Carlsen",
  "black": "Levon Aronian",
  "isCarlsenWin": false,
  "isDraw": true,
  "isCarlsenBlack": false,
  "moves": [
    "Rg7",
    "Rxg7",
    "Kxg7",
    "Ke2",
    "Kg6",
    "Be1",
    "Kf5",
    "Bg3",
    "Ke4",
    "Kd2",
    "Kd4",
    "Kc2",
    "Be4+",
    "Kd2",
    "Bc6",
    "Bf4",
    "Be4",
    "Bg3",
    "Bc6"
  ],
  "statePieceCount": 14,
  "endPieceCount": 12,
  "boardState": [
    {
      "square": "h8",
      "type": "k",
      "color": "b"
    },
    {
      "square": "b7",
      "type": "p",
      "color": "b"
    },
    {
      "square": "d7",
      "type": "r",
      "color": "b"
    },
    {
      "square": "h7",
      "type": "p",
      "color": "b"
    },
    {
      "square": "c6",
      "type": "b",
      "color": "b"
    },
    {
      "square": "e6",
      "type": "p",
      "color": "b"
    },
    {
      "square": "e5",
      "type": "p",
      "color": "w"
    },
    {
      "square": "a4",
      "type": "p",
      "color": "b"
    },
    {
      "square": "b4",
      "type": "b",
      "color": "w"
    },
    {
      "square": "a3",
      "type": "p",
      "color": "w"
    },
    {
      "square": "g3",
      "type": "r",
      "color": "w"
    },
    {
      "square": "b2",
      "type": "p",
      "color": "w"
    },
    {
      "square": "h2",
      "type": "p",
      "color": "w"
    },
    {
      "square": "f1",
      "type": "k",
      "color": "w"
    }
  ],
  "nextTurn": "b"
}