{
  "event": "Clutch International",
  "site": "lichess.org INT",
  "date": "2020.06.12",
  "eventDate": "2020.06.06",
  "dateMillis": 1591891200000,
  "eventDateMillis": 1591372800000,
  "round": "2.7",
  "result": "0-1",
  "white": "Levon Aronian",
  "black": "Magnus Carlsen",
  "isCarlsenWin": true,
  "isDraw": false,
  "isCarlsenBlack": true,
  "moves": [
    "Rxa2",
    "Rg2",
    "e5",
    "f5",
    "Kc3",
    "Nd2",
    "Ra1+",
    "Kh2",
    "Kxc2",
    "Ne4+",
    "Kd3",
    "Nxd6",
    "cxd6",
    "Rg6",
    "d5",
    "Rxh6",
    "Kxe3",
    "h5",
    "d4",
    "Re6",
    "e4",
    "f6",
    "d3",
    "Kg2",
    "d2"
  ],
  "statePieceCount": 14,
  "endPieceCount": 8,
  "boardState": [
    {
      "square": "c7",
      "type": "p",
      "color": "b"
    },
    {
      "square": "g7",
      "type": "r",
      "color": "w"
    },
    {
      "square": "a6",
      "type": "r",
      "color": "b"
    },
    {
      "square": "d6",
      "type": "b",
      "color": "b"
    },
    {
      "square": "e6",
      "type": "p",
      "color": "b"
    },
    {
      "square": "h6",
      "type": "p",
      "color": "b"
    },
    {
      "square": "c4",
      "type": "k",
      "color": "b"
    },
    {
      "square": "f4",
      "type": "p",
      "color": "w"
    },
    {
      "square": "h4",
      "type": "p",
      "color": "w"
    },
    {
      "square": "b3",
      "type": "n",
      "color": "w"
    },
    {
      "square": "e3",
      "type": "p",
      "color": "w"
    },
    {
      "square": "a2",
      "type": "p",
      "color": "w"
    },
    {
      "square": "c2",
      "type": "p",
      "color": "w"
    },
    {
      "square": "g1",
      "type": "k",
      "color": "w"
    }
  ],
  "nextTurn": "b"
}