{
  "event": "Clutch International",
  "site": "lichess.org INT",
  "date": "2020.06.13",
  "eventDate": "2020.06.06",
  "dateMillis": 1591977600000,
  "eventDateMillis": 1591372800000,
  "round": "3.1",
  "result": "1/2-1/2",
  "white": "Magnus Carlsen",
  "black": "Fabiano Caruana",
  "isCarlsenWin": false,
  "isDraw": true,
  "isCarlsenBlack": false,
  "moves": [
    "Rg8",
    "Rh6",
    "Kg7",
    "Rd6",
    "Rf8",
    "Kf4",
    "d3",
    "Nc7",
    "Rc8",
    "Ne6+",
    "Kf7",
    "Rxd3",
    "Ne7",
    "Ng5+",
    "Ke8",
    "Ke5",
    "Rc5+",
    "Ke6",
    "Nxf5",
    "Ne4",
    "Ng7+",
    "Kd6",
    "Rxc4",
    "Ke5",
    "Rxa4",
    "Nd6+",
    "Ke7",
    "Nxb7",
    "Rh4",
    "Ra3",
    "Rh6",
    "Nc5",
    "Rh5+",
    "Kd4",
    "a5",
    "Rxa5",
    "Ne6+",
    "Kc4",
    "Nxc5",
    "Rxc5",
    "Rxh3",
    "Kd4",
    "Kf6",
    "Ke4",
    "Kg6",
    "Kf4",
    "Rh5",
    "Rxh5",
    "Kxh5",
    "Kg3",
    "Kg5",
    "Kh2",
    "Kh5",
    "Kh1",
    "Kg5",
    "Kg1",
    "Kh5",
    "Kh1"
  ],
  "statePieceCount": 14,
  "endPieceCount": 3,
  "boardState": [
    {
      "square": "d8",
      "type": "r",
      "color": "b"
    },
    {
      "square": "b7",
      "type": "p",
      "color": "b"
    },
    {
      "square": "f7",
      "type": "k",
      "color": "b"
    },
    {
      "square": "h7",
      "type": "p",
      "color": "b"
    },
    {
      "square": "a6",
      "type": "p",
      "color": "b"
    },
    {
      "square": "c6",
      "type": "n",
      "color": "b"
    },
    {
      "square": "e6",
      "type": "r",
      "color": "w"
    },
    {
      "square": "d5",
      "type": "n",
      "color": "w"
    },
    {
      "square": "f5",
      "type": "p",
      "color": "w"
    },
    {
      "square": "a4",
      "type": "p",
      "color": "w"
    },
    {
      "square": "c4",
      "type": "p",
      "color": "w"
    },
    {
      "square": "d4",
      "type": "p",
      "color": "b"
    },
    {
      "square": "f3",
      "type": "k",
      "color": "w"
    },
    {
      "square": "h3",
      "type": "p",
      "color": "w"
    }
  ],
  "nextTurn": "b"
}