{
  "event": "Clutch International",
  "site": "lichess.org INT",
  "date": "2020.06.13",
  "eventDate": "2020.06.06",
  "dateMillis": 1591977600000,
  "eventDateMillis": 1591372800000,
  "round": "3.5",
  "result": "1-0",
  "white": "Magnus Carlsen",
  "black": "Fabiano Caruana",
  "isCarlsenWin": true,
  "isDraw": false,
  "isCarlsenBlack": false,
  "moves": [
    "Kd2",
    "Qb5",
    "Qf3",
    "Qg5+",
    "Kc3",
    "d5",
    "g4",
    "b6",
    "Kb2",
    "Kf8",
    "a4",
    "Ke7",
    "Qe2+",
    "Kd6",
    "a5",
    "bxa5",
    "Qa6+",
    "Ke7",
    "Qxa7+",
    "Kf6",
    "Qxa5",
    "Kg7",
    "c4",
    "Qxg4",
    "Qxd5",
    "f5",
    "Qe5+",
    "Kf7",
    "c5",
    "f4",
    "Qd5+",
    "Kf6",
    "Qd6+",
    "Kg5",
    "Qg6+",
    "Kh4",
    "Qxg4+",
    "Kxg4",
    "c6",
    "f3",
    "c7"
  ],
  "statePieceCount": 14,
  "endPieceCount": 7,
  "boardState": [
    {
      "square": "a7",
      "type": "p",
      "color": "b"
    },
    {
      "square": "b7",
      "type": "p",
      "color": "b"
    },
    {
      "square": "f7",
      "type": "p",
      "color": "b"
    },
    {
      "square": "g7",
      "type": "k",
      "color": "b"
    },
    {
      "square": "d6",
      "type": "p",
      "color": "b"
    },
    {
      "square": "h6",
      "type": "p",
      "color": "b"
    },
    {
      "square": "h5",
      "type": "p",
      "color": "w"
    },
    {
      "square": "c4",
      "type": "q",
      "color": "b"
    },
    {
      "square": "d4",
      "type": "p",
      "color": "w"
    },
    {
      "square": "e4",
      "type": "q",
      "color": "w"
    },
    {
      "square": "a3",
      "type": "p",
      "color": "w"
    },
    {
      "square": "c2",
      "type": "p",
      "color": "w"
    },
    {
      "square": "g2",
      "type": "p",
      "color": "w"
    },
    {
      "square": "d1",
      "type": "k",
      "color": "w"
    }
  ],
  "nextTurn": "w"
}