{
  "event": "Chessable Masters",
  "site": "chess24.com INT",
  "date": "2020.06.20",
  "eventDate": "2020.06.20",
  "dateMillis": 1592582400000,
  "eventDateMillis": 1592582400000,
  "round": "3.3",
  "result": "1/2-1/2",
  "white": "Magnus Carlsen",
  "black": "Alexander Grischuk",
  "isCarlsenWin": false,
  "isDraw": true,
  "isCarlsenBlack": false,
  "moves": [
    "Rxb4",
    "g5",
    "g4",
    "Rc3",
    "Kg2",
    "Bd7",
    "Rb2",
    "Bc6",
    "Rbxc2",
    "Bxf3+",
    "Kg3",
    "Rxc2",
    "Rxc2",
    "Bd5",
    "Rc5",
    "Be6",
    "h4"
  ],
  "statePieceCount": 14,
  "endPieceCount": 9,
  "boardState": [
    {
      "square": "c8",
      "type": "b",
      "color": "b"
    },
    {
      "square": "c7",
      "type": "r",
      "color": "b"
    },
    {
      "square": "f7",
      "type": "p",
      "color": "b"
    },
    {
      "square": "g7",
      "type": "k",
      "color": "b"
    },
    {
      "square": "b6",
      "type": "r",
      "color": "w"
    },
    {
      "square": "g6",
      "type": "p",
      "color": "b"
    },
    {
      "square": "h6",
      "type": "p",
      "color": "b"
    },
    {
      "square": "b4",
      "type": "p",
      "color": "b"
    },
    {
      "square": "f3",
      "type": "p",
      "color": "w"
    },
    {
      "square": "h3",
      "type": "p",
      "color": "w"
    },
    {
      "square": "c2",
      "type": "p",
      "color": "b"
    },
    {
      "square": "g2",
      "type": "p",
      "color": "w"
    },
    {
      "square": "c1",
      "type": "r",
      "color": "w"
    },
    {
      "square": "h1",
      "type": "k",
      "color": "w"
    }
  ],
  "nextTurn": "w"
}