{
  "event": "Legends of Chess",
  "site": "chess24.com INT",
  "date": "2020.07.22",
  "eventDate": "2020.07.21",
  "dateMillis": 1595347200000,
  "eventDateMillis": 1595260800000,
  "round": "2.2",
  "result": "1/2-1/2",
  "white": "Viswanathan Anand",
  "black": "Magnus Carlsen",
  "isDingWin": false,
  "isDraw": true,
  "isDingBlack": true,
  "moves": [
    "Rd8",
    "Rc4",
    "Rd2",
    "a4",
    "Rd3",
    "Rxc7",
    "Rxb3",
    "Rc5",
    "Ra3",
    "Rxa5",
    "h5",
    "h4",
    "Kg7",
    "Ra6",
    "Kf8",
    "a5",
    "Kg7",
    "Ra8",
    "Kf6",
    "Ra6+",
    "Kg7",
    "Ra8",
    "Kf6",
    "Ra6+",
    "Kg7"
  ],
  "statePieceCount": 14,
  "endPieceCount": 11,
  "boardState": [
    {
      "square": "c8",
      "type": "r",
      "color": "b"
    },
    {
      "square": "g8",
      "type": "k",
      "color": "b"
    },
    {
      "square": "c7",
      "type": "p",
      "color": "b"
    },
    {
      "square": "f7",
      "type": "p",
      "color": "b"
    },
    {
      "square": "h7",
      "type": "p",
      "color": "b"
    },
    {
      "square": "g6",
      "type": "p",
      "color": "b"
    },
    {
      "square": "a5",
      "type": "p",
      "color": "b"
    },
    {
      "square": "e4",
      "type": "r",
      "color": "w"
    },
    {
      "square": "b3",
      "type": "p",
      "color": "w"
    },
    {
      "square": "g3",
      "type": "p",
      "color": "w"
    },
    {
      "square": "a2",
      "type": "p",
      "color": "w"
    },
    {
      "square": "f2",
      "type": "p",
      "color": "w"
    },
    {
      "square": "g2",
      "type": "k",
      "color": "w"
    },
    {
      "square": "h2",
      "type": "p",
      "color": "w"
    }
  ]
}