{
  "event": "Legends of Chess",
  "site": "chess24.com INT",
  "date": "2020.07.24",
  "eventDate": "2020.07.21",
  "dateMillis": 1595520000000,
  "eventDateMillis": 1595260800000,
  "round": "4.1",
  "result": "1-0",
  "white": "Magnus Carlsen",
  "black": "Boris Gelfand",
  "isCarlsenWin": true,
  "isDraw": false,
  "isCarlsenBlack": false,
  "moves": [
    "Kh7",
    "Qd1",
    "Qf5",
    "Qd3",
    "Qg4",
    "h5",
    "Kh6",
    "Qd2+",
    "g5",
    "Qd6+",
    "Kxh5",
    "Kg2",
    "Qf5",
    "Rh1+",
    "Rh4",
    "Qd1+"
  ],
  "statePieceCount": 14,
  "endPieceCount": 13,
  "boardState": [
    {
      "square": "d8",
      "type": "q",
      "color": "w"
    },
    {
      "square": "h8",
      "type": "k",
      "color": "b"
    },
    {
      "square": "g7",
      "type": "p",
      "color": "b"
    },
    {
      "square": "g6",
      "type": "p",
      "color": "b"
    },
    {
      "square": "e5",
      "type": "p",
      "color": "b"
    },
    {
      "square": "e4",
      "type": "r",
      "color": "b"
    },
    {
      "square": "g4",
      "type": "q",
      "color": "b"
    },
    {
      "square": "h4",
      "type": "p",
      "color": "w"
    },
    {
      "square": "g3",
      "type": "p",
      "color": "w"
    },
    {
      "square": "a2",
      "type": "p",
      "color": "w"
    },
    {
      "square": "b2",
      "type": "p",
      "color": "w"
    },
    {
      "square": "f2",
      "type": "p",
      "color": "w"
    },
    {
      "square": "f1",
      "type": "r",
      "color": "w"
    },
    {
      "square": "g1",
      "type": "k",
      "color": "w"
    }
  ],
  "nextTurn": "b"
}