{
  "event": "Legends of Chess",
  "site": "chess24.com INT",
  "date": "2020.07.27",
  "eventDate": "2020.07.21",
  "dateMillis": 1595779200000,
  "eventDateMillis": 1595260800000,
  "round": "7.4",
  "result": "1-0",
  "white": "Magnus Carlsen",
  "black": "Peter Svidler",
  "isDingWin": true,
  "isDraw": false,
  "isDingBlack": false,
  "moves": [
    "Ra6",
    "Ke7",
    "e5",
    "Kf8",
    "Rxa5",
    "Ke7",
    "Bb3",
    "Rb7",
    "Ke4",
    "Bf8",
    "Kf5",
    "Rc7",
    "Ra6",
    "Ke8",
    "Kg6",
    "Rb7",
    "Re6+",
    "Kd8",
    "Rf6",
    "Be7",
    "Kxh6",
    "Rb5",
    "Rf5",
    "Rb4",
    "e6",
    "Rxg4",
    "Rd5+",
    "Ke8",
    "Kg6",
    "Rf4",
    "Ra5",
    "Kf8",
    "Rxa7",
    "Rf6+",
    "Kh7",
    "Bd6",
    "Rf7+",
    "Rxf7+",
    "exf7"
  ],
  "statePieceCount": 14,
  "endPieceCount": 8,
  "boardState": [
    {
      "square": "f8",
      "type": "k",
      "color": "b"
    },
    {
      "square": "a7",
      "type": "p",
      "color": "b"
    },
    {
      "square": "c7",
      "type": "r",
      "color": "b"
    },
    {
      "square": "g7",
      "type": "b",
      "color": "b"
    },
    {
      "square": "g6",
      "type": "r",
      "color": "w"
    },
    {
      "square": "h6",
      "type": "p",
      "color": "b"
    },
    {
      "square": "a5",
      "type": "p",
      "color": "b"
    },
    {
      "square": "g5",
      "type": "p",
      "color": "b"
    },
    {
      "square": "c4",
      "type": "b",
      "color": "w"
    },
    {
      "square": "e4",
      "type": "p",
      "color": "w"
    },
    {
      "square": "g4",
      "type": "p",
      "color": "w"
    },
    {
      "square": "d3",
      "type": "k",
      "color": "w"
    },
    {
      "square": "a2",
      "type": "p",
      "color": "w"
    },
    {
      "square": "g2",
      "type": "p",
      "color": "w"
    }
  ]
}