{
  "event": "Legends of Chess",
  "site": "chess24.com INT",
  "date": "2020.07.27",
  "eventDate": "2020.07.21",
  "dateMillis": 1595779200000,
  "eventDateMillis": 1595260800000,
  "round": "7.2",
  "result": "1/2-1/2",
  "white": "Magnus Carlsen",
  "black": "Peter Svidler",
  "isCarlsenWin": false,
  "isDraw": true,
  "isCarlsenBlack": false,
  "moves": [
    "Kh5",
    "Kc2",
    "Kxh4",
    "Kd3",
    "Kg3",
    "f5",
    "Kf4",
    "f6",
    "Ke5",
    "f7",
    "Kf4",
    "Be6",
    "Bd6",
    "Bd7",
    "Bf8",
    "Be6",
    "Bd6",
    "Ke2",
    "Kg3",
    "Kd3",
    "Kf4"
  ],
  "statePieceCount": 14,
  "endPieceCount": 13,
  "boardState": [
    {
      "square": "f8",
      "type": "b",
      "color": "b"
    },
    {
      "square": "d7",
      "type": "b",
      "color": "w"
    },
    {
      "square": "g6",
      "type": "k",
      "color": "b"
    },
    {
      "square": "a5",
      "type": "p",
      "color": "b"
    },
    {
      "square": "c5",
      "type": "p",
      "color": "b"
    },
    {
      "square": "d5",
      "type": "p",
      "color": "w"
    },
    {
      "square": "b4",
      "type": "p",
      "color": "b"
    },
    {
      "square": "c4",
      "type": "p",
      "color": "w"
    },
    {
      "square": "d4",
      "type": "p",
      "color": "b"
    },
    {
      "square": "f4",
      "type": "p",
      "color": "w"
    },
    {
      "square": "h4",
      "type": "p",
      "color": "w"
    },
    {
      "square": "b3",
      "type": "p",
      "color": "w"
    },
    {
      "square": "a2",
      "type": "p",
      "color": "w"
    },
    {
      "square": "b2",
      "type": "k",
      "color": "w"
    }
  ],
  "nextTurn": "b"
}