{
  "event": "Legends of Chess",
  "site": "chess24.com INT",
  "date": "2020.07.28",
  "eventDate": "2020.07.21",
  "dateMillis": 1595865600000,
  "eventDateMillis": 1595260800000,
  "round": "8.1",
  "result": "1/2-1/2",
  "white": "Ian Nepomniachtchi",
  "black": "Magnus Carlsen",
  "isCarlsenWin": false,
  "isDraw": true,
  "isCarlsenBlack": true,
  "moves": [
    "Nf5",
    "Rh2+",
    "Ke3",
    "Rxe2+",
    "Kxe2",
    "Rg2+",
    "Ke3",
    "Ke6",
    "Bxe5",
    "Kxe5",
    "Nd4",
    "Rg6",
    "Nf3+",
    "Ke6",
    "Nd4+",
    "Ke5",
    "Nf3+",
    "Ke6",
    "Nd4+",
    "Ke5"
  ],
  "statePieceCount": 14,
  "endPieceCount": 10,
  "boardState": [
    {
      "square": "g8",
      "type": "r",
      "color": "b"
    },
    {
      "square": "g7",
      "type": "n",
      "color": "w"
    },
    {
      "square": "a6",
      "type": "p",
      "color": "b"
    },
    {
      "square": "c6",
      "type": "p",
      "color": "b"
    },
    {
      "square": "f6",
      "type": "k",
      "color": "b"
    },
    {
      "square": "h6",
      "type": "r",
      "color": "b"
    },
    {
      "square": "c5",
      "type": "p",
      "color": "w"
    },
    {
      "square": "e5",
      "type": "n",
      "color": "b"
    },
    {
      "square": "b4",
      "type": "p",
      "color": "w"
    },
    {
      "square": "e4",
      "type": "p",
      "color": "w"
    },
    {
      "square": "b3",
      "type": "p",
      "color": "w"
    },
    {
      "square": "c3",
      "type": "b",
      "color": "w"
    },
    {
      "square": "e2",
      "type": "r",
      "color": "w"
    },
    {
      "square": "f2",
      "type": "k",
      "color": "w"
    }
  ],
  "nextTurn": "w"
}