{
  "event": "Legends of Chess",
  "site": "chess24.com INT",
  "date": "2020.07.28",
  "eventDate": "2020.07.21",
  "dateMillis": 1595865600000,
  "eventDateMillis": 1595260800000,
  "round": "8.5",
  "result": "1/2-1/2",
  "white": "Ian Nepomniachtchi",
  "black": "Magnus Carlsen",
  "isCarlsenWin": false,
  "isDraw": true,
  "isCarlsenBlack": true,
  "moves": [
    "Qg5+",
    "Kf7",
    "Bf3",
    "Qd4",
    "Bh5+",
    "Kf8",
    "Kf1",
    "Rd8",
    "Rg3",
    "Qa1+",
    "Kf2",
    "Qd4+",
    "Kf1",
    "Qa1+",
    "Kg2",
    "Qb2+",
    "Kg1",
    "Qa1+",
    "Kh2",
    "Qb2+",
    "Kh1",
    "Qb1+",
    "Rg1",
    "Qe4+",
    "Rg2",
    "Qe1+",
    "Kh2",
    "Qe5+",
    "Rg3",
    "Qb2+",
    "Kh1",
    "Qb1+",
    "Rg1",
    "Qe4+",
    "Rg2",
    "Qe1+",
    "Kh2",
    "Qe5+",
    "Qg3",
    "Qxg3+",
    "Kxg3",
    "Rd3+",
    "Kf4",
    "Ke7",
    "Ke5",
    "Rd5+",
    "Kf4",
    "Kd6",
    "Rg8",
    "Rd4+",
    "Ke3",
    "Ke5",
    "Rb8",
    "Rd3+",
    "Kf2",
    "Rxa3",
    "Rxb7",
    "c6",
    "Rb6",
    "Be4",
    "Be2",
    "Bd5",
    "Rb8",
    "Kd4",
    "Rh8",
    "e5",
    "Rh4+",
    "e4",
    "Rg4",
    "Ra2",
    "Ke1",
    "Ke3",
    "Rg3+",
    "Kd4",
    "Rg4",
    "Ke3",
    "Rg3+",
    "Kd4",
    "Rh3",
    "Ra1+",
    "Kf2",
    "Ra2",
    "Kf1",
    "Ra1+",
    "Kf2",
    "Ra2",
    "Ke1",
    "Ra1+",
    "Bd1",
    "e3",
    "Rh4+",
    "Kd3",
    "Rh6",
    "Bf3",
    "Rd6+",
    "Kc3"
  ],
  "statePieceCount": 14,
  "endPieceCount": 10,
  "boardState": [
    {
      "square": "b8",
      "type": "r",
      "color": "b"
    },
    {
      "square": "g8",
      "type": "k",
      "color": "b"
    },
    {
      "square": "b7",
      "type": "p",
      "color": "b"
    },
    {
      "square": "c7",
      "type": "p",
      "color": "b"
    },
    {
      "square": "a6",
      "type": "p",
      "color": "b"
    },
    {
      "square": "b6",
      "type": "q",
      "color": "b"
    },
    {
      "square": "e6",
      "type": "p",
      "color": "b"
    },
    {
      "square": "h6",
      "type": "q",
      "color": "w"
    },
    {
      "square": "f5",
      "type": "b",
      "color": "b"
    },
    {
      "square": "b4",
      "type": "p",
      "color": "w"
    },
    {
      "square": "a3",
      "type": "p",
      "color": "w"
    },
    {
      "square": "e3",
      "type": "r",
      "color": "w"
    },
    {
      "square": "f2",
      "type": "k",
      "color": "w"
    },
    {
      "square": "h1",
      "type": "b",
      "color": "w"
    }
  ],
  "nextTurn": "w"
}