{
  "event": "Magnus Carlsen Chess Tour Finals",
  "site": "chess24.com INT",
  "date": "2020.08.11",
  "eventDate": "2020.08.09",
  "dateMillis": 1597075200000,
  "eventDateMillis": 1596902400000,
  "round": "1.32",
  "result": "1-0",
  "white": "Magnus Carlsen",
  "black": "Ding Liren",
  "isDingWin": true,
  "isDraw": false,
  "isDingBlack": false,
  "moves": [
    "Bxa6",
    "Rh3",
    "a4",
    "Kg7",
    "Rf2",
    "Be3",
    "Bf1",
    "Rh5",
    "Rg2",
    "Rxd5",
    "Bd3",
    "Rg5",
    "Rxg5",
    "Bxg5",
    "a5",
    "Bd8",
    "a6",
    "Bb6",
    "Kb3",
    "Kf6",
    "Kc4",
    "Ke5",
    "Kb5",
    "Ba7",
    "Kc6"
  ],
  "statePieceCount": 14,
  "endPieceCount": 10,
  "boardState": [
    {
      "square": "h8",
      "type": "k",
      "color": "b"
    },
    {
      "square": "a6",
      "type": "r",
      "color": "b"
    },
    {
      "square": "d6",
      "type": "p",
      "color": "b"
    },
    {
      "square": "g6",
      "type": "p",
      "color": "b"
    },
    {
      "square": "h6",
      "type": "r",
      "color": "b"
    },
    {
      "square": "d5",
      "type": "p",
      "color": "w"
    },
    {
      "square": "c4",
      "type": "b",
      "color": "w"
    },
    {
      "square": "d4",
      "type": "p",
      "color": "b"
    },
    {
      "square": "f4",
      "type": "b",
      "color": "b"
    },
    {
      "square": "a3",
      "type": "p",
      "color": "w"
    },
    {
      "square": "a2",
      "type": "k",
      "color": "w"
    },
    {
      "square": "b2",
      "type": "p",
      "color": "w"
    },
    {
      "square": "c2",
      "type": "r",
      "color": "w"
    },
    {
      "square": "h2",
      "type": "p",
      "color": "w"
    }
  ]
}