{
  "event": "Magnus Carlsen Chess Tour Finals",
  "site": "chess24.com INT",
  "date": "2020.08.12",
  "eventDate": "2020.08.09",
  "dateMillis": 1597161600000,
  "eventDateMillis": 1596902400000,
  "round": "1.41",
  "result": "1-0",
  "white": "Magnus Carlsen",
  "black": "Ding Liren",
  "isCarlsenWin": true,
  "isDraw": false,
  "isCarlsenBlack": false,
  "moves": [
    "Rxe6",
    "Rxe6",
    "fxe6",
    "Re1",
    "Rd6",
    "Kh2",
    "Kg6",
    "f4",
    "Kf5",
    "Kg3",
    "h4+",
    "Kxh4",
    "Kxf4",
    "g6",
    "Rd8",
    "Rf1+",
    "Ke3",
    "Kg5",
    "e5",
    "g7"
  ],
  "statePieceCount": 14,
  "endPieceCount": 9,
  "boardState": [
    {
      "square": "d8",
      "type": "r",
      "color": "b"
    },
    {
      "square": "a7",
      "type": "p",
      "color": "b"
    },
    {
      "square": "f7",
      "type": "p",
      "color": "b"
    },
    {
      "square": "g7",
      "type": "k",
      "color": "b"
    },
    {
      "square": "c6",
      "type": "r",
      "color": "b"
    },
    {
      "square": "e6",
      "type": "b",
      "color": "w"
    },
    {
      "square": "g5",
      "type": "p",
      "color": "w"
    },
    {
      "square": "h5",
      "type": "p",
      "color": "b"
    },
    {
      "square": "e3",
      "type": "r",
      "color": "w"
    },
    {
      "square": "f3",
      "type": "p",
      "color": "w"
    },
    {
      "square": "a2",
      "type": "p",
      "color": "w"
    },
    {
      "square": "g2",
      "type": "p",
      "color": "w"
    },
    {
      "square": "f1",
      "type": "r",
      "color": "w"
    },
    {
      "square": "g1",
      "type": "k",
      "color": "w"
    }
  ],
  "nextTurn": "b"
}