{
  "event": "Magnus Carlsen Chess Tour Finals",
  "site": "chess24.com INT",
  "date": "2020.08.14",
  "eventDate": "2020.08.09",
  "dateMillis": 1597334400000,
  "eventDateMillis": 1596902400000,
  "round": "2.11",
  "result": "1/2-1/2",
  "white": "Hikaru Nakamura",
  "black": "Magnus Carlsen",
  "isCarlsenWin": false,
  "isDraw": true,
  "isCarlsenBlack": true,
  "moves": [
    "Be5",
    "Bg6",
    "h4",
    "gxh4",
    "Bxh2",
    "Kc2",
    "Kf8",
    "Kd3",
    "b5",
    "Kc2",
    "Ke7",
    "Bd3",
    "b4",
    "h5",
    "Kd6",
    "Bg6",
    "Be5",
    "Kb1",
    "Bf6",
    "Kc2",
    "Be5",
    "Kb1",
    "Bf6",
    "Kc2",
    "Be5"
  ],
  "statePieceCount": 14,
  "endPieceCount": 12,
  "boardState": [
    {
      "square": "g8",
      "type": "k",
      "color": "b"
    },
    {
      "square": "b7",
      "type": "p",
      "color": "b"
    },
    {
      "square": "g7",
      "type": "p",
      "color": "b"
    },
    {
      "square": "f6",
      "type": "b",
      "color": "b"
    },
    {
      "square": "c5",
      "type": "p",
      "color": "b"
    },
    {
      "square": "d5",
      "type": "p",
      "color": "w"
    },
    {
      "square": "h5",
      "type": "p",
      "color": "b"
    },
    {
      "square": "e4",
      "type": "b",
      "color": "w"
    },
    {
      "square": "a3",
      "type": "p",
      "color": "b"
    },
    {
      "square": "b3",
      "type": "p",
      "color": "w"
    },
    {
      "square": "g3",
      "type": "p",
      "color": "w"
    },
    {
      "square": "a2",
      "type": "p",
      "color": "w"
    },
    {
      "square": "h2",
      "type": "p",
      "color": "w"
    },
    {
      "square": "b1",
      "type": "k",
      "color": "w"
    }
  ],
  "nextTurn": "b"
}