{
  "event": "Magnus Carlsen Chess Tour Finals",
  "site": "chess24.com INT",
  "date": "2020.08.20",
  "eventDate": "2020.08.09",
  "dateMillis": 1597852800000,
  "eventDateMillis": 1596902400000,
  "round": "2.71",
  "result": "0-1",
  "white": "Hikaru Nakamura",
  "black": "Magnus Carlsen",
  "isDingWin": true,
  "isDraw": false,
  "isDingBlack": true,
  "moves": [
    "Qg3+",
    "Kf8",
    "Qe3",
    "Nd7",
    "Kh1",
    "Ke8",
    "Qd2",
    "Be6",
    "e5",
    "Qxe5",
    "Rh4",
    "Nf8",
    "Qb4",
    "Kf7",
    "Re4",
    "c5",
    "Qb1",
    "Qd5",
    "Rf4",
    "b4",
    "Qa1",
    "Nd7",
    "Qb1",
    "Kg7",
    "Qe1",
    "b3",
    "Qg3+",
    "Qg5"
  ],
  "statePieceCount": 14,
  "endPieceCount": 13,
  "boardState": [
    {
      "square": "c7",
      "type": "p",
      "color": "b"
    },
    {
      "square": "g7",
      "type": "k",
      "color": "b"
    },
    {
      "square": "h7",
      "type": "p",
      "color": "b"
    },
    {
      "square": "b6",
      "type": "n",
      "color": "b"
    },
    {
      "square": "f6",
      "type": "p",
      "color": "b"
    },
    {
      "square": "b5",
      "type": "p",
      "color": "b"
    },
    {
      "square": "c5",
      "type": "q",
      "color": "b"
    },
    {
      "square": "d4",
      "type": "r",
      "color": "w"
    },
    {
      "square": "e4",
      "type": "p",
      "color": "w"
    },
    {
      "square": "b3",
      "type": "b",
      "color": "b"
    },
    {
      "square": "h3",
      "type": "p",
      "color": "w"
    },
    {
      "square": "f2",
      "type": "q",
      "color": "w"
    },
    {
      "square": "g2",
      "type": "p",
      "color": "w"
    },
    {
      "square": "g1",
      "type": "k",
      "color": "w"
    }
  ]
}