{
  "event": "Magnus Carlsen Chess Tour Finals",
  "site": "chess24.com INT",
  "date": "2020.08.18",
  "eventDate": "2020.08.09",
  "dateMillis": 1597680000000,
  "eventDateMillis": 1596902400000,
  "round": "2.54",
  "result": "1/2-1/2",
  "white": "Magnus Carlsen",
  "black": "Hikaru Nakamura",
  "isCarlsenWin": false,
  "isDraw": true,
  "isCarlsenBlack": false,
  "moves": [
    "Kf8",
    "Kxc4",
    "Bb4",
    "g4",
    "Ke7",
    "Bg8",
    "h6",
    "Kd5",
    "Be1",
    "f3",
    "Bc3",
    "Ke4",
    "Bb2",
    "Bc4",
    "Bc3",
    "d5",
    "Bb4",
    "Kf5",
    "Bc5",
    "Kg6",
    "Kf8",
    "f4",
    "Bd6",
    "g5",
    "hxg5",
    "fxg5",
    "fxg5",
    "Kxg5",
    "Bb4"
  ],
  "statePieceCount": 14,
  "endPieceCount": 9,
  "boardState": [
    {
      "square": "g8",
      "type": "k",
      "color": "b"
    },
    {
      "square": "e7",
      "type": "b",
      "color": "b"
    },
    {
      "square": "g7",
      "type": "p",
      "color": "b"
    },
    {
      "square": "h7",
      "type": "p",
      "color": "b"
    },
    {
      "square": "e6",
      "type": "b",
      "color": "w"
    },
    {
      "square": "f6",
      "type": "p",
      "color": "b"
    },
    {
      "square": "a5",
      "type": "p",
      "color": "b"
    },
    {
      "square": "a4",
      "type": "p",
      "color": "w"
    },
    {
      "square": "c4",
      "type": "r",
      "color": "b"
    },
    {
      "square": "d4",
      "type": "p",
      "color": "w"
    },
    {
      "square": "d3",
      "type": "k",
      "color": "w"
    },
    {
      "square": "g3",
      "type": "p",
      "color": "w"
    },
    {
      "square": "f2",
      "type": "p",
      "color": "w"
    },
    {
      "square": "g2",
      "type": "p",
      "color": "w"
    }
  ],
  "nextTurn": "b"
}