{
  "event": "St. Louis Rapid & Blitz",
  "site": "lichess.org INT",
  "date": "2020.09.18",
  "eventDate": "2020.09.18",
  "dateMillis": 1600358400000,
  "eventDateMillis": 1600358400000,
  "round": "7.4",
  "result": "0-1",
  "white": "Alireza Firouzja",
  "black": "Magnus Carlsen",
  "isCarlsenWin": true,
  "isDraw": false,
  "isCarlsenBlack": true,
  "moves": [
    "Qe8",
    "Bd7",
    "Qa8",
    "Rg6",
    "Qb7",
    "Re6",
    "Qe4+",
    "Kg7",
    "Qe3",
    "Rf5",
    "Qxb6",
    "Rexe5",
    "Qa7",
    "Rf7",
    "Qd4",
    "Kf6",
    "b4",
    "axb4",
    "Qxb4",
    "Kg6",
    "a5",
    "Re3",
    "a6",
    "Rexf3+",
    "Kg2",
    "Rf2+",
    "Kg1",
    "Rf1+",
    "Kg2",
    "Bc6+",
    "Kg3",
    "R7f3+",
    "Kh2",
    "R3f2+",
    "Kg3",
    "Rg2+"
  ],
  "statePieceCount": 14,
  "endPieceCount": 9,
  "boardState": [
    {
      "square": "d8",
      "type": "q",
      "color": "w"
    },
    {
      "square": "f7",
      "type": "r",
      "color": "b"
    },
    {
      "square": "g7",
      "type": "r",
      "color": "b"
    },
    {
      "square": "h7",
      "type": "k",
      "color": "b"
    },
    {
      "square": "b6",
      "type": "p",
      "color": "b"
    },
    {
      "square": "d6",
      "type": "p",
      "color": "w"
    },
    {
      "square": "a5",
      "type": "p",
      "color": "b"
    },
    {
      "square": "e5",
      "type": "p",
      "color": "w"
    },
    {
      "square": "f5",
      "type": "b",
      "color": "b"
    },
    {
      "square": "g5",
      "type": "p",
      "color": "b"
    },
    {
      "square": "a4",
      "type": "p",
      "color": "w"
    },
    {
      "square": "b3",
      "type": "p",
      "color": "w"
    },
    {
      "square": "f3",
      "type": "p",
      "color": "w"
    },
    {
      "square": "g3",
      "type": "k",
      "color": "w"
    }
  ],
  "nextTurn": "w"
}