{
  "event": "St. Louis Rapid & Blitz",
  "site": "lichess.org INT",
  "date": "2020.09.18",
  "eventDate": "2020.09.18",
  "dateMillis": 1600358400000,
  "eventDateMillis": 1600358400000,
  "round": "3.2",
  "result": "1-0",
  "white": "Pentala Harikrishna",
  "black": "Magnus Carlsen",
  "isCarlsenWin": false,
  "isDraw": false,
  "isCarlsenBlack": true,
  "moves": [
    "Qf2",
    "Qe5",
    "Qg3+",
    "Qxg3",
    "hxg3",
    "Re5",
    "g4",
    "Ra5",
    "Bd5",
    "Ra4",
    "Bb3",
    "Rxg4",
    "Rd7",
    "Kh6",
    "Rxf7",
    "Rh4+",
    "Kg1",
    "Kg5",
    "Be6",
    "h5",
    "Kf2",
    "Rb4",
    "Rf8",
    "h4",
    "Ke3",
    "Bd4+",
    "Kf3",
    "Bc5",
    "Rg8+",
    "Kf6",
    "Rg6+",
    "Ke5",
    "Rg4",
    "Rb1",
    "Re4+",
    "Kf6",
    "Rxh4",
    "Rf1+",
    "Ke4",
    "Kg5",
    "Rh8",
    "Re1+",
    "Kd5",
    "Ba3",
    "Rg8+",
    "Kf4",
    "g3+",
    "Kf3",
    "f6",
    "Rd1+",
    "Kc4",
    "Rd6",
    "Bd5+",
    "Ke3",
    "Ra8"
  ],
  "statePieceCount": 14,
  "endPieceCount": 9,
  "boardState": [
    {
      "square": "e8",
      "type": "r",
      "color": "b"
    },
    {
      "square": "f7",
      "type": "p",
      "color": "b"
    },
    {
      "square": "g7",
      "type": "k",
      "color": "b"
    },
    {
      "square": "h7",
      "type": "p",
      "color": "b"
    },
    {
      "square": "f6",
      "type": "b",
      "color": "b"
    },
    {
      "square": "f5",
      "type": "p",
      "color": "w"
    },
    {
      "square": "c3",
      "type": "q",
      "color": "b"
    },
    {
      "square": "f3",
      "type": "b",
      "color": "w"
    },
    {
      "square": "a2",
      "type": "p",
      "color": "w"
    },
    {
      "square": "g2",
      "type": "p",
      "color": "w"
    },
    {
      "square": "h2",
      "type": "p",
      "color": "w"
    },
    {
      "square": "d1",
      "type": "r",
      "color": "w"
    },
    {
      "square": "f1",
      "type": "q",
      "color": "w"
    },
    {
      "square": "h1",
      "type": "k",
      "color": "w"
    }
  ],
  "nextTurn": "w"
}