{
  "event": "Norway Chess",
  "site": "Stavanger NOR",
  "date": "2020.10.10",
  "eventDate": "2020.10.05",
  "dateMillis": 1602259200000,
  "eventDateMillis": 1601827200000,
  "round": "5.1",
  "result": "1-0",
  "white": "Jan-Krzysztof Duda",
  "black": "Magnus Carlsen",
  "isCarlsenWin": false,
  "isDraw": false,
  "isCarlsenBlack": true,
  "moves": [
    "Qf4",
    "Qd3+",
    "f5",
    "Rf8",
    "Qb4+",
    "Kc1",
    "Be4",
    "Qb3",
    "Qd4",
    "Qc3",
    "Qd6",
    "Rf7",
    "Qg6",
    "Rd7",
    "Qg1+",
    "Kb2",
    "c4",
    "Rxe4",
    "fxe4",
    "Rd4",
    "Qf2+",
    "Qd2",
    "c3+",
    "Kxc3",
    "Qg3+",
    "Kb2",
    "Qxh3",
    "Rxe4",
    "Qg3",
    "Qd4",
    "Qg2+",
    "Kc3",
    "Qf3+",
    "Kb4",
    "Qf8+",
    "Ka5",
    "Qf5+",
    "Kxa6",
    "g5",
    "a5",
    "h3",
    "Re7+",
    "Kg6",
    "Qg7+",
    "Kh5",
    "Qh7+",
    "Kg4",
    "Re4+"
  ],
  "statePieceCount": 14,
  "endPieceCount": 8,
  "boardState": [
    {
      "square": "b8",
      "type": "r",
      "color": "w"
    },
    {
      "square": "f7",
      "type": "p",
      "color": "b"
    },
    {
      "square": "g7",
      "type": "p",
      "color": "b"
    },
    {
      "square": "h7",
      "type": "k",
      "color": "b"
    },
    {
      "square": "a6",
      "type": "p",
      "color": "b"
    },
    {
      "square": "c5",
      "type": "p",
      "color": "b"
    },
    {
      "square": "f5",
      "type": "q",
      "color": "b"
    },
    {
      "square": "a4",
      "type": "p",
      "color": "w"
    },
    {
      "square": "h4",
      "type": "p",
      "color": "b"
    },
    {
      "square": "c3",
      "type": "q",
      "color": "w"
    },
    {
      "square": "e3",
      "type": "r",
      "color": "w"
    },
    {
      "square": "f3",
      "type": "b",
      "color": "b"
    },
    {
      "square": "h3",
      "type": "p",
      "color": "w"
    },
    {
      "square": "b2",
      "type": "k",
      "color": "w"
    }
  ],
  "nextTurn": "b"
}