{
  "event": "Norway Chess",
  "site": "Stavanger NOR",
  "date": "2020.10.12",
  "eventDate": "2020.10.05",
  "dateMillis": 1602432000000,
  "eventDateMillis": 1601827200000,
  "round": "7.1",
  "result": "0-1",
  "white": "Fabiano Caruana",
  "black": "Magnus Carlsen",
  "isDingWin": true,
  "isDraw": false,
  "isDingBlack": true,
  "moves": [
    "Rxa2",
    "Qc4",
    "Rd2",
    "h5",
    "Rd1+",
    "Kh2",
    "Rd4",
    "Qc8+",
    "Kh7",
    "Qc1",
    "Rg4",
    "Rxg4",
    "fxg4",
    "Qc5",
    "Qf5",
    "Qxa7",
    "Qe5+",
    "g3",
    "Qxh5+",
    "Kg1",
    "Qf5"
  ],
  "statePieceCount": 14,
  "endPieceCount": 9,
  "boardState": [
    {
      "square": "g8",
      "type": "k",
      "color": "b"
    },
    {
      "square": "a7",
      "type": "p",
      "color": "b"
    },
    {
      "square": "g7",
      "type": "p",
      "color": "b"
    },
    {
      "square": "a6",
      "type": "r",
      "color": "b"
    },
    {
      "square": "e6",
      "type": "p",
      "color": "b"
    },
    {
      "square": "f6",
      "type": "q",
      "color": "b"
    },
    {
      "square": "f5",
      "type": "p",
      "color": "b"
    },
    {
      "square": "h4",
      "type": "p",
      "color": "w"
    },
    {
      "square": "d3",
      "type": "q",
      "color": "w"
    },
    {
      "square": "g3",
      "type": "r",
      "color": "w"
    },
    {
      "square": "a2",
      "type": "p",
      "color": "w"
    },
    {
      "square": "f2",
      "type": "p",
      "color": "w"
    },
    {
      "square": "g2",
      "type": "p",
      "color": "w"
    },
    {
      "square": "g1",
      "type": "k",
      "color": "w"
    }
  ]
}