{
  "event": "chess.com Speed Chess",
  "site": "chess.com INT",
  "date": "2020.11.02",
  "eventDate": "2020.11.01",
  "dateMillis": 1604246400000,
  "eventDateMillis": 1604160000000,
  "round": "1.25",
  "result": "0-1",
  "white": "Parham Maghsoodloo",
  "black": "Magnus Carlsen",
  "isDingWin": true,
  "isDraw": false,
  "isDingBlack": true,
  "moves": [
    "Kxd6",
    "gxf4",
    "exf4",
    "Kg2",
    "c5",
    "Kf3",
    "Kc6",
    "Kxf4",
    "Kxb6",
    "Ke5",
    "Kc6",
    "f3",
    "g6",
    "f4",
    "c4",
    "Kd4",
    "c3",
    "Kxc3",
    "Kc5",
    "Kd3",
    "Kb4",
    "Kd4",
    "Kxa4",
    "Ke5",
    "Kb5",
    "Kf6",
    "a4",
    "Kxg6",
    "a3",
    "f5",
    "a2",
    "Kxh5",
    "a1=Q",
    "Kg6",
    "Qh8",
    "f6",
    "Kc6",
    "f7",
    "Kd7"
  ],
  "statePieceCount": 14,
  "endPieceCount": 5,
  "boardState": [
    {
      "square": "g7",
      "type": "p",
      "color": "b"
    },
    {
      "square": "b6",
      "type": "p",
      "color": "w"
    },
    {
      "square": "c6",
      "type": "p",
      "color": "b"
    },
    {
      "square": "d6",
      "type": "p",
      "color": "w"
    },
    {
      "square": "e6",
      "type": "k",
      "color": "b"
    },
    {
      "square": "a5",
      "type": "p",
      "color": "b"
    },
    {
      "square": "e5",
      "type": "p",
      "color": "b"
    },
    {
      "square": "h5",
      "type": "p",
      "color": "b"
    },
    {
      "square": "a4",
      "type": "p",
      "color": "w"
    },
    {
      "square": "f4",
      "type": "p",
      "color": "b"
    },
    {
      "square": "h4",
      "type": "p",
      "color": "w"
    },
    {
      "square": "g3",
      "type": "p",
      "color": "w"
    },
    {
      "square": "f2",
      "type": "p",
      "color": "w"
    },
    {
      "square": "h2",
      "type": "k",
      "color": "w"
    }
  ]
}