{
  "event": "Skilling Open",
  "site": "chess24.com INT",
  "date": "2020.11.26",
  "eventDate": "2020.11.25",
  "dateMillis": 1606320000000,
  "eventDateMillis": 1606233600000,
  "round": "1.23",
  "result": "1/2-1/2",
  "white": "Anish Giri",
  "black": "Magnus Carlsen",
  "isCarlsenWin": false,
  "isDraw": true,
  "isCarlsenBlack": true,
  "moves": [
    "f5",
    "g6",
    "f6",
    "Bb5",
    "Ke5",
    "c5",
    "bxc5",
    "Ba4",
    "Kd6",
    "Bb5",
    "Ke5",
    "Ba4",
    "Be3",
    "Bb5",
    "Bd4",
    "Ba4",
    "Kd6",
    "Bb5",
    "Kc7",
    "Bc6",
    "Kc8",
    "Ke8",
    "Kb8",
    "Kf7",
    "Kc7",
    "Ke6",
    "Kd8",
    "Kf7",
    "Kc7",
    "Ke6",
    "Be5",
    "Kf7",
    "Kd6",
    "Bb5",
    "Kc7",
    "Bc6",
    "Kd6",
    "Bb5",
    "Kc7",
    "Bc6"
  ],
  "statePieceCount": 14,
  "endPieceCount": 13,
  "boardState": [
    {
      "square": "b7",
      "type": "p",
      "color": "b"
    },
    {
      "square": "f7",
      "type": "k",
      "color": "b"
    },
    {
      "square": "g7",
      "type": "p",
      "color": "b"
    },
    {
      "square": "a6",
      "type": "p",
      "color": "b"
    },
    {
      "square": "c6",
      "type": "p",
      "color": "b"
    },
    {
      "square": "a5",
      "type": "p",
      "color": "w"
    },
    {
      "square": "d5",
      "type": "p",
      "color": "b"
    },
    {
      "square": "g5",
      "type": "b",
      "color": "w"
    },
    {
      "square": "b4",
      "type": "p",
      "color": "w"
    },
    {
      "square": "d4",
      "type": "k",
      "color": "w"
    },
    {
      "square": "f4",
      "type": "p",
      "color": "w"
    },
    {
      "square": "h4",
      "type": "p",
      "color": "w"
    },
    {
      "square": "c3",
      "type": "p",
      "color": "w"
    },
    {
      "square": "f1",
      "type": "b",
      "color": "b"
    }
  ],
  "nextTurn": "w"
}