{
  "event": "Skilling Open",
  "site": "chess24.com INT",
  "date": "2020.11.26",
  "eventDate": "2020.11.25",
  "dateMillis": 1606320000000,
  "eventDateMillis": 1606233600000,
  "round": "1.22",
  "result": "1/2-1/2",
  "white": "Magnus Carlsen",
  "black": "Anish Giri",
  "isDingWin": false,
  "isDraw": true,
  "isDingBlack": false,
  "moves": [
    "a7",
    "Qb1+",
    "Kh2",
    "Qa2",
    "g4",
    "hxg4",
    "h5",
    "gxh5",
    "Qe3",
    "Qa5",
    "Qg5+",
    "Kf8",
    "Qh6+",
    "Kg8",
    "Qg5+",
    "Kf8",
    "Qh6+",
    "Kg8",
    "Qg5+",
    "Kf8"
  ],
  "statePieceCount": 14,
  "endPieceCount": 12,
  "boardState": [
    {
      "square": "f7",
      "type": "p",
      "color": "b"
    },
    {
      "square": "g7",
      "type": "k",
      "color": "b"
    },
    {
      "square": "a6",
      "type": "p",
      "color": "w"
    },
    {
      "square": "e6",
      "type": "p",
      "color": "b"
    },
    {
      "square": "g6",
      "type": "p",
      "color": "b"
    },
    {
      "square": "c5",
      "type": "q",
      "color": "w"
    },
    {
      "square": "e5",
      "type": "p",
      "color": "w"
    },
    {
      "square": "h5",
      "type": "p",
      "color": "b"
    },
    {
      "square": "b4",
      "type": "p",
      "color": "b"
    },
    {
      "square": "h4",
      "type": "p",
      "color": "w"
    },
    {
      "square": "b3",
      "type": "q",
      "color": "b"
    },
    {
      "square": "g3",
      "type": "p",
      "color": "w"
    },
    {
      "square": "f2",
      "type": "p",
      "color": "w"
    },
    {
      "square": "g1",
      "type": "k",
      "color": "w"
    }
  ]
}