{
  "event": "Skilling Open",
  "site": "chess24.com INT",
  "date": "2020.11.30",
  "eventDate": "2020.11.25",
  "dateMillis": 1606665600000,
  "eventDateMillis": 1606233600000,
  "round": "3.21",
  "result": "0-1",
  "white": "Wesley So",
  "black": "Magnus Carlsen",
  "isDingWin": true,
  "isDraw": false,
  "isDingBlack": true,
  "moves": [
    "Rxa5",
    "Nd3",
    "Kh2",
    "Nb4",
    "Rc1",
    "Nd5",
    "Ra7",
    "Rb8",
    "Kg3",
    "Ne7",
    "Kg4",
    "b5",
    "Rd1",
    "b4",
    "Rad7",
    "b3",
    "Rd8+",
    "Rxd8",
    "Rxd8+",
    "Kh7",
    "Rb8",
    "b2",
    "Kf4",
    "Nd5+"
  ],
  "statePieceCount": 14,
  "endPieceCount": 11,
  "boardState": [
    {
      "square": "d8",
      "type": "r",
      "color": "b"
    },
    {
      "square": "g8",
      "type": "k",
      "color": "b"
    },
    {
      "square": "b7",
      "type": "p",
      "color": "b"
    },
    {
      "square": "g7",
      "type": "p",
      "color": "b"
    },
    {
      "square": "c6",
      "type": "p",
      "color": "b"
    },
    {
      "square": "e6",
      "type": "p",
      "color": "w"
    },
    {
      "square": "f6",
      "type": "b",
      "color": "b"
    },
    {
      "square": "a5",
      "type": "p",
      "color": "b"
    },
    {
      "square": "f5",
      "type": "p",
      "color": "w"
    },
    {
      "square": "h3",
      "type": "p",
      "color": "w"
    },
    {
      "square": "b2",
      "type": "n",
      "color": "b"
    },
    {
      "square": "c2",
      "type": "r",
      "color": "w"
    },
    {
      "square": "a1",
      "type": "r",
      "color": "w"
    },
    {
      "square": "g1",
      "type": "k",
      "color": "w"
    }
  ]
}