{
  "event": "Airthings Masters",
  "site": "chess24.com INT",
  "date": "2020.12.27",
  "eventDate": "2020.12.26",
  "dateMillis": 1608998400000,
  "eventDateMillis": 1608912000000,
  "round": "5.2",
  "result": "1-0",
  "white": "Magnus Carlsen",
  "black": "Daniil Dubov",
  "isCarlsenWin": true,
  "isDraw": false,
  "isCarlsenBlack": false,
  "moves": [
    "Nxe5",
    "Rd1+",
    "Kh2",
    "Kg7",
    "g4",
    "Nd6",
    "Re3",
    "g5",
    "Kg2",
    "h6",
    "Nc6",
    "Kf6",
    "Rf3+",
    "Kxe6",
    "Re3+",
    "Kf6",
    "Nxe7",
    "Nc4",
    "Re4",
    "Nd6",
    "Re2",
    "Rd3",
    "Nc6",
    "Nf7",
    "Re3",
    "Rd7",
    "Ra3",
    "Nh8",
    "Nb8",
    "Rb7",
    "Ra6+",
    "Kg7",
    "Nc6",
    "Ng6",
    "Nd4",
    "Nh4+",
    "Kg3",
    "Rb1",
    "f4",
    "Rg1+",
    "Kf2",
    "Rg2+",
    "Kf1",
    "Rd2",
    "Ne6+",
    "Kf7",
    "fxg5",
    "Nf3",
    "g6+",
    "Ke7",
    "Ra3",
    "Nh2+",
    "Ke1",
    "Rd6",
    "Nf4",
    "Kf6",
    "Ke2",
    "Rd7",
    "Ra6+",
    "Ke5",
    "Nh5"
  ],
  "statePieceCount": 14,
  "endPieceCount": 10,
  "boardState": [
    {
      "square": "g8",
      "type": "k",
      "color": "b"
    },
    {
      "square": "e7",
      "type": "p",
      "color": "b"
    },
    {
      "square": "h7",
      "type": "p",
      "color": "b"
    },
    {
      "square": "e6",
      "type": "p",
      "color": "w"
    },
    {
      "square": "g6",
      "type": "p",
      "color": "b"
    },
    {
      "square": "e5",
      "type": "b",
      "color": "b"
    },
    {
      "square": "f5",
      "type": "n",
      "color": "b"
    },
    {
      "square": "e4",
      "type": "r",
      "color": "w"
    },
    {
      "square": "d3",
      "type": "r",
      "color": "b"
    },
    {
      "square": "f3",
      "type": "n",
      "color": "w"
    },
    {
      "square": "h3",
      "type": "p",
      "color": "w"
    },
    {
      "square": "f2",
      "type": "p",
      "color": "w"
    },
    {
      "square": "g2",
      "type": "p",
      "color": "w"
    },
    {
      "square": "g1",
      "type": "k",
      "color": "w"
    }
  ],
  "nextTurn": "w"
}