{
  "event": "Tata Steel Masters",
  "site": "Wijk aan Zee NED",
  "date": "2021.01.26",
  "dateMillis": 1611590400000,
  "eventDateMillis": null,
  "round": "9",
  "result": "1-0",
  "white": "Magnus Carlsen",
  "black": "Nils Grandelius",
  "isDingWin": true,
  "isDraw": false,
  "isDingBlack": false,
  "moves": [
    "Rxc5",
    "Qa8",
    "Kf2",
    "Rb8",
    "Qf3",
    "Qa7",
    "Qd5",
    "Qa1",
    "Qe5",
    "Qb2",
    "Rc6",
    "Kh7",
    "Rc7",
    "Rg8",
    "Kg2",
    "Qb4",
    "Qe4+",
    "Kh8",
    "Rd7",
    "Qd2+",
    "Kh3",
    "Qd1",
    "Re7",
    "Qh5+",
    "Kg2",
    "Rc8",
    "f5",
    "Qd1",
    "Re8+",
    "Rxe8",
    "Qxe8+",
    "Kh7",
    "Qe4",
    "Kh8",
    "Qe8+",
    "Kh7",
    "Qg6+",
    "Kh8",
    "f6",
    "Qe2+",
    "Kh3",
    "Qe6+",
    "Kh4",
    "gxf6",
    "Qxh6+",
    "Kg8",
    "Qg6+",
    "Kf8",
    "g4",
    "Qe5",
    "h3",
    "Ke7",
    "Qf5",
    "Qe3",
    "Kh5",
    "Qxh3+",
    "Kg6",
    "Kd6",
    "Kxf6",
    "Qe3",
    "g5",
    "Qe7+",
    "Kg6",
    "Qe8+",
    "Kg7",
    "Qe7+",
    "Kg8"
  ],
  "statePieceCount": 14,
  "endPieceCount": 7,
  "boardState": [
    {
      "square": "d8",
      "type": "q",
      "color": "b"
    },
    {
      "square": "h8",
      "type": "k",
      "color": "b"
    },
    {
      "square": "g7",
      "type": "p",
      "color": "b"
    },
    {
      "square": "h6",
      "type": "p",
      "color": "b"
    },
    {
      "square": "c5",
      "type": "p",
      "color": "b"
    },
    {
      "square": "e5",
      "type": "r",
      "color": "w"
    },
    {
      "square": "d4",
      "type": "p",
      "color": "b"
    },
    {
      "square": "f4",
      "type": "p",
      "color": "w"
    },
    {
      "square": "d3",
      "type": "q",
      "color": "w"
    },
    {
      "square": "g3",
      "type": "p",
      "color": "w"
    },
    {
      "square": "b2",
      "type": "r",
      "color": "b"
    },
    {
      "square": "c2",
      "type": "p",
      "color": "w"
    },
    {
      "square": "h2",
      "type": "p",
      "color": "w"
    },
    {
      "square": "g1",
      "type": "k",
      "color": "w"
    }
  ]
}