{
  "event": "Opera Euro Rapid",
  "site": "chess24.com INT",
  "date": "2021.02.08",
  "eventDate": "2021.02.06",
  "dateMillis": 1612713600000,
  "eventDateMillis": 1612540800000,
  "round": "11.7",
  "result": "0-1",
  "white": "Vidit Santosh Gujrathi",
  "black": "Magnus Carlsen",
  "isCarlsenWin": true,
  "isDraw": false,
  "isCarlsenBlack": true,
  "moves": [
    "Nc5",
    "f4",
    "Bb5",
    "Kf2",
    "Bd7",
    "e4",
    "fxe4",
    "Ke3",
    "Be6",
    "Bxe6",
    "Kxe6",
    "Kd4",
    "b3",
    "Nc4",
    "Na4"
  ],
  "statePieceCount": 14,
  "endPieceCount": 11,
  "boardState": [
    {
      "square": "h7",
      "type": "p",
      "color": "b"
    },
    {
      "square": "a6",
      "type": "b",
      "color": "b"
    },
    {
      "square": "e6",
      "type": "n",
      "color": "b"
    },
    {
      "square": "f6",
      "type": "k",
      "color": "b"
    },
    {
      "square": "g6",
      "type": "p",
      "color": "b"
    },
    {
      "square": "a5",
      "type": "n",
      "color": "w"
    },
    {
      "square": "d5",
      "type": "b",
      "color": "w"
    },
    {
      "square": "f5",
      "type": "p",
      "color": "b"
    },
    {
      "square": "b4",
      "type": "p",
      "color": "b"
    },
    {
      "square": "e3",
      "type": "p",
      "color": "w"
    },
    {
      "square": "g3",
      "type": "p",
      "color": "w"
    },
    {
      "square": "f2",
      "type": "p",
      "color": "w"
    },
    {
      "square": "h2",
      "type": "p",
      "color": "w"
    },
    {
      "square": "g1",
      "type": "k",
      "color": "w"
    }
  ],
  "nextTurn": "b"
}