{
  "event": "Opera Euro Rapid",
  "site": "chess24.com INT",
  "date": "2021.02.11",
  "eventDate": "2021.02.09",
  "dateMillis": 1612972800000,
  "eventDateMillis": 1612800000000,
  "round": "2.12",
  "result": "1/2-1/2",
  "white": "Maxime Vachier-Lagrave",
  "black": "Magnus Carlsen",
  "isCarlsenWin": false,
  "isDraw": true,
  "isCarlsenBlack": true,
  "moves": [
    "Rxe4",
    "Rxb3",
    "Be3",
    "Rc6",
    "Ra4",
    "Rb7",
    "Kg2",
    "Kf7",
    "Ra5",
    "Rd6",
    "h4",
    "Rd5",
    "Ra8",
    "Rbd7",
    "Rh8",
    "Kf6",
    "Rf8+",
    "Kg7",
    "Re8",
    "Kf7",
    "Rh8",
    "h5",
    "Ra8",
    "e5",
    "Kf3",
    "Ke6",
    "Rg8",
    "Kf7",
    "Ra8",
    "Rb5",
    "Ra6",
    "Rb4",
    "Bg5",
    "e4+",
    "Kg2",
    "Rd1",
    "Rf6+",
    "Kg7",
    "Re6",
    "Ra4",
    "Re7+",
    "Kf8",
    "Re6",
    "Re1",
    "Be3",
    "Kf7",
    "Re5",
    "Rb4",
    "Bd2"
  ],
  "statePieceCount": 14,
  "endPieceCount": 12,
  "boardState": [
    {
      "square": "g8",
      "type": "k",
      "color": "b"
    },
    {
      "square": "c7",
      "type": "r",
      "color": "b"
    },
    {
      "square": "h7",
      "type": "p",
      "color": "b"
    },
    {
      "square": "e6",
      "type": "p",
      "color": "b"
    },
    {
      "square": "g6",
      "type": "p",
      "color": "b"
    },
    {
      "square": "d4",
      "type": "r",
      "color": "w"
    },
    {
      "square": "e4",
      "type": "p",
      "color": "b"
    },
    {
      "square": "b3",
      "type": "n",
      "color": "w"
    },
    {
      "square": "g3",
      "type": "p",
      "color": "w"
    },
    {
      "square": "h3",
      "type": "p",
      "color": "w"
    },
    {
      "square": "f2",
      "type": "p",
      "color": "w"
    },
    {
      "square": "b1",
      "type": "r",
      "color": "b"
    },
    {
      "square": "c1",
      "type": "b",
      "color": "w"
    },
    {
      "square": "g1",
      "type": "k",
      "color": "w"
    }
  ],
  "nextTurn": "w"
}