{
  "event": "Opera Euro Rapid",
  "site": "chess24.com INT",
  "date": "2021.02.10",
  "eventDate": "2021.02.09",
  "dateMillis": 1612886400000,
  "eventDateMillis": 1612800000000,
  "round": "1.33",
  "result": "1-0",
  "white": "Magnus Carlsen",
  "black": "Daniil Dubov",
  "isCarlsenWin": true,
  "isDraw": false,
  "isCarlsenBlack": false,
  "moves": [
    "Rxb4",
    "Ke3",
    "Ra4",
    "Bc5",
    "Ke6",
    "a3",
    "Kd5",
    "Bb4",
    "a5",
    "Be7",
    "Ke6",
    "Bf8",
    "Kd5",
    "Rc2",
    "Ke6",
    "Rc6+",
    "Kf7",
    "Bc5",
    "Be6",
    "Rd6",
    "Bf5",
    "Ra6",
    "Be6",
    "d4",
    "Rc4",
    "Ke4",
    "Rc2",
    "Rxa5",
    "Re2+",
    "Kd3",
    "Rxg2",
    "Bd6",
    "f5",
    "d5",
    "Bd7",
    "Ra7",
    "Ke8",
    "a4",
    "Rg1",
    "Kd4",
    "Re1",
    "a5",
    "Re4+",
    "Kc5",
    "f4",
    "Bxf4",
    "Ra4",
    "Ra8+",
    "Kf7",
    "a6"
  ],
  "statePieceCount": 14,
  "endPieceCount": 10,
  "boardState": [
    {
      "square": "f7",
      "type": "k",
      "color": "b"
    },
    {
      "square": "a6",
      "type": "p",
      "color": "b"
    },
    {
      "square": "f6",
      "type": "p",
      "color": "b"
    },
    {
      "square": "f5",
      "type": "b",
      "color": "b"
    },
    {
      "square": "b4",
      "type": "p",
      "color": "w"
    },
    {
      "square": "d4",
      "type": "b",
      "color": "w"
    },
    {
      "square": "g4",
      "type": "p",
      "color": "b"
    },
    {
      "square": "d3",
      "type": "p",
      "color": "w"
    },
    {
      "square": "g3",
      "type": "p",
      "color": "w"
    },
    {
      "square": "a2",
      "type": "p",
      "color": "w"
    },
    {
      "square": "d2",
      "type": "r",
      "color": "w"
    },
    {
      "square": "f2",
      "type": "k",
      "color": "w"
    },
    {
      "square": "g2",
      "type": "p",
      "color": "w"
    },
    {
      "square": "b1",
      "type": "r",
      "color": "b"
    }
  ],
  "nextTurn": "b"
}