{
  "event": "Opera Euro Rapid",
  "site": "chess24.com INT",
  "date": "2021.02.10",
  "eventDate": "2021.02.09",
  "dateMillis": 1612886400000,
  "eventDateMillis": 1612800000000,
  "round": "1.32",
  "result": "1-0",
  "white": "Daniil Dubov",
  "black": "Magnus Carlsen",
  "isCarlsenWin": false,
  "isDraw": false,
  "isCarlsenBlack": true,
  "moves": [
    "Bxa5",
    "Bxa6",
    "g5",
    "Bd3",
    "h6",
    "Kg2",
    "Be1",
    "Kf3",
    "Ke6",
    "Bc4+",
    "Ke7",
    "e3",
    "f6",
    "Ke2",
    "Bb4",
    "f4",
    "Bc5",
    "Kf3",
    "Kd6",
    "b3",
    "Bb4",
    "h3",
    "Bd2",
    "e4",
    "gxf4",
    "gxf4",
    "h5",
    "Bf7",
    "h4",
    "Kg4",
    "Be1",
    "Bc4",
    "Ke7",
    "e5",
    "fxe5",
    "fxe5",
    "Bg3",
    "Kf5",
    "Be1",
    "Ke4",
    "Kd7",
    "Kd5",
    "Ke7",
    "Kc5",
    "Bg3",
    "e6",
    "Bf2+",
    "Kb5",
    "Be1",
    "Kc5",
    "Bf2+",
    "Kb5",
    "Be1",
    "b4",
    "Kd6",
    "Bd5",
    "Bd2",
    "Kc4",
    "Be1",
    "Kb5",
    "Bd2",
    "Bb3",
    "Be1",
    "Ka4",
    "Bf2",
    "Bc4",
    "Ke7",
    "Ka5",
    "Be1",
    "Kb5",
    "Kd6",
    "Ka4",
    "Bf2",
    "Kb3",
    "Be1",
    "b5",
    "Bf2",
    "Kc2",
    "Bb6",
    "Kd3",
    "Ke7",
    "Ke4",
    "Bf2",
    "Kd5",
    "Kd8",
    "Kc6",
    "Be3",
    "Kd5",
    "Ke7",
    "Ke5",
    "Bb6",
    "Kf5",
    "Bf2",
    "Bd5",
    "Bb6",
    "Kg5",
    "Bf2",
    "Bc4",
    "Ke8",
    "Kf6",
    "Bd4+",
    "Kf5",
    "Ke7",
    "Ke4",
    "Bf2",
    "Kd5",
    "Be3",
    "Kc6",
    "Kd8",
    "b6",
    "Bf2",
    "b7",
    "Bg3",
    "Bd5",
    "Ke7",
    "Kb6",
    "Bb8",
    "Kc5",
    "Kf6",
    "Kd4",
    "Ke7",
    "Ke4",
    "Kf6",
    "Kf3",
    "Bd6",
    "Kg4",
    "Bg3",
    "Bc4",
    "Ke7",
    "Kg5",
    "Kd8",
    "Kf6",
    "Bd6",
    "b8=Q+"
  ],
  "statePieceCount": 14,
  "endPieceCount": 8,
  "boardState": [
    {
      "square": "b7",
      "type": "b",
      "color": "w"
    },
    {
      "square": "e7",
      "type": "k",
      "color": "b"
    },
    {
      "square": "f7",
      "type": "p",
      "color": "b"
    },
    {
      "square": "h7",
      "type": "p",
      "color": "b"
    },
    {
      "square": "a6",
      "type": "p",
      "color": "b"
    },
    {
      "square": "b6",
      "type": "b",
      "color": "b"
    },
    {
      "square": "g6",
      "type": "p",
      "color": "b"
    },
    {
      "square": "a5",
      "type": "p",
      "color": "w"
    },
    {
      "square": "g3",
      "type": "p",
      "color": "w"
    },
    {
      "square": "b2",
      "type": "p",
      "color": "w"
    },
    {
      "square": "e2",
      "type": "p",
      "color": "w"
    },
    {
      "square": "f2",
      "type": "p",
      "color": "w"
    },
    {
      "square": "h2",
      "type": "p",
      "color": "w"
    },
    {
      "square": "g1",
      "type": "k",
      "color": "w"
    }
  ],
  "nextTurn": "b"
}