{
  "event": "Opera Euro Rapid",
  "site": "chess24.com INT",
  "date": "2021.02.14",
  "eventDate": "2021.02.09",
  "dateMillis": 1613232000000,
  "eventDateMillis": 1612800000000,
  "round": "3.24",
  "result": "1/2-1/2",
  "white": "Magnus Carlsen",
  "black": "Wesley So",
  "isDingWin": false,
  "isDraw": true,
  "isDingBlack": false,
  "moves": [
    "Qh6",
    "Bd1",
    "Qg5",
    "Qe4",
    "Qd2",
    "Bg4",
    "Qg5",
    "f3",
    "Qc1+",
    "Kg2",
    "h3+",
    "Kxh3",
    "Qh6+",
    "Kg3",
    "Rd8",
    "Bh3",
    "Qg5+",
    "Bg4",
    "Qh6",
    "Bg1",
    "Qh4+",
    "Kg2",
    "Rd2+",
    "Kf1",
    "Rd1+",
    "Kg2",
    "Rd2+",
    "Kf1",
    "Rd1+",
    "Kg2",
    "Rd2+"
  ],
  "statePieceCount": 14,
  "endPieceCount": 13,
  "boardState": [
    {
      "square": "g8",
      "type": "r",
      "color": "b"
    },
    {
      "square": "h8",
      "type": "k",
      "color": "b"
    },
    {
      "square": "b7",
      "type": "p",
      "color": "b"
    },
    {
      "square": "h7",
      "type": "q",
      "color": "b"
    },
    {
      "square": "e6",
      "type": "q",
      "color": "w"
    },
    {
      "square": "f6",
      "type": "b",
      "color": "b"
    },
    {
      "square": "c5",
      "type": "p",
      "color": "b"
    },
    {
      "square": "f5",
      "type": "p",
      "color": "w"
    },
    {
      "square": "h4",
      "type": "p",
      "color": "b"
    },
    {
      "square": "f3",
      "type": "b",
      "color": "w"
    },
    {
      "square": "a2",
      "type": "p",
      "color": "w"
    },
    {
      "square": "f2",
      "type": "p",
      "color": "w"
    },
    {
      "square": "h2",
      "type": "b",
      "color": "w"
    },
    {
      "square": "h1",
      "type": "k",
      "color": "w"
    }
  ]
}