{
  "event": "Magnus Carlsen Invitational",
  "site": "chess24.com INT",
  "date": "2021.03.19",
  "eventDate": "2021.03.13",
  "dateMillis": 1616083200000,
  "eventDateMillis": 1615564800000,
  "round": "2.22",
  "result": "0-1",
  "white": "Magnus Carlsen",
  "black": "Ian Nepomniachtchi",
  "isDingWin": false,
  "isDraw": false,
  "isDingBlack": false,
  "moves": [
    "Rc8+",
    "Kf7",
    "Ra6",
    "Rd2+",
    "Kg3",
    "Nf5+",
    "Kf4",
    "Rf2",
    "Rxa7+",
    "Kg6",
    "Rcc7",
    "Kh6",
    "Kxf5",
    "Rxe3",
    "Rc5",
    "g6+",
    "Kg4",
    "Rfxf3"
  ],
  "statePieceCount": 14,
  "endPieceCount": 10,
  "boardState": [
    {
      "square": "f8",
      "type": "k",
      "color": "b"
    },
    {
      "square": "a7",
      "type": "p",
      "color": "b"
    },
    {
      "square": "g7",
      "type": "p",
      "color": "b"
    },
    {
      "square": "c6",
      "type": "r",
      "color": "w"
    },
    {
      "square": "e6",
      "type": "r",
      "color": "w"
    },
    {
      "square": "f6",
      "type": "p",
      "color": "b"
    },
    {
      "square": "h6",
      "type": "n",
      "color": "b"
    },
    {
      "square": "a5",
      "type": "p",
      "color": "w"
    },
    {
      "square": "b3",
      "type": "r",
      "color": "b"
    },
    {
      "square": "d3",
      "type": "r",
      "color": "b"
    },
    {
      "square": "e3",
      "type": "p",
      "color": "w"
    },
    {
      "square": "f3",
      "type": "b",
      "color": "w"
    },
    {
      "square": "g2",
      "type": "k",
      "color": "w"
    },
    {
      "square": "h2",
      "type": "p",
      "color": "w"
    }
  ]
}