{
  "event": "New In Chess Classic",
  "site": "chess24.com INT",
  "date": "2021.04.30",
  "eventDate": "2021.04.24",
  "dateMillis": 1619712000000,
  "eventDateMillis": 1619193600000,
  "round": "2.21",
  "result": "1/2-1/2",
  "white": "Levon Aronian",
  "black": "Magnus Carlsen",
  "isDingWin": false,
  "isDraw": true,
  "isDingBlack": true,
  "moves": [
    "Bb4",
    "Bh4+",
    "Nf6+",
    "Kd3",
    "Bd6",
    "h3",
    "h6",
    "Bxf6+",
    "Kxf6",
    "Ke4",
    "g5",
    "g4",
    "Bc7",
    "f3",
    "Bb6",
    "Ba4",
    "Ke7",
    "Bb3",
    "Kd6",
    "Ba4",
    "Bd8"
  ],
  "statePieceCount": 14,
  "endPieceCount": 12,
  "boardState": [
    {
      "square": "d7",
      "type": "n",
      "color": "b"
    },
    {
      "square": "e7",
      "type": "k",
      "color": "b"
    },
    {
      "square": "g7",
      "type": "p",
      "color": "b"
    },
    {
      "square": "h7",
      "type": "p",
      "color": "b"
    },
    {
      "square": "e6",
      "type": "p",
      "color": "b"
    },
    {
      "square": "a5",
      "type": "p",
      "color": "b"
    },
    {
      "square": "b5",
      "type": "b",
      "color": "w"
    },
    {
      "square": "d4",
      "type": "p",
      "color": "w"
    },
    {
      "square": "e4",
      "type": "k",
      "color": "w"
    },
    {
      "square": "g3",
      "type": "b",
      "color": "w"
    },
    {
      "square": "d2",
      "type": "b",
      "color": "b"
    },
    {
      "square": "f2",
      "type": "p",
      "color": "w"
    },
    {
      "square": "g2",
      "type": "p",
      "color": "w"
    },
    {
      "square": "h2",
      "type": "p",
      "color": "w"
    }
  ]
}