{
  "event": "New In Chess Classic",
  "site": "chess24.com INT",
  "date": "2021.04.29",
  "eventDate": "2021.04.24",
  "dateMillis": 1619625600000,
  "eventDateMillis": 1619193600000,
  "round": "2.13",
  "result": "1-0",
  "white": "Magnus Carlsen",
  "black": "Levon Aronian",
  "isDingWin": true,
  "isDraw": false,
  "isDingBlack": false,
  "moves": [
    "Qe7",
    "Rd1",
    "Qxf6",
    "Rxf1+",
    "Kxf1",
    "Qd3+",
    "Ke1",
    "Qe4+",
    "Kd2",
    "Qd5+",
    "Kc3",
    "Qc4+",
    "Kb2",
    "Qb4+",
    "Kc2",
    "Qc5+",
    "Qc3",
    "Qxf2+",
    "Qd2",
    "Qxd2+",
    "Kxd2",
    "f6",
    "Kc3",
    "e5",
    "fxe5",
    "fxe5",
    "Kb4"
  ],
  "statePieceCount": 14,
  "endPieceCount": 6,
  "boardState": [
    {
      "square": "d8",
      "type": "r",
      "color": "b"
    },
    {
      "square": "g8",
      "type": "k",
      "color": "b"
    },
    {
      "square": "b7",
      "type": "q",
      "color": "w"
    },
    {
      "square": "f7",
      "type": "p",
      "color": "b"
    },
    {
      "square": "e6",
      "type": "p",
      "color": "b"
    },
    {
      "square": "f6",
      "type": "p",
      "color": "b"
    },
    {
      "square": "b5",
      "type": "p",
      "color": "b"
    },
    {
      "square": "f4",
      "type": "p",
      "color": "w"
    },
    {
      "square": "b3",
      "type": "q",
      "color": "b"
    },
    {
      "square": "g3",
      "type": "p",
      "color": "w"
    },
    {
      "square": "f2",
      "type": "p",
      "color": "w"
    },
    {
      "square": "h2",
      "type": "p",
      "color": "w"
    },
    {
      "square": "f1",
      "type": "r",
      "color": "w"
    },
    {
      "square": "g1",
      "type": "k",
      "color": "w"
    }
  ]
}