{
  "event": "New In Chess Classic",
  "site": "chess24.com INT",
  "date": "2021.04.28",
  "eventDate": "2021.04.24",
  "dateMillis": 1619539200000,
  "eventDateMillis": 1619193600000,
  "round": "1.22",
  "result": "1-0",
  "white": "Magnus Carlsen",
  "black": "Teimour Radjabov",
  "isDingWin": true,
  "isDraw": false,
  "isDingBlack": false,
  "moves": [
    "Rxf6"
  ],
  "statePieceCount": 14,
  "endPieceCount": 13,
  "boardState": [
    {
      "square": "a8",
      "type": "r",
      "color": "b"
    },
    {
      "square": "g8",
      "type": "k",
      "color": "b"
    },
    {
      "square": "d7",
      "type": "r",
      "color": "w"
    },
    {
      "square": "b6",
      "type": "p",
      "color": "w"
    },
    {
      "square": "c6",
      "type": "p",
      "color": "b"
    },
    {
      "square": "f6",
      "type": "p",
      "color": "b"
    },
    {
      "square": "g6",
      "type": "p",
      "color": "b"
    },
    {
      "square": "a5",
      "type": "p",
      "color": "b"
    },
    {
      "square": "c5",
      "type": "p",
      "color": "w"
    },
    {
      "square": "a4",
      "type": "p",
      "color": "w"
    },
    {
      "square": "g3",
      "type": "p",
      "color": "w"
    },
    {
      "square": "h3",
      "type": "k",
      "color": "w"
    },
    {
      "square": "e2",
      "type": "r",
      "color": "b"
    },
    {
      "square": "f1",
      "type": "r",
      "color": "w"
    }
  ]
}