{
  "event": "FTX Crypto Cup",
  "site": "chess24.com INT",
  "date": "2021.05.28",
  "eventDate": "2021.05.23",
  "dateMillis": 1622131200000,
  "eventDateMillis": 1621699200000,
  "round": "2.11",
  "result": "1/2-1/2",
  "white": "Magnus Carlsen",
  "black": "Teimour Radjabov",
  "isDingWin": false,
  "isDraw": true,
  "isDingBlack": false,
  "moves": [
    "Kf1",
    "Kf7",
    "Nd4",
    "c5",
    "Nf5",
    "Nc1",
    "Nd6+",
    "Ke7",
    "Nxb7",
    "Nxb3",
    "Ke2",
    "Kd7",
    "Kd3",
    "Kc7",
    "Kc3",
    "Kxb7",
    "Kxb3",
    "Ka6",
    "Ka4",
    "f5",
    "f4",
    "h5",
    "h4",
    "g6",
    "g3",
    "Kb6",
    "Ka3",
    "Ka5",
    "Kb3",
    "Ka6",
    "Ka3",
    "Ka5",
    "Kb3",
    "Ka6",
    "Ka3",
    "Ka5"
  ],
  "statePieceCount": 14,
  "endPieceCount": 10,
  "boardState": [
    {
      "square": "g8",
      "type": "k",
      "color": "b"
    },
    {
      "square": "b7",
      "type": "p",
      "color": "b"
    },
    {
      "square": "c7",
      "type": "p",
      "color": "b"
    },
    {
      "square": "g7",
      "type": "p",
      "color": "b"
    },
    {
      "square": "f6",
      "type": "p",
      "color": "b"
    },
    {
      "square": "h6",
      "type": "p",
      "color": "b"
    },
    {
      "square": "c4",
      "type": "p",
      "color": "w"
    },
    {
      "square": "b3",
      "type": "p",
      "color": "w"
    },
    {
      "square": "d3",
      "type": "n",
      "color": "b"
    },
    {
      "square": "f3",
      "type": "n",
      "color": "w"
    },
    {
      "square": "h3",
      "type": "p",
      "color": "w"
    },
    {
      "square": "f2",
      "type": "p",
      "color": "w"
    },
    {
      "square": "g2",
      "type": "p",
      "color": "w"
    },
    {
      "square": "g1",
      "type": "k",
      "color": "w"
    }
  ]
}