{
  "event": "FTX Crypto Cup",
  "site": "chess24.com INT",
  "date": "2021.05.25",
  "eventDate": "2021.05.23",
  "dateMillis": 1621872000000,
  "eventDateMillis": 1621699200000,
  "round": "14.3",
  "result": "1/2-1/2",
  "white": "Fabiano Caruana",
  "black": "Magnus Carlsen",
  "isDingWin": false,
  "isDraw": true,
  "isDingBlack": true,
  "moves": [
    "Kf7",
    "Kf3",
    "Kg6",
    "Be3",
    "Ne6",
    "Bf4",
    "b5",
    "Be3",
    "a5",
    "Bf4",
    "a4",
    "Be3",
    "Nc7",
    "b3",
    "axb3",
    "axb3",
    "Ne6",
    "Ke2",
    "Ng5",
    "Bxg5",
    "Kxg5",
    "Kf3",
    "b4",
    "cxb4",
    "f5",
    "gxf5",
    "Kxf5",
    "b5",
    "cxb5",
    "b4",
    "Kg5",
    "Kg3",
    "Kf5",
    "Kf3",
    "Kg5",
    "Kg3",
    "Kf5",
    "Kf3"
  ],
  "statePieceCount": 14,
  "endPieceCount": 6,
  "boardState": [
    {
      "square": "e8",
      "type": "k",
      "color": "b"
    },
    {
      "square": "b7",
      "type": "p",
      "color": "b"
    },
    {
      "square": "g7",
      "type": "n",
      "color": "b"
    },
    {
      "square": "a6",
      "type": "p",
      "color": "b"
    },
    {
      "square": "c6",
      "type": "p",
      "color": "b"
    },
    {
      "square": "f6",
      "type": "p",
      "color": "b"
    },
    {
      "square": "d5",
      "type": "p",
      "color": "b"
    },
    {
      "square": "d4",
      "type": "p",
      "color": "w"
    },
    {
      "square": "f4",
      "type": "b",
      "color": "w"
    },
    {
      "square": "g4",
      "type": "p",
      "color": "w"
    },
    {
      "square": "c3",
      "type": "p",
      "color": "w"
    },
    {
      "square": "a2",
      "type": "p",
      "color": "w"
    },
    {
      "square": "b2",
      "type": "p",
      "color": "w"
    },
    {
      "square": "f2",
      "type": "k",
      "color": "w"
    }
  ]
}