{
  "event": "FTX Crypto Cup",
  "site": "chess24.com INT",
  "date": "2021.05.31",
  "eventDate": "2021.05.23",
  "dateMillis": 1622390400000,
  "eventDateMillis": 1621699200000,
  "round": "3.31",
  "result": "0-1",
  "white": "Magnus Carlsen",
  "black": "Wesley So",
  "isDingWin": false,
  "isDraw": false,
  "isDingBlack": false,
  "moves": [
    "Rxf1",
    "Qe5"
  ],
  "statePieceCount": 14,
  "endPieceCount": 13,
  "boardState": [
    {
      "square": "b7",
      "type": "p",
      "color": "w"
    },
    {
      "square": "f7",
      "type": "p",
      "color": "b"
    },
    {
      "square": "g7",
      "type": "k",
      "color": "b"
    },
    {
      "square": "e6",
      "type": "p",
      "color": "b"
    },
    {
      "square": "g6",
      "type": "p",
      "color": "b"
    },
    {
      "square": "d5",
      "type": "p",
      "color": "b"
    },
    {
      "square": "f5",
      "type": "q",
      "color": "b"
    },
    {
      "square": "h5",
      "type": "p",
      "color": "b"
    },
    {
      "square": "h4",
      "type": "p",
      "color": "w"
    },
    {
      "square": "e3",
      "type": "p",
      "color": "w"
    },
    {
      "square": "g3",
      "type": "p",
      "color": "w"
    },
    {
      "square": "b1",
      "type": "r",
      "color": "w"
    },
    {
      "square": "f1",
      "type": "r",
      "color": "b"
    },
    {
      "square": "g1",
      "type": "k",
      "color": "w"
    }
  ]
}