{
  "event": "FTX Crypto Cup",
  "site": "chess24.com INT",
  "date": "2021.05.29",
  "eventDate": "2021.05.23",
  "dateMillis": 1622217600000,
  "eventDateMillis": 1621699200000,
  "round": "2.23",
  "result": "1/2-1/2",
  "white": "Teimour Radjabov",
  "black": "Magnus Carlsen",
  "isDingWin": false,
  "isDraw": true,
  "isDingBlack": true,
  "moves": [
    "Rxb3",
    "Rd7",
    "Ra3",
    "b6",
    "Rc3",
    "Ke6",
    "Rc6+",
    "Kxe5",
    "Rxh6",
    "Rc7",
    "Kd2",
    "Rd7+",
    "Ke3",
    "Rc7",
    "Rh5",
    "Kf6",
    "Kd3",
    "Rd7+",
    "Kc3",
    "Rc7+",
    "Kb3",
    "Re7",
    "a4",
    "Re3+",
    "Kc4",
    "Re4+",
    "Kb5",
    "Re5+",
    "Kc6",
    "Re4",
    "Kb5",
    "Re5+",
    "Kc4",
    "Re4+",
    "Kb3",
    "Re3+",
    "Ka2",
    "Kg6",
    "Rh8",
    "f4",
    "gxf4",
    "Re4",
    "Ka3",
    "Rxf4",
    "Rg8+",
    "Kf7",
    "Rb8",
    "Rh4",
    "b3",
    "Ke6",
    "Re8+",
    "Kd6",
    "Re2",
    "a5",
    "Rd2+",
    "Kc5",
    "Rc2+",
    "Kd5"
  ],
  "statePieceCount": 14,
  "endPieceCount": 9,
  "boardState": [
    {
      "square": "d8",
      "type": "r",
      "color": "b"
    },
    {
      "square": "a7",
      "type": "p",
      "color": "b"
    },
    {
      "square": "b7",
      "type": "p",
      "color": "b"
    },
    {
      "square": "e7",
      "type": "k",
      "color": "b"
    },
    {
      "square": "h6",
      "type": "p",
      "color": "b"
    },
    {
      "square": "e5",
      "type": "p",
      "color": "w"
    },
    {
      "square": "f5",
      "type": "p",
      "color": "b"
    },
    {
      "square": "b3",
      "type": "n",
      "color": "b"
    },
    {
      "square": "c3",
      "type": "r",
      "color": "w"
    },
    {
      "square": "g3",
      "type": "p",
      "color": "w"
    },
    {
      "square": "a2",
      "type": "p",
      "color": "w"
    },
    {
      "square": "b2",
      "type": "p",
      "color": "w"
    },
    {
      "square": "h2",
      "type": "p",
      "color": "w"
    },
    {
      "square": "e1",
      "type": "k",
      "color": "w"
    }
  ]
}