{
  "event": "Goldmoney Asian Rapid",
  "site": "chess24.com INT",
  "date": "2021.06.30",
  "eventDate": "2021.06.26",
  "dateMillis": 1624982400000,
  "eventDateMillis": 1624636800000,
  "round": "1.21",
  "result": "0-1",
  "white": "Wesley So",
  "black": "Magnus Carlsen",
  "isDingWin": true,
  "isDraw": false,
  "isDingBlack": true,
  "moves": [
    "Nxe4",
    "Nd3",
    "Nd6",
    "Rc6",
    "Rd5",
    "Nb4",
    "Rd2+",
    "Kh3",
    "Nf5",
    "Ra6",
    "Rf2",
    "Kg4",
    "h5+",
    "Kf4",
    "Rd2",
    "g4",
    "Rd4+",
    "Ke5",
    "hxg4",
    "fxg4",
    "Rxg4",
    "Nd5",
    "Rxh4",
    "Nf6",
    "Rh1",
    "Ne8+",
    "Kf8",
    "Nf6",
    "Re1+",
    "Kf4",
    "Kg7",
    "Ne4",
    "Ra1",
    "Nc3",
    "a3",
    "Ke4",
    "Ng3+",
    "Kf3",
    "Nh5",
    "Ra7",
    "g5",
    "Ra6",
    "f5",
    "Ra7+",
    "Kf6",
    "Ra6+",
    "Kf7",
    "Ra7+",
    "Ke6",
    "Ra6+",
    "Kd7",
    "Ra5",
    "g4+",
    "Kf2",
    "Ke6",
    "Nb5",
    "a2",
    "Nd4+",
    "Kd7",
    "Ra7+",
    "Ke8",
    "Nxf5",
    "Rh1",
    "Ng3",
    "Nxg3",
    "Rxa2",
    "Nf5",
    "Ra4",
    "g3+",
    "Kg2",
    "Rh2+",
    "Kg1",
    "Re2",
    "Rg4",
    "Re1+",
    "Kg2",
    "Ne3+"
  ],
  "statePieceCount": 14,
  "endPieceCount": 6,
  "boardState": [
    {
      "square": "f7",
      "type": "p",
      "color": "b"
    },
    {
      "square": "g7",
      "type": "k",
      "color": "b"
    },
    {
      "square": "g6",
      "type": "p",
      "color": "b"
    },
    {
      "square": "h6",
      "type": "p",
      "color": "b"
    },
    {
      "square": "b5",
      "type": "r",
      "color": "b"
    },
    {
      "square": "c5",
      "type": "n",
      "color": "b"
    },
    {
      "square": "e5",
      "type": "n",
      "color": "w"
    },
    {
      "square": "a4",
      "type": "p",
      "color": "b"
    },
    {
      "square": "e4",
      "type": "p",
      "color": "w"
    },
    {
      "square": "h4",
      "type": "p",
      "color": "w"
    },
    {
      "square": "f3",
      "type": "p",
      "color": "w"
    },
    {
      "square": "g3",
      "type": "p",
      "color": "w"
    },
    {
      "square": "c2",
      "type": "r",
      "color": "w"
    },
    {
      "square": "g2",
      "type": "k",
      "color": "w"
    }
  ]
}