{
  "event": "FIDE World Cup 2021",
  "site": "Krasnaya Polyana (Sochi) RUS",
  "date": "2021.07.27",
  "eventDate": "2021.07.12",
  "dateMillis": 1627315200000,
  "eventDateMillis": 1626019200000,
  "round": "5.6",
  "result": "1-0",
  "white": "Andrey Esipenko",
  "black": "Magnus Carlsen",
  "isDingWin": false,
  "isDraw": false,
  "isDingBlack": true,
  "moves": [
    "Kf7",
    "Rd6",
    "Kxg6",
    "Rxd8",
    "Rc7",
    "Kf2",
    "Rc5",
    "d6",
    "Rc2+",
    "Kg3",
    "Rd2",
    "d7",
    "Kf7",
    "Rh8",
    "Rxd7",
    "Rh7+",
    "Ke6",
    "Rxd7",
    "Kxd7",
    "g5",
    "fxg5",
    "Kg4",
    "Kc6",
    "Kf5",
    "Kb5",
    "Kxe5",
    "Kxa5",
    "Kd6"
  ],
  "statePieceCount": 14,
  "endPieceCount": 6,
  "boardState": [
    {
      "square": "d8",
      "type": "n",
      "color": "b"
    },
    {
      "square": "e8",
      "type": "k",
      "color": "b"
    },
    {
      "square": "b7",
      "type": "p",
      "color": "b"
    },
    {
      "square": "h7",
      "type": "r",
      "color": "b"
    },
    {
      "square": "b6",
      "type": "r",
      "color": "w"
    },
    {
      "square": "f6",
      "type": "p",
      "color": "b"
    },
    {
      "square": "g6",
      "type": "n",
      "color": "w"
    },
    {
      "square": "a5",
      "type": "p",
      "color": "w"
    },
    {
      "square": "d5",
      "type": "p",
      "color": "w"
    },
    {
      "square": "e5",
      "type": "p",
      "color": "b"
    },
    {
      "square": "e4",
      "type": "p",
      "color": "w"
    },
    {
      "square": "g4",
      "type": "p",
      "color": "w"
    },
    {
      "square": "f3",
      "type": "p",
      "color": "w"
    },
    {
      "square": "g1",
      "type": "k",
      "color": "w"
    }
  ]
}