{
  "event": "Aimchess US Rapid",
  "site": "chess24.com INT",
  "date": "2021.09.02",
  "eventDate": "2021.08.28",
  "dateMillis": 1630512000000,
  "eventDateMillis": 1630080000000,
  "round": "2.11",
  "result": "1/2-1/2",
  "white": "Magnus Carlsen",
  "black": "Levon Aronian",
  "isDingWin": false,
  "isDraw": true,
  "isDingBlack": false,
  "moves": [
    "a5",
    "c4",
    "Kg7",
    "Kc3",
    "b6",
    "Rb1",
    "Rc6",
    "f4",
    "Kf6",
    "g3",
    "h6",
    "Bf1",
    "Bg8",
    "Rb5",
    "Bf7",
    "Be2",
    "Bg8",
    "Bf1",
    "Bf7",
    "Bd3",
    "Be6",
    "Re5",
    "Rc5",
    "Rxc5",
    "bxc5",
    "Kb3",
    "Bd7",
    "Ka3",
    "Bc6",
    "Bc2",
    "Ke6",
    "Bd1",
    "Kf6",
    "Ba4",
    "Bf3",
    "Bc2",
    "Bc6",
    "Ba4",
    "Bf3",
    "Bc2",
    "Bc6",
    "Ba4"
  ],
  "statePieceCount": 14,
  "endPieceCount": 12,
  "boardState": [
    {
      "square": "g8",
      "type": "k",
      "color": "b"
    },
    {
      "square": "a7",
      "type": "p",
      "color": "b"
    },
    {
      "square": "b7",
      "type": "p",
      "color": "b"
    },
    {
      "square": "h7",
      "type": "p",
      "color": "b"
    },
    {
      "square": "e6",
      "type": "b",
      "color": "b"
    },
    {
      "square": "c5",
      "type": "r",
      "color": "b"
    },
    {
      "square": "f5",
      "type": "p",
      "color": "b"
    },
    {
      "square": "c3",
      "type": "p",
      "color": "w"
    },
    {
      "square": "d2",
      "type": "k",
      "color": "w"
    },
    {
      "square": "e2",
      "type": "b",
      "color": "w"
    },
    {
      "square": "f2",
      "type": "p",
      "color": "w"
    },
    {
      "square": "g2",
      "type": "p",
      "color": "w"
    },
    {
      "square": "h2",
      "type": "p",
      "color": "w"
    },
    {
      "square": "a1",
      "type": "r",
      "color": "w"
    }
  ]
}