{
  "event": "Aimchess US Rapid",
  "site": "chess24.com INT",
  "date": "2021.09.05",
  "eventDate": "2021.08.28",
  "dateMillis": 1630771200000,
  "eventDateMillis": 1630080000000,
  "round": "3.21",
  "result": "1-0",
  "white": "Magnus Carlsen",
  "black": "Vladislav Artemiev",
  "isDingWin": true,
  "isDraw": false,
  "isDingBlack": false,
  "moves": [
    "Kg5",
    "Bc2",
    "Qxa7",
    "Qxc6"
  ],
  "statePieceCount": 14,
  "endPieceCount": 12,
  "boardState": [
    {
      "square": "a7",
      "type": "p",
      "color": "w"
    },
    {
      "square": "b6",
      "type": "q",
      "color": "w"
    },
    {
      "square": "c6",
      "type": "n",
      "color": "b"
    },
    {
      "square": "f6",
      "type": "k",
      "color": "b"
    },
    {
      "square": "g6",
      "type": "p",
      "color": "b"
    },
    {
      "square": "d5",
      "type": "p",
      "color": "b"
    },
    {
      "square": "f5",
      "type": "p",
      "color": "b"
    },
    {
      "square": "a4",
      "type": "q",
      "color": "b"
    },
    {
      "square": "d3",
      "type": "b",
      "color": "w"
    },
    {
      "square": "e3",
      "type": "p",
      "color": "w"
    },
    {
      "square": "f3",
      "type": "p",
      "color": "w"
    },
    {
      "square": "b2",
      "type": "p",
      "color": "w"
    },
    {
      "square": "d2",
      "type": "k",
      "color": "w"
    },
    {
      "square": "f2",
      "type": "p",
      "color": "w"
    }
  ]
}