{
  "event": "Aimchess US Rapid",
  "site": "chess24.com INT",
  "date": "2021.09.05",
  "eventDate": "2021.08.28",
  "dateMillis": 1630771200000,
  "eventDateMillis": 1630080000000,
  "round": "3.22",
  "result": "1/2-1/2",
  "white": "Vladislav Artemiev",
  "black": "Magnus Carlsen",
  "isDingWin": false,
  "isDraw": true,
  "isDingBlack": true,
  "moves": [
    "Rxc4",
    "Rxa7+",
    "Kd6",
    "Rh7",
    "Rxb4",
    "Rxh6",
    "Ke5",
    "Kf3",
    "Rb3+",
    "Kg2",
    "Rb2",
    "Rg6",
    "Ra2",
    "Rh6",
    "Rb2",
    "Rg6",
    "Ra2",
    "Rh6",
    "Rb2"
  ],
  "statePieceCount": 14,
  "endPieceCount": 10,
  "boardState": [
    {
      "square": "a7",
      "type": "p",
      "color": "b"
    },
    {
      "square": "c7",
      "type": "r",
      "color": "b"
    },
    {
      "square": "e7",
      "type": "k",
      "color": "b"
    },
    {
      "square": "a6",
      "type": "r",
      "color": "w"
    },
    {
      "square": "e6",
      "type": "p",
      "color": "b"
    },
    {
      "square": "f6",
      "type": "p",
      "color": "b"
    },
    {
      "square": "h6",
      "type": "p",
      "color": "b"
    },
    {
      "square": "g5",
      "type": "p",
      "color": "b"
    },
    {
      "square": "b4",
      "type": "p",
      "color": "w"
    },
    {
      "square": "c4",
      "type": "b",
      "color": "w"
    },
    {
      "square": "g4",
      "type": "p",
      "color": "w"
    },
    {
      "square": "h3",
      "type": "p",
      "color": "w"
    },
    {
      "square": "e2",
      "type": "k",
      "color": "w"
    },
    {
      "square": "f2",
      "type": "p",
      "color": "w"
    }
  ]
}