{
  "event": "9th Norway Chess 2021",
  "site": "Stavanger NOR",
  "date": "2021.09.07",
  "eventDate": "2021.09.07",
  "dateMillis": 1630944000000,
  "eventDateMillis": 1630944000000,
  "round": "1.1",
  "result": "1/2-1/2",
  "white": "Alireza Firouzja",
  "black": "Magnus Carlsen",
  "isDingWin": false,
  "isDraw": true,
  "isDingBlack": true,
  "moves": [
    "Nc6",
    "Nd4",
    "Nxd4",
    "Rxd4",
    "Kf8",
    "c6",
    "Rc2",
    "Rd8+",
    "Ke7",
    "Rd7+",
    "Ke8",
    "Rc7",
    "g5",
    "Rc8+",
    "Ke7",
    "Rc7+",
    "Ke8",
    "Rc8+",
    "Ke7",
    "Rc7+"
  ],
  "statePieceCount": 14,
  "endPieceCount": 12,
  "boardState": [
    {
      "square": "g8",
      "type": "k",
      "color": "b"
    },
    {
      "square": "e7",
      "type": "n",
      "color": "b"
    },
    {
      "square": "f7",
      "type": "p",
      "color": "b"
    },
    {
      "square": "g7",
      "type": "p",
      "color": "b"
    },
    {
      "square": "h7",
      "type": "p",
      "color": "b"
    },
    {
      "square": "e6",
      "type": "p",
      "color": "b"
    },
    {
      "square": "b5",
      "type": "n",
      "color": "w"
    },
    {
      "square": "c5",
      "type": "p",
      "color": "w"
    },
    {
      "square": "e5",
      "type": "p",
      "color": "w"
    },
    {
      "square": "c4",
      "type": "r",
      "color": "w"
    },
    {
      "square": "a2",
      "type": "r",
      "color": "b"
    },
    {
      "square": "f2",
      "type": "p",
      "color": "w"
    },
    {
      "square": "g2",
      "type": "p",
      "color": "w"
    },
    {
      "square": "g1",
      "type": "k",
      "color": "w"
    }
  ]
}