{
  "event": "Meltwater Tour Final 2021",
  "site": "Chess24 INT",
  "date": "2021.09.26",
  "eventDate": "2021.09.23",
  "dateMillis": 1632585600000,
  "eventDateMillis": 1632326400000,
  "round": "2.1",
  "result": "1-0",
  "white": "Shakhriyar Mamedyarov",
  "black": "Magnus Carlsen",
  "isDingWin": false,
  "isDraw": false,
  "isDingBlack": true,
  "moves": [
    "Rd7",
    "e3",
    "h5",
    "Ra8",
    "Rb7",
    "Kg2",
    "Rc7",
    "h3",
    "Rb7",
    "g4",
    "hxg4",
    "hxg4",
    "Rc7",
    "g5+",
    "Kf5",
    "Ra4",
    "e5",
    "Ra6",
    "Rd7",
    "Kg3",
    "Ke4",
    "Ra8",
    "Re7",
    "Rd8",
    "Re6",
    "Rd7",
    "f5",
    "gxf6"
  ],
  "statePieceCount": 14,
  "endPieceCount": 11,
  "boardState": [
    {
      "square": "d8",
      "type": "r",
      "color": "b"
    },
    {
      "square": "f7",
      "type": "p",
      "color": "b"
    },
    {
      "square": "h7",
      "type": "p",
      "color": "b"
    },
    {
      "square": "e6",
      "type": "p",
      "color": "b"
    },
    {
      "square": "f6",
      "type": "k",
      "color": "b"
    },
    {
      "square": "g6",
      "type": "p",
      "color": "b"
    },
    {
      "square": "a5",
      "type": "r",
      "color": "w"
    },
    {
      "square": "d5",
      "type": "p",
      "color": "b"
    },
    {
      "square": "f3",
      "type": "n",
      "color": "w"
    },
    {
      "square": "g3",
      "type": "p",
      "color": "w"
    },
    {
      "square": "e2",
      "type": "p",
      "color": "w"
    },
    {
      "square": "f2",
      "type": "p",
      "color": "w"
    },
    {
      "square": "h2",
      "type": "p",
      "color": "w"
    },
    {
      "square": "g1",
      "type": "k",
      "color": "w"
    }
  ]
}