{
  "event": "Meltwater Tour Final 2021",
  "site": "Chess24 INT",
  "date": "2021.09.26",
  "eventDate": "2021.09.23",
  "dateMillis": 1632585600000,
  "eventDateMillis": 1632326400000,
  "round": "2.2",
  "result": "1-0",
  "white": "Magnus Carlsen",
  "black": "Shakhriyar Mamedyarov",
  "isDingWin": true,
  "isDraw": false,
  "isDingBlack": false,
  "moves": [
    "Ng3",
    "Bg8",
    "Nf5",
    "Qf6",
    "Qxf6",
    "gxf6",
    "Bd4",
    "Rc6",
    "Be4",
    "Re6",
    "Bd5",
    "Re8",
    "Bc6",
    "Re6",
    "Bd7",
    "Re1+",
    "Kf2",
    "Rd1",
    "Ke2",
    "Bb3",
    "Bxf6+",
    "Kh7",
    "Nd4",
    "Kg6",
    "Be5",
    "Kf7",
    "Be6+"
  ],
  "statePieceCount": 14,
  "endPieceCount": 11,
  "boardState": [
    {
      "square": "h8",
      "type": "k",
      "color": "b"
    },
    {
      "square": "e7",
      "type": "q",
      "color": "b"
    },
    {
      "square": "g7",
      "type": "p",
      "color": "b"
    },
    {
      "square": "a6",
      "type": "p",
      "color": "b"
    },
    {
      "square": "b6",
      "type": "r",
      "color": "b"
    },
    {
      "square": "h6",
      "type": "p",
      "color": "b"
    },
    {
      "square": "e4",
      "type": "n",
      "color": "w"
    },
    {
      "square": "c3",
      "type": "q",
      "color": "w"
    },
    {
      "square": "h3",
      "type": "p",
      "color": "w"
    },
    {
      "square": "a2",
      "type": "b",
      "color": "b"
    },
    {
      "square": "b2",
      "type": "b",
      "color": "w"
    },
    {
      "square": "c2",
      "type": "b",
      "color": "w"
    },
    {
      "square": "g2",
      "type": "p",
      "color": "w"
    },
    {
      "square": "g1",
      "type": "k",
      "color": "w"
    }
  ]
}