{
  "event": "Meltwater Tour Final 2021",
  "site": "Chess24 INT",
  "date": "2021.09.26",
  "eventDate": "2021.09.23",
  "dateMillis": 1632585600000,
  "eventDateMillis": 1632326400000,
  "round": "2.3",
  "result": "1-0",
  "white": "Shakhriyar Mamedyarov",
  "black": "Magnus Carlsen",
  "isDingWin": false,
  "isDraw": false,
  "isDingBlack": true,
  "moves": [
    "Nf5+",
    "Kf6",
    "Rxd8",
    "Be6",
    "Nd4",
    "Bg4",
    "h3",
    "Ra2+",
    "Kg1",
    "Bh5",
    "Rd5",
    "Bg6",
    "Rd6+",
    "Kf7",
    "Nf5",
    "Bxf5",
    "exf5",
    "b5",
    "Rxh6",
    "Rb2",
    "Rd6",
    "Rxb4",
    "Kf2",
    "Rb3",
    "Rd4",
    "f3",
    "g3",
    "Kf6",
    "Rd5",
    "Kg5",
    "Rc5",
    "b4",
    "Rb5",
    "Kh5",
    "f6+",
    "Kg6",
    "Rb6",
    "Kf7",
    "h4",
    "Kg6",
    "h5+",
    "Kf7",
    "g4"
  ],
  "statePieceCount": 14,
  "endPieceCount": 9,
  "boardState": [
    {
      "square": "d8",
      "type": "r",
      "color": "b"
    },
    {
      "square": "g7",
      "type": "k",
      "color": "b"
    },
    {
      "square": "b6",
      "type": "p",
      "color": "b"
    },
    {
      "square": "d6",
      "type": "n",
      "color": "w"
    },
    {
      "square": "h6",
      "type": "p",
      "color": "b"
    },
    {
      "square": "b4",
      "type": "p",
      "color": "w"
    },
    {
      "square": "e4",
      "type": "p",
      "color": "w"
    },
    {
      "square": "f4",
      "type": "p",
      "color": "b"
    },
    {
      "square": "a3",
      "type": "r",
      "color": "b"
    },
    {
      "square": "b3",
      "type": "b",
      "color": "b"
    },
    {
      "square": "d2",
      "type": "r",
      "color": "w"
    },
    {
      "square": "f2",
      "type": "k",
      "color": "w"
    },
    {
      "square": "g2",
      "type": "p",
      "color": "w"
    },
    {
      "square": "h2",
      "type": "p",
      "color": "w"
    }
  ]
}