{
  "event": "Meltwater Tour Final 2021",
  "site": "Chess24 INT",
  "date": "2021.09.29",
  "eventDate": "2021.09.23",
  "dateMillis": 1632844800000,
  "eventDateMillis": 1632326400000,
  "round": "5.3",
  "result": "1-0",
  "white": "Magnus Carlsen",
  "black": "Hikaru Nakamura",
  "isDingWin": true,
  "isDraw": false,
  "isDingBlack": false,
  "moves": [
    "Rd1+",
    "Ke7",
    "Ke3",
    "Ra8",
    "Rc1",
    "Kd7",
    "Kf4",
    "Ra2",
    "g4",
    "Ra3",
    "Rf1",
    "Ke7",
    "Kg5",
    "Kf7",
    "Kh6",
    "Rc3",
    "g5",
    "Rd3",
    "Rc1",
    "Rd7",
    "Rc6",
    "Re7",
    "f4",
    "Rd7",
    "f5",
    "gxf5",
    "exf5",
    "exf5",
    "Rf6+",
    "Kg8",
    "Rxf5",
    "Rd6+",
    "Kxh5",
    "c6",
    "bxc6",
    "Rxc6",
    "g6",
    "Rc8",
    "Kg5",
    "Rb8",
    "h5",
    "b5"
  ],
  "statePieceCount": 14,
  "endPieceCount": 7,
  "boardState": [
    {
      "square": "f8",
      "type": "r",
      "color": "b"
    },
    {
      "square": "c7",
      "type": "p",
      "color": "b"
    },
    {
      "square": "b6",
      "type": "p",
      "color": "b"
    },
    {
      "square": "d6",
      "type": "k",
      "color": "b"
    },
    {
      "square": "e6",
      "type": "p",
      "color": "b"
    },
    {
      "square": "g6",
      "type": "p",
      "color": "b"
    },
    {
      "square": "b5",
      "type": "p",
      "color": "w"
    },
    {
      "square": "h5",
      "type": "p",
      "color": "b"
    },
    {
      "square": "e4",
      "type": "p",
      "color": "w"
    },
    {
      "square": "h4",
      "type": "p",
      "color": "w"
    },
    {
      "square": "f3",
      "type": "p",
      "color": "w"
    },
    {
      "square": "f2",
      "type": "k",
      "color": "w"
    },
    {
      "square": "g2",
      "type": "p",
      "color": "w"
    },
    {
      "square": "a1",
      "type": "r",
      "color": "w"
    }
  ]
}