{
  "event": "Meltwater Tour Final 2021",
  "site": "chess24.com INT",
  "date": "2021.10.04",
  "eventDate": "2021.09.25",
  "dateMillis": 1633276800000,
  "eventDateMillis": 1632499200000,
  "round": "9.1",
  "result": "1-0",
  "white": "Magnus Carlsen",
  "black": "Wesley So",
  "isDingWin": true,
  "isDraw": false,
  "isDingBlack": false,
  "moves": [
    "fxe5",
    "Qe6",
    "Qe2",
    "Qc6+",
    "Kf2",
    "Kg6",
    "h4",
    "Kf7",
    "h5",
    "Ke6",
    "c4",
    "a4",
    "bxa4",
    "Qxa4",
    "Qd3",
    "Kxe5",
    "Qd5+",
    "Kf6",
    "Qd6+",
    "Kf7",
    "Qg6+",
    "Kg8",
    "Qe6+",
    "Kf8",
    "Qxf5+",
    "Ke7",
    "Qe5+",
    "Kf7",
    "Qd5+",
    "Kf6",
    "Kf3",
    "Qb3+",
    "Kg4",
    "Qa2",
    "Qf5+",
    "Ke7",
    "Qe4+",
    "Kf6",
    "Qg6+"
  ],
  "statePieceCount": 14,
  "endPieceCount": 9,
  "boardState": [
    {
      "square": "f7",
      "type": "q",
      "color": "b"
    },
    {
      "square": "g7",
      "type": "p",
      "color": "b"
    },
    {
      "square": "h7",
      "type": "k",
      "color": "b"
    },
    {
      "square": "h6",
      "type": "p",
      "color": "b"
    },
    {
      "square": "a5",
      "type": "p",
      "color": "b"
    },
    {
      "square": "e5",
      "type": "r",
      "color": "b"
    },
    {
      "square": "f5",
      "type": "p",
      "color": "b"
    },
    {
      "square": "f4",
      "type": "p",
      "color": "w"
    },
    {
      "square": "b3",
      "type": "p",
      "color": "w"
    },
    {
      "square": "f3",
      "type": "q",
      "color": "w"
    },
    {
      "square": "g3",
      "type": "p",
      "color": "w"
    },
    {
      "square": "c2",
      "type": "p",
      "color": "w"
    },
    {
      "square": "g2",
      "type": "k",
      "color": "w"
    },
    {
      "square": "h2",
      "type": "p",
      "color": "w"
    }
  ]
}