{
  "event": "Meltwater Tour Final 2021",
  "site": "chess24.com INT",
  "date": "2021.10.04",
  "eventDate": "2021.09.25",
  "dateMillis": 1633276800000,
  "eventDateMillis": 1632499200000,
  "round": "9.2",
  "result": "1/2-1/2",
  "white": "Wesley So",
  "black": "Magnus Carlsen",
  "isDingWin": false,
  "isDraw": true,
  "isDingBlack": true,
  "moves": [
    "Kxb6+",
    "Ka3",
    "Be6",
    "Nc2",
    "Kc5",
    "Nd4",
    "Bd7",
    "b3",
    "a5",
    "Kb2",
    "Bc8",
    "Kc2",
    "Bd7",
    "Kd2",
    "Bc8",
    "Kd3",
    "Ba6+",
    "Ke3",
    "Bc8",
    "Nc2",
    "Bd7",
    "Kd3",
    "Bb5+",
    "Kd2",
    "Bd7",
    "Nd4",
    "Bc8",
    "Kc2",
    "Bd7",
    "Kb2",
    "Bc8",
    "Ka2",
    "Bd7",
    "Ka3",
    "Bc8",
    "Ka4",
    "Kb6",
    "b4",
    "Bd7+",
    "Ka3",
    "Bc8",
    "Kb3",
    "Bd7",
    "Kc2",
    "a4",
    "Kb2",
    "Ka6",
    "Ka2",
    "Kb7",
    "Kb2",
    "Ka6",
    "Kc2",
    "Kb7",
    "Kd2",
    "Kb6",
    "Kd3",
    "Bb5+",
    "Kd2",
    "Bd7",
    "Kc2",
    "Kb7",
    "Kb2",
    "Ka6"
  ],
  "statePieceCount": 14,
  "endPieceCount": 13,
  "boardState": [
    {
      "square": "d7",
      "type": "b",
      "color": "b"
    },
    {
      "square": "a6",
      "type": "p",
      "color": "b"
    },
    {
      "square": "b6",
      "type": "p",
      "color": "w"
    },
    {
      "square": "c6",
      "type": "k",
      "color": "b"
    },
    {
      "square": "d6",
      "type": "p",
      "color": "b"
    },
    {
      "square": "h6",
      "type": "p",
      "color": "b"
    },
    {
      "square": "d5",
      "type": "p",
      "color": "b"
    },
    {
      "square": "f5",
      "type": "p",
      "color": "b"
    },
    {
      "square": "a4",
      "type": "k",
      "color": "w"
    },
    {
      "square": "f4",
      "type": "p",
      "color": "w"
    },
    {
      "square": "h4",
      "type": "p",
      "color": "w"
    },
    {
      "square": "c3",
      "type": "p",
      "color": "w"
    },
    {
      "square": "e3",
      "type": "n",
      "color": "w"
    },
    {
      "square": "b2",
      "type": "p",
      "color": "w"
    }
  ]
}