{
  "event": "Saint Louis Rapid 2020",
  "site": "lichess.org INT",
  "date": "2020.09.17",
  "dateMillis": 1600272000000,
  "eventDateMillis": null,
  "round": "8.1",
  "result": "1/2-1/2",
  "white": "Magnus Carlsen",
  "black": "Jeffery Xiong",
  "isDingWin": false,
  "isDraw": true,
  "isDingBlack": false,
  "moves": [
    "Re4",
    "f5",
    "Re7",
    "Nc4",
    "d7",
    "Nb6",
    "Kg2",
    "Kh7",
    "Ng6",
    "Rb8",
    "Kf3",
    "a5",
    "Ne5",
    "Rd8",
    "Ke2",
    "a4",
    "Re6",
    "Nxd7",
    "Rd6",
    "a3",
    "Nxd7",
    "a2",
    "Nf6+",
    "gxf6",
    "Ra6",
    "Rd2+",
    "Kxe3",
    "Rh2",
    "Ra7+",
    "Kg8",
    "Kd4",
    "Re2",
    "Kd5",
    "Kf8",
    "Kd6",
    "Kg8",
    "Ra8+",
    "Kf7",
    "Ra7+",
    "Kf8",
    "Ra8+",
    "Kf7",
    "Ra7+",
    "Kf8",
    "Ra8+",
    "Kf7"
  ],
  "statePieceCount": 14,
  "endPieceCount": 10,
  "boardState": [
    {
      "square": "f8",
      "type": "r",
      "color": "b"
    },
    {
      "square": "g8",
      "type": "k",
      "color": "b"
    },
    {
      "square": "a7",
      "type": "p",
      "color": "b"
    },
    {
      "square": "g7",
      "type": "p",
      "color": "b"
    },
    {
      "square": "d6",
      "type": "p",
      "color": "w"
    },
    {
      "square": "f6",
      "type": "p",
      "color": "b"
    },
    {
      "square": "h6",
      "type": "p",
      "color": "b"
    },
    {
      "square": "h5",
      "type": "p",
      "color": "w"
    },
    {
      "square": "c4",
      "type": "r",
      "color": "w"
    },
    {
      "square": "f4",
      "type": "p",
      "color": "w"
    },
    {
      "square": "h4",
      "type": "n",
      "color": "w"
    },
    {
      "square": "e3",
      "type": "p",
      "color": "b"
    },
    {
      "square": "b2",
      "type": "n",
      "color": "b"
    },
    {
      "square": "h2",
      "type": "k",
      "color": "w"
    }
  ]
}