{
  "event": "World Blitz 2021",
  "site": "Warsaw POL",
  "date": "2021.12.30",
  "eventDate": "2021.12.29",
  "dateMillis": 1640793600000,
  "eventDateMillis": 1640707200000,
  "round": "19.1",
  "result": "0-1",
  "white": "Bassem Amin",
  "black": "Magnus Carlsen",
  "isDingWin": true,
  "isDraw": false,
  "isDingBlack": true,
  "moves": [
    "Re8",
    "f5+",
    "Kg7",
    "Re1",
    "Kf7",
    "e5",
    "fxe5",
    "Rxe5",
    "Rg8",
    "Re1",
    "g3",
    "Bd4",
    "g2",
    "f6",
    "Rg3+",
    "Kd2",
    "Rg4",
    "Kd3",
    "Kg6",
    "a3",
    "Rg3+",
    "Be3",
    "Kxf6",
    "Ke2",
    "Kf5",
    "Kf2",
    "Rf3+",
    "Ke2",
    "Ke4",
    "Kd2",
    "Rxe3",
    "Rxe3+",
    "Kf4",
    "Re1",
    "Kf3",
    "c5",
    "Kf2",
    "Re2+",
    "Kg3",
    "Re3+",
    "Kh2"
  ],
  "statePieceCount": 14,
  "endPieceCount": 9,
  "boardState": [
    {
      "square": "b8",
      "type": "r",
      "color": "b"
    },
    {
      "square": "d7",
      "type": "p",
      "color": "b"
    },
    {
      "square": "c6",
      "type": "b",
      "color": "b"
    },
    {
      "square": "f6",
      "type": "p",
      "color": "b"
    },
    {
      "square": "g6",
      "type": "k",
      "color": "b"
    },
    {
      "square": "a4",
      "type": "p",
      "color": "b"
    },
    {
      "square": "c4",
      "type": "p",
      "color": "w"
    },
    {
      "square": "e4",
      "type": "p",
      "color": "w"
    },
    {
      "square": "f4",
      "type": "p",
      "color": "w"
    },
    {
      "square": "g4",
      "type": "p",
      "color": "b"
    },
    {
      "square": "c3",
      "type": "b",
      "color": "w"
    },
    {
      "square": "d3",
      "type": "k",
      "color": "w"
    },
    {
      "square": "a2",
      "type": "p",
      "color": "w"
    },
    {
      "square": "h1",
      "type": "r",
      "color": "w"
    }
  ]
}