{
  "event": "Airthings Masters",
  "site": "Chess24",
  "eventDate": "2022.02.13",
  "dateMillis": null,
  "eventDateMillis": 1644681600000,
  "round": "1.1",
  "result": "1-0",
  "white": "Magnus Carlsen",
  "black": "Vladislav Artemiev",
  "isDingWin": true,
  "isDraw": false,
  "isDingBlack": false,
  "moves": [
    "b4",
    "Qc2",
    "Qd7+",
    "Kg2",
    "Kf7",
    "Qf2+",
    "Kg7",
    "Qc5",
    "Qg4",
    "Qe7+",
    "Kh6",
    "Qf8+",
    "Kh5",
    "Qf3",
    "a4",
    "d6",
    "b3",
    "Qxg4+",
    "Kxg4",
    "d7",
    "bxa2",
    "d8=Q"
  ],
  "statePieceCount": 14,
  "endPieceCount": 11,
  "boardState": [
    {
      "square": "g8",
      "type": "k",
      "color": "b"
    },
    {
      "square": "h7",
      "type": "p",
      "color": "b"
    },
    {
      "square": "d6",
      "type": "q",
      "color": "b"
    },
    {
      "square": "g6",
      "type": "p",
      "color": "b"
    },
    {
      "square": "a5",
      "type": "p",
      "color": "b"
    },
    {
      "square": "b5",
      "type": "p",
      "color": "b"
    },
    {
      "square": "d5",
      "type": "p",
      "color": "w"
    },
    {
      "square": "e5",
      "type": "p",
      "color": "b"
    },
    {
      "square": "e4",
      "type": "p",
      "color": "w"
    },
    {
      "square": "h4",
      "type": "p",
      "color": "w"
    },
    {
      "square": "g3",
      "type": "p",
      "color": "w"
    },
    {
      "square": "h3",
      "type": "k",
      "color": "w"
    },
    {
      "square": "a2",
      "type": "p",
      "color": "w"
    },
    {
      "square": "b2",
      "type": "q",
      "color": "w"
    }
  ]
}