{
  "event": "Charity Cup",
  "site": "Chess24",
  "date": "2022.03.20",
  "eventDate": "2022.03.19",
  "dateMillis": 1647705600000,
  "eventDateMillis": 1647619200000,
  "round": "8.7",
  "result": "1-0",
  "white": "Magnus Carlsen",
  "black": "Tingjie Lei",
  "isDingWin": true,
  "isDraw": false,
  "isDingBlack": false,
  "moves": [
    "Ke1",
    "Qh1+",
    "Kd2",
    "Qf1",
    "a7",
    "Qxf2+",
    "Kd3",
    "Qf1+",
    "Kc3",
    "h3",
    "a8=Q",
    "h2",
    "Qe8",
    "Bg5",
    "Kb3",
    "h1=Q",
    "Bxe5+"
  ],
  "statePieceCount": 14,
  "endPieceCount": 12,
  "boardState": [
    {
      "square": "f7",
      "type": "p",
      "color": "b"
    },
    {
      "square": "g7",
      "type": "k",
      "color": "b"
    },
    {
      "square": "a6",
      "type": "p",
      "color": "w"
    },
    {
      "square": "f6",
      "type": "b",
      "color": "b"
    },
    {
      "square": "g6",
      "type": "p",
      "color": "b"
    },
    {
      "square": "d5",
      "type": "q",
      "color": "w"
    },
    {
      "square": "e5",
      "type": "p",
      "color": "b"
    },
    {
      "square": "e4",
      "type": "p",
      "color": "w"
    },
    {
      "square": "h4",
      "type": "p",
      "color": "b"
    },
    {
      "square": "e3",
      "type": "p",
      "color": "w"
    },
    {
      "square": "h3",
      "type": "q",
      "color": "b"
    },
    {
      "square": "b2",
      "type": "b",
      "color": "w"
    },
    {
      "square": "f2",
      "type": "p",
      "color": "w"
    },
    {
      "square": "f1",
      "type": "k",
      "color": "w"
    }
  ]
}