{
  "event": "Charity Cup",
  "site": "chess24.com INT",
  "date": "2022.03.26",
  "eventDate": "2022.03.19",
  "dateMillis": 1648224000000,
  "eventDateMillis": 1647619200000,
  "round": "3.31",
  "result": "1-0",
  "white": "Magnus Carlsen",
  "black": "Jan-Krzysztof Duda",
  "isDingWin": true,
  "isDraw": false,
  "isDingBlack": false,
  "moves": [
    "Kd7",
    "Rb6",
    "Ra1",
    "Bf4",
    "Rf1",
    "Be3",
    "Bd6",
    "Ra6",
    "Re1",
    "Kd3",
    "Rd1+",
    "Bd2",
    "Rf1",
    "Be3",
    "Rd1+",
    "Kc2",
    "Re1",
    "Ra5",
    "Bxg3",
    "Kd2",
    "Bc7",
    "Rxd5+",
    "Ke6",
    "Rc5",
    "g3",
    "Kxe1"
  ],
  "statePieceCount": 14,
  "endPieceCount": 11,
  "boardState": [
    {
      "square": "a8",
      "type": "r",
      "color": "b"
    },
    {
      "square": "d8",
      "type": "k",
      "color": "b"
    },
    {
      "square": "e7",
      "type": "b",
      "color": "b"
    },
    {
      "square": "f7",
      "type": "p",
      "color": "b"
    },
    {
      "square": "b5",
      "type": "r",
      "color": "w"
    },
    {
      "square": "d5",
      "type": "p",
      "color": "b"
    },
    {
      "square": "e5",
      "type": "b",
      "color": "w"
    },
    {
      "square": "b4",
      "type": "p",
      "color": "b"
    },
    {
      "square": "d4",
      "type": "p",
      "color": "w"
    },
    {
      "square": "g4",
      "type": "p",
      "color": "b"
    },
    {
      "square": "g3",
      "type": "p",
      "color": "w"
    },
    {
      "square": "b2",
      "type": "p",
      "color": "w"
    },
    {
      "square": "c2",
      "type": "k",
      "color": "w"
    },
    {
      "square": "f2",
      "type": "p",
      "color": "w"
    }
  ]
}