{
  "event": "Oslo Esports Cup",
  "site": "Oslo NOR",
  "date": "2022.04.24",
  "eventDate": "2022.04.22",
  "dateMillis": 1650729600000,
  "eventDateMillis": 1650556800000,
  "round": "3.3",
  "result": "0-1",
  "white": "Anish Giri",
  "black": "Magnus Carlsen",
  "isDingWin": true,
  "isDraw": false,
  "isDingBlack": true,
  "moves": [
    "Nxg5+",
    "Kg6",
    "Ne4",
    "Bc3",
    "h4",
    "b2",
    "h5+",
    "Kh7",
    "Ng5+",
    "Kg8",
    "f7+",
    "Kg7"
  ],
  "statePieceCount": 14,
  "endPieceCount": 13,
  "boardState": [
    {
      "square": "f8",
      "type": "n",
      "color": "b"
    },
    {
      "square": "f7",
      "type": "n",
      "color": "w"
    },
    {
      "square": "h7",
      "type": "k",
      "color": "b"
    },
    {
      "square": "d6",
      "type": "p",
      "color": "b"
    },
    {
      "square": "f6",
      "type": "p",
      "color": "w"
    },
    {
      "square": "d5",
      "type": "p",
      "color": "w"
    },
    {
      "square": "e5",
      "type": "b",
      "color": "b"
    },
    {
      "square": "g5",
      "type": "p",
      "color": "b"
    },
    {
      "square": "b4",
      "type": "p",
      "color": "b"
    },
    {
      "square": "g4",
      "type": "p",
      "color": "w"
    },
    {
      "square": "b3",
      "type": "p",
      "color": "b"
    },
    {
      "square": "f2",
      "type": "b",
      "color": "w"
    },
    {
      "square": "g2",
      "type": "k",
      "color": "w"
    },
    {
      "square": "h2",
      "type": "p",
      "color": "w"
    }
  ]
}