{
  "event": "Oslo Esports Cup",
  "site": "Oslo NOR",
  "date": "2022.04.22",
  "eventDate": "2022.04.22",
  "dateMillis": 1650556800000,
  "eventDateMillis": 1650556800000,
  "round": "1.3",
  "result": "0-1",
  "white": "Jan-Krzysztof Duda",
  "black": "Magnus Carlsen",
  "isDingWin": true,
  "isDraw": false,
  "isDingBlack": true,
  "moves": [
    "Kf1",
    "Nc1",
    "Bd1",
    "Kc5",
    "Ke1",
    "Nd3+",
    "Ke2",
    "Kd4",
    "Rg4+",
    "e4",
    "f3",
    "Kc3",
    "Rxe4",
    "Nc1+",
    "Ke1",
    "Rd7",
    "c5",
    "Nd3+",
    "Ke2",
    "Nb2",
    "Re3+",
    "Rd3",
    "Rxd3+",
    "Nxd3",
    "h5",
    "Nf4+",
    "Ke3",
    "Nxh5",
    "Ke4",
    "Kd2",
    "Ke5",
    "Kxd1",
    "Kd6",
    "Kc2",
    "Kxc6",
    "Kxb3",
    "Kd6",
    "Nf6"
  ],
  "statePieceCount": 14,
  "endPieceCount": 7,
  "boardState": [
    {
      "square": "e7",
      "type": "r",
      "color": "b"
    },
    {
      "square": "g7",
      "type": "p",
      "color": "b"
    },
    {
      "square": "b6",
      "type": "k",
      "color": "b"
    },
    {
      "square": "c6",
      "type": "p",
      "color": "b"
    },
    {
      "square": "e5",
      "type": "p",
      "color": "b"
    },
    {
      "square": "g5",
      "type": "r",
      "color": "w"
    },
    {
      "square": "b4",
      "type": "p",
      "color": "b"
    },
    {
      "square": "c4",
      "type": "p",
      "color": "w"
    },
    {
      "square": "g4",
      "type": "b",
      "color": "w"
    },
    {
      "square": "h4",
      "type": "p",
      "color": "w"
    },
    {
      "square": "b3",
      "type": "p",
      "color": "w"
    },
    {
      "square": "a2",
      "type": "n",
      "color": "b"
    },
    {
      "square": "f2",
      "type": "p",
      "color": "w"
    },
    {
      "square": "g1",
      "type": "k",
      "color": "w"
    }
  ]
}