{
  "event": "Chessable Masters",
  "site": "chess24.com INT",
  "date": "2022.05.23",
  "eventDate": "2022.05.19",
  "dateMillis": 1653235200000,
  "eventDateMillis": 1652889600000,
  "round": "2.4",
  "result": "1/2-1/2",
  "white": "Anton Guijarro, David",
  "black": "Magnus Carlsen",
  "isDingWin": false,
  "isDraw": true,
  "isDingBlack": true,
  "moves": [
    "Qa5",
    "Rc2",
    "Qxa4",
    "Kg2",
    "c5",
    "h4",
    "Rd4",
    "Qe2",
    "Kh7",
    "Kh2",
    "Qd7",
    "Qf3",
    "Kg8",
    "Qe3",
    "Kh7",
    "Qe5",
    "Qc6",
    "Qf5+",
    "Kh8",
    "Rb2",
    "Qa8",
    "Qxc5",
    "Rd1",
    "Rg2",
    "Qe4",
    "Qf8+",
    "Kh7",
    "c5",
    "Qb1",
    "Rf2",
    "Rh1+",
    "Kg2",
    "Qg1+",
    "Kf3",
    "Qd1+",
    "Kg2",
    "Qg1+",
    "Kf3",
    "Qd1+",
    "Kg2",
    "Qg1+"
  ],
  "statePieceCount": 14,
  "endPieceCount": 12,
  "boardState": [
    {
      "square": "d8",
      "type": "r",
      "color": "b"
    },
    {
      "square": "h8",
      "type": "k",
      "color": "b"
    },
    {
      "square": "g7",
      "type": "p",
      "color": "b"
    },
    {
      "square": "c6",
      "type": "p",
      "color": "b"
    },
    {
      "square": "h6",
      "type": "p",
      "color": "b"
    },
    {
      "square": "e5",
      "type": "q",
      "color": "b"
    },
    {
      "square": "a4",
      "type": "p",
      "color": "w"
    },
    {
      "square": "c4",
      "type": "p",
      "color": "w"
    },
    {
      "square": "g3",
      "type": "p",
      "color": "w"
    },
    {
      "square": "a2",
      "type": "p",
      "color": "w"
    },
    {
      "square": "f2",
      "type": "q",
      "color": "w"
    },
    {
      "square": "h2",
      "type": "p",
      "color": "w"
    },
    {
      "square": "c1",
      "type": "r",
      "color": "w"
    },
    {
      "square": "g1",
      "type": "k",
      "color": "w"
    }
  ]
}