{
  "event": "Norway Chess",
  "site": "Stavanger NOR",
  "date": "2022.06.09",
  "eventDate": "2022.05.31",
  "dateMillis": 1654704000000,
  "eventDateMillis": 1653926400000,
  "round": "16",
  "result": "1-0",
  "white": "Magnus Carlsen",
  "black": "Vachier-Lagrave, Maxime",
  "isDingWin": true,
  "isDraw": false,
  "isDingBlack": false,
  "moves": [
    "c3",
    "Rc7",
    "Nb4",
    "Ne1",
    "Be5",
    "Rc8",
    "Bxg3",
    "Kf1",
    "Bxe1",
    "Kxe1",
    "Nxa2",
    "Kd1",
    "a3",
    "Rb8",
    "h5",
    "Kc2",
    "h4",
    "Rb1",
    "Kf6",
    "Kb3",
    "Nb4",
    "Kxb4",
    "a2",
    "Ra1",
    "c2",
    "Kc3",
    "h3",
    "Kxc2",
    "Kg5",
    "Kd3"
  ],
  "statePieceCount": 14,
  "endPieceCount": 8,
  "boardState": [
    {
      "square": "b7",
      "type": "r",
      "color": "w"
    },
    {
      "square": "f7",
      "type": "p",
      "color": "b"
    },
    {
      "square": "g7",
      "type": "k",
      "color": "b"
    },
    {
      "square": "f6",
      "type": "b",
      "color": "b"
    },
    {
      "square": "h6",
      "type": "p",
      "color": "b"
    },
    {
      "square": "d5",
      "type": "p",
      "color": "b"
    },
    {
      "square": "a4",
      "type": "p",
      "color": "b"
    },
    {
      "square": "c4",
      "type": "p",
      "color": "b"
    },
    {
      "square": "d3",
      "type": "n",
      "color": "b"
    },
    {
      "square": "e3",
      "type": "p",
      "color": "w"
    },
    {
      "square": "f3",
      "type": "n",
      "color": "w"
    },
    {
      "square": "g3",
      "type": "p",
      "color": "w"
    },
    {
      "square": "a2",
      "type": "p",
      "color": "w"
    },
    {
      "square": "g1",
      "type": "k",
      "color": "w"
    }
  ]
}