{
  "event": "SuperUnited Croatia",
  "site": "Zagreb CRO",
  "date": "2022.07.23",
  "dateMillis": 1658505600000,
  "eventDateMillis": null,
  "round": "6.4",
  "result": "0-1",
  "white": "Ian Nepomniachtchi",
  "black": "Magnus Carlsen",
  "isDingWin": true,
  "isDraw": false,
  "isDingBlack": true,
  "moves": [
    "Nxa2",
    "Rd2",
    "Nc3",
    "Ba6+",
    "Ke3",
    "Rd3+",
    "Ke4",
    "Rd7",
    "Ra5",
    "Bb7+",
    "Ke3",
    "a6",
    "Na4",
    "Rd5",
    "Nc5",
    "Bc6",
    "Kf2",
    "Kg8",
    "Ke3",
    "f6",
    "Kf2",
    "Kf7",
    "Ke3",
    "g5",
    "hxg5",
    "fxg5",
    "f4",
    "h4",
    "gxh4",
    "gxh4",
    "Kf2",
    "Kg6",
    "Kg1",
    "Kf5",
    "Kh2",
    "Kg4",
    "f5",
    "Rd2+",
    "Kg1",
    "h3"
  ],
  "statePieceCount": 14,
  "endPieceCount": 9,
  "boardState": [
    {
      "square": "a7",
      "type": "p",
      "color": "b"
    },
    {
      "square": "d7",
      "type": "r",
      "color": "b"
    },
    {
      "square": "f7",
      "type": "p",
      "color": "b"
    },
    {
      "square": "g7",
      "type": "k",
      "color": "b"
    },
    {
      "square": "g6",
      "type": "p",
      "color": "b"
    },
    {
      "square": "c5",
      "type": "r",
      "color": "w"
    },
    {
      "square": "h5",
      "type": "p",
      "color": "b"
    },
    {
      "square": "h4",
      "type": "p",
      "color": "w"
    },
    {
      "square": "c3",
      "type": "n",
      "color": "w"
    },
    {
      "square": "f3",
      "type": "p",
      "color": "w"
    },
    {
      "square": "g3",
      "type": "p",
      "color": "w"
    },
    {
      "square": "a2",
      "type": "r",
      "color": "b"
    },
    {
      "square": "e2",
      "type": "b",
      "color": "b"
    },
    {
      "square": "f2",
      "type": "k",
      "color": "w"
    }
  ]
}