{
  "event": "44th Olympiad",
  "site": "Chennai IND",
  "date": "2022.07.30",
  "eventDate": "2022.07.29",
  "dateMillis": 1659110400000,
  "eventDateMillis": 1659024000000,
  "round": "2.9",
  "result": "1-0",
  "white": "Magnus Carlsen",
  "black": "Meier Georg",
  "isDingWin": true,
  "isDraw": false,
  "isDingBlack": false,
  "moves": [
    "Qf5+",
    "g6",
    "Qf4",
    "Rd3",
    "Rc7+",
    "Rd7",
    "Rxd7+",
    "Qxd7",
    "Qxh4+",
    "Kg7",
    "Qf4",
    "Qd5",
    "a3",
    "b5",
    "Qc7+",
    "Kh6",
    "Qxa7",
    "Qd1+",
    "Kh2",
    "Qd6+",
    "Kh1",
    "Qd2",
    "b4",
    "Qc1+",
    "Qg1",
    "Qxa3",
    "Qe1",
    "Qd3",
    "Qh4+",
    "Kg7",
    "Qe7+",
    "Kh6",
    "Kh2",
    "Qd4",
    "h4",
    "Qf4+",
    "Kh3",
    "Qf5+",
    "Kg3",
    "Qd5",
    "Qc5",
    "Qd3+",
    "Kh2",
    "Qe4",
    "Qg5+",
    "Kh7",
    "h5",
    "Qxb4",
    "Qxg6+",
    "Kh8",
    "Qf6+",
    "Kh7",
    "Qf5+",
    "Kg8",
    "Qe6+",
    "Kh7",
    "Qf7+",
    "Kh8",
    "Qf6+",
    "Kh7",
    "Kh3",
    "Qe4",
    "g4",
    "Qe3+",
    "Kg2",
    "Qe2+",
    "Kg3",
    "Qe1+",
    "Qf2",
    "Qc3+",
    "Kh4",
    "b4",
    "Qf7+",
    "Kh8",
    "Qe8+",
    "Kg7",
    "Qe7+",
    "Kh8",
    "h6",
    "b3",
    "Kh5",
    "b2",
    "Qe8+",
    "Kh7",
    "Qe4+",
    "Kh8",
    "Kg6",
    "b1=B",
    "Qxb1",
    "Qc6+",
    "Kg5",
    "Qc5+",
    "Qf5",
    "Qe3+",
    "Qf4",
    "Qc5+",
    "Kg6"
  ],
  "statePieceCount": 14,
  "endPieceCount": 6,
  "boardState": [
    {
      "square": "d8",
      "type": "q",
      "color": "b"
    },
    {
      "square": "a7",
      "type": "p",
      "color": "b"
    },
    {
      "square": "g7",
      "type": "p",
      "color": "b"
    },
    {
      "square": "h7",
      "type": "k",
      "color": "b"
    },
    {
      "square": "b6",
      "type": "p",
      "color": "b"
    },
    {
      "square": "h4",
      "type": "p",
      "color": "b"
    },
    {
      "square": "g3",
      "type": "r",
      "color": "b"
    },
    {
      "square": "h3",
      "type": "p",
      "color": "w"
    },
    {
      "square": "a2",
      "type": "p",
      "color": "w"
    },
    {
      "square": "b2",
      "type": "p",
      "color": "w"
    },
    {
      "square": "f2",
      "type": "q",
      "color": "w"
    },
    {
      "square": "g2",
      "type": "p",
      "color": "w"
    },
    {
      "square": "c1",
      "type": "r",
      "color": "w"
    },
    {
      "square": "g1",
      "type": "k",
      "color": "w"
    }
  ]
}