{
  "event": "FTX Crypto Cup",
  "site": "Miami, FL USA",
  "date": "2022.08.16",
  "eventDate": "2022.08.15",
  "dateMillis": 1660579200000,
  "eventDateMillis": 1660492800000,
  "round": "2.2",
  "result": "0-1",
  "white": "Hans Moke Niemann",
  "black": "Magnus Carlsen",
  "isDingWin": true,
  "isDraw": false,
  "isDingBlack": true,
  "moves": [
    "hxg4",
    "Ke1",
    "a5",
    "Ke2",
    "Kf6",
    "Ke1",
    "Ke5",
    "Ke2",
    "f5",
    "Ke1",
    "Kd6",
    "Ke2",
    "e5",
    "Bg8",
    "Bd4",
    "Bf7",
    "e4",
    "Bg8",
    "Ke5",
    "Bf7",
    "e3",
    "fxe3",
    "Rxe3+",
    "Kf2",
    "Kf6",
    "Bh5",
    "Kg5",
    "Rh1",
    "Re7+",
    "Kg2",
    "Re2+",
    "Kf1",
    "Rf2+",
    "Ke1",
    "Rxa2"
  ],
  "statePieceCount": 14,
  "endPieceCount": 10,
  "boardState": [
    {
      "square": "a7",
      "type": "p",
      "color": "b"
    },
    {
      "square": "f7",
      "type": "p",
      "color": "b"
    },
    {
      "square": "g7",
      "type": "k",
      "color": "b"
    },
    {
      "square": "b6",
      "type": "b",
      "color": "b"
    },
    {
      "square": "e6",
      "type": "p",
      "color": "b"
    },
    {
      "square": "h5",
      "type": "p",
      "color": "b"
    },
    {
      "square": "g4",
      "type": "p",
      "color": "w"
    },
    {
      "square": "b3",
      "type": "b",
      "color": "w"
    },
    {
      "square": "f3",
      "type": "r",
      "color": "b"
    },
    {
      "square": "g3",
      "type": "p",
      "color": "w"
    },
    {
      "square": "a2",
      "type": "p",
      "color": "w"
    },
    {
      "square": "e2",
      "type": "k",
      "color": "w"
    },
    {
      "square": "f2",
      "type": "p",
      "color": "w"
    },
    {
      "square": "f1",
      "type": "r",
      "color": "w"
    }
  ]
}