{
  "event": "FTX Crypto Cup",
  "site": "Miami, FL USA",
  "date": "2022.08.20",
  "eventDate": "2022.08.15",
  "dateMillis": 1660924800000,
  "eventDateMillis": 1660492800000,
  "round": "6.3",
  "result": "1/2-1/2",
  "white": "Alireza Firouzja",
  "black": "Magnus Carlsen",
  "isDingWin": false,
  "isDraw": true,
  "isDingBlack": true,
  "moves": [
    "d6+",
    "Kh8",
    "Qxc2",
    "Bb5",
    "Qc5",
    "Bd7",
    "b4",
    "Qe8",
    "Qe5",
    "Qg6",
    "Kh2",
    "Qb1",
    "Qe7",
    "Qf5",
    "Kg1",
    "Qb1+",
    "Kh2",
    "Qf5",
    "Kg1",
    "Qb1+",
    "Kh2"
  ],
  "statePieceCount": 14,
  "endPieceCount": 13,
  "boardState": [
    {
      "square": "f8",
      "type": "q",
      "color": "b"
    },
    {
      "square": "g8",
      "type": "k",
      "color": "b"
    },
    {
      "square": "g7",
      "type": "p",
      "color": "b"
    },
    {
      "square": "h6",
      "type": "p",
      "color": "b"
    },
    {
      "square": "d5",
      "type": "p",
      "color": "w"
    },
    {
      "square": "d4",
      "type": "p",
      "color": "w"
    },
    {
      "square": "h4",
      "type": "p",
      "color": "w"
    },
    {
      "square": "b3",
      "type": "q",
      "color": "w"
    },
    {
      "square": "b2",
      "type": "p",
      "color": "w"
    },
    {
      "square": "c2",
      "type": "p",
      "color": "b"
    },
    {
      "square": "e2",
      "type": "b",
      "color": "b"
    },
    {
      "square": "f2",
      "type": "p",
      "color": "w"
    },
    {
      "square": "g2",
      "type": "p",
      "color": "w"
    },
    {
      "square": "g1",
      "type": "k",
      "color": "w"
    }
  ]
}