{
  "event": "World Blitz Championship",
  "site": "Riyadh KSA",
  "date": "2017.12.30",
  "eventDate": "2017.12.29",
  "dateMillis": 1514563200000,
  "eventDateMillis": 1514476800000,
  "round": "20.1",
  "result": "1-0",
  "white": "Magnus Carlsen",
  "black": "Anton Korobov",
  "isDingWin": true,
  "isDraw": false,
  "isDingBlack": false,
  "moves": [
    "Nc4",
    "Nc8",
    "b5",
    "Na7",
    "Nxb2",
    "Nxb5",
    "Kf5",
    "Kg2",
    "h5",
    "Kg3",
    "Kg5",
    "Nc3",
    "Nc4",
    "a4",
    "Na5",
    "Ne4+",
    "Kg6",
    "Kf4",
    "Nc4",
    "Nc5",
    "Na5",
    "h4",
    "Kf6",
    "Ne4+",
    "Kg6",
    "Ng3",
    "Nb7",
    "Ke3",
    "Nd6",
    "Kd4",
    "Nb7",
    "Kc4",
    "Kf6",
    "Kb4",
    "Ke5",
    "Nxh5",
    "Kf5",
    "Ng3+"
  ],
  "statePieceCount": 9,
  "endPieceCount": 6,
  "boardState": [
    {
      "square": "a7",
      "type": "n",
      "color": "w"
    },
    {
      "square": "b6",
      "type": "p",
      "color": "b"
    },
    {
      "square": "g6",
      "type": "k",
      "color": "b"
    },
    {
      "square": "h6",
      "type": "p",
      "color": "b"
    },
    {
      "square": "e5",
      "type": "n",
      "color": "b"
    },
    {
      "square": "a3",
      "type": "p",
      "color": "w"
    },
    {
      "square": "b2",
      "type": "p",
      "color": "w"
    },
    {
      "square": "h2",
      "type": "p",
      "color": "w"
    },
    {
      "square": "g1",
      "type": "k",
      "color": "w"
    }
  ]
}