{
  "event": "Chess.com Speed Chess Championship 2017/18",
  "site": "chess.com INT",
  "date": "2018.01.03",
  "eventDate": "2017.05.03",
  "dateMillis": 1514908800000,
  "eventDateMillis": 1493740800000,
  "round": "4.6",
  "result": "1/2-1/2",
  "white": "Magnus Carlsen",
  "black": "Hikaru Nakamura",
  "isDingWin": false,
  "isDraw": true,
  "isDingBlack": false,
  "moves": [
    "Qb6+",
    "Kh5",
    "axb4",
    "Qf2+",
    "Kb3",
    "g4",
    "Qc5+",
    "Kh4",
    "Qe7+",
    "Kh5",
    "b5",
    "g3",
    "b6",
    "g2",
    "Qh7+",
    "Kg4",
    "Qe4+",
    "Kg5",
    "Qe5+",
    "Kg6",
    "Qe6+",
    "Kg5",
    "Qe5+",
    "Kg4",
    "Qe4+",
    "Kg5",
    "Qe5+",
    "Qf5",
    "Qg3+",
    "Qg4",
    "Qe5+",
    "Kh4",
    "Qh2+",
    "Kg5",
    "Qe5+",
    "Kg6",
    "Qd6+",
    "Kf7",
    "Qc7+",
    "Kf6",
    "Qd8+",
    "Kf5",
    "Qd7+",
    "Kg5",
    "Qg7+",
    "Kf4",
    "Qxd4+",
    "Kf3",
    "Qd5+",
    "Ke2",
    "Qe5+",
    "Kf2",
    "Qc5+",
    "Kf3"
  ],
  "statePieceCount": 9,
  "endPieceCount": 7,
  "boardState": [
    {
      "square": "f8",
      "type": "q",
      "color": "b"
    },
    {
      "square": "a7",
      "type": "q",
      "color": "w"
    },
    {
      "square": "g6",
      "type": "k",
      "color": "b"
    },
    {
      "square": "g5",
      "type": "p",
      "color": "b"
    },
    {
      "square": "b4",
      "type": "p",
      "color": "b"
    },
    {
      "square": "d4",
      "type": "p",
      "color": "b"
    },
    {
      "square": "a3",
      "type": "p",
      "color": "w"
    },
    {
      "square": "d3",
      "type": "p",
      "color": "w"
    },
    {
      "square": "c2",
      "type": "k",
      "color": "w"
    }
  ]
}