{
  "event": "GRENKE Chess Classic",
  "site": "Karlsruhe GER",
  "date": "2018.03.31",
  "eventDate": "2018.03.31",
  "dateMillis": 1522425600000,
  "eventDateMillis": 1522425600000,
  "round": "1",
  "result": "1/2-1/2",
  "white": "Fabiano Caruana",
  "black": "Magnus Carlsen",
  "isDingWin": false,
  "isDraw": true,
  "isDingBlack": true,
  "moves": [
    "Rc4",
    "Kb3",
    "Rc8",
    "a5",
    "h6",
    "Re2+",
    "Kxd3",
    "Rh2",
    "g5",
    "Rh3+",
    "Kd2",
    "Rh2+",
    "Kd3"
  ],
  "statePieceCount": 9,
  "endPieceCount": 8,
  "boardState": [
    {
      "square": "a7",
      "type": "p",
      "color": "b"
    },
    {
      "square": "e7",
      "type": "r",
      "color": "b"
    },
    {
      "square": "h5",
      "type": "p",
      "color": "w"
    },
    {
      "square": "b4",
      "type": "r",
      "color": "w"
    },
    {
      "square": "g4",
      "type": "p",
      "color": "w"
    },
    {
      "square": "a3",
      "type": "k",
      "color": "b"
    },
    {
      "square": "d3",
      "type": "p",
      "color": "b"
    },
    {
      "square": "c2",
      "type": "p",
      "color": "b"
    },
    {
      "square": "d2",
      "type": "k",
      "color": "w"
    }
  ]
}