{
  "event": "GRENKE Chess Classic",
  "site": "Karlsruhe GER",
  "date": "2018.04.02",
  "eventDate": "2018.03.31",
  "dateMillis": 1522598400000,
  "eventDateMillis": 1522425600000,
  "round": "3",
  "result": "1/2-1/2",
  "white": "Matthias Bluebaum",
  "black": "Magnus Carlsen",
  "isCarlsenWin": false,
  "isDraw": true,
  "isCarlsenBlack": true,
  "moves": [
    "Nd6",
    "f5",
    "Nxf5",
    "Kxf5",
    "Kd5",
    "Nf3",
    "Kc6",
    "b5",
    "axb5",
    "Nd4+",
    "Kc5",
    "Nxb5",
    "Kb6",
    "Ke5"
  ],
  "statePieceCount": 9,
  "endPieceCount": 5,
  "boardState": [
    {
      "square": "f7",
      "type": "p",
      "color": "b"
    },
    {
      "square": "a6",
      "type": "p",
      "color": "b"
    },
    {
      "square": "b6",
      "type": "p",
      "color": "b"
    },
    {
      "square": "g6",
      "type": "k",
      "color": "b"
    },
    {
      "square": "g5",
      "type": "n",
      "color": "b"
    },
    {
      "square": "a4",
      "type": "p",
      "color": "w"
    },
    {
      "square": "b4",
      "type": "p",
      "color": "w"
    },
    {
      "square": "c4",
      "type": "k",
      "color": "w"
    },
    {
      "square": "e4",
      "type": "n",
      "color": "w"
    }
  ],
  "nextTurn": "w"
}