{
  "event": "Gashimov Memorial",
  "site": "Shamkir AZE",
  "date": "2018.04.21",
  "eventDate": "2018.04.18",
  "dateMillis": 1524240000000,
  "eventDateMillis": 1523980800000,
  "round": "3",
  "result": "1/2-1/2",
  "white": "Rauf Mamedov",
  "black": "Magnus Carlsen",
  "isDingWin": false,
  "isDraw": true,
  "isDingBlack": true,
  "moves": [
    "Nxg5",
    "Nd1+",
    "Kd4",
    "Nf2",
    "Nxf7",
    "Kxf7",
    "Kc5",
    "Ne4+",
    "Kxb5",
    "Nc3+",
    "Kc4",
    "Nxa2",
    "g5",
    "Kg7",
    "g6",
    "Nb4",
    "Kxb4",
    "Kxg6"
  ],
  "statePieceCount": 9,
  "endPieceCount": 2,
  "boardState": [
    {
      "square": "f8",
      "type": "k",
      "color": "b"
    },
    {
      "square": "f7",
      "type": "p",
      "color": "b"
    },
    {
      "square": "b5",
      "type": "p",
      "color": "b"
    },
    {
      "square": "g5",
      "type": "p",
      "color": "b"
    },
    {
      "square": "g4",
      "type": "p",
      "color": "w"
    },
    {
      "square": "e3",
      "type": "k",
      "color": "w"
    },
    {
      "square": "f3",
      "type": "n",
      "color": "w"
    },
    {
      "square": "a2",
      "type": "p",
      "color": "w"
    },
    {
      "square": "b2",
      "type": "n",
      "color": "b"
    }
  ]
}