{
  "event": "Gashimov Memorial",
  "site": "Shamkir AZE",
  "date": "2018.04.26",
  "eventDate": "2018.04.18",
  "dateMillis": 1524672000000,
  "eventDateMillis": 1523980800000,
  "round": "7",
  "result": "1-0",
  "white": "Magnus Carlsen",
  "black": "Veselin Topalov",
  "isDingWin": true,
  "isDraw": false,
  "isDingBlack": false,
  "moves": [
    "Bf7",
    "Qd4",
    "Re8",
    "c4",
    "Rf8",
    "c5",
    "Be8",
    "Qd5+",
    "Kh7",
    "Qe6",
    "Bb5",
    "c6",
    "Bxc6",
    "Qg6+",
    "Kg8",
    "Qxc6",
    "Rf6",
    "Qe8+",
    "Kh7",
    "Kxg4",
    "Rh6",
    "Kf4",
    "Rf6",
    "Ke5",
    "Rh6",
    "Qe6"
  ],
  "statePieceCount": 9,
  "endPieceCount": 6,
  "boardState": [
    {
      "square": "e8",
      "type": "b",
      "color": "b"
    },
    {
      "square": "g8",
      "type": "k",
      "color": "b"
    },
    {
      "square": "g7",
      "type": "p",
      "color": "b"
    },
    {
      "square": "f5",
      "type": "p",
      "color": "w"
    },
    {
      "square": "c4",
      "type": "q",
      "color": "w"
    },
    {
      "square": "g4",
      "type": "p",
      "color": "b"
    },
    {
      "square": "c3",
      "type": "p",
      "color": "w"
    },
    {
      "square": "g3",
      "type": "k",
      "color": "w"
    },
    {
      "square": "e1",
      "type": "r",
      "color": "b"
    }
  ]
}