{
  "event": "Norway Chess",
  "site": "Stavanger NOR",
  "date": "2018.06.06",
  "eventDate": "2018.05.28",
  "dateMillis": 1528214400000,
  "eventDateMillis": 1527436800000,
  "round": "8.1",
  "result": "1/2-1/2",
  "white": "Magnus Carlsen",
  "black": "Shakhriyar Mamedyarov",
  "isCarlsenWin": false,
  "isDraw": true,
  "isCarlsenBlack": false,
  "moves": [
    "Bxb3",
    "Bc3+",
    "Kg6",
    "f4",
    "Kf7",
    "Kg3",
    "Kg6",
    "Be5",
    "Kf7",
    "Bc3",
    "Kg6",
    "Be5",
    "Kf7",
    "Bc3",
    "Kg6"
  ],
  "statePieceCount": 9,
  "endPieceCount": 8,
  "boardState": [
    {
      "square": "g7",
      "type": "k",
      "color": "b"
    },
    {
      "square": "h7",
      "type": "p",
      "color": "b"
    },
    {
      "square": "e6",
      "type": "p",
      "color": "b"
    },
    {
      "square": "g5",
      "type": "p",
      "color": "w"
    },
    {
      "square": "b4",
      "type": "b",
      "color": "w"
    },
    {
      "square": "b3",
      "type": "p",
      "color": "w"
    },
    {
      "square": "f3",
      "type": "p",
      "color": "w"
    },
    {
      "square": "a2",
      "type": "b",
      "color": "b"
    },
    {
      "square": "h2",
      "type": "k",
      "color": "w"
    }
  ],
  "nextTurn": "b"
}