{
  "event": "Biel",
  "site": "0:52:33-0:22:33",
  "date": "2018.07.22",
  "eventDate": "2018.07.21",
  "dateMillis": 1532188800000,
  "eventDateMillis": 1532102400000,
  "round": "1",
  "result": "1-0",
  "white": "Magnus Carlsen",
  "black": "David Navara",
  "isDingWin": true,
  "isDraw": false,
  "isDingBlack": false,
  "moves": [
    "Kxf5",
    "f4",
    "gxf3",
    "Kf2",
    "Kxe5",
    "Kxf3",
    "Kf5",
    "Ke3"
  ],
  "statePieceCount": 9,
  "endPieceCount": 5,
  "boardState": [
    {
      "square": "a5",
      "type": "p",
      "color": "b"
    },
    {
      "square": "e5",
      "type": "p",
      "color": "w"
    },
    {
      "square": "f5",
      "type": "n",
      "color": "w"
    },
    {
      "square": "g5",
      "type": "k",
      "color": "b"
    },
    {
      "square": "a4",
      "type": "p",
      "color": "w"
    },
    {
      "square": "g4",
      "type": "p",
      "color": "b"
    },
    {
      "square": "g3",
      "type": "p",
      "color": "w"
    },
    {
      "square": "f2",
      "type": "p",
      "color": "w"
    },
    {
      "square": "g1",
      "type": "k",
      "color": "w"
    }
  ]
}