{
  "event": "Tata Steel Masters",
  "site": "Wijk aan Zee NED",
  "date": "2019.01.19",
  "dateMillis": 1547827200000,
  "eventDateMillis": null,
  "round": "7",
  "result": "1/2-1/2",
  "white": "Vladimir Fedoseev",
  "black": "Magnus Carlsen",
  "isDingWin": false,
  "isDraw": true,
  "isDingBlack": true,
  "moves": [
    "Rf5",
    "Rxe6",
    "Rxh5",
    "Kg7",
    "Kf2",
    "Ra6",
    "g4",
    "Ra2+",
    "Kg3",
    "Ra3",
    "Rd5",
    "Kf6",
    "Kf4",
    "Ra4+",
    "Ke3",
    "Ra1",
    "f4",
    "Rg1",
    "Rd6+",
    "Kg7",
    "Kf3",
    "Re1",
    "Rb6",
    "Rg1",
    "Re6",
    "Ra1",
    "Ke4",
    "Ra4+",
    "Kf5",
    "Ra5+",
    "Re5",
    "Ra7",
    "Rd5",
    "Rf7+",
    "Ke4",
    "Re7+",
    "Kd4",
    "Re1",
    "Rd7+",
    "Kf6",
    "Rd6+",
    "Kg7",
    "Kd5",
    "Rg1",
    "Ke6",
    "Rxg4",
    "Rd7+",
    "Kg8",
    "f5",
    "Rf4",
    "Kf6",
    "Rf1",
    "Rd8+",
    "Kh7",
    "Rd7+",
    "Kg8",
    "Rd8+",
    "Kh7",
    "Rd7+"
  ],
  "statePieceCount": 9,
  "endPieceCount": 6,
  "boardState": [
    {
      "square": "g8",
      "type": "k",
      "color": "b"
    },
    {
      "square": "f7",
      "type": "r",
      "color": "w"
    },
    {
      "square": "e6",
      "type": "p",
      "color": "w"
    },
    {
      "square": "h6",
      "type": "p",
      "color": "b"
    },
    {
      "square": "h5",
      "type": "p",
      "color": "b"
    },
    {
      "square": "f3",
      "type": "p",
      "color": "w"
    },
    {
      "square": "e2",
      "type": "r",
      "color": "b"
    },
    {
      "square": "g2",
      "type": "p",
      "color": "w"
    },
    {
      "square": "g1",
      "type": "k",
      "color": "w"
    }
  ]
}