{
  "event": "Grand Chess Tour Cote d�Ivoire (Rapid & Blitz)",
  "site": "Abidjan CIV",
  "date": "2019.05.12",
  "eventDate": "2019.05.11",
  "dateMillis": 1557590400000,
  "eventDateMillis": 1557504000000,
  "round": "15.1",
  "result": "1/2-1/2",
  "white": "Ian Nepomniachtchi",
  "black": "Magnus Carlsen",
  "isDingWin": false,
  "isDraw": true,
  "isDingBlack": true,
  "moves": [
    "Ke5",
    "Kf3",
    "Kd4",
    "Kf4",
    "Kc4",
    "Ke4",
    "Kc5",
    "Rc1+",
    "Kb4",
    "Rg1",
    "h5",
    "Kd4",
    "Rxa5",
    "Rb1+",
    "Ka4",
    "Ra1+",
    "Kb5",
    "Rxa5+",
    "Kxa5",
    "Kd5",
    "Kb4",
    "Kxd6",
    "g5"
  ],
  "statePieceCount": 9,
  "endPieceCount": 5,
  "boardState": [
    {
      "square": "a6",
      "type": "r",
      "color": "b"
    },
    {
      "square": "d6",
      "type": "p",
      "color": "b"
    },
    {
      "square": "e6",
      "type": "k",
      "color": "b"
    },
    {
      "square": "g6",
      "type": "p",
      "color": "b"
    },
    {
      "square": "h6",
      "type": "p",
      "color": "b"
    },
    {
      "square": "a5",
      "type": "p",
      "color": "w"
    },
    {
      "square": "g4",
      "type": "k",
      "color": "w"
    },
    {
      "square": "h4",
      "type": "p",
      "color": "w"
    },
    {
      "square": "a1",
      "type": "r",
      "color": "w"
    }
  ]
}