{
  "event": "Norway Chess",
  "site": "Stavanger NOR",
  "date": "2019.06.10",
  "eventDate": "2019.06.04",
  "dateMillis": 1560096000000,
  "eventDateMillis": 1559577600000,
  "round": "6.1",
  "result": "1/2-1/2",
  "white": "Magnus Carlsen",
  "black": "Ding Liren",
  "isCarlsenWin": false,
  "isDraw": true,
  "isCarlsenBlack": false,
  "moves": [
    "Kc2",
    "Kc4",
    "e5+",
    "Kd5",
    "Rxb4",
    "g4",
    "Rxb5+",
    "Ke4",
    "Rb4+",
    "Kxe3",
    "e6",
    "Kf3",
    "Rb3+",
    "Kf2",
    "Rb4",
    "Kf3",
    "Rb3+",
    "Kf4",
    "Rb4+",
    "Kf5",
    "Rb5+",
    "Kxe6",
    "Kd3",
    "g3",
    "Rb6+",
    "Kf5",
    "Rxg6",
    "Kxg6",
    "Ke2",
    "Kg5",
    "Kf3",
    "Kh4",
    "Kg2",
    "Kg4",
    "Kg1",
    "Kh3",
    "Kh1",
    "g2+"
  ],
  "statePieceCount": 9,
  "endPieceCount": 3,
  "boardState": [
    {
      "square": "g6",
      "type": "r",
      "color": "b"
    },
    {
      "square": "b5",
      "type": "p",
      "color": "b"
    },
    {
      "square": "c5",
      "type": "k",
      "color": "b"
    },
    {
      "square": "g5",
      "type": "p",
      "color": "b"
    },
    {
      "square": "b4",
      "type": "p",
      "color": "b"
    },
    {
      "square": "e4",
      "type": "p",
      "color": "w"
    },
    {
      "square": "g4",
      "type": "r",
      "color": "w"
    },
    {
      "square": "c3",
      "type": "k",
      "color": "w"
    },
    {
      "square": "e3",
      "type": "p",
      "color": "w"
    }
  ],
  "nextTurn": "w"
}