{
  "event": "Isle of Man Grand Swiss",
  "site": "Douglas IMN",
  "date": "2019.10.11",
  "eventDate": "2019.10.10",
  "dateMillis": 1570723200000,
  "eventDateMillis": 1570636800000,
  "round": "2",
  "result": "1/2-1/2",
  "white": "Alexey Sarana",
  "black": "Magnus Carlsen",
  "isDingWin": false,
  "isDraw": true,
  "isDingBlack": true,
  "moves": [
    "Rb2+",
    "Kf3",
    "Bxf4",
    "Ne5+",
    "Kh6",
    "Kxf4",
    "a3",
    "Rd5",
    "Rb4+",
    "Kg3",
    "a2",
    "Ra5",
    "a1=Q",
    "Rxa1",
    "Kxh5",
    "Ra5",
    "Rb1",
    "Kf4",
    "Rf1+",
    "Nf3+"
  ],
  "statePieceCount": 9,
  "endPieceCount": 5,
  "boardState": [
    {
      "square": "d7",
      "type": "r",
      "color": "w"
    },
    {
      "square": "f7",
      "type": "n",
      "color": "w"
    },
    {
      "square": "g7",
      "type": "k",
      "color": "b"
    },
    {
      "square": "b5",
      "type": "r",
      "color": "b"
    },
    {
      "square": "g5",
      "type": "b",
      "color": "b"
    },
    {
      "square": "h5",
      "type": "p",
      "color": "w"
    },
    {
      "square": "a4",
      "type": "p",
      "color": "b"
    },
    {
      "square": "f4",
      "type": "p",
      "color": "w"
    },
    {
      "square": "g2",
      "type": "k",
      "color": "w"
    }
  ]
}