{
  "event": "London Chess Classic GCT Finals",
  "site": "London ENG",
  "date": "2019.12.03",
  "eventDate": "2019.12.02",
  "dateMillis": 1575302400000,
  "eventDateMillis": 1575216000000,
  "round": "1.2",
  "result": "1/2-1/2",
  "white": "Maxime Vachier-Lagrave",
  "black": "Magnus Carlsen",
  "isDingWin": false,
  "isDraw": true,
  "isDingBlack": true,
  "moves": [
    "Kh7",
    "Kg2",
    "Ra5",
    "f4",
    "Ra3",
    "Ra8",
    "a5",
    "Ra6",
    "a4",
    "f5",
    "Rb3",
    "Rxa4",
    "Rb5",
    "Rf4",
    "Kh6",
    "f6",
    "gxf6",
    "Rxf6+",
    "Kxh5",
    "h4",
    "Rb2+",
    "Rf2",
    "Rxf2+",
    "Kxf2",
    "Kxh4"
  ],
  "statePieceCount": 9,
  "endPieceCount": 2,
  "boardState": [
    {
      "square": "g8",
      "type": "k",
      "color": "b"
    },
    {
      "square": "a7",
      "type": "r",
      "color": "w"
    },
    {
      "square": "g7",
      "type": "p",
      "color": "b"
    },
    {
      "square": "a6",
      "type": "p",
      "color": "b"
    },
    {
      "square": "h5",
      "type": "p",
      "color": "w"
    },
    {
      "square": "a3",
      "type": "r",
      "color": "b"
    },
    {
      "square": "f2",
      "type": "p",
      "color": "w"
    },
    {
      "square": "h2",
      "type": "p",
      "color": "w"
    },
    {
      "square": "g1",
      "type": "k",
      "color": "w"
    }
  ]
}