{
  "event": "London Chess Classic GCT Finals",
  "site": "London ENG",
  "date": "2019.12.07",
  "eventDate": "2019.12.02",
  "dateMillis": 1575648000000,
  "eventDateMillis": 1575216000000,
  "round": "2.2",
  "result": "1/2-1/2",
  "white": "Levon Aronian",
  "black": "Magnus Carlsen",
  "isCarlsenWin": false,
  "isDraw": true,
  "isCarlsenBlack": true,
  "moves": [
    "Qxh5+",
    "Ke7",
    "Qe5+",
    "Kf7",
    "Qd5+",
    "Kg7",
    "Qd4+",
    "Kf7",
    "Qd5+",
    "Kg7",
    "Qd4+",
    "Kf7"
  ],
  "statePieceCount": 9,
  "endPieceCount": 8,
  "boardState": [
    {
      "square": "e8",
      "type": "k",
      "color": "b"
    },
    {
      "square": "a6",
      "type": "p",
      "color": "b"
    },
    {
      "square": "h6",
      "type": "p",
      "color": "b"
    },
    {
      "square": "c5",
      "type": "q",
      "color": "w"
    },
    {
      "square": "h5",
      "type": "p",
      "color": "b"
    },
    {
      "square": "a4",
      "type": "q",
      "color": "b"
    },
    {
      "square": "b4",
      "type": "p",
      "color": "w"
    },
    {
      "square": "f4",
      "type": "p",
      "color": "w"
    },
    {
      "square": "f3",
      "type": "k",
      "color": "w"
    }
  ],
  "nextTurn": "w"
}