{
  "event": "World Rapid Championship",
  "site": "Moscow RUS",
  "date": "2019.12.27",
  "eventDate": "2019.12.26",
  "dateMillis": 1577376000000,
  "eventDateMillis": 1577289600000,
  "round": "7.1",
  "result": "1/2-1/2",
  "white": "Aleksandr Rakhmanov",
  "black": "Magnus Carlsen",
  "isDingWin": false,
  "isDraw": true,
  "isDingBlack": true,
  "moves": [
    "h4",
    "Kg7",
    "f3",
    "f6",
    "Kg3",
    "Kg6",
    "Kf4",
    "Rc3",
    "a4",
    "Rc4+",
    "Kg3",
    "Rb4",
    "a5",
    "Ra4",
    "Ra8",
    "Kf5",
    "Rh8",
    "Kg6",
    "Ra8",
    "Kf5",
    "a6",
    "Ra2",
    "a7",
    "Ra3",
    "Rh8",
    "Rxa7",
    "Rxh5+",
    "Kg6",
    "Rb5",
    "Ra1",
    "h5+",
    "Kh6",
    "Rf5",
    "Kg7",
    "f4",
    "Rg1+",
    "Kh3",
    "Kh6",
    "Rd5",
    "Kg7",
    "Kh4",
    "Kh6",
    "Rd6",
    "Rh1+",
    "Kg4",
    "Rxh5",
    "Rxf6+",
    "Kg7",
    "Kxh5",
    "Kxf6",
    "f5",
    "Kxf5"
  ],
  "statePieceCount": 9,
  "endPieceCount": 2,
  "boardState": [
    {
      "square": "g8",
      "type": "k",
      "color": "b"
    },
    {
      "square": "f7",
      "type": "p",
      "color": "b"
    },
    {
      "square": "a6",
      "type": "r",
      "color": "w"
    },
    {
      "square": "h5",
      "type": "p",
      "color": "b"
    },
    {
      "square": "a3",
      "type": "p",
      "color": "w"
    },
    {
      "square": "b3",
      "type": "r",
      "color": "b"
    },
    {
      "square": "f2",
      "type": "p",
      "color": "w"
    },
    {
      "square": "g2",
      "type": "k",
      "color": "w"
    },
    {
      "square": "h2",
      "type": "p",
      "color": "w"
    }
  ]
}