{
  "event": "Magnus Carlsen Invitational",
  "site": "chess24.com INT",
  "date": "2020.04.20",
  "eventDate": "2020.04.18",
  "dateMillis": 1587312000000,
  "eventDateMillis": 1587139200000,
  "round": "2.4",
  "result": "1/2-1/2",
  "white": "Alireza Firouzja",
  "black": "Magnus Carlsen",
  "isDingWin": false,
  "isDraw": true,
  "isDingBlack": true,
  "moves": [
    "Kxf2",
    "Nd1+",
    "Kf3",
    "Nxb2",
    "Ke4",
    "g5",
    "d4",
    "exd4",
    "Nxd4",
    "g4",
    "Nf3",
    "g3",
    "Kf4",
    "g2",
    "Kg3",
    "Nd3",
    "Kxg2"
  ],
  "statePieceCount": 9,
  "endPieceCount": 4,
  "boardState": [
    {
      "square": "g7",
      "type": "p",
      "color": "b"
    },
    {
      "square": "e5",
      "type": "p",
      "color": "b"
    },
    {
      "square": "h5",
      "type": "k",
      "color": "b"
    },
    {
      "square": "b3",
      "type": "n",
      "color": "w"
    },
    {
      "square": "d3",
      "type": "p",
      "color": "w"
    },
    {
      "square": "e3",
      "type": "n",
      "color": "b"
    },
    {
      "square": "b2",
      "type": "r",
      "color": "w"
    },
    {
      "square": "e2",
      "type": "k",
      "color": "w"
    },
    {
      "square": "f2",
      "type": "r",
      "color": "b"
    }
  ]
}