{
  "event": "FIDE Online Steinitz Memorial",
  "site": "chess24.com INT",
  "date": "2020.05.15",
  "eventDate": "2020.05.15",
  "dateMillis": 1589472000000,
  "eventDateMillis": 1589472000000,
  "round": "1",
  "result": "1/2-1/2",
  "white": "Magnus Carlsen",
  "black": "Peter Svidler",
  "isCarlsenWin": false,
  "isDraw": true,
  "isCarlsenBlack": false,
  "moves": [
    "Rf5",
    "Ba6+",
    "Ke1",
    "Rh3",
    "Rxf7+",
    "Kb6",
    "f3",
    "Rh1+",
    "Kf2",
    "Ra1",
    "Rf6+",
    "Ka5",
    "Ne6",
    "Rxa3",
    "Nd4",
    "Bc4",
    "Kg3",
    "Kb4",
    "Kf4",
    "Kc3",
    "Ke4",
    "Ra8",
    "Nc6",
    "Be2",
    "f4",
    "Ra4+",
    "Ke5",
    "Bf3",
    "f5",
    "Ra6",
    "Nd4",
    "Rxf6",
    "Nb5+",
    "Kd2",
    "Kxf6",
    "Bg4",
    "Ke5",
    "Bxf5"
  ],
  "statePieceCount": 9,
  "endPieceCount": 4,
  "boardState": [
    {
      "square": "b7",
      "type": "b",
      "color": "b"
    },
    {
      "square": "c7",
      "type": "k",
      "color": "b"
    },
    {
      "square": "f7",
      "type": "p",
      "color": "b"
    },
    {
      "square": "g7",
      "type": "n",
      "color": "w"
    },
    {
      "square": "h6",
      "type": "r",
      "color": "b"
    },
    {
      "square": "a5",
      "type": "r",
      "color": "w"
    },
    {
      "square": "a3",
      "type": "p",
      "color": "w"
    },
    {
      "square": "f2",
      "type": "p",
      "color": "w"
    },
    {
      "square": "f1",
      "type": "k",
      "color": "w"
    }
  ],
  "nextTurn": "w"
}