{
  "event": "Clutch International",
  "site": "lichess.org INT",
  "date": "2020.06.08",
  "eventDate": "2020.06.06",
  "dateMillis": 1591545600000,
  "eventDateMillis": 1591372800000,
  "round": "1.11",
  "result": "1/2-1/2",
  "white": "Jeffery Xiong",
  "black": "Magnus Carlsen",
  "isCarlsenWin": false,
  "isDraw": true,
  "isCarlsenBlack": true,
  "moves": [
    "Rxe3",
    "Rg5+",
    "Kh7",
    "Rxg4",
    "Ra3",
    "Rg2",
    "a5",
    "Kf1",
    "a4",
    "Ke1",
    "Rh3",
    "Kd2",
    "Ra3",
    "Kc1",
    "Rh3",
    "Kb2",
    "Kh6",
    "Rg3",
    "Rxh2+",
    "Ka3",
    "Kh5",
    "Rg8",
    "Rd2",
    "Ra8",
    "Kg5",
    "Rxa4",
    "Kf5",
    "Rc4",
    "Ke5",
    "Kb3",
    "Kd6",
    "a4",
    "Kd7",
    "Kb4",
    "Rb2+",
    "Ka5",
    "Rb1",
    "Ka6",
    "Rb2",
    "a5",
    "Rb1",
    "Ka7",
    "Rb5",
    "a6",
    "Rb1",
    "Rh4",
    "Kc7",
    "Rh7+",
    "Kc8",
    "Rb7",
    "Rh1",
    "Rb2",
    "Rc1",
    "Rh2",
    "Rb1",
    "Rh6",
    "Kc7",
    "Rh7+",
    "Kc8",
    "Rb7",
    "Rh1",
    "Ka8",
    "Ra1",
    "Rb6",
    "Kc7",
    "Rh6",
    "Rb1",
    "Rh7+",
    "Kc8",
    "Rh8+",
    "Kc7",
    "Rh7+",
    "Kc8",
    "Rh8+",
    "Kc7",
    "Rh7+"
  ],
  "statePieceCount": 9,
  "endPieceCount": 5,
  "boardState": [
    {
      "square": "g8",
      "type": "k",
      "color": "b"
    },
    {
      "square": "a6",
      "type": "p",
      "color": "b"
    },
    {
      "square": "h5",
      "type": "r",
      "color": "w"
    },
    {
      "square": "g4",
      "type": "p",
      "color": "b"
    },
    {
      "square": "e3",
      "type": "p",
      "color": "w"
    },
    {
      "square": "f3",
      "type": "r",
      "color": "b"
    },
    {
      "square": "a2",
      "type": "p",
      "color": "w"
    },
    {
      "square": "h2",
      "type": "p",
      "color": "w"
    },
    {
      "square": "g1",
      "type": "k",
      "color": "w"
    }
  ],
  "nextTurn": "b"
}