{
  "event": "Chessable Masters",
  "site": "chess24.com INT",
  "date": "2020.06.22",
  "eventDate": "2020.06.20",
  "dateMillis": 1592755200000,
  "eventDateMillis": 1592582400000,
  "round": "10.2",
  "result": "1/2-1/2",
  "white": "Magnus Carlsen",
  "black": "Vladislav Artemiev",
  "isDingWin": false,
  "isDraw": true,
  "isDingBlack": false,
  "moves": [
    "Kxf6",
    "Bc7",
    "Ne6",
    "Bb8",
    "Nf4",
    "Bc7",
    "Ne6",
    "Bb8",
    "Nf4"
  ],
  "statePieceCount": 9,
  "endPieceCount": 8,
  "boardState": [
    {
      "square": "b8",
      "type": "b",
      "color": "w"
    },
    {
      "square": "g7",
      "type": "k",
      "color": "b"
    },
    {
      "square": "f6",
      "type": "p",
      "color": "w"
    },
    {
      "square": "g6",
      "type": "p",
      "color": "b"
    },
    {
      "square": "e5",
      "type": "p",
      "color": "b"
    },
    {
      "square": "e4",
      "type": "p",
      "color": "w"
    },
    {
      "square": "f4",
      "type": "n",
      "color": "b"
    },
    {
      "square": "e3",
      "type": "k",
      "color": "w"
    },
    {
      "square": "f3",
      "type": "p",
      "color": "w"
    }
  ]
}