{
  "event": "Clutch International",
  "site": "lichess.org INT",
  "date": "2020.06.13",
  "eventDate": "2020.06.06",
  "dateMillis": 1591977600000,
  "eventDateMillis": 1591372800000,
  "round": "3.5",
  "result": "1-0",
  "white": "Magnus Carlsen",
  "black": "Fabiano Caruana",
  "isDingWin": true,
  "isDraw": false,
  "isDingBlack": false,
  "moves": [
    "f5",
    "Qe5+",
    "Kf7",
    "c5",
    "f4",
    "Qd5+",
    "Kf6",
    "Qd6+",
    "Kg5",
    "Qg6+",
    "Kh4",
    "Qxg4+",
    "Kxg4",
    "c6",
    "f3",
    "c7"
  ],
  "statePieceCount": 9,
  "endPieceCount": 7,
  "boardState": [
    {
      "square": "f7",
      "type": "p",
      "color": "b"
    },
    {
      "square": "g7",
      "type": "k",
      "color": "b"
    },
    {
      "square": "h6",
      "type": "p",
      "color": "b"
    },
    {
      "square": "d5",
      "type": "q",
      "color": "w"
    },
    {
      "square": "h5",
      "type": "p",
      "color": "w"
    },
    {
      "square": "c4",
      "type": "p",
      "color": "w"
    },
    {
      "square": "d4",
      "type": "p",
      "color": "w"
    },
    {
      "square": "g4",
      "type": "q",
      "color": "b"
    },
    {
      "square": "b2",
      "type": "k",
      "color": "w"
    }
  ]
}