{
  "event": "Clutch International",
  "site": "lichess.org INT",
  "date": "2020.06.08",
  "eventDate": "2020.06.06",
  "dateMillis": 1591545600000,
  "eventDateMillis": 1591372800000,
  "round": "1.9",
  "result": "0-1",
  "white": "Jeffery Xiong",
  "black": "Magnus Carlsen",
  "isCarlsenWin": true,
  "isDraw": false,
  "isCarlsenBlack": true,
  "moves": [
    "Kxe4",
    "Kf6",
    "Kf4",
    "c5",
    "c3",
    "g5+",
    "hxg5+",
    "Kg6"
  ],
  "statePieceCount": 9,
  "endPieceCount": 7,
  "boardState": [
    {
      "square": "g7",
      "type": "k",
      "color": "b"
    },
    {
      "square": "c6",
      "type": "p",
      "color": "b"
    },
    {
      "square": "g6",
      "type": "p",
      "color": "b"
    },
    {
      "square": "h5",
      "type": "p",
      "color": "b"
    },
    {
      "square": "c4",
      "type": "p",
      "color": "w"
    },
    {
      "square": "d4",
      "type": "k",
      "color": "w"
    },
    {
      "square": "e4",
      "type": "r",
      "color": "b"
    },
    {
      "square": "h4",
      "type": "p",
      "color": "w"
    },
    {
      "square": "c2",
      "type": "p",
      "color": "w"
    }
  ],
  "nextTurn": "w"
}