{
  "event": "Chessable Masters",
  "site": "chess24.com INT",
  "date": "2020.06.22",
  "eventDate": "2020.06.20",
  "dateMillis": 1592755200000,
  "eventDateMillis": 1592582400000,
  "round": "7.1",
  "result": "1/2-1/2",
  "white": "Magnus Carlsen",
  "black": "Pentala Harikrishna",
  "isCarlsenWin": false,
  "isDraw": true,
  "isCarlsenBlack": false,
  "moves": [
    "Rf5+",
    "Kxg3",
    "Rxf2",
    "Kxf2",
    "c6",
    "e3",
    "c7",
    "e2",
    "c8=Q",
    "e1=Q",
    "Qf5+",
    "Kg2",
    "Qxf6",
    "Qb4+",
    "Kd5",
    "a5",
    "Qd4",
    "Qb3+",
    "Qc4",
    "a4",
    "Kd4",
    "Qb2+",
    "Kd3",
    "a3",
    "Qc2+",
    "Qxc2+",
    "Kxc2",
    "a2",
    "Kb2",
    "a1=Q+",
    "Kxa1"
  ],
  "statePieceCount": 9,
  "endPieceCount": 2,
  "boardState": [
    {
      "square": "a7",
      "type": "p",
      "color": "b"
    },
    {
      "square": "d6",
      "type": "k",
      "color": "w"
    },
    {
      "square": "f6",
      "type": "p",
      "color": "b"
    },
    {
      "square": "c5",
      "type": "p",
      "color": "w"
    },
    {
      "square": "d5",
      "type": "r",
      "color": "w"
    },
    {
      "square": "e4",
      "type": "p",
      "color": "b"
    },
    {
      "square": "f3",
      "type": "k",
      "color": "b"
    },
    {
      "square": "g3",
      "type": "p",
      "color": "w"
    },
    {
      "square": "f2",
      "type": "r",
      "color": "b"
    }
  ],
  "nextTurn": "w"
}