{
  "event": "Legends of Chess",
  "site": "chess24.com INT",
  "date": "2020.07.26",
  "eventDate": "2020.07.21",
  "dateMillis": 1595692800000,
  "eventDateMillis": 1595260800000,
  "round": "6.3",
  "result": "1/2-1/2",
  "white": "Ding Liren",
  "black": "Magnus Carlsen",
  "isCarlsenWin": false,
  "isDraw": true,
  "isCarlsenBlack": true,
  "moves": [
    "Kg3",
    "Kxh5",
    "f4",
    "Kg6",
    "Kg4",
    "gxf4",
    "Kxf4",
    "Kf6",
    "e5+",
    "Kg6",
    "Kg4",
    "Kh6",
    "Kh4",
    "Kg6",
    "Kg4",
    "Kh6",
    "Kh4",
    "Kg6",
    "Kg4"
  ],
  "statePieceCount": 9,
  "endPieceCount": 6,
  "boardState": [
    {
      "square": "e6",
      "type": "p",
      "color": "b"
    },
    {
      "square": "h6",
      "type": "k",
      "color": "b"
    },
    {
      "square": "a5",
      "type": "p",
      "color": "b"
    },
    {
      "square": "g5",
      "type": "p",
      "color": "b"
    },
    {
      "square": "h5",
      "type": "p",
      "color": "w"
    },
    {
      "square": "a4",
      "type": "p",
      "color": "w"
    },
    {
      "square": "e4",
      "type": "p",
      "color": "w"
    },
    {
      "square": "f2",
      "type": "p",
      "color": "w"
    },
    {
      "square": "g2",
      "type": "k",
      "color": "w"
    }
  ],
  "nextTurn": "w"
}