{
  "event": "Legends of Chess",
  "site": "chess24.com INT",
  "date": "2020.07.25",
  "eventDate": "2020.07.21",
  "dateMillis": 1595606400000,
  "eventDateMillis": 1595260800000,
  "round": "5.2",
  "result": "1/2-1/2",
  "white": "Vassily Ivanchuk",
  "black": "Magnus Carlsen",
  "isDingWin": false,
  "isDraw": true,
  "isDingBlack": true,
  "moves": [
    "Kxd5",
    "b6",
    "Ke4",
    "Nb4",
    "Kd4",
    "Nc6+",
    "Kc3",
    "Nb4",
    "Kd4",
    "Nc6+",
    "Kc3",
    "Nb4",
    "Kd4"
  ],
  "statePieceCount": 9,
  "endPieceCount": 8,
  "boardState": [
    {
      "square": "b7",
      "type": "p",
      "color": "b"
    },
    {
      "square": "c7",
      "type": "k",
      "color": "b"
    },
    {
      "square": "c6",
      "type": "n",
      "color": "b"
    },
    {
      "square": "a5",
      "type": "p",
      "color": "b"
    },
    {
      "square": "d5",
      "type": "p",
      "color": "b"
    },
    {
      "square": "a4",
      "type": "p",
      "color": "w"
    },
    {
      "square": "c4",
      "type": "n",
      "color": "w"
    },
    {
      "square": "e4",
      "type": "k",
      "color": "w"
    },
    {
      "square": "b3",
      "type": "p",
      "color": "w"
    }
  ]
}