{
  "event": "Legends of Chess",
  "site": "chess24.com INT",
  "date": "2020.08.03",
  "eventDate": "2020.07.31",
  "dateMillis": 1596384000000,
  "eventDateMillis": 1596124800000,
  "round": "2.11",
  "result": "0-1",
  "white": "Ian Nepomniachtchi",
  "black": "Magnus Carlsen",
  "isDingWin": true,
  "isDraw": false,
  "isDingBlack": true,
  "moves": [
    "Kd3",
    "Qd6+",
    "Ke2",
    "Qxa3",
    "Kf2",
    "Qb2+",
    "Kg3",
    "Qf6",
    "Qh3",
    "Qc3+"
  ],
  "statePieceCount": 9,
  "endPieceCount": 8,
  "boardState": [
    {
      "square": "g7",
      "type": "k",
      "color": "b"
    },
    {
      "square": "a6",
      "type": "p",
      "color": "b"
    },
    {
      "square": "c6",
      "type": "q",
      "color": "b"
    },
    {
      "square": "g6",
      "type": "p",
      "color": "b"
    },
    {
      "square": "e4",
      "type": "p",
      "color": "w"
    },
    {
      "square": "h4",
      "type": "q",
      "color": "w"
    },
    {
      "square": "a3",
      "type": "p",
      "color": "w"
    },
    {
      "square": "c3",
      "type": "k",
      "color": "w"
    },
    {
      "square": "h2",
      "type": "p",
      "color": "b"
    }
  ]
}