{
  "event": "Tata Steel",
  "site": "Wijk aan Zee NED",
  "date": "2021.01.21",
  "eventDate": "2021.01.15",
  "dateMillis": 1611158400000,
  "eventDateMillis": 1610640000000,
  "round": "5",
  "result": "1/2-1/2",
  "white": "Magnus Carlsen",
  "black": "Alexander Donchenko",
  "isDingWin": false,
  "isDraw": true,
  "isDingBlack": false,
  "moves": [
    "Kxc8",
    "Ra1",
    "h3",
    "Rh1",
    "h2",
    "Kf5",
    "g5",
    "Kg4",
    "Kd7",
    "Kh3",
    "Ke6",
    "Kg2",
    "Kf5",
    "Kh3",
    "e4",
    "fxe4+",
    "Kxe4",
    "Kg4",
    "Ke3",
    "Rxh2",
    "Bxh2",
    "Kxg5"
  ],
  "statePieceCount": 9,
  "endPieceCount": 3,
  "boardState": [
    {
      "square": "c8",
      "type": "q",
      "color": "w"
    },
    {
      "square": "d8",
      "type": "k",
      "color": "b"
    },
    {
      "square": "g7",
      "type": "p",
      "color": "b"
    },
    {
      "square": "e6",
      "type": "k",
      "color": "w"
    },
    {
      "square": "e5",
      "type": "p",
      "color": "b"
    },
    {
      "square": "f4",
      "type": "b",
      "color": "b"
    },
    {
      "square": "h4",
      "type": "p",
      "color": "b"
    },
    {
      "square": "a3",
      "type": "r",
      "color": "w"
    },
    {
      "square": "f3",
      "type": "p",
      "color": "w"
    }
  ]
}