{
  "event": "Opera Euro Rapid",
  "site": "chess24.com INT",
  "date": "2021.02.12",
  "eventDate": "2021.02.09",
  "dateMillis": 1613059200000,
  "eventDateMillis": 1612800000000,
  "round": "2.32",
  "result": "1-0",
  "white": "Maxime Vachier-Lagrave",
  "black": "Magnus Carlsen",
  "isCarlsenWin": false,
  "isDraw": false,
  "isCarlsenBlack": true,
  "moves": [
    "Bd5",
    "Kf7",
    "Kf2",
    "Kf6",
    "Bxe6",
    "Kxe6",
    "Ke3",
    "Ke5",
    "g4",
    "Kd5",
    "Kf4",
    "Ke6",
    "Ke4",
    "Kf6",
    "Kd5",
    "Kf7",
    "Kd6",
    "Kf6",
    "f4",
    "Kf7",
    "Ke5",
    "Ke7",
    "f5",
    "Kf7",
    "f6"
  ],
  "statePieceCount": 9,
  "endPieceCount": 7,
  "boardState": [
    {
      "square": "g8",
      "type": "k",
      "color": "b"
    },
    {
      "square": "g7",
      "type": "p",
      "color": "b"
    },
    {
      "square": "e6",
      "type": "r",
      "color": "b"
    },
    {
      "square": "h6",
      "type": "p",
      "color": "b"
    },
    {
      "square": "h5",
      "type": "p",
      "color": "w"
    },
    {
      "square": "e4",
      "type": "b",
      "color": "w"
    },
    {
      "square": "f3",
      "type": "p",
      "color": "w"
    },
    {
      "square": "g2",
      "type": "p",
      "color": "w"
    },
    {
      "square": "g1",
      "type": "k",
      "color": "w"
    }
  ],
  "nextTurn": "w"
}