{
  "event": "Opera Euro Rapid",
  "site": "chess24.com INT",
  "date": "2021.02.13",
  "eventDate": "2021.02.09",
  "dateMillis": 1613145600000,
  "eventDateMillis": 1612800000000,
  "round": "3.11",
  "result": "1/2-1/2",
  "white": "Magnus Carlsen",
  "black": "Wesley So",
  "isCarlsenWin": false,
  "isDraw": true,
  "isCarlsenBlack": false,
  "moves": [
    "Rc4",
    "Nd1",
    "Bc2",
    "Ne3",
    "Rf4+",
    "Ke2",
    "Bxa4",
    "Rxe5",
    "h4",
    "Rf5+",
    "Rxf5",
    "Nxf5",
    "Bd7",
    "Nxh4",
    "Bg4+",
    "Nf3",
    "Bxf3+"
  ],
  "statePieceCount": 9,
  "endPieceCount": 3,
  "boardState": [
    {
      "square": "f8",
      "type": "k",
      "color": "b"
    },
    {
      "square": "a5",
      "type": "r",
      "color": "w"
    },
    {
      "square": "e5",
      "type": "p",
      "color": "b"
    },
    {
      "square": "h5",
      "type": "p",
      "color": "b"
    },
    {
      "square": "a4",
      "type": "p",
      "color": "w"
    },
    {
      "square": "h4",
      "type": "r",
      "color": "b"
    },
    {
      "square": "c3",
      "type": "n",
      "color": "w"
    },
    {
      "square": "d3",
      "type": "b",
      "color": "b"
    },
    {
      "square": "f3",
      "type": "k",
      "color": "w"
    }
  ],
  "nextTurn": "b"
}