{
  "event": "New In Chess Classic",
  "site": "chess24.com INT",
  "date": "2021.04.25",
  "eventDate": "2021.04.24",
  "dateMillis": 1619280000000,
  "eventDateMillis": 1619193600000,
  "round": "8.8",
  "result": "1/2-1/2",
  "white": "Johan-Sebastian Christiansen",
  "black": "Magnus Carlsen",
  "isCarlsenWin": false,
  "isDraw": true,
  "isCarlsenBlack": true,
  "moves": [
    "Rxe5",
    "Kg3",
    "Rxg5",
    "Kf4",
    "Rb5",
    "Ra4",
    "Kf6",
    "Ra8",
    "e5+",
    "Kf3",
    "Rb3+",
    "Ke4",
    "Rb4+",
    "Kf3",
    "Kg7",
    "Re8",
    "f6",
    "Ra8",
    "Rb3+",
    "Kg2",
    "Kf7",
    "Kf2",
    "Kg7",
    "Kg2",
    "Rc3",
    "Kf2",
    "Rh3",
    "Kg2",
    "Rh8",
    "Ra7+",
    "Kg6",
    "Kg3",
    "Rb8",
    "Kh4",
    "Rg8",
    "Kg3",
    "Rh8",
    "Rb7",
    "Ra8",
    "Re7",
    "Ra3+",
    "Kh4",
    "Ra1",
    "Kg3",
    "Ra4",
    "Kh4",
    "Ra8",
    "Kg3",
    "Rg8",
    "Rb7",
    "Rg7",
    "Rb8",
    "Rd7",
    "Ra8",
    "Kf7",
    "Ra6",
    "Ke7",
    "g5",
    "fxg5",
    "Rg6",
    "Rd3+",
    "Kf2",
    "Kf7",
    "Rxg5",
    "Ke6",
    "Ke2",
    "Ra3",
    "Rh5",
    "Kd5",
    "Rh4",
    "Ra2+",
    "Ke3",
    "Ra3+",
    "Ke2",
    "Ra2+",
    "Ke3",
    "Ra3+",
    "Ke2"
  ],
  "statePieceCount": 9,
  "endPieceCount": 5,
  "boardState": [
    {
      "square": "f7",
      "type": "p",
      "color": "b"
    },
    {
      "square": "g7",
      "type": "k",
      "color": "b"
    },
    {
      "square": "e6",
      "type": "p",
      "color": "b"
    },
    {
      "square": "e5",
      "type": "p",
      "color": "w"
    },
    {
      "square": "g5",
      "type": "p",
      "color": "w"
    },
    {
      "square": "g4",
      "type": "p",
      "color": "w"
    },
    {
      "square": "a2",
      "type": "r",
      "color": "w"
    },
    {
      "square": "h2",
      "type": "k",
      "color": "w"
    },
    {
      "square": "e1",
      "type": "r",
      "color": "b"
    }
  ],
  "nextTurn": "b"
}