{
  "event": "New In Chess Classic",
  "site": "chess24.com INT",
  "date": "2021.04.24",
  "eventDate": "2021.04.24",
  "dateMillis": 1619193600000,
  "eventDateMillis": 1619193600000,
  "round": "1.5",
  "result": "1/2-1/2",
  "white": "Magnus Carlsen",
  "black": "Sergey Karjakin",
  "isCarlsenWin": false,
  "isDraw": true,
  "isCarlsenBlack": false,
  "moves": [
    "Rxf3",
    "Bd4",
    "Rd3",
    "Bf6",
    "Rf3",
    "Bd4",
    "Rd3",
    "Bc5+",
    "Kg8",
    "Rb7",
    "Rb3",
    "h4",
    "Ne5",
    "h5",
    "Rd3",
    "Kg2",
    "Rd5",
    "Be3",
    "Nc4",
    "Bf4",
    "Rxh5",
    "Kf3",
    "Kf8",
    "Ke4",
    "Ke8",
    "Rg7",
    "Kf8",
    "Rg5",
    "Rxg5",
    "Bxg5",
    "b4",
    "Kd4",
    "b3",
    "Bc1",
    "b2",
    "Bxb2",
    "Nxb2"
  ],
  "statePieceCount": 9,
  "endPieceCount": 3,
  "boardState": [
    {
      "square": "f8",
      "type": "k",
      "color": "b"
    },
    {
      "square": "c7",
      "type": "r",
      "color": "w"
    },
    {
      "square": "b5",
      "type": "p",
      "color": "b"
    },
    {
      "square": "f5",
      "type": "r",
      "color": "b"
    },
    {
      "square": "c4",
      "type": "n",
      "color": "b"
    },
    {
      "square": "c3",
      "type": "b",
      "color": "w"
    },
    {
      "square": "f3",
      "type": "p",
      "color": "w"
    },
    {
      "square": "h3",
      "type": "p",
      "color": "w"
    },
    {
      "square": "h2",
      "type": "k",
      "color": "w"
    }
  ],
  "nextTurn": "b"
}