{
  "event": "Goldmoney Asian Rapid",
  "site": "chess24.com INT",
  "date": "2021.06.30",
  "eventDate": "2021.06.26",
  "dateMillis": 1624982400000,
  "eventDateMillis": 1624636800000,
  "round": "1.32",
  "result": "1/2-1/2",
  "white": "Wesley So",
  "black": "Magnus Carlsen",
  "isDingWin": false,
  "isDraw": true,
  "isDingBlack": true,
  "moves": [
    "gxh5",
    "Ke5",
    "Kc3",
    "Nf5",
    "Ne2",
    "c5",
    "Nc1",
    "Kf6",
    "Nd3",
    "Kg5",
    "Nxc5",
    "Kxh5",
    "Nxa6",
    "b4+",
    "Nxb4",
    "Nd4",
    "Nc6",
    "Nxc6"
  ],
  "statePieceCount": 9,
  "endPieceCount": 3,
  "boardState": [
    {
      "square": "a6",
      "type": "p",
      "color": "b"
    },
    {
      "square": "c6",
      "type": "p",
      "color": "b"
    },
    {
      "square": "b5",
      "type": "p",
      "color": "b"
    },
    {
      "square": "d5",
      "type": "k",
      "color": "b"
    },
    {
      "square": "h5",
      "type": "r",
      "color": "b"
    },
    {
      "square": "d4",
      "type": "n",
      "color": "b"
    },
    {
      "square": "g4",
      "type": "p",
      "color": "w"
    },
    {
      "square": "g3",
      "type": "n",
      "color": "w"
    },
    {
      "square": "b2",
      "type": "k",
      "color": "w"
    }
  ]
}