{
  "event": "Goldmoney Asian Rapid",
  "site": "chess24.com INT",
  "date": "2021.06.29",
  "eventDate": "2021.06.26",
  "dateMillis": 1624896000000,
  "eventDateMillis": 1624636800000,
  "round": "1.14",
  "result": "1/2-1/2",
  "white": "Wesley So",
  "black": "Magnus Carlsen",
  "isDingWin": false,
  "isDraw": true,
  "isDingBlack": true,
  "moves": [
    "Kxf2",
    "Bf6",
    "Ke3",
    "Kg5",
    "Nb4",
    "Bxd4+",
    "Kxd4",
    "c5+",
    "Kxc5",
    "d4",
    "Nd3",
    "Kxg4",
    "Nf4",
    "Kxf4",
    "Kxd4"
  ],
  "statePieceCount": 9,
  "endPieceCount": 2,
  "boardState": [
    {
      "square": "e7",
      "type": "b",
      "color": "b"
    },
    {
      "square": "c6",
      "type": "p",
      "color": "b"
    },
    {
      "square": "g6",
      "type": "k",
      "color": "b"
    },
    {
      "square": "d5",
      "type": "p",
      "color": "b"
    },
    {
      "square": "d4",
      "type": "p",
      "color": "w"
    },
    {
      "square": "g4",
      "type": "p",
      "color": "w"
    },
    {
      "square": "d3",
      "type": "n",
      "color": "w"
    },
    {
      "square": "e2",
      "type": "k",
      "color": "w"
    },
    {
      "square": "f2",
      "type": "n",
      "color": "b"
    }
  ]
}