{
  "event": "Goldmoney Asian Rapid",
  "site": "chess24.com INT",
  "date": "2021.07.02",
  "eventDate": "2021.06.26",
  "dateMillis": 1625155200000,
  "eventDateMillis": 1624636800000,
  "round": "2.21",
  "result": "0-1",
  "white": "Magnus Carlsen",
  "black": "Levon Aronian",
  "isDingWin": false,
  "isDraw": false,
  "isDingBlack": false,
  "moves": [
    "Ba7+",
    "Kf4",
    "Bf2",
    "Rd7+",
    "Kh6",
    "Re7",
    "Ra4+",
    "Re4",
    "Ra5",
    "Re6",
    "Ra4+",
    "Re4",
    "Bg3+",
    "Ke3",
    "Ra3+",
    "Ke2",
    "Ra2+",
    "Ke3",
    "Kg7",
    "Rb4",
    "Ra3+",
    "Ke4",
    "Ra7",
    "Ke3",
    "Ra3+",
    "Ke4",
    "Ra6",
    "Ke3",
    "Re6+",
    "Re4",
    "Rxe4+",
    "Kxe4",
    "Kf6",
    "Ke3",
    "Kf5",
    "Kd2",
    "Kg4",
    "Ke2",
    "Kh3",
    "Ng5+",
    "Kxh4",
    "Ne6",
    "Bd6",
    "Kf3",
    "Kh3",
    "Ng5+",
    "Kh2",
    "Ne6",
    "Be5",
    "Ke4",
    "Bb8",
    "Kf3",
    "Bd6",
    "Kf2",
    "h4",
    "Ng5",
    "Bc5+",
    "Kf3",
    "Be7",
    "Ne4",
    "h3",
    "Nf2",
    "Bh4"
  ],
  "statePieceCount": 9,
  "endPieceCount": 6,
  "boardState": [
    {
      "square": "b8",
      "type": "b",
      "color": "b"
    },
    {
      "square": "g7",
      "type": "k",
      "color": "b"
    },
    {
      "square": "g6",
      "type": "p",
      "color": "b"
    },
    {
      "square": "d5",
      "type": "r",
      "color": "w"
    },
    {
      "square": "h5",
      "type": "p",
      "color": "b"
    },
    {
      "square": "h4",
      "type": "p",
      "color": "w"
    },
    {
      "square": "e3",
      "type": "k",
      "color": "w"
    },
    {
      "square": "f3",
      "type": "n",
      "color": "w"
    },
    {
      "square": "a2",
      "type": "r",
      "color": "b"
    }
  ]
}