{
  "event": "Goldmoney Asian Rapid",
  "site": "chess24.com INT",
  "date": "2021.07.01",
  "eventDate": "2021.06.26",
  "dateMillis": 1625068800000,
  "eventDateMillis": 1624636800000,
  "round": "2.14",
  "result": "1-0",
  "white": "Magnus Carlsen",
  "black": "Levon Aronian",
  "isCarlsenWin": true,
  "isDraw": false,
  "isCarlsenBlack": false,
  "moves": [
    "Ra8",
    "Kxe3",
    "Kf5",
    "Kd3",
    "Ke5",
    "Rb4",
    "Kd5",
    "c4+",
    "Kc6",
    "Kc3",
    "Ra5",
    "Rb5",
    "Ra7",
    "Kb4",
    "Ra8",
    "Ra5",
    "Rb8+",
    "Kc3"
  ],
  "statePieceCount": 9,
  "endPieceCount": 8,
  "boardState": [
    {
      "square": "e8",
      "type": "r",
      "color": "b"
    },
    {
      "square": "g6",
      "type": "k",
      "color": "b"
    },
    {
      "square": "a4",
      "type": "p",
      "color": "b"
    },
    {
      "square": "c4",
      "type": "r",
      "color": "w"
    },
    {
      "square": "a3",
      "type": "p",
      "color": "w"
    },
    {
      "square": "c3",
      "type": "p",
      "color": "w"
    },
    {
      "square": "e3",
      "type": "p",
      "color": "b"
    },
    {
      "square": "b2",
      "type": "p",
      "color": "w"
    },
    {
      "square": "e2",
      "type": "k",
      "color": "w"
    }
  ],
  "nextTurn": "b"
}