{
  "event": "Goldmoney Asian Rapid",
  "site": "chess24.com INT",
  "date": "2021.07.02",
  "eventDate": "2021.06.26",
  "dateMillis": 1625155200000,
  "eventDateMillis": 1624636800000,
  "round": "2.23",
  "result": "1/2-1/2",
  "white": "Magnus Carlsen",
  "black": "Levon Aronian",
  "isDingWin": false,
  "isDraw": true,
  "isDingBlack": false,
  "moves": [
    "Qxg5+",
    "Kh7",
    "Qf5+",
    "Kg7",
    "Qe5+",
    "Kh7",
    "Qf6",
    "Qf8",
    "Kh4",
    "Qg8",
    "Qf5+",
    "Kh8",
    "Qxe4",
    "Qd8+",
    "Kg4",
    "Qb6",
    "Qf4",
    "Kg7",
    "Qe3",
    "Qb4+",
    "Kh3",
    "Qb2",
    "Qg5+",
    "Kh7",
    "Qf4",
    "Kg7",
    "Kh4",
    "Qb6",
    "Qe3",
    "Qb4+",
    "f4",
    "Kh7",
    "Kg5",
    "Qd6",
    "Qe5",
    "Qd8+",
    "Qf6",
    "Qg8+",
    "Kh4",
    "Qf8",
    "Qf5+",
    "Kh6",
    "Qg5+",
    "Kh7",
    "Qf6",
    "Qe8",
    "Qf5+",
    "Kh6",
    "Qe5",
    "Qf8",
    "Qf6+",
    "Kh7",
    "Kg4",
    "Qg8+",
    "Qg5",
    "Qe8",
    "Qf5+",
    "Kh6",
    "Qe5",
    "Qc8+",
    "Kh4",
    "Qf8",
    "Qg5+",
    "Kh7",
    "Kg4",
    "Qd6",
    "Qf5+",
    "Kh6",
    "Kh4",
    "Qf8",
    "Qe5",
    "Kh7",
    "Kg5",
    "Qh6+",
    "Kg4",
    "Qc6",
    "Kf5",
    "Qh6",
    "Qe2",
    "Kg7",
    "Kg4",
    "Qc6",
    "Qb2+",
    "Kh7",
    "Qe5",
    "Qb6",
    "Qe1",
    "Qc6",
    "Qb1+",
    "Kg7",
    "Qb2+",
    "Kh7",
    "Qd4",
    "Qc8+",
    "f5",
    "Qg8+",
    "Kf4",
    "Qb8+",
    "Qe5",
    "Qd8",
    "f6",
    "Qd2+",
    "Kg3",
    "Qd3+",
    "Kh4",
    "Qc4+",
    "Kg5",
    "Qc1+",
    "Qf4",
    "Qg1+",
    "Kf5",
    "Qb1+",
    "Kg4",
    "Qg1+",
    "Kh4",
    "Qh1+",
    "Kg5",
    "Qg2+",
    "Qg4",
    "Qd2+",
    "Qf4",
    "Qg2+",
    "Kf5",
    "Qd5+",
    "Kg4",
    "Qg2+",
    "Qg3",
    "Qe4+",
    "Kg5",
    "Qd5+",
    "Kh4",
    "Qd4+",
    "Kg5",
    "Qd5+",
    "Kh4",
    "Qd4+",
    "Kg5",
    "Qd5+"
  ],
  "statePieceCount": 9,
  "endPieceCount": 7,
  "boardState": [
    {
      "square": "f7",
      "type": "p",
      "color": "b"
    },
    {
      "square": "g7",
      "type": "k",
      "color": "b"
    },
    {
      "square": "g5",
      "type": "p",
      "color": "b"
    },
    {
      "square": "h5",
      "type": "p",
      "color": "w"
    },
    {
      "square": "b4",
      "type": "q",
      "color": "b"
    },
    {
      "square": "e4",
      "type": "p",
      "color": "b"
    },
    {
      "square": "f4",
      "type": "q",
      "color": "w"
    },
    {
      "square": "g3",
      "type": "k",
      "color": "w"
    },
    {
      "square": "f2",
      "type": "p",
      "color": "w"
    }
  ]
}