{
  "event": "Aimchess US Rapid Prelim",
  "site": "chess24.com INT",
  "date": "2021.08.28",
  "eventDate": "2021.08.28",
  "dateMillis": 1630080000000,
  "eventDateMillis": 1630080000000,
  "round": "1",
  "result": "1-0",
  "white": "Magnus Carlsen",
  "black": "W So",
  "isCarlsenWin": true,
  "isDraw": false,
  "isCarlsenBlack": false,
  "moves": [
    "Ke5",
    "f4+",
    "Ke6",
    "Ra2",
    "Ke7",
    "Kf3",
    "Kd6",
    "Ke4",
    "Ke6",
    "Ra1",
    "Kd6",
    "f5",
    "gxf5+",
    "Kxf5",
    "Ke7",
    "Kg6",
    "Ke6",
    "Re1+",
    "Kd7",
    "g4",
    "Kd8",
    "Kf7",
    "Rd6",
    "Re4",
    "Rc6",
    "Rd4+",
    "Kc8",
    "Rf4"
  ],
  "statePieceCount": 9,
  "endPieceCount": 7,
  "boardState": [
    {
      "square": "a6",
      "type": "r",
      "color": "b"
    },
    {
      "square": "f6",
      "type": "p",
      "color": "b"
    },
    {
      "square": "g6",
      "type": "p",
      "color": "b"
    },
    {
      "square": "a5",
      "type": "p",
      "color": "w"
    },
    {
      "square": "d5",
      "type": "k",
      "color": "b"
    },
    {
      "square": "g4",
      "type": "k",
      "color": "w"
    },
    {
      "square": "f3",
      "type": "p",
      "color": "w"
    },
    {
      "square": "g2",
      "type": "p",
      "color": "w"
    },
    {
      "square": "a1",
      "type": "r",
      "color": "w"
    }
  ],
  "nextTurn": "b"
}