{
  "event": "Aimchess US Rapid",
  "site": "chess24.com INT",
  "date": "2021.08.30",
  "eventDate": "2021.08.28",
  "dateMillis": 1630252800000,
  "eventDateMillis": 1630080000000,
  "round": "11.3",
  "result": "1/2-1/2",
  "white": "Magnus Carlsen",
  "black": "Anish Giri",
  "isCarlsenWin": false,
  "isDraw": true,
  "isCarlsenBlack": false,
  "moves": [
    "Bf6",
    "Nb3",
    "Ke6",
    "Nc5+",
    "Kf5",
    "Nd3",
    "Be5",
    "Nf2",
    "Ke6",
    "g4",
    "Bd6",
    "gxh5",
    "gxh5",
    "Nd1",
    "Ke5",
    "Nc3",
    "d4",
    "Nb5",
    "Be7",
    "Nxd4",
    "Kxd4",
    "Kg2",
    "Bxh4",
    "Kh1",
    "Bg5",
    "Kg2",
    "Ke4",
    "Kh1",
    "Kf3",
    "Kg1",
    "Kg3",
    "Kh1",
    "h4",
    "Kg1",
    "h3",
    "Kh1",
    "h2"
  ],
  "statePieceCount": 9,
  "endPieceCount": 4,
  "boardState": [
    {
      "square": "f7",
      "type": "k",
      "color": "b"
    },
    {
      "square": "g6",
      "type": "p",
      "color": "b"
    },
    {
      "square": "d5",
      "type": "p",
      "color": "b"
    },
    {
      "square": "h5",
      "type": "p",
      "color": "b"
    },
    {
      "square": "d4",
      "type": "b",
      "color": "b"
    },
    {
      "square": "h4",
      "type": "p",
      "color": "w"
    },
    {
      "square": "f3",
      "type": "k",
      "color": "w"
    },
    {
      "square": "g3",
      "type": "p",
      "color": "w"
    },
    {
      "square": "d2",
      "type": "n",
      "color": "w"
    }
  ],
  "nextTurn": "b"
}