{
  "event": "Aimchess US Rapid",
  "site": "chess24.com INT",
  "date": "2021.08.30",
  "eventDate": "2021.08.28",
  "dateMillis": 1630252800000,
  "eventDateMillis": 1630080000000,
  "round": "14.8",
  "result": "1/2-1/2",
  "white": "Van Foreest, Jorden",
  "black": "Magnus Carlsen",
  "isCarlsenWin": false,
  "isDraw": true,
  "isCarlsenBlack": true,
  "moves": [
    "Bxc6",
    "Kc4",
    "Kg2",
    "Kxb4",
    "Kh3",
    "Kc5",
    "Bxb5",
    "Kxb5",
    "Kh4",
    "Bxf3",
    "Kg5",
    "Bg4",
    "Kxf4"
  ],
  "statePieceCount": 9,
  "endPieceCount": 3,
  "boardState": [
    {
      "square": "c6",
      "type": "p",
      "color": "b"
    },
    {
      "square": "b5",
      "type": "p",
      "color": "b"
    },
    {
      "square": "h5",
      "type": "b",
      "color": "b"
    },
    {
      "square": "b4",
      "type": "p",
      "color": "w"
    },
    {
      "square": "d4",
      "type": "k",
      "color": "b"
    },
    {
      "square": "e4",
      "type": "b",
      "color": "w"
    },
    {
      "square": "f4",
      "type": "p",
      "color": "b"
    },
    {
      "square": "f3",
      "type": "p",
      "color": "w"
    },
    {
      "square": "f2",
      "type": "k",
      "color": "w"
    }
  ],
  "nextTurn": "w"
}