{
  "event": "Aimchess US Rapid",
  "site": "chess24.com INT",
  "date": "2021.08.30",
  "eventDate": "2021.08.28",
  "dateMillis": 1630252800000,
  "eventDateMillis": 1630080000000,
  "round": "13.2",
  "result": "1/2-1/2",
  "white": "Magnus Carlsen",
  "black": "Levon Aronian",
  "isDingWin": false,
  "isDraw": true,
  "isDingBlack": false,
  "moves": [
    "Rge5",
    "Rxe5",
    "Rxe5",
    "Rb7",
    "Kf6",
    "Nc6",
    "Re6",
    "Nd8",
    "Re7",
    "Rxe7",
    "Kxe7",
    "Nb7",
    "Kf8",
    "Kf4",
    "Kg7",
    "Ke5",
    "Kh6",
    "Kf6",
    "g5",
    "Nd6",
    "g4",
    "Nf5+",
    "Kh5",
    "Ng3+",
    "Kh4",
    "Ne4",
    "g3",
    "Nxg3",
    "Kxg3",
    "Kxf7"
  ],
  "statePieceCount": 9,
  "endPieceCount": 2,
  "boardState": [
    {
      "square": "f7",
      "type": "p",
      "color": "b"
    },
    {
      "square": "g7",
      "type": "k",
      "color": "b"
    },
    {
      "square": "b6",
      "type": "r",
      "color": "w"
    },
    {
      "square": "g6",
      "type": "p",
      "color": "b"
    },
    {
      "square": "c5",
      "type": "r",
      "color": "b"
    },
    {
      "square": "g5",
      "type": "r",
      "color": "b"
    },
    {
      "square": "d4",
      "type": "n",
      "color": "w"
    },
    {
      "square": "f3",
      "type": "k",
      "color": "w"
    },
    {
      "square": "e1",
      "type": "r",
      "color": "w"
    }
  ]
}