{
  "event": "Aimchess US Rapid",
  "site": "chess24.com INT",
  "date": "2021.08.29",
  "eventDate": "2021.08.28",
  "dateMillis": 1630166400000,
  "eventDateMillis": 1630080000000,
  "round": "8.5",
  "result": "1/2-1/2",
  "white": "Dominguez Perez, Leinier",
  "black": "Magnus Carlsen",
  "isCarlsenWin": false,
  "isDraw": true,
  "isCarlsenBlack": true,
  "moves": [
    "Qf4+",
    "Kg6",
    "Qd4",
    "Kg5",
    "a4",
    "Qe4",
    "Qxe4",
    "fxe4",
    "Kc3",
    "Kg4",
    "Kd2",
    "Kf3",
    "Ke1",
    "Kxg3",
    "b4",
    "Kf4",
    "a5",
    "Ke5",
    "b5",
    "Kd5",
    "a6",
    "bxa6",
    "bxa6",
    "Kc6",
    "Ke2",
    "Kb6",
    "Ke3",
    "Kxa6",
    "Kxe4"
  ],
  "statePieceCount": 9,
  "endPieceCount": 2,
  "boardState": [
    {
      "square": "b7",
      "type": "p",
      "color": "b"
    },
    {
      "square": "e5",
      "type": "q",
      "color": "w"
    },
    {
      "square": "f5",
      "type": "p",
      "color": "b"
    },
    {
      "square": "g5",
      "type": "k",
      "color": "b"
    },
    {
      "square": "b4",
      "type": "k",
      "color": "w"
    },
    {
      "square": "g3",
      "type": "p",
      "color": "w"
    },
    {
      "square": "a2",
      "type": "p",
      "color": "w"
    },
    {
      "square": "b2",
      "type": "p",
      "color": "w"
    },
    {
      "square": "c2",
      "type": "q",
      "color": "b"
    }
  ],
  "nextTurn": "w"
}