{
  "event": "Aimchess US Rapid",
  "site": "chess24.com INT",
  "date": "2021.09.05",
  "eventDate": "2021.08.28",
  "dateMillis": 1630771200000,
  "eventDateMillis": 1630080000000,
  "round": "3.23",
  "result": "1-0",
  "white": "Magnus Carlsen",
  "black": "Vladislav Artemiev",
  "isCarlsenWin": true,
  "isDraw": false,
  "isCarlsenBlack": false,
  "moves": [
    "f3",
    "b6",
    "Ne3",
    "b7",
    "Nc2+",
    "Kxa2",
    "Nb4+",
    "Ka3",
    "Na6",
    "Bb5",
    "Nb8",
    "Bd3",
    "Nd7",
    "Kb4",
    "f2",
    "Kb5",
    "Kf7",
    "b4",
    "Ke6",
    "Ka6",
    "Kd6",
    "Ka7",
    "Kc7",
    "g6"
  ],
  "statePieceCount": 9,
  "endPieceCount": 8,
  "boardState": [
    {
      "square": "e8",
      "type": "b",
      "color": "w"
    },
    {
      "square": "g7",
      "type": "k",
      "color": "b"
    },
    {
      "square": "b5",
      "type": "p",
      "color": "w"
    },
    {
      "square": "g5",
      "type": "p",
      "color": "w"
    },
    {
      "square": "f4",
      "type": "p",
      "color": "b"
    },
    {
      "square": "g4",
      "type": "n",
      "color": "b"
    },
    {
      "square": "b3",
      "type": "p",
      "color": "w"
    },
    {
      "square": "a2",
      "type": "p",
      "color": "b"
    },
    {
      "square": "a1",
      "type": "k",
      "color": "w"
    }
  ],
  "nextTurn": "b"
}