{
  "event": "Norway Chess",
  "site": "Stavanger NOR",
  "date": "2021.09.15",
  "eventDate": "2021.09.07",
  "dateMillis": 1631635200000,
  "eventDateMillis": 1630944000000,
  "round": "8",
  "result": "1-0",
  "white": "Magnus Carlsen",
  "black": "Richard Rapport",
  "isDingWin": true,
  "isDraw": false,
  "isDingBlack": false,
  "moves": [
    "fxe4",
    "Kd6",
    "Kg6",
    "Bc7",
    "Kf5",
    "Kc6",
    "Ke6",
    "Kb6",
    "Kd7",
    "Bb8",
    "c5+"
  ],
  "statePieceCount": 9,
  "endPieceCount": 8,
  "boardState": [
    {
      "square": "e6",
      "type": "k",
      "color": "b"
    },
    {
      "square": "a5",
      "type": "b",
      "color": "b"
    },
    {
      "square": "e5",
      "type": "p",
      "color": "b"
    },
    {
      "square": "h5",
      "type": "k",
      "color": "w"
    },
    {
      "square": "a4",
      "type": "p",
      "color": "w"
    },
    {
      "square": "c4",
      "type": "p",
      "color": "w"
    },
    {
      "square": "e4",
      "type": "p",
      "color": "b"
    },
    {
      "square": "d3",
      "type": "n",
      "color": "w"
    },
    {
      "square": "f3",
      "type": "p",
      "color": "w"
    }
  ]
}