{
  "event": "Carlsen - Nepomniachtchi World Championship Match",
  "site": "Dubai UAE",
  "date": "2021.11.27",
  "eventDate": "2021.12.26",
  "dateMillis": 1637942400000,
  "eventDateMillis": 1640448000000,
  "round": "2",
  "result": "1/2-1/2",
  "white": "Magnus Carlsen",
  "black": "Ian Nepomniachtchi",
  "isDingWin": false,
  "isDraw": true,
  "isDingBlack": false,
  "moves": [
    "Ra7+",
    "Kg8",
    "Kg4",
    "Rb5",
    "Re7",
    "Ra5",
    "Re5",
    "Ra7",
    "h4",
    "Kg7",
    "h5",
    "Kh6",
    "Kh4",
    "Ra1",
    "g4",
    "Rh1+",
    "Kg3",
    "gxh5",
    "Re6+",
    "Kg7",
    "g5",
    "Rg1+",
    "Kf2",
    "Ra1",
    "Rh6",
    "Ra4",
    "Kf3",
    "Ra3+",
    "Kf2",
    "Ra4"
  ],
  "statePieceCount": 9,
  "endPieceCount": 8,
  "boardState": [
    {
      "square": "g7",
      "type": "k",
      "color": "b"
    },
    {
      "square": "h7",
      "type": "p",
      "color": "b"
    },
    {
      "square": "a6",
      "type": "r",
      "color": "w"
    },
    {
      "square": "g6",
      "type": "p",
      "color": "b"
    },
    {
      "square": "f5",
      "type": "r",
      "color": "b"
    },
    {
      "square": "f4",
      "type": "p",
      "color": "w"
    },
    {
      "square": "g3",
      "type": "p",
      "color": "w"
    },
    {
      "square": "h3",
      "type": "k",
      "color": "w"
    },
    {
      "square": "h2",
      "type": "p",
      "color": "w"
    }
  ]
}