{
  "event": "World Blitz 2021",
  "site": "Warsaw POL",
  "date": "2021.12.29",
  "eventDate": "2021.12.29",
  "dateMillis": 1640707200000,
  "eventDateMillis": 1640707200000,
  "round": "12.1",
  "result": "1/2-1/2",
  "white": "Magnus Carlsen",
  "black": "Arjun Erigaisi",
  "isDingWin": false,
  "isDraw": true,
  "isDingBlack": false,
  "moves": [
    "Rh2",
    "Kg5",
    "Rg2+",
    "Kf5",
    "Rh2",
    "Kg5",
    "Rh3",
    "Ra8",
    "Re3",
    "Rd8",
    "Re7",
    "h5",
    "Rg7+",
    "Kf4",
    "Rb7",
    "h4",
    "Rxb5",
    "h3",
    "Rb7",
    "h2",
    "Rh7",
    "Kg3",
    "Rg7+",
    "Kf2",
    "Rh7",
    "Kg2"
  ],
  "statePieceCount": 9,
  "endPieceCount": 8,
  "boardState": [
    {
      "square": "h6",
      "type": "p",
      "color": "b"
    },
    {
      "square": "b5",
      "type": "p",
      "color": "b"
    },
    {
      "square": "d5",
      "type": "p",
      "color": "b"
    },
    {
      "square": "f5",
      "type": "k",
      "color": "b"
    },
    {
      "square": "b4",
      "type": "p",
      "color": "w"
    },
    {
      "square": "d4",
      "type": "k",
      "color": "w"
    },
    {
      "square": "a3",
      "type": "r",
      "color": "b"
    },
    {
      "square": "c3",
      "type": "p",
      "color": "w"
    },
    {
      "square": "b2",
      "type": "r",
      "color": "w"
    }
  ]
}