{
  "event": "84th Tata Steel Masters",
  "site": "Wijk aan Zee NED",
  "date": "2022.01.20",
  "eventDate": "2022.01.14",
  "dateMillis": 1642608000000,
  "eventDateMillis": 1642089600000,
  "round": "5",
  "result": "1/2-1/2",
  "white": "Grandelius,N",
  "black": "Magnus Carlsen",
  "isCarlsenWin": false,
  "isDraw": true,
  "isCarlsenBlack": true,
  "moves": [
    "Kd2",
    "Bxh3",
    "Re4"
  ],
  "statePieceCount": 9,
  "endPieceCount": 8,
  "boardState": [
    {
      "square": "g8",
      "type": "k",
      "color": "b"
    },
    {
      "square": "g7",
      "type": "p",
      "color": "b"
    },
    {
      "square": "c5",
      "type": "b",
      "color": "w"
    },
    {
      "square": "e5",
      "type": "r",
      "color": "w"
    },
    {
      "square": "a4",
      "type": "r",
      "color": "b"
    },
    {
      "square": "d3",
      "type": "p",
      "color": "w"
    },
    {
      "square": "h3",
      "type": "p",
      "color": "w"
    },
    {
      "square": "g2",
      "type": "b",
      "color": "b"
    },
    {
      "square": "c1",
      "type": "k",
      "color": "w"
    }
  ],
  "nextTurn": "w"
}