{
  "event": "Oslo Esports Cup",
  "site": "Oslo NOR",
  "date": "2022.04.22",
  "eventDate": "2022.04.22",
  "dateMillis": 1650556800000,
  "eventDateMillis": 1650556800000,
  "round": "1.3",
  "result": "0-1",
  "white": "Jan-Krzysztof Duda",
  "black": "Magnus Carlsen",
  "isDingWin": true,
  "isDraw": false,
  "isDingBlack": true,
  "moves": [
    "Kd6",
    "Kc2",
    "Kxc6",
    "Kxb3",
    "Kd6",
    "Nf6"
  ],
  "statePieceCount": 9,
  "endPieceCount": 7,
  "boardState": [
    {
      "square": "g7",
      "type": "p",
      "color": "b"
    },
    {
      "square": "c6",
      "type": "p",
      "color": "b"
    },
    {
      "square": "c5",
      "type": "p",
      "color": "w"
    },
    {
      "square": "e5",
      "type": "k",
      "color": "w"
    },
    {
      "square": "h5",
      "type": "n",
      "color": "b"
    },
    {
      "square": "b4",
      "type": "p",
      "color": "b"
    },
    {
      "square": "b3",
      "type": "p",
      "color": "w"
    },
    {
      "square": "f3",
      "type": "p",
      "color": "w"
    },
    {
      "square": "d1",
      "type": "k",
      "color": "b"
    }
  ]
}