{
  "event": "Chessable Masters",
  "site": "chess24.com INT",
  "date": "2022.05.20",
  "eventDate": "2022.05.19",
  "dateMillis": 1652976000000,
  "eventDateMillis": 1652889600000,
  "round": "6.1",
  "result": "1-0",
  "white": "Magnus Carlsen",
  "black": "Abhimanyu Mishra",
  "isDingWin": true,
  "isDraw": false,
  "isDingBlack": false,
  "moves": [
    "axb4",
    "Kc6",
    "Ke5",
    "Kd7",
    "Kd5",
    "Kc7",
    "Kc5",
    "Kb7",
    "Kxb5",
    "Kc7",
    "Ka6",
    "Kc8",
    "Ka7"
  ],
  "statePieceCount": 9,
  "endPieceCount": 7,
  "boardState": [
    {
      "square": "g8",
      "type": "b",
      "color": "w"
    },
    {
      "square": "h8",
      "type": "r",
      "color": "b"
    },
    {
      "square": "h7",
      "type": "p",
      "color": "w"
    },
    {
      "square": "d6",
      "type": "k",
      "color": "b"
    },
    {
      "square": "b5",
      "type": "p",
      "color": "b"
    },
    {
      "square": "b4",
      "type": "p",
      "color": "b"
    },
    {
      "square": "d4",
      "type": "k",
      "color": "w"
    },
    {
      "square": "a3",
      "type": "p",
      "color": "w"
    },
    {
      "square": "h3",
      "type": "p",
      "color": "w"
    }
  ]
}