{
  "event": "Chessable Masters",
  "site": "chess24.com INT",
  "date": "2022.05.22",
  "eventDate": "2022.05.19",
  "dateMillis": 1653148800000,
  "eventDateMillis": 1652889600000,
  "round": "15.1",
  "result": "0-1",
  "white": "Eric Hansen",
  "black": "Magnus Carlsen",
  "isDingWin": true,
  "isDraw": false,
  "isDingBlack": true,
  "moves": [
    "h4",
    "Qe3+",
    "Kd1",
    "f3",
    "h5+",
    "Kg7",
    "Qg3",
    "e5",
    "Qg4",
    "Qd3+",
    "Kc1",
    "f2",
    "h6+",
    "Kg6",
    "Qe6+",
    "Kxg5",
    "Qe7+",
    "Kg4",
    "Qe6+",
    "Qf5",
    "Qc4+",
    "Qf4+"
  ],
  "statePieceCount": 9,
  "endPieceCount": 8,
  "boardState": [
    {
      "square": "e6",
      "type": "p",
      "color": "b"
    },
    {
      "square": "g6",
      "type": "k",
      "color": "b"
    },
    {
      "square": "e5",
      "type": "q",
      "color": "b"
    },
    {
      "square": "g5",
      "type": "p",
      "color": "w"
    },
    {
      "square": "f4",
      "type": "p",
      "color": "b"
    },
    {
      "square": "g4",
      "type": "q",
      "color": "w"
    },
    {
      "square": "h3",
      "type": "p",
      "color": "w"
    },
    {
      "square": "b2",
      "type": "p",
      "color": "w"
    },
    {
      "square": "d2",
      "type": "k",
      "color": "w"
    }
  ]
}