{
  "event": "Norway Chess",
  "site": "Stavanger NOR",
  "date": "2022.06.09",
  "eventDate": "2022.05.31",
  "dateMillis": 1654704000000,
  "eventDateMillis": 1653926400000,
  "round": "15",
  "result": "1/2-1/2",
  "white": "Magnus Carlsen",
  "black": "Vachier-Lagrave, Maxime",
  "isCarlsenWin": false,
  "isDraw": true,
  "isCarlsenBlack": false,
  "moves": [
    "Kf6",
    "Bh7",
    "Be5",
    "Bg6",
    "g3",
    "Ra5",
    "Rc4",
    "Ra6+",
    "Kg7",
    "Bxh5",
    "Rxh4",
    "Rg6+",
    "Kh7",
    "Rg5",
    "Rh2+",
    "Kf3",
    "Rf2+",
    "Kg4",
    "Bf4",
    "Rg6",
    "Rf1",
    "Kf5",
    "Bg5+",
    "Ke4",
    "Rf4+",
    "Kd3",
    "Rf5",
    "Ke4",
    "Rf4+",
    "Kd3",
    "Bh4",
    "Re6",
    "g2",
    "Rg6",
    "Rf5",
    "Rxg2",
    "Rxh5",
    "Ke4",
    "Bf6",
    "Kf4",
    "Bg7",
    "Ke4",
    "Kg8",
    "Rg6",
    "Kf7",
    "Ra6",
    "Bf6",
    "Ra8",
    "Rh4+",
    "Kf5",
    "Rh5+",
    "Ke4",
    "Rb5",
    "Kf4",
    "Be5+",
    "Ke4",
    "Bd6",
    "Rh8"
  ],
  "statePieceCount": 9,
  "endPieceCount": 5,
  "boardState": [
    {
      "square": "g6",
      "type": "k",
      "color": "b"
    },
    {
      "square": "d5",
      "type": "r",
      "color": "w"
    },
    {
      "square": "f5",
      "type": "b",
      "color": "w"
    },
    {
      "square": "h5",
      "type": "p",
      "color": "b"
    },
    {
      "square": "f4",
      "type": "b",
      "color": "b"
    },
    {
      "square": "g4",
      "type": "p",
      "color": "b"
    },
    {
      "square": "h4",
      "type": "p",
      "color": "w"
    },
    {
      "square": "c3",
      "type": "r",
      "color": "b"
    },
    {
      "square": "g2",
      "type": "k",
      "color": "w"
    }
  ],
  "nextTurn": "b"
}