{
  "event": "Norway Chess",
  "site": "Stavanger NOR",
  "date": "2022.06.09",
  "eventDate": "2022.05.31",
  "dateMillis": 1654704000000,
  "eventDateMillis": 1653926400000,
  "round": "16",
  "result": "1-0",
  "white": "Magnus Carlsen",
  "black": "Vachier-Lagrave, Maxime",
  "isDingWin": true,
  "isDraw": false,
  "isDingBlack": false,
  "moves": [
    "a2",
    "Ra1",
    "c2",
    "Kc3",
    "h3",
    "Kxc2",
    "Kg5",
    "Kd3"
  ],
  "statePieceCount": 9,
  "endPieceCount": 8,
  "boardState": [
    {
      "square": "f7",
      "type": "p",
      "color": "b"
    },
    {
      "square": "f6",
      "type": "k",
      "color": "b"
    },
    {
      "square": "d5",
      "type": "p",
      "color": "b"
    },
    {
      "square": "b4",
      "type": "k",
      "color": "w"
    },
    {
      "square": "h4",
      "type": "p",
      "color": "b"
    },
    {
      "square": "a3",
      "type": "p",
      "color": "b"
    },
    {
      "square": "c3",
      "type": "p",
      "color": "b"
    },
    {
      "square": "e3",
      "type": "p",
      "color": "w"
    },
    {
      "square": "b1",
      "type": "r",
      "color": "w"
    }
  ]
}