{
  "event": "SuperUnited Croatia",
  "site": "Zagreb CRO",
  "date": "2022.07.24",
  "dateMillis": 1658592000000,
  "eventDateMillis": null,
  "round": "12.4",
  "result": "1/2-1/2",
  "white": "Wesley So",
  "black": "Magnus Carlsen",
  "isDingWin": false,
  "isDraw": true,
  "isDingBlack": true,
  "moves": [
    "Kg6",
    "Rb6+",
    "Rf6",
    "Rb5",
    "Ra6",
    "Rb8",
    "f6",
    "g3",
    "Ra2+",
    "Kg1",
    "Ra6",
    "Rh8",
    "Ra7",
    "Rg8+",
    "Rg7",
    "Rh8",
    "Rh7",
    "Rg8+",
    "Kf5",
    "Ra8",
    "Rb7",
    "Rh8",
    "Kg6",
    "Rg8+",
    "Rg7",
    "Rh8",
    "Rh7",
    "Rg8+",
    "Kf5",
    "Ra8",
    "h4",
    "Ra5+",
    "Kg6",
    "Kg2",
    "hxg3",
    "Kxg3",
    "Rb7",
    "Ra8",
    "Rb3",
    "Rg8+",
    "Kf5",
    "Ra8",
    "Re3",
    "Ra5+",
    "Kg6",
    "Ra8",
    "Re7",
    "Rg8+",
    "Kf5",
    "Ra8",
    "Kg6",
    "Rg8+",
    "Kf5",
    "Ra8"
  ],
  "statePieceCount": 9,
  "endPieceCount": 7,
  "boardState": [
    {
      "square": "f7",
      "type": "p",
      "color": "b"
    },
    {
      "square": "f6",
      "type": "k",
      "color": "b"
    },
    {
      "square": "f5",
      "type": "r",
      "color": "b"
    },
    {
      "square": "g5",
      "type": "p",
      "color": "b"
    },
    {
      "square": "h5",
      "type": "p",
      "color": "b"
    },
    {
      "square": "b4",
      "type": "r",
      "color": "w"
    },
    {
      "square": "f3",
      "type": "p",
      "color": "w"
    },
    {
      "square": "g2",
      "type": "p",
      "color": "w"
    },
    {
      "square": "h2",
      "type": "k",
      "color": "w"
    }
  ]
}