{
  "event": "SuperUnited Croatia",
  "site": "Zagreb CRO",
  "date": "2022.07.24",
  "dateMillis": 1658592000000,
  "eventDateMillis": null,
  "round": "16.3",
  "result": "1/2-1/2",
  "white": "Shakhriyar Mamedyarov",
  "black": "Magnus Carlsen",
  "isDingWin": false,
  "isDraw": true,
  "isDingBlack": true,
  "moves": [
    "Kxf6",
    "Qh4+",
    "Kf7",
    "Qf4+",
    "Ke6",
    "Qe4+",
    "Kd6",
    "b7",
    "Kc7",
    "Qb1",
    "Kb8",
    "Qd1",
    "Qc7",
    "Qe2",
    "Bd6",
    "Qe8+",
    "Kxb7",
    "Qb5+",
    "Ka7",
    "Qa4+",
    "Kb7",
    "Qb5+",
    "Ka7",
    "Qa4+"
  ],
  "statePieceCount": 9,
  "endPieceCount": 7,
  "boardState": [
    {
      "square": "f7",
      "type": "k",
      "color": "b"
    },
    {
      "square": "h7",
      "type": "q",
      "color": "w"
    },
    {
      "square": "b6",
      "type": "p",
      "color": "w"
    },
    {
      "square": "f6",
      "type": "p",
      "color": "w"
    },
    {
      "square": "a5",
      "type": "q",
      "color": "b"
    },
    {
      "square": "c5",
      "type": "b",
      "color": "b"
    },
    {
      "square": "h3",
      "type": "p",
      "color": "w"
    },
    {
      "square": "g2",
      "type": "p",
      "color": "w"
    },
    {
      "square": "h1",
      "type": "k",
      "color": "w"
    }
  ]
}