{
  "event": "FTX Crypto Cup",
  "site": "Miami, FL USA",
  "date": "2022.08.16",
  "eventDate": "2022.08.15",
  "dateMillis": 1660579200000,
  "eventDateMillis": 1660492800000,
  "round": "2.3",
  "result": "1-0",
  "white": "Magnus Carlsen",
  "black": "Hans Moke Niemann",
  "isDingWin": true,
  "isDraw": false,
  "isDingBlack": false,
  "moves": [
    "gxh6"
  ],
  "statePieceCount": 9,
  "endPieceCount": 8,
  "boardState": [
    {
      "square": "a6",
      "type": "p",
      "color": "w"
    },
    {
      "square": "b6",
      "type": "k",
      "color": "b"
    },
    {
      "square": "c6",
      "type": "n",
      "color": "b"
    },
    {
      "square": "g6",
      "type": "b",
      "color": "w"
    },
    {
      "square": "h6",
      "type": "p",
      "color": "b"
    },
    {
      "square": "f5",
      "type": "p",
      "color": "b"
    },
    {
      "square": "g5",
      "type": "p",
      "color": "w"
    },
    {
      "square": "f4",
      "type": "p",
      "color": "w"
    },
    {
      "square": "f3",
      "type": "k",
      "color": "w"
    }
  ]
}