{
  "event": "FTX Crypto Cup",
  "site": "Miami, FL USA",
  "date": "2022.08.21",
  "eventDate": "2022.08.15",
  "dateMillis": 1661011200000,
  "eventDateMillis": 1660492800000,
  "round": "7.3",
  "result": "1-0",
  "white": "Magnus Carlsen",
  "black": "R Praggnanandhaa",
  "isDingWin": true,
  "isDraw": false,
  "isDingBlack": false,
  "moves": [
    "Ke6",
    "Ke4",
    "Nb8",
    "Kd4",
    "Nd7",
    "Bb4",
    "Nb6",
    "b3",
    "Nd5",
    "Bd2",
    "Nf6",
    "e4",
    "Nd7",
    "Bb4",
    "Nf6",
    "e5",
    "Nd5",
    "Bd6",
    "b4",
    "Kc4",
    "a5",
    "Kb5",
    "Nc3+",
    "Kxa5",
    "Nxa2",
    "Ka4",
    "Kd5",
    "Kb5",
    "Ke6",
    "Kc4",
    "Kf5",
    "Kd5",
    "Nc3+",
    "Kc6",
    "Ke6",
    "Kc5",
    "Na2",
    "Kb5",
    "Kd5",
    "Ka4",
    "Ke6",
    "Bxb4",
    "Nc1",
    "Bd6",
    "Kd5",
    "b4",
    "Nd3",
    "b5",
    "Nb2+",
    "Ka5",
    "Nc4+",
    "Ka6"
  ],
  "statePieceCount": 9,
  "endPieceCount": 6,
  "boardState": [
    {
      "square": "a6",
      "type": "p",
      "color": "b"
    },
    {
      "square": "c6",
      "type": "n",
      "color": "b"
    },
    {
      "square": "b5",
      "type": "p",
      "color": "b"
    },
    {
      "square": "f5",
      "type": "k",
      "color": "b"
    },
    {
      "square": "c3",
      "type": "b",
      "color": "w"
    },
    {
      "square": "f3",
      "type": "k",
      "color": "w"
    },
    {
      "square": "a2",
      "type": "p",
      "color": "w"
    },
    {
      "square": "b2",
      "type": "p",
      "color": "w"
    },
    {
      "square": "e2",
      "type": "p",
      "color": "w"
    }
  ]
}