{
  "event": "Russia vs China (Blitz)",
  "site": "Sochi RUS",
  "date": "2009.08.23",
  "eventDate": "2009.08.23",
  "dateMillis": 1250956800000,
  "eventDateMillis": 1250956800000,
  "round": "7",
  "result": "0-1",
  "white": "Ding Liren",
  "black": "Ian Nepomniachtchi",
  "isDingWin": false,
  "isDraw": false,
  "isDingBlack": false,
  "moves": [
    "Rxf4",
    "g3",
    "Rh4+",
    "Kg1",
    "Rh3",
    "g2",
    "Rh4",
    "Rb8"
  ],
  "statePieceCount": 6,
  "endPieceCount": 5,
  "boardState": [
    {
      "square": "c4",
      "type": "r",
      "color": "w"
    },
    {
      "square": "f4",
      "type": "p",
      "color": "b"
    },
    {
      "square": "g4",
      "type": "p",
      "color": "b"
    },
    {
      "square": "b2",
      "type": "r",
      "color": "b"
    },
    {
      "square": "h2",
      "type": "k",
      "color": "b"
    },
    {
      "square": "e1",
      "type": "k",
      "color": "w"
    }
  ],
  "nextTurn": "w"
}