{
  "event": "Hainan Danzhou GM",
  "site": "Danzhou CHN",
  "date": "2011.05.17",
  "eventDate": "2011.05.17",
  "dateMillis": 1305561600000,
  "eventDateMillis": 1305561600000,
  "round": "3",
  "result": "1/2-1/2",
  "white": "Zhou Jianchao",
  "black": "Ding Liren",
  "isDingWin": false,
  "isDraw": true,
  "isDingBlack": true,
  "moves": [
    "Kg3",
    "Rg8+",
    "Kf3",
    "Nc6",
    "Rh4",
    "Kd5",
    "Ke3",
    "Rg2",
    "b4",
    "Rb2",
    "Rh5+",
    "Ne5",
    "Rh4",
    "Rb3+",
    "Kd2",
    "Nf3+",
    "Kc2",
    "Re3",
    "Rh5+",
    "Kc4",
    "Rc5+",
    "Kxb4",
    "Rc8",
    "Ne5",
    "Kd2",
    "Rh3",
    "Ke2",
    "Nd3",
    "Kd2",
    "Nc5",
    "Ke2",
    "Kc4",
    "Kd2",
    "Rh7",
    "Ke3",
    "Re7+",
    "Kf4",
    "Kd4",
    "Rd8+",
    "Nd7",
    "Kf5",
    "Kd5"
  ],
  "statePieceCount": 6,
  "endPieceCount": 5,
  "boardState": [
    {
      "square": "a8",
      "type": "r",
      "color": "b"
    },
    {
      "square": "a7",
      "type": "n",
      "color": "b"
    },
    {
      "square": "d6",
      "type": "k",
      "color": "b"
    },
    {
      "square": "a4",
      "type": "r",
      "color": "w"
    },
    {
      "square": "h3",
      "type": "k",
      "color": "w"
    },
    {
      "square": "b2",
      "type": "p",
      "color": "w"
    }
  ]
}