{
  "event": "Chinese League",
  "site": "Chengdu CHN",
  "date": "2011.05.28",
  "eventDate": "2011.04.12",
  "dateMillis": 1306512000000,
  "eventDateMillis": 1302537600000,
  "round": "6",
  "result": "1/2-1/2",
  "white": "Ding Liren",
  "black": "Ni Hua",
  "isDingWin": false,
  "isDraw": true,
  "isDingBlack": false,
  "moves": [
    "Re3+",
    "Kg4",
    "Rxc3",
    "Kf4",
    "Rd3",
    "Ke4",
    "Rd1",
    "Ra2",
    "Kc5",
    "Rc2+",
    "Kb6",
    "Rb2+",
    "Kc7",
    "Ke3",
    "c5",
    "Rd2"
  ],
  "statePieceCount": 6,
  "endPieceCount": 5,
  "boardState": [
    {
      "square": "c6",
      "type": "p",
      "color": "b"
    },
    {
      "square": "d6",
      "type": "k",
      "color": "b"
    },
    {
      "square": "a5",
      "type": "r",
      "color": "w"
    },
    {
      "square": "c3",
      "type": "p",
      "color": "w"
    },
    {
      "square": "h3",
      "type": "k",
      "color": "w"
    },
    {
      "square": "e2",
      "type": "r",
      "color": "b"
    }
  ]
}