{
  "event": "Chinese Chess Championship",
  "site": "Xinghua CHN",
  "date": "2012.03.28",
  "eventDate": "2012.03.27",
  "dateMillis": 1332864000000,
  "eventDateMillis": 1332777600000,
  "round": "2",
  "result": "1/2-1/2",
  "white": "Yifan Hou",
  "black": "Ding Liren",
  "isDingWin": false,
  "isDraw": true,
  "isDingBlack": true,
  "moves": [
    "Rh4",
    "Nxf6",
    "Kg2",
    "Kf7",
    "Rd4",
    "Ke6",
    "Kf3",
    "Ra3+",
    "Ke2",
    "Nd5",
    "Rh4",
    "Ke5",
    "Rh8",
    "Ke4",
    "Re8+",
    "Kd4",
    "Rd8"
  ],
  "statePieceCount": 6,
  "endPieceCount": 5,
  "boardState": [
    {
      "square": "f8",
      "type": "k",
      "color": "b"
    },
    {
      "square": "h7",
      "type": "r",
      "color": "w"
    },
    {
      "square": "f6",
      "type": "p",
      "color": "w"
    },
    {
      "square": "a5",
      "type": "r",
      "color": "b"
    },
    {
      "square": "e4",
      "type": "n",
      "color": "b"
    },
    {
      "square": "g1",
      "type": "k",
      "color": "w"
    }
  ]
}