{
  "event": "SPICE Cup",
  "site": "St Louis, MO USA",
  "date": "2012.10.13",
  "eventDate": "2012.10.12",
  "dateMillis": 1350057600000,
  "eventDateMillis": 1349971200000,
  "round": "2",
  "result": "1-0",
  "white": "Georg Meier",
  "black": "Ding Liren",
  "isDingWin": false,
  "isDraw": false,
  "isDingBlack": true,
  "moves": [
    "Kg4",
    "a4",
    "Nd5",
    "Kc5",
    "Nc7",
    "Nc3",
    "Kxh4",
    "Nd5",
    "Na6+",
    "Kb5",
    "Nb8",
    "Nb4"
  ],
  "statePieceCount": 6,
  "endPieceCount": 5,
  "boardState": [
    {
      "square": "f6",
      "type": "n",
      "color": "b"
    },
    {
      "square": "b5",
      "type": "k",
      "color": "w"
    },
    {
      "square": "f5",
      "type": "k",
      "color": "b"
    },
    {
      "square": "h4",
      "type": "p",
      "color": "w"
    },
    {
      "square": "a2",
      "type": "p",
      "color": "w"
    },
    {
      "square": "e2",
      "type": "n",
      "color": "w"
    }
  ],
  "nextTurn": "b"
}