{
  "event": "SportAccord World Mind Games (Men's Rapid)",
  "site": "Beijing CHN",
  "date": "2012.12.15",
  "dateMillis": 1355500800000,
  "eventDateMillis": null,
  "round": "6.1",
  "result": "1/2-1/2",
  "white": "Laurent Fressinet",
  "black": "Ding Liren",
  "isDingWin": false,
  "isDraw": true,
  "isDingBlack": true,
  "moves": [
    "f3",
    "Kg4",
    "f2",
    "Ba6",
    "Bg2",
    "Kg3",
    "f1=Q",
    "Bxf1",
    "Bxf1",
    "e6",
    "Kxe6"
  ],
  "statePieceCount": 6,
  "endPieceCount": 3,
  "boardState": [
    {
      "square": "c8",
      "type": "b",
      "color": "w"
    },
    {
      "square": "e7",
      "type": "k",
      "color": "b"
    },
    {
      "square": "e5",
      "type": "p",
      "color": "w"
    },
    {
      "square": "h5",
      "type": "k",
      "color": "w"
    },
    {
      "square": "e4",
      "type": "b",
      "color": "b"
    },
    {
      "square": "f4",
      "type": "p",
      "color": "b"
    }
  ]
}