{
  "event": "Chinese Championship",
  "site": "Xinghua CHN",
  "date": "2014.03.15",
  "eventDate": "2014.03.11",
  "dateMillis": 1394812800000,
  "eventDateMillis": 1394467200000,
  "round": "5",
  "result": "1-0",
  "white": "Yifan Hou",
  "black": "Ding Liren",
  "isDingWin": false,
  "isDraw": false,
  "isDingBlack": true,
  "moves": [
    "Kd2",
    "Kf5",
    "Kxc2",
    "Kxf4",
    "Kb3",
    "Ke5",
    "Kxb4",
    "Kd6",
    "Kb5"
  ],
  "statePieceCount": 6,
  "endPieceCount": 3,
  "boardState": [
    {
      "square": "g6",
      "type": "k",
      "color": "b"
    },
    {
      "square": "b4",
      "type": "p",
      "color": "b"
    },
    {
      "square": "c4",
      "type": "p",
      "color": "w"
    },
    {
      "square": "f4",
      "type": "p",
      "color": "w"
    },
    {
      "square": "e3",
      "type": "k",
      "color": "w"
    },
    {
      "square": "c2",
      "type": "p",
      "color": "b"
    }
  ],
  "nextTurn": "w"
}