{
  "event": "Hainan Danzhou GM",
  "site": "Danzhou CHN",
  "date": "2014.06.26",
  "eventDate": "2014.06.25",
  "dateMillis": 1403712000000,
  "eventDateMillis": 1403625600000,
  "round": "2.5",
  "result": "1/2-1/2",
  "white": "Ding Liren",
  "black": "Arkadij Naiditsch",
  "isDingWin": false,
  "isDraw": true,
  "isDingBlack": false,
  "moves": [
    "h6",
    "Ra3",
    "Kf1",
    "Ra1+",
    "Ke2",
    "g4",
    "h7",
    "Rh1",
    "Ke3",
    "Rh6",
    "Bf5",
    "Rh2",
    "Be4",
    "Rh5",
    "Bg6",
    "Rh6",
    "Bf5",
    "Kh4",
    "Kf4",
    "g3",
    "Kf3",
    "Rh5",
    "Bg6",
    "Rxh7",
    "Bxh7",
    "Kh3",
    "Be4",
    "Kh2",
    "Kg4",
    "g2"
  ],
  "statePieceCount": 6,
  "endPieceCount": 4,
  "boardState": [
    {
      "square": "g6",
      "type": "b",
      "color": "w"
    },
    {
      "square": "g5",
      "type": "p",
      "color": "b"
    },
    {
      "square": "h5",
      "type": "p",
      "color": "w"
    },
    {
      "square": "f3",
      "type": "r",
      "color": "b"
    },
    {
      "square": "g3",
      "type": "k",
      "color": "b"
    },
    {
      "square": "g1",
      "type": "k",
      "color": "w"
    }
  ]
}