{
  "event": "India-China Summit Match",
  "site": "Hyderabad IND",
  "date": "2015.03.03",
  "eventDate": "2015.03.02",
  "dateMillis": 1425312000000,
  "eventDateMillis": 1425225600000,
  "round": "2.1",
  "result": "1/2-1/2",
  "white": "Baskaran Adhiban",
  "black": "Ding Liren",
  "isDingWin": false,
  "isDraw": true,
  "isDingBlack": true,
  "moves": [
    "g3",
    "Rg4",
    "Kd4",
    "f5+",
    "Ke5",
    "Kd2",
    "Kxf5",
    "Rg8",
    "Kf4",
    "Ke2",
    "Ra1",
    "Rg7",
    "Rh1",
    "Rg8",
    "Rg1",
    "Rg7",
    "Ra1"
  ],
  "statePieceCount": 6,
  "endPieceCount": 5,
  "boardState": [
    {
      "square": "c4",
      "type": "k",
      "color": "b"
    },
    {
      "square": "f4",
      "type": "p",
      "color": "w"
    },
    {
      "square": "g4",
      "type": "p",
      "color": "b"
    },
    {
      "square": "h4",
      "type": "r",
      "color": "w"
    },
    {
      "square": "a3",
      "type": "r",
      "color": "b"
    },
    {
      "square": "c1",
      "type": "k",
      "color": "w"
    }
  ]
}