{
  "event": "World Cup",
  "site": "Baku AZE",
  "date": "2015.09.21",
  "eventDate": "2015.09.11",
  "dateMillis": 1442764800000,
  "eventDateMillis": 1441900800000,
  "round": "4.2",
  "result": "1-0",
  "white": "Wei Yi",
  "black": "Ding Liren",
  "isDingWin": false,
  "isDraw": false,
  "isDingBlack": true,
  "moves": [
    "d8=Q+",
    "Kxf5",
    "Qd7+",
    "Kg5",
    "Qe7+",
    "Kg4",
    "Qe4+",
    "Kg3",
    "Qg6+",
    "Kh4",
    "Qb1",
    "Kg5",
    "Kc4",
    "Rb8",
    "Qg1+",
    "Kf5",
    "Qc5+",
    "Kg4",
    "Qd4+",
    "Kf3",
    "Qf6+",
    "Ke4",
    "Qe6+",
    "Kf3",
    "Qf5+"
  ],
  "statePieceCount": 6,
  "endPieceCount": 5,
  "boardState": [
    {
      "square": "d7",
      "type": "p",
      "color": "w"
    },
    {
      "square": "f6",
      "type": "k",
      "color": "b"
    },
    {
      "square": "d5",
      "type": "k",
      "color": "w"
    },
    {
      "square": "f5",
      "type": "p",
      "color": "w"
    },
    {
      "square": "b3",
      "type": "r",
      "color": "b"
    },
    {
      "square": "b2",
      "type": "p",
      "color": "b"
    }
  ],
  "nextTurn": "w"
}