{
  "event": "Bilbao Masters",
  "site": "Bilbao ESP",
  "date": "2015.10.28",
  "eventDate": "2015.10.26",
  "dateMillis": 1445961600000,
  "eventDateMillis": 1445788800000,
  "round": "3.1",
  "result": "1/2-1/2",
  "white": "Ding Liren",
  "black": "Anish Giri",
  "isDingWin": false,
  "isDraw": true,
  "isDingBlack": false,
  "moves": [
    "Kxf4",
    "Rc3",
    "Rg6",
    "Rc4+",
    "Ke5",
    "Rc5+",
    "Kd6",
    "Rc4",
    "Be6",
    "Rd4+",
    "Bd5",
    "Kc3",
    "Ke5",
    "Rd3",
    "Rc6+",
    "Kd2",
    "Be4",
    "Rc3",
    "Rh6",
    "Ke2",
    "Rf6",
    "Ke3",
    "Rf8",
    "Ke2",
    "Kd4",
    "Ra3",
    "Bc2",
    "Rh3",
    "Rg8",
    "Kf3",
    "Be4+",
    "Kf4",
    "Rf8+",
    "Kg5",
    "Ke5",
    "Rg3",
    "Bf3",
    "Kh4",
    "Ke4",
    "Rg7",
    "Rf5",
    "Kg3",
    "Ke3",
    "Rg8",
    "Rh5",
    "Rg7",
    "Be4",
    "Rg8",
    "Rh1",
    "Rg5",
    "Rf1",
    "Kg4",
    "Bf3+",
    "Kf5",
    "Kd4",
    "Ke6",
    "Rh1",
    "Rg6",
    "Be4",
    "Rf6",
    "Rh8",
    "Kd6",
    "Ra8",
    "Ke7",
    "Ra5",
    "Rd6+",
    "Bd5",
    "Kf6",
    "Ra7",
    "Kf5",
    "Re7",
    "Rf6",
    "Re1",
    "Kg5",
    "Be6",
    "Kf4",
    "Re3",
    "Rf8",
    "Bd5",
    "Rf6",
    "Re1",
    "Kf5",
    "Re5+",
    "Kf4",
    "Be6",
    "Kf3",
    "Re3+",
    "Kf4",
    "Re4+",
    "Kf3",
    "Bg4+",
    "Kg3",
    "Ke3",
    "Rg6",
    "Bf3",
    "Rg5",
    "Ra4",
    "Re5+",
    "Be4",
    "Kg4",
    "Ra1",
    "Rg5",
    "Rf1",
    "Kh4",
    "Bf5",
    "Rg3+",
    "Kf4",
    "Rg4+",
    "Ke5",
    "Rg3",
    "Kf6",
    "Ra3",
    "Rg1",
    "Ra4"
  ],
  "statePieceCount": 6,
  "endPieceCount": 5,
  "boardState": [
    {
      "square": "c6",
      "type": "r",
      "color": "b"
    },
    {
      "square": "g5",
      "type": "k",
      "color": "b"
    },
    {
      "square": "b4",
      "type": "k",
      "color": "w"
    },
    {
      "square": "f4",
      "type": "r",
      "color": "w"
    },
    {
      "square": "g4",
      "type": "b",
      "color": "b"
    },
    {
      "square": "g3",
      "type": "r",
      "color": "w"
    }
  ],
  "nextTurn": "b"
}