{
  "event": "IMSA Elite Mind Games (Blitz)",
  "site": "Huai'an CHN",
  "date": "2016.03.01",
  "eventDate": "2016.02.28",
  "dateMillis": 1456761600000,
  "eventDateMillis": 1456588800000,
  "round": "26.2",
  "result": "0-1",
  "white": "Ding Liren",
  "black": "Leinier Dominguez Perez",
  "isDingWin": false,
  "isDraw": false,
  "isDingBlack": false,
  "moves": [
    "Kf3",
    "h4",
    "Bc6",
    "Ke5",
    "Bd7",
    "g4+",
    "Kg2",
    "Kf4",
    "Bc8",
    "Kg5",
    "Bd7",
    "f4",
    "Kf2",
    "f3",
    "Bc6",
    "Kf4",
    "Bd7",
    "h3",
    "Kg1",
    "Kg3",
    "Bb5",
    "h2+",
    "Kh1",
    "Kf2",
    "Bc6",
    "Kg3",
    "Bb5",
    "Kf2",
    "Bc6",
    "Kf1",
    "Kxh2",
    "Kf2",
    "Kh1",
    "g3"
  ],
  "statePieceCount": 6,
  "endPieceCount": 5,
  "boardState": [
    {
      "square": "f6",
      "type": "k",
      "color": "b"
    },
    {
      "square": "d5",
      "type": "b",
      "color": "w"
    },
    {
      "square": "f5",
      "type": "p",
      "color": "b"
    },
    {
      "square": "g5",
      "type": "p",
      "color": "b"
    },
    {
      "square": "h5",
      "type": "p",
      "color": "b"
    },
    {
      "square": "e3",
      "type": "k",
      "color": "w"
    }
  ],
  "nextTurn": "w"
}