{
  "event": "IMSA Elite Mind Games (Blitz)",
  "site": "Huai'an CHN",
  "date": "2016.02.29",
  "eventDate": "2016.02.28",
  "dateMillis": 1456675200000,
  "eventDateMillis": 1456588800000,
  "round": "14.6",
  "result": "0-1",
  "white": "Ding Liren",
  "black": "Vassily Ivanchuk",
  "isDingWin": false,
  "isDraw": false,
  "isDingBlack": false,
  "moves": [
    "Qf7+",
    "Kg4",
    "Qg7+",
    "Kf3",
    "Qxh6",
    "Qe3+",
    "Kc2",
    "Kg2",
    "Qg6+",
    "Kf2",
    "Qh6",
    "Qe4+",
    "Kd2",
    "Qd4+",
    "Kc2",
    "f3",
    "Qh2+",
    "Ke1",
    "Qg3+",
    "Qf2+"
  ],
  "statePieceCount": 6,
  "endPieceCount": 5,
  "boardState": [
    {
      "square": "g7",
      "type": "q",
      "color": "w"
    },
    {
      "square": "h6",
      "type": "p",
      "color": "b"
    },
    {
      "square": "h5",
      "type": "k",
      "color": "b"
    },
    {
      "square": "e4",
      "type": "q",
      "color": "b"
    },
    {
      "square": "f4",
      "type": "p",
      "color": "b"
    },
    {
      "square": "c3",
      "type": "k",
      "color": "w"
    }
  ]
}