{
  "event": "Chess Olympiad",
  "site": "Baku AZE",
  "date": "2016.09.04",
  "eventDate": "2016.09.02",
  "dateMillis": 1472918400000,
  "eventDateMillis": 1472745600000,
  "round": "3.9",
  "result": "1/2-1/2",
  "white": "Ding Liren",
  "black": "Rafael Duailibe Leitao",
  "isDingWin": false,
  "isDraw": true,
  "isDingBlack": false,
  "moves": [
    "Ne6",
    "Rc1+",
    "Kb4",
    "Rb1+",
    "Kc4",
    "Rb5",
    "Nc5",
    "Rxa5",
    "Kb4",
    "Rb5+",
    "Kc4",
    "Ra5",
    "Kb4",
    "Ra8",
    "Nxa4",
    "Kd4",
    "Kb5",
    "Rxa4"
  ],
  "statePieceCount": 6,
  "endPieceCount": 3,
  "boardState": [
    {
      "square": "a5",
      "type": "p",
      "color": "b"
    },
    {
      "square": "a4",
      "type": "p",
      "color": "w"
    },
    {
      "square": "c4",
      "type": "k",
      "color": "b"
    },
    {
      "square": "d4",
      "type": "n",
      "color": "b"
    },
    {
      "square": "e3",
      "type": "k",
      "color": "w"
    },
    {
      "square": "h1",
      "type": "r",
      "color": "w"
    }
  ],
  "nextTurn": "b"
}