{
  "event": "Shenzhen Masters",
  "site": "Shenzhen CHN",
  "date": "2017.03.23",
  "eventDate": "2017.03.23",
  "dateMillis": 1490198400000,
  "eventDateMillis": 1490198400000,
  "round": "1.3",
  "result": "1/2-1/2",
  "white": "Yu Yangyi",
  "black": "Ding Liren",
  "isDingWin": false,
  "isDraw": true,
  "isDingBlack": true,
  "moves": [
    "Qb6+",
    "Kf7",
    "Qd4",
    "Ke6",
    "Qxf4",
    "Qg1+",
    "Kh4",
    "Qg6"
  ],
  "statePieceCount": 6,
  "endPieceCount": 5,
  "boardState": [
    {
      "square": "g6",
      "type": "k",
      "color": "w"
    },
    {
      "square": "b5",
      "type": "q",
      "color": "b"
    },
    {
      "square": "f5",
      "type": "p",
      "color": "b"
    },
    {
      "square": "f4",
      "type": "p",
      "color": "w"
    },
    {
      "square": "g4",
      "type": "k",
      "color": "b"
    },
    {
      "square": "c1",
      "type": "q",
      "color": "w"
    }
  ]
}