{
  "event": "Hainan Danzhou GM",
  "site": "Danzhou CHN",
  "date": "2017.07.18",
  "eventDate": "2017.07.09",
  "dateMillis": 1500307200000,
  "eventDateMillis": 1499529600000,
  "round": "9",
  "result": "1/2-1/2",
  "white": "Ding Liren",
  "black": "Arkadij Naiditsch",
  "isDingWin": false,
  "isDraw": true,
  "isDingBlack": false,
  "moves": [
    "g5",
    "Nf5",
    "Nxg6",
    "Kxg6",
    "Ke4"
  ],
  "statePieceCount": 6,
  "endPieceCount": 4,
  "boardState": [
    {
      "square": "g7",
      "type": "k",
      "color": "b"
    },
    {
      "square": "g6",
      "type": "p",
      "color": "b"
    },
    {
      "square": "e5",
      "type": "n",
      "color": "w"
    },
    {
      "square": "g4",
      "type": "p",
      "color": "w"
    },
    {
      "square": "h4",
      "type": "n",
      "color": "b"
    },
    {
      "square": "d3",
      "type": "k",
      "color": "w"
    }
  ],
  "nextTurn": "w"
}