{
  "event": "Chinese Chess League",
  "site": "China CHN",
  "date": "2017.08.21",
  "eventDate": "2017.04.18",
  "dateMillis": 1503244800000,
  "eventDateMillis": 1492444800000,
  "round": "15.2",
  "result": "1/2-1/2",
  "white": "Ding Liren",
  "black": "Zhihang Xu",
  "isDingWin": false,
  "isDraw": true,
  "isDingBlack": false,
  "moves": [
    "a2",
    "h6",
    "Rh1",
    "h7",
    "Rxh7",
    "Kd3",
    "Ke5"
  ],
  "statePieceCount": 6,
  "endPieceCount": 5,
  "boardState": [
    {
      "square": "a6",
      "type": "r",
      "color": "w"
    },
    {
      "square": "f5",
      "type": "k",
      "color": "b"
    },
    {
      "square": "h5",
      "type": "p",
      "color": "w"
    },
    {
      "square": "a3",
      "type": "p",
      "color": "b"
    },
    {
      "square": "e2",
      "type": "k",
      "color": "w"
    },
    {
      "square": "a1",
      "type": "r",
      "color": "b"
    }
  ],
  "nextTurn": "b"
}