{
  "event": "Champions Showdown: Carlsen - Ding (Rapid)",
  "site": "St Louis, MO USA",
  "date": "2017.11.11",
  "eventDate": "2017.10.21",
  "dateMillis": 1510329600000,
  "eventDateMillis": 1508515200000,
  "round": "2.1",
  "result": "1/2-1/2",
  "white": "Ding Liren",
  "black": "Magnus Carlsen",
  "isDingWin": false,
  "isDraw": true,
  "isDingBlack": false,
  "moves": [
    "Ng3",
    "Kb4",
    "Nxf5",
    "Be8",
    "Kf4",
    "Kc3",
    "Ke3",
    "Bd7",
    "Nd4",
    "Kc4",
    "Ke4",
    "Kc3",
    "Nf3",
    "Bc8",
    "g5",
    "Bd7",
    "Ke3",
    "Bc8",
    "Nd2",
    "Kc2",
    "Ne4",
    "Kd1",
    "Kf2",
    "Kc2",
    "Nd6",
    "Bd7",
    "Nf7",
    "Kd2",
    "Ne5",
    "Bc8"
  ],
  "statePieceCount": 6,
  "endPieceCount": 5,
  "boardState": [
    {
      "square": "g7",
      "type": "p",
      "color": "b"
    },
    {
      "square": "g6",
      "type": "b",
      "color": "w"
    },
    {
      "square": "a5",
      "type": "k",
      "color": "w"
    },
    {
      "square": "f5",
      "type": "p",
      "color": "w"
    },
    {
      "square": "g5",
      "type": "k",
      "color": "b"
    },
    {
      "square": "h5",
      "type": "n",
      "color": "b"
    }
  ]
}