{
  "event": "IMSA Elite Mind Games (Blitz)",
  "site": "?",
  "date": "2017.12.13",
  "dateMillis": 1513094400000,
  "eventDateMillis": null,
  "round": "16.2",
  "result": "1/2-1/2",
  "white": "Yu Yangyi",
  "black": "Ding Liren",
  "isDingWin": false,
  "isDraw": true,
  "isDingBlack": true,
  "moves": [
    "f5",
    "Nc4",
    "f4",
    "Nd2",
    "Ke6",
    "Kc3",
    "Kd5",
    "Kd3",
    "Kc5",
    "Ne4+",
    "Nxe4",
    "Kxe4",
    "Kb4",
    "Kxf4"
  ],
  "statePieceCount": 6,
  "endPieceCount": 3,
  "boardState": [
    {
      "square": "e7",
      "type": "k",
      "color": "b"
    },
    {
      "square": "d6",
      "type": "n",
      "color": "b"
    },
    {
      "square": "f6",
      "type": "p",
      "color": "b"
    },
    {
      "square": "a5",
      "type": "n",
      "color": "w"
    },
    {
      "square": "b4",
      "type": "k",
      "color": "w"
    },
    {
      "square": "b3",
      "type": "p",
      "color": "w"
    }
  ]
}