{
  "event": "World Blitz Championship",
  "site": "Riyadh KSA",
  "date": "2017.12.29",
  "eventDate": "2017.12.29",
  "dateMillis": 1514476800000,
  "eventDateMillis": 1514476800000,
  "round": "9.6",
  "result": "1-0",
  "white": "Ding Liren",
  "black": "Sanan Sjugirov",
  "isDingWin": true,
  "isDraw": false,
  "isDingBlack": false,
  "moves": [
    "axb7",
    "h1=Q",
    "b8=Q",
    "Qb1+",
    "Ka6",
    "Qa2+",
    "Kb7",
    "Qd5+",
    "Ka7",
    "Qa2+",
    "Ra6",
    "Qf2+",
    "Qb6",
    "Qf7+",
    "Qb7",
    "Qf2+",
    "Rb6",
    "Qa2+",
    "Kb8",
    "Qh2+",
    "Qc7",
    "Qh8+",
    "Qc8",
    "Qe5+",
    "Qc7",
    "Qh8+",
    "Kb7",
    "Qh1+",
    "Qc6",
    "Qh7+",
    "Kb8",
    "Qh8+",
    "Ka7",
    "Qa1+",
    "Kb7",
    "Qg7+",
    "Qc7",
    "Qd4",
    "Rb5+",
    "Kg4",
    "Qc8+",
    "Kg3",
    "Qg8+",
    "Kf2",
    "Qf7+",
    "Ke2",
    "Qe6+",
    "Kf2",
    "Rf5+"
  ],
  "statePieceCount": 6,
  "endPieceCount": 5,
  "boardState": [
    {
      "square": "b7",
      "type": "r",
      "color": "b"
    },
    {
      "square": "a6",
      "type": "p",
      "color": "w"
    },
    {
      "square": "b6",
      "type": "r",
      "color": "w"
    },
    {
      "square": "b5",
      "type": "k",
      "color": "w"
    },
    {
      "square": "g5",
      "type": "k",
      "color": "b"
    },
    {
      "square": "h2",
      "type": "p",
      "color": "b"
    }
  ],
  "nextTurn": "w"
}