{
  "event": "Gashimov Memorial",
  "site": "Shamkir AZE",
  "date": "2019.04.08",
  "eventDate": "2019.03.31",
  "dateMillis": 1554652800000,
  "eventDateMillis": 1553961600000,
  "round": "8.4",
  "result": "0-1",
  "white": "Veselin Topalov",
  "black": "Ding Liren",
  "isDingWin": true,
  "isDraw": false,
  "isDingBlack": true,
  "moves": [
    "Kg3",
    "Rh1",
    "Kg2",
    "Rxh2+",
    "Rxh2",
    "Kf6",
    "Kf3",
    "e5",
    "Kf4",
    "e6",
    "Rh6+",
    "Kf7",
    "Kf5",
    "e7",
    "Rh7+",
    "Kf8",
    "Kf6",
    "e8=N+",
    "Kg6",
    "Nd6",
    "Rd7",
    "Ne8",
    "Rf7+",
    "Kg8",
    "Ra7",
    "Kf8",
    "Rd7",
    "Kg8",
    "Rf7",
    "Nd6",
    "Rd7",
    "Ne8",
    "Kf5",
    "Kf8",
    "Kg5",
    "Kg8",
    "Kg6",
    "Kf8",
    "Rf7+",
    "Kg8",
    "Rf1",
    "Ng7",
    "Kf6",
    "Nh5+",
    "Kg5",
    "Ng7",
    "Kg6",
    "Ne8",
    "Rf3",
    "Ng7",
    "Kf6",
    "Nh5+",
    "Ke6",
    "Kh7",
    "Kf5",
    "Ng7+",
    "Kf6",
    "Nh5+",
    "Kg5",
    "Ng7",
    "Rh3+",
    "Kg8",
    "Kf6",
    "Ne8+",
    "Ke6",
    "Ng7+",
    "Ke7",
    "Nf5+",
    "Kf6",
    "Nd6",
    "Rh5",
    "Nf7",
    "Rd5",
    "Nh6",
    "Rd8+",
    "Kh7",
    "Rd7+",
    "Kg8"
  ],
  "statePieceCount": 6,
  "endPieceCount": 4,
  "boardState": [
    {
      "square": "h8",
      "type": "r",
      "color": "b"
    },
    {
      "square": "e5",
      "type": "k",
      "color": "w"
    },
    {
      "square": "e4",
      "type": "p",
      "color": "w"
    },
    {
      "square": "h4",
      "type": "k",
      "color": "b"
    },
    {
      "square": "h2",
      "type": "p",
      "color": "b"
    },
    {
      "square": "b1",
      "type": "r",
      "color": "w"
    }
  ],
  "nextTurn": "b"
}