{
  "event": "Navara - Ding Match",
  "site": "Prague CZE",
  "date": "2019.06.17",
  "eventDate": "2019.06.17",
  "dateMillis": 1560700800000,
  "eventDateMillis": 1560700800000,
  "round": "3",
  "result": "1/2-1/2",
  "white": "David Navara",
  "black": "Ding Liren",
  "isDingWin": false,
  "isDraw": true,
  "isDingBlack": true,
  "moves": [
    "Kxe4",
    "g5",
    "Nf5"
  ],
  "statePieceCount": 6,
  "endPieceCount": 5,
  "boardState": [
    {
      "square": "g6",
      "type": "p",
      "color": "b"
    },
    {
      "square": "h5",
      "type": "p",
      "color": "b"
    },
    {
      "square": "c4",
      "type": "k",
      "color": "b"
    },
    {
      "square": "e4",
      "type": "n",
      "color": "b"
    },
    {
      "square": "h4",
      "type": "n",
      "color": "w"
    },
    {
      "square": "e3",
      "type": "k",
      "color": "w"
    }
  ],
  "nextTurn": "w"
}