{
  "event": "Navara - Ding Match",
  "site": "Prague CZE",
  "date": "2019.06.18",
  "eventDate": "2019.06.17",
  "dateMillis": 1560787200000,
  "eventDateMillis": 1560700800000,
  "round": "4",
  "result": "1/2-1/2",
  "white": "Ding Liren",
  "black": "David Navara",
  "isDingWin": false,
  "isDraw": true,
  "isDingBlack": false,
  "moves": [
    "Kxf6"
  ],
  "statePieceCount": 6,
  "endPieceCount": 5,
  "boardState": [
    {
      "square": "f7",
      "type": "p",
      "color": "b"
    },
    {
      "square": "e6",
      "type": "k",
      "color": "b"
    },
    {
      "square": "f6",
      "type": "p",
      "color": "w"
    },
    {
      "square": "g5",
      "type": "r",
      "color": "w"
    },
    {
      "square": "e3",
      "type": "r",
      "color": "b"
    },
    {
      "square": "h2",
      "type": "k",
      "color": "w"
    }
  ],
  "nextTurn": "b"
}