{
  "event": "GCT St. Louis Rapid & Blitz",
  "site": "St. Louis MO USA",
  "date": "2019.08.12",
  "eventDate": "2019.08.10",
  "dateMillis": 1565539200000,
  "eventDateMillis": 1565366400000,
  "round": "7.4",
  "result": "1/2-1/2",
  "white": "Ding Liren",
  "black": "Sergey Karjakin",
  "isDingWin": false,
  "isDraw": true,
  "isDingBlack": false,
  "moves": [
    "Kxf3"
  ],
  "statePieceCount": 6,
  "endPieceCount": 5,
  "boardState": [
    {
      "square": "e5",
      "type": "r",
      "color": "b"
    },
    {
      "square": "g5",
      "type": "k",
      "color": "b"
    },
    {
      "square": "a4",
      "type": "r",
      "color": "w"
    },
    {
      "square": "f3",
      "type": "p",
      "color": "b"
    },
    {
      "square": "g3",
      "type": "p",
      "color": "w"
    },
    {
      "square": "g2",
      "type": "k",
      "color": "w"
    }
  ]
}