{
  "event": "World Cup",
  "site": "Khanty-Mansiysk RUS",
  "date": "2019.10.04",
  "eventDate": "2019.09.10",
  "dateMillis": 1570118400000,
  "eventDateMillis": 1568044800000,
  "round": "7.9",
  "result": "0-1",
  "white": "Ding Liren",
  "black": "Teimour Radjabov",
  "isDingWin": false,
  "isDraw": false,
  "isDingBlack": false,
  "moves": [
    "Kg2",
    "Nf4+",
    "Kh1",
    "Nh3",
    "Bf3+",
    "Kf4",
    "Kg2",
    "Nf2",
    "Kf1",
    "Kxf3"
  ],
  "statePieceCount": 6,
  "endPieceCount": 5,
  "boardState": [
    {
      "square": "e6",
      "type": "n",
      "color": "b"
    },
    {
      "square": "e4",
      "type": "b",
      "color": "w"
    },
    {
      "square": "g4",
      "type": "k",
      "color": "b"
    },
    {
      "square": "g3",
      "type": "p",
      "color": "b"
    },
    {
      "square": "h2",
      "type": "p",
      "color": "b"
    },
    {
      "square": "f1",
      "type": "k",
      "color": "w"
    }
  ]
}