{
  "event": "World Cup",
  "site": "Khanty-Mansiysk RUS",
  "date": "2019.09.18",
  "eventDate": "2019.09.10",
  "dateMillis": 1568736000000,
  "eventDateMillis": 1568044800000,
  "round": "3.3",
  "result": "1-0",
  "white": "Ding Liren",
  "black": "Alireza Firouzja",
  "isDingWin": true,
  "isDraw": false,
  "isDingBlack": false,
  "moves": [
    "Rd3",
    "Kxa5",
    "Kf5",
    "Ka6",
    "Ke5",
    "a5",
    "Rd7",
    "Rc6",
    "Kd5",
    "Kb6",
    "Rd8",
    "a6",
    "Rb8+",
    "Kc7",
    "Ra8",
    "Kb7"
  ],
  "statePieceCount": 6,
  "endPieceCount": 5,
  "boardState": [
    {
      "square": "a6",
      "type": "k",
      "color": "w"
    },
    {
      "square": "b6",
      "type": "r",
      "color": "w"
    },
    {
      "square": "a5",
      "type": "p",
      "color": "b"
    },
    {
      "square": "g5",
      "type": "k",
      "color": "b"
    },
    {
      "square": "a4",
      "type": "p",
      "color": "w"
    },
    {
      "square": "b3",
      "type": "r",
      "color": "b"
    }
  ]
}