{
  "event": "GCT Kolkata Rapid & Blitz",
  "site": "Kolkata IND",
  "date": "2019.11.22",
  "eventDate": "2019.11.22",
  "dateMillis": 1574352000000,
  "eventDateMillis": 1574352000000,
  "round": "3",
  "result": "1/2-1/2",
  "white": "Ding Liren",
  "black": "Vidit Santosh Gujrathi",
  "isDingWin": false,
  "isDraw": true,
  "isDingBlack": false,
  "moves": [
    "Kb6",
    "Ra8",
    "Kb7",
    "Ra5",
    "Kb6",
    "Rb5+",
    "Ka6",
    "a4",
    "Rh4+",
    "Ka3",
    "Rh3",
    "Rg5",
    "Kb6",
    "a5+",
    "Ka6",
    "Ka4",
    "Rh1",
    "Rg6+",
    "Kb7",
    "a6+",
    "Ka7",
    "b4",
    "Rh5",
    "b5",
    "Rf5",
    "Ka5",
    "Rf8",
    "Rg7+",
    "Kb8",
    "a7+",
    "Ka8",
    "b6",
    "Rf5+",
    "Ka6",
    "Ra5+",
    "Kxa5"
  ],
  "statePieceCount": 6,
  "endPieceCount": 5,
  "boardState": [
    {
      "square": "c7",
      "type": "k",
      "color": "b"
    },
    {
      "square": "a4",
      "type": "r",
      "color": "w"
    },
    {
      "square": "b4",
      "type": "k",
      "color": "w"
    },
    {
      "square": "b3",
      "type": "p",
      "color": "w"
    },
    {
      "square": "a2",
      "type": "p",
      "color": "w"
    },
    {
      "square": "h2",
      "type": "r",
      "color": "b"
    }
  ]
}