{
  "event": "Magnus Carlsen Invitational",
  "site": "chess24.com INT",
  "date": "2020.04.23",
  "eventDate": "2020.04.18",
  "dateMillis": 1587571200000,
  "eventDateMillis": 1587139200000,
  "round": "3.3",
  "result": "1/2-1/2",
  "white": "Maxime Vachier-Lagrave",
  "black": "Ding Liren",
  "isDingWin": false,
  "isDraw": true,
  "isDingBlack": true,
  "moves": [
    "Kc5",
    "a5",
    "Kb5",
    "Kd6",
    "Kxa5",
    "Ke5",
    "f6",
    "Ke6",
    "Kb5",
    "h6",
    "gxh6",
    "Kxf6",
    "h7",
    "Kg7",
    "h8=Q+",
    "Kxh8"
  ],
  "statePieceCount": 6,
  "endPieceCount": 2,
  "boardState": [
    {
      "square": "e7",
      "type": "k",
      "color": "b"
    },
    {
      "square": "h7",
      "type": "p",
      "color": "b"
    },
    {
      "square": "a6",
      "type": "p",
      "color": "b"
    },
    {
      "square": "f5",
      "type": "p",
      "color": "w"
    },
    {
      "square": "g5",
      "type": "p",
      "color": "w"
    },
    {
      "square": "d4",
      "type": "k",
      "color": "w"
    }
  ]
}