{
  "event": "Lindores Abbey Rapid Challenge",
  "site": "chess24.com INT",
  "date": "2020.05.28",
  "eventDate": "2020.05.23",
  "dateMillis": 1590595200000,
  "eventDateMillis": 1590163200000,
  "round": "2.13",
  "result": "1/2-1/2",
  "white": "Daniil Dubov",
  "black": "Ding Liren",
  "isDingWin": false,
  "isDraw": true,
  "isDingBlack": true,
  "moves": [
    "cxd3",
    "Kxd3",
    "Kf6",
    "Kc4",
    "Ke7",
    "Kb5",
    "Kd7",
    "Kxa5",
    "Kc7",
    "Ka6",
    "Kb8",
    "Kb6",
    "Ka8",
    "a5",
    "Kb8",
    "a6",
    "Ka8",
    "a7"
  ],
  "statePieceCount": 6,
  "endPieceCount": 3,
  "boardState": [
    {
      "square": "a5",
      "type": "p",
      "color": "b"
    },
    {
      "square": "g5",
      "type": "k",
      "color": "b"
    },
    {
      "square": "a4",
      "type": "p",
      "color": "w"
    },
    {
      "square": "c4",
      "type": "p",
      "color": "b"
    },
    {
      "square": "e4",
      "type": "k",
      "color": "w"
    },
    {
      "square": "d3",
      "type": "p",
      "color": "w"
    }
  ],
  "nextTurn": "b"
}