{
  "event": "Chessable Masters",
  "site": "chess24.com INT",
  "date": "2020.06.26",
  "eventDate": "2020.06.25",
  "dateMillis": 1593100800000,
  "eventDateMillis": 1593014400000,
  "round": "1.13",
  "result": "1/2-1/2",
  "white": "Ding Liren",
  "black": "Hikaru Nakamura",
  "isDingWin": false,
  "isDraw": true,
  "isDingBlack": false,
  "moves": [
    "Kxe4",
    "c6",
    "g3",
    "c7",
    "g2",
    "c8=Q",
    "g1=Q",
    "Qe6+",
    "Kf3",
    "Qf5+",
    "Ke2",
    "Qc2+",
    "Kf3",
    "Qf5+",
    "Ke2",
    "Qc2+",
    "Kf3",
    "Qf5+"
  ],
  "statePieceCount": 6,
  "endPieceCount": 5,
  "boardState": [
    {
      "square": "b6",
      "type": "k",
      "color": "w"
    },
    {
      "square": "c5",
      "type": "p",
      "color": "w"
    },
    {
      "square": "e5",
      "type": "k",
      "color": "b"
    },
    {
      "square": "e4",
      "type": "b",
      "color": "w"
    },
    {
      "square": "g4",
      "type": "p",
      "color": "b"
    },
    {
      "square": "e3",
      "type": "p",
      "color": "w"
    }
  ]
}