{
  "event": "Goldmoney Asian Rapid",
  "site": "chess24.com INT",
  "date": "2021.07.01",
  "eventDate": "2021.06.26",
  "dateMillis": 1625068800000,
  "eventDateMillis": 1624636800000,
  "round": "2.11",
  "result": "1/2-1/2",
  "white": "Vladislav Artemiev",
  "black": "Ding Liren",
  "isDingWin": false,
  "isDraw": true,
  "isDingBlack": true,
  "moves": [
    "gxf6",
    "Rb8",
    "Re7",
    "Ra8",
    "Re1",
    "Ra7+",
    "Re7",
    "Ra8",
    "Re8",
    "Ra7+",
    "Ke6",
    "Ra6+",
    "Kf5",
    "Ra5+",
    "Ke6",
    "Ra6+",
    "Kf7",
    "Ra7+",
    "Re7",
    "Ra8"
  ],
  "statePieceCount": 6,
  "endPieceCount": 5,
  "boardState": [
    {
      "square": "c8",
      "type": "r",
      "color": "b"
    },
    {
      "square": "a7",
      "type": "r",
      "color": "w"
    },
    {
      "square": "f7",
      "type": "k",
      "color": "w"
    },
    {
      "square": "h7",
      "type": "k",
      "color": "b"
    },
    {
      "square": "f6",
      "type": "p",
      "color": "b"
    },
    {
      "square": "g5",
      "type": "p",
      "color": "w"
    }
  ]
}