{
  "event": "Airthings Masters",
  "site": "Chess24",
  "date": "2022.02.20",
  "eventDate": "2022.02.13",
  "dateMillis": 1645286400000,
  "eventDateMillis": 1644681600000,
  "round": "7.8",
  "result": "1/2-1/2",
  "white": "Ding Liren",
  "black": "Jan-Krzysztof Duda",
  "isDingWin": false,
  "isDraw": true,
  "isDingBlack": false,
  "moves": [
    "Bf7",
    "Kc7",
    "Bh5",
    "Ne5",
    "Kb5",
    "Nc6",
    "Kc5",
    "Nxb4",
    "Kxb4",
    "Kd6",
    "Be2",
    "h5",
    "Bxh5"
  ],
  "statePieceCount": 6,
  "endPieceCount": 3,
  "boardState": [
    {
      "square": "g8",
      "type": "b",
      "color": "w"
    },
    {
      "square": "d6",
      "type": "k",
      "color": "b"
    },
    {
      "square": "h6",
      "type": "p",
      "color": "b"
    },
    {
      "square": "a4",
      "type": "k",
      "color": "w"
    },
    {
      "square": "b4",
      "type": "p",
      "color": "w"
    },
    {
      "square": "g4",
      "type": "n",
      "color": "b"
    }
  ],
  "nextTurn": "w"
}