{
  "event": "Charity Cup",
  "site": "Chess24",
  "date": "2022.03.24",
  "eventDate": "2022.03.19",
  "dateMillis": 1648051200000,
  "eventDateMillis": 1647619200000,
  "round": "2.2",
  "result": "1/2-1/2",
  "white": "Magnus Carlsen",
  "black": "Ding Liren",
  "isDingWin": false,
  "isDraw": true,
  "isDingBlack": true,
  "moves": [
    "Kf4",
    "Rh7",
    "Nd4",
    "a5",
    "Ra1",
    "Rh6",
    "Ke5",
    "a6",
    "Kd5",
    "Rh5+",
    "Kd6",
    "Rh6+",
    "Ne6",
    "Kb5",
    "Rb1+",
    "Ka5",
    "Kc5",
    "Rh5+",
    "Kc6",
    "Rh6",
    "Ra1+",
    "Kb4",
    "Kd5",
    "Rh5+",
    "Kd6",
    "Ra5",
    "Rb1+",
    "Kc3",
    "Nc7",
    "a7",
    "Na8",
    "Kc2",
    "Rb7",
    "Ra3",
    "Rh7",
    "Kc3",
    "Kc6",
    "Ra1",
    "Kb7",
    "Kd2",
    "Nb6",
    "Kc3",
    "Ka8",
    "Kd4",
    "Nc8",
    "Ke4",
    "Nxa7",
    "Kd4",
    "Kb7",
    "Ke4",
    "Nb5",
    "Rb1",
    "Kc6",
    "Rc1+",
    "Kd6",
    "Rc8",
    "Rh4+",
    "Ke3",
    "Kd5",
    "Rd8+",
    "Nd6",
    "Rd7",
    "Ke6",
    "Ra7",
    "Nc4+",
    "Kd3",
    "Ne5+",
    "Ke3",
    "Kf5",
    "Ra5",
    "Re4+",
    "Kd2",
    "Kf4",
    "Ra8",
    "Rc4",
    "Rf8+",
    "Ke4",
    "Re8",
    "Rc7",
    "Kd1",
    "Kd4",
    "Kd2",
    "Ke4",
    "Kd1",
    "Kf4",
    "Kd2",
    "Rc5",
    "Rf8+",
    "Ke4",
    "Re8",
    "Rd5+",
    "Ke2",
    "Rd6",
    "Ke1",
    "Ra6",
    "Kd2",
    "Ra3",
    "Kc2",
    "Kd4",
    "Rd8+",
    "Ke4",
    "Re8",
    "Re3",
    "Kd2",
    "Rd3+",
    "Ke2",
    "Re3+",
    "Kd2",
    "Rd3+",
    "Ke2",
    "Re3+",
    "Kd2"
  ],
  "statePieceCount": 6,
  "endPieceCount": 5,
  "boardState": [
    {
      "square": "a7",
      "type": "r",
      "color": "w"
    },
    {
      "square": "a4",
      "type": "p",
      "color": "w"
    },
    {
      "square": "b4",
      "type": "k",
      "color": "w"
    },
    {
      "square": "g4",
      "type": "k",
      "color": "b"
    },
    {
      "square": "f3",
      "type": "n",
      "color": "b"
    },
    {
      "square": "c1",
      "type": "r",
      "color": "b"
    }
  ]
}