{
  "event": "Chessable Masters",
  "site": "chess24.com INT",
  "date": "2022.05.19",
  "eventDate": "2022.05.19",
  "dateMillis": 1652889600000,
  "eventDateMillis": 1652889600000,
  "round": "4.4",
  "result": "1/2-1/2",
  "white": "Santosh Gujrathi Vidit",
  "black": "Ding Liren",
  "isDingWin": false,
  "isDraw": true,
  "isDingBlack": true,
  "moves": [
    "Rxf2",
    "Kg3",
    "Ra2",
    "Rb5+",
    "Kf6",
    "f4",
    "Ra1",
    "Kg4",
    "Rg1+",
    "Kf3",
    "Rf1+",
    "Kg4",
    "Rg1+",
    "Kf3",
    "Rf1+",
    "Kg4",
    "Rg1+"
  ],
  "statePieceCount": 6,
  "endPieceCount": 5,
  "boardState": [
    {
      "square": "f5",
      "type": "k",
      "color": "b"
    },
    {
      "square": "b3",
      "type": "r",
      "color": "w"
    },
    {
      "square": "f3",
      "type": "p",
      "color": "w"
    },
    {
      "square": "h3",
      "type": "k",
      "color": "w"
    },
    {
      "square": "a2",
      "type": "r",
      "color": "b"
    },
    {
      "square": "f2",
      "type": "b",
      "color": "w"
    }
  ]
}